query,query_id,seed,method,rank,qmof_id,formula,semantic_score,band_gap,band_gap_available,density,density_available,stability_score,graph_score,availability_mask,relevance_score,balance_score,diversity_contribution,final_score,runtime_ms
stable porous MOFs for CO2 adsorption,q1_co2_adsorption,42,SemanticOnly,1,qmof-fe6f735,Co2C58H64N8O12,0.716667,4.292873,True,1.418878739,True,0.7,,1|1|1|1,0.6672850245975401,0.910732090473175,0.0,0.6672850245975401,0.030874999999985775
stable porous MOFs for CO2 adsorption,q1_co2_adsorption,42,SemanticOnly,2,qmof-fd921b0,Co2C16H16N8O8,0.716667,3.390441,True,1.58214776,True,0.7,,1|1|1|1,0.7598757655234476,0.8723204284906387,0.25,0.7598757655234476,0.030874999999985775
stable porous MOFs for CO2 adsorption,q1_co2_adsorption,42,SemanticOnly,3,qmof-f69d443,Co2C40H28N12O8,0.716667,2.877886,True,1.370451155,True,0.7,,1|1|1|1,0.7598757655234476,0.8723204284906387,0.16666666666666666,0.7598757655234476,0.030874999999985775
stable porous MOFs for CO2 adsorption,q1_co2_adsorption,42,SemanticOnly,4,qmof-f47b0d0,Co2C20H16N20,0.716667,4.598984,True,1.747002045,True,0.7,,1|1|1|1,0.6672850245975401,0.910732090473175,0.16666666666666666,0.6672850245975401,0.030874999999985775
stable porous MOFs for CO2 adsorption,q1_co2_adsorption,42,SemanticOnly,5,qmof-f343390,Co2C34H22N6O8,0.716667,3.060735,True,1.790740334,True,0.7,,1|1|1|1,0.7598757655234476,0.8723204284906387,0.15,0.7598757655234476,0.030874999999985775
stable porous MOFs for CO2 adsorption,q1_co2_adsorption,42,WeightedSum,1,qmof-fd921b0,Co2C16H16N8O8,0.716667,3.390441,True,1.58214776,True,0.7,,1|1|1|1,0.7598757655234476,0.8723204284906387,0.0,0.7598757655234476,0.0496670000000865
stable porous MOFs for CO2 adsorption,q1_co2_adsorption,42,WeightedSum,2,qmof-f69d443,Co2C40H28N12O8,0.716667,2.877886,True,1.370451155,True,0.7,,1|1|1|1,0.7598757655234476,0.8723204284906387,0.0,0.7598757655234476,0.0496670000000865
stable porous MOFs for CO2 adsorption,q1_co2_adsorption,42,WeightedSum,3,qmof-f343390,Co2C34H22N6O8,0.716667,3.060735,True,1.790740334,True,0.7,,1|1|1|1,0.7598757655234476,0.8723204284906387,0.0,0.7598757655234476,0.0496670000000865
stable porous MOFs for CO2 adsorption,q1_co2_adsorption,42,WeightedSum,4,qmof-f2d872e,Co2C36H40N8O12,0.716667,3.378082,True,1.334171796,True,0.7,,1|1|1|1,0.7598757655234476,0.8723204284906387,0.0,0.7598757655234476,0.0496670000000865
stable porous MOFs for CO2 adsorption,q1_co2_adsorption,42,WeightedSum,5,qmof-f0c9af4,Co2C50H38N10O12,0.716667,2.642464,True,1.607919854,True,0.7,,1|1|1|1,0.7598757655234476,0.8723204284906387,0.0,0.7598757655234476,0.0496670000000865
stable porous MOFs for CO2 adsorption,q1_co2_adsorption,42,TOPSIS,1,qmof-fd921b0,Co2C16H16N8O8,0.716667,3.390441,True,1.58214776,True,0.7,,1|1|1|1,0.7598757655234476,0.8723204284906387,0.0,0.7598757655234476,1.2213329999999356
stable porous MOFs for CO2 adsorption,q1_co2_adsorption,42,TOPSIS,2,qmof-f69d443,Co2C40H28N12O8,0.716667,2.877886,True,1.370451155,True,0.7,,1|1|1|1,0.7598757655234476,0.8723204284906387,0.0,0.7598757655234476,1.2213329999999356
stable porous MOFs for CO2 adsorption,q1_co2_adsorption,42,TOPSIS,3,qmof-f343390,Co2C34H22N6O8,0.716667,3.060735,True,1.790740334,True,0.7,,1|1|1|1,0.7598757655234476,0.8723204284906387,0.0,0.7598757655234476,1.2213329999999356
stable porous MOFs for CO2 adsorption,q1_co2_adsorption,42,TOPSIS,4,qmof-f2d872e,Co2C36H40N8O12,0.716667,3.378082,True,1.334171796,True,0.7,,1|1|1|1,0.7598757655234476,0.8723204284906387,0.0,0.7598757655234476,1.2213329999999356
stable porous MOFs for CO2 adsorption,q1_co2_adsorption,42,TOPSIS,5,qmof-f0c9af4,Co2C50H38N10O12,0.716667,2.642464,True,1.607919854,True,0.7,,1|1|1|1,0.7598757655234476,0.8723204284906387,0.0,0.7598757655234476,1.2213329999999356
stable porous MOFs for CO2 adsorption,q1_co2_adsorption,42,ParetoCrowding,1,qmof-fd921b0,Co2C16H16N8O8,0.716667,3.390441,True,1.58214776,True,0.7,,1|1|1|1,0.7598757655234476,0.8723204284906387,0.0,0.7598757655234476,185.2711250000001
stable porous MOFs for CO2 adsorption,q1_co2_adsorption,42,ParetoCrowding,2,qmof-f69d443,Co2C40H28N12O8,0.716667,2.877886,True,1.370451155,True,0.7,,1|1|1|1,0.7598757655234476,0.8723204284906387,0.0,0.7598757655234476,185.2711250000001
stable porous MOFs for CO2 adsorption,q1_co2_adsorption,42,ParetoCrowding,3,qmof-f343390,Co2C34H22N6O8,0.716667,3.060735,True,1.790740334,True,0.7,,1|1|1|1,0.7598757655234476,0.8723204284906387,0.0,0.7598757655234476,185.2711250000001
stable porous MOFs for CO2 adsorption,q1_co2_adsorption,42,ParetoCrowding,4,qmof-f2d872e,Co2C36H40N8O12,0.716667,3.378082,True,1.334171796,True,0.7,,1|1|1|1,0.7598757655234476,0.8723204284906387,0.0,0.7598757655234476,185.2711250000001
stable porous MOFs for CO2 adsorption,q1_co2_adsorption,42,ParetoCrowding,5,qmof-f0c9af4,Co2C50H38N10O12,0.716667,2.642464,True,1.607919854,True,0.7,,1|1|1|1,0.7598757655234476,0.8723204284906387,0.0,0.7598757655234476,185.2711250000001
stable porous MOFs for CO2 adsorption,q1_co2_adsorption,42,Random,1,qmof-4324443,Co2C30H22N4O10,0.716667,3.439369,True,1.798488446,True,0.7,,1|1|1|1,0.7598757655234476,0.8723204284906387,0.0,0.7598757655234476,0.04470799999989339
stable porous MOFs for CO2 adsorption,q1_co2_adsorption,42,Random,2,qmof-5533340,Co2C38H20N8O14,0.716667,2.218596,True,1.720487217,True,0.7,,1|1|1|1,0.7598757655234476,0.8723204284906387,0.0,0.7598757655234476,0.04470799999989339
stable porous MOFs for CO2 adsorption,q1_co2_adsorption,42,Random,3,qmof-3c5b84b,Co2C52Cl4H40N8O8,0.716667,3.583374,True,1.606651944,True,0.7,,1|1|1|1,0.6672850245975401,0.910732090473175,0.16666666666666666,0.6672850245975401,0.04470799999989339
stable porous MOFs for CO2 adsorption,q1_co2_adsorption,42,Random,4,qmof-79ff2bd,Co2C40H28N2O14,0.716667,3.222612,True,1.727911851,True,0.7,,1|1|1|1,0.7598757655234476,0.8723204284906387,0.125,0.7598757655234476,0.04470799999989339
stable porous MOFs for CO2 adsorption,q1_co2_adsorption,42,Random,5,qmof-b0a3596,Co2C36H26N4O12,0.716667,3.49187,True,1.704727415,True,0.7,,1|1|1|1,0.7598757655234476,0.8723204284906387,0.1,0.7598757655234476,0.04470799999989339
stable porous MOFs for CO2 adsorption,q1_co2_adsorption,42,MMR,1,qmof-82fb334,Co2C22H16N4O10,0.716667,2.753622,True,1.772529929,True,0.7,,1|1|1|1,0.7598757655234476,0.8723204284906387,0.0,0.7598757655234476,1660.8182089999998
stable porous MOFs for CO2 adsorption,q1_co2_adsorption,42,MMR,2,qmof-6ad2d37,Co2C38H44N4O8,0.716667,4.095506,True,1.496281682,True,0.7,,1|1|1|1,0.6672850245975401,0.910732090473175,0.25,0.6672850245975401,1660.8182089999998
stable porous MOFs for CO2 adsorption,q1_co2_adsorption,42,MMR,3,qmof-51d789e,Co2C16H24O12,0.716667,3.034007,True,1.634350468,True,0.7,,1|1|1|1,0.7598757655234476,0.8723204284906387,0.16666666666666666,0.7598757655234476,1660.8182089999998
stable porous MOFs for CO2 adsorption,q1_co2_adsorption,42,MMR,4,qmof-275dcce,Co2Nd2C32H32N20O12,0.716667,2.684298,True,1.787505544,True,0.7,,1|1|1|1,0.7598757655234476,0.8723204284906387,0.125,0.7598757655234476,1660.8182089999998
stable porous MOFs for CO2 adsorption,q1_co2_adsorption,42,MMR,5,qmof-99810c8,Co2C46H34N4O14,0.716667,2.887718,True,1.652544913,True,0.7,,1|1|1|1,0.7598757655234476,0.8723204284906387,0.1,0.7598757655234476,1660.8182089999998
stable porous MOFs for CO2 adsorption,q1_co2_adsorption,42,LEA,1,qmof-c8f0292,Co2C44H48N12O12,0.716667,3.494605,True,1.602088418,True,0.7,,1|1|1|1,0.7598757655234476,0.8723204284906387,0.0,0.8596077576279639,91.98058299999978
stable porous MOFs for CO2 adsorption,q1_co2_adsorption,42,LEA,2,qmof-b0a3596,Co2C36H26N4O12,0.716667,3.49187,True,1.704727415,True,0.7,,1|1|1|1,0.7598757655234476,0.8723204284906387,0.0,0.8596077576279639,91.98058299999978
stable porous MOFs for CO2 adsorption,q1_co2_adsorption,42,LEA,3,qmof-c631f72,Co2C42H28N8O16,0.716667,3.280036,True,1.65313731,True,0.7,,1|1|1|1,0.7598757655234476,0.8723204284906387,0.0,0.8596077576279639,91.98058299999978
stable porous MOFs for CO2 adsorption,q1_co2_adsorption,42,LEA,4,qmof-b2fddf8,Co2C40H28N4O14S2,0.716667,2.966635,True,1.64642024,True,0.7,,1|1|1|1,0.7598757655234476,0.8723204284906387,0.0,0.8596077576279639,91.98058299999978
stable porous MOFs for CO2 adsorption,q1_co2_adsorption,42,LEA,5,qmof-26c54ef,Co2C32H24N4O8,0.716667,2.825171,True,1.504454446,True,0.7,,1|1|1|1,0.7598757655234476,0.8723204284906387,0.0,0.8596077576279639,91.98058299999978
stable porous MOFs for CO2 adsorption,q1_co2_adsorption,42,LEA no diversity,1,qmof-c8f0292,Co2C44H48N12O12,0.716667,3.494605,True,1.602088418,True,0.7,,1|1|1|1,0.7598757655234476,0.8723204284906387,0.0,0.847107757627964,90.87137500000031
stable porous MOFs for CO2 adsorption,q1_co2_adsorption,42,LEA no diversity,2,qmof-b0a3596,Co2C36H26N4O12,0.716667,3.49187,True,1.704727415,True,0.7,,1|1|1|1,0.7598757655234476,0.8723204284906387,0.0,0.847107757627964,90.87137500000031
stable porous MOFs for CO2 adsorption,q1_co2_adsorption,42,LEA no diversity,3,qmof-c631f72,Co2C42H28N8O16,0.716667,3.280036,True,1.65313731,True,0.7,,1|1|1|1,0.7598757655234476,0.8723204284906387,0.0,0.847107757627964,90.87137500000031
stable porous MOFs for CO2 adsorption,q1_co2_adsorption,42,LEA no diversity,4,qmof-b2fddf8,Co2C40H28N4O14S2,0.716667,2.966635,True,1.64642024,True,0.7,,1|1|1|1,0.7598757655234476,0.8723204284906387,0.0,0.847107757627964,90.87137500000031
stable porous MOFs for CO2 adsorption,q1_co2_adsorption,42,LEA no diversity,5,qmof-26c54ef,Co2C32H24N4O8,0.716667,2.825171,True,1.504454446,True,0.7,,1|1|1|1,0.7598757655234476,0.8723204284906387,0.0,0.847107757627964,90.87137500000031
stable porous MOFs for CO2 adsorption,q1_co2_adsorption,42,LEA no self-cleaning,1,qmof-c8f0292,Co2C44H48N12O12,0.716667,3.494605,True,1.602088418,True,0.7,,1|1|1|1,0.7598757655234476,0.8723204284906387,0.0,0.8596077576279639,90.93720799999971
stable porous MOFs for CO2 adsorption,q1_co2_adsorption,42,LEA no self-cleaning,2,qmof-b0a3596,Co2C36H26N4O12,0.716667,3.49187,True,1.704727415,True,0.7,,1|1|1|1,0.7598757655234476,0.8723204284906387,0.0,0.8596077576279639,90.93720799999971
stable porous MOFs for CO2 adsorption,q1_co2_adsorption,42,LEA no self-cleaning,3,qmof-c631f72,Co2C42H28N8O16,0.716667,3.280036,True,1.65313731,True,0.7,,1|1|1|1,0.7598757655234476,0.8723204284906387,0.0,0.8596077576279639,90.93720799999971
stable porous MOFs for CO2 adsorption,q1_co2_adsorption,42,LEA no self-cleaning,4,qmof-b2fddf8,Co2C40H28N4O14S2,0.716667,2.966635,True,1.64642024,True,0.7,,1|1|1|1,0.7598757655234476,0.8723204284906387,0.0,0.8596077576279639,90.93720799999971
stable porous MOFs for CO2 adsorption,q1_co2_adsorption,42,LEA no self-cleaning,5,qmof-26c54ef,Co2C32H24N4O8,0.716667,2.825171,True,1.504454446,True,0.7,,1|1|1|1,0.7598757655234476,0.8723204284906387,0.0,0.8596077576279639,90.93720799999971
stable porous MOFs for CO2 adsorption,q1_co2_adsorption,42,GraphSAGE only,1,qmof-ec84fcf,Co2C20H16N28,0.716667,2.596155,True,1.767424228,True,0.7,0.294716,1|1|1|1,0.7598757655234476,0.8723204284906387,0.0,0.7598757655234476,0.038875000000437865
stable porous MOFs for CO2 adsorption,q1_co2_adsorption,42,GraphSAGE only,2,qmof-fd921b0,Co2C16H16N8O8,0.716667,3.390441,True,1.58214776,True,0.7,0.289339,1|1|1|1,0.7598757655234476,0.8723204284906387,0.002404665108770132,0.7598757655234476,0.038875000000437865
stable porous MOFs for CO2 adsorption,q1_co2_adsorption,42,GraphSAGE only,3,qmof-275dcce,Co2Nd2C32H32N20O12,0.716667,2.684298,True,1.787505544,True,0.7,0.273937,1|1|1|1,0.7598757655234476,0.8723204284906387,0.006195104991396268,0.7598757655234476,0.038875000000437865
stable porous MOFs for CO2 adsorption,q1_co2_adsorption,42,GraphSAGE only,4,qmof-0ea1d91,Co2C16H12N8O4,0.716667,3.489909,True,1.78772833,True,0.7,0.270682,1|1|1|1,0.7598757655234476,0.8723204284906387,0.006522163147261987,0.7598757655234476,0.038875000000437865
stable porous MOFs for CO2 adsorption,q1_co2_adsorption,42,GraphSAGE only,5,qmof-f69d443,Co2C40H28N12O8,0.716667,2.877886,True,1.370451155,True,0.7,0.268327,1|1|1|1,0.7598757655234476,0.8723204284906387,0.006389341072645038,0.7598757655234476,0.038875000000437865
stable porous MOFs for CO2 adsorption,q1_co2_adsorption,42,GAT only,1,qmof-fd921b0,Co2C16H16N8O8,0.716667,3.390441,True,1.58214776,True,0.7,0.516542,1|1|1|1,0.7598757655234476,0.8723204284906387,0.0,0.7598757655234476,0.036249999999959925
stable porous MOFs for CO2 adsorption,q1_co2_adsorption,42,GAT only,2,qmof-ec84fcf,Co2C20H16N28,0.716667,2.596155,True,1.767424228,True,0.7,0.499851,1|1|1|1,0.7598757655234476,0.8723204284906387,0.007464454974979162,0.7598757655234476,0.036249999999959925
stable porous MOFs for CO2 adsorption,q1_co2_adsorption,42,GAT only,3,qmof-0ea1d91,Co2C16H12N8O4,0.716667,3.489909,True,1.78772833,True,0.7,0.497662,1|1|1|1,0.7598757655234476,0.8723204284906387,0.005628931452520192,0.7598757655234476,0.036249999999959925
stable porous MOFs for CO2 adsorption,q1_co2_adsorption,42,GAT only,4,qmof-403e9cb,Co2C24H32N4O18,0.716667,3.469655,True,1.697328907,True,0.7,0.487096,1|1|1|1,0.7598757655234476,0.8723204284906387,0.006747484110140552,0.7598757655234476,0.036249999999959925
stable porous MOFs for CO2 adsorption,q1_co2_adsorption,42,GAT only,5,qmof-71748b1,Co2C34H26N10O10S6,0.716667,3.369053,True,1.740750274,True,0.7,0.486528,1|1|1|1,0.7598757655234476,0.8723204284906387,0.006509908856241964,0.7598757655234476,0.036249999999959925
stable porous MOFs for CO2 adsorption,q1_co2_adsorption,42,LEA + GraphSAGE,1,qmof-275dcce,Co2Nd2C32H32N20O12,0.716667,2.684298,True,1.787505544,True,0.7,0.273937,1|1|1|1,0.7598757655234476,0.8723204284906387,0.0,0.7637722879648209,98.5345409999998
stable porous MOFs for CO2 adsorption,q1_co2_adsorption,42,LEA + GraphSAGE,2,qmof-f69d443,Co2C40H28N12O8,0.716667,2.877886,True,1.370451155,True,0.7,0.268327,1|1|1|1,0.7598757655234476,0.8723204284906387,0.0025088635738939047,0.7627351641654968,98.5345409999998
stable porous MOFs for CO2 adsorption,q1_co2_adsorption,42,LEA + GraphSAGE,3,qmof-68234b7,Co2C30H32N2O14,0.716667,3.266102,True,1.399169923,True,0.7,0.262562,1|1|1|1,0.7598757655234476,0.8723204284906387,0.003391363968451818,0.7616688579320907,98.5345409999998
stable porous MOFs for CO2 adsorption,q1_co2_adsorption,42,LEA + GraphSAGE,4,qmof-334586a,Co2C28H20N16S4,0.716667,3.172952,True,1.76521634,True,0.7,0.259037,1|1|1|1,0.7598757655234476,0.8723204284906387,0.003761438187211752,0.761016596853733,98.5345409999998
stable porous MOFs for CO2 adsorption,q1_co2_adsorption,42,LEA + GraphSAGE,5,qmof-403e9cb,Co2C24H32N4O18,0.716667,3.469655,True,1.697328907,True,0.7,0.25895,1|1|1|1,0.7598757655234476,0.8723204284906387,0.003511878401332069,0.761000494658947,98.5345409999998
stable porous MOFs for CO2 adsorption,q1_co2_adsorption,42,LEA + GAT,1,qmof-403e9cb,Co2C24H32N4O18,0.716667,3.469655,True,1.697328907,True,0.7,0.487096,1|1|1|1,0.7598757655234476,0.8723204284906387,0.0,0.8026215642690658,93.84870899999997
stable porous MOFs for CO2 adsorption,q1_co2_adsorption,42,LEA + GAT,2,qmof-334586a,Co2C28H20N16S4,0.716667,3.172952,True,1.76521634,True,0.7,0.47148,1|1|1|1,0.7598757655234476,0.8723204284906387,0.00698368763551116,0.7998268008232117,93.84870899999997
stable porous MOFs for CO2 adsorption,q1_co2_adsorption,42,LEA + GAT,3,qmof-c0d0be0,Co2C28H20N4O12,0.716667,3.369652,True,1.717539182,True,0.7,0.46756,1|1|1|1,0.7598757655234476,0.8723204284906387,0.005824515557227035,0.7991235226392746,93.84870899999997
stable porous MOFs for CO2 adsorption,q1_co2_adsorption,42,LEA + GAT,4,qmof-9a1ecbc,Co2C28Cl4H24N8S6,0.716667,3.409833,True,1.797370089,True,0.7,0.467254,1|1|1|1,0.7598757655234476,0.8723204284906387,0.004728986876822698,0.7990686014294625,93.84870899999997
stable porous MOFs for CO2 adsorption,q1_co2_adsorption,42,LEA + GAT,5,qmof-d8703ab,Co2C24H24N8O8,0.716667,3.365559,True,1.778550968,True,0.7,0.463501,1|1|1|1,0.7598757655234476,0.8723204284906387,0.004598787750001066,0.7983945980668068,93.84870899999997
stable porous MOFs for CO2 adsorption,q1_co2_adsorption,43,SemanticOnly,1,qmof-fe6f735,Co2C58H64N8O12,0.716667,4.292873,True,1.418878739,True,0.7,,1|1|1|1,0.6672850245975401,0.910732090473175,0.0,0.6672850245975401,0.04450000000044696
stable porous MOFs for CO2 adsorption,q1_co2_adsorption,43,SemanticOnly,2,qmof-fd921b0,Co2C16H16N8O8,0.716667,3.390441,True,1.58214776,True,0.7,,1|1|1|1,0.7598757655234476,0.8723204284906387,0.25,0.7598757655234476,0.04450000000044696
stable porous MOFs for CO2 adsorption,q1_co2_adsorption,43,SemanticOnly,3,qmof-f771839,Co2C38H40N8O8,0.716667,4.295336,True,1.401927433,True,0.7,,1|1|1|1,0.6672850245975401,0.910732090473175,0.16666666666666666,0.6672850245975401,0.04450000000044696
stable porous MOFs for CO2 adsorption,q1_co2_adsorption,43,SemanticOnly,4,qmof-f69d443,Co2C40H28N12O8,0.716667,2.877886,True,1.370451155,True,0.7,,1|1|1|1,0.7598757655234476,0.8723204284906387,0.16666666666666666,0.7598757655234476,0.04450000000044696
stable porous MOFs for CO2 adsorption,q1_co2_adsorption,43,SemanticOnly,5,qmof-f343390,Co2C34H22N6O8,0.716667,3.060735,True,1.790740334,True,0.7,,1|1|1|1,0.7598757655234476,0.8723204284906387,0.15,0.7598757655234476,0.04450000000044696
stable porous MOFs for CO2 adsorption,q1_co2_adsorption,43,WeightedSum,1,qmof-fd921b0,Co2C16H16N8O8,0.716667,3.390441,True,1.58214776,True,0.7,,1|1|1|1,0.7598757655234476,0.8723204284906387,0.0,0.7598757655234476,0.050166000000295696
stable porous MOFs for CO2 adsorption,q1_co2_adsorption,43,WeightedSum,2,qmof-f69d443,Co2C40H28N12O8,0.716667,2.877886,True,1.370451155,True,0.7,,1|1|1|1,0.7598757655234476,0.8723204284906387,0.0,0.7598757655234476,0.050166000000295696
stable porous MOFs for CO2 adsorption,q1_co2_adsorption,43,WeightedSum,3,qmof-f343390,Co2C34H22N6O8,0.716667,3.060735,True,1.790740334,True,0.7,,1|1|1|1,0.7598757655234476,0.8723204284906387,0.0,0.7598757655234476,0.050166000000295696
stable porous MOFs for CO2 adsorption,q1_co2_adsorption,43,WeightedSum,4,qmof-f2d872e,Co2C36H40N8O12,0.716667,3.378082,True,1.334171796,True,0.7,,1|1|1|1,0.7598757655234476,0.8723204284906387,0.0,0.7598757655234476,0.050166000000295696
stable porous MOFs for CO2 adsorption,q1_co2_adsorption,43,WeightedSum,5,qmof-f0c9af4,Co2C50H38N10O12,0.716667,2.642464,True,1.607919854,True,0.7,,1|1|1|1,0.7598757655234476,0.8723204284906387,0.0,0.7598757655234476,0.050166000000295696
stable porous MOFs for CO2 adsorption,q1_co2_adsorption,43,TOPSIS,1,qmof-fd921b0,Co2C16H16N8O8,0.716667,3.390441,True,1.58214776,True,0.7,,1|1|1|1,0.7598757655234476,0.8723204284906387,0.0,0.7598757655234476,1.1609579999998232
stable porous MOFs for CO2 adsorption,q1_co2_adsorption,43,TOPSIS,2,qmof-f69d443,Co2C40H28N12O8,0.716667,2.877886,True,1.370451155,True,0.7,,1|1|1|1,0.7598757655234476,0.8723204284906387,0.0,0.7598757655234476,1.1609579999998232
stable porous MOFs for CO2 adsorption,q1_co2_adsorption,43,TOPSIS,3,qmof-f343390,Co2C34H22N6O8,0.716667,3.060735,True,1.790740334,True,0.7,,1|1|1|1,0.7598757655234476,0.8723204284906387,0.0,0.7598757655234476,1.1609579999998232
stable porous MOFs for CO2 adsorption,q1_co2_adsorption,43,TOPSIS,4,qmof-f2d872e,Co2C36H40N8O12,0.716667,3.378082,True,1.334171796,True,0.7,,1|1|1|1,0.7598757655234476,0.8723204284906387,0.0,0.7598757655234476,1.1609579999998232
stable porous MOFs for CO2 adsorption,q1_co2_adsorption,43,TOPSIS,5,qmof-f0c9af4,Co2C50H38N10O12,0.716667,2.642464,True,1.607919854,True,0.7,,1|1|1|1,0.7598757655234476,0.8723204284906387,0.0,0.7598757655234476,1.1609579999998232
stable porous MOFs for CO2 adsorption,q1_co2_adsorption,43,ParetoCrowding,1,qmof-fd921b0,Co2C16H16N8O8,0.716667,3.390441,True,1.58214776,True,0.7,,1|1|1|1,0.7598757655234476,0.8723204284906387,0.0,0.7598757655234476,182.02954200000045
stable porous MOFs for CO2 adsorption,q1_co2_adsorption,43,ParetoCrowding,2,qmof-f69d443,Co2C40H28N12O8,0.716667,2.877886,True,1.370451155,True,0.7,,1|1|1|1,0.7598757655234476,0.8723204284906387,0.0,0.7598757655234476,182.02954200000045
stable porous MOFs for CO2 adsorption,q1_co2_adsorption,43,ParetoCrowding,3,qmof-f343390,Co2C34H22N6O8,0.716667,3.060735,True,1.790740334,True,0.7,,1|1|1|1,0.7598757655234476,0.8723204284906387,0.0,0.7598757655234476,182.02954200000045
stable porous MOFs for CO2 adsorption,q1_co2_adsorption,43,ParetoCrowding,4,qmof-f2d872e,Co2C36H40N8O12,0.716667,3.378082,True,1.334171796,True,0.7,,1|1|1|1,0.7598757655234476,0.8723204284906387,0.0,0.7598757655234476,182.02954200000045
stable porous MOFs for CO2 adsorption,q1_co2_adsorption,43,ParetoCrowding,5,qmof-f0c9af4,Co2C50H38N10O12,0.716667,2.642464,True,1.607919854,True,0.7,,1|1|1|1,0.7598757655234476,0.8723204284906387,0.0,0.7598757655234476,182.02954200000045
stable porous MOFs for CO2 adsorption,q1_co2_adsorption,43,Random,1,qmof-57e6787,Co2C34H28N4O8,0.716667,3.298084,True,1.718108992,True,0.7,,1|1|1|1,0.7598757655234476,0.8723204284906387,0.0,0.7598757655234476,0.04266699999977419
stable porous MOFs for CO2 adsorption,q1_co2_adsorption,43,Random,2,qmof-c49d30b,Co2C36H28N24,0.716667,4.041136,True,1.711108729,True,0.7,,1|1|1|1,0.6672850245975401,0.910732090473175,0.25,0.6672850245975401,0.04266699999977419
stable porous MOFs for CO2 adsorption,q1_co2_adsorption,43,Random,3,qmof-8fe6d7b,Co2C30H28N4O8,0.716667,3.035327,True,1.652852163,True,0.7,,1|1|1|1,0.7598757655234476,0.8723204284906387,0.16666666666666666,0.7598757655234476,0.04266699999977419
stable porous MOFs for CO2 adsorption,q1_co2_adsorption,43,Random,4,qmof-0ea1d91,Co2C16H12N8O4,0.716667,3.489909,True,1.78772833,True,0.7,,1|1|1|1,0.7598757655234476,0.8723204284906387,0.125,0.7598757655234476,0.04266699999977419
stable porous MOFs for CO2 adsorption,q1_co2_adsorption,43,Random,5,qmof-54f7ee7,Co2K2C48H44N4O6,0.716667,1.505111,True,1.497174385,True,0.7,,1|1|1|1,0.7598757655234476,0.8723204284906387,0.1,0.7598757655234476,0.04266699999977419
stable porous MOFs for CO2 adsorption,q1_co2_adsorption,43,MMR,1,qmof-54f7ee7,Co2K2C48H44N4O6,0.716667,1.505111,True,1.497174385,True,0.7,,1|1|1|1,0.7598757655234476,0.8723204284906387,0.0,0.7598757655234476,1663.1734999999992
stable porous MOFs for CO2 adsorption,q1_co2_adsorption,43,MMR,2,qmof-c49d30b,Co2C36H28N24,0.716667,4.041136,True,1.711108729,True,0.7,,1|1|1|1,0.6672850245975401,0.910732090473175,0.25,0.6672850245975401,1663.1734999999992
stable porous MOFs for CO2 adsorption,q1_co2_adsorption,43,MMR,3,qmof-334586a,Co2C28H20N16S4,0.716667,3.172952,True,1.76521634,True,0.7,,1|1|1|1,0.7598757655234476,0.8723204284906387,0.16666666666666666,0.7598757655234476,1663.1734999999992
stable porous MOFs for CO2 adsorption,q1_co2_adsorption,43,MMR,4,qmof-d8703ab,Co2C24H24N8O8,0.716667,3.365559,True,1.778550968,True,0.7,,1|1|1|1,0.7598757655234476,0.8723204284906387,0.125,0.7598757655234476,1663.1734999999992
stable porous MOFs for CO2 adsorption,q1_co2_adsorption,43,MMR,5,qmof-ec84fcf,Co2C20H16N28,0.716667,2.596155,True,1.767424228,True,0.7,,1|1|1|1,0.7598757655234476,0.8723204284906387,0.1,0.7598757655234476,1663.1734999999992
stable porous MOFs for CO2 adsorption,q1_co2_adsorption,43,LEA,1,qmof-d976696,Co2C40H30N10O12S4,0.716667,2.509891,True,1.731777887,True,0.7,,1|1|1|1,0.7598757655234476,0.8723204284906387,0.0,0.8596077576279639,96.10029099999994
stable porous MOFs for CO2 adsorption,q1_co2_adsorption,43,LEA,2,qmof-71748b1,Co2C34H26N10O10S6,0.716667,3.369053,True,1.740750274,True,0.7,,1|1|1|1,0.7598757655234476,0.8723204284906387,0.0,0.8596077576279639,96.10029099999994
stable porous MOFs for CO2 adsorption,q1_co2_adsorption,43,LEA,3,qmof-b2bccba,Co2C42H32N4O12,0.716667,2.789533,True,1.669649743,True,0.7,,1|1|1|1,0.7598757655234476,0.8723204284906387,0.0,0.8596077576279639,96.10029099999994
stable porous MOFs for CO2 adsorption,q1_co2_adsorption,43,LEA,4,qmof-eb2e363,Co2C44H38N10O8,0.716667,3.122668,True,1.557914602,True,0.7,,1|1|1|1,0.7598757655234476,0.8723204284906387,0.0,0.8596077576279639,96.10029099999994
stable porous MOFs for CO2 adsorption,q1_co2_adsorption,43,LEA,5,qmof-1f0ad0a,Co2C44H40N4O16,0.716667,3.426973,True,1.656576851,True,0.7,,1|1|1|1,0.7598757655234476,0.8723204284906387,0.0,0.8596077576279639,96.10029099999994
stable porous MOFs for CO2 adsorption,q1_co2_adsorption,43,LEA no diversity,1,qmof-d976696,Co2C40H30N10O12S4,0.716667,2.509891,True,1.731777887,True,0.7,,1|1|1|1,0.7598757655234476,0.8723204284906387,0.0,0.847107757627964,91.13554099999988
stable porous MOFs for CO2 adsorption,q1_co2_adsorption,43,LEA no diversity,2,qmof-71748b1,Co2C34H26N10O10S6,0.716667,3.369053,True,1.740750274,True,0.7,,1|1|1|1,0.7598757655234476,0.8723204284906387,0.0,0.847107757627964,91.13554099999988
stable porous MOFs for CO2 adsorption,q1_co2_adsorption,43,LEA no diversity,3,qmof-b2bccba,Co2C42H32N4O12,0.716667,2.789533,True,1.669649743,True,0.7,,1|1|1|1,0.7598757655234476,0.8723204284906387,0.0,0.847107757627964,91.13554099999988
stable porous MOFs for CO2 adsorption,q1_co2_adsorption,43,LEA no diversity,4,qmof-eb2e363,Co2C44H38N10O8,0.716667,3.122668,True,1.557914602,True,0.7,,1|1|1|1,0.7598757655234476,0.8723204284906387,0.0,0.847107757627964,91.13554099999988
stable porous MOFs for CO2 adsorption,q1_co2_adsorption,43,LEA no diversity,5,qmof-1f0ad0a,Co2C44H40N4O16,0.716667,3.426973,True,1.656576851,True,0.7,,1|1|1|1,0.7598757655234476,0.8723204284906387,0.0,0.847107757627964,91.13554099999988
stable porous MOFs for CO2 adsorption,q1_co2_adsorption,43,LEA no self-cleaning,1,qmof-d976696,Co2C40H30N10O12S4,0.716667,2.509891,True,1.731777887,True,0.7,,1|1|1|1,0.7598757655234476,0.8723204284906387,0.0,0.8596077576279639,91.78204200000017
stable porous MOFs for CO2 adsorption,q1_co2_adsorption,43,LEA no self-cleaning,2,qmof-71748b1,Co2C34H26N10O10S6,0.716667,3.369053,True,1.740750274,True,0.7,,1|1|1|1,0.7598757655234476,0.8723204284906387,0.0,0.8596077576279639,91.78204200000017
stable porous MOFs for CO2 adsorption,q1_co2_adsorption,43,LEA no self-cleaning,3,qmof-b2bccba,Co2C42H32N4O12,0.716667,2.789533,True,1.669649743,True,0.7,,1|1|1|1,0.7598757655234476,0.8723204284906387,0.0,0.8596077576279639,91.78204200000017
stable porous MOFs for CO2 adsorption,q1_co2_adsorption,43,LEA no self-cleaning,4,qmof-eb2e363,Co2C44H38N10O8,0.716667,3.122668,True,1.557914602,True,0.7,,1|1|1|1,0.7598757655234476,0.8723204284906387,0.0,0.8596077576279639,91.78204200000017
stable porous MOFs for CO2 adsorption,q1_co2_adsorption,43,LEA no self-cleaning,5,qmof-1f0ad0a,Co2C44H40N4O16,0.716667,3.426973,True,1.656576851,True,0.7,,1|1|1|1,0.7598757655234476,0.8723204284906387,0.0,0.8596077576279639,91.78204200000017
stable porous MOFs for CO2 adsorption,q1_co2_adsorption,43,GraphSAGE only,1,qmof-ec84fcf,Co2C20H16N28,0.716667,2.596155,True,1.767424228,True,0.7,0.294716,1|1|1|1,0.7598757655234476,0.8723204284906387,0.0,0.7598757655234476,0.04233399999975518
stable porous MOFs for CO2 adsorption,q1_co2_adsorption,43,GraphSAGE only,2,qmof-fd921b0,Co2C16H16N8O8,0.716667,3.390441,True,1.58214776,True,0.7,0.289339,1|1|1|1,0.7598757655234476,0.8723204284906387,0.002404665108770132,0.7598757655234476,0.04233399999975518
stable porous MOFs for CO2 adsorption,q1_co2_adsorption,43,GraphSAGE only,3,qmof-275dcce,Co2Nd2C32H32N20O12,0.716667,2.684298,True,1.787505544,True,0.7,0.273937,1|1|1|1,0.7598757655234476,0.8723204284906387,0.006195104991396268,0.7598757655234476,0.04233399999975518
stable porous MOFs for CO2 adsorption,q1_co2_adsorption,43,GraphSAGE only,4,qmof-0ea1d91,Co2C16H12N8O4,0.716667,3.489909,True,1.78772833,True,0.7,0.270682,1|1|1|1,0.7598757655234476,0.8723204284906387,0.006522163147261987,0.7598757655234476,0.04233399999975518
stable porous MOFs for CO2 adsorption,q1_co2_adsorption,43,GraphSAGE only,5,qmof-f69d443,Co2C40H28N12O8,0.716667,2.877886,True,1.370451155,True,0.7,0.268327,1|1|1|1,0.7598757655234476,0.8723204284906387,0.006389341072645038,0.7598757655234476,0.04233399999975518
stable porous MOFs for CO2 adsorption,q1_co2_adsorption,43,GAT only,1,qmof-fd921b0,Co2C16H16N8O8,0.716667,3.390441,True,1.58214776,True,0.7,0.516542,1|1|1|1,0.7598757655234476,0.8723204284906387,0.0,0.7598757655234476,0.039917000000500025
stable porous MOFs for CO2 adsorption,q1_co2_adsorption,43,GAT only,2,qmof-ec84fcf,Co2C20H16N28,0.716667,2.596155,True,1.767424228,True,0.7,0.499851,1|1|1|1,0.7598757655234476,0.8723204284906387,0.007464454974979162,0.7598757655234476,0.039917000000500025
stable porous MOFs for CO2 adsorption,q1_co2_adsorption,43,GAT only,3,qmof-0ea1d91,Co2C16H12N8O4,0.716667,3.489909,True,1.78772833,True,0.7,0.497662,1|1|1|1,0.7598757655234476,0.8723204284906387,0.005628931452520192,0.7598757655234476,0.039917000000500025
stable porous MOFs for CO2 adsorption,q1_co2_adsorption,43,GAT only,4,qmof-403e9cb,Co2C24H32N4O18,0.716667,3.469655,True,1.697328907,True,0.7,0.487096,1|1|1|1,0.7598757655234476,0.8723204284906387,0.006747484110140552,0.7598757655234476,0.039917000000500025
stable porous MOFs for CO2 adsorption,q1_co2_adsorption,43,GAT only,5,qmof-71748b1,Co2C34H26N10O10S6,0.716667,3.369053,True,1.740750274,True,0.7,0.486528,1|1|1|1,0.7598757655234476,0.8723204284906387,0.006509908856241964,0.7598757655234476,0.039917000000500025
stable porous MOFs for CO2 adsorption,q1_co2_adsorption,43,LEA + GraphSAGE,1,qmof-ec84fcf,Co2C20H16N28,0.716667,2.596155,True,1.767424228,True,0.7,0.294716,1|1|1|1,0.7598757655234476,0.8723204284906387,0.0,0.7676090344786644,95.12566700000048
stable porous MOFs for CO2 adsorption,q1_co2_adsorption,43,LEA + GraphSAGE,2,qmof-fd921b0,Co2C16H16N8O8,0.716667,3.390441,True,1.58214776,True,0.7,0.289339,1|1|1|1,0.7598757655234476,0.8723204284906387,0.002404665108770132,0.76661696434021,95.12566700000048
stable porous MOFs for CO2 adsorption,q1_co2_adsorption,43,LEA + GraphSAGE,3,qmof-275dcce,Co2Nd2C32H32N20O12,0.716667,2.684298,True,1.787505544,True,0.7,0.273937,1|1|1|1,0.7598757655234476,0.8723204284906387,0.006195104991396268,0.7637722879648209,95.12566700000048
stable porous MOFs for CO2 adsorption,q1_co2_adsorption,43,LEA + GraphSAGE,4,qmof-f2d872e,Co2C36H40N8O12,0.716667,3.378082,True,1.334171796,True,0.7,0.265243,1|1|1|1,0.7598757655234476,0.8723204284906387,0.007738363347016275,0.7627635057549924,95.12566700000048
stable porous MOFs for CO2 adsorption,q1_co2_adsorption,43,LEA + GraphSAGE,5,qmof-f69d443,Co2C40H28N12O8,0.716667,2.877886,True,1.370451155,True,0.7,0.268327,1|1|1|1,0.7598757655234476,0.8723204284906387,0.0071516628260724245,0.7627351641654968,95.12566700000048
stable porous MOFs for CO2 adsorption,q1_co2_adsorption,43,LEA + GAT,1,qmof-fd921b0,Co2C16H16N8O8,0.716667,3.390441,True,1.58214776,True,0.7,0.516542,1|1|1|1,0.7598757655234476,0.8723204284906387,0.0,0.8078589275479316,94.7837499999995
stable porous MOFs for CO2 adsorption,q1_co2_adsorption,43,LEA + GAT,2,qmof-ec84fcf,Co2C20H16N28,0.716667,2.596155,True,1.767424228,True,0.7,0.499851,1|1|1|1,0.7598757655234476,0.8723204284906387,0.007464454974979162,0.8048956781625748,94.7837499999995
stable porous MOFs for CO2 adsorption,q1_co2_adsorption,43,LEA + GAT,3,qmof-403e9cb,Co2C24H32N4O18,0.716667,3.469655,True,1.697328907,True,0.7,0.487096,1|1|1|1,0.7598757655234476,0.8723204284906387,0.008779102781166634,0.8026215642690658,94.7837499999995
stable porous MOFs for CO2 adsorption,q1_co2_adsorption,43,LEA + GAT,4,qmof-f2d872e,Co2C36H40N8O12,0.716667,3.378082,True,1.334171796,True,0.7,0.47032,1|1|1|1,0.7598757655234476,0.8723204284906387,0.011286260172103843,0.8005177416838705,94.7837499999995
stable porous MOFs for CO2 adsorption,q1_co2_adsorption,43,LEA + GAT,5,qmof-c0d0be0,Co2C28H20N4O12,0.716667,3.369652,True,1.717539182,True,0.7,0.46756,1|1|1|1,0.7598757655234476,0.8723204284906387,0.011403504107147456,0.8000965524464845,94.7837499999995
stable porous MOFs for CO2 adsorption,q1_co2_adsorption,44,SemanticOnly,1,qmof-fe6f735,Co2C58H64N8O12,0.716667,4.292873,True,1.418878739,True,0.7,,1|1|1|1,0.6672850245975401,0.910732090473175,0.0,0.6672850245975401,0.04500000000007276
stable porous MOFs for CO2 adsorption,q1_co2_adsorption,44,SemanticOnly,2,qmof-fd921b0,Co2C16H16N8O8,0.716667,3.390441,True,1.58214776,True,0.7,,1|1|1|1,0.7598757655234476,0.8723204284906387,0.25,0.7598757655234476,0.04500000000007276
stable porous MOFs for CO2 adsorption,q1_co2_adsorption,44,SemanticOnly,3,qmof-f771839,Co2C38H40N8O8,0.716667,4.295336,True,1.401927433,True,0.7,,1|1|1|1,0.6672850245975401,0.910732090473175,0.16666666666666666,0.6672850245975401,0.04500000000007276
stable porous MOFs for CO2 adsorption,q1_co2_adsorption,44,SemanticOnly,4,qmof-f69d443,Co2C40H28N12O8,0.716667,2.877886,True,1.370451155,True,0.7,,1|1|1|1,0.7598757655234476,0.8723204284906387,0.16666666666666666,0.7598757655234476,0.04500000000007276
stable porous MOFs for CO2 adsorption,q1_co2_adsorption,44,SemanticOnly,5,qmof-f343390,Co2C34H22N6O8,0.716667,3.060735,True,1.790740334,True,0.7,,1|1|1|1,0.7598757655234476,0.8723204284906387,0.15,0.7598757655234476,0.04500000000007276
stable porous MOFs for CO2 adsorption,q1_co2_adsorption,44,WeightedSum,1,qmof-fd921b0,Co2C16H16N8O8,0.716667,3.390441,True,1.58214776,True,0.7,,1|1|1|1,0.7598757655234476,0.8723204284906387,0.0,0.7598757655234476,0.047499999999978115
stable porous MOFs for CO2 adsorption,q1_co2_adsorption,44,WeightedSum,2,qmof-f69d443,Co2C40H28N12O8,0.716667,2.877886,True,1.370451155,True,0.7,,1|1|1|1,0.7598757655234476,0.8723204284906387,0.0,0.7598757655234476,0.047499999999978115
stable porous MOFs for CO2 adsorption,q1_co2_adsorption,44,WeightedSum,3,qmof-f343390,Co2C34H22N6O8,0.716667,3.060735,True,1.790740334,True,0.7,,1|1|1|1,0.7598757655234476,0.8723204284906387,0.0,0.7598757655234476,0.047499999999978115
stable porous MOFs for CO2 adsorption,q1_co2_adsorption,44,WeightedSum,4,qmof-f2d872e,Co2C36H40N8O12,0.716667,3.378082,True,1.334171796,True,0.7,,1|1|1|1,0.7598757655234476,0.8723204284906387,0.0,0.7598757655234476,0.047499999999978115
stable porous MOFs for CO2 adsorption,q1_co2_adsorption,44,WeightedSum,5,qmof-f0c9af4,Co2C50H38N10O12,0.716667,2.642464,True,1.607919854,True,0.7,,1|1|1|1,0.7598757655234476,0.8723204284906387,0.0,0.7598757655234476,0.047499999999978115
stable porous MOFs for CO2 adsorption,q1_co2_adsorption,44,TOPSIS,1,qmof-fd921b0,Co2C16H16N8O8,0.716667,3.390441,True,1.58214776,True,0.7,,1|1|1|1,0.7598757655234476,0.8723204284906387,0.0,0.7598757655234476,1.1935410000001312
stable porous MOFs for CO2 adsorption,q1_co2_adsorption,44,TOPSIS,2,qmof-f69d443,Co2C40H28N12O8,0.716667,2.877886,True,1.370451155,True,0.7,,1|1|1|1,0.7598757655234476,0.8723204284906387,0.0,0.7598757655234476,1.1935410000001312
stable porous MOFs for CO2 adsorption,q1_co2_adsorption,44,TOPSIS,3,qmof-f343390,Co2C34H22N6O8,0.716667,3.060735,True,1.790740334,True,0.7,,1|1|1|1,0.7598757655234476,0.8723204284906387,0.0,0.7598757655234476,1.1935410000001312
stable porous MOFs for CO2 adsorption,q1_co2_adsorption,44,TOPSIS,4,qmof-f2d872e,Co2C36H40N8O12,0.716667,3.378082,True,1.334171796,True,0.7,,1|1|1|1,0.7598757655234476,0.8723204284906387,0.0,0.7598757655234476,1.1935410000001312
stable porous MOFs for CO2 adsorption,q1_co2_adsorption,44,TOPSIS,5,qmof-f0c9af4,Co2C50H38N10O12,0.716667,2.642464,True,1.607919854,True,0.7,,1|1|1|1,0.7598757655234476,0.8723204284906387,0.0,0.7598757655234476,1.1935410000001312
stable porous MOFs for CO2 adsorption,q1_co2_adsorption,44,ParetoCrowding,1,qmof-fd921b0,Co2C16H16N8O8,0.716667,3.390441,True,1.58214776,True,0.7,,1|1|1|1,0.7598757655234476,0.8723204284906387,0.0,0.7598757655234476,182.93187499999954
stable porous MOFs for CO2 adsorption,q1_co2_adsorption,44,ParetoCrowding,2,qmof-f69d443,Co2C40H28N12O8,0.716667,2.877886,True,1.370451155,True,0.7,,1|1|1|1,0.7598757655234476,0.8723204284906387,0.0,0.7598757655234476,182.93187499999954
stable porous MOFs for CO2 adsorption,q1_co2_adsorption,44,ParetoCrowding,3,qmof-f343390,Co2C34H22N6O8,0.716667,3.060735,True,1.790740334,True,0.7,,1|1|1|1,0.7598757655234476,0.8723204284906387,0.0,0.7598757655234476,182.93187499999954
stable porous MOFs for CO2 adsorption,q1_co2_adsorption,44,ParetoCrowding,4,qmof-f2d872e,Co2C36H40N8O12,0.716667,3.378082,True,1.334171796,True,0.7,,1|1|1|1,0.7598757655234476,0.8723204284906387,0.0,0.7598757655234476,182.93187499999954
stable porous MOFs for CO2 adsorption,q1_co2_adsorption,44,ParetoCrowding,5,qmof-f0c9af4,Co2C50H38N10O12,0.716667,2.642464,True,1.607919854,True,0.7,,1|1|1|1,0.7598757655234476,0.8723204284906387,0.0,0.7598757655234476,182.93187499999954
stable porous MOFs for CO2 adsorption,q1_co2_adsorption,44,Random,1,qmof-b92e7e5,Co2C46H30N4O10,0.716667,3.090608,True,1.765661658,True,0.7,,1|1|1|1,0.7598757655234476,0.8723204284906387,0.0,0.7598757655234476,0.04658299999960036
stable porous MOFs for CO2 adsorption,q1_co2_adsorption,44,Random,2,qmof-3eba276,Co2C48H28N4O12S2,0.716667,3.11041,True,1.663508405,True,0.7,,1|1|1|1,0.7598757655234476,0.8723204284906387,0.0,0.7598757655234476,0.04658299999960036
stable porous MOFs for CO2 adsorption,q1_co2_adsorption,44,Random,3,qmof-3f10a21,Co2C44H36N8O8,0.716667,4.462347,True,1.545215391,True,0.7,,1|1|1|1,0.6672850245975401,0.910732090473175,0.16666666666666666,0.6672850245975401,0.04658299999960036
stable porous MOFs for CO2 adsorption,q1_co2_adsorption,44,Random,4,qmof-b78a98a,Co2C32H20N2O8,0.716667,3.231363,True,1.690505428,True,0.7,,1|1|1|1,0.7598757655234476,0.8723204284906387,0.125,0.7598757655234476,0.04658299999960036
stable porous MOFs for CO2 adsorption,q1_co2_adsorption,44,Random,5,qmof-2f1a847,Co2C66H48N4O12,0.716667,3.171648,True,1.563157733,True,0.7,,1|1|1|1,0.7598757655234476,0.8723204284906387,0.1,0.7598757655234476,0.04658299999960036
stable porous MOFs for CO2 adsorption,q1_co2_adsorption,44,MMR,1,qmof-a5ebf1c,Co2C28H20N6O10,0.716667,3.242997,True,1.788603861,True,0.7,,1|1|1|1,0.7598757655234476,0.8723204284906387,0.0,0.7598757655234476,1675.0975409999996
stable porous MOFs for CO2 adsorption,q1_co2_adsorption,44,MMR,2,qmof-7bea0fe,Co2C32H32N4O8,0.716667,3.778308,True,1.726900889,True,0.7,,1|1|1|1,0.6672850245975401,0.910732090473175,0.25,0.6672850245975401,1675.0975409999996
stable porous MOFs for CO2 adsorption,q1_co2_adsorption,44,MMR,3,qmof-f343390,Co2C34H22N6O8,0.716667,3.060735,True,1.790740334,True,0.7,,1|1|1|1,0.7598757655234476,0.8723204284906387,0.16666666666666666,0.7598757655234476,1675.0975409999996
stable porous MOFs for CO2 adsorption,q1_co2_adsorption,44,MMR,4,qmof-334586a,Co2C28H20N16S4,0.716667,3.172952,True,1.76521634,True,0.7,,1|1|1|1,0.7598757655234476,0.8723204284906387,0.125,0.7598757655234476,1675.0975409999996
stable porous MOFs for CO2 adsorption,q1_co2_adsorption,44,MMR,5,qmof-92f3405,Co2C32H34N4O8,0.716667,3.41823,True,1.507459004,True,0.7,,1|1|1|1,0.7598757655234476,0.8723204284906387,0.1,0.7598757655234476,1675.0975409999996
stable porous MOFs for CO2 adsorption,q1_co2_adsorption,44,LEA,1,qmof-466d3a2,Co2C44Cl2H44N6O4,0.716667,3.045598,True,1.487445453,True,0.7,,1|1|1|1,0.7598757655234476,0.8723204284906387,0.0,0.8596077576279639,91.34237499999998
stable porous MOFs for CO2 adsorption,q1_co2_adsorption,44,LEA,2,qmof-01f1640,Co2C28H20N8O8,0.716667,1.942124,True,1.64776998,True,0.7,,1|1|1|1,0.7598757655234476,0.8723204284906387,0.0,0.8596077576279639,91.34237499999998
stable porous MOFs for CO2 adsorption,q1_co2_adsorption,44,LEA,3,qmof-e2b9aa4,Co2C38H26N10O8,0.716667,3.431088,True,1.656139225,True,0.7,,1|1|1|1,0.7598757655234476,0.8723204284906387,0.0,0.8596077576279639,91.34237499999998
stable porous MOFs for CO2 adsorption,q1_co2_adsorption,44,LEA,4,qmof-1f0ad0a,Co2C44H40N4O16,0.716667,3.426973,True,1.656576851,True,0.7,,1|1|1|1,0.7598757655234476,0.8723204284906387,0.0,0.8596077576279639,91.34237499999998
stable porous MOFs for CO2 adsorption,q1_co2_adsorption,44,LEA,5,qmof-0ea1d91,Co2C16H12N8O4,0.716667,3.489909,True,1.78772833,True,0.7,,1|1|1|1,0.7598757655234476,0.8723204284906387,0.0,0.8596077576279639,91.34237499999998
stable porous MOFs for CO2 adsorption,q1_co2_adsorption,44,LEA no diversity,1,qmof-466d3a2,Co2C44Cl2H44N6O4,0.716667,3.045598,True,1.487445453,True,0.7,,1|1|1|1,0.7598757655234476,0.8723204284906387,0.0,0.847107757627964,91.22433299999955
stable porous MOFs for CO2 adsorption,q1_co2_adsorption,44,LEA no diversity,2,qmof-01f1640,Co2C28H20N8O8,0.716667,1.942124,True,1.64776998,True,0.7,,1|1|1|1,0.7598757655234476,0.8723204284906387,0.0,0.847107757627964,91.22433299999955
stable porous MOFs for CO2 adsorption,q1_co2_adsorption,44,LEA no diversity,3,qmof-e2b9aa4,Co2C38H26N10O8,0.716667,3.431088,True,1.656139225,True,0.7,,1|1|1|1,0.7598757655234476,0.8723204284906387,0.0,0.847107757627964,91.22433299999955
stable porous MOFs for CO2 adsorption,q1_co2_adsorption,44,LEA no diversity,4,qmof-1f0ad0a,Co2C44H40N4O16,0.716667,3.426973,True,1.656576851,True,0.7,,1|1|1|1,0.7598757655234476,0.8723204284906387,0.0,0.847107757627964,91.22433299999955
stable porous MOFs for CO2 adsorption,q1_co2_adsorption,44,LEA no diversity,5,qmof-0ea1d91,Co2C16H12N8O4,0.716667,3.489909,True,1.78772833,True,0.7,,1|1|1|1,0.7598757655234476,0.8723204284906387,0.0,0.847107757627964,91.22433299999955
stable porous MOFs for CO2 adsorption,q1_co2_adsorption,44,LEA no self-cleaning,1,qmof-466d3a2,Co2C44Cl2H44N6O4,0.716667,3.045598,True,1.487445453,True,0.7,,1|1|1|1,0.7598757655234476,0.8723204284906387,0.0,0.8596077576279639,92.00358300000033
stable porous MOFs for CO2 adsorption,q1_co2_adsorption,44,LEA no self-cleaning,2,qmof-01f1640,Co2C28H20N8O8,0.716667,1.942124,True,1.64776998,True,0.7,,1|1|1|1,0.7598757655234476,0.8723204284906387,0.0,0.8596077576279639,92.00358300000033
stable porous MOFs for CO2 adsorption,q1_co2_adsorption,44,LEA no self-cleaning,3,qmof-e2b9aa4,Co2C38H26N10O8,0.716667,3.431088,True,1.656139225,True,0.7,,1|1|1|1,0.7598757655234476,0.8723204284906387,0.0,0.8596077576279639,92.00358300000033
stable porous MOFs for CO2 adsorption,q1_co2_adsorption,44,LEA no self-cleaning,4,qmof-1f0ad0a,Co2C44H40N4O16,0.716667,3.426973,True,1.656576851,True,0.7,,1|1|1|1,0.7598757655234476,0.8723204284906387,0.0,0.8596077576279639,92.00358300000033
stable porous MOFs for CO2 adsorption,q1_co2_adsorption,44,LEA no self-cleaning,5,qmof-0ea1d91,Co2C16H12N8O4,0.716667,3.489909,True,1.78772833,True,0.7,,1|1|1|1,0.7598757655234476,0.8723204284906387,0.0,0.8596077576279639,92.00358300000033
stable porous MOFs for CO2 adsorption,q1_co2_adsorption,44,GraphSAGE only,1,qmof-ec84fcf,Co2C20H16N28,0.716667,2.596155,True,1.767424228,True,0.7,0.294716,1|1|1|1,0.7598757655234476,0.8723204284906387,0.0,0.7598757655234476,0.03745899999962887
stable porous MOFs for CO2 adsorption,q1_co2_adsorption,44,GraphSAGE only,2,qmof-fd921b0,Co2C16H16N8O8,0.716667,3.390441,True,1.58214776,True,0.7,0.289339,1|1|1|1,0.7598757655234476,0.8723204284906387,0.002404665108770132,0.7598757655234476,0.03745899999962887
stable porous MOFs for CO2 adsorption,q1_co2_adsorption,44,GraphSAGE only,3,qmof-275dcce,Co2Nd2C32H32N20O12,0.716667,2.684298,True,1.787505544,True,0.7,0.273937,1|1|1|1,0.7598757655234476,0.8723204284906387,0.006195104991396268,0.7598757655234476,0.03745899999962887
stable porous MOFs for CO2 adsorption,q1_co2_adsorption,44,GraphSAGE only,4,qmof-0ea1d91,Co2C16H12N8O4,0.716667,3.489909,True,1.78772833,True,0.7,0.270682,1|1|1|1,0.7598757655234476,0.8723204284906387,0.006522163147261987,0.7598757655234476,0.03745899999962887
stable porous MOFs for CO2 adsorption,q1_co2_adsorption,44,GraphSAGE only,5,qmof-f69d443,Co2C40H28N12O8,0.716667,2.877886,True,1.370451155,True,0.7,0.268327,1|1|1|1,0.7598757655234476,0.8723204284906387,0.006389341072645038,0.7598757655234476,0.03745899999962887
stable porous MOFs for CO2 adsorption,q1_co2_adsorption,44,GAT only,1,qmof-fd921b0,Co2C16H16N8O8,0.716667,3.390441,True,1.58214776,True,0.7,0.516542,1|1|1|1,0.7598757655234476,0.8723204284906387,0.0,0.7598757655234476,0.03641600000037215
stable porous MOFs for CO2 adsorption,q1_co2_adsorption,44,GAT only,2,qmof-ec84fcf,Co2C20H16N28,0.716667,2.596155,True,1.767424228,True,0.7,0.499851,1|1|1|1,0.7598757655234476,0.8723204284906387,0.007464454974979162,0.7598757655234476,0.03641600000037215
stable porous MOFs for CO2 adsorption,q1_co2_adsorption,44,GAT only,3,qmof-0ea1d91,Co2C16H12N8O4,0.716667,3.489909,True,1.78772833,True,0.7,0.497662,1|1|1|1,0.7598757655234476,0.8723204284906387,0.005628931452520192,0.7598757655234476,0.03641600000037215
stable porous MOFs for CO2 adsorption,q1_co2_adsorption,44,GAT only,4,qmof-403e9cb,Co2C24H32N4O18,0.716667,3.469655,True,1.697328907,True,0.7,0.487096,1|1|1|1,0.7598757655234476,0.8723204284906387,0.006747484110140552,0.7598757655234476,0.03641600000037215
stable porous MOFs for CO2 adsorption,q1_co2_adsorption,44,GAT only,5,qmof-71748b1,Co2C34H26N10O10S6,0.716667,3.369053,True,1.740750274,True,0.7,0.486528,1|1|1|1,0.7598757655234476,0.8723204284906387,0.006509908856241964,0.7598757655234476,0.03641600000037215
stable porous MOFs for CO2 adsorption,q1_co2_adsorption,44,LEA + GraphSAGE,1,qmof-ec84fcf,Co2C20H16N28,0.716667,2.596155,True,1.767424228,True,0.7,0.294716,1|1|1|1,0.7598757655234476,0.8723204284906387,0.0,0.7676090344786644,95.67295799999975
stable porous MOFs for CO2 adsorption,q1_co2_adsorption,44,LEA + GraphSAGE,2,qmof-f69d443,Co2C40H28N12O8,0.716667,2.877886,True,1.370451155,True,0.7,0.268327,1|1|1|1,0.7598757655234476,0.8723204284906387,0.011801520362496376,0.7627351641654968,95.67295799999975
stable porous MOFs for CO2 adsorption,q1_co2_adsorption,44,LEA + GraphSAGE,3,qmof-68234b7,Co2C30H32N2O14,0.716667,3.266102,True,1.399169923,True,0.7,0.262562,1|1|1|1,0.7598757655234476,0.8723204284906387,0.009586468727017442,0.7616688579320907,95.67295799999975
stable porous MOFs for CO2 adsorption,q1_co2_adsorption,44,LEA + GraphSAGE,4,qmof-01f1640,Co2C28H20N8O8,0.716667,1.942124,True,1.64776998,True,0.7,0.258235,1|1|1|1,0.7598757655234476,0.8723204284906387,0.008587094935743758,0.7613370201550423,95.67295799999975
stable porous MOFs for CO2 adsorption,q1_co2_adsorption,44,LEA + GraphSAGE,5,qmof-334586a,Co2C28H20N16S4,0.716667,3.172952,True,1.76521634,True,0.7,0.259037,1|1|1|1,0.7598757655234476,0.8723204284906387,0.00735684204264544,0.761016596853733,95.67295799999975
stable porous MOFs for CO2 adsorption,q1_co2_adsorption,44,LEA + GAT,1,qmof-ec84fcf,Co2C20H16N28,0.716667,2.596155,True,1.767424228,True,0.7,0.499851,1|1|1|1,0.7598757655234476,0.8723204284906387,0.0,0.8048956781625748,94.90862500000041
stable porous MOFs for CO2 adsorption,q1_co2_adsorption,44,LEA + GAT,2,qmof-403e9cb,Co2C24H32N4O18,0.716667,3.469655,True,1.697328907,True,0.7,0.487096,1|1|1|1,0.7598757655234476,0.8723204284906387,0.005704198963940144,0.8026215642690658,94.90862500000041
stable porous MOFs for CO2 adsorption,q1_co2_adsorption,44,LEA + GAT,3,qmof-f2d872e,Co2C36H40N8O12,0.716667,3.378082,True,1.334171796,True,0.7,0.47032,1|1|1|1,0.7598757655234476,0.8723204284906387,0.00880444391320149,0.8001651311293244,94.90862500000041
stable porous MOFs for CO2 adsorption,q1_co2_adsorption,44,LEA + GAT,4,qmof-334586a,Co2C28H20N16S4,0.716667,3.172952,True,1.76521634,True,0.7,0.47148,1|1|1|1,0.7598757655234476,0.8723204284906387,0.007767280786841487,0.7998268008232117,94.90862500000041
stable porous MOFs for CO2 adsorption,q1_co2_adsorption,44,LEA + GAT,5,qmof-c0d0be0,Co2C28H20N4O12,0.716667,3.369652,True,1.717539182,True,0.7,0.46756,1|1|1|1,0.7598757655234476,0.8723204284906387,0.007276882260339334,0.7996945698279887,94.90862500000041
stable porous MOFs for CO2 adsorption,q1_co2_adsorption,45,SemanticOnly,1,qmof-fd921b0,Co2C16H16N8O8,0.716667,3.390441,True,1.58214776,True,0.7,,1|1|1|1,0.7598757655234476,0.8723204284906387,0.0,0.7598757655234476,0.05804200000092408
stable porous MOFs for CO2 adsorption,q1_co2_adsorption,45,SemanticOnly,2,qmof-f771839,Co2C38H40N8O8,0.716667,4.295336,True,1.401927433,True,0.7,,1|1|1|1,0.6672850245975401,0.910732090473175,0.25,0.6672850245975401,0.05804200000092408
stable porous MOFs for CO2 adsorption,q1_co2_adsorption,45,SemanticOnly,3,qmof-f69d443,Co2C40H28N12O8,0.716667,2.877886,True,1.370451155,True,0.7,,1|1|1|1,0.7598757655234476,0.8723204284906387,0.16666666666666666,0.7598757655234476,0.05804200000092408
stable porous MOFs for CO2 adsorption,q1_co2_adsorption,45,SemanticOnly,4,qmof-f360972,Co2C18H28N4O12P4,0.716667,3.915648,True,1.787219535,True,0.7,,1|1|1|1,0.6672850245975401,0.910732090473175,0.16666666666666666,0.6672850245975401,0.05804200000092408
stable porous MOFs for CO2 adsorption,q1_co2_adsorption,45,SemanticOnly,5,qmof-f343390,Co2C34H22N6O8,0.716667,3.060735,True,1.790740334,True,0.7,,1|1|1|1,0.7598757655234476,0.8723204284906387,0.15,0.7598757655234476,0.05804200000092408
stable porous MOFs for CO2 adsorption,q1_co2_adsorption,45,WeightedSum,1,qmof-fd921b0,Co2C16H16N8O8,0.716667,3.390441,True,1.58214776,True,0.7,,1|1|1|1,0.7598757655234476,0.8723204284906387,0.0,0.7598757655234476,0.05162500000110981
stable porous MOFs for CO2 adsorption,q1_co2_adsorption,45,WeightedSum,2,qmof-f69d443,Co2C40H28N12O8,0.716667,2.877886,True,1.370451155,True,0.7,,1|1|1|1,0.7598757655234476,0.8723204284906387,0.0,0.7598757655234476,0.05162500000110981
stable porous MOFs for CO2 adsorption,q1_co2_adsorption,45,WeightedSum,3,qmof-f343390,Co2C34H22N6O8,0.716667,3.060735,True,1.790740334,True,0.7,,1|1|1|1,0.7598757655234476,0.8723204284906387,0.0,0.7598757655234476,0.05162500000110981
stable porous MOFs for CO2 adsorption,q1_co2_adsorption,45,WeightedSum,4,qmof-f2d872e,Co2C36H40N8O12,0.716667,3.378082,True,1.334171796,True,0.7,,1|1|1|1,0.7598757655234476,0.8723204284906387,0.0,0.7598757655234476,0.05162500000110981
stable porous MOFs for CO2 adsorption,q1_co2_adsorption,45,WeightedSum,5,qmof-f0c9af4,Co2C50H38N10O12,0.716667,2.642464,True,1.607919854,True,0.7,,1|1|1|1,0.7598757655234476,0.8723204284906387,0.0,0.7598757655234476,0.05162500000110981
stable porous MOFs for CO2 adsorption,q1_co2_adsorption,45,TOPSIS,1,qmof-fd921b0,Co2C16H16N8O8,0.716667,3.390441,True,1.58214776,True,0.7,,1|1|1|1,0.7598757655234476,0.8723204284906387,0.0,0.7598757655234476,1.2450000000008288
stable porous MOFs for CO2 adsorption,q1_co2_adsorption,45,TOPSIS,2,qmof-f69d443,Co2C40H28N12O8,0.716667,2.877886,True,1.370451155,True,0.7,,1|1|1|1,0.7598757655234476,0.8723204284906387,0.0,0.7598757655234476,1.2450000000008288
stable porous MOFs for CO2 adsorption,q1_co2_adsorption,45,TOPSIS,3,qmof-f343390,Co2C34H22N6O8,0.716667,3.060735,True,1.790740334,True,0.7,,1|1|1|1,0.7598757655234476,0.8723204284906387,0.0,0.7598757655234476,1.2450000000008288
stable porous MOFs for CO2 adsorption,q1_co2_adsorption,45,TOPSIS,4,qmof-f2d872e,Co2C36H40N8O12,0.716667,3.378082,True,1.334171796,True,0.7,,1|1|1|1,0.7598757655234476,0.8723204284906387,0.0,0.7598757655234476,1.2450000000008288
stable porous MOFs for CO2 adsorption,q1_co2_adsorption,45,TOPSIS,5,qmof-f0c9af4,Co2C50H38N10O12,0.716667,2.642464,True,1.607919854,True,0.7,,1|1|1|1,0.7598757655234476,0.8723204284906387,0.0,0.7598757655234476,1.2450000000008288
stable porous MOFs for CO2 adsorption,q1_co2_adsorption,45,ParetoCrowding,1,qmof-fd921b0,Co2C16H16N8O8,0.716667,3.390441,True,1.58214776,True,0.7,,1|1|1|1,0.7598757655234476,0.8723204284906387,0.0,0.7598757655234476,189.17937500000016
stable porous MOFs for CO2 adsorption,q1_co2_adsorption,45,ParetoCrowding,2,qmof-f69d443,Co2C40H28N12O8,0.716667,2.877886,True,1.370451155,True,0.7,,1|1|1|1,0.7598757655234476,0.8723204284906387,0.0,0.7598757655234476,189.17937500000016
stable porous MOFs for CO2 adsorption,q1_co2_adsorption,45,ParetoCrowding,3,qmof-f343390,Co2C34H22N6O8,0.716667,3.060735,True,1.790740334,True,0.7,,1|1|1|1,0.7598757655234476,0.8723204284906387,0.0,0.7598757655234476,189.17937500000016
stable porous MOFs for CO2 adsorption,q1_co2_adsorption,45,ParetoCrowding,4,qmof-f2d872e,Co2C36H40N8O12,0.716667,3.378082,True,1.334171796,True,0.7,,1|1|1|1,0.7598757655234476,0.8723204284906387,0.0,0.7598757655234476,189.17937500000016
stable porous MOFs for CO2 adsorption,q1_co2_adsorption,45,ParetoCrowding,5,qmof-f0c9af4,Co2C50H38N10O12,0.716667,2.642464,True,1.607919854,True,0.7,,1|1|1|1,0.7598757655234476,0.8723204284906387,0.0,0.7598757655234476,189.17937500000016
stable porous MOFs for CO2 adsorption,q1_co2_adsorption,45,Random,1,qmof-60450dd,Co2C56H44N8O8,0.716667,3.575322,True,1.47312713,True,0.7,,1|1|1|1,0.6672850245975401,0.910732090473175,0.0,0.6672850245975401,0.04533400000106269
stable porous MOFs for CO2 adsorption,q1_co2_adsorption,45,Random,2,qmof-bfae863,Co2Na2C48H36N10O8,0.716667,2.244485,True,1.604622998,True,0.7,,1|1|1|1,0.7598757655234476,0.8723204284906387,0.25,0.7598757655234476,0.04533400000106269
stable porous MOFs for CO2 adsorption,q1_co2_adsorption,45,Random,3,qmof-e2b9aa4,Co2C38H26N10O8,0.716667,3.431088,True,1.656139225,True,0.7,,1|1|1|1,0.7598757655234476,0.8723204284906387,0.16666666666666666,0.7598757655234476,0.04533400000106269
stable porous MOFs for CO2 adsorption,q1_co2_adsorption,45,Random,4,qmof-466d3a2,Co2C44Cl2H44N6O4,0.716667,3.045598,True,1.487445453,True,0.7,,1|1|1|1,0.7598757655234476,0.8723204284906387,0.125,0.7598757655234476,0.04533400000106269
stable porous MOFs for CO2 adsorption,q1_co2_adsorption,45,Random,5,qmof-f343390,Co2C34H22N6O8,0.716667,3.060735,True,1.790740334,True,0.7,,1|1|1|1,0.7598757655234476,0.8723204284906387,0.1,0.7598757655234476,0.04533400000106269
stable porous MOFs for CO2 adsorption,q1_co2_adsorption,45,MMR,1,qmof-12ba7bc,Co2C46H28N8O12S4,0.716667,3.142553,True,1.708388658,True,0.7,,1|1|1|1,0.7598757655234476,0.8723204284906387,0.0,0.7598757655234476,1665.0517500000017
stable porous MOFs for CO2 adsorption,q1_co2_adsorption,45,MMR,2,qmof-7f04d5c,Co2C28Cl4H40N4O4S2,0.716667,3.676922,True,1.659490378,True,0.7,,1|1|1|1,0.6672850245975401,0.910732090473175,0.25,0.6672850245975401,1665.0517500000017
stable porous MOFs for CO2 adsorption,q1_co2_adsorption,45,MMR,3,qmof-0ea1d91,Co2C16H12N8O4,0.716667,3.489909,True,1.78772833,True,0.7,,1|1|1|1,0.7598757655234476,0.8723204284906387,0.16666666666666666,0.7598757655234476,1665.0517500000017
stable porous MOFs for CO2 adsorption,q1_co2_adsorption,45,MMR,4,qmof-01f1640,Co2C28H20N8O8,0.716667,1.942124,True,1.64776998,True,0.7,,1|1|1|1,0.7598757655234476,0.8723204284906387,0.125,0.7598757655234476,1665.0517500000017
stable porous MOFs for CO2 adsorption,q1_co2_adsorption,45,MMR,5,qmof-32457b4,Co2C46H32N8O10,0.716667,2.692662,True,1.566836939,True,0.7,,1|1|1|1,0.7598757655234476,0.8723204284906387,0.1,0.7598757655234476,1665.0517500000017
stable porous MOFs for CO2 adsorption,q1_co2_adsorption,45,LEA,1,qmof-f0c9af4,Co2C50H38N10O12,0.716667,2.642464,True,1.607919854,True,0.7,,1|1|1|1,0.7598757655234476,0.8723204284906387,0.0,0.8596077576279639,91.21095899999965
stable porous MOFs for CO2 adsorption,q1_co2_adsorption,45,LEA,2,qmof-1f0ad0a,Co2C44H40N4O16,0.716667,3.426973,True,1.656576851,True,0.7,,1|1|1|1,0.7598757655234476,0.8723204284906387,0.0,0.8596077576279639,91.21095899999965
stable porous MOFs for CO2 adsorption,q1_co2_adsorption,45,LEA,3,qmof-edd4ef0,Co2C40H28N4O10,0.716667,2.966936,True,1.693736717,True,0.7,,1|1|1|1,0.7598757655234476,0.8723204284906387,0.0,0.8596077576279639,91.21095899999965
stable porous MOFs for CO2 adsorption,q1_co2_adsorption,45,LEA,4,qmof-466d3a2,Co2C44Cl2H44N6O4,0.716667,3.045598,True,1.487445453,True,0.7,,1|1|1|1,0.7598757655234476,0.8723204284906387,0.0,0.8596077576279639,91.21095899999965
stable porous MOFs for CO2 adsorption,q1_co2_adsorption,45,LEA,5,qmof-fd921b0,Co2C16H16N8O8,0.716667,3.390441,True,1.58214776,True,0.7,,1|1|1|1,0.7598757655234476,0.8723204284906387,0.0,0.8596077576279639,91.21095899999965
stable porous MOFs for CO2 adsorption,q1_co2_adsorption,45,LEA no diversity,1,qmof-f0c9af4,Co2C50H38N10O12,0.716667,2.642464,True,1.607919854,True,0.7,,1|1|1|1,0.7598757655234476,0.8723204284906387,0.0,0.847107757627964,91.09808399999864
stable porous MOFs for CO2 adsorption,q1_co2_adsorption,45,LEA no diversity,2,qmof-1f0ad0a,Co2C44H40N4O16,0.716667,3.426973,True,1.656576851,True,0.7,,1|1|1|1,0.7598757655234476,0.8723204284906387,0.0,0.847107757627964,91.09808399999864
stable porous MOFs for CO2 adsorption,q1_co2_adsorption,45,LEA no diversity,3,qmof-edd4ef0,Co2C40H28N4O10,0.716667,2.966936,True,1.693736717,True,0.7,,1|1|1|1,0.7598757655234476,0.8723204284906387,0.0,0.847107757627964,91.09808399999864
stable porous MOFs for CO2 adsorption,q1_co2_adsorption,45,LEA no diversity,4,qmof-466d3a2,Co2C44Cl2H44N6O4,0.716667,3.045598,True,1.487445453,True,0.7,,1|1|1|1,0.7598757655234476,0.8723204284906387,0.0,0.847107757627964,91.09808399999864
stable porous MOFs for CO2 adsorption,q1_co2_adsorption,45,LEA no diversity,5,qmof-fd921b0,Co2C16H16N8O8,0.716667,3.390441,True,1.58214776,True,0.7,,1|1|1|1,0.7598757655234476,0.8723204284906387,0.0,0.847107757627964,91.09808399999864
stable porous MOFs for CO2 adsorption,q1_co2_adsorption,45,LEA no self-cleaning,1,qmof-f0c9af4,Co2C50H38N10O12,0.716667,2.642464,True,1.607919854,True,0.7,,1|1|1|1,0.7598757655234476,0.8723204284906387,0.0,0.8596077576279639,90.80637499999966
stable porous MOFs for CO2 adsorption,q1_co2_adsorption,45,LEA no self-cleaning,2,qmof-1f0ad0a,Co2C44H40N4O16,0.716667,3.426973,True,1.656576851,True,0.7,,1|1|1|1,0.7598757655234476,0.8723204284906387,0.0,0.8596077576279639,90.80637499999966
stable porous MOFs for CO2 adsorption,q1_co2_adsorption,45,LEA no self-cleaning,3,qmof-edd4ef0,Co2C40H28N4O10,0.716667,2.966936,True,1.693736717,True,0.7,,1|1|1|1,0.7598757655234476,0.8723204284906387,0.0,0.8596077576279639,90.80637499999966
stable porous MOFs for CO2 adsorption,q1_co2_adsorption,45,LEA no self-cleaning,4,qmof-466d3a2,Co2C44Cl2H44N6O4,0.716667,3.045598,True,1.487445453,True,0.7,,1|1|1|1,0.7598757655234476,0.8723204284906387,0.0,0.8596077576279639,90.80637499999966
stable porous MOFs for CO2 adsorption,q1_co2_adsorption,45,LEA no self-cleaning,5,qmof-fd921b0,Co2C16H16N8O8,0.716667,3.390441,True,1.58214776,True,0.7,,1|1|1|1,0.7598757655234476,0.8723204284906387,0.0,0.8596077576279639,90.80637499999966
stable porous MOFs for CO2 adsorption,q1_co2_adsorption,45,GraphSAGE only,1,qmof-ec84fcf,Co2C20H16N28,0.716667,2.596155,True,1.767424228,True,0.7,0.294716,1|1|1|1,0.7598757655234476,0.8723204284906387,0.0,0.7598757655234476,0.03745799999954613
stable porous MOFs for CO2 adsorption,q1_co2_adsorption,45,GraphSAGE only,2,qmof-fd921b0,Co2C16H16N8O8,0.716667,3.390441,True,1.58214776,True,0.7,0.289339,1|1|1|1,0.7598757655234476,0.8723204284906387,0.002404665108770132,0.7598757655234476,0.03745799999954613
stable porous MOFs for CO2 adsorption,q1_co2_adsorption,45,GraphSAGE only,3,qmof-275dcce,Co2Nd2C32H32N20O12,0.716667,2.684298,True,1.787505544,True,0.7,0.273937,1|1|1|1,0.7598757655234476,0.8723204284906387,0.006195104991396268,0.7598757655234476,0.03745799999954613
stable porous MOFs for CO2 adsorption,q1_co2_adsorption,45,GraphSAGE only,4,qmof-0ea1d91,Co2C16H12N8O4,0.716667,3.489909,True,1.78772833,True,0.7,0.270682,1|1|1|1,0.7598757655234476,0.8723204284906387,0.006522163147261987,0.7598757655234476,0.03745799999954613
stable porous MOFs for CO2 adsorption,q1_co2_adsorption,45,GraphSAGE only,5,qmof-f69d443,Co2C40H28N12O8,0.716667,2.877886,True,1.370451155,True,0.7,0.268327,1|1|1|1,0.7598757655234476,0.8723204284906387,0.006389341072645038,0.7598757655234476,0.03745799999954613
stable porous MOFs for CO2 adsorption,q1_co2_adsorption,45,GAT only,1,qmof-fd921b0,Co2C16H16N8O8,0.716667,3.390441,True,1.58214776,True,0.7,0.516542,1|1|1|1,0.7598757655234476,0.8723204284906387,0.0,0.7598757655234476,0.039167000000617236
stable porous MOFs for CO2 adsorption,q1_co2_adsorption,45,GAT only,2,qmof-ec84fcf,Co2C20H16N28,0.716667,2.596155,True,1.767424228,True,0.7,0.499851,1|1|1|1,0.7598757655234476,0.8723204284906387,0.007464454974979162,0.7598757655234476,0.039167000000617236
stable porous MOFs for CO2 adsorption,q1_co2_adsorption,45,GAT only,3,qmof-0ea1d91,Co2C16H12N8O4,0.716667,3.489909,True,1.78772833,True,0.7,0.497662,1|1|1|1,0.7598757655234476,0.8723204284906387,0.005628931452520192,0.7598757655234476,0.039167000000617236
stable porous MOFs for CO2 adsorption,q1_co2_adsorption,45,GAT only,4,qmof-403e9cb,Co2C24H32N4O18,0.716667,3.469655,True,1.697328907,True,0.7,0.487096,1|1|1|1,0.7598757655234476,0.8723204284906387,0.006747484110140552,0.7598757655234476,0.039167000000617236
stable porous MOFs for CO2 adsorption,q1_co2_adsorption,45,GAT only,5,qmof-71748b1,Co2C34H26N10O10S6,0.716667,3.369053,True,1.740750274,True,0.7,0.486528,1|1|1|1,0.7598757655234476,0.8723204284906387,0.006509908856241964,0.7598757655234476,0.039167000000617236
stable porous MOFs for CO2 adsorption,q1_co2_adsorption,45,LEA + GraphSAGE,1,qmof-ec84fcf,Co2C20H16N28,0.716667,2.596155,True,1.767424228,True,0.7,0.294716,1|1|1|1,0.7598757655234476,0.8723204284906387,0.0,0.7676090344786644,94.73145800000005
stable porous MOFs for CO2 adsorption,q1_co2_adsorption,45,LEA + GraphSAGE,2,qmof-275dcce,Co2Nd2C32H32N20O12,0.716667,2.684298,True,1.787505544,True,0.7,0.273937,1|1|1|1,0.7598757655234476,0.8723204284906387,0.009292657487094402,0.7637722879648209,94.73145800000005
stable porous MOFs for CO2 adsorption,q1_co2_adsorption,45,LEA + GraphSAGE,3,qmof-0ea1d91,Co2C16H12N8O4,0.716667,3.489909,True,1.78772833,True,0.7,0.270682,1|1|1|1,0.7598757655234476,0.8723204284906387,0.00716555246617645,0.763170625269413,94.73145800000005
stable porous MOFs for CO2 adsorption,q1_co2_adsorption,45,LEA + GraphSAGE,4,qmof-f2d872e,Co2C36H40N8O12,0.716667,3.378082,True,1.334171796,True,0.7,0.265243,1|1|1|1,0.7598757655234476,0.8723204284906387,0.0068329764568867786,0.7621648117899895,94.73145800000005
stable porous MOFs for CO2 adsorption,q1_co2_adsorption,45,LEA + GraphSAGE,5,qmof-68234b7,Co2C30H32N2O14,0.716667,3.266102,True,1.399169923,True,0.7,0.262562,1|1|1|1,0.7598757655234476,0.8723204284906387,0.006529495667200536,0.7616688579320907,94.73145800000005
stable porous MOFs for CO2 adsorption,q1_co2_adsorption,45,LEA + GAT,1,qmof-ec84fcf,Co2C20H16N28,0.716667,2.596155,True,1.767424228,True,0.7,0.499851,1|1|1|1,0.7598757655234476,0.8723204284906387,0.0,0.8048956781625748,94.68591699999962
stable porous MOFs for CO2 adsorption,q1_co2_adsorption,45,LEA + GAT,2,qmof-0ea1d91,Co2C16H12N8O4,0.716667,3.489909,True,1.78772833,True,0.7,0.497662,1|1|1|1,0.7598757655234476,0.8723204284906387,0.0009789419127628207,0.8045060217380524,94.68591699999962
stable porous MOFs for CO2 adsorption,q1_co2_adsorption,45,LEA + GAT,3,qmof-334586a,Co2C28H20N16S4,0.716667,3.172952,True,1.76521634,True,0.7,0.47148,1|1|1|1,0.7598757655234476,0.8723204284906387,0.008458591027495762,0.7998268008232117,94.68591699999962
stable porous MOFs for CO2 adsorption,q1_co2_adsorption,45,LEA + GAT,4,qmof-9a1ecbc,Co2C28Cl4H24N8S6,0.716667,3.409833,True,1.797370089,True,0.7,0.467254,1|1|1|1,0.7598757655234476,0.8723204284906387,0.009240396107391765,0.7997000931296497,94.68591699999962
stable porous MOFs for CO2 adsorption,q1_co2_adsorption,45,LEA + GAT,5,qmof-f2d872e,Co2C36H40N8O12,0.716667,3.378082,True,1.334171796,True,0.7,0.47032,1|1|1|1,0.7598757655234476,0.8723204284906387,0.008276669151382521,0.7996187701821327,94.68591699999962
stable porous MOFs for CO2 adsorption,q1_co2_adsorption,46,SemanticOnly,1,qmof-fd921b0,Co2C16H16N8O8,0.716667,3.390441,True,1.58214776,True,0.7,,1|1|1|1,0.7598757655234476,0.8723204284906387,0.0,0.7598757655234476,0.0444579999996364
stable porous MOFs for CO2 adsorption,q1_co2_adsorption,46,SemanticOnly,2,qmof-f69d443,Co2C40H28N12O8,0.716667,2.877886,True,1.370451155,True,0.7,,1|1|1|1,0.7598757655234476,0.8723204284906387,0.0,0.7598757655234476,0.0444579999996364
stable porous MOFs for CO2 adsorption,q1_co2_adsorption,46,SemanticOnly,3,qmof-f343390,Co2C34H22N6O8,0.716667,3.060735,True,1.790740334,True,0.7,,1|1|1|1,0.7598757655234476,0.8723204284906387,0.0,0.7598757655234476,0.0444579999996364
stable porous MOFs for CO2 adsorption,q1_co2_adsorption,46,SemanticOnly,4,qmof-f2d872e,Co2C36H40N8O12,0.716667,3.378082,True,1.334171796,True,0.7,,1|1|1|1,0.7598757655234476,0.8723204284906387,0.0,0.7598757655234476,0.0444579999996364
stable porous MOFs for CO2 adsorption,q1_co2_adsorption,46,SemanticOnly,5,qmof-f260694,Co2C24H24N12O4,0.716667,3.683788,True,1.450608165,True,0.7,,1|1|1|1,0.6672850245975401,0.910732090473175,0.1,0.6672850245975401,0.0444579999996364
stable porous MOFs for CO2 adsorption,q1_co2_adsorption,46,WeightedSum,1,qmof-fd921b0,Co2C16H16N8O8,0.716667,3.390441,True,1.58214776,True,0.7,,1|1|1|1,0.7598757655234476,0.8723204284906387,0.0,0.7598757655234476,0.04495900000023312
stable porous MOFs for CO2 adsorption,q1_co2_adsorption,46,WeightedSum,2,qmof-f69d443,Co2C40H28N12O8,0.716667,2.877886,True,1.370451155,True,0.7,,1|1|1|1,0.7598757655234476,0.8723204284906387,0.0,0.7598757655234476,0.04495900000023312
stable porous MOFs for CO2 adsorption,q1_co2_adsorption,46,WeightedSum,3,qmof-f343390,Co2C34H22N6O8,0.716667,3.060735,True,1.790740334,True,0.7,,1|1|1|1,0.7598757655234476,0.8723204284906387,0.0,0.7598757655234476,0.04495900000023312
stable porous MOFs for CO2 adsorption,q1_co2_adsorption,46,WeightedSum,4,qmof-f2d872e,Co2C36H40N8O12,0.716667,3.378082,True,1.334171796,True,0.7,,1|1|1|1,0.7598757655234476,0.8723204284906387,0.0,0.7598757655234476,0.04495900000023312
stable porous MOFs for CO2 adsorption,q1_co2_adsorption,46,WeightedSum,5,qmof-f0c9af4,Co2C50H38N10O12,0.716667,2.642464,True,1.607919854,True,0.7,,1|1|1|1,0.7598757655234476,0.8723204284906387,0.0,0.7598757655234476,0.04495900000023312
stable porous MOFs for CO2 adsorption,q1_co2_adsorption,46,TOPSIS,1,qmof-fd921b0,Co2C16H16N8O8,0.716667,3.390441,True,1.58214776,True,0.7,,1|1|1|1,0.7598757655234476,0.8723204284906387,0.0,0.7598757655234476,1.1669580000006619
stable porous MOFs for CO2 adsorption,q1_co2_adsorption,46,TOPSIS,2,qmof-f69d443,Co2C40H28N12O8,0.716667,2.877886,True,1.370451155,True,0.7,,1|1|1|1,0.7598757655234476,0.8723204284906387,0.0,0.7598757655234476,1.1669580000006619
stable porous MOFs for CO2 adsorption,q1_co2_adsorption,46,TOPSIS,3,qmof-f343390,Co2C34H22N6O8,0.716667,3.060735,True,1.790740334,True,0.7,,1|1|1|1,0.7598757655234476,0.8723204284906387,0.0,0.7598757655234476,1.1669580000006619
stable porous MOFs for CO2 adsorption,q1_co2_adsorption,46,TOPSIS,4,qmof-f2d872e,Co2C36H40N8O12,0.716667,3.378082,True,1.334171796,True,0.7,,1|1|1|1,0.7598757655234476,0.8723204284906387,0.0,0.7598757655234476,1.1669580000006619
stable porous MOFs for CO2 adsorption,q1_co2_adsorption,46,TOPSIS,5,qmof-f0c9af4,Co2C50H38N10O12,0.716667,2.642464,True,1.607919854,True,0.7,,1|1|1|1,0.7598757655234476,0.8723204284906387,0.0,0.7598757655234476,1.1669580000006619
stable porous MOFs for CO2 adsorption,q1_co2_adsorption,46,ParetoCrowding,1,qmof-fd921b0,Co2C16H16N8O8,0.716667,3.390441,True,1.58214776,True,0.7,,1|1|1|1,0.7598757655234476,0.8723204284906387,0.0,0.7598757655234476,183.32749999999896
stable porous MOFs for CO2 adsorption,q1_co2_adsorption,46,ParetoCrowding,2,qmof-f69d443,Co2C40H28N12O8,0.716667,2.877886,True,1.370451155,True,0.7,,1|1|1|1,0.7598757655234476,0.8723204284906387,0.0,0.7598757655234476,183.32749999999896
stable porous MOFs for CO2 adsorption,q1_co2_adsorption,46,ParetoCrowding,3,qmof-f343390,Co2C34H22N6O8,0.716667,3.060735,True,1.790740334,True,0.7,,1|1|1|1,0.7598757655234476,0.8723204284906387,0.0,0.7598757655234476,183.32749999999896
stable porous MOFs for CO2 adsorption,q1_co2_adsorption,46,ParetoCrowding,4,qmof-f2d872e,Co2C36H40N8O12,0.716667,3.378082,True,1.334171796,True,0.7,,1|1|1|1,0.7598757655234476,0.8723204284906387,0.0,0.7598757655234476,183.32749999999896
stable porous MOFs for CO2 adsorption,q1_co2_adsorption,46,ParetoCrowding,5,qmof-f0c9af4,Co2C50H38N10O12,0.716667,2.642464,True,1.607919854,True,0.7,,1|1|1|1,0.7598757655234476,0.8723204284906387,0.0,0.7598757655234476,183.32749999999896
stable porous MOFs for CO2 adsorption,q1_co2_adsorption,46,Random,1,qmof-a2a9bf5,Co2C32H24O12,0.716667,3.521155,True,1.654834651,True,0.7,,1|1|1|1,0.6672850245975401,0.910732090473175,0.0,0.6672850245975401,0.041916999999003224
stable porous MOFs for CO2 adsorption,q1_co2_adsorption,46,Random,2,qmof-87a7761,Co2C40H34N6O8,0.716667,3.823466,True,1.516654404,True,0.7,,1|1|1|1,0.6672850245975401,0.910732090473175,0.0,0.6672850245975401,0.041916999999003224
stable porous MOFs for CO2 adsorption,q1_co2_adsorption,46,Random,3,qmof-d976696,Co2C40H30N10O12S4,0.716667,2.509891,True,1.731777887,True,0.7,,1|1|1|1,0.7598757655234476,0.8723204284906387,0.16666666666666666,0.7598757655234476,0.041916999999003224
stable porous MOFs for CO2 adsorption,q1_co2_adsorption,46,Random,4,qmof-987c95e,Co2C28H24N20,0.716667,3.932363,True,1.701367832,True,0.7,,1|1|1|1,0.6672850245975401,0.910732090473175,0.125,0.6672850245975401,0.041916999999003224
stable porous MOFs for CO2 adsorption,q1_co2_adsorption,46,Random,5,qmof-dbfc0f0,Co2C32H40N4O12,0.716667,3.861136,True,1.678153236,True,0.7,,1|1|1|1,0.6672850245975401,0.910732090473175,0.1,0.6672850245975401,0.041916999999003224
stable porous MOFs for CO2 adsorption,q1_co2_adsorption,46,MMR,1,qmof-68234b7,Co2C30H32N2O14,0.716667,3.266102,True,1.399169923,True,0.7,,1|1|1|1,0.7598757655234476,0.8723204284906387,0.0,0.7598757655234476,1661.4869579999993
stable porous MOFs for CO2 adsorption,q1_co2_adsorption,46,MMR,2,qmof-f260694,Co2C24H24N12O4,0.716667,3.683788,True,1.450608165,True,0.7,,1|1|1|1,0.6672850245975401,0.910732090473175,0.25,0.6672850245975401,1661.4869579999993
stable porous MOFs for CO2 adsorption,q1_co2_adsorption,46,MMR,3,qmof-a5ebf1c,Co2C28H20N6O10,0.716667,3.242997,True,1.788603861,True,0.7,,1|1|1|1,0.7598757655234476,0.8723204284906387,0.16666666666666666,0.7598757655234476,1661.4869579999993
stable porous MOFs for CO2 adsorption,q1_co2_adsorption,46,MMR,4,qmof-d8703ab,Co2C24H24N8O8,0.716667,3.365559,True,1.778550968,True,0.7,,1|1|1|1,0.7598757655234476,0.8723204284906387,0.125,0.7598757655234476,1661.4869579999993
stable porous MOFs for CO2 adsorption,q1_co2_adsorption,46,MMR,5,qmof-12ba7bc,Co2C46H28N8O12S4,0.716667,3.142553,True,1.708388658,True,0.7,,1|1|1|1,0.7598757655234476,0.8723204284906387,0.1,0.7598757655234476,1661.4869579999993
stable porous MOFs for CO2 adsorption,q1_co2_adsorption,46,LEA,1,qmof-1ca4ac2,Co2Cu4Br4C30H60N6S12,0.716667,2.866054,True,1.689685123,True,0.7,,1|1|1|1,0.7598757655234476,0.8723204284906387,0.0,0.8596077576279639,91.28408299999968
stable porous MOFs for CO2 adsorption,q1_co2_adsorption,46,LEA,2,qmof-c1d4910,Ag2Co2C52H68N4O16,0.716667,3.401985,True,1.591390503,True,0.7,,1|1|1|1,0.7598757655234476,0.8723204284906387,0.0,0.8596077576279639,91.28408299999968
stable porous MOFs for CO2 adsorption,q1_co2_adsorption,46,LEA,3,qmof-8bbce0c,Co2C48H32N12O12,0.716667,2.64074,True,1.614965635,True,0.7,,1|1|1|1,0.7598757655234476,0.8723204284906387,0.0,0.8596077576279639,91.28408299999968
stable porous MOFs for CO2 adsorption,q1_co2_adsorption,46,LEA,4,qmof-32457b4,Co2C46H32N8O10,0.716667,2.692662,True,1.566836939,True,0.7,,1|1|1|1,0.7598757655234476,0.8723204284906387,0.0,0.8596077576279639,91.28408299999968
stable porous MOFs for CO2 adsorption,q1_co2_adsorption,46,LEA,5,qmof-6a9204c,Co2C40Cl4H28N4O8,0.716667,3.097808,True,1.759352827,True,0.7,,1|1|1|1,0.7598757655234476,0.8723204284906387,0.0,0.8596077576279639,91.28408299999968
stable porous MOFs for CO2 adsorption,q1_co2_adsorption,46,LEA no diversity,1,qmof-1ca4ac2,Co2Cu4Br4C30H60N6S12,0.716667,2.866054,True,1.689685123,True,0.7,,1|1|1|1,0.7598757655234476,0.8723204284906387,0.0,0.847107757627964,90.87299999999843
stable porous MOFs for CO2 adsorption,q1_co2_adsorption,46,LEA no diversity,2,qmof-c1d4910,Ag2Co2C52H68N4O16,0.716667,3.401985,True,1.591390503,True,0.7,,1|1|1|1,0.7598757655234476,0.8723204284906387,0.0,0.847107757627964,90.87299999999843
stable porous MOFs for CO2 adsorption,q1_co2_adsorption,46,LEA no diversity,3,qmof-8bbce0c,Co2C48H32N12O12,0.716667,2.64074,True,1.614965635,True,0.7,,1|1|1|1,0.7598757655234476,0.8723204284906387,0.0,0.847107757627964,90.87299999999843
stable porous MOFs for CO2 adsorption,q1_co2_adsorption,46,LEA no diversity,4,qmof-32457b4,Co2C46H32N8O10,0.716667,2.692662,True,1.566836939,True,0.7,,1|1|1|1,0.7598757655234476,0.8723204284906387,0.0,0.847107757627964,90.87299999999843
stable porous MOFs for CO2 adsorption,q1_co2_adsorption,46,LEA no diversity,5,qmof-6a9204c,Co2C40Cl4H28N4O8,0.716667,3.097808,True,1.759352827,True,0.7,,1|1|1|1,0.7598757655234476,0.8723204284906387,0.0,0.847107757627964,90.87299999999843
stable porous MOFs for CO2 adsorption,q1_co2_adsorption,46,LEA no self-cleaning,1,qmof-1ca4ac2,Co2Cu4Br4C30H60N6S12,0.716667,2.866054,True,1.689685123,True,0.7,,1|1|1|1,0.7598757655234476,0.8723204284906387,0.0,0.8596077576279639,92.28425000000051
stable porous MOFs for CO2 adsorption,q1_co2_adsorption,46,LEA no self-cleaning,2,qmof-c1d4910,Ag2Co2C52H68N4O16,0.716667,3.401985,True,1.591390503,True,0.7,,1|1|1|1,0.7598757655234476,0.8723204284906387,0.0,0.8596077576279639,92.28425000000051
stable porous MOFs for CO2 adsorption,q1_co2_adsorption,46,LEA no self-cleaning,3,qmof-8bbce0c,Co2C48H32N12O12,0.716667,2.64074,True,1.614965635,True,0.7,,1|1|1|1,0.7598757655234476,0.8723204284906387,0.0,0.8596077576279639,92.28425000000051
stable porous MOFs for CO2 adsorption,q1_co2_adsorption,46,LEA no self-cleaning,4,qmof-32457b4,Co2C46H32N8O10,0.716667,2.692662,True,1.566836939,True,0.7,,1|1|1|1,0.7598757655234476,0.8723204284906387,0.0,0.8596077576279639,92.28425000000051
stable porous MOFs for CO2 adsorption,q1_co2_adsorption,46,LEA no self-cleaning,5,qmof-6a9204c,Co2C40Cl4H28N4O8,0.716667,3.097808,True,1.759352827,True,0.7,,1|1|1|1,0.7598757655234476,0.8723204284906387,0.0,0.8596077576279639,92.28425000000051
stable porous MOFs for CO2 adsorption,q1_co2_adsorption,46,GraphSAGE only,1,qmof-ec84fcf,Co2C20H16N28,0.716667,2.596155,True,1.767424228,True,0.7,0.294716,1|1|1|1,0.7598757655234476,0.8723204284906387,0.0,0.7598757655234476,0.0476250000005507
stable porous MOFs for CO2 adsorption,q1_co2_adsorption,46,GraphSAGE only,2,qmof-fd921b0,Co2C16H16N8O8,0.716667,3.390441,True,1.58214776,True,0.7,0.289339,1|1|1|1,0.7598757655234476,0.8723204284906387,0.002404665108770132,0.7598757655234476,0.0476250000005507
stable porous MOFs for CO2 adsorption,q1_co2_adsorption,46,GraphSAGE only,3,qmof-275dcce,Co2Nd2C32H32N20O12,0.716667,2.684298,True,1.787505544,True,0.7,0.273937,1|1|1|1,0.7598757655234476,0.8723204284906387,0.006195104991396268,0.7598757655234476,0.0476250000005507
stable porous MOFs for CO2 adsorption,q1_co2_adsorption,46,GraphSAGE only,4,qmof-0ea1d91,Co2C16H12N8O4,0.716667,3.489909,True,1.78772833,True,0.7,0.270682,1|1|1|1,0.7598757655234476,0.8723204284906387,0.006522163147261987,0.7598757655234476,0.0476250000005507
stable porous MOFs for CO2 adsorption,q1_co2_adsorption,46,GraphSAGE only,5,qmof-f69d443,Co2C40H28N12O8,0.716667,2.877886,True,1.370451155,True,0.7,0.268327,1|1|1|1,0.7598757655234476,0.8723204284906387,0.006389341072645038,0.7598757655234476,0.0476250000005507
stable porous MOFs for CO2 adsorption,q1_co2_adsorption,46,GAT only,1,qmof-fd921b0,Co2C16H16N8O8,0.716667,3.390441,True,1.58214776,True,0.7,0.516542,1|1|1|1,0.7598757655234476,0.8723204284906387,0.0,0.7598757655234476,0.03737499999978411
stable porous MOFs for CO2 adsorption,q1_co2_adsorption,46,GAT only,2,qmof-ec84fcf,Co2C20H16N28,0.716667,2.596155,True,1.767424228,True,0.7,0.499851,1|1|1|1,0.7598757655234476,0.8723204284906387,0.007464454974979162,0.7598757655234476,0.03737499999978411
stable porous MOFs for CO2 adsorption,q1_co2_adsorption,46,GAT only,3,qmof-0ea1d91,Co2C16H12N8O4,0.716667,3.489909,True,1.78772833,True,0.7,0.497662,1|1|1|1,0.7598757655234476,0.8723204284906387,0.005628931452520192,0.7598757655234476,0.03737499999978411
stable porous MOFs for CO2 adsorption,q1_co2_adsorption,46,GAT only,4,qmof-403e9cb,Co2C24H32N4O18,0.716667,3.469655,True,1.697328907,True,0.7,0.487096,1|1|1|1,0.7598757655234476,0.8723204284906387,0.006747484110140552,0.7598757655234476,0.03737499999978411
stable porous MOFs for CO2 adsorption,q1_co2_adsorption,46,GAT only,5,qmof-71748b1,Co2C34H26N10O10S6,0.716667,3.369053,True,1.740750274,True,0.7,0.486528,1|1|1|1,0.7598757655234476,0.8723204284906387,0.006509908856241964,0.7598757655234476,0.03737499999978411
stable porous MOFs for CO2 adsorption,q1_co2_adsorption,46,LEA + GraphSAGE,1,qmof-ec84fcf,Co2C20H16N28,0.716667,2.596155,True,1.767424228,True,0.7,0.294716,1|1|1|1,0.7598757655234476,0.8723204284906387,0.0,0.7676090344786644,96.29387500000064
stable porous MOFs for CO2 adsorption,q1_co2_adsorption,46,LEA + GraphSAGE,2,qmof-fd921b0,Co2C16H16N8O8,0.716667,3.390441,True,1.58214776,True,0.7,0.289339,1|1|1|1,0.7598757655234476,0.8723204284906387,0.002404665108770132,0.76661696434021,96.29387500000064
stable porous MOFs for CO2 adsorption,q1_co2_adsorption,46,LEA + GraphSAGE,3,qmof-275dcce,Co2Nd2C32H32N20O12,0.716667,2.684298,True,1.787505544,True,0.7,0.273937,1|1|1|1,0.7598757655234476,0.8723204284906387,0.006195104991396268,0.7637722879648209,96.29387500000064
stable porous MOFs for CO2 adsorption,q1_co2_adsorption,46,LEA + GraphSAGE,4,qmof-0ea1d91,Co2C16H12N8O4,0.716667,3.489909,True,1.78772833,True,0.7,0.270682,1|1|1|1,0.7598757655234476,0.8723204284906387,0.006522163147261987,0.7637655354104936,96.29387500000064
stable porous MOFs for CO2 adsorption,q1_co2_adsorption,46,LEA + GraphSAGE,5,qmof-330a403,Co2C58F12H32N8O8S2,0.716667,2.471348,True,1.414912408,True,0.7,0.266832,1|1|1|1,0.7598757655234476,0.8723204284906387,0.006656775425653905,0.7630880574695766,96.29387500000064
stable porous MOFs for CO2 adsorption,q1_co2_adsorption,46,LEA + GAT,1,qmof-fd921b0,Co2C16H16N8O8,0.716667,3.390441,True,1.58214776,True,0.7,0.516542,1|1|1|1,0.7598757655234476,0.8723204284906387,0.0,0.8078589275479316,94.73758299999879
stable porous MOFs for CO2 adsorption,q1_co2_adsorption,46,LEA + GAT,2,qmof-ec84fcf,Co2C20H16N28,0.716667,2.596155,True,1.767424228,True,0.7,0.499851,1|1|1|1,0.7598757655234476,0.8723204284906387,0.007464454974979162,0.8048956781625748,94.73758299999879
stable porous MOFs for CO2 adsorption,q1_co2_adsorption,46,LEA + GAT,3,qmof-9a1ecbc,Co2C28Cl4H24N8S6,0.716667,3.409833,True,1.797370089,True,0.7,0.467254,1|1|1|1,0.7598757655234476,0.8723204284906387,0.014694844217350086,0.7998542840592563,94.73758299999879
stable porous MOFs for CO2 adsorption,q1_co2_adsorption,46,LEA + GAT,4,qmof-c0d0be0,Co2C28H20N4O12,0.716667,3.369652,True,1.717539182,True,0.7,0.46756,1|1|1|1,0.7598757655234476,0.8723204284906387,0.013427961903895872,0.7991235226392746,94.73758299999879
stable porous MOFs for CO2 adsorption,q1_co2_adsorption,46,LEA + GAT,5,qmof-c631f72,Co2C42H28N8O16,0.716667,3.280036,True,1.65313731,True,0.7,0.465356,1|1|1|1,0.7598757655234476,0.8723204284906387,0.012071996784652584,0.7987278491258621,94.73758299999879
stable porous MOFs for CO2 adsorption,q1_co2_adsorption,47,SemanticOnly,1,qmof-fe6f735,Co2C58H64N8O12,0.716667,4.292873,True,1.418878739,True,0.7,,1|1|1|1,0.6672850245975401,0.910732090473175,0.0,0.6672850245975401,0.047999999999603915
stable porous MOFs for CO2 adsorption,q1_co2_adsorption,47,SemanticOnly,2,qmof-fd921b0,Co2C16H16N8O8,0.716667,3.390441,True,1.58214776,True,0.7,,1|1|1|1,0.7598757655234476,0.8723204284906387,0.25,0.7598757655234476,0.047999999999603915
stable porous MOFs for CO2 adsorption,q1_co2_adsorption,47,SemanticOnly,3,qmof-f771839,Co2C38H40N8O8,0.716667,4.295336,True,1.401927433,True,0.7,,1|1|1|1,0.6672850245975401,0.910732090473175,0.16666666666666666,0.6672850245975401,0.047999999999603915
stable porous MOFs for CO2 adsorption,q1_co2_adsorption,47,SemanticOnly,4,qmof-f69d443,Co2C40H28N12O8,0.716667,2.877886,True,1.370451155,True,0.7,,1|1|1|1,0.7598757655234476,0.8723204284906387,0.16666666666666666,0.7598757655234476,0.047999999999603915
stable porous MOFs for CO2 adsorption,q1_co2_adsorption,47,SemanticOnly,5,qmof-f343390,Co2C34H22N6O8,0.716667,3.060735,True,1.790740334,True,0.7,,1|1|1|1,0.7598757655234476,0.8723204284906387,0.15,0.7598757655234476,0.047999999999603915
stable porous MOFs for CO2 adsorption,q1_co2_adsorption,47,WeightedSum,1,qmof-fd921b0,Co2C16H16N8O8,0.716667,3.390441,True,1.58214776,True,0.7,,1|1|1|1,0.7598757655234476,0.8723204284906387,0.0,0.7598757655234476,0.04291700000003118
stable porous MOFs for CO2 adsorption,q1_co2_adsorption,47,WeightedSum,2,qmof-f69d443,Co2C40H28N12O8,0.716667,2.877886,True,1.370451155,True,0.7,,1|1|1|1,0.7598757655234476,0.8723204284906387,0.0,0.7598757655234476,0.04291700000003118
stable porous MOFs for CO2 adsorption,q1_co2_adsorption,47,WeightedSum,3,qmof-f343390,Co2C34H22N6O8,0.716667,3.060735,True,1.790740334,True,0.7,,1|1|1|1,0.7598757655234476,0.8723204284906387,0.0,0.7598757655234476,0.04291700000003118
stable porous MOFs for CO2 adsorption,q1_co2_adsorption,47,WeightedSum,4,qmof-f2d872e,Co2C36H40N8O12,0.716667,3.378082,True,1.334171796,True,0.7,,1|1|1|1,0.7598757655234476,0.8723204284906387,0.0,0.7598757655234476,0.04291700000003118
stable porous MOFs for CO2 adsorption,q1_co2_adsorption,47,WeightedSum,5,qmof-f0c9af4,Co2C50H38N10O12,0.716667,2.642464,True,1.607919854,True,0.7,,1|1|1|1,0.7598757655234476,0.8723204284906387,0.0,0.7598757655234476,0.04291700000003118
stable porous MOFs for CO2 adsorption,q1_co2_adsorption,47,TOPSIS,1,qmof-fd921b0,Co2C16H16N8O8,0.716667,3.390441,True,1.58214776,True,0.7,,1|1|1|1,0.7598757655234476,0.8723204284906387,0.0,0.7598757655234476,1.1160830000012112
stable porous MOFs for CO2 adsorption,q1_co2_adsorption,47,TOPSIS,2,qmof-f69d443,Co2C40H28N12O8,0.716667,2.877886,True,1.370451155,True,0.7,,1|1|1|1,0.7598757655234476,0.8723204284906387,0.0,0.7598757655234476,1.1160830000012112
stable porous MOFs for CO2 adsorption,q1_co2_adsorption,47,TOPSIS,3,qmof-f343390,Co2C34H22N6O8,0.716667,3.060735,True,1.790740334,True,0.7,,1|1|1|1,0.7598757655234476,0.8723204284906387,0.0,0.7598757655234476,1.1160830000012112
stable porous MOFs for CO2 adsorption,q1_co2_adsorption,47,TOPSIS,4,qmof-f2d872e,Co2C36H40N8O12,0.716667,3.378082,True,1.334171796,True,0.7,,1|1|1|1,0.7598757655234476,0.8723204284906387,0.0,0.7598757655234476,1.1160830000012112
stable porous MOFs for CO2 adsorption,q1_co2_adsorption,47,TOPSIS,5,qmof-f0c9af4,Co2C50H38N10O12,0.716667,2.642464,True,1.607919854,True,0.7,,1|1|1|1,0.7598757655234476,0.8723204284906387,0.0,0.7598757655234476,1.1160830000012112
stable porous MOFs for CO2 adsorption,q1_co2_adsorption,47,ParetoCrowding,1,qmof-fd921b0,Co2C16H16N8O8,0.716667,3.390441,True,1.58214776,True,0.7,,1|1|1|1,0.7598757655234476,0.8723204284906387,0.0,0.7598757655234476,184.41124999999835
stable porous MOFs for CO2 adsorption,q1_co2_adsorption,47,ParetoCrowding,2,qmof-f69d443,Co2C40H28N12O8,0.716667,2.877886,True,1.370451155,True,0.7,,1|1|1|1,0.7598757655234476,0.8723204284906387,0.0,0.7598757655234476,184.41124999999835
stable porous MOFs for CO2 adsorption,q1_co2_adsorption,47,ParetoCrowding,3,qmof-f343390,Co2C34H22N6O8,0.716667,3.060735,True,1.790740334,True,0.7,,1|1|1|1,0.7598757655234476,0.8723204284906387,0.0,0.7598757655234476,184.41124999999835
stable porous MOFs for CO2 adsorption,q1_co2_adsorption,47,ParetoCrowding,4,qmof-f2d872e,Co2C36H40N8O12,0.716667,3.378082,True,1.334171796,True,0.7,,1|1|1|1,0.7598757655234476,0.8723204284906387,0.0,0.7598757655234476,184.41124999999835
stable porous MOFs for CO2 adsorption,q1_co2_adsorption,47,ParetoCrowding,5,qmof-f0c9af4,Co2C50H38N10O12,0.716667,2.642464,True,1.607919854,True,0.7,,1|1|1|1,0.7598757655234476,0.8723204284906387,0.0,0.7598757655234476,184.41124999999835
stable porous MOFs for CO2 adsorption,q1_co2_adsorption,47,Random,1,qmof-8bbce0c,Co2C48H32N12O12,0.716667,2.64074,True,1.614965635,True,0.7,,1|1|1|1,0.7598757655234476,0.8723204284906387,0.0,0.7598757655234476,0.052500000000677005
stable porous MOFs for CO2 adsorption,q1_co2_adsorption,47,Random,2,qmof-3f10a21,Co2C44H36N8O8,0.716667,4.462347,True,1.545215391,True,0.7,,1|1|1|1,0.6672850245975401,0.910732090473175,0.25,0.6672850245975401,0.052500000000677005
stable porous MOFs for CO2 adsorption,q1_co2_adsorption,47,Random,3,qmof-1f0ad0a,Co2C44H40N4O16,0.716667,3.426973,True,1.656576851,True,0.7,,1|1|1|1,0.7598757655234476,0.8723204284906387,0.16666666666666666,0.7598757655234476,0.052500000000677005
stable porous MOFs for CO2 adsorption,q1_co2_adsorption,47,Random,4,qmof-57e6787,Co2C34H28N4O8,0.716667,3.298084,True,1.718108992,True,0.7,,1|1|1|1,0.7598757655234476,0.8723204284906387,0.125,0.7598757655234476,0.052500000000677005
stable porous MOFs for CO2 adsorption,q1_co2_adsorption,47,Random,5,qmof-e268c52,Co2C28H24N8,0.716667,3.826909,True,1.39905003,True,0.7,,1|1|1|1,0.6672850245975401,0.910732090473175,0.15,0.6672850245975401,0.052500000000677005
stable porous MOFs for CO2 adsorption,q1_co2_adsorption,47,MMR,1,qmof-32457b4,Co2C46H32N8O10,0.716667,2.692662,True,1.566836939,True,0.7,,1|1|1|1,0.7598757655234476,0.8723204284906387,0.0,0.7598757655234476,1668.7498750000013
stable porous MOFs for CO2 adsorption,q1_co2_adsorption,47,MMR,2,qmof-8fa9c85,Co2C44Cl4H32N8O8,0.716667,4.249642,True,1.66281225,True,0.7,,1|1|1|1,0.6672850245975401,0.910732090473175,0.25,0.6672850245975401,1668.7498750000013
stable porous MOFs for CO2 adsorption,q1_co2_adsorption,47,MMR,3,qmof-b2bccba,Co2C42H32N4O12,0.716667,2.789533,True,1.669649743,True,0.7,,1|1|1|1,0.7598757655234476,0.8723204284906387,0.16666666666666666,0.7598757655234476,1668.7498750000013
stable porous MOFs for CO2 adsorption,q1_co2_adsorption,47,MMR,4,qmof-b2fddf8,Co2C40H28N4O14S2,0.716667,2.966635,True,1.64642024,True,0.7,,1|1|1|1,0.7598757655234476,0.8723204284906387,0.125,0.7598757655234476,1668.7498750000013
stable porous MOFs for CO2 adsorption,q1_co2_adsorption,47,MMR,5,qmof-68234b7,Co2C30H32N2O14,0.716667,3.266102,True,1.399169923,True,0.7,,1|1|1|1,0.7598757655234476,0.8723204284906387,0.1,0.7598757655234476,1668.7498750000013
stable porous MOFs for CO2 adsorption,q1_co2_adsorption,47,LEA,1,qmof-ba8d316,Co2C32H24O12,0.716667,1.250046,True,1.746231048,True,0.7,,1|1|1|1,0.7598757655234476,0.8723204284906387,0.0,0.8596077576279639,90.8449580000017
stable porous MOFs for CO2 adsorption,q1_co2_adsorption,47,LEA,2,qmof-a5ebf1c,Co2C28H20N6O10,0.716667,3.242997,True,1.788603861,True,0.7,,1|1|1|1,0.7598757655234476,0.8723204284906387,0.0,0.8596077576279639,90.8449580000017
stable porous MOFs for CO2 adsorption,q1_co2_adsorption,47,LEA,3,qmof-57e6787,Co2C34H28N4O8,0.716667,3.298084,True,1.718108992,True,0.7,,1|1|1|1,0.7598757655234476,0.8723204284906387,0.0,0.8596077576279639,90.8449580000017
stable porous MOFs for CO2 adsorption,q1_co2_adsorption,47,LEA,4,qmof-26c54ef,Co2C32H24N4O8,0.716667,2.825171,True,1.504454446,True,0.7,,1|1|1|1,0.7598757655234476,0.8723204284906387,0.0,0.8596077576279639,90.8449580000017
stable porous MOFs for CO2 adsorption,q1_co2_adsorption,47,LEA,5,qmof-f69d443,Co2C40H28N12O8,0.716667,2.877886,True,1.370451155,True,0.7,,1|1|1|1,0.7598757655234476,0.8723204284906387,0.0,0.8596077576279639,90.8449580000017
stable porous MOFs for CO2 adsorption,q1_co2_adsorption,47,LEA no diversity,1,qmof-ba8d316,Co2C32H24O12,0.716667,1.250046,True,1.746231048,True,0.7,,1|1|1|1,0.7598757655234476,0.8723204284906387,0.0,0.847107757627964,91.06716599999842
stable porous MOFs for CO2 adsorption,q1_co2_adsorption,47,LEA no diversity,2,qmof-a5ebf1c,Co2C28H20N6O10,0.716667,3.242997,True,1.788603861,True,0.7,,1|1|1|1,0.7598757655234476,0.8723204284906387,0.0,0.847107757627964,91.06716599999842
stable porous MOFs for CO2 adsorption,q1_co2_adsorption,47,LEA no diversity,3,qmof-57e6787,Co2C34H28N4O8,0.716667,3.298084,True,1.718108992,True,0.7,,1|1|1|1,0.7598757655234476,0.8723204284906387,0.0,0.847107757627964,91.06716599999842
stable porous MOFs for CO2 adsorption,q1_co2_adsorption,47,LEA no diversity,4,qmof-26c54ef,Co2C32H24N4O8,0.716667,2.825171,True,1.504454446,True,0.7,,1|1|1|1,0.7598757655234476,0.8723204284906387,0.0,0.847107757627964,91.06716599999842
stable porous MOFs for CO2 adsorption,q1_co2_adsorption,47,LEA no diversity,5,qmof-f69d443,Co2C40H28N12O8,0.716667,2.877886,True,1.370451155,True,0.7,,1|1|1|1,0.7598757655234476,0.8723204284906387,0.0,0.847107757627964,91.06716599999842
stable porous MOFs for CO2 adsorption,q1_co2_adsorption,47,LEA no self-cleaning,1,qmof-ba8d316,Co2C32H24O12,0.716667,1.250046,True,1.746231048,True,0.7,,1|1|1|1,0.7598757655234476,0.8723204284906387,0.0,0.8596077576279639,90.34912500000303
stable porous MOFs for CO2 adsorption,q1_co2_adsorption,47,LEA no self-cleaning,2,qmof-a5ebf1c,Co2C28H20N6O10,0.716667,3.242997,True,1.788603861,True,0.7,,1|1|1|1,0.7598757655234476,0.8723204284906387,0.0,0.8596077576279639,90.34912500000303
stable porous MOFs for CO2 adsorption,q1_co2_adsorption,47,LEA no self-cleaning,3,qmof-57e6787,Co2C34H28N4O8,0.716667,3.298084,True,1.718108992,True,0.7,,1|1|1|1,0.7598757655234476,0.8723204284906387,0.0,0.8596077576279639,90.34912500000303
stable porous MOFs for CO2 adsorption,q1_co2_adsorption,47,LEA no self-cleaning,4,qmof-26c54ef,Co2C32H24N4O8,0.716667,2.825171,True,1.504454446,True,0.7,,1|1|1|1,0.7598757655234476,0.8723204284906387,0.0,0.8596077576279639,90.34912500000303
stable porous MOFs for CO2 adsorption,q1_co2_adsorption,47,LEA no self-cleaning,5,qmof-f69d443,Co2C40H28N12O8,0.716667,2.877886,True,1.370451155,True,0.7,,1|1|1|1,0.7598757655234476,0.8723204284906387,0.0,0.8596077576279639,90.34912500000303
stable porous MOFs for CO2 adsorption,q1_co2_adsorption,47,GraphSAGE only,1,qmof-ec84fcf,Co2C20H16N28,0.716667,2.596155,True,1.767424228,True,0.7,0.294716,1|1|1|1,0.7598757655234476,0.8723204284906387,0.0,0.7598757655234476,0.04508399999991752
stable porous MOFs for CO2 adsorption,q1_co2_adsorption,47,GraphSAGE only,2,qmof-fd921b0,Co2C16H16N8O8,0.716667,3.390441,True,1.58214776,True,0.7,0.289339,1|1|1|1,0.7598757655234476,0.8723204284906387,0.002404665108770132,0.7598757655234476,0.04508399999991752
stable porous MOFs for CO2 adsorption,q1_co2_adsorption,47,GraphSAGE only,3,qmof-275dcce,Co2Nd2C32H32N20O12,0.716667,2.684298,True,1.787505544,True,0.7,0.273937,1|1|1|1,0.7598757655234476,0.8723204284906387,0.006195104991396268,0.7598757655234476,0.04508399999991752
stable porous MOFs for CO2 adsorption,q1_co2_adsorption,47,GraphSAGE only,4,qmof-0ea1d91,Co2C16H12N8O4,0.716667,3.489909,True,1.78772833,True,0.7,0.270682,1|1|1|1,0.7598757655234476,0.8723204284906387,0.006522163147261987,0.7598757655234476,0.04508399999991752
stable porous MOFs for CO2 adsorption,q1_co2_adsorption,47,GraphSAGE only,5,qmof-f69d443,Co2C40H28N12O8,0.716667,2.877886,True,1.370451155,True,0.7,0.268327,1|1|1|1,0.7598757655234476,0.8723204284906387,0.006389341072645038,0.7598757655234476,0.04508399999991752
stable porous MOFs for CO2 adsorption,q1_co2_adsorption,47,GAT only,1,qmof-fd921b0,Co2C16H16N8O8,0.716667,3.390441,True,1.58214776,True,0.7,0.516542,1|1|1|1,0.7598757655234476,0.8723204284906387,0.0,0.7598757655234476,0.04033300000116924
stable porous MOFs for CO2 adsorption,q1_co2_adsorption,47,GAT only,2,qmof-ec84fcf,Co2C20H16N28,0.716667,2.596155,True,1.767424228,True,0.7,0.499851,1|1|1|1,0.7598757655234476,0.8723204284906387,0.007464454974979162,0.7598757655234476,0.04033300000116924
stable porous MOFs for CO2 adsorption,q1_co2_adsorption,47,GAT only,3,qmof-0ea1d91,Co2C16H12N8O4,0.716667,3.489909,True,1.78772833,True,0.7,0.497662,1|1|1|1,0.7598757655234476,0.8723204284906387,0.005628931452520192,0.7598757655234476,0.04033300000116924
stable porous MOFs for CO2 adsorption,q1_co2_adsorption,47,GAT only,4,qmof-403e9cb,Co2C24H32N4O18,0.716667,3.469655,True,1.697328907,True,0.7,0.487096,1|1|1|1,0.7598757655234476,0.8723204284906387,0.006747484110140552,0.7598757655234476,0.04033300000116924
stable porous MOFs for CO2 adsorption,q1_co2_adsorption,47,GAT only,5,qmof-71748b1,Co2C34H26N10O10S6,0.716667,3.369053,True,1.740750274,True,0.7,0.486528,1|1|1|1,0.7598757655234476,0.8723204284906387,0.006509908856241964,0.7598757655234476,0.04033300000116924
stable porous MOFs for CO2 adsorption,q1_co2_adsorption,47,LEA + GraphSAGE,1,qmof-fd921b0,Co2C16H16N8O8,0.716667,3.390441,True,1.58214776,True,0.7,0.289339,1|1|1|1,0.7598757655234476,0.8723204284906387,0.0,0.76661696434021,95.22087499999898
stable porous MOFs for CO2 adsorption,q1_co2_adsorption,47,LEA + GraphSAGE,2,qmof-f69d443,Co2C40H28N12O8,0.716667,2.877886,True,1.370451155,True,0.7,0.268327,1|1|1|1,0.7598757655234476,0.8723204284906387,0.009396855719387531,0.7631703925319016,95.22087499999898
stable porous MOFs for CO2 adsorption,q1_co2_adsorption,47,LEA + GraphSAGE,3,qmof-330a403,Co2C58F12H32N8O8S2,0.716667,2.471348,True,1.414912408,True,0.7,0.266832,1|1|1|1,0.7598757655234476,0.8723204284906387,0.006710294246052702,0.7628538250457495,95.22087499999898
stable porous MOFs for CO2 adsorption,q1_co2_adsorption,47,LEA + GraphSAGE,4,qmof-f2d872e,Co2C36H40N8O12,0.716667,3.378082,True,1.334171796,True,0.7,0.265243,1|1|1|1,0.7598757655234476,0.8723204284906387,0.005499463014227028,0.7621648117899895,95.22087499999898
stable porous MOFs for CO2 adsorption,q1_co2_adsorption,47,LEA + GraphSAGE,5,qmof-68234b7,Co2C30H32N2O14,0.716667,3.266102,True,1.399169923,True,0.7,0.262562,1|1|1|1,0.7598757655234476,0.8723204284906387,0.005065856868168339,0.7616688579320907,95.22087499999898
stable porous MOFs for CO2 adsorption,q1_co2_adsorption,47,LEA + GAT,1,qmof-fd921b0,Co2C16H16N8O8,0.716667,3.390441,True,1.58214776,True,0.7,0.516542,1|1|1|1,0.7598757655234476,0.8723204284906387,0.0,0.8078589275479316,94.10770899999932
stable porous MOFs for CO2 adsorption,q1_co2_adsorption,47,LEA + GAT,2,qmof-403e9cb,Co2C24H32N4O18,0.716667,3.469655,True,1.697328907,True,0.7,0.487096,1|1|1|1,0.7598757655234476,0.8723204284906387,0.013168654404580593,0.8026215642690658,94.10770899999932
stable porous MOFs for CO2 adsorption,q1_co2_adsorption,47,LEA + GAT,3,qmof-9a1ecbc,Co2C28Cl4H24N8S6,0.716667,3.409833,True,1.797370089,True,0.7,0.467254,1|1|1|1,0.7598757655234476,0.8723204284906387,0.014694844372570515,0.7997340550180525,94.10770899999932
stable porous MOFs for CO2 adsorption,q1_co2_adsorption,47,LEA + GAT,4,qmof-f2d872e,Co2C36H40N8O12,0.716667,3.378082,True,1.334171796,True,0.7,0.47032,1|1|1|1,0.7598757655234476,0.8723204284906387,0.012271544081158936,0.7996187701821327,94.10770899999932
stable porous MOFs for CO2 adsorption,q1_co2_adsorption,47,LEA + GAT,5,qmof-c0d0be0,Co2C28H20N4O12,0.716667,3.369652,True,1.717539182,True,0.7,0.46756,1|1|1|1,0.7598757655234476,0.8723204284906387,0.010564261078252457,0.7991235226392746,94.10770899999932
stable porous MOFs for CO2 adsorption,q1_co2_adsorption,48,SemanticOnly,1,qmof-ff169e1,Co2C36H44N12O12S2,0.716667,4.133949,True,1.441361378,True,0.7,,1|1|1|1,0.6672850245975401,0.910732090473175,0.0,0.6672850245975401,0.044875000000388354
stable porous MOFs for CO2 adsorption,q1_co2_adsorption,48,SemanticOnly,2,qmof-fd921b0,Co2C16H16N8O8,0.716667,3.390441,True,1.58214776,True,0.7,,1|1|1|1,0.7598757655234476,0.8723204284906387,0.25,0.7598757655234476,0.044875000000388354
stable porous MOFs for CO2 adsorption,q1_co2_adsorption,48,SemanticOnly,3,qmof-f69d443,Co2C40H28N12O8,0.716667,2.877886,True,1.370451155,True,0.7,,1|1|1|1,0.7598757655234476,0.8723204284906387,0.16666666666666666,0.7598757655234476,0.044875000000388354
stable porous MOFs for CO2 adsorption,q1_co2_adsorption,48,SemanticOnly,4,qmof-f343390,Co2C34H22N6O8,0.716667,3.060735,True,1.790740334,True,0.7,,1|1|1|1,0.7598757655234476,0.8723204284906387,0.125,0.7598757655234476,0.044875000000388354
stable porous MOFs for CO2 adsorption,q1_co2_adsorption,48,SemanticOnly,5,qmof-f2d872e,Co2C36H40N8O12,0.716667,3.378082,True,1.334171796,True,0.7,,1|1|1|1,0.7598757655234476,0.8723204284906387,0.1,0.7598757655234476,0.044875000000388354
stable porous MOFs for CO2 adsorption,q1_co2_adsorption,48,WeightedSum,1,qmof-fd921b0,Co2C16H16N8O8,0.716667,3.390441,True,1.58214776,True,0.7,,1|1|1|1,0.7598757655234476,0.8723204284906387,0.0,0.7598757655234476,0.04362499999999159
stable porous MOFs for CO2 adsorption,q1_co2_adsorption,48,WeightedSum,2,qmof-f69d443,Co2C40H28N12O8,0.716667,2.877886,True,1.370451155,True,0.7,,1|1|1|1,0.7598757655234476,0.8723204284906387,0.0,0.7598757655234476,0.04362499999999159
stable porous MOFs for CO2 adsorption,q1_co2_adsorption,48,WeightedSum,3,qmof-f343390,Co2C34H22N6O8,0.716667,3.060735,True,1.790740334,True,0.7,,1|1|1|1,0.7598757655234476,0.8723204284906387,0.0,0.7598757655234476,0.04362499999999159
stable porous MOFs for CO2 adsorption,q1_co2_adsorption,48,WeightedSum,4,qmof-f2d872e,Co2C36H40N8O12,0.716667,3.378082,True,1.334171796,True,0.7,,1|1|1|1,0.7598757655234476,0.8723204284906387,0.0,0.7598757655234476,0.04362499999999159
stable porous MOFs for CO2 adsorption,q1_co2_adsorption,48,WeightedSum,5,qmof-f0c9af4,Co2C50H38N10O12,0.716667,2.642464,True,1.607919854,True,0.7,,1|1|1|1,0.7598757655234476,0.8723204284906387,0.0,0.7598757655234476,0.04362499999999159
stable porous MOFs for CO2 adsorption,q1_co2_adsorption,48,TOPSIS,1,qmof-fd921b0,Co2C16H16N8O8,0.716667,3.390441,True,1.58214776,True,0.7,,1|1|1|1,0.7598757655234476,0.8723204284906387,0.0,0.7598757655234476,1.155874999998474
stable porous MOFs for CO2 adsorption,q1_co2_adsorption,48,TOPSIS,2,qmof-f69d443,Co2C40H28N12O8,0.716667,2.877886,True,1.370451155,True,0.7,,1|1|1|1,0.7598757655234476,0.8723204284906387,0.0,0.7598757655234476,1.155874999998474
stable porous MOFs for CO2 adsorption,q1_co2_adsorption,48,TOPSIS,3,qmof-f343390,Co2C34H22N6O8,0.716667,3.060735,True,1.790740334,True,0.7,,1|1|1|1,0.7598757655234476,0.8723204284906387,0.0,0.7598757655234476,1.155874999998474
stable porous MOFs for CO2 adsorption,q1_co2_adsorption,48,TOPSIS,4,qmof-f2d872e,Co2C36H40N8O12,0.716667,3.378082,True,1.334171796,True,0.7,,1|1|1|1,0.7598757655234476,0.8723204284906387,0.0,0.7598757655234476,1.155874999998474
stable porous MOFs for CO2 adsorption,q1_co2_adsorption,48,TOPSIS,5,qmof-f0c9af4,Co2C50H38N10O12,0.716667,2.642464,True,1.607919854,True,0.7,,1|1|1|1,0.7598757655234476,0.8723204284906387,0.0,0.7598757655234476,1.155874999998474
stable porous MOFs for CO2 adsorption,q1_co2_adsorption,48,ParetoCrowding,1,qmof-fd921b0,Co2C16H16N8O8,0.716667,3.390441,True,1.58214776,True,0.7,,1|1|1|1,0.7598757655234476,0.8723204284906387,0.0,0.7598757655234476,182.92129099999954
stable porous MOFs for CO2 adsorption,q1_co2_adsorption,48,ParetoCrowding,2,qmof-f69d443,Co2C40H28N12O8,0.716667,2.877886,True,1.370451155,True,0.7,,1|1|1|1,0.7598757655234476,0.8723204284906387,0.0,0.7598757655234476,182.92129099999954
stable porous MOFs for CO2 adsorption,q1_co2_adsorption,48,ParetoCrowding,3,qmof-f343390,Co2C34H22N6O8,0.716667,3.060735,True,1.790740334,True,0.7,,1|1|1|1,0.7598757655234476,0.8723204284906387,0.0,0.7598757655234476,182.92129099999954
stable porous MOFs for CO2 adsorption,q1_co2_adsorption,48,ParetoCrowding,4,qmof-f2d872e,Co2C36H40N8O12,0.716667,3.378082,True,1.334171796,True,0.7,,1|1|1|1,0.7598757655234476,0.8723204284906387,0.0,0.7598757655234476,182.92129099999954
stable porous MOFs for CO2 adsorption,q1_co2_adsorption,48,ParetoCrowding,5,qmof-f0c9af4,Co2C50H38N10O12,0.716667,2.642464,True,1.607919854,True,0.7,,1|1|1|1,0.7598757655234476,0.8723204284906387,0.0,0.7598757655234476,182.92129099999954
stable porous MOFs for CO2 adsorption,q1_co2_adsorption,48,Random,1,qmof-403e9cb,Co2C24H32N4O18,0.716667,3.469655,True,1.697328907,True,0.7,,1|1|1|1,0.7598757655234476,0.8723204284906387,0.0,0.7598757655234476,0.04766600000039034
stable porous MOFs for CO2 adsorption,q1_co2_adsorption,48,Random,2,qmof-f69d443,Co2C40H28N12O8,0.716667,2.877886,True,1.370451155,True,0.7,,1|1|1|1,0.7598757655234476,0.8723204284906387,0.0,0.7598757655234476,0.04766600000039034
stable porous MOFs for CO2 adsorption,q1_co2_adsorption,48,Random,3,qmof-334586a,Co2C28H20N16S4,0.716667,3.172952,True,1.76521634,True,0.7,,1|1|1|1,0.7598757655234476,0.8723204284906387,0.0,0.7598757655234476,0.04766600000039034
stable porous MOFs for CO2 adsorption,q1_co2_adsorption,48,Random,4,qmof-a5a6fa2,Co2C44H32N4O12,0.716667,2.912484,True,1.777795301,True,0.7,,1|1|1|1,0.7598757655234476,0.8723204284906387,0.0,0.7598757655234476,0.04766600000039034
stable porous MOFs for CO2 adsorption,q1_co2_adsorption,48,Random,5,qmof-68234b7,Co2C30H32N2O14,0.716667,3.266102,True,1.399169923,True,0.7,,1|1|1|1,0.7598757655234476,0.8723204284906387,0.0,0.7598757655234476,0.04766600000039034
stable porous MOFs for CO2 adsorption,q1_co2_adsorption,48,MMR,1,qmof-c0d0be0,Co2C28H20N4O12,0.716667,3.369652,True,1.717539182,True,0.7,,1|1|1|1,0.7598757655234476,0.8723204284906387,0.0,0.7598757655234476,1664.7481249999992
stable porous MOFs for CO2 adsorption,q1_co2_adsorption,48,MMR,2,qmof-d06ef43,Co2C52H56N8O8,0.716667,4.337562,True,1.462550675,True,0.7,,1|1|1|1,0.6672850245975401,0.910732090473175,0.25,0.6672850245975401,1664.7481249999992
stable porous MOFs for CO2 adsorption,q1_co2_adsorption,48,MMR,3,qmof-a5ebf1c,Co2C28H20N6O10,0.716667,3.242997,True,1.788603861,True,0.7,,1|1|1|1,0.7598757655234476,0.8723204284906387,0.16666666666666666,0.7598757655234476,1664.7481249999992
stable porous MOFs for CO2 adsorption,q1_co2_adsorption,48,MMR,4,qmof-c11323c,Co2C40H32N4O8,0.716667,3.474905,True,1.402324029,True,0.7,,1|1|1|1,0.7598757655234476,0.8723204284906387,0.125,0.7598757655234476,1664.7481249999992
stable porous MOFs for CO2 adsorption,q1_co2_adsorption,48,MMR,5,qmof-0ea1d91,Co2C16H12N8O4,0.716667,3.489909,True,1.78772833,True,0.7,,1|1|1|1,0.7598757655234476,0.8723204284906387,0.1,0.7598757655234476,1664.7481249999992
stable porous MOFs for CO2 adsorption,q1_co2_adsorption,48,LEA,1,qmof-4324443,Co2C30H22N4O10,0.716667,3.439369,True,1.798488446,True,0.7,,1|1|1|1,0.7598757655234476,0.8723204284906387,0.0,0.8596077576279639,91.95462500000318
stable porous MOFs for CO2 adsorption,q1_co2_adsorption,48,LEA,2,qmof-3eba276,Co2C48H28N4O12S2,0.716667,3.11041,True,1.663508405,True,0.7,,1|1|1|1,0.7598757655234476,0.8723204284906387,0.0,0.8596077576279639,91.95462500000318
stable porous MOFs for CO2 adsorption,q1_co2_adsorption,48,LEA,3,qmof-c8f0292,Co2C44H48N12O12,0.716667,3.494605,True,1.602088418,True,0.7,,1|1|1|1,0.7598757655234476,0.8723204284906387,0.0,0.8596077576279639,91.95462500000318
stable porous MOFs for CO2 adsorption,q1_co2_adsorption,48,LEA,4,qmof-57e6787,Co2C34H28N4O8,0.716667,3.298084,True,1.718108992,True,0.7,,1|1|1|1,0.7598757655234476,0.8723204284906387,0.0,0.8596077576279639,91.95462500000318
stable porous MOFs for CO2 adsorption,q1_co2_adsorption,48,LEA,5,qmof-fd921b0,Co2C16H16N8O8,0.716667,3.390441,True,1.58214776,True,0.7,,1|1|1|1,0.7598757655234476,0.8723204284906387,0.0,0.8596077576279639,91.95462500000318
stable porous MOFs for CO2 adsorption,q1_co2_adsorption,48,LEA no diversity,1,qmof-4324443,Co2C30H22N4O10,0.716667,3.439369,True,1.798488446,True,0.7,,1|1|1|1,0.7598757655234476,0.8723204284906387,0.0,0.847107757627964,90.7709170000004
stable porous MOFs for CO2 adsorption,q1_co2_adsorption,48,LEA no diversity,2,qmof-3eba276,Co2C48H28N4O12S2,0.716667,3.11041,True,1.663508405,True,0.7,,1|1|1|1,0.7598757655234476,0.8723204284906387,0.0,0.847107757627964,90.7709170000004
stable porous MOFs for CO2 adsorption,q1_co2_adsorption,48,LEA no diversity,3,qmof-c8f0292,Co2C44H48N12O12,0.716667,3.494605,True,1.602088418,True,0.7,,1|1|1|1,0.7598757655234476,0.8723204284906387,0.0,0.847107757627964,90.7709170000004
stable porous MOFs for CO2 adsorption,q1_co2_adsorption,48,LEA no diversity,4,qmof-57e6787,Co2C34H28N4O8,0.716667,3.298084,True,1.718108992,True,0.7,,1|1|1|1,0.7598757655234476,0.8723204284906387,0.0,0.847107757627964,90.7709170000004
stable porous MOFs for CO2 adsorption,q1_co2_adsorption,48,LEA no diversity,5,qmof-fd921b0,Co2C16H16N8O8,0.716667,3.390441,True,1.58214776,True,0.7,,1|1|1|1,0.7598757655234476,0.8723204284906387,0.0,0.847107757627964,90.7709170000004
stable porous MOFs for CO2 adsorption,q1_co2_adsorption,48,LEA no self-cleaning,1,qmof-4324443,Co2C30H22N4O10,0.716667,3.439369,True,1.798488446,True,0.7,,1|1|1|1,0.7598757655234476,0.8723204284906387,0.0,0.8596077576279639,91.57204199999924
stable porous MOFs for CO2 adsorption,q1_co2_adsorption,48,LEA no self-cleaning,2,qmof-3eba276,Co2C48H28N4O12S2,0.716667,3.11041,True,1.663508405,True,0.7,,1|1|1|1,0.7598757655234476,0.8723204284906387,0.0,0.8596077576279639,91.57204199999924
stable porous MOFs for CO2 adsorption,q1_co2_adsorption,48,LEA no self-cleaning,3,qmof-c8f0292,Co2C44H48N12O12,0.716667,3.494605,True,1.602088418,True,0.7,,1|1|1|1,0.7598757655234476,0.8723204284906387,0.0,0.8596077576279639,91.57204199999924
stable porous MOFs for CO2 adsorption,q1_co2_adsorption,48,LEA no self-cleaning,4,qmof-57e6787,Co2C34H28N4O8,0.716667,3.298084,True,1.718108992,True,0.7,,1|1|1|1,0.7598757655234476,0.8723204284906387,0.0,0.8596077576279639,91.57204199999924
stable porous MOFs for CO2 adsorption,q1_co2_adsorption,48,LEA no self-cleaning,5,qmof-fd921b0,Co2C16H16N8O8,0.716667,3.390441,True,1.58214776,True,0.7,,1|1|1|1,0.7598757655234476,0.8723204284906387,0.0,0.8596077576279639,91.57204199999924
stable porous MOFs for CO2 adsorption,q1_co2_adsorption,48,GraphSAGE only,1,qmof-ec84fcf,Co2C20H16N28,0.716667,2.596155,True,1.767424228,True,0.7,0.294716,1|1|1|1,0.7598757655234476,0.8723204284906387,0.0,0.7598757655234476,0.03775000000061368
stable porous MOFs for CO2 adsorption,q1_co2_adsorption,48,GraphSAGE only,2,qmof-fd921b0,Co2C16H16N8O8,0.716667,3.390441,True,1.58214776,True,0.7,0.289339,1|1|1|1,0.7598757655234476,0.8723204284906387,0.002404665108770132,0.7598757655234476,0.03775000000061368
stable porous MOFs for CO2 adsorption,q1_co2_adsorption,48,GraphSAGE only,3,qmof-275dcce,Co2Nd2C32H32N20O12,0.716667,2.684298,True,1.787505544,True,0.7,0.273937,1|1|1|1,0.7598757655234476,0.8723204284906387,0.006195104991396268,0.7598757655234476,0.03775000000061368
stable porous MOFs for CO2 adsorption,q1_co2_adsorption,48,GraphSAGE only,4,qmof-0ea1d91,Co2C16H12N8O4,0.716667,3.489909,True,1.78772833,True,0.7,0.270682,1|1|1|1,0.7598757655234476,0.8723204284906387,0.006522163147261987,0.7598757655234476,0.03775000000061368
stable porous MOFs for CO2 adsorption,q1_co2_adsorption,48,GraphSAGE only,5,qmof-f69d443,Co2C40H28N12O8,0.716667,2.877886,True,1.370451155,True,0.7,0.268327,1|1|1|1,0.7598757655234476,0.8723204284906387,0.006389341072645038,0.7598757655234476,0.03775000000061368
stable porous MOFs for CO2 adsorption,q1_co2_adsorption,48,GAT only,1,qmof-fd921b0,Co2C16H16N8O8,0.716667,3.390441,True,1.58214776,True,0.7,0.516542,1|1|1|1,0.7598757655234476,0.8723204284906387,0.0,0.7598757655234476,0.03616699999753337
stable porous MOFs for CO2 adsorption,q1_co2_adsorption,48,GAT only,2,qmof-ec84fcf,Co2C20H16N28,0.716667,2.596155,True,1.767424228,True,0.7,0.499851,1|1|1|1,0.7598757655234476,0.8723204284906387,0.007464454974979162,0.7598757655234476,0.03616699999753337
stable porous MOFs for CO2 adsorption,q1_co2_adsorption,48,GAT only,3,qmof-0ea1d91,Co2C16H12N8O4,0.716667,3.489909,True,1.78772833,True,0.7,0.497662,1|1|1|1,0.7598757655234476,0.8723204284906387,0.005628931452520192,0.7598757655234476,0.03616699999753337
stable porous MOFs for CO2 adsorption,q1_co2_adsorption,48,GAT only,4,qmof-403e9cb,Co2C24H32N4O18,0.716667,3.469655,True,1.697328907,True,0.7,0.487096,1|1|1|1,0.7598757655234476,0.8723204284906387,0.006747484110140552,0.7598757655234476,0.03616699999753337
stable porous MOFs for CO2 adsorption,q1_co2_adsorption,48,GAT only,5,qmof-71748b1,Co2C34H26N10O10S6,0.716667,3.369053,True,1.740750274,True,0.7,0.486528,1|1|1|1,0.7598757655234476,0.8723204284906387,0.006509908856241964,0.7598757655234476,0.03616699999753337
stable porous MOFs for CO2 adsorption,q1_co2_adsorption,48,LEA + GraphSAGE,1,qmof-275dcce,Co2Nd2C32H32N20O12,0.716667,2.684298,True,1.787505544,True,0.7,0.273937,1|1|1|1,0.7598757655234476,0.8723204284906387,0.0,0.7637722879648209,96.05849999999805
stable porous MOFs for CO2 adsorption,q1_co2_adsorption,48,LEA + GraphSAGE,2,qmof-0ea1d91,Co2C16H12N8O4,0.716667,3.489909,True,1.78772833,True,0.7,0.270682,1|1|1|1,0.7598757655234476,0.8723204284906387,0.001455671270377934,0.763170625269413,96.05849999999805
stable porous MOFs for CO2 adsorption,q1_co2_adsorption,48,LEA + GraphSAGE,3,qmof-330a403,Co2C58F12H32N8O8S2,0.716667,2.471348,True,1.414912408,True,0.7,0.266832,1|1|1|1,0.7598757655234476,0.8723204284906387,0.002118299676415821,0.7624587118625641,96.05849999999805
stable porous MOFs for CO2 adsorption,q1_co2_adsorption,48,LEA + GraphSAGE,4,qmof-f2d872e,Co2C36H40N8O12,0.716667,3.378082,True,1.334171796,True,0.7,0.265243,1|1|1|1,0.7598757655234476,0.8723204284906387,0.002230998972663656,0.7624248038278894,96.05849999999805
stable porous MOFs for CO2 adsorption,q1_co2_adsorption,48,LEA + GraphSAGE,5,qmof-68234b7,Co2C30H32N2O14,0.716667,3.266102,True,1.399169923,True,0.7,0.262562,1|1|1|1,0.7598757655234476,0.8723204284906387,0.0025212984706740826,0.7619528294308111,96.05849999999805
stable porous MOFs for CO2 adsorption,q1_co2_adsorption,48,LEA + GAT,1,qmof-0ea1d91,Co2C16H12N8O4,0.716667,3.489909,True,1.78772833,True,0.7,0.497662,1|1|1|1,0.7598757655234476,0.8723204284906387,0.0,0.8045060217380524,95.19274999999894
stable porous MOFs for CO2 adsorption,q1_co2_adsorption,48,LEA + GAT,2,qmof-403e9cb,Co2C24H32N4O18,0.716667,3.469655,True,1.697328907,True,0.7,0.487096,1|1|1|1,0.7598757655234476,0.8723204284906387,0.004725256934762001,0.8035790579393506,95.19274999999894
stable porous MOFs for CO2 adsorption,q1_co2_adsorption,48,LEA + GAT,3,qmof-f2d872e,Co2C36H40N8O12,0.716667,3.378082,True,1.334171796,True,0.7,0.47032,1|1|1|1,0.7598757655234476,0.8723204284906387,0.008151815893749395,0.8001261158846318,95.19274999999894
stable porous MOFs for CO2 adsorption,q1_co2_adsorption,48,LEA + GAT,4,qmof-9a1ecbc,Co2C28Cl4H24N8S6,0.716667,3.409833,True,1.797370089,True,0.7,0.467254,1|1|1|1,0.7598757655234476,0.8723204284906387,0.008049845501470069,0.7994991519022733,95.19274999999894
stable porous MOFs for CO2 adsorption,q1_co2_adsorption,48,LEA + GAT,5,qmof-c631f72,Co2C42H28N8O16,0.716667,3.280036,True,1.65313731,True,0.7,0.465356,1|1|1|1,0.7598757655234476,0.8723204284906387,0.007553798018489033,0.7991414232179522,95.19274999999894
stable porous MOFs for CO2 adsorption,q1_co2_adsorption,49,SemanticOnly,1,qmof-fd921b0,Co2C16H16N8O8,0.716667,3.390441,True,1.58214776,True,0.7,,1|1|1|1,0.7598757655234476,0.8723204284906387,0.0,0.7598757655234476,0.054792000000247754
stable porous MOFs for CO2 adsorption,q1_co2_adsorption,49,SemanticOnly,2,qmof-f69d443,Co2C40H28N12O8,0.716667,2.877886,True,1.370451155,True,0.7,,1|1|1|1,0.7598757655234476,0.8723204284906387,0.0,0.7598757655234476,0.054792000000247754
stable porous MOFs for CO2 adsorption,q1_co2_adsorption,49,SemanticOnly,3,qmof-f47b0d0,Co2C20H16N20,0.716667,4.598984,True,1.747002045,True,0.7,,1|1|1|1,0.6672850245975401,0.910732090473175,0.16666666666666666,0.6672850245975401,0.054792000000247754
stable porous MOFs for CO2 adsorption,q1_co2_adsorption,49,SemanticOnly,4,qmof-f360972,Co2C18H28N4O12P4,0.716667,3.915648,True,1.787219535,True,0.7,,1|1|1|1,0.6672850245975401,0.910732090473175,0.16666666666666666,0.6672850245975401,0.054792000000247754
stable porous MOFs for CO2 adsorption,q1_co2_adsorption,49,SemanticOnly,5,qmof-f343390,Co2C34H22N6O8,0.716667,3.060735,True,1.790740334,True,0.7,,1|1|1|1,0.7598757655234476,0.8723204284906387,0.15,0.7598757655234476,0.054792000000247754
stable porous MOFs for CO2 adsorption,q1_co2_adsorption,49,WeightedSum,1,qmof-fd921b0,Co2C16H16N8O8,0.716667,3.390441,True,1.58214776,True,0.7,,1|1|1|1,0.7598757655234476,0.8723204284906387,0.0,0.7598757655234476,0.044667000000941925
stable porous MOFs for CO2 adsorption,q1_co2_adsorption,49,WeightedSum,2,qmof-f69d443,Co2C40H28N12O8,0.716667,2.877886,True,1.370451155,True,0.7,,1|1|1|1,0.7598757655234476,0.8723204284906387,0.0,0.7598757655234476,0.044667000000941925
stable porous MOFs for CO2 adsorption,q1_co2_adsorption,49,WeightedSum,3,qmof-f343390,Co2C34H22N6O8,0.716667,3.060735,True,1.790740334,True,0.7,,1|1|1|1,0.7598757655234476,0.8723204284906387,0.0,0.7598757655234476,0.044667000000941925
stable porous MOFs for CO2 adsorption,q1_co2_adsorption,49,WeightedSum,4,qmof-f2d872e,Co2C36H40N8O12,0.716667,3.378082,True,1.334171796,True,0.7,,1|1|1|1,0.7598757655234476,0.8723204284906387,0.0,0.7598757655234476,0.044667000000941925
stable porous MOFs for CO2 adsorption,q1_co2_adsorption,49,WeightedSum,5,qmof-f0c9af4,Co2C50H38N10O12,0.716667,2.642464,True,1.607919854,True,0.7,,1|1|1|1,0.7598757655234476,0.8723204284906387,0.0,0.7598757655234476,0.044667000000941925
stable porous MOFs for CO2 adsorption,q1_co2_adsorption,49,TOPSIS,1,qmof-fd921b0,Co2C16H16N8O8,0.716667,3.390441,True,1.58214776,True,0.7,,1|1|1|1,0.7598757655234476,0.8723204284906387,0.0,0.7598757655234476,1.4000420000002123
stable porous MOFs for CO2 adsorption,q1_co2_adsorption,49,TOPSIS,2,qmof-f69d443,Co2C40H28N12O8,0.716667,2.877886,True,1.370451155,True,0.7,,1|1|1|1,0.7598757655234476,0.8723204284906387,0.0,0.7598757655234476,1.4000420000002123
stable porous MOFs for CO2 adsorption,q1_co2_adsorption,49,TOPSIS,3,qmof-f343390,Co2C34H22N6O8,0.716667,3.060735,True,1.790740334,True,0.7,,1|1|1|1,0.7598757655234476,0.8723204284906387,0.0,0.7598757655234476,1.4000420000002123
stable porous MOFs for CO2 adsorption,q1_co2_adsorption,49,TOPSIS,4,qmof-f2d872e,Co2C36H40N8O12,0.716667,3.378082,True,1.334171796,True,0.7,,1|1|1|1,0.7598757655234476,0.8723204284906387,0.0,0.7598757655234476,1.4000420000002123
stable porous MOFs for CO2 adsorption,q1_co2_adsorption,49,TOPSIS,5,qmof-f0c9af4,Co2C50H38N10O12,0.716667,2.642464,True,1.607919854,True,0.7,,1|1|1|1,0.7598757655234476,0.8723204284906387,0.0,0.7598757655234476,1.4000420000002123
stable porous MOFs for CO2 adsorption,q1_co2_adsorption,49,ParetoCrowding,1,qmof-fd921b0,Co2C16H16N8O8,0.716667,3.390441,True,1.58214776,True,0.7,,1|1|1|1,0.7598757655234476,0.8723204284906387,0.0,0.7598757655234476,189.17716700000042
stable porous MOFs for CO2 adsorption,q1_co2_adsorption,49,ParetoCrowding,2,qmof-f69d443,Co2C40H28N12O8,0.716667,2.877886,True,1.370451155,True,0.7,,1|1|1|1,0.7598757655234476,0.8723204284906387,0.0,0.7598757655234476,189.17716700000042
stable porous MOFs for CO2 adsorption,q1_co2_adsorption,49,ParetoCrowding,3,qmof-f343390,Co2C34H22N6O8,0.716667,3.060735,True,1.790740334,True,0.7,,1|1|1|1,0.7598757655234476,0.8723204284906387,0.0,0.7598757655234476,189.17716700000042
stable porous MOFs for CO2 adsorption,q1_co2_adsorption,49,ParetoCrowding,4,qmof-f2d872e,Co2C36H40N8O12,0.716667,3.378082,True,1.334171796,True,0.7,,1|1|1|1,0.7598757655234476,0.8723204284906387,0.0,0.7598757655234476,189.17716700000042
stable porous MOFs for CO2 adsorption,q1_co2_adsorption,49,ParetoCrowding,5,qmof-f0c9af4,Co2C50H38N10O12,0.716667,2.642464,True,1.607919854,True,0.7,,1|1|1|1,0.7598757655234476,0.8723204284906387,0.0,0.7598757655234476,189.17716700000042
stable porous MOFs for CO2 adsorption,q1_co2_adsorption,49,Random,1,qmof-0ea1d91,Co2C16H12N8O4,0.716667,3.489909,True,1.78772833,True,0.7,,1|1|1|1,0.7598757655234476,0.8723204284906387,0.0,0.7598757655234476,0.04587500000141631
stable porous MOFs for CO2 adsorption,q1_co2_adsorption,49,Random,2,qmof-14eb177,Co2C44H36N8O8,0.716667,3.496948,True,1.411241713,True,0.7,,1|1|1|1,0.7598757655234476,0.8723204284906387,0.0,0.7598757655234476,0.04587500000141631
stable porous MOFs for CO2 adsorption,q1_co2_adsorption,49,Random,3,qmof-54f7ee7,Co2K2C48H44N4O6,0.716667,1.505111,True,1.497174385,True,0.7,,1|1|1|1,0.7598757655234476,0.8723204284906387,0.0,0.7598757655234476,0.04587500000141631
stable porous MOFs for CO2 adsorption,q1_co2_adsorption,49,Random,4,qmof-2ba0cce,Co2C24H26N2S4,0.716667,3.202535,True,1.580976593,True,0.7,,1|1|1|1,0.7598757655234476,0.8723204284906387,0.0,0.7598757655234476,0.04587500000141631
stable porous MOFs for CO2 adsorption,q1_co2_adsorption,49,Random,5,qmof-d8703ab,Co2C24H24N8O8,0.716667,3.365559,True,1.778550968,True,0.7,,1|1|1|1,0.7598757655234476,0.8723204284906387,0.0,0.7598757655234476,0.04587500000141631
stable porous MOFs for CO2 adsorption,q1_co2_adsorption,49,MMR,1,qmof-a5ebf1c,Co2C28H20N6O10,0.716667,3.242997,True,1.788603861,True,0.7,,1|1|1|1,0.7598757655234476,0.8723204284906387,0.0,0.7598757655234476,2149.2498330000026
stable porous MOFs for CO2 adsorption,q1_co2_adsorption,49,MMR,2,qmof-4e8726d,Co2C28H26N12O8,0.716667,3.736555,True,1.66160355,True,0.7,,1|1|1|1,0.6672850245975401,0.910732090473175,0.25,0.6672850245975401,2149.2498330000026
stable porous MOFs for CO2 adsorption,q1_co2_adsorption,49,MMR,3,qmof-38716ea,Co2C28H28N8O8,0.716667,2.953484,True,1.688881439,True,0.7,,1|1|1|1,0.7598757655234476,0.8723204284906387,0.16666666666666666,0.7598757655234476,2149.2498330000026
stable porous MOFs for CO2 adsorption,q1_co2_adsorption,49,MMR,4,qmof-99810c8,Co2C46H34N4O14,0.716667,2.887718,True,1.652544913,True,0.7,,1|1|1|1,0.7598757655234476,0.8723204284906387,0.125,0.7598757655234476,2149.2498330000026
stable porous MOFs for CO2 adsorption,q1_co2_adsorption,49,MMR,5,qmof-f0c9af4,Co2C50H38N10O12,0.716667,2.642464,True,1.607919854,True,0.7,,1|1|1|1,0.7598757655234476,0.8723204284906387,0.1,0.7598757655234476,2149.2498330000026
stable porous MOFs for CO2 adsorption,q1_co2_adsorption,49,LEA,1,qmof-b2bccba,Co2C42H32N4O12,0.716667,2.789533,True,1.669649743,True,0.7,,1|1|1|1,0.7598757655234476,0.8723204284906387,0.0,0.8596077576279639,115.03875000000008
stable porous MOFs for CO2 adsorption,q1_co2_adsorption,49,LEA,2,qmof-51d789e,Co2C16H24O12,0.716667,3.034007,True,1.634350468,True,0.7,,1|1|1|1,0.7598757655234476,0.8723204284906387,0.0,0.8596077576279639,115.03875000000008
stable porous MOFs for CO2 adsorption,q1_co2_adsorption,49,LEA,3,qmof-57e6787,Co2C34H28N4O8,0.716667,3.298084,True,1.718108992,True,0.7,,1|1|1|1,0.7598757655234476,0.8723204284906387,0.0,0.8596077576279639,115.03875000000008
stable porous MOFs for CO2 adsorption,q1_co2_adsorption,49,LEA,4,qmof-cb134eb,Co2C34H36N6O12,0.716667,3.4962,True,1.627058956,True,0.7,,1|1|1|1,0.7598757655234476,0.8723204284906387,0.0,0.8596077576279639,115.03875000000008
stable porous MOFs for CO2 adsorption,q1_co2_adsorption,49,LEA,5,qmof-9a1ecbc,Co2C28Cl4H24N8S6,0.716667,3.409833,True,1.797370089,True,0.7,,1|1|1|1,0.7598757655234476,0.8723204284906387,0.0,0.8596077576279639,115.03875000000008
stable porous MOFs for CO2 adsorption,q1_co2_adsorption,49,LEA no diversity,1,qmof-b2bccba,Co2C42H32N4O12,0.716667,2.789533,True,1.669649743,True,0.7,,1|1|1|1,0.7598757655234476,0.8723204284906387,0.0,0.847107757627964,98.12683300000202
stable porous MOFs for CO2 adsorption,q1_co2_adsorption,49,LEA no diversity,2,qmof-51d789e,Co2C16H24O12,0.716667,3.034007,True,1.634350468,True,0.7,,1|1|1|1,0.7598757655234476,0.8723204284906387,0.0,0.847107757627964,98.12683300000202
stable porous MOFs for CO2 adsorption,q1_co2_adsorption,49,LEA no diversity,3,qmof-57e6787,Co2C34H28N4O8,0.716667,3.298084,True,1.718108992,True,0.7,,1|1|1|1,0.7598757655234476,0.8723204284906387,0.0,0.847107757627964,98.12683300000202
stable porous MOFs for CO2 adsorption,q1_co2_adsorption,49,LEA no diversity,4,qmof-cb134eb,Co2C34H36N6O12,0.716667,3.4962,True,1.627058956,True,0.7,,1|1|1|1,0.7598757655234476,0.8723204284906387,0.0,0.847107757627964,98.12683300000202
stable porous MOFs for CO2 adsorption,q1_co2_adsorption,49,LEA no diversity,5,qmof-9a1ecbc,Co2C28Cl4H24N8S6,0.716667,3.409833,True,1.797370089,True,0.7,,1|1|1|1,0.7598757655234476,0.8723204284906387,0.0,0.847107757627964,98.12683300000202
stable porous MOFs for CO2 adsorption,q1_co2_adsorption,49,LEA no self-cleaning,1,qmof-b2bccba,Co2C42H32N4O12,0.716667,2.789533,True,1.669649743,True,0.7,,1|1|1|1,0.7598757655234476,0.8723204284906387,0.0,0.8596077576279639,98.84912500000098
stable porous MOFs for CO2 adsorption,q1_co2_adsorption,49,LEA no self-cleaning,2,qmof-51d789e,Co2C16H24O12,0.716667,3.034007,True,1.634350468,True,0.7,,1|1|1|1,0.7598757655234476,0.8723204284906387,0.0,0.8596077576279639,98.84912500000098
stable porous MOFs for CO2 adsorption,q1_co2_adsorption,49,LEA no self-cleaning,3,qmof-57e6787,Co2C34H28N4O8,0.716667,3.298084,True,1.718108992,True,0.7,,1|1|1|1,0.7598757655234476,0.8723204284906387,0.0,0.8596077576279639,98.84912500000098
stable porous MOFs for CO2 adsorption,q1_co2_adsorption,49,LEA no self-cleaning,4,qmof-cb134eb,Co2C34H36N6O12,0.716667,3.4962,True,1.627058956,True,0.7,,1|1|1|1,0.7598757655234476,0.8723204284906387,0.0,0.8596077576279639,98.84912500000098
stable porous MOFs for CO2 adsorption,q1_co2_adsorption,49,LEA no self-cleaning,5,qmof-9a1ecbc,Co2C28Cl4H24N8S6,0.716667,3.409833,True,1.797370089,True,0.7,,1|1|1|1,0.7598757655234476,0.8723204284906387,0.0,0.8596077576279639,98.84912500000098
stable porous MOFs for CO2 adsorption,q1_co2_adsorption,49,GraphSAGE only,1,qmof-ec84fcf,Co2C20H16N28,0.716667,2.596155,True,1.767424228,True,0.7,0.294716,1|1|1|1,0.7598757655234476,0.8723204284906387,0.0,0.7598757655234476,0.04166700000141077
stable porous MOFs for CO2 adsorption,q1_co2_adsorption,49,GraphSAGE only,2,qmof-fd921b0,Co2C16H16N8O8,0.716667,3.390441,True,1.58214776,True,0.7,0.289339,1|1|1|1,0.7598757655234476,0.8723204284906387,0.002404665108770132,0.7598757655234476,0.04166700000141077
stable porous MOFs for CO2 adsorption,q1_co2_adsorption,49,GraphSAGE only,3,qmof-275dcce,Co2Nd2C32H32N20O12,0.716667,2.684298,True,1.787505544,True,0.7,0.273937,1|1|1|1,0.7598757655234476,0.8723204284906387,0.006195104991396268,0.7598757655234476,0.04166700000141077
stable porous MOFs for CO2 adsorption,q1_co2_adsorption,49,GraphSAGE only,4,qmof-0ea1d91,Co2C16H12N8O4,0.716667,3.489909,True,1.78772833,True,0.7,0.270682,1|1|1|1,0.7598757655234476,0.8723204284906387,0.006522163147261987,0.7598757655234476,0.04166700000141077
stable porous MOFs for CO2 adsorption,q1_co2_adsorption,49,GraphSAGE only,5,qmof-f69d443,Co2C40H28N12O8,0.716667,2.877886,True,1.370451155,True,0.7,0.268327,1|1|1|1,0.7598757655234476,0.8723204284906387,0.006389341072645038,0.7598757655234476,0.04166700000141077
stable porous MOFs for CO2 adsorption,q1_co2_adsorption,49,GAT only,1,qmof-fd921b0,Co2C16H16N8O8,0.716667,3.390441,True,1.58214776,True,0.7,0.516542,1|1|1|1,0.7598757655234476,0.8723204284906387,0.0,0.7598757655234476,0.03575000000211048
stable porous MOFs for CO2 adsorption,q1_co2_adsorption,49,GAT only,2,qmof-ec84fcf,Co2C20H16N28,0.716667,2.596155,True,1.767424228,True,0.7,0.499851,1|1|1|1,0.7598757655234476,0.8723204284906387,0.007464454974979162,0.7598757655234476,0.03575000000211048
stable porous MOFs for CO2 adsorption,q1_co2_adsorption,49,GAT only,3,qmof-0ea1d91,Co2C16H12N8O4,0.716667,3.489909,True,1.78772833,True,0.7,0.497662,1|1|1|1,0.7598757655234476,0.8723204284906387,0.005628931452520192,0.7598757655234476,0.03575000000211048
stable porous MOFs for CO2 adsorption,q1_co2_adsorption,49,GAT only,4,qmof-403e9cb,Co2C24H32N4O18,0.716667,3.469655,True,1.697328907,True,0.7,0.487096,1|1|1|1,0.7598757655234476,0.8723204284906387,0.006747484110140552,0.7598757655234476,0.03575000000211048
stable porous MOFs for CO2 adsorption,q1_co2_adsorption,49,GAT only,5,qmof-71748b1,Co2C34H26N10O10S6,0.716667,3.369053,True,1.740750274,True,0.7,0.486528,1|1|1|1,0.7598757655234476,0.8723204284906387,0.006509908856241964,0.7598757655234476,0.03575000000211048
stable porous MOFs for CO2 adsorption,q1_co2_adsorption,49,LEA + GraphSAGE,1,qmof-fd921b0,Co2C16H16N8O8,0.716667,3.390441,True,1.58214776,True,0.7,0.289339,1|1|1|1,0.7598757655234476,0.8723204284906387,0.0,0.76661696434021,95.15770800000212
stable porous MOFs for CO2 adsorption,q1_co2_adsorption,49,LEA + GraphSAGE,2,qmof-f69d443,Co2C40H28N12O8,0.716667,2.877886,True,1.370451155,True,0.7,0.268327,1|1|1|1,0.7598757655234476,0.8723204284906387,0.009396855719387531,0.7627351641654968,95.15770800000212
stable porous MOFs for CO2 adsorption,q1_co2_adsorption,49,LEA + GraphSAGE,3,qmof-68234b7,Co2C30H32N2O14,0.716667,3.266102,True,1.399169923,True,0.7,0.262562,1|1|1|1,0.7598757655234476,0.8723204284906387,0.007983358654504022,0.7616688579320907,95.15770800000212
stable porous MOFs for CO2 adsorption,q1_co2_adsorption,49,LEA + GraphSAGE,4,qmof-334586a,Co2C28H20N16S4,0.716667,3.172952,True,1.76521634,True,0.7,0.259037,1|1|1|1,0.7598757655234476,0.8723204284906387,0.007205434259958565,0.7614348669536412,95.15770800000212
stable porous MOFs for CO2 adsorption,q1_co2_adsorption,49,LEA + GraphSAGE,5,qmof-51d789e,Co2C16H24O12,0.716667,3.034007,True,1.634350468,True,0.7,0.258905,1|1|1|1,0.7598757655234476,0.8723204284906387,0.00627512542414479,0.7614124354906381,95.15770800000212
stable porous MOFs for CO2 adsorption,q1_co2_adsorption,49,LEA + GAT,1,qmof-fd921b0,Co2C16H16N8O8,0.716667,3.390441,True,1.58214776,True,0.7,0.516542,1|1|1|1,0.7598757655234476,0.8723204284906387,0.0,0.8078589275479316,95.36820900000009
stable porous MOFs for CO2 adsorption,q1_co2_adsorption,49,LEA + GAT,2,qmof-403e9cb,Co2C24H32N4O18,0.716667,3.469655,True,1.697328907,True,0.7,0.487096,1|1|1|1,0.7598757655234476,0.8723204284906387,0.013168654404580593,0.8026215642690658,95.36820900000009
stable porous MOFs for CO2 adsorption,q1_co2_adsorption,49,LEA + GAT,3,qmof-d8703ab,Co2C24H24N8O8,0.716667,3.365559,True,1.778550968,True,0.7,0.463501,1|1|1|1,0.7598757655234476,0.8723204284906387,0.015813774118820827,0.7983945980668068,95.36820900000009
stable porous MOFs for CO2 adsorption,q1_co2_adsorption,49,LEA + GAT,4,qmof-cb134eb,Co2C34H36N6O12,0.716667,3.4962,True,1.627058956,True,0.7,0.458081,1|1|1|1,0.7598757655234476,0.8723204284906387,0.014830947077522675,0.7982789029367269,95.36820900000009
stable porous MOFs for CO2 adsorption,q1_co2_adsorption,49,LEA + GAT,5,qmof-68234b7,Co2C30H32N2O14,0.716667,3.266102,True,1.399169923,True,0.7,0.459768,1|1|1|1,0.7598757655234476,0.8723204284906387,0.012902115378528834,0.7977236345410347,95.36820900000009
stable porous MOFs for CO2 adsorption,q1_co2_adsorption,50,SemanticOnly,1,qmof-fd921b0,Co2C16H16N8O8,0.716667,3.390441,True,1.58214776,True,0.7,,1|1|1|1,0.7598757655234476,0.8723204284906387,0.0,0.7598757655234476,0.04645800000346867
stable porous MOFs for CO2 adsorption,q1_co2_adsorption,50,SemanticOnly,2,qmof-f771839,Co2C38H40N8O8,0.716667,4.295336,True,1.401927433,True,0.7,,1|1|1|1,0.6672850245975401,0.910732090473175,0.25,0.6672850245975401,0.04645800000346867
stable porous MOFs for CO2 adsorption,q1_co2_adsorption,50,SemanticOnly,3,qmof-f69d443,Co2C40H28N12O8,0.716667,2.877886,True,1.370451155,True,0.7,,1|1|1|1,0.7598757655234476,0.8723204284906387,0.16666666666666666,0.7598757655234476,0.04645800000346867
stable porous MOFs for CO2 adsorption,q1_co2_adsorption,50,SemanticOnly,4,qmof-f47b0d0,Co2C20H16N20,0.716667,4.598984,True,1.747002045,True,0.7,,1|1|1|1,0.6672850245975401,0.910732090473175,0.16666666666666666,0.6672850245975401,0.04645800000346867
stable porous MOFs for CO2 adsorption,q1_co2_adsorption,50,SemanticOnly,5,qmof-f360972,Co2C18H28N4O12P4,0.716667,3.915648,True,1.787219535,True,0.7,,1|1|1|1,0.6672850245975401,0.910732090473175,0.15,0.6672850245975401,0.04645800000346867
stable porous MOFs for CO2 adsorption,q1_co2_adsorption,50,WeightedSum,1,qmof-fd921b0,Co2C16H16N8O8,0.716667,3.390441,True,1.58214776,True,0.7,,1|1|1|1,0.7598757655234476,0.8723204284906387,0.0,0.7598757655234476,0.044041999998967185
stable porous MOFs for CO2 adsorption,q1_co2_adsorption,50,WeightedSum,2,qmof-f69d443,Co2C40H28N12O8,0.716667,2.877886,True,1.370451155,True,0.7,,1|1|1|1,0.7598757655234476,0.8723204284906387,0.0,0.7598757655234476,0.044041999998967185
stable porous MOFs for CO2 adsorption,q1_co2_adsorption,50,WeightedSum,3,qmof-f343390,Co2C34H22N6O8,0.716667,3.060735,True,1.790740334,True,0.7,,1|1|1|1,0.7598757655234476,0.8723204284906387,0.0,0.7598757655234476,0.044041999998967185
stable porous MOFs for CO2 adsorption,q1_co2_adsorption,50,WeightedSum,4,qmof-f2d872e,Co2C36H40N8O12,0.716667,3.378082,True,1.334171796,True,0.7,,1|1|1|1,0.7598757655234476,0.8723204284906387,0.0,0.7598757655234476,0.044041999998967185
stable porous MOFs for CO2 adsorption,q1_co2_adsorption,50,WeightedSum,5,qmof-f0c9af4,Co2C50H38N10O12,0.716667,2.642464,True,1.607919854,True,0.7,,1|1|1|1,0.7598757655234476,0.8723204284906387,0.0,0.7598757655234476,0.044041999998967185
stable porous MOFs for CO2 adsorption,q1_co2_adsorption,50,TOPSIS,1,qmof-fd921b0,Co2C16H16N8O8,0.716667,3.390441,True,1.58214776,True,0.7,,1|1|1|1,0.7598757655234476,0.8723204284906387,0.0,0.7598757655234476,1.2449579999973537
stable porous MOFs for CO2 adsorption,q1_co2_adsorption,50,TOPSIS,2,qmof-f69d443,Co2C40H28N12O8,0.716667,2.877886,True,1.370451155,True,0.7,,1|1|1|1,0.7598757655234476,0.8723204284906387,0.0,0.7598757655234476,1.2449579999973537
stable porous MOFs for CO2 adsorption,q1_co2_adsorption,50,TOPSIS,3,qmof-f343390,Co2C34H22N6O8,0.716667,3.060735,True,1.790740334,True,0.7,,1|1|1|1,0.7598757655234476,0.8723204284906387,0.0,0.7598757655234476,1.2449579999973537
stable porous MOFs for CO2 adsorption,q1_co2_adsorption,50,TOPSIS,4,qmof-f2d872e,Co2C36H40N8O12,0.716667,3.378082,True,1.334171796,True,0.7,,1|1|1|1,0.7598757655234476,0.8723204284906387,0.0,0.7598757655234476,1.2449579999973537
stable porous MOFs for CO2 adsorption,q1_co2_adsorption,50,TOPSIS,5,qmof-f0c9af4,Co2C50H38N10O12,0.716667,2.642464,True,1.607919854,True,0.7,,1|1|1|1,0.7598757655234476,0.8723204284906387,0.0,0.7598757655234476,1.2449579999973537
stable porous MOFs for CO2 adsorption,q1_co2_adsorption,50,ParetoCrowding,1,qmof-fd921b0,Co2C16H16N8O8,0.716667,3.390441,True,1.58214776,True,0.7,,1|1|1|1,0.7598757655234476,0.8723204284906387,0.0,0.7598757655234476,207.6417080000006
stable porous MOFs for CO2 adsorption,q1_co2_adsorption,50,ParetoCrowding,2,qmof-f69d443,Co2C40H28N12O8,0.716667,2.877886,True,1.370451155,True,0.7,,1|1|1|1,0.7598757655234476,0.8723204284906387,0.0,0.7598757655234476,207.6417080000006
stable porous MOFs for CO2 adsorption,q1_co2_adsorption,50,ParetoCrowding,3,qmof-f343390,Co2C34H22N6O8,0.716667,3.060735,True,1.790740334,True,0.7,,1|1|1|1,0.7598757655234476,0.8723204284906387,0.0,0.7598757655234476,207.6417080000006
stable porous MOFs for CO2 adsorption,q1_co2_adsorption,50,ParetoCrowding,4,qmof-f2d872e,Co2C36H40N8O12,0.716667,3.378082,True,1.334171796,True,0.7,,1|1|1|1,0.7598757655234476,0.8723204284906387,0.0,0.7598757655234476,207.6417080000006
stable porous MOFs for CO2 adsorption,q1_co2_adsorption,50,ParetoCrowding,5,qmof-f0c9af4,Co2C50H38N10O12,0.716667,2.642464,True,1.607919854,True,0.7,,1|1|1|1,0.7598757655234476,0.8723204284906387,0.0,0.7598757655234476,207.6417080000006
stable porous MOFs for CO2 adsorption,q1_co2_adsorption,50,Random,1,qmof-3104826,Co2C42H32N4O8,0.716667,2.712219,True,1.533578262,True,0.7,,1|1|1|1,0.7598757655234476,0.8723204284906387,0.0,0.7598757655234476,0.05375000000285013
stable porous MOFs for CO2 adsorption,q1_co2_adsorption,50,Random,2,qmof-eb2e363,Co2C44H38N10O8,0.716667,3.122668,True,1.557914602,True,0.7,,1|1|1|1,0.7598757655234476,0.8723204284906387,0.0,0.7598757655234476,0.05375000000285013
stable porous MOFs for CO2 adsorption,q1_co2_adsorption,50,Random,3,qmof-2bd31fe,Co2C52H50N10O16,0.716667,2.654597,True,1.51385636,True,0.7,,1|1|1|1,0.7598757655234476,0.8723204284906387,0.0,0.7598757655234476,0.05375000000285013
stable porous MOFs for CO2 adsorption,q1_co2_adsorption,50,Random,4,qmof-d976696,Co2C40H30N10O12S4,0.716667,2.509891,True,1.731777887,True,0.7,,1|1|1|1,0.7598757655234476,0.8723204284906387,0.0,0.7598757655234476,0.05375000000285013
stable porous MOFs for CO2 adsorption,q1_co2_adsorption,50,Random,5,qmof-51d789e,Co2C16H24O12,0.716667,3.034007,True,1.634350468,True,0.7,,1|1|1|1,0.7598757655234476,0.8723204284906387,0.0,0.7598757655234476,0.05375000000285013
stable porous MOFs for CO2 adsorption,q1_co2_adsorption,50,MMR,1,qmof-50bd2e1,Co2C38H24N8O8,0.716667,2.679862,True,1.726229735,True,0.7,,1|1|1|1,0.7598757655234476,0.8723204284906387,0.0,0.7598757655234476,1707.9632920000022
stable porous MOFs for CO2 adsorption,q1_co2_adsorption,50,MMR,2,qmof-7a117a2,Co2C28H28N4O10S4,0.716667,3.869165,True,1.755126293,True,0.7,,1|1|1|1,0.6672850245975401,0.910732090473175,0.25,0.6672850245975401,1707.9632920000022
stable porous MOFs for CO2 adsorption,q1_co2_adsorption,50,MMR,3,qmof-a5a6fa2,Co2C44H32N4O12,0.716667,2.912484,True,1.777795301,True,0.7,,1|1|1|1,0.7598757655234476,0.8723204284906387,0.16666666666666666,0.7598757655234476,1707.9632920000022
stable porous MOFs for CO2 adsorption,q1_co2_adsorption,50,MMR,4,qmof-51d789e,Co2C16H24O12,0.716667,3.034007,True,1.634350468,True,0.7,,1|1|1|1,0.7598757655234476,0.8723204284906387,0.125,0.7598757655234476,1707.9632920000022
stable porous MOFs for CO2 adsorption,q1_co2_adsorption,50,MMR,5,qmof-334586a,Co2C28H20N16S4,0.716667,3.172952,True,1.76521634,True,0.7,,1|1|1|1,0.7598757655234476,0.8723204284906387,0.1,0.7598757655234476,1707.9632920000022
stable porous MOFs for CO2 adsorption,q1_co2_adsorption,50,LEA,1,qmof-f69d443,Co2C40H28N12O8,0.716667,2.877886,True,1.370451155,True,0.7,,1|1|1|1,0.7598757655234476,0.8723204284906387,0.0,0.8596077576279639,90.45225000000201
stable porous MOFs for CO2 adsorption,q1_co2_adsorption,50,LEA,2,qmof-c1d4910,Ag2Co2C52H68N4O16,0.716667,3.401985,True,1.591390503,True,0.7,,1|1|1|1,0.7598757655234476,0.8723204284906387,0.0,0.8596077576279639,90.45225000000201
stable porous MOFs for CO2 adsorption,q1_co2_adsorption,50,LEA,3,qmof-d976696,Co2C40H30N10O12S4,0.716667,2.509891,True,1.731777887,True,0.7,,1|1|1|1,0.7598757655234476,0.8723204284906387,0.0,0.8596077576279639,90.45225000000201
stable porous MOFs for CO2 adsorption,q1_co2_adsorption,50,LEA,4,qmof-12ba7bc,Co2C46H28N8O12S4,0.716667,3.142553,True,1.708388658,True,0.7,,1|1|1|1,0.7598757655234476,0.8723204284906387,0.0,0.8596077576279639,90.45225000000201
stable porous MOFs for CO2 adsorption,q1_co2_adsorption,50,LEA,5,qmof-71748b1,Co2C34H26N10O10S6,0.716667,3.369053,True,1.740750274,True,0.7,,1|1|1|1,0.7598757655234476,0.8723204284906387,0.0,0.8596077576279639,90.45225000000201
stable porous MOFs for CO2 adsorption,q1_co2_adsorption,50,LEA no diversity,1,qmof-f69d443,Co2C40H28N12O8,0.716667,2.877886,True,1.370451155,True,0.7,,1|1|1|1,0.7598757655234476,0.8723204284906387,0.0,0.847107757627964,90.48108400000032
stable porous MOFs for CO2 adsorption,q1_co2_adsorption,50,LEA no diversity,2,qmof-c1d4910,Ag2Co2C52H68N4O16,0.716667,3.401985,True,1.591390503,True,0.7,,1|1|1|1,0.7598757655234476,0.8723204284906387,0.0,0.847107757627964,90.48108400000032
stable porous MOFs for CO2 adsorption,q1_co2_adsorption,50,LEA no diversity,3,qmof-d976696,Co2C40H30N10O12S4,0.716667,2.509891,True,1.731777887,True,0.7,,1|1|1|1,0.7598757655234476,0.8723204284906387,0.0,0.847107757627964,90.48108400000032
stable porous MOFs for CO2 adsorption,q1_co2_adsorption,50,LEA no diversity,4,qmof-12ba7bc,Co2C46H28N8O12S4,0.716667,3.142553,True,1.708388658,True,0.7,,1|1|1|1,0.7598757655234476,0.8723204284906387,0.0,0.847107757627964,90.48108400000032
stable porous MOFs for CO2 adsorption,q1_co2_adsorption,50,LEA no diversity,5,qmof-71748b1,Co2C34H26N10O10S6,0.716667,3.369053,True,1.740750274,True,0.7,,1|1|1|1,0.7598757655234476,0.8723204284906387,0.0,0.847107757627964,90.48108400000032
stable porous MOFs for CO2 adsorption,q1_co2_adsorption,50,LEA no self-cleaning,1,qmof-f69d443,Co2C40H28N12O8,0.716667,2.877886,True,1.370451155,True,0.7,,1|1|1|1,0.7598757655234476,0.8723204284906387,0.0,0.8596077576279639,90.05008300000128
stable porous MOFs for CO2 adsorption,q1_co2_adsorption,50,LEA no self-cleaning,2,qmof-c1d4910,Ag2Co2C52H68N4O16,0.716667,3.401985,True,1.591390503,True,0.7,,1|1|1|1,0.7598757655234476,0.8723204284906387,0.0,0.8596077576279639,90.05008300000128
stable porous MOFs for CO2 adsorption,q1_co2_adsorption,50,LEA no self-cleaning,3,qmof-d976696,Co2C40H30N10O12S4,0.716667,2.509891,True,1.731777887,True,0.7,,1|1|1|1,0.7598757655234476,0.8723204284906387,0.0,0.8596077576279639,90.05008300000128
stable porous MOFs for CO2 adsorption,q1_co2_adsorption,50,LEA no self-cleaning,4,qmof-12ba7bc,Co2C46H28N8O12S4,0.716667,3.142553,True,1.708388658,True,0.7,,1|1|1|1,0.7598757655234476,0.8723204284906387,0.0,0.8596077576279639,90.05008300000128
stable porous MOFs for CO2 adsorption,q1_co2_adsorption,50,LEA no self-cleaning,5,qmof-71748b1,Co2C34H26N10O10S6,0.716667,3.369053,True,1.740750274,True,0.7,,1|1|1|1,0.7598757655234476,0.8723204284906387,0.0,0.8596077576279639,90.05008300000128
stable porous MOFs for CO2 adsorption,q1_co2_adsorption,50,GraphSAGE only,1,qmof-ec84fcf,Co2C20H16N28,0.716667,2.596155,True,1.767424228,True,0.7,0.294716,1|1|1|1,0.7598757655234476,0.8723204284906387,0.0,0.7598757655234476,0.03816699999958928
stable porous MOFs for CO2 adsorption,q1_co2_adsorption,50,GraphSAGE only,2,qmof-fd921b0,Co2C16H16N8O8,0.716667,3.390441,True,1.58214776,True,0.7,0.289339,1|1|1|1,0.7598757655234476,0.8723204284906387,0.002404665108770132,0.7598757655234476,0.03816699999958928
stable porous MOFs for CO2 adsorption,q1_co2_adsorption,50,GraphSAGE only,3,qmof-275dcce,Co2Nd2C32H32N20O12,0.716667,2.684298,True,1.787505544,True,0.7,0.273937,1|1|1|1,0.7598757655234476,0.8723204284906387,0.006195104991396268,0.7598757655234476,0.03816699999958928
stable porous MOFs for CO2 adsorption,q1_co2_adsorption,50,GraphSAGE only,4,qmof-0ea1d91,Co2C16H12N8O4,0.716667,3.489909,True,1.78772833,True,0.7,0.270682,1|1|1|1,0.7598757655234476,0.8723204284906387,0.006522163147261987,0.7598757655234476,0.03816699999958928
stable porous MOFs for CO2 adsorption,q1_co2_adsorption,50,GraphSAGE only,5,qmof-f69d443,Co2C40H28N12O8,0.716667,2.877886,True,1.370451155,True,0.7,0.268327,1|1|1|1,0.7598757655234476,0.8723204284906387,0.006389341072645038,0.7598757655234476,0.03816699999958928
stable porous MOFs for CO2 adsorption,q1_co2_adsorption,50,GAT only,1,qmof-fd921b0,Co2C16H16N8O8,0.716667,3.390441,True,1.58214776,True,0.7,0.516542,1|1|1|1,0.7598757655234476,0.8723204284906387,0.0,0.7598757655234476,0.0357080000021881
stable porous MOFs for CO2 adsorption,q1_co2_adsorption,50,GAT only,2,qmof-ec84fcf,Co2C20H16N28,0.716667,2.596155,True,1.767424228,True,0.7,0.499851,1|1|1|1,0.7598757655234476,0.8723204284906387,0.007464454974979162,0.7598757655234476,0.0357080000021881
stable porous MOFs for CO2 adsorption,q1_co2_adsorption,50,GAT only,3,qmof-0ea1d91,Co2C16H12N8O4,0.716667,3.489909,True,1.78772833,True,0.7,0.497662,1|1|1|1,0.7598757655234476,0.8723204284906387,0.005628931452520192,0.7598757655234476,0.0357080000021881
stable porous MOFs for CO2 adsorption,q1_co2_adsorption,50,GAT only,4,qmof-403e9cb,Co2C24H32N4O18,0.716667,3.469655,True,1.697328907,True,0.7,0.487096,1|1|1|1,0.7598757655234476,0.8723204284906387,0.006747484110140552,0.7598757655234476,0.0357080000021881
stable porous MOFs for CO2 adsorption,q1_co2_adsorption,50,GAT only,5,qmof-71748b1,Co2C34H26N10O10S6,0.716667,3.369053,True,1.740750274,True,0.7,0.486528,1|1|1|1,0.7598757655234476,0.8723204284906387,0.006509908856241964,0.7598757655234476,0.0357080000021881
stable porous MOFs for CO2 adsorption,q1_co2_adsorption,50,LEA + GraphSAGE,1,qmof-ec84fcf,Co2C20H16N28,0.716667,2.596155,True,1.767424228,True,0.7,0.294716,1|1|1|1,0.7598757655234476,0.8723204284906387,0.0,0.7676090344786644,95.77116699999877
stable porous MOFs for CO2 adsorption,q1_co2_adsorption,50,LEA + GraphSAGE,2,qmof-0ea1d91,Co2C16H12N8O4,0.716667,3.489909,True,1.78772833,True,0.7,0.270682,1|1|1|1,0.7598757655234476,0.8723204284906387,0.010748328641057014,0.763170625269413,95.77116699999877
stable porous MOFs for CO2 adsorption,q1_co2_adsorption,50,LEA + GraphSAGE,3,qmof-330a403,Co2C58F12H32N8O8S2,0.716667,2.471348,True,1.414912408,True,0.7,0.266832,1|1|1|1,0.7598757655234476,0.8723204284906387,0.008313404473786553,0.7624587118625641,95.77116699999877
stable porous MOFs for CO2 adsorption,q1_co2_adsorption,50,LEA + GraphSAGE,4,qmof-403e9cb,Co2C24H32N4O18,0.716667,3.469655,True,1.697328907,True,0.7,0.25895,1|1|1|1,0.7598757655234476,0.8723204284906387,0.008284485006394485,0.7614970092196018,95.77116699999877
stable porous MOFs for CO2 adsorption,q1_co2_adsorption,50,LEA + GraphSAGE,5,qmof-334586a,Co2C28H20N16S4,0.716667,3.172952,True,1.76521634,True,0.7,0.259037,1|1|1|1,0.7598757655234476,0.8723204284906387,0.007439579728816171,0.761016596853733,95.77116699999877
stable porous MOFs for CO2 adsorption,q1_co2_adsorption,50,LEA + GAT,1,qmof-ec84fcf,Co2C20H16N28,0.716667,2.596155,True,1.767424228,True,0.7,0.499851,1|1|1|1,0.7598757655234476,0.8723204284906387,0.0,0.8048956781625748,95.11533299999897
stable porous MOFs for CO2 adsorption,q1_co2_adsorption,50,LEA + GAT,2,qmof-0ea1d91,Co2C16H12N8O4,0.716667,3.489909,True,1.78772833,True,0.7,0.497662,1|1|1|1,0.7598757655234476,0.8723204284906387,0.0009789419127628207,0.8045060217380524,95.11533299999897
stable porous MOFs for CO2 adsorption,q1_co2_adsorption,50,LEA + GAT,3,qmof-334586a,Co2C28H20N16S4,0.716667,3.172952,True,1.76521634,True,0.7,0.47148,1|1|1|1,0.7598757655234476,0.8723204284906387,0.008458591027495762,0.7998268008232117,95.11533299999897
stable porous MOFs for CO2 adsorption,q1_co2_adsorption,50,LEA + GAT,4,qmof-c0d0be0,Co2C28H20N4O12,0.716667,3.369652,True,1.717539182,True,0.7,0.46756,1|1|1|1,0.7598757655234476,0.8723204284906387,0.009171976901901266,0.7991235226392746,95.11533299999897
stable porous MOFs for CO2 adsorption,q1_co2_adsorption,50,LEA + GAT,5,qmof-9a1ecbc,Co2C28Cl4H24N8S6,0.716667,3.409833,True,1.797370089,True,0.7,0.467254,1|1|1|1,0.7598757655234476,0.8723204284906387,0.008523530358797871,0.7990686014294625,95.11533299999897
stable porous MOFs for CO2 adsorption,q1_co2_adsorption,51,SemanticOnly,1,qmof-fe6f735,Co2C58H64N8O12,0.716667,4.292873,True,1.418878739,True,0.7,,1|1|1|1,0.6672850245975401,0.910732090473175,0.0,0.6672850245975401,0.046583000003153074
stable porous MOFs for CO2 adsorption,q1_co2_adsorption,51,SemanticOnly,2,qmof-fd921b0,Co2C16H16N8O8,0.716667,3.390441,True,1.58214776,True,0.7,,1|1|1|1,0.7598757655234476,0.8723204284906387,0.25,0.7598757655234476,0.046583000003153074
stable porous MOFs for CO2 adsorption,q1_co2_adsorption,51,SemanticOnly,3,qmof-f69d443,Co2C40H28N12O8,0.716667,2.877886,True,1.370451155,True,0.7,,1|1|1|1,0.7598757655234476,0.8723204284906387,0.16666666666666666,0.7598757655234476,0.046583000003153074
stable porous MOFs for CO2 adsorption,q1_co2_adsorption,51,SemanticOnly,4,qmof-f343390,Co2C34H22N6O8,0.716667,3.060735,True,1.790740334,True,0.7,,1|1|1|1,0.7598757655234476,0.8723204284906387,0.125,0.7598757655234476,0.046583000003153074
stable porous MOFs for CO2 adsorption,q1_co2_adsorption,51,SemanticOnly,5,qmof-f2d872e,Co2C36H40N8O12,0.716667,3.378082,True,1.334171796,True,0.7,,1|1|1|1,0.7598757655234476,0.8723204284906387,0.1,0.7598757655234476,0.046583000003153074
stable porous MOFs for CO2 adsorption,q1_co2_adsorption,51,WeightedSum,1,qmof-fd921b0,Co2C16H16N8O8,0.716667,3.390441,True,1.58214776,True,0.7,,1|1|1|1,0.7598757655234476,0.8723204284906387,0.0,0.7598757655234476,0.04787499999991951
stable porous MOFs for CO2 adsorption,q1_co2_adsorption,51,WeightedSum,2,qmof-f69d443,Co2C40H28N12O8,0.716667,2.877886,True,1.370451155,True,0.7,,1|1|1|1,0.7598757655234476,0.8723204284906387,0.0,0.7598757655234476,0.04787499999991951
stable porous MOFs for CO2 adsorption,q1_co2_adsorption,51,WeightedSum,3,qmof-f343390,Co2C34H22N6O8,0.716667,3.060735,True,1.790740334,True,0.7,,1|1|1|1,0.7598757655234476,0.8723204284906387,0.0,0.7598757655234476,0.04787499999991951
stable porous MOFs for CO2 adsorption,q1_co2_adsorption,51,WeightedSum,4,qmof-f2d872e,Co2C36H40N8O12,0.716667,3.378082,True,1.334171796,True,0.7,,1|1|1|1,0.7598757655234476,0.8723204284906387,0.0,0.7598757655234476,0.04787499999991951
stable porous MOFs for CO2 adsorption,q1_co2_adsorption,51,WeightedSum,5,qmof-f0c9af4,Co2C50H38N10O12,0.716667,2.642464,True,1.607919854,True,0.7,,1|1|1|1,0.7598757655234476,0.8723204284906387,0.0,0.7598757655234476,0.04787499999991951
stable porous MOFs for CO2 adsorption,q1_co2_adsorption,51,TOPSIS,1,qmof-fd921b0,Co2C16H16N8O8,0.716667,3.390441,True,1.58214776,True,0.7,,1|1|1|1,0.7598757655234476,0.8723204284906387,0.0,0.7598757655234476,1.153708000000364
stable porous MOFs for CO2 adsorption,q1_co2_adsorption,51,TOPSIS,2,qmof-f69d443,Co2C40H28N12O8,0.716667,2.877886,True,1.370451155,True,0.7,,1|1|1|1,0.7598757655234476,0.8723204284906387,0.0,0.7598757655234476,1.153708000000364
stable porous MOFs for CO2 adsorption,q1_co2_adsorption,51,TOPSIS,3,qmof-f343390,Co2C34H22N6O8,0.716667,3.060735,True,1.790740334,True,0.7,,1|1|1|1,0.7598757655234476,0.8723204284906387,0.0,0.7598757655234476,1.153708000000364
stable porous MOFs for CO2 adsorption,q1_co2_adsorption,51,TOPSIS,4,qmof-f2d872e,Co2C36H40N8O12,0.716667,3.378082,True,1.334171796,True,0.7,,1|1|1|1,0.7598757655234476,0.8723204284906387,0.0,0.7598757655234476,1.153708000000364
stable porous MOFs for CO2 adsorption,q1_co2_adsorption,51,TOPSIS,5,qmof-f0c9af4,Co2C50H38N10O12,0.716667,2.642464,True,1.607919854,True,0.7,,1|1|1|1,0.7598757655234476,0.8723204284906387,0.0,0.7598757655234476,1.153708000000364
stable porous MOFs for CO2 adsorption,q1_co2_adsorption,51,ParetoCrowding,1,qmof-fd921b0,Co2C16H16N8O8,0.716667,3.390441,True,1.58214776,True,0.7,,1|1|1|1,0.7598757655234476,0.8723204284906387,0.0,0.7598757655234476,185.7956250000008
stable porous MOFs for CO2 adsorption,q1_co2_adsorption,51,ParetoCrowding,2,qmof-f69d443,Co2C40H28N12O8,0.716667,2.877886,True,1.370451155,True,0.7,,1|1|1|1,0.7598757655234476,0.8723204284906387,0.0,0.7598757655234476,185.7956250000008
stable porous MOFs for CO2 adsorption,q1_co2_adsorption,51,ParetoCrowding,3,qmof-f343390,Co2C34H22N6O8,0.716667,3.060735,True,1.790740334,True,0.7,,1|1|1|1,0.7598757655234476,0.8723204284906387,0.0,0.7598757655234476,185.7956250000008
stable porous MOFs for CO2 adsorption,q1_co2_adsorption,51,ParetoCrowding,4,qmof-f2d872e,Co2C36H40N8O12,0.716667,3.378082,True,1.334171796,True,0.7,,1|1|1|1,0.7598757655234476,0.8723204284906387,0.0,0.7598757655234476,185.7956250000008
stable porous MOFs for CO2 adsorption,q1_co2_adsorption,51,ParetoCrowding,5,qmof-f0c9af4,Co2C50H38N10O12,0.716667,2.642464,True,1.607919854,True,0.7,,1|1|1|1,0.7598757655234476,0.8723204284906387,0.0,0.7598757655234476,185.7956250000008
stable porous MOFs for CO2 adsorption,q1_co2_adsorption,51,Random,1,qmof-334586a,Co2C28H20N16S4,0.716667,3.172952,True,1.76521634,True,0.7,,1|1|1|1,0.7598757655234476,0.8723204284906387,0.0,0.7598757655234476,0.051458000001503024
stable porous MOFs for CO2 adsorption,q1_co2_adsorption,51,Random,2,qmof-6a9204c,Co2C40Cl4H28N4O8,0.716667,3.097808,True,1.759352827,True,0.7,,1|1|1|1,0.7598757655234476,0.8723204284906387,0.0,0.7598757655234476,0.051458000001503024
stable porous MOFs for CO2 adsorption,q1_co2_adsorption,51,Random,3,qmof-c0d0be0,Co2C28H20N4O12,0.716667,3.369652,True,1.717539182,True,0.7,,1|1|1|1,0.7598757655234476,0.8723204284906387,0.0,0.7598757655234476,0.051458000001503024
stable porous MOFs for CO2 adsorption,q1_co2_adsorption,51,Random,4,qmof-cd0f2d8,Co2C34H38N10O8,0.716667,3.562051,True,1.672342395,True,0.7,,1|1|1|1,0.6672850245975401,0.910732090473175,0.125,0.6672850245975401,0.051458000001503024
stable porous MOFs for CO2 adsorption,q1_co2_adsorption,51,Random,5,qmof-72d8647,Co2C32H24N16O4,0.716667,3.596613,True,1.607043127,True,0.7,,1|1|1|1,0.6672850245975401,0.910732090473175,0.15,0.6672850245975401,0.051458000001503024
stable porous MOFs for CO2 adsorption,q1_co2_adsorption,51,MMR,1,qmof-92f3405,Co2C32H34N4O8,0.716667,3.41823,True,1.507459004,True,0.7,,1|1|1|1,0.7598757655234476,0.8723204284906387,0.0,0.7598757655234476,1647.1180829999987
stable porous MOFs for CO2 adsorption,q1_co2_adsorption,51,MMR,2,qmof-c49d30b,Co2C36H28N24,0.716667,4.041136,True,1.711108729,True,0.7,,1|1|1|1,0.6672850245975401,0.910732090473175,0.25,0.6672850245975401,1647.1180829999987
stable porous MOFs for CO2 adsorption,q1_co2_adsorption,51,MMR,3,qmof-2f1a847,Co2C66H48N4O12,0.716667,3.171648,True,1.563157733,True,0.7,,1|1|1|1,0.7598757655234476,0.8723204284906387,0.16666666666666666,0.7598757655234476,1647.1180829999987
stable porous MOFs for CO2 adsorption,q1_co2_adsorption,51,MMR,4,qmof-6a9204c,Co2C40Cl4H28N4O8,0.716667,3.097808,True,1.759352827,True,0.7,,1|1|1|1,0.7598757655234476,0.8723204284906387,0.125,0.7598757655234476,1647.1180829999987
stable porous MOFs for CO2 adsorption,q1_co2_adsorption,51,MMR,5,qmof-99810c8,Co2C46H34N4O14,0.716667,2.887718,True,1.652544913,True,0.7,,1|1|1|1,0.7598757655234476,0.8723204284906387,0.1,0.7598757655234476,1647.1180829999987
stable porous MOFs for CO2 adsorption,q1_co2_adsorption,51,LEA,1,qmof-f2d872e,Co2C36H40N8O12,0.716667,3.378082,True,1.334171796,True,0.7,,1|1|1|1,0.7598757655234476,0.8723204284906387,0.0,0.8596077576279639,90.88712500000184
stable porous MOFs for CO2 adsorption,q1_co2_adsorption,51,LEA,2,qmof-14eb177,Co2C44H36N8O8,0.716667,3.496948,True,1.411241713,True,0.7,,1|1|1|1,0.7598757655234476,0.8723204284906387,0.0,0.8596077576279639,90.88712500000184
stable porous MOFs for CO2 adsorption,q1_co2_adsorption,51,LEA,3,qmof-38716ea,Co2C28H28N8O8,0.716667,2.953484,True,1.688881439,True,0.7,,1|1|1|1,0.7598757655234476,0.8723204284906387,0.0,0.8596077576279639,90.88712500000184
stable porous MOFs for CO2 adsorption,q1_co2_adsorption,51,LEA,4,qmof-b78a98a,Co2C32H20N2O8,0.716667,3.231363,True,1.690505428,True,0.7,,1|1|1|1,0.7598757655234476,0.8723204284906387,0.0,0.8596077576279639,90.88712500000184
stable porous MOFs for CO2 adsorption,q1_co2_adsorption,51,LEA,5,qmof-8bbce0c,Co2C48H32N12O12,0.716667,2.64074,True,1.614965635,True,0.7,,1|1|1|1,0.7598757655234476,0.8723204284906387,0.0,0.8596077576279639,90.88712500000184
stable porous MOFs for CO2 adsorption,q1_co2_adsorption,51,LEA no diversity,1,qmof-f2d872e,Co2C36H40N8O12,0.716667,3.378082,True,1.334171796,True,0.7,,1|1|1|1,0.7598757655234476,0.8723204284906387,0.0,0.847107757627964,90.96049999999778
stable porous MOFs for CO2 adsorption,q1_co2_adsorption,51,LEA no diversity,2,qmof-14eb177,Co2C44H36N8O8,0.716667,3.496948,True,1.411241713,True,0.7,,1|1|1|1,0.7598757655234476,0.8723204284906387,0.0,0.847107757627964,90.96049999999778
stable porous MOFs for CO2 adsorption,q1_co2_adsorption,51,LEA no diversity,3,qmof-38716ea,Co2C28H28N8O8,0.716667,2.953484,True,1.688881439,True,0.7,,1|1|1|1,0.7598757655234476,0.8723204284906387,0.0,0.847107757627964,90.96049999999778
stable porous MOFs for CO2 adsorption,q1_co2_adsorption,51,LEA no diversity,4,qmof-b78a98a,Co2C32H20N2O8,0.716667,3.231363,True,1.690505428,True,0.7,,1|1|1|1,0.7598757655234476,0.8723204284906387,0.0,0.847107757627964,90.96049999999778
stable porous MOFs for CO2 adsorption,q1_co2_adsorption,51,LEA no diversity,5,qmof-8bbce0c,Co2C48H32N12O12,0.716667,2.64074,True,1.614965635,True,0.7,,1|1|1|1,0.7598757655234476,0.8723204284906387,0.0,0.847107757627964,90.96049999999778
stable porous MOFs for CO2 adsorption,q1_co2_adsorption,51,LEA no self-cleaning,1,qmof-f2d872e,Co2C36H40N8O12,0.716667,3.378082,True,1.334171796,True,0.7,,1|1|1|1,0.7598757655234476,0.8723204284906387,0.0,0.8596077576279639,90.62991700000111
stable porous MOFs for CO2 adsorption,q1_co2_adsorption,51,LEA no self-cleaning,2,qmof-14eb177,Co2C44H36N8O8,0.716667,3.496948,True,1.411241713,True,0.7,,1|1|1|1,0.7598757655234476,0.8723204284906387,0.0,0.8596077576279639,90.62991700000111
stable porous MOFs for CO2 adsorption,q1_co2_adsorption,51,LEA no self-cleaning,3,qmof-38716ea,Co2C28H28N8O8,0.716667,2.953484,True,1.688881439,True,0.7,,1|1|1|1,0.7598757655234476,0.8723204284906387,0.0,0.8596077576279639,90.62991700000111
stable porous MOFs for CO2 adsorption,q1_co2_adsorption,51,LEA no self-cleaning,4,qmof-b78a98a,Co2C32H20N2O8,0.716667,3.231363,True,1.690505428,True,0.7,,1|1|1|1,0.7598757655234476,0.8723204284906387,0.0,0.8596077576279639,90.62991700000111
stable porous MOFs for CO2 adsorption,q1_co2_adsorption,51,LEA no self-cleaning,5,qmof-8bbce0c,Co2C48H32N12O12,0.716667,2.64074,True,1.614965635,True,0.7,,1|1|1|1,0.7598757655234476,0.8723204284906387,0.0,0.8596077576279639,90.62991700000111
stable porous MOFs for CO2 adsorption,q1_co2_adsorption,51,GraphSAGE only,1,qmof-ec84fcf,Co2C20H16N28,0.716667,2.596155,True,1.767424228,True,0.7,0.294716,1|1|1|1,0.7598757655234476,0.8723204284906387,0.0,0.7598757655234476,0.03725000000187606
stable porous MOFs for CO2 adsorption,q1_co2_adsorption,51,GraphSAGE only,2,qmof-fd921b0,Co2C16H16N8O8,0.716667,3.390441,True,1.58214776,True,0.7,0.289339,1|1|1|1,0.7598757655234476,0.8723204284906387,0.002404665108770132,0.7598757655234476,0.03725000000187606
stable porous MOFs for CO2 adsorption,q1_co2_adsorption,51,GraphSAGE only,3,qmof-275dcce,Co2Nd2C32H32N20O12,0.716667,2.684298,True,1.787505544,True,0.7,0.273937,1|1|1|1,0.7598757655234476,0.8723204284906387,0.006195104991396268,0.7598757655234476,0.03725000000187606
stable porous MOFs for CO2 adsorption,q1_co2_adsorption,51,GraphSAGE only,4,qmof-0ea1d91,Co2C16H12N8O4,0.716667,3.489909,True,1.78772833,True,0.7,0.270682,1|1|1|1,0.7598757655234476,0.8723204284906387,0.006522163147261987,0.7598757655234476,0.03725000000187606
stable porous MOFs for CO2 adsorption,q1_co2_adsorption,51,GraphSAGE only,5,qmof-f69d443,Co2C40H28N12O8,0.716667,2.877886,True,1.370451155,True,0.7,0.268327,1|1|1|1,0.7598757655234476,0.8723204284906387,0.006389341072645038,0.7598757655234476,0.03725000000187606
stable porous MOFs for CO2 adsorption,q1_co2_adsorption,51,GAT only,1,qmof-fd921b0,Co2C16H16N8O8,0.716667,3.390441,True,1.58214776,True,0.7,0.516542,1|1|1|1,0.7598757655234476,0.8723204284906387,0.0,0.7598757655234476,0.03570899999871813
stable porous MOFs for CO2 adsorption,q1_co2_adsorption,51,GAT only,2,qmof-ec84fcf,Co2C20H16N28,0.716667,2.596155,True,1.767424228,True,0.7,0.499851,1|1|1|1,0.7598757655234476,0.8723204284906387,0.007464454974979162,0.7598757655234476,0.03570899999871813
stable porous MOFs for CO2 adsorption,q1_co2_adsorption,51,GAT only,3,qmof-0ea1d91,Co2C16H12N8O4,0.716667,3.489909,True,1.78772833,True,0.7,0.497662,1|1|1|1,0.7598757655234476,0.8723204284906387,0.005628931452520192,0.7598757655234476,0.03570899999871813
stable porous MOFs for CO2 adsorption,q1_co2_adsorption,51,GAT only,4,qmof-403e9cb,Co2C24H32N4O18,0.716667,3.469655,True,1.697328907,True,0.7,0.487096,1|1|1|1,0.7598757655234476,0.8723204284906387,0.006747484110140552,0.7598757655234476,0.03570899999871813
stable porous MOFs for CO2 adsorption,q1_co2_adsorption,51,GAT only,5,qmof-71748b1,Co2C34H26N10O10S6,0.716667,3.369053,True,1.740750274,True,0.7,0.486528,1|1|1|1,0.7598757655234476,0.8723204284906387,0.006509908856241964,0.7598757655234476,0.03570899999871813
stable porous MOFs for CO2 adsorption,q1_co2_adsorption,51,LEA + GraphSAGE,1,qmof-ec84fcf,Co2C20H16N28,0.716667,2.596155,True,1.767424228,True,0.7,0.294716,1|1|1|1,0.7598757655234476,0.8723204284906387,0.0,0.7676090344786644,94.7446670000005
stable porous MOFs for CO2 adsorption,q1_co2_adsorption,51,LEA + GraphSAGE,2,qmof-fd921b0,Co2C16H16N8O8,0.716667,3.390441,True,1.58214776,True,0.7,0.289339,1|1|1|1,0.7598757655234476,0.8723204284906387,0.002404665108770132,0.76661696434021,94.7446670000005
stable porous MOFs for CO2 adsorption,q1_co2_adsorption,51,LEA + GraphSAGE,3,qmof-0ea1d91,Co2C16H12N8O4,0.716667,3.489909,True,1.78772833,True,0.7,0.270682,1|1|1|1,0.7598757655234476,0.8723204284906387,0.007165552582591772,0.763170625269413,94.7446670000005
stable porous MOFs for CO2 adsorption,q1_co2_adsorption,51,LEA + GraphSAGE,4,qmof-f69d443,Co2C40H28N12O8,0.716667,2.877886,True,1.370451155,True,0.7,0.268327,1|1|1|1,0.7598757655234476,0.8723204284906387,0.007291371002793312,0.7627351641654968,94.7446670000005
stable porous MOFs for CO2 adsorption,q1_co2_adsorption,51,LEA + GraphSAGE,5,qmof-334586a,Co2C28H20N16S4,0.716667,3.172952,True,1.76521634,True,0.7,0.259037,1|1|1|1,0.7598757655234476,0.8723204284906387,0.008261826960369945,0.7618255264125764,94.7446670000005
stable porous MOFs for CO2 adsorption,q1_co2_adsorption,51,LEA + GAT,1,qmof-fd921b0,Co2C16H16N8O8,0.716667,3.390441,True,1.58214776,True,0.7,0.516542,1|1|1|1,0.7598757655234476,0.8723204284906387,0.0,0.8078589275479316,93.99937500000277
stable porous MOFs for CO2 adsorption,q1_co2_adsorption,51,LEA + GAT,2,qmof-ec84fcf,Co2C20H16N28,0.716667,2.596155,True,1.767424228,True,0.7,0.499851,1|1|1|1,0.7598757655234476,0.8723204284906387,0.007464454974979162,0.8048956781625748,93.99937500000277
stable porous MOFs for CO2 adsorption,q1_co2_adsorption,51,LEA + GAT,3,qmof-0ea1d91,Co2C16H12N8O4,0.716667,3.489909,True,1.78772833,True,0.7,0.497662,1|1|1|1,0.7598757655234476,0.8723204284906387,0.005628931452520192,0.8045060217380524,93.99937500000277
stable porous MOFs for CO2 adsorption,q1_co2_adsorption,51,LEA + GAT,4,qmof-e2b9aa4,Co2C38H26N10O8,0.716667,3.431088,True,1.656139225,True,0.7,0.459499,1|1|1|1,0.7598757655234476,0.8723204284906387,0.012918362917844206,0.7989259282127023,93.99937500000277
stable porous MOFs for CO2 adsorption,q1_co2_adsorption,51,LEA + GAT,5,qmof-d8703ab,Co2C24H24N8O8,0.716667,3.365559,True,1.778550968,True,0.7,0.463501,1|1|1|1,0.7598757655234476,0.8723204284906387,0.0134554059128277,0.7983945980668068,93.99937500000277
photocatalytic MOFs with suitable band gaps,q2_photocatalysis,42,SemanticOnly,1,qmof-fe36449,Cu2C22H26N10O8,0.643333,2.781366,True,1.768423472,True,0.7,,1|1|1|1,0.75516655,0.8599924892187119,0.0,0.75516655,0.049083000000393895
photocatalytic MOFs with suitable band gaps,q2_photocatalysis,42,SemanticOnly,2,qmof-fda4509,Cu2C28H20N20,0.643333,2.658678,True,1.778171248,True,0.7,,1|1|1|1,0.75516655,0.8599924892187119,0.0,0.75516655,0.049083000000393895
photocatalytic MOFs with suitable band gaps,q2_photocatalysis,42,SemanticOnly,3,qmof-fbc9303,Zn2C44H36N8O12,0.643333,1.5071,True,1.29968722,True,0.7,,1|1|1|1,0.75516655,0.8599924892187119,0.0,0.75516655,0.049083000000393895
photocatalytic MOFs with suitable band gaps,q2_photocatalysis,42,SemanticOnly,4,qmof-f6f5670,Cd2C64H56N8O16,0.643333,3.228261,True,1.453222864,True,0.7,,1|1|1|1,0.75516655,0.8599924892187119,0.0,0.75516655,0.049083000000393895
photocatalytic MOFs with suitable band gaps,q2_photocatalysis,42,SemanticOnly,5,qmof-f5690c7,CdC20H20N2O8,0.643333,2.694597,True,1.825067689,True,0.7,,1|1|1|1,0.75516655,0.8599924892187119,0.0,0.75516655,0.049083000000393895
photocatalytic MOFs with suitable band gaps,q2_photocatalysis,42,WeightedSum,1,qmof-e566fbb,Zn2C36H22N6O8,0.643333,2.93315,True,0.83426434,True,1.0,,1|1|1|1,0.8751665499999999,0.8455586731433868,0.0,0.8751665499999999,0.04916700000023866
photocatalytic MOFs with suitable band gaps,q2_photocatalysis,42,WeightedSum,2,qmof-cef46c3,Zn2C48H32N8O8,0.643333,2.913296,True,0.7895211,True,1.0,,1|1|1|1,0.8751665499999999,0.8455586731433868,0.0,0.8751665499999999,0.04916700000023866
photocatalytic MOFs with suitable band gaps,q2_photocatalysis,42,WeightedSum,3,qmof-c0f392b,Zn2C44H38N6O12,0.643333,2.464185,True,0.915527725,True,1.0,,1|1|1|1,0.8751665499999999,0.8455586731433868,0.0,0.8751665499999999,0.04916700000023866
photocatalytic MOFs with suitable band gaps,q2_photocatalysis,42,WeightedSum,4,qmof-ac6a77a,Zn4C76H44N8O16,0.643333,2.401359,True,0.82887956,True,1.0,,1|1|1|1,0.8751665499999999,0.8455586731433868,0.0,0.8751665499999999,0.04916700000023866
photocatalytic MOFs with suitable band gaps,q2_photocatalysis,42,WeightedSum,5,qmof-13a76dd,Zn4C40H28N12O8,0.643333,3.309168,True,0.982716063,True,1.0,,1|1|1|1,0.8751665499999999,0.8455586731433868,0.0,0.8751665499999999,0.04916700000023866
photocatalytic MOFs with suitable band gaps,q2_photocatalysis,42,TOPSIS,1,qmof-e566fbb,Zn2C36H22N6O8,0.643333,2.93315,True,0.83426434,True,1.0,,1|1|1|1,0.8751665499999999,0.8455586731433868,0.0,0.8751665499999999,1.1622500000001423
photocatalytic MOFs with suitable band gaps,q2_photocatalysis,42,TOPSIS,2,qmof-cef46c3,Zn2C48H32N8O8,0.643333,2.913296,True,0.7895211,True,1.0,,1|1|1|1,0.8751665499999999,0.8455586731433868,0.0,0.8751665499999999,1.1622500000001423
photocatalytic MOFs with suitable band gaps,q2_photocatalysis,42,TOPSIS,3,qmof-c0f392b,Zn2C44H38N6O12,0.643333,2.464185,True,0.915527725,True,1.0,,1|1|1|1,0.8751665499999999,0.8455586731433868,0.0,0.8751665499999999,1.1622500000001423
photocatalytic MOFs with suitable band gaps,q2_photocatalysis,42,TOPSIS,4,qmof-ac6a77a,Zn4C76H44N8O16,0.643333,2.401359,True,0.82887956,True,1.0,,1|1|1|1,0.8751665499999999,0.8455586731433868,0.0,0.8751665499999999,1.1622500000001423
photocatalytic MOFs with suitable band gaps,q2_photocatalysis,42,TOPSIS,5,qmof-13a76dd,Zn4C40H28N12O8,0.643333,3.309168,True,0.982716063,True,1.0,,1|1|1|1,0.8751665499999999,0.8455586731433868,0.0,0.8751665499999999,1.1622500000001423
photocatalytic MOFs with suitable band gaps,q2_photocatalysis,42,ParetoCrowding,1,qmof-e566fbb,Zn2C36H22N6O8,0.643333,2.93315,True,0.83426434,True,1.0,,1|1|1|1,0.8751665499999999,0.8455586731433868,0.0,0.8751665499999999,187.07383299999947
photocatalytic MOFs with suitable band gaps,q2_photocatalysis,42,ParetoCrowding,2,qmof-cef46c3,Zn2C48H32N8O8,0.643333,2.913296,True,0.7895211,True,1.0,,1|1|1|1,0.8751665499999999,0.8455586731433868,0.0,0.8751665499999999,187.07383299999947
photocatalytic MOFs with suitable band gaps,q2_photocatalysis,42,ParetoCrowding,3,qmof-c0f392b,Zn2C44H38N6O12,0.643333,2.464185,True,0.915527725,True,1.0,,1|1|1|1,0.8751665499999999,0.8455586731433868,0.0,0.8751665499999999,187.07383299999947
photocatalytic MOFs with suitable band gaps,q2_photocatalysis,42,ParetoCrowding,4,qmof-ac6a77a,Zn4C76H44N8O16,0.643333,2.401359,True,0.82887956,True,1.0,,1|1|1|1,0.8751665499999999,0.8455586731433868,0.0,0.8751665499999999,187.07383299999947
photocatalytic MOFs with suitable band gaps,q2_photocatalysis,42,ParetoCrowding,5,qmof-13a76dd,Zn4C40H28N12O8,0.643333,3.309168,True,0.982716063,True,1.0,,1|1|1|1,0.8751665499999999,0.8455586731433868,0.0,0.8751665499999999,187.07383299999947
photocatalytic MOFs with suitable band gaps,q2_photocatalysis,42,Random,1,qmof-b0aae08,Cu2C30H30I2N12S6,0.643333,2.820553,True,1.958150027,True,0.7,,1|1|1|1,0.75516655,0.8599924892187119,0.0,0.75516655,0.05412499999835063
photocatalytic MOFs with suitable band gaps,q2_photocatalysis,42,Random,2,qmof-1e80f26,Cd2C68H52N8O8,0.643333,3.488716,True,1.440411124,True,0.7,,1|1|1|1,0.75516655,0.8599924892187119,0.0,0.75516655,0.05412499999835063
photocatalytic MOFs with suitable band gaps,q2_photocatalysis,42,Random,3,qmof-b792eba,CdC46H42N8O6S2,0.643333,2.985777,True,1.497328152,True,0.7,,1|1|1|1,0.75516655,0.8599924892187119,0.0,0.75516655,0.05412499999835063
photocatalytic MOFs with suitable band gaps,q2_photocatalysis,42,Random,4,qmof-6417424,Cu2C22Cl4H20N4S4,0.643333,2.876975,True,1.061456028,True,0.7,,1|1|1|1,0.75516655,0.8599924892187119,0.0,0.75516655,0.05412499999835063
photocatalytic MOFs with suitable band gaps,q2_photocatalysis,42,Random,5,qmof-c998a82,Cd2C38H30N4O12,0.643333,3.20983,True,1.84530304,True,0.7,,1|1|1|1,0.75516655,0.8599924892187119,0.0,0.75516655,0.05412499999835063
photocatalytic MOFs with suitable band gaps,q2_photocatalysis,42,MMR,1,qmof-13a76dd,Zn4C40H28N12O8,0.643333,3.309168,True,0.982716063,True,1.0,,1|1|1|1,0.8751665499999999,0.8455586731433868,0.0,0.8751665499999999,1670.7118329999985
photocatalytic MOFs with suitable band gaps,q2_photocatalysis,42,MMR,2,qmof-e566fbb,Zn2C36H22N6O8,0.643333,2.93315,True,0.83426434,True,1.0,,1|1|1|1,0.8751665499999999,0.8455586731433868,0.0,0.8751665499999999,1670.7118329999985
photocatalytic MOFs with suitable band gaps,q2_photocatalysis,42,MMR,3,qmof-cef46c3,Zn2C48H32N8O8,0.643333,2.913296,True,0.7895211,True,1.0,,1|1|1|1,0.8751665499999999,0.8455586731433868,0.0,0.8751665499999999,1670.7118329999985
photocatalytic MOFs with suitable band gaps,q2_photocatalysis,42,MMR,4,qmof-c0f392b,Zn2C44H38N6O12,0.643333,2.464185,True,0.915527725,True,1.0,,1|1|1|1,0.8751665499999999,0.8455586731433868,0.0,0.8751665499999999,1670.7118329999985
photocatalytic MOFs with suitable band gaps,q2_photocatalysis,42,MMR,5,qmof-ac6a77a,Zn4C76H44N8O16,0.643333,2.401359,True,0.82887956,True,1.0,,1|1|1|1,0.8751665499999999,0.8455586731433868,0.0,0.8751665499999999,1670.7118329999985
photocatalytic MOFs with suitable band gaps,q2_photocatalysis,42,LEA,1,qmof-ac6a77a,Zn4C76H44N8O16,0.643333,2.401359,True,0.82887956,True,1.0,,1|1|1|1,0.8751665499999999,0.8455586731433868,0.0,0.9703290045261384,90.81295799999722
photocatalytic MOFs with suitable band gaps,q2_photocatalysis,42,LEA,2,qmof-c0f392b,Zn2C44H38N6O12,0.643333,2.464185,True,0.915527725,True,1.0,,1|1|1|1,0.8751665499999999,0.8455586731433868,0.0,0.9703290045261384,90.81295799999722
photocatalytic MOFs with suitable band gaps,q2_photocatalysis,42,LEA,3,qmof-cef46c3,Zn2C48H32N8O8,0.643333,2.913296,True,0.7895211,True,1.0,,1|1|1|1,0.8751665499999999,0.8455586731433868,0.0,0.9703290045261384,90.81295799999722
photocatalytic MOFs with suitable band gaps,q2_photocatalysis,42,LEA,4,qmof-e566fbb,Zn2C36H22N6O8,0.643333,2.93315,True,0.83426434,True,1.0,,1|1|1|1,0.8751665499999999,0.8455586731433868,0.0,0.9703290045261384,90.81295799999722
photocatalytic MOFs with suitable band gaps,q2_photocatalysis,42,LEA,5,qmof-13a76dd,Zn4C40H28N12O8,0.643333,3.309168,True,0.982716063,True,1.0,,1|1|1|1,0.8751665499999999,0.8455586731433868,0.0,0.9597224026918412,90.81295799999722
photocatalytic MOFs with suitable band gaps,q2_photocatalysis,42,LEA no diversity,1,qmof-ac6a77a,Zn4C76H44N8O16,0.643333,2.401359,True,0.82887956,True,1.0,,1|1|1|1,0.8751665499999999,0.8455586731433868,0.0,0.9597224026918412,90.53304100000048
photocatalytic MOFs with suitable band gaps,q2_photocatalysis,42,LEA no diversity,2,qmof-c0f392b,Zn2C44H38N6O12,0.643333,2.464185,True,0.915527725,True,1.0,,1|1|1|1,0.8751665499999999,0.8455586731433868,0.0,0.9597224026918412,90.53304100000048
photocatalytic MOFs with suitable band gaps,q2_photocatalysis,42,LEA no diversity,3,qmof-cef46c3,Zn2C48H32N8O8,0.643333,2.913296,True,0.7895211,True,1.0,,1|1|1|1,0.8751665499999999,0.8455586731433868,0.0,0.9597224026918412,90.53304100000048
photocatalytic MOFs with suitable band gaps,q2_photocatalysis,42,LEA no diversity,4,qmof-e566fbb,Zn2C36H22N6O8,0.643333,2.93315,True,0.83426434,True,1.0,,1|1|1|1,0.8751665499999999,0.8455586731433868,0.0,0.9597224026918412,90.53304100000048
photocatalytic MOFs with suitable band gaps,q2_photocatalysis,42,LEA no diversity,5,qmof-13a76dd,Zn4C40H28N12O8,0.643333,3.309168,True,0.982716063,True,1.0,,1|1|1|1,0.8751665499999999,0.8455586731433868,0.0,0.9597224026918412,90.53304100000048
photocatalytic MOFs with suitable band gaps,q2_photocatalysis,42,LEA no self-cleaning,1,qmof-ac6a77a,Zn4C76H44N8O16,0.643333,2.401359,True,0.82887956,True,1.0,,1|1|1|1,0.8751665499999999,0.8455586731433868,0.0,0.9703290045261384,91.34695899999912
photocatalytic MOFs with suitable band gaps,q2_photocatalysis,42,LEA no self-cleaning,2,qmof-c0f392b,Zn2C44H38N6O12,0.643333,2.464185,True,0.915527725,True,1.0,,1|1|1|1,0.8751665499999999,0.8455586731433868,0.0,0.9703290045261384,91.34695899999912
photocatalytic MOFs with suitable band gaps,q2_photocatalysis,42,LEA no self-cleaning,3,qmof-cef46c3,Zn2C48H32N8O8,0.643333,2.913296,True,0.7895211,True,1.0,,1|1|1|1,0.8751665499999999,0.8455586731433868,0.0,0.9703290045261384,91.34695899999912
photocatalytic MOFs with suitable band gaps,q2_photocatalysis,42,LEA no self-cleaning,4,qmof-e566fbb,Zn2C36H22N6O8,0.643333,2.93315,True,0.83426434,True,1.0,,1|1|1|1,0.8751665499999999,0.8455586731433868,0.0,0.9703290045261384,91.34695899999912
photocatalytic MOFs with suitable band gaps,q2_photocatalysis,42,LEA no self-cleaning,5,qmof-13a76dd,Zn4C40H28N12O8,0.643333,3.309168,True,0.982716063,True,1.0,,1|1|1|1,0.8751665499999999,0.8455586731433868,0.0,0.9597224026918412,91.34695899999912
photocatalytic MOFs with suitable band gaps,q2_photocatalysis,42,GraphSAGE only,1,qmof-13a76dd,Zn4C40H28N12O8,0.643333,3.309168,True,0.982716063,True,1.0,0.311079,1|1|1|1,0.8751665499999999,0.8455586731433868,0.0,0.8751665499999999,0.03858300000203485
photocatalytic MOFs with suitable band gaps,q2_photocatalysis,42,GraphSAGE only,2,qmof-e566fbb,Zn2C36H22N6O8,0.643333,2.93315,True,0.83426434,True,1.0,0.303646,1|1|1|1,0.8751665499999999,0.8455586731433868,0.0033241373021155596,0.8751665499999999,0.03858300000203485
photocatalytic MOFs with suitable band gaps,q2_photocatalysis,42,GraphSAGE only,3,qmof-ac6a77a,Zn4C76H44N8O16,0.643333,2.401359,True,0.82887956,True,1.0,0.297293,1|1|1|1,0.8751665499999999,0.8455586731433868,0.004110187524929643,0.8751665499999999,0.03858300000203485
photocatalytic MOFs with suitable band gaps,q2_photocatalysis,42,GraphSAGE only,4,qmof-cef46c3,Zn2C48H32N8O8,0.643333,2.913296,True,0.7895211,True,1.0,0.295888,1|1|1|1,0.8751665499999999,0.8455586731433868,0.003870332264341414,0.8751665499999999,0.03858300000203485
photocatalytic MOFs with suitable band gaps,q2_photocatalysis,42,GraphSAGE only,5,qmof-c0f392b,Zn2C44H38N6O12,0.643333,2.464185,True,0.915527725,True,1.0,0.289179,1|1|1|1,0.8751665499999999,0.8455586731433868,0.0046114866388961675,0.8751665499999999,0.03858300000203485
photocatalytic MOFs with suitable band gaps,q2_photocatalysis,42,GAT only,1,qmof-13a76dd,Zn4C40H28N12O8,0.643333,3.309168,True,0.982716063,True,1.0,0.504522,1|1|1|1,0.8751665499999999,0.8455586731433868,0.0,0.8751665499999999,0.04112499999919805
photocatalytic MOFs with suitable band gaps,q2_photocatalysis,42,GAT only,2,qmof-e566fbb,Zn2C36H22N6O8,0.643333,2.93315,True,0.83426434,True,1.0,0.471145,1|1|1|1,0.8751665499999999,0.8455586731433868,0.014926658011972904,0.8751665499999999,0.04112499999919805
photocatalytic MOFs with suitable band gaps,q2_photocatalysis,42,GAT only,3,qmof-cef46c3,Zn2C48H32N8O8,0.643333,2.913296,True,0.7895211,True,1.0,0.458106,1|1|1|1,0.8751665499999999,0.8455586731433868,0.0138385818960766,0.8751665499999999,0.04112499999919805
photocatalytic MOFs with suitable band gaps,q2_photocatalysis,42,GAT only,4,qmof-c0f392b,Zn2C44H38N6O12,0.643333,2.464185,True,0.915527725,True,1.0,0.428866,1|1|1|1,0.8751665499999999,0.8455586731433868,0.01788907148875296,0.8751665499999999,0.04112499999919805
photocatalytic MOFs with suitable band gaps,q2_photocatalysis,42,GAT only,5,qmof-ac6a77a,Zn4C76H44N8O16,0.643333,2.401359,True,0.82887956,True,1.0,0.427412,1|1|1|1,0.8751665499999999,0.8455586731433868,0.017575409595156088,0.8751665499999999,0.04112499999919805
photocatalytic MOFs with suitable band gaps,q2_photocatalysis,42,LEA + GraphSAGE,1,qmof-13a76dd,Zn4C40H28N12O8,0.643333,3.309168,True,0.982716063,True,1.0,0.311079,1|1|1|1,0.8751665499999999,0.8455586731433868,0.0,0.8628705084323883,95.57479200000074
photocatalytic MOFs with suitable band gaps,q2_photocatalysis,42,LEA + GraphSAGE,2,qmof-e566fbb,Zn2C36H22N6O8,0.643333,2.93315,True,0.83426434,True,1.0,0.303646,1|1|1|1,0.8751665499999999,0.8455586731433868,0.0033241373021155596,0.8614974915981293,95.57479200000074
photocatalytic MOFs with suitable band gaps,q2_photocatalysis,42,LEA + GraphSAGE,3,qmof-ac6a77a,Zn4C76H44N8O16,0.643333,2.401359,True,0.82887956,True,1.0,0.297293,1|1|1|1,0.8751665499999999,0.8455586731433868,0.004110187524929643,0.8603233605623245,95.57479200000074
photocatalytic MOFs with suitable band gaps,q2_photocatalysis,42,LEA + GraphSAGE,4,qmof-cef46c3,Zn2C48H32N8O8,0.643333,2.913296,True,0.7895211,True,1.0,0.295888,1|1|1|1,0.8751665499999999,0.8455586731433868,0.003870332264341414,0.8600636690855026,95.57479200000074
photocatalytic MOFs with suitable band gaps,q2_photocatalysis,42,LEA + GraphSAGE,5,qmof-c0f392b,Zn2C44H38N6O12,0.643333,2.464185,True,0.915527725,True,1.0,0.289179,1|1|1|1,0.8751665499999999,0.8455586731433868,0.0046114866388961675,0.858823013305664,95.57479200000074
photocatalytic MOFs with suitable band gaps,q2_photocatalysis,42,LEA + GAT,1,qmof-13a76dd,Zn4C40H28N12O8,0.643333,3.309168,True,0.982716063,True,1.0,0.504522,1|1|1|1,0.8751665499999999,0.8455586731433868,0.0,0.898240116238594,98.73449999999906
photocatalytic MOFs with suitable band gaps,q2_photocatalysis,42,LEA + GAT,2,qmof-e566fbb,Zn2C36H22N6O8,0.643333,2.93315,True,0.83426434,True,1.0,0.471145,1|1|1|1,0.8751665499999999,0.8455586731433868,0.014926658011972904,0.8921995639801026,98.73449999999906
photocatalytic MOFs with suitable band gaps,q2_photocatalysis,42,LEA + GAT,3,qmof-cef46c3,Zn2C48H32N8O8,0.643333,2.913296,True,0.7895211,True,1.0,0.458106,1|1|1|1,0.8751665499999999,0.8455586731433868,0.0138385818960766,0.8898313075304032,98.73449999999906
photocatalytic MOFs with suitable band gaps,q2_photocatalysis,42,LEA + GAT,4,qmof-c0f392b,Zn2C44H38N6O12,0.643333,2.464185,True,0.915527725,True,1.0,0.428866,1|1|1|1,0.8751665499999999,0.8455586731433868,0.01788907148875296,0.8845047548413276,98.73449999999906
photocatalytic MOFs with suitable band gaps,q2_photocatalysis,42,LEA + GAT,5,qmof-ac6a77a,Zn4C76H44N8O16,0.643333,2.401359,True,0.82887956,True,1.0,0.427412,1|1|1|1,0.8751665499999999,0.8455586731433868,0.017575409595156088,0.8842393606901169,98.73449999999906
photocatalytic MOFs with suitable band gaps,q2_photocatalysis,43,SemanticOnly,1,qmof-fcfab15,Zn2C48H36N8O12,0.643333,3.105757,True,1.544337866,True,0.7,,1|1|1|1,0.75516655,0.8599924892187119,0.0,0.75516655,0.04820799999549763
photocatalytic MOFs with suitable band gaps,q2_photocatalysis,43,SemanticOnly,2,qmof-fc7ce55,Cu2C22Cl4H20N4S4,0.643333,2.876732,True,1.110326318,True,0.7,,1|1|1|1,0.75516655,0.8599924892187119,0.0,0.75516655,0.04820799999549763
photocatalytic MOFs with suitable band gaps,q2_photocatalysis,43,SemanticOnly,3,qmof-f7be768,Zn2C36H28N8O8,0.643333,3.258308,True,1.56915922,True,0.7,,1|1|1|1,0.75516655,0.8599924892187119,0.0,0.75516655,0.04820799999549763
photocatalytic MOFs with suitable band gaps,q2_photocatalysis,43,SemanticOnly,4,qmof-f4d0642,Zn2C12H6N4O8,0.643333,3.359948,True,1.833712471,True,0.7,,1|1|1|1,0.75516655,0.8599924892187119,0.0,0.75516655,0.04820799999549763
photocatalytic MOFs with suitable band gaps,q2_photocatalysis,43,SemanticOnly,5,qmof-f46187c,Cu4C56H36N12,0.643333,1.89703,True,1.61655086,True,0.7,,1|1|1|1,0.75516655,0.8599924892187119,0.0,0.75516655,0.04820799999549763
photocatalytic MOFs with suitable band gaps,q2_photocatalysis,43,WeightedSum,1,qmof-e566fbb,Zn2C36H22N6O8,0.643333,2.93315,True,0.83426434,True,1.0,,1|1|1|1,0.8751665499999999,0.8455586731433868,0.0,0.8751665499999999,0.048291000005917795
photocatalytic MOFs with suitable band gaps,q2_photocatalysis,43,WeightedSum,2,qmof-cef46c3,Zn2C48H32N8O8,0.643333,2.913296,True,0.7895211,True,1.0,,1|1|1|1,0.8751665499999999,0.8455586731433868,0.0,0.8751665499999999,0.048291000005917795
photocatalytic MOFs with suitable band gaps,q2_photocatalysis,43,WeightedSum,3,qmof-c0f392b,Zn2C44H38N6O12,0.643333,2.464185,True,0.915527725,True,1.0,,1|1|1|1,0.8751665499999999,0.8455586731433868,0.0,0.8751665499999999,0.048291000005917795
photocatalytic MOFs with suitable band gaps,q2_photocatalysis,43,WeightedSum,4,qmof-ac6a77a,Zn4C76H44N8O16,0.643333,2.401359,True,0.82887956,True,1.0,,1|1|1|1,0.8751665499999999,0.8455586731433868,0.0,0.8751665499999999,0.048291000005917795
photocatalytic MOFs with suitable band gaps,q2_photocatalysis,43,WeightedSum,5,qmof-13a76dd,Zn4C40H28N12O8,0.643333,3.309168,True,0.982716063,True,1.0,,1|1|1|1,0.8751665499999999,0.8455586731433868,0.0,0.8751665499999999,0.048291000005917795
photocatalytic MOFs with suitable band gaps,q2_photocatalysis,43,TOPSIS,1,qmof-e566fbb,Zn2C36H22N6O8,0.643333,2.93315,True,0.83426434,True,1.0,,1|1|1|1,0.8751665499999999,0.8455586731433868,0.0,0.8751665499999999,1.1765830000030064
photocatalytic MOFs with suitable band gaps,q2_photocatalysis,43,TOPSIS,2,qmof-cef46c3,Zn2C48H32N8O8,0.643333,2.913296,True,0.7895211,True,1.0,,1|1|1|1,0.8751665499999999,0.8455586731433868,0.0,0.8751665499999999,1.1765830000030064
photocatalytic MOFs with suitable band gaps,q2_photocatalysis,43,TOPSIS,3,qmof-c0f392b,Zn2C44H38N6O12,0.643333,2.464185,True,0.915527725,True,1.0,,1|1|1|1,0.8751665499999999,0.8455586731433868,0.0,0.8751665499999999,1.1765830000030064
photocatalytic MOFs with suitable band gaps,q2_photocatalysis,43,TOPSIS,4,qmof-ac6a77a,Zn4C76H44N8O16,0.643333,2.401359,True,0.82887956,True,1.0,,1|1|1|1,0.8751665499999999,0.8455586731433868,0.0,0.8751665499999999,1.1765830000030064
photocatalytic MOFs with suitable band gaps,q2_photocatalysis,43,TOPSIS,5,qmof-13a76dd,Zn4C40H28N12O8,0.643333,3.309168,True,0.982716063,True,1.0,,1|1|1|1,0.8751665499999999,0.8455586731433868,0.0,0.8751665499999999,1.1765830000030064
photocatalytic MOFs with suitable band gaps,q2_photocatalysis,43,ParetoCrowding,1,qmof-e566fbb,Zn2C36H22N6O8,0.643333,2.93315,True,0.83426434,True,1.0,,1|1|1|1,0.8751665499999999,0.8455586731433868,0.0,0.8751665499999999,185.69329100000687
photocatalytic MOFs with suitable band gaps,q2_photocatalysis,43,ParetoCrowding,2,qmof-cef46c3,Zn2C48H32N8O8,0.643333,2.913296,True,0.7895211,True,1.0,,1|1|1|1,0.8751665499999999,0.8455586731433868,0.0,0.8751665499999999,185.69329100000687
photocatalytic MOFs with suitable band gaps,q2_photocatalysis,43,ParetoCrowding,3,qmof-c0f392b,Zn2C44H38N6O12,0.643333,2.464185,True,0.915527725,True,1.0,,1|1|1|1,0.8751665499999999,0.8455586731433868,0.0,0.8751665499999999,185.69329100000687
photocatalytic MOFs with suitable band gaps,q2_photocatalysis,43,ParetoCrowding,4,qmof-ac6a77a,Zn4C76H44N8O16,0.643333,2.401359,True,0.82887956,True,1.0,,1|1|1|1,0.8751665499999999,0.8455586731433868,0.0,0.8751665499999999,185.69329100000687
photocatalytic MOFs with suitable band gaps,q2_photocatalysis,43,ParetoCrowding,5,qmof-13a76dd,Zn4C40H28N12O8,0.643333,3.309168,True,0.982716063,True,1.0,,1|1|1|1,0.8751665499999999,0.8455586731433868,0.0,0.8751665499999999,185.69329100000687
photocatalytic MOFs with suitable band gaps,q2_photocatalysis,43,Random,1,qmof-46ebf41,Cd4C60H52N12O16,0.643333,3.462295,True,1.74199834,True,0.7,,1|1|1|1,0.75516655,0.8599924892187119,0.0,0.75516655,0.04812499999928832
photocatalytic MOFs with suitable band gaps,q2_photocatalysis,43,Random,2,qmof-90d1dd5,Cd2C76H56N4O10,0.643333,2.909205,True,1.587059915,True,0.7,,1|1|1|1,0.75516655,0.8599924892187119,0.0,0.75516655,0.04812499999928832
photocatalytic MOFs with suitable band gaps,q2_photocatalysis,43,Random,3,qmof-29a7d04,Cu4C36Cl8H40N8O8,0.643333,3.272401,True,1.815349877,True,0.7,,1|1|1|1,0.75516655,0.8599924892187119,0.0,0.75516655,0.04812499999928832
photocatalytic MOFs with suitable band gaps,q2_photocatalysis,43,Random,4,qmof-e789f6e,Zn2C60H44N6O16,0.643333,3.462207,True,1.456138517,True,0.7,,1|1|1|1,0.75516655,0.8599924892187119,0.0,0.75516655,0.04812499999928832
photocatalytic MOFs with suitable band gaps,q2_photocatalysis,43,Random,5,qmof-c0f392b,Zn2C44H38N6O12,0.643333,2.464185,True,0.915527725,True,1.0,,1|1|1|1,0.8751665499999999,0.8455586731433868,0.08485281467437744,0.8751665499999999,0.04812499999928832
photocatalytic MOFs with suitable band gaps,q2_photocatalysis,43,MMR,1,qmof-c0f392b,Zn2C44H38N6O12,0.643333,2.464185,True,0.915527725,True,1.0,,1|1|1|1,0.8751665499999999,0.8455586731433868,0.0,0.8751665499999999,1646.409540999997
photocatalytic MOFs with suitable band gaps,q2_photocatalysis,43,MMR,2,qmof-e566fbb,Zn2C36H22N6O8,0.643333,2.93315,True,0.83426434,True,1.0,,1|1|1|1,0.8751665499999999,0.8455586731433868,0.0,0.8751665499999999,1646.409540999997
photocatalytic MOFs with suitable band gaps,q2_photocatalysis,43,MMR,3,qmof-13a76dd,Zn4C40H28N12O8,0.643333,3.309168,True,0.982716063,True,1.0,,1|1|1|1,0.8751665499999999,0.8455586731433868,0.0,0.8751665499999999,1646.409540999997
photocatalytic MOFs with suitable band gaps,q2_photocatalysis,43,MMR,4,qmof-ac6a77a,Zn4C76H44N8O16,0.643333,2.401359,True,0.82887956,True,1.0,,1|1|1|1,0.8751665499999999,0.8455586731433868,0.0,0.8751665499999999,1646.409540999997
photocatalytic MOFs with suitable band gaps,q2_photocatalysis,43,MMR,5,qmof-cef46c3,Zn2C48H32N8O8,0.643333,2.913296,True,0.7895211,True,1.0,,1|1|1|1,0.8751665499999999,0.8455586731433868,0.0,0.8751665499999999,1646.409540999997
photocatalytic MOFs with suitable band gaps,q2_photocatalysis,43,LEA,1,qmof-cef46c3,Zn2C48H32N8O8,0.643333,2.913296,True,0.7895211,True,1.0,,1|1|1|1,0.8751665499999999,0.8455586731433868,0.0,0.9703290045261384,94.9986669999987
photocatalytic MOFs with suitable band gaps,q2_photocatalysis,43,LEA,2,qmof-ac6a77a,Zn4C76H44N8O16,0.643333,2.401359,True,0.82887956,True,1.0,,1|1|1|1,0.8751665499999999,0.8455586731433868,0.0,0.9703290045261384,94.9986669999987
photocatalytic MOFs with suitable band gaps,q2_photocatalysis,43,LEA,3,qmof-13a76dd,Zn4C40H28N12O8,0.643333,3.309168,True,0.982716063,True,1.0,,1|1|1|1,0.8751665499999999,0.8455586731433868,0.0,0.9703290045261384,94.9986669999987
photocatalytic MOFs with suitable band gaps,q2_photocatalysis,43,LEA,4,qmof-e566fbb,Zn2C36H22N6O8,0.643333,2.93315,True,0.83426434,True,1.0,,1|1|1|1,0.8751665499999999,0.8455586731433868,0.0,0.9703290045261384,94.9986669999987
photocatalytic MOFs with suitable band gaps,q2_photocatalysis,43,LEA,5,qmof-c0f392b,Zn2C44H38N6O12,0.643333,2.464185,True,0.915527725,True,1.0,,1|1|1|1,0.8751665499999999,0.8455586731433868,0.0,0.9597224026918412,94.9986669999987
photocatalytic MOFs with suitable band gaps,q2_photocatalysis,43,LEA no diversity,1,qmof-cef46c3,Zn2C48H32N8O8,0.643333,2.913296,True,0.7895211,True,1.0,,1|1|1|1,0.8751665499999999,0.8455586731433868,0.0,0.9597224026918412,94.60429199999965
photocatalytic MOFs with suitable band gaps,q2_photocatalysis,43,LEA no diversity,2,qmof-ac6a77a,Zn4C76H44N8O16,0.643333,2.401359,True,0.82887956,True,1.0,,1|1|1|1,0.8751665499999999,0.8455586731433868,0.0,0.9597224026918412,94.60429199999965
photocatalytic MOFs with suitable band gaps,q2_photocatalysis,43,LEA no diversity,3,qmof-13a76dd,Zn4C40H28N12O8,0.643333,3.309168,True,0.982716063,True,1.0,,1|1|1|1,0.8751665499999999,0.8455586731433868,0.0,0.9597224026918412,94.60429199999965
photocatalytic MOFs with suitable band gaps,q2_photocatalysis,43,LEA no diversity,4,qmof-e566fbb,Zn2C36H22N6O8,0.643333,2.93315,True,0.83426434,True,1.0,,1|1|1|1,0.8751665499999999,0.8455586731433868,0.0,0.9597224026918412,94.60429199999965
photocatalytic MOFs with suitable band gaps,q2_photocatalysis,43,LEA no diversity,5,qmof-c0f392b,Zn2C44H38N6O12,0.643333,2.464185,True,0.915527725,True,1.0,,1|1|1|1,0.8751665499999999,0.8455586731433868,0.0,0.9597224026918412,94.60429199999965
photocatalytic MOFs with suitable band gaps,q2_photocatalysis,43,LEA no self-cleaning,1,qmof-cef46c3,Zn2C48H32N8O8,0.643333,2.913296,True,0.7895211,True,1.0,,1|1|1|1,0.8751665499999999,0.8455586731433868,0.0,0.9703290045261384,97.33354199999411
photocatalytic MOFs with suitable band gaps,q2_photocatalysis,43,LEA no self-cleaning,2,qmof-ac6a77a,Zn4C76H44N8O16,0.643333,2.401359,True,0.82887956,True,1.0,,1|1|1|1,0.8751665499999999,0.8455586731433868,0.0,0.9703290045261384,97.33354199999411
photocatalytic MOFs with suitable band gaps,q2_photocatalysis,43,LEA no self-cleaning,3,qmof-13a76dd,Zn4C40H28N12O8,0.643333,3.309168,True,0.982716063,True,1.0,,1|1|1|1,0.8751665499999999,0.8455586731433868,0.0,0.9703290045261384,97.33354199999411
photocatalytic MOFs with suitable band gaps,q2_photocatalysis,43,LEA no self-cleaning,4,qmof-e566fbb,Zn2C36H22N6O8,0.643333,2.93315,True,0.83426434,True,1.0,,1|1|1|1,0.8751665499999999,0.8455586731433868,0.0,0.9703290045261384,97.33354199999411
photocatalytic MOFs with suitable band gaps,q2_photocatalysis,43,LEA no self-cleaning,5,qmof-c0f392b,Zn2C44H38N6O12,0.643333,2.464185,True,0.915527725,True,1.0,,1|1|1|1,0.8751665499999999,0.8455586731433868,0.0,0.9597224026918412,97.33354199999411
photocatalytic MOFs with suitable band gaps,q2_photocatalysis,43,GraphSAGE only,1,qmof-13a76dd,Zn4C40H28N12O8,0.643333,3.309168,True,0.982716063,True,1.0,0.311079,1|1|1|1,0.8751665499999999,0.8455586731433868,0.0,0.8751665499999999,0.03958299999595738
photocatalytic MOFs with suitable band gaps,q2_photocatalysis,43,GraphSAGE only,2,qmof-e566fbb,Zn2C36H22N6O8,0.643333,2.93315,True,0.83426434,True,1.0,0.303646,1|1|1|1,0.8751665499999999,0.8455586731433868,0.0033241373021155596,0.8751665499999999,0.03958299999595738
photocatalytic MOFs with suitable band gaps,q2_photocatalysis,43,GraphSAGE only,3,qmof-ac6a77a,Zn4C76H44N8O16,0.643333,2.401359,True,0.82887956,True,1.0,0.297293,1|1|1|1,0.8751665499999999,0.8455586731433868,0.004110187524929643,0.8751665499999999,0.03958299999595738
photocatalytic MOFs with suitable band gaps,q2_photocatalysis,43,GraphSAGE only,4,qmof-cef46c3,Zn2C48H32N8O8,0.643333,2.913296,True,0.7895211,True,1.0,0.295888,1|1|1|1,0.8751665499999999,0.8455586731433868,0.003870332264341414,0.8751665499999999,0.03958299999595738
photocatalytic MOFs with suitable band gaps,q2_photocatalysis,43,GraphSAGE only,5,qmof-c0f392b,Zn2C44H38N6O12,0.643333,2.464185,True,0.915527725,True,1.0,0.289179,1|1|1|1,0.8751665499999999,0.8455586731433868,0.0046114866388961675,0.8751665499999999,0.03958299999595738
photocatalytic MOFs with suitable band gaps,q2_photocatalysis,43,GAT only,1,qmof-13a76dd,Zn4C40H28N12O8,0.643333,3.309168,True,0.982716063,True,1.0,0.504522,1|1|1|1,0.8751665499999999,0.8455586731433868,0.0,0.8751665499999999,0.05800000000277805
photocatalytic MOFs with suitable band gaps,q2_photocatalysis,43,GAT only,2,qmof-e566fbb,Zn2C36H22N6O8,0.643333,2.93315,True,0.83426434,True,1.0,0.471145,1|1|1|1,0.8751665499999999,0.8455586731433868,0.014926658011972904,0.8751665499999999,0.05800000000277805
photocatalytic MOFs with suitable band gaps,q2_photocatalysis,43,GAT only,3,qmof-cef46c3,Zn2C48H32N8O8,0.643333,2.913296,True,0.7895211,True,1.0,0.458106,1|1|1|1,0.8751665499999999,0.8455586731433868,0.0138385818960766,0.8751665499999999,0.05800000000277805
photocatalytic MOFs with suitable band gaps,q2_photocatalysis,43,GAT only,4,qmof-c0f392b,Zn2C44H38N6O12,0.643333,2.464185,True,0.915527725,True,1.0,0.428866,1|1|1|1,0.8751665499999999,0.8455586731433868,0.01788907148875296,0.8751665499999999,0.05800000000277805
photocatalytic MOFs with suitable band gaps,q2_photocatalysis,43,GAT only,5,qmof-ac6a77a,Zn4C76H44N8O16,0.643333,2.401359,True,0.82887956,True,1.0,0.427412,1|1|1|1,0.8751665499999999,0.8455586731433868,0.017575409595156088,0.8751665499999999,0.05800000000277805
photocatalytic MOFs with suitable band gaps,q2_photocatalysis,43,LEA + GraphSAGE,1,qmof-13a76dd,Zn4C40H28N12O8,0.643333,3.309168,True,0.982716063,True,1.0,0.311079,1|1|1|1,0.8751665499999999,0.8455586731433868,0.0,0.8628705084323883,99.80404200000237
photocatalytic MOFs with suitable band gaps,q2_photocatalysis,43,LEA + GraphSAGE,2,qmof-e566fbb,Zn2C36H22N6O8,0.643333,2.93315,True,0.83426434,True,1.0,0.303646,1|1|1|1,0.8751665499999999,0.8455586731433868,0.0033241373021155596,0.8614974915981293,99.80404200000237
photocatalytic MOFs with suitable band gaps,q2_photocatalysis,43,LEA + GraphSAGE,3,qmof-ac6a77a,Zn4C76H44N8O16,0.643333,2.401359,True,0.82887956,True,1.0,0.297293,1|1|1|1,0.8751665499999999,0.8455586731433868,0.004110187524929643,0.8603233605623245,99.80404200000237
photocatalytic MOFs with suitable band gaps,q2_photocatalysis,43,LEA + GraphSAGE,4,qmof-cef46c3,Zn2C48H32N8O8,0.643333,2.913296,True,0.7895211,True,1.0,0.295888,1|1|1|1,0.8751665499999999,0.8455586731433868,0.003870332264341414,0.8600636690855026,99.80404200000237
photocatalytic MOFs with suitable band gaps,q2_photocatalysis,43,LEA + GraphSAGE,5,qmof-c0f392b,Zn2C44H38N6O12,0.643333,2.464185,True,0.915527725,True,1.0,0.289179,1|1|1|1,0.8751665499999999,0.8455586731433868,0.0046114866388961675,0.858823013305664,99.80404200000237
photocatalytic MOFs with suitable band gaps,q2_photocatalysis,43,LEA + GAT,1,qmof-13a76dd,Zn4C40H28N12O8,0.643333,3.309168,True,0.982716063,True,1.0,0.504522,1|1|1|1,0.8751665499999999,0.8455586731433868,0.0,0.898240116238594,95.72354099999814
photocatalytic MOFs with suitable band gaps,q2_photocatalysis,43,LEA + GAT,2,qmof-e566fbb,Zn2C36H22N6O8,0.643333,2.93315,True,0.83426434,True,1.0,0.471145,1|1|1|1,0.8751665499999999,0.8455586731433868,0.014926658011972904,0.8921995639801026,95.72354099999814
photocatalytic MOFs with suitable band gaps,q2_photocatalysis,43,LEA + GAT,3,qmof-cef46c3,Zn2C48H32N8O8,0.643333,2.913296,True,0.7895211,True,1.0,0.458106,1|1|1|1,0.8751665499999999,0.8455586731433868,0.0138385818960766,0.8898313075304032,95.72354099999814
photocatalytic MOFs with suitable band gaps,q2_photocatalysis,43,LEA + GAT,4,qmof-c0f392b,Zn2C44H38N6O12,0.643333,2.464185,True,0.915527725,True,1.0,0.428866,1|1|1|1,0.8751665499999999,0.8455586731433868,0.01788907148875296,0.8845047548413276,95.72354099999814
photocatalytic MOFs with suitable band gaps,q2_photocatalysis,43,LEA + GAT,5,qmof-ac6a77a,Zn4C76H44N8O16,0.643333,2.401359,True,0.82887956,True,1.0,0.427412,1|1|1|1,0.8751665499999999,0.8455586731433868,0.017575409595156088,0.8842393606901169,95.72354099999814
photocatalytic MOFs with suitable band gaps,q2_photocatalysis,44,SemanticOnly,1,qmof-fed171f,Cu2C34H32I2N8,0.643333,3.140349,True,1.942910225,True,0.7,,1|1|1|1,0.75516655,0.8599924892187119,0.0,0.75516655,0.06258300000183681
photocatalytic MOFs with suitable band gaps,q2_photocatalysis,44,SemanticOnly,2,qmof-fe0852c,Cd2C40Cl4H32N4O4,0.643333,3.243635,True,1.317737976,True,0.7,,1|1|1|1,0.75516655,0.8599924892187119,0.0,0.75516655,0.06258300000183681
photocatalytic MOFs with suitable band gaps,q2_photocatalysis,44,SemanticOnly,3,qmof-fb99880,Cu2C10Cl2H8N14,0.643333,2.771778,True,1.900062215,True,0.7,,1|1|1|1,0.75516655,0.8599924892187119,0.0,0.75516655,0.06258300000183681
photocatalytic MOFs with suitable band gaps,q2_photocatalysis,44,SemanticOnly,4,qmof-f6329bc,Cu3C20H8N22,0.643333,3.094512,True,1.77973192,True,0.7,,1|1|1|1,0.75516655,0.8599924892187119,0.0,0.75516655,0.06258300000183681
photocatalytic MOFs with suitable band gaps,q2_photocatalysis,44,SemanticOnly,5,qmof-f5690c7,CdC20H20N2O8,0.643333,2.694597,True,1.825067689,True,0.7,,1|1|1|1,0.75516655,0.8599924892187119,0.0,0.75516655,0.06258300000183681
photocatalytic MOFs with suitable band gaps,q2_photocatalysis,44,WeightedSum,1,qmof-e566fbb,Zn2C36H22N6O8,0.643333,2.93315,True,0.83426434,True,1.0,,1|1|1|1,0.8751665499999999,0.8455586731433868,0.0,0.8751665499999999,0.04879200000118544
photocatalytic MOFs with suitable band gaps,q2_photocatalysis,44,WeightedSum,2,qmof-cef46c3,Zn2C48H32N8O8,0.643333,2.913296,True,0.7895211,True,1.0,,1|1|1|1,0.8751665499999999,0.8455586731433868,0.0,0.8751665499999999,0.04879200000118544
photocatalytic MOFs with suitable band gaps,q2_photocatalysis,44,WeightedSum,3,qmof-c0f392b,Zn2C44H38N6O12,0.643333,2.464185,True,0.915527725,True,1.0,,1|1|1|1,0.8751665499999999,0.8455586731433868,0.0,0.8751665499999999,0.04879200000118544
photocatalytic MOFs with suitable band gaps,q2_photocatalysis,44,WeightedSum,4,qmof-ac6a77a,Zn4C76H44N8O16,0.643333,2.401359,True,0.82887956,True,1.0,,1|1|1|1,0.8751665499999999,0.8455586731433868,0.0,0.8751665499999999,0.04879200000118544
photocatalytic MOFs with suitable band gaps,q2_photocatalysis,44,WeightedSum,5,qmof-13a76dd,Zn4C40H28N12O8,0.643333,3.309168,True,0.982716063,True,1.0,,1|1|1|1,0.8751665499999999,0.8455586731433868,0.0,0.8751665499999999,0.04879200000118544
photocatalytic MOFs with suitable band gaps,q2_photocatalysis,44,TOPSIS,1,qmof-e566fbb,Zn2C36H22N6O8,0.643333,2.93315,True,0.83426434,True,1.0,,1|1|1|1,0.8751665499999999,0.8455586731433868,0.0,0.8751665499999999,1.2286249999959864
photocatalytic MOFs with suitable band gaps,q2_photocatalysis,44,TOPSIS,2,qmof-cef46c3,Zn2C48H32N8O8,0.643333,2.913296,True,0.7895211,True,1.0,,1|1|1|1,0.8751665499999999,0.8455586731433868,0.0,0.8751665499999999,1.2286249999959864
photocatalytic MOFs with suitable band gaps,q2_photocatalysis,44,TOPSIS,3,qmof-c0f392b,Zn2C44H38N6O12,0.643333,2.464185,True,0.915527725,True,1.0,,1|1|1|1,0.8751665499999999,0.8455586731433868,0.0,0.8751665499999999,1.2286249999959864
photocatalytic MOFs with suitable band gaps,q2_photocatalysis,44,TOPSIS,4,qmof-ac6a77a,Zn4C76H44N8O16,0.643333,2.401359,True,0.82887956,True,1.0,,1|1|1|1,0.8751665499999999,0.8455586731433868,0.0,0.8751665499999999,1.2286249999959864
photocatalytic MOFs with suitable band gaps,q2_photocatalysis,44,TOPSIS,5,qmof-13a76dd,Zn4C40H28N12O8,0.643333,3.309168,True,0.982716063,True,1.0,,1|1|1|1,0.8751665499999999,0.8455586731433868,0.0,0.8751665499999999,1.2286249999959864
photocatalytic MOFs with suitable band gaps,q2_photocatalysis,44,ParetoCrowding,1,qmof-e566fbb,Zn2C36H22N6O8,0.643333,2.93315,True,0.83426434,True,1.0,,1|1|1|1,0.8751665499999999,0.8455586731433868,0.0,0.8751665499999999,195.7912500000063
photocatalytic MOFs with suitable band gaps,q2_photocatalysis,44,ParetoCrowding,2,qmof-cef46c3,Zn2C48H32N8O8,0.643333,2.913296,True,0.7895211,True,1.0,,1|1|1|1,0.8751665499999999,0.8455586731433868,0.0,0.8751665499999999,195.7912500000063
photocatalytic MOFs with suitable band gaps,q2_photocatalysis,44,ParetoCrowding,3,qmof-c0f392b,Zn2C44H38N6O12,0.643333,2.464185,True,0.915527725,True,1.0,,1|1|1|1,0.8751665499999999,0.8455586731433868,0.0,0.8751665499999999,195.7912500000063
photocatalytic MOFs with suitable band gaps,q2_photocatalysis,44,ParetoCrowding,4,qmof-ac6a77a,Zn4C76H44N8O16,0.643333,2.401359,True,0.82887956,True,1.0,,1|1|1|1,0.8751665499999999,0.8455586731433868,0.0,0.8751665499999999,195.7912500000063
photocatalytic MOFs with suitable band gaps,q2_photocatalysis,44,ParetoCrowding,5,qmof-13a76dd,Zn4C40H28N12O8,0.643333,3.309168,True,0.982716063,True,1.0,,1|1|1|1,0.8751665499999999,0.8455586731433868,0.0,0.8751665499999999,195.7912500000063
photocatalytic MOFs with suitable band gaps,q2_photocatalysis,44,Random,1,qmof-14b1175,Zn2C36H36N4O12P4,0.643333,3.351649,True,1.726900553,True,0.7,,1|1|1|1,0.75516655,0.8599924892187119,0.0,0.75516655,0.042000000000541604
photocatalytic MOFs with suitable band gaps,q2_photocatalysis,44,Random,2,qmof-67719b6,Cd2C48H40N12O16S4,0.643333,3.331556,True,1.680727512,True,0.7,,1|1|1|1,0.75516655,0.8599924892187119,0.0,0.75516655,0.042000000000541604
photocatalytic MOFs with suitable band gaps,q2_photocatalysis,44,Random,3,qmof-042f5d3,Zn4C60H40N16O12,0.643333,2.956015,True,1.79023459,True,0.7,,1|1|1|1,0.75516655,0.8599924892187119,0.0,0.75516655,0.042000000000541604
photocatalytic MOFs with suitable band gaps,q2_photocatalysis,44,Random,4,qmof-99d6026,Cu2C54Cl4H52N12O4S2,0.643333,2.999905,True,1.419417628,True,0.7,,1|1|1|1,0.75516655,0.8599924892187119,0.0,0.75516655,0.042000000000541604
photocatalytic MOFs with suitable band gaps,q2_photocatalysis,44,Random,5,qmof-178416a,Cu4C36H28N28,0.643333,2.644142,True,1.748077639,True,0.7,,1|1|1|1,0.75516655,0.8599924892187119,0.0,0.75516655,0.042000000000541604
photocatalytic MOFs with suitable band gaps,q2_photocatalysis,44,MMR,1,qmof-ac6a77a,Zn4C76H44N8O16,0.643333,2.401359,True,0.82887956,True,1.0,,1|1|1|1,0.8751665499999999,0.8455586731433868,0.0,0.8751665499999999,1803.1952500000016
photocatalytic MOFs with suitable band gaps,q2_photocatalysis,44,MMR,2,qmof-e566fbb,Zn2C36H22N6O8,0.643333,2.93315,True,0.83426434,True,1.0,,1|1|1|1,0.8751665499999999,0.8455586731433868,0.0,0.8751665499999999,1803.1952500000016
photocatalytic MOFs with suitable band gaps,q2_photocatalysis,44,MMR,3,qmof-cef46c3,Zn2C48H32N8O8,0.643333,2.913296,True,0.7895211,True,1.0,,1|1|1|1,0.8751665499999999,0.8455586731433868,0.0,0.8751665499999999,1803.1952500000016
photocatalytic MOFs with suitable band gaps,q2_photocatalysis,44,MMR,4,qmof-c0f392b,Zn2C44H38N6O12,0.643333,2.464185,True,0.915527725,True,1.0,,1|1|1|1,0.8751665499999999,0.8455586731433868,0.0,0.8751665499999999,1803.1952500000016
photocatalytic MOFs with suitable band gaps,q2_photocatalysis,44,MMR,5,qmof-13a76dd,Zn4C40H28N12O8,0.643333,3.309168,True,0.982716063,True,1.0,,1|1|1|1,0.8751665499999999,0.8455586731433868,0.0,0.8751665499999999,1803.1952500000016
photocatalytic MOFs with suitable band gaps,q2_photocatalysis,44,LEA,1,qmof-13a76dd,Zn4C40H28N12O8,0.643333,3.309168,True,0.982716063,True,1.0,,1|1|1|1,0.8751665499999999,0.8455586731433868,0.0,0.9703290045261384,94.45712500000525
photocatalytic MOFs with suitable band gaps,q2_photocatalysis,44,LEA,2,qmof-c0f392b,Zn2C44H38N6O12,0.643333,2.464185,True,0.915527725,True,1.0,,1|1|1|1,0.8751665499999999,0.8455586731433868,0.0,0.9703290045261384,94.45712500000525
photocatalytic MOFs with suitable band gaps,q2_photocatalysis,44,LEA,3,qmof-cef46c3,Zn2C48H32N8O8,0.643333,2.913296,True,0.7895211,True,1.0,,1|1|1|1,0.8751665499999999,0.8455586731433868,0.0,0.9703290045261384,94.45712500000525
photocatalytic MOFs with suitable band gaps,q2_photocatalysis,44,LEA,4,qmof-e566fbb,Zn2C36H22N6O8,0.643333,2.93315,True,0.83426434,True,1.0,,1|1|1|1,0.8751665499999999,0.8455586731433868,0.0,0.9703290045261384,94.45712500000525
photocatalytic MOFs with suitable band gaps,q2_photocatalysis,44,LEA,5,qmof-ac6a77a,Zn4C76H44N8O16,0.643333,2.401359,True,0.82887956,True,1.0,,1|1|1|1,0.8751665499999999,0.8455586731433868,0.0,0.9597224026918412,94.45712500000525
photocatalytic MOFs with suitable band gaps,q2_photocatalysis,44,LEA no diversity,1,qmof-13a76dd,Zn4C40H28N12O8,0.643333,3.309168,True,0.982716063,True,1.0,,1|1|1|1,0.8751665499999999,0.8455586731433868,0.0,0.9597224026918412,100.9932920000054
photocatalytic MOFs with suitable band gaps,q2_photocatalysis,44,LEA no diversity,2,qmof-c0f392b,Zn2C44H38N6O12,0.643333,2.464185,True,0.915527725,True,1.0,,1|1|1|1,0.8751665499999999,0.8455586731433868,0.0,0.9597224026918412,100.9932920000054
photocatalytic MOFs with suitable band gaps,q2_photocatalysis,44,LEA no diversity,3,qmof-cef46c3,Zn2C48H32N8O8,0.643333,2.913296,True,0.7895211,True,1.0,,1|1|1|1,0.8751665499999999,0.8455586731433868,0.0,0.9597224026918412,100.9932920000054
photocatalytic MOFs with suitable band gaps,q2_photocatalysis,44,LEA no diversity,4,qmof-e566fbb,Zn2C36H22N6O8,0.643333,2.93315,True,0.83426434,True,1.0,,1|1|1|1,0.8751665499999999,0.8455586731433868,0.0,0.9597224026918412,100.9932920000054
photocatalytic MOFs with suitable band gaps,q2_photocatalysis,44,LEA no diversity,5,qmof-ac6a77a,Zn4C76H44N8O16,0.643333,2.401359,True,0.82887956,True,1.0,,1|1|1|1,0.8751665499999999,0.8455586731433868,0.0,0.9597224026918412,100.9932920000054
photocatalytic MOFs with suitable band gaps,q2_photocatalysis,44,LEA no self-cleaning,1,qmof-13a76dd,Zn4C40H28N12O8,0.643333,3.309168,True,0.982716063,True,1.0,,1|1|1|1,0.8751665499999999,0.8455586731433868,0.0,0.9703290045261384,113.28100000000063
photocatalytic MOFs with suitable band gaps,q2_photocatalysis,44,LEA no self-cleaning,2,qmof-c0f392b,Zn2C44H38N6O12,0.643333,2.464185,True,0.915527725,True,1.0,,1|1|1|1,0.8751665499999999,0.8455586731433868,0.0,0.9703290045261384,113.28100000000063
photocatalytic MOFs with suitable band gaps,q2_photocatalysis,44,LEA no self-cleaning,3,qmof-cef46c3,Zn2C48H32N8O8,0.643333,2.913296,True,0.7895211,True,1.0,,1|1|1|1,0.8751665499999999,0.8455586731433868,0.0,0.9703290045261384,113.28100000000063
photocatalytic MOFs with suitable band gaps,q2_photocatalysis,44,LEA no self-cleaning,4,qmof-e566fbb,Zn2C36H22N6O8,0.643333,2.93315,True,0.83426434,True,1.0,,1|1|1|1,0.8751665499999999,0.8455586731433868,0.0,0.9703290045261384,113.28100000000063
photocatalytic MOFs with suitable band gaps,q2_photocatalysis,44,LEA no self-cleaning,5,qmof-ac6a77a,Zn4C76H44N8O16,0.643333,2.401359,True,0.82887956,True,1.0,,1|1|1|1,0.8751665499999999,0.8455586731433868,0.0,0.9597224026918412,113.28100000000063
photocatalytic MOFs with suitable band gaps,q2_photocatalysis,44,GraphSAGE only,1,qmof-13a76dd,Zn4C40H28N12O8,0.643333,3.309168,True,0.982716063,True,1.0,0.311079,1|1|1|1,0.8751665499999999,0.8455586731433868,0.0,0.8751665499999999,0.03954099999958771
photocatalytic MOFs with suitable band gaps,q2_photocatalysis,44,GraphSAGE only,2,qmof-e566fbb,Zn2C36H22N6O8,0.643333,2.93315,True,0.83426434,True,1.0,0.303646,1|1|1|1,0.8751665499999999,0.8455586731433868,0.0033241373021155596,0.8751665499999999,0.03954099999958771
photocatalytic MOFs with suitable band gaps,q2_photocatalysis,44,GraphSAGE only,3,qmof-ac6a77a,Zn4C76H44N8O16,0.643333,2.401359,True,0.82887956,True,1.0,0.297293,1|1|1|1,0.8751665499999999,0.8455586731433868,0.004110187524929643,0.8751665499999999,0.03954099999958771
photocatalytic MOFs with suitable band gaps,q2_photocatalysis,44,GraphSAGE only,4,qmof-cef46c3,Zn2C48H32N8O8,0.643333,2.913296,True,0.7895211,True,1.0,0.295888,1|1|1|1,0.8751665499999999,0.8455586731433868,0.003870332264341414,0.8751665499999999,0.03954099999958771
photocatalytic MOFs with suitable band gaps,q2_photocatalysis,44,GraphSAGE only,5,qmof-c0f392b,Zn2C44H38N6O12,0.643333,2.464185,True,0.915527725,True,1.0,0.289179,1|1|1|1,0.8751665499999999,0.8455586731433868,0.0046114866388961675,0.8751665499999999,0.03954099999958771
photocatalytic MOFs with suitable band gaps,q2_photocatalysis,44,GAT only,1,qmof-13a76dd,Zn4C40H28N12O8,0.643333,3.309168,True,0.982716063,True,1.0,0.504522,1|1|1|1,0.8751665499999999,0.8455586731433868,0.0,0.8751665499999999,0.03933400000022402
photocatalytic MOFs with suitable band gaps,q2_photocatalysis,44,GAT only,2,qmof-e566fbb,Zn2C36H22N6O8,0.643333,2.93315,True,0.83426434,True,1.0,0.471145,1|1|1|1,0.8751665499999999,0.8455586731433868,0.014926658011972904,0.8751665499999999,0.03933400000022402
photocatalytic MOFs with suitable band gaps,q2_photocatalysis,44,GAT only,3,qmof-cef46c3,Zn2C48H32N8O8,0.643333,2.913296,True,0.7895211,True,1.0,0.458106,1|1|1|1,0.8751665499999999,0.8455586731433868,0.0138385818960766,0.8751665499999999,0.03933400000022402
photocatalytic MOFs with suitable band gaps,q2_photocatalysis,44,GAT only,4,qmof-c0f392b,Zn2C44H38N6O12,0.643333,2.464185,True,0.915527725,True,1.0,0.428866,1|1|1|1,0.8751665499999999,0.8455586731433868,0.01788907148875296,0.8751665499999999,0.03933400000022402
photocatalytic MOFs with suitable band gaps,q2_photocatalysis,44,GAT only,5,qmof-ac6a77a,Zn4C76H44N8O16,0.643333,2.401359,True,0.82887956,True,1.0,0.427412,1|1|1|1,0.8751665499999999,0.8455586731433868,0.017575409595156088,0.8751665499999999,0.03933400000022402
photocatalytic MOFs with suitable band gaps,q2_photocatalysis,44,LEA + GraphSAGE,1,qmof-13a76dd,Zn4C40H28N12O8,0.643333,3.309168,True,0.982716063,True,1.0,0.311079,1|1|1|1,0.8751665499999999,0.8455586731433868,0.0,0.8628705084323883,109.47062500000015
photocatalytic MOFs with suitable band gaps,q2_photocatalysis,44,LEA + GraphSAGE,2,qmof-e566fbb,Zn2C36H22N6O8,0.643333,2.93315,True,0.83426434,True,1.0,0.303646,1|1|1|1,0.8751665499999999,0.8455586731433868,0.0033241373021155596,0.8614974915981293,109.47062500000015
photocatalytic MOFs with suitable band gaps,q2_photocatalysis,44,LEA + GraphSAGE,3,qmof-ac6a77a,Zn4C76H44N8O16,0.643333,2.401359,True,0.82887956,True,1.0,0.297293,1|1|1|1,0.8751665499999999,0.8455586731433868,0.004110187524929643,0.8603233605623245,109.47062500000015
photocatalytic MOFs with suitable band gaps,q2_photocatalysis,44,LEA + GraphSAGE,4,qmof-cef46c3,Zn2C48H32N8O8,0.643333,2.913296,True,0.7895211,True,1.0,0.295888,1|1|1|1,0.8751665499999999,0.8455586731433868,0.003870332264341414,0.8600636690855026,109.47062500000015
photocatalytic MOFs with suitable band gaps,q2_photocatalysis,44,LEA + GraphSAGE,5,qmof-c0f392b,Zn2C44H38N6O12,0.643333,2.464185,True,0.915527725,True,1.0,0.289179,1|1|1|1,0.8751665499999999,0.8455586731433868,0.0046114866388961675,0.858823013305664,109.47062500000015
photocatalytic MOFs with suitable band gaps,q2_photocatalysis,44,LEA + GAT,1,qmof-13a76dd,Zn4C40H28N12O8,0.643333,3.309168,True,0.982716063,True,1.0,0.504522,1|1|1|1,0.8751665499999999,0.8455586731433868,0.0,0.898240116238594,110.03712499999807
photocatalytic MOFs with suitable band gaps,q2_photocatalysis,44,LEA + GAT,2,qmof-e566fbb,Zn2C36H22N6O8,0.643333,2.93315,True,0.83426434,True,1.0,0.471145,1|1|1|1,0.8751665499999999,0.8455586731433868,0.014926658011972904,0.8921995639801026,110.03712499999807
photocatalytic MOFs with suitable band gaps,q2_photocatalysis,44,LEA + GAT,3,qmof-cef46c3,Zn2C48H32N8O8,0.643333,2.913296,True,0.7895211,True,1.0,0.458106,1|1|1|1,0.8751665499999999,0.8455586731433868,0.0138385818960766,0.8898313075304032,110.03712499999807
photocatalytic MOFs with suitable band gaps,q2_photocatalysis,44,LEA + GAT,4,qmof-c0f392b,Zn2C44H38N6O12,0.643333,2.464185,True,0.915527725,True,1.0,0.428866,1|1|1|1,0.8751665499999999,0.8455586731433868,0.01788907148875296,0.8845047548413276,110.03712499999807
photocatalytic MOFs with suitable band gaps,q2_photocatalysis,44,LEA + GAT,5,qmof-ac6a77a,Zn4C76H44N8O16,0.643333,2.401359,True,0.82887956,True,1.0,0.427412,1|1|1|1,0.8751665499999999,0.8455586731433868,0.017575409595156088,0.8842393606901169,110.03712499999807
photocatalytic MOFs with suitable band gaps,q2_photocatalysis,45,SemanticOnly,1,qmof-fcfab15,Zn2C48H36N8O12,0.643333,3.105757,True,1.544337866,True,0.7,,1|1|1|1,0.75516655,0.8599924892187119,0.0,0.75516655,0.05850000000151567
photocatalytic MOFs with suitable band gaps,q2_photocatalysis,45,SemanticOnly,2,qmof-fcd2fa6,Zn2C32Cl2H20N6O4,0.643333,3.429146,True,1.857717594,True,0.7,,1|1|1|1,0.75516655,0.8599924892187119,0.0,0.75516655,0.05850000000151567
photocatalytic MOFs with suitable band gaps,q2_photocatalysis,45,SemanticOnly,3,qmof-fc5343a,Cd2C48H36N8O12,0.643333,3.124348,True,1.661271975,True,0.7,,1|1|1|1,0.75516655,0.8599924892187119,0.0,0.75516655,0.05850000000151567
photocatalytic MOFs with suitable band gaps,q2_photocatalysis,45,SemanticOnly,4,qmof-f9909c4,Cu6C72H48N24,0.643333,2.363119,True,1.498605893,True,0.7,,1|1|1|1,0.75516655,0.8599924892187119,0.0,0.75516655,0.05850000000151567
photocatalytic MOFs with suitable band gaps,q2_photocatalysis,45,SemanticOnly,5,qmof-f6b0222,Cu3C12H20N22O2,0.643333,2.541575,True,1.81870187,True,0.7,,1|1|1|1,0.75516655,0.8599924892187119,0.0,0.75516655,0.05850000000151567
photocatalytic MOFs with suitable band gaps,q2_photocatalysis,45,WeightedSum,1,qmof-e566fbb,Zn2C36H22N6O8,0.643333,2.93315,True,0.83426434,True,1.0,,1|1|1|1,0.8751665499999999,0.8455586731433868,0.0,0.8751665499999999,0.047458999993921225
photocatalytic MOFs with suitable band gaps,q2_photocatalysis,45,WeightedSum,2,qmof-cef46c3,Zn2C48H32N8O8,0.643333,2.913296,True,0.7895211,True,1.0,,1|1|1|1,0.8751665499999999,0.8455586731433868,0.0,0.8751665499999999,0.047458999993921225
photocatalytic MOFs with suitable band gaps,q2_photocatalysis,45,WeightedSum,3,qmof-c0f392b,Zn2C44H38N6O12,0.643333,2.464185,True,0.915527725,True,1.0,,1|1|1|1,0.8751665499999999,0.8455586731433868,0.0,0.8751665499999999,0.047458999993921225
photocatalytic MOFs with suitable band gaps,q2_photocatalysis,45,WeightedSum,4,qmof-ac6a77a,Zn4C76H44N8O16,0.643333,2.401359,True,0.82887956,True,1.0,,1|1|1|1,0.8751665499999999,0.8455586731433868,0.0,0.8751665499999999,0.047458999993921225
photocatalytic MOFs with suitable band gaps,q2_photocatalysis,45,WeightedSum,5,qmof-13a76dd,Zn4C40H28N12O8,0.643333,3.309168,True,0.982716063,True,1.0,,1|1|1|1,0.8751665499999999,0.8455586731433868,0.0,0.8751665499999999,0.047458999993921225
photocatalytic MOFs with suitable band gaps,q2_photocatalysis,45,TOPSIS,1,qmof-e566fbb,Zn2C36H22N6O8,0.643333,2.93315,True,0.83426434,True,1.0,,1|1|1|1,0.8751665499999999,0.8455586731433868,0.0,0.8751665499999999,1.260832999996353
photocatalytic MOFs with suitable band gaps,q2_photocatalysis,45,TOPSIS,2,qmof-cef46c3,Zn2C48H32N8O8,0.643333,2.913296,True,0.7895211,True,1.0,,1|1|1|1,0.8751665499999999,0.8455586731433868,0.0,0.8751665499999999,1.260832999996353
photocatalytic MOFs with suitable band gaps,q2_photocatalysis,45,TOPSIS,3,qmof-c0f392b,Zn2C44H38N6O12,0.643333,2.464185,True,0.915527725,True,1.0,,1|1|1|1,0.8751665499999999,0.8455586731433868,0.0,0.8751665499999999,1.260832999996353
photocatalytic MOFs with suitable band gaps,q2_photocatalysis,45,TOPSIS,4,qmof-ac6a77a,Zn4C76H44N8O16,0.643333,2.401359,True,0.82887956,True,1.0,,1|1|1|1,0.8751665499999999,0.8455586731433868,0.0,0.8751665499999999,1.260832999996353
photocatalytic MOFs with suitable band gaps,q2_photocatalysis,45,TOPSIS,5,qmof-13a76dd,Zn4C40H28N12O8,0.643333,3.309168,True,0.982716063,True,1.0,,1|1|1|1,0.8751665499999999,0.8455586731433868,0.0,0.8751665499999999,1.260832999996353
photocatalytic MOFs with suitable band gaps,q2_photocatalysis,45,ParetoCrowding,1,qmof-e566fbb,Zn2C36H22N6O8,0.643333,2.93315,True,0.83426434,True,1.0,,1|1|1|1,0.8751665499999999,0.8455586731433868,0.0,0.8751665499999999,188.86262499999873
photocatalytic MOFs with suitable band gaps,q2_photocatalysis,45,ParetoCrowding,2,qmof-cef46c3,Zn2C48H32N8O8,0.643333,2.913296,True,0.7895211,True,1.0,,1|1|1|1,0.8751665499999999,0.8455586731433868,0.0,0.8751665499999999,188.86262499999873
photocatalytic MOFs with suitable band gaps,q2_photocatalysis,45,ParetoCrowding,3,qmof-c0f392b,Zn2C44H38N6O12,0.643333,2.464185,True,0.915527725,True,1.0,,1|1|1|1,0.8751665499999999,0.8455586731433868,0.0,0.8751665499999999,188.86262499999873
photocatalytic MOFs with suitable band gaps,q2_photocatalysis,45,ParetoCrowding,4,qmof-ac6a77a,Zn4C76H44N8O16,0.643333,2.401359,True,0.82887956,True,1.0,,1|1|1|1,0.8751665499999999,0.8455586731433868,0.0,0.8751665499999999,188.86262499999873
photocatalytic MOFs with suitable band gaps,q2_photocatalysis,45,ParetoCrowding,5,qmof-13a76dd,Zn4C40H28N12O8,0.643333,3.309168,True,0.982716063,True,1.0,,1|1|1|1,0.8751665499999999,0.8455586731433868,0.0,0.8751665499999999,188.86262499999873
photocatalytic MOFs with suitable band gaps,q2_photocatalysis,45,Random,1,qmof-e99706f,Zn3C42H28N4O16,0.643333,3.08432,True,1.793272755,True,0.7,,1|1|1|1,0.75516655,0.8599924892187119,0.0,0.75516655,0.04316600000464632
photocatalytic MOFs with suitable band gaps,q2_photocatalysis,45,Random,2,qmof-afcfed2,Zn2C36H28N4O8,0.643333,2.980595,True,1.440108583,True,0.7,,1|1|1|1,0.75516655,0.8599924892187119,0.0,0.75516655,0.04316600000464632
photocatalytic MOFs with suitable band gaps,q2_photocatalysis,45,Random,3,qmof-ba1edaa,Zn2C32H20O16,0.643333,3.173971,True,1.846057273,True,0.7,,1|1|1|1,0.75516655,0.8599924892187119,0.0,0.75516655,0.04316600000464632
photocatalytic MOFs with suitable band gaps,q2_photocatalysis,45,Random,4,qmof-63270e1,Cd2C44H24N12O8,0.643333,2.902873,True,1.87381103,True,0.7,,1|1|1|1,0.75516655,0.8599924892187119,0.0,0.75516655,0.04316600000464632
photocatalytic MOFs with suitable band gaps,q2_photocatalysis,45,Random,5,qmof-8efdd0d,Zn2C26Cl2H16N6O6S2,0.643333,2.488619,True,1.915538103,True,0.7,,1|1|1|1,0.75516655,0.8599924892187119,0.0,0.75516655,0.04316600000464632
photocatalytic MOFs with suitable band gaps,q2_photocatalysis,45,MMR,1,qmof-cef46c3,Zn2C48H32N8O8,0.643333,2.913296,True,0.7895211,True,1.0,,1|1|1|1,0.8751665499999999,0.8455586731433868,0.0,0.8751665499999999,1712.7789160000048
photocatalytic MOFs with suitable band gaps,q2_photocatalysis,45,MMR,2,qmof-e566fbb,Zn2C36H22N6O8,0.643333,2.93315,True,0.83426434,True,1.0,,1|1|1|1,0.8751665499999999,0.8455586731433868,0.0,0.8751665499999999,1712.7789160000048
photocatalytic MOFs with suitable band gaps,q2_photocatalysis,45,MMR,3,qmof-13a76dd,Zn4C40H28N12O8,0.643333,3.309168,True,0.982716063,True,1.0,,1|1|1|1,0.8751665499999999,0.8455586731433868,0.0,0.8751665499999999,1712.7789160000048
photocatalytic MOFs with suitable band gaps,q2_photocatalysis,45,MMR,4,qmof-c0f392b,Zn2C44H38N6O12,0.643333,2.464185,True,0.915527725,True,1.0,,1|1|1|1,0.8751665499999999,0.8455586731433868,0.0,0.8751665499999999,1712.7789160000048
photocatalytic MOFs with suitable band gaps,q2_photocatalysis,45,MMR,5,qmof-ac6a77a,Zn4C76H44N8O16,0.643333,2.401359,True,0.82887956,True,1.0,,1|1|1|1,0.8751665499999999,0.8455586731433868,0.0,0.8751665499999999,1712.7789160000048
photocatalytic MOFs with suitable band gaps,q2_photocatalysis,45,LEA,1,qmof-ac6a77a,Zn4C76H44N8O16,0.643333,2.401359,True,0.82887956,True,1.0,,1|1|1|1,0.8751665499999999,0.8455586731433868,0.0,0.9703290045261384,95.87874999999713
photocatalytic MOFs with suitable band gaps,q2_photocatalysis,45,LEA,2,qmof-c0f392b,Zn2C44H38N6O12,0.643333,2.464185,True,0.915527725,True,1.0,,1|1|1|1,0.8751665499999999,0.8455586731433868,0.0,0.9703290045261384,95.87874999999713
photocatalytic MOFs with suitable band gaps,q2_photocatalysis,45,LEA,3,qmof-13a76dd,Zn4C40H28N12O8,0.643333,3.309168,True,0.982716063,True,1.0,,1|1|1|1,0.8751665499999999,0.8455586731433868,0.0,0.9703290045261384,95.87874999999713
photocatalytic MOFs with suitable band gaps,q2_photocatalysis,45,LEA,4,qmof-e566fbb,Zn2C36H22N6O8,0.643333,2.93315,True,0.83426434,True,1.0,,1|1|1|1,0.8751665499999999,0.8455586731433868,0.0,0.9703290045261384,95.87874999999713
photocatalytic MOFs with suitable band gaps,q2_photocatalysis,45,LEA,5,qmof-cef46c3,Zn2C48H32N8O8,0.643333,2.913296,True,0.7895211,True,1.0,,1|1|1|1,0.8751665499999999,0.8455586731433868,0.0,0.9597224026918412,95.87874999999713
photocatalytic MOFs with suitable band gaps,q2_photocatalysis,45,LEA no diversity,1,qmof-ac6a77a,Zn4C76H44N8O16,0.643333,2.401359,True,0.82887956,True,1.0,,1|1|1|1,0.8751665499999999,0.8455586731433868,0.0,0.9597224026918412,94.5216670000022
photocatalytic MOFs with suitable band gaps,q2_photocatalysis,45,LEA no diversity,2,qmof-c0f392b,Zn2C44H38N6O12,0.643333,2.464185,True,0.915527725,True,1.0,,1|1|1|1,0.8751665499999999,0.8455586731433868,0.0,0.9597224026918412,94.5216670000022
photocatalytic MOFs with suitable band gaps,q2_photocatalysis,45,LEA no diversity,3,qmof-13a76dd,Zn4C40H28N12O8,0.643333,3.309168,True,0.982716063,True,1.0,,1|1|1|1,0.8751665499999999,0.8455586731433868,0.0,0.9597224026918412,94.5216670000022
photocatalytic MOFs with suitable band gaps,q2_photocatalysis,45,LEA no diversity,4,qmof-e566fbb,Zn2C36H22N6O8,0.643333,2.93315,True,0.83426434,True,1.0,,1|1|1|1,0.8751665499999999,0.8455586731433868,0.0,0.9597224026918412,94.5216670000022
photocatalytic MOFs with suitable band gaps,q2_photocatalysis,45,LEA no diversity,5,qmof-cef46c3,Zn2C48H32N8O8,0.643333,2.913296,True,0.7895211,True,1.0,,1|1|1|1,0.8751665499999999,0.8455586731433868,0.0,0.9597224026918412,94.5216670000022
photocatalytic MOFs with suitable band gaps,q2_photocatalysis,45,LEA no self-cleaning,1,qmof-ac6a77a,Zn4C76H44N8O16,0.643333,2.401359,True,0.82887956,True,1.0,,1|1|1|1,0.8751665499999999,0.8455586731433868,0.0,0.9703290045261384,93.7590829999948
photocatalytic MOFs with suitable band gaps,q2_photocatalysis,45,LEA no self-cleaning,2,qmof-c0f392b,Zn2C44H38N6O12,0.643333,2.464185,True,0.915527725,True,1.0,,1|1|1|1,0.8751665499999999,0.8455586731433868,0.0,0.9703290045261384,93.7590829999948
photocatalytic MOFs with suitable band gaps,q2_photocatalysis,45,LEA no self-cleaning,3,qmof-13a76dd,Zn4C40H28N12O8,0.643333,3.309168,True,0.982716063,True,1.0,,1|1|1|1,0.8751665499999999,0.8455586731433868,0.0,0.9703290045261384,93.7590829999948
photocatalytic MOFs with suitable band gaps,q2_photocatalysis,45,LEA no self-cleaning,4,qmof-e566fbb,Zn2C36H22N6O8,0.643333,2.93315,True,0.83426434,True,1.0,,1|1|1|1,0.8751665499999999,0.8455586731433868,0.0,0.9703290045261384,93.7590829999948
photocatalytic MOFs with suitable band gaps,q2_photocatalysis,45,LEA no self-cleaning,5,qmof-cef46c3,Zn2C48H32N8O8,0.643333,2.913296,True,0.7895211,True,1.0,,1|1|1|1,0.8751665499999999,0.8455586731433868,0.0,0.9597224026918412,93.7590829999948
photocatalytic MOFs with suitable band gaps,q2_photocatalysis,45,GraphSAGE only,1,qmof-13a76dd,Zn4C40H28N12O8,0.643333,3.309168,True,0.982716063,True,1.0,0.311079,1|1|1|1,0.8751665499999999,0.8455586731433868,0.0,0.8751665499999999,0.04312499999770125
photocatalytic MOFs with suitable band gaps,q2_photocatalysis,45,GraphSAGE only,2,qmof-e566fbb,Zn2C36H22N6O8,0.643333,2.93315,True,0.83426434,True,1.0,0.303646,1|1|1|1,0.8751665499999999,0.8455586731433868,0.0033241373021155596,0.8751665499999999,0.04312499999770125
photocatalytic MOFs with suitable band gaps,q2_photocatalysis,45,GraphSAGE only,3,qmof-ac6a77a,Zn4C76H44N8O16,0.643333,2.401359,True,0.82887956,True,1.0,0.297293,1|1|1|1,0.8751665499999999,0.8455586731433868,0.004110187524929643,0.8751665499999999,0.04312499999770125
photocatalytic MOFs with suitable band gaps,q2_photocatalysis,45,GraphSAGE only,4,qmof-cef46c3,Zn2C48H32N8O8,0.643333,2.913296,True,0.7895211,True,1.0,0.295888,1|1|1|1,0.8751665499999999,0.8455586731433868,0.003870332264341414,0.8751665499999999,0.04312499999770125
photocatalytic MOFs with suitable band gaps,q2_photocatalysis,45,GraphSAGE only,5,qmof-c0f392b,Zn2C44H38N6O12,0.643333,2.464185,True,0.915527725,True,1.0,0.289179,1|1|1|1,0.8751665499999999,0.8455586731433868,0.0046114866388961675,0.8751665499999999,0.04312499999770125
photocatalytic MOFs with suitable band gaps,q2_photocatalysis,45,GAT only,1,qmof-13a76dd,Zn4C40H28N12O8,0.643333,3.309168,True,0.982716063,True,1.0,0.504522,1|1|1|1,0.8751665499999999,0.8455586731433868,0.0,0.8751665499999999,0.03695800000258487
photocatalytic MOFs with suitable band gaps,q2_photocatalysis,45,GAT only,2,qmof-e566fbb,Zn2C36H22N6O8,0.643333,2.93315,True,0.83426434,True,1.0,0.471145,1|1|1|1,0.8751665499999999,0.8455586731433868,0.014926658011972904,0.8751665499999999,0.03695800000258487
photocatalytic MOFs with suitable band gaps,q2_photocatalysis,45,GAT only,3,qmof-cef46c3,Zn2C48H32N8O8,0.643333,2.913296,True,0.7895211,True,1.0,0.458106,1|1|1|1,0.8751665499999999,0.8455586731433868,0.0138385818960766,0.8751665499999999,0.03695800000258487
photocatalytic MOFs with suitable band gaps,q2_photocatalysis,45,GAT only,4,qmof-c0f392b,Zn2C44H38N6O12,0.643333,2.464185,True,0.915527725,True,1.0,0.428866,1|1|1|1,0.8751665499999999,0.8455586731433868,0.01788907148875296,0.8751665499999999,0.03695800000258487
photocatalytic MOFs with suitable band gaps,q2_photocatalysis,45,GAT only,5,qmof-ac6a77a,Zn4C76H44N8O16,0.643333,2.401359,True,0.82887956,True,1.0,0.427412,1|1|1|1,0.8751665499999999,0.8455586731433868,0.017575409595156088,0.8751665499999999,0.03695800000258487
photocatalytic MOFs with suitable band gaps,q2_photocatalysis,45,LEA + GraphSAGE,1,qmof-13a76dd,Zn4C40H28N12O8,0.643333,3.309168,True,0.982716063,True,1.0,0.311079,1|1|1|1,0.8751665499999999,0.8455586731433868,0.0,0.8628705084323883,95.8873330000003
photocatalytic MOFs with suitable band gaps,q2_photocatalysis,45,LEA + GraphSAGE,2,qmof-e566fbb,Zn2C36H22N6O8,0.643333,2.93315,True,0.83426434,True,1.0,0.303646,1|1|1|1,0.8751665499999999,0.8455586731433868,0.0033241373021155596,0.8614974915981293,95.8873330000003
photocatalytic MOFs with suitable band gaps,q2_photocatalysis,45,LEA + GraphSAGE,3,qmof-ac6a77a,Zn4C76H44N8O16,0.643333,2.401359,True,0.82887956,True,1.0,0.297293,1|1|1|1,0.8751665499999999,0.8455586731433868,0.004110187524929643,0.8603233605623245,95.8873330000003
photocatalytic MOFs with suitable band gaps,q2_photocatalysis,45,LEA + GraphSAGE,4,qmof-cef46c3,Zn2C48H32N8O8,0.643333,2.913296,True,0.7895211,True,1.0,0.295888,1|1|1|1,0.8751665499999999,0.8455586731433868,0.003870332264341414,0.8600636690855026,95.8873330000003
photocatalytic MOFs with suitable band gaps,q2_photocatalysis,45,LEA + GraphSAGE,5,qmof-c0f392b,Zn2C44H38N6O12,0.643333,2.464185,True,0.915527725,True,1.0,0.289179,1|1|1|1,0.8751665499999999,0.8455586731433868,0.0046114866388961675,0.858823013305664,95.8873330000003
photocatalytic MOFs with suitable band gaps,q2_photocatalysis,45,LEA + GAT,1,qmof-13a76dd,Zn4C40H28N12O8,0.643333,3.309168,True,0.982716063,True,1.0,0.504522,1|1|1|1,0.8751665499999999,0.8455586731433868,0.0,0.898240116238594,94.46633400000337
photocatalytic MOFs with suitable band gaps,q2_photocatalysis,45,LEA + GAT,2,qmof-e566fbb,Zn2C36H22N6O8,0.643333,2.93315,True,0.83426434,True,1.0,0.471145,1|1|1|1,0.8751665499999999,0.8455586731433868,0.014926658011972904,0.8921995639801026,94.46633400000337
photocatalytic MOFs with suitable band gaps,q2_photocatalysis,45,LEA + GAT,3,qmof-cef46c3,Zn2C48H32N8O8,0.643333,2.913296,True,0.7895211,True,1.0,0.458106,1|1|1|1,0.8751665499999999,0.8455586731433868,0.0138385818960766,0.8898313075304032,94.46633400000337
photocatalytic MOFs with suitable band gaps,q2_photocatalysis,45,LEA + GAT,4,qmof-c0f392b,Zn2C44H38N6O12,0.643333,2.464185,True,0.915527725,True,1.0,0.428866,1|1|1|1,0.8751665499999999,0.8455586731433868,0.01788907148875296,0.8845047548413276,94.46633400000337
photocatalytic MOFs with suitable band gaps,q2_photocatalysis,45,LEA + GAT,5,qmof-ac6a77a,Zn4C76H44N8O16,0.643333,2.401359,True,0.82887956,True,1.0,0.427412,1|1|1|1,0.8751665499999999,0.8455586731433868,0.017575409595156088,0.8842393606901169,94.46633400000337
photocatalytic MOFs with suitable band gaps,q2_photocatalysis,46,SemanticOnly,1,qmof-fed171f,Cu2C34H32I2N8,0.643333,3.140349,True,1.942910225,True,0.7,,1|1|1|1,0.75516655,0.8599924892187119,0.0,0.75516655,0.04887499999739475
photocatalytic MOFs with suitable band gaps,q2_photocatalysis,46,SemanticOnly,2,qmof-fd1f953,Cu2C26H18N6O8,0.643333,2.532128,True,1.868987904,True,0.7,,1|1|1|1,0.75516655,0.8599924892187119,0.0,0.75516655,0.04887499999739475
photocatalytic MOFs with suitable band gaps,q2_photocatalysis,46,SemanticOnly,3,qmof-f839aa6,Cu2C30H24N8O10S2,0.643333,3.058718,True,1.626782066,True,0.7,,1|1|1|1,0.75516655,0.8599924892187119,0.0,0.75516655,0.04887499999739475
photocatalytic MOFs with suitable band gaps,q2_photocatalysis,46,SemanticOnly,4,qmof-f837f30,CuC40H24N6O6,0.643333,2.84042,True,1.493300786,True,0.7,,1|1|1|1,0.75516655,0.8599924892187119,0.0,0.75516655,0.04887499999739475
photocatalytic MOFs with suitable band gaps,q2_photocatalysis,46,SemanticOnly,5,qmof-f7ad9cd,Cu2C16Cl4H24N12,0.643333,3.427395,True,1.72952347,True,0.7,,1|1|1|1,0.75516655,0.8599924892187119,0.0,0.75516655,0.04887499999739475
photocatalytic MOFs with suitable band gaps,q2_photocatalysis,46,WeightedSum,1,qmof-e566fbb,Zn2C36H22N6O8,0.643333,2.93315,True,0.83426434,True,1.0,,1|1|1|1,0.8751665499999999,0.8455586731433868,0.0,0.8751665499999999,0.04558299999501969
photocatalytic MOFs with suitable band gaps,q2_photocatalysis,46,WeightedSum,2,qmof-cef46c3,Zn2C48H32N8O8,0.643333,2.913296,True,0.7895211,True,1.0,,1|1|1|1,0.8751665499999999,0.8455586731433868,0.0,0.8751665499999999,0.04558299999501969
photocatalytic MOFs with suitable band gaps,q2_photocatalysis,46,WeightedSum,3,qmof-c0f392b,Zn2C44H38N6O12,0.643333,2.464185,True,0.915527725,True,1.0,,1|1|1|1,0.8751665499999999,0.8455586731433868,0.0,0.8751665499999999,0.04558299999501969
photocatalytic MOFs with suitable band gaps,q2_photocatalysis,46,WeightedSum,4,qmof-ac6a77a,Zn4C76H44N8O16,0.643333,2.401359,True,0.82887956,True,1.0,,1|1|1|1,0.8751665499999999,0.8455586731433868,0.0,0.8751665499999999,0.04558299999501969
photocatalytic MOFs with suitable band gaps,q2_photocatalysis,46,WeightedSum,5,qmof-13a76dd,Zn4C40H28N12O8,0.643333,3.309168,True,0.982716063,True,1.0,,1|1|1|1,0.8751665499999999,0.8455586731433868,0.0,0.8751665499999999,0.04558299999501969
photocatalytic MOFs with suitable band gaps,q2_photocatalysis,46,TOPSIS,1,qmof-e566fbb,Zn2C36H22N6O8,0.643333,2.93315,True,0.83426434,True,1.0,,1|1|1|1,0.8751665499999999,0.8455586731433868,0.0,0.8751665499999999,1.1670830000056753
photocatalytic MOFs with suitable band gaps,q2_photocatalysis,46,TOPSIS,2,qmof-cef46c3,Zn2C48H32N8O8,0.643333,2.913296,True,0.7895211,True,1.0,,1|1|1|1,0.8751665499999999,0.8455586731433868,0.0,0.8751665499999999,1.1670830000056753
photocatalytic MOFs with suitable band gaps,q2_photocatalysis,46,TOPSIS,3,qmof-c0f392b,Zn2C44H38N6O12,0.643333,2.464185,True,0.915527725,True,1.0,,1|1|1|1,0.8751665499999999,0.8455586731433868,0.0,0.8751665499999999,1.1670830000056753
photocatalytic MOFs with suitable band gaps,q2_photocatalysis,46,TOPSIS,4,qmof-ac6a77a,Zn4C76H44N8O16,0.643333,2.401359,True,0.82887956,True,1.0,,1|1|1|1,0.8751665499999999,0.8455586731433868,0.0,0.8751665499999999,1.1670830000056753
photocatalytic MOFs with suitable band gaps,q2_photocatalysis,46,TOPSIS,5,qmof-13a76dd,Zn4C40H28N12O8,0.643333,3.309168,True,0.982716063,True,1.0,,1|1|1|1,0.8751665499999999,0.8455586731433868,0.0,0.8751665499999999,1.1670830000056753
photocatalytic MOFs with suitable band gaps,q2_photocatalysis,46,ParetoCrowding,1,qmof-e566fbb,Zn2C36H22N6O8,0.643333,2.93315,True,0.83426434,True,1.0,,1|1|1|1,0.8751665499999999,0.8455586731433868,0.0,0.8751665499999999,185.55495799999733
photocatalytic MOFs with suitable band gaps,q2_photocatalysis,46,ParetoCrowding,2,qmof-cef46c3,Zn2C48H32N8O8,0.643333,2.913296,True,0.7895211,True,1.0,,1|1|1|1,0.8751665499999999,0.8455586731433868,0.0,0.8751665499999999,185.55495799999733
photocatalytic MOFs with suitable band gaps,q2_photocatalysis,46,ParetoCrowding,3,qmof-c0f392b,Zn2C44H38N6O12,0.643333,2.464185,True,0.915527725,True,1.0,,1|1|1|1,0.8751665499999999,0.8455586731433868,0.0,0.8751665499999999,185.55495799999733
photocatalytic MOFs with suitable band gaps,q2_photocatalysis,46,ParetoCrowding,4,qmof-ac6a77a,Zn4C76H44N8O16,0.643333,2.401359,True,0.82887956,True,1.0,,1|1|1|1,0.8751665499999999,0.8455586731433868,0.0,0.8751665499999999,185.55495799999733
photocatalytic MOFs with suitable band gaps,q2_photocatalysis,46,ParetoCrowding,5,qmof-13a76dd,Zn4C40H28N12O8,0.643333,3.309168,True,0.982716063,True,1.0,,1|1|1|1,0.8751665499999999,0.8455586731433868,0.0,0.8751665499999999,185.55495799999733
photocatalytic MOFs with suitable band gaps,q2_photocatalysis,46,Random,1,qmof-1a901aa,Cd2C26H22N6O14,0.643333,2.611235,True,1.993047842,True,0.7,,1|1|1|1,0.75516655,0.8599924892187119,0.0,0.75516655,0.043083000001331584
photocatalytic MOFs with suitable band gaps,q2_photocatalysis,46,Random,2,qmof-1547f0e,Cu2C50H44I2N4P2,0.643333,1.861861,True,1.618035866,True,0.7,,1|1|1|1,0.75516655,0.8599924892187119,0.0,0.75516655,0.043083000001331584
photocatalytic MOFs with suitable band gaps,q2_photocatalysis,46,Random,3,qmof-a457b47,Cd2C24Cl2H22N10O4,0.643333,1.34542,True,1.809445487,True,0.7,,1|1|1|1,0.75516655,0.8599924892187119,0.0,0.75516655,0.043083000001331584
photocatalytic MOFs with suitable band gaps,q2_photocatalysis,46,Random,4,qmof-9fa0d98,Cu4C28H16N16O4,0.643333,2.451271,True,1.811535811,True,0.7,,1|1|1|1,0.75516655,0.8599924892187119,0.0,0.75516655,0.043083000001331584
photocatalytic MOFs with suitable band gaps,q2_photocatalysis,46,Random,5,qmof-5e9a520,Cu6C18H24N24O18,0.643333,3.084819,True,1.832865192,True,0.7,,1|1|1|1,0.75516655,0.8599924892187119,0.0,0.75516655,0.043083000001331584
photocatalytic MOFs with suitable band gaps,q2_photocatalysis,46,MMR,1,qmof-e566fbb,Zn2C36H22N6O8,0.643333,2.93315,True,0.83426434,True,1.0,,1|1|1|1,0.8751665499999999,0.8455586731433868,0.0,0.8751665499999999,1666.6633749999987
photocatalytic MOFs with suitable band gaps,q2_photocatalysis,46,MMR,2,qmof-13a76dd,Zn4C40H28N12O8,0.643333,3.309168,True,0.982716063,True,1.0,,1|1|1|1,0.8751665499999999,0.8455586731433868,0.0,0.8751665499999999,1666.6633749999987
photocatalytic MOFs with suitable band gaps,q2_photocatalysis,46,MMR,3,qmof-c0f392b,Zn2C44H38N6O12,0.643333,2.464185,True,0.915527725,True,1.0,,1|1|1|1,0.8751665499999999,0.8455586731433868,0.0,0.8751665499999999,1666.6633749999987
photocatalytic MOFs with suitable band gaps,q2_photocatalysis,46,MMR,4,qmof-cef46c3,Zn2C48H32N8O8,0.643333,2.913296,True,0.7895211,True,1.0,,1|1|1|1,0.8751665499999999,0.8455586731433868,0.0,0.8751665499999999,1666.6633749999987
photocatalytic MOFs with suitable band gaps,q2_photocatalysis,46,MMR,5,qmof-ac6a77a,Zn4C76H44N8O16,0.643333,2.401359,True,0.82887956,True,1.0,,1|1|1|1,0.8751665499999999,0.8455586731433868,0.0,0.8751665499999999,1666.6633749999987
photocatalytic MOFs with suitable band gaps,q2_photocatalysis,46,LEA,1,qmof-ac6a77a,Zn4C76H44N8O16,0.643333,2.401359,True,0.82887956,True,1.0,,1|1|1|1,0.8751665499999999,0.8455586731433868,0.0,0.9703290045261384,93.91624999999948
photocatalytic MOFs with suitable band gaps,q2_photocatalysis,46,LEA,2,qmof-cef46c3,Zn2C48H32N8O8,0.643333,2.913296,True,0.7895211,True,1.0,,1|1|1|1,0.8751665499999999,0.8455586731433868,0.0,0.9703290045261384,93.91624999999948
photocatalytic MOFs with suitable band gaps,q2_photocatalysis,46,LEA,3,qmof-c0f392b,Zn2C44H38N6O12,0.643333,2.464185,True,0.915527725,True,1.0,,1|1|1|1,0.8751665499999999,0.8455586731433868,0.0,0.9703290045261384,93.91624999999948
photocatalytic MOFs with suitable band gaps,q2_photocatalysis,46,LEA,4,qmof-13a76dd,Zn4C40H28N12O8,0.643333,3.309168,True,0.982716063,True,1.0,,1|1|1|1,0.8751665499999999,0.8455586731433868,0.0,0.9703290045261384,93.91624999999948
photocatalytic MOFs with suitable band gaps,q2_photocatalysis,46,LEA,5,qmof-e566fbb,Zn2C36H22N6O8,0.643333,2.93315,True,0.83426434,True,1.0,,1|1|1|1,0.8751665499999999,0.8455586731433868,0.0,0.9597224026918412,93.91624999999948
photocatalytic MOFs with suitable band gaps,q2_photocatalysis,46,LEA no diversity,1,qmof-ac6a77a,Zn4C76H44N8O16,0.643333,2.401359,True,0.82887956,True,1.0,,1|1|1|1,0.8751665499999999,0.8455586731433868,0.0,0.9597224026918412,92.20770800000366
photocatalytic MOFs with suitable band gaps,q2_photocatalysis,46,LEA no diversity,2,qmof-cef46c3,Zn2C48H32N8O8,0.643333,2.913296,True,0.7895211,True,1.0,,1|1|1|1,0.8751665499999999,0.8455586731433868,0.0,0.9597224026918412,92.20770800000366
photocatalytic MOFs with suitable band gaps,q2_photocatalysis,46,LEA no diversity,3,qmof-c0f392b,Zn2C44H38N6O12,0.643333,2.464185,True,0.915527725,True,1.0,,1|1|1|1,0.8751665499999999,0.8455586731433868,0.0,0.9597224026918412,92.20770800000366
photocatalytic MOFs with suitable band gaps,q2_photocatalysis,46,LEA no diversity,4,qmof-13a76dd,Zn4C40H28N12O8,0.643333,3.309168,True,0.982716063,True,1.0,,1|1|1|1,0.8751665499999999,0.8455586731433868,0.0,0.9597224026918412,92.20770800000366
photocatalytic MOFs with suitable band gaps,q2_photocatalysis,46,LEA no diversity,5,qmof-e566fbb,Zn2C36H22N6O8,0.643333,2.93315,True,0.83426434,True,1.0,,1|1|1|1,0.8751665499999999,0.8455586731433868,0.0,0.9597224026918412,92.20770800000366
photocatalytic MOFs with suitable band gaps,q2_photocatalysis,46,LEA no self-cleaning,1,qmof-ac6a77a,Zn4C76H44N8O16,0.643333,2.401359,True,0.82887956,True,1.0,,1|1|1|1,0.8751665499999999,0.8455586731433868,0.0,0.9703290045261384,92.45604100000548
photocatalytic MOFs with suitable band gaps,q2_photocatalysis,46,LEA no self-cleaning,2,qmof-cef46c3,Zn2C48H32N8O8,0.643333,2.913296,True,0.7895211,True,1.0,,1|1|1|1,0.8751665499999999,0.8455586731433868,0.0,0.9703290045261384,92.45604100000548
photocatalytic MOFs with suitable band gaps,q2_photocatalysis,46,LEA no self-cleaning,3,qmof-c0f392b,Zn2C44H38N6O12,0.643333,2.464185,True,0.915527725,True,1.0,,1|1|1|1,0.8751665499999999,0.8455586731433868,0.0,0.9703290045261384,92.45604100000548
photocatalytic MOFs with suitable band gaps,q2_photocatalysis,46,LEA no self-cleaning,4,qmof-13a76dd,Zn4C40H28N12O8,0.643333,3.309168,True,0.982716063,True,1.0,,1|1|1|1,0.8751665499999999,0.8455586731433868,0.0,0.9703290045261384,92.45604100000548
photocatalytic MOFs with suitable band gaps,q2_photocatalysis,46,LEA no self-cleaning,5,qmof-e566fbb,Zn2C36H22N6O8,0.643333,2.93315,True,0.83426434,True,1.0,,1|1|1|1,0.8751665499999999,0.8455586731433868,0.0,0.9597224026918412,92.45604100000548
photocatalytic MOFs with suitable band gaps,q2_photocatalysis,46,GraphSAGE only,1,qmof-13a76dd,Zn4C40H28N12O8,0.643333,3.309168,True,0.982716063,True,1.0,0.311079,1|1|1|1,0.8751665499999999,0.8455586731433868,0.0,0.8751665499999999,0.08220800000202644
photocatalytic MOFs with suitable band gaps,q2_photocatalysis,46,GraphSAGE only,2,qmof-e566fbb,Zn2C36H22N6O8,0.643333,2.93315,True,0.83426434,True,1.0,0.303646,1|1|1|1,0.8751665499999999,0.8455586731433868,0.0033241373021155596,0.8751665499999999,0.08220800000202644
photocatalytic MOFs with suitable band gaps,q2_photocatalysis,46,GraphSAGE only,3,qmof-ac6a77a,Zn4C76H44N8O16,0.643333,2.401359,True,0.82887956,True,1.0,0.297293,1|1|1|1,0.8751665499999999,0.8455586731433868,0.004110187524929643,0.8751665499999999,0.08220800000202644
photocatalytic MOFs with suitable band gaps,q2_photocatalysis,46,GraphSAGE only,4,qmof-cef46c3,Zn2C48H32N8O8,0.643333,2.913296,True,0.7895211,True,1.0,0.295888,1|1|1|1,0.8751665499999999,0.8455586731433868,0.003870332264341414,0.8751665499999999,0.08220800000202644
photocatalytic MOFs with suitable band gaps,q2_photocatalysis,46,GraphSAGE only,5,qmof-c0f392b,Zn2C44H38N6O12,0.643333,2.464185,True,0.915527725,True,1.0,0.289179,1|1|1|1,0.8751665499999999,0.8455586731433868,0.0046114866388961675,0.8751665499999999,0.08220800000202644
photocatalytic MOFs with suitable band gaps,q2_photocatalysis,46,GAT only,1,qmof-13a76dd,Zn4C40H28N12O8,0.643333,3.309168,True,0.982716063,True,1.0,0.504522,1|1|1|1,0.8751665499999999,0.8455586731433868,0.0,0.8751665499999999,0.061625000000731234
photocatalytic MOFs with suitable band gaps,q2_photocatalysis,46,GAT only,2,qmof-e566fbb,Zn2C36H22N6O8,0.643333,2.93315,True,0.83426434,True,1.0,0.471145,1|1|1|1,0.8751665499999999,0.8455586731433868,0.014926658011972904,0.8751665499999999,0.061625000000731234
photocatalytic MOFs with suitable band gaps,q2_photocatalysis,46,GAT only,3,qmof-cef46c3,Zn2C48H32N8O8,0.643333,2.913296,True,0.7895211,True,1.0,0.458106,1|1|1|1,0.8751665499999999,0.8455586731433868,0.0138385818960766,0.8751665499999999,0.061625000000731234
photocatalytic MOFs with suitable band gaps,q2_photocatalysis,46,GAT only,4,qmof-c0f392b,Zn2C44H38N6O12,0.643333,2.464185,True,0.915527725,True,1.0,0.428866,1|1|1|1,0.8751665499999999,0.8455586731433868,0.01788907148875296,0.8751665499999999,0.061625000000731234
photocatalytic MOFs with suitable band gaps,q2_photocatalysis,46,GAT only,5,qmof-ac6a77a,Zn4C76H44N8O16,0.643333,2.401359,True,0.82887956,True,1.0,0.427412,1|1|1|1,0.8751665499999999,0.8455586731433868,0.017575409595156088,0.8751665499999999,0.061625000000731234
photocatalytic MOFs with suitable band gaps,q2_photocatalysis,46,LEA + GraphSAGE,1,qmof-13a76dd,Zn4C40H28N12O8,0.643333,3.309168,True,0.982716063,True,1.0,0.311079,1|1|1|1,0.8751665499999999,0.8455586731433868,0.0,0.8628705084323883,102.48162500000291
photocatalytic MOFs with suitable band gaps,q2_photocatalysis,46,LEA + GraphSAGE,2,qmof-e566fbb,Zn2C36H22N6O8,0.643333,2.93315,True,0.83426434,True,1.0,0.303646,1|1|1|1,0.8751665499999999,0.8455586731433868,0.0033241373021155596,0.8614974915981293,102.48162500000291
photocatalytic MOFs with suitable band gaps,q2_photocatalysis,46,LEA + GraphSAGE,3,qmof-ac6a77a,Zn4C76H44N8O16,0.643333,2.401359,True,0.82887956,True,1.0,0.297293,1|1|1|1,0.8751665499999999,0.8455586731433868,0.004110187524929643,0.8603233605623245,102.48162500000291
photocatalytic MOFs with suitable band gaps,q2_photocatalysis,46,LEA + GraphSAGE,4,qmof-cef46c3,Zn2C48H32N8O8,0.643333,2.913296,True,0.7895211,True,1.0,0.295888,1|1|1|1,0.8751665499999999,0.8455586731433868,0.003870332264341414,0.8600636690855026,102.48162500000291
photocatalytic MOFs with suitable band gaps,q2_photocatalysis,46,LEA + GraphSAGE,5,qmof-c0f392b,Zn2C44H38N6O12,0.643333,2.464185,True,0.915527725,True,1.0,0.289179,1|1|1|1,0.8751665499999999,0.8455586731433868,0.0046114866388961675,0.858823013305664,102.48162500000291
photocatalytic MOFs with suitable band gaps,q2_photocatalysis,46,LEA + GAT,1,qmof-13a76dd,Zn4C40H28N12O8,0.643333,3.309168,True,0.982716063,True,1.0,0.504522,1|1|1|1,0.8751665499999999,0.8455586731433868,0.0,0.898240116238594,101.2397089999979
photocatalytic MOFs with suitable band gaps,q2_photocatalysis,46,LEA + GAT,2,qmof-e566fbb,Zn2C36H22N6O8,0.643333,2.93315,True,0.83426434,True,1.0,0.471145,1|1|1|1,0.8751665499999999,0.8455586731433868,0.014926658011972904,0.8921995639801026,101.2397089999979
photocatalytic MOFs with suitable band gaps,q2_photocatalysis,46,LEA + GAT,3,qmof-cef46c3,Zn2C48H32N8O8,0.643333,2.913296,True,0.7895211,True,1.0,0.458106,1|1|1|1,0.8751665499999999,0.8455586731433868,0.0138385818960766,0.8898313075304032,101.2397089999979
photocatalytic MOFs with suitable band gaps,q2_photocatalysis,46,LEA + GAT,4,qmof-c0f392b,Zn2C44H38N6O12,0.643333,2.464185,True,0.915527725,True,1.0,0.428866,1|1|1|1,0.8751665499999999,0.8455586731433868,0.01788907148875296,0.8845047548413276,101.2397089999979
photocatalytic MOFs with suitable band gaps,q2_photocatalysis,46,LEA + GAT,5,qmof-ac6a77a,Zn4C76H44N8O16,0.643333,2.401359,True,0.82887956,True,1.0,0.427412,1|1|1|1,0.8751665499999999,0.8455586731433868,0.017575409595156088,0.8842393606901169,101.2397089999979
photocatalytic MOFs with suitable band gaps,q2_photocatalysis,47,SemanticOnly,1,qmof-fd1f953,Cu2C26H18N6O8,0.643333,2.532128,True,1.868987904,True,0.7,,1|1|1|1,0.75516655,0.8599924892187119,0.0,0.75516655,0.07312500000011823
photocatalytic MOFs with suitable band gaps,q2_photocatalysis,47,SemanticOnly,2,qmof-fcfab15,Zn2C48H36N8O12,0.643333,3.105757,True,1.544337866,True,0.7,,1|1|1|1,0.75516655,0.8599924892187119,0.0,0.75516655,0.07312500000011823
photocatalytic MOFs with suitable band gaps,q2_photocatalysis,47,SemanticOnly,3,qmof-fbbaa9a,Zn2C44H36N4O8,0.643333,3.080504,True,1.463154202,True,0.7,,1|1|1|1,0.75516655,0.8599924892187119,0.0,0.75516655,0.07312500000011823
photocatalytic MOFs with suitable band gaps,q2_photocatalysis,47,SemanticOnly,4,qmof-f837f30,CuC40H24N6O6,0.643333,2.84042,True,1.493300786,True,0.7,,1|1|1|1,0.75516655,0.8599924892187119,0.0,0.75516655,0.07312500000011823
photocatalytic MOFs with suitable band gaps,q2_photocatalysis,47,SemanticOnly,5,qmof-f5dbc93,Cd2C52F12H32N4O12,0.643333,2.878806,True,1.743653025,True,0.7,,1|1|1|1,0.75516655,0.8599924892187119,0.0,0.75516655,0.07312500000011823
photocatalytic MOFs with suitable band gaps,q2_photocatalysis,47,WeightedSum,1,qmof-e566fbb,Zn2C36H22N6O8,0.643333,2.93315,True,0.83426434,True,1.0,,1|1|1|1,0.8751665499999999,0.8455586731433868,0.0,0.8751665499999999,0.056707999995353475
photocatalytic MOFs with suitable band gaps,q2_photocatalysis,47,WeightedSum,2,qmof-cef46c3,Zn2C48H32N8O8,0.643333,2.913296,True,0.7895211,True,1.0,,1|1|1|1,0.8751665499999999,0.8455586731433868,0.0,0.8751665499999999,0.056707999995353475
photocatalytic MOFs with suitable band gaps,q2_photocatalysis,47,WeightedSum,3,qmof-c0f392b,Zn2C44H38N6O12,0.643333,2.464185,True,0.915527725,True,1.0,,1|1|1|1,0.8751665499999999,0.8455586731433868,0.0,0.8751665499999999,0.056707999995353475
photocatalytic MOFs with suitable band gaps,q2_photocatalysis,47,WeightedSum,4,qmof-ac6a77a,Zn4C76H44N8O16,0.643333,2.401359,True,0.82887956,True,1.0,,1|1|1|1,0.8751665499999999,0.8455586731433868,0.0,0.8751665499999999,0.056707999995353475
photocatalytic MOFs with suitable band gaps,q2_photocatalysis,47,WeightedSum,5,qmof-13a76dd,Zn4C40H28N12O8,0.643333,3.309168,True,0.982716063,True,1.0,,1|1|1|1,0.8751665499999999,0.8455586731433868,0.0,0.8751665499999999,0.056707999995353475
photocatalytic MOFs with suitable band gaps,q2_photocatalysis,47,TOPSIS,1,qmof-e566fbb,Zn2C36H22N6O8,0.643333,2.93315,True,0.83426434,True,1.0,,1|1|1|1,0.8751665499999999,0.8455586731433868,0.0,0.8751665499999999,1.5982500000006894
photocatalytic MOFs with suitable band gaps,q2_photocatalysis,47,TOPSIS,2,qmof-cef46c3,Zn2C48H32N8O8,0.643333,2.913296,True,0.7895211,True,1.0,,1|1|1|1,0.8751665499999999,0.8455586731433868,0.0,0.8751665499999999,1.5982500000006894
photocatalytic MOFs with suitable band gaps,q2_photocatalysis,47,TOPSIS,3,qmof-c0f392b,Zn2C44H38N6O12,0.643333,2.464185,True,0.915527725,True,1.0,,1|1|1|1,0.8751665499999999,0.8455586731433868,0.0,0.8751665499999999,1.5982500000006894
photocatalytic MOFs with suitable band gaps,q2_photocatalysis,47,TOPSIS,4,qmof-ac6a77a,Zn4C76H44N8O16,0.643333,2.401359,True,0.82887956,True,1.0,,1|1|1|1,0.8751665499999999,0.8455586731433868,0.0,0.8751665499999999,1.5982500000006894
photocatalytic MOFs with suitable band gaps,q2_photocatalysis,47,TOPSIS,5,qmof-13a76dd,Zn4C40H28N12O8,0.643333,3.309168,True,0.982716063,True,1.0,,1|1|1|1,0.8751665499999999,0.8455586731433868,0.0,0.8751665499999999,1.5982500000006894
photocatalytic MOFs with suitable band gaps,q2_photocatalysis,47,ParetoCrowding,1,qmof-e566fbb,Zn2C36H22N6O8,0.643333,2.93315,True,0.83426434,True,1.0,,1|1|1|1,0.8751665499999999,0.8455586731433868,0.0,0.8751665499999999,195.5071249999989
photocatalytic MOFs with suitable band gaps,q2_photocatalysis,47,ParetoCrowding,2,qmof-cef46c3,Zn2C48H32N8O8,0.643333,2.913296,True,0.7895211,True,1.0,,1|1|1|1,0.8751665499999999,0.8455586731433868,0.0,0.8751665499999999,195.5071249999989
photocatalytic MOFs with suitable band gaps,q2_photocatalysis,47,ParetoCrowding,3,qmof-c0f392b,Zn2C44H38N6O12,0.643333,2.464185,True,0.915527725,True,1.0,,1|1|1|1,0.8751665499999999,0.8455586731433868,0.0,0.8751665499999999,195.5071249999989
photocatalytic MOFs with suitable band gaps,q2_photocatalysis,47,ParetoCrowding,4,qmof-ac6a77a,Zn4C76H44N8O16,0.643333,2.401359,True,0.82887956,True,1.0,,1|1|1|1,0.8751665499999999,0.8455586731433868,0.0,0.8751665499999999,195.5071249999989
photocatalytic MOFs with suitable band gaps,q2_photocatalysis,47,ParetoCrowding,5,qmof-13a76dd,Zn4C40H28N12O8,0.643333,3.309168,True,0.982716063,True,1.0,,1|1|1|1,0.8751665499999999,0.8455586731433868,0.0,0.8751665499999999,195.5071249999989
photocatalytic MOFs with suitable band gaps,q2_photocatalysis,47,Random,1,qmof-8ccd876,Cu2C16Cl4H12N16,0.643333,3.383301,True,1.917751718,True,0.7,,1|1|1|1,0.75516655,0.8599924892187119,0.0,0.75516655,0.04583300000149393
photocatalytic MOFs with suitable band gaps,q2_photocatalysis,47,Random,2,qmof-ba1edaa,Zn2C32H20O16,0.643333,3.173971,True,1.846057273,True,0.7,,1|1|1|1,0.75516655,0.8599924892187119,0.0,0.75516655,0.04583300000149393
photocatalytic MOFs with suitable band gaps,q2_photocatalysis,47,Random,3,qmof-fcfab15,Zn2C48H36N8O12,0.643333,3.105757,True,1.544337866,True,0.7,,1|1|1|1,0.75516655,0.8599924892187119,0.0,0.75516655,0.04583300000149393
photocatalytic MOFs with suitable band gaps,q2_photocatalysis,47,Random,4,qmof-5bdb017,Zn6C44H44N24O24S4,0.643333,2.492125,True,1.99058821,True,0.7,,1|1|1|1,0.75516655,0.8599924892187119,0.0,0.75516655,0.04583300000149393
photocatalytic MOFs with suitable band gaps,q2_photocatalysis,47,Random,5,qmof-4d2d076,Cu4C56H40N8O12,0.643333,1.094519,True,1.804269,True,0.7,,1|1|1|1,0.75516655,0.8599924892187119,0.0,0.75516655,0.04583300000149393
photocatalytic MOFs with suitable band gaps,q2_photocatalysis,47,MMR,1,qmof-13a76dd,Zn4C40H28N12O8,0.643333,3.309168,True,0.982716063,True,1.0,,1|1|1|1,0.8751665499999999,0.8455586731433868,0.0,0.8751665499999999,1707.6824589999974
photocatalytic MOFs with suitable band gaps,q2_photocatalysis,47,MMR,2,qmof-ac6a77a,Zn4C76H44N8O16,0.643333,2.401359,True,0.82887956,True,1.0,,1|1|1|1,0.8751665499999999,0.8455586731433868,0.0,0.8751665499999999,1707.6824589999974
photocatalytic MOFs with suitable band gaps,q2_photocatalysis,47,MMR,3,qmof-cef46c3,Zn2C48H32N8O8,0.643333,2.913296,True,0.7895211,True,1.0,,1|1|1|1,0.8751665499999999,0.8455586731433868,0.0,0.8751665499999999,1707.6824589999974
photocatalytic MOFs with suitable band gaps,q2_photocatalysis,47,MMR,4,qmof-e566fbb,Zn2C36H22N6O8,0.643333,2.93315,True,0.83426434,True,1.0,,1|1|1|1,0.8751665499999999,0.8455586731433868,0.0,0.8751665499999999,1707.6824589999974
photocatalytic MOFs with suitable band gaps,q2_photocatalysis,47,MMR,5,qmof-c0f392b,Zn2C44H38N6O12,0.643333,2.464185,True,0.915527725,True,1.0,,1|1|1|1,0.8751665499999999,0.8455586731433868,0.0,0.8751665499999999,1707.6824589999974
photocatalytic MOFs with suitable band gaps,q2_photocatalysis,47,LEA,1,qmof-c0f392b,Zn2C44H38N6O12,0.643333,2.464185,True,0.915527725,True,1.0,,1|1|1|1,0.8751665499999999,0.8455586731433868,0.0,0.9703290045261384,90.63833300000113
photocatalytic MOFs with suitable band gaps,q2_photocatalysis,47,LEA,2,qmof-e566fbb,Zn2C36H22N6O8,0.643333,2.93315,True,0.83426434,True,1.0,,1|1|1|1,0.8751665499999999,0.8455586731433868,0.0,0.9703290045261384,90.63833300000113
photocatalytic MOFs with suitable band gaps,q2_photocatalysis,47,LEA,3,qmof-cef46c3,Zn2C48H32N8O8,0.643333,2.913296,True,0.7895211,True,1.0,,1|1|1|1,0.8751665499999999,0.8455586731433868,0.0,0.9703290045261384,90.63833300000113
photocatalytic MOFs with suitable band gaps,q2_photocatalysis,47,LEA,4,qmof-ac6a77a,Zn4C76H44N8O16,0.643333,2.401359,True,0.82887956,True,1.0,,1|1|1|1,0.8751665499999999,0.8455586731433868,0.0,0.9703290045261384,90.63833300000113
photocatalytic MOFs with suitable band gaps,q2_photocatalysis,47,LEA,5,qmof-13a76dd,Zn4C40H28N12O8,0.643333,3.309168,True,0.982716063,True,1.0,,1|1|1|1,0.8751665499999999,0.8455586731433868,0.0,0.9597224026918412,90.63833300000113
photocatalytic MOFs with suitable band gaps,q2_photocatalysis,47,LEA no diversity,1,qmof-c0f392b,Zn2C44H38N6O12,0.643333,2.464185,True,0.915527725,True,1.0,,1|1|1|1,0.8751665499999999,0.8455586731433868,0.0,0.9597224026918412,90.53491600000285
photocatalytic MOFs with suitable band gaps,q2_photocatalysis,47,LEA no diversity,2,qmof-e566fbb,Zn2C36H22N6O8,0.643333,2.93315,True,0.83426434,True,1.0,,1|1|1|1,0.8751665499999999,0.8455586731433868,0.0,0.9597224026918412,90.53491600000285
photocatalytic MOFs with suitable band gaps,q2_photocatalysis,47,LEA no diversity,3,qmof-cef46c3,Zn2C48H32N8O8,0.643333,2.913296,True,0.7895211,True,1.0,,1|1|1|1,0.8751665499999999,0.8455586731433868,0.0,0.9597224026918412,90.53491600000285
photocatalytic MOFs with suitable band gaps,q2_photocatalysis,47,LEA no diversity,4,qmof-ac6a77a,Zn4C76H44N8O16,0.643333,2.401359,True,0.82887956,True,1.0,,1|1|1|1,0.8751665499999999,0.8455586731433868,0.0,0.9597224026918412,90.53491600000285
photocatalytic MOFs with suitable band gaps,q2_photocatalysis,47,LEA no diversity,5,qmof-13a76dd,Zn4C40H28N12O8,0.643333,3.309168,True,0.982716063,True,1.0,,1|1|1|1,0.8751665499999999,0.8455586731433868,0.0,0.9597224026918412,90.53491600000285
photocatalytic MOFs with suitable band gaps,q2_photocatalysis,47,LEA no self-cleaning,1,qmof-c0f392b,Zn2C44H38N6O12,0.643333,2.464185,True,0.915527725,True,1.0,,1|1|1|1,0.8751665499999999,0.8455586731433868,0.0,0.9703290045261384,90.36345800000589
photocatalytic MOFs with suitable band gaps,q2_photocatalysis,47,LEA no self-cleaning,2,qmof-e566fbb,Zn2C36H22N6O8,0.643333,2.93315,True,0.83426434,True,1.0,,1|1|1|1,0.8751665499999999,0.8455586731433868,0.0,0.9703290045261384,90.36345800000589
photocatalytic MOFs with suitable band gaps,q2_photocatalysis,47,LEA no self-cleaning,3,qmof-cef46c3,Zn2C48H32N8O8,0.643333,2.913296,True,0.7895211,True,1.0,,1|1|1|1,0.8751665499999999,0.8455586731433868,0.0,0.9703290045261384,90.36345800000589
photocatalytic MOFs with suitable band gaps,q2_photocatalysis,47,LEA no self-cleaning,4,qmof-ac6a77a,Zn4C76H44N8O16,0.643333,2.401359,True,0.82887956,True,1.0,,1|1|1|1,0.8751665499999999,0.8455586731433868,0.0,0.9703290045261384,90.36345800000589
photocatalytic MOFs with suitable band gaps,q2_photocatalysis,47,LEA no self-cleaning,5,qmof-13a76dd,Zn4C40H28N12O8,0.643333,3.309168,True,0.982716063,True,1.0,,1|1|1|1,0.8751665499999999,0.8455586731433868,0.0,0.9597224026918412,90.36345800000589
photocatalytic MOFs with suitable band gaps,q2_photocatalysis,47,GraphSAGE only,1,qmof-13a76dd,Zn4C40H28N12O8,0.643333,3.309168,True,0.982716063,True,1.0,0.311079,1|1|1|1,0.8751665499999999,0.8455586731433868,0.0,0.8751665499999999,0.04058300000053805
photocatalytic MOFs with suitable band gaps,q2_photocatalysis,47,GraphSAGE only,2,qmof-e566fbb,Zn2C36H22N6O8,0.643333,2.93315,True,0.83426434,True,1.0,0.303646,1|1|1|1,0.8751665499999999,0.8455586731433868,0.0033241373021155596,0.8751665499999999,0.04058300000053805
photocatalytic MOFs with suitable band gaps,q2_photocatalysis,47,GraphSAGE only,3,qmof-ac6a77a,Zn4C76H44N8O16,0.643333,2.401359,True,0.82887956,True,1.0,0.297293,1|1|1|1,0.8751665499999999,0.8455586731433868,0.004110187524929643,0.8751665499999999,0.04058300000053805
photocatalytic MOFs with suitable band gaps,q2_photocatalysis,47,GraphSAGE only,4,qmof-cef46c3,Zn2C48H32N8O8,0.643333,2.913296,True,0.7895211,True,1.0,0.295888,1|1|1|1,0.8751665499999999,0.8455586731433868,0.003870332264341414,0.8751665499999999,0.04058300000053805
photocatalytic MOFs with suitable band gaps,q2_photocatalysis,47,GraphSAGE only,5,qmof-c0f392b,Zn2C44H38N6O12,0.643333,2.464185,True,0.915527725,True,1.0,0.289179,1|1|1|1,0.8751665499999999,0.8455586731433868,0.0046114866388961675,0.8751665499999999,0.04058300000053805
photocatalytic MOFs with suitable band gaps,q2_photocatalysis,47,GAT only,1,qmof-13a76dd,Zn4C40H28N12O8,0.643333,3.309168,True,0.982716063,True,1.0,0.504522,1|1|1|1,0.8751665499999999,0.8455586731433868,0.0,0.8751665499999999,0.042958999998177205
photocatalytic MOFs with suitable band gaps,q2_photocatalysis,47,GAT only,2,qmof-e566fbb,Zn2C36H22N6O8,0.643333,2.93315,True,0.83426434,True,1.0,0.471145,1|1|1|1,0.8751665499999999,0.8455586731433868,0.014926658011972904,0.8751665499999999,0.042958999998177205
photocatalytic MOFs with suitable band gaps,q2_photocatalysis,47,GAT only,3,qmof-cef46c3,Zn2C48H32N8O8,0.643333,2.913296,True,0.7895211,True,1.0,0.458106,1|1|1|1,0.8751665499999999,0.8455586731433868,0.0138385818960766,0.8751665499999999,0.042958999998177205
photocatalytic MOFs with suitable band gaps,q2_photocatalysis,47,GAT only,4,qmof-c0f392b,Zn2C44H38N6O12,0.643333,2.464185,True,0.915527725,True,1.0,0.428866,1|1|1|1,0.8751665499999999,0.8455586731433868,0.01788907148875296,0.8751665499999999,0.042958999998177205
photocatalytic MOFs with suitable band gaps,q2_photocatalysis,47,GAT only,5,qmof-ac6a77a,Zn4C76H44N8O16,0.643333,2.401359,True,0.82887956,True,1.0,0.427412,1|1|1|1,0.8751665499999999,0.8455586731433868,0.017575409595156088,0.8751665499999999,0.042958999998177205
photocatalytic MOFs with suitable band gaps,q2_photocatalysis,47,LEA + GraphSAGE,1,qmof-13a76dd,Zn4C40H28N12O8,0.643333,3.309168,True,0.982716063,True,1.0,0.311079,1|1|1|1,0.8751665499999999,0.8455586731433868,0.0,0.8628705084323883,96.18516600000504
photocatalytic MOFs with suitable band gaps,q2_photocatalysis,47,LEA + GraphSAGE,2,qmof-e566fbb,Zn2C36H22N6O8,0.643333,2.93315,True,0.83426434,True,1.0,0.303646,1|1|1|1,0.8751665499999999,0.8455586731433868,0.0033241373021155596,0.8614974915981293,96.18516600000504
photocatalytic MOFs with suitable band gaps,q2_photocatalysis,47,LEA + GraphSAGE,3,qmof-ac6a77a,Zn4C76H44N8O16,0.643333,2.401359,True,0.82887956,True,1.0,0.297293,1|1|1|1,0.8751665499999999,0.8455586731433868,0.004110187524929643,0.8603233605623245,96.18516600000504
photocatalytic MOFs with suitable band gaps,q2_photocatalysis,47,LEA + GraphSAGE,4,qmof-cef46c3,Zn2C48H32N8O8,0.643333,2.913296,True,0.7895211,True,1.0,0.295888,1|1|1|1,0.8751665499999999,0.8455586731433868,0.003870332264341414,0.8600636690855026,96.18516600000504
photocatalytic MOFs with suitable band gaps,q2_photocatalysis,47,LEA + GraphSAGE,5,qmof-c0f392b,Zn2C44H38N6O12,0.643333,2.464185,True,0.915527725,True,1.0,0.289179,1|1|1|1,0.8751665499999999,0.8455586731433868,0.0046114866388961675,0.858823013305664,96.18516600000504
photocatalytic MOFs with suitable band gaps,q2_photocatalysis,47,LEA + GAT,1,qmof-13a76dd,Zn4C40H28N12O8,0.643333,3.309168,True,0.982716063,True,1.0,0.504522,1|1|1|1,0.8751665499999999,0.8455586731433868,0.0,0.898240116238594,93.63595800000013
photocatalytic MOFs with suitable band gaps,q2_photocatalysis,47,LEA + GAT,2,qmof-e566fbb,Zn2C36H22N6O8,0.643333,2.93315,True,0.83426434,True,1.0,0.471145,1|1|1|1,0.8751665499999999,0.8455586731433868,0.014926658011972904,0.8921995639801026,93.63595800000013
photocatalytic MOFs with suitable band gaps,q2_photocatalysis,47,LEA + GAT,3,qmof-cef46c3,Zn2C48H32N8O8,0.643333,2.913296,True,0.7895211,True,1.0,0.458106,1|1|1|1,0.8751665499999999,0.8455586731433868,0.0138385818960766,0.8898313075304032,93.63595800000013
photocatalytic MOFs with suitable band gaps,q2_photocatalysis,47,LEA + GAT,4,qmof-c0f392b,Zn2C44H38N6O12,0.643333,2.464185,True,0.915527725,True,1.0,0.428866,1|1|1|1,0.8751665499999999,0.8455586731433868,0.01788907148875296,0.8845047548413276,93.63595800000013
photocatalytic MOFs with suitable band gaps,q2_photocatalysis,47,LEA + GAT,5,qmof-ac6a77a,Zn4C76H44N8O16,0.643333,2.401359,True,0.82887956,True,1.0,0.427412,1|1|1|1,0.8751665499999999,0.8455586731433868,0.017575409595156088,0.8842393606901169,93.63595800000013
photocatalytic MOFs with suitable band gaps,q2_photocatalysis,48,SemanticOnly,1,qmof-fe8ea01,Zn2C40H36N8O8,0.643333,3.249137,True,1.637189196,True,0.7,,1|1|1|1,0.75516655,0.8599924892187119,0.0,0.75516655,0.04575000000528462
photocatalytic MOFs with suitable band gaps,q2_photocatalysis,48,SemanticOnly,2,qmof-fc77380,Cu2C28H32N12S4,0.643333,3.17955,True,1.566151657,True,0.7,,1|1|1|1,0.75516655,0.8599924892187119,0.0,0.75516655,0.04575000000528462
photocatalytic MOFs with suitable band gaps,q2_photocatalysis,48,SemanticOnly,3,qmof-f7fed86,Cu2C22H26N10O8,0.643333,2.906202,True,1.619705439,True,0.7,,1|1|1|1,0.75516655,0.8599924892187119,0.0,0.75516655,0.04575000000528462
photocatalytic MOFs with suitable band gaps,q2_photocatalysis,48,SemanticOnly,4,qmof-f5de41a,Zn2C20H24N4O10,0.643333,2.933746,True,1.474113097,True,0.7,,1|1|1|1,0.75516655,0.8599924892187119,0.0,0.75516655,0.04575000000528462
photocatalytic MOFs with suitable band gaps,q2_photocatalysis,48,SemanticOnly,5,qmof-f522cce,Cu2C34H26N2O20S2,0.643333,3.270794,True,1.84262288,True,0.7,,1|1|1|1,0.75516655,0.8599924892187119,0.0,0.75516655,0.04575000000528462
photocatalytic MOFs with suitable band gaps,q2_photocatalysis,48,WeightedSum,1,qmof-e566fbb,Zn2C36H22N6O8,0.643333,2.93315,True,0.83426434,True,1.0,,1|1|1|1,0.8751665499999999,0.8455586731433868,0.0,0.8751665499999999,0.04524999999944157
photocatalytic MOFs with suitable band gaps,q2_photocatalysis,48,WeightedSum,2,qmof-cef46c3,Zn2C48H32N8O8,0.643333,2.913296,True,0.7895211,True,1.0,,1|1|1|1,0.8751665499999999,0.8455586731433868,0.0,0.8751665499999999,0.04524999999944157
photocatalytic MOFs with suitable band gaps,q2_photocatalysis,48,WeightedSum,3,qmof-c0f392b,Zn2C44H38N6O12,0.643333,2.464185,True,0.915527725,True,1.0,,1|1|1|1,0.8751665499999999,0.8455586731433868,0.0,0.8751665499999999,0.04524999999944157
photocatalytic MOFs with suitable band gaps,q2_photocatalysis,48,WeightedSum,4,qmof-ac6a77a,Zn4C76H44N8O16,0.643333,2.401359,True,0.82887956,True,1.0,,1|1|1|1,0.8751665499999999,0.8455586731433868,0.0,0.8751665499999999,0.04524999999944157
photocatalytic MOFs with suitable band gaps,q2_photocatalysis,48,WeightedSum,5,qmof-13a76dd,Zn4C40H28N12O8,0.643333,3.309168,True,0.982716063,True,1.0,,1|1|1|1,0.8751665499999999,0.8455586731433868,0.0,0.8751665499999999,0.04524999999944157
photocatalytic MOFs with suitable band gaps,q2_photocatalysis,48,TOPSIS,1,qmof-e566fbb,Zn2C36H22N6O8,0.643333,2.93315,True,0.83426434,True,1.0,,1|1|1|1,0.8751665499999999,0.8455586731433868,0.0,0.8751665499999999,1.148000000000593
photocatalytic MOFs with suitable band gaps,q2_photocatalysis,48,TOPSIS,2,qmof-cef46c3,Zn2C48H32N8O8,0.643333,2.913296,True,0.7895211,True,1.0,,1|1|1|1,0.8751665499999999,0.8455586731433868,0.0,0.8751665499999999,1.148000000000593
photocatalytic MOFs with suitable band gaps,q2_photocatalysis,48,TOPSIS,3,qmof-c0f392b,Zn2C44H38N6O12,0.643333,2.464185,True,0.915527725,True,1.0,,1|1|1|1,0.8751665499999999,0.8455586731433868,0.0,0.8751665499999999,1.148000000000593
photocatalytic MOFs with suitable band gaps,q2_photocatalysis,48,TOPSIS,4,qmof-ac6a77a,Zn4C76H44N8O16,0.643333,2.401359,True,0.82887956,True,1.0,,1|1|1|1,0.8751665499999999,0.8455586731433868,0.0,0.8751665499999999,1.148000000000593
photocatalytic MOFs with suitable band gaps,q2_photocatalysis,48,TOPSIS,5,qmof-13a76dd,Zn4C40H28N12O8,0.643333,3.309168,True,0.982716063,True,1.0,,1|1|1|1,0.8751665499999999,0.8455586731433868,0.0,0.8751665499999999,1.148000000000593
photocatalytic MOFs with suitable band gaps,q2_photocatalysis,48,ParetoCrowding,1,qmof-e566fbb,Zn2C36H22N6O8,0.643333,2.93315,True,0.83426434,True,1.0,,1|1|1|1,0.8751665499999999,0.8455586731433868,0.0,0.8751665499999999,184.58474999999908
photocatalytic MOFs with suitable band gaps,q2_photocatalysis,48,ParetoCrowding,2,qmof-cef46c3,Zn2C48H32N8O8,0.643333,2.913296,True,0.7895211,True,1.0,,1|1|1|1,0.8751665499999999,0.8455586731433868,0.0,0.8751665499999999,184.58474999999908
photocatalytic MOFs with suitable band gaps,q2_photocatalysis,48,ParetoCrowding,3,qmof-c0f392b,Zn2C44H38N6O12,0.643333,2.464185,True,0.915527725,True,1.0,,1|1|1|1,0.8751665499999999,0.8455586731433868,0.0,0.8751665499999999,184.58474999999908
photocatalytic MOFs with suitable band gaps,q2_photocatalysis,48,ParetoCrowding,4,qmof-ac6a77a,Zn4C76H44N8O16,0.643333,2.401359,True,0.82887956,True,1.0,,1|1|1|1,0.8751665499999999,0.8455586731433868,0.0,0.8751665499999999,184.58474999999908
photocatalytic MOFs with suitable band gaps,q2_photocatalysis,48,ParetoCrowding,5,qmof-13a76dd,Zn4C40H28N12O8,0.643333,3.309168,True,0.982716063,True,1.0,,1|1|1|1,0.8751665499999999,0.8455586731433868,0.0,0.8751665499999999,184.58474999999908
photocatalytic MOFs with suitable band gaps,q2_photocatalysis,48,Random,1,qmof-95dc237,ZnC36H30N8O10,0.643333,2.676038,True,1.510993694,True,0.7,,1|1|1|1,0.75516655,0.8599924892187119,0.0,0.75516655,0.04941699999960747
photocatalytic MOFs with suitable band gaps,q2_photocatalysis,48,Random,2,qmof-6f21ecc,Zn4C68H40N8O12,0.643333,2.655248,True,1.289280769,True,0.7,,1|1|1|1,0.75516655,0.8599924892187119,0.0,0.75516655,0.04941699999960747
photocatalytic MOFs with suitable band gaps,q2_photocatalysis,48,Random,3,qmof-a7de9ff,Cu2C44H48N4O8,0.643333,3.273972,True,1.338864134,True,0.7,,1|1|1|1,0.75516655,0.8599924892187119,0.0,0.75516655,0.04941699999960747
photocatalytic MOFs with suitable band gaps,q2_photocatalysis,48,Random,4,qmof-f522cce,Cu2C34H26N2O20S2,0.643333,3.270794,True,1.84262288,True,0.7,,1|1|1|1,0.75516655,0.8599924892187119,0.0,0.75516655,0.04941699999960747
photocatalytic MOFs with suitable band gaps,q2_photocatalysis,48,Random,5,qmof-d14d764,Zn2C50H38N6O12,0.643333,2.780664,True,1.553609614,True,0.7,,1|1|1|1,0.75516655,0.8599924892187119,0.0,0.75516655,0.04941699999960747
photocatalytic MOFs with suitable band gaps,q2_photocatalysis,48,MMR,1,qmof-e566fbb,Zn2C36H22N6O8,0.643333,2.93315,True,0.83426434,True,1.0,,1|1|1|1,0.8751665499999999,0.8455586731433868,0.0,0.8751665499999999,1656.1168329999987
photocatalytic MOFs with suitable band gaps,q2_photocatalysis,48,MMR,2,qmof-cef46c3,Zn2C48H32N8O8,0.643333,2.913296,True,0.7895211,True,1.0,,1|1|1|1,0.8751665499999999,0.8455586731433868,0.0,0.8751665499999999,1656.1168329999987
photocatalytic MOFs with suitable band gaps,q2_photocatalysis,48,MMR,3,qmof-13a76dd,Zn4C40H28N12O8,0.643333,3.309168,True,0.982716063,True,1.0,,1|1|1|1,0.8751665499999999,0.8455586731433868,0.0,0.8751665499999999,1656.1168329999987
photocatalytic MOFs with suitable band gaps,q2_photocatalysis,48,MMR,4,qmof-ac6a77a,Zn4C76H44N8O16,0.643333,2.401359,True,0.82887956,True,1.0,,1|1|1|1,0.8751665499999999,0.8455586731433868,0.0,0.8751665499999999,1656.1168329999987
photocatalytic MOFs with suitable band gaps,q2_photocatalysis,48,MMR,5,qmof-c0f392b,Zn2C44H38N6O12,0.643333,2.464185,True,0.915527725,True,1.0,,1|1|1|1,0.8751665499999999,0.8455586731433868,0.0,0.8751665499999999,1656.1168329999987
photocatalytic MOFs with suitable band gaps,q2_photocatalysis,48,LEA,1,qmof-c0f392b,Zn2C44H38N6O12,0.643333,2.464185,True,0.915527725,True,1.0,,1|1|1|1,0.8751665499999999,0.8455586731433868,0.0,0.9703290045261384,90.89995899999792
photocatalytic MOFs with suitable band gaps,q2_photocatalysis,48,LEA,2,qmof-ac6a77a,Zn4C76H44N8O16,0.643333,2.401359,True,0.82887956,True,1.0,,1|1|1|1,0.8751665499999999,0.8455586731433868,0.0,0.9703290045261384,90.89995899999792
photocatalytic MOFs with suitable band gaps,q2_photocatalysis,48,LEA,3,qmof-13a76dd,Zn4C40H28N12O8,0.643333,3.309168,True,0.982716063,True,1.0,,1|1|1|1,0.8751665499999999,0.8455586731433868,0.0,0.9703290045261384,90.89995899999792
photocatalytic MOFs with suitable band gaps,q2_photocatalysis,48,LEA,4,qmof-cef46c3,Zn2C48H32N8O8,0.643333,2.913296,True,0.7895211,True,1.0,,1|1|1|1,0.8751665499999999,0.8455586731433868,0.0,0.9703290045261384,90.89995899999792
photocatalytic MOFs with suitable band gaps,q2_photocatalysis,48,LEA,5,qmof-e566fbb,Zn2C36H22N6O8,0.643333,2.93315,True,0.83426434,True,1.0,,1|1|1|1,0.8751665499999999,0.8455586731433868,0.0,0.9597224026918412,90.89995899999792
photocatalytic MOFs with suitable band gaps,q2_photocatalysis,48,LEA no diversity,1,qmof-c0f392b,Zn2C44H38N6O12,0.643333,2.464185,True,0.915527725,True,1.0,,1|1|1|1,0.8751665499999999,0.8455586731433868,0.0,0.9597224026918412,92.69112500000176
photocatalytic MOFs with suitable band gaps,q2_photocatalysis,48,LEA no diversity,2,qmof-ac6a77a,Zn4C76H44N8O16,0.643333,2.401359,True,0.82887956,True,1.0,,1|1|1|1,0.8751665499999999,0.8455586731433868,0.0,0.9597224026918412,92.69112500000176
photocatalytic MOFs with suitable band gaps,q2_photocatalysis,48,LEA no diversity,3,qmof-13a76dd,Zn4C40H28N12O8,0.643333,3.309168,True,0.982716063,True,1.0,,1|1|1|1,0.8751665499999999,0.8455586731433868,0.0,0.9597224026918412,92.69112500000176
photocatalytic MOFs with suitable band gaps,q2_photocatalysis,48,LEA no diversity,4,qmof-cef46c3,Zn2C48H32N8O8,0.643333,2.913296,True,0.7895211,True,1.0,,1|1|1|1,0.8751665499999999,0.8455586731433868,0.0,0.9597224026918412,92.69112500000176
photocatalytic MOFs with suitable band gaps,q2_photocatalysis,48,LEA no diversity,5,qmof-e566fbb,Zn2C36H22N6O8,0.643333,2.93315,True,0.83426434,True,1.0,,1|1|1|1,0.8751665499999999,0.8455586731433868,0.0,0.9597224026918412,92.69112500000176
photocatalytic MOFs with suitable band gaps,q2_photocatalysis,48,LEA no self-cleaning,1,qmof-c0f392b,Zn2C44H38N6O12,0.643333,2.464185,True,0.915527725,True,1.0,,1|1|1|1,0.8751665499999999,0.8455586731433868,0.0,0.9703290045261384,92.38204100000047
photocatalytic MOFs with suitable band gaps,q2_photocatalysis,48,LEA no self-cleaning,2,qmof-ac6a77a,Zn4C76H44N8O16,0.643333,2.401359,True,0.82887956,True,1.0,,1|1|1|1,0.8751665499999999,0.8455586731433868,0.0,0.9703290045261384,92.38204100000047
photocatalytic MOFs with suitable band gaps,q2_photocatalysis,48,LEA no self-cleaning,3,qmof-13a76dd,Zn4C40H28N12O8,0.643333,3.309168,True,0.982716063,True,1.0,,1|1|1|1,0.8751665499999999,0.8455586731433868,0.0,0.9703290045261384,92.38204100000047
photocatalytic MOFs with suitable band gaps,q2_photocatalysis,48,LEA no self-cleaning,4,qmof-cef46c3,Zn2C48H32N8O8,0.643333,2.913296,True,0.7895211,True,1.0,,1|1|1|1,0.8751665499999999,0.8455586731433868,0.0,0.9703290045261384,92.38204100000047
photocatalytic MOFs with suitable band gaps,q2_photocatalysis,48,LEA no self-cleaning,5,qmof-e566fbb,Zn2C36H22N6O8,0.643333,2.93315,True,0.83426434,True,1.0,,1|1|1|1,0.8751665499999999,0.8455586731433868,0.0,0.9597224026918412,92.38204100000047
photocatalytic MOFs with suitable band gaps,q2_photocatalysis,48,GraphSAGE only,1,qmof-13a76dd,Zn4C40H28N12O8,0.643333,3.309168,True,0.982716063,True,1.0,0.311079,1|1|1|1,0.8751665499999999,0.8455586731433868,0.0,0.8751665499999999,0.043333000000700395
photocatalytic MOFs with suitable band gaps,q2_photocatalysis,48,GraphSAGE only,2,qmof-e566fbb,Zn2C36H22N6O8,0.643333,2.93315,True,0.83426434,True,1.0,0.303646,1|1|1|1,0.8751665499999999,0.8455586731433868,0.0033241373021155596,0.8751665499999999,0.043333000000700395
photocatalytic MOFs with suitable band gaps,q2_photocatalysis,48,GraphSAGE only,3,qmof-ac6a77a,Zn4C76H44N8O16,0.643333,2.401359,True,0.82887956,True,1.0,0.297293,1|1|1|1,0.8751665499999999,0.8455586731433868,0.004110187524929643,0.8751665499999999,0.043333000000700395
photocatalytic MOFs with suitable band gaps,q2_photocatalysis,48,GraphSAGE only,4,qmof-cef46c3,Zn2C48H32N8O8,0.643333,2.913296,True,0.7895211,True,1.0,0.295888,1|1|1|1,0.8751665499999999,0.8455586731433868,0.003870332264341414,0.8751665499999999,0.043333000000700395
photocatalytic MOFs with suitable band gaps,q2_photocatalysis,48,GraphSAGE only,5,qmof-c0f392b,Zn2C44H38N6O12,0.643333,2.464185,True,0.915527725,True,1.0,0.289179,1|1|1|1,0.8751665499999999,0.8455586731433868,0.0046114866388961675,0.8751665499999999,0.043333000000700395
photocatalytic MOFs with suitable band gaps,q2_photocatalysis,48,GAT only,1,qmof-13a76dd,Zn4C40H28N12O8,0.643333,3.309168,True,0.982716063,True,1.0,0.504522,1|1|1|1,0.8751665499999999,0.8455586731433868,0.0,0.8751665499999999,0.038666000001796874
photocatalytic MOFs with suitable band gaps,q2_photocatalysis,48,GAT only,2,qmof-e566fbb,Zn2C36H22N6O8,0.643333,2.93315,True,0.83426434,True,1.0,0.471145,1|1|1|1,0.8751665499999999,0.8455586731433868,0.014926658011972904,0.8751665499999999,0.038666000001796874
photocatalytic MOFs with suitable band gaps,q2_photocatalysis,48,GAT only,3,qmof-cef46c3,Zn2C48H32N8O8,0.643333,2.913296,True,0.7895211,True,1.0,0.458106,1|1|1|1,0.8751665499999999,0.8455586731433868,0.0138385818960766,0.8751665499999999,0.038666000001796874
photocatalytic MOFs with suitable band gaps,q2_photocatalysis,48,GAT only,4,qmof-c0f392b,Zn2C44H38N6O12,0.643333,2.464185,True,0.915527725,True,1.0,0.428866,1|1|1|1,0.8751665499999999,0.8455586731433868,0.01788907148875296,0.8751665499999999,0.038666000001796874
photocatalytic MOFs with suitable band gaps,q2_photocatalysis,48,GAT only,5,qmof-ac6a77a,Zn4C76H44N8O16,0.643333,2.401359,True,0.82887956,True,1.0,0.427412,1|1|1|1,0.8751665499999999,0.8455586731433868,0.017575409595156088,0.8751665499999999,0.038666000001796874
photocatalytic MOFs with suitable band gaps,q2_photocatalysis,48,LEA + GraphSAGE,1,qmof-13a76dd,Zn4C40H28N12O8,0.643333,3.309168,True,0.982716063,True,1.0,0.311079,1|1|1|1,0.8751665499999999,0.8455586731433868,0.0,0.8628705084323883,98.31291700000122
photocatalytic MOFs with suitable band gaps,q2_photocatalysis,48,LEA + GraphSAGE,2,qmof-e566fbb,Zn2C36H22N6O8,0.643333,2.93315,True,0.83426434,True,1.0,0.303646,1|1|1|1,0.8751665499999999,0.8455586731433868,0.0033241373021155596,0.8614974915981293,98.31291700000122
photocatalytic MOFs with suitable band gaps,q2_photocatalysis,48,LEA + GraphSAGE,3,qmof-ac6a77a,Zn4C76H44N8O16,0.643333,2.401359,True,0.82887956,True,1.0,0.297293,1|1|1|1,0.8751665499999999,0.8455586731433868,0.004110187524929643,0.8603233605623245,98.31291700000122
photocatalytic MOFs with suitable band gaps,q2_photocatalysis,48,LEA + GraphSAGE,4,qmof-cef46c3,Zn2C48H32N8O8,0.643333,2.913296,True,0.7895211,True,1.0,0.295888,1|1|1|1,0.8751665499999999,0.8455586731433868,0.003870332264341414,0.8600636690855026,98.31291700000122
photocatalytic MOFs with suitable band gaps,q2_photocatalysis,48,LEA + GraphSAGE,5,qmof-c0f392b,Zn2C44H38N6O12,0.643333,2.464185,True,0.915527725,True,1.0,0.289179,1|1|1|1,0.8751665499999999,0.8455586731433868,0.0046114866388961675,0.858823013305664,98.31291700000122
photocatalytic MOFs with suitable band gaps,q2_photocatalysis,48,LEA + GAT,1,qmof-13a76dd,Zn4C40H28N12O8,0.643333,3.309168,True,0.982716063,True,1.0,0.504522,1|1|1|1,0.8751665499999999,0.8455586731433868,0.0,0.898240116238594,94.26004200000193
photocatalytic MOFs with suitable band gaps,q2_photocatalysis,48,LEA + GAT,2,qmof-e566fbb,Zn2C36H22N6O8,0.643333,2.93315,True,0.83426434,True,1.0,0.471145,1|1|1|1,0.8751665499999999,0.8455586731433868,0.014926658011972904,0.8921995639801026,94.26004200000193
photocatalytic MOFs with suitable band gaps,q2_photocatalysis,48,LEA + GAT,3,qmof-cef46c3,Zn2C48H32N8O8,0.643333,2.913296,True,0.7895211,True,1.0,0.458106,1|1|1|1,0.8751665499999999,0.8455586731433868,0.0138385818960766,0.8898313075304032,94.26004200000193
photocatalytic MOFs with suitable band gaps,q2_photocatalysis,48,LEA + GAT,4,qmof-c0f392b,Zn2C44H38N6O12,0.643333,2.464185,True,0.915527725,True,1.0,0.428866,1|1|1|1,0.8751665499999999,0.8455586731433868,0.01788907148875296,0.8845047548413276,94.26004200000193
photocatalytic MOFs with suitable band gaps,q2_photocatalysis,48,LEA + GAT,5,qmof-ac6a77a,Zn4C76H44N8O16,0.643333,2.401359,True,0.82887956,True,1.0,0.427412,1|1|1|1,0.8751665499999999,0.8455586731433868,0.017575409595156088,0.8842393606901169,94.26004200000193
photocatalytic MOFs with suitable band gaps,q2_photocatalysis,49,SemanticOnly,1,qmof-fc79d47,Cu2C34H36I2N12,0.643333,2.588499,True,1.87774837,True,0.7,,1|1|1|1,0.75516655,0.8599924892187119,0.0,0.75516655,0.04574999999817919
photocatalytic MOFs with suitable band gaps,q2_photocatalysis,49,SemanticOnly,2,qmof-f87c9d1,CuC22H28N2O4,0.643333,3.150305,True,1.304740826,True,0.7,,1|1|1|1,0.75516655,0.8599924892187119,0.0,0.75516655,0.04574999999817919
photocatalytic MOFs with suitable band gaps,q2_photocatalysis,49,SemanticOnly,3,qmof-f429f3b,Cu3C8H18N12O6S2,0.643333,2.822862,True,1.914333583,True,0.7,,1|1|1|1,0.75516655,0.8599924892187119,0.0,0.75516655,0.04574999999817919
photocatalytic MOFs with suitable band gaps,q2_photocatalysis,49,SemanticOnly,4,qmof-f41b6c6,Cd2C52H56N4O8P4S8,0.643333,3.002481,True,1.687803923,True,0.7,,1|1|1|1,0.75516655,0.8599924892187119,0.0,0.75516655,0.04574999999817919
photocatalytic MOFs with suitable band gaps,q2_photocatalysis,49,SemanticOnly,5,qmof-efc86e6,Cd2C28H28N12S4,0.643333,2.62946,True,1.712901294,True,0.7,,1|1|1|1,0.75516655,0.8599924892187119,0.0,0.75516655,0.04574999999817919
photocatalytic MOFs with suitable band gaps,q2_photocatalysis,49,WeightedSum,1,qmof-e566fbb,Zn2C36H22N6O8,0.643333,2.93315,True,0.83426434,True,1.0,,1|1|1|1,0.8751665499999999,0.8455586731433868,0.0,0.8751665499999999,0.04570800000180952
photocatalytic MOFs with suitable band gaps,q2_photocatalysis,49,WeightedSum,2,qmof-cef46c3,Zn2C48H32N8O8,0.643333,2.913296,True,0.7895211,True,1.0,,1|1|1|1,0.8751665499999999,0.8455586731433868,0.0,0.8751665499999999,0.04570800000180952
photocatalytic MOFs with suitable band gaps,q2_photocatalysis,49,WeightedSum,3,qmof-c0f392b,Zn2C44H38N6O12,0.643333,2.464185,True,0.915527725,True,1.0,,1|1|1|1,0.8751665499999999,0.8455586731433868,0.0,0.8751665499999999,0.04570800000180952
photocatalytic MOFs with suitable band gaps,q2_photocatalysis,49,WeightedSum,4,qmof-ac6a77a,Zn4C76H44N8O16,0.643333,2.401359,True,0.82887956,True,1.0,,1|1|1|1,0.8751665499999999,0.8455586731433868,0.0,0.8751665499999999,0.04570800000180952
photocatalytic MOFs with suitable band gaps,q2_photocatalysis,49,WeightedSum,5,qmof-13a76dd,Zn4C40H28N12O8,0.643333,3.309168,True,0.982716063,True,1.0,,1|1|1|1,0.8751665499999999,0.8455586731433868,0.0,0.8751665499999999,0.04570800000180952
photocatalytic MOFs with suitable band gaps,q2_photocatalysis,49,TOPSIS,1,qmof-e566fbb,Zn2C36H22N6O8,0.643333,2.93315,True,0.83426434,True,1.0,,1|1|1|1,0.8751665499999999,0.8455586731433868,0.0,0.8751665499999999,1.1809169999992264
photocatalytic MOFs with suitable band gaps,q2_photocatalysis,49,TOPSIS,2,qmof-cef46c3,Zn2C48H32N8O8,0.643333,2.913296,True,0.7895211,True,1.0,,1|1|1|1,0.8751665499999999,0.8455586731433868,0.0,0.8751665499999999,1.1809169999992264
photocatalytic MOFs with suitable band gaps,q2_photocatalysis,49,TOPSIS,3,qmof-c0f392b,Zn2C44H38N6O12,0.643333,2.464185,True,0.915527725,True,1.0,,1|1|1|1,0.8751665499999999,0.8455586731433868,0.0,0.8751665499999999,1.1809169999992264
photocatalytic MOFs with suitable band gaps,q2_photocatalysis,49,TOPSIS,4,qmof-ac6a77a,Zn4C76H44N8O16,0.643333,2.401359,True,0.82887956,True,1.0,,1|1|1|1,0.8751665499999999,0.8455586731433868,0.0,0.8751665499999999,1.1809169999992264
photocatalytic MOFs with suitable band gaps,q2_photocatalysis,49,TOPSIS,5,qmof-13a76dd,Zn4C40H28N12O8,0.643333,3.309168,True,0.982716063,True,1.0,,1|1|1|1,0.8751665499999999,0.8455586731433868,0.0,0.8751665499999999,1.1809169999992264
photocatalytic MOFs with suitable band gaps,q2_photocatalysis,49,ParetoCrowding,1,qmof-e566fbb,Zn2C36H22N6O8,0.643333,2.93315,True,0.83426434,True,1.0,,1|1|1|1,0.8751665499999999,0.8455586731433868,0.0,0.8751665499999999,186.17195800000275
photocatalytic MOFs with suitable band gaps,q2_photocatalysis,49,ParetoCrowding,2,qmof-cef46c3,Zn2C48H32N8O8,0.643333,2.913296,True,0.7895211,True,1.0,,1|1|1|1,0.8751665499999999,0.8455586731433868,0.0,0.8751665499999999,186.17195800000275
photocatalytic MOFs with suitable band gaps,q2_photocatalysis,49,ParetoCrowding,3,qmof-c0f392b,Zn2C44H38N6O12,0.643333,2.464185,True,0.915527725,True,1.0,,1|1|1|1,0.8751665499999999,0.8455586731433868,0.0,0.8751665499999999,186.17195800000275
photocatalytic MOFs with suitable band gaps,q2_photocatalysis,49,ParetoCrowding,4,qmof-ac6a77a,Zn4C76H44N8O16,0.643333,2.401359,True,0.82887956,True,1.0,,1|1|1|1,0.8751665499999999,0.8455586731433868,0.0,0.8751665499999999,186.17195800000275
photocatalytic MOFs with suitable band gaps,q2_photocatalysis,49,ParetoCrowding,5,qmof-13a76dd,Zn4C40H28N12O8,0.643333,3.309168,True,0.982716063,True,1.0,,1|1|1|1,0.8751665499999999,0.8455586731433868,0.0,0.8751665499999999,186.17195800000275
photocatalytic MOFs with suitable band gaps,q2_photocatalysis,49,Random,1,qmof-10c7c3c,Cu2C24H24N6O10S2,0.643333,3.393888,True,1.641117449,True,0.7,,1|1|1|1,0.75516655,0.8599924892187119,0.0,0.75516655,0.047791000000074746
photocatalytic MOFs with suitable band gaps,q2_photocatalysis,49,Random,2,qmof-504b878,Zn4C28Cl4H40N16O4,0.643333,3.457218,True,1.719371117,True,0.7,,1|1|1|1,0.75516655,0.8599924892187119,0.0,0.75516655,0.047791000000074746
photocatalytic MOFs with suitable band gaps,q2_photocatalysis,49,Random,3,qmof-eef474b,Cu2C16H12N24,0.643333,2.996842,True,1.934407474,True,0.7,,1|1|1|1,0.75516655,0.8599924892187119,0.0,0.75516655,0.047791000000074746
photocatalytic MOFs with suitable band gaps,q2_photocatalysis,49,Random,4,qmof-342ad08,CuC4Cl2H10N10,0.643333,3.191382,True,1.980756107,True,0.7,,1|1|1|1,0.75516655,0.8599924892187119,0.0,0.75516655,0.047791000000074746
photocatalytic MOFs with suitable band gaps,q2_photocatalysis,49,Random,5,qmof-405a87b,Cu2C20H14N6O8,0.643333,3.490494,True,1.959726284,True,0.7,,1|1|1|1,0.75516655,0.8599924892187119,0.0,0.75516655,0.047791000000074746
photocatalytic MOFs with suitable band gaps,q2_photocatalysis,49,MMR,1,qmof-cef46c3,Zn2C48H32N8O8,0.643333,2.913296,True,0.7895211,True,1.0,,1|1|1|1,0.8751665499999999,0.8455586731433868,0.0,0.8751665499999999,1659.2302080000038
photocatalytic MOFs with suitable band gaps,q2_photocatalysis,49,MMR,2,qmof-13a76dd,Zn4C40H28N12O8,0.643333,3.309168,True,0.982716063,True,1.0,,1|1|1|1,0.8751665499999999,0.8455586731433868,0.0,0.8751665499999999,1659.2302080000038
photocatalytic MOFs with suitable band gaps,q2_photocatalysis,49,MMR,3,qmof-e566fbb,Zn2C36H22N6O8,0.643333,2.93315,True,0.83426434,True,1.0,,1|1|1|1,0.8751665499999999,0.8455586731433868,0.0,0.8751665499999999,1659.2302080000038
photocatalytic MOFs with suitable band gaps,q2_photocatalysis,49,MMR,4,qmof-c0f392b,Zn2C44H38N6O12,0.643333,2.464185,True,0.915527725,True,1.0,,1|1|1|1,0.8751665499999999,0.8455586731433868,0.0,0.8751665499999999,1659.2302080000038
photocatalytic MOFs with suitable band gaps,q2_photocatalysis,49,MMR,5,qmof-ac6a77a,Zn4C76H44N8O16,0.643333,2.401359,True,0.82887956,True,1.0,,1|1|1|1,0.8751665499999999,0.8455586731433868,0.0,0.8751665499999999,1659.2302080000038
photocatalytic MOFs with suitable band gaps,q2_photocatalysis,49,LEA,1,qmof-ac6a77a,Zn4C76H44N8O16,0.643333,2.401359,True,0.82887956,True,1.0,,1|1|1|1,0.8751665499999999,0.8455586731433868,0.0,0.9703290045261384,94.04091700000095
photocatalytic MOFs with suitable band gaps,q2_photocatalysis,49,LEA,2,qmof-c0f392b,Zn2C44H38N6O12,0.643333,2.464185,True,0.915527725,True,1.0,,1|1|1|1,0.8751665499999999,0.8455586731433868,0.0,0.9703290045261384,94.04091700000095
photocatalytic MOFs with suitable band gaps,q2_photocatalysis,49,LEA,3,qmof-e566fbb,Zn2C36H22N6O8,0.643333,2.93315,True,0.83426434,True,1.0,,1|1|1|1,0.8751665499999999,0.8455586731433868,0.0,0.9703290045261384,94.04091700000095
photocatalytic MOFs with suitable band gaps,q2_photocatalysis,49,LEA,4,qmof-13a76dd,Zn4C40H28N12O8,0.643333,3.309168,True,0.982716063,True,1.0,,1|1|1|1,0.8751665499999999,0.8455586731433868,0.0,0.9703290045261384,94.04091700000095
photocatalytic MOFs with suitable band gaps,q2_photocatalysis,49,LEA,5,qmof-cef46c3,Zn2C48H32N8O8,0.643333,2.913296,True,0.7895211,True,1.0,,1|1|1|1,0.8751665499999999,0.8455586731433868,0.0,0.9597224026918412,94.04091700000095
photocatalytic MOFs with suitable band gaps,q2_photocatalysis,49,LEA no diversity,1,qmof-ac6a77a,Zn4C76H44N8O16,0.643333,2.401359,True,0.82887956,True,1.0,,1|1|1|1,0.8751665499999999,0.8455586731433868,0.0,0.9597224026918412,90.90091699999903
photocatalytic MOFs with suitable band gaps,q2_photocatalysis,49,LEA no diversity,2,qmof-c0f392b,Zn2C44H38N6O12,0.643333,2.464185,True,0.915527725,True,1.0,,1|1|1|1,0.8751665499999999,0.8455586731433868,0.0,0.9597224026918412,90.90091699999903
photocatalytic MOFs with suitable band gaps,q2_photocatalysis,49,LEA no diversity,3,qmof-e566fbb,Zn2C36H22N6O8,0.643333,2.93315,True,0.83426434,True,1.0,,1|1|1|1,0.8751665499999999,0.8455586731433868,0.0,0.9597224026918412,90.90091699999903
photocatalytic MOFs with suitable band gaps,q2_photocatalysis,49,LEA no diversity,4,qmof-13a76dd,Zn4C40H28N12O8,0.643333,3.309168,True,0.982716063,True,1.0,,1|1|1|1,0.8751665499999999,0.8455586731433868,0.0,0.9597224026918412,90.90091699999903
photocatalytic MOFs with suitable band gaps,q2_photocatalysis,49,LEA no diversity,5,qmof-cef46c3,Zn2C48H32N8O8,0.643333,2.913296,True,0.7895211,True,1.0,,1|1|1|1,0.8751665499999999,0.8455586731433868,0.0,0.9597224026918412,90.90091699999903
photocatalytic MOFs with suitable band gaps,q2_photocatalysis,49,LEA no self-cleaning,1,qmof-ac6a77a,Zn4C76H44N8O16,0.643333,2.401359,True,0.82887956,True,1.0,,1|1|1|1,0.8751665499999999,0.8455586731433868,0.0,0.9703290045261384,90.70862500000487
photocatalytic MOFs with suitable band gaps,q2_photocatalysis,49,LEA no self-cleaning,2,qmof-c0f392b,Zn2C44H38N6O12,0.643333,2.464185,True,0.915527725,True,1.0,,1|1|1|1,0.8751665499999999,0.8455586731433868,0.0,0.9703290045261384,90.70862500000487
photocatalytic MOFs with suitable band gaps,q2_photocatalysis,49,LEA no self-cleaning,3,qmof-e566fbb,Zn2C36H22N6O8,0.643333,2.93315,True,0.83426434,True,1.0,,1|1|1|1,0.8751665499999999,0.8455586731433868,0.0,0.9703290045261384,90.70862500000487
photocatalytic MOFs with suitable band gaps,q2_photocatalysis,49,LEA no self-cleaning,4,qmof-13a76dd,Zn4C40H28N12O8,0.643333,3.309168,True,0.982716063,True,1.0,,1|1|1|1,0.8751665499999999,0.8455586731433868,0.0,0.9703290045261384,90.70862500000487
photocatalytic MOFs with suitable band gaps,q2_photocatalysis,49,LEA no self-cleaning,5,qmof-cef46c3,Zn2C48H32N8O8,0.643333,2.913296,True,0.7895211,True,1.0,,1|1|1|1,0.8751665499999999,0.8455586731433868,0.0,0.9597224026918412,90.70862500000487
photocatalytic MOFs with suitable band gaps,q2_photocatalysis,49,GraphSAGE only,1,qmof-13a76dd,Zn4C40H28N12O8,0.643333,3.309168,True,0.982716063,True,1.0,0.311079,1|1|1|1,0.8751665499999999,0.8455586731433868,0.0,0.8751665499999999,0.03808399999627454
photocatalytic MOFs with suitable band gaps,q2_photocatalysis,49,GraphSAGE only,2,qmof-e566fbb,Zn2C36H22N6O8,0.643333,2.93315,True,0.83426434,True,1.0,0.303646,1|1|1|1,0.8751665499999999,0.8455586731433868,0.0033241373021155596,0.8751665499999999,0.03808399999627454
photocatalytic MOFs with suitable band gaps,q2_photocatalysis,49,GraphSAGE only,3,qmof-ac6a77a,Zn4C76H44N8O16,0.643333,2.401359,True,0.82887956,True,1.0,0.297293,1|1|1|1,0.8751665499999999,0.8455586731433868,0.004110187524929643,0.8751665499999999,0.03808399999627454
photocatalytic MOFs with suitable band gaps,q2_photocatalysis,49,GraphSAGE only,4,qmof-cef46c3,Zn2C48H32N8O8,0.643333,2.913296,True,0.7895211,True,1.0,0.295888,1|1|1|1,0.8751665499999999,0.8455586731433868,0.003870332264341414,0.8751665499999999,0.03808399999627454
photocatalytic MOFs with suitable band gaps,q2_photocatalysis,49,GraphSAGE only,5,qmof-c0f392b,Zn2C44H38N6O12,0.643333,2.464185,True,0.915527725,True,1.0,0.289179,1|1|1|1,0.8751665499999999,0.8455586731433868,0.0046114866388961675,0.8751665499999999,0.03808399999627454
photocatalytic MOFs with suitable band gaps,q2_photocatalysis,49,GAT only,1,qmof-13a76dd,Zn4C40H28N12O8,0.643333,3.309168,True,0.982716063,True,1.0,0.504522,1|1|1|1,0.8751665499999999,0.8455586731433868,0.0,0.8751665499999999,0.036500000000216914
photocatalytic MOFs with suitable band gaps,q2_photocatalysis,49,GAT only,2,qmof-e566fbb,Zn2C36H22N6O8,0.643333,2.93315,True,0.83426434,True,1.0,0.471145,1|1|1|1,0.8751665499999999,0.8455586731433868,0.014926658011972904,0.8751665499999999,0.036500000000216914
photocatalytic MOFs with suitable band gaps,q2_photocatalysis,49,GAT only,3,qmof-cef46c3,Zn2C48H32N8O8,0.643333,2.913296,True,0.7895211,True,1.0,0.458106,1|1|1|1,0.8751665499999999,0.8455586731433868,0.0138385818960766,0.8751665499999999,0.036500000000216914
photocatalytic MOFs with suitable band gaps,q2_photocatalysis,49,GAT only,4,qmof-c0f392b,Zn2C44H38N6O12,0.643333,2.464185,True,0.915527725,True,1.0,0.428866,1|1|1|1,0.8751665499999999,0.8455586731433868,0.01788907148875296,0.8751665499999999,0.036500000000216914
photocatalytic MOFs with suitable band gaps,q2_photocatalysis,49,GAT only,5,qmof-ac6a77a,Zn4C76H44N8O16,0.643333,2.401359,True,0.82887956,True,1.0,0.427412,1|1|1|1,0.8751665499999999,0.8455586731433868,0.017575409595156088,0.8751665499999999,0.036500000000216914
photocatalytic MOFs with suitable band gaps,q2_photocatalysis,49,LEA + GraphSAGE,1,qmof-13a76dd,Zn4C40H28N12O8,0.643333,3.309168,True,0.982716063,True,1.0,0.311079,1|1|1|1,0.8751665499999999,0.8455586731433868,0.0,0.8628705084323883,94.69329099999868
photocatalytic MOFs with suitable band gaps,q2_photocatalysis,49,LEA + GraphSAGE,2,qmof-e566fbb,Zn2C36H22N6O8,0.643333,2.93315,True,0.83426434,True,1.0,0.303646,1|1|1|1,0.8751665499999999,0.8455586731433868,0.0033241373021155596,0.8614974915981293,94.69329099999868
photocatalytic MOFs with suitable band gaps,q2_photocatalysis,49,LEA + GraphSAGE,3,qmof-ac6a77a,Zn4C76H44N8O16,0.643333,2.401359,True,0.82887956,True,1.0,0.297293,1|1|1|1,0.8751665499999999,0.8455586731433868,0.004110187524929643,0.8603233605623245,94.69329099999868
photocatalytic MOFs with suitable band gaps,q2_photocatalysis,49,LEA + GraphSAGE,4,qmof-cef46c3,Zn2C48H32N8O8,0.643333,2.913296,True,0.7895211,True,1.0,0.295888,1|1|1|1,0.8751665499999999,0.8455586731433868,0.003870332264341414,0.8600636690855026,94.69329099999868
photocatalytic MOFs with suitable band gaps,q2_photocatalysis,49,LEA + GraphSAGE,5,qmof-c0f392b,Zn2C44H38N6O12,0.643333,2.464185,True,0.915527725,True,1.0,0.289179,1|1|1|1,0.8751665499999999,0.8455586731433868,0.0046114866388961675,0.858823013305664,94.69329099999868
photocatalytic MOFs with suitable band gaps,q2_photocatalysis,49,LEA + GAT,1,qmof-13a76dd,Zn4C40H28N12O8,0.643333,3.309168,True,0.982716063,True,1.0,0.504522,1|1|1|1,0.8751665499999999,0.8455586731433868,0.0,0.898240116238594,94.0292499999984
photocatalytic MOFs with suitable band gaps,q2_photocatalysis,49,LEA + GAT,2,qmof-e566fbb,Zn2C36H22N6O8,0.643333,2.93315,True,0.83426434,True,1.0,0.471145,1|1|1|1,0.8751665499999999,0.8455586731433868,0.014926658011972904,0.8921995639801026,94.0292499999984
photocatalytic MOFs with suitable band gaps,q2_photocatalysis,49,LEA + GAT,3,qmof-cef46c3,Zn2C48H32N8O8,0.643333,2.913296,True,0.7895211,True,1.0,0.458106,1|1|1|1,0.8751665499999999,0.8455586731433868,0.0138385818960766,0.8898313075304032,94.0292499999984
photocatalytic MOFs with suitable band gaps,q2_photocatalysis,49,LEA + GAT,4,qmof-c0f392b,Zn2C44H38N6O12,0.643333,2.464185,True,0.915527725,True,1.0,0.428866,1|1|1|1,0.8751665499999999,0.8455586731433868,0.01788907148875296,0.8845047548413276,94.0292499999984
photocatalytic MOFs with suitable band gaps,q2_photocatalysis,49,LEA + GAT,5,qmof-ac6a77a,Zn4C76H44N8O16,0.643333,2.401359,True,0.82887956,True,1.0,0.427412,1|1|1|1,0.8751665499999999,0.8455586731433868,0.017575409595156088,0.8842393606901169,94.0292499999984
photocatalytic MOFs with suitable band gaps,q2_photocatalysis,50,SemanticOnly,1,qmof-fc79d47,Cu2C34H36I2N12,0.643333,2.588499,True,1.87774837,True,0.7,,1|1|1|1,0.75516655,0.8599924892187119,0.0,0.75516655,0.046499999996285624
photocatalytic MOFs with suitable band gaps,q2_photocatalysis,50,SemanticOnly,2,qmof-f9c2a3d,ZnC27H20N6O12,0.643333,3.478306,True,1.730824719,True,0.7,,1|1|1|1,0.75516655,0.8599924892187119,0.0,0.75516655,0.046499999996285624
photocatalytic MOFs with suitable band gaps,q2_photocatalysis,50,SemanticOnly,3,qmof-f77560d,Cu2Br4C34H40O2S4,0.643333,1.84028,True,1.996199298,True,0.7,,1|1|1|1,0.75516655,0.8599924892187119,0.0,0.75516655,0.046499999996285624
photocatalytic MOFs with suitable band gaps,q2_photocatalysis,50,SemanticOnly,4,qmof-f429f3b,Cu3C8H18N12O6S2,0.643333,2.822862,True,1.914333583,True,0.7,,1|1|1|1,0.75516655,0.8599924892187119,0.0,0.75516655,0.046499999996285624
photocatalytic MOFs with suitable band gaps,q2_photocatalysis,50,SemanticOnly,5,qmof-ee8c30a,Cu4La4C56H32N8O32,0.643333,2.942853,True,1.99883052,True,0.7,,1|1|1|1,0.75516655,0.8599924892187119,0.0,0.75516655,0.046499999996285624
photocatalytic MOFs with suitable band gaps,q2_photocatalysis,50,WeightedSum,1,qmof-e566fbb,Zn2C36H22N6O8,0.643333,2.93315,True,0.83426434,True,1.0,,1|1|1|1,0.8751665499999999,0.8455586731433868,0.0,0.8751665499999999,0.05333400000040456
photocatalytic MOFs with suitable band gaps,q2_photocatalysis,50,WeightedSum,2,qmof-cef46c3,Zn2C48H32N8O8,0.643333,2.913296,True,0.7895211,True,1.0,,1|1|1|1,0.8751665499999999,0.8455586731433868,0.0,0.8751665499999999,0.05333400000040456
photocatalytic MOFs with suitable band gaps,q2_photocatalysis,50,WeightedSum,3,qmof-c0f392b,Zn2C44H38N6O12,0.643333,2.464185,True,0.915527725,True,1.0,,1|1|1|1,0.8751665499999999,0.8455586731433868,0.0,0.8751665499999999,0.05333400000040456
photocatalytic MOFs with suitable band gaps,q2_photocatalysis,50,WeightedSum,4,qmof-ac6a77a,Zn4C76H44N8O16,0.643333,2.401359,True,0.82887956,True,1.0,,1|1|1|1,0.8751665499999999,0.8455586731433868,0.0,0.8751665499999999,0.05333400000040456
photocatalytic MOFs with suitable band gaps,q2_photocatalysis,50,WeightedSum,5,qmof-13a76dd,Zn4C40H28N12O8,0.643333,3.309168,True,0.982716063,True,1.0,,1|1|1|1,0.8751665499999999,0.8455586731433868,0.0,0.8751665499999999,0.05333400000040456
photocatalytic MOFs with suitable band gaps,q2_photocatalysis,50,TOPSIS,1,qmof-e566fbb,Zn2C36H22N6O8,0.643333,2.93315,True,0.83426434,True,1.0,,1|1|1|1,0.8751665499999999,0.8455586731433868,0.0,0.8751665499999999,1.1880840000060289
photocatalytic MOFs with suitable band gaps,q2_photocatalysis,50,TOPSIS,2,qmof-cef46c3,Zn2C48H32N8O8,0.643333,2.913296,True,0.7895211,True,1.0,,1|1|1|1,0.8751665499999999,0.8455586731433868,0.0,0.8751665499999999,1.1880840000060289
photocatalytic MOFs with suitable band gaps,q2_photocatalysis,50,TOPSIS,3,qmof-c0f392b,Zn2C44H38N6O12,0.643333,2.464185,True,0.915527725,True,1.0,,1|1|1|1,0.8751665499999999,0.8455586731433868,0.0,0.8751665499999999,1.1880840000060289
photocatalytic MOFs with suitable band gaps,q2_photocatalysis,50,TOPSIS,4,qmof-ac6a77a,Zn4C76H44N8O16,0.643333,2.401359,True,0.82887956,True,1.0,,1|1|1|1,0.8751665499999999,0.8455586731433868,0.0,0.8751665499999999,1.1880840000060289
photocatalytic MOFs with suitable band gaps,q2_photocatalysis,50,TOPSIS,5,qmof-13a76dd,Zn4C40H28N12O8,0.643333,3.309168,True,0.982716063,True,1.0,,1|1|1|1,0.8751665499999999,0.8455586731433868,0.0,0.8751665499999999,1.1880840000060289
photocatalytic MOFs with suitable band gaps,q2_photocatalysis,50,ParetoCrowding,1,qmof-e566fbb,Zn2C36H22N6O8,0.643333,2.93315,True,0.83426434,True,1.0,,1|1|1|1,0.8751665499999999,0.8455586731433868,0.0,0.8751665499999999,185.98429200000055
photocatalytic MOFs with suitable band gaps,q2_photocatalysis,50,ParetoCrowding,2,qmof-cef46c3,Zn2C48H32N8O8,0.643333,2.913296,True,0.7895211,True,1.0,,1|1|1|1,0.8751665499999999,0.8455586731433868,0.0,0.8751665499999999,185.98429200000055
photocatalytic MOFs with suitable band gaps,q2_photocatalysis,50,ParetoCrowding,3,qmof-c0f392b,Zn2C44H38N6O12,0.643333,2.464185,True,0.915527725,True,1.0,,1|1|1|1,0.8751665499999999,0.8455586731433868,0.0,0.8751665499999999,185.98429200000055
photocatalytic MOFs with suitable band gaps,q2_photocatalysis,50,ParetoCrowding,4,qmof-ac6a77a,Zn4C76H44N8O16,0.643333,2.401359,True,0.82887956,True,1.0,,1|1|1|1,0.8751665499999999,0.8455586731433868,0.0,0.8751665499999999,185.98429200000055
photocatalytic MOFs with suitable band gaps,q2_photocatalysis,50,ParetoCrowding,5,qmof-13a76dd,Zn4C40H28N12O8,0.643333,3.309168,True,0.982716063,True,1.0,,1|1|1|1,0.8751665499999999,0.8455586731433868,0.0,0.8751665499999999,185.98429200000055
photocatalytic MOFs with suitable band gaps,q2_photocatalysis,50,Random,1,qmof-bde105e,Cu2C28H28N2O14,0.643333,3.249678,True,1.683299987,True,0.7,,1|1|1|1,0.75516655,0.8599924892187119,0.0,0.75516655,0.04400000000259752
photocatalytic MOFs with suitable band gaps,q2_photocatalysis,50,Random,2,qmof-95de001,Cu4C24H56N32,0.643333,3.006564,True,1.612193063,True,0.7,,1|1|1|1,0.75516655,0.8599924892187119,0.0,0.75516655,0.04400000000259752
photocatalytic MOFs with suitable band gaps,q2_photocatalysis,50,Random,3,qmof-bc0218e,CdC16H18N4O6,0.643333,3.029014,True,1.693468035,True,0.7,,1|1|1|1,0.75516655,0.8599924892187119,0.0,0.75516655,0.04400000000259752
photocatalytic MOFs with suitable band gaps,q2_photocatalysis,50,Random,4,qmof-579321e,Cu2C24Cl4H18N6S2,0.643333,1.82433,True,1.92941625,True,0.7,,1|1|1|1,0.75516655,0.8599924892187119,0.0,0.75516655,0.04400000000259752
photocatalytic MOFs with suitable band gaps,q2_photocatalysis,50,Random,5,qmof-ac6a77a,Zn4C76H44N8O16,0.643333,2.401359,True,0.82887956,True,1.0,,1|1|1|1,0.8751665499999999,0.8455586731433868,0.08485281467437744,0.8751665499999999,0.04400000000259752
photocatalytic MOFs with suitable band gaps,q2_photocatalysis,50,MMR,1,qmof-13a76dd,Zn4C40H28N12O8,0.643333,3.309168,True,0.982716063,True,1.0,,1|1|1|1,0.8751665499999999,0.8455586731433868,0.0,0.8751665499999999,1695.7114579999982
photocatalytic MOFs with suitable band gaps,q2_photocatalysis,50,MMR,2,qmof-c0f392b,Zn2C44H38N6O12,0.643333,2.464185,True,0.915527725,True,1.0,,1|1|1|1,0.8751665499999999,0.8455586731433868,0.0,0.8751665499999999,1695.7114579999982
photocatalytic MOFs with suitable band gaps,q2_photocatalysis,50,MMR,3,qmof-ac6a77a,Zn4C76H44N8O16,0.643333,2.401359,True,0.82887956,True,1.0,,1|1|1|1,0.8751665499999999,0.8455586731433868,0.0,0.8751665499999999,1695.7114579999982
photocatalytic MOFs with suitable band gaps,q2_photocatalysis,50,MMR,4,qmof-e566fbb,Zn2C36H22N6O8,0.643333,2.93315,True,0.83426434,True,1.0,,1|1|1|1,0.8751665499999999,0.8455586731433868,0.0,0.8751665499999999,1695.7114579999982
photocatalytic MOFs with suitable band gaps,q2_photocatalysis,50,MMR,5,qmof-cef46c3,Zn2C48H32N8O8,0.643333,2.913296,True,0.7895211,True,1.0,,1|1|1|1,0.8751665499999999,0.8455586731433868,0.0,0.8751665499999999,1695.7114579999982
photocatalytic MOFs with suitable band gaps,q2_photocatalysis,50,LEA,1,qmof-cef46c3,Zn2C48H32N8O8,0.643333,2.913296,True,0.7895211,True,1.0,,1|1|1|1,0.8751665499999999,0.8455586731433868,0.0,0.9703290045261384,94.06787500000036
photocatalytic MOFs with suitable band gaps,q2_photocatalysis,50,LEA,2,qmof-e566fbb,Zn2C36H22N6O8,0.643333,2.93315,True,0.83426434,True,1.0,,1|1|1|1,0.8751665499999999,0.8455586731433868,0.0,0.9703290045261384,94.06787500000036
photocatalytic MOFs with suitable band gaps,q2_photocatalysis,50,LEA,3,qmof-ac6a77a,Zn4C76H44N8O16,0.643333,2.401359,True,0.82887956,True,1.0,,1|1|1|1,0.8751665499999999,0.8455586731433868,0.0,0.9703290045261384,94.06787500000036
photocatalytic MOFs with suitable band gaps,q2_photocatalysis,50,LEA,4,qmof-c0f392b,Zn2C44H38N6O12,0.643333,2.464185,True,0.915527725,True,1.0,,1|1|1|1,0.8751665499999999,0.8455586731433868,0.0,0.9703290045261384,94.06787500000036
photocatalytic MOFs with suitable band gaps,q2_photocatalysis,50,LEA,5,qmof-13a76dd,Zn4C40H28N12O8,0.643333,3.309168,True,0.982716063,True,1.0,,1|1|1|1,0.8751665499999999,0.8455586731433868,0.0,0.9597224026918412,94.06787500000036
photocatalytic MOFs with suitable band gaps,q2_photocatalysis,50,LEA no diversity,1,qmof-cef46c3,Zn2C48H32N8O8,0.643333,2.913296,True,0.7895211,True,1.0,,1|1|1|1,0.8751665499999999,0.8455586731433868,0.0,0.9597224026918412,94.4211659999965
photocatalytic MOFs with suitable band gaps,q2_photocatalysis,50,LEA no diversity,2,qmof-e566fbb,Zn2C36H22N6O8,0.643333,2.93315,True,0.83426434,True,1.0,,1|1|1|1,0.8751665499999999,0.8455586731433868,0.0,0.9597224026918412,94.4211659999965
photocatalytic MOFs with suitable band gaps,q2_photocatalysis,50,LEA no diversity,3,qmof-ac6a77a,Zn4C76H44N8O16,0.643333,2.401359,True,0.82887956,True,1.0,,1|1|1|1,0.8751665499999999,0.8455586731433868,0.0,0.9597224026918412,94.4211659999965
photocatalytic MOFs with suitable band gaps,q2_photocatalysis,50,LEA no diversity,4,qmof-c0f392b,Zn2C44H38N6O12,0.643333,2.464185,True,0.915527725,True,1.0,,1|1|1|1,0.8751665499999999,0.8455586731433868,0.0,0.9597224026918412,94.4211659999965
photocatalytic MOFs with suitable band gaps,q2_photocatalysis,50,LEA no diversity,5,qmof-13a76dd,Zn4C40H28N12O8,0.643333,3.309168,True,0.982716063,True,1.0,,1|1|1|1,0.8751665499999999,0.8455586731433868,0.0,0.9597224026918412,94.4211659999965
photocatalytic MOFs with suitable band gaps,q2_photocatalysis,50,LEA no self-cleaning,1,qmof-cef46c3,Zn2C48H32N8O8,0.643333,2.913296,True,0.7895211,True,1.0,,1|1|1|1,0.8751665499999999,0.8455586731433868,0.0,0.9703290045261384,93.56562500000365
photocatalytic MOFs with suitable band gaps,q2_photocatalysis,50,LEA no self-cleaning,2,qmof-e566fbb,Zn2C36H22N6O8,0.643333,2.93315,True,0.83426434,True,1.0,,1|1|1|1,0.8751665499999999,0.8455586731433868,0.0,0.9703290045261384,93.56562500000365
photocatalytic MOFs with suitable band gaps,q2_photocatalysis,50,LEA no self-cleaning,3,qmof-ac6a77a,Zn4C76H44N8O16,0.643333,2.401359,True,0.82887956,True,1.0,,1|1|1|1,0.8751665499999999,0.8455586731433868,0.0,0.9703290045261384,93.56562500000365
photocatalytic MOFs with suitable band gaps,q2_photocatalysis,50,LEA no self-cleaning,4,qmof-c0f392b,Zn2C44H38N6O12,0.643333,2.464185,True,0.915527725,True,1.0,,1|1|1|1,0.8751665499999999,0.8455586731433868,0.0,0.9703290045261384,93.56562500000365
photocatalytic MOFs with suitable band gaps,q2_photocatalysis,50,LEA no self-cleaning,5,qmof-13a76dd,Zn4C40H28N12O8,0.643333,3.309168,True,0.982716063,True,1.0,,1|1|1|1,0.8751665499999999,0.8455586731433868,0.0,0.9597224026918412,93.56562500000365
photocatalytic MOFs with suitable band gaps,q2_photocatalysis,50,GraphSAGE only,1,qmof-13a76dd,Zn4C40H28N12O8,0.643333,3.309168,True,0.982716063,True,1.0,0.311079,1|1|1|1,0.8751665499999999,0.8455586731433868,0.0,0.8751665499999999,0.05695800000182771
photocatalytic MOFs with suitable band gaps,q2_photocatalysis,50,GraphSAGE only,2,qmof-e566fbb,Zn2C36H22N6O8,0.643333,2.93315,True,0.83426434,True,1.0,0.303646,1|1|1|1,0.8751665499999999,0.8455586731433868,0.0033241373021155596,0.8751665499999999,0.05695800000182771
photocatalytic MOFs with suitable band gaps,q2_photocatalysis,50,GraphSAGE only,3,qmof-ac6a77a,Zn4C76H44N8O16,0.643333,2.401359,True,0.82887956,True,1.0,0.297293,1|1|1|1,0.8751665499999999,0.8455586731433868,0.004110187524929643,0.8751665499999999,0.05695800000182771
photocatalytic MOFs with suitable band gaps,q2_photocatalysis,50,GraphSAGE only,4,qmof-cef46c3,Zn2C48H32N8O8,0.643333,2.913296,True,0.7895211,True,1.0,0.295888,1|1|1|1,0.8751665499999999,0.8455586731433868,0.003870332264341414,0.8751665499999999,0.05695800000182771
photocatalytic MOFs with suitable band gaps,q2_photocatalysis,50,GraphSAGE only,5,qmof-c0f392b,Zn2C44H38N6O12,0.643333,2.464185,True,0.915527725,True,1.0,0.289179,1|1|1|1,0.8751665499999999,0.8455586731433868,0.0046114866388961675,0.8751665499999999,0.05695800000182771
photocatalytic MOFs with suitable band gaps,q2_photocatalysis,50,GAT only,1,qmof-13a76dd,Zn4C40H28N12O8,0.643333,3.309168,True,0.982716063,True,1.0,0.504522,1|1|1|1,0.8751665499999999,0.8455586731433868,0.0,0.8751665499999999,0.044166000002121564
photocatalytic MOFs with suitable band gaps,q2_photocatalysis,50,GAT only,2,qmof-e566fbb,Zn2C36H22N6O8,0.643333,2.93315,True,0.83426434,True,1.0,0.471145,1|1|1|1,0.8751665499999999,0.8455586731433868,0.014926658011972904,0.8751665499999999,0.044166000002121564
photocatalytic MOFs with suitable band gaps,q2_photocatalysis,50,GAT only,3,qmof-cef46c3,Zn2C48H32N8O8,0.643333,2.913296,True,0.7895211,True,1.0,0.458106,1|1|1|1,0.8751665499999999,0.8455586731433868,0.0138385818960766,0.8751665499999999,0.044166000002121564
photocatalytic MOFs with suitable band gaps,q2_photocatalysis,50,GAT only,4,qmof-c0f392b,Zn2C44H38N6O12,0.643333,2.464185,True,0.915527725,True,1.0,0.428866,1|1|1|1,0.8751665499999999,0.8455586731433868,0.01788907148875296,0.8751665499999999,0.044166000002121564
photocatalytic MOFs with suitable band gaps,q2_photocatalysis,50,GAT only,5,qmof-ac6a77a,Zn4C76H44N8O16,0.643333,2.401359,True,0.82887956,True,1.0,0.427412,1|1|1|1,0.8751665499999999,0.8455586731433868,0.017575409595156088,0.8751665499999999,0.044166000002121564
photocatalytic MOFs with suitable band gaps,q2_photocatalysis,50,LEA + GraphSAGE,1,qmof-13a76dd,Zn4C40H28N12O8,0.643333,3.309168,True,0.982716063,True,1.0,0.311079,1|1|1|1,0.8751665499999999,0.8455586731433868,0.0,0.8628705084323883,96.34079199999945
photocatalytic MOFs with suitable band gaps,q2_photocatalysis,50,LEA + GraphSAGE,2,qmof-e566fbb,Zn2C36H22N6O8,0.643333,2.93315,True,0.83426434,True,1.0,0.303646,1|1|1|1,0.8751665499999999,0.8455586731433868,0.0033241373021155596,0.8614974915981293,96.34079199999945
photocatalytic MOFs with suitable band gaps,q2_photocatalysis,50,LEA + GraphSAGE,3,qmof-ac6a77a,Zn4C76H44N8O16,0.643333,2.401359,True,0.82887956,True,1.0,0.297293,1|1|1|1,0.8751665499999999,0.8455586731433868,0.004110187524929643,0.8603233605623245,96.34079199999945
photocatalytic MOFs with suitable band gaps,q2_photocatalysis,50,LEA + GraphSAGE,4,qmof-cef46c3,Zn2C48H32N8O8,0.643333,2.913296,True,0.7895211,True,1.0,0.295888,1|1|1|1,0.8751665499999999,0.8455586731433868,0.003870332264341414,0.8600636690855026,96.34079199999945
photocatalytic MOFs with suitable band gaps,q2_photocatalysis,50,LEA + GraphSAGE,5,qmof-c0f392b,Zn2C44H38N6O12,0.643333,2.464185,True,0.915527725,True,1.0,0.289179,1|1|1|1,0.8751665499999999,0.8455586731433868,0.0046114866388961675,0.858823013305664,96.34079199999945
photocatalytic MOFs with suitable band gaps,q2_photocatalysis,50,LEA + GAT,1,qmof-13a76dd,Zn4C40H28N12O8,0.643333,3.309168,True,0.982716063,True,1.0,0.504522,1|1|1|1,0.8751665499999999,0.8455586731433868,0.0,0.898240116238594,96.48287499999952
photocatalytic MOFs with suitable band gaps,q2_photocatalysis,50,LEA + GAT,2,qmof-e566fbb,Zn2C36H22N6O8,0.643333,2.93315,True,0.83426434,True,1.0,0.471145,1|1|1|1,0.8751665499999999,0.8455586731433868,0.014926658011972904,0.8921995639801026,96.48287499999952
photocatalytic MOFs with suitable band gaps,q2_photocatalysis,50,LEA + GAT,3,qmof-cef46c3,Zn2C48H32N8O8,0.643333,2.913296,True,0.7895211,True,1.0,0.458106,1|1|1|1,0.8751665499999999,0.8455586731433868,0.0138385818960766,0.8898313075304032,96.48287499999952
photocatalytic MOFs with suitable band gaps,q2_photocatalysis,50,LEA + GAT,4,qmof-c0f392b,Zn2C44H38N6O12,0.643333,2.464185,True,0.915527725,True,1.0,0.428866,1|1|1|1,0.8751665499999999,0.8455586731433868,0.01788907148875296,0.8845047548413276,96.48287499999952
photocatalytic MOFs with suitable band gaps,q2_photocatalysis,50,LEA + GAT,5,qmof-ac6a77a,Zn4C76H44N8O16,0.643333,2.401359,True,0.82887956,True,1.0,0.427412,1|1|1|1,0.8751665499999999,0.8455586731433868,0.017575409595156088,0.8842393606901169,96.48287499999952
photocatalytic MOFs with suitable band gaps,q2_photocatalysis,51,SemanticOnly,1,qmof-fcef258,CdC22H12N14O2S2,0.643333,3.156677,True,1.865289775,True,0.7,,1|1|1|1,0.75516655,0.8599924892187119,0.0,0.75516655,0.048833000001025084
photocatalytic MOFs with suitable band gaps,q2_photocatalysis,51,SemanticOnly,2,qmof-f667b4f,Cu4C20H12N8,0.643333,2.903376,True,1.989658223,True,0.7,,1|1|1|1,0.75516655,0.8599924892187119,0.0,0.75516655,0.048833000001025084
photocatalytic MOFs with suitable band gaps,q2_photocatalysis,51,SemanticOnly,3,qmof-ee705c4,CuC18H26N4O8S2,0.643333,2.785035,True,1.709711117,True,0.7,,1|1|1|1,0.75516655,0.8599924892187119,0.0,0.75516655,0.048833000001025084
photocatalytic MOFs with suitable band gaps,q2_photocatalysis,51,SemanticOnly,4,qmof-ee02e1d,Cu2V2C32F2H28N6O12P2,0.643333,2.446337,True,1.92462827,True,0.7,,1|1|1|1,0.75516655,0.8599924892187119,0.0,0.75516655,0.048833000001025084
photocatalytic MOFs with suitable band gaps,q2_photocatalysis,51,SemanticOnly,5,qmof-e8cc479,Cd2C24H16N16,0.643333,3.336391,True,1.94234503,True,0.7,,1|1|1|1,0.75516655,0.8599924892187119,0.0,0.75516655,0.048833000001025084
photocatalytic MOFs with suitable band gaps,q2_photocatalysis,51,WeightedSum,1,qmof-e566fbb,Zn2C36H22N6O8,0.643333,2.93315,True,0.83426434,True,1.0,,1|1|1|1,0.8751665499999999,0.8455586731433868,0.0,0.8751665499999999,0.04541700000260107
photocatalytic MOFs with suitable band gaps,q2_photocatalysis,51,WeightedSum,2,qmof-cef46c3,Zn2C48H32N8O8,0.643333,2.913296,True,0.7895211,True,1.0,,1|1|1|1,0.8751665499999999,0.8455586731433868,0.0,0.8751665499999999,0.04541700000260107
photocatalytic MOFs with suitable band gaps,q2_photocatalysis,51,WeightedSum,3,qmof-c0f392b,Zn2C44H38N6O12,0.643333,2.464185,True,0.915527725,True,1.0,,1|1|1|1,0.8751665499999999,0.8455586731433868,0.0,0.8751665499999999,0.04541700000260107
photocatalytic MOFs with suitable band gaps,q2_photocatalysis,51,WeightedSum,4,qmof-ac6a77a,Zn4C76H44N8O16,0.643333,2.401359,True,0.82887956,True,1.0,,1|1|1|1,0.8751665499999999,0.8455586731433868,0.0,0.8751665499999999,0.04541700000260107
photocatalytic MOFs with suitable band gaps,q2_photocatalysis,51,WeightedSum,5,qmof-13a76dd,Zn4C40H28N12O8,0.643333,3.309168,True,0.982716063,True,1.0,,1|1|1|1,0.8751665499999999,0.8455586731433868,0.0,0.8751665499999999,0.04541700000260107
photocatalytic MOFs with suitable band gaps,q2_photocatalysis,51,TOPSIS,1,qmof-e566fbb,Zn2C36H22N6O8,0.643333,2.93315,True,0.83426434,True,1.0,,1|1|1|1,0.8751665499999999,0.8455586731433868,0.0,0.8751665499999999,1.2583749999990346
photocatalytic MOFs with suitable band gaps,q2_photocatalysis,51,TOPSIS,2,qmof-cef46c3,Zn2C48H32N8O8,0.643333,2.913296,True,0.7895211,True,1.0,,1|1|1|1,0.8751665499999999,0.8455586731433868,0.0,0.8751665499999999,1.2583749999990346
photocatalytic MOFs with suitable band gaps,q2_photocatalysis,51,TOPSIS,3,qmof-c0f392b,Zn2C44H38N6O12,0.643333,2.464185,True,0.915527725,True,1.0,,1|1|1|1,0.8751665499999999,0.8455586731433868,0.0,0.8751665499999999,1.2583749999990346
photocatalytic MOFs with suitable band gaps,q2_photocatalysis,51,TOPSIS,4,qmof-ac6a77a,Zn4C76H44N8O16,0.643333,2.401359,True,0.82887956,True,1.0,,1|1|1|1,0.8751665499999999,0.8455586731433868,0.0,0.8751665499999999,1.2583749999990346
photocatalytic MOFs with suitable band gaps,q2_photocatalysis,51,TOPSIS,5,qmof-13a76dd,Zn4C40H28N12O8,0.643333,3.309168,True,0.982716063,True,1.0,,1|1|1|1,0.8751665499999999,0.8455586731433868,0.0,0.8751665499999999,1.2583749999990346
photocatalytic MOFs with suitable band gaps,q2_photocatalysis,51,ParetoCrowding,1,qmof-e566fbb,Zn2C36H22N6O8,0.643333,2.93315,True,0.83426434,True,1.0,,1|1|1|1,0.8751665499999999,0.8455586731433868,0.0,0.8751665499999999,221.88587499999812
photocatalytic MOFs with suitable band gaps,q2_photocatalysis,51,ParetoCrowding,2,qmof-cef46c3,Zn2C48H32N8O8,0.643333,2.913296,True,0.7895211,True,1.0,,1|1|1|1,0.8751665499999999,0.8455586731433868,0.0,0.8751665499999999,221.88587499999812
photocatalytic MOFs with suitable band gaps,q2_photocatalysis,51,ParetoCrowding,3,qmof-c0f392b,Zn2C44H38N6O12,0.643333,2.464185,True,0.915527725,True,1.0,,1|1|1|1,0.8751665499999999,0.8455586731433868,0.0,0.8751665499999999,221.88587499999812
photocatalytic MOFs with suitable band gaps,q2_photocatalysis,51,ParetoCrowding,4,qmof-ac6a77a,Zn4C76H44N8O16,0.643333,2.401359,True,0.82887956,True,1.0,,1|1|1|1,0.8751665499999999,0.8455586731433868,0.0,0.8751665499999999,221.88587499999812
photocatalytic MOFs with suitable band gaps,q2_photocatalysis,51,ParetoCrowding,5,qmof-13a76dd,Zn4C40H28N12O8,0.643333,3.309168,True,0.982716063,True,1.0,,1|1|1|1,0.8751665499999999,0.8455586731433868,0.0,0.8751665499999999,221.88587499999812
photocatalytic MOFs with suitable band gaps,q2_photocatalysis,51,Random,1,qmof-add50d6,Cd2C64H56N4O8S8,0.643333,3.345886,True,1.654795548,True,0.7,,1|1|1|1,0.75516655,0.8599924892187119,0.0,0.75516655,0.04591700000133869
photocatalytic MOFs with suitable band gaps,q2_photocatalysis,51,Random,2,qmof-e566fbb,Zn2C36H22N6O8,0.643333,2.93315,True,0.83426434,True,1.0,,1|1|1|1,0.8751665499999999,0.8455586731433868,0.2121320366859436,0.8751665499999999,0.04591700000133869
photocatalytic MOFs with suitable band gaps,q2_photocatalysis,51,Random,3,qmof-67a153c,Zn4C52H36N12O16S4,0.643333,2.972207,True,1.680840043,True,0.7,,1|1|1|1,0.75516655,0.8599924892187119,0.14142135779062906,0.75516655,0.04591700000133869
photocatalytic MOFs with suitable band gaps,q2_photocatalysis,51,Random,4,qmof-a6c2dc0,Cu4C18H22N30,0.643333,2.934213,True,1.903560919,True,0.7,,1|1|1|1,0.75516655,0.8599924892187119,0.1060660183429718,0.75516655,0.04591700000133869
photocatalytic MOFs with suitable band gaps,q2_photocatalysis,51,Random,5,qmof-1275871,Cu2C16H16N2O10,0.643333,3.266828,True,1.777869242,True,0.7,,1|1|1|1,0.75516655,0.8599924892187119,0.08485281467437744,0.75516655,0.04591700000133869
photocatalytic MOFs with suitable band gaps,q2_photocatalysis,51,MMR,1,qmof-13a76dd,Zn4C40H28N12O8,0.643333,3.309168,True,0.982716063,True,1.0,,1|1|1|1,0.8751665499999999,0.8455586731433868,0.0,0.8751665499999999,1714.2035839999962
photocatalytic MOFs with suitable band gaps,q2_photocatalysis,51,MMR,2,qmof-ac6a77a,Zn4C76H44N8O16,0.643333,2.401359,True,0.82887956,True,1.0,,1|1|1|1,0.8751665499999999,0.8455586731433868,0.0,0.8751665499999999,1714.2035839999962
photocatalytic MOFs with suitable band gaps,q2_photocatalysis,51,MMR,3,qmof-e566fbb,Zn2C36H22N6O8,0.643333,2.93315,True,0.83426434,True,1.0,,1|1|1|1,0.8751665499999999,0.8455586731433868,0.0,0.8751665499999999,1714.2035839999962
photocatalytic MOFs with suitable band gaps,q2_photocatalysis,51,MMR,4,qmof-cef46c3,Zn2C48H32N8O8,0.643333,2.913296,True,0.7895211,True,1.0,,1|1|1|1,0.8751665499999999,0.8455586731433868,0.0,0.8751665499999999,1714.2035839999962
photocatalytic MOFs with suitable band gaps,q2_photocatalysis,51,MMR,5,qmof-c0f392b,Zn2C44H38N6O12,0.643333,2.464185,True,0.915527725,True,1.0,,1|1|1|1,0.8751665499999999,0.8455586731433868,0.0,0.8751665499999999,1714.2035839999962
photocatalytic MOFs with suitable band gaps,q2_photocatalysis,51,LEA,1,qmof-c0f392b,Zn2C44H38N6O12,0.643333,2.464185,True,0.915527725,True,1.0,,1|1|1|1,0.8751665499999999,0.8455586731433868,0.0,0.9703290045261384,91.17416699999836
photocatalytic MOFs with suitable band gaps,q2_photocatalysis,51,LEA,2,qmof-cef46c3,Zn2C48H32N8O8,0.643333,2.913296,True,0.7895211,True,1.0,,1|1|1|1,0.8751665499999999,0.8455586731433868,0.0,0.9703290045261384,91.17416699999836
photocatalytic MOFs with suitable band gaps,q2_photocatalysis,51,LEA,3,qmof-e566fbb,Zn2C36H22N6O8,0.643333,2.93315,True,0.83426434,True,1.0,,1|1|1|1,0.8751665499999999,0.8455586731433868,0.0,0.9703290045261384,91.17416699999836
photocatalytic MOFs with suitable band gaps,q2_photocatalysis,51,LEA,4,qmof-ac6a77a,Zn4C76H44N8O16,0.643333,2.401359,True,0.82887956,True,1.0,,1|1|1|1,0.8751665499999999,0.8455586731433868,0.0,0.9703290045261384,91.17416699999836
photocatalytic MOFs with suitable band gaps,q2_photocatalysis,51,LEA,5,qmof-13a76dd,Zn4C40H28N12O8,0.643333,3.309168,True,0.982716063,True,1.0,,1|1|1|1,0.8751665499999999,0.8455586731433868,0.0,0.9597224026918412,91.17416699999836
photocatalytic MOFs with suitable band gaps,q2_photocatalysis,51,LEA no diversity,1,qmof-c0f392b,Zn2C44H38N6O12,0.643333,2.464185,True,0.915527725,True,1.0,,1|1|1|1,0.8751665499999999,0.8455586731433868,0.0,0.9597224026918412,91.61758299999434
photocatalytic MOFs with suitable band gaps,q2_photocatalysis,51,LEA no diversity,2,qmof-cef46c3,Zn2C48H32N8O8,0.643333,2.913296,True,0.7895211,True,1.0,,1|1|1|1,0.8751665499999999,0.8455586731433868,0.0,0.9597224026918412,91.61758299999434
photocatalytic MOFs with suitable band gaps,q2_photocatalysis,51,LEA no diversity,3,qmof-e566fbb,Zn2C36H22N6O8,0.643333,2.93315,True,0.83426434,True,1.0,,1|1|1|1,0.8751665499999999,0.8455586731433868,0.0,0.9597224026918412,91.61758299999434
photocatalytic MOFs with suitable band gaps,q2_photocatalysis,51,LEA no diversity,4,qmof-ac6a77a,Zn4C76H44N8O16,0.643333,2.401359,True,0.82887956,True,1.0,,1|1|1|1,0.8751665499999999,0.8455586731433868,0.0,0.9597224026918412,91.61758299999434
photocatalytic MOFs with suitable band gaps,q2_photocatalysis,51,LEA no diversity,5,qmof-13a76dd,Zn4C40H28N12O8,0.643333,3.309168,True,0.982716063,True,1.0,,1|1|1|1,0.8751665499999999,0.8455586731433868,0.0,0.9597224026918412,91.61758299999434
photocatalytic MOFs with suitable band gaps,q2_photocatalysis,51,LEA no self-cleaning,1,qmof-c0f392b,Zn2C44H38N6O12,0.643333,2.464185,True,0.915527725,True,1.0,,1|1|1|1,0.8751665499999999,0.8455586731433868,0.0,0.9703290045261384,91.77999999999997
photocatalytic MOFs with suitable band gaps,q2_photocatalysis,51,LEA no self-cleaning,2,qmof-cef46c3,Zn2C48H32N8O8,0.643333,2.913296,True,0.7895211,True,1.0,,1|1|1|1,0.8751665499999999,0.8455586731433868,0.0,0.9703290045261384,91.77999999999997
photocatalytic MOFs with suitable band gaps,q2_photocatalysis,51,LEA no self-cleaning,3,qmof-e566fbb,Zn2C36H22N6O8,0.643333,2.93315,True,0.83426434,True,1.0,,1|1|1|1,0.8751665499999999,0.8455586731433868,0.0,0.9703290045261384,91.77999999999997
photocatalytic MOFs with suitable band gaps,q2_photocatalysis,51,LEA no self-cleaning,4,qmof-ac6a77a,Zn4C76H44N8O16,0.643333,2.401359,True,0.82887956,True,1.0,,1|1|1|1,0.8751665499999999,0.8455586731433868,0.0,0.9703290045261384,91.77999999999997
photocatalytic MOFs with suitable band gaps,q2_photocatalysis,51,LEA no self-cleaning,5,qmof-13a76dd,Zn4C40H28N12O8,0.643333,3.309168,True,0.982716063,True,1.0,,1|1|1|1,0.8751665499999999,0.8455586731433868,0.0,0.9597224026918412,91.77999999999997
photocatalytic MOFs with suitable band gaps,q2_photocatalysis,51,GraphSAGE only,1,qmof-13a76dd,Zn4C40H28N12O8,0.643333,3.309168,True,0.982716063,True,1.0,0.311079,1|1|1|1,0.8751665499999999,0.8455586731433868,0.0,0.8751665499999999,0.04558299999501969
photocatalytic MOFs with suitable band gaps,q2_photocatalysis,51,GraphSAGE only,2,qmof-e566fbb,Zn2C36H22N6O8,0.643333,2.93315,True,0.83426434,True,1.0,0.303646,1|1|1|1,0.8751665499999999,0.8455586731433868,0.0033241373021155596,0.8751665499999999,0.04558299999501969
photocatalytic MOFs with suitable band gaps,q2_photocatalysis,51,GraphSAGE only,3,qmof-ac6a77a,Zn4C76H44N8O16,0.643333,2.401359,True,0.82887956,True,1.0,0.297293,1|1|1|1,0.8751665499999999,0.8455586731433868,0.004110187524929643,0.8751665499999999,0.04558299999501969
photocatalytic MOFs with suitable band gaps,q2_photocatalysis,51,GraphSAGE only,4,qmof-cef46c3,Zn2C48H32N8O8,0.643333,2.913296,True,0.7895211,True,1.0,0.295888,1|1|1|1,0.8751665499999999,0.8455586731433868,0.003870332264341414,0.8751665499999999,0.04558299999501969
photocatalytic MOFs with suitable band gaps,q2_photocatalysis,51,GraphSAGE only,5,qmof-c0f392b,Zn2C44H38N6O12,0.643333,2.464185,True,0.915527725,True,1.0,0.289179,1|1|1|1,0.8751665499999999,0.8455586731433868,0.0046114866388961675,0.8751665499999999,0.04558299999501969
photocatalytic MOFs with suitable band gaps,q2_photocatalysis,51,GAT only,1,qmof-13a76dd,Zn4C40H28N12O8,0.643333,3.309168,True,0.982716063,True,1.0,0.504522,1|1|1|1,0.8751665499999999,0.8455586731433868,0.0,0.8751665499999999,0.04145900000196434
photocatalytic MOFs with suitable band gaps,q2_photocatalysis,51,GAT only,2,qmof-e566fbb,Zn2C36H22N6O8,0.643333,2.93315,True,0.83426434,True,1.0,0.471145,1|1|1|1,0.8751665499999999,0.8455586731433868,0.014926658011972904,0.8751665499999999,0.04145900000196434
photocatalytic MOFs with suitable band gaps,q2_photocatalysis,51,GAT only,3,qmof-cef46c3,Zn2C48H32N8O8,0.643333,2.913296,True,0.7895211,True,1.0,0.458106,1|1|1|1,0.8751665499999999,0.8455586731433868,0.0138385818960766,0.8751665499999999,0.04145900000196434
photocatalytic MOFs with suitable band gaps,q2_photocatalysis,51,GAT only,4,qmof-c0f392b,Zn2C44H38N6O12,0.643333,2.464185,True,0.915527725,True,1.0,0.428866,1|1|1|1,0.8751665499999999,0.8455586731433868,0.01788907148875296,0.8751665499999999,0.04145900000196434
photocatalytic MOFs with suitable band gaps,q2_photocatalysis,51,GAT only,5,qmof-ac6a77a,Zn4C76H44N8O16,0.643333,2.401359,True,0.82887956,True,1.0,0.427412,1|1|1|1,0.8751665499999999,0.8455586731433868,0.017575409595156088,0.8751665499999999,0.04145900000196434
photocatalytic MOFs with suitable band gaps,q2_photocatalysis,51,LEA + GraphSAGE,1,qmof-13a76dd,Zn4C40H28N12O8,0.643333,3.309168,True,0.982716063,True,1.0,0.311079,1|1|1|1,0.8751665499999999,0.8455586731433868,0.0,0.8628705084323883,96.9689169999981
photocatalytic MOFs with suitable band gaps,q2_photocatalysis,51,LEA + GraphSAGE,2,qmof-e566fbb,Zn2C36H22N6O8,0.643333,2.93315,True,0.83426434,True,1.0,0.303646,1|1|1|1,0.8751665499999999,0.8455586731433868,0.0033241373021155596,0.8614974915981293,96.9689169999981
photocatalytic MOFs with suitable band gaps,q2_photocatalysis,51,LEA + GraphSAGE,3,qmof-ac6a77a,Zn4C76H44N8O16,0.643333,2.401359,True,0.82887956,True,1.0,0.297293,1|1|1|1,0.8751665499999999,0.8455586731433868,0.004110187524929643,0.8603233605623245,96.9689169999981
photocatalytic MOFs with suitable band gaps,q2_photocatalysis,51,LEA + GraphSAGE,4,qmof-cef46c3,Zn2C48H32N8O8,0.643333,2.913296,True,0.7895211,True,1.0,0.295888,1|1|1|1,0.8751665499999999,0.8455586731433868,0.003870332264341414,0.8600636690855026,96.9689169999981
photocatalytic MOFs with suitable band gaps,q2_photocatalysis,51,LEA + GraphSAGE,5,qmof-c0f392b,Zn2C44H38N6O12,0.643333,2.464185,True,0.915527725,True,1.0,0.289179,1|1|1|1,0.8751665499999999,0.8455586731433868,0.0046114866388961675,0.858823013305664,96.9689169999981
photocatalytic MOFs with suitable band gaps,q2_photocatalysis,51,LEA + GAT,1,qmof-13a76dd,Zn4C40H28N12O8,0.643333,3.309168,True,0.982716063,True,1.0,0.504522,1|1|1|1,0.8751665499999999,0.8455586731433868,0.0,0.898240116238594,94.46854200000132
photocatalytic MOFs with suitable band gaps,q2_photocatalysis,51,LEA + GAT,2,qmof-e566fbb,Zn2C36H22N6O8,0.643333,2.93315,True,0.83426434,True,1.0,0.471145,1|1|1|1,0.8751665499999999,0.8455586731433868,0.014926658011972904,0.8921995639801026,94.46854200000132
photocatalytic MOFs with suitable band gaps,q2_photocatalysis,51,LEA + GAT,3,qmof-cef46c3,Zn2C48H32N8O8,0.643333,2.913296,True,0.7895211,True,1.0,0.458106,1|1|1|1,0.8751665499999999,0.8455586731433868,0.0138385818960766,0.8898313075304032,94.46854200000132
photocatalytic MOFs with suitable band gaps,q2_photocatalysis,51,LEA + GAT,4,qmof-c0f392b,Zn2C44H38N6O12,0.643333,2.464185,True,0.915527725,True,1.0,0.428866,1|1|1|1,0.8751665499999999,0.8455586731433868,0.01788907148875296,0.8845047548413276,94.46854200000132
photocatalytic MOFs with suitable band gaps,q2_photocatalysis,51,LEA + GAT,5,qmof-ac6a77a,Zn4C76H44N8O16,0.643333,2.401359,True,0.82887956,True,1.0,0.427412,1|1|1|1,0.8751665499999999,0.8455586731433868,0.017575409595156088,0.8842393606901169,94.46854200000132
lightweight gas storage MOFs with low density,q3_lightweight_storage,42,SemanticOnly,1,qmof-ff091c1,Al4Br2C36H13N3O20,0.728571,,False,0.74023469,True,1.0,,1|0|1|1,0.8944462048562299,0.8720471411943436,0.0,0.8944462048562299,0.04770799999676001
lightweight gas storage MOFs with low density,q3_lightweight_storage,42,SemanticOnly,2,qmof-fde6499,Zn16C96F4H36N8O52S16,0.728571,,False,0.553145476,True,1.0,,1|0|1|1,0.8944462048562299,0.8720471411943436,0.0,0.8944462048562299,0.04770799999676001
lightweight gas storage MOFs with low density,q3_lightweight_storage,42,SemanticOnly,3,qmof-fbe14b0,Zr6C92H62N10O40,0.728571,,False,0.847421382,True,1.0,,1|0|1|1,0.8944462048562299,0.8720471411943436,0.0,0.8944462048562299,0.04770799999676001
lightweight gas storage MOFs with low density,q3_lightweight_storage,42,SemanticOnly,4,qmof-fa666a1,Zn2C52H34N2O8,0.728571,,False,0.43042892,True,1.0,,1|0|1|1,0.8944462048562299,0.8720471411943436,0.0,0.8944462048562299,0.04770799999676001
lightweight gas storage MOFs with low density,q3_lightweight_storage,42,SemanticOnly,5,qmof-f82b5e3,Zn4Br8C76F24H8O16,0.728571,,False,0.472428446,True,1.0,,1|0|1|1,0.8944462048562299,0.8720471411943436,0.0,0.8944462048562299,0.04770799999676001
lightweight gas storage MOFs with low density,q3_lightweight_storage,42,WeightedSum,1,qmof-e566fbb,Zn2C36H22N6O8,0.728571,2.93315,True,0.83426434,True,1.0,,1|1|1|1,0.9173958948894889,0.8824677988886833,0.0,0.9173958948894889,0.05012500000134423
lightweight gas storage MOFs with low density,q3_lightweight_storage,42,WeightedSum,2,qmof-cef46c3,Zn2C48H32N8O8,0.728571,2.913296,True,0.7895211,True,1.0,,1|1|1|1,0.9173958948894889,0.8824677988886833,0.0,0.9173958948894889,0.05012500000134423
lightweight gas storage MOFs with low density,q3_lightweight_storage,42,WeightedSum,3,qmof-c0f392b,Zn2C44H38N6O12,0.728571,2.464185,True,0.915527725,True,1.0,,1|1|1|1,0.9173958948894889,0.8824677988886833,0.0,0.9173958948894889,0.05012500000134423
lightweight gas storage MOFs with low density,q3_lightweight_storage,42,WeightedSum,4,qmof-ac6a77a,Zn4C76H44N8O16,0.728571,2.401359,True,0.82887956,True,1.0,,1|1|1|1,0.9173958948894889,0.8824677988886833,0.0,0.9173958948894889,0.05012500000134423
lightweight gas storage MOFs with low density,q3_lightweight_storage,42,WeightedSum,5,qmof-a1a5849,Fe2C24H16N8,0.728571,2.75343,True,0.925170256,True,1.0,,1|1|1|1,0.9173958948894889,0.8824677988886833,0.0,0.9173958948894889,0.05012500000134423
lightweight gas storage MOFs with low density,q3_lightweight_storage,42,TOPSIS,1,qmof-e566fbb,Zn2C36H22N6O8,0.728571,2.93315,True,0.83426434,True,1.0,,1|1|1|1,0.9173958948894889,0.8824677988886833,0.0,0.9173958948894889,1.170999999999367
lightweight gas storage MOFs with low density,q3_lightweight_storage,42,TOPSIS,2,qmof-cef46c3,Zn2C48H32N8O8,0.728571,2.913296,True,0.7895211,True,1.0,,1|1|1|1,0.9173958948894889,0.8824677988886833,0.0,0.9173958948894889,1.170999999999367
lightweight gas storage MOFs with low density,q3_lightweight_storage,42,TOPSIS,3,qmof-c0f392b,Zn2C44H38N6O12,0.728571,2.464185,True,0.915527725,True,1.0,,1|1|1|1,0.9173958948894889,0.8824677988886833,0.0,0.9173958948894889,1.170999999999367
lightweight gas storage MOFs with low density,q3_lightweight_storage,42,TOPSIS,4,qmof-ac6a77a,Zn4C76H44N8O16,0.728571,2.401359,True,0.82887956,True,1.0,,1|1|1|1,0.9173958948894889,0.8824677988886833,0.0,0.9173958948894889,1.170999999999367
lightweight gas storage MOFs with low density,q3_lightweight_storage,42,TOPSIS,5,qmof-a1a5849,Fe2C24H16N8,0.728571,2.75343,True,0.925170256,True,1.0,,1|1|1|1,0.9173958948894889,0.8824677988886833,0.0,0.9173958948894889,1.170999999999367
lightweight gas storage MOFs with low density,q3_lightweight_storage,42,ParetoCrowding,1,qmof-e566fbb,Zn2C36H22N6O8,0.728571,2.93315,True,0.83426434,True,1.0,,1|1|1|1,0.9173958948894889,0.8824677988886833,0.0,0.9173958948894889,187.48691700000109
lightweight gas storage MOFs with low density,q3_lightweight_storage,42,ParetoCrowding,2,qmof-cef46c3,Zn2C48H32N8O8,0.728571,2.913296,True,0.7895211,True,1.0,,1|1|1|1,0.9173958948894889,0.8824677988886833,0.0,0.9173958948894889,187.48691700000109
lightweight gas storage MOFs with low density,q3_lightweight_storage,42,ParetoCrowding,3,qmof-c0f392b,Zn2C44H38N6O12,0.728571,2.464185,True,0.915527725,True,1.0,,1|1|1|1,0.9173958948894889,0.8824677988886833,0.0,0.9173958948894889,187.48691700000109
lightweight gas storage MOFs with low density,q3_lightweight_storage,42,ParetoCrowding,4,qmof-ac6a77a,Zn4C76H44N8O16,0.728571,2.401359,True,0.82887956,True,1.0,,1|1|1|1,0.9173958948894889,0.8824677988886833,0.0,0.9173958948894889,187.48691700000109
lightweight gas storage MOFs with low density,q3_lightweight_storage,42,ParetoCrowding,5,qmof-a1a5849,Fe2C24H16N8,0.728571,2.75343,True,0.925170256,True,1.0,,1|1|1|1,0.9173958948894889,0.8824677988886833,0.0,0.9173958948894889,187.48691700000109
lightweight gas storage MOFs with low density,q3_lightweight_storage,42,Random,1,qmof-8c2e3e2,Zn4Br8C96F8H36N4O16,0.728571,,False,0.553038798,True,1.0,,1|0|1|1,0.8944462048562299,0.8720471411943436,0.0,0.8944462048562299,0.04141599999485379
lightweight gas storage MOFs with low density,q3_lightweight_storage,42,Random,2,qmof-5ec1870,Zr6C88Cl4H38N10O52,0.728571,,False,0.938490385,True,1.0,,1|0|1|1,0.8944462048562299,0.8720471411943436,0.0,0.8944462048562299,0.04141599999485379
lightweight gas storage MOFs with low density,q3_lightweight_storage,42,Random,3,qmof-74d6dbe,Zn4C68H44N12O16,0.728571,,False,0.86127672,True,1.0,,1|0|1|1,0.8944462048562299,0.8720471411943436,0.0,0.8944462048562299,0.04141599999485379
lightweight gas storage MOFs with low density,q3_lightweight_storage,42,Random,4,qmof-14332ab,Zn8C70Cl6H36O29,0.728571,,False,0.794627551,True,1.0,,1|0|1|1,0.8944462048562299,0.8720471411943436,0.0,0.8944462048562299,0.04141599999485379
lightweight gas storage MOFs with low density,q3_lightweight_storage,42,Random,5,qmof-d038f1b,AlC48H27O12,0.728571,,False,0.681506966,True,1.0,,1|0|1|1,0.8944462048562299,0.8720471411943436,0.0,0.8944462048562299,0.04141599999485379
lightweight gas storage MOFs with low density,q3_lightweight_storage,42,MMR,1,qmof-13a76dd,Zn4C40H28N12O8,0.728571,3.309168,True,0.982716063,True,1.0,,1|1|1|1,0.9173958948894889,0.8824677988886833,0.0,0.9173958948894889,1693.7174589999984
lightweight gas storage MOFs with low density,q3_lightweight_storage,42,MMR,2,qmof-e566fbb,Zn2C36H22N6O8,0.728571,2.93315,True,0.83426434,True,1.0,,1|1|1|1,0.9173958948894889,0.8824677988886833,0.0,0.9173958948894889,1693.7174589999984
lightweight gas storage MOFs with low density,q3_lightweight_storage,42,MMR,3,qmof-cef46c3,Zn2C48H32N8O8,0.728571,2.913296,True,0.7895211,True,1.0,,1|1|1|1,0.9173958948894889,0.8824677988886833,0.0,0.9173958948894889,1693.7174589999984
lightweight gas storage MOFs with low density,q3_lightweight_storage,42,MMR,4,qmof-a1a5849,Fe2C24H16N8,0.728571,2.75343,True,0.925170256,True,1.0,,1|1|1|1,0.9173958948894889,0.8824677988886833,0.0,0.9173958948894889,1693.7174589999984
lightweight gas storage MOFs with low density,q3_lightweight_storage,42,MMR,5,qmof-c0f392b,Zn2C44H38N6O12,0.728571,2.464185,True,0.915527725,True,1.0,,1|1|1|1,0.9173958948894889,0.8824677988886833,0.0,0.9173958948894889,1693.7174589999984
lightweight gas storage MOFs with low density,q3_lightweight_storage,42,LEA,1,qmof-ac6a77a,Zn4C76H44N8O16,0.728571,2.401359,True,0.82887956,True,1.0,,1|1|1|1,0.9173958948894889,0.8824677988886833,0.0,1.0056426696479321,93.29050000000194
lightweight gas storage MOFs with low density,q3_lightweight_storage,42,LEA,2,qmof-235f291,Ni2C24H16N8,0.728571,3.336142,True,0.870801372,True,1.0,,1|1|1|1,0.9173958948894889,0.8824677988886833,0.0,1.0056426696479321,93.29050000000194
lightweight gas storage MOFs with low density,q3_lightweight_storage,42,LEA,3,qmof-c0f392b,Zn2C44H38N6O12,0.728571,2.464185,True,0.915527725,True,1.0,,1|1|1|1,0.9173958948894889,0.8824677988886833,0.0,1.0056426696479321,93.29050000000194
lightweight gas storage MOFs with low density,q3_lightweight_storage,42,LEA,4,qmof-a1a5849,Fe2C24H16N8,0.728571,2.75343,True,0.925170256,True,1.0,,1|1|1|1,0.9173958948894889,0.8824677988886833,0.0,1.0056426696479321,93.29050000000194
lightweight gas storage MOFs with low density,q3_lightweight_storage,42,LEA,5,qmof-cef46c3,Zn2C48H32N8O8,0.728571,2.913296,True,0.7895211,True,1.0,,1|1|1|1,0.9173958948894889,0.8824677988886833,0.0,1.0056426696479321,93.29050000000194
lightweight gas storage MOFs with low density,q3_lightweight_storage,42,LEA no diversity,1,qmof-ac6a77a,Zn4C76H44N8O16,0.728571,2.401359,True,0.82887956,True,1.0,,1|1|1|1,0.9173958948894889,0.8824677988886833,0.0,1.0056426696479321,95.65545799999597
lightweight gas storage MOFs with low density,q3_lightweight_storage,42,LEA no diversity,2,qmof-235f291,Ni2C24H16N8,0.728571,3.336142,True,0.870801372,True,1.0,,1|1|1|1,0.9173958948894889,0.8824677988886833,0.0,1.0056426696479321,95.65545799999597
lightweight gas storage MOFs with low density,q3_lightweight_storage,42,LEA no diversity,3,qmof-c0f392b,Zn2C44H38N6O12,0.728571,2.464185,True,0.915527725,True,1.0,,1|1|1|1,0.9173958948894889,0.8824677988886833,0.0,1.0056426696479321,95.65545799999597
lightweight gas storage MOFs with low density,q3_lightweight_storage,42,LEA no diversity,4,qmof-a1a5849,Fe2C24H16N8,0.728571,2.75343,True,0.925170256,True,1.0,,1|1|1|1,0.9173958948894889,0.8824677988886833,0.0,1.0056426696479321,95.65545799999597
lightweight gas storage MOFs with low density,q3_lightweight_storage,42,LEA no diversity,5,qmof-cef46c3,Zn2C48H32N8O8,0.728571,2.913296,True,0.7895211,True,1.0,,1|1|1|1,0.9173958948894889,0.8824677988886833,0.0,1.0056426696479321,95.65545799999597
lightweight gas storage MOFs with low density,q3_lightweight_storage,42,LEA no self-cleaning,1,qmof-ac6a77a,Zn4C76H44N8O16,0.728571,2.401359,True,0.82887956,True,1.0,,1|1|1|1,0.9173958948894889,0.8824677988886833,0.0,1.0056426696479321,90.39591699999505
lightweight gas storage MOFs with low density,q3_lightweight_storage,42,LEA no self-cleaning,2,qmof-235f291,Ni2C24H16N8,0.728571,3.336142,True,0.870801372,True,1.0,,1|1|1|1,0.9173958948894889,0.8824677988886833,0.0,1.0056426696479321,90.39591699999505
lightweight gas storage MOFs with low density,q3_lightweight_storage,42,LEA no self-cleaning,3,qmof-c0f392b,Zn2C44H38N6O12,0.728571,2.464185,True,0.915527725,True,1.0,,1|1|1|1,0.9173958948894889,0.8824677988886833,0.0,1.0056426696479321,90.39591699999505
lightweight gas storage MOFs with low density,q3_lightweight_storage,42,LEA no self-cleaning,4,qmof-a1a5849,Fe2C24H16N8,0.728571,2.75343,True,0.925170256,True,1.0,,1|1|1|1,0.9173958948894889,0.8824677988886833,0.0,1.0056426696479321,90.39591699999505
lightweight gas storage MOFs with low density,q3_lightweight_storage,42,LEA no self-cleaning,5,qmof-cef46c3,Zn2C48H32N8O8,0.728571,2.913296,True,0.7895211,True,1.0,,1|1|1|1,0.9173958948894889,0.8824677988886833,0.0,1.0056426696479321,90.39591699999505
lightweight gas storage MOFs with low density,q3_lightweight_storage,42,GraphSAGE only,1,qmof-13a76dd,Zn4C40H28N12O8,0.728571,3.309168,True,0.982716063,True,1.0,0.311079,1|1|1|1,0.9173958948894889,0.8824677988886833,0.0,0.9173958948894889,0.04370799999975361
lightweight gas storage MOFs with low density,q3_lightweight_storage,42,GraphSAGE only,2,qmof-e566fbb,Zn2C36H22N6O8,0.728571,2.93315,True,0.83426434,True,1.0,0.303646,1|1|1|1,0.9173958948894889,0.8824677988886833,0.0033241373021155596,0.9173958948894889,0.04370799999975361
lightweight gas storage MOFs with low density,q3_lightweight_storage,42,GraphSAGE only,3,qmof-235f291,Ni2C24H16N8,0.728571,3.336142,True,0.870801372,True,1.0,0.30269,1|1|1|1,0.9173958948894889,0.8824677988886833,0.0025011154260331145,0.9173958948894889,0.04370799999975361
lightweight gas storage MOFs with low density,q3_lightweight_storage,42,GraphSAGE only,4,qmof-a1a5849,Fe2C24H16N8,0.728571,2.75343,True,0.925170256,True,1.0,0.298612,1|1|1|1,0.9173958948894889,0.8824677988886833,0.002858961209616003,0.9173958948894889,0.04370799999975361
lightweight gas storage MOFs with low density,q3_lightweight_storage,42,GraphSAGE only,5,qmof-ac6a77a,Zn4C76H44N8O16,0.728571,2.401359,True,0.82887956,True,1.0,0.297293,1|1|1|1,0.9173958948894889,0.8824677988886833,0.002916367145371623,0.9173958948894889,0.04370799999975361
lightweight gas storage MOFs with low density,q3_lightweight_storage,42,GAT only,1,qmof-13a76dd,Zn4C40H28N12O8,0.728571,3.309168,True,0.982716063,True,1.0,0.504522,1|1|1|1,0.9173958948894889,0.8824677988886833,0.0,0.9173958948894889,0.04004100000543076
lightweight gas storage MOFs with low density,q3_lightweight_storage,42,GAT only,2,qmof-235f291,Ni2C24H16N8,0.728571,3.336142,True,0.870801372,True,1.0,0.485743,1|1|1|1,0.9173958948894889,0.8824677988886833,0.008398241363465786,0.9173958948894889,0.04004100000543076
lightweight gas storage MOFs with low density,q3_lightweight_storage,42,GAT only,3,qmof-e566fbb,Zn2C36H22N6O8,0.728571,2.93315,True,0.83426434,True,1.0,0.471145,1|1|1|1,0.9173958948894889,0.8824677988886833,0.009951105186094841,0.9173958948894889,0.04004100000543076
lightweight gas storage MOFs with low density,q3_lightweight_storage,42,GAT only,4,qmof-cef46c3,Zn2C48H32N8O8,0.728571,2.913296,True,0.7895211,True,1.0,0.458106,1|1|1|1,0.9173958948894889,0.8824677988886833,0.01146700574705998,0.9173958948894889,0.04004100000543076
lightweight gas storage MOFs with low density,q3_lightweight_storage,42,GAT only,5,qmof-a1a5849,Fe2C24H16N8,0.728571,2.75343,True,0.925170256,True,1.0,0.447383,1|1|1|1,0.9173958948894889,0.8824677988886833,0.012693268153816462,0.9173958948894889,0.04004100000543076
lightweight gas storage MOFs with low density,q3_lightweight_storage,42,LEA + GraphSAGE,1,qmof-13a76dd,Zn4C40H28N12O8,0.728571,3.309168,True,0.982716063,True,1.0,0.311079,1|1|1|1,0.9173958948894889,0.8824677988886833,0.0,0.8994731545448303,94.10383300000547
lightweight gas storage MOFs with low density,q3_lightweight_storage,42,LEA + GraphSAGE,2,qmof-e566fbb,Zn2C36H22N6O8,0.728571,2.93315,True,0.83426434,True,1.0,0.303646,1|1|1|1,0.9173958948894889,0.8824677988886833,0.0033241373021155596,0.8980841308832168,94.10383300000547
lightweight gas storage MOFs with low density,q3_lightweight_storage,42,LEA + GraphSAGE,3,qmof-235f291,Ni2C24H16N8,0.728571,3.336142,True,0.870801372,True,1.0,0.30269,1|1|1|1,0.9173958948894889,0.8824677988886833,0.0025011154260331145,0.8979054361581802,94.10383300000547
lightweight gas storage MOFs with low density,q3_lightweight_storage,42,LEA + GraphSAGE,4,qmof-a1a5849,Fe2C24H16N8,0.728571,2.75343,True,0.925170256,True,1.0,0.298612,1|1|1|1,0.9173958948894889,0.8824677988886833,0.002858961209616003,0.8971431761980057,94.10383300000547
lightweight gas storage MOFs with low density,q3_lightweight_storage,42,LEA + GraphSAGE,5,qmof-ac6a77a,Zn4C76H44N8O16,0.728571,2.401359,True,0.82887956,True,1.0,0.297293,1|1|1|1,0.9173958948894889,0.8824677988886833,0.002916367145371623,0.8968965470790863,94.10383300000547
lightweight gas storage MOFs with low density,q3_lightweight_storage,42,LEA + GAT,1,qmof-13a76dd,Zn4C40H28N12O8,0.728571,3.309168,True,0.982716063,True,1.0,0.504522,1|1|1|1,0.9173958948894889,0.8824677988886833,0.0,0.935387821495533,97.6238330000001
lightweight gas storage MOFs with low density,q3_lightweight_storage,42,LEA + GAT,2,qmof-235f291,Ni2C24H16N8,0.728571,3.336142,True,0.870801372,True,1.0,0.485743,1|1|1|1,0.9173958948894889,0.8824677988886833,0.008398241363465786,0.9319272711873055,97.6238330000001
lightweight gas storage MOFs with low density,q3_lightweight_storage,42,LEA + GAT,3,qmof-e566fbb,Zn2C36H22N6O8,0.728571,2.93315,True,0.83426434,True,1.0,0.471145,1|1|1|1,0.9173958948894889,0.8824677988886833,0.009951105186094841,0.9292323172092438,97.6238330000001
lightweight gas storage MOFs with low density,q3_lightweight_storage,42,LEA + GAT,4,qmof-cef46c3,Zn2C48H32N8O8,0.728571,2.913296,True,0.7895211,True,1.0,0.458106,1|1|1|1,0.9173958948894889,0.8824677988886833,0.01146700574705998,0.9268218696117401,97.6238330000001
lightweight gas storage MOFs with low density,q3_lightweight_storage,42,LEA + GAT,5,qmof-a1a5849,Fe2C24H16N8,0.728571,2.75343,True,0.925170256,True,1.0,0.447383,1|1|1|1,0.9173958948894889,0.8824677988886833,0.012693268153816462,0.9248372703790665,97.6238330000001
lightweight gas storage MOFs with low density,q3_lightweight_storage,43,SemanticOnly,1,qmof-f7fa6b1,Zn4C46H36N16O2,0.728571,,False,0.979531959,True,1.0,,1|0|1|1,0.8944462048562299,0.8720471411943436,0.0,0.8944462048562299,0.2380409999958033
lightweight gas storage MOFs with low density,q3_lightweight_storage,43,SemanticOnly,2,qmof-f1c514f,Zn16C112Cl4F16H36O52S8,0.728571,,False,0.647411247,True,1.0,,1|0|1|1,0.8944462048562299,0.8720471411943436,0.0,0.8944462048562299,0.2380409999958033
lightweight gas storage MOFs with low density,q3_lightweight_storage,43,SemanticOnly,3,qmof-eeaea8a,Al2C72H24O60,0.728571,,False,0.969624937,True,1.0,,1|0|1|1,0.8944462048562299,0.8720471411943436,0.0,0.8944462048562299,0.2380409999958033
lightweight gas storage MOFs with low density,q3_lightweight_storage,43,SemanticOnly,4,qmof-eeabd2e,Zn2C54H40N2O16,0.728571,,False,0.577929972,True,1.0,,1|0|1|1,0.8944462048562299,0.8720471411943436,0.0,0.8944462048562299,0.2380409999958033
lightweight gas storage MOFs with low density,q3_lightweight_storage,43,SemanticOnly,5,qmof-ed20cf9,Al2C42Cl12H12N6O12,0.728571,,False,0.782897864,True,1.0,,1|0|1|1,0.8944462048562299,0.8720471411943436,0.0,0.8944462048562299,0.2380409999958033
lightweight gas storage MOFs with low density,q3_lightweight_storage,43,WeightedSum,1,qmof-e566fbb,Zn2C36H22N6O8,0.728571,2.93315,True,0.83426434,True,1.0,,1|1|1|1,0.9173958948894889,0.8824677988886833,0.0,0.9173958948894889,0.10758300000190957
lightweight gas storage MOFs with low density,q3_lightweight_storage,43,WeightedSum,2,qmof-cef46c3,Zn2C48H32N8O8,0.728571,2.913296,True,0.7895211,True,1.0,,1|1|1|1,0.9173958948894889,0.8824677988886833,0.0,0.9173958948894889,0.10758300000190957
lightweight gas storage MOFs with low density,q3_lightweight_storage,43,WeightedSum,3,qmof-c0f392b,Zn2C44H38N6O12,0.728571,2.464185,True,0.915527725,True,1.0,,1|1|1|1,0.9173958948894889,0.8824677988886833,0.0,0.9173958948894889,0.10758300000190957
lightweight gas storage MOFs with low density,q3_lightweight_storage,43,WeightedSum,4,qmof-ac6a77a,Zn4C76H44N8O16,0.728571,2.401359,True,0.82887956,True,1.0,,1|1|1|1,0.9173958948894889,0.8824677988886833,0.0,0.9173958948894889,0.10758300000190957
lightweight gas storage MOFs with low density,q3_lightweight_storage,43,WeightedSum,5,qmof-a1a5849,Fe2C24H16N8,0.728571,2.75343,True,0.925170256,True,1.0,,1|1|1|1,0.9173958948894889,0.8824677988886833,0.0,0.9173958948894889,0.10758300000190957
lightweight gas storage MOFs with low density,q3_lightweight_storage,43,TOPSIS,1,qmof-e566fbb,Zn2C36H22N6O8,0.728571,2.93315,True,0.83426434,True,1.0,,1|1|1|1,0.9173958948894889,0.8824677988886833,0.0,0.9173958948894889,1.2460840000017015
lightweight gas storage MOFs with low density,q3_lightweight_storage,43,TOPSIS,2,qmof-cef46c3,Zn2C48H32N8O8,0.728571,2.913296,True,0.7895211,True,1.0,,1|1|1|1,0.9173958948894889,0.8824677988886833,0.0,0.9173958948894889,1.2460840000017015
lightweight gas storage MOFs with low density,q3_lightweight_storage,43,TOPSIS,3,qmof-c0f392b,Zn2C44H38N6O12,0.728571,2.464185,True,0.915527725,True,1.0,,1|1|1|1,0.9173958948894889,0.8824677988886833,0.0,0.9173958948894889,1.2460840000017015
lightweight gas storage MOFs with low density,q3_lightweight_storage,43,TOPSIS,4,qmof-ac6a77a,Zn4C76H44N8O16,0.728571,2.401359,True,0.82887956,True,1.0,,1|1|1|1,0.9173958948894889,0.8824677988886833,0.0,0.9173958948894889,1.2460840000017015
lightweight gas storage MOFs with low density,q3_lightweight_storage,43,TOPSIS,5,qmof-a1a5849,Fe2C24H16N8,0.728571,2.75343,True,0.925170256,True,1.0,,1|1|1|1,0.9173958948894889,0.8824677988886833,0.0,0.9173958948894889,1.2460840000017015
lightweight gas storage MOFs with low density,q3_lightweight_storage,43,ParetoCrowding,1,qmof-e566fbb,Zn2C36H22N6O8,0.728571,2.93315,True,0.83426434,True,1.0,,1|1|1|1,0.9173958948894889,0.8824677988886833,0.0,0.9173958948894889,209.5794170000005
lightweight gas storage MOFs with low density,q3_lightweight_storage,43,ParetoCrowding,2,qmof-cef46c3,Zn2C48H32N8O8,0.728571,2.913296,True,0.7895211,True,1.0,,1|1|1|1,0.9173958948894889,0.8824677988886833,0.0,0.9173958948894889,209.5794170000005
lightweight gas storage MOFs with low density,q3_lightweight_storage,43,ParetoCrowding,3,qmof-c0f392b,Zn2C44H38N6O12,0.728571,2.464185,True,0.915527725,True,1.0,,1|1|1|1,0.9173958948894889,0.8824677988886833,0.0,0.9173958948894889,209.5794170000005
lightweight gas storage MOFs with low density,q3_lightweight_storage,43,ParetoCrowding,4,qmof-ac6a77a,Zn4C76H44N8O16,0.728571,2.401359,True,0.82887956,True,1.0,,1|1|1|1,0.9173958948894889,0.8824677988886833,0.0,0.9173958948894889,209.5794170000005
lightweight gas storage MOFs with low density,q3_lightweight_storage,43,ParetoCrowding,5,qmof-a1a5849,Fe2C24H16N8,0.728571,2.75343,True,0.925170256,True,1.0,,1|1|1|1,0.9173958948894889,0.8824677988886833,0.0,0.9173958948894889,209.5794170000005
lightweight gas storage MOFs with low density,q3_lightweight_storage,43,Random,1,qmof-34626db,Cu12C108H84N24,0.728571,,False,0.166148304,True,1.0,,1|0|1|1,0.8944462048562299,0.8720471411943436,0.0,0.8944462048562299,0.051083999998979834
lightweight gas storage MOFs with low density,q3_lightweight_storage,43,Random,2,qmof-9642661,Al4C32F4H8O20S8,0.728571,,False,0.929871853,True,1.0,,1|0|1|1,0.8944462048562299,0.8720471411943436,0.0,0.8944462048562299,0.051083999998979834
lightweight gas storage MOFs with low density,q3_lightweight_storage,43,Random,3,qmof-97d5d0e,Zn2C66H32N4O12,0.728571,,False,0.240953128,True,1.0,,1|0|1|1,0.8944462048562299,0.8720471411943436,0.0,0.8944462048562299,0.051083999998979834
lightweight gas storage MOFs with low density,q3_lightweight_storage,43,Random,4,qmof-7af11ed,Al4C28ClH9N2O24,0.728571,,False,0.736004085,True,1.0,,1|0|1|1,0.8944462048562299,0.8720471411943436,0.0,0.8944462048562299,0.051083999998979834
lightweight gas storage MOFs with low density,q3_lightweight_storage,43,Random,5,qmof-a1a5849,Fe2C24H16N8,0.728571,2.75343,True,0.925170256,True,1.0,,1|1|1|1,0.9173958948894889,0.8824677988886833,0.0,0.9173958948894889,0.051083999998979834
lightweight gas storage MOFs with low density,q3_lightweight_storage,43,MMR,1,qmof-a1a5849,Fe2C24H16N8,0.728571,2.75343,True,0.925170256,True,1.0,,1|1|1|1,0.9173958948894889,0.8824677988886833,0.0,0.9173958948894889,1708.8095419999972
lightweight gas storage MOFs with low density,q3_lightweight_storage,43,MMR,2,qmof-c0f392b,Zn2C44H38N6O12,0.728571,2.464185,True,0.915527725,True,1.0,,1|1|1|1,0.9173958948894889,0.8824677988886833,0.0,0.9173958948894889,1708.8095419999972
lightweight gas storage MOFs with low density,q3_lightweight_storage,43,MMR,3,qmof-e566fbb,Zn2C36H22N6O8,0.728571,2.93315,True,0.83426434,True,1.0,,1|1|1|1,0.9173958948894889,0.8824677988886833,0.0,0.9173958948894889,1708.8095419999972
lightweight gas storage MOFs with low density,q3_lightweight_storage,43,MMR,4,qmof-235f291,Ni2C24H16N8,0.728571,3.336142,True,0.870801372,True,1.0,,1|1|1|1,0.9173958948894889,0.8824677988886833,0.0,0.9173958948894889,1708.8095419999972
lightweight gas storage MOFs with low density,q3_lightweight_storage,43,MMR,5,qmof-13a76dd,Zn4C40H28N12O8,0.728571,3.309168,True,0.982716063,True,1.0,,1|1|1|1,0.9173958948894889,0.8824677988886833,0.0,0.9173958948894889,1708.8095419999972
lightweight gas storage MOFs with low density,q3_lightweight_storage,43,LEA,1,qmof-cef46c3,Zn2C48H32N8O8,0.728571,2.913296,True,0.7895211,True,1.0,,1|1|1|1,0.9173958948894889,0.8824677988886833,0.0,1.0056426696479321,91.91354200000035
lightweight gas storage MOFs with low density,q3_lightweight_storage,43,LEA,2,qmof-ac6a77a,Zn4C76H44N8O16,0.728571,2.401359,True,0.82887956,True,1.0,,1|1|1|1,0.9173958948894889,0.8824677988886833,0.0,1.0056426696479321,91.91354200000035
lightweight gas storage MOFs with low density,q3_lightweight_storage,43,LEA,3,qmof-13a76dd,Zn4C40H28N12O8,0.728571,3.309168,True,0.982716063,True,1.0,,1|1|1|1,0.9173958948894889,0.8824677988886833,0.0,1.0056426696479321,91.91354200000035
lightweight gas storage MOFs with low density,q3_lightweight_storage,43,LEA,4,qmof-235f291,Ni2C24H16N8,0.728571,3.336142,True,0.870801372,True,1.0,,1|1|1|1,0.9173958948894889,0.8824677988886833,0.0,1.0056426696479321,91.91354200000035
lightweight gas storage MOFs with low density,q3_lightweight_storage,43,LEA,5,qmof-e566fbb,Zn2C36H22N6O8,0.728571,2.93315,True,0.83426434,True,1.0,,1|1|1|1,0.9173958948894889,0.8824677988886833,0.0,1.0056426696479321,91.91354200000035
lightweight gas storage MOFs with low density,q3_lightweight_storage,43,LEA no diversity,1,qmof-cef46c3,Zn2C48H32N8O8,0.728571,2.913296,True,0.7895211,True,1.0,,1|1|1|1,0.9173958948894889,0.8824677988886833,0.0,1.0056426696479321,91.58941700000156
lightweight gas storage MOFs with low density,q3_lightweight_storage,43,LEA no diversity,2,qmof-ac6a77a,Zn4C76H44N8O16,0.728571,2.401359,True,0.82887956,True,1.0,,1|1|1|1,0.9173958948894889,0.8824677988886833,0.0,1.0056426696479321,91.58941700000156
lightweight gas storage MOFs with low density,q3_lightweight_storage,43,LEA no diversity,3,qmof-13a76dd,Zn4C40H28N12O8,0.728571,3.309168,True,0.982716063,True,1.0,,1|1|1|1,0.9173958948894889,0.8824677988886833,0.0,1.0056426696479321,91.58941700000156
lightweight gas storage MOFs with low density,q3_lightweight_storage,43,LEA no diversity,4,qmof-235f291,Ni2C24H16N8,0.728571,3.336142,True,0.870801372,True,1.0,,1|1|1|1,0.9173958948894889,0.8824677988886833,0.0,1.0056426696479321,91.58941700000156
lightweight gas storage MOFs with low density,q3_lightweight_storage,43,LEA no diversity,5,qmof-e566fbb,Zn2C36H22N6O8,0.728571,2.93315,True,0.83426434,True,1.0,,1|1|1|1,0.9173958948894889,0.8824677988886833,0.0,1.0056426696479321,91.58941700000156
lightweight gas storage MOFs with low density,q3_lightweight_storage,43,LEA no self-cleaning,1,qmof-cef46c3,Zn2C48H32N8O8,0.728571,2.913296,True,0.7895211,True,1.0,,1|1|1|1,0.9173958948894889,0.8824677988886833,0.0,1.0056426696479321,92.25191699999868
lightweight gas storage MOFs with low density,q3_lightweight_storage,43,LEA no self-cleaning,2,qmof-ac6a77a,Zn4C76H44N8O16,0.728571,2.401359,True,0.82887956,True,1.0,,1|1|1|1,0.9173958948894889,0.8824677988886833,0.0,1.0056426696479321,92.25191699999868
lightweight gas storage MOFs with low density,q3_lightweight_storage,43,LEA no self-cleaning,3,qmof-13a76dd,Zn4C40H28N12O8,0.728571,3.309168,True,0.982716063,True,1.0,,1|1|1|1,0.9173958948894889,0.8824677988886833,0.0,1.0056426696479321,92.25191699999868
lightweight gas storage MOFs with low density,q3_lightweight_storage,43,LEA no self-cleaning,4,qmof-235f291,Ni2C24H16N8,0.728571,3.336142,True,0.870801372,True,1.0,,1|1|1|1,0.9173958948894889,0.8824677988886833,0.0,1.0056426696479321,92.25191699999868
lightweight gas storage MOFs with low density,q3_lightweight_storage,43,LEA no self-cleaning,5,qmof-e566fbb,Zn2C36H22N6O8,0.728571,2.93315,True,0.83426434,True,1.0,,1|1|1|1,0.9173958948894889,0.8824677988886833,0.0,1.0056426696479321,92.25191699999868
lightweight gas storage MOFs with low density,q3_lightweight_storage,43,GraphSAGE only,1,qmof-13a76dd,Zn4C40H28N12O8,0.728571,3.309168,True,0.982716063,True,1.0,0.311079,1|1|1|1,0.9173958948894889,0.8824677988886833,0.0,0.9173958948894889,0.03829100000274366
lightweight gas storage MOFs with low density,q3_lightweight_storage,43,GraphSAGE only,2,qmof-e566fbb,Zn2C36H22N6O8,0.728571,2.93315,True,0.83426434,True,1.0,0.303646,1|1|1|1,0.9173958948894889,0.8824677988886833,0.0033241373021155596,0.9173958948894889,0.03829100000274366
lightweight gas storage MOFs with low density,q3_lightweight_storage,43,GraphSAGE only,3,qmof-235f291,Ni2C24H16N8,0.728571,3.336142,True,0.870801372,True,1.0,0.30269,1|1|1|1,0.9173958948894889,0.8824677988886833,0.0025011154260331145,0.9173958948894889,0.03829100000274366
lightweight gas storage MOFs with low density,q3_lightweight_storage,43,GraphSAGE only,4,qmof-a1a5849,Fe2C24H16N8,0.728571,2.75343,True,0.925170256,True,1.0,0.298612,1|1|1|1,0.9173958948894889,0.8824677988886833,0.002858961209616003,0.9173958948894889,0.03829100000274366
lightweight gas storage MOFs with low density,q3_lightweight_storage,43,GraphSAGE only,5,qmof-ac6a77a,Zn4C76H44N8O16,0.728571,2.401359,True,0.82887956,True,1.0,0.297293,1|1|1|1,0.9173958948894889,0.8824677988886833,0.002916367145371623,0.9173958948894889,0.03829100000274366
lightweight gas storage MOFs with low density,q3_lightweight_storage,43,GAT only,1,qmof-13a76dd,Zn4C40H28N12O8,0.728571,3.309168,True,0.982716063,True,1.0,0.504522,1|1|1|1,0.9173958948894889,0.8824677988886833,0.0,0.9173958948894889,0.03566600000226572
lightweight gas storage MOFs with low density,q3_lightweight_storage,43,GAT only,2,qmof-235f291,Ni2C24H16N8,0.728571,3.336142,True,0.870801372,True,1.0,0.485743,1|1|1|1,0.9173958948894889,0.8824677988886833,0.008398241363465786,0.9173958948894889,0.03566600000226572
lightweight gas storage MOFs with low density,q3_lightweight_storage,43,GAT only,3,qmof-e566fbb,Zn2C36H22N6O8,0.728571,2.93315,True,0.83426434,True,1.0,0.471145,1|1|1|1,0.9173958948894889,0.8824677988886833,0.009951105186094841,0.9173958948894889,0.03566600000226572
lightweight gas storage MOFs with low density,q3_lightweight_storage,43,GAT only,4,qmof-cef46c3,Zn2C48H32N8O8,0.728571,2.913296,True,0.7895211,True,1.0,0.458106,1|1|1|1,0.9173958948894889,0.8824677988886833,0.01146700574705998,0.9173958948894889,0.03566600000226572
lightweight gas storage MOFs with low density,q3_lightweight_storage,43,GAT only,5,qmof-a1a5849,Fe2C24H16N8,0.728571,2.75343,True,0.925170256,True,1.0,0.447383,1|1|1|1,0.9173958948894889,0.8824677988886833,0.012693268153816462,0.9173958948894889,0.03566600000226572
lightweight gas storage MOFs with low density,q3_lightweight_storage,43,LEA + GraphSAGE,1,qmof-13a76dd,Zn4C40H28N12O8,0.728571,3.309168,True,0.982716063,True,1.0,0.311079,1|1|1|1,0.9173958948894889,0.8824677988886833,0.0,0.8994731545448303,96.56991699999651
lightweight gas storage MOFs with low density,q3_lightweight_storage,43,LEA + GraphSAGE,2,qmof-e566fbb,Zn2C36H22N6O8,0.728571,2.93315,True,0.83426434,True,1.0,0.303646,1|1|1|1,0.9173958948894889,0.8824677988886833,0.0033241373021155596,0.8980841308832168,96.56991699999651
lightweight gas storage MOFs with low density,q3_lightweight_storage,43,LEA + GraphSAGE,3,qmof-235f291,Ni2C24H16N8,0.728571,3.336142,True,0.870801372,True,1.0,0.30269,1|1|1|1,0.9173958948894889,0.8824677988886833,0.0025011154260331145,0.8979054361581802,96.56991699999651
lightweight gas storage MOFs with low density,q3_lightweight_storage,43,LEA + GraphSAGE,4,qmof-a1a5849,Fe2C24H16N8,0.728571,2.75343,True,0.925170256,True,1.0,0.298612,1|1|1|1,0.9173958948894889,0.8824677988886833,0.002858961209616003,0.8971431761980057,96.56991699999651
lightweight gas storage MOFs with low density,q3_lightweight_storage,43,LEA + GraphSAGE,5,qmof-ac6a77a,Zn4C76H44N8O16,0.728571,2.401359,True,0.82887956,True,1.0,0.297293,1|1|1|1,0.9173958948894889,0.8824677988886833,0.002916367145371623,0.8968965470790863,96.56991699999651
lightweight gas storage MOFs with low density,q3_lightweight_storage,43,LEA + GAT,1,qmof-13a76dd,Zn4C40H28N12O8,0.728571,3.309168,True,0.982716063,True,1.0,0.504522,1|1|1|1,0.9173958948894889,0.8824677988886833,0.0,0.935387821495533,95.97833299999792
lightweight gas storage MOFs with low density,q3_lightweight_storage,43,LEA + GAT,2,qmof-235f291,Ni2C24H16N8,0.728571,3.336142,True,0.870801372,True,1.0,0.485743,1|1|1|1,0.9173958948894889,0.8824677988886833,0.008398241363465786,0.9319272711873055,95.97833299999792
lightweight gas storage MOFs with low density,q3_lightweight_storage,43,LEA + GAT,3,qmof-e566fbb,Zn2C36H22N6O8,0.728571,2.93315,True,0.83426434,True,1.0,0.471145,1|1|1|1,0.9173958948894889,0.8824677988886833,0.009951105186094841,0.9292323172092438,95.97833299999792
lightweight gas storage MOFs with low density,q3_lightweight_storage,43,LEA + GAT,4,qmof-cef46c3,Zn2C48H32N8O8,0.728571,2.913296,True,0.7895211,True,1.0,0.458106,1|1|1|1,0.9173958948894889,0.8824677988886833,0.01146700574705998,0.9268218696117401,95.97833299999792
lightweight gas storage MOFs with low density,q3_lightweight_storage,43,LEA + GAT,5,qmof-a1a5849,Fe2C24H16N8,0.728571,2.75343,True,0.925170256,True,1.0,0.447383,1|1|1|1,0.9173958948894889,0.8824677988886833,0.012693268153816462,0.9248372703790665,95.97833299999792
lightweight gas storage MOFs with low density,q3_lightweight_storage,44,SemanticOnly,1,qmof-fec62ce,Al2C48Cl6H24O12,0.728571,,False,0.628097294,True,1.0,,1|0|1|1,0.8944462048562299,0.8720471411943436,0.0,0.8944462048562299,0.05091700000292576
lightweight gas storage MOFs with low density,q3_lightweight_storage,44,SemanticOnly,2,qmof-fd22223,Zn6C43H38O33S3,0.728571,,False,0.505827448,True,1.0,,1|0|1|1,0.8944462048562299,0.8720471411943436,0.0,0.8944462048562299,0.05091700000292576
lightweight gas storage MOFs with low density,q3_lightweight_storage,44,SemanticOnly,3,qmof-fcdce3e,Zn4C79F2H52N16,0.728571,,False,0.367352455,True,1.0,,1|0|1|1,0.8944462048562299,0.8720471411943436,0.0,0.8944462048562299,0.05091700000292576
lightweight gas storage MOFs with low density,q3_lightweight_storage,44,SemanticOnly,4,qmof-faf6c2b,Cu12C184H112N8O52,0.728571,,False,0.57491331,True,1.0,,1|0|1|1,0.8944462048562299,0.8720471411943436,0.0,0.8944462048562299,0.05091700000292576
lightweight gas storage MOFs with low density,q3_lightweight_storage,44,SemanticOnly,5,qmof-fa0f884,Zn8C96H64N8O42,0.728571,,False,0.415579421,True,1.0,,1|0|1|1,0.8944462048562299,0.8720471411943436,0.0,0.8944462048562299,0.05091700000292576
lightweight gas storage MOFs with low density,q3_lightweight_storage,44,WeightedSum,1,qmof-e566fbb,Zn2C36H22N6O8,0.728571,2.93315,True,0.83426434,True,1.0,,1|1|1|1,0.9173958948894889,0.8824677988886833,0.0,0.9173958948894889,0.04470799999722885
lightweight gas storage MOFs with low density,q3_lightweight_storage,44,WeightedSum,2,qmof-cef46c3,Zn2C48H32N8O8,0.728571,2.913296,True,0.7895211,True,1.0,,1|1|1|1,0.9173958948894889,0.8824677988886833,0.0,0.9173958948894889,0.04470799999722885
lightweight gas storage MOFs with low density,q3_lightweight_storage,44,WeightedSum,3,qmof-c0f392b,Zn2C44H38N6O12,0.728571,2.464185,True,0.915527725,True,1.0,,1|1|1|1,0.9173958948894889,0.8824677988886833,0.0,0.9173958948894889,0.04470799999722885
lightweight gas storage MOFs with low density,q3_lightweight_storage,44,WeightedSum,4,qmof-ac6a77a,Zn4C76H44N8O16,0.728571,2.401359,True,0.82887956,True,1.0,,1|1|1|1,0.9173958948894889,0.8824677988886833,0.0,0.9173958948894889,0.04470799999722885
lightweight gas storage MOFs with low density,q3_lightweight_storage,44,WeightedSum,5,qmof-a1a5849,Fe2C24H16N8,0.728571,2.75343,True,0.925170256,True,1.0,,1|1|1|1,0.9173958948894889,0.8824677988886833,0.0,0.9173958948894889,0.04470799999722885
lightweight gas storage MOFs with low density,q3_lightweight_storage,44,TOPSIS,1,qmof-e566fbb,Zn2C36H22N6O8,0.728571,2.93315,True,0.83426434,True,1.0,,1|1|1|1,0.9173958948894889,0.8824677988886833,0.0,0.9173958948894889,1.145375000000115
lightweight gas storage MOFs with low density,q3_lightweight_storage,44,TOPSIS,2,qmof-cef46c3,Zn2C48H32N8O8,0.728571,2.913296,True,0.7895211,True,1.0,,1|1|1|1,0.9173958948894889,0.8824677988886833,0.0,0.9173958948894889,1.145375000000115
lightweight gas storage MOFs with low density,q3_lightweight_storage,44,TOPSIS,3,qmof-c0f392b,Zn2C44H38N6O12,0.728571,2.464185,True,0.915527725,True,1.0,,1|1|1|1,0.9173958948894889,0.8824677988886833,0.0,0.9173958948894889,1.145375000000115
lightweight gas storage MOFs with low density,q3_lightweight_storage,44,TOPSIS,4,qmof-ac6a77a,Zn4C76H44N8O16,0.728571,2.401359,True,0.82887956,True,1.0,,1|1|1|1,0.9173958948894889,0.8824677988886833,0.0,0.9173958948894889,1.145375000000115
lightweight gas storage MOFs with low density,q3_lightweight_storage,44,TOPSIS,5,qmof-a1a5849,Fe2C24H16N8,0.728571,2.75343,True,0.925170256,True,1.0,,1|1|1|1,0.9173958948894889,0.8824677988886833,0.0,0.9173958948894889,1.145375000000115
lightweight gas storage MOFs with low density,q3_lightweight_storage,44,ParetoCrowding,1,qmof-e566fbb,Zn2C36H22N6O8,0.728571,2.93315,True,0.83426434,True,1.0,,1|1|1|1,0.9173958948894889,0.8824677988886833,0.0,0.9173958948894889,199.350416999998
lightweight gas storage MOFs with low density,q3_lightweight_storage,44,ParetoCrowding,2,qmof-cef46c3,Zn2C48H32N8O8,0.728571,2.913296,True,0.7895211,True,1.0,,1|1|1|1,0.9173958948894889,0.8824677988886833,0.0,0.9173958948894889,199.350416999998
lightweight gas storage MOFs with low density,q3_lightweight_storage,44,ParetoCrowding,3,qmof-c0f392b,Zn2C44H38N6O12,0.728571,2.464185,True,0.915527725,True,1.0,,1|1|1|1,0.9173958948894889,0.8824677988886833,0.0,0.9173958948894889,199.350416999998
lightweight gas storage MOFs with low density,q3_lightweight_storage,44,ParetoCrowding,4,qmof-ac6a77a,Zn4C76H44N8O16,0.728571,2.401359,True,0.82887956,True,1.0,,1|1|1|1,0.9173958948894889,0.8824677988886833,0.0,0.9173958948894889,199.350416999998
lightweight gas storage MOFs with low density,q3_lightweight_storage,44,ParetoCrowding,5,qmof-a1a5849,Fe2C24H16N8,0.728571,2.75343,True,0.925170256,True,1.0,,1|1|1|1,0.9173958948894889,0.8824677988886833,0.0,0.9173958948894889,199.350416999998
lightweight gas storage MOFs with low density,q3_lightweight_storage,44,Random,1,qmof-a758683,Al6C96H48N4O28,0.728571,,False,0.872969488,True,1.0,,1|0|1|1,0.8944462048562299,0.8720471411943436,0.0,0.8944462048562299,0.062042000003259545
lightweight gas storage MOFs with low density,q3_lightweight_storage,44,Random,2,qmof-2846d73,Zn2C50H48N2O24,0.728571,,False,0.78687741,True,1.0,,1|0|1|1,0.8944462048562299,0.8720471411943436,0.0,0.8944462048562299,0.062042000003259545
lightweight gas storage MOFs with low density,q3_lightweight_storage,44,Random,3,qmof-e2065ab,Zn16Br16C96H16O64S20,0.728571,,False,0.75964398,True,1.0,,1|0|1|1,0.8944462048562299,0.8720471411943436,0.0,0.8944462048562299,0.062042000003259545
lightweight gas storage MOFs with low density,q3_lightweight_storage,44,Random,4,qmof-735264a,Zn4C65F5H40N5O13,0.728571,,False,0.521366623,True,1.0,,1|0|1|1,0.8944462048562299,0.8720471411943436,0.0,0.8944462048562299,0.062042000003259545
lightweight gas storage MOFs with low density,q3_lightweight_storage,44,Random,5,qmof-847d3d6,Zn8C42H18N6O26,0.728571,,False,0.589129038,True,1.0,,1|0|1|1,0.8944462048562299,0.8720471411943436,0.0,0.8944462048562299,0.062042000003259545
lightweight gas storage MOFs with low density,q3_lightweight_storage,44,MMR,1,qmof-ac6a77a,Zn4C76H44N8O16,0.728571,2.401359,True,0.82887956,True,1.0,,1|1|1|1,0.9173958948894889,0.8824677988886833,0.0,0.9173958948894889,1753.6644159999994
lightweight gas storage MOFs with low density,q3_lightweight_storage,44,MMR,2,qmof-e566fbb,Zn2C36H22N6O8,0.728571,2.93315,True,0.83426434,True,1.0,,1|1|1|1,0.9173958948894889,0.8824677988886833,0.0,0.9173958948894889,1753.6644159999994
lightweight gas storage MOFs with low density,q3_lightweight_storage,44,MMR,3,qmof-cef46c3,Zn2C48H32N8O8,0.728571,2.913296,True,0.7895211,True,1.0,,1|1|1|1,0.9173958948894889,0.8824677988886833,0.0,0.9173958948894889,1753.6644159999994
lightweight gas storage MOFs with low density,q3_lightweight_storage,44,MMR,4,qmof-c0f392b,Zn2C44H38N6O12,0.728571,2.464185,True,0.915527725,True,1.0,,1|1|1|1,0.9173958948894889,0.8824677988886833,0.0,0.9173958948894889,1753.6644159999994
lightweight gas storage MOFs with low density,q3_lightweight_storage,44,MMR,5,qmof-235f291,Ni2C24H16N8,0.728571,3.336142,True,0.870801372,True,1.0,,1|1|1|1,0.9173958948894889,0.8824677988886833,0.0,0.9173958948894889,1753.6644159999994
lightweight gas storage MOFs with low density,q3_lightweight_storage,44,LEA,1,qmof-13a76dd,Zn4C40H28N12O8,0.728571,3.309168,True,0.982716063,True,1.0,,1|1|1|1,0.9173958948894889,0.8824677988886833,0.0,1.0056426696479321,91.50900000000206
lightweight gas storage MOFs with low density,q3_lightweight_storage,44,LEA,2,qmof-a1a5849,Fe2C24H16N8,0.728571,2.75343,True,0.925170256,True,1.0,,1|1|1|1,0.9173958948894889,0.8824677988886833,0.0,1.0056426696479321,91.50900000000206
lightweight gas storage MOFs with low density,q3_lightweight_storage,44,LEA,3,qmof-235f291,Ni2C24H16N8,0.728571,3.336142,True,0.870801372,True,1.0,,1|1|1|1,0.9173958948894889,0.8824677988886833,0.0,1.0056426696479321,91.50900000000206
lightweight gas storage MOFs with low density,q3_lightweight_storage,44,LEA,4,qmof-c0f392b,Zn2C44H38N6O12,0.728571,2.464185,True,0.915527725,True,1.0,,1|1|1|1,0.9173958948894889,0.8824677988886833,0.0,1.0056426696479321,91.50900000000206
lightweight gas storage MOFs with low density,q3_lightweight_storage,44,LEA,5,qmof-cef46c3,Zn2C48H32N8O8,0.728571,2.913296,True,0.7895211,True,1.0,,1|1|1|1,0.9173958948894889,0.8824677988886833,0.0,1.0056426696479321,91.50900000000206
lightweight gas storage MOFs with low density,q3_lightweight_storage,44,LEA no diversity,1,qmof-13a76dd,Zn4C40H28N12O8,0.728571,3.309168,True,0.982716063,True,1.0,,1|1|1|1,0.9173958948894889,0.8824677988886833,0.0,1.0056426696479321,91.06245899999976
lightweight gas storage MOFs with low density,q3_lightweight_storage,44,LEA no diversity,2,qmof-a1a5849,Fe2C24H16N8,0.728571,2.75343,True,0.925170256,True,1.0,,1|1|1|1,0.9173958948894889,0.8824677988886833,0.0,1.0056426696479321,91.06245899999976
lightweight gas storage MOFs with low density,q3_lightweight_storage,44,LEA no diversity,3,qmof-235f291,Ni2C24H16N8,0.728571,3.336142,True,0.870801372,True,1.0,,1|1|1|1,0.9173958948894889,0.8824677988886833,0.0,1.0056426696479321,91.06245899999976
lightweight gas storage MOFs with low density,q3_lightweight_storage,44,LEA no diversity,4,qmof-c0f392b,Zn2C44H38N6O12,0.728571,2.464185,True,0.915527725,True,1.0,,1|1|1|1,0.9173958948894889,0.8824677988886833,0.0,1.0056426696479321,91.06245899999976
lightweight gas storage MOFs with low density,q3_lightweight_storage,44,LEA no diversity,5,qmof-cef46c3,Zn2C48H32N8O8,0.728571,2.913296,True,0.7895211,True,1.0,,1|1|1|1,0.9173958948894889,0.8824677988886833,0.0,1.0056426696479321,91.06245899999976
lightweight gas storage MOFs with low density,q3_lightweight_storage,44,LEA no self-cleaning,1,qmof-13a76dd,Zn4C40H28N12O8,0.728571,3.309168,True,0.982716063,True,1.0,,1|1|1|1,0.9173958948894889,0.8824677988886833,0.0,1.0056426696479321,91.20958399999779
lightweight gas storage MOFs with low density,q3_lightweight_storage,44,LEA no self-cleaning,2,qmof-a1a5849,Fe2C24H16N8,0.728571,2.75343,True,0.925170256,True,1.0,,1|1|1|1,0.9173958948894889,0.8824677988886833,0.0,1.0056426696479321,91.20958399999779
lightweight gas storage MOFs with low density,q3_lightweight_storage,44,LEA no self-cleaning,3,qmof-235f291,Ni2C24H16N8,0.728571,3.336142,True,0.870801372,True,1.0,,1|1|1|1,0.9173958948894889,0.8824677988886833,0.0,1.0056426696479321,91.20958399999779
lightweight gas storage MOFs with low density,q3_lightweight_storage,44,LEA no self-cleaning,4,qmof-c0f392b,Zn2C44H38N6O12,0.728571,2.464185,True,0.915527725,True,1.0,,1|1|1|1,0.9173958948894889,0.8824677988886833,0.0,1.0056426696479321,91.20958399999779
lightweight gas storage MOFs with low density,q3_lightweight_storage,44,LEA no self-cleaning,5,qmof-cef46c3,Zn2C48H32N8O8,0.728571,2.913296,True,0.7895211,True,1.0,,1|1|1|1,0.9173958948894889,0.8824677988886833,0.0,1.0056426696479321,91.20958399999779
lightweight gas storage MOFs with low density,q3_lightweight_storage,44,GraphSAGE only,1,qmof-13a76dd,Zn4C40H28N12O8,0.728571,3.309168,True,0.982716063,True,1.0,0.311079,1|1|1|1,0.9173958948894889,0.8824677988886833,0.0,0.9173958948894889,0.04579100000512426
lightweight gas storage MOFs with low density,q3_lightweight_storage,44,GraphSAGE only,2,qmof-e566fbb,Zn2C36H22N6O8,0.728571,2.93315,True,0.83426434,True,1.0,0.303646,1|1|1|1,0.9173958948894889,0.8824677988886833,0.0033241373021155596,0.9173958948894889,0.04579100000512426
lightweight gas storage MOFs with low density,q3_lightweight_storage,44,GraphSAGE only,3,qmof-235f291,Ni2C24H16N8,0.728571,3.336142,True,0.870801372,True,1.0,0.30269,1|1|1|1,0.9173958948894889,0.8824677988886833,0.0025011154260331145,0.9173958948894889,0.04579100000512426
lightweight gas storage MOFs with low density,q3_lightweight_storage,44,GraphSAGE only,4,qmof-a1a5849,Fe2C24H16N8,0.728571,2.75343,True,0.925170256,True,1.0,0.298612,1|1|1|1,0.9173958948894889,0.8824677988886833,0.002858961209616003,0.9173958948894889,0.04579100000512426
lightweight gas storage MOFs with low density,q3_lightweight_storage,44,GraphSAGE only,5,qmof-ac6a77a,Zn4C76H44N8O16,0.728571,2.401359,True,0.82887956,True,1.0,0.297293,1|1|1|1,0.9173958948894889,0.8824677988886833,0.002916367145371623,0.9173958948894889,0.04579100000512426
lightweight gas storage MOFs with low density,q3_lightweight_storage,44,GAT only,1,qmof-13a76dd,Zn4C40H28N12O8,0.728571,3.309168,True,0.982716063,True,1.0,0.504522,1|1|1|1,0.9173958948894889,0.8824677988886833,0.0,0.9173958948894889,0.0362920000043232
lightweight gas storage MOFs with low density,q3_lightweight_storage,44,GAT only,2,qmof-235f291,Ni2C24H16N8,0.728571,3.336142,True,0.870801372,True,1.0,0.485743,1|1|1|1,0.9173958948894889,0.8824677988886833,0.008398241363465786,0.9173958948894889,0.0362920000043232
lightweight gas storage MOFs with low density,q3_lightweight_storage,44,GAT only,3,qmof-e566fbb,Zn2C36H22N6O8,0.728571,2.93315,True,0.83426434,True,1.0,0.471145,1|1|1|1,0.9173958948894889,0.8824677988886833,0.009951105186094841,0.9173958948894889,0.0362920000043232
lightweight gas storage MOFs with low density,q3_lightweight_storage,44,GAT only,4,qmof-cef46c3,Zn2C48H32N8O8,0.728571,2.913296,True,0.7895211,True,1.0,0.458106,1|1|1|1,0.9173958948894889,0.8824677988886833,0.01146700574705998,0.9173958948894889,0.0362920000043232
lightweight gas storage MOFs with low density,q3_lightweight_storage,44,GAT only,5,qmof-a1a5849,Fe2C24H16N8,0.728571,2.75343,True,0.925170256,True,1.0,0.447383,1|1|1|1,0.9173958948894889,0.8824677988886833,0.012693268153816462,0.9173958948894889,0.0362920000043232
lightweight gas storage MOFs with low density,q3_lightweight_storage,44,LEA + GraphSAGE,1,qmof-13a76dd,Zn4C40H28N12O8,0.728571,3.309168,True,0.982716063,True,1.0,0.311079,1|1|1|1,0.9173958948894889,0.8824677988886833,0.0,0.8994731545448303,97.33899999999096
lightweight gas storage MOFs with low density,q3_lightweight_storage,44,LEA + GraphSAGE,2,qmof-e566fbb,Zn2C36H22N6O8,0.728571,2.93315,True,0.83426434,True,1.0,0.303646,1|1|1|1,0.9173958948894889,0.8824677988886833,0.0033241373021155596,0.8980841308832168,97.33899999999096
lightweight gas storage MOFs with low density,q3_lightweight_storage,44,LEA + GraphSAGE,3,qmof-235f291,Ni2C24H16N8,0.728571,3.336142,True,0.870801372,True,1.0,0.30269,1|1|1|1,0.9173958948894889,0.8824677988886833,0.0025011154260331145,0.8979054361581802,97.33899999999096
lightweight gas storage MOFs with low density,q3_lightweight_storage,44,LEA + GraphSAGE,4,qmof-a1a5849,Fe2C24H16N8,0.728571,2.75343,True,0.925170256,True,1.0,0.298612,1|1|1|1,0.9173958948894889,0.8824677988886833,0.002858961209616003,0.8971431761980057,97.33899999999096
lightweight gas storage MOFs with low density,q3_lightweight_storage,44,LEA + GraphSAGE,5,qmof-ac6a77a,Zn4C76H44N8O16,0.728571,2.401359,True,0.82887956,True,1.0,0.297293,1|1|1|1,0.9173958948894889,0.8824677988886833,0.002916367145371623,0.8968965470790863,97.33899999999096
lightweight gas storage MOFs with low density,q3_lightweight_storage,44,LEA + GAT,1,qmof-13a76dd,Zn4C40H28N12O8,0.728571,3.309168,True,0.982716063,True,1.0,0.504522,1|1|1|1,0.9173958948894889,0.8824677988886833,0.0,0.935387821495533,101.00725000000921
lightweight gas storage MOFs with low density,q3_lightweight_storage,44,LEA + GAT,2,qmof-235f291,Ni2C24H16N8,0.728571,3.336142,True,0.870801372,True,1.0,0.485743,1|1|1|1,0.9173958948894889,0.8824677988886833,0.008398241363465786,0.9319272711873055,101.00725000000921
lightweight gas storage MOFs with low density,q3_lightweight_storage,44,LEA + GAT,3,qmof-e566fbb,Zn2C36H22N6O8,0.728571,2.93315,True,0.83426434,True,1.0,0.471145,1|1|1|1,0.9173958948894889,0.8824677988886833,0.009951105186094841,0.9292323172092438,101.00725000000921
lightweight gas storage MOFs with low density,q3_lightweight_storage,44,LEA + GAT,4,qmof-cef46c3,Zn2C48H32N8O8,0.728571,2.913296,True,0.7895211,True,1.0,0.458106,1|1|1|1,0.9173958948894889,0.8824677988886833,0.01146700574705998,0.9268218696117401,101.00725000000921
lightweight gas storage MOFs with low density,q3_lightweight_storage,44,LEA + GAT,5,qmof-a1a5849,Fe2C24H16N8,0.728571,2.75343,True,0.925170256,True,1.0,0.447383,1|1|1|1,0.9173958948894889,0.8824677988886833,0.012693268153816462,0.9248372703790665,101.00725000000921
lightweight gas storage MOFs with low density,q3_lightweight_storage,45,SemanticOnly,1,qmof-ff970f0,Zn4C83H45N23,0.728571,,False,0.463219967,True,1.0,,1|0|1|1,0.8944462048562299,0.8720471411943436,0.0,0.8944462048562299,0.06183400000736583
lightweight gas storage MOFs with low density,q3_lightweight_storage,45,SemanticOnly,2,qmof-fe6118d,Zn2C36H8N10O24,0.728571,,False,0.424164172,True,1.0,,1|0|1|1,0.8944462048562299,0.8720471411943436,0.0,0.8944462048562299,0.06183400000736583
lightweight gas storage MOFs with low density,q3_lightweight_storage,45,SemanticOnly,3,qmof-fa666a1,Zn2C52H34N2O8,0.728571,,False,0.43042892,True,1.0,,1|0|1|1,0.8944462048562299,0.8720471411943436,0.0,0.8944462048562299,0.06183400000736583
lightweight gas storage MOFs with low density,q3_lightweight_storage,45,SemanticOnly,4,qmof-f4d2cb4,Al2C48F24O12,0.728571,,False,0.729530442,True,1.0,,1|0|1|1,0.8944462048562299,0.8720471411943436,0.0,0.8944462048562299,0.06183400000736583
lightweight gas storage MOFs with low density,q3_lightweight_storage,45,SemanticOnly,5,qmof-f36f74c,Zn16Br8C112H48O52S8,0.728571,,False,0.685054769,True,1.0,,1|0|1|1,0.8944462048562299,0.8720471411943436,0.0,0.8944462048562299,0.06183400000736583
lightweight gas storage MOFs with low density,q3_lightweight_storage,45,WeightedSum,1,qmof-e566fbb,Zn2C36H22N6O8,0.728571,2.93315,True,0.83426434,True,1.0,,1|1|1|1,0.9173958948894889,0.8824677988886833,0.0,0.9173958948894889,0.048624999990920514
lightweight gas storage MOFs with low density,q3_lightweight_storage,45,WeightedSum,2,qmof-cef46c3,Zn2C48H32N8O8,0.728571,2.913296,True,0.7895211,True,1.0,,1|1|1|1,0.9173958948894889,0.8824677988886833,0.0,0.9173958948894889,0.048624999990920514
lightweight gas storage MOFs with low density,q3_lightweight_storage,45,WeightedSum,3,qmof-c0f392b,Zn2C44H38N6O12,0.728571,2.464185,True,0.915527725,True,1.0,,1|1|1|1,0.9173958948894889,0.8824677988886833,0.0,0.9173958948894889,0.048624999990920514
lightweight gas storage MOFs with low density,q3_lightweight_storage,45,WeightedSum,4,qmof-ac6a77a,Zn4C76H44N8O16,0.728571,2.401359,True,0.82887956,True,1.0,,1|1|1|1,0.9173958948894889,0.8824677988886833,0.0,0.9173958948894889,0.048624999990920514
lightweight gas storage MOFs with low density,q3_lightweight_storage,45,WeightedSum,5,qmof-a1a5849,Fe2C24H16N8,0.728571,2.75343,True,0.925170256,True,1.0,,1|1|1|1,0.9173958948894889,0.8824677988886833,0.0,0.9173958948894889,0.048624999990920514
lightweight gas storage MOFs with low density,q3_lightweight_storage,45,TOPSIS,1,qmof-e566fbb,Zn2C36H22N6O8,0.728571,2.93315,True,0.83426434,True,1.0,,1|1|1|1,0.9173958948894889,0.8824677988886833,0.0,0.9173958948894889,1.1617079999979296
lightweight gas storage MOFs with low density,q3_lightweight_storage,45,TOPSIS,2,qmof-cef46c3,Zn2C48H32N8O8,0.728571,2.913296,True,0.7895211,True,1.0,,1|1|1|1,0.9173958948894889,0.8824677988886833,0.0,0.9173958948894889,1.1617079999979296
lightweight gas storage MOFs with low density,q3_lightweight_storage,45,TOPSIS,3,qmof-c0f392b,Zn2C44H38N6O12,0.728571,2.464185,True,0.915527725,True,1.0,,1|1|1|1,0.9173958948894889,0.8824677988886833,0.0,0.9173958948894889,1.1617079999979296
lightweight gas storage MOFs with low density,q3_lightweight_storage,45,TOPSIS,4,qmof-ac6a77a,Zn4C76H44N8O16,0.728571,2.401359,True,0.82887956,True,1.0,,1|1|1|1,0.9173958948894889,0.8824677988886833,0.0,0.9173958948894889,1.1617079999979296
lightweight gas storage MOFs with low density,q3_lightweight_storage,45,TOPSIS,5,qmof-a1a5849,Fe2C24H16N8,0.728571,2.75343,True,0.925170256,True,1.0,,1|1|1|1,0.9173958948894889,0.8824677988886833,0.0,0.9173958948894889,1.1617079999979296
lightweight gas storage MOFs with low density,q3_lightweight_storage,45,ParetoCrowding,1,qmof-e566fbb,Zn2C36H22N6O8,0.728571,2.93315,True,0.83426434,True,1.0,,1|1|1|1,0.9173958948894889,0.8824677988886833,0.0,0.9173958948894889,188.3579170000047
lightweight gas storage MOFs with low density,q3_lightweight_storage,45,ParetoCrowding,2,qmof-cef46c3,Zn2C48H32N8O8,0.728571,2.913296,True,0.7895211,True,1.0,,1|1|1|1,0.9173958948894889,0.8824677988886833,0.0,0.9173958948894889,188.3579170000047
lightweight gas storage MOFs with low density,q3_lightweight_storage,45,ParetoCrowding,3,qmof-c0f392b,Zn2C44H38N6O12,0.728571,2.464185,True,0.915527725,True,1.0,,1|1|1|1,0.9173958948894889,0.8824677988886833,0.0,0.9173958948894889,188.3579170000047
lightweight gas storage MOFs with low density,q3_lightweight_storage,45,ParetoCrowding,4,qmof-ac6a77a,Zn4C76H44N8O16,0.728571,2.401359,True,0.82887956,True,1.0,,1|1|1|1,0.9173958948894889,0.8824677988886833,0.0,0.9173958948894889,188.3579170000047
lightweight gas storage MOFs with low density,q3_lightweight_storage,45,ParetoCrowding,5,qmof-a1a5849,Fe2C24H16N8,0.728571,2.75343,True,0.925170256,True,1.0,,1|1|1|1,0.9173958948894889,0.8824677988886833,0.0,0.9173958948894889,188.3579170000047
lightweight gas storage MOFs with low density,q3_lightweight_storage,45,Random,1,qmof-9797bb7,Zn3C98H68N6O14,0.728571,,False,0.925784688,True,1.0,,1|0|1|1,0.8944462048562299,0.8720471411943436,0.0,0.8944462048562299,0.041499999994698555
lightweight gas storage MOFs with low density,q3_lightweight_storage,45,Random,2,qmof-a4d3297,Zn6C56H25I9O24,0.728571,,False,0.846844241,True,1.0,,1|0|1|1,0.8944462048562299,0.8720471411943436,0.0,0.8944462048562299,0.041499999994698555
lightweight gas storage MOFs with low density,q3_lightweight_storage,45,Random,3,qmof-a1a5849,Fe2C24H16N8,0.728571,2.75343,True,0.925170256,True,1.0,,1|1|1|1,0.9173958948894889,0.8824677988886833,0.0,0.9173958948894889,0.041499999994698555
lightweight gas storage MOFs with low density,q3_lightweight_storage,45,Random,4,qmof-8516e22,Al2C42H24N6O36,0.728571,,False,0.775183104,True,1.0,,1|0|1|1,0.8944462048562299,0.8720471411943436,0.0,0.8944462048562299,0.041499999994698555
lightweight gas storage MOFs with low density,q3_lightweight_storage,45,Random,5,qmof-7e0c32f,Al4C80F8H76N8O44,0.728571,,False,0.876351562,True,1.0,,1|0|1|1,0.8944462048562299,0.8720471411943436,0.0,0.8944462048562299,0.041499999994698555
lightweight gas storage MOFs with low density,q3_lightweight_storage,45,MMR,1,qmof-cef46c3,Zn2C48H32N8O8,0.728571,2.913296,True,0.7895211,True,1.0,,1|1|1|1,0.9173958948894889,0.8824677988886833,0.0,0.9173958948894889,1765.6245000000013
lightweight gas storage MOFs with low density,q3_lightweight_storage,45,MMR,2,qmof-e566fbb,Zn2C36H22N6O8,0.728571,2.93315,True,0.83426434,True,1.0,,1|1|1|1,0.9173958948894889,0.8824677988886833,0.0,0.9173958948894889,1765.6245000000013
lightweight gas storage MOFs with low density,q3_lightweight_storage,45,MMR,3,qmof-235f291,Ni2C24H16N8,0.728571,3.336142,True,0.870801372,True,1.0,,1|1|1|1,0.9173958948894889,0.8824677988886833,0.0,0.9173958948894889,1765.6245000000013
lightweight gas storage MOFs with low density,q3_lightweight_storage,45,MMR,4,qmof-13a76dd,Zn4C40H28N12O8,0.728571,3.309168,True,0.982716063,True,1.0,,1|1|1|1,0.9173958948894889,0.8824677988886833,0.0,0.9173958948894889,1765.6245000000013
lightweight gas storage MOFs with low density,q3_lightweight_storage,45,MMR,5,qmof-c0f392b,Zn2C44H38N6O12,0.728571,2.464185,True,0.915527725,True,1.0,,1|1|1|1,0.9173958948894889,0.8824677988886833,0.0,0.9173958948894889,1765.6245000000013
lightweight gas storage MOFs with low density,q3_lightweight_storage,45,LEA,1,qmof-a1a5849,Fe2C24H16N8,0.728571,2.75343,True,0.925170256,True,1.0,,1|1|1|1,0.9173958948894889,0.8824677988886833,0.0,1.0056426696479321,93.69129200000259
lightweight gas storage MOFs with low density,q3_lightweight_storage,45,LEA,2,qmof-ac6a77a,Zn4C76H44N8O16,0.728571,2.401359,True,0.82887956,True,1.0,,1|1|1|1,0.9173958948894889,0.8824677988886833,0.0,1.0056426696479321,93.69129200000259
lightweight gas storage MOFs with low density,q3_lightweight_storage,45,LEA,3,qmof-c0f392b,Zn2C44H38N6O12,0.728571,2.464185,True,0.915527725,True,1.0,,1|1|1|1,0.9173958948894889,0.8824677988886833,0.0,1.0056426696479321,93.69129200000259
lightweight gas storage MOFs with low density,q3_lightweight_storage,45,LEA,4,qmof-13a76dd,Zn4C40H28N12O8,0.728571,3.309168,True,0.982716063,True,1.0,,1|1|1|1,0.9173958948894889,0.8824677988886833,0.0,1.0056426696479321,93.69129200000259
lightweight gas storage MOFs with low density,q3_lightweight_storage,45,LEA,5,qmof-235f291,Ni2C24H16N8,0.728571,3.336142,True,0.870801372,True,1.0,,1|1|1|1,0.9173958948894889,0.8824677988886833,0.0,1.0056426696479321,93.69129200000259
lightweight gas storage MOFs with low density,q3_lightweight_storage,45,LEA no diversity,1,qmof-a1a5849,Fe2C24H16N8,0.728571,2.75343,True,0.925170256,True,1.0,,1|1|1|1,0.9173958948894889,0.8824677988886833,0.0,1.0056426696479321,94.93645799999229
lightweight gas storage MOFs with low density,q3_lightweight_storage,45,LEA no diversity,2,qmof-ac6a77a,Zn4C76H44N8O16,0.728571,2.401359,True,0.82887956,True,1.0,,1|1|1|1,0.9173958948894889,0.8824677988886833,0.0,1.0056426696479321,94.93645799999229
lightweight gas storage MOFs with low density,q3_lightweight_storage,45,LEA no diversity,3,qmof-c0f392b,Zn2C44H38N6O12,0.728571,2.464185,True,0.915527725,True,1.0,,1|1|1|1,0.9173958948894889,0.8824677988886833,0.0,1.0056426696479321,94.93645799999229
lightweight gas storage MOFs with low density,q3_lightweight_storage,45,LEA no diversity,4,qmof-13a76dd,Zn4C40H28N12O8,0.728571,3.309168,True,0.982716063,True,1.0,,1|1|1|1,0.9173958948894889,0.8824677988886833,0.0,1.0056426696479321,94.93645799999229
lightweight gas storage MOFs with low density,q3_lightweight_storage,45,LEA no diversity,5,qmof-235f291,Ni2C24H16N8,0.728571,3.336142,True,0.870801372,True,1.0,,1|1|1|1,0.9173958948894889,0.8824677988886833,0.0,1.0056426696479321,94.93645799999229
lightweight gas storage MOFs with low density,q3_lightweight_storage,45,LEA no self-cleaning,1,qmof-a1a5849,Fe2C24H16N8,0.728571,2.75343,True,0.925170256,True,1.0,,1|1|1|1,0.9173958948894889,0.8824677988886833,0.0,1.0056426696479321,93.31516600001066
lightweight gas storage MOFs with low density,q3_lightweight_storage,45,LEA no self-cleaning,2,qmof-ac6a77a,Zn4C76H44N8O16,0.728571,2.401359,True,0.82887956,True,1.0,,1|1|1|1,0.9173958948894889,0.8824677988886833,0.0,1.0056426696479321,93.31516600001066
lightweight gas storage MOFs with low density,q3_lightweight_storage,45,LEA no self-cleaning,3,qmof-c0f392b,Zn2C44H38N6O12,0.728571,2.464185,True,0.915527725,True,1.0,,1|1|1|1,0.9173958948894889,0.8824677988886833,0.0,1.0056426696479321,93.31516600001066
lightweight gas storage MOFs with low density,q3_lightweight_storage,45,LEA no self-cleaning,4,qmof-13a76dd,Zn4C40H28N12O8,0.728571,3.309168,True,0.982716063,True,1.0,,1|1|1|1,0.9173958948894889,0.8824677988886833,0.0,1.0056426696479321,93.31516600001066
lightweight gas storage MOFs with low density,q3_lightweight_storage,45,LEA no self-cleaning,5,qmof-235f291,Ni2C24H16N8,0.728571,3.336142,True,0.870801372,True,1.0,,1|1|1|1,0.9173958948894889,0.8824677988886833,0.0,1.0056426696479321,93.31516600001066
lightweight gas storage MOFs with low density,q3_lightweight_storage,45,GraphSAGE only,1,qmof-13a76dd,Zn4C40H28N12O8,0.728571,3.309168,True,0.982716063,True,1.0,0.311079,1|1|1|1,0.9173958948894889,0.8824677988886833,0.0,0.9173958948894889,0.07600000000707041
lightweight gas storage MOFs with low density,q3_lightweight_storage,45,GraphSAGE only,2,qmof-e566fbb,Zn2C36H22N6O8,0.728571,2.93315,True,0.83426434,True,1.0,0.303646,1|1|1|1,0.9173958948894889,0.8824677988886833,0.0033241373021155596,0.9173958948894889,0.07600000000707041
lightweight gas storage MOFs with low density,q3_lightweight_storage,45,GraphSAGE only,3,qmof-235f291,Ni2C24H16N8,0.728571,3.336142,True,0.870801372,True,1.0,0.30269,1|1|1|1,0.9173958948894889,0.8824677988886833,0.0025011154260331145,0.9173958948894889,0.07600000000707041
lightweight gas storage MOFs with low density,q3_lightweight_storage,45,GraphSAGE only,4,qmof-a1a5849,Fe2C24H16N8,0.728571,2.75343,True,0.925170256,True,1.0,0.298612,1|1|1|1,0.9173958948894889,0.8824677988886833,0.002858961209616003,0.9173958948894889,0.07600000000707041
lightweight gas storage MOFs with low density,q3_lightweight_storage,45,GraphSAGE only,5,qmof-ac6a77a,Zn4C76H44N8O16,0.728571,2.401359,True,0.82887956,True,1.0,0.297293,1|1|1|1,0.9173958948894889,0.8824677988886833,0.002916367145371623,0.9173958948894889,0.07600000000707041
lightweight gas storage MOFs with low density,q3_lightweight_storage,45,GAT only,1,qmof-13a76dd,Zn4C40H28N12O8,0.728571,3.309168,True,0.982716063,True,1.0,0.504522,1|1|1|1,0.9173958948894889,0.8824677988886833,0.0,0.9173958948894889,0.04475000000070395
lightweight gas storage MOFs with low density,q3_lightweight_storage,45,GAT only,2,qmof-235f291,Ni2C24H16N8,0.728571,3.336142,True,0.870801372,True,1.0,0.485743,1|1|1|1,0.9173958948894889,0.8824677988886833,0.008398241363465786,0.9173958948894889,0.04475000000070395
lightweight gas storage MOFs with low density,q3_lightweight_storage,45,GAT only,3,qmof-e566fbb,Zn2C36H22N6O8,0.728571,2.93315,True,0.83426434,True,1.0,0.471145,1|1|1|1,0.9173958948894889,0.8824677988886833,0.009951105186094841,0.9173958948894889,0.04475000000070395
lightweight gas storage MOFs with low density,q3_lightweight_storage,45,GAT only,4,qmof-cef46c3,Zn2C48H32N8O8,0.728571,2.913296,True,0.7895211,True,1.0,0.458106,1|1|1|1,0.9173958948894889,0.8824677988886833,0.01146700574705998,0.9173958948894889,0.04475000000070395
lightweight gas storage MOFs with low density,q3_lightweight_storage,45,GAT only,5,qmof-a1a5849,Fe2C24H16N8,0.728571,2.75343,True,0.925170256,True,1.0,0.447383,1|1|1|1,0.9173958948894889,0.8824677988886833,0.012693268153816462,0.9173958948894889,0.04475000000070395
lightweight gas storage MOFs with low density,q3_lightweight_storage,45,LEA + GraphSAGE,1,qmof-13a76dd,Zn4C40H28N12O8,0.728571,3.309168,True,0.982716063,True,1.0,0.311079,1|1|1|1,0.9173958948894889,0.8824677988886833,0.0,0.8994731545448303,107.18037499999866
lightweight gas storage MOFs with low density,q3_lightweight_storage,45,LEA + GraphSAGE,2,qmof-e566fbb,Zn2C36H22N6O8,0.728571,2.93315,True,0.83426434,True,1.0,0.303646,1|1|1|1,0.9173958948894889,0.8824677988886833,0.0033241373021155596,0.8980841308832168,107.18037499999866
lightweight gas storage MOFs with low density,q3_lightweight_storage,45,LEA + GraphSAGE,3,qmof-235f291,Ni2C24H16N8,0.728571,3.336142,True,0.870801372,True,1.0,0.30269,1|1|1|1,0.9173958948894889,0.8824677988886833,0.0025011154260331145,0.8979054361581802,107.18037499999866
lightweight gas storage MOFs with low density,q3_lightweight_storage,45,LEA + GraphSAGE,4,qmof-a1a5849,Fe2C24H16N8,0.728571,2.75343,True,0.925170256,True,1.0,0.298612,1|1|1|1,0.9173958948894889,0.8824677988886833,0.002858961209616003,0.8971431761980057,107.18037499999866
lightweight gas storage MOFs with low density,q3_lightweight_storage,45,LEA + GraphSAGE,5,qmof-ac6a77a,Zn4C76H44N8O16,0.728571,2.401359,True,0.82887956,True,1.0,0.297293,1|1|1|1,0.9173958948894889,0.8824677988886833,0.002916367145371623,0.8968965470790863,107.18037499999866
lightweight gas storage MOFs with low density,q3_lightweight_storage,45,LEA + GAT,1,qmof-13a76dd,Zn4C40H28N12O8,0.728571,3.309168,True,0.982716063,True,1.0,0.504522,1|1|1|1,0.9173958948894889,0.8824677988886833,0.0,0.935387821495533,99.98487500000408
lightweight gas storage MOFs with low density,q3_lightweight_storage,45,LEA + GAT,2,qmof-235f291,Ni2C24H16N8,0.728571,3.336142,True,0.870801372,True,1.0,0.485743,1|1|1|1,0.9173958948894889,0.8824677988886833,0.008398241363465786,0.9319272711873055,99.98487500000408
lightweight gas storage MOFs with low density,q3_lightweight_storage,45,LEA + GAT,3,qmof-e566fbb,Zn2C36H22N6O8,0.728571,2.93315,True,0.83426434,True,1.0,0.471145,1|1|1|1,0.9173958948894889,0.8824677988886833,0.009951105186094841,0.9292323172092438,99.98487500000408
lightweight gas storage MOFs with low density,q3_lightweight_storage,45,LEA + GAT,4,qmof-cef46c3,Zn2C48H32N8O8,0.728571,2.913296,True,0.7895211,True,1.0,0.458106,1|1|1|1,0.9173958948894889,0.8824677988886833,0.01146700574705998,0.9268218696117401,99.98487500000408
lightweight gas storage MOFs with low density,q3_lightweight_storage,45,LEA + GAT,5,qmof-a1a5849,Fe2C24H16N8,0.728571,2.75343,True,0.925170256,True,1.0,0.447383,1|1|1|1,0.9173958948894889,0.8824677988886833,0.012693268153816462,0.9248372703790665,99.98487500000408
lightweight gas storage MOFs with low density,q3_lightweight_storage,46,SemanticOnly,1,qmof-fc98c57,Hf6C60H4N18O32,0.728571,,False,0.946083882,True,1.0,,1|0|1|1,0.8944462048562299,0.8720471411943436,0.0,0.8944462048562299,0.05420799999455994
lightweight gas storage MOFs with low density,q3_lightweight_storage,46,SemanticOnly,2,qmof-fbe14b0,Zr6C92H62N10O40,0.728571,,False,0.847421382,True,1.0,,1|0|1|1,0.8944462048562299,0.8720471411943436,0.0,0.8944462048562299,0.05420799999455994
lightweight gas storage MOFs with low density,q3_lightweight_storage,46,SemanticOnly,3,qmof-fb15c25,Cu6C78H42O30,0.728571,,False,0.547780195,True,1.0,,1|0|1|1,0.8944462048562299,0.8720471411943436,0.0,0.8944462048562299,0.05420799999455994
lightweight gas storage MOFs with low density,q3_lightweight_storage,46,SemanticOnly,4,qmof-f85760f,Zn16Br4C96H44N16O52S16,0.728571,,False,0.606488559,True,1.0,,1|0|1|1,0.8944462048562299,0.8720471411943436,0.0,0.8944462048562299,0.05420799999455994
lightweight gas storage MOFs with low density,q3_lightweight_storage,46,SemanticOnly,5,qmof-f2e78b9,Al2C22H14N2O14,0.728571,,False,0.80407144,True,1.0,,1|0|1|1,0.8944462048562299,0.8720471411943436,0.0,0.8944462048562299,0.05420799999455994
lightweight gas storage MOFs with low density,q3_lightweight_storage,46,WeightedSum,1,qmof-e566fbb,Zn2C36H22N6O8,0.728571,2.93315,True,0.83426434,True,1.0,,1|1|1|1,0.9173958948894889,0.8824677988886833,0.0,0.9173958948894889,0.04962500000260661
lightweight gas storage MOFs with low density,q3_lightweight_storage,46,WeightedSum,2,qmof-cef46c3,Zn2C48H32N8O8,0.728571,2.913296,True,0.7895211,True,1.0,,1|1|1|1,0.9173958948894889,0.8824677988886833,0.0,0.9173958948894889,0.04962500000260661
lightweight gas storage MOFs with low density,q3_lightweight_storage,46,WeightedSum,3,qmof-c0f392b,Zn2C44H38N6O12,0.728571,2.464185,True,0.915527725,True,1.0,,1|1|1|1,0.9173958948894889,0.8824677988886833,0.0,0.9173958948894889,0.04962500000260661
lightweight gas storage MOFs with low density,q3_lightweight_storage,46,WeightedSum,4,qmof-ac6a77a,Zn4C76H44N8O16,0.728571,2.401359,True,0.82887956,True,1.0,,1|1|1|1,0.9173958948894889,0.8824677988886833,0.0,0.9173958948894889,0.04962500000260661
lightweight gas storage MOFs with low density,q3_lightweight_storage,46,WeightedSum,5,qmof-a1a5849,Fe2C24H16N8,0.728571,2.75343,True,0.925170256,True,1.0,,1|1|1|1,0.9173958948894889,0.8824677988886833,0.0,0.9173958948894889,0.04962500000260661
lightweight gas storage MOFs with low density,q3_lightweight_storage,46,TOPSIS,1,qmof-e566fbb,Zn2C36H22N6O8,0.728571,2.93315,True,0.83426434,True,1.0,,1|1|1|1,0.9173958948894889,0.8824677988886833,0.0,0.9173958948894889,1.2054169999942133
lightweight gas storage MOFs with low density,q3_lightweight_storage,46,TOPSIS,2,qmof-cef46c3,Zn2C48H32N8O8,0.728571,2.913296,True,0.7895211,True,1.0,,1|1|1|1,0.9173958948894889,0.8824677988886833,0.0,0.9173958948894889,1.2054169999942133
lightweight gas storage MOFs with low density,q3_lightweight_storage,46,TOPSIS,3,qmof-c0f392b,Zn2C44H38N6O12,0.728571,2.464185,True,0.915527725,True,1.0,,1|1|1|1,0.9173958948894889,0.8824677988886833,0.0,0.9173958948894889,1.2054169999942133
lightweight gas storage MOFs with low density,q3_lightweight_storage,46,TOPSIS,4,qmof-ac6a77a,Zn4C76H44N8O16,0.728571,2.401359,True,0.82887956,True,1.0,,1|1|1|1,0.9173958948894889,0.8824677988886833,0.0,0.9173958948894889,1.2054169999942133
lightweight gas storage MOFs with low density,q3_lightweight_storage,46,TOPSIS,5,qmof-a1a5849,Fe2C24H16N8,0.728571,2.75343,True,0.925170256,True,1.0,,1|1|1|1,0.9173958948894889,0.8824677988886833,0.0,0.9173958948894889,1.2054169999942133
lightweight gas storage MOFs with low density,q3_lightweight_storage,46,ParetoCrowding,1,qmof-e566fbb,Zn2C36H22N6O8,0.728571,2.93315,True,0.83426434,True,1.0,,1|1|1|1,0.9173958948894889,0.8824677988886833,0.0,0.9173958948894889,196.03275000000053
lightweight gas storage MOFs with low density,q3_lightweight_storage,46,ParetoCrowding,2,qmof-cef46c3,Zn2C48H32N8O8,0.728571,2.913296,True,0.7895211,True,1.0,,1|1|1|1,0.9173958948894889,0.8824677988886833,0.0,0.9173958948894889,196.03275000000053
lightweight gas storage MOFs with low density,q3_lightweight_storage,46,ParetoCrowding,3,qmof-c0f392b,Zn2C44H38N6O12,0.728571,2.464185,True,0.915527725,True,1.0,,1|1|1|1,0.9173958948894889,0.8824677988886833,0.0,0.9173958948894889,196.03275000000053
lightweight gas storage MOFs with low density,q3_lightweight_storage,46,ParetoCrowding,4,qmof-ac6a77a,Zn4C76H44N8O16,0.728571,2.401359,True,0.82887956,True,1.0,,1|1|1|1,0.9173958948894889,0.8824677988886833,0.0,0.9173958948894889,196.03275000000053
lightweight gas storage MOFs with low density,q3_lightweight_storage,46,ParetoCrowding,5,qmof-a1a5849,Fe2C24H16N8,0.728571,2.75343,True,0.925170256,True,1.0,,1|1|1|1,0.9173958948894889,0.8824677988886833,0.0,0.9173958948894889,196.03275000000053
lightweight gas storage MOFs with low density,q3_lightweight_storage,46,Random,1,qmof-fc98c57,Hf6C60H4N18O32,0.728571,,False,0.946083882,True,1.0,,1|0|1|1,0.8944462048562299,0.8720471411943436,0.0,0.8944462048562299,0.04762499999344527
lightweight gas storage MOFs with low density,q3_lightweight_storage,46,Random,2,qmof-a4d3459,Zn2C82H98N2O10,0.728571,,False,0.602913842,True,1.0,,1|0|1|1,0.8944462048562299,0.8720471411943436,0.0,0.8944462048562299,0.04762499999344527
lightweight gas storage MOFs with low density,q3_lightweight_storage,46,Random,3,qmof-7ccc745,AlC45F3H24O6,0.728571,,False,0.647995766,True,1.0,,1|0|1|1,0.8944462048562299,0.8720471411943436,0.0,0.8944462048562299,0.04762499999344527
lightweight gas storage MOFs with low density,q3_lightweight_storage,46,Random,4,qmof-677bee0,Al4C56FH31N8O20,0.728571,,False,0.647962577,True,1.0,,1|0|1|1,0.8944462048562299,0.8720471411943436,0.0,0.8944462048562299,0.04762499999344527
lightweight gas storage MOFs with low density,q3_lightweight_storage,46,Random,5,qmof-624efee,Cu12C84H48N36,0.728571,,False,0.224582075,True,1.0,,1|0|1|1,0.8944462048562299,0.8720471411943436,0.0,0.8944462048562299,0.04762499999344527
lightweight gas storage MOFs with low density,q3_lightweight_storage,46,MMR,1,qmof-e566fbb,Zn2C36H22N6O8,0.728571,2.93315,True,0.83426434,True,1.0,,1|1|1|1,0.9173958948894889,0.8824677988886833,0.0,0.9173958948894889,1685.0622909999943
lightweight gas storage MOFs with low density,q3_lightweight_storage,46,MMR,2,qmof-235f291,Ni2C24H16N8,0.728571,3.336142,True,0.870801372,True,1.0,,1|1|1|1,0.9173958948894889,0.8824677988886833,0.0,0.9173958948894889,1685.0622909999943
lightweight gas storage MOFs with low density,q3_lightweight_storage,46,MMR,3,qmof-13a76dd,Zn4C40H28N12O8,0.728571,3.309168,True,0.982716063,True,1.0,,1|1|1|1,0.9173958948894889,0.8824677988886833,0.0,0.9173958948894889,1685.0622909999943
lightweight gas storage MOFs with low density,q3_lightweight_storage,46,MMR,4,qmof-c0f392b,Zn2C44H38N6O12,0.728571,2.464185,True,0.915527725,True,1.0,,1|1|1|1,0.9173958948894889,0.8824677988886833,0.0,0.9173958948894889,1685.0622909999943
lightweight gas storage MOFs with low density,q3_lightweight_storage,46,MMR,5,qmof-cef46c3,Zn2C48H32N8O8,0.728571,2.913296,True,0.7895211,True,1.0,,1|1|1|1,0.9173958948894889,0.8824677988886833,0.0,0.9173958948894889,1685.0622909999943
lightweight gas storage MOFs with low density,q3_lightweight_storage,46,LEA,1,qmof-ac6a77a,Zn4C76H44N8O16,0.728571,2.401359,True,0.82887956,True,1.0,,1|1|1|1,0.9173958948894889,0.8824677988886833,0.0,1.0056426696479321,91.26341700000751
lightweight gas storage MOFs with low density,q3_lightweight_storage,46,LEA,2,qmof-a1a5849,Fe2C24H16N8,0.728571,2.75343,True,0.925170256,True,1.0,,1|1|1|1,0.9173958948894889,0.8824677988886833,0.0,1.0056426696479321,91.26341700000751
lightweight gas storage MOFs with low density,q3_lightweight_storage,46,LEA,3,qmof-cef46c3,Zn2C48H32N8O8,0.728571,2.913296,True,0.7895211,True,1.0,,1|1|1|1,0.9173958948894889,0.8824677988886833,0.0,1.0056426696479321,91.26341700000751
lightweight gas storage MOFs with low density,q3_lightweight_storage,46,LEA,4,qmof-c0f392b,Zn2C44H38N6O12,0.728571,2.464185,True,0.915527725,True,1.0,,1|1|1|1,0.9173958948894889,0.8824677988886833,0.0,1.0056426696479321,91.26341700000751
lightweight gas storage MOFs with low density,q3_lightweight_storage,46,LEA,5,qmof-13a76dd,Zn4C40H28N12O8,0.728571,3.309168,True,0.982716063,True,1.0,,1|1|1|1,0.9173958948894889,0.8824677988886833,0.0,1.0056426696479321,91.26341700000751
lightweight gas storage MOFs with low density,q3_lightweight_storage,46,LEA no diversity,1,qmof-ac6a77a,Zn4C76H44N8O16,0.728571,2.401359,True,0.82887956,True,1.0,,1|1|1|1,0.9173958948894889,0.8824677988886833,0.0,1.0056426696479321,90.97645899998952
lightweight gas storage MOFs with low density,q3_lightweight_storage,46,LEA no diversity,2,qmof-a1a5849,Fe2C24H16N8,0.728571,2.75343,True,0.925170256,True,1.0,,1|1|1|1,0.9173958948894889,0.8824677988886833,0.0,1.0056426696479321,90.97645899998952
lightweight gas storage MOFs with low density,q3_lightweight_storage,46,LEA no diversity,3,qmof-cef46c3,Zn2C48H32N8O8,0.728571,2.913296,True,0.7895211,True,1.0,,1|1|1|1,0.9173958948894889,0.8824677988886833,0.0,1.0056426696479321,90.97645899998952
lightweight gas storage MOFs with low density,q3_lightweight_storage,46,LEA no diversity,4,qmof-c0f392b,Zn2C44H38N6O12,0.728571,2.464185,True,0.915527725,True,1.0,,1|1|1|1,0.9173958948894889,0.8824677988886833,0.0,1.0056426696479321,90.97645899998952
lightweight gas storage MOFs with low density,q3_lightweight_storage,46,LEA no diversity,5,qmof-13a76dd,Zn4C40H28N12O8,0.728571,3.309168,True,0.982716063,True,1.0,,1|1|1|1,0.9173958948894889,0.8824677988886833,0.0,1.0056426696479321,90.97645899998952
lightweight gas storage MOFs with low density,q3_lightweight_storage,46,LEA no self-cleaning,1,qmof-ac6a77a,Zn4C76H44N8O16,0.728571,2.401359,True,0.82887956,True,1.0,,1|1|1|1,0.9173958948894889,0.8824677988886833,0.0,1.0056426696479321,92.24162499999977
lightweight gas storage MOFs with low density,q3_lightweight_storage,46,LEA no self-cleaning,2,qmof-a1a5849,Fe2C24H16N8,0.728571,2.75343,True,0.925170256,True,1.0,,1|1|1|1,0.9173958948894889,0.8824677988886833,0.0,1.0056426696479321,92.24162499999977
lightweight gas storage MOFs with low density,q3_lightweight_storage,46,LEA no self-cleaning,3,qmof-cef46c3,Zn2C48H32N8O8,0.728571,2.913296,True,0.7895211,True,1.0,,1|1|1|1,0.9173958948894889,0.8824677988886833,0.0,1.0056426696479321,92.24162499999977
lightweight gas storage MOFs with low density,q3_lightweight_storage,46,LEA no self-cleaning,4,qmof-c0f392b,Zn2C44H38N6O12,0.728571,2.464185,True,0.915527725,True,1.0,,1|1|1|1,0.9173958948894889,0.8824677988886833,0.0,1.0056426696479321,92.24162499999977
lightweight gas storage MOFs with low density,q3_lightweight_storage,46,LEA no self-cleaning,5,qmof-13a76dd,Zn4C40H28N12O8,0.728571,3.309168,True,0.982716063,True,1.0,,1|1|1|1,0.9173958948894889,0.8824677988886833,0.0,1.0056426696479321,92.24162499999977
lightweight gas storage MOFs with low density,q3_lightweight_storage,46,GraphSAGE only,1,qmof-91a02c3,Cu12C36H24N52,0.728571,,False,0.291766825,True,1.0,0.450698,1|0|1|1,0.8944462048562299,0.8720471411943436,0.0,0.8944462048562299,0.03983300000243162
lightweight gas storage MOFs with low density,q3_lightweight_storage,46,GraphSAGE only,2,qmof-d856602,Cu12C60H24N72Si3,0.728571,,False,0.26108434,True,1.0,0.447085,1|0|1|1,0.8944462048562299,0.8720471411943436,0.001806497573852539,0.8944462048562299,0.03983300000243162
lightweight gas storage MOFs with low density,q3_lightweight_storage,46,GraphSAGE only,3,qmof-13a76dd,Zn4C40H28N12O8,0.728571,3.309168,True,0.982716063,True,1.0,0.311079,1|1|1|1,0.9173958948894889,0.8824677988886833,0.04653966426849365,0.9173958948894889,0.03983300000243162
lightweight gas storage MOFs with low density,q3_lightweight_storage,46,GraphSAGE only,4,qmof-e566fbb,Zn2C36H22N6O8,0.728571,2.93315,True,0.83426434,True,1.0,0.303646,1|1|1|1,0.9173958948894889,0.8824677988886833,0.04803143709432334,0.9173958948894889,0.03983300000243162
lightweight gas storage MOFs with low density,q3_lightweight_storage,46,GraphSAGE only,5,qmof-235f291,Ni2C24H16N8,0.728571,3.336142,True,0.870801372,True,1.0,0.30269,1|1|1|1,0.9173958948894889,0.8824677988886833,0.04385693228978198,0.9173958948894889,0.03983300000243162
lightweight gas storage MOFs with low density,q3_lightweight_storage,46,GAT only,1,qmof-13a76dd,Zn4C40H28N12O8,0.728571,3.309168,True,0.982716063,True,1.0,0.504522,1|1|1|1,0.9173958948894889,0.8824677988886833,0.0,0.9173958948894889,0.042958000008752606
lightweight gas storage MOFs with low density,q3_lightweight_storage,46,GAT only,2,qmof-235f291,Ni2C24H16N8,0.728571,3.336142,True,0.870801372,True,1.0,0.485743,1|1|1|1,0.9173958948894889,0.8824677988886833,0.008398241363465786,0.9173958948894889,0.042958000008752606
lightweight gas storage MOFs with low density,q3_lightweight_storage,46,GAT only,3,qmof-e566fbb,Zn2C36H22N6O8,0.728571,2.93315,True,0.83426434,True,1.0,0.471145,1|1|1|1,0.9173958948894889,0.8824677988886833,0.009951105186094841,0.9173958948894889,0.042958000008752606
lightweight gas storage MOFs with low density,q3_lightweight_storage,46,GAT only,4,qmof-cef46c3,Zn2C48H32N8O8,0.728571,2.913296,True,0.7895211,True,1.0,0.458106,1|1|1|1,0.9173958948894889,0.8824677988886833,0.01146700574705998,0.9173958948894889,0.042958000008752606
lightweight gas storage MOFs with low density,q3_lightweight_storage,46,GAT only,5,qmof-a1a5849,Fe2C24H16N8,0.728571,2.75343,True,0.925170256,True,1.0,0.447383,1|1|1|1,0.9173958948894889,0.8824677988886833,0.012693268153816462,0.9173958948894889,0.042958000008752606
lightweight gas storage MOFs with low density,q3_lightweight_storage,46,LEA + GraphSAGE,1,qmof-13a76dd,Zn4C40H28N12O8,0.728571,3.309168,True,0.982716063,True,1.0,0.311079,1|1|1|1,0.9173958948894889,0.8824677988886833,0.0,0.8994731545448303,95.53458399999215
lightweight gas storage MOFs with low density,q3_lightweight_storage,46,LEA + GraphSAGE,2,qmof-e566fbb,Zn2C36H22N6O8,0.728571,2.93315,True,0.83426434,True,1.0,0.303646,1|1|1|1,0.9173958948894889,0.8824677988886833,0.0033241373021155596,0.8980841308832168,95.53458399999215
lightweight gas storage MOFs with low density,q3_lightweight_storage,46,LEA + GraphSAGE,3,qmof-235f291,Ni2C24H16N8,0.728571,3.336142,True,0.870801372,True,1.0,0.30269,1|1|1|1,0.9173958948894889,0.8824677988886833,0.0025011154260331145,0.8979054361581802,95.53458399999215
lightweight gas storage MOFs with low density,q3_lightweight_storage,46,LEA + GraphSAGE,4,qmof-a1a5849,Fe2C24H16N8,0.728571,2.75343,True,0.925170256,True,1.0,0.298612,1|1|1|1,0.9173958948894889,0.8824677988886833,0.002858961209616003,0.8971431761980057,95.53458399999215
lightweight gas storage MOFs with low density,q3_lightweight_storage,46,LEA + GraphSAGE,5,qmof-ac6a77a,Zn4C76H44N8O16,0.728571,2.401359,True,0.82887956,True,1.0,0.297293,1|1|1|1,0.9173958948894889,0.8824677988886833,0.002916367145371623,0.8968965470790863,95.53458399999215
lightweight gas storage MOFs with low density,q3_lightweight_storage,46,LEA + GAT,1,qmof-13a76dd,Zn4C40H28N12O8,0.728571,3.309168,True,0.982716063,True,1.0,0.504522,1|1|1|1,0.9173958948894889,0.8824677988886833,0.0,0.935387821495533,94.66995900000086
lightweight gas storage MOFs with low density,q3_lightweight_storage,46,LEA + GAT,2,qmof-235f291,Ni2C24H16N8,0.728571,3.336142,True,0.870801372,True,1.0,0.485743,1|1|1|1,0.9173958948894889,0.8824677988886833,0.008398241363465786,0.9319272711873055,94.66995900000086
lightweight gas storage MOFs with low density,q3_lightweight_storage,46,LEA + GAT,3,qmof-e566fbb,Zn2C36H22N6O8,0.728571,2.93315,True,0.83426434,True,1.0,0.471145,1|1|1|1,0.9173958948894889,0.8824677988886833,0.009951105186094841,0.9292323172092438,94.66995900000086
lightweight gas storage MOFs with low density,q3_lightweight_storage,46,LEA + GAT,4,qmof-cef46c3,Zn2C48H32N8O8,0.728571,2.913296,True,0.7895211,True,1.0,0.458106,1|1|1|1,0.9173958948894889,0.8824677988886833,0.01146700574705998,0.9268218696117401,94.66995900000086
lightweight gas storage MOFs with low density,q3_lightweight_storage,46,LEA + GAT,5,qmof-a1a5849,Fe2C24H16N8,0.728571,2.75343,True,0.925170256,True,1.0,0.447383,1|1|1|1,0.9173958948894889,0.8824677988886833,0.012693268153816462,0.9248372703790665,94.66995900000086
lightweight gas storage MOFs with low density,q3_lightweight_storage,47,SemanticOnly,1,qmof-fd3b276,Zn2C38Cl2H20N2O8,0.728571,,False,0.427132446,True,1.0,,1|0|1|1,0.8944462048562299,0.8720471411943436,0.0,0.8944462048562299,0.047249999994392056
lightweight gas storage MOFs with low density,q3_lightweight_storage,47,SemanticOnly,2,qmof-fcd9e5c,Zn2C46F5H23N4O12,0.728571,,False,0.684381003,True,1.0,,1|0|1|1,0.8944462048562299,0.8720471411943436,0.0,0.8944462048562299,0.047249999994392056
lightweight gas storage MOFs with low density,q3_lightweight_storage,47,SemanticOnly,3,qmof-fa61018,Al4C64H52N8O22,0.728571,,False,0.588664798,True,1.0,,1|0|1|1,0.8944462048562299,0.8720471411943436,0.0,0.8944462048562299,0.047249999994392056
lightweight gas storage MOFs with low density,q3_lightweight_storage,47,SemanticOnly,4,qmof-fa46fe8,Al4C100Cl6H90N4O28,0.728571,,False,0.728719378,True,1.0,,1|0|1|1,0.8944462048562299,0.8720471411943436,0.0,0.8944462048562299,0.047249999994392056
lightweight gas storage MOFs with low density,q3_lightweight_storage,47,SemanticOnly,5,qmof-f81a30b,Zn4C78H36O22,0.728571,,False,0.337585554,True,1.0,,1|0|1|1,0.8944462048562299,0.8720471411943436,0.0,0.8944462048562299,0.047249999994392056
lightweight gas storage MOFs with low density,q3_lightweight_storage,47,WeightedSum,1,qmof-e566fbb,Zn2C36H22N6O8,0.728571,2.93315,True,0.83426434,True,1.0,,1|1|1|1,0.9173958948894889,0.8824677988886833,0.0,0.9173958948894889,0.04549999999881038
lightweight gas storage MOFs with low density,q3_lightweight_storage,47,WeightedSum,2,qmof-cef46c3,Zn2C48H32N8O8,0.728571,2.913296,True,0.7895211,True,1.0,,1|1|1|1,0.9173958948894889,0.8824677988886833,0.0,0.9173958948894889,0.04549999999881038
lightweight gas storage MOFs with low density,q3_lightweight_storage,47,WeightedSum,3,qmof-c0f392b,Zn2C44H38N6O12,0.728571,2.464185,True,0.915527725,True,1.0,,1|1|1|1,0.9173958948894889,0.8824677988886833,0.0,0.9173958948894889,0.04549999999881038
lightweight gas storage MOFs with low density,q3_lightweight_storage,47,WeightedSum,4,qmof-ac6a77a,Zn4C76H44N8O16,0.728571,2.401359,True,0.82887956,True,1.0,,1|1|1|1,0.9173958948894889,0.8824677988886833,0.0,0.9173958948894889,0.04549999999881038
lightweight gas storage MOFs with low density,q3_lightweight_storage,47,WeightedSum,5,qmof-a1a5849,Fe2C24H16N8,0.728571,2.75343,True,0.925170256,True,1.0,,1|1|1|1,0.9173958948894889,0.8824677988886833,0.0,0.9173958948894889,0.04549999999881038
lightweight gas storage MOFs with low density,q3_lightweight_storage,47,TOPSIS,1,qmof-e566fbb,Zn2C36H22N6O8,0.728571,2.93315,True,0.83426434,True,1.0,,1|1|1|1,0.9173958948894889,0.8824677988886833,0.0,0.9173958948894889,1.2110830000011674
lightweight gas storage MOFs with low density,q3_lightweight_storage,47,TOPSIS,2,qmof-cef46c3,Zn2C48H32N8O8,0.728571,2.913296,True,0.7895211,True,1.0,,1|1|1|1,0.9173958948894889,0.8824677988886833,0.0,0.9173958948894889,1.2110830000011674
lightweight gas storage MOFs with low density,q3_lightweight_storage,47,TOPSIS,3,qmof-c0f392b,Zn2C44H38N6O12,0.728571,2.464185,True,0.915527725,True,1.0,,1|1|1|1,0.9173958948894889,0.8824677988886833,0.0,0.9173958948894889,1.2110830000011674
lightweight gas storage MOFs with low density,q3_lightweight_storage,47,TOPSIS,4,qmof-ac6a77a,Zn4C76H44N8O16,0.728571,2.401359,True,0.82887956,True,1.0,,1|1|1|1,0.9173958948894889,0.8824677988886833,0.0,0.9173958948894889,1.2110830000011674
lightweight gas storage MOFs with low density,q3_lightweight_storage,47,TOPSIS,5,qmof-a1a5849,Fe2C24H16N8,0.728571,2.75343,True,0.925170256,True,1.0,,1|1|1|1,0.9173958948894889,0.8824677988886833,0.0,0.9173958948894889,1.2110830000011674
lightweight gas storage MOFs with low density,q3_lightweight_storage,47,ParetoCrowding,1,qmof-e566fbb,Zn2C36H22N6O8,0.728571,2.93315,True,0.83426434,True,1.0,,1|1|1|1,0.9173958948894889,0.8824677988886833,0.0,0.9173958948894889,191.65645900000072
lightweight gas storage MOFs with low density,q3_lightweight_storage,47,ParetoCrowding,2,qmof-cef46c3,Zn2C48H32N8O8,0.728571,2.913296,True,0.7895211,True,1.0,,1|1|1|1,0.9173958948894889,0.8824677988886833,0.0,0.9173958948894889,191.65645900000072
lightweight gas storage MOFs with low density,q3_lightweight_storage,47,ParetoCrowding,3,qmof-c0f392b,Zn2C44H38N6O12,0.728571,2.464185,True,0.915527725,True,1.0,,1|1|1|1,0.9173958948894889,0.8824677988886833,0.0,0.9173958948894889,191.65645900000072
lightweight gas storage MOFs with low density,q3_lightweight_storage,47,ParetoCrowding,4,qmof-ac6a77a,Zn4C76H44N8O16,0.728571,2.401359,True,0.82887956,True,1.0,,1|1|1|1,0.9173958948894889,0.8824677988886833,0.0,0.9173958948894889,191.65645900000072
lightweight gas storage MOFs with low density,q3_lightweight_storage,47,ParetoCrowding,5,qmof-a1a5849,Fe2C24H16N8,0.728571,2.75343,True,0.925170256,True,1.0,,1|1|1|1,0.9173958948894889,0.8824677988886833,0.0,0.9173958948894889,191.65645900000072
lightweight gas storage MOFs with low density,q3_lightweight_storage,47,Random,1,qmof-7fe12e1,Zn4C41H22O14,0.728571,,False,0.369667502,True,1.0,,1|0|1|1,0.8944462048562299,0.8720471411943436,0.0,0.8944462048562299,0.046584000003235815
lightweight gas storage MOFs with low density,q3_lightweight_storage,47,Random,2,qmof-452ad60,Zn16C96H28N4O68S16,0.728571,,False,0.570837566,True,1.0,,1|0|1|1,0.8944462048562299,0.8720471411943436,0.0,0.8944462048562299,0.046584000003235815
lightweight gas storage MOFs with low density,q3_lightweight_storage,47,Random,3,qmof-fa61018,Al4C64H52N8O22,0.728571,,False,0.588664798,True,1.0,,1|0|1|1,0.8944462048562299,0.8720471411943436,0.0,0.8944462048562299,0.046584000003235815
lightweight gas storage MOFs with low density,q3_lightweight_storage,47,Random,4,qmof-8f0fcd4,Zn2C44H20N2O16,0.728571,,False,0.453882587,True,1.0,,1|0|1|1,0.8944462048562299,0.8720471411943436,0.0,0.8944462048562299,0.046584000003235815
lightweight gas storage MOFs with low density,q3_lightweight_storage,47,Random,5,qmof-16137ec,Zn4C82H54N4O16,0.728571,,False,0.663366146,True,1.0,,1|0|1|1,0.8944462048562299,0.8720471411943436,0.0,0.8944462048562299,0.046584000003235815
lightweight gas storage MOFs with low density,q3_lightweight_storage,47,MMR,1,qmof-a1a5849,Fe2C24H16N8,0.728571,2.75343,True,0.925170256,True,1.0,,1|1|1|1,0.9173958948894889,0.8824677988886833,0.0,0.9173958948894889,1700.4344580000038
lightweight gas storage MOFs with low density,q3_lightweight_storage,47,MMR,2,qmof-13a76dd,Zn4C40H28N12O8,0.728571,3.309168,True,0.982716063,True,1.0,,1|1|1|1,0.9173958948894889,0.8824677988886833,0.0,0.9173958948894889,1700.4344580000038
lightweight gas storage MOFs with low density,q3_lightweight_storage,47,MMR,3,qmof-ac6a77a,Zn4C76H44N8O16,0.728571,2.401359,True,0.82887956,True,1.0,,1|1|1|1,0.9173958948894889,0.8824677988886833,0.0,0.9173958948894889,1700.4344580000038
lightweight gas storage MOFs with low density,q3_lightweight_storage,47,MMR,4,qmof-cef46c3,Zn2C48H32N8O8,0.728571,2.913296,True,0.7895211,True,1.0,,1|1|1|1,0.9173958948894889,0.8824677988886833,0.0,0.9173958948894889,1700.4344580000038
lightweight gas storage MOFs with low density,q3_lightweight_storage,47,MMR,5,qmof-e566fbb,Zn2C36H22N6O8,0.728571,2.93315,True,0.83426434,True,1.0,,1|1|1|1,0.9173958948894889,0.8824677988886833,0.0,0.9173958948894889,1700.4344580000038
lightweight gas storage MOFs with low density,q3_lightweight_storage,47,LEA,1,qmof-c0f392b,Zn2C44H38N6O12,0.728571,2.464185,True,0.915527725,True,1.0,,1|1|1|1,0.9173958948894889,0.8824677988886833,0.0,1.0056426696479321,90.69399999999916
lightweight gas storage MOFs with low density,q3_lightweight_storage,47,LEA,2,qmof-235f291,Ni2C24H16N8,0.728571,3.336142,True,0.870801372,True,1.0,,1|1|1|1,0.9173958948894889,0.8824677988886833,0.0,1.0056426696479321,90.69399999999916
lightweight gas storage MOFs with low density,q3_lightweight_storage,47,LEA,3,qmof-e566fbb,Zn2C36H22N6O8,0.728571,2.93315,True,0.83426434,True,1.0,,1|1|1|1,0.9173958948894889,0.8824677988886833,0.0,1.0056426696479321,90.69399999999916
lightweight gas storage MOFs with low density,q3_lightweight_storage,47,LEA,4,qmof-cef46c3,Zn2C48H32N8O8,0.728571,2.913296,True,0.7895211,True,1.0,,1|1|1|1,0.9173958948894889,0.8824677988886833,0.0,1.0056426696479321,90.69399999999916
lightweight gas storage MOFs with low density,q3_lightweight_storage,47,LEA,5,qmof-ac6a77a,Zn4C76H44N8O16,0.728571,2.401359,True,0.82887956,True,1.0,,1|1|1|1,0.9173958948894889,0.8824677988886833,0.0,1.0056426696479321,90.69399999999916
lightweight gas storage MOFs with low density,q3_lightweight_storage,47,LEA no diversity,1,qmof-c0f392b,Zn2C44H38N6O12,0.728571,2.464185,True,0.915527725,True,1.0,,1|1|1|1,0.9173958948894889,0.8824677988886833,0.0,1.0056426696479321,90.46491699999137
lightweight gas storage MOFs with low density,q3_lightweight_storage,47,LEA no diversity,2,qmof-235f291,Ni2C24H16N8,0.728571,3.336142,True,0.870801372,True,1.0,,1|1|1|1,0.9173958948894889,0.8824677988886833,0.0,1.0056426696479321,90.46491699999137
lightweight gas storage MOFs with low density,q3_lightweight_storage,47,LEA no diversity,3,qmof-e566fbb,Zn2C36H22N6O8,0.728571,2.93315,True,0.83426434,True,1.0,,1|1|1|1,0.9173958948894889,0.8824677988886833,0.0,1.0056426696479321,90.46491699999137
lightweight gas storage MOFs with low density,q3_lightweight_storage,47,LEA no diversity,4,qmof-cef46c3,Zn2C48H32N8O8,0.728571,2.913296,True,0.7895211,True,1.0,,1|1|1|1,0.9173958948894889,0.8824677988886833,0.0,1.0056426696479321,90.46491699999137
lightweight gas storage MOFs with low density,q3_lightweight_storage,47,LEA no diversity,5,qmof-ac6a77a,Zn4C76H44N8O16,0.728571,2.401359,True,0.82887956,True,1.0,,1|1|1|1,0.9173958948894889,0.8824677988886833,0.0,1.0056426696479321,90.46491699999137
lightweight gas storage MOFs with low density,q3_lightweight_storage,47,LEA no self-cleaning,1,qmof-c0f392b,Zn2C44H38N6O12,0.728571,2.464185,True,0.915527725,True,1.0,,1|1|1|1,0.9173958948894889,0.8824677988886833,0.0,1.0056426696479321,90.26604200001032
lightweight gas storage MOFs with low density,q3_lightweight_storage,47,LEA no self-cleaning,2,qmof-235f291,Ni2C24H16N8,0.728571,3.336142,True,0.870801372,True,1.0,,1|1|1|1,0.9173958948894889,0.8824677988886833,0.0,1.0056426696479321,90.26604200001032
lightweight gas storage MOFs with low density,q3_lightweight_storage,47,LEA no self-cleaning,3,qmof-e566fbb,Zn2C36H22N6O8,0.728571,2.93315,True,0.83426434,True,1.0,,1|1|1|1,0.9173958948894889,0.8824677988886833,0.0,1.0056426696479321,90.26604200001032
lightweight gas storage MOFs with low density,q3_lightweight_storage,47,LEA no self-cleaning,4,qmof-cef46c3,Zn2C48H32N8O8,0.728571,2.913296,True,0.7895211,True,1.0,,1|1|1|1,0.9173958948894889,0.8824677988886833,0.0,1.0056426696479321,90.26604200001032
lightweight gas storage MOFs with low density,q3_lightweight_storage,47,LEA no self-cleaning,5,qmof-ac6a77a,Zn4C76H44N8O16,0.728571,2.401359,True,0.82887956,True,1.0,,1|1|1|1,0.9173958948894889,0.8824677988886833,0.0,1.0056426696479321,90.26604200001032
lightweight gas storage MOFs with low density,q3_lightweight_storage,47,GraphSAGE only,1,qmof-13a76dd,Zn4C40H28N12O8,0.728571,3.309168,True,0.982716063,True,1.0,0.311079,1|1|1|1,0.9173958948894889,0.8824677988886833,0.0,0.9173958948894889,0.037082999995163846
lightweight gas storage MOFs with low density,q3_lightweight_storage,47,GraphSAGE only,2,qmof-e566fbb,Zn2C36H22N6O8,0.728571,2.93315,True,0.83426434,True,1.0,0.303646,1|1|1|1,0.9173958948894889,0.8824677988886833,0.0033241373021155596,0.9173958948894889,0.037082999995163846
lightweight gas storage MOFs with low density,q3_lightweight_storage,47,GraphSAGE only,3,qmof-235f291,Ni2C24H16N8,0.728571,3.336142,True,0.870801372,True,1.0,0.30269,1|1|1|1,0.9173958948894889,0.8824677988886833,0.0025011154260331145,0.9173958948894889,0.037082999995163846
lightweight gas storage MOFs with low density,q3_lightweight_storage,47,GraphSAGE only,4,qmof-eadd46d,Zn16C96F16N16O84S16,0.728571,,False,0.682386491,True,1.0,0.429969,1|0|1|1,0.8944462048562299,0.8720471411943436,0.032291561476692245,0.8944462048562299,0.037082999995163846
lightweight gas storage MOFs with low density,q3_lightweight_storage,47,GraphSAGE only,5,qmof-a1a5849,Fe2C24H16N8,0.728571,2.75343,True,0.925170256,True,1.0,0.298612,1|1|1|1,0.9173958948894889,0.8824677988886833,0.0269078296929365,0.9173958948894889,0.037082999995163846
lightweight gas storage MOFs with low density,q3_lightweight_storage,47,GAT only,1,qmof-13a76dd,Zn4C40H28N12O8,0.728571,3.309168,True,0.982716063,True,1.0,0.504522,1|1|1|1,0.9173958948894889,0.8824677988886833,0.0,0.9173958948894889,0.03900000000101045
lightweight gas storage MOFs with low density,q3_lightweight_storage,47,GAT only,2,qmof-235f291,Ni2C24H16N8,0.728571,3.336142,True,0.870801372,True,1.0,0.485743,1|1|1|1,0.9173958948894889,0.8824677988886833,0.008398241363465786,0.9173958948894889,0.03900000000101045
lightweight gas storage MOFs with low density,q3_lightweight_storage,47,GAT only,3,qmof-e566fbb,Zn2C36H22N6O8,0.728571,2.93315,True,0.83426434,True,1.0,0.471145,1|1|1|1,0.9173958948894889,0.8824677988886833,0.009951105186094841,0.9173958948894889,0.03900000000101045
lightweight gas storage MOFs with low density,q3_lightweight_storage,47,GAT only,4,qmof-cef46c3,Zn2C48H32N8O8,0.728571,2.913296,True,0.7895211,True,1.0,0.458106,1|1|1|1,0.9173958948894889,0.8824677988886833,0.01146700574705998,0.9173958948894889,0.03900000000101045
lightweight gas storage MOFs with low density,q3_lightweight_storage,47,GAT only,5,qmof-a1a5849,Fe2C24H16N8,0.728571,2.75343,True,0.925170256,True,1.0,0.447383,1|1|1|1,0.9173958948894889,0.8824677988886833,0.012693268153816462,0.9173958948894889,0.03900000000101045
lightweight gas storage MOFs with low density,q3_lightweight_storage,47,LEA + GraphSAGE,1,qmof-13a76dd,Zn4C40H28N12O8,0.728571,3.309168,True,0.982716063,True,1.0,0.311079,1|1|1|1,0.9173958948894889,0.8824677988886833,0.0,0.8994731545448303,94.50266700000043
lightweight gas storage MOFs with low density,q3_lightweight_storage,47,LEA + GraphSAGE,2,qmof-e566fbb,Zn2C36H22N6O8,0.728571,2.93315,True,0.83426434,True,1.0,0.303646,1|1|1|1,0.9173958948894889,0.8824677988886833,0.0033241373021155596,0.8980841308832168,94.50266700000043
lightweight gas storage MOFs with low density,q3_lightweight_storage,47,LEA + GraphSAGE,3,qmof-235f291,Ni2C24H16N8,0.728571,3.336142,True,0.870801372,True,1.0,0.30269,1|1|1|1,0.9173958948894889,0.8824677988886833,0.0025011154260331145,0.8979054361581802,94.50266700000043
lightweight gas storage MOFs with low density,q3_lightweight_storage,47,LEA + GraphSAGE,4,qmof-a1a5849,Fe2C24H16N8,0.728571,2.75343,True,0.925170256,True,1.0,0.298612,1|1|1|1,0.9173958948894889,0.8824677988886833,0.002858961209616003,0.8971431761980057,94.50266700000043
lightweight gas storage MOFs with low density,q3_lightweight_storage,47,LEA + GraphSAGE,5,qmof-ac6a77a,Zn4C76H44N8O16,0.728571,2.401359,True,0.82887956,True,1.0,0.297293,1|1|1|1,0.9173958948894889,0.8824677988886833,0.002916367145371623,0.8968965470790863,94.50266700000043
lightweight gas storage MOFs with low density,q3_lightweight_storage,47,LEA + GAT,1,qmof-13a76dd,Zn4C40H28N12O8,0.728571,3.309168,True,0.982716063,True,1.0,0.504522,1|1|1|1,0.9173958948894889,0.8824677988886833,0.0,0.935387821495533,94.10033300000009
lightweight gas storage MOFs with low density,q3_lightweight_storage,47,LEA + GAT,2,qmof-235f291,Ni2C24H16N8,0.728571,3.336142,True,0.870801372,True,1.0,0.485743,1|1|1|1,0.9173958948894889,0.8824677988886833,0.008398241363465786,0.9319272711873055,94.10033300000009
lightweight gas storage MOFs with low density,q3_lightweight_storage,47,LEA + GAT,3,qmof-e566fbb,Zn2C36H22N6O8,0.728571,2.93315,True,0.83426434,True,1.0,0.471145,1|1|1|1,0.9173958948894889,0.8824677988886833,0.009951105186094841,0.9292323172092438,94.10033300000009
lightweight gas storage MOFs with low density,q3_lightweight_storage,47,LEA + GAT,4,qmof-cef46c3,Zn2C48H32N8O8,0.728571,2.913296,True,0.7895211,True,1.0,0.458106,1|1|1|1,0.9173958948894889,0.8824677988886833,0.01146700574705998,0.9268218696117401,94.10033300000009
lightweight gas storage MOFs with low density,q3_lightweight_storage,47,LEA + GAT,5,qmof-a1a5849,Fe2C24H16N8,0.728571,2.75343,True,0.925170256,True,1.0,0.447383,1|1|1|1,0.9173958948894889,0.8824677988886833,0.012693268153816462,0.9248372703790665,94.10033300000009
lightweight gas storage MOFs with low density,q3_lightweight_storage,48,SemanticOnly,1,qmof-f7ee91d,Zn4C33H19N3O13,0.728571,,False,0.470456151,True,1.0,,1|0|1|1,0.8944462048562299,0.8720471411943436,0.0,0.8944462048562299,0.047291000001337125
lightweight gas storage MOFs with low density,q3_lightweight_storage,48,SemanticOnly,2,qmof-f5b881e,Zn2C40H16N2O14S2,0.728571,,False,0.513835906,True,1.0,,1|0|1|1,0.8944462048562299,0.8720471411943436,0.0,0.8944462048562299,0.047291000001337125
lightweight gas storage MOFs with low density,q3_lightweight_storage,48,SemanticOnly,3,qmof-f1d3585,Al4C68H40O48S8,0.728571,,False,0.838559012,True,1.0,,1|0|1|1,0.8944462048562299,0.8720471411943436,0.0,0.8944462048562299,0.047291000001337125
lightweight gas storage MOFs with low density,q3_lightweight_storage,48,SemanticOnly,4,qmof-ead1cf2,Zn8C104H56N8O32,0.728571,,False,0.958655665,True,1.0,,1|0|1|1,0.8944462048562299,0.8720471411943436,0.0,0.8944462048562299,0.047291000001337125
lightweight gas storage MOFs with low density,q3_lightweight_storage,48,SemanticOnly,5,qmof-e651703,Al4C76H52N8O40,0.728571,,False,0.756480419,True,1.0,,1|0|1|1,0.8944462048562299,0.8720471411943436,0.0,0.8944462048562299,0.047291000001337125
lightweight gas storage MOFs with low density,q3_lightweight_storage,48,WeightedSum,1,qmof-e566fbb,Zn2C36H22N6O8,0.728571,2.93315,True,0.83426434,True,1.0,,1|1|1|1,0.9173958948894889,0.8824677988886833,0.0,0.9173958948894889,0.04495800000370309
lightweight gas storage MOFs with low density,q3_lightweight_storage,48,WeightedSum,2,qmof-cef46c3,Zn2C48H32N8O8,0.728571,2.913296,True,0.7895211,True,1.0,,1|1|1|1,0.9173958948894889,0.8824677988886833,0.0,0.9173958948894889,0.04495800000370309
lightweight gas storage MOFs with low density,q3_lightweight_storage,48,WeightedSum,3,qmof-c0f392b,Zn2C44H38N6O12,0.728571,2.464185,True,0.915527725,True,1.0,,1|1|1|1,0.9173958948894889,0.8824677988886833,0.0,0.9173958948894889,0.04495800000370309
lightweight gas storage MOFs with low density,q3_lightweight_storage,48,WeightedSum,4,qmof-ac6a77a,Zn4C76H44N8O16,0.728571,2.401359,True,0.82887956,True,1.0,,1|1|1|1,0.9173958948894889,0.8824677988886833,0.0,0.9173958948894889,0.04495800000370309
lightweight gas storage MOFs with low density,q3_lightweight_storage,48,WeightedSum,5,qmof-a1a5849,Fe2C24H16N8,0.728571,2.75343,True,0.925170256,True,1.0,,1|1|1|1,0.9173958948894889,0.8824677988886833,0.0,0.9173958948894889,0.04495800000370309
lightweight gas storage MOFs with low density,q3_lightweight_storage,48,TOPSIS,1,qmof-e566fbb,Zn2C36H22N6O8,0.728571,2.93315,True,0.83426434,True,1.0,,1|1|1|1,0.9173958948894889,0.8824677988886833,0.0,0.9173958948894889,1.2275830000021415
lightweight gas storage MOFs with low density,q3_lightweight_storage,48,TOPSIS,2,qmof-cef46c3,Zn2C48H32N8O8,0.728571,2.913296,True,0.7895211,True,1.0,,1|1|1|1,0.9173958948894889,0.8824677988886833,0.0,0.9173958948894889,1.2275830000021415
lightweight gas storage MOFs with low density,q3_lightweight_storage,48,TOPSIS,3,qmof-c0f392b,Zn2C44H38N6O12,0.728571,2.464185,True,0.915527725,True,1.0,,1|1|1|1,0.9173958948894889,0.8824677988886833,0.0,0.9173958948894889,1.2275830000021415
lightweight gas storage MOFs with low density,q3_lightweight_storage,48,TOPSIS,4,qmof-ac6a77a,Zn4C76H44N8O16,0.728571,2.401359,True,0.82887956,True,1.0,,1|1|1|1,0.9173958948894889,0.8824677988886833,0.0,0.9173958948894889,1.2275830000021415
lightweight gas storage MOFs with low density,q3_lightweight_storage,48,TOPSIS,5,qmof-a1a5849,Fe2C24H16N8,0.728571,2.75343,True,0.925170256,True,1.0,,1|1|1|1,0.9173958948894889,0.8824677988886833,0.0,0.9173958948894889,1.2275830000021415
lightweight gas storage MOFs with low density,q3_lightweight_storage,48,ParetoCrowding,1,qmof-e566fbb,Zn2C36H22N6O8,0.728571,2.93315,True,0.83426434,True,1.0,,1|1|1|1,0.9173958948894889,0.8824677988886833,0.0,0.9173958948894889,187.12458299999923
lightweight gas storage MOFs with low density,q3_lightweight_storage,48,ParetoCrowding,2,qmof-cef46c3,Zn2C48H32N8O8,0.728571,2.913296,True,0.7895211,True,1.0,,1|1|1|1,0.9173958948894889,0.8824677988886833,0.0,0.9173958948894889,187.12458299999923
lightweight gas storage MOFs with low density,q3_lightweight_storage,48,ParetoCrowding,3,qmof-c0f392b,Zn2C44H38N6O12,0.728571,2.464185,True,0.915527725,True,1.0,,1|1|1|1,0.9173958948894889,0.8824677988886833,0.0,0.9173958948894889,187.12458299999923
lightweight gas storage MOFs with low density,q3_lightweight_storage,48,ParetoCrowding,4,qmof-ac6a77a,Zn4C76H44N8O16,0.728571,2.401359,True,0.82887956,True,1.0,,1|1|1|1,0.9173958948894889,0.8824677988886833,0.0,0.9173958948894889,187.12458299999923
lightweight gas storage MOFs with low density,q3_lightweight_storage,48,ParetoCrowding,5,qmof-a1a5849,Fe2C24H16N8,0.728571,2.75343,True,0.925170256,True,1.0,,1|1|1|1,0.9173958948894889,0.8824677988886833,0.0,0.9173958948894889,187.12458299999923
lightweight gas storage MOFs with low density,q3_lightweight_storage,48,Random,1,qmof-271c0b2,Zn8C96H72O26,0.728571,,False,0.358800247,True,1.0,,1|0|1|1,0.8944462048562299,0.8720471411943436,0.0,0.8944462048562299,0.04291600001238294
lightweight gas storage MOFs with low density,q3_lightweight_storage,48,Random,2,qmof-277f9e3,Al4C64H36O20,0.728571,,False,0.664354922,True,1.0,,1|0|1|1,0.8944462048562299,0.8720471411943436,0.0,0.8944462048562299,0.04291600001238294
lightweight gas storage MOFs with low density,q3_lightweight_storage,48,Random,3,qmof-0bbddb3,Zn8C54F18H18O32,0.728571,,False,0.768118478,True,1.0,,1|0|1|1,0.8944462048562299,0.8720471411943436,0.0,0.8944462048562299,0.04291600001238294
lightweight gas storage MOFs with low density,q3_lightweight_storage,48,Random,4,qmof-08a8daa,Zn2C52F10H14N12O28,0.728571,,False,0.426298688,True,1.0,,1|0|1|1,0.8944462048562299,0.8720471411943436,0.0,0.8944462048562299,0.04291600001238294
lightweight gas storage MOFs with low density,q3_lightweight_storage,48,Random,5,qmof-9f8ac71,Zn8C160H96N8O32,0.728571,,False,0.845183726,True,1.0,,1|0|1|1,0.8944462048562299,0.8720471411943436,0.0,0.8944462048562299,0.04291600001238294
lightweight gas storage MOFs with low density,q3_lightweight_storage,48,MMR,1,qmof-e566fbb,Zn2C36H22N6O8,0.728571,2.93315,True,0.83426434,True,1.0,,1|1|1|1,0.9173958948894889,0.8824677988886833,0.0,0.9173958948894889,1650.8947909999988
lightweight gas storage MOFs with low density,q3_lightweight_storage,48,MMR,2,qmof-a1a5849,Fe2C24H16N8,0.728571,2.75343,True,0.925170256,True,1.0,,1|1|1|1,0.9173958948894889,0.8824677988886833,0.0,0.9173958948894889,1650.8947909999988
lightweight gas storage MOFs with low density,q3_lightweight_storage,48,MMR,3,qmof-cef46c3,Zn2C48H32N8O8,0.728571,2.913296,True,0.7895211,True,1.0,,1|1|1|1,0.9173958948894889,0.8824677988886833,0.0,0.9173958948894889,1650.8947909999988
lightweight gas storage MOFs with low density,q3_lightweight_storage,48,MMR,4,qmof-235f291,Ni2C24H16N8,0.728571,3.336142,True,0.870801372,True,1.0,,1|1|1|1,0.9173958948894889,0.8824677988886833,0.0,0.9173958948894889,1650.8947909999988
lightweight gas storage MOFs with low density,q3_lightweight_storage,48,MMR,5,qmof-13a76dd,Zn4C40H28N12O8,0.728571,3.309168,True,0.982716063,True,1.0,,1|1|1|1,0.9173958948894889,0.8824677988886833,0.0,0.9173958948894889,1650.8947909999988
lightweight gas storage MOFs with low density,q3_lightweight_storage,48,LEA,1,qmof-c0f392b,Zn2C44H38N6O12,0.728571,2.464185,True,0.915527725,True,1.0,,1|1|1|1,0.9173958948894889,0.8824677988886833,0.0,1.0056426696479321,91.26441699999077
lightweight gas storage MOFs with low density,q3_lightweight_storage,48,LEA,2,qmof-ac6a77a,Zn4C76H44N8O16,0.728571,2.401359,True,0.82887956,True,1.0,,1|1|1|1,0.9173958948894889,0.8824677988886833,0.0,1.0056426696479321,91.26441699999077
lightweight gas storage MOFs with low density,q3_lightweight_storage,48,LEA,3,qmof-13a76dd,Zn4C40H28N12O8,0.728571,3.309168,True,0.982716063,True,1.0,,1|1|1|1,0.9173958948894889,0.8824677988886833,0.0,1.0056426696479321,91.26441699999077
lightweight gas storage MOFs with low density,q3_lightweight_storage,48,LEA,4,qmof-235f291,Ni2C24H16N8,0.728571,3.336142,True,0.870801372,True,1.0,,1|1|1|1,0.9173958948894889,0.8824677988886833,0.0,1.0056426696479321,91.26441699999077
lightweight gas storage MOFs with low density,q3_lightweight_storage,48,LEA,5,qmof-cef46c3,Zn2C48H32N8O8,0.728571,2.913296,True,0.7895211,True,1.0,,1|1|1|1,0.9173958948894889,0.8824677988886833,0.0,1.0056426696479321,91.26441699999077
lightweight gas storage MOFs with low density,q3_lightweight_storage,48,LEA no diversity,1,qmof-c0f392b,Zn2C44H38N6O12,0.728571,2.464185,True,0.915527725,True,1.0,,1|1|1|1,0.9173958948894889,0.8824677988886833,0.0,1.0056426696479321,94.66341600000305
lightweight gas storage MOFs with low density,q3_lightweight_storage,48,LEA no diversity,2,qmof-ac6a77a,Zn4C76H44N8O16,0.728571,2.401359,True,0.82887956,True,1.0,,1|1|1|1,0.9173958948894889,0.8824677988886833,0.0,1.0056426696479321,94.66341600000305
lightweight gas storage MOFs with low density,q3_lightweight_storage,48,LEA no diversity,3,qmof-13a76dd,Zn4C40H28N12O8,0.728571,3.309168,True,0.982716063,True,1.0,,1|1|1|1,0.9173958948894889,0.8824677988886833,0.0,1.0056426696479321,94.66341600000305
lightweight gas storage MOFs with low density,q3_lightweight_storage,48,LEA no diversity,4,qmof-235f291,Ni2C24H16N8,0.728571,3.336142,True,0.870801372,True,1.0,,1|1|1|1,0.9173958948894889,0.8824677988886833,0.0,1.0056426696479321,94.66341600000305
lightweight gas storage MOFs with low density,q3_lightweight_storage,48,LEA no diversity,5,qmof-cef46c3,Zn2C48H32N8O8,0.728571,2.913296,True,0.7895211,True,1.0,,1|1|1|1,0.9173958948894889,0.8824677988886833,0.0,1.0056426696479321,94.66341600000305
lightweight gas storage MOFs with low density,q3_lightweight_storage,48,LEA no self-cleaning,1,qmof-c0f392b,Zn2C44H38N6O12,0.728571,2.464185,True,0.915527725,True,1.0,,1|1|1|1,0.9173958948894889,0.8824677988886833,0.0,1.0056426696479321,90.44208299999923
lightweight gas storage MOFs with low density,q3_lightweight_storage,48,LEA no self-cleaning,2,qmof-ac6a77a,Zn4C76H44N8O16,0.728571,2.401359,True,0.82887956,True,1.0,,1|1|1|1,0.9173958948894889,0.8824677988886833,0.0,1.0056426696479321,90.44208299999923
lightweight gas storage MOFs with low density,q3_lightweight_storage,48,LEA no self-cleaning,3,qmof-13a76dd,Zn4C40H28N12O8,0.728571,3.309168,True,0.982716063,True,1.0,,1|1|1|1,0.9173958948894889,0.8824677988886833,0.0,1.0056426696479321,90.44208299999923
lightweight gas storage MOFs with low density,q3_lightweight_storage,48,LEA no self-cleaning,4,qmof-235f291,Ni2C24H16N8,0.728571,3.336142,True,0.870801372,True,1.0,,1|1|1|1,0.9173958948894889,0.8824677988886833,0.0,1.0056426696479321,90.44208299999923
lightweight gas storage MOFs with low density,q3_lightweight_storage,48,LEA no self-cleaning,5,qmof-cef46c3,Zn2C48H32N8O8,0.728571,2.913296,True,0.7895211,True,1.0,,1|1|1|1,0.9173958948894889,0.8824677988886833,0.0,1.0056426696479321,90.44208299999923
lightweight gas storage MOFs with low density,q3_lightweight_storage,48,GraphSAGE only,1,qmof-13a76dd,Zn4C40H28N12O8,0.728571,3.309168,True,0.982716063,True,1.0,0.311079,1|1|1|1,0.9173958948894889,0.8824677988886833,0.0,0.9173958948894889,0.03958300000306281
lightweight gas storage MOFs with low density,q3_lightweight_storage,48,GraphSAGE only,2,qmof-e566fbb,Zn2C36H22N6O8,0.728571,2.93315,True,0.83426434,True,1.0,0.303646,1|1|1|1,0.9173958948894889,0.8824677988886833,0.0033241373021155596,0.9173958948894889,0.03958300000306281
lightweight gas storage MOFs with low density,q3_lightweight_storage,48,GraphSAGE only,3,qmof-235f291,Ni2C24H16N8,0.728571,3.336142,True,0.870801372,True,1.0,0.30269,1|1|1|1,0.9173958948894889,0.8824677988886833,0.0025011154260331145,0.9173958948894889,0.03958300000306281
lightweight gas storage MOFs with low density,q3_lightweight_storage,48,GraphSAGE only,4,qmof-a1a5849,Fe2C24H16N8,0.728571,2.75343,True,0.925170256,True,1.0,0.298612,1|1|1|1,0.9173958948894889,0.8824677988886833,0.002858961209616003,0.9173958948894889,0.03958300000306281
lightweight gas storage MOFs with low density,q3_lightweight_storage,48,GraphSAGE only,5,qmof-ac6a77a,Zn4C76H44N8O16,0.728571,2.401359,True,0.82887956,True,1.0,0.297293,1|1|1|1,0.9173958948894889,0.8824677988886833,0.002916367145371623,0.9173958948894889,0.03958300000306281
lightweight gas storage MOFs with low density,q3_lightweight_storage,48,GAT only,1,qmof-13a76dd,Zn4C40H28N12O8,0.728571,3.309168,True,0.982716063,True,1.0,0.504522,1|1|1|1,0.9173958948894889,0.8824677988886833,0.0,0.9173958948894889,0.03683300001000589
lightweight gas storage MOFs with low density,q3_lightweight_storage,48,GAT only,2,qmof-235f291,Ni2C24H16N8,0.728571,3.336142,True,0.870801372,True,1.0,0.485743,1|1|1|1,0.9173958948894889,0.8824677988886833,0.008398241363465786,0.9173958948894889,0.03683300001000589
lightweight gas storage MOFs with low density,q3_lightweight_storage,48,GAT only,3,qmof-e566fbb,Zn2C36H22N6O8,0.728571,2.93315,True,0.83426434,True,1.0,0.471145,1|1|1|1,0.9173958948894889,0.8824677988886833,0.009951105186094841,0.9173958948894889,0.03683300001000589
lightweight gas storage MOFs with low density,q3_lightweight_storage,48,GAT only,4,qmof-cef46c3,Zn2C48H32N8O8,0.728571,2.913296,True,0.7895211,True,1.0,0.458106,1|1|1|1,0.9173958948894889,0.8824677988886833,0.01146700574705998,0.9173958948894889,0.03683300001000589
lightweight gas storage MOFs with low density,q3_lightweight_storage,48,GAT only,5,qmof-a1a5849,Fe2C24H16N8,0.728571,2.75343,True,0.925170256,True,1.0,0.447383,1|1|1|1,0.9173958948894889,0.8824677988886833,0.012693268153816462,0.9173958948894889,0.03683300001000589
lightweight gas storage MOFs with low density,q3_lightweight_storage,48,LEA + GraphSAGE,1,qmof-13a76dd,Zn4C40H28N12O8,0.728571,3.309168,True,0.982716063,True,1.0,0.311079,1|1|1|1,0.9173958948894889,0.8824677988886833,0.0,0.8994731545448303,94.54045900000096
lightweight gas storage MOFs with low density,q3_lightweight_storage,48,LEA + GraphSAGE,2,qmof-e566fbb,Zn2C36H22N6O8,0.728571,2.93315,True,0.83426434,True,1.0,0.303646,1|1|1|1,0.9173958948894889,0.8824677988886833,0.0033241373021155596,0.8980841308832168,94.54045900000096
lightweight gas storage MOFs with low density,q3_lightweight_storage,48,LEA + GraphSAGE,3,qmof-235f291,Ni2C24H16N8,0.728571,3.336142,True,0.870801372,True,1.0,0.30269,1|1|1|1,0.9173958948894889,0.8824677988886833,0.0025011154260331145,0.8979054361581802,94.54045900000096
lightweight gas storage MOFs with low density,q3_lightweight_storage,48,LEA + GraphSAGE,4,qmof-a1a5849,Fe2C24H16N8,0.728571,2.75343,True,0.925170256,True,1.0,0.298612,1|1|1|1,0.9173958948894889,0.8824677988886833,0.002858961209616003,0.8971431761980057,94.54045900000096
lightweight gas storage MOFs with low density,q3_lightweight_storage,48,LEA + GraphSAGE,5,qmof-ac6a77a,Zn4C76H44N8O16,0.728571,2.401359,True,0.82887956,True,1.0,0.297293,1|1|1|1,0.9173958948894889,0.8824677988886833,0.002916367145371623,0.8968965470790863,94.54045900000096
lightweight gas storage MOFs with low density,q3_lightweight_storage,48,LEA + GAT,1,qmof-13a76dd,Zn4C40H28N12O8,0.728571,3.309168,True,0.982716063,True,1.0,0.504522,1|1|1|1,0.9173958948894889,0.8824677988886833,0.0,0.935387821495533,94.42670900000394
lightweight gas storage MOFs with low density,q3_lightweight_storage,48,LEA + GAT,2,qmof-235f291,Ni2C24H16N8,0.728571,3.336142,True,0.870801372,True,1.0,0.485743,1|1|1|1,0.9173958948894889,0.8824677988886833,0.008398241363465786,0.9319272711873055,94.42670900000394
lightweight gas storage MOFs with low density,q3_lightweight_storage,48,LEA + GAT,3,qmof-e566fbb,Zn2C36H22N6O8,0.728571,2.93315,True,0.83426434,True,1.0,0.471145,1|1|1|1,0.9173958948894889,0.8824677988886833,0.009951105186094841,0.9292323172092438,94.42670900000394
lightweight gas storage MOFs with low density,q3_lightweight_storage,48,LEA + GAT,4,qmof-cef46c3,Zn2C48H32N8O8,0.728571,2.913296,True,0.7895211,True,1.0,0.458106,1|1|1|1,0.9173958948894889,0.8824677988886833,0.01146700574705998,0.9268218696117401,94.42670900000394
lightweight gas storage MOFs with low density,q3_lightweight_storage,48,LEA + GAT,5,qmof-a1a5849,Fe2C24H16N8,0.728571,2.75343,True,0.925170256,True,1.0,0.447383,1|1|1|1,0.9173958948894889,0.8824677988886833,0.012693268153816462,0.9248372703790665,94.42670900000394
lightweight gas storage MOFs with low density,q3_lightweight_storage,49,SemanticOnly,1,qmof-fea8031,Al2C18H14N4O10,0.728571,,False,0.899177113,True,1.0,,1|0|1|1,0.8944462048562299,0.8720471411943436,0.0,0.8944462048562299,0.04741600000102153
lightweight gas storage MOFs with low density,q3_lightweight_storage,49,SemanticOnly,2,qmof-fc7aafb,Al4C36FH15O20,0.728571,,False,0.750742958,True,1.0,,1|0|1|1,0.8944462048562299,0.8720471411943436,0.0,0.8944462048562299,0.04741600000102153
lightweight gas storage MOFs with low density,q3_lightweight_storage,49,SemanticOnly,3,qmof-faede09,Zr6C48H24N12O32,0.728571,,False,0.597621152,True,1.0,,1|0|1|1,0.8944462048562299,0.8720471411943436,0.0,0.8944462048562299,0.04741600000102153
lightweight gas storage MOFs with low density,q3_lightweight_storage,49,SemanticOnly,4,qmof-f6132be,Zn8C100H80N32,0.728571,,False,0.726640009,True,1.0,,1|0|1|1,0.8944462048562299,0.8720471411943436,0.0,0.8944462048562299,0.04741600000102153
lightweight gas storage MOFs with low density,q3_lightweight_storage,49,SemanticOnly,5,qmof-f5af2da,Zn2C48H40N2O8,0.728571,,False,0.641248261,True,1.0,,1|0|1|1,0.8944462048562299,0.8720471411943436,0.0,0.8944462048562299,0.04741600000102153
lightweight gas storage MOFs with low density,q3_lightweight_storage,49,WeightedSum,1,qmof-e566fbb,Zn2C36H22N6O8,0.728571,2.93315,True,0.83426434,True,1.0,,1|1|1|1,0.9173958948894889,0.8824677988886833,0.0,0.9173958948894889,0.050209000008294424
lightweight gas storage MOFs with low density,q3_lightweight_storage,49,WeightedSum,2,qmof-cef46c3,Zn2C48H32N8O8,0.728571,2.913296,True,0.7895211,True,1.0,,1|1|1|1,0.9173958948894889,0.8824677988886833,0.0,0.9173958948894889,0.050209000008294424
lightweight gas storage MOFs with low density,q3_lightweight_storage,49,WeightedSum,3,qmof-c0f392b,Zn2C44H38N6O12,0.728571,2.464185,True,0.915527725,True,1.0,,1|1|1|1,0.9173958948894889,0.8824677988886833,0.0,0.9173958948894889,0.050209000008294424
lightweight gas storage MOFs with low density,q3_lightweight_storage,49,WeightedSum,4,qmof-ac6a77a,Zn4C76H44N8O16,0.728571,2.401359,True,0.82887956,True,1.0,,1|1|1|1,0.9173958948894889,0.8824677988886833,0.0,0.9173958948894889,0.050209000008294424
lightweight gas storage MOFs with low density,q3_lightweight_storage,49,WeightedSum,5,qmof-a1a5849,Fe2C24H16N8,0.728571,2.75343,True,0.925170256,True,1.0,,1|1|1|1,0.9173958948894889,0.8824677988886833,0.0,0.9173958948894889,0.050209000008294424
lightweight gas storage MOFs with low density,q3_lightweight_storage,49,TOPSIS,1,qmof-e566fbb,Zn2C36H22N6O8,0.728571,2.93315,True,0.83426434,True,1.0,,1|1|1|1,0.9173958948894889,0.8824677988886833,0.0,0.9173958948894889,1.1876660000069705
lightweight gas storage MOFs with low density,q3_lightweight_storage,49,TOPSIS,2,qmof-cef46c3,Zn2C48H32N8O8,0.728571,2.913296,True,0.7895211,True,1.0,,1|1|1|1,0.9173958948894889,0.8824677988886833,0.0,0.9173958948894889,1.1876660000069705
lightweight gas storage MOFs with low density,q3_lightweight_storage,49,TOPSIS,3,qmof-c0f392b,Zn2C44H38N6O12,0.728571,2.464185,True,0.915527725,True,1.0,,1|1|1|1,0.9173958948894889,0.8824677988886833,0.0,0.9173958948894889,1.1876660000069705
lightweight gas storage MOFs with low density,q3_lightweight_storage,49,TOPSIS,4,qmof-ac6a77a,Zn4C76H44N8O16,0.728571,2.401359,True,0.82887956,True,1.0,,1|1|1|1,0.9173958948894889,0.8824677988886833,0.0,0.9173958948894889,1.1876660000069705
lightweight gas storage MOFs with low density,q3_lightweight_storage,49,TOPSIS,5,qmof-a1a5849,Fe2C24H16N8,0.728571,2.75343,True,0.925170256,True,1.0,,1|1|1|1,0.9173958948894889,0.8824677988886833,0.0,0.9173958948894889,1.1876660000069705
lightweight gas storage MOFs with low density,q3_lightweight_storage,49,ParetoCrowding,1,qmof-e566fbb,Zn2C36H22N6O8,0.728571,2.93315,True,0.83426434,True,1.0,,1|1|1|1,0.9173958948894889,0.8824677988886833,0.0,0.9173958948894889,195.71954099998834
lightweight gas storage MOFs with low density,q3_lightweight_storage,49,ParetoCrowding,2,qmof-cef46c3,Zn2C48H32N8O8,0.728571,2.913296,True,0.7895211,True,1.0,,1|1|1|1,0.9173958948894889,0.8824677988886833,0.0,0.9173958948894889,195.71954099998834
lightweight gas storage MOFs with low density,q3_lightweight_storage,49,ParetoCrowding,3,qmof-c0f392b,Zn2C44H38N6O12,0.728571,2.464185,True,0.915527725,True,1.0,,1|1|1|1,0.9173958948894889,0.8824677988886833,0.0,0.9173958948894889,195.71954099998834
lightweight gas storage MOFs with low density,q3_lightweight_storage,49,ParetoCrowding,4,qmof-ac6a77a,Zn4C76H44N8O16,0.728571,2.401359,True,0.82887956,True,1.0,,1|1|1|1,0.9173958948894889,0.8824677988886833,0.0,0.9173958948894889,195.71954099998834
lightweight gas storage MOFs with low density,q3_lightweight_storage,49,ParetoCrowding,5,qmof-a1a5849,Fe2C24H16N8,0.728571,2.75343,True,0.925170256,True,1.0,,1|1|1|1,0.9173958948894889,0.8824677988886833,0.0,0.9173958948894889,195.71954099998834
lightweight gas storage MOFs with low density,q3_lightweight_storage,49,Random,1,qmof-faede09,Zr6C48H24N12O32,0.728571,,False,0.597621152,True,1.0,,1|0|1|1,0.8944462048562299,0.8720471411943436,0.0,0.8944462048562299,0.04554199999518005
lightweight gas storage MOFs with low density,q3_lightweight_storage,49,Random,2,qmof-a372b4b,Cu4C96H56N8O16,0.728571,,False,0.509304538,True,1.0,,1|0|1|1,0.8944462048562299,0.8720471411943436,0.0,0.8944462048562299,0.04554199999518005
lightweight gas storage MOFs with low density,q3_lightweight_storage,49,Random,3,qmof-bda2f7d,Zn8C72H78N6O26,0.728571,,False,0.618023826,True,1.0,,1|0|1|1,0.8944462048562299,0.8720471411943436,0.0,0.8944462048562299,0.04554199999518005
lightweight gas storage MOFs with low density,q3_lightweight_storage,49,Random,4,qmof-ef32174,Zn2C10FH7N2O8,0.728571,,False,0.939281971,True,1.0,,1|0|1|1,0.8944462048562299,0.8720471411943436,0.0,0.8944462048562299,0.04554199999518005
lightweight gas storage MOFs with low density,q3_lightweight_storage,49,Random,5,qmof-7fccc1f,Zn4C48H40N16O4,0.728571,,False,0.954838788,True,1.0,,1|0|1|1,0.8944462048562299,0.8720471411943436,0.0,0.8944462048562299,0.04554199999518005
lightweight gas storage MOFs with low density,q3_lightweight_storage,49,MMR,1,qmof-cef46c3,Zn2C48H32N8O8,0.728571,2.913296,True,0.7895211,True,1.0,,1|1|1|1,0.9173958948894889,0.8824677988886833,0.0,0.9173958948894889,1682.969
lightweight gas storage MOFs with low density,q3_lightweight_storage,49,MMR,2,qmof-13a76dd,Zn4C40H28N12O8,0.728571,3.309168,True,0.982716063,True,1.0,,1|1|1|1,0.9173958948894889,0.8824677988886833,0.0,0.9173958948894889,1682.969
lightweight gas storage MOFs with low density,q3_lightweight_storage,49,MMR,3,qmof-a1a5849,Fe2C24H16N8,0.728571,2.75343,True,0.925170256,True,1.0,,1|1|1|1,0.9173958948894889,0.8824677988886833,0.0,0.9173958948894889,1682.969
lightweight gas storage MOFs with low density,q3_lightweight_storage,49,MMR,4,qmof-235f291,Ni2C24H16N8,0.728571,3.336142,True,0.870801372,True,1.0,,1|1|1|1,0.9173958948894889,0.8824677988886833,0.0,0.9173958948894889,1682.969
lightweight gas storage MOFs with low density,q3_lightweight_storage,49,MMR,5,qmof-e566fbb,Zn2C36H22N6O8,0.728571,2.93315,True,0.83426434,True,1.0,,1|1|1|1,0.9173958948894889,0.8824677988886833,0.0,0.9173958948894889,1682.969
lightweight gas storage MOFs with low density,q3_lightweight_storage,49,LEA,1,qmof-ac6a77a,Zn4C76H44N8O16,0.728571,2.401359,True,0.82887956,True,1.0,,1|1|1|1,0.9173958948894889,0.8824677988886833,0.0,1.0056426696479321,91.43245799999988
lightweight gas storage MOFs with low density,q3_lightweight_storage,49,LEA,2,qmof-c0f392b,Zn2C44H38N6O12,0.728571,2.464185,True,0.915527725,True,1.0,,1|1|1|1,0.9173958948894889,0.8824677988886833,0.0,1.0056426696479321,91.43245799999988
lightweight gas storage MOFs with low density,q3_lightweight_storage,49,LEA,3,qmof-e566fbb,Zn2C36H22N6O8,0.728571,2.93315,True,0.83426434,True,1.0,,1|1|1|1,0.9173958948894889,0.8824677988886833,0.0,1.0056426696479321,91.43245799999988
lightweight gas storage MOFs with low density,q3_lightweight_storage,49,LEA,4,qmof-235f291,Ni2C24H16N8,0.728571,3.336142,True,0.870801372,True,1.0,,1|1|1|1,0.9173958948894889,0.8824677988886833,0.0,1.0056426696479321,91.43245799999988
lightweight gas storage MOFs with low density,q3_lightweight_storage,49,LEA,5,qmof-a1a5849,Fe2C24H16N8,0.728571,2.75343,True,0.925170256,True,1.0,,1|1|1|1,0.9173958948894889,0.8824677988886833,0.0,1.0056426696479321,91.43245799999988
lightweight gas storage MOFs with low density,q3_lightweight_storage,49,LEA no diversity,1,qmof-ac6a77a,Zn4C76H44N8O16,0.728571,2.401359,True,0.82887956,True,1.0,,1|1|1|1,0.9173958948894889,0.8824677988886833,0.0,1.0056426696479321,90.73675000000492
lightweight gas storage MOFs with low density,q3_lightweight_storage,49,LEA no diversity,2,qmof-c0f392b,Zn2C44H38N6O12,0.728571,2.464185,True,0.915527725,True,1.0,,1|1|1|1,0.9173958948894889,0.8824677988886833,0.0,1.0056426696479321,90.73675000000492
lightweight gas storage MOFs with low density,q3_lightweight_storage,49,LEA no diversity,3,qmof-e566fbb,Zn2C36H22N6O8,0.728571,2.93315,True,0.83426434,True,1.0,,1|1|1|1,0.9173958948894889,0.8824677988886833,0.0,1.0056426696479321,90.73675000000492
lightweight gas storage MOFs with low density,q3_lightweight_storage,49,LEA no diversity,4,qmof-235f291,Ni2C24H16N8,0.728571,3.336142,True,0.870801372,True,1.0,,1|1|1|1,0.9173958948894889,0.8824677988886833,0.0,1.0056426696479321,90.73675000000492
lightweight gas storage MOFs with low density,q3_lightweight_storage,49,LEA no diversity,5,qmof-a1a5849,Fe2C24H16N8,0.728571,2.75343,True,0.925170256,True,1.0,,1|1|1|1,0.9173958948894889,0.8824677988886833,0.0,1.0056426696479321,90.73675000000492
lightweight gas storage MOFs with low density,q3_lightweight_storage,49,LEA no self-cleaning,1,qmof-ac6a77a,Zn4C76H44N8O16,0.728571,2.401359,True,0.82887956,True,1.0,,1|1|1|1,0.9173958948894889,0.8824677988886833,0.0,1.0056426696479321,90.53237499999511
lightweight gas storage MOFs with low density,q3_lightweight_storage,49,LEA no self-cleaning,2,qmof-c0f392b,Zn2C44H38N6O12,0.728571,2.464185,True,0.915527725,True,1.0,,1|1|1|1,0.9173958948894889,0.8824677988886833,0.0,1.0056426696479321,90.53237499999511
lightweight gas storage MOFs with low density,q3_lightweight_storage,49,LEA no self-cleaning,3,qmof-e566fbb,Zn2C36H22N6O8,0.728571,2.93315,True,0.83426434,True,1.0,,1|1|1|1,0.9173958948894889,0.8824677988886833,0.0,1.0056426696479321,90.53237499999511
lightweight gas storage MOFs with low density,q3_lightweight_storage,49,LEA no self-cleaning,4,qmof-235f291,Ni2C24H16N8,0.728571,3.336142,True,0.870801372,True,1.0,,1|1|1|1,0.9173958948894889,0.8824677988886833,0.0,1.0056426696479321,90.53237499999511
lightweight gas storage MOFs with low density,q3_lightweight_storage,49,LEA no self-cleaning,5,qmof-a1a5849,Fe2C24H16N8,0.728571,2.75343,True,0.925170256,True,1.0,,1|1|1|1,0.9173958948894889,0.8824677988886833,0.0,1.0056426696479321,90.53237499999511
lightweight gas storage MOFs with low density,q3_lightweight_storage,49,GraphSAGE only,1,qmof-91a02c3,Cu12C36H24N52,0.728571,,False,0.291766825,True,1.0,0.450698,1|0|1|1,0.8944462048562299,0.8720471411943436,0.0,0.8944462048562299,0.03754200000116725
lightweight gas storage MOFs with low density,q3_lightweight_storage,49,GraphSAGE only,2,qmof-13a76dd,Zn4C40H28N12O8,0.728571,3.309168,True,0.982716063,True,1.0,0.311079,1|1|1|1,0.9173958948894889,0.8824677988886833,0.06980949640274048,0.9173958948894889,0.03754200000116725
lightweight gas storage MOFs with low density,q3_lightweight_storage,49,GraphSAGE only,3,qmof-e566fbb,Zn2C36H22N6O8,0.728571,2.93315,True,0.83426434,True,1.0,0.303646,1|1|1|1,0.9173958948894889,0.8824677988886833,0.04888654290698469,0.9173958948894889,0.03754200000116725
lightweight gas storage MOFs with low density,q3_lightweight_storage,49,GraphSAGE only,4,qmof-235f291,Ni2C24H16N8,0.728571,3.336142,True,0.870801372,True,1.0,0.30269,1|1|1|1,0.9173958948894889,0.8824677988886833,0.037473805360302016,0.9173958948894889,0.03754200000116725
lightweight gas storage MOFs with low density,q3_lightweight_storage,49,GraphSAGE only,5,qmof-a1a5849,Fe2C24H16N8,0.728571,2.75343,True,0.925170256,True,1.0,0.298612,1|1|1|1,0.9173958948894889,0.8824677988886833,0.03105362479982432,0.9173958948894889,0.03754200000116725
lightweight gas storage MOFs with low density,q3_lightweight_storage,49,GAT only,1,qmof-13a76dd,Zn4C40H28N12O8,0.728571,3.309168,True,0.982716063,True,1.0,0.504522,1|1|1|1,0.9173958948894889,0.8824677988886833,0.0,0.9173958948894889,0.035458999988691176
lightweight gas storage MOFs with low density,q3_lightweight_storage,49,GAT only,2,qmof-235f291,Ni2C24H16N8,0.728571,3.336142,True,0.870801372,True,1.0,0.485743,1|1|1|1,0.9173958948894889,0.8824677988886833,0.008398241363465786,0.9173958948894889,0.035458999988691176
lightweight gas storage MOFs with low density,q3_lightweight_storage,49,GAT only,3,qmof-e566fbb,Zn2C36H22N6O8,0.728571,2.93315,True,0.83426434,True,1.0,0.471145,1|1|1|1,0.9173958948894889,0.8824677988886833,0.009951105186094841,0.9173958948894889,0.035458999988691176
lightweight gas storage MOFs with low density,q3_lightweight_storage,49,GAT only,4,qmof-cef46c3,Zn2C48H32N8O8,0.728571,2.913296,True,0.7895211,True,1.0,0.458106,1|1|1|1,0.9173958948894889,0.8824677988886833,0.01146700574705998,0.9173958948894889,0.035458999988691176
lightweight gas storage MOFs with low density,q3_lightweight_storage,49,GAT only,5,qmof-a1a5849,Fe2C24H16N8,0.728571,2.75343,True,0.925170256,True,1.0,0.447383,1|1|1|1,0.9173958948894889,0.8824677988886833,0.012693268153816462,0.9173958948894889,0.035458999988691176
lightweight gas storage MOFs with low density,q3_lightweight_storage,49,LEA + GraphSAGE,1,qmof-13a76dd,Zn4C40H28N12O8,0.728571,3.309168,True,0.982716063,True,1.0,0.311079,1|1|1|1,0.9173958948894889,0.8824677988886833,0.0,0.8994731545448303,94.11241700000517
lightweight gas storage MOFs with low density,q3_lightweight_storage,49,LEA + GraphSAGE,2,qmof-e566fbb,Zn2C36H22N6O8,0.728571,2.93315,True,0.83426434,True,1.0,0.303646,1|1|1|1,0.9173958948894889,0.8824677988886833,0.0033241373021155596,0.8980841308832168,94.11241700000517
lightweight gas storage MOFs with low density,q3_lightweight_storage,49,LEA + GraphSAGE,3,qmof-235f291,Ni2C24H16N8,0.728571,3.336142,True,0.870801372,True,1.0,0.30269,1|1|1|1,0.9173958948894889,0.8824677988886833,0.0025011154260331145,0.8979054361581802,94.11241700000517
lightweight gas storage MOFs with low density,q3_lightweight_storage,49,LEA + GraphSAGE,4,qmof-a1a5849,Fe2C24H16N8,0.728571,2.75343,True,0.925170256,True,1.0,0.298612,1|1|1|1,0.9173958948894889,0.8824677988886833,0.002858961209616003,0.8971431761980057,94.11241700000517
lightweight gas storage MOFs with low density,q3_lightweight_storage,49,LEA + GraphSAGE,5,qmof-ac6a77a,Zn4C76H44N8O16,0.728571,2.401359,True,0.82887956,True,1.0,0.297293,1|1|1|1,0.9173958948894889,0.8824677988886833,0.002916367145371623,0.8968965470790863,94.11241700000517
lightweight gas storage MOFs with low density,q3_lightweight_storage,49,LEA + GAT,1,qmof-13a76dd,Zn4C40H28N12O8,0.728571,3.309168,True,0.982716063,True,1.0,0.504522,1|1|1|1,0.9173958948894889,0.8824677988886833,0.0,0.935387821495533,94.05341699999781
lightweight gas storage MOFs with low density,q3_lightweight_storage,49,LEA + GAT,2,qmof-235f291,Ni2C24H16N8,0.728571,3.336142,True,0.870801372,True,1.0,0.485743,1|1|1|1,0.9173958948894889,0.8824677988886833,0.008398241363465786,0.9319272711873055,94.05341699999781
lightweight gas storage MOFs with low density,q3_lightweight_storage,49,LEA + GAT,3,qmof-e566fbb,Zn2C36H22N6O8,0.728571,2.93315,True,0.83426434,True,1.0,0.471145,1|1|1|1,0.9173958948894889,0.8824677988886833,0.009951105186094841,0.9292323172092438,94.05341699999781
lightweight gas storage MOFs with low density,q3_lightweight_storage,49,LEA + GAT,4,qmof-cef46c3,Zn2C48H32N8O8,0.728571,2.913296,True,0.7895211,True,1.0,0.458106,1|1|1|1,0.9173958948894889,0.8824677988886833,0.01146700574705998,0.9268218696117401,94.05341699999781
lightweight gas storage MOFs with low density,q3_lightweight_storage,49,LEA + GAT,5,qmof-a1a5849,Fe2C24H16N8,0.728571,2.75343,True,0.925170256,True,1.0,0.447383,1|1|1|1,0.9173958948894889,0.8824677988886833,0.012693268153816462,0.9248372703790665,94.05341699999781
lightweight gas storage MOFs with low density,q3_lightweight_storage,50,SemanticOnly,1,qmof-fb3f045,Zn8Br8C80H32O42,0.728571,,False,0.450390984,True,1.0,,1|0|1|1,0.8944462048562299,0.8720471411943436,0.0,0.8944462048562299,0.04658299999960036
lightweight gas storage MOFs with low density,q3_lightweight_storage,50,SemanticOnly,2,qmof-faede09,Zr6C48H24N12O32,0.728571,,False,0.597621152,True,1.0,,1|0|1|1,0.8944462048562299,0.8720471411943436,0.0,0.8944462048562299,0.04658299999960036
lightweight gas storage MOFs with low density,q3_lightweight_storage,50,SemanticOnly,3,qmof-f7fa6b1,Zn4C46H36N16O2,0.728571,,False,0.979531959,True,1.0,,1|0|1|1,0.8944462048562299,0.8720471411943436,0.0,0.8944462048562299,0.04658299999960036
lightweight gas storage MOFs with low density,q3_lightweight_storage,50,SemanticOnly,4,qmof-f55a288,Cu12C72H48N36,0.728571,,False,0.179408873,True,1.0,,1|0|1|1,0.8944462048562299,0.8720471411943436,0.0,0.8944462048562299,0.04658299999960036
lightweight gas storage MOFs with low density,q3_lightweight_storage,50,SemanticOnly,5,qmof-f5008e0,Zn6C52H26O24,0.728571,,False,0.45361886,True,1.0,,1|0|1|1,0.8944462048562299,0.8720471411943436,0.0,0.8944462048562299,0.04658299999960036
lightweight gas storage MOFs with low density,q3_lightweight_storage,50,WeightedSum,1,qmof-e566fbb,Zn2C36H22N6O8,0.728571,2.93315,True,0.83426434,True,1.0,,1|1|1|1,0.9173958948894889,0.8824677988886833,0.0,0.9173958948894889,0.09983299999305473
lightweight gas storage MOFs with low density,q3_lightweight_storage,50,WeightedSum,2,qmof-cef46c3,Zn2C48H32N8O8,0.728571,2.913296,True,0.7895211,True,1.0,,1|1|1|1,0.9173958948894889,0.8824677988886833,0.0,0.9173958948894889,0.09983299999305473
lightweight gas storage MOFs with low density,q3_lightweight_storage,50,WeightedSum,3,qmof-c0f392b,Zn2C44H38N6O12,0.728571,2.464185,True,0.915527725,True,1.0,,1|1|1|1,0.9173958948894889,0.8824677988886833,0.0,0.9173958948894889,0.09983299999305473
lightweight gas storage MOFs with low density,q3_lightweight_storage,50,WeightedSum,4,qmof-ac6a77a,Zn4C76H44N8O16,0.728571,2.401359,True,0.82887956,True,1.0,,1|1|1|1,0.9173958948894889,0.8824677988886833,0.0,0.9173958948894889,0.09983299999305473
lightweight gas storage MOFs with low density,q3_lightweight_storage,50,WeightedSum,5,qmof-a1a5849,Fe2C24H16N8,0.728571,2.75343,True,0.925170256,True,1.0,,1|1|1|1,0.9173958948894889,0.8824677988886833,0.0,0.9173958948894889,0.09983299999305473
lightweight gas storage MOFs with low density,q3_lightweight_storage,50,TOPSIS,1,qmof-e566fbb,Zn2C36H22N6O8,0.728571,2.93315,True,0.83426434,True,1.0,,1|1|1|1,0.9173958948894889,0.8824677988886833,0.0,0.9173958948894889,1.2245420000027707
lightweight gas storage MOFs with low density,q3_lightweight_storage,50,TOPSIS,2,qmof-cef46c3,Zn2C48H32N8O8,0.728571,2.913296,True,0.7895211,True,1.0,,1|1|1|1,0.9173958948894889,0.8824677988886833,0.0,0.9173958948894889,1.2245420000027707
lightweight gas storage MOFs with low density,q3_lightweight_storage,50,TOPSIS,3,qmof-c0f392b,Zn2C44H38N6O12,0.728571,2.464185,True,0.915527725,True,1.0,,1|1|1|1,0.9173958948894889,0.8824677988886833,0.0,0.9173958948894889,1.2245420000027707
lightweight gas storage MOFs with low density,q3_lightweight_storage,50,TOPSIS,4,qmof-ac6a77a,Zn4C76H44N8O16,0.728571,2.401359,True,0.82887956,True,1.0,,1|1|1|1,0.9173958948894889,0.8824677988886833,0.0,0.9173958948894889,1.2245420000027707
lightweight gas storage MOFs with low density,q3_lightweight_storage,50,TOPSIS,5,qmof-a1a5849,Fe2C24H16N8,0.728571,2.75343,True,0.925170256,True,1.0,,1|1|1|1,0.9173958948894889,0.8824677988886833,0.0,0.9173958948894889,1.2245420000027707
lightweight gas storage MOFs with low density,q3_lightweight_storage,50,ParetoCrowding,1,qmof-e566fbb,Zn2C36H22N6O8,0.728571,2.93315,True,0.83426434,True,1.0,,1|1|1|1,0.9173958948894889,0.8824677988886833,0.0,0.9173958948894889,195.52579099999434
lightweight gas storage MOFs with low density,q3_lightweight_storage,50,ParetoCrowding,2,qmof-cef46c3,Zn2C48H32N8O8,0.728571,2.913296,True,0.7895211,True,1.0,,1|1|1|1,0.9173958948894889,0.8824677988886833,0.0,0.9173958948894889,195.52579099999434
lightweight gas storage MOFs with low density,q3_lightweight_storage,50,ParetoCrowding,3,qmof-c0f392b,Zn2C44H38N6O12,0.728571,2.464185,True,0.915527725,True,1.0,,1|1|1|1,0.9173958948894889,0.8824677988886833,0.0,0.9173958948894889,195.52579099999434
lightweight gas storage MOFs with low density,q3_lightweight_storage,50,ParetoCrowding,4,qmof-ac6a77a,Zn4C76H44N8O16,0.728571,2.401359,True,0.82887956,True,1.0,,1|1|1|1,0.9173958948894889,0.8824677988886833,0.0,0.9173958948894889,195.52579099999434
lightweight gas storage MOFs with low density,q3_lightweight_storage,50,ParetoCrowding,5,qmof-a1a5849,Fe2C24H16N8,0.728571,2.75343,True,0.925170256,True,1.0,,1|1|1|1,0.9173958948894889,0.8824677988886833,0.0,0.9173958948894889,195.52579099999434
lightweight gas storage MOFs with low density,q3_lightweight_storage,50,Random,1,qmof-3e52596,Zn16C96F16H16O56S16,0.728571,,False,0.575057638,True,1.0,,1|0|1|1,0.8944462048562299,0.8720471411943436,0.0,0.8944462048562299,0.045999999997548
lightweight gas storage MOFs with low density,q3_lightweight_storage,50,Random,2,qmof-2e2ea03,Al6C88H48O28,0.728571,,False,0.701191576,True,1.0,,1|0|1|1,0.8944462048562299,0.8720471411943436,0.0,0.8944462048562299,0.045999999997548
lightweight gas storage MOFs with low density,q3_lightweight_storage,50,Random,3,qmof-cef46c3,Zn2C48H32N8O8,0.728571,2.913296,True,0.7895211,True,1.0,,1|1|1|1,0.9173958948894889,0.8824677988886833,0.0,0.9173958948894889,0.045999999997548
lightweight gas storage MOFs with low density,q3_lightweight_storage,50,Random,4,qmof-89ecd19,CuC20F6H16N8Si,0.728571,,False,0.689777012,True,1.0,,1|0|1|1,0.8944462048562299,0.8720471411943436,0.0,0.8944462048562299,0.045999999997548
lightweight gas storage MOFs with low density,q3_lightweight_storage,50,Random,5,qmof-235f291,Ni2C24H16N8,0.728571,3.336142,True,0.870801372,True,1.0,,1|1|1|1,0.9173958948894889,0.8824677988886833,0.0,0.9173958948894889,0.045999999997548
lightweight gas storage MOFs with low density,q3_lightweight_storage,50,MMR,1,qmof-a1a5849,Fe2C24H16N8,0.728571,2.75343,True,0.925170256,True,1.0,,1|1|1|1,0.9173958948894889,0.8824677988886833,0.0,0.9173958948894889,1718.699000000001
lightweight gas storage MOFs with low density,q3_lightweight_storage,50,MMR,2,qmof-13a76dd,Zn4C40H28N12O8,0.728571,3.309168,True,0.982716063,True,1.0,,1|1|1|1,0.9173958948894889,0.8824677988886833,0.0,0.9173958948894889,1718.699000000001
lightweight gas storage MOFs with low density,q3_lightweight_storage,50,MMR,3,qmof-235f291,Ni2C24H16N8,0.728571,3.336142,True,0.870801372,True,1.0,,1|1|1|1,0.9173958948894889,0.8824677988886833,0.0,0.9173958948894889,1718.699000000001
lightweight gas storage MOFs with low density,q3_lightweight_storage,50,MMR,4,qmof-c0f392b,Zn2C44H38N6O12,0.728571,2.464185,True,0.915527725,True,1.0,,1|1|1|1,0.9173958948894889,0.8824677988886833,0.0,0.9173958948894889,1718.699000000001
lightweight gas storage MOFs with low density,q3_lightweight_storage,50,MMR,5,qmof-ac6a77a,Zn4C76H44N8O16,0.728571,2.401359,True,0.82887956,True,1.0,,1|1|1|1,0.9173958948894889,0.8824677988886833,0.0,0.9173958948894889,1718.699000000001
lightweight gas storage MOFs with low density,q3_lightweight_storage,50,LEA,1,qmof-cef46c3,Zn2C48H32N8O8,0.728571,2.913296,True,0.7895211,True,1.0,,1|1|1|1,0.9173958948894889,0.8824677988886833,0.0,1.0056426696479321,91.64037499999722
lightweight gas storage MOFs with low density,q3_lightweight_storage,50,LEA,2,qmof-e566fbb,Zn2C36H22N6O8,0.728571,2.93315,True,0.83426434,True,1.0,,1|1|1|1,0.9173958948894889,0.8824677988886833,0.0,1.0056426696479321,91.64037499999722
lightweight gas storage MOFs with low density,q3_lightweight_storage,50,LEA,3,qmof-ac6a77a,Zn4C76H44N8O16,0.728571,2.401359,True,0.82887956,True,1.0,,1|1|1|1,0.9173958948894889,0.8824677988886833,0.0,1.0056426696479321,91.64037499999722
lightweight gas storage MOFs with low density,q3_lightweight_storage,50,LEA,4,qmof-c0f392b,Zn2C44H38N6O12,0.728571,2.464185,True,0.915527725,True,1.0,,1|1|1|1,0.9173958948894889,0.8824677988886833,0.0,1.0056426696479321,91.64037499999722
lightweight gas storage MOFs with low density,q3_lightweight_storage,50,LEA,5,qmof-235f291,Ni2C24H16N8,0.728571,3.336142,True,0.870801372,True,1.0,,1|1|1|1,0.9173958948894889,0.8824677988886833,0.0,1.0056426696479321,91.64037499999722
lightweight gas storage MOFs with low density,q3_lightweight_storage,50,LEA no diversity,1,qmof-cef46c3,Zn2C48H32N8O8,0.728571,2.913296,True,0.7895211,True,1.0,,1|1|1|1,0.9173958948894889,0.8824677988886833,0.0,1.0056426696479321,91.21758299998817
lightweight gas storage MOFs with low density,q3_lightweight_storage,50,LEA no diversity,2,qmof-e566fbb,Zn2C36H22N6O8,0.728571,2.93315,True,0.83426434,True,1.0,,1|1|1|1,0.9173958948894889,0.8824677988886833,0.0,1.0056426696479321,91.21758299998817
lightweight gas storage MOFs with low density,q3_lightweight_storage,50,LEA no diversity,3,qmof-ac6a77a,Zn4C76H44N8O16,0.728571,2.401359,True,0.82887956,True,1.0,,1|1|1|1,0.9173958948894889,0.8824677988886833,0.0,1.0056426696479321,91.21758299998817
lightweight gas storage MOFs with low density,q3_lightweight_storage,50,LEA no diversity,4,qmof-c0f392b,Zn2C44H38N6O12,0.728571,2.464185,True,0.915527725,True,1.0,,1|1|1|1,0.9173958948894889,0.8824677988886833,0.0,1.0056426696479321,91.21758299998817
lightweight gas storage MOFs with low density,q3_lightweight_storage,50,LEA no diversity,5,qmof-235f291,Ni2C24H16N8,0.728571,3.336142,True,0.870801372,True,1.0,,1|1|1|1,0.9173958948894889,0.8824677988886833,0.0,1.0056426696479321,91.21758299998817
lightweight gas storage MOFs with low density,q3_lightweight_storage,50,LEA no self-cleaning,1,qmof-cef46c3,Zn2C48H32N8O8,0.728571,2.913296,True,0.7895211,True,1.0,,1|1|1|1,0.9173958948894889,0.8824677988886833,0.0,1.0056426696479321,90.94679199999689
lightweight gas storage MOFs with low density,q3_lightweight_storage,50,LEA no self-cleaning,2,qmof-e566fbb,Zn2C36H22N6O8,0.728571,2.93315,True,0.83426434,True,1.0,,1|1|1|1,0.9173958948894889,0.8824677988886833,0.0,1.0056426696479321,90.94679199999689
lightweight gas storage MOFs with low density,q3_lightweight_storage,50,LEA no self-cleaning,3,qmof-ac6a77a,Zn4C76H44N8O16,0.728571,2.401359,True,0.82887956,True,1.0,,1|1|1|1,0.9173958948894889,0.8824677988886833,0.0,1.0056426696479321,90.94679199999689
lightweight gas storage MOFs with low density,q3_lightweight_storage,50,LEA no self-cleaning,4,qmof-c0f392b,Zn2C44H38N6O12,0.728571,2.464185,True,0.915527725,True,1.0,,1|1|1|1,0.9173958948894889,0.8824677988886833,0.0,1.0056426696479321,90.94679199999689
lightweight gas storage MOFs with low density,q3_lightweight_storage,50,LEA no self-cleaning,5,qmof-235f291,Ni2C24H16N8,0.728571,3.336142,True,0.870801372,True,1.0,,1|1|1|1,0.9173958948894889,0.8824677988886833,0.0,1.0056426696479321,90.94679199999689
lightweight gas storage MOFs with low density,q3_lightweight_storage,50,GraphSAGE only,1,qmof-13a76dd,Zn4C40H28N12O8,0.728571,3.309168,True,0.982716063,True,1.0,0.311079,1|1|1|1,0.9173958948894889,0.8824677988886833,0.0,0.9173958948894889,0.04308300000843701
lightweight gas storage MOFs with low density,q3_lightweight_storage,50,GraphSAGE only,2,qmof-e566fbb,Zn2C36H22N6O8,0.728571,2.93315,True,0.83426434,True,1.0,0.303646,1|1|1|1,0.9173958948894889,0.8824677988886833,0.0033241373021155596,0.9173958948894889,0.04308300000843701
lightweight gas storage MOFs with low density,q3_lightweight_storage,50,GraphSAGE only,3,qmof-235f291,Ni2C24H16N8,0.728571,3.336142,True,0.870801372,True,1.0,0.30269,1|1|1|1,0.9173958948894889,0.8824677988886833,0.0025011154260331145,0.9173958948894889,0.04308300000843701
lightweight gas storage MOFs with low density,q3_lightweight_storage,50,GraphSAGE only,4,qmof-a1a5849,Fe2C24H16N8,0.728571,2.75343,True,0.925170256,True,1.0,0.298612,1|1|1|1,0.9173958948894889,0.8824677988886833,0.002858961209616003,0.9173958948894889,0.04308300000843701
lightweight gas storage MOFs with low density,q3_lightweight_storage,50,GraphSAGE only,5,qmof-ac6a77a,Zn4C76H44N8O16,0.728571,2.401359,True,0.82887956,True,1.0,0.297293,1|1|1|1,0.9173958948894889,0.8824677988886833,0.002916367145371623,0.9173958948894889,0.04308300000843701
lightweight gas storage MOFs with low density,q3_lightweight_storage,50,GAT only,1,qmof-13a76dd,Zn4C40H28N12O8,0.728571,3.309168,True,0.982716063,True,1.0,0.504522,1|1|1|1,0.9173958948894889,0.8824677988886833,0.0,0.9173958948894889,0.03720799999484825
lightweight gas storage MOFs with low density,q3_lightweight_storage,50,GAT only,2,qmof-235f291,Ni2C24H16N8,0.728571,3.336142,True,0.870801372,True,1.0,0.485743,1|1|1|1,0.9173958948894889,0.8824677988886833,0.008398241363465786,0.9173958948894889,0.03720799999484825
lightweight gas storage MOFs with low density,q3_lightweight_storage,50,GAT only,3,qmof-e566fbb,Zn2C36H22N6O8,0.728571,2.93315,True,0.83426434,True,1.0,0.471145,1|1|1|1,0.9173958948894889,0.8824677988886833,0.009951105186094841,0.9173958948894889,0.03720799999484825
lightweight gas storage MOFs with low density,q3_lightweight_storage,50,GAT only,4,qmof-cef46c3,Zn2C48H32N8O8,0.728571,2.913296,True,0.7895211,True,1.0,0.458106,1|1|1|1,0.9173958948894889,0.8824677988886833,0.01146700574705998,0.9173958948894889,0.03720799999484825
lightweight gas storage MOFs with low density,q3_lightweight_storage,50,GAT only,5,qmof-a1a5849,Fe2C24H16N8,0.728571,2.75343,True,0.925170256,True,1.0,0.447383,1|1|1|1,0.9173958948894889,0.8824677988886833,0.012693268153816462,0.9173958948894889,0.03720799999484825
lightweight gas storage MOFs with low density,q3_lightweight_storage,50,LEA + GraphSAGE,1,qmof-13a76dd,Zn4C40H28N12O8,0.728571,3.309168,True,0.982716063,True,1.0,0.311079,1|1|1|1,0.9173958948894889,0.8824677988886833,0.0,0.8994731545448303,93.61787500000673
lightweight gas storage MOFs with low density,q3_lightweight_storage,50,LEA + GraphSAGE,2,qmof-e566fbb,Zn2C36H22N6O8,0.728571,2.93315,True,0.83426434,True,1.0,0.303646,1|1|1|1,0.9173958948894889,0.8824677988886833,0.0033241373021155596,0.8980841308832168,93.61787500000673
lightweight gas storage MOFs with low density,q3_lightweight_storage,50,LEA + GraphSAGE,3,qmof-235f291,Ni2C24H16N8,0.728571,3.336142,True,0.870801372,True,1.0,0.30269,1|1|1|1,0.9173958948894889,0.8824677988886833,0.0025011154260331145,0.8979054361581802,93.61787500000673
lightweight gas storage MOFs with low density,q3_lightweight_storage,50,LEA + GraphSAGE,4,qmof-a1a5849,Fe2C24H16N8,0.728571,2.75343,True,0.925170256,True,1.0,0.298612,1|1|1|1,0.9173958948894889,0.8824677988886833,0.002858961209616003,0.8971431761980057,93.61787500000673
lightweight gas storage MOFs with low density,q3_lightweight_storage,50,LEA + GraphSAGE,5,qmof-ac6a77a,Zn4C76H44N8O16,0.728571,2.401359,True,0.82887956,True,1.0,0.297293,1|1|1|1,0.9173958948894889,0.8824677988886833,0.002916367145371623,0.8968965470790863,93.61787500000673
lightweight gas storage MOFs with low density,q3_lightweight_storage,50,LEA + GAT,1,qmof-13a76dd,Zn4C40H28N12O8,0.728571,3.309168,True,0.982716063,True,1.0,0.504522,1|1|1|1,0.9173958948894889,0.8824677988886833,0.0,0.935387821495533,95.15145800000369
lightweight gas storage MOFs with low density,q3_lightweight_storage,50,LEA + GAT,2,qmof-235f291,Ni2C24H16N8,0.728571,3.336142,True,0.870801372,True,1.0,0.485743,1|1|1|1,0.9173958948894889,0.8824677988886833,0.008398241363465786,0.9319272711873055,95.15145800000369
lightweight gas storage MOFs with low density,q3_lightweight_storage,50,LEA + GAT,3,qmof-e566fbb,Zn2C36H22N6O8,0.728571,2.93315,True,0.83426434,True,1.0,0.471145,1|1|1|1,0.9173958948894889,0.8824677988886833,0.009951105186094841,0.9292323172092438,95.15145800000369
lightweight gas storage MOFs with low density,q3_lightweight_storage,50,LEA + GAT,4,qmof-cef46c3,Zn2C48H32N8O8,0.728571,2.913296,True,0.7895211,True,1.0,0.458106,1|1|1|1,0.9173958948894889,0.8824677988886833,0.01146700574705998,0.9268218696117401,95.15145800000369
lightweight gas storage MOFs with low density,q3_lightweight_storage,50,LEA + GAT,5,qmof-a1a5849,Fe2C24H16N8,0.728571,2.75343,True,0.925170256,True,1.0,0.447383,1|1|1|1,0.9173958948894889,0.8824677988886833,0.012693268153816462,0.9248372703790665,95.15145800000369
lightweight gas storage MOFs with low density,q3_lightweight_storage,51,SemanticOnly,1,qmof-fffeb7b,Zn4C72Cl2F14H24N16,0.728571,,False,0.47822762,True,1.0,,1|0|1|1,0.8944462048562299,0.8720471411943436,0.0,0.8944462048562299,0.04466599999375376
lightweight gas storage MOFs with low density,q3_lightweight_storage,51,SemanticOnly,2,qmof-fb3f045,Zn8Br8C80H32O42,0.728571,,False,0.450390984,True,1.0,,1|0|1|1,0.8944462048562299,0.8720471411943436,0.0,0.8944462048562299,0.04466599999375376
lightweight gas storage MOFs with low density,q3_lightweight_storage,51,SemanticOnly,3,qmof-fa61018,Al4C64H52N8O22,0.728571,,False,0.588664798,True,1.0,,1|0|1|1,0.8944462048562299,0.8720471411943436,0.0,0.8944462048562299,0.04466599999375376
lightweight gas storage MOFs with low density,q3_lightweight_storage,51,SemanticOnly,4,qmof-f7ee91d,Zn4C33H19N3O13,0.728571,,False,0.470456151,True,1.0,,1|0|1|1,0.8944462048562299,0.8720471411943436,0.0,0.8944462048562299,0.04466599999375376
lightweight gas storage MOFs with low density,q3_lightweight_storage,51,SemanticOnly,5,qmof-f633d9e,Ni4C80H56N8O18,0.728571,,False,0.974678243,True,1.0,,1|0|1|1,0.8944462048562299,0.8720471411943436,0.0,0.8944462048562299,0.04466599999375376
lightweight gas storage MOFs with low density,q3_lightweight_storage,51,WeightedSum,1,qmof-e566fbb,Zn2C36H22N6O8,0.728571,2.93315,True,0.83426434,True,1.0,,1|1|1|1,0.9173958948894889,0.8824677988886833,0.0,0.9173958948894889,0.04608400000449819
lightweight gas storage MOFs with low density,q3_lightweight_storage,51,WeightedSum,2,qmof-cef46c3,Zn2C48H32N8O8,0.728571,2.913296,True,0.7895211,True,1.0,,1|1|1|1,0.9173958948894889,0.8824677988886833,0.0,0.9173958948894889,0.04608400000449819
lightweight gas storage MOFs with low density,q3_lightweight_storage,51,WeightedSum,3,qmof-c0f392b,Zn2C44H38N6O12,0.728571,2.464185,True,0.915527725,True,1.0,,1|1|1|1,0.9173958948894889,0.8824677988886833,0.0,0.9173958948894889,0.04608400000449819
lightweight gas storage MOFs with low density,q3_lightweight_storage,51,WeightedSum,4,qmof-ac6a77a,Zn4C76H44N8O16,0.728571,2.401359,True,0.82887956,True,1.0,,1|1|1|1,0.9173958948894889,0.8824677988886833,0.0,0.9173958948894889,0.04608400000449819
lightweight gas storage MOFs with low density,q3_lightweight_storage,51,WeightedSum,5,qmof-a1a5849,Fe2C24H16N8,0.728571,2.75343,True,0.925170256,True,1.0,,1|1|1|1,0.9173958948894889,0.8824677988886833,0.0,0.9173958948894889,0.04608400000449819
lightweight gas storage MOFs with low density,q3_lightweight_storage,51,TOPSIS,1,qmof-e566fbb,Zn2C36H22N6O8,0.728571,2.93315,True,0.83426434,True,1.0,,1|1|1|1,0.9173958948894889,0.8824677988886833,0.0,0.9173958948894889,1.1762500000003229
lightweight gas storage MOFs with low density,q3_lightweight_storage,51,TOPSIS,2,qmof-cef46c3,Zn2C48H32N8O8,0.728571,2.913296,True,0.7895211,True,1.0,,1|1|1|1,0.9173958948894889,0.8824677988886833,0.0,0.9173958948894889,1.1762500000003229
lightweight gas storage MOFs with low density,q3_lightweight_storage,51,TOPSIS,3,qmof-c0f392b,Zn2C44H38N6O12,0.728571,2.464185,True,0.915527725,True,1.0,,1|1|1|1,0.9173958948894889,0.8824677988886833,0.0,0.9173958948894889,1.1762500000003229
lightweight gas storage MOFs with low density,q3_lightweight_storage,51,TOPSIS,4,qmof-ac6a77a,Zn4C76H44N8O16,0.728571,2.401359,True,0.82887956,True,1.0,,1|1|1|1,0.9173958948894889,0.8824677988886833,0.0,0.9173958948894889,1.1762500000003229
lightweight gas storage MOFs with low density,q3_lightweight_storage,51,TOPSIS,5,qmof-a1a5849,Fe2C24H16N8,0.728571,2.75343,True,0.925170256,True,1.0,,1|1|1|1,0.9173958948894889,0.8824677988886833,0.0,0.9173958948894889,1.1762500000003229
lightweight gas storage MOFs with low density,q3_lightweight_storage,51,ParetoCrowding,1,qmof-e566fbb,Zn2C36H22N6O8,0.728571,2.93315,True,0.83426434,True,1.0,,1|1|1|1,0.9173958948894889,0.8824677988886833,0.0,0.9173958948894889,189.27870799998914
lightweight gas storage MOFs with low density,q3_lightweight_storage,51,ParetoCrowding,2,qmof-cef46c3,Zn2C48H32N8O8,0.728571,2.913296,True,0.7895211,True,1.0,,1|1|1|1,0.9173958948894889,0.8824677988886833,0.0,0.9173958948894889,189.27870799998914
lightweight gas storage MOFs with low density,q3_lightweight_storage,51,ParetoCrowding,3,qmof-c0f392b,Zn2C44H38N6O12,0.728571,2.464185,True,0.915527725,True,1.0,,1|1|1|1,0.9173958948894889,0.8824677988886833,0.0,0.9173958948894889,189.27870799998914
lightweight gas storage MOFs with low density,q3_lightweight_storage,51,ParetoCrowding,4,qmof-ac6a77a,Zn4C76H44N8O16,0.728571,2.401359,True,0.82887956,True,1.0,,1|1|1|1,0.9173958948894889,0.8824677988886833,0.0,0.9173958948894889,189.27870799998914
lightweight gas storage MOFs with low density,q3_lightweight_storage,51,ParetoCrowding,5,qmof-a1a5849,Fe2C24H16N8,0.728571,2.75343,True,0.925170256,True,1.0,,1|1|1|1,0.9173958948894889,0.8824677988886833,0.0,0.9173958948894889,189.27870799998914
lightweight gas storage MOFs with low density,q3_lightweight_storage,51,Random,1,qmof-b2fa897,Zn4C81H32N14O38S2,0.728571,,False,0.392697003,True,1.0,,1|0|1|1,0.8944462048562299,0.8720471411943436,0.0,0.8944462048562299,0.043334000011441276
lightweight gas storage MOFs with low density,q3_lightweight_storage,51,Random,2,qmof-ac6a77a,Zn4C76H44N8O16,0.728571,2.401359,True,0.82887956,True,1.0,,1|1|1|1,0.9173958948894889,0.8824677988886833,0.0,0.9173958948894889,0.043334000011441276
lightweight gas storage MOFs with low density,q3_lightweight_storage,51,Random,3,qmof-890bde1,Al3C81F9H36O18,0.728571,,False,0.956041595,True,1.0,,1|0|1|1,0.8944462048562299,0.8720471411943436,0.0,0.8944462048562299,0.043334000011441276
lightweight gas storage MOFs with low density,q3_lightweight_storage,51,Random,4,qmof-fffeb7b,Zn4C72Cl2F14H24N16,0.728571,,False,0.47822762,True,1.0,,1|0|1|1,0.8944462048562299,0.8720471411943436,0.0,0.8944462048562299,0.043334000011441276
lightweight gas storage MOFs with low density,q3_lightweight_storage,51,Random,5,qmof-2d0fa88,Co4C72H52N12O16,0.728571,,False,0.742365822,True,1.0,,1|0|1|1,0.8944462048562299,0.8720471411943436,0.0,0.8944462048562299,0.043334000011441276
lightweight gas storage MOFs with low density,q3_lightweight_storage,51,MMR,1,qmof-a1a5849,Fe2C24H16N8,0.728571,2.75343,True,0.925170256,True,1.0,,1|1|1|1,0.9173958948894889,0.8824677988886833,0.0,0.9173958948894889,1715.3598339999974
lightweight gas storage MOFs with low density,q3_lightweight_storage,51,MMR,2,qmof-13a76dd,Zn4C40H28N12O8,0.728571,3.309168,True,0.982716063,True,1.0,,1|1|1|1,0.9173958948894889,0.8824677988886833,0.0,0.9173958948894889,1715.3598339999974
lightweight gas storage MOFs with low density,q3_lightweight_storage,51,MMR,3,qmof-ac6a77a,Zn4C76H44N8O16,0.728571,2.401359,True,0.82887956,True,1.0,,1|1|1|1,0.9173958948894889,0.8824677988886833,0.0,0.9173958948894889,1715.3598339999974
lightweight gas storage MOFs with low density,q3_lightweight_storage,51,MMR,4,qmof-e566fbb,Zn2C36H22N6O8,0.728571,2.93315,True,0.83426434,True,1.0,,1|1|1|1,0.9173958948894889,0.8824677988886833,0.0,0.9173958948894889,1715.3598339999974
lightweight gas storage MOFs with low density,q3_lightweight_storage,51,MMR,5,qmof-cef46c3,Zn2C48H32N8O8,0.728571,2.913296,True,0.7895211,True,1.0,,1|1|1|1,0.9173958948894889,0.8824677988886833,0.0,0.9173958948894889,1715.3598339999974
lightweight gas storage MOFs with low density,q3_lightweight_storage,51,LEA,1,qmof-c0f392b,Zn2C44H38N6O12,0.728571,2.464185,True,0.915527725,True,1.0,,1|1|1|1,0.9173958948894889,0.8824677988886833,0.0,1.0056426696479321,95.98520900000551
lightweight gas storage MOFs with low density,q3_lightweight_storage,51,LEA,2,qmof-235f291,Ni2C24H16N8,0.728571,3.336142,True,0.870801372,True,1.0,,1|1|1|1,0.9173958948894889,0.8824677988886833,0.0,1.0056426696479321,95.98520900000551
lightweight gas storage MOFs with low density,q3_lightweight_storage,51,LEA,3,qmof-cef46c3,Zn2C48H32N8O8,0.728571,2.913296,True,0.7895211,True,1.0,,1|1|1|1,0.9173958948894889,0.8824677988886833,0.0,1.0056426696479321,95.98520900000551
lightweight gas storage MOFs with low density,q3_lightweight_storage,51,LEA,4,qmof-e566fbb,Zn2C36H22N6O8,0.728571,2.93315,True,0.83426434,True,1.0,,1|1|1|1,0.9173958948894889,0.8824677988886833,0.0,1.0056426696479321,95.98520900000551
lightweight gas storage MOFs with low density,q3_lightweight_storage,51,LEA,5,qmof-ac6a77a,Zn4C76H44N8O16,0.728571,2.401359,True,0.82887956,True,1.0,,1|1|1|1,0.9173958948894889,0.8824677988886833,0.0,1.0056426696479321,95.98520900000551
lightweight gas storage MOFs with low density,q3_lightweight_storage,51,LEA no diversity,1,qmof-c0f392b,Zn2C44H38N6O12,0.728571,2.464185,True,0.915527725,True,1.0,,1|1|1|1,0.9173958948894889,0.8824677988886833,0.0,1.0056426696479321,95.39366699999619
lightweight gas storage MOFs with low density,q3_lightweight_storage,51,LEA no diversity,2,qmof-235f291,Ni2C24H16N8,0.728571,3.336142,True,0.870801372,True,1.0,,1|1|1|1,0.9173958948894889,0.8824677988886833,0.0,1.0056426696479321,95.39366699999619
lightweight gas storage MOFs with low density,q3_lightweight_storage,51,LEA no diversity,3,qmof-cef46c3,Zn2C48H32N8O8,0.728571,2.913296,True,0.7895211,True,1.0,,1|1|1|1,0.9173958948894889,0.8824677988886833,0.0,1.0056426696479321,95.39366699999619
lightweight gas storage MOFs with low density,q3_lightweight_storage,51,LEA no diversity,4,qmof-e566fbb,Zn2C36H22N6O8,0.728571,2.93315,True,0.83426434,True,1.0,,1|1|1|1,0.9173958948894889,0.8824677988886833,0.0,1.0056426696479321,95.39366699999619
lightweight gas storage MOFs with low density,q3_lightweight_storage,51,LEA no diversity,5,qmof-ac6a77a,Zn4C76H44N8O16,0.728571,2.401359,True,0.82887956,True,1.0,,1|1|1|1,0.9173958948894889,0.8824677988886833,0.0,1.0056426696479321,95.39366699999619
lightweight gas storage MOFs with low density,q3_lightweight_storage,51,LEA no self-cleaning,1,qmof-c0f392b,Zn2C44H38N6O12,0.728571,2.464185,True,0.915527725,True,1.0,,1|1|1|1,0.9173958948894889,0.8824677988886833,0.0,1.0056426696479321,93.66799999999387
lightweight gas storage MOFs with low density,q3_lightweight_storage,51,LEA no self-cleaning,2,qmof-235f291,Ni2C24H16N8,0.728571,3.336142,True,0.870801372,True,1.0,,1|1|1|1,0.9173958948894889,0.8824677988886833,0.0,1.0056426696479321,93.66799999999387
lightweight gas storage MOFs with low density,q3_lightweight_storage,51,LEA no self-cleaning,3,qmof-cef46c3,Zn2C48H32N8O8,0.728571,2.913296,True,0.7895211,True,1.0,,1|1|1|1,0.9173958948894889,0.8824677988886833,0.0,1.0056426696479321,93.66799999999387
lightweight gas storage MOFs with low density,q3_lightweight_storage,51,LEA no self-cleaning,4,qmof-e566fbb,Zn2C36H22N6O8,0.728571,2.93315,True,0.83426434,True,1.0,,1|1|1|1,0.9173958948894889,0.8824677988886833,0.0,1.0056426696479321,93.66799999999387
lightweight gas storage MOFs with low density,q3_lightweight_storage,51,LEA no self-cleaning,5,qmof-ac6a77a,Zn4C76H44N8O16,0.728571,2.401359,True,0.82887956,True,1.0,,1|1|1|1,0.9173958948894889,0.8824677988886833,0.0,1.0056426696479321,93.66799999999387
lightweight gas storage MOFs with low density,q3_lightweight_storage,51,GraphSAGE only,1,qmof-13a76dd,Zn4C40H28N12O8,0.728571,3.309168,True,0.982716063,True,1.0,0.311079,1|1|1|1,0.9173958948894889,0.8824677988886833,0.0,0.9173958948894889,0.04941699999960747
lightweight gas storage MOFs with low density,q3_lightweight_storage,51,GraphSAGE only,2,qmof-e566fbb,Zn2C36H22N6O8,0.728571,2.93315,True,0.83426434,True,1.0,0.303646,1|1|1|1,0.9173958948894889,0.8824677988886833,0.0033241373021155596,0.9173958948894889,0.04941699999960747
lightweight gas storage MOFs with low density,q3_lightweight_storage,51,GraphSAGE only,3,qmof-235f291,Ni2C24H16N8,0.728571,3.336142,True,0.870801372,True,1.0,0.30269,1|1|1|1,0.9173958948894889,0.8824677988886833,0.0025011154260331145,0.9173958948894889,0.04941699999960747
lightweight gas storage MOFs with low density,q3_lightweight_storage,51,GraphSAGE only,4,qmof-a1a5849,Fe2C24H16N8,0.728571,2.75343,True,0.925170256,True,1.0,0.298612,1|1|1|1,0.9173958948894889,0.8824677988886833,0.002858961209616003,0.9173958948894889,0.04941699999960747
lightweight gas storage MOFs with low density,q3_lightweight_storage,51,GraphSAGE only,5,qmof-ac6a77a,Zn4C76H44N8O16,0.728571,2.401359,True,0.82887956,True,1.0,0.297293,1|1|1|1,0.9173958948894889,0.8824677988886833,0.002916367145371623,0.9173958948894889,0.04941699999960747
lightweight gas storage MOFs with low density,q3_lightweight_storage,51,GAT only,1,qmof-13a76dd,Zn4C40H28N12O8,0.728571,3.309168,True,0.982716063,True,1.0,0.504522,1|1|1|1,0.9173958948894889,0.8824677988886833,0.0,0.9173958948894889,0.04083299999990686
lightweight gas storage MOFs with low density,q3_lightweight_storage,51,GAT only,2,qmof-235f291,Ni2C24H16N8,0.728571,3.336142,True,0.870801372,True,1.0,0.485743,1|1|1|1,0.9173958948894889,0.8824677988886833,0.008398241363465786,0.9173958948894889,0.04083299999990686
lightweight gas storage MOFs with low density,q3_lightweight_storage,51,GAT only,3,qmof-e566fbb,Zn2C36H22N6O8,0.728571,2.93315,True,0.83426434,True,1.0,0.471145,1|1|1|1,0.9173958948894889,0.8824677988886833,0.009951105186094841,0.9173958948894889,0.04083299999990686
lightweight gas storage MOFs with low density,q3_lightweight_storage,51,GAT only,4,qmof-cef46c3,Zn2C48H32N8O8,0.728571,2.913296,True,0.7895211,True,1.0,0.458106,1|1|1|1,0.9173958948894889,0.8824677988886833,0.01146700574705998,0.9173958948894889,0.04083299999990686
lightweight gas storage MOFs with low density,q3_lightweight_storage,51,GAT only,5,qmof-a1a5849,Fe2C24H16N8,0.728571,2.75343,True,0.925170256,True,1.0,0.447383,1|1|1|1,0.9173958948894889,0.8824677988886833,0.012693268153816462,0.9173958948894889,0.04083299999990686
lightweight gas storage MOFs with low density,q3_lightweight_storage,51,LEA + GraphSAGE,1,qmof-13a76dd,Zn4C40H28N12O8,0.728571,3.309168,True,0.982716063,True,1.0,0.311079,1|1|1|1,0.9173958948894889,0.8824677988886833,0.0,0.8994731545448303,95.78766599999256
lightweight gas storage MOFs with low density,q3_lightweight_storage,51,LEA + GraphSAGE,2,qmof-e566fbb,Zn2C36H22N6O8,0.728571,2.93315,True,0.83426434,True,1.0,0.303646,1|1|1|1,0.9173958948894889,0.8824677988886833,0.0033241373021155596,0.8980841308832168,95.78766599999256
lightweight gas storage MOFs with low density,q3_lightweight_storage,51,LEA + GraphSAGE,3,qmof-235f291,Ni2C24H16N8,0.728571,3.336142,True,0.870801372,True,1.0,0.30269,1|1|1|1,0.9173958948894889,0.8824677988886833,0.0025011154260331145,0.8979054361581802,95.78766599999256
lightweight gas storage MOFs with low density,q3_lightweight_storage,51,LEA + GraphSAGE,4,qmof-a1a5849,Fe2C24H16N8,0.728571,2.75343,True,0.925170256,True,1.0,0.298612,1|1|1|1,0.9173958948894889,0.8824677988886833,0.002858961209616003,0.8971431761980057,95.78766599999256
lightweight gas storage MOFs with low density,q3_lightweight_storage,51,LEA + GraphSAGE,5,qmof-ac6a77a,Zn4C76H44N8O16,0.728571,2.401359,True,0.82887956,True,1.0,0.297293,1|1|1|1,0.9173958948894889,0.8824677988886833,0.002916367145371623,0.8968965470790863,95.78766599999256
lightweight gas storage MOFs with low density,q3_lightweight_storage,51,LEA + GAT,1,qmof-13a76dd,Zn4C40H28N12O8,0.728571,3.309168,True,0.982716063,True,1.0,0.504522,1|1|1|1,0.9173958948894889,0.8824677988886833,0.0,0.935387821495533,94.98816599999316
lightweight gas storage MOFs with low density,q3_lightweight_storage,51,LEA + GAT,2,qmof-235f291,Ni2C24H16N8,0.728571,3.336142,True,0.870801372,True,1.0,0.485743,1|1|1|1,0.9173958948894889,0.8824677988886833,0.008398241363465786,0.9319272711873055,94.98816599999316
lightweight gas storage MOFs with low density,q3_lightweight_storage,51,LEA + GAT,3,qmof-e566fbb,Zn2C36H22N6O8,0.728571,2.93315,True,0.83426434,True,1.0,0.471145,1|1|1|1,0.9173958948894889,0.8824677988886833,0.009951105186094841,0.9292323172092438,94.98816599999316
lightweight gas storage MOFs with low density,q3_lightweight_storage,51,LEA + GAT,4,qmof-cef46c3,Zn2C48H32N8O8,0.728571,2.913296,True,0.7895211,True,1.0,0.458106,1|1|1|1,0.9173958948894889,0.8824677988886833,0.01146700574705998,0.9268218696117401,94.98816599999316
lightweight gas storage MOFs with low density,q3_lightweight_storage,51,LEA + GAT,5,qmof-a1a5849,Fe2C24H16N8,0.728571,2.75343,True,0.925170256,True,1.0,0.447383,1|1|1|1,0.9173958948894889,0.8824677988886833,0.012693268153816462,0.9248372703790665,94.98816599999316
balanced stable MOF candidates for general materials discovery,q4_balanced_discovery,42,SemanticOnly,1,qmof-fe36449,Cu2C22H26N10O8,0.65,2.781366,True,1.768423472,True,0.7,,1|1|1|1,0.747905,0.8613682836294174,0.0,0.747905,0.0592920000030972
balanced stable MOF candidates for general materials discovery,q4_balanced_discovery,42,SemanticOnly,2,qmof-fbd4fed,U2C46H38N2O14,0.65,2.874704,True,1.830099562,True,0.7,,1|1|1|1,0.747905,0.8613682836294174,0.0,0.747905,0.0592920000030972
balanced stable MOF candidates for general materials discovery,q4_balanced_discovery,42,SemanticOnly,3,qmof-fbc9303,Zn2C44H36N8O12,0.65,1.5071,True,1.29968722,True,0.7,,1|1|1|1,0.747905,0.8613682836294174,0.0,0.747905,0.0592920000030972
balanced stable MOF candidates for general materials discovery,q4_balanced_discovery,42,SemanticOnly,4,qmof-fb69b28,Nd2C14H20N6O28,0.65,2.785529,True,1.901409434,True,0.7,,1|1|1|1,0.747905,0.8613682836294174,0.0,0.747905,0.0592920000030972
balanced stable MOF candidates for general materials discovery,q4_balanced_discovery,42,SemanticOnly,5,qmof-f914f9b,Sm2C44H30N4O16S4,0.65,3.14377,True,1.85995348,True,0.7,,1|1|1|1,0.747905,0.8613682836294174,0.0,0.747905,0.0592920000030972
balanced stable MOF candidates for general materials discovery,q4_balanced_discovery,42,WeightedSum,1,qmof-e566fbb,Zn2C36H22N6O8,0.65,2.93315,True,0.83426434,True,1.0,,1|1|1|1,0.897905,0.8484455347061157,0.0,0.897905,0.049707999991710494
balanced stable MOF candidates for general materials discovery,q4_balanced_discovery,42,WeightedSum,2,qmof-cef46c3,Zn2C48H32N8O8,0.65,2.913296,True,0.7895211,True,1.0,,1|1|1|1,0.897905,0.8484455347061157,0.0,0.897905,0.049707999991710494
balanced stable MOF candidates for general materials discovery,q4_balanced_discovery,42,WeightedSum,3,qmof-c0f392b,Zn2C44H38N6O12,0.65,2.464185,True,0.915527725,True,1.0,,1|1|1|1,0.897905,0.8484455347061157,0.0,0.897905,0.049707999991710494
balanced stable MOF candidates for general materials discovery,q4_balanced_discovery,42,WeightedSum,4,qmof-ac6a77a,Zn4C76H44N8O16,0.65,2.401359,True,0.82887956,True,1.0,,1|1|1|1,0.897905,0.8484455347061157,0.0,0.897905,0.049707999991710494
balanced stable MOF candidates for general materials discovery,q4_balanced_discovery,42,WeightedSum,5,qmof-a1a5849,Fe2C24H16N8,0.65,2.75343,True,0.925170256,True,1.0,,1|1|1|1,0.897905,0.8484455347061157,0.0,0.897905,0.049707999991710494
balanced stable MOF candidates for general materials discovery,q4_balanced_discovery,42,TOPSIS,1,qmof-e566fbb,Zn2C36H22N6O8,0.65,2.93315,True,0.83426434,True,1.0,,1|1|1|1,0.897905,0.8484455347061157,0.0,0.897905,1.1801249999905394
balanced stable MOF candidates for general materials discovery,q4_balanced_discovery,42,TOPSIS,2,qmof-cef46c3,Zn2C48H32N8O8,0.65,2.913296,True,0.7895211,True,1.0,,1|1|1|1,0.897905,0.8484455347061157,0.0,0.897905,1.1801249999905394
balanced stable MOF candidates for general materials discovery,q4_balanced_discovery,42,TOPSIS,3,qmof-c0f392b,Zn2C44H38N6O12,0.65,2.464185,True,0.915527725,True,1.0,,1|1|1|1,0.897905,0.8484455347061157,0.0,0.897905,1.1801249999905394
balanced stable MOF candidates for general materials discovery,q4_balanced_discovery,42,TOPSIS,4,qmof-ac6a77a,Zn4C76H44N8O16,0.65,2.401359,True,0.82887956,True,1.0,,1|1|1|1,0.897905,0.8484455347061157,0.0,0.897905,1.1801249999905394
balanced stable MOF candidates for general materials discovery,q4_balanced_discovery,42,TOPSIS,5,qmof-a1a5849,Fe2C24H16N8,0.65,2.75343,True,0.925170256,True,1.0,,1|1|1|1,0.897905,0.8484455347061157,0.0,0.897905,1.1801249999905394
balanced stable MOF candidates for general materials discovery,q4_balanced_discovery,42,ParetoCrowding,1,qmof-e566fbb,Zn2C36H22N6O8,0.65,2.93315,True,0.83426434,True,1.0,,1|1|1|1,0.897905,0.8484455347061157,0.0,0.897905,186.56529099999375
balanced stable MOF candidates for general materials discovery,q4_balanced_discovery,42,ParetoCrowding,2,qmof-cef46c3,Zn2C48H32N8O8,0.65,2.913296,True,0.7895211,True,1.0,,1|1|1|1,0.897905,0.8484455347061157,0.0,0.897905,186.56529099999375
balanced stable MOF candidates for general materials discovery,q4_balanced_discovery,42,ParetoCrowding,3,qmof-c0f392b,Zn2C44H38N6O12,0.65,2.464185,True,0.915527725,True,1.0,,1|1|1|1,0.897905,0.8484455347061157,0.0,0.897905,186.56529099999375
balanced stable MOF candidates for general materials discovery,q4_balanced_discovery,42,ParetoCrowding,4,qmof-ac6a77a,Zn4C76H44N8O16,0.65,2.401359,True,0.82887956,True,1.0,,1|1|1|1,0.897905,0.8484455347061157,0.0,0.897905,186.56529099999375
balanced stable MOF candidates for general materials discovery,q4_balanced_discovery,42,ParetoCrowding,5,qmof-a1a5849,Fe2C24H16N8,0.65,2.75343,True,0.925170256,True,1.0,,1|1|1|1,0.897905,0.8484455347061157,0.0,0.897905,186.56529099999375
balanced stable MOF candidates for general materials discovery,q4_balanced_discovery,42,Random,1,qmof-41cbe0b,CoC14H14N12O6,0.65,3.186877,True,1.708960387,True,0.7,,1|1|1|1,0.747905,0.8613682836294174,0.0,0.747905,0.05183300000055624
balanced stable MOF candidates for general materials discovery,q4_balanced_discovery,42,Random,2,qmof-dc7e5a3,Co6C24H12O18,0.65,2.932894,True,1.274869128,True,0.7,,1|1|1|1,0.747905,0.8613682836294174,0.0,0.747905,0.05183300000055624
balanced stable MOF candidates for general materials discovery,q4_balanced_discovery,42,Random,3,qmof-507bad6,Zn4C52H48N16O24S4,0.65,3.161637,True,1.93636865,True,0.7,,1|1|1|1,0.747905,0.8613682836294174,0.0,0.747905,0.05183300000055624
balanced stable MOF candidates for general materials discovery,q4_balanced_discovery,42,Random,4,qmof-c82daac,Al2Li2C40H46N6O4,0.65,4.047188,True,0.954866212,True,1.0,,1|1|1|1,0.793755,0.7809823006391525,0.16393595933914185,0.793755,0.05183300000055624
balanced stable MOF candidates for general materials discovery,q4_balanced_discovery,42,Random,5,qmof-e7477a4,CuC40Cl2H32N16O2,0.65,3.129303,True,1.557801707,True,0.7,,1|1|1|1,0.747905,0.8613682836294174,0.1311487674713135,0.747905,0.05183300000055624
balanced stable MOF candidates for general materials discovery,q4_balanced_discovery,42,MMR,1,qmof-13a76dd,Zn4C40H28N12O8,0.65,3.309168,True,0.982716063,True,1.0,,1|1|1|1,0.897905,0.8484455347061157,0.0,0.897905,1656.0249580000032
balanced stable MOF candidates for general materials discovery,q4_balanced_discovery,42,MMR,2,qmof-12544e7,MnC32H44N2O4,0.65,0.54935,True,0.975222481,True,1.0,,1|1|1|1,0.793755,0.7809823006391525,0.25,0.793755,1656.0249580000032
balanced stable MOF candidates for general materials discovery,q4_balanced_discovery,42,MMR,3,qmof-e566fbb,Zn2C36H22N6O8,0.65,2.93315,True,0.83426434,True,1.0,,1|1|1|1,0.897905,0.8484455347061157,0.16666666666666666,0.897905,1656.0249580000032
balanced stable MOF candidates for general materials discovery,q4_balanced_discovery,42,MMR,4,qmof-cef46c3,Zn2C48H32N8O8,0.65,2.913296,True,0.7895211,True,1.0,,1|1|1|1,0.897905,0.8484455347061157,0.125,0.897905,1656.0249580000032
balanced stable MOF candidates for general materials discovery,q4_balanced_discovery,42,MMR,5,qmof-a1a5849,Fe2C24H16N8,0.65,2.75343,True,0.925170256,True,1.0,,1|1|1|1,0.897905,0.8484455347061157,0.1,0.897905,1656.0249580000032
balanced stable MOF candidates for general materials discovery,q4_balanced_discovery,42,LEA,1,qmof-ac6a77a,Zn4C76H44N8O16,0.65,2.401359,True,0.82887956,True,1.0,,1|1|1|1,0.897905,0.8484455347061157,0.0,0.9981539472937584,96.42974999999865
balanced stable MOF candidates for general materials discovery,q4_balanced_discovery,42,LEA,2,qmof-235f291,Ni2C24H16N8,0.65,3.336142,True,0.870801372,True,1.0,,1|1|1|1,0.897905,0.8484455347061157,0.0,0.9981539472937584,96.42974999999865
balanced stable MOF candidates for general materials discovery,q4_balanced_discovery,42,LEA,3,qmof-c0f392b,Zn2C44H38N6O12,0.65,2.464185,True,0.915527725,True,1.0,,1|1|1|1,0.897905,0.8484455347061157,0.0,0.9981539472937584,96.42974999999865
balanced stable MOF candidates for general materials discovery,q4_balanced_discovery,42,LEA,4,qmof-a1a5849,Fe2C24H16N8,0.65,2.75343,True,0.925170256,True,1.0,,1|1|1|1,0.897905,0.8484455347061157,0.0,0.9981539472937584,96.42974999999865
balanced stable MOF candidates for general materials discovery,q4_balanced_discovery,42,LEA,5,qmof-cef46c3,Zn2C48H32N8O8,0.65,2.913296,True,0.7895211,True,1.0,,1|1|1|1,0.897905,0.8484455347061157,0.0,0.9981539472937584,96.42974999999865
balanced stable MOF candidates for general materials discovery,q4_balanced_discovery,42,LEA no diversity,1,qmof-ac6a77a,Zn4C76H44N8O16,0.65,2.401359,True,0.82887956,True,1.0,,1|1|1|1,0.897905,0.8484455347061157,0.0,0.9827495455741883,92.05366700000184
balanced stable MOF candidates for general materials discovery,q4_balanced_discovery,42,LEA no diversity,2,qmof-235f291,Ni2C24H16N8,0.65,3.336142,True,0.870801372,True,1.0,,1|1|1|1,0.897905,0.8484455347061157,0.0,0.9827495455741883,92.05366700000184
balanced stable MOF candidates for general materials discovery,q4_balanced_discovery,42,LEA no diversity,3,qmof-c0f392b,Zn2C44H38N6O12,0.65,2.464185,True,0.915527725,True,1.0,,1|1|1|1,0.897905,0.8484455347061157,0.0,0.9827495455741883,92.05366700000184
balanced stable MOF candidates for general materials discovery,q4_balanced_discovery,42,LEA no diversity,4,qmof-a1a5849,Fe2C24H16N8,0.65,2.75343,True,0.925170256,True,1.0,,1|1|1|1,0.897905,0.8484455347061157,0.0,0.9827495455741883,92.05366700000184
balanced stable MOF candidates for general materials discovery,q4_balanced_discovery,42,LEA no diversity,5,qmof-cef46c3,Zn2C48H32N8O8,0.65,2.913296,True,0.7895211,True,1.0,,1|1|1|1,0.897905,0.8484455347061157,0.0,0.9827495455741883,92.05366700000184
balanced stable MOF candidates for general materials discovery,q4_balanced_discovery,42,LEA no self-cleaning,1,qmof-ac6a77a,Zn4C76H44N8O16,0.65,2.401359,True,0.82887956,True,1.0,,1|1|1|1,0.897905,0.8484455347061157,0.0,0.9981539472937584,92.39012499999433
balanced stable MOF candidates for general materials discovery,q4_balanced_discovery,42,LEA no self-cleaning,2,qmof-235f291,Ni2C24H16N8,0.65,3.336142,True,0.870801372,True,1.0,,1|1|1|1,0.897905,0.8484455347061157,0.0,0.9981539472937584,92.39012499999433
balanced stable MOF candidates for general materials discovery,q4_balanced_discovery,42,LEA no self-cleaning,3,qmof-c0f392b,Zn2C44H38N6O12,0.65,2.464185,True,0.915527725,True,1.0,,1|1|1|1,0.897905,0.8484455347061157,0.0,0.9981539472937584,92.39012499999433
balanced stable MOF candidates for general materials discovery,q4_balanced_discovery,42,LEA no self-cleaning,4,qmof-a1a5849,Fe2C24H16N8,0.65,2.75343,True,0.925170256,True,1.0,,1|1|1|1,0.897905,0.8484455347061157,0.0,0.9981539472937584,92.39012499999433
balanced stable MOF candidates for general materials discovery,q4_balanced_discovery,42,LEA no self-cleaning,5,qmof-cef46c3,Zn2C48H32N8O8,0.65,2.913296,True,0.7895211,True,1.0,,1|1|1|1,0.897905,0.8484455347061157,0.0,0.9981539472937584,92.39012499999433
balanced stable MOF candidates for general materials discovery,q4_balanced_discovery,42,GraphSAGE only,1,qmof-13a76dd,Zn4C40H28N12O8,0.65,3.309168,True,0.982716063,True,1.0,0.311079,1|1|1|1,0.897905,0.8484455347061157,0.0,0.897905,0.0378750000038508
balanced stable MOF candidates for general materials discovery,q4_balanced_discovery,42,GraphSAGE only,2,qmof-e566fbb,Zn2C36H22N6O8,0.65,2.93315,True,0.83426434,True,1.0,0.303646,1|1|1|1,0.897905,0.8484455347061157,0.0033241373021155596,0.897905,0.0378750000038508
balanced stable MOF candidates for general materials discovery,q4_balanced_discovery,42,GraphSAGE only,3,qmof-235f291,Ni2C24H16N8,0.65,3.336142,True,0.870801372,True,1.0,0.30269,1|1|1|1,0.897905,0.8484455347061157,0.0025011154260331145,0.897905,0.0378750000038508
balanced stable MOF candidates for general materials discovery,q4_balanced_discovery,42,GraphSAGE only,4,qmof-a1a5849,Fe2C24H16N8,0.65,2.75343,True,0.925170256,True,1.0,0.298612,1|1|1|1,0.897905,0.8484455347061157,0.002858961209616003,0.897905,0.0378750000038508
balanced stable MOF candidates for general materials discovery,q4_balanced_discovery,42,GraphSAGE only,5,qmof-ac6a77a,Zn4C76H44N8O16,0.65,2.401359,True,0.82887956,True,1.0,0.297293,1|1|1|1,0.897905,0.8484455347061157,0.002916367145371623,0.897905,0.0378750000038508
balanced stable MOF candidates for general materials discovery,q4_balanced_discovery,42,GAT only,1,qmof-13a76dd,Zn4C40H28N12O8,0.65,3.309168,True,0.982716063,True,1.0,0.504522,1|1|1|1,0.897905,0.8484455347061157,0.0,0.897905,0.035208999989322365
balanced stable MOF candidates for general materials discovery,q4_balanced_discovery,42,GAT only,2,qmof-235f291,Ni2C24H16N8,0.65,3.336142,True,0.870801372,True,1.0,0.485743,1|1|1|1,0.897905,0.8484455347061157,0.008398241363465786,0.897905,0.035208999989322365
balanced stable MOF candidates for general materials discovery,q4_balanced_discovery,42,GAT only,3,qmof-e566fbb,Zn2C36H22N6O8,0.65,2.93315,True,0.83426434,True,1.0,0.471145,1|1|1|1,0.897905,0.8484455347061157,0.009951105186094841,0.897905,0.035208999989322365
balanced stable MOF candidates for general materials discovery,q4_balanced_discovery,42,GAT only,4,qmof-cef46c3,Zn2C48H32N8O8,0.65,2.913296,True,0.7895211,True,1.0,0.458106,1|1|1|1,0.897905,0.8484455347061157,0.01146700574705998,0.897905,0.035208999989322365
balanced stable MOF candidates for general materials discovery,q4_balanced_discovery,42,GAT only,5,qmof-a1a5849,Fe2C24H16N8,0.65,2.75343,True,0.925170256,True,1.0,0.447383,1|1|1|1,0.897905,0.8484455347061157,0.012693268153816462,0.897905,0.035208999989322365
balanced stable MOF candidates for general materials discovery,q4_balanced_discovery,42,LEA + GraphSAGE,1,qmof-13a76dd,Zn4C40H28N12O8,0.65,3.309168,True,0.982716063,True,1.0,0.311079,1|1|1|1,0.897905,0.8484455347061157,0.0,0.8822680234909057,97.52041599999473
balanced stable MOF candidates for general materials discovery,q4_balanced_discovery,42,LEA + GraphSAGE,2,qmof-e566fbb,Zn2C36H22N6O8,0.65,2.93315,True,0.83426434,True,1.0,0.303646,1|1|1|1,0.897905,0.8484455347061157,0.0033241373021155596,0.8808936446905136,97.52041599999473
balanced stable MOF candidates for general materials discovery,q4_balanced_discovery,42,LEA + GraphSAGE,3,qmof-235f291,Ni2C24H16N8,0.65,3.336142,True,0.870801372,True,1.0,0.30269,1|1|1|1,0.897905,0.8484455347061157,0.0025011154260331145,0.8807168185710907,97.52041599999473
balanced stable MOF candidates for general materials discovery,q4_balanced_discovery,42,LEA + GraphSAGE,4,qmof-a1a5849,Fe2C24H16N8,0.65,2.75343,True,0.925170256,True,1.0,0.298612,1|1|1|1,0.897905,0.8484455347061157,0.002858961209616003,0.8799624621868134,97.52041599999473
balanced stable MOF candidates for general materials discovery,q4_balanced_discovery,42,LEA + GraphSAGE,5,qmof-ac6a77a,Zn4C76H44N8O16,0.65,2.401359,True,0.82887956,True,1.0,0.297293,1|1|1|1,0.897905,0.8484455347061157,0.002916367145371623,0.8797183722257614,97.52041599999473
balanced stable MOF candidates for general materials discovery,q4_balanced_discovery,42,LEA + GAT,1,qmof-13a76dd,Zn4C40H28N12O8,0.65,3.309168,True,0.982716063,True,1.0,0.504522,1|1|1|1,0.897905,0.8484455347061157,0.0,0.9176828220486641,97.93025000000455
balanced stable MOF candidates for general materials discovery,q4_balanced_discovery,42,LEA + GAT,2,qmof-235f291,Ni2C24H16N8,0.65,3.336142,True,0.870801372,True,1.0,0.485743,1|1|1|1,0.897905,0.8484455347061157,0.008398241363465786,0.9142828613519669,97.93025000000455
balanced stable MOF candidates for general materials discovery,q4_balanced_discovery,42,LEA + GAT,3,qmof-e566fbb,Zn2C36H22N6O8,0.65,2.93315,True,0.83426434,True,1.0,0.471145,1|1|1|1,0.897905,0.8484455347061157,0.009951105186094841,0.9116329237818718,97.93025000000455
balanced stable MOF candidates for general materials discovery,q4_balanced_discovery,42,LEA + GAT,4,qmof-cef46c3,Zn2C48H32N8O8,0.65,2.913296,True,0.7895211,True,1.0,0.458106,1|1|1|1,0.897905,0.8484455347061157,0.01146700574705998,0.9092612117528915,97.93025000000455
balanced stable MOF candidates for general materials discovery,q4_balanced_discovery,42,LEA + GAT,5,qmof-a1a5849,Fe2C24H16N8,0.65,2.75343,True,0.925170256,True,1.0,0.447383,1|1|1|1,0.897905,0.8484455347061157,0.012693268153816462,0.9073074638843537,97.93025000000455
balanced stable MOF candidates for general materials discovery,q4_balanced_discovery,43,SemanticOnly,1,qmof-fcfab15,Zn2C48H36N8O12,0.65,3.105757,True,1.544337866,True,0.7,,1|1|1|1,0.747905,0.8613682836294174,0.0,0.747905,0.049957999991079305
balanced stable MOF candidates for general materials discovery,q4_balanced_discovery,43,SemanticOnly,2,qmof-fc7ce55,Cu2C22Cl4H20N4S4,0.65,2.876732,True,1.110326318,True,0.7,,1|1|1|1,0.747905,0.8613682836294174,0.0,0.747905,0.049957999991079305
balanced stable MOF candidates for general materials discovery,q4_balanced_discovery,43,SemanticOnly,3,qmof-f7be768,Zn2C36H28N8O8,0.65,3.258308,True,1.56915922,True,0.7,,1|1|1|1,0.747905,0.8613682836294174,0.0,0.747905,0.049957999991079305
balanced stable MOF candidates for general materials discovery,q4_balanced_discovery,43,SemanticOnly,4,qmof-f46187c,Cu4C56H36N12,0.65,1.89703,True,1.61655086,True,0.7,,1|1|1|1,0.747905,0.8613682836294174,0.0,0.747905,0.049957999991079305
balanced stable MOF candidates for general materials discovery,q4_balanced_discovery,43,SemanticOnly,5,qmof-e789f6e,Zn2C60H44N6O16,0.65,3.462207,True,1.456138517,True,0.7,,1|1|1|1,0.747905,0.8613682836294174,0.0,0.747905,0.049957999991079305
balanced stable MOF candidates for general materials discovery,q4_balanced_discovery,43,WeightedSum,1,qmof-e566fbb,Zn2C36H22N6O8,0.65,2.93315,True,0.83426434,True,1.0,,1|1|1|1,0.897905,0.8484455347061157,0.0,0.897905,0.043750000003228706
balanced stable MOF candidates for general materials discovery,q4_balanced_discovery,43,WeightedSum,2,qmof-cef46c3,Zn2C48H32N8O8,0.65,2.913296,True,0.7895211,True,1.0,,1|1|1|1,0.897905,0.8484455347061157,0.0,0.897905,0.043750000003228706
balanced stable MOF candidates for general materials discovery,q4_balanced_discovery,43,WeightedSum,3,qmof-c0f392b,Zn2C44H38N6O12,0.65,2.464185,True,0.915527725,True,1.0,,1|1|1|1,0.897905,0.8484455347061157,0.0,0.897905,0.043750000003228706
balanced stable MOF candidates for general materials discovery,q4_balanced_discovery,43,WeightedSum,4,qmof-ac6a77a,Zn4C76H44N8O16,0.65,2.401359,True,0.82887956,True,1.0,,1|1|1|1,0.897905,0.8484455347061157,0.0,0.897905,0.043750000003228706
balanced stable MOF candidates for general materials discovery,q4_balanced_discovery,43,WeightedSum,5,qmof-a1a5849,Fe2C24H16N8,0.65,2.75343,True,0.925170256,True,1.0,,1|1|1|1,0.897905,0.8484455347061157,0.0,0.897905,0.043750000003228706
balanced stable MOF candidates for general materials discovery,q4_balanced_discovery,43,TOPSIS,1,qmof-e566fbb,Zn2C36H22N6O8,0.65,2.93315,True,0.83426434,True,1.0,,1|1|1|1,0.897905,0.8484455347061157,0.0,0.897905,1.1296250000043528
balanced stable MOF candidates for general materials discovery,q4_balanced_discovery,43,TOPSIS,2,qmof-cef46c3,Zn2C48H32N8O8,0.65,2.913296,True,0.7895211,True,1.0,,1|1|1|1,0.897905,0.8484455347061157,0.0,0.897905,1.1296250000043528
balanced stable MOF candidates for general materials discovery,q4_balanced_discovery,43,TOPSIS,3,qmof-c0f392b,Zn2C44H38N6O12,0.65,2.464185,True,0.915527725,True,1.0,,1|1|1|1,0.897905,0.8484455347061157,0.0,0.897905,1.1296250000043528
balanced stable MOF candidates for general materials discovery,q4_balanced_discovery,43,TOPSIS,4,qmof-ac6a77a,Zn4C76H44N8O16,0.65,2.401359,True,0.82887956,True,1.0,,1|1|1|1,0.897905,0.8484455347061157,0.0,0.897905,1.1296250000043528
balanced stable MOF candidates for general materials discovery,q4_balanced_discovery,43,TOPSIS,5,qmof-a1a5849,Fe2C24H16N8,0.65,2.75343,True,0.925170256,True,1.0,,1|1|1|1,0.897905,0.8484455347061157,0.0,0.897905,1.1296250000043528
balanced stable MOF candidates for general materials discovery,q4_balanced_discovery,43,ParetoCrowding,1,qmof-e566fbb,Zn2C36H22N6O8,0.65,2.93315,True,0.83426434,True,1.0,,1|1|1|1,0.897905,0.8484455347061157,0.0,0.897905,201.5999169999958
balanced stable MOF candidates for general materials discovery,q4_balanced_discovery,43,ParetoCrowding,2,qmof-cef46c3,Zn2C48H32N8O8,0.65,2.913296,True,0.7895211,True,1.0,,1|1|1|1,0.897905,0.8484455347061157,0.0,0.897905,201.5999169999958
balanced stable MOF candidates for general materials discovery,q4_balanced_discovery,43,ParetoCrowding,3,qmof-c0f392b,Zn2C44H38N6O12,0.65,2.464185,True,0.915527725,True,1.0,,1|1|1|1,0.897905,0.8484455347061157,0.0,0.897905,201.5999169999958
balanced stable MOF candidates for general materials discovery,q4_balanced_discovery,43,ParetoCrowding,4,qmof-ac6a77a,Zn4C76H44N8O16,0.65,2.401359,True,0.82887956,True,1.0,,1|1|1|1,0.897905,0.8484455347061157,0.0,0.897905,201.5999169999958
balanced stable MOF candidates for general materials discovery,q4_balanced_discovery,43,ParetoCrowding,5,qmof-a1a5849,Fe2C24H16N8,0.65,2.75343,True,0.925170256,True,1.0,,1|1|1|1,0.897905,0.8484455347061157,0.0,0.897905,201.5999169999958
balanced stable MOF candidates for general materials discovery,q4_balanced_discovery,43,Random,1,qmof-817fdc2,Ni2C36H36N4O12P4,0.65,3.368674,True,1.788940519,True,0.7,,1|1|1|1,0.747905,0.8613682836294174,0.0,0.747905,0.04912500000386899
balanced stable MOF candidates for general materials discovery,q4_balanced_discovery,43,Random,2,qmof-206e25b,Cu2C10H8N6S2,0.65,2.547736,True,1.994440133,True,0.7,,1|1|1|1,0.747905,0.8613682836294174,0.0,0.747905,0.04912500000386899
balanced stable MOF candidates for general materials discovery,q4_balanced_discovery,43,Random,3,qmof-cf35b6c,K2Ru2C44H38N8O12,0.65,2.557021,True,1.721295555,True,0.7,,1|1|1|1,0.747905,0.8613682836294174,0.0,0.747905,0.04912500000386899
balanced stable MOF candidates for general materials discovery,q4_balanced_discovery,43,Random,4,qmof-f46187c,Cu4C56H36N12,0.65,1.89703,True,1.61655086,True,0.7,,1|1|1|1,0.747905,0.8613682836294174,0.0,0.747905,0.04912500000386899
balanced stable MOF candidates for general materials discovery,q4_balanced_discovery,43,Random,5,qmof-a1a5849,Fe2C24H16N8,0.65,2.75343,True,0.925170256,True,1.0,,1|1|1|1,0.897905,0.8484455347061157,0.08485281467437744,0.897905,0.04912500000386899
balanced stable MOF candidates for general materials discovery,q4_balanced_discovery,43,MMR,1,qmof-a1a5849,Fe2C24H16N8,0.65,2.75343,True,0.925170256,True,1.0,,1|1|1|1,0.897905,0.8484455347061157,0.0,0.897905,1683.025041999997
balanced stable MOF candidates for general materials discovery,q4_balanced_discovery,43,MMR,2,qmof-19d3c65,Zn3C64H52N4O18,0.65,4.20432,True,0.972263976,True,1.0,,1|1|1|1,0.793755,0.7809823006391525,0.25,0.793755,1683.025041999997
balanced stable MOF candidates for general materials discovery,q4_balanced_discovery,43,MMR,3,qmof-c0f392b,Zn2C44H38N6O12,0.65,2.464185,True,0.915527725,True,1.0,,1|1|1|1,0.897905,0.8484455347061157,0.16666666666666666,0.897905,1683.025041999997
balanced stable MOF candidates for general materials discovery,q4_balanced_discovery,43,MMR,4,qmof-e566fbb,Zn2C36H22N6O8,0.65,2.93315,True,0.83426434,True,1.0,,1|1|1|1,0.897905,0.8484455347061157,0.125,0.897905,1683.025041999997
balanced stable MOF candidates for general materials discovery,q4_balanced_discovery,43,MMR,5,qmof-235f291,Ni2C24H16N8,0.65,3.336142,True,0.870801372,True,1.0,,1|1|1|1,0.897905,0.8484455347061157,0.1,0.897905,1683.025041999997
balanced stable MOF candidates for general materials discovery,q4_balanced_discovery,43,LEA,1,qmof-cef46c3,Zn2C48H32N8O8,0.65,2.913296,True,0.7895211,True,1.0,,1|1|1|1,0.897905,0.8484455347061157,0.0,0.9981539472937584,93.11970800000324
balanced stable MOF candidates for general materials discovery,q4_balanced_discovery,43,LEA,2,qmof-ac6a77a,Zn4C76H44N8O16,0.65,2.401359,True,0.82887956,True,1.0,,1|1|1|1,0.897905,0.8484455347061157,0.0,0.9981539472937584,93.11970800000324
balanced stable MOF candidates for general materials discovery,q4_balanced_discovery,43,LEA,3,qmof-13a76dd,Zn4C40H28N12O8,0.65,3.309168,True,0.982716063,True,1.0,,1|1|1|1,0.897905,0.8484455347061157,0.0,0.9981539472937584,93.11970800000324
balanced stable MOF candidates for general materials discovery,q4_balanced_discovery,43,LEA,4,qmof-235f291,Ni2C24H16N8,0.65,3.336142,True,0.870801372,True,1.0,,1|1|1|1,0.897905,0.8484455347061157,0.0,0.9981539472937584,93.11970800000324
balanced stable MOF candidates for general materials discovery,q4_balanced_discovery,43,LEA,5,qmof-e566fbb,Zn2C36H22N6O8,0.65,2.93315,True,0.83426434,True,1.0,,1|1|1|1,0.897905,0.8484455347061157,0.0,0.9981539472937584,93.11970800000324
balanced stable MOF candidates for general materials discovery,q4_balanced_discovery,43,LEA no diversity,1,qmof-cef46c3,Zn2C48H32N8O8,0.65,2.913296,True,0.7895211,True,1.0,,1|1|1|1,0.897905,0.8484455347061157,0.0,0.9827495455741883,95.73458299999515
balanced stable MOF candidates for general materials discovery,q4_balanced_discovery,43,LEA no diversity,2,qmof-ac6a77a,Zn4C76H44N8O16,0.65,2.401359,True,0.82887956,True,1.0,,1|1|1|1,0.897905,0.8484455347061157,0.0,0.9827495455741883,95.73458299999515
balanced stable MOF candidates for general materials discovery,q4_balanced_discovery,43,LEA no diversity,3,qmof-13a76dd,Zn4C40H28N12O8,0.65,3.309168,True,0.982716063,True,1.0,,1|1|1|1,0.897905,0.8484455347061157,0.0,0.9827495455741883,95.73458299999515
balanced stable MOF candidates for general materials discovery,q4_balanced_discovery,43,LEA no diversity,4,qmof-235f291,Ni2C24H16N8,0.65,3.336142,True,0.870801372,True,1.0,,1|1|1|1,0.897905,0.8484455347061157,0.0,0.9827495455741883,95.73458299999515
balanced stable MOF candidates for general materials discovery,q4_balanced_discovery,43,LEA no diversity,5,qmof-e566fbb,Zn2C36H22N6O8,0.65,2.93315,True,0.83426434,True,1.0,,1|1|1|1,0.897905,0.8484455347061157,0.0,0.9827495455741883,95.73458299999515
balanced stable MOF candidates for general materials discovery,q4_balanced_discovery,43,LEA no self-cleaning,1,qmof-cef46c3,Zn2C48H32N8O8,0.65,2.913296,True,0.7895211,True,1.0,,1|1|1|1,0.897905,0.8484455347061157,0.0,0.9981539472937584,97.49533299999769
balanced stable MOF candidates for general materials discovery,q4_balanced_discovery,43,LEA no self-cleaning,2,qmof-ac6a77a,Zn4C76H44N8O16,0.65,2.401359,True,0.82887956,True,1.0,,1|1|1|1,0.897905,0.8484455347061157,0.0,0.9981539472937584,97.49533299999769
balanced stable MOF candidates for general materials discovery,q4_balanced_discovery,43,LEA no self-cleaning,3,qmof-13a76dd,Zn4C40H28N12O8,0.65,3.309168,True,0.982716063,True,1.0,,1|1|1|1,0.897905,0.8484455347061157,0.0,0.9981539472937584,97.49533299999769
balanced stable MOF candidates for general materials discovery,q4_balanced_discovery,43,LEA no self-cleaning,4,qmof-235f291,Ni2C24H16N8,0.65,3.336142,True,0.870801372,True,1.0,,1|1|1|1,0.897905,0.8484455347061157,0.0,0.9981539472937584,97.49533299999769
balanced stable MOF candidates for general materials discovery,q4_balanced_discovery,43,LEA no self-cleaning,5,qmof-e566fbb,Zn2C36H22N6O8,0.65,2.93315,True,0.83426434,True,1.0,,1|1|1|1,0.897905,0.8484455347061157,0.0,0.9981539472937584,97.49533299999769
balanced stable MOF candidates for general materials discovery,q4_balanced_discovery,43,GraphSAGE only,1,qmof-13a76dd,Zn4C40H28N12O8,0.65,3.309168,True,0.982716063,True,1.0,0.311079,1|1|1|1,0.897905,0.8484455347061157,0.0,0.897905,0.06875000001116405
balanced stable MOF candidates for general materials discovery,q4_balanced_discovery,43,GraphSAGE only,2,qmof-e566fbb,Zn2C36H22N6O8,0.65,2.93315,True,0.83426434,True,1.0,0.303646,1|1|1|1,0.897905,0.8484455347061157,0.0033241373021155596,0.897905,0.06875000001116405
balanced stable MOF candidates for general materials discovery,q4_balanced_discovery,43,GraphSAGE only,3,qmof-235f291,Ni2C24H16N8,0.65,3.336142,True,0.870801372,True,1.0,0.30269,1|1|1|1,0.897905,0.8484455347061157,0.0025011154260331145,0.897905,0.06875000001116405
balanced stable MOF candidates for general materials discovery,q4_balanced_discovery,43,GraphSAGE only,4,qmof-a1a5849,Fe2C24H16N8,0.65,2.75343,True,0.925170256,True,1.0,0.298612,1|1|1|1,0.897905,0.8484455347061157,0.002858961209616003,0.897905,0.06875000001116405
balanced stable MOF candidates for general materials discovery,q4_balanced_discovery,43,GraphSAGE only,5,qmof-ac6a77a,Zn4C76H44N8O16,0.65,2.401359,True,0.82887956,True,1.0,0.297293,1|1|1|1,0.897905,0.8484455347061157,0.002916367145371623,0.897905,0.06875000001116405
balanced stable MOF candidates for general materials discovery,q4_balanced_discovery,43,GAT only,1,qmof-13a76dd,Zn4C40H28N12O8,0.65,3.309168,True,0.982716063,True,1.0,0.504522,1|1|1|1,0.897905,0.8484455347061157,0.0,0.897905,0.040957999999591266
balanced stable MOF candidates for general materials discovery,q4_balanced_discovery,43,GAT only,2,qmof-235f291,Ni2C24H16N8,0.65,3.336142,True,0.870801372,True,1.0,0.485743,1|1|1|1,0.897905,0.8484455347061157,0.008398241363465786,0.897905,0.040957999999591266
balanced stable MOF candidates for general materials discovery,q4_balanced_discovery,43,GAT only,3,qmof-e566fbb,Zn2C36H22N6O8,0.65,2.93315,True,0.83426434,True,1.0,0.471145,1|1|1|1,0.897905,0.8484455347061157,0.009951105186094841,0.897905,0.040957999999591266
balanced stable MOF candidates for general materials discovery,q4_balanced_discovery,43,GAT only,4,qmof-cef46c3,Zn2C48H32N8O8,0.65,2.913296,True,0.7895211,True,1.0,0.458106,1|1|1|1,0.897905,0.8484455347061157,0.01146700574705998,0.897905,0.040957999999591266
balanced stable MOF candidates for general materials discovery,q4_balanced_discovery,43,GAT only,5,qmof-a1a5849,Fe2C24H16N8,0.65,2.75343,True,0.925170256,True,1.0,0.447383,1|1|1|1,0.897905,0.8484455347061157,0.012693268153816462,0.897905,0.040957999999591266
balanced stable MOF candidates for general materials discovery,q4_balanced_discovery,43,LEA + GraphSAGE,1,qmof-13a76dd,Zn4C40H28N12O8,0.65,3.309168,True,0.982716063,True,1.0,0.311079,1|1|1|1,0.897905,0.8484455347061157,0.0,0.8822680234909057,99.59529200000361
balanced stable MOF candidates for general materials discovery,q4_balanced_discovery,43,LEA + GraphSAGE,2,qmof-e566fbb,Zn2C36H22N6O8,0.65,2.93315,True,0.83426434,True,1.0,0.303646,1|1|1|1,0.897905,0.8484455347061157,0.0033241373021155596,0.8808936446905136,99.59529200000361
balanced stable MOF candidates for general materials discovery,q4_balanced_discovery,43,LEA + GraphSAGE,3,qmof-235f291,Ni2C24H16N8,0.65,3.336142,True,0.870801372,True,1.0,0.30269,1|1|1|1,0.897905,0.8484455347061157,0.0025011154260331145,0.8807168185710907,99.59529200000361
balanced stable MOF candidates for general materials discovery,q4_balanced_discovery,43,LEA + GraphSAGE,4,qmof-a1a5849,Fe2C24H16N8,0.65,2.75343,True,0.925170256,True,1.0,0.298612,1|1|1|1,0.897905,0.8484455347061157,0.002858961209616003,0.8799624621868134,99.59529200000361
balanced stable MOF candidates for general materials discovery,q4_balanced_discovery,43,LEA + GraphSAGE,5,qmof-ac6a77a,Zn4C76H44N8O16,0.65,2.401359,True,0.82887956,True,1.0,0.297293,1|1|1|1,0.897905,0.8484455347061157,0.002916367145371623,0.8797183722257614,99.59529200000361
balanced stable MOF candidates for general materials discovery,q4_balanced_discovery,43,LEA + GAT,1,qmof-13a76dd,Zn4C40H28N12O8,0.65,3.309168,True,0.982716063,True,1.0,0.504522,1|1|1|1,0.897905,0.8484455347061157,0.0,0.9176828220486641,98.48070799999675
balanced stable MOF candidates for general materials discovery,q4_balanced_discovery,43,LEA + GAT,2,qmof-235f291,Ni2C24H16N8,0.65,3.336142,True,0.870801372,True,1.0,0.485743,1|1|1|1,0.897905,0.8484455347061157,0.008398241363465786,0.9142828613519669,98.48070799999675
balanced stable MOF candidates for general materials discovery,q4_balanced_discovery,43,LEA + GAT,3,qmof-e566fbb,Zn2C36H22N6O8,0.65,2.93315,True,0.83426434,True,1.0,0.471145,1|1|1|1,0.897905,0.8484455347061157,0.009951105186094841,0.9116329237818718,98.48070799999675
balanced stable MOF candidates for general materials discovery,q4_balanced_discovery,43,LEA + GAT,4,qmof-cef46c3,Zn2C48H32N8O8,0.65,2.913296,True,0.7895211,True,1.0,0.458106,1|1|1|1,0.897905,0.8484455347061157,0.01146700574705998,0.9092612117528915,98.48070799999675
balanced stable MOF candidates for general materials discovery,q4_balanced_discovery,43,LEA + GAT,5,qmof-a1a5849,Fe2C24H16N8,0.65,2.75343,True,0.925170256,True,1.0,0.447383,1|1|1|1,0.897905,0.8484455347061157,0.012693268153816462,0.9073074638843537,98.48070799999675
balanced stable MOF candidates for general materials discovery,q4_balanced_discovery,44,SemanticOnly,1,qmof-fe0852c,Cd2C40Cl4H32N4O4,0.65,3.243635,True,1.317737976,True,0.7,,1|1|1|1,0.747905,0.8613682836294174,0.0,0.747905,0.0685420000081649
balanced stable MOF candidates for general materials discovery,q4_balanced_discovery,44,SemanticOnly,2,qmof-fb99880,Cu2C10Cl2H8N14,0.65,2.771778,True,1.900062215,True,0.7,,1|1|1|1,0.747905,0.8613682836294174,0.0,0.747905,0.0685420000081649
balanced stable MOF candidates for general materials discovery,q4_balanced_discovery,44,SemanticOnly,3,qmof-fa0c5a7,Mn4C48H24O16,0.65,3.189239,True,1.840549994,True,0.7,,1|1|1|1,0.747905,0.8613682836294174,0.0,0.747905,0.0685420000081649
balanced stable MOF candidates for general materials discovery,q4_balanced_discovery,44,SemanticOnly,4,qmof-f817326,MnC28H24N8O2S4,0.65,2.611263,True,1.406203617,True,0.7,,1|1|1|1,0.747905,0.8613682836294174,0.0,0.747905,0.0685420000081649
balanced stable MOF candidates for general materials discovery,q4_balanced_discovery,44,SemanticOnly,5,qmof-f6a044d,Co2C28Cl4H12N8O8,0.65,1.573235,True,1.801880783,True,0.7,,1|1|1|1,0.747905,0.8613682836294174,0.0,0.747905,0.0685420000081649
balanced stable MOF candidates for general materials discovery,q4_balanced_discovery,44,WeightedSum,1,qmof-e566fbb,Zn2C36H22N6O8,0.65,2.93315,True,0.83426434,True,1.0,,1|1|1|1,0.897905,0.8484455347061157,0.0,0.897905,0.047625000007656126
balanced stable MOF candidates for general materials discovery,q4_balanced_discovery,44,WeightedSum,2,qmof-cef46c3,Zn2C48H32N8O8,0.65,2.913296,True,0.7895211,True,1.0,,1|1|1|1,0.897905,0.8484455347061157,0.0,0.897905,0.047625000007656126
balanced stable MOF candidates for general materials discovery,q4_balanced_discovery,44,WeightedSum,3,qmof-c0f392b,Zn2C44H38N6O12,0.65,2.464185,True,0.915527725,True,1.0,,1|1|1|1,0.897905,0.8484455347061157,0.0,0.897905,0.047625000007656126
balanced stable MOF candidates for general materials discovery,q4_balanced_discovery,44,WeightedSum,4,qmof-ac6a77a,Zn4C76H44N8O16,0.65,2.401359,True,0.82887956,True,1.0,,1|1|1|1,0.897905,0.8484455347061157,0.0,0.897905,0.047625000007656126
balanced stable MOF candidates for general materials discovery,q4_balanced_discovery,44,WeightedSum,5,qmof-a1a5849,Fe2C24H16N8,0.65,2.75343,True,0.925170256,True,1.0,,1|1|1|1,0.897905,0.8484455347061157,0.0,0.897905,0.047625000007656126
balanced stable MOF candidates for general materials discovery,q4_balanced_discovery,44,TOPSIS,1,qmof-e566fbb,Zn2C36H22N6O8,0.65,2.93315,True,0.83426434,True,1.0,,1|1|1|1,0.897905,0.8484455347061157,0.0,0.897905,1.2424579999930074
balanced stable MOF candidates for general materials discovery,q4_balanced_discovery,44,TOPSIS,2,qmof-cef46c3,Zn2C48H32N8O8,0.65,2.913296,True,0.7895211,True,1.0,,1|1|1|1,0.897905,0.8484455347061157,0.0,0.897905,1.2424579999930074
balanced stable MOF candidates for general materials discovery,q4_balanced_discovery,44,TOPSIS,3,qmof-c0f392b,Zn2C44H38N6O12,0.65,2.464185,True,0.915527725,True,1.0,,1|1|1|1,0.897905,0.8484455347061157,0.0,0.897905,1.2424579999930074
balanced stable MOF candidates for general materials discovery,q4_balanced_discovery,44,TOPSIS,4,qmof-ac6a77a,Zn4C76H44N8O16,0.65,2.401359,True,0.82887956,True,1.0,,1|1|1|1,0.897905,0.8484455347061157,0.0,0.897905,1.2424579999930074
balanced stable MOF candidates for general materials discovery,q4_balanced_discovery,44,TOPSIS,5,qmof-a1a5849,Fe2C24H16N8,0.65,2.75343,True,0.925170256,True,1.0,,1|1|1|1,0.897905,0.8484455347061157,0.0,0.897905,1.2424579999930074
balanced stable MOF candidates for general materials discovery,q4_balanced_discovery,44,ParetoCrowding,1,qmof-e566fbb,Zn2C36H22N6O8,0.65,2.93315,True,0.83426434,True,1.0,,1|1|1|1,0.897905,0.8484455347061157,0.0,0.897905,201.6586249999932
balanced stable MOF candidates for general materials discovery,q4_balanced_discovery,44,ParetoCrowding,2,qmof-cef46c3,Zn2C48H32N8O8,0.65,2.913296,True,0.7895211,True,1.0,,1|1|1|1,0.897905,0.8484455347061157,0.0,0.897905,201.6586249999932
balanced stable MOF candidates for general materials discovery,q4_balanced_discovery,44,ParetoCrowding,3,qmof-c0f392b,Zn2C44H38N6O12,0.65,2.464185,True,0.915527725,True,1.0,,1|1|1|1,0.897905,0.8484455347061157,0.0,0.897905,201.6586249999932
balanced stable MOF candidates for general materials discovery,q4_balanced_discovery,44,ParetoCrowding,4,qmof-ac6a77a,Zn4C76H44N8O16,0.65,2.401359,True,0.82887956,True,1.0,,1|1|1|1,0.897905,0.8484455347061157,0.0,0.897905,201.6586249999932
balanced stable MOF candidates for general materials discovery,q4_balanced_discovery,44,ParetoCrowding,5,qmof-a1a5849,Fe2C24H16N8,0.65,2.75343,True,0.925170256,True,1.0,,1|1|1|1,0.897905,0.8484455347061157,0.0,0.897905,201.6586249999932
balanced stable MOF candidates for general materials discovery,q4_balanced_discovery,44,Random,1,qmof-c7cd5a3,Pb2C54H44N8O8,0.65,2.976366,True,1.880995191,True,0.7,,1|1|1|1,0.747905,0.8613682836294174,0.0,0.747905,0.04791599999975915
balanced stable MOF candidates for general materials discovery,q4_balanced_discovery,44,Random,2,qmof-f4d0642,Zn2C12H6N4O8,0.65,3.359948,True,1.833712471,True,0.7,,1|1|1|1,0.747905,0.8613682836294174,0.0,0.747905,0.04791599999975915
balanced stable MOF candidates for general materials discovery,q4_balanced_discovery,44,Random,3,qmof-547262c,CoC32H26N10O6,0.65,3.483422,True,1.557403417,True,0.7,,1|1|1|1,0.747905,0.8613682836294174,0.0,0.747905,0.04791599999975915
balanced stable MOF candidates for general materials discovery,q4_balanced_discovery,44,Random,4,qmof-cc4894a,Fe2Ni2C60H36N16O8,0.65,2.268126,True,1.550532287,True,0.7,,1|1|1|1,0.747905,0.8613682836294174,0.0,0.747905,0.04791599999975915
balanced stable MOF candidates for general materials discovery,q4_balanced_discovery,44,Random,5,qmof-dc694ac,CuC18H16N6O12,0.65,2.939654,True,1.822464955,True,0.7,,1|1|1|1,0.747905,0.8613682836294174,0.0,0.747905,0.04791599999975915
balanced stable MOF candidates for general materials discovery,q4_balanced_discovery,44,MMR,1,qmof-ac6a77a,Zn4C76H44N8O16,0.65,2.401359,True,0.82887956,True,1.0,,1|1|1|1,0.897905,0.8484455347061157,0.0,0.897905,1683.5582919999865
balanced stable MOF candidates for general materials discovery,q4_balanced_discovery,44,MMR,2,qmof-e3dcc4d,Zn6C48H60N24,0.65,5.279321,True,0.917677932,True,1.0,,1|1|1|1,0.793755,0.7809823006391525,0.25,0.793755,1683.5582919999865
balanced stable MOF candidates for general materials discovery,q4_balanced_discovery,44,MMR,3,qmof-e566fbb,Zn2C36H22N6O8,0.65,2.93315,True,0.83426434,True,1.0,,1|1|1|1,0.897905,0.8484455347061157,0.16666666666666666,0.897905,1683.5582919999865
balanced stable MOF candidates for general materials discovery,q4_balanced_discovery,44,MMR,4,qmof-cef46c3,Zn2C48H32N8O8,0.65,2.913296,True,0.7895211,True,1.0,,1|1|1|1,0.897905,0.8484455347061157,0.125,0.897905,1683.5582919999865
balanced stable MOF candidates for general materials discovery,q4_balanced_discovery,44,MMR,5,qmof-c0f392b,Zn2C44H38N6O12,0.65,2.464185,True,0.915527725,True,1.0,,1|1|1|1,0.897905,0.8484455347061157,0.1,0.897905,1683.5582919999865
balanced stable MOF candidates for general materials discovery,q4_balanced_discovery,44,LEA,1,qmof-13a76dd,Zn4C40H28N12O8,0.65,3.309168,True,0.982716063,True,1.0,,1|1|1|1,0.897905,0.8484455347061157,0.0,0.9981539472937584,93.29937500000085
balanced stable MOF candidates for general materials discovery,q4_balanced_discovery,44,LEA,2,qmof-a1a5849,Fe2C24H16N8,0.65,2.75343,True,0.925170256,True,1.0,,1|1|1|1,0.897905,0.8484455347061157,0.0,0.9981539472937584,93.29937500000085
balanced stable MOF candidates for general materials discovery,q4_balanced_discovery,44,LEA,3,qmof-235f291,Ni2C24H16N8,0.65,3.336142,True,0.870801372,True,1.0,,1|1|1|1,0.897905,0.8484455347061157,0.0,0.9981539472937584,93.29937500000085
balanced stable MOF candidates for general materials discovery,q4_balanced_discovery,44,LEA,4,qmof-c0f392b,Zn2C44H38N6O12,0.65,2.464185,True,0.915527725,True,1.0,,1|1|1|1,0.897905,0.8484455347061157,0.0,0.9981539472937584,93.29937500000085
balanced stable MOF candidates for general materials discovery,q4_balanced_discovery,44,LEA,5,qmof-cef46c3,Zn2C48H32N8O8,0.65,2.913296,True,0.7895211,True,1.0,,1|1|1|1,0.897905,0.8484455347061157,0.0,0.9981539472937584,93.29937500000085
balanced stable MOF candidates for general materials discovery,q4_balanced_discovery,44,LEA no diversity,1,qmof-13a76dd,Zn4C40H28N12O8,0.65,3.309168,True,0.982716063,True,1.0,,1|1|1|1,0.897905,0.8484455347061157,0.0,0.9827495455741883,94.33179200000552
balanced stable MOF candidates for general materials discovery,q4_balanced_discovery,44,LEA no diversity,2,qmof-a1a5849,Fe2C24H16N8,0.65,2.75343,True,0.925170256,True,1.0,,1|1|1|1,0.897905,0.8484455347061157,0.0,0.9827495455741883,94.33179200000552
balanced stable MOF candidates for general materials discovery,q4_balanced_discovery,44,LEA no diversity,3,qmof-235f291,Ni2C24H16N8,0.65,3.336142,True,0.870801372,True,1.0,,1|1|1|1,0.897905,0.8484455347061157,0.0,0.9827495455741883,94.33179200000552
balanced stable MOF candidates for general materials discovery,q4_balanced_discovery,44,LEA no diversity,4,qmof-c0f392b,Zn2C44H38N6O12,0.65,2.464185,True,0.915527725,True,1.0,,1|1|1|1,0.897905,0.8484455347061157,0.0,0.9827495455741883,94.33179200000552
balanced stable MOF candidates for general materials discovery,q4_balanced_discovery,44,LEA no diversity,5,qmof-cef46c3,Zn2C48H32N8O8,0.65,2.913296,True,0.7895211,True,1.0,,1|1|1|1,0.897905,0.8484455347061157,0.0,0.9827495455741883,94.33179200000552
balanced stable MOF candidates for general materials discovery,q4_balanced_discovery,44,LEA no self-cleaning,1,qmof-13a76dd,Zn4C40H28N12O8,0.65,3.309168,True,0.982716063,True,1.0,,1|1|1|1,0.897905,0.8484455347061157,0.0,0.9981539472937584,92.42991700000402
balanced stable MOF candidates for general materials discovery,q4_balanced_discovery,44,LEA no self-cleaning,2,qmof-a1a5849,Fe2C24H16N8,0.65,2.75343,True,0.925170256,True,1.0,,1|1|1|1,0.897905,0.8484455347061157,0.0,0.9981539472937584,92.42991700000402
balanced stable MOF candidates for general materials discovery,q4_balanced_discovery,44,LEA no self-cleaning,3,qmof-235f291,Ni2C24H16N8,0.65,3.336142,True,0.870801372,True,1.0,,1|1|1|1,0.897905,0.8484455347061157,0.0,0.9981539472937584,92.42991700000402
balanced stable MOF candidates for general materials discovery,q4_balanced_discovery,44,LEA no self-cleaning,4,qmof-c0f392b,Zn2C44H38N6O12,0.65,2.464185,True,0.915527725,True,1.0,,1|1|1|1,0.897905,0.8484455347061157,0.0,0.9981539472937584,92.42991700000402
balanced stable MOF candidates for general materials discovery,q4_balanced_discovery,44,LEA no self-cleaning,5,qmof-cef46c3,Zn2C48H32N8O8,0.65,2.913296,True,0.7895211,True,1.0,,1|1|1|1,0.897905,0.8484455347061157,0.0,0.9981539472937584,92.42991700000402
balanced stable MOF candidates for general materials discovery,q4_balanced_discovery,44,GraphSAGE only,1,qmof-13a76dd,Zn4C40H28N12O8,0.65,3.309168,True,0.982716063,True,1.0,0.311079,1|1|1|1,0.897905,0.8484455347061157,0.0,0.897905,0.038583000005587564
balanced stable MOF candidates for general materials discovery,q4_balanced_discovery,44,GraphSAGE only,2,qmof-e566fbb,Zn2C36H22N6O8,0.65,2.93315,True,0.83426434,True,1.0,0.303646,1|1|1|1,0.897905,0.8484455347061157,0.0033241373021155596,0.897905,0.038583000005587564
balanced stable MOF candidates for general materials discovery,q4_balanced_discovery,44,GraphSAGE only,3,qmof-235f291,Ni2C24H16N8,0.65,3.336142,True,0.870801372,True,1.0,0.30269,1|1|1|1,0.897905,0.8484455347061157,0.0025011154260331145,0.897905,0.038583000005587564
balanced stable MOF candidates for general materials discovery,q4_balanced_discovery,44,GraphSAGE only,4,qmof-a1a5849,Fe2C24H16N8,0.65,2.75343,True,0.925170256,True,1.0,0.298612,1|1|1|1,0.897905,0.8484455347061157,0.002858961209616003,0.897905,0.038583000005587564
balanced stable MOF candidates for general materials discovery,q4_balanced_discovery,44,GraphSAGE only,5,qmof-ac6a77a,Zn4C76H44N8O16,0.65,2.401359,True,0.82887956,True,1.0,0.297293,1|1|1|1,0.897905,0.8484455347061157,0.002916367145371623,0.897905,0.038583000005587564
balanced stable MOF candidates for general materials discovery,q4_balanced_discovery,44,GAT only,1,qmof-13a76dd,Zn4C40H28N12O8,0.65,3.309168,True,0.982716063,True,1.0,0.504522,1|1|1|1,0.897905,0.8484455347061157,0.0,0.897905,0.035875000008900315
balanced stable MOF candidates for general materials discovery,q4_balanced_discovery,44,GAT only,2,qmof-235f291,Ni2C24H16N8,0.65,3.336142,True,0.870801372,True,1.0,0.485743,1|1|1|1,0.897905,0.8484455347061157,0.008398241363465786,0.897905,0.035875000008900315
balanced stable MOF candidates for general materials discovery,q4_balanced_discovery,44,GAT only,3,qmof-e566fbb,Zn2C36H22N6O8,0.65,2.93315,True,0.83426434,True,1.0,0.471145,1|1|1|1,0.897905,0.8484455347061157,0.009951105186094841,0.897905,0.035875000008900315
balanced stable MOF candidates for general materials discovery,q4_balanced_discovery,44,GAT only,4,qmof-cef46c3,Zn2C48H32N8O8,0.65,2.913296,True,0.7895211,True,1.0,0.458106,1|1|1|1,0.897905,0.8484455347061157,0.01146700574705998,0.897905,0.035875000008900315
balanced stable MOF candidates for general materials discovery,q4_balanced_discovery,44,GAT only,5,qmof-a1a5849,Fe2C24H16N8,0.65,2.75343,True,0.925170256,True,1.0,0.447383,1|1|1|1,0.897905,0.8484455347061157,0.012693268153816462,0.897905,0.035875000008900315
balanced stable MOF candidates for general materials discovery,q4_balanced_discovery,44,LEA + GraphSAGE,1,qmof-13a76dd,Zn4C40H28N12O8,0.65,3.309168,True,0.982716063,True,1.0,0.311079,1|1|1|1,0.897905,0.8484455347061157,0.0,0.8822680234909057,97.20129199999406
balanced stable MOF candidates for general materials discovery,q4_balanced_discovery,44,LEA + GraphSAGE,2,qmof-e566fbb,Zn2C36H22N6O8,0.65,2.93315,True,0.83426434,True,1.0,0.303646,1|1|1|1,0.897905,0.8484455347061157,0.0033241373021155596,0.8808936446905136,97.20129199999406
balanced stable MOF candidates for general materials discovery,q4_balanced_discovery,44,LEA + GraphSAGE,3,qmof-235f291,Ni2C24H16N8,0.65,3.336142,True,0.870801372,True,1.0,0.30269,1|1|1|1,0.897905,0.8484455347061157,0.0025011154260331145,0.8807168185710907,97.20129199999406
balanced stable MOF candidates for general materials discovery,q4_balanced_discovery,44,LEA + GraphSAGE,4,qmof-a1a5849,Fe2C24H16N8,0.65,2.75343,True,0.925170256,True,1.0,0.298612,1|1|1|1,0.897905,0.8484455347061157,0.002858961209616003,0.8799624621868134,97.20129199999406
balanced stable MOF candidates for general materials discovery,q4_balanced_discovery,44,LEA + GraphSAGE,5,qmof-ac6a77a,Zn4C76H44N8O16,0.65,2.401359,True,0.82887956,True,1.0,0.297293,1|1|1|1,0.897905,0.8484455347061157,0.002916367145371623,0.8797183722257614,97.20129199999406
balanced stable MOF candidates for general materials discovery,q4_balanced_discovery,44,LEA + GAT,1,qmof-13a76dd,Zn4C40H28N12O8,0.65,3.309168,True,0.982716063,True,1.0,0.504522,1|1|1|1,0.897905,0.8484455347061157,0.0,0.9176828220486641,96.47508400000504
balanced stable MOF candidates for general materials discovery,q4_balanced_discovery,44,LEA + GAT,2,qmof-235f291,Ni2C24H16N8,0.65,3.336142,True,0.870801372,True,1.0,0.485743,1|1|1|1,0.897905,0.8484455347061157,0.008398241363465786,0.9142828613519669,96.47508400000504
balanced stable MOF candidates for general materials discovery,q4_balanced_discovery,44,LEA + GAT,3,qmof-e566fbb,Zn2C36H22N6O8,0.65,2.93315,True,0.83426434,True,1.0,0.471145,1|1|1|1,0.897905,0.8484455347061157,0.009951105186094841,0.9116329237818718,96.47508400000504
balanced stable MOF candidates for general materials discovery,q4_balanced_discovery,44,LEA + GAT,4,qmof-cef46c3,Zn2C48H32N8O8,0.65,2.913296,True,0.7895211,True,1.0,0.458106,1|1|1|1,0.897905,0.8484455347061157,0.01146700574705998,0.9092612117528915,96.47508400000504
balanced stable MOF candidates for general materials discovery,q4_balanced_discovery,44,LEA + GAT,5,qmof-a1a5849,Fe2C24H16N8,0.65,2.75343,True,0.925170256,True,1.0,0.447383,1|1|1|1,0.897905,0.8484455347061157,0.012693268153816462,0.9073074638843537,96.47508400000504
balanced stable MOF candidates for general materials discovery,q4_balanced_discovery,45,SemanticOnly,1,qmof-fcd2fa6,Zn2C32Cl2H20N6O4,0.65,3.429146,True,1.857717594,True,0.7,,1|1|1|1,0.747905,0.8613682836294174,0.0,0.747905,0.04654200000686615
balanced stable MOF candidates for general materials discovery,q4_balanced_discovery,45,SemanticOnly,2,qmof-fc5343a,Cd2C48H36N8O12,0.65,3.124348,True,1.661271975,True,0.7,,1|1|1|1,0.747905,0.8613682836294174,0.0,0.747905,0.04654200000686615
balanced stable MOF candidates for general materials discovery,q4_balanced_discovery,45,SemanticOnly,3,qmof-f9909c4,Cu6C72H48N24,0.65,2.363119,True,1.498605893,True,0.7,,1|1|1|1,0.747905,0.8613682836294174,0.0,0.747905,0.04654200000686615
balanced stable MOF candidates for general materials discovery,q4_balanced_discovery,45,SemanticOnly,4,qmof-f5a8443,Cu4Br4C34H28N2P2,0.65,2.480035,True,1.948788846,True,0.7,,1|1|1|1,0.747905,0.8613682836294174,0.0,0.747905,0.04654200000686615
balanced stable MOF candidates for general materials discovery,q4_balanced_discovery,45,SemanticOnly,5,qmof-f4cb7a6,Cu4C24H24N16,0.65,3.007004,True,1.833840637,True,0.7,,1|1|1|1,0.747905,0.8613682836294174,0.0,0.747905,0.04654200000686615
balanced stable MOF candidates for general materials discovery,q4_balanced_discovery,45,WeightedSum,1,qmof-e566fbb,Zn2C36H22N6O8,0.65,2.93315,True,0.83426434,True,1.0,,1|1|1|1,0.897905,0.8484455347061157,0.0,0.897905,0.04370799999264818
balanced stable MOF candidates for general materials discovery,q4_balanced_discovery,45,WeightedSum,2,qmof-cef46c3,Zn2C48H32N8O8,0.65,2.913296,True,0.7895211,True,1.0,,1|1|1|1,0.897905,0.8484455347061157,0.0,0.897905,0.04370799999264818
balanced stable MOF candidates for general materials discovery,q4_balanced_discovery,45,WeightedSum,3,qmof-c0f392b,Zn2C44H38N6O12,0.65,2.464185,True,0.915527725,True,1.0,,1|1|1|1,0.897905,0.8484455347061157,0.0,0.897905,0.04370799999264818
balanced stable MOF candidates for general materials discovery,q4_balanced_discovery,45,WeightedSum,4,qmof-ac6a77a,Zn4C76H44N8O16,0.65,2.401359,True,0.82887956,True,1.0,,1|1|1|1,0.897905,0.8484455347061157,0.0,0.897905,0.04370799999264818
balanced stable MOF candidates for general materials discovery,q4_balanced_discovery,45,WeightedSum,5,qmof-a1a5849,Fe2C24H16N8,0.65,2.75343,True,0.925170256,True,1.0,,1|1|1|1,0.897905,0.8484455347061157,0.0,0.897905,0.04370799999264818
balanced stable MOF candidates for general materials discovery,q4_balanced_discovery,45,TOPSIS,1,qmof-e566fbb,Zn2C36H22N6O8,0.65,2.93315,True,0.83426434,True,1.0,,1|1|1|1,0.897905,0.8484455347061157,0.0,0.897905,1.1690000000044165
balanced stable MOF candidates for general materials discovery,q4_balanced_discovery,45,TOPSIS,2,qmof-cef46c3,Zn2C48H32N8O8,0.65,2.913296,True,0.7895211,True,1.0,,1|1|1|1,0.897905,0.8484455347061157,0.0,0.897905,1.1690000000044165
balanced stable MOF candidates for general materials discovery,q4_balanced_discovery,45,TOPSIS,3,qmof-c0f392b,Zn2C44H38N6O12,0.65,2.464185,True,0.915527725,True,1.0,,1|1|1|1,0.897905,0.8484455347061157,0.0,0.897905,1.1690000000044165
balanced stable MOF candidates for general materials discovery,q4_balanced_discovery,45,TOPSIS,4,qmof-ac6a77a,Zn4C76H44N8O16,0.65,2.401359,True,0.82887956,True,1.0,,1|1|1|1,0.897905,0.8484455347061157,0.0,0.897905,1.1690000000044165
balanced stable MOF candidates for general materials discovery,q4_balanced_discovery,45,TOPSIS,5,qmof-a1a5849,Fe2C24H16N8,0.65,2.75343,True,0.925170256,True,1.0,,1|1|1|1,0.897905,0.8484455347061157,0.0,0.897905,1.1690000000044165
balanced stable MOF candidates for general materials discovery,q4_balanced_discovery,45,ParetoCrowding,1,qmof-e566fbb,Zn2C36H22N6O8,0.65,2.93315,True,0.83426434,True,1.0,,1|1|1|1,0.897905,0.8484455347061157,0.0,0.897905,182.38499999999647
balanced stable MOF candidates for general materials discovery,q4_balanced_discovery,45,ParetoCrowding,2,qmof-cef46c3,Zn2C48H32N8O8,0.65,2.913296,True,0.7895211,True,1.0,,1|1|1|1,0.897905,0.8484455347061157,0.0,0.897905,182.38499999999647
balanced stable MOF candidates for general materials discovery,q4_balanced_discovery,45,ParetoCrowding,3,qmof-c0f392b,Zn2C44H38N6O12,0.65,2.464185,True,0.915527725,True,1.0,,1|1|1|1,0.897905,0.8484455347061157,0.0,0.897905,182.38499999999647
balanced stable MOF candidates for general materials discovery,q4_balanced_discovery,45,ParetoCrowding,4,qmof-ac6a77a,Zn4C76H44N8O16,0.65,2.401359,True,0.82887956,True,1.0,,1|1|1|1,0.897905,0.8484455347061157,0.0,0.897905,182.38499999999647
balanced stable MOF candidates for general materials discovery,q4_balanced_discovery,45,ParetoCrowding,5,qmof-a1a5849,Fe2C24H16N8,0.65,2.75343,True,0.925170256,True,1.0,,1|1|1|1,0.897905,0.8484455347061157,0.0,0.897905,182.38499999999647
balanced stable MOF candidates for general materials discovery,q4_balanced_discovery,45,Random,1,qmof-317089d,K2C34H44N6O12,0.65,2.134918,True,1.478725531,True,0.7,,1|1|1|1,0.747905,0.8613682836294174,0.0,0.747905,0.044707999990123426
balanced stable MOF candidates for general materials discovery,q4_balanced_discovery,45,Random,2,qmof-e05c142,Cu2C22Cl4H16N4O2,0.65,3.048689,True,1.893438425,True,0.7,,1|1|1|1,0.747905,0.8613682836294174,0.0,0.747905,0.044707999990123426
balanced stable MOF candidates for general materials discovery,q4_balanced_discovery,45,Random,3,qmof-a1a5849,Fe2C24H16N8,0.65,2.75343,True,0.925170256,True,1.0,,1|1|1|1,0.897905,0.8484455347061157,0.14142135779062906,0.897905,0.044707999990123426
balanced stable MOF candidates for general materials discovery,q4_balanced_discovery,45,Random,4,qmof-edbe499,CuC26H22N6O6,0.65,2.878612,True,1.54123802,True,0.7,,1|1|1|1,0.747905,0.8613682836294174,0.1060660183429718,0.747905,0.044707999990123426
balanced stable MOF candidates for general materials discovery,q4_balanced_discovery,45,Random,5,qmof-66698de,Cu8C32H32N16,0.65,2.464564,True,1.946604641,True,0.7,,1|1|1|1,0.747905,0.8613682836294174,0.08485281467437744,0.747905,0.044707999990123426
balanced stable MOF candidates for general materials discovery,q4_balanced_discovery,45,MMR,1,qmof-cef46c3,Zn2C48H32N8O8,0.65,2.913296,True,0.7895211,True,1.0,,1|1|1|1,0.897905,0.8484455347061157,0.0,0.897905,1658.4284999999995
balanced stable MOF candidates for general materials discovery,q4_balanced_discovery,45,MMR,2,qmof-b1cbe7a,Fe2C24H16N8,0.65,3.528396,True,0.685538233,True,1.0,,1|1|1|1,0.793755,0.7809823006391525,0.25,0.793755,1658.4284999999995
balanced stable MOF candidates for general materials discovery,q4_balanced_discovery,45,MMR,3,qmof-e566fbb,Zn2C36H22N6O8,0.65,2.93315,True,0.83426434,True,1.0,,1|1|1|1,0.897905,0.8484455347061157,0.16666666666666666,0.897905,1658.4284999999995
balanced stable MOF candidates for general materials discovery,q4_balanced_discovery,45,MMR,4,qmof-235f291,Ni2C24H16N8,0.65,3.336142,True,0.870801372,True,1.0,,1|1|1|1,0.897905,0.8484455347061157,0.125,0.897905,1658.4284999999995
balanced stable MOF candidates for general materials discovery,q4_balanced_discovery,45,MMR,5,qmof-13a76dd,Zn4C40H28N12O8,0.65,3.309168,True,0.982716063,True,1.0,,1|1|1|1,0.897905,0.8484455347061157,0.1,0.897905,1658.4284999999995
balanced stable MOF candidates for general materials discovery,q4_balanced_discovery,45,LEA,1,qmof-a1a5849,Fe2C24H16N8,0.65,2.75343,True,0.925170256,True,1.0,,1|1|1|1,0.897905,0.8484455347061157,0.0,0.9981539472937584,98.1533340000027
balanced stable MOF candidates for general materials discovery,q4_balanced_discovery,45,LEA,2,qmof-ac6a77a,Zn4C76H44N8O16,0.65,2.401359,True,0.82887956,True,1.0,,1|1|1|1,0.897905,0.8484455347061157,0.0,0.9981539472937584,98.1533340000027
balanced stable MOF candidates for general materials discovery,q4_balanced_discovery,45,LEA,3,qmof-c0f392b,Zn2C44H38N6O12,0.65,2.464185,True,0.915527725,True,1.0,,1|1|1|1,0.897905,0.8484455347061157,0.0,0.9981539472937584,98.1533340000027
balanced stable MOF candidates for general materials discovery,q4_balanced_discovery,45,LEA,4,qmof-13a76dd,Zn4C40H28N12O8,0.65,3.309168,True,0.982716063,True,1.0,,1|1|1|1,0.897905,0.8484455347061157,0.0,0.9981539472937584,98.1533340000027
balanced stable MOF candidates for general materials discovery,q4_balanced_discovery,45,LEA,5,qmof-235f291,Ni2C24H16N8,0.65,3.336142,True,0.870801372,True,1.0,,1|1|1|1,0.897905,0.8484455347061157,0.0,0.9981539472937584,98.1533340000027
balanced stable MOF candidates for general materials discovery,q4_balanced_discovery,45,LEA no diversity,1,qmof-a1a5849,Fe2C24H16N8,0.65,2.75343,True,0.925170256,True,1.0,,1|1|1|1,0.897905,0.8484455347061157,0.0,0.9827495455741883,93.00758300000211
balanced stable MOF candidates for general materials discovery,q4_balanced_discovery,45,LEA no diversity,2,qmof-ac6a77a,Zn4C76H44N8O16,0.65,2.401359,True,0.82887956,True,1.0,,1|1|1|1,0.897905,0.8484455347061157,0.0,0.9827495455741883,93.00758300000211
balanced stable MOF candidates for general materials discovery,q4_balanced_discovery,45,LEA no diversity,3,qmof-c0f392b,Zn2C44H38N6O12,0.65,2.464185,True,0.915527725,True,1.0,,1|1|1|1,0.897905,0.8484455347061157,0.0,0.9827495455741883,93.00758300000211
balanced stable MOF candidates for general materials discovery,q4_balanced_discovery,45,LEA no diversity,4,qmof-13a76dd,Zn4C40H28N12O8,0.65,3.309168,True,0.982716063,True,1.0,,1|1|1|1,0.897905,0.8484455347061157,0.0,0.9827495455741883,93.00758300000211
balanced stable MOF candidates for general materials discovery,q4_balanced_discovery,45,LEA no diversity,5,qmof-235f291,Ni2C24H16N8,0.65,3.336142,True,0.870801372,True,1.0,,1|1|1|1,0.897905,0.8484455347061157,0.0,0.9827495455741883,93.00758300000211
balanced stable MOF candidates for general materials discovery,q4_balanced_discovery,45,LEA no self-cleaning,1,qmof-a1a5849,Fe2C24H16N8,0.65,2.75343,True,0.925170256,True,1.0,,1|1|1|1,0.897905,0.8484455347061157,0.0,0.9981539472937584,93.36725000000001
balanced stable MOF candidates for general materials discovery,q4_balanced_discovery,45,LEA no self-cleaning,2,qmof-ac6a77a,Zn4C76H44N8O16,0.65,2.401359,True,0.82887956,True,1.0,,1|1|1|1,0.897905,0.8484455347061157,0.0,0.9981539472937584,93.36725000000001
balanced stable MOF candidates for general materials discovery,q4_balanced_discovery,45,LEA no self-cleaning,3,qmof-c0f392b,Zn2C44H38N6O12,0.65,2.464185,True,0.915527725,True,1.0,,1|1|1|1,0.897905,0.8484455347061157,0.0,0.9981539472937584,93.36725000000001
balanced stable MOF candidates for general materials discovery,q4_balanced_discovery,45,LEA no self-cleaning,4,qmof-13a76dd,Zn4C40H28N12O8,0.65,3.309168,True,0.982716063,True,1.0,,1|1|1|1,0.897905,0.8484455347061157,0.0,0.9981539472937584,93.36725000000001
balanced stable MOF candidates for general materials discovery,q4_balanced_discovery,45,LEA no self-cleaning,5,qmof-235f291,Ni2C24H16N8,0.65,3.336142,True,0.870801372,True,1.0,,1|1|1|1,0.897905,0.8484455347061157,0.0,0.9981539472937584,93.36725000000001
balanced stable MOF candidates for general materials discovery,q4_balanced_discovery,45,GraphSAGE only,1,qmof-13a76dd,Zn4C40H28N12O8,0.65,3.309168,True,0.982716063,True,1.0,0.311079,1|1|1|1,0.897905,0.8484455347061157,0.0,0.897905,0.039666999995802144
balanced stable MOF candidates for general materials discovery,q4_balanced_discovery,45,GraphSAGE only,2,qmof-e566fbb,Zn2C36H22N6O8,0.65,2.93315,True,0.83426434,True,1.0,0.303646,1|1|1|1,0.897905,0.8484455347061157,0.0033241373021155596,0.897905,0.039666999995802144
balanced stable MOF candidates for general materials discovery,q4_balanced_discovery,45,GraphSAGE only,3,qmof-235f291,Ni2C24H16N8,0.65,3.336142,True,0.870801372,True,1.0,0.30269,1|1|1|1,0.897905,0.8484455347061157,0.0025011154260331145,0.897905,0.039666999995802144
balanced stable MOF candidates for general materials discovery,q4_balanced_discovery,45,GraphSAGE only,4,qmof-a1a5849,Fe2C24H16N8,0.65,2.75343,True,0.925170256,True,1.0,0.298612,1|1|1|1,0.897905,0.8484455347061157,0.002858961209616003,0.897905,0.039666999995802144
balanced stable MOF candidates for general materials discovery,q4_balanced_discovery,45,GraphSAGE only,5,qmof-ac6a77a,Zn4C76H44N8O16,0.65,2.401359,True,0.82887956,True,1.0,0.297293,1|1|1|1,0.897905,0.8484455347061157,0.002916367145371623,0.897905,0.039666999995802144
balanced stable MOF candidates for general materials discovery,q4_balanced_discovery,45,GAT only,1,qmof-13a76dd,Zn4C40H28N12O8,0.65,3.309168,True,0.982716063,True,1.0,0.504522,1|1|1|1,0.897905,0.8484455347061157,0.0,0.897905,0.04475000000070395
balanced stable MOF candidates for general materials discovery,q4_balanced_discovery,45,GAT only,2,qmof-235f291,Ni2C24H16N8,0.65,3.336142,True,0.870801372,True,1.0,0.485743,1|1|1|1,0.897905,0.8484455347061157,0.008398241363465786,0.897905,0.04475000000070395
balanced stable MOF candidates for general materials discovery,q4_balanced_discovery,45,GAT only,3,qmof-e566fbb,Zn2C36H22N6O8,0.65,2.93315,True,0.83426434,True,1.0,0.471145,1|1|1|1,0.897905,0.8484455347061157,0.009951105186094841,0.897905,0.04475000000070395
balanced stable MOF candidates for general materials discovery,q4_balanced_discovery,45,GAT only,4,qmof-cef46c3,Zn2C48H32N8O8,0.65,2.913296,True,0.7895211,True,1.0,0.458106,1|1|1|1,0.897905,0.8484455347061157,0.01146700574705998,0.897905,0.04475000000070395
balanced stable MOF candidates for general materials discovery,q4_balanced_discovery,45,GAT only,5,qmof-a1a5849,Fe2C24H16N8,0.65,2.75343,True,0.925170256,True,1.0,0.447383,1|1|1|1,0.897905,0.8484455347061157,0.012693268153816462,0.897905,0.04475000000070395
balanced stable MOF candidates for general materials discovery,q4_balanced_discovery,45,LEA + GraphSAGE,1,qmof-13a76dd,Zn4C40H28N12O8,0.65,3.309168,True,0.982716063,True,1.0,0.311079,1|1|1|1,0.897905,0.8484455347061157,0.0,0.8822680234909057,94.68895899999552
balanced stable MOF candidates for general materials discovery,q4_balanced_discovery,45,LEA + GraphSAGE,2,qmof-e566fbb,Zn2C36H22N6O8,0.65,2.93315,True,0.83426434,True,1.0,0.303646,1|1|1|1,0.897905,0.8484455347061157,0.0033241373021155596,0.8808936446905136,94.68895899999552
balanced stable MOF candidates for general materials discovery,q4_balanced_discovery,45,LEA + GraphSAGE,3,qmof-235f291,Ni2C24H16N8,0.65,3.336142,True,0.870801372,True,1.0,0.30269,1|1|1|1,0.897905,0.8484455347061157,0.0025011154260331145,0.8807168185710907,94.68895899999552
balanced stable MOF candidates for general materials discovery,q4_balanced_discovery,45,LEA + GraphSAGE,4,qmof-a1a5849,Fe2C24H16N8,0.65,2.75343,True,0.925170256,True,1.0,0.298612,1|1|1|1,0.897905,0.8484455347061157,0.002858961209616003,0.8799624621868134,94.68895899999552
balanced stable MOF candidates for general materials discovery,q4_balanced_discovery,45,LEA + GraphSAGE,5,qmof-ac6a77a,Zn4C76H44N8O16,0.65,2.401359,True,0.82887956,True,1.0,0.297293,1|1|1|1,0.897905,0.8484455347061157,0.002916367145371623,0.8797183722257614,94.68895899999552
balanced stable MOF candidates for general materials discovery,q4_balanced_discovery,45,LEA + GAT,1,qmof-13a76dd,Zn4C40H28N12O8,0.65,3.309168,True,0.982716063,True,1.0,0.504522,1|1|1|1,0.897905,0.8484455347061157,0.0,0.9176828220486641,94.70720900000629
balanced stable MOF candidates for general materials discovery,q4_balanced_discovery,45,LEA + GAT,2,qmof-235f291,Ni2C24H16N8,0.65,3.336142,True,0.870801372,True,1.0,0.485743,1|1|1|1,0.897905,0.8484455347061157,0.008398241363465786,0.9142828613519669,94.70720900000629
balanced stable MOF candidates for general materials discovery,q4_balanced_discovery,45,LEA + GAT,3,qmof-e566fbb,Zn2C36H22N6O8,0.65,2.93315,True,0.83426434,True,1.0,0.471145,1|1|1|1,0.897905,0.8484455347061157,0.009951105186094841,0.9116329237818718,94.70720900000629
balanced stable MOF candidates for general materials discovery,q4_balanced_discovery,45,LEA + GAT,4,qmof-cef46c3,Zn2C48H32N8O8,0.65,2.913296,True,0.7895211,True,1.0,0.458106,1|1|1|1,0.897905,0.8484455347061157,0.01146700574705998,0.9092612117528915,94.70720900000629
balanced stable MOF candidates for general materials discovery,q4_balanced_discovery,45,LEA + GAT,5,qmof-a1a5849,Fe2C24H16N8,0.65,2.75343,True,0.925170256,True,1.0,0.447383,1|1|1|1,0.897905,0.8484455347061157,0.012693268153816462,0.9073074638843537,94.70720900000629
balanced stable MOF candidates for general materials discovery,q4_balanced_discovery,46,SemanticOnly,1,qmof-fd1f953,Cu2C26H18N6O8,0.65,2.532128,True,1.868987904,True,0.7,,1|1|1|1,0.747905,0.8613682836294174,0.0,0.747905,0.04812499999218289
balanced stable MOF candidates for general materials discovery,q4_balanced_discovery,46,SemanticOnly,2,qmof-f837f30,CuC40H24N6O6,0.65,2.84042,True,1.493300786,True,0.7,,1|1|1|1,0.747905,0.8613682836294174,0.0,0.747905,0.04812499999218289
balanced stable MOF candidates for general materials discovery,q4_balanced_discovery,46,SemanticOnly,3,qmof-f5c5269,Gd2C30H24N12O24,0.65,3.495222,True,1.839046498,True,0.7,,1|1|1|1,0.747905,0.8613682836294174,0.0,0.747905,0.04812499999218289
balanced stable MOF candidates for general materials discovery,q4_balanced_discovery,46,SemanticOnly,4,qmof-f05d7d8,Ag4C56H48N12O28,0.65,3.040059,True,1.917972737,True,0.7,,1|1|1|1,0.747905,0.8613682836294174,0.0,0.747905,0.04812499999218289
balanced stable MOF candidates for general materials discovery,q4_balanced_discovery,46,SemanticOnly,5,qmof-edd85aa,ZnC28H26N2O10S2,0.65,2.845507,True,1.669422351,True,0.7,,1|1|1|1,0.747905,0.8613682836294174,0.0,0.747905,0.04812499999218289
balanced stable MOF candidates for general materials discovery,q4_balanced_discovery,46,WeightedSum,1,qmof-e566fbb,Zn2C36H22N6O8,0.65,2.93315,True,0.83426434,True,1.0,,1|1|1|1,0.897905,0.8484455347061157,0.0,0.897905,0.04524999999944157
balanced stable MOF candidates for general materials discovery,q4_balanced_discovery,46,WeightedSum,2,qmof-cef46c3,Zn2C48H32N8O8,0.65,2.913296,True,0.7895211,True,1.0,,1|1|1|1,0.897905,0.8484455347061157,0.0,0.897905,0.04524999999944157
balanced stable MOF candidates for general materials discovery,q4_balanced_discovery,46,WeightedSum,3,qmof-c0f392b,Zn2C44H38N6O12,0.65,2.464185,True,0.915527725,True,1.0,,1|1|1|1,0.897905,0.8484455347061157,0.0,0.897905,0.04524999999944157
balanced stable MOF candidates for general materials discovery,q4_balanced_discovery,46,WeightedSum,4,qmof-ac6a77a,Zn4C76H44N8O16,0.65,2.401359,True,0.82887956,True,1.0,,1|1|1|1,0.897905,0.8484455347061157,0.0,0.897905,0.04524999999944157
balanced stable MOF candidates for general materials discovery,q4_balanced_discovery,46,WeightedSum,5,qmof-a1a5849,Fe2C24H16N8,0.65,2.75343,True,0.925170256,True,1.0,,1|1|1|1,0.897905,0.8484455347061157,0.0,0.897905,0.04524999999944157
balanced stable MOF candidates for general materials discovery,q4_balanced_discovery,46,TOPSIS,1,qmof-e566fbb,Zn2C36H22N6O8,0.65,2.93315,True,0.83426434,True,1.0,,1|1|1|1,0.897905,0.8484455347061157,0.0,0.897905,1.1747080000077403
balanced stable MOF candidates for general materials discovery,q4_balanced_discovery,46,TOPSIS,2,qmof-cef46c3,Zn2C48H32N8O8,0.65,2.913296,True,0.7895211,True,1.0,,1|1|1|1,0.897905,0.8484455347061157,0.0,0.897905,1.1747080000077403
balanced stable MOF candidates for general materials discovery,q4_balanced_discovery,46,TOPSIS,3,qmof-c0f392b,Zn2C44H38N6O12,0.65,2.464185,True,0.915527725,True,1.0,,1|1|1|1,0.897905,0.8484455347061157,0.0,0.897905,1.1747080000077403
balanced stable MOF candidates for general materials discovery,q4_balanced_discovery,46,TOPSIS,4,qmof-ac6a77a,Zn4C76H44N8O16,0.65,2.401359,True,0.82887956,True,1.0,,1|1|1|1,0.897905,0.8484455347061157,0.0,0.897905,1.1747080000077403
balanced stable MOF candidates for general materials discovery,q4_balanced_discovery,46,TOPSIS,5,qmof-a1a5849,Fe2C24H16N8,0.65,2.75343,True,0.925170256,True,1.0,,1|1|1|1,0.897905,0.8484455347061157,0.0,0.897905,1.1747080000077403
balanced stable MOF candidates for general materials discovery,q4_balanced_discovery,46,ParetoCrowding,1,qmof-e566fbb,Zn2C36H22N6O8,0.65,2.93315,True,0.83426434,True,1.0,,1|1|1|1,0.897905,0.8484455347061157,0.0,0.897905,180.43862499999364
balanced stable MOF candidates for general materials discovery,q4_balanced_discovery,46,ParetoCrowding,2,qmof-cef46c3,Zn2C48H32N8O8,0.65,2.913296,True,0.7895211,True,1.0,,1|1|1|1,0.897905,0.8484455347061157,0.0,0.897905,180.43862499999364
balanced stable MOF candidates for general materials discovery,q4_balanced_discovery,46,ParetoCrowding,3,qmof-c0f392b,Zn2C44H38N6O12,0.65,2.464185,True,0.915527725,True,1.0,,1|1|1|1,0.897905,0.8484455347061157,0.0,0.897905,180.43862499999364
balanced stable MOF candidates for general materials discovery,q4_balanced_discovery,46,ParetoCrowding,4,qmof-ac6a77a,Zn4C76H44N8O16,0.65,2.401359,True,0.82887956,True,1.0,,1|1|1|1,0.897905,0.8484455347061157,0.0,0.897905,180.43862499999364
balanced stable MOF candidates for general materials discovery,q4_balanced_discovery,46,ParetoCrowding,5,qmof-a1a5849,Fe2C24H16N8,0.65,2.75343,True,0.925170256,True,1.0,,1|1|1|1,0.897905,0.8484455347061157,0.0,0.897905,180.43862499999364
balanced stable MOF candidates for general materials discovery,q4_balanced_discovery,46,Random,1,qmof-d203083,Cd3C70Cl2H50N14O8,0.65,3.402526,True,1.406723944,True,0.7,,1|1|1|1,0.747905,0.8613682836294174,0.0,0.747905,0.04570800000180952
balanced stable MOF candidates for general materials discovery,q4_balanced_discovery,46,Random,2,qmof-2290d6d,Li4C12H12O12,0.65,2.397141,True,1.74780427,True,0.7,,1|1|1|1,0.747905,0.8613682836294174,0.0,0.747905,0.04570800000180952
balanced stable MOF candidates for general materials discovery,q4_balanced_discovery,46,Random,3,qmof-6aa9860,CdC46H28N8O6,0.65,2.61821,True,1.681610758,True,0.7,,1|1|1|1,0.747905,0.8613682836294174,0.0,0.747905,0.04570800000180952
balanced stable MOF candidates for general materials discovery,q4_balanced_discovery,46,Random,4,qmof-e951f69,Cu4C28Cl4H36N8S4,0.65,2.163566,True,1.902524839,True,0.7,,1|1|1|1,0.747905,0.8613682836294174,0.0,0.747905,0.04570800000180952
balanced stable MOF candidates for general materials discovery,q4_balanced_discovery,46,Random,5,qmof-f05d7d8,Ag4C56H48N12O28,0.65,3.040059,True,1.917972737,True,0.7,,1|1|1|1,0.747905,0.8613682836294174,0.0,0.747905,0.04570800000180952
balanced stable MOF candidates for general materials discovery,q4_balanced_discovery,46,MMR,1,qmof-e566fbb,Zn2C36H22N6O8,0.65,2.93315,True,0.83426434,True,1.0,,1|1|1|1,0.897905,0.8484455347061157,0.0,0.897905,1654.4322919999956
balanced stable MOF candidates for general materials discovery,q4_balanced_discovery,46,MMR,2,qmof-4050181,Li4C28H32N4O8,0.65,5.066465,True,0.936198777,True,1.0,,1|1|1|1,0.793755,0.7809823006391525,0.25,0.793755,1654.4322919999956
balanced stable MOF candidates for general materials discovery,q4_balanced_discovery,46,MMR,3,qmof-235f291,Ni2C24H16N8,0.65,3.336142,True,0.870801372,True,1.0,,1|1|1|1,0.897905,0.8484455347061157,0.16666666666666666,0.897905,1654.4322919999956
balanced stable MOF candidates for general materials discovery,q4_balanced_discovery,46,MMR,4,qmof-13a76dd,Zn4C40H28N12O8,0.65,3.309168,True,0.982716063,True,1.0,,1|1|1|1,0.897905,0.8484455347061157,0.125,0.897905,1654.4322919999956
balanced stable MOF candidates for general materials discovery,q4_balanced_discovery,46,MMR,5,qmof-c0f392b,Zn2C44H38N6O12,0.65,2.464185,True,0.915527725,True,1.0,,1|1|1|1,0.897905,0.8484455347061157,0.1,0.897905,1654.4322919999956
balanced stable MOF candidates for general materials discovery,q4_balanced_discovery,46,LEA,1,qmof-ac6a77a,Zn4C76H44N8O16,0.65,2.401359,True,0.82887956,True,1.0,,1|1|1|1,0.897905,0.8484455347061157,0.0,0.9981539472937584,95.68216599998891
balanced stable MOF candidates for general materials discovery,q4_balanced_discovery,46,LEA,2,qmof-a1a5849,Fe2C24H16N8,0.65,2.75343,True,0.925170256,True,1.0,,1|1|1|1,0.897905,0.8484455347061157,0.0,0.9981539472937584,95.68216599998891
balanced stable MOF candidates for general materials discovery,q4_balanced_discovery,46,LEA,3,qmof-cef46c3,Zn2C48H32N8O8,0.65,2.913296,True,0.7895211,True,1.0,,1|1|1|1,0.897905,0.8484455347061157,0.0,0.9981539472937584,95.68216599998891
balanced stable MOF candidates for general materials discovery,q4_balanced_discovery,46,LEA,4,qmof-c0f392b,Zn2C44H38N6O12,0.65,2.464185,True,0.915527725,True,1.0,,1|1|1|1,0.897905,0.8484455347061157,0.0,0.9981539472937584,95.68216599998891
balanced stable MOF candidates for general materials discovery,q4_balanced_discovery,46,LEA,5,qmof-13a76dd,Zn4C40H28N12O8,0.65,3.309168,True,0.982716063,True,1.0,,1|1|1|1,0.897905,0.8484455347061157,0.0,0.9981539472937584,95.68216599998891
balanced stable MOF candidates for general materials discovery,q4_balanced_discovery,46,LEA no diversity,1,qmof-ac6a77a,Zn4C76H44N8O16,0.65,2.401359,True,0.82887956,True,1.0,,1|1|1|1,0.897905,0.8484455347061157,0.0,0.9827495455741883,93.08620800000256
balanced stable MOF candidates for general materials discovery,q4_balanced_discovery,46,LEA no diversity,2,qmof-a1a5849,Fe2C24H16N8,0.65,2.75343,True,0.925170256,True,1.0,,1|1|1|1,0.897905,0.8484455347061157,0.0,0.9827495455741883,93.08620800000256
balanced stable MOF candidates for general materials discovery,q4_balanced_discovery,46,LEA no diversity,3,qmof-cef46c3,Zn2C48H32N8O8,0.65,2.913296,True,0.7895211,True,1.0,,1|1|1|1,0.897905,0.8484455347061157,0.0,0.9827495455741883,93.08620800000256
balanced stable MOF candidates for general materials discovery,q4_balanced_discovery,46,LEA no diversity,4,qmof-c0f392b,Zn2C44H38N6O12,0.65,2.464185,True,0.915527725,True,1.0,,1|1|1|1,0.897905,0.8484455347061157,0.0,0.9827495455741883,93.08620800000256
balanced stable MOF candidates for general materials discovery,q4_balanced_discovery,46,LEA no diversity,5,qmof-13a76dd,Zn4C40H28N12O8,0.65,3.309168,True,0.982716063,True,1.0,,1|1|1|1,0.897905,0.8484455347061157,0.0,0.9827495455741883,93.08620800000256
balanced stable MOF candidates for general materials discovery,q4_balanced_discovery,46,LEA no self-cleaning,1,qmof-ac6a77a,Zn4C76H44N8O16,0.65,2.401359,True,0.82887956,True,1.0,,1|1|1|1,0.897905,0.8484455347061157,0.0,0.9981539472937584,94.5608749999991
balanced stable MOF candidates for general materials discovery,q4_balanced_discovery,46,LEA no self-cleaning,2,qmof-a1a5849,Fe2C24H16N8,0.65,2.75343,True,0.925170256,True,1.0,,1|1|1|1,0.897905,0.8484455347061157,0.0,0.9981539472937584,94.5608749999991
balanced stable MOF candidates for general materials discovery,q4_balanced_discovery,46,LEA no self-cleaning,3,qmof-cef46c3,Zn2C48H32N8O8,0.65,2.913296,True,0.7895211,True,1.0,,1|1|1|1,0.897905,0.8484455347061157,0.0,0.9981539472937584,94.5608749999991
balanced stable MOF candidates for general materials discovery,q4_balanced_discovery,46,LEA no self-cleaning,4,qmof-c0f392b,Zn2C44H38N6O12,0.65,2.464185,True,0.915527725,True,1.0,,1|1|1|1,0.897905,0.8484455347061157,0.0,0.9981539472937584,94.5608749999991
balanced stable MOF candidates for general materials discovery,q4_balanced_discovery,46,LEA no self-cleaning,5,qmof-13a76dd,Zn4C40H28N12O8,0.65,3.309168,True,0.982716063,True,1.0,,1|1|1|1,0.897905,0.8484455347061157,0.0,0.9981539472937584,94.5608749999991
balanced stable MOF candidates for general materials discovery,q4_balanced_discovery,46,GraphSAGE only,1,qmof-13a76dd,Zn4C40H28N12O8,0.65,3.309168,True,0.982716063,True,1.0,0.311079,1|1|1|1,0.897905,0.8484455347061157,0.0,0.897905,0.04837500000576256
balanced stable MOF candidates for general materials discovery,q4_balanced_discovery,46,GraphSAGE only,2,qmof-e566fbb,Zn2C36H22N6O8,0.65,2.93315,True,0.83426434,True,1.0,0.303646,1|1|1|1,0.897905,0.8484455347061157,0.0033241373021155596,0.897905,0.04837500000576256
balanced stable MOF candidates for general materials discovery,q4_balanced_discovery,46,GraphSAGE only,3,qmof-235f291,Ni2C24H16N8,0.65,3.336142,True,0.870801372,True,1.0,0.30269,1|1|1|1,0.897905,0.8484455347061157,0.0025011154260331145,0.897905,0.04837500000576256
balanced stable MOF candidates for general materials discovery,q4_balanced_discovery,46,GraphSAGE only,4,qmof-a1a5849,Fe2C24H16N8,0.65,2.75343,True,0.925170256,True,1.0,0.298612,1|1|1|1,0.897905,0.8484455347061157,0.002858961209616003,0.897905,0.04837500000576256
balanced stable MOF candidates for general materials discovery,q4_balanced_discovery,46,GraphSAGE only,5,qmof-ac6a77a,Zn4C76H44N8O16,0.65,2.401359,True,0.82887956,True,1.0,0.297293,1|1|1|1,0.897905,0.8484455347061157,0.002916367145371623,0.897905,0.04837500000576256
balanced stable MOF candidates for general materials discovery,q4_balanced_discovery,46,GAT only,1,qmof-13a76dd,Zn4C40H28N12O8,0.65,3.309168,True,0.982716063,True,1.0,0.504522,1|1|1|1,0.897905,0.8484455347061157,0.0,0.897905,0.042832999994857346
balanced stable MOF candidates for general materials discovery,q4_balanced_discovery,46,GAT only,2,qmof-235f291,Ni2C24H16N8,0.65,3.336142,True,0.870801372,True,1.0,0.485743,1|1|1|1,0.897905,0.8484455347061157,0.008398241363465786,0.897905,0.042832999994857346
balanced stable MOF candidates for general materials discovery,q4_balanced_discovery,46,GAT only,3,qmof-e566fbb,Zn2C36H22N6O8,0.65,2.93315,True,0.83426434,True,1.0,0.471145,1|1|1|1,0.897905,0.8484455347061157,0.009951105186094841,0.897905,0.042832999994857346
balanced stable MOF candidates for general materials discovery,q4_balanced_discovery,46,GAT only,4,qmof-cef46c3,Zn2C48H32N8O8,0.65,2.913296,True,0.7895211,True,1.0,0.458106,1|1|1|1,0.897905,0.8484455347061157,0.01146700574705998,0.897905,0.042832999994857346
balanced stable MOF candidates for general materials discovery,q4_balanced_discovery,46,GAT only,5,qmof-a1a5849,Fe2C24H16N8,0.65,2.75343,True,0.925170256,True,1.0,0.447383,1|1|1|1,0.897905,0.8484455347061157,0.012693268153816462,0.897905,0.042832999994857346
balanced stable MOF candidates for general materials discovery,q4_balanced_discovery,46,LEA + GraphSAGE,1,qmof-13a76dd,Zn4C40H28N12O8,0.65,3.309168,True,0.982716063,True,1.0,0.311079,1|1|1|1,0.897905,0.8484455347061157,0.0,0.8822680234909057,95.63491599999452
balanced stable MOF candidates for general materials discovery,q4_balanced_discovery,46,LEA + GraphSAGE,2,qmof-e566fbb,Zn2C36H22N6O8,0.65,2.93315,True,0.83426434,True,1.0,0.303646,1|1|1|1,0.897905,0.8484455347061157,0.0033241373021155596,0.8808936446905136,95.63491599999452
balanced stable MOF candidates for general materials discovery,q4_balanced_discovery,46,LEA + GraphSAGE,3,qmof-235f291,Ni2C24H16N8,0.65,3.336142,True,0.870801372,True,1.0,0.30269,1|1|1|1,0.897905,0.8484455347061157,0.0025011154260331145,0.8807168185710907,95.63491599999452
balanced stable MOF candidates for general materials discovery,q4_balanced_discovery,46,LEA + GraphSAGE,4,qmof-a1a5849,Fe2C24H16N8,0.65,2.75343,True,0.925170256,True,1.0,0.298612,1|1|1|1,0.897905,0.8484455347061157,0.002858961209616003,0.8799624621868134,95.63491599999452
balanced stable MOF candidates for general materials discovery,q4_balanced_discovery,46,LEA + GraphSAGE,5,qmof-ac6a77a,Zn4C76H44N8O16,0.65,2.401359,True,0.82887956,True,1.0,0.297293,1|1|1|1,0.897905,0.8484455347061157,0.002916367145371623,0.8797183722257614,95.63491599999452
balanced stable MOF candidates for general materials discovery,q4_balanced_discovery,46,LEA + GAT,1,qmof-13a76dd,Zn4C40H28N12O8,0.65,3.309168,True,0.982716063,True,1.0,0.504522,1|1|1|1,0.897905,0.8484455347061157,0.0,0.9176828220486641,94.18175000000417
balanced stable MOF candidates for general materials discovery,q4_balanced_discovery,46,LEA + GAT,2,qmof-235f291,Ni2C24H16N8,0.65,3.336142,True,0.870801372,True,1.0,0.485743,1|1|1|1,0.897905,0.8484455347061157,0.008398241363465786,0.9142828613519669,94.18175000000417
balanced stable MOF candidates for general materials discovery,q4_balanced_discovery,46,LEA + GAT,3,qmof-e566fbb,Zn2C36H22N6O8,0.65,2.93315,True,0.83426434,True,1.0,0.471145,1|1|1|1,0.897905,0.8484455347061157,0.009951105186094841,0.9116329237818718,94.18175000000417
balanced stable MOF candidates for general materials discovery,q4_balanced_discovery,46,LEA + GAT,4,qmof-cef46c3,Zn2C48H32N8O8,0.65,2.913296,True,0.7895211,True,1.0,0.458106,1|1|1|1,0.897905,0.8484455347061157,0.01146700574705998,0.9092612117528915,94.18175000000417
balanced stable MOF candidates for general materials discovery,q4_balanced_discovery,46,LEA + GAT,5,qmof-a1a5849,Fe2C24H16N8,0.65,2.75343,True,0.925170256,True,1.0,0.447383,1|1|1|1,0.897905,0.8484455347061157,0.012693268153816462,0.9073074638843537,94.18175000000417
balanced stable MOF candidates for general materials discovery,q4_balanced_discovery,47,SemanticOnly,1,qmof-fd1f953,Cu2C26H18N6O8,0.65,2.532128,True,1.868987904,True,0.7,,1|1|1|1,0.747905,0.8613682836294174,0.0,0.747905,0.05816700000593755
balanced stable MOF candidates for general materials discovery,q4_balanced_discovery,47,SemanticOnly,2,qmof-fcfab15,Zn2C48H36N8O12,0.65,3.105757,True,1.544337866,True,0.7,,1|1|1|1,0.747905,0.8613682836294174,0.0,0.747905,0.05816700000593755
balanced stable MOF candidates for general materials discovery,q4_balanced_discovery,47,SemanticOnly,3,qmof-f837f30,CuC40H24N6O6,0.65,2.84042,True,1.493300786,True,0.7,,1|1|1|1,0.747905,0.8613682836294174,0.0,0.747905,0.05816700000593755
balanced stable MOF candidates for general materials discovery,q4_balanced_discovery,47,SemanticOnly,4,qmof-f5b47bc,Mn3C48H30N12O12,0.65,1.726978,True,1.570119757,True,0.7,,1|1|1|1,0.747905,0.8613682836294174,0.0,0.747905,0.05816700000593755
balanced stable MOF candidates for general materials discovery,q4_balanced_discovery,47,SemanticOnly,5,qmof-edd39e3,Cu2C10H12N16,0.65,2.25578,True,1.809152162,True,0.7,,1|1|1|1,0.747905,0.8613682836294174,0.0,0.747905,0.05816700000593755
balanced stable MOF candidates for general materials discovery,q4_balanced_discovery,47,WeightedSum,1,qmof-e566fbb,Zn2C36H22N6O8,0.65,2.93315,True,0.83426434,True,1.0,,1|1|1|1,0.897905,0.8484455347061157,0.0,0.897905,0.044625000001019544
balanced stable MOF candidates for general materials discovery,q4_balanced_discovery,47,WeightedSum,2,qmof-cef46c3,Zn2C48H32N8O8,0.65,2.913296,True,0.7895211,True,1.0,,1|1|1|1,0.897905,0.8484455347061157,0.0,0.897905,0.044625000001019544
balanced stable MOF candidates for general materials discovery,q4_balanced_discovery,47,WeightedSum,3,qmof-c0f392b,Zn2C44H38N6O12,0.65,2.464185,True,0.915527725,True,1.0,,1|1|1|1,0.897905,0.8484455347061157,0.0,0.897905,0.044625000001019544
balanced stable MOF candidates for general materials discovery,q4_balanced_discovery,47,WeightedSum,4,qmof-ac6a77a,Zn4C76H44N8O16,0.65,2.401359,True,0.82887956,True,1.0,,1|1|1|1,0.897905,0.8484455347061157,0.0,0.897905,0.044625000001019544
balanced stable MOF candidates for general materials discovery,q4_balanced_discovery,47,WeightedSum,5,qmof-a1a5849,Fe2C24H16N8,0.65,2.75343,True,0.925170256,True,1.0,,1|1|1|1,0.897905,0.8484455347061157,0.0,0.897905,0.044625000001019544
balanced stable MOF candidates for general materials discovery,q4_balanced_discovery,47,TOPSIS,1,qmof-e566fbb,Zn2C36H22N6O8,0.65,2.93315,True,0.83426434,True,1.0,,1|1|1|1,0.897905,0.8484455347061157,0.0,0.897905,1.1353750000040463
balanced stable MOF candidates for general materials discovery,q4_balanced_discovery,47,TOPSIS,2,qmof-cef46c3,Zn2C48H32N8O8,0.65,2.913296,True,0.7895211,True,1.0,,1|1|1|1,0.897905,0.8484455347061157,0.0,0.897905,1.1353750000040463
balanced stable MOF candidates for general materials discovery,q4_balanced_discovery,47,TOPSIS,3,qmof-c0f392b,Zn2C44H38N6O12,0.65,2.464185,True,0.915527725,True,1.0,,1|1|1|1,0.897905,0.8484455347061157,0.0,0.897905,1.1353750000040463
balanced stable MOF candidates for general materials discovery,q4_balanced_discovery,47,TOPSIS,4,qmof-ac6a77a,Zn4C76H44N8O16,0.65,2.401359,True,0.82887956,True,1.0,,1|1|1|1,0.897905,0.8484455347061157,0.0,0.897905,1.1353750000040463
balanced stable MOF candidates for general materials discovery,q4_balanced_discovery,47,TOPSIS,5,qmof-a1a5849,Fe2C24H16N8,0.65,2.75343,True,0.925170256,True,1.0,,1|1|1|1,0.897905,0.8484455347061157,0.0,0.897905,1.1353750000040463
balanced stable MOF candidates for general materials discovery,q4_balanced_discovery,47,ParetoCrowding,1,qmof-e566fbb,Zn2C36H22N6O8,0.65,2.93315,True,0.83426434,True,1.0,,1|1|1|1,0.897905,0.8484455347061157,0.0,0.897905,183.15529199999503
balanced stable MOF candidates for general materials discovery,q4_balanced_discovery,47,ParetoCrowding,2,qmof-cef46c3,Zn2C48H32N8O8,0.65,2.913296,True,0.7895211,True,1.0,,1|1|1|1,0.897905,0.8484455347061157,0.0,0.897905,183.15529199999503
balanced stable MOF candidates for general materials discovery,q4_balanced_discovery,47,ParetoCrowding,3,qmof-c0f392b,Zn2C44H38N6O12,0.65,2.464185,True,0.915527725,True,1.0,,1|1|1|1,0.897905,0.8484455347061157,0.0,0.897905,183.15529199999503
balanced stable MOF candidates for general materials discovery,q4_balanced_discovery,47,ParetoCrowding,4,qmof-ac6a77a,Zn4C76H44N8O16,0.65,2.401359,True,0.82887956,True,1.0,,1|1|1|1,0.897905,0.8484455347061157,0.0,0.897905,183.15529199999503
balanced stable MOF candidates for general materials discovery,q4_balanced_discovery,47,ParetoCrowding,5,qmof-a1a5849,Fe2C24H16N8,0.65,2.75343,True,0.925170256,True,1.0,,1|1|1|1,0.897905,0.8484455347061157,0.0,0.897905,183.15529199999503
balanced stable MOF candidates for general materials discovery,q4_balanced_discovery,47,Random,1,qmof-be8828b,Ag4C44F12H48N8O20S12,0.65,2.756952,True,1.960559198,True,0.7,,1|1|1|1,0.747905,0.8613682836294174,0.0,0.747905,0.04841700000213223
balanced stable MOF candidates for general materials discovery,q4_balanced_discovery,47,Random,2,qmof-30918ed,Ag4C56F12H36N12O8,0.65,3.458022,True,1.99683396,True,0.7,,1|1|1|1,0.747905,0.8613682836294174,0.0,0.747905,0.04841700000213223
balanced stable MOF candidates for general materials discovery,q4_balanced_discovery,47,Random,3,qmof-175a5d9,Fe6C42Cl6H12N18O12,0.65,3.544636,True,0.750832979,True,1.0,,1|1|1|1,0.793755,0.7809823006391525,0.2185812791188558,0.793755,0.04841700000213223
balanced stable MOF candidates for general materials discovery,q4_balanced_discovery,47,Random,4,qmof-df02179,Cu2C38H26N10O12,0.65,3.37416,True,1.528071897,True,0.7,,1|1|1|1,0.747905,0.8613682836294174,0.16393595933914185,0.747905,0.04841700000213223
balanced stable MOF candidates for general materials discovery,q4_balanced_discovery,47,Random,5,qmof-611dbd4,Cd2C38H24N16S4,0.65,3.322,True,1.693898595,True,0.7,,1|1|1|1,0.747905,0.8613682836294174,0.1311487674713135,0.747905,0.04841700000213223
balanced stable MOF candidates for general materials discovery,q4_balanced_discovery,47,MMR,1,qmof-a1a5849,Fe2C24H16N8,0.65,2.75343,True,0.925170256,True,1.0,,1|1|1|1,0.897905,0.8484455347061157,0.0,0.897905,1724.3025829999965
balanced stable MOF candidates for general materials discovery,q4_balanced_discovery,47,MMR,2,qmof-8deddd1,Zn6C42H18O18,0.65,3.550246,True,0.720023443,True,1.0,,1|1|1|1,0.793755,0.7809823006391525,0.25,0.793755,1724.3025829999965
balanced stable MOF candidates for general materials discovery,q4_balanced_discovery,47,MMR,3,qmof-13a76dd,Zn4C40H28N12O8,0.65,3.309168,True,0.982716063,True,1.0,,1|1|1|1,0.897905,0.8484455347061157,0.16666666666666666,0.897905,1724.3025829999965
balanced stable MOF candidates for general materials discovery,q4_balanced_discovery,47,MMR,4,qmof-ac6a77a,Zn4C76H44N8O16,0.65,2.401359,True,0.82887956,True,1.0,,1|1|1|1,0.897905,0.8484455347061157,0.125,0.897905,1724.3025829999965
balanced stable MOF candidates for general materials discovery,q4_balanced_discovery,47,MMR,5,qmof-cef46c3,Zn2C48H32N8O8,0.65,2.913296,True,0.7895211,True,1.0,,1|1|1|1,0.897905,0.8484455347061157,0.1,0.897905,1724.3025829999965
balanced stable MOF candidates for general materials discovery,q4_balanced_discovery,47,LEA,1,qmof-c0f392b,Zn2C44H38N6O12,0.65,2.464185,True,0.915527725,True,1.0,,1|1|1|1,0.897905,0.8484455347061157,0.0,0.9981539472937584,94.99962499999981
balanced stable MOF candidates for general materials discovery,q4_balanced_discovery,47,LEA,2,qmof-235f291,Ni2C24H16N8,0.65,3.336142,True,0.870801372,True,1.0,,1|1|1|1,0.897905,0.8484455347061157,0.0,0.9981539472937584,94.99962499999981
balanced stable MOF candidates for general materials discovery,q4_balanced_discovery,47,LEA,3,qmof-e566fbb,Zn2C36H22N6O8,0.65,2.93315,True,0.83426434,True,1.0,,1|1|1|1,0.897905,0.8484455347061157,0.0,0.9981539472937584,94.99962499999981
balanced stable MOF candidates for general materials discovery,q4_balanced_discovery,47,LEA,4,qmof-cef46c3,Zn2C48H32N8O8,0.65,2.913296,True,0.7895211,True,1.0,,1|1|1|1,0.897905,0.8484455347061157,0.0,0.9981539472937584,94.99962499999981
balanced stable MOF candidates for general materials discovery,q4_balanced_discovery,47,LEA,5,qmof-ac6a77a,Zn4C76H44N8O16,0.65,2.401359,True,0.82887956,True,1.0,,1|1|1|1,0.897905,0.8484455347061157,0.0,0.9981539472937584,94.99962499999981
balanced stable MOF candidates for general materials discovery,q4_balanced_discovery,47,LEA no diversity,1,qmof-c0f392b,Zn2C44H38N6O12,0.65,2.464185,True,0.915527725,True,1.0,,1|1|1|1,0.897905,0.8484455347061157,0.0,0.9827495455741883,91.96583400000691
balanced stable MOF candidates for general materials discovery,q4_balanced_discovery,47,LEA no diversity,2,qmof-235f291,Ni2C24H16N8,0.65,3.336142,True,0.870801372,True,1.0,,1|1|1|1,0.897905,0.8484455347061157,0.0,0.9827495455741883,91.96583400000691
balanced stable MOF candidates for general materials discovery,q4_balanced_discovery,47,LEA no diversity,3,qmof-e566fbb,Zn2C36H22N6O8,0.65,2.93315,True,0.83426434,True,1.0,,1|1|1|1,0.897905,0.8484455347061157,0.0,0.9827495455741883,91.96583400000691
balanced stable MOF candidates for general materials discovery,q4_balanced_discovery,47,LEA no diversity,4,qmof-cef46c3,Zn2C48H32N8O8,0.65,2.913296,True,0.7895211,True,1.0,,1|1|1|1,0.897905,0.8484455347061157,0.0,0.9827495455741883,91.96583400000691
balanced stable MOF candidates for general materials discovery,q4_balanced_discovery,47,LEA no diversity,5,qmof-ac6a77a,Zn4C76H44N8O16,0.65,2.401359,True,0.82887956,True,1.0,,1|1|1|1,0.897905,0.8484455347061157,0.0,0.9827495455741883,91.96583400000691
balanced stable MOF candidates for general materials discovery,q4_balanced_discovery,47,LEA no self-cleaning,1,qmof-c0f392b,Zn2C44H38N6O12,0.65,2.464185,True,0.915527725,True,1.0,,1|1|1|1,0.897905,0.8484455347061157,0.0,0.9981539472937584,92.04520900000546
balanced stable MOF candidates for general materials discovery,q4_balanced_discovery,47,LEA no self-cleaning,2,qmof-235f291,Ni2C24H16N8,0.65,3.336142,True,0.870801372,True,1.0,,1|1|1|1,0.897905,0.8484455347061157,0.0,0.9981539472937584,92.04520900000546
balanced stable MOF candidates for general materials discovery,q4_balanced_discovery,47,LEA no self-cleaning,3,qmof-e566fbb,Zn2C36H22N6O8,0.65,2.93315,True,0.83426434,True,1.0,,1|1|1|1,0.897905,0.8484455347061157,0.0,0.9981539472937584,92.04520900000546
balanced stable MOF candidates for general materials discovery,q4_balanced_discovery,47,LEA no self-cleaning,4,qmof-cef46c3,Zn2C48H32N8O8,0.65,2.913296,True,0.7895211,True,1.0,,1|1|1|1,0.897905,0.8484455347061157,0.0,0.9981539472937584,92.04520900000546
balanced stable MOF candidates for general materials discovery,q4_balanced_discovery,47,LEA no self-cleaning,5,qmof-ac6a77a,Zn4C76H44N8O16,0.65,2.401359,True,0.82887956,True,1.0,,1|1|1|1,0.897905,0.8484455347061157,0.0,0.9981539472937584,92.04520900000546
balanced stable MOF candidates for general materials discovery,q4_balanced_discovery,47,GraphSAGE only,1,qmof-13a76dd,Zn4C40H28N12O8,0.65,3.309168,True,0.982716063,True,1.0,0.311079,1|1|1|1,0.897905,0.8484455347061157,0.0,0.897905,0.038457999991692304
balanced stable MOF candidates for general materials discovery,q4_balanced_discovery,47,GraphSAGE only,2,qmof-e566fbb,Zn2C36H22N6O8,0.65,2.93315,True,0.83426434,True,1.0,0.303646,1|1|1|1,0.897905,0.8484455347061157,0.0033241373021155596,0.897905,0.038457999991692304
balanced stable MOF candidates for general materials discovery,q4_balanced_discovery,47,GraphSAGE only,3,qmof-235f291,Ni2C24H16N8,0.65,3.336142,True,0.870801372,True,1.0,0.30269,1|1|1|1,0.897905,0.8484455347061157,0.0025011154260331145,0.897905,0.038457999991692304
balanced stable MOF candidates for general materials discovery,q4_balanced_discovery,47,GraphSAGE only,4,qmof-a1a5849,Fe2C24H16N8,0.65,2.75343,True,0.925170256,True,1.0,0.298612,1|1|1|1,0.897905,0.8484455347061157,0.002858961209616003,0.897905,0.038457999991692304
balanced stable MOF candidates for general materials discovery,q4_balanced_discovery,47,GraphSAGE only,5,qmof-ac6a77a,Zn4C76H44N8O16,0.65,2.401359,True,0.82887956,True,1.0,0.297293,1|1|1|1,0.897905,0.8484455347061157,0.002916367145371623,0.897905,0.038457999991692304
balanced stable MOF candidates for general materials discovery,q4_balanced_discovery,47,GAT only,1,qmof-13a76dd,Zn4C40H28N12O8,0.65,3.309168,True,0.982716063,True,1.0,0.504522,1|1|1|1,0.897905,0.8484455347061157,0.0,0.897905,0.03600000000858472
balanced stable MOF candidates for general materials discovery,q4_balanced_discovery,47,GAT only,2,qmof-235f291,Ni2C24H16N8,0.65,3.336142,True,0.870801372,True,1.0,0.485743,1|1|1|1,0.897905,0.8484455347061157,0.008398241363465786,0.897905,0.03600000000858472
balanced stable MOF candidates for general materials discovery,q4_balanced_discovery,47,GAT only,3,qmof-e566fbb,Zn2C36H22N6O8,0.65,2.93315,True,0.83426434,True,1.0,0.471145,1|1|1|1,0.897905,0.8484455347061157,0.009951105186094841,0.897905,0.03600000000858472
balanced stable MOF candidates for general materials discovery,q4_balanced_discovery,47,GAT only,4,qmof-cef46c3,Zn2C48H32N8O8,0.65,2.913296,True,0.7895211,True,1.0,0.458106,1|1|1|1,0.897905,0.8484455347061157,0.01146700574705998,0.897905,0.03600000000858472
balanced stable MOF candidates for general materials discovery,q4_balanced_discovery,47,GAT only,5,qmof-a1a5849,Fe2C24H16N8,0.65,2.75343,True,0.925170256,True,1.0,0.447383,1|1|1|1,0.897905,0.8484455347061157,0.012693268153816462,0.897905,0.03600000000858472
balanced stable MOF candidates for general materials discovery,q4_balanced_discovery,47,LEA + GraphSAGE,1,qmof-13a76dd,Zn4C40H28N12O8,0.65,3.309168,True,0.982716063,True,1.0,0.311079,1|1|1|1,0.897905,0.8484455347061157,0.0,0.8822680234909057,98.72245799999746
balanced stable MOF candidates for general materials discovery,q4_balanced_discovery,47,LEA + GraphSAGE,2,qmof-e566fbb,Zn2C36H22N6O8,0.65,2.93315,True,0.83426434,True,1.0,0.303646,1|1|1|1,0.897905,0.8484455347061157,0.0033241373021155596,0.8808936446905136,98.72245799999746
balanced stable MOF candidates for general materials discovery,q4_balanced_discovery,47,LEA + GraphSAGE,3,qmof-235f291,Ni2C24H16N8,0.65,3.336142,True,0.870801372,True,1.0,0.30269,1|1|1|1,0.897905,0.8484455347061157,0.0025011154260331145,0.8807168185710907,98.72245799999746
balanced stable MOF candidates for general materials discovery,q4_balanced_discovery,47,LEA + GraphSAGE,4,qmof-a1a5849,Fe2C24H16N8,0.65,2.75343,True,0.925170256,True,1.0,0.298612,1|1|1|1,0.897905,0.8484455347061157,0.002858961209616003,0.8799624621868134,98.72245799999746
balanced stable MOF candidates for general materials discovery,q4_balanced_discovery,47,LEA + GraphSAGE,5,qmof-ac6a77a,Zn4C76H44N8O16,0.65,2.401359,True,0.82887956,True,1.0,0.297293,1|1|1|1,0.897905,0.8484455347061157,0.002916367145371623,0.8797183722257614,98.72245799999746
balanced stable MOF candidates for general materials discovery,q4_balanced_discovery,47,LEA + GAT,1,qmof-13a76dd,Zn4C40H28N12O8,0.65,3.309168,True,0.982716063,True,1.0,0.504522,1|1|1|1,0.897905,0.8484455347061157,0.0,0.9176828220486641,97.1482500000036
balanced stable MOF candidates for general materials discovery,q4_balanced_discovery,47,LEA + GAT,2,qmof-235f291,Ni2C24H16N8,0.65,3.336142,True,0.870801372,True,1.0,0.485743,1|1|1|1,0.897905,0.8484455347061157,0.008398241363465786,0.9142828613519669,97.1482500000036
balanced stable MOF candidates for general materials discovery,q4_balanced_discovery,47,LEA + GAT,3,qmof-e566fbb,Zn2C36H22N6O8,0.65,2.93315,True,0.83426434,True,1.0,0.471145,1|1|1|1,0.897905,0.8484455347061157,0.009951105186094841,0.9116329237818718,97.1482500000036
balanced stable MOF candidates for general materials discovery,q4_balanced_discovery,47,LEA + GAT,4,qmof-cef46c3,Zn2C48H32N8O8,0.65,2.913296,True,0.7895211,True,1.0,0.458106,1|1|1|1,0.897905,0.8484455347061157,0.01146700574705998,0.9092612117528915,97.1482500000036
balanced stable MOF candidates for general materials discovery,q4_balanced_discovery,47,LEA + GAT,5,qmof-a1a5849,Fe2C24H16N8,0.65,2.75343,True,0.925170256,True,1.0,0.447383,1|1|1|1,0.897905,0.8484455347061157,0.012693268153816462,0.9073074638843537,97.1482500000036
balanced stable MOF candidates for general materials discovery,q4_balanced_discovery,48,SemanticOnly,1,qmof-f5c5269,Gd2C30H24N12O24,0.65,3.495222,True,1.839046498,True,0.7,,1|1|1|1,0.747905,0.8613682836294174,0.0,0.747905,0.04920799999297287
balanced stable MOF candidates for general materials discovery,q4_balanced_discovery,48,SemanticOnly,2,qmof-f522cce,Cu2C34H26N2O20S2,0.65,3.270794,True,1.84262288,True,0.7,,1|1|1|1,0.747905,0.8613682836294174,0.0,0.747905,0.04920799999297287
balanced stable MOF candidates for general materials discovery,q4_balanced_discovery,48,SemanticOnly,3,qmof-f21d339,FePdC20H16N12S2,0.65,2.675887,True,1.720742331,True,0.7,,1|1|1|1,0.747905,0.8613682836294174,0.0,0.747905,0.04920799999297287
balanced stable MOF candidates for general materials discovery,q4_balanced_discovery,48,SemanticOnly,4,qmof-ece521b,MnC26H22N4O6,0.65,2.528825,True,1.667384298,True,0.7,,1|1|1|1,0.747905,0.8613682836294174,0.0,0.747905,0.04920799999297287
balanced stable MOF candidates for general materials discovery,q4_balanced_discovery,48,SemanticOnly,5,qmof-eb7c07e,Cu3C12H16N22,0.65,2.702677,True,1.945815431,True,0.7,,1|1|1|1,0.747905,0.8613682836294174,0.0,0.747905,0.04920799999297287
balanced stable MOF candidates for general materials discovery,q4_balanced_discovery,48,WeightedSum,1,qmof-e566fbb,Zn2C36H22N6O8,0.65,2.93315,True,0.83426434,True,1.0,,1|1|1|1,0.897905,0.8484455347061157,0.0,0.897905,0.06316700000752462
balanced stable MOF candidates for general materials discovery,q4_balanced_discovery,48,WeightedSum,2,qmof-cef46c3,Zn2C48H32N8O8,0.65,2.913296,True,0.7895211,True,1.0,,1|1|1|1,0.897905,0.8484455347061157,0.0,0.897905,0.06316700000752462
balanced stable MOF candidates for general materials discovery,q4_balanced_discovery,48,WeightedSum,3,qmof-c0f392b,Zn2C44H38N6O12,0.65,2.464185,True,0.915527725,True,1.0,,1|1|1|1,0.897905,0.8484455347061157,0.0,0.897905,0.06316700000752462
balanced stable MOF candidates for general materials discovery,q4_balanced_discovery,48,WeightedSum,4,qmof-ac6a77a,Zn4C76H44N8O16,0.65,2.401359,True,0.82887956,True,1.0,,1|1|1|1,0.897905,0.8484455347061157,0.0,0.897905,0.06316700000752462
balanced stable MOF candidates for general materials discovery,q4_balanced_discovery,48,WeightedSum,5,qmof-a1a5849,Fe2C24H16N8,0.65,2.75343,True,0.925170256,True,1.0,,1|1|1|1,0.897905,0.8484455347061157,0.0,0.897905,0.06316700000752462
balanced stable MOF candidates for general materials discovery,q4_balanced_discovery,48,TOPSIS,1,qmof-e566fbb,Zn2C36H22N6O8,0.65,2.93315,True,0.83426434,True,1.0,,1|1|1|1,0.897905,0.8484455347061157,0.0,0.897905,1.1618340000012495
balanced stable MOF candidates for general materials discovery,q4_balanced_discovery,48,TOPSIS,2,qmof-cef46c3,Zn2C48H32N8O8,0.65,2.913296,True,0.7895211,True,1.0,,1|1|1|1,0.897905,0.8484455347061157,0.0,0.897905,1.1618340000012495
balanced stable MOF candidates for general materials discovery,q4_balanced_discovery,48,TOPSIS,3,qmof-c0f392b,Zn2C44H38N6O12,0.65,2.464185,True,0.915527725,True,1.0,,1|1|1|1,0.897905,0.8484455347061157,0.0,0.897905,1.1618340000012495
balanced stable MOF candidates for general materials discovery,q4_balanced_discovery,48,TOPSIS,4,qmof-ac6a77a,Zn4C76H44N8O16,0.65,2.401359,True,0.82887956,True,1.0,,1|1|1|1,0.897905,0.8484455347061157,0.0,0.897905,1.1618340000012495
balanced stable MOF candidates for general materials discovery,q4_balanced_discovery,48,TOPSIS,5,qmof-a1a5849,Fe2C24H16N8,0.65,2.75343,True,0.925170256,True,1.0,,1|1|1|1,0.897905,0.8484455347061157,0.0,0.897905,1.1618340000012495
balanced stable MOF candidates for general materials discovery,q4_balanced_discovery,48,ParetoCrowding,1,qmof-e566fbb,Zn2C36H22N6O8,0.65,2.93315,True,0.83426434,True,1.0,,1|1|1|1,0.897905,0.8484455347061157,0.0,0.897905,192.91675000000907
balanced stable MOF candidates for general materials discovery,q4_balanced_discovery,48,ParetoCrowding,2,qmof-cef46c3,Zn2C48H32N8O8,0.65,2.913296,True,0.7895211,True,1.0,,1|1|1|1,0.897905,0.8484455347061157,0.0,0.897905,192.91675000000907
balanced stable MOF candidates for general materials discovery,q4_balanced_discovery,48,ParetoCrowding,3,qmof-c0f392b,Zn2C44H38N6O12,0.65,2.464185,True,0.915527725,True,1.0,,1|1|1|1,0.897905,0.8484455347061157,0.0,0.897905,192.91675000000907
balanced stable MOF candidates for general materials discovery,q4_balanced_discovery,48,ParetoCrowding,4,qmof-ac6a77a,Zn4C76H44N8O16,0.65,2.401359,True,0.82887956,True,1.0,,1|1|1|1,0.897905,0.8484455347061157,0.0,0.897905,192.91675000000907
balanced stable MOF candidates for general materials discovery,q4_balanced_discovery,48,ParetoCrowding,5,qmof-a1a5849,Fe2C24H16N8,0.65,2.75343,True,0.925170256,True,1.0,,1|1|1|1,0.897905,0.8484455347061157,0.0,0.897905,192.91675000000907
balanced stable MOF candidates for general materials discovery,q4_balanced_discovery,48,Random,1,qmof-9324158,Ni4C28H48N8O16,0.65,3.145485,True,1.773389172,True,0.7,,1|1|1|1,0.747905,0.8613682836294174,0.0,0.747905,0.04391699999928278
balanced stable MOF candidates for general materials discovery,q4_balanced_discovery,48,Random,2,qmof-406ecbb,Cd3C46H28N14S6,0.65,3.026427,True,1.66361472,True,0.7,,1|1|1|1,0.747905,0.8613682836294174,0.0,0.747905,0.04391699999928278
balanced stable MOF candidates for general materials discovery,q4_balanced_discovery,48,Random,3,qmof-c8783dd,Mn4C48H32N8O16,0.65,3.079142,True,1.790427065,True,0.7,,1|1|1|1,0.747905,0.8613682836294174,0.0,0.747905,0.04391699999928278
balanced stable MOF candidates for general materials discovery,q4_balanced_discovery,48,Random,4,qmof-96efc84,Ni2V8C24H64N12O24,0.65,2.959006,True,1.969186049,True,0.7,,1|1|1|1,0.747905,0.8613682836294174,0.0,0.747905,0.04391699999928278
balanced stable MOF candidates for general materials discovery,q4_balanced_discovery,48,Random,5,qmof-e7ba782,Cd2C40H30N2O12,0.65,3.348872,True,1.787124149,True,0.7,,1|1|1|1,0.747905,0.8613682836294174,0.0,0.747905,0.04391699999928278
balanced stable MOF candidates for general materials discovery,q4_balanced_discovery,48,MMR,1,qmof-e566fbb,Zn2C36H22N6O8,0.65,2.93315,True,0.83426434,True,1.0,,1|1|1|1,0.897905,0.8484455347061157,0.0,0.897905,1771.5228340000094
balanced stable MOF candidates for general materials discovery,q4_balanced_discovery,48,MMR,2,qmof-175a5d9,Fe6C42Cl6H12N18O12,0.65,3.544636,True,0.750832979,True,1.0,,1|1|1|1,0.793755,0.7809823006391525,0.25,0.793755,1771.5228340000094
balanced stable MOF candidates for general materials discovery,q4_balanced_discovery,48,MMR,3,qmof-a1a5849,Fe2C24H16N8,0.65,2.75343,True,0.925170256,True,1.0,,1|1|1|1,0.897905,0.8484455347061157,0.16666666666666666,0.897905,1771.5228340000094
balanced stable MOF candidates for general materials discovery,q4_balanced_discovery,48,MMR,4,qmof-cef46c3,Zn2C48H32N8O8,0.65,2.913296,True,0.7895211,True,1.0,,1|1|1|1,0.897905,0.8484455347061157,0.125,0.897905,1771.5228340000094
balanced stable MOF candidates for general materials discovery,q4_balanced_discovery,48,MMR,5,qmof-235f291,Ni2C24H16N8,0.65,3.336142,True,0.870801372,True,1.0,,1|1|1|1,0.897905,0.8484455347061157,0.1,0.897905,1771.5228340000094
balanced stable MOF candidates for general materials discovery,q4_balanced_discovery,48,LEA,1,qmof-c0f392b,Zn2C44H38N6O12,0.65,2.464185,True,0.915527725,True,1.0,,1|1|1|1,0.897905,0.8484455347061157,0.0,0.9981539472937584,97.97170800000288
balanced stable MOF candidates for general materials discovery,q4_balanced_discovery,48,LEA,2,qmof-ac6a77a,Zn4C76H44N8O16,0.65,2.401359,True,0.82887956,True,1.0,,1|1|1|1,0.897905,0.8484455347061157,0.0,0.9981539472937584,97.97170800000288
balanced stable MOF candidates for general materials discovery,q4_balanced_discovery,48,LEA,3,qmof-13a76dd,Zn4C40H28N12O8,0.65,3.309168,True,0.982716063,True,1.0,,1|1|1|1,0.897905,0.8484455347061157,0.0,0.9981539472937584,97.97170800000288
balanced stable MOF candidates for general materials discovery,q4_balanced_discovery,48,LEA,4,qmof-235f291,Ni2C24H16N8,0.65,3.336142,True,0.870801372,True,1.0,,1|1|1|1,0.897905,0.8484455347061157,0.0,0.9981539472937584,97.97170800000288
balanced stable MOF candidates for general materials discovery,q4_balanced_discovery,48,LEA,5,qmof-cef46c3,Zn2C48H32N8O8,0.65,2.913296,True,0.7895211,True,1.0,,1|1|1|1,0.897905,0.8484455347061157,0.0,0.9981539472937584,97.97170800000288
balanced stable MOF candidates for general materials discovery,q4_balanced_discovery,48,LEA no diversity,1,qmof-c0f392b,Zn2C44H38N6O12,0.65,2.464185,True,0.915527725,True,1.0,,1|1|1|1,0.897905,0.8484455347061157,0.0,0.9827495455741883,98.72304200000315
balanced stable MOF candidates for general materials discovery,q4_balanced_discovery,48,LEA no diversity,2,qmof-ac6a77a,Zn4C76H44N8O16,0.65,2.401359,True,0.82887956,True,1.0,,1|1|1|1,0.897905,0.8484455347061157,0.0,0.9827495455741883,98.72304200000315
balanced stable MOF candidates for general materials discovery,q4_balanced_discovery,48,LEA no diversity,3,qmof-13a76dd,Zn4C40H28N12O8,0.65,3.309168,True,0.982716063,True,1.0,,1|1|1|1,0.897905,0.8484455347061157,0.0,0.9827495455741883,98.72304200000315
balanced stable MOF candidates for general materials discovery,q4_balanced_discovery,48,LEA no diversity,4,qmof-235f291,Ni2C24H16N8,0.65,3.336142,True,0.870801372,True,1.0,,1|1|1|1,0.897905,0.8484455347061157,0.0,0.9827495455741883,98.72304200000315
balanced stable MOF candidates for general materials discovery,q4_balanced_discovery,48,LEA no diversity,5,qmof-cef46c3,Zn2C48H32N8O8,0.65,2.913296,True,0.7895211,True,1.0,,1|1|1|1,0.897905,0.8484455347061157,0.0,0.9827495455741883,98.72304200000315
balanced stable MOF candidates for general materials discovery,q4_balanced_discovery,48,LEA no self-cleaning,1,qmof-c0f392b,Zn2C44H38N6O12,0.65,2.464185,True,0.915527725,True,1.0,,1|1|1|1,0.897905,0.8484455347061157,0.0,0.9981539472937584,97.4979590000089
balanced stable MOF candidates for general materials discovery,q4_balanced_discovery,48,LEA no self-cleaning,2,qmof-ac6a77a,Zn4C76H44N8O16,0.65,2.401359,True,0.82887956,True,1.0,,1|1|1|1,0.897905,0.8484455347061157,0.0,0.9981539472937584,97.4979590000089
balanced stable MOF candidates for general materials discovery,q4_balanced_discovery,48,LEA no self-cleaning,3,qmof-13a76dd,Zn4C40H28N12O8,0.65,3.309168,True,0.982716063,True,1.0,,1|1|1|1,0.897905,0.8484455347061157,0.0,0.9981539472937584,97.4979590000089
balanced stable MOF candidates for general materials discovery,q4_balanced_discovery,48,LEA no self-cleaning,4,qmof-235f291,Ni2C24H16N8,0.65,3.336142,True,0.870801372,True,1.0,,1|1|1|1,0.897905,0.8484455347061157,0.0,0.9981539472937584,97.4979590000089
balanced stable MOF candidates for general materials discovery,q4_balanced_discovery,48,LEA no self-cleaning,5,qmof-cef46c3,Zn2C48H32N8O8,0.65,2.913296,True,0.7895211,True,1.0,,1|1|1|1,0.897905,0.8484455347061157,0.0,0.9981539472937584,97.4979590000089
balanced stable MOF candidates for general materials discovery,q4_balanced_discovery,48,GraphSAGE only,1,qmof-13a76dd,Zn4C40H28N12O8,0.65,3.309168,True,0.982716063,True,1.0,0.311079,1|1|1|1,0.897905,0.8484455347061157,0.0,0.897905,0.04304099999785649
balanced stable MOF candidates for general materials discovery,q4_balanced_discovery,48,GraphSAGE only,2,qmof-e566fbb,Zn2C36H22N6O8,0.65,2.93315,True,0.83426434,True,1.0,0.303646,1|1|1|1,0.897905,0.8484455347061157,0.0033241373021155596,0.897905,0.04304099999785649
balanced stable MOF candidates for general materials discovery,q4_balanced_discovery,48,GraphSAGE only,3,qmof-235f291,Ni2C24H16N8,0.65,3.336142,True,0.870801372,True,1.0,0.30269,1|1|1|1,0.897905,0.8484455347061157,0.0025011154260331145,0.897905,0.04304099999785649
balanced stable MOF candidates for general materials discovery,q4_balanced_discovery,48,GraphSAGE only,4,qmof-a1a5849,Fe2C24H16N8,0.65,2.75343,True,0.925170256,True,1.0,0.298612,1|1|1|1,0.897905,0.8484455347061157,0.002858961209616003,0.897905,0.04304099999785649
balanced stable MOF candidates for general materials discovery,q4_balanced_discovery,48,GraphSAGE only,5,qmof-ac6a77a,Zn4C76H44N8O16,0.65,2.401359,True,0.82887956,True,1.0,0.297293,1|1|1|1,0.897905,0.8484455347061157,0.002916367145371623,0.897905,0.04304099999785649
balanced stable MOF candidates for general materials discovery,q4_balanced_discovery,48,GAT only,1,qmof-13a76dd,Zn4C40H28N12O8,0.65,3.309168,True,0.982716063,True,1.0,0.504522,1|1|1|1,0.897905,0.8484455347061157,0.0,0.897905,0.04912500000386899
balanced stable MOF candidates for general materials discovery,q4_balanced_discovery,48,GAT only,2,qmof-235f291,Ni2C24H16N8,0.65,3.336142,True,0.870801372,True,1.0,0.485743,1|1|1|1,0.897905,0.8484455347061157,0.008398241363465786,0.897905,0.04912500000386899
balanced stable MOF candidates for general materials discovery,q4_balanced_discovery,48,GAT only,3,qmof-e566fbb,Zn2C36H22N6O8,0.65,2.93315,True,0.83426434,True,1.0,0.471145,1|1|1|1,0.897905,0.8484455347061157,0.009951105186094841,0.897905,0.04912500000386899
balanced stable MOF candidates for general materials discovery,q4_balanced_discovery,48,GAT only,4,qmof-cef46c3,Zn2C48H32N8O8,0.65,2.913296,True,0.7895211,True,1.0,0.458106,1|1|1|1,0.897905,0.8484455347061157,0.01146700574705998,0.897905,0.04912500000386899
balanced stable MOF candidates for general materials discovery,q4_balanced_discovery,48,GAT only,5,qmof-a1a5849,Fe2C24H16N8,0.65,2.75343,True,0.925170256,True,1.0,0.447383,1|1|1|1,0.897905,0.8484455347061157,0.012693268153816462,0.897905,0.04912500000386899
balanced stable MOF candidates for general materials discovery,q4_balanced_discovery,48,LEA + GraphSAGE,1,qmof-13a76dd,Zn4C40H28N12O8,0.65,3.309168,True,0.982716063,True,1.0,0.311079,1|1|1|1,0.897905,0.8484455347061157,0.0,0.8822680234909057,100.63562499999534
balanced stable MOF candidates for general materials discovery,q4_balanced_discovery,48,LEA + GraphSAGE,2,qmof-e566fbb,Zn2C36H22N6O8,0.65,2.93315,True,0.83426434,True,1.0,0.303646,1|1|1|1,0.897905,0.8484455347061157,0.0033241373021155596,0.8808936446905136,100.63562499999534
balanced stable MOF candidates for general materials discovery,q4_balanced_discovery,48,LEA + GraphSAGE,3,qmof-235f291,Ni2C24H16N8,0.65,3.336142,True,0.870801372,True,1.0,0.30269,1|1|1|1,0.897905,0.8484455347061157,0.0025011154260331145,0.8807168185710907,100.63562499999534
balanced stable MOF candidates for general materials discovery,q4_balanced_discovery,48,LEA + GraphSAGE,4,qmof-a1a5849,Fe2C24H16N8,0.65,2.75343,True,0.925170256,True,1.0,0.298612,1|1|1|1,0.897905,0.8484455347061157,0.002858961209616003,0.8799624621868134,100.63562499999534
balanced stable MOF candidates for general materials discovery,q4_balanced_discovery,48,LEA + GraphSAGE,5,qmof-ac6a77a,Zn4C76H44N8O16,0.65,2.401359,True,0.82887956,True,1.0,0.297293,1|1|1|1,0.897905,0.8484455347061157,0.002916367145371623,0.8797183722257614,100.63562499999534
balanced stable MOF candidates for general materials discovery,q4_balanced_discovery,48,LEA + GAT,1,qmof-13a76dd,Zn4C40H28N12O8,0.65,3.309168,True,0.982716063,True,1.0,0.504522,1|1|1|1,0.897905,0.8484455347061157,0.0,0.9176828220486641,100.55608300000074
balanced stable MOF candidates for general materials discovery,q4_balanced_discovery,48,LEA + GAT,2,qmof-235f291,Ni2C24H16N8,0.65,3.336142,True,0.870801372,True,1.0,0.485743,1|1|1|1,0.897905,0.8484455347061157,0.008398241363465786,0.9142828613519669,100.55608300000074
balanced stable MOF candidates for general materials discovery,q4_balanced_discovery,48,LEA + GAT,3,qmof-e566fbb,Zn2C36H22N6O8,0.65,2.93315,True,0.83426434,True,1.0,0.471145,1|1|1|1,0.897905,0.8484455347061157,0.009951105186094841,0.9116329237818718,100.55608300000074
balanced stable MOF candidates for general materials discovery,q4_balanced_discovery,48,LEA + GAT,4,qmof-cef46c3,Zn2C48H32N8O8,0.65,2.913296,True,0.7895211,True,1.0,0.458106,1|1|1|1,0.897905,0.8484455347061157,0.01146700574705998,0.9092612117528915,100.55608300000074
balanced stable MOF candidates for general materials discovery,q4_balanced_discovery,48,LEA + GAT,5,qmof-a1a5849,Fe2C24H16N8,0.65,2.75343,True,0.925170256,True,1.0,0.447383,1|1|1|1,0.897905,0.8484455347061157,0.012693268153816462,0.9073074638843537,100.55608300000074
balanced stable MOF candidates for general materials discovery,q4_balanced_discovery,49,SemanticOnly,1,qmof-fc79d47,Cu2C34H36I2N12,0.65,2.588499,True,1.87774837,True,0.7,,1|1|1|1,0.747905,0.8613682836294174,0.0,0.747905,0.04795900001397513
balanced stable MOF candidates for general materials discovery,q4_balanced_discovery,49,SemanticOnly,2,qmof-f87c9d1,CuC22H28N2O4,0.65,3.150305,True,1.304740826,True,0.7,,1|1|1|1,0.747905,0.8613682836294174,0.0,0.747905,0.04795900001397513
balanced stable MOF candidates for general materials discovery,q4_balanced_discovery,49,SemanticOnly,3,qmof-efc86e6,Cd2C28H28N12S4,0.65,2.62946,True,1.712901294,True,0.7,,1|1|1|1,0.747905,0.8613682836294174,0.0,0.747905,0.04795900001397513
balanced stable MOF candidates for general materials discovery,q4_balanced_discovery,49,SemanticOnly,4,qmof-eef474b,Cu2C16H12N24,0.65,2.996842,True,1.934407474,True,0.7,,1|1|1|1,0.747905,0.8613682836294174,0.0,0.747905,0.04795900001397513
balanced stable MOF candidates for general materials discovery,q4_balanced_discovery,49,SemanticOnly,5,qmof-ece521b,MnC26H22N4O6,0.65,2.528825,True,1.667384298,True,0.7,,1|1|1|1,0.747905,0.8613682836294174,0.0,0.747905,0.04795900001397513
balanced stable MOF candidates for general materials discovery,q4_balanced_discovery,49,WeightedSum,1,qmof-e566fbb,Zn2C36H22N6O8,0.65,2.93315,True,0.83426434,True,1.0,,1|1|1|1,0.897905,0.8484455347061157,0.0,0.897905,0.04450000000133514
balanced stable MOF candidates for general materials discovery,q4_balanced_discovery,49,WeightedSum,2,qmof-cef46c3,Zn2C48H32N8O8,0.65,2.913296,True,0.7895211,True,1.0,,1|1|1|1,0.897905,0.8484455347061157,0.0,0.897905,0.04450000000133514
balanced stable MOF candidates for general materials discovery,q4_balanced_discovery,49,WeightedSum,3,qmof-c0f392b,Zn2C44H38N6O12,0.65,2.464185,True,0.915527725,True,1.0,,1|1|1|1,0.897905,0.8484455347061157,0.0,0.897905,0.04450000000133514
balanced stable MOF candidates for general materials discovery,q4_balanced_discovery,49,WeightedSum,4,qmof-ac6a77a,Zn4C76H44N8O16,0.65,2.401359,True,0.82887956,True,1.0,,1|1|1|1,0.897905,0.8484455347061157,0.0,0.897905,0.04450000000133514
balanced stable MOF candidates for general materials discovery,q4_balanced_discovery,49,WeightedSum,5,qmof-a1a5849,Fe2C24H16N8,0.65,2.75343,True,0.925170256,True,1.0,,1|1|1|1,0.897905,0.8484455347061157,0.0,0.897905,0.04450000000133514
balanced stable MOF candidates for general materials discovery,q4_balanced_discovery,49,TOPSIS,1,qmof-e566fbb,Zn2C36H22N6O8,0.65,2.93315,True,0.83426434,True,1.0,,1|1|1|1,0.897905,0.8484455347061157,0.0,0.897905,1.166375000011044
balanced stable MOF candidates for general materials discovery,q4_balanced_discovery,49,TOPSIS,2,qmof-cef46c3,Zn2C48H32N8O8,0.65,2.913296,True,0.7895211,True,1.0,,1|1|1|1,0.897905,0.8484455347061157,0.0,0.897905,1.166375000011044
balanced stable MOF candidates for general materials discovery,q4_balanced_discovery,49,TOPSIS,3,qmof-c0f392b,Zn2C44H38N6O12,0.65,2.464185,True,0.915527725,True,1.0,,1|1|1|1,0.897905,0.8484455347061157,0.0,0.897905,1.166375000011044
balanced stable MOF candidates for general materials discovery,q4_balanced_discovery,49,TOPSIS,4,qmof-ac6a77a,Zn4C76H44N8O16,0.65,2.401359,True,0.82887956,True,1.0,,1|1|1|1,0.897905,0.8484455347061157,0.0,0.897905,1.166375000011044
balanced stable MOF candidates for general materials discovery,q4_balanced_discovery,49,TOPSIS,5,qmof-a1a5849,Fe2C24H16N8,0.65,2.75343,True,0.925170256,True,1.0,,1|1|1|1,0.897905,0.8484455347061157,0.0,0.897905,1.166375000011044
balanced stable MOF candidates for general materials discovery,q4_balanced_discovery,49,ParetoCrowding,1,qmof-e566fbb,Zn2C36H22N6O8,0.65,2.93315,True,0.83426434,True,1.0,,1|1|1|1,0.897905,0.8484455347061157,0.0,0.897905,189.47129200000745
balanced stable MOF candidates for general materials discovery,q4_balanced_discovery,49,ParetoCrowding,2,qmof-cef46c3,Zn2C48H32N8O8,0.65,2.913296,True,0.7895211,True,1.0,,1|1|1|1,0.897905,0.8484455347061157,0.0,0.897905,189.47129200000745
balanced stable MOF candidates for general materials discovery,q4_balanced_discovery,49,ParetoCrowding,3,qmof-c0f392b,Zn2C44H38N6O12,0.65,2.464185,True,0.915527725,True,1.0,,1|1|1|1,0.897905,0.8484455347061157,0.0,0.897905,189.47129200000745
balanced stable MOF candidates for general materials discovery,q4_balanced_discovery,49,ParetoCrowding,4,qmof-ac6a77a,Zn4C76H44N8O16,0.65,2.401359,True,0.82887956,True,1.0,,1|1|1|1,0.897905,0.8484455347061157,0.0,0.897905,189.47129200000745
balanced stable MOF candidates for general materials discovery,q4_balanced_discovery,49,ParetoCrowding,5,qmof-a1a5849,Fe2C24H16N8,0.65,2.75343,True,0.925170256,True,1.0,,1|1|1|1,0.897905,0.8484455347061157,0.0,0.897905,189.47129200000745
balanced stable MOF candidates for general materials discovery,q4_balanced_discovery,49,Random,1,qmof-b7dbb38,Cu2C28Cl4H24N16,0.65,3.301189,True,1.728543619,True,0.7,,1|1|1|1,0.747905,0.8613682836294174,0.0,0.747905,0.04479199999707362
balanced stable MOF candidates for general materials discovery,q4_balanced_discovery,49,Random,2,qmof-a87a11c,Cd4C60H44N28O12,0.65,3.454983,True,1.949853815,True,0.7,,1|1|1|1,0.747905,0.8613682836294174,0.0,0.747905,0.04479199999707362
balanced stable MOF candidates for general materials discovery,q4_balanced_discovery,49,Random,3,qmof-aabf74a,MnC6H12N8O4,0.65,2.006778,True,1.730127558,True,0.7,,1|1|1|1,0.747905,0.8613682836294174,0.0,0.747905,0.04479199999707362
balanced stable MOF candidates for general materials discovery,q4_balanced_discovery,49,Random,4,qmof-2bc26d1,Cu4C16H20N36,0.65,2.050339,True,1.990770325,True,0.7,,1|1|1|1,0.747905,0.8613682836294174,0.0,0.747905,0.04479199999707362
balanced stable MOF candidates for general materials discovery,q4_balanced_discovery,49,Random,5,qmof-78dd0b4,Ag2C34H30N8O10S2,0.65,3.174877,True,1.771506862,True,0.7,,1|1|1|1,0.747905,0.8613682836294174,0.0,0.747905,0.04479199999707362
balanced stable MOF candidates for general materials discovery,q4_balanced_discovery,49,MMR,1,qmof-cef46c3,Zn2C48H32N8O8,0.65,2.913296,True,0.7895211,True,1.0,,1|1|1|1,0.897905,0.8484455347061157,0.0,0.897905,1683.447791000006
balanced stable MOF candidates for general materials discovery,q4_balanced_discovery,49,MMR,2,qmof-3133aaf,Zn4C64H48N8O16,0.65,4.523716,True,0.969248466,True,1.0,,1|1|1|1,0.793755,0.7809823006391525,0.25,0.793755,1683.447791000006
balanced stable MOF candidates for general materials discovery,q4_balanced_discovery,49,MMR,3,qmof-13a76dd,Zn4C40H28N12O8,0.65,3.309168,True,0.982716063,True,1.0,,1|1|1|1,0.897905,0.8484455347061157,0.16666666666666666,0.897905,1683.447791000006
balanced stable MOF candidates for general materials discovery,q4_balanced_discovery,49,MMR,4,qmof-a1a5849,Fe2C24H16N8,0.65,2.75343,True,0.925170256,True,1.0,,1|1|1|1,0.897905,0.8484455347061157,0.125,0.897905,1683.447791000006
balanced stable MOF candidates for general materials discovery,q4_balanced_discovery,49,MMR,5,qmof-235f291,Ni2C24H16N8,0.65,3.336142,True,0.870801372,True,1.0,,1|1|1|1,0.897905,0.8484455347061157,0.1,0.897905,1683.447791000006
balanced stable MOF candidates for general materials discovery,q4_balanced_discovery,49,LEA,1,qmof-ac6a77a,Zn4C76H44N8O16,0.65,2.401359,True,0.82887956,True,1.0,,1|1|1|1,0.897905,0.8484455347061157,0.0,0.9981539472937584,92.2677080000085
balanced stable MOF candidates for general materials discovery,q4_balanced_discovery,49,LEA,2,qmof-c0f392b,Zn2C44H38N6O12,0.65,2.464185,True,0.915527725,True,1.0,,1|1|1|1,0.897905,0.8484455347061157,0.0,0.9981539472937584,92.2677080000085
balanced stable MOF candidates for general materials discovery,q4_balanced_discovery,49,LEA,3,qmof-e566fbb,Zn2C36H22N6O8,0.65,2.93315,True,0.83426434,True,1.0,,1|1|1|1,0.897905,0.8484455347061157,0.0,0.9981539472937584,92.2677080000085
balanced stable MOF candidates for general materials discovery,q4_balanced_discovery,49,LEA,4,qmof-235f291,Ni2C24H16N8,0.65,3.336142,True,0.870801372,True,1.0,,1|1|1|1,0.897905,0.8484455347061157,0.0,0.9981539472937584,92.2677080000085
balanced stable MOF candidates for general materials discovery,q4_balanced_discovery,49,LEA,5,qmof-a1a5849,Fe2C24H16N8,0.65,2.75343,True,0.925170256,True,1.0,,1|1|1|1,0.897905,0.8484455347061157,0.0,0.9981539472937584,92.2677080000085
balanced stable MOF candidates for general materials discovery,q4_balanced_discovery,49,LEA no diversity,1,qmof-ac6a77a,Zn4C76H44N8O16,0.65,2.401359,True,0.82887956,True,1.0,,1|1|1|1,0.897905,0.8484455347061157,0.0,0.9827495455741883,92.48570900000175
balanced stable MOF candidates for general materials discovery,q4_balanced_discovery,49,LEA no diversity,2,qmof-c0f392b,Zn2C44H38N6O12,0.65,2.464185,True,0.915527725,True,1.0,,1|1|1|1,0.897905,0.8484455347061157,0.0,0.9827495455741883,92.48570900000175
balanced stable MOF candidates for general materials discovery,q4_balanced_discovery,49,LEA no diversity,3,qmof-e566fbb,Zn2C36H22N6O8,0.65,2.93315,True,0.83426434,True,1.0,,1|1|1|1,0.897905,0.8484455347061157,0.0,0.9827495455741883,92.48570900000175
balanced stable MOF candidates for general materials discovery,q4_balanced_discovery,49,LEA no diversity,4,qmof-235f291,Ni2C24H16N8,0.65,3.336142,True,0.870801372,True,1.0,,1|1|1|1,0.897905,0.8484455347061157,0.0,0.9827495455741883,92.48570900000175
balanced stable MOF candidates for general materials discovery,q4_balanced_discovery,49,LEA no diversity,5,qmof-a1a5849,Fe2C24H16N8,0.65,2.75343,True,0.925170256,True,1.0,,1|1|1|1,0.897905,0.8484455347061157,0.0,0.9827495455741883,92.48570900000175
balanced stable MOF candidates for general materials discovery,q4_balanced_discovery,49,LEA no self-cleaning,1,qmof-ac6a77a,Zn4C76H44N8O16,0.65,2.401359,True,0.82887956,True,1.0,,1|1|1|1,0.897905,0.8484455347061157,0.0,0.9981539472937584,93.33933299998876
balanced stable MOF candidates for general materials discovery,q4_balanced_discovery,49,LEA no self-cleaning,2,qmof-c0f392b,Zn2C44H38N6O12,0.65,2.464185,True,0.915527725,True,1.0,,1|1|1|1,0.897905,0.8484455347061157,0.0,0.9981539472937584,93.33933299998876
balanced stable MOF candidates for general materials discovery,q4_balanced_discovery,49,LEA no self-cleaning,3,qmof-e566fbb,Zn2C36H22N6O8,0.65,2.93315,True,0.83426434,True,1.0,,1|1|1|1,0.897905,0.8484455347061157,0.0,0.9981539472937584,93.33933299998876
balanced stable MOF candidates for general materials discovery,q4_balanced_discovery,49,LEA no self-cleaning,4,qmof-235f291,Ni2C24H16N8,0.65,3.336142,True,0.870801372,True,1.0,,1|1|1|1,0.897905,0.8484455347061157,0.0,0.9981539472937584,93.33933299998876
balanced stable MOF candidates for general materials discovery,q4_balanced_discovery,49,LEA no self-cleaning,5,qmof-a1a5849,Fe2C24H16N8,0.65,2.75343,True,0.925170256,True,1.0,,1|1|1|1,0.897905,0.8484455347061157,0.0,0.9981539472937584,93.33933299998876
balanced stable MOF candidates for general materials discovery,q4_balanced_discovery,49,GraphSAGE only,1,qmof-13a76dd,Zn4C40H28N12O8,0.65,3.309168,True,0.982716063,True,1.0,0.311079,1|1|1|1,0.897905,0.8484455347061157,0.0,0.897905,0.039624999999432475
balanced stable MOF candidates for general materials discovery,q4_balanced_discovery,49,GraphSAGE only,2,qmof-e566fbb,Zn2C36H22N6O8,0.65,2.93315,True,0.83426434,True,1.0,0.303646,1|1|1|1,0.897905,0.8484455347061157,0.0033241373021155596,0.897905,0.039624999999432475
balanced stable MOF candidates for general materials discovery,q4_balanced_discovery,49,GraphSAGE only,3,qmof-235f291,Ni2C24H16N8,0.65,3.336142,True,0.870801372,True,1.0,0.30269,1|1|1|1,0.897905,0.8484455347061157,0.0025011154260331145,0.897905,0.039624999999432475
balanced stable MOF candidates for general materials discovery,q4_balanced_discovery,49,GraphSAGE only,4,qmof-a1a5849,Fe2C24H16N8,0.65,2.75343,True,0.925170256,True,1.0,0.298612,1|1|1|1,0.897905,0.8484455347061157,0.002858961209616003,0.897905,0.039624999999432475
balanced stable MOF candidates for general materials discovery,q4_balanced_discovery,49,GraphSAGE only,5,qmof-ac6a77a,Zn4C76H44N8O16,0.65,2.401359,True,0.82887956,True,1.0,0.297293,1|1|1|1,0.897905,0.8484455347061157,0.002916367145371623,0.897905,0.039624999999432475
balanced stable MOF candidates for general materials discovery,q4_balanced_discovery,49,GAT only,1,qmof-13a76dd,Zn4C40H28N12O8,0.65,3.309168,True,0.982716063,True,1.0,0.504522,1|1|1|1,0.897905,0.8484455347061157,0.0,0.897905,0.03637499999342708
balanced stable MOF candidates for general materials discovery,q4_balanced_discovery,49,GAT only,2,qmof-235f291,Ni2C24H16N8,0.65,3.336142,True,0.870801372,True,1.0,0.485743,1|1|1|1,0.897905,0.8484455347061157,0.008398241363465786,0.897905,0.03637499999342708
balanced stable MOF candidates for general materials discovery,q4_balanced_discovery,49,GAT only,3,qmof-e566fbb,Zn2C36H22N6O8,0.65,2.93315,True,0.83426434,True,1.0,0.471145,1|1|1|1,0.897905,0.8484455347061157,0.009951105186094841,0.897905,0.03637499999342708
balanced stable MOF candidates for general materials discovery,q4_balanced_discovery,49,GAT only,4,qmof-cef46c3,Zn2C48H32N8O8,0.65,2.913296,True,0.7895211,True,1.0,0.458106,1|1|1|1,0.897905,0.8484455347061157,0.01146700574705998,0.897905,0.03637499999342708
balanced stable MOF candidates for general materials discovery,q4_balanced_discovery,49,GAT only,5,qmof-a1a5849,Fe2C24H16N8,0.65,2.75343,True,0.925170256,True,1.0,0.447383,1|1|1|1,0.897905,0.8484455347061157,0.012693268153816462,0.897905,0.03637499999342708
balanced stable MOF candidates for general materials discovery,q4_balanced_discovery,49,LEA + GraphSAGE,1,qmof-13a76dd,Zn4C40H28N12O8,0.65,3.309168,True,0.982716063,True,1.0,0.311079,1|1|1|1,0.897905,0.8484455347061157,0.0,0.8822680234909057,94.93404200000555
balanced stable MOF candidates for general materials discovery,q4_balanced_discovery,49,LEA + GraphSAGE,2,qmof-e566fbb,Zn2C36H22N6O8,0.65,2.93315,True,0.83426434,True,1.0,0.303646,1|1|1|1,0.897905,0.8484455347061157,0.0033241373021155596,0.8808936446905136,94.93404200000555
balanced stable MOF candidates for general materials discovery,q4_balanced_discovery,49,LEA + GraphSAGE,3,qmof-235f291,Ni2C24H16N8,0.65,3.336142,True,0.870801372,True,1.0,0.30269,1|1|1|1,0.897905,0.8484455347061157,0.0025011154260331145,0.8807168185710907,94.93404200000555
balanced stable MOF candidates for general materials discovery,q4_balanced_discovery,49,LEA + GraphSAGE,4,qmof-a1a5849,Fe2C24H16N8,0.65,2.75343,True,0.925170256,True,1.0,0.298612,1|1|1|1,0.897905,0.8484455347061157,0.002858961209616003,0.8799624621868134,94.93404200000555
balanced stable MOF candidates for general materials discovery,q4_balanced_discovery,49,LEA + GraphSAGE,5,qmof-ac6a77a,Zn4C76H44N8O16,0.65,2.401359,True,0.82887956,True,1.0,0.297293,1|1|1|1,0.897905,0.8484455347061157,0.002916367145371623,0.8797183722257614,94.93404200000555
balanced stable MOF candidates for general materials discovery,q4_balanced_discovery,49,LEA + GAT,1,qmof-13a76dd,Zn4C40H28N12O8,0.65,3.309168,True,0.982716063,True,1.0,0.504522,1|1|1|1,0.897905,0.8484455347061157,0.0,0.9176828220486641,94.138375
balanced stable MOF candidates for general materials discovery,q4_balanced_discovery,49,LEA + GAT,2,qmof-235f291,Ni2C24H16N8,0.65,3.336142,True,0.870801372,True,1.0,0.485743,1|1|1|1,0.897905,0.8484455347061157,0.008398241363465786,0.9142828613519669,94.138375
balanced stable MOF candidates for general materials discovery,q4_balanced_discovery,49,LEA + GAT,3,qmof-e566fbb,Zn2C36H22N6O8,0.65,2.93315,True,0.83426434,True,1.0,0.471145,1|1|1|1,0.897905,0.8484455347061157,0.009951105186094841,0.9116329237818718,94.138375
balanced stable MOF candidates for general materials discovery,q4_balanced_discovery,49,LEA + GAT,4,qmof-cef46c3,Zn2C48H32N8O8,0.65,2.913296,True,0.7895211,True,1.0,0.458106,1|1|1|1,0.897905,0.8484455347061157,0.01146700574705998,0.9092612117528915,94.138375
balanced stable MOF candidates for general materials discovery,q4_balanced_discovery,49,LEA + GAT,5,qmof-a1a5849,Fe2C24H16N8,0.65,2.75343,True,0.925170256,True,1.0,0.447383,1|1|1|1,0.897905,0.8484455347061157,0.012693268153816462,0.9073074638843537,94.138375
balanced stable MOF candidates for general materials discovery,q4_balanced_discovery,50,SemanticOnly,1,qmof-fe66204,Ni2C36H56N4O8P4S10,0.65,3.022739,True,1.578999837,True,0.7,,1|1|1|1,0.747905,0.8613682836294174,0.0,0.747905,0.04775000000734053
balanced stable MOF candidates for general materials discovery,q4_balanced_discovery,50,SemanticOnly,2,qmof-fc79d47,Cu2C34H36I2N12,0.65,2.588499,True,1.87774837,True,0.7,,1|1|1|1,0.747905,0.8613682836294174,0.0,0.747905,0.04775000000734053
balanced stable MOF candidates for general materials discovery,q4_balanced_discovery,50,SemanticOnly,3,qmof-f6f9b84,CoC12H10N10,0.65,3.270432,True,1.60268084,True,0.7,,1|1|1|1,0.747905,0.8613682836294174,0.0,0.747905,0.04775000000734053
balanced stable MOF candidates for general materials discovery,q4_balanced_discovery,50,SemanticOnly,4,qmof-f429f3b,Cu3C8H18N12O6S2,0.65,2.822862,True,1.914333583,True,0.7,,1|1|1|1,0.747905,0.8613682836294174,0.0,0.747905,0.04775000000734053
balanced stable MOF candidates for general materials discovery,q4_balanced_discovery,50,SemanticOnly,5,qmof-e566fbb,Zn2C36H22N6O8,0.65,2.93315,True,0.83426434,True,1.0,,1|1|1|1,0.897905,0.8484455347061157,0.08485281467437744,0.897905,0.04775000000734053
balanced stable MOF candidates for general materials discovery,q4_balanced_discovery,50,WeightedSum,1,qmof-e566fbb,Zn2C36H22N6O8,0.65,2.93315,True,0.83426434,True,1.0,,1|1|1|1,0.897905,0.8484455347061157,0.0,0.897905,0.04491599999312257
balanced stable MOF candidates for general materials discovery,q4_balanced_discovery,50,WeightedSum,2,qmof-cef46c3,Zn2C48H32N8O8,0.65,2.913296,True,0.7895211,True,1.0,,1|1|1|1,0.897905,0.8484455347061157,0.0,0.897905,0.04491599999312257
balanced stable MOF candidates for general materials discovery,q4_balanced_discovery,50,WeightedSum,3,qmof-c0f392b,Zn2C44H38N6O12,0.65,2.464185,True,0.915527725,True,1.0,,1|1|1|1,0.897905,0.8484455347061157,0.0,0.897905,0.04491599999312257
balanced stable MOF candidates for general materials discovery,q4_balanced_discovery,50,WeightedSum,4,qmof-ac6a77a,Zn4C76H44N8O16,0.65,2.401359,True,0.82887956,True,1.0,,1|1|1|1,0.897905,0.8484455347061157,0.0,0.897905,0.04491599999312257
balanced stable MOF candidates for general materials discovery,q4_balanced_discovery,50,WeightedSum,5,qmof-a1a5849,Fe2C24H16N8,0.65,2.75343,True,0.925170256,True,1.0,,1|1|1|1,0.897905,0.8484455347061157,0.0,0.897905,0.04491599999312257
balanced stable MOF candidates for general materials discovery,q4_balanced_discovery,50,TOPSIS,1,qmof-e566fbb,Zn2C36H22N6O8,0.65,2.93315,True,0.83426434,True,1.0,,1|1|1|1,0.897905,0.8484455347061157,0.0,0.897905,1.1462919999871701
balanced stable MOF candidates for general materials discovery,q4_balanced_discovery,50,TOPSIS,2,qmof-cef46c3,Zn2C48H32N8O8,0.65,2.913296,True,0.7895211,True,1.0,,1|1|1|1,0.897905,0.8484455347061157,0.0,0.897905,1.1462919999871701
balanced stable MOF candidates for general materials discovery,q4_balanced_discovery,50,TOPSIS,3,qmof-c0f392b,Zn2C44H38N6O12,0.65,2.464185,True,0.915527725,True,1.0,,1|1|1|1,0.897905,0.8484455347061157,0.0,0.897905,1.1462919999871701
balanced stable MOF candidates for general materials discovery,q4_balanced_discovery,50,TOPSIS,4,qmof-ac6a77a,Zn4C76H44N8O16,0.65,2.401359,True,0.82887956,True,1.0,,1|1|1|1,0.897905,0.8484455347061157,0.0,0.897905,1.1462919999871701
balanced stable MOF candidates for general materials discovery,q4_balanced_discovery,50,TOPSIS,5,qmof-a1a5849,Fe2C24H16N8,0.65,2.75343,True,0.925170256,True,1.0,,1|1|1|1,0.897905,0.8484455347061157,0.0,0.897905,1.1462919999871701
balanced stable MOF candidates for general materials discovery,q4_balanced_discovery,50,ParetoCrowding,1,qmof-e566fbb,Zn2C36H22N6O8,0.65,2.93315,True,0.83426434,True,1.0,,1|1|1|1,0.897905,0.8484455347061157,0.0,0.897905,180.21791700000733
balanced stable MOF candidates for general materials discovery,q4_balanced_discovery,50,ParetoCrowding,2,qmof-cef46c3,Zn2C48H32N8O8,0.65,2.913296,True,0.7895211,True,1.0,,1|1|1|1,0.897905,0.8484455347061157,0.0,0.897905,180.21791700000733
balanced stable MOF candidates for general materials discovery,q4_balanced_discovery,50,ParetoCrowding,3,qmof-c0f392b,Zn2C44H38N6O12,0.65,2.464185,True,0.915527725,True,1.0,,1|1|1|1,0.897905,0.8484455347061157,0.0,0.897905,180.21791700000733
balanced stable MOF candidates for general materials discovery,q4_balanced_discovery,50,ParetoCrowding,4,qmof-ac6a77a,Zn4C76H44N8O16,0.65,2.401359,True,0.82887956,True,1.0,,1|1|1|1,0.897905,0.8484455347061157,0.0,0.897905,180.21791700000733
balanced stable MOF candidates for general materials discovery,q4_balanced_discovery,50,ParetoCrowding,5,qmof-a1a5849,Fe2C24H16N8,0.65,2.75343,True,0.925170256,True,1.0,,1|1|1|1,0.897905,0.8484455347061157,0.0,0.897905,180.21791700000733
balanced stable MOF candidates for general materials discovery,q4_balanced_discovery,50,Random,1,qmof-915b8e1,FeZnC30F12H18N2O4S2,0.65,2.947436,True,1.78953622,True,0.7,,1|1|1|1,0.747905,0.8613682836294174,0.0,0.747905,0.04366699999991397
balanced stable MOF candidates for general materials discovery,q4_balanced_discovery,50,Random,2,qmof-7da8960,CoC16Cl6H16N2O6,0.65,3.030121,True,1.854985624,True,0.7,,1|1|1|1,0.747905,0.8613682836294174,0.0,0.747905,0.04366699999991397
balanced stable MOF candidates for general materials discovery,q4_balanced_discovery,50,Random,3,qmof-cef46c3,Zn2C48H32N8O8,0.65,2.913296,True,0.7895211,True,1.0,,1|1|1|1,0.897905,0.8484455347061157,0.14142135779062906,0.897905,0.04366699999991397
balanced stable MOF candidates for general materials discovery,q4_balanced_discovery,50,Random,4,qmof-fe66204,Ni2C36H56N4O8P4S10,0.65,3.022739,True,1.578999837,True,0.7,,1|1|1|1,0.747905,0.8613682836294174,0.1060660183429718,0.747905,0.04366699999991397
balanced stable MOF candidates for general materials discovery,q4_balanced_discovery,50,Random,5,qmof-235f291,Ni2C24H16N8,0.65,3.336142,True,0.870801372,True,1.0,,1|1|1|1,0.897905,0.8484455347061157,0.12727922201156616,0.897905,0.04366699999991397
balanced stable MOF candidates for general materials discovery,q4_balanced_discovery,50,MMR,1,qmof-a1a5849,Fe2C24H16N8,0.65,2.75343,True,0.925170256,True,1.0,,1|1|1|1,0.897905,0.8484455347061157,0.0,0.897905,1690.7117500000054
balanced stable MOF candidates for general materials discovery,q4_balanced_discovery,50,MMR,2,qmof-017128d,Zn6C48H60N24,0.65,5.310987,True,0.913433658,True,1.0,,1|1|1|1,0.793755,0.7809823006391525,0.25,0.793755,1690.7117500000054
balanced stable MOF candidates for general materials discovery,q4_balanced_discovery,50,MMR,3,qmof-13a76dd,Zn4C40H28N12O8,0.65,3.309168,True,0.982716063,True,1.0,,1|1|1|1,0.897905,0.8484455347061157,0.16666666666666666,0.897905,1690.7117500000054
balanced stable MOF candidates for general materials discovery,q4_balanced_discovery,50,MMR,4,qmof-235f291,Ni2C24H16N8,0.65,3.336142,True,0.870801372,True,1.0,,1|1|1|1,0.897905,0.8484455347061157,0.125,0.897905,1690.7117500000054
balanced stable MOF candidates for general materials discovery,q4_balanced_discovery,50,MMR,5,qmof-c0f392b,Zn2C44H38N6O12,0.65,2.464185,True,0.915527725,True,1.0,,1|1|1|1,0.897905,0.8484455347061157,0.1,0.897905,1690.7117500000054
balanced stable MOF candidates for general materials discovery,q4_balanced_discovery,50,LEA,1,qmof-cef46c3,Zn2C48H32N8O8,0.65,2.913296,True,0.7895211,True,1.0,,1|1|1|1,0.897905,0.8484455347061157,0.0,0.9981539472937584,94.3443750000057
balanced stable MOF candidates for general materials discovery,q4_balanced_discovery,50,LEA,2,qmof-e566fbb,Zn2C36H22N6O8,0.65,2.93315,True,0.83426434,True,1.0,,1|1|1|1,0.897905,0.8484455347061157,0.0,0.9981539472937584,94.3443750000057
balanced stable MOF candidates for general materials discovery,q4_balanced_discovery,50,LEA,3,qmof-ac6a77a,Zn4C76H44N8O16,0.65,2.401359,True,0.82887956,True,1.0,,1|1|1|1,0.897905,0.8484455347061157,0.0,0.9981539472937584,94.3443750000057
balanced stable MOF candidates for general materials discovery,q4_balanced_discovery,50,LEA,4,qmof-c0f392b,Zn2C44H38N6O12,0.65,2.464185,True,0.915527725,True,1.0,,1|1|1|1,0.897905,0.8484455347061157,0.0,0.9981539472937584,94.3443750000057
balanced stable MOF candidates for general materials discovery,q4_balanced_discovery,50,LEA,5,qmof-235f291,Ni2C24H16N8,0.65,3.336142,True,0.870801372,True,1.0,,1|1|1|1,0.897905,0.8484455347061157,0.0,0.9981539472937584,94.3443750000057
balanced stable MOF candidates for general materials discovery,q4_balanced_discovery,50,LEA no diversity,1,qmof-cef46c3,Zn2C48H32N8O8,0.65,2.913296,True,0.7895211,True,1.0,,1|1|1|1,0.897905,0.8484455347061157,0.0,0.9827495455741883,93.00516700000117
balanced stable MOF candidates for general materials discovery,q4_balanced_discovery,50,LEA no diversity,2,qmof-e566fbb,Zn2C36H22N6O8,0.65,2.93315,True,0.83426434,True,1.0,,1|1|1|1,0.897905,0.8484455347061157,0.0,0.9827495455741883,93.00516700000117
balanced stable MOF candidates for general materials discovery,q4_balanced_discovery,50,LEA no diversity,3,qmof-ac6a77a,Zn4C76H44N8O16,0.65,2.401359,True,0.82887956,True,1.0,,1|1|1|1,0.897905,0.8484455347061157,0.0,0.9827495455741883,93.00516700000117
balanced stable MOF candidates for general materials discovery,q4_balanced_discovery,50,LEA no diversity,4,qmof-c0f392b,Zn2C44H38N6O12,0.65,2.464185,True,0.915527725,True,1.0,,1|1|1|1,0.897905,0.8484455347061157,0.0,0.9827495455741883,93.00516700000117
balanced stable MOF candidates for general materials discovery,q4_balanced_discovery,50,LEA no diversity,5,qmof-235f291,Ni2C24H16N8,0.65,3.336142,True,0.870801372,True,1.0,,1|1|1|1,0.897905,0.8484455347061157,0.0,0.9827495455741883,93.00516700000117
balanced stable MOF candidates for general materials discovery,q4_balanced_discovery,50,LEA no self-cleaning,1,qmof-cef46c3,Zn2C48H32N8O8,0.65,2.913296,True,0.7895211,True,1.0,,1|1|1|1,0.897905,0.8484455347061157,0.0,0.9981539472937584,95.88116700000171
balanced stable MOF candidates for general materials discovery,q4_balanced_discovery,50,LEA no self-cleaning,2,qmof-e566fbb,Zn2C36H22N6O8,0.65,2.93315,True,0.83426434,True,1.0,,1|1|1|1,0.897905,0.8484455347061157,0.0,0.9981539472937584,95.88116700000171
balanced stable MOF candidates for general materials discovery,q4_balanced_discovery,50,LEA no self-cleaning,3,qmof-ac6a77a,Zn4C76H44N8O16,0.65,2.401359,True,0.82887956,True,1.0,,1|1|1|1,0.897905,0.8484455347061157,0.0,0.9981539472937584,95.88116700000171
balanced stable MOF candidates for general materials discovery,q4_balanced_discovery,50,LEA no self-cleaning,4,qmof-c0f392b,Zn2C44H38N6O12,0.65,2.464185,True,0.915527725,True,1.0,,1|1|1|1,0.897905,0.8484455347061157,0.0,0.9981539472937584,95.88116700000171
balanced stable MOF candidates for general materials discovery,q4_balanced_discovery,50,LEA no self-cleaning,5,qmof-235f291,Ni2C24H16N8,0.65,3.336142,True,0.870801372,True,1.0,,1|1|1|1,0.897905,0.8484455347061157,0.0,0.9981539472937584,95.88116700000171
balanced stable MOF candidates for general materials discovery,q4_balanced_discovery,50,GraphSAGE only,1,qmof-13a76dd,Zn4C40H28N12O8,0.65,3.309168,True,0.982716063,True,1.0,0.311079,1|1|1|1,0.897905,0.8484455347061157,0.0,0.897905,0.041541000001643624
balanced stable MOF candidates for general materials discovery,q4_balanced_discovery,50,GraphSAGE only,2,qmof-e566fbb,Zn2C36H22N6O8,0.65,2.93315,True,0.83426434,True,1.0,0.303646,1|1|1|1,0.897905,0.8484455347061157,0.0033241373021155596,0.897905,0.041541000001643624
balanced stable MOF candidates for general materials discovery,q4_balanced_discovery,50,GraphSAGE only,3,qmof-235f291,Ni2C24H16N8,0.65,3.336142,True,0.870801372,True,1.0,0.30269,1|1|1|1,0.897905,0.8484455347061157,0.0025011154260331145,0.897905,0.041541000001643624
balanced stable MOF candidates for general materials discovery,q4_balanced_discovery,50,GraphSAGE only,4,qmof-a1a5849,Fe2C24H16N8,0.65,2.75343,True,0.925170256,True,1.0,0.298612,1|1|1|1,0.897905,0.8484455347061157,0.002858961209616003,0.897905,0.041541000001643624
balanced stable MOF candidates for general materials discovery,q4_balanced_discovery,50,GraphSAGE only,5,qmof-ac6a77a,Zn4C76H44N8O16,0.65,2.401359,True,0.82887956,True,1.0,0.297293,1|1|1|1,0.897905,0.8484455347061157,0.002916367145371623,0.897905,0.041541000001643624
balanced stable MOF candidates for general materials discovery,q4_balanced_discovery,50,GAT only,1,qmof-13a76dd,Zn4C40H28N12O8,0.65,3.309168,True,0.982716063,True,1.0,0.504522,1|1|1|1,0.897905,0.8484455347061157,0.0,0.897905,0.04308299999422616
balanced stable MOF candidates for general materials discovery,q4_balanced_discovery,50,GAT only,2,qmof-235f291,Ni2C24H16N8,0.65,3.336142,True,0.870801372,True,1.0,0.485743,1|1|1|1,0.897905,0.8484455347061157,0.008398241363465786,0.897905,0.04308299999422616
balanced stable MOF candidates for general materials discovery,q4_balanced_discovery,50,GAT only,3,qmof-e566fbb,Zn2C36H22N6O8,0.65,2.93315,True,0.83426434,True,1.0,0.471145,1|1|1|1,0.897905,0.8484455347061157,0.009951105186094841,0.897905,0.04308299999422616
balanced stable MOF candidates for general materials discovery,q4_balanced_discovery,50,GAT only,4,qmof-cef46c3,Zn2C48H32N8O8,0.65,2.913296,True,0.7895211,True,1.0,0.458106,1|1|1|1,0.897905,0.8484455347061157,0.01146700574705998,0.897905,0.04308299999422616
balanced stable MOF candidates for general materials discovery,q4_balanced_discovery,50,GAT only,5,qmof-a1a5849,Fe2C24H16N8,0.65,2.75343,True,0.925170256,True,1.0,0.447383,1|1|1|1,0.897905,0.8484455347061157,0.012693268153816462,0.897905,0.04308299999422616
balanced stable MOF candidates for general materials discovery,q4_balanced_discovery,50,LEA + GraphSAGE,1,qmof-13a76dd,Zn4C40H28N12O8,0.65,3.309168,True,0.982716063,True,1.0,0.311079,1|1|1|1,0.897905,0.8484455347061157,0.0,0.8822680234909057,100.70054199999845
balanced stable MOF candidates for general materials discovery,q4_balanced_discovery,50,LEA + GraphSAGE,2,qmof-e566fbb,Zn2C36H22N6O8,0.65,2.93315,True,0.83426434,True,1.0,0.303646,1|1|1|1,0.897905,0.8484455347061157,0.0033241373021155596,0.8808936446905136,100.70054199999845
balanced stable MOF candidates for general materials discovery,q4_balanced_discovery,50,LEA + GraphSAGE,3,qmof-235f291,Ni2C24H16N8,0.65,3.336142,True,0.870801372,True,1.0,0.30269,1|1|1|1,0.897905,0.8484455347061157,0.0025011154260331145,0.8807168185710907,100.70054199999845
balanced stable MOF candidates for general materials discovery,q4_balanced_discovery,50,LEA + GraphSAGE,4,qmof-a1a5849,Fe2C24H16N8,0.65,2.75343,True,0.925170256,True,1.0,0.298612,1|1|1|1,0.897905,0.8484455347061157,0.002858961209616003,0.8799624621868134,100.70054199999845
balanced stable MOF candidates for general materials discovery,q4_balanced_discovery,50,LEA + GraphSAGE,5,qmof-ac6a77a,Zn4C76H44N8O16,0.65,2.401359,True,0.82887956,True,1.0,0.297293,1|1|1|1,0.897905,0.8484455347061157,0.002916367145371623,0.8797183722257614,100.70054199999845
balanced stable MOF candidates for general materials discovery,q4_balanced_discovery,50,LEA + GAT,1,qmof-13a76dd,Zn4C40H28N12O8,0.65,3.309168,True,0.982716063,True,1.0,0.504522,1|1|1|1,0.897905,0.8484455347061157,0.0,0.9176828220486641,96.66258299999697
balanced stable MOF candidates for general materials discovery,q4_balanced_discovery,50,LEA + GAT,2,qmof-235f291,Ni2C24H16N8,0.65,3.336142,True,0.870801372,True,1.0,0.485743,1|1|1|1,0.897905,0.8484455347061157,0.008398241363465786,0.9142828613519669,96.66258299999697
balanced stable MOF candidates for general materials discovery,q4_balanced_discovery,50,LEA + GAT,3,qmof-e566fbb,Zn2C36H22N6O8,0.65,2.93315,True,0.83426434,True,1.0,0.471145,1|1|1|1,0.897905,0.8484455347061157,0.009951105186094841,0.9116329237818718,96.66258299999697
balanced stable MOF candidates for general materials discovery,q4_balanced_discovery,50,LEA + GAT,4,qmof-cef46c3,Zn2C48H32N8O8,0.65,2.913296,True,0.7895211,True,1.0,0.458106,1|1|1|1,0.897905,0.8484455347061157,0.01146700574705998,0.9092612117528915,96.66258299999697
balanced stable MOF candidates for general materials discovery,q4_balanced_discovery,50,LEA + GAT,5,qmof-a1a5849,Fe2C24H16N8,0.65,2.75343,True,0.925170256,True,1.0,0.447383,1|1|1|1,0.897905,0.8484455347061157,0.012693268153816462,0.9073074638843537,96.66258299999697
balanced stable MOF candidates for general materials discovery,q4_balanced_discovery,51,SemanticOnly,1,qmof-e566fbb,Zn2C36H22N6O8,0.65,2.93315,True,0.83426434,True,1.0,,1|1|1|1,0.897905,0.8484455347061157,0.0,0.897905,0.04483400000765414
balanced stable MOF candidates for general materials discovery,q4_balanced_discovery,51,SemanticOnly,2,qmof-e411eea,FeC22H20N6O2S2,0.65,2.364736,True,1.521804317,True,0.7,,1|1|1|1,0.747905,0.8613682836294174,0.2121320366859436,0.747905,0.04483400000765414
balanced stable MOF candidates for general materials discovery,q4_balanced_discovery,51,SemanticOnly,3,qmof-e3dcc4d,Zn6C48H60N24,0.65,5.279321,True,0.917677932,True,1.0,,1|1|1|1,0.793755,0.7809823006391525,0.26333465178807575,0.793755,0.04483400000765414
balanced stable MOF candidates for general materials discovery,q4_balanced_discovery,51,SemanticOnly,4,qmof-e2ab328,Cd2C26H26N6O4S4,0.65,2.988187,True,1.84046829,True,0.7,,1|1|1|1,0.747905,0.8613682836294174,0.2216679851214091,0.747905,0.04483400000765414
balanced stable MOF candidates for general materials discovery,q4_balanced_discovery,51,SemanticOnly,5,qmof-e203bf0,Cd4C48H28N8O8S4,0.65,3.35412,True,1.913006696,True,0.7,,1|1|1|1,0.747905,0.8613682836294174,0.18700118660926818,0.747905,0.04483400000765414
balanced stable MOF candidates for general materials discovery,q4_balanced_discovery,51,WeightedSum,1,qmof-e566fbb,Zn2C36H22N6O8,0.65,2.93315,True,0.83426434,True,1.0,,1|1|1|1,0.897905,0.8484455347061157,0.0,0.897905,0.05845900000167603
balanced stable MOF candidates for general materials discovery,q4_balanced_discovery,51,WeightedSum,2,qmof-cef46c3,Zn2C48H32N8O8,0.65,2.913296,True,0.7895211,True,1.0,,1|1|1|1,0.897905,0.8484455347061157,0.0,0.897905,0.05845900000167603
balanced stable MOF candidates for general materials discovery,q4_balanced_discovery,51,WeightedSum,3,qmof-c0f392b,Zn2C44H38N6O12,0.65,2.464185,True,0.915527725,True,1.0,,1|1|1|1,0.897905,0.8484455347061157,0.0,0.897905,0.05845900000167603
balanced stable MOF candidates for general materials discovery,q4_balanced_discovery,51,WeightedSum,4,qmof-ac6a77a,Zn4C76H44N8O16,0.65,2.401359,True,0.82887956,True,1.0,,1|1|1|1,0.897905,0.8484455347061157,0.0,0.897905,0.05845900000167603
balanced stable MOF candidates for general materials discovery,q4_balanced_discovery,51,WeightedSum,5,qmof-a1a5849,Fe2C24H16N8,0.65,2.75343,True,0.925170256,True,1.0,,1|1|1|1,0.897905,0.8484455347061157,0.0,0.897905,0.05845900000167603
balanced stable MOF candidates for general materials discovery,q4_balanced_discovery,51,TOPSIS,1,qmof-e566fbb,Zn2C36H22N6O8,0.65,2.93315,True,0.83426434,True,1.0,,1|1|1|1,0.897905,0.8484455347061157,0.0,0.897905,1.1657499999984111
balanced stable MOF candidates for general materials discovery,q4_balanced_discovery,51,TOPSIS,2,qmof-cef46c3,Zn2C48H32N8O8,0.65,2.913296,True,0.7895211,True,1.0,,1|1|1|1,0.897905,0.8484455347061157,0.0,0.897905,1.1657499999984111
balanced stable MOF candidates for general materials discovery,q4_balanced_discovery,51,TOPSIS,3,qmof-c0f392b,Zn2C44H38N6O12,0.65,2.464185,True,0.915527725,True,1.0,,1|1|1|1,0.897905,0.8484455347061157,0.0,0.897905,1.1657499999984111
balanced stable MOF candidates for general materials discovery,q4_balanced_discovery,51,TOPSIS,4,qmof-ac6a77a,Zn4C76H44N8O16,0.65,2.401359,True,0.82887956,True,1.0,,1|1|1|1,0.897905,0.8484455347061157,0.0,0.897905,1.1657499999984111
balanced stable MOF candidates for general materials discovery,q4_balanced_discovery,51,TOPSIS,5,qmof-a1a5849,Fe2C24H16N8,0.65,2.75343,True,0.925170256,True,1.0,,1|1|1|1,0.897905,0.8484455347061157,0.0,0.897905,1.1657499999984111
balanced stable MOF candidates for general materials discovery,q4_balanced_discovery,51,ParetoCrowding,1,qmof-e566fbb,Zn2C36H22N6O8,0.65,2.93315,True,0.83426434,True,1.0,,1|1|1|1,0.897905,0.8484455347061157,0.0,0.897905,180.79262500000937
balanced stable MOF candidates for general materials discovery,q4_balanced_discovery,51,ParetoCrowding,2,qmof-cef46c3,Zn2C48H32N8O8,0.65,2.913296,True,0.7895211,True,1.0,,1|1|1|1,0.897905,0.8484455347061157,0.0,0.897905,180.79262500000937
balanced stable MOF candidates for general materials discovery,q4_balanced_discovery,51,ParetoCrowding,3,qmof-c0f392b,Zn2C44H38N6O12,0.65,2.464185,True,0.915527725,True,1.0,,1|1|1|1,0.897905,0.8484455347061157,0.0,0.897905,180.79262500000937
balanced stable MOF candidates for general materials discovery,q4_balanced_discovery,51,ParetoCrowding,4,qmof-ac6a77a,Zn4C76H44N8O16,0.65,2.401359,True,0.82887956,True,1.0,,1|1|1|1,0.897905,0.8484455347061157,0.0,0.897905,180.79262500000937
balanced stable MOF candidates for general materials discovery,q4_balanced_discovery,51,ParetoCrowding,5,qmof-a1a5849,Fe2C24H16N8,0.65,2.75343,True,0.925170256,True,1.0,,1|1|1|1,0.897905,0.8484455347061157,0.0,0.897905,180.79262500000937
balanced stable MOF candidates for general materials discovery,q4_balanced_discovery,51,Random,1,qmof-bdc19f7,Zn2C52H32N12O24,0.65,2.854907,True,1.687752067,True,0.7,,1|1|1|1,0.747905,0.8613682836294174,0.0,0.747905,0.04341700000054516
balanced stable MOF candidates for general materials discovery,q4_balanced_discovery,51,Random,2,qmof-ac6a77a,Zn4C76H44N8O16,0.65,2.401359,True,0.82887956,True,1.0,,1|1|1|1,0.897905,0.8484455347061157,0.2121320366859436,0.897905,0.04341700000054516
balanced stable MOF candidates for general materials discovery,q4_balanced_discovery,51,Random,3,qmof-8707b97,Cd2C52Cl4H40N12,0.65,3.409213,True,1.358253897,True,0.7,,1|1|1|1,0.747905,0.8613682836294174,0.14142135779062906,0.747905,0.04341700000054516
balanced stable MOF candidates for general materials discovery,q4_balanced_discovery,51,Random,4,qmof-3d5b416,Ba2C68H48O24,0.65,2.624821,True,1.403824148,True,0.7,,1|1|1|1,0.747905,0.8613682836294174,0.1060660183429718,0.747905,0.04341700000054516
balanced stable MOF candidates for general materials discovery,q4_balanced_discovery,51,Random,5,qmof-8f318ef,Zn4C52H44N8O20,0.65,3.297531,True,1.616121345,True,0.7,,1|1|1|1,0.747905,0.8613682836294174,0.08485281467437744,0.747905,0.04341700000054516
balanced stable MOF candidates for general materials discovery,q4_balanced_discovery,51,MMR,1,qmof-a1a5849,Fe2C24H16N8,0.65,2.75343,True,0.925170256,True,1.0,,1|1|1|1,0.897905,0.8484455347061157,0.0,0.897905,1796.5546669999953
balanced stable MOF candidates for general materials discovery,q4_balanced_discovery,51,MMR,2,qmof-175a5d9,Fe6C42Cl6H12N18O12,0.65,3.544636,True,0.750832979,True,1.0,,1|1|1|1,0.793755,0.7809823006391525,0.25,0.793755,1796.5546669999953
balanced stable MOF candidates for general materials discovery,q4_balanced_discovery,51,MMR,3,qmof-13a76dd,Zn4C40H28N12O8,0.65,3.309168,True,0.982716063,True,1.0,,1|1|1|1,0.897905,0.8484455347061157,0.16666666666666666,0.897905,1796.5546669999953
balanced stable MOF candidates for general materials discovery,q4_balanced_discovery,51,MMR,4,qmof-ac6a77a,Zn4C76H44N8O16,0.65,2.401359,True,0.82887956,True,1.0,,1|1|1|1,0.897905,0.8484455347061157,0.125,0.897905,1796.5546669999953
balanced stable MOF candidates for general materials discovery,q4_balanced_discovery,51,MMR,5,qmof-e566fbb,Zn2C36H22N6O8,0.65,2.93315,True,0.83426434,True,1.0,,1|1|1|1,0.897905,0.8484455347061157,0.1,0.897905,1796.5546669999953
balanced stable MOF candidates for general materials discovery,q4_balanced_discovery,51,LEA,1,qmof-c0f392b,Zn2C44H38N6O12,0.65,2.464185,True,0.915527725,True,1.0,,1|1|1|1,0.897905,0.8484455347061157,0.0,0.9981539472937584,94.90854199999887
balanced stable MOF candidates for general materials discovery,q4_balanced_discovery,51,LEA,2,qmof-235f291,Ni2C24H16N8,0.65,3.336142,True,0.870801372,True,1.0,,1|1|1|1,0.897905,0.8484455347061157,0.0,0.9981539472937584,94.90854199999887
balanced stable MOF candidates for general materials discovery,q4_balanced_discovery,51,LEA,3,qmof-cef46c3,Zn2C48H32N8O8,0.65,2.913296,True,0.7895211,True,1.0,,1|1|1|1,0.897905,0.8484455347061157,0.0,0.9981539472937584,94.90854199999887
balanced stable MOF candidates for general materials discovery,q4_balanced_discovery,51,LEA,4,qmof-e566fbb,Zn2C36H22N6O8,0.65,2.93315,True,0.83426434,True,1.0,,1|1|1|1,0.897905,0.8484455347061157,0.0,0.9981539472937584,94.90854199999887
balanced stable MOF candidates for general materials discovery,q4_balanced_discovery,51,LEA,5,qmof-ac6a77a,Zn4C76H44N8O16,0.65,2.401359,True,0.82887956,True,1.0,,1|1|1|1,0.897905,0.8484455347061157,0.0,0.9981539472937584,94.90854199999887
balanced stable MOF candidates for general materials discovery,q4_balanced_discovery,51,LEA no diversity,1,qmof-c0f392b,Zn2C44H38N6O12,0.65,2.464185,True,0.915527725,True,1.0,,1|1|1|1,0.897905,0.8484455347061157,0.0,0.9827495455741883,95.0359590000005
balanced stable MOF candidates for general materials discovery,q4_balanced_discovery,51,LEA no diversity,2,qmof-235f291,Ni2C24H16N8,0.65,3.336142,True,0.870801372,True,1.0,,1|1|1|1,0.897905,0.8484455347061157,0.0,0.9827495455741883,95.0359590000005
balanced stable MOF candidates for general materials discovery,q4_balanced_discovery,51,LEA no diversity,3,qmof-cef46c3,Zn2C48H32N8O8,0.65,2.913296,True,0.7895211,True,1.0,,1|1|1|1,0.897905,0.8484455347061157,0.0,0.9827495455741883,95.0359590000005
balanced stable MOF candidates for general materials discovery,q4_balanced_discovery,51,LEA no diversity,4,qmof-e566fbb,Zn2C36H22N6O8,0.65,2.93315,True,0.83426434,True,1.0,,1|1|1|1,0.897905,0.8484455347061157,0.0,0.9827495455741883,95.0359590000005
balanced stable MOF candidates for general materials discovery,q4_balanced_discovery,51,LEA no diversity,5,qmof-ac6a77a,Zn4C76H44N8O16,0.65,2.401359,True,0.82887956,True,1.0,,1|1|1|1,0.897905,0.8484455347061157,0.0,0.9827495455741883,95.0359590000005
balanced stable MOF candidates for general materials discovery,q4_balanced_discovery,51,LEA no self-cleaning,1,qmof-c0f392b,Zn2C44H38N6O12,0.65,2.464185,True,0.915527725,True,1.0,,1|1|1|1,0.897905,0.8484455347061157,0.0,0.9981539472937584,94.65941700000258
balanced stable MOF candidates for general materials discovery,q4_balanced_discovery,51,LEA no self-cleaning,2,qmof-235f291,Ni2C24H16N8,0.65,3.336142,True,0.870801372,True,1.0,,1|1|1|1,0.897905,0.8484455347061157,0.0,0.9981539472937584,94.65941700000258
balanced stable MOF candidates for general materials discovery,q4_balanced_discovery,51,LEA no self-cleaning,3,qmof-cef46c3,Zn2C48H32N8O8,0.65,2.913296,True,0.7895211,True,1.0,,1|1|1|1,0.897905,0.8484455347061157,0.0,0.9981539472937584,94.65941700000258
balanced stable MOF candidates for general materials discovery,q4_balanced_discovery,51,LEA no self-cleaning,4,qmof-e566fbb,Zn2C36H22N6O8,0.65,2.93315,True,0.83426434,True,1.0,,1|1|1|1,0.897905,0.8484455347061157,0.0,0.9981539472937584,94.65941700000258
balanced stable MOF candidates for general materials discovery,q4_balanced_discovery,51,LEA no self-cleaning,5,qmof-ac6a77a,Zn4C76H44N8O16,0.65,2.401359,True,0.82887956,True,1.0,,1|1|1|1,0.897905,0.8484455347061157,0.0,0.9981539472937584,94.65941700000258
balanced stable MOF candidates for general materials discovery,q4_balanced_discovery,51,GraphSAGE only,1,qmof-13a76dd,Zn4C40H28N12O8,0.65,3.309168,True,0.982716063,True,1.0,0.311079,1|1|1|1,0.897905,0.8484455347061157,0.0,0.897905,0.038291999999273685
balanced stable MOF candidates for general materials discovery,q4_balanced_discovery,51,GraphSAGE only,2,qmof-e566fbb,Zn2C36H22N6O8,0.65,2.93315,True,0.83426434,True,1.0,0.303646,1|1|1|1,0.897905,0.8484455347061157,0.0033241373021155596,0.897905,0.038291999999273685
balanced stable MOF candidates for general materials discovery,q4_balanced_discovery,51,GraphSAGE only,3,qmof-235f291,Ni2C24H16N8,0.65,3.336142,True,0.870801372,True,1.0,0.30269,1|1|1|1,0.897905,0.8484455347061157,0.0025011154260331145,0.897905,0.038291999999273685
balanced stable MOF candidates for general materials discovery,q4_balanced_discovery,51,GraphSAGE only,4,qmof-a1a5849,Fe2C24H16N8,0.65,2.75343,True,0.925170256,True,1.0,0.298612,1|1|1|1,0.897905,0.8484455347061157,0.002858961209616003,0.897905,0.038291999999273685
balanced stable MOF candidates for general materials discovery,q4_balanced_discovery,51,GraphSAGE only,5,qmof-ac6a77a,Zn4C76H44N8O16,0.65,2.401359,True,0.82887956,True,1.0,0.297293,1|1|1|1,0.897905,0.8484455347061157,0.002916367145371623,0.897905,0.038291999999273685
balanced stable MOF candidates for general materials discovery,q4_balanced_discovery,51,GAT only,1,qmof-13a76dd,Zn4C40H28N12O8,0.65,3.309168,True,0.982716063,True,1.0,0.504522,1|1|1|1,0.897905,0.8484455347061157,0.0,0.897905,0.04412500000228192
balanced stable MOF candidates for general materials discovery,q4_balanced_discovery,51,GAT only,2,qmof-235f291,Ni2C24H16N8,0.65,3.336142,True,0.870801372,True,1.0,0.485743,1|1|1|1,0.897905,0.8484455347061157,0.008398241363465786,0.897905,0.04412500000228192
balanced stable MOF candidates for general materials discovery,q4_balanced_discovery,51,GAT only,3,qmof-e566fbb,Zn2C36H22N6O8,0.65,2.93315,True,0.83426434,True,1.0,0.471145,1|1|1|1,0.897905,0.8484455347061157,0.009951105186094841,0.897905,0.04412500000228192
balanced stable MOF candidates for general materials discovery,q4_balanced_discovery,51,GAT only,4,qmof-cef46c3,Zn2C48H32N8O8,0.65,2.913296,True,0.7895211,True,1.0,0.458106,1|1|1|1,0.897905,0.8484455347061157,0.01146700574705998,0.897905,0.04412500000228192
balanced stable MOF candidates for general materials discovery,q4_balanced_discovery,51,GAT only,5,qmof-a1a5849,Fe2C24H16N8,0.65,2.75343,True,0.925170256,True,1.0,0.447383,1|1|1|1,0.897905,0.8484455347061157,0.012693268153816462,0.897905,0.04412500000228192
balanced stable MOF candidates for general materials discovery,q4_balanced_discovery,51,LEA + GraphSAGE,1,qmof-13a76dd,Zn4C40H28N12O8,0.65,3.309168,True,0.982716063,True,1.0,0.311079,1|1|1|1,0.897905,0.8484455347061157,0.0,0.8822680234909057,96.36049999998875
balanced stable MOF candidates for general materials discovery,q4_balanced_discovery,51,LEA + GraphSAGE,2,qmof-e566fbb,Zn2C36H22N6O8,0.65,2.93315,True,0.83426434,True,1.0,0.303646,1|1|1|1,0.897905,0.8484455347061157,0.0033241373021155596,0.8808936446905136,96.36049999998875
balanced stable MOF candidates for general materials discovery,q4_balanced_discovery,51,LEA + GraphSAGE,3,qmof-235f291,Ni2C24H16N8,0.65,3.336142,True,0.870801372,True,1.0,0.30269,1|1|1|1,0.897905,0.8484455347061157,0.0025011154260331145,0.8807168185710907,96.36049999998875
balanced stable MOF candidates for general materials discovery,q4_balanced_discovery,51,LEA + GraphSAGE,4,qmof-a1a5849,Fe2C24H16N8,0.65,2.75343,True,0.925170256,True,1.0,0.298612,1|1|1|1,0.897905,0.8484455347061157,0.002858961209616003,0.8799624621868134,96.36049999998875
balanced stable MOF candidates for general materials discovery,q4_balanced_discovery,51,LEA + GraphSAGE,5,qmof-ac6a77a,Zn4C76H44N8O16,0.65,2.401359,True,0.82887956,True,1.0,0.297293,1|1|1|1,0.897905,0.8484455347061157,0.002916367145371623,0.8797183722257614,96.36049999998875
balanced stable MOF candidates for general materials discovery,q4_balanced_discovery,51,LEA + GAT,1,qmof-13a76dd,Zn4C40H28N12O8,0.65,3.309168,True,0.982716063,True,1.0,0.504522,1|1|1|1,0.897905,0.8484455347061157,0.0,0.9176828220486641,95.53912500000195
balanced stable MOF candidates for general materials discovery,q4_balanced_discovery,51,LEA + GAT,2,qmof-235f291,Ni2C24H16N8,0.65,3.336142,True,0.870801372,True,1.0,0.485743,1|1|1|1,0.897905,0.8484455347061157,0.008398241363465786,0.9142828613519669,95.53912500000195
balanced stable MOF candidates for general materials discovery,q4_balanced_discovery,51,LEA + GAT,3,qmof-e566fbb,Zn2C36H22N6O8,0.65,2.93315,True,0.83426434,True,1.0,0.471145,1|1|1|1,0.897905,0.8484455347061157,0.009951105186094841,0.9116329237818718,95.53912500000195
balanced stable MOF candidates for general materials discovery,q4_balanced_discovery,51,LEA + GAT,4,qmof-cef46c3,Zn2C48H32N8O8,0.65,2.913296,True,0.7895211,True,1.0,0.458106,1|1|1|1,0.897905,0.8484455347061157,0.01146700574705998,0.9092612117528915,95.53912500000195
balanced stable MOF candidates for general materials discovery,q4_balanced_discovery,51,LEA + GAT,5,qmof-a1a5849,Fe2C24H16N8,0.65,2.75343,True,0.925170256,True,1.0,0.447383,1|1|1|1,0.897905,0.8484455347061157,0.012693268153816462,0.9073074638843537,95.53912500000195
wide band gap insulating MOFs with low density,q5_insulating_frameworks,42,SemanticOnly,1,qmof-fd27ae2,Cd2C40H32N16O4,0.755,3.505134,True,1.744680123,True,0.7,,1|1|1|1,0.66925,0.9028290808200836,0.0,0.66925,0.054915999996296705
wide band gap insulating MOFs with low density,q5_insulating_frameworks,42,SemanticOnly,2,qmof-fccf4ef,Cd4C52H32N4O18S4,0.755,3.817499,True,1.995562231,True,0.7,,1|1|1|1,0.66925,0.9028290808200836,0.0,0.66925,0.054915999996296705
wide band gap insulating MOFs with low density,q5_insulating_frameworks,42,SemanticOnly,3,qmof-f5f710d,Li4C56H48N12O12,0.755,3.841302,True,1.455021018,True,0.7,,1|1|1|1,0.66925,0.9028290808200836,0.0,0.66925,0.054915999996296705
wide band gap insulating MOFs with low density,q5_insulating_frameworks,42,SemanticOnly,4,qmof-f50d129,Zn4C40H52N4O40,0.755,4.087101,True,1.902434787,True,0.7,,1|1|1|1,0.66925,0.9028290808200836,0.0,0.66925,0.054915999996296705
wide band gap insulating MOFs with low density,q5_insulating_frameworks,42,SemanticOnly,5,qmof-f4f5664,Cd4C64H40N32O4,0.755,3.915707,True,1.610548921,True,0.7,,1|1|1|1,0.66925,0.9028290808200836,0.0,0.66925,0.054915999996296705
wide band gap insulating MOFs with low density,q5_insulating_frameworks,42,WeightedSum,1,qmof-e3dcc4d,Zn6C48H60N24,0.755,5.279321,True,0.917677932,True,1.0,,1|1|1|1,0.78925,0.7930768579244614,0.0,0.78925,0.057749999996303814
wide band gap insulating MOFs with low density,q5_insulating_frameworks,42,WeightedSum,2,qmof-c82daac,Al2Li2C40H46N6O4,0.755,4.047188,True,0.954866212,True,1.0,,1|1|1|1,0.78925,0.7930768579244614,0.0,0.78925,0.057749999996303814
wide band gap insulating MOFs with low density,q5_insulating_frameworks,42,WeightedSum,3,qmof-b1cbe7a,Fe2C24H16N8,0.755,3.528396,True,0.685538233,True,1.0,,1|1|1|1,0.78925,0.7930768579244614,0.0,0.78925,0.057749999996303814
wide band gap insulating MOFs with low density,q5_insulating_frameworks,42,WeightedSum,4,qmof-a2d95c3,Zn8C48H24O26,0.755,4.650938,True,0.57861881,True,1.0,,1|1|1|1,0.78925,0.7930768579244614,0.0,0.78925,0.057749999996303814
wide band gap insulating MOFs with low density,q5_insulating_frameworks,42,WeightedSum,5,qmof-8deddd1,Zn6C42H18O18,0.755,3.550246,True,0.720023443,True,1.0,,1|1|1|1,0.78925,0.7930768579244614,0.0,0.78925,0.057749999996303814
wide band gap insulating MOFs with low density,q5_insulating_frameworks,42,TOPSIS,1,qmof-e3dcc4d,Zn6C48H60N24,0.755,5.279321,True,0.917677932,True,1.0,,1|1|1|1,0.78925,0.7930768579244614,0.0,0.78925,1.2182090000010248
wide band gap insulating MOFs with low density,q5_insulating_frameworks,42,TOPSIS,2,qmof-c82daac,Al2Li2C40H46N6O4,0.755,4.047188,True,0.954866212,True,1.0,,1|1|1|1,0.78925,0.7930768579244614,0.0,0.78925,1.2182090000010248
wide band gap insulating MOFs with low density,q5_insulating_frameworks,42,TOPSIS,3,qmof-b1cbe7a,Fe2C24H16N8,0.755,3.528396,True,0.685538233,True,1.0,,1|1|1|1,0.78925,0.7930768579244614,0.0,0.78925,1.2182090000010248
wide band gap insulating MOFs with low density,q5_insulating_frameworks,42,TOPSIS,4,qmof-a2d95c3,Zn8C48H24O26,0.755,4.650938,True,0.57861881,True,1.0,,1|1|1|1,0.78925,0.7930768579244614,0.0,0.78925,1.2182090000010248
wide band gap insulating MOFs with low density,q5_insulating_frameworks,42,TOPSIS,5,qmof-8deddd1,Zn6C42H18O18,0.755,3.550246,True,0.720023443,True,1.0,,1|1|1|1,0.78925,0.7930768579244614,0.0,0.78925,1.2182090000010248
wide band gap insulating MOFs with low density,q5_insulating_frameworks,42,ParetoCrowding,1,qmof-e3dcc4d,Zn6C48H60N24,0.755,5.279321,True,0.917677932,True,1.0,,1|1|1|1,0.78925,0.7930768579244614,0.0,0.78925,192.17620800000645
wide band gap insulating MOFs with low density,q5_insulating_frameworks,42,ParetoCrowding,2,qmof-c82daac,Al2Li2C40H46N6O4,0.755,4.047188,True,0.954866212,True,1.0,,1|1|1|1,0.78925,0.7930768579244614,0.0,0.78925,192.17620800000645
wide band gap insulating MOFs with low density,q5_insulating_frameworks,42,ParetoCrowding,3,qmof-b1cbe7a,Fe2C24H16N8,0.755,3.528396,True,0.685538233,True,1.0,,1|1|1|1,0.78925,0.7930768579244614,0.0,0.78925,192.17620800000645
wide band gap insulating MOFs with low density,q5_insulating_frameworks,42,ParetoCrowding,4,qmof-a2d95c3,Zn8C48H24O26,0.755,4.650938,True,0.57861881,True,1.0,,1|1|1|1,0.78925,0.7930768579244614,0.0,0.78925,192.17620800000645
wide band gap insulating MOFs with low density,q5_insulating_frameworks,42,ParetoCrowding,5,qmof-8deddd1,Zn6C42H18O18,0.755,3.550246,True,0.720023443,True,1.0,,1|1|1|1,0.78925,0.7930768579244614,0.0,0.78925,192.17620800000645
wide band gap insulating MOFs with low density,q5_insulating_frameworks,42,Random,1,qmof-730d513,Zn4C40H28N12O20,0.755,4.937026,True,1.913132077,True,0.7,,1|1|1|1,0.66925,0.9028290808200836,0.0,0.66925,0.07995800000060171
wide band gap insulating MOFs with low density,q5_insulating_frameworks,42,Random,2,qmof-f5f710d,Li4C56H48N12O12,0.755,3.841302,True,1.455021018,True,0.7,,1|1|1|1,0.66925,0.9028290808200836,0.0,0.66925,0.07995800000060171
wide band gap insulating MOFs with low density,q5_insulating_frameworks,42,Random,3,qmof-0338cb2,Cd4C36H24N24S8,0.755,3.801339,True,1.918631078,True,0.7,,1|1|1|1,0.66925,0.9028290808200836,0.0,0.66925,0.07995800000060171
wide band gap insulating MOFs with low density,q5_insulating_frameworks,42,Random,4,qmof-4f9c014,Cu2C40H40N4O8,0.755,3.939544,True,0.784105616,True,1.0,,1|1|1|1,0.78925,0.7930768579244614,0.1060660183429718,0.78925,0.07995800000060171
wide band gap insulating MOFs with low density,q5_insulating_frameworks,42,Random,5,qmof-f50d129,Zn4C40H52N4O40,0.755,4.087101,True,1.902434787,True,0.7,,1|1|1|1,0.66925,0.9028290808200836,0.08485281467437744,0.66925,0.07995800000060171
wide band gap insulating MOFs with low density,q5_insulating_frameworks,42,MMR,1,qmof-4050181,Li4C28H32N4O8,0.755,5.066465,True,0.936198777,True,1.0,,1|1|1|1,0.78925,0.7930768579244614,0.0,0.78925,1714.5441669999996
wide band gap insulating MOFs with low density,q5_insulating_frameworks,42,MMR,2,qmof-c82daac,Al2Li2C40H46N6O4,0.755,4.047188,True,0.954866212,True,1.0,,1|1|1|1,0.78925,0.7930768579244614,0.0,0.78925,1714.5441669999996
wide band gap insulating MOFs with low density,q5_insulating_frameworks,42,MMR,3,qmof-3133aaf,Zn4C64H48N8O16,0.755,4.523716,True,0.969248466,True,1.0,,1|1|1|1,0.78925,0.7930768579244614,0.0,0.78925,1714.5441669999996
wide band gap insulating MOFs with low density,q5_insulating_frameworks,42,MMR,4,qmof-175a5d9,Fe6C42Cl6H12N18O12,0.755,3.544636,True,0.750832979,True,1.0,,1|1|1|1,0.78925,0.7930768579244614,0.0,0.78925,1714.5441669999996
wide band gap insulating MOFs with low density,q5_insulating_frameworks,42,MMR,5,qmof-19d3c65,Zn3C64H52N4O18,0.755,4.20432,True,0.972263976,True,1.0,,1|1|1|1,0.78925,0.7930768579244614,0.0,0.78925,1714.5441669999996
wide band gap insulating MOFs with low density,q5_insulating_frameworks,42,LEA,1,qmof-e3dcc4d,Zn6C48H60N24,0.755,5.279321,True,0.917677932,True,1.0,,1|1|1|1,0.78925,0.7930768579244614,0.0,0.879164244234562,93.34350000000313
wide band gap insulating MOFs with low density,q5_insulating_frameworks,42,LEA,2,qmof-b1cbe7a,Fe2C24H16N8,0.755,3.528396,True,0.685538233,True,1.0,,1|1|1|1,0.78925,0.7930768579244614,0.0,0.879164244234562,93.34350000000313
wide band gap insulating MOFs with low density,q5_insulating_frameworks,42,LEA,3,qmof-4f9c014,Cu2C40H40N4O8,0.755,3.939544,True,0.784105616,True,1.0,,1|1|1|1,0.78925,0.7930768579244614,0.0,0.879164244234562,93.34350000000313
wide band gap insulating MOFs with low density,q5_insulating_frameworks,42,LEA,4,qmof-017128d,Zn6C48H60N24,0.755,5.310987,True,0.913433658,True,1.0,,1|1|1|1,0.78925,0.7930768579244614,0.0,0.879164244234562,93.34350000000313
wide band gap insulating MOFs with low density,q5_insulating_frameworks,42,LEA,5,qmof-8deddd1,Zn6C42H18O18,0.755,3.550246,True,0.720023443,True,1.0,,1|1|1|1,0.78925,0.7930768579244614,0.0,0.879164244234562,93.34350000000313
wide band gap insulating MOFs with low density,q5_insulating_frameworks,42,LEA no diversity,1,qmof-e3dcc4d,Zn6C48H60N24,0.755,5.279321,True,0.917677932,True,1.0,,1|1|1|1,0.78925,0.7930768579244614,0.0,0.8685576424002648,92.67699999999479
wide band gap insulating MOFs with low density,q5_insulating_frameworks,42,LEA no diversity,2,qmof-b1cbe7a,Fe2C24H16N8,0.755,3.528396,True,0.685538233,True,1.0,,1|1|1|1,0.78925,0.7930768579244614,0.0,0.8685576424002648,92.67699999999479
wide band gap insulating MOFs with low density,q5_insulating_frameworks,42,LEA no diversity,3,qmof-4f9c014,Cu2C40H40N4O8,0.755,3.939544,True,0.784105616,True,1.0,,1|1|1|1,0.78925,0.7930768579244614,0.0,0.8685576424002648,92.67699999999479
wide band gap insulating MOFs with low density,q5_insulating_frameworks,42,LEA no diversity,4,qmof-017128d,Zn6C48H60N24,0.755,5.310987,True,0.913433658,True,1.0,,1|1|1|1,0.78925,0.7930768579244614,0.0,0.8685576424002648,92.67699999999479
wide band gap insulating MOFs with low density,q5_insulating_frameworks,42,LEA no diversity,5,qmof-8deddd1,Zn6C42H18O18,0.755,3.550246,True,0.720023443,True,1.0,,1|1|1|1,0.78925,0.7930768579244614,0.0,0.8685576424002648,92.67699999999479
wide band gap insulating MOFs with low density,q5_insulating_frameworks,42,LEA no self-cleaning,1,qmof-e3dcc4d,Zn6C48H60N24,0.755,5.279321,True,0.917677932,True,1.0,,1|1|1|1,0.78925,0.7930768579244614,0.0,0.879164244234562,90.96424999999897
wide band gap insulating MOFs with low density,q5_insulating_frameworks,42,LEA no self-cleaning,2,qmof-b1cbe7a,Fe2C24H16N8,0.755,3.528396,True,0.685538233,True,1.0,,1|1|1|1,0.78925,0.7930768579244614,0.0,0.879164244234562,90.96424999999897
wide band gap insulating MOFs with low density,q5_insulating_frameworks,42,LEA no self-cleaning,3,qmof-4f9c014,Cu2C40H40N4O8,0.755,3.939544,True,0.784105616,True,1.0,,1|1|1|1,0.78925,0.7930768579244614,0.0,0.879164244234562,90.96424999999897
wide band gap insulating MOFs with low density,q5_insulating_frameworks,42,LEA no self-cleaning,4,qmof-017128d,Zn6C48H60N24,0.755,5.310987,True,0.913433658,True,1.0,,1|1|1|1,0.78925,0.7930768579244614,0.0,0.879164244234562,90.96424999999897
wide band gap insulating MOFs with low density,q5_insulating_frameworks,42,LEA no self-cleaning,5,qmof-8deddd1,Zn6C42H18O18,0.755,3.550246,True,0.720023443,True,1.0,,1|1|1|1,0.78925,0.7930768579244614,0.0,0.879164244234562,90.96424999999897
wide band gap insulating MOFs with low density,q5_insulating_frameworks,42,GraphSAGE only,1,qmof-175a5d9,Fe6C42Cl6H12N18O12,0.755,3.544636,True,0.750832979,True,1.0,0.381188,1|1|1|1,0.78925,0.7930768579244614,0.0,0.78925,0.03999999999848569
wide band gap insulating MOFs with low density,q5_insulating_frameworks,42,GraphSAGE only,2,qmof-a2d95c3,Zn8C48H24O26,0.755,4.650938,True,0.57861881,True,1.0,0.370755,1|1|1|1,0.78925,0.7930768579244614,0.004665787797421217,0.78925,0.03999999999848569
wide band gap insulating MOFs with low density,q5_insulating_frameworks,42,GraphSAGE only,3,qmof-8deddd1,Zn6C42H18O18,0.755,3.550246,True,0.720023443,True,1.0,0.34957,1|1|1|1,0.78925,0.7930768579244614,0.00942666595801711,0.78925,0.03999999999848569
wide band gap insulating MOFs with low density,q5_insulating_frameworks,42,GraphSAGE only,4,qmof-b1cbe7a,Fe2C24H16N8,0.755,3.528396,True,0.685538233,True,1.0,0.316585,1|1|1|1,0.78925,0.7930768579244614,0.016024705410624545,0.78925,0.03999999999848569
wide band gap insulating MOFs with low density,q5_insulating_frameworks,42,GraphSAGE only,5,qmof-4050181,Li4C28H32N4O8,0.755,5.066465,True,0.936198777,True,1.0,0.306101,1|1|1|1,0.78925,0.7930768579244614,0.018277083290740848,0.78925,0.03999999999848569
wide band gap insulating MOFs with low density,q5_insulating_frameworks,42,GAT only,1,qmof-a2d95c3,Zn8C48H24O26,0.755,4.650938,True,0.57861881,True,1.0,0.637232,1|1|1|1,0.78925,0.7930768579244614,0.0,0.78925,0.036958000009690295
wide band gap insulating MOFs with low density,q5_insulating_frameworks,42,GAT only,2,qmof-175a5d9,Fe6C42Cl6H12N18O12,0.755,3.544636,True,0.750832979,True,1.0,0.612626,1|1|1|1,0.78925,0.7930768579244614,0.011004133149981499,0.78925,0.036958000009690295
wide band gap insulating MOFs with low density,q5_insulating_frameworks,42,GAT only,3,qmof-017128d,Zn6C48H60N24,0.755,5.310987,True,0.913433658,True,1.0,0.590736,1|1|1|1,0.78925,0.7930768579244614,0.01386243881036838,0.78925,0.036958000009690295
wide band gap insulating MOFs with low density,q5_insulating_frameworks,42,GAT only,4,qmof-e3dcc4d,Zn6C48H60N24,0.755,5.279321,True,0.917677932,True,1.0,0.590471,1|1|1|1,0.78925,0.7930768579244614,0.012087659649599422,0.78925,0.036958000009690295
wide band gap insulating MOFs with low density,q5_insulating_frameworks,42,GAT only,5,qmof-4050181,Li4C28H32N4O8,0.755,5.066465,True,0.936198777,True,1.0,0.586224,1|1|1|1,0.78925,0.7930768579244614,0.011106188171106623,0.78925,0.036958000009690295
wide band gap insulating MOFs with low density,q5_insulating_frameworks,42,LEA + GraphSAGE,1,qmof-175a5d9,Fe6C42Cl6H12N18O12,0.755,3.544636,True,0.750832979,True,1.0,0.381188,1|1|1|1,0.78925,0.7930768579244614,0.0,0.8027046889066696,95.57099999999252
wide band gap insulating MOFs with low density,q5_insulating_frameworks,42,LEA + GraphSAGE,2,qmof-a2d95c3,Zn8C48H24O26,0.755,4.650938,True,0.57861881,True,1.0,0.370755,1|1|1|1,0.78925,0.7930768579244614,0.004665787797421217,0.8008528977632523,95.57099999999252
wide band gap insulating MOFs with low density,q5_insulating_frameworks,42,LEA + GraphSAGE,3,qmof-8deddd1,Zn6C42H18O18,0.755,3.550246,True,0.720023443,True,1.0,0.34957,1|1|1|1,0.78925,0.7930768579244614,0.00942666595801711,0.7970820188522338,95.57099999999252
wide band gap insulating MOFs with low density,q5_insulating_frameworks,42,LEA + GraphSAGE,4,qmof-b1cbe7a,Fe2C24H16N8,0.755,3.528396,True,0.685538233,True,1.0,0.316585,1|1|1|1,0.78925,0.7930768579244614,0.016024705410624545,0.7911838114261627,95.57099999999252
wide band gap insulating MOFs with low density,q5_insulating_frameworks,42,LEA + GraphSAGE,5,qmof-4050181,Li4C28H32N4O8,0.755,5.066465,True,0.936198777,True,1.0,0.306101,1|1|1|1,0.78925,0.7930768579244614,0.018277083290740848,0.7893027365207672,95.57099999999252
wide band gap insulating MOFs with low density,q5_insulating_frameworks,42,LEA + GAT,1,qmof-a2d95c3,Zn8C48H24O26,0.755,4.650938,True,0.57861881,True,1.0,0.637232,1|1|1|1,0.78925,0.7930768579244614,0.0,0.8466384366154671,94.89095800000769
wide band gap insulating MOFs with low density,q5_insulating_frameworks,42,LEA + GAT,2,qmof-175a5d9,Fe6C42Cl6H12N18O12,0.755,3.544636,True,0.750832979,True,1.0,0.612626,1|1|1|1,0.78925,0.7930768579244614,0.011004133149981499,0.8425757512450218,94.89095800000769
wide band gap insulating MOFs with low density,q5_insulating_frameworks,42,LEA + GAT,3,qmof-017128d,Zn6C48H60N24,0.755,5.310987,True,0.913433658,True,1.0,0.590736,1|1|1|1,0.78925,0.7930768579244614,0.01386243881036838,0.8389274954795838,94.89095800000769
wide band gap insulating MOFs with low density,q5_insulating_frameworks,42,LEA + GAT,4,qmof-e3dcc4d,Zn6C48H60N24,0.755,5.279321,True,0.917677932,True,1.0,0.590471,1|1|1|1,0.78925,0.7930768579244614,0.012087659649599422,0.8388831362128257,94.89095800000769
wide band gap insulating MOFs with low density,q5_insulating_frameworks,42,LEA + GAT,5,qmof-4050181,Li4C28H32N4O8,0.755,5.066465,True,0.936198777,True,1.0,0.586224,1|1|1|1,0.78925,0.7930768579244614,0.011106188171106623,0.8381716832518578,94.89095800000769
wide band gap insulating MOFs with low density,q5_insulating_frameworks,43,SemanticOnly,1,qmof-f934fdc,K4C20H40N4O8S8,0.755,3.679825,True,1.682708431,True,0.7,,1|1|1|1,0.66925,0.9028290808200836,0.0,0.66925,0.05554099999471873
wide band gap insulating MOFs with low density,q5_insulating_frameworks,43,SemanticOnly,2,qmof-f771839,Co2C38H40N8O8,0.755,4.295336,True,1.401927433,True,0.7,,1|1|1|1,0.66925,0.9028290808200836,0.0,0.66925,0.05554099999471873
wide band gap insulating MOFs with low density,q5_insulating_frameworks,43,SemanticOnly,3,qmof-f61d5ce,In4C32H16O20,0.755,4.433449,True,1.287779073,True,0.7,,1|1|1|1,0.66925,0.9028290808200836,0.0,0.66925,0.05554099999471873
wide band gap insulating MOFs with low density,q5_insulating_frameworks,43,SemanticOnly,4,qmof-f4581c4,Mg4C8H24O24,0.755,6.790231,True,1.761847816,True,0.7,,1|1|1|1,0.66925,0.9028290808200836,0.0,0.66925,0.05554099999471873
wide band gap insulating MOFs with low density,q5_insulating_frameworks,43,SemanticOnly,5,qmof-f0ae035,Zn4C48H32N24,0.755,4.672795,True,1.656614397,True,0.7,,1|1|1|1,0.66925,0.9028290808200836,0.0,0.66925,0.05554099999471873
wide band gap insulating MOFs with low density,q5_insulating_frameworks,43,WeightedSum,1,qmof-e3dcc4d,Zn6C48H60N24,0.755,5.279321,True,0.917677932,True,1.0,,1|1|1|1,0.78925,0.7930768579244614,0.0,0.78925,0.05041699999708271
wide band gap insulating MOFs with low density,q5_insulating_frameworks,43,WeightedSum,2,qmof-c82daac,Al2Li2C40H46N6O4,0.755,4.047188,True,0.954866212,True,1.0,,1|1|1|1,0.78925,0.7930768579244614,0.0,0.78925,0.05041699999708271
wide band gap insulating MOFs with low density,q5_insulating_frameworks,43,WeightedSum,3,qmof-b1cbe7a,Fe2C24H16N8,0.755,3.528396,True,0.685538233,True,1.0,,1|1|1|1,0.78925,0.7930768579244614,0.0,0.78925,0.05041699999708271
wide band gap insulating MOFs with low density,q5_insulating_frameworks,43,WeightedSum,4,qmof-a2d95c3,Zn8C48H24O26,0.755,4.650938,True,0.57861881,True,1.0,,1|1|1|1,0.78925,0.7930768579244614,0.0,0.78925,0.05041699999708271
wide band gap insulating MOFs with low density,q5_insulating_frameworks,43,WeightedSum,5,qmof-8deddd1,Zn6C42H18O18,0.755,3.550246,True,0.720023443,True,1.0,,1|1|1|1,0.78925,0.7930768579244614,0.0,0.78925,0.05041699999708271
wide band gap insulating MOFs with low density,q5_insulating_frameworks,43,TOPSIS,1,qmof-e3dcc4d,Zn6C48H60N24,0.755,5.279321,True,0.917677932,True,1.0,,1|1|1|1,0.78925,0.7930768579244614,0.0,0.78925,1.2126250000079608
wide band gap insulating MOFs with low density,q5_insulating_frameworks,43,TOPSIS,2,qmof-c82daac,Al2Li2C40H46N6O4,0.755,4.047188,True,0.954866212,True,1.0,,1|1|1|1,0.78925,0.7930768579244614,0.0,0.78925,1.2126250000079608
wide band gap insulating MOFs with low density,q5_insulating_frameworks,43,TOPSIS,3,qmof-b1cbe7a,Fe2C24H16N8,0.755,3.528396,True,0.685538233,True,1.0,,1|1|1|1,0.78925,0.7930768579244614,0.0,0.78925,1.2126250000079608
wide band gap insulating MOFs with low density,q5_insulating_frameworks,43,TOPSIS,4,qmof-a2d95c3,Zn8C48H24O26,0.755,4.650938,True,0.57861881,True,1.0,,1|1|1|1,0.78925,0.7930768579244614,0.0,0.78925,1.2126250000079608
wide band gap insulating MOFs with low density,q5_insulating_frameworks,43,TOPSIS,5,qmof-8deddd1,Zn6C42H18O18,0.755,3.550246,True,0.720023443,True,1.0,,1|1|1|1,0.78925,0.7930768579244614,0.0,0.78925,1.2126250000079608
wide band gap insulating MOFs with low density,q5_insulating_frameworks,43,ParetoCrowding,1,qmof-e3dcc4d,Zn6C48H60N24,0.755,5.279321,True,0.917677932,True,1.0,,1|1|1|1,0.78925,0.7930768579244614,0.0,0.78925,186.35629199999926
wide band gap insulating MOFs with low density,q5_insulating_frameworks,43,ParetoCrowding,2,qmof-c82daac,Al2Li2C40H46N6O4,0.755,4.047188,True,0.954866212,True,1.0,,1|1|1|1,0.78925,0.7930768579244614,0.0,0.78925,186.35629199999926
wide band gap insulating MOFs with low density,q5_insulating_frameworks,43,ParetoCrowding,3,qmof-b1cbe7a,Fe2C24H16N8,0.755,3.528396,True,0.685538233,True,1.0,,1|1|1|1,0.78925,0.7930768579244614,0.0,0.78925,186.35629199999926
wide band gap insulating MOFs with low density,q5_insulating_frameworks,43,ParetoCrowding,4,qmof-a2d95c3,Zn8C48H24O26,0.755,4.650938,True,0.57861881,True,1.0,,1|1|1|1,0.78925,0.7930768579244614,0.0,0.78925,186.35629199999926
wide band gap insulating MOFs with low density,q5_insulating_frameworks,43,ParetoCrowding,5,qmof-8deddd1,Zn6C42H18O18,0.755,3.550246,True,0.720023443,True,1.0,,1|1|1|1,0.78925,0.7930768579244614,0.0,0.78925,186.35629199999926
wide band gap insulating MOFs with low density,q5_insulating_frameworks,43,Random,1,qmof-96226c0,Zn4C28H36N28,0.755,4.458005,True,1.646955141,True,0.7,,1|1|1|1,0.66925,0.9028290808200836,0.0,0.66925,0.04262500000606906
wide band gap insulating MOFs with low density,q5_insulating_frameworks,43,Random,2,qmof-c5e9015,Na4C24H24N4O12S4,0.755,4.242872,True,1.67758272,True,0.7,,1|1|1|1,0.66925,0.9028290808200836,0.0,0.66925,0.04262500000606906
wide band gap insulating MOFs with low density,q5_insulating_frameworks,43,Random,3,qmof-f771839,Co2C38H40N8O8,0.755,4.295336,True,1.401927433,True,0.7,,1|1|1|1,0.66925,0.9028290808200836,0.0,0.66925,0.04262500000606906
wide band gap insulating MOFs with low density,q5_insulating_frameworks,43,Random,4,qmof-f934fdc,K4C20H40N4O8S8,0.755,3.679825,True,1.682708431,True,0.7,,1|1|1|1,0.66925,0.9028290808200836,0.0,0.66925,0.04262500000606906
wide band gap insulating MOFs with low density,q5_insulating_frameworks,43,Random,5,qmof-19d3c65,Zn3C64H52N4O18,0.755,4.20432,True,0.972263976,True,1.0,,1|1|1|1,0.78925,0.7930768579244614,0.08485281467437744,0.78925,0.04262500000606906
wide band gap insulating MOFs with low density,q5_insulating_frameworks,43,MMR,1,qmof-19d3c65,Zn3C64H52N4O18,0.755,4.20432,True,0.972263976,True,1.0,,1|1|1|1,0.78925,0.7930768579244614,0.0,0.78925,1660.9657500000026
wide band gap insulating MOFs with low density,q5_insulating_frameworks,43,MMR,2,qmof-e3dcc4d,Zn6C48H60N24,0.755,5.279321,True,0.917677932,True,1.0,,1|1|1|1,0.78925,0.7930768579244614,0.0,0.78925,1660.9657500000026
wide band gap insulating MOFs with low density,q5_insulating_frameworks,43,MMR,3,qmof-4050181,Li4C28H32N4O8,0.755,5.066465,True,0.936198777,True,1.0,,1|1|1|1,0.78925,0.7930768579244614,0.0,0.78925,1660.9657500000026
wide band gap insulating MOFs with low density,q5_insulating_frameworks,43,MMR,4,qmof-017128d,Zn6C48H60N24,0.755,5.310987,True,0.913433658,True,1.0,,1|1|1|1,0.78925,0.7930768579244614,0.0,0.78925,1660.9657500000026
wide band gap insulating MOFs with low density,q5_insulating_frameworks,43,MMR,5,qmof-a2d95c3,Zn8C48H24O26,0.755,4.650938,True,0.57861881,True,1.0,,1|1|1|1,0.78925,0.7930768579244614,0.0,0.78925,1660.9657500000026
wide band gap insulating MOFs with low density,q5_insulating_frameworks,43,LEA,1,qmof-b1cbe7a,Fe2C24H16N8,0.755,3.528396,True,0.685538233,True,1.0,,1|1|1|1,0.78925,0.7930768579244614,0.0,0.879164244234562,90.85662499998648
wide band gap insulating MOFs with low density,q5_insulating_frameworks,43,LEA,2,qmof-3133aaf,Zn4C64H48N8O16,0.755,4.523716,True,0.969248466,True,1.0,,1|1|1|1,0.78925,0.7930768579244614,0.0,0.879164244234562,90.85662499998648
wide band gap insulating MOFs with low density,q5_insulating_frameworks,43,LEA,3,qmof-694fdb2,Na4C52H80N4O8,0.755,3.600195,True,0.918885408,True,1.0,,1|1|1|1,0.78925,0.7930768579244614,0.0,0.879164244234562,90.85662499998648
wide band gap insulating MOFs with low density,q5_insulating_frameworks,43,LEA,4,qmof-8deddd1,Zn6C42H18O18,0.755,3.550246,True,0.720023443,True,1.0,,1|1|1|1,0.78925,0.7930768579244614,0.0,0.879164244234562,90.85662499998648
wide band gap insulating MOFs with low density,q5_insulating_frameworks,43,LEA,5,qmof-175a5d9,Fe6C42Cl6H12N18O12,0.755,3.544636,True,0.750832979,True,1.0,,1|1|1|1,0.78925,0.7930768579244614,0.0,0.879164244234562,90.85662499998648
wide band gap insulating MOFs with low density,q5_insulating_frameworks,43,LEA no diversity,1,qmof-b1cbe7a,Fe2C24H16N8,0.755,3.528396,True,0.685538233,True,1.0,,1|1|1|1,0.78925,0.7930768579244614,0.0,0.8685576424002648,94.52133299998877
wide band gap insulating MOFs with low density,q5_insulating_frameworks,43,LEA no diversity,2,qmof-3133aaf,Zn4C64H48N8O16,0.755,4.523716,True,0.969248466,True,1.0,,1|1|1|1,0.78925,0.7930768579244614,0.0,0.8685576424002648,94.52133299998877
wide band gap insulating MOFs with low density,q5_insulating_frameworks,43,LEA no diversity,3,qmof-694fdb2,Na4C52H80N4O8,0.755,3.600195,True,0.918885408,True,1.0,,1|1|1|1,0.78925,0.7930768579244614,0.0,0.8685576424002648,94.52133299998877
wide band gap insulating MOFs with low density,q5_insulating_frameworks,43,LEA no diversity,4,qmof-8deddd1,Zn6C42H18O18,0.755,3.550246,True,0.720023443,True,1.0,,1|1|1|1,0.78925,0.7930768579244614,0.0,0.8685576424002648,94.52133299998877
wide band gap insulating MOFs with low density,q5_insulating_frameworks,43,LEA no diversity,5,qmof-175a5d9,Fe6C42Cl6H12N18O12,0.755,3.544636,True,0.750832979,True,1.0,,1|1|1|1,0.78925,0.7930768579244614,0.0,0.8685576424002648,94.52133299998877
wide band gap insulating MOFs with low density,q5_insulating_frameworks,43,LEA no self-cleaning,1,qmof-b1cbe7a,Fe2C24H16N8,0.755,3.528396,True,0.685538233,True,1.0,,1|1|1|1,0.78925,0.7930768579244614,0.0,0.879164244234562,93.72137500000122
wide band gap insulating MOFs with low density,q5_insulating_frameworks,43,LEA no self-cleaning,2,qmof-3133aaf,Zn4C64H48N8O16,0.755,4.523716,True,0.969248466,True,1.0,,1|1|1|1,0.78925,0.7930768579244614,0.0,0.879164244234562,93.72137500000122
wide band gap insulating MOFs with low density,q5_insulating_frameworks,43,LEA no self-cleaning,3,qmof-694fdb2,Na4C52H80N4O8,0.755,3.600195,True,0.918885408,True,1.0,,1|1|1|1,0.78925,0.7930768579244614,0.0,0.879164244234562,93.72137500000122
wide band gap insulating MOFs with low density,q5_insulating_frameworks,43,LEA no self-cleaning,4,qmof-8deddd1,Zn6C42H18O18,0.755,3.550246,True,0.720023443,True,1.0,,1|1|1|1,0.78925,0.7930768579244614,0.0,0.879164244234562,93.72137500000122
wide band gap insulating MOFs with low density,q5_insulating_frameworks,43,LEA no self-cleaning,5,qmof-175a5d9,Fe6C42Cl6H12N18O12,0.755,3.544636,True,0.750832979,True,1.0,,1|1|1|1,0.78925,0.7930768579244614,0.0,0.879164244234562,93.72137500000122
wide band gap insulating MOFs with low density,q5_insulating_frameworks,43,GraphSAGE only,1,qmof-175a5d9,Fe6C42Cl6H12N18O12,0.755,3.544636,True,0.750832979,True,1.0,0.381188,1|1|1|1,0.78925,0.7930768579244614,0.0,0.78925,0.03995799998790517
wide band gap insulating MOFs with low density,q5_insulating_frameworks,43,GraphSAGE only,2,qmof-a2d95c3,Zn8C48H24O26,0.755,4.650938,True,0.57861881,True,1.0,0.370755,1|1|1|1,0.78925,0.7930768579244614,0.004665787797421217,0.78925,0.03995799998790517
wide band gap insulating MOFs with low density,q5_insulating_frameworks,43,GraphSAGE only,3,qmof-8deddd1,Zn6C42H18O18,0.755,3.550246,True,0.720023443,True,1.0,0.34957,1|1|1|1,0.78925,0.7930768579244614,0.00942666595801711,0.78925,0.03995799998790517
wide band gap insulating MOFs with low density,q5_insulating_frameworks,43,GraphSAGE only,4,qmof-b1cbe7a,Fe2C24H16N8,0.755,3.528396,True,0.685538233,True,1.0,0.316585,1|1|1|1,0.78925,0.7930768579244614,0.016024705410624545,0.78925,0.03995799998790517
wide band gap insulating MOFs with low density,q5_insulating_frameworks,43,GraphSAGE only,5,qmof-4050181,Li4C28H32N4O8,0.755,5.066465,True,0.936198777,True,1.0,0.306101,1|1|1|1,0.78925,0.7930768579244614,0.018277083290740848,0.78925,0.03995799998790517
wide band gap insulating MOFs with low density,q5_insulating_frameworks,43,GAT only,1,qmof-a2d95c3,Zn8C48H24O26,0.755,4.650938,True,0.57861881,True,1.0,0.637232,1|1|1|1,0.78925,0.7930768579244614,0.0,0.78925,0.03687500000637556
wide band gap insulating MOFs with low density,q5_insulating_frameworks,43,GAT only,2,qmof-175a5d9,Fe6C42Cl6H12N18O12,0.755,3.544636,True,0.750832979,True,1.0,0.612626,1|1|1|1,0.78925,0.7930768579244614,0.011004133149981499,0.78925,0.03687500000637556
wide band gap insulating MOFs with low density,q5_insulating_frameworks,43,GAT only,3,qmof-017128d,Zn6C48H60N24,0.755,5.310987,True,0.913433658,True,1.0,0.590736,1|1|1|1,0.78925,0.7930768579244614,0.01386243881036838,0.78925,0.03687500000637556
wide band gap insulating MOFs with low density,q5_insulating_frameworks,43,GAT only,4,qmof-e3dcc4d,Zn6C48H60N24,0.755,5.279321,True,0.917677932,True,1.0,0.590471,1|1|1|1,0.78925,0.7930768579244614,0.012087659649599422,0.78925,0.03687500000637556
wide band gap insulating MOFs with low density,q5_insulating_frameworks,43,GAT only,5,qmof-4050181,Li4C28H32N4O8,0.755,5.066465,True,0.936198777,True,1.0,0.586224,1|1|1|1,0.78925,0.7930768579244614,0.011106188171106623,0.78925,0.03687500000637556
wide band gap insulating MOFs with low density,q5_insulating_frameworks,43,LEA + GraphSAGE,1,qmof-175a5d9,Fe6C42Cl6H12N18O12,0.755,3.544636,True,0.750832979,True,1.0,0.381188,1|1|1|1,0.78925,0.7930768579244614,0.0,0.8027046889066696,99.39833299999634
wide band gap insulating MOFs with low density,q5_insulating_frameworks,43,LEA + GraphSAGE,2,qmof-a2d95c3,Zn8C48H24O26,0.755,4.650938,True,0.57861881,True,1.0,0.370755,1|1|1|1,0.78925,0.7930768579244614,0.004665787797421217,0.8008528977632523,99.39833299999634
wide band gap insulating MOFs with low density,q5_insulating_frameworks,43,LEA + GraphSAGE,3,qmof-8deddd1,Zn6C42H18O18,0.755,3.550246,True,0.720023443,True,1.0,0.34957,1|1|1|1,0.78925,0.7930768579244614,0.00942666595801711,0.7970820188522338,99.39833299999634
wide band gap insulating MOFs with low density,q5_insulating_frameworks,43,LEA + GraphSAGE,4,qmof-b1cbe7a,Fe2C24H16N8,0.755,3.528396,True,0.685538233,True,1.0,0.316585,1|1|1|1,0.78925,0.7930768579244614,0.016024705410624545,0.7911838114261627,99.39833299999634
wide band gap insulating MOFs with low density,q5_insulating_frameworks,43,LEA + GraphSAGE,5,qmof-4050181,Li4C28H32N4O8,0.755,5.066465,True,0.936198777,True,1.0,0.306101,1|1|1|1,0.78925,0.7930768579244614,0.018277083290740848,0.7893027365207672,99.39833299999634
wide band gap insulating MOFs with low density,q5_insulating_frameworks,43,LEA + GAT,1,qmof-a2d95c3,Zn8C48H24O26,0.755,4.650938,True,0.57861881,True,1.0,0.637232,1|1|1|1,0.78925,0.7930768579244614,0.0,0.8466384366154671,103.03424999999322
wide band gap insulating MOFs with low density,q5_insulating_frameworks,43,LEA + GAT,2,qmof-175a5d9,Fe6C42Cl6H12N18O12,0.755,3.544636,True,0.750832979,True,1.0,0.612626,1|1|1|1,0.78925,0.7930768579244614,0.011004133149981499,0.8425757512450218,103.03424999999322
wide band gap insulating MOFs with low density,q5_insulating_frameworks,43,LEA + GAT,3,qmof-017128d,Zn6C48H60N24,0.755,5.310987,True,0.913433658,True,1.0,0.590736,1|1|1|1,0.78925,0.7930768579244614,0.01386243881036838,0.8389274954795838,103.03424999999322
wide band gap insulating MOFs with low density,q5_insulating_frameworks,43,LEA + GAT,4,qmof-e3dcc4d,Zn6C48H60N24,0.755,5.279321,True,0.917677932,True,1.0,0.590471,1|1|1|1,0.78925,0.7930768579244614,0.012087659649599422,0.8388831362128257,103.03424999999322
wide band gap insulating MOFs with low density,q5_insulating_frameworks,43,LEA + GAT,5,qmof-4050181,Li4C28H32N4O8,0.755,5.066465,True,0.936198777,True,1.0,0.586224,1|1|1|1,0.78925,0.7930768579244614,0.011106188171106623,0.8381716832518578,103.03424999999322
wide band gap insulating MOFs with low density,q5_insulating_frameworks,44,SemanticOnly,1,qmof-ff6a634,Li2C46H58N2O6,0.755,3.519878,True,1.235143727,True,0.7,,1|1|1|1,0.66925,0.9028290808200836,0.0,0.66925,0.06095800000593954
wide band gap insulating MOFs with low density,q5_insulating_frameworks,44,SemanticOnly,2,qmof-feb06f2,Cu2C20H16N8O12,0.755,3.655573,True,1.931833854,True,0.7,,1|1|1|1,0.66925,0.9028290808200836,0.0,0.66925,0.06095800000593954
wide band gap insulating MOFs with low density,q5_insulating_frameworks,44,SemanticOnly,3,qmof-fd5d0f6,Ca4C36H48O40,0.755,4.585452,True,1.773466367,True,0.7,,1|1|1|1,0.66925,0.9028290808200836,0.0,0.66925,0.06095800000593954
wide band gap insulating MOFs with low density,q5_insulating_frameworks,44,SemanticOnly,4,qmof-f58baa7,Cd2C28H24N20,0.755,4.168024,True,1.746495513,True,0.7,,1|1|1|1,0.66925,0.9028290808200836,0.0,0.66925,0.06095800000593954
wide band gap insulating MOFs with low density,q5_insulating_frameworks,44,SemanticOnly,5,qmof-f55c6c1,Mg4C20H24N8O24,0.755,5.230363,True,1.796465237,True,0.7,,1|1|1|1,0.66925,0.9028290808200836,0.0,0.66925,0.06095800000593954
wide band gap insulating MOFs with low density,q5_insulating_frameworks,44,WeightedSum,1,qmof-e3dcc4d,Zn6C48H60N24,0.755,5.279321,True,0.917677932,True,1.0,,1|1|1|1,0.78925,0.7930768579244614,0.0,0.78925,0.05366599999945265
wide band gap insulating MOFs with low density,q5_insulating_frameworks,44,WeightedSum,2,qmof-c82daac,Al2Li2C40H46N6O4,0.755,4.047188,True,0.954866212,True,1.0,,1|1|1|1,0.78925,0.7930768579244614,0.0,0.78925,0.05366599999945265
wide band gap insulating MOFs with low density,q5_insulating_frameworks,44,WeightedSum,3,qmof-b1cbe7a,Fe2C24H16N8,0.755,3.528396,True,0.685538233,True,1.0,,1|1|1|1,0.78925,0.7930768579244614,0.0,0.78925,0.05366599999945265
wide band gap insulating MOFs with low density,q5_insulating_frameworks,44,WeightedSum,4,qmof-a2d95c3,Zn8C48H24O26,0.755,4.650938,True,0.57861881,True,1.0,,1|1|1|1,0.78925,0.7930768579244614,0.0,0.78925,0.05366599999945265
wide band gap insulating MOFs with low density,q5_insulating_frameworks,44,WeightedSum,5,qmof-8deddd1,Zn6C42H18O18,0.755,3.550246,True,0.720023443,True,1.0,,1|1|1|1,0.78925,0.7930768579244614,0.0,0.78925,0.05366599999945265
wide band gap insulating MOFs with low density,q5_insulating_frameworks,44,TOPSIS,1,qmof-e3dcc4d,Zn6C48H60N24,0.755,5.279321,True,0.917677932,True,1.0,,1|1|1|1,0.78925,0.7930768579244614,0.0,0.78925,1.182165999992435
wide band gap insulating MOFs with low density,q5_insulating_frameworks,44,TOPSIS,2,qmof-c82daac,Al2Li2C40H46N6O4,0.755,4.047188,True,0.954866212,True,1.0,,1|1|1|1,0.78925,0.7930768579244614,0.0,0.78925,1.182165999992435
wide band gap insulating MOFs with low density,q5_insulating_frameworks,44,TOPSIS,3,qmof-b1cbe7a,Fe2C24H16N8,0.755,3.528396,True,0.685538233,True,1.0,,1|1|1|1,0.78925,0.7930768579244614,0.0,0.78925,1.182165999992435
wide band gap insulating MOFs with low density,q5_insulating_frameworks,44,TOPSIS,4,qmof-a2d95c3,Zn8C48H24O26,0.755,4.650938,True,0.57861881,True,1.0,,1|1|1|1,0.78925,0.7930768579244614,0.0,0.78925,1.182165999992435
wide band gap insulating MOFs with low density,q5_insulating_frameworks,44,TOPSIS,5,qmof-8deddd1,Zn6C42H18O18,0.755,3.550246,True,0.720023443,True,1.0,,1|1|1|1,0.78925,0.7930768579244614,0.0,0.78925,1.182165999992435
wide band gap insulating MOFs with low density,q5_insulating_frameworks,44,ParetoCrowding,1,qmof-e3dcc4d,Zn6C48H60N24,0.755,5.279321,True,0.917677932,True,1.0,,1|1|1|1,0.78925,0.7930768579244614,0.0,0.78925,190.03345800000204
wide band gap insulating MOFs with low density,q5_insulating_frameworks,44,ParetoCrowding,2,qmof-c82daac,Al2Li2C40H46N6O4,0.755,4.047188,True,0.954866212,True,1.0,,1|1|1|1,0.78925,0.7930768579244614,0.0,0.78925,190.03345800000204
wide band gap insulating MOFs with low density,q5_insulating_frameworks,44,ParetoCrowding,3,qmof-b1cbe7a,Fe2C24H16N8,0.755,3.528396,True,0.685538233,True,1.0,,1|1|1|1,0.78925,0.7930768579244614,0.0,0.78925,190.03345800000204
wide band gap insulating MOFs with low density,q5_insulating_frameworks,44,ParetoCrowding,4,qmof-a2d95c3,Zn8C48H24O26,0.755,4.650938,True,0.57861881,True,1.0,,1|1|1|1,0.78925,0.7930768579244614,0.0,0.78925,190.03345800000204
wide band gap insulating MOFs with low density,q5_insulating_frameworks,44,ParetoCrowding,5,qmof-8deddd1,Zn6C42H18O18,0.755,3.550246,True,0.720023443,True,1.0,,1|1|1|1,0.78925,0.7930768579244614,0.0,0.78925,190.03345800000204
wide band gap insulating MOFs with low density,q5_insulating_frameworks,44,Random,1,qmof-6d11fd4,Cu2C32H44N4O14,0.755,3.853935,True,1.590572828,True,0.7,,1|1|1|1,0.66925,0.9028290808200836,0.0,0.66925,0.05050000000039745
wide band gap insulating MOFs with low density,q5_insulating_frameworks,44,Random,2,qmof-e45b793,Ni2C32H36N8S4,0.755,3.794292,True,1.516657369,True,0.7,,1|1|1|1,0.66925,0.9028290808200836,0.0,0.66925,0.05050000000039745
wide band gap insulating MOFs with low density,q5_insulating_frameworks,44,Random,3,qmof-6b45ff6,Cu2C32H32N4O8,0.755,3.909329,True,1.731302286,True,0.7,,1|1|1|1,0.66925,0.9028290808200836,0.0,0.66925,0.05050000000039745
wide band gap insulating MOFs with low density,q5_insulating_frameworks,44,Random,4,qmof-1976a36,Zn3C32H32N2O12,0.755,3.897287,True,1.667097745,True,0.7,,1|1|1|1,0.66925,0.9028290808200836,0.0,0.66925,0.05050000000039745
wide band gap insulating MOFs with low density,q5_insulating_frameworks,44,Random,5,qmof-ff6a634,Li2C46H58N2O6,0.755,3.519878,True,1.235143727,True,0.7,,1|1|1|1,0.66925,0.9028290808200836,0.0,0.66925,0.05050000000039745
wide band gap insulating MOFs with low density,q5_insulating_frameworks,44,MMR,1,qmof-e3dcc4d,Zn6C48H60N24,0.755,5.279321,True,0.917677932,True,1.0,,1|1|1|1,0.78925,0.7930768579244614,0.0,0.78925,1717.107041999995
wide band gap insulating MOFs with low density,q5_insulating_frameworks,44,MMR,2,qmof-19d3c65,Zn3C64H52N4O18,0.755,4.20432,True,0.972263976,True,1.0,,1|1|1|1,0.78925,0.7930768579244614,0.0,0.78925,1717.107041999995
wide band gap insulating MOFs with low density,q5_insulating_frameworks,44,MMR,3,qmof-017128d,Zn6C48H60N24,0.755,5.310987,True,0.913433658,True,1.0,,1|1|1|1,0.78925,0.7930768579244614,0.0,0.78925,1717.107041999995
wide band gap insulating MOFs with low density,q5_insulating_frameworks,44,MMR,4,qmof-a2d95c3,Zn8C48H24O26,0.755,4.650938,True,0.57861881,True,1.0,,1|1|1|1,0.78925,0.7930768579244614,0.0,0.78925,1717.107041999995
wide band gap insulating MOFs with low density,q5_insulating_frameworks,44,MMR,5,qmof-4050181,Li4C28H32N4O8,0.755,5.066465,True,0.936198777,True,1.0,,1|1|1|1,0.78925,0.7930768579244614,0.0,0.78925,1717.107041999995
wide band gap insulating MOFs with low density,q5_insulating_frameworks,44,LEA,1,qmof-8deddd1,Zn6C42H18O18,0.755,3.550246,True,0.720023443,True,1.0,,1|1|1|1,0.78925,0.7930768579244614,0.0,0.879164244234562,94.21758300000249
wide band gap insulating MOFs with low density,q5_insulating_frameworks,44,LEA,2,qmof-694fdb2,Na4C52H80N4O8,0.755,3.600195,True,0.918885408,True,1.0,,1|1|1|1,0.78925,0.7930768579244614,0.0,0.879164244234562,94.21758300000249
wide band gap insulating MOFs with low density,q5_insulating_frameworks,44,LEA,3,qmof-b1cbe7a,Fe2C24H16N8,0.755,3.528396,True,0.685538233,True,1.0,,1|1|1|1,0.78925,0.7930768579244614,0.0,0.879164244234562,94.21758300000249
wide band gap insulating MOFs with low density,q5_insulating_frameworks,44,LEA,4,qmof-4f9c014,Cu2C40H40N4O8,0.755,3.939544,True,0.784105616,True,1.0,,1|1|1|1,0.78925,0.7930768579244614,0.0,0.879164244234562,94.21758300000249
wide band gap insulating MOFs with low density,q5_insulating_frameworks,44,LEA,5,qmof-3133aaf,Zn4C64H48N8O16,0.755,4.523716,True,0.969248466,True,1.0,,1|1|1|1,0.78925,0.7930768579244614,0.0,0.879164244234562,94.21758300000249
wide band gap insulating MOFs with low density,q5_insulating_frameworks,44,LEA no diversity,1,qmof-8deddd1,Zn6C42H18O18,0.755,3.550246,True,0.720023443,True,1.0,,1|1|1|1,0.78925,0.7930768579244614,0.0,0.8685576424002648,93.7254999999908
wide band gap insulating MOFs with low density,q5_insulating_frameworks,44,LEA no diversity,2,qmof-694fdb2,Na4C52H80N4O8,0.755,3.600195,True,0.918885408,True,1.0,,1|1|1|1,0.78925,0.7930768579244614,0.0,0.8685576424002648,93.7254999999908
wide band gap insulating MOFs with low density,q5_insulating_frameworks,44,LEA no diversity,3,qmof-b1cbe7a,Fe2C24H16N8,0.755,3.528396,True,0.685538233,True,1.0,,1|1|1|1,0.78925,0.7930768579244614,0.0,0.8685576424002648,93.7254999999908
wide band gap insulating MOFs with low density,q5_insulating_frameworks,44,LEA no diversity,4,qmof-4f9c014,Cu2C40H40N4O8,0.755,3.939544,True,0.784105616,True,1.0,,1|1|1|1,0.78925,0.7930768579244614,0.0,0.8685576424002648,93.7254999999908
wide band gap insulating MOFs with low density,q5_insulating_frameworks,44,LEA no diversity,5,qmof-3133aaf,Zn4C64H48N8O16,0.755,4.523716,True,0.969248466,True,1.0,,1|1|1|1,0.78925,0.7930768579244614,0.0,0.8685576424002648,93.7254999999908
wide band gap insulating MOFs with low density,q5_insulating_frameworks,44,LEA no self-cleaning,1,qmof-8deddd1,Zn6C42H18O18,0.755,3.550246,True,0.720023443,True,1.0,,1|1|1|1,0.78925,0.7930768579244614,0.0,0.879164244234562,93.25741600000015
wide band gap insulating MOFs with low density,q5_insulating_frameworks,44,LEA no self-cleaning,2,qmof-694fdb2,Na4C52H80N4O8,0.755,3.600195,True,0.918885408,True,1.0,,1|1|1|1,0.78925,0.7930768579244614,0.0,0.879164244234562,93.25741600000015
wide band gap insulating MOFs with low density,q5_insulating_frameworks,44,LEA no self-cleaning,3,qmof-b1cbe7a,Fe2C24H16N8,0.755,3.528396,True,0.685538233,True,1.0,,1|1|1|1,0.78925,0.7930768579244614,0.0,0.879164244234562,93.25741600000015
wide band gap insulating MOFs with low density,q5_insulating_frameworks,44,LEA no self-cleaning,4,qmof-4f9c014,Cu2C40H40N4O8,0.755,3.939544,True,0.784105616,True,1.0,,1|1|1|1,0.78925,0.7930768579244614,0.0,0.879164244234562,93.25741600000015
wide band gap insulating MOFs with low density,q5_insulating_frameworks,44,LEA no self-cleaning,5,qmof-3133aaf,Zn4C64H48N8O16,0.755,4.523716,True,0.969248466,True,1.0,,1|1|1|1,0.78925,0.7930768579244614,0.0,0.879164244234562,93.25741600000015
wide band gap insulating MOFs with low density,q5_insulating_frameworks,44,GraphSAGE only,1,qmof-175a5d9,Fe6C42Cl6H12N18O12,0.755,3.544636,True,0.750832979,True,1.0,0.381188,1|1|1|1,0.78925,0.7930768579244614,0.0,0.78925,0.04020900000512029
wide band gap insulating MOFs with low density,q5_insulating_frameworks,44,GraphSAGE only,2,qmof-a2d95c3,Zn8C48H24O26,0.755,4.650938,True,0.57861881,True,1.0,0.370755,1|1|1|1,0.78925,0.7930768579244614,0.004665787797421217,0.78925,0.04020900000512029
wide band gap insulating MOFs with low density,q5_insulating_frameworks,44,GraphSAGE only,3,qmof-8deddd1,Zn6C42H18O18,0.755,3.550246,True,0.720023443,True,1.0,0.34957,1|1|1|1,0.78925,0.7930768579244614,0.00942666595801711,0.78925,0.04020900000512029
wide band gap insulating MOFs with low density,q5_insulating_frameworks,44,GraphSAGE only,4,qmof-b1cbe7a,Fe2C24H16N8,0.755,3.528396,True,0.685538233,True,1.0,0.316585,1|1|1|1,0.78925,0.7930768579244614,0.016024705410624545,0.78925,0.04020900000512029
wide band gap insulating MOFs with low density,q5_insulating_frameworks,44,GraphSAGE only,5,qmof-4050181,Li4C28H32N4O8,0.755,5.066465,True,0.936198777,True,1.0,0.306101,1|1|1|1,0.78925,0.7930768579244614,0.018277083290740848,0.78925,0.04020900000512029
wide band gap insulating MOFs with low density,q5_insulating_frameworks,44,GAT only,1,qmof-a2d95c3,Zn8C48H24O26,0.755,4.650938,True,0.57861881,True,1.0,0.637232,1|1|1|1,0.78925,0.7930768579244614,0.0,0.78925,0.040208000001484834
wide band gap insulating MOFs with low density,q5_insulating_frameworks,44,GAT only,2,qmof-175a5d9,Fe6C42Cl6H12N18O12,0.755,3.544636,True,0.750832979,True,1.0,0.612626,1|1|1|1,0.78925,0.7930768579244614,0.011004133149981499,0.78925,0.040208000001484834
wide band gap insulating MOFs with low density,q5_insulating_frameworks,44,GAT only,3,qmof-017128d,Zn6C48H60N24,0.755,5.310987,True,0.913433658,True,1.0,0.590736,1|1|1|1,0.78925,0.7930768579244614,0.01386243881036838,0.78925,0.040208000001484834
wide band gap insulating MOFs with low density,q5_insulating_frameworks,44,GAT only,4,qmof-e3dcc4d,Zn6C48H60N24,0.755,5.279321,True,0.917677932,True,1.0,0.590471,1|1|1|1,0.78925,0.7930768579244614,0.012087659649599422,0.78925,0.040208000001484834
wide band gap insulating MOFs with low density,q5_insulating_frameworks,44,GAT only,5,qmof-4050181,Li4C28H32N4O8,0.755,5.066465,True,0.936198777,True,1.0,0.586224,1|1|1|1,0.78925,0.7930768579244614,0.011106188171106623,0.78925,0.040208000001484834
wide band gap insulating MOFs with low density,q5_insulating_frameworks,44,LEA + GraphSAGE,1,qmof-175a5d9,Fe6C42Cl6H12N18O12,0.755,3.544636,True,0.750832979,True,1.0,0.381188,1|1|1|1,0.78925,0.7930768579244614,0.0,0.8027046889066696,96.56354100000897
wide band gap insulating MOFs with low density,q5_insulating_frameworks,44,LEA + GraphSAGE,2,qmof-a2d95c3,Zn8C48H24O26,0.755,4.650938,True,0.57861881,True,1.0,0.370755,1|1|1|1,0.78925,0.7930768579244614,0.004665787797421217,0.8008528977632523,96.56354100000897
wide band gap insulating MOFs with low density,q5_insulating_frameworks,44,LEA + GraphSAGE,3,qmof-8deddd1,Zn6C42H18O18,0.755,3.550246,True,0.720023443,True,1.0,0.34957,1|1|1|1,0.78925,0.7930768579244614,0.00942666595801711,0.7970820188522338,96.56354100000897
wide band gap insulating MOFs with low density,q5_insulating_frameworks,44,LEA + GraphSAGE,4,qmof-b1cbe7a,Fe2C24H16N8,0.755,3.528396,True,0.685538233,True,1.0,0.316585,1|1|1|1,0.78925,0.7930768579244614,0.016024705410624545,0.7911838114261627,96.56354100000897
wide band gap insulating MOFs with low density,q5_insulating_frameworks,44,LEA + GraphSAGE,5,qmof-4050181,Li4C28H32N4O8,0.755,5.066465,True,0.936198777,True,1.0,0.306101,1|1|1|1,0.78925,0.7930768579244614,0.018277083290740848,0.7893027365207672,96.56354100000897
wide band gap insulating MOFs with low density,q5_insulating_frameworks,44,LEA + GAT,1,qmof-a2d95c3,Zn8C48H24O26,0.755,4.650938,True,0.57861881,True,1.0,0.637232,1|1|1|1,0.78925,0.7930768579244614,0.0,0.8466384366154671,107.34324999999956
wide band gap insulating MOFs with low density,q5_insulating_frameworks,44,LEA + GAT,2,qmof-175a5d9,Fe6C42Cl6H12N18O12,0.755,3.544636,True,0.750832979,True,1.0,0.612626,1|1|1|1,0.78925,0.7930768579244614,0.011004133149981499,0.8425757512450218,107.34324999999956
wide band gap insulating MOFs with low density,q5_insulating_frameworks,44,LEA + GAT,3,qmof-017128d,Zn6C48H60N24,0.755,5.310987,True,0.913433658,True,1.0,0.590736,1|1|1|1,0.78925,0.7930768579244614,0.01386243881036838,0.8389274954795838,107.34324999999956
wide band gap insulating MOFs with low density,q5_insulating_frameworks,44,LEA + GAT,4,qmof-e3dcc4d,Zn6C48H60N24,0.755,5.279321,True,0.917677932,True,1.0,0.590471,1|1|1|1,0.78925,0.7930768579244614,0.012087659649599422,0.8388831362128257,107.34324999999956
wide band gap insulating MOFs with low density,q5_insulating_frameworks,44,LEA + GAT,5,qmof-4050181,Li4C28H32N4O8,0.755,5.066465,True,0.936198777,True,1.0,0.586224,1|1|1|1,0.78925,0.7930768579244614,0.011106188171106623,0.8381716832518578,107.34324999999956
wide band gap insulating MOFs with low density,q5_insulating_frameworks,45,SemanticOnly,1,qmof-ff08ff7,K4C16H8O8,0.755,4.572055,True,1.816785287,True,0.7,,1|1|1|1,0.66925,0.9028290808200836,0.0,0.66925,0.0474579999973912
wide band gap insulating MOFs with low density,q5_insulating_frameworks,45,SemanticOnly,2,qmof-fdb520d,Cd3C52H54N18O20S2,0.755,4.582349,True,1.719013153,True,0.7,,1|1|1|1,0.66925,0.9028290808200836,0.0,0.66925,0.0474579999973912
wide band gap insulating MOFs with low density,q5_insulating_frameworks,45,SemanticOnly,3,qmof-faec724,Cd4C40H40N32O28,0.755,3.695211,True,1.839845535,True,0.7,,1|1|1|1,0.66925,0.9028290808200836,0.0,0.66925,0.0474579999973912
wide band gap insulating MOFs with low density,q5_insulating_frameworks,45,SemanticOnly,4,qmof-f96785a,Zn2C36H36N8O10,0.755,4.741722,True,1.578911361,True,0.7,,1|1|1|1,0.66925,0.9028290808200836,0.0,0.66925,0.0474579999973912
wide band gap insulating MOFs with low density,q5_insulating_frameworks,45,SemanticOnly,5,qmof-f771839,Co2C38H40N8O8,0.755,4.295336,True,1.401927433,True,0.7,,1|1|1|1,0.66925,0.9028290808200836,0.0,0.66925,0.0474579999973912
wide band gap insulating MOFs with low density,q5_insulating_frameworks,45,WeightedSum,1,qmof-e3dcc4d,Zn6C48H60N24,0.755,5.279321,True,0.917677932,True,1.0,,1|1|1|1,0.78925,0.7930768579244614,0.0,0.78925,0.045374999999125976
wide band gap insulating MOFs with low density,q5_insulating_frameworks,45,WeightedSum,2,qmof-c82daac,Al2Li2C40H46N6O4,0.755,4.047188,True,0.954866212,True,1.0,,1|1|1|1,0.78925,0.7930768579244614,0.0,0.78925,0.045374999999125976
wide band gap insulating MOFs with low density,q5_insulating_frameworks,45,WeightedSum,3,qmof-b1cbe7a,Fe2C24H16N8,0.755,3.528396,True,0.685538233,True,1.0,,1|1|1|1,0.78925,0.7930768579244614,0.0,0.78925,0.045374999999125976
wide band gap insulating MOFs with low density,q5_insulating_frameworks,45,WeightedSum,4,qmof-a2d95c3,Zn8C48H24O26,0.755,4.650938,True,0.57861881,True,1.0,,1|1|1|1,0.78925,0.7930768579244614,0.0,0.78925,0.045374999999125976
wide band gap insulating MOFs with low density,q5_insulating_frameworks,45,WeightedSum,5,qmof-8deddd1,Zn6C42H18O18,0.755,3.550246,True,0.720023443,True,1.0,,1|1|1|1,0.78925,0.7930768579244614,0.0,0.78925,0.045374999999125976
wide band gap insulating MOFs with low density,q5_insulating_frameworks,45,TOPSIS,1,qmof-e3dcc4d,Zn6C48H60N24,0.755,5.279321,True,0.917677932,True,1.0,,1|1|1|1,0.78925,0.7930768579244614,0.0,0.78925,1.1981249999877264
wide band gap insulating MOFs with low density,q5_insulating_frameworks,45,TOPSIS,2,qmof-c82daac,Al2Li2C40H46N6O4,0.755,4.047188,True,0.954866212,True,1.0,,1|1|1|1,0.78925,0.7930768579244614,0.0,0.78925,1.1981249999877264
wide band gap insulating MOFs with low density,q5_insulating_frameworks,45,TOPSIS,3,qmof-b1cbe7a,Fe2C24H16N8,0.755,3.528396,True,0.685538233,True,1.0,,1|1|1|1,0.78925,0.7930768579244614,0.0,0.78925,1.1981249999877264
wide band gap insulating MOFs with low density,q5_insulating_frameworks,45,TOPSIS,4,qmof-a2d95c3,Zn8C48H24O26,0.755,4.650938,True,0.57861881,True,1.0,,1|1|1|1,0.78925,0.7930768579244614,0.0,0.78925,1.1981249999877264
wide band gap insulating MOFs with low density,q5_insulating_frameworks,45,TOPSIS,5,qmof-8deddd1,Zn6C42H18O18,0.755,3.550246,True,0.720023443,True,1.0,,1|1|1|1,0.78925,0.7930768579244614,0.0,0.78925,1.1981249999877264
wide band gap insulating MOFs with low density,q5_insulating_frameworks,45,ParetoCrowding,1,qmof-e3dcc4d,Zn6C48H60N24,0.755,5.279321,True,0.917677932,True,1.0,,1|1|1|1,0.78925,0.7930768579244614,0.0,0.78925,189.5105410000042
wide band gap insulating MOFs with low density,q5_insulating_frameworks,45,ParetoCrowding,2,qmof-c82daac,Al2Li2C40H46N6O4,0.755,4.047188,True,0.954866212,True,1.0,,1|1|1|1,0.78925,0.7930768579244614,0.0,0.78925,189.5105410000042
wide band gap insulating MOFs with low density,q5_insulating_frameworks,45,ParetoCrowding,3,qmof-b1cbe7a,Fe2C24H16N8,0.755,3.528396,True,0.685538233,True,1.0,,1|1|1|1,0.78925,0.7930768579244614,0.0,0.78925,189.5105410000042
wide band gap insulating MOFs with low density,q5_insulating_frameworks,45,ParetoCrowding,4,qmof-a2d95c3,Zn8C48H24O26,0.755,4.650938,True,0.57861881,True,1.0,,1|1|1|1,0.78925,0.7930768579244614,0.0,0.78925,189.5105410000042
wide band gap insulating MOFs with low density,q5_insulating_frameworks,45,ParetoCrowding,5,qmof-8deddd1,Zn6C42H18O18,0.755,3.550246,True,0.720023443,True,1.0,,1|1|1|1,0.78925,0.7930768579244614,0.0,0.78925,189.5105410000042
wide band gap insulating MOFs with low density,q5_insulating_frameworks,45,Random,1,qmof-e7f8efa,Cd4C56H48N8O16,0.755,3.68209,True,1.741521295,True,0.7,,1|1|1|1,0.66925,0.9028290808200836,0.0,0.66925,0.04687499999533884
wide band gap insulating MOFs with low density,q5_insulating_frameworks,45,Random,2,qmof-78fa3cf,Ag4C48H12N24,0.755,3.669743,True,1.763516253,True,0.7,,1|1|1|1,0.66925,0.9028290808200836,0.0,0.66925,0.04687499999533884
wide band gap insulating MOFs with low density,q5_insulating_frameworks,45,Random,3,qmof-4050181,Li4C28H32N4O8,0.755,5.066465,True,0.936198777,True,1.0,,1|1|1|1,0.78925,0.7930768579244614,0.14142135779062906,0.78925,0.04687499999533884
wide band gap insulating MOFs with low density,q5_insulating_frameworks,45,Random,4,qmof-cbb7574,Tb2C42H30O18,0.755,3.80596,True,1.874742967,True,0.7,,1|1|1|1,0.66925,0.9028290808200836,0.1060660183429718,0.66925,0.04687499999533884
wide band gap insulating MOFs with low density,q5_insulating_frameworks,45,Random,5,qmof-e6ca203,Zn4C56H52N8O20,0.755,3.554075,True,1.600464662,True,0.7,,1|1|1|1,0.66925,0.9028290808200836,0.08485281467437744,0.66925,0.04687499999533884
wide band gap insulating MOFs with low density,q5_insulating_frameworks,45,MMR,1,qmof-b1cbe7a,Fe2C24H16N8,0.755,3.528396,True,0.685538233,True,1.0,,1|1|1|1,0.78925,0.7930768579244614,0.0,0.78925,1725.2170409999935
wide band gap insulating MOFs with low density,q5_insulating_frameworks,45,MMR,2,qmof-3133aaf,Zn4C64H48N8O16,0.755,4.523716,True,0.969248466,True,1.0,,1|1|1|1,0.78925,0.7930768579244614,0.0,0.78925,1725.2170409999935
wide band gap insulating MOFs with low density,q5_insulating_frameworks,45,MMR,3,qmof-4f9c014,Cu2C40H40N4O8,0.755,3.939544,True,0.784105616,True,1.0,,1|1|1|1,0.78925,0.7930768579244614,0.0,0.78925,1725.2170409999935
wide band gap insulating MOFs with low density,q5_insulating_frameworks,45,MMR,4,qmof-a2d95c3,Zn8C48H24O26,0.755,4.650938,True,0.57861881,True,1.0,,1|1|1|1,0.78925,0.7930768579244614,0.0,0.78925,1725.2170409999935
wide band gap insulating MOFs with low density,q5_insulating_frameworks,45,MMR,5,qmof-694fdb2,Na4C52H80N4O8,0.755,3.600195,True,0.918885408,True,1.0,,1|1|1|1,0.78925,0.7930768579244614,0.0,0.78925,1725.2170409999935
wide band gap insulating MOFs with low density,q5_insulating_frameworks,45,LEA,1,qmof-19d3c65,Zn3C64H52N4O18,0.755,4.20432,True,0.972263976,True,1.0,,1|1|1|1,0.78925,0.7930768579244614,0.0,0.879164244234562,96.6882499999997
wide band gap insulating MOFs with low density,q5_insulating_frameworks,45,LEA,2,qmof-175a5d9,Fe6C42Cl6H12N18O12,0.755,3.544636,True,0.750832979,True,1.0,,1|1|1|1,0.78925,0.7930768579244614,0.0,0.879164244234562,96.6882499999997
wide band gap insulating MOFs with low density,q5_insulating_frameworks,45,LEA,3,qmof-e3dcc4d,Zn6C48H60N24,0.755,5.279321,True,0.917677932,True,1.0,,1|1|1|1,0.78925,0.7930768579244614,0.0,0.879164244234562,96.6882499999997
wide band gap insulating MOFs with low density,q5_insulating_frameworks,45,LEA,4,qmof-017128d,Zn6C48H60N24,0.755,5.310987,True,0.913433658,True,1.0,,1|1|1|1,0.78925,0.7930768579244614,0.0,0.879164244234562,96.6882499999997
wide band gap insulating MOFs with low density,q5_insulating_frameworks,45,LEA,5,qmof-c82daac,Al2Li2C40H46N6O4,0.755,4.047188,True,0.954866212,True,1.0,,1|1|1|1,0.78925,0.7930768579244614,0.0,0.879164244234562,96.6882499999997
wide band gap insulating MOFs with low density,q5_insulating_frameworks,45,LEA no diversity,1,qmof-19d3c65,Zn3C64H52N4O18,0.755,4.20432,True,0.972263976,True,1.0,,1|1|1|1,0.78925,0.7930768579244614,0.0,0.8685576424002648,93.18933299999799
wide band gap insulating MOFs with low density,q5_insulating_frameworks,45,LEA no diversity,2,qmof-175a5d9,Fe6C42Cl6H12N18O12,0.755,3.544636,True,0.750832979,True,1.0,,1|1|1|1,0.78925,0.7930768579244614,0.0,0.8685576424002648,93.18933299999799
wide band gap insulating MOFs with low density,q5_insulating_frameworks,45,LEA no diversity,3,qmof-e3dcc4d,Zn6C48H60N24,0.755,5.279321,True,0.917677932,True,1.0,,1|1|1|1,0.78925,0.7930768579244614,0.0,0.8685576424002648,93.18933299999799
wide band gap insulating MOFs with low density,q5_insulating_frameworks,45,LEA no diversity,4,qmof-017128d,Zn6C48H60N24,0.755,5.310987,True,0.913433658,True,1.0,,1|1|1|1,0.78925,0.7930768579244614,0.0,0.8685576424002648,93.18933299999799
wide band gap insulating MOFs with low density,q5_insulating_frameworks,45,LEA no diversity,5,qmof-c82daac,Al2Li2C40H46N6O4,0.755,4.047188,True,0.954866212,True,1.0,,1|1|1|1,0.78925,0.7930768579244614,0.0,0.8685576424002648,93.18933299999799
wide band gap insulating MOFs with low density,q5_insulating_frameworks,45,LEA no self-cleaning,1,qmof-19d3c65,Zn3C64H52N4O18,0.755,4.20432,True,0.972263976,True,1.0,,1|1|1|1,0.78925,0.7930768579244614,0.0,0.879164244234562,91.57249999999806
wide band gap insulating MOFs with low density,q5_insulating_frameworks,45,LEA no self-cleaning,2,qmof-175a5d9,Fe6C42Cl6H12N18O12,0.755,3.544636,True,0.750832979,True,1.0,,1|1|1|1,0.78925,0.7930768579244614,0.0,0.879164244234562,91.57249999999806
wide band gap insulating MOFs with low density,q5_insulating_frameworks,45,LEA no self-cleaning,3,qmof-e3dcc4d,Zn6C48H60N24,0.755,5.279321,True,0.917677932,True,1.0,,1|1|1|1,0.78925,0.7930768579244614,0.0,0.879164244234562,91.57249999999806
wide band gap insulating MOFs with low density,q5_insulating_frameworks,45,LEA no self-cleaning,4,qmof-017128d,Zn6C48H60N24,0.755,5.310987,True,0.913433658,True,1.0,,1|1|1|1,0.78925,0.7930768579244614,0.0,0.879164244234562,91.57249999999806
wide band gap insulating MOFs with low density,q5_insulating_frameworks,45,LEA no self-cleaning,5,qmof-c82daac,Al2Li2C40H46N6O4,0.755,4.047188,True,0.954866212,True,1.0,,1|1|1|1,0.78925,0.7930768579244614,0.0,0.879164244234562,91.57249999999806
wide band gap insulating MOFs with low density,q5_insulating_frameworks,45,GraphSAGE only,1,qmof-175a5d9,Fe6C42Cl6H12N18O12,0.755,3.544636,True,0.750832979,True,1.0,0.381188,1|1|1|1,0.78925,0.7930768579244614,0.0,0.78925,0.04400000000259752
wide band gap insulating MOFs with low density,q5_insulating_frameworks,45,GraphSAGE only,2,qmof-a2d95c3,Zn8C48H24O26,0.755,4.650938,True,0.57861881,True,1.0,0.370755,1|1|1|1,0.78925,0.7930768579244614,0.004665787797421217,0.78925,0.04400000000259752
wide band gap insulating MOFs with low density,q5_insulating_frameworks,45,GraphSAGE only,3,qmof-8deddd1,Zn6C42H18O18,0.755,3.550246,True,0.720023443,True,1.0,0.34957,1|1|1|1,0.78925,0.7930768579244614,0.00942666595801711,0.78925,0.04400000000259752
wide band gap insulating MOFs with low density,q5_insulating_frameworks,45,GraphSAGE only,4,qmof-b1cbe7a,Fe2C24H16N8,0.755,3.528396,True,0.685538233,True,1.0,0.316585,1|1|1|1,0.78925,0.7930768579244614,0.016024705410624545,0.78925,0.04400000000259752
wide band gap insulating MOFs with low density,q5_insulating_frameworks,45,GraphSAGE only,5,qmof-4050181,Li4C28H32N4O8,0.755,5.066465,True,0.936198777,True,1.0,0.306101,1|1|1|1,0.78925,0.7930768579244614,0.018277083290740848,0.78925,0.04400000000259752
wide band gap insulating MOFs with low density,q5_insulating_frameworks,45,GAT only,1,qmof-a2d95c3,Zn8C48H24O26,0.755,4.650938,True,0.57861881,True,1.0,0.637232,1|1|1|1,0.78925,0.7930768579244614,0.0,0.78925,0.03999999999848569
wide band gap insulating MOFs with low density,q5_insulating_frameworks,45,GAT only,2,qmof-175a5d9,Fe6C42Cl6H12N18O12,0.755,3.544636,True,0.750832979,True,1.0,0.612626,1|1|1|1,0.78925,0.7930768579244614,0.011004133149981499,0.78925,0.03999999999848569
wide band gap insulating MOFs with low density,q5_insulating_frameworks,45,GAT only,3,qmof-017128d,Zn6C48H60N24,0.755,5.310987,True,0.913433658,True,1.0,0.590736,1|1|1|1,0.78925,0.7930768579244614,0.01386243881036838,0.78925,0.03999999999848569
wide band gap insulating MOFs with low density,q5_insulating_frameworks,45,GAT only,4,qmof-e3dcc4d,Zn6C48H60N24,0.755,5.279321,True,0.917677932,True,1.0,0.590471,1|1|1|1,0.78925,0.7930768579244614,0.012087659649599422,0.78925,0.03999999999848569
wide band gap insulating MOFs with low density,q5_insulating_frameworks,45,GAT only,5,qmof-4050181,Li4C28H32N4O8,0.755,5.066465,True,0.936198777,True,1.0,0.586224,1|1|1|1,0.78925,0.7930768579244614,0.011106188171106623,0.78925,0.03999999999848569
wide band gap insulating MOFs with low density,q5_insulating_frameworks,45,LEA + GraphSAGE,1,qmof-175a5d9,Fe6C42Cl6H12N18O12,0.755,3.544636,True,0.750832979,True,1.0,0.381188,1|1|1|1,0.78925,0.7930768579244614,0.0,0.8027046889066696,96.36666699999807
wide band gap insulating MOFs with low density,q5_insulating_frameworks,45,LEA + GraphSAGE,2,qmof-a2d95c3,Zn8C48H24O26,0.755,4.650938,True,0.57861881,True,1.0,0.370755,1|1|1|1,0.78925,0.7930768579244614,0.004665787797421217,0.8008528977632523,96.36666699999807
wide band gap insulating MOFs with low density,q5_insulating_frameworks,45,LEA + GraphSAGE,3,qmof-8deddd1,Zn6C42H18O18,0.755,3.550246,True,0.720023443,True,1.0,0.34957,1|1|1|1,0.78925,0.7930768579244614,0.00942666595801711,0.7970820188522338,96.36666699999807
wide band gap insulating MOFs with low density,q5_insulating_frameworks,45,LEA + GraphSAGE,4,qmof-b1cbe7a,Fe2C24H16N8,0.755,3.528396,True,0.685538233,True,1.0,0.316585,1|1|1|1,0.78925,0.7930768579244614,0.016024705410624545,0.7911838114261627,96.36666699999807
wide band gap insulating MOFs with low density,q5_insulating_frameworks,45,LEA + GraphSAGE,5,qmof-4050181,Li4C28H32N4O8,0.755,5.066465,True,0.936198777,True,1.0,0.306101,1|1|1|1,0.78925,0.7930768579244614,0.018277083290740848,0.7893027365207672,96.36666699999807
wide band gap insulating MOFs with low density,q5_insulating_frameworks,45,LEA + GAT,1,qmof-a2d95c3,Zn8C48H24O26,0.755,4.650938,True,0.57861881,True,1.0,0.637232,1|1|1|1,0.78925,0.7930768579244614,0.0,0.8466384366154671,97.65545799999131
wide band gap insulating MOFs with low density,q5_insulating_frameworks,45,LEA + GAT,2,qmof-175a5d9,Fe6C42Cl6H12N18O12,0.755,3.544636,True,0.750832979,True,1.0,0.612626,1|1|1|1,0.78925,0.7930768579244614,0.011004133149981499,0.8425757512450218,97.65545799999131
wide band gap insulating MOFs with low density,q5_insulating_frameworks,45,LEA + GAT,3,qmof-017128d,Zn6C48H60N24,0.755,5.310987,True,0.913433658,True,1.0,0.590736,1|1|1|1,0.78925,0.7930768579244614,0.01386243881036838,0.8389274954795838,97.65545799999131
wide band gap insulating MOFs with low density,q5_insulating_frameworks,45,LEA + GAT,4,qmof-e3dcc4d,Zn6C48H60N24,0.755,5.279321,True,0.917677932,True,1.0,0.590471,1|1|1|1,0.78925,0.7930768579244614,0.012087659649599422,0.8388831362128257,97.65545799999131
wide band gap insulating MOFs with low density,q5_insulating_frameworks,45,LEA + GAT,5,qmof-4050181,Li4C28H32N4O8,0.755,5.066465,True,0.936198777,True,1.0,0.586224,1|1|1|1,0.78925,0.7930768579244614,0.011106188171106623,0.8381716832518578,97.65545799999131
wide band gap insulating MOFs with low density,q5_insulating_frameworks,46,SemanticOnly,1,qmof-fdc53a4,Cd2C52H68N8O8,0.755,5.008493,True,1.293524347,True,0.7,,1|1|1|1,0.66925,0.9028290808200836,0.0,0.66925,0.05604200001130266
wide band gap insulating MOFs with low density,q5_insulating_frameworks,46,SemanticOnly,2,qmof-fbdd307,Cd4C28H56N16O16S8,0.755,4.88913,True,1.913880538,True,0.7,,1|1|1|1,0.66925,0.9028290808200836,0.0,0.66925,0.05604200001130266
wide band gap insulating MOFs with low density,q5_insulating_frameworks,46,SemanticOnly,3,qmof-f6f5702,Zn2C22H20N8O14,0.755,3.963427,True,1.681298211,True,0.7,,1|1|1|1,0.66925,0.9028290808200836,0.0,0.66925,0.05604200001130266
wide band gap insulating MOFs with low density,q5_insulating_frameworks,46,SemanticOnly,4,qmof-f61d5ce,In4C32H16O20,0.755,4.433449,True,1.287779073,True,0.7,,1|1|1|1,0.66925,0.9028290808200836,0.0,0.66925,0.05604200001130266
wide band gap insulating MOFs with low density,q5_insulating_frameworks,46,SemanticOnly,5,qmof-f5464fc,Zn4C40H28N4O20,0.755,3.852627,True,1.980240268,True,0.7,,1|1|1|1,0.66925,0.9028290808200836,0.0,0.66925,0.05604200001130266
wide band gap insulating MOFs with low density,q5_insulating_frameworks,46,WeightedSum,1,qmof-e3dcc4d,Zn6C48H60N24,0.755,5.279321,True,0.917677932,True,1.0,,1|1|1|1,0.78925,0.7930768579244614,0.0,0.78925,0.046416999992970887
wide band gap insulating MOFs with low density,q5_insulating_frameworks,46,WeightedSum,2,qmof-c82daac,Al2Li2C40H46N6O4,0.755,4.047188,True,0.954866212,True,1.0,,1|1|1|1,0.78925,0.7930768579244614,0.0,0.78925,0.046416999992970887
wide band gap insulating MOFs with low density,q5_insulating_frameworks,46,WeightedSum,3,qmof-b1cbe7a,Fe2C24H16N8,0.755,3.528396,True,0.685538233,True,1.0,,1|1|1|1,0.78925,0.7930768579244614,0.0,0.78925,0.046416999992970887
wide band gap insulating MOFs with low density,q5_insulating_frameworks,46,WeightedSum,4,qmof-a2d95c3,Zn8C48H24O26,0.755,4.650938,True,0.57861881,True,1.0,,1|1|1|1,0.78925,0.7930768579244614,0.0,0.78925,0.046416999992970887
wide band gap insulating MOFs with low density,q5_insulating_frameworks,46,WeightedSum,5,qmof-8deddd1,Zn6C42H18O18,0.755,3.550246,True,0.720023443,True,1.0,,1|1|1|1,0.78925,0.7930768579244614,0.0,0.78925,0.046416999992970887
wide band gap insulating MOFs with low density,q5_insulating_frameworks,46,TOPSIS,1,qmof-e3dcc4d,Zn6C48H60N24,0.755,5.279321,True,0.917677932,True,1.0,,1|1|1|1,0.78925,0.7930768579244614,0.0,0.78925,1.1610830000137184
wide band gap insulating MOFs with low density,q5_insulating_frameworks,46,TOPSIS,2,qmof-c82daac,Al2Li2C40H46N6O4,0.755,4.047188,True,0.954866212,True,1.0,,1|1|1|1,0.78925,0.7930768579244614,0.0,0.78925,1.1610830000137184
wide band gap insulating MOFs with low density,q5_insulating_frameworks,46,TOPSIS,3,qmof-b1cbe7a,Fe2C24H16N8,0.755,3.528396,True,0.685538233,True,1.0,,1|1|1|1,0.78925,0.7930768579244614,0.0,0.78925,1.1610830000137184
wide band gap insulating MOFs with low density,q5_insulating_frameworks,46,TOPSIS,4,qmof-a2d95c3,Zn8C48H24O26,0.755,4.650938,True,0.57861881,True,1.0,,1|1|1|1,0.78925,0.7930768579244614,0.0,0.78925,1.1610830000137184
wide band gap insulating MOFs with low density,q5_insulating_frameworks,46,TOPSIS,5,qmof-8deddd1,Zn6C42H18O18,0.755,3.550246,True,0.720023443,True,1.0,,1|1|1|1,0.78925,0.7930768579244614,0.0,0.78925,1.1610830000137184
wide band gap insulating MOFs with low density,q5_insulating_frameworks,46,ParetoCrowding,1,qmof-e3dcc4d,Zn6C48H60N24,0.755,5.279321,True,0.917677932,True,1.0,,1|1|1|1,0.78925,0.7930768579244614,0.0,0.78925,195.01416699999652
wide band gap insulating MOFs with low density,q5_insulating_frameworks,46,ParetoCrowding,2,qmof-c82daac,Al2Li2C40H46N6O4,0.755,4.047188,True,0.954866212,True,1.0,,1|1|1|1,0.78925,0.7930768579244614,0.0,0.78925,195.01416699999652
wide band gap insulating MOFs with low density,q5_insulating_frameworks,46,ParetoCrowding,3,qmof-b1cbe7a,Fe2C24H16N8,0.755,3.528396,True,0.685538233,True,1.0,,1|1|1|1,0.78925,0.7930768579244614,0.0,0.78925,195.01416699999652
wide band gap insulating MOFs with low density,q5_insulating_frameworks,46,ParetoCrowding,4,qmof-a2d95c3,Zn8C48H24O26,0.755,4.650938,True,0.57861881,True,1.0,,1|1|1|1,0.78925,0.7930768579244614,0.0,0.78925,195.01416699999652
wide band gap insulating MOFs with low density,q5_insulating_frameworks,46,ParetoCrowding,5,qmof-8deddd1,Zn6C42H18O18,0.755,3.550246,True,0.720023443,True,1.0,,1|1|1|1,0.78925,0.7930768579244614,0.0,0.78925,195.01416699999652
wide band gap insulating MOFs with low density,q5_insulating_frameworks,46,Random,1,qmof-d385e80,Cu2C40H36N12O10,0.755,4.022855,True,1.650882366,True,0.7,,1|1|1|1,0.66925,0.9028290808200836,0.0,0.66925,0.046457999999915955
wide band gap insulating MOFs with low density,q5_insulating_frameworks,46,Random,2,qmof-6bc1eda,Zn2C34H28N16,0.755,4.838253,True,1.493647785,True,0.7,,1|1|1|1,0.66925,0.9028290808200836,0.0,0.66925,0.046457999999915955
wide band gap insulating MOFs with low density,q5_insulating_frameworks,46,Random,3,qmof-d1115ca,Cu2C28H28N4O12,0.755,3.837814,True,1.635308069,True,0.7,,1|1|1|1,0.66925,0.9028290808200836,0.0,0.66925,0.046457999999915955
wide band gap insulating MOFs with low density,q5_insulating_frameworks,46,Random,4,qmof-9d5b9ef,Cu2C32H32N8O8,0.755,3.70031,True,1.556096769,True,0.7,,1|1|1|1,0.66925,0.9028290808200836,0.0,0.66925,0.046457999999915955
wide band gap insulating MOFs with low density,q5_insulating_frameworks,46,Random,5,qmof-0b3d138,Cu4C40H64N8O16,0.755,3.739812,True,1.642151116,True,0.7,,1|1|1|1,0.66925,0.9028290808200836,0.0,0.66925,0.046457999999915955
wide band gap insulating MOFs with low density,q5_insulating_frameworks,46,MMR,1,qmof-4050181,Li4C28H32N4O8,0.755,5.066465,True,0.936198777,True,1.0,,1|1|1|1,0.78925,0.7930768579244614,0.0,0.78925,1712.3715830000065
wide band gap insulating MOFs with low density,q5_insulating_frameworks,46,MMR,2,qmof-3133aaf,Zn4C64H48N8O16,0.755,4.523716,True,0.969248466,True,1.0,,1|1|1|1,0.78925,0.7930768579244614,0.0,0.78925,1712.3715830000065
wide band gap insulating MOFs with low density,q5_insulating_frameworks,46,MMR,3,qmof-017128d,Zn6C48H60N24,0.755,5.310987,True,0.913433658,True,1.0,,1|1|1|1,0.78925,0.7930768579244614,0.0,0.78925,1712.3715830000065
wide band gap insulating MOFs with low density,q5_insulating_frameworks,46,MMR,4,qmof-4f9c014,Cu2C40H40N4O8,0.755,3.939544,True,0.784105616,True,1.0,,1|1|1|1,0.78925,0.7930768579244614,0.0,0.78925,1712.3715830000065
wide band gap insulating MOFs with low density,q5_insulating_frameworks,46,MMR,5,qmof-b1cbe7a,Fe2C24H16N8,0.755,3.528396,True,0.685538233,True,1.0,,1|1|1|1,0.78925,0.7930768579244614,0.0,0.78925,1712.3715830000065
wide band gap insulating MOFs with low density,q5_insulating_frameworks,46,LEA,1,qmof-694fdb2,Na4C52H80N4O8,0.755,3.600195,True,0.918885408,True,1.0,,1|1|1|1,0.78925,0.7930768579244614,0.0,0.879164244234562,91.34799999999643
wide band gap insulating MOFs with low density,q5_insulating_frameworks,46,LEA,2,qmof-8deddd1,Zn6C42H18O18,0.755,3.550246,True,0.720023443,True,1.0,,1|1|1|1,0.78925,0.7930768579244614,0.0,0.879164244234562,91.34799999999643
wide band gap insulating MOFs with low density,q5_insulating_frameworks,46,LEA,3,qmof-a2d95c3,Zn8C48H24O26,0.755,4.650938,True,0.57861881,True,1.0,,1|1|1|1,0.78925,0.7930768579244614,0.0,0.879164244234562,91.34799999999643
wide band gap insulating MOFs with low density,q5_insulating_frameworks,46,LEA,4,qmof-c82daac,Al2Li2C40H46N6O4,0.755,4.047188,True,0.954866212,True,1.0,,1|1|1|1,0.78925,0.7930768579244614,0.0,0.879164244234562,91.34799999999643
wide band gap insulating MOFs with low density,q5_insulating_frameworks,46,LEA,5,qmof-175a5d9,Fe6C42Cl6H12N18O12,0.755,3.544636,True,0.750832979,True,1.0,,1|1|1|1,0.78925,0.7930768579244614,0.0,0.879164244234562,91.34799999999643
wide band gap insulating MOFs with low density,q5_insulating_frameworks,46,LEA no diversity,1,qmof-694fdb2,Na4C52H80N4O8,0.755,3.600195,True,0.918885408,True,1.0,,1|1|1|1,0.78925,0.7930768579244614,0.0,0.8685576424002648,91.40295800000331
wide band gap insulating MOFs with low density,q5_insulating_frameworks,46,LEA no diversity,2,qmof-8deddd1,Zn6C42H18O18,0.755,3.550246,True,0.720023443,True,1.0,,1|1|1|1,0.78925,0.7930768579244614,0.0,0.8685576424002648,91.40295800000331
wide band gap insulating MOFs with low density,q5_insulating_frameworks,46,LEA no diversity,3,qmof-a2d95c3,Zn8C48H24O26,0.755,4.650938,True,0.57861881,True,1.0,,1|1|1|1,0.78925,0.7930768579244614,0.0,0.8685576424002648,91.40295800000331
wide band gap insulating MOFs with low density,q5_insulating_frameworks,46,LEA no diversity,4,qmof-c82daac,Al2Li2C40H46N6O4,0.755,4.047188,True,0.954866212,True,1.0,,1|1|1|1,0.78925,0.7930768579244614,0.0,0.8685576424002648,91.40295800000331
wide band gap insulating MOFs with low density,q5_insulating_frameworks,46,LEA no diversity,5,qmof-175a5d9,Fe6C42Cl6H12N18O12,0.755,3.544636,True,0.750832979,True,1.0,,1|1|1|1,0.78925,0.7930768579244614,0.0,0.8685576424002648,91.40295800000331
wide band gap insulating MOFs with low density,q5_insulating_frameworks,46,LEA no self-cleaning,1,qmof-694fdb2,Na4C52H80N4O8,0.755,3.600195,True,0.918885408,True,1.0,,1|1|1|1,0.78925,0.7930768579244614,0.0,0.879164244234562,94.10541699999442
wide band gap insulating MOFs with low density,q5_insulating_frameworks,46,LEA no self-cleaning,2,qmof-8deddd1,Zn6C42H18O18,0.755,3.550246,True,0.720023443,True,1.0,,1|1|1|1,0.78925,0.7930768579244614,0.0,0.879164244234562,94.10541699999442
wide band gap insulating MOFs with low density,q5_insulating_frameworks,46,LEA no self-cleaning,3,qmof-a2d95c3,Zn8C48H24O26,0.755,4.650938,True,0.57861881,True,1.0,,1|1|1|1,0.78925,0.7930768579244614,0.0,0.879164244234562,94.10541699999442
wide band gap insulating MOFs with low density,q5_insulating_frameworks,46,LEA no self-cleaning,4,qmof-c82daac,Al2Li2C40H46N6O4,0.755,4.047188,True,0.954866212,True,1.0,,1|1|1|1,0.78925,0.7930768579244614,0.0,0.879164244234562,94.10541699999442
wide band gap insulating MOFs with low density,q5_insulating_frameworks,46,LEA no self-cleaning,5,qmof-175a5d9,Fe6C42Cl6H12N18O12,0.755,3.544636,True,0.750832979,True,1.0,,1|1|1|1,0.78925,0.7930768579244614,0.0,0.879164244234562,94.10541699999442
wide band gap insulating MOFs with low density,q5_insulating_frameworks,46,GraphSAGE only,1,qmof-175a5d9,Fe6C42Cl6H12N18O12,0.755,3.544636,True,0.750832979,True,1.0,0.381188,1|1|1|1,0.78925,0.7930768579244614,0.0,0.78925,0.045790999990913406
wide band gap insulating MOFs with low density,q5_insulating_frameworks,46,GraphSAGE only,2,qmof-a2d95c3,Zn8C48H24O26,0.755,4.650938,True,0.57861881,True,1.0,0.370755,1|1|1|1,0.78925,0.7930768579244614,0.004665787797421217,0.78925,0.045790999990913406
wide band gap insulating MOFs with low density,q5_insulating_frameworks,46,GraphSAGE only,3,qmof-8deddd1,Zn6C42H18O18,0.755,3.550246,True,0.720023443,True,1.0,0.34957,1|1|1|1,0.78925,0.7930768579244614,0.00942666595801711,0.78925,0.045790999990913406
wide band gap insulating MOFs with low density,q5_insulating_frameworks,46,GraphSAGE only,4,qmof-b1cbe7a,Fe2C24H16N8,0.755,3.528396,True,0.685538233,True,1.0,0.316585,1|1|1|1,0.78925,0.7930768579244614,0.016024705410624545,0.78925,0.045790999990913406
wide band gap insulating MOFs with low density,q5_insulating_frameworks,46,GraphSAGE only,5,qmof-4050181,Li4C28H32N4O8,0.755,5.066465,True,0.936198777,True,1.0,0.306101,1|1|1|1,0.78925,0.7930768579244614,0.018277083290740848,0.78925,0.045790999990913406
wide band gap insulating MOFs with low density,q5_insulating_frameworks,46,GAT only,1,qmof-a2d95c3,Zn8C48H24O26,0.755,4.650938,True,0.57861881,True,1.0,0.637232,1|1|1|1,0.78925,0.7930768579244614,0.0,0.78925,0.037750000004166395
wide band gap insulating MOFs with low density,q5_insulating_frameworks,46,GAT only,2,qmof-175a5d9,Fe6C42Cl6H12N18O12,0.755,3.544636,True,0.750832979,True,1.0,0.612626,1|1|1|1,0.78925,0.7930768579244614,0.011004133149981499,0.78925,0.037750000004166395
wide band gap insulating MOFs with low density,q5_insulating_frameworks,46,GAT only,3,qmof-017128d,Zn6C48H60N24,0.755,5.310987,True,0.913433658,True,1.0,0.590736,1|1|1|1,0.78925,0.7930768579244614,0.01386243881036838,0.78925,0.037750000004166395
wide band gap insulating MOFs with low density,q5_insulating_frameworks,46,GAT only,4,qmof-e3dcc4d,Zn6C48H60N24,0.755,5.279321,True,0.917677932,True,1.0,0.590471,1|1|1|1,0.78925,0.7930768579244614,0.012087659649599422,0.78925,0.037750000004166395
wide band gap insulating MOFs with low density,q5_insulating_frameworks,46,GAT only,5,qmof-4050181,Li4C28H32N4O8,0.755,5.066465,True,0.936198777,True,1.0,0.586224,1|1|1|1,0.78925,0.7930768579244614,0.011106188171106623,0.78925,0.037750000004166395
wide band gap insulating MOFs with low density,q5_insulating_frameworks,46,LEA + GraphSAGE,1,qmof-175a5d9,Fe6C42Cl6H12N18O12,0.755,3.544636,True,0.750832979,True,1.0,0.381188,1|1|1|1,0.78925,0.7930768579244614,0.0,0.8027046889066696,95.13545799998724
wide band gap insulating MOFs with low density,q5_insulating_frameworks,46,LEA + GraphSAGE,2,qmof-a2d95c3,Zn8C48H24O26,0.755,4.650938,True,0.57861881,True,1.0,0.370755,1|1|1|1,0.78925,0.7930768579244614,0.004665787797421217,0.8008528977632523,95.13545799998724
wide band gap insulating MOFs with low density,q5_insulating_frameworks,46,LEA + GraphSAGE,3,qmof-8deddd1,Zn6C42H18O18,0.755,3.550246,True,0.720023443,True,1.0,0.34957,1|1|1|1,0.78925,0.7930768579244614,0.00942666595801711,0.7970820188522338,95.13545799998724
wide band gap insulating MOFs with low density,q5_insulating_frameworks,46,LEA + GraphSAGE,4,qmof-b1cbe7a,Fe2C24H16N8,0.755,3.528396,True,0.685538233,True,1.0,0.316585,1|1|1|1,0.78925,0.7930768579244614,0.016024705410624545,0.7911838114261627,95.13545799998724
wide band gap insulating MOFs with low density,q5_insulating_frameworks,46,LEA + GraphSAGE,5,qmof-4050181,Li4C28H32N4O8,0.755,5.066465,True,0.936198777,True,1.0,0.306101,1|1|1|1,0.78925,0.7930768579244614,0.018277083290740848,0.7893027365207672,95.13545799998724
wide band gap insulating MOFs with low density,q5_insulating_frameworks,46,LEA + GAT,1,qmof-a2d95c3,Zn8C48H24O26,0.755,4.650938,True,0.57861881,True,1.0,0.637232,1|1|1|1,0.78925,0.7930768579244614,0.0,0.8466384366154671,94.31579199998907
wide band gap insulating MOFs with low density,q5_insulating_frameworks,46,LEA + GAT,2,qmof-175a5d9,Fe6C42Cl6H12N18O12,0.755,3.544636,True,0.750832979,True,1.0,0.612626,1|1|1|1,0.78925,0.7930768579244614,0.011004133149981499,0.8425757512450218,94.31579199998907
wide band gap insulating MOFs with low density,q5_insulating_frameworks,46,LEA + GAT,3,qmof-017128d,Zn6C48H60N24,0.755,5.310987,True,0.913433658,True,1.0,0.590736,1|1|1|1,0.78925,0.7930768579244614,0.01386243881036838,0.8389274954795838,94.31579199998907
wide band gap insulating MOFs with low density,q5_insulating_frameworks,46,LEA + GAT,4,qmof-e3dcc4d,Zn6C48H60N24,0.755,5.279321,True,0.917677932,True,1.0,0.590471,1|1|1|1,0.78925,0.7930768579244614,0.012087659649599422,0.8388831362128257,94.31579199998907
wide band gap insulating MOFs with low density,q5_insulating_frameworks,46,LEA + GAT,5,qmof-4050181,Li4C28H32N4O8,0.755,5.066465,True,0.936198777,True,1.0,0.586224,1|1|1|1,0.78925,0.7930768579244614,0.011106188171106623,0.8381716832518578,94.31579199998907
wide band gap insulating MOFs with low density,q5_insulating_frameworks,47,SemanticOnly,1,qmof-ff1d9b8,Li4C48H76N8O4,0.755,3.813185,True,1.211570977,True,0.7,,1|1|1|1,0.66925,0.9028290808200836,0.0,0.66925,0.045624999998494786
wide band gap insulating MOFs with low density,q5_insulating_frameworks,47,SemanticOnly,2,qmof-f909d4e,Zn4C56H36N4O20,0.755,4.156505,True,1.766646191,True,0.7,,1|1|1|1,0.66925,0.9028290808200836,0.0,0.66925,0.045624999998494786
wide band gap insulating MOFs with low density,q5_insulating_frameworks,47,SemanticOnly,3,qmof-f6ebd2b,Zn2C40H28N8O8,0.755,4.074979,True,1.689000204,True,0.7,,1|1|1|1,0.66925,0.9028290808200836,0.0,0.66925,0.045624999998494786
wide band gap insulating MOFs with low density,q5_insulating_frameworks,47,SemanticOnly,4,qmof-ef21412,Zn2C50F2H44N6O14,0.755,3.960861,True,1.653524987,True,0.7,,1|1|1|1,0.66925,0.9028290808200836,0.0,0.66925,0.045624999998494786
wide band gap insulating MOFs with low density,q5_insulating_frameworks,47,SemanticOnly,5,qmof-ee73557,CdC10Cl2H6N6S2,0.755,3.59358,True,1.924717059,True,0.7,,1|1|1|1,0.66925,0.9028290808200836,0.0,0.66925,0.045624999998494786
wide band gap insulating MOFs with low density,q5_insulating_frameworks,47,WeightedSum,1,qmof-e3dcc4d,Zn6C48H60N24,0.755,5.279321,True,0.917677932,True,1.0,,1|1|1|1,0.78925,0.7930768579244614,0.0,0.78925,0.0485839999981863
wide band gap insulating MOFs with low density,q5_insulating_frameworks,47,WeightedSum,2,qmof-c82daac,Al2Li2C40H46N6O4,0.755,4.047188,True,0.954866212,True,1.0,,1|1|1|1,0.78925,0.7930768579244614,0.0,0.78925,0.0485839999981863
wide band gap insulating MOFs with low density,q5_insulating_frameworks,47,WeightedSum,3,qmof-b1cbe7a,Fe2C24H16N8,0.755,3.528396,True,0.685538233,True,1.0,,1|1|1|1,0.78925,0.7930768579244614,0.0,0.78925,0.0485839999981863
wide band gap insulating MOFs with low density,q5_insulating_frameworks,47,WeightedSum,4,qmof-a2d95c3,Zn8C48H24O26,0.755,4.650938,True,0.57861881,True,1.0,,1|1|1|1,0.78925,0.7930768579244614,0.0,0.78925,0.0485839999981863
wide band gap insulating MOFs with low density,q5_insulating_frameworks,47,WeightedSum,5,qmof-8deddd1,Zn6C42H18O18,0.755,3.550246,True,0.720023443,True,1.0,,1|1|1|1,0.78925,0.7930768579244614,0.0,0.78925,0.0485839999981863
wide band gap insulating MOFs with low density,q5_insulating_frameworks,47,TOPSIS,1,qmof-e3dcc4d,Zn6C48H60N24,0.755,5.279321,True,0.917677932,True,1.0,,1|1|1|1,0.78925,0.7930768579244614,0.0,0.78925,1.206958000011582
wide band gap insulating MOFs with low density,q5_insulating_frameworks,47,TOPSIS,2,qmof-c82daac,Al2Li2C40H46N6O4,0.755,4.047188,True,0.954866212,True,1.0,,1|1|1|1,0.78925,0.7930768579244614,0.0,0.78925,1.206958000011582
wide band gap insulating MOFs with low density,q5_insulating_frameworks,47,TOPSIS,3,qmof-b1cbe7a,Fe2C24H16N8,0.755,3.528396,True,0.685538233,True,1.0,,1|1|1|1,0.78925,0.7930768579244614,0.0,0.78925,1.206958000011582
wide band gap insulating MOFs with low density,q5_insulating_frameworks,47,TOPSIS,4,qmof-a2d95c3,Zn8C48H24O26,0.755,4.650938,True,0.57861881,True,1.0,,1|1|1|1,0.78925,0.7930768579244614,0.0,0.78925,1.206958000011582
wide band gap insulating MOFs with low density,q5_insulating_frameworks,47,TOPSIS,5,qmof-8deddd1,Zn6C42H18O18,0.755,3.550246,True,0.720023443,True,1.0,,1|1|1|1,0.78925,0.7930768579244614,0.0,0.78925,1.206958000011582
wide band gap insulating MOFs with low density,q5_insulating_frameworks,47,ParetoCrowding,1,qmof-e3dcc4d,Zn6C48H60N24,0.755,5.279321,True,0.917677932,True,1.0,,1|1|1|1,0.78925,0.7930768579244614,0.0,0.78925,189.3027909999887
wide band gap insulating MOFs with low density,q5_insulating_frameworks,47,ParetoCrowding,2,qmof-c82daac,Al2Li2C40H46N6O4,0.755,4.047188,True,0.954866212,True,1.0,,1|1|1|1,0.78925,0.7930768579244614,0.0,0.78925,189.3027909999887
wide band gap insulating MOFs with low density,q5_insulating_frameworks,47,ParetoCrowding,3,qmof-b1cbe7a,Fe2C24H16N8,0.755,3.528396,True,0.685538233,True,1.0,,1|1|1|1,0.78925,0.7930768579244614,0.0,0.78925,189.3027909999887
wide band gap insulating MOFs with low density,q5_insulating_frameworks,47,ParetoCrowding,4,qmof-a2d95c3,Zn8C48H24O26,0.755,4.650938,True,0.57861881,True,1.0,,1|1|1|1,0.78925,0.7930768579244614,0.0,0.78925,189.3027909999887
wide band gap insulating MOFs with low density,q5_insulating_frameworks,47,ParetoCrowding,5,qmof-8deddd1,Zn6C42H18O18,0.755,3.550246,True,0.720023443,True,1.0,,1|1|1|1,0.78925,0.7930768579244614,0.0,0.78925,189.3027909999887
wide band gap insulating MOFs with low density,q5_insulating_frameworks,47,Random,1,qmof-35d63dc,Zn4C48H38N42O2,0.755,4.009753,True,1.777537269,True,0.7,,1|1|1|1,0.66925,0.9028290808200836,0.0,0.66925,0.04304099999785649
wide band gap insulating MOFs with low density,q5_insulating_frameworks,47,Random,2,qmof-a4bad47,Cu2C12Cl2H14N4O6,0.755,3.609746,True,1.906718717,True,0.7,,1|1|1|1,0.66925,0.9028290808200836,0.0,0.66925,0.04304099999785649
wide band gap insulating MOFs with low density,q5_insulating_frameworks,47,Random,3,qmof-3133aaf,Zn4C64H48N8O16,0.755,4.523716,True,0.969248466,True,1.0,,1|1|1|1,0.78925,0.7930768579244614,0.14142135779062906,0.78925,0.04304099999785649
wide band gap insulating MOFs with low density,q5_insulating_frameworks,47,Random,4,qmof-07585fa,Cd4C48H40N8O24,0.755,3.935562,True,1.869791661,True,0.7,,1|1|1|1,0.66925,0.9028290808200836,0.1060660183429718,0.66925,0.04304099999785649
wide band gap insulating MOFs with low density,q5_insulating_frameworks,47,Random,5,qmof-9c0d1a4,Ni6C42H24O30,0.755,3.868428,True,1.550949051,True,0.7,,1|1|1|1,0.66925,0.9028290808200836,0.08485281467437744,0.66925,0.04304099999785649
wide band gap insulating MOFs with low density,q5_insulating_frameworks,47,MMR,1,qmof-8deddd1,Zn6C42H18O18,0.755,3.550246,True,0.720023443,True,1.0,,1|1|1|1,0.78925,0.7930768579244614,0.0,0.78925,1699.564291999991
wide band gap insulating MOFs with low density,q5_insulating_frameworks,47,MMR,2,qmof-b1cbe7a,Fe2C24H16N8,0.755,3.528396,True,0.685538233,True,1.0,,1|1|1|1,0.78925,0.7930768579244614,0.0,0.78925,1699.564291999991
wide band gap insulating MOFs with low density,q5_insulating_frameworks,47,MMR,3,qmof-017128d,Zn6C48H60N24,0.755,5.310987,True,0.913433658,True,1.0,,1|1|1|1,0.78925,0.7930768579244614,0.0,0.78925,1699.564291999991
wide band gap insulating MOFs with low density,q5_insulating_frameworks,47,MMR,4,qmof-c82daac,Al2Li2C40H46N6O4,0.755,4.047188,True,0.954866212,True,1.0,,1|1|1|1,0.78925,0.7930768579244614,0.0,0.78925,1699.564291999991
wide band gap insulating MOFs with low density,q5_insulating_frameworks,47,MMR,5,qmof-175a5d9,Fe6C42Cl6H12N18O12,0.755,3.544636,True,0.750832979,True,1.0,,1|1|1|1,0.78925,0.7930768579244614,0.0,0.78925,1699.564291999991
wide band gap insulating MOFs with low density,q5_insulating_frameworks,47,LEA,1,qmof-3133aaf,Zn4C64H48N8O16,0.755,4.523716,True,0.969248466,True,1.0,,1|1|1|1,0.78925,0.7930768579244614,0.0,0.879164244234562,93.198000000001
wide band gap insulating MOFs with low density,q5_insulating_frameworks,47,LEA,2,qmof-694fdb2,Na4C52H80N4O8,0.755,3.600195,True,0.918885408,True,1.0,,1|1|1|1,0.78925,0.7930768579244614,0.0,0.879164244234562,93.198000000001
wide band gap insulating MOFs with low density,q5_insulating_frameworks,47,LEA,3,qmof-19d3c65,Zn3C64H52N4O18,0.755,4.20432,True,0.972263976,True,1.0,,1|1|1|1,0.78925,0.7930768579244614,0.0,0.879164244234562,93.198000000001
wide band gap insulating MOFs with low density,q5_insulating_frameworks,47,LEA,4,qmof-e3dcc4d,Zn6C48H60N24,0.755,5.279321,True,0.917677932,True,1.0,,1|1|1|1,0.78925,0.7930768579244614,0.0,0.879164244234562,93.198000000001
wide band gap insulating MOFs with low density,q5_insulating_frameworks,47,LEA,5,qmof-a2d95c3,Zn8C48H24O26,0.755,4.650938,True,0.57861881,True,1.0,,1|1|1|1,0.78925,0.7930768579244614,0.0,0.879164244234562,93.198000000001
wide band gap insulating MOFs with low density,q5_insulating_frameworks,47,LEA no diversity,1,qmof-3133aaf,Zn4C64H48N8O16,0.755,4.523716,True,0.969248466,True,1.0,,1|1|1|1,0.78925,0.7930768579244614,0.0,0.8685576424002648,92.22054200000684
wide band gap insulating MOFs with low density,q5_insulating_frameworks,47,LEA no diversity,2,qmof-694fdb2,Na4C52H80N4O8,0.755,3.600195,True,0.918885408,True,1.0,,1|1|1|1,0.78925,0.7930768579244614,0.0,0.8685576424002648,92.22054200000684
wide band gap insulating MOFs with low density,q5_insulating_frameworks,47,LEA no diversity,3,qmof-19d3c65,Zn3C64H52N4O18,0.755,4.20432,True,0.972263976,True,1.0,,1|1|1|1,0.78925,0.7930768579244614,0.0,0.8685576424002648,92.22054200000684
wide band gap insulating MOFs with low density,q5_insulating_frameworks,47,LEA no diversity,4,qmof-e3dcc4d,Zn6C48H60N24,0.755,5.279321,True,0.917677932,True,1.0,,1|1|1|1,0.78925,0.7930768579244614,0.0,0.8685576424002648,92.22054200000684
wide band gap insulating MOFs with low density,q5_insulating_frameworks,47,LEA no diversity,5,qmof-a2d95c3,Zn8C48H24O26,0.755,4.650938,True,0.57861881,True,1.0,,1|1|1|1,0.78925,0.7930768579244614,0.0,0.8685576424002648,92.22054200000684
wide band gap insulating MOFs with low density,q5_insulating_frameworks,47,LEA no self-cleaning,1,qmof-3133aaf,Zn4C64H48N8O16,0.755,4.523716,True,0.969248466,True,1.0,,1|1|1|1,0.78925,0.7930768579244614,0.0,0.879164244234562,96.49999999999181
wide band gap insulating MOFs with low density,q5_insulating_frameworks,47,LEA no self-cleaning,2,qmof-694fdb2,Na4C52H80N4O8,0.755,3.600195,True,0.918885408,True,1.0,,1|1|1|1,0.78925,0.7930768579244614,0.0,0.879164244234562,96.49999999999181
wide band gap insulating MOFs with low density,q5_insulating_frameworks,47,LEA no self-cleaning,3,qmof-19d3c65,Zn3C64H52N4O18,0.755,4.20432,True,0.972263976,True,1.0,,1|1|1|1,0.78925,0.7930768579244614,0.0,0.879164244234562,96.49999999999181
wide band gap insulating MOFs with low density,q5_insulating_frameworks,47,LEA no self-cleaning,4,qmof-e3dcc4d,Zn6C48H60N24,0.755,5.279321,True,0.917677932,True,1.0,,1|1|1|1,0.78925,0.7930768579244614,0.0,0.879164244234562,96.49999999999181
wide band gap insulating MOFs with low density,q5_insulating_frameworks,47,LEA no self-cleaning,5,qmof-a2d95c3,Zn8C48H24O26,0.755,4.650938,True,0.57861881,True,1.0,,1|1|1|1,0.78925,0.7930768579244614,0.0,0.879164244234562,96.49999999999181
wide band gap insulating MOFs with low density,q5_insulating_frameworks,47,GraphSAGE only,1,qmof-175a5d9,Fe6C42Cl6H12N18O12,0.755,3.544636,True,0.750832979,True,1.0,0.381188,1|1|1|1,0.78925,0.7930768579244614,0.0,0.78925,0.04137499999501415
wide band gap insulating MOFs with low density,q5_insulating_frameworks,47,GraphSAGE only,2,qmof-a2d95c3,Zn8C48H24O26,0.755,4.650938,True,0.57861881,True,1.0,0.370755,1|1|1|1,0.78925,0.7930768579244614,0.004665787797421217,0.78925,0.04137499999501415
wide band gap insulating MOFs with low density,q5_insulating_frameworks,47,GraphSAGE only,3,qmof-8deddd1,Zn6C42H18O18,0.755,3.550246,True,0.720023443,True,1.0,0.34957,1|1|1|1,0.78925,0.7930768579244614,0.00942666595801711,0.78925,0.04137499999501415
wide band gap insulating MOFs with low density,q5_insulating_frameworks,47,GraphSAGE only,4,qmof-b1cbe7a,Fe2C24H16N8,0.755,3.528396,True,0.685538233,True,1.0,0.316585,1|1|1|1,0.78925,0.7930768579244614,0.016024705410624545,0.78925,0.04137499999501415
wide band gap insulating MOFs with low density,q5_insulating_frameworks,47,GraphSAGE only,5,qmof-4050181,Li4C28H32N4O8,0.755,5.066465,True,0.936198777,True,1.0,0.306101,1|1|1|1,0.78925,0.7930768579244614,0.018277083290740848,0.78925,0.04137499999501415
wide band gap insulating MOFs with low density,q5_insulating_frameworks,47,GAT only,1,qmof-a2d95c3,Zn8C48H24O26,0.755,4.650938,True,0.57861881,True,1.0,0.637232,1|1|1|1,0.78925,0.7930768579244614,0.0,0.78925,0.04025000001206536
wide band gap insulating MOFs with low density,q5_insulating_frameworks,47,GAT only,2,qmof-175a5d9,Fe6C42Cl6H12N18O12,0.755,3.544636,True,0.750832979,True,1.0,0.612626,1|1|1|1,0.78925,0.7930768579244614,0.011004133149981499,0.78925,0.04025000001206536
wide band gap insulating MOFs with low density,q5_insulating_frameworks,47,GAT only,3,qmof-017128d,Zn6C48H60N24,0.755,5.310987,True,0.913433658,True,1.0,0.590736,1|1|1|1,0.78925,0.7930768579244614,0.01386243881036838,0.78925,0.04025000001206536
wide band gap insulating MOFs with low density,q5_insulating_frameworks,47,GAT only,4,qmof-e3dcc4d,Zn6C48H60N24,0.755,5.279321,True,0.917677932,True,1.0,0.590471,1|1|1|1,0.78925,0.7930768579244614,0.012087659649599422,0.78925,0.04025000001206536
wide band gap insulating MOFs with low density,q5_insulating_frameworks,47,GAT only,5,qmof-4050181,Li4C28H32N4O8,0.755,5.066465,True,0.936198777,True,1.0,0.586224,1|1|1|1,0.78925,0.7930768579244614,0.011106188171106623,0.78925,0.04025000001206536
wide band gap insulating MOFs with low density,q5_insulating_frameworks,47,LEA + GraphSAGE,1,qmof-175a5d9,Fe6C42Cl6H12N18O12,0.755,3.544636,True,0.750832979,True,1.0,0.381188,1|1|1|1,0.78925,0.7930768579244614,0.0,0.8027046889066696,102.13104199999634
wide band gap insulating MOFs with low density,q5_insulating_frameworks,47,LEA + GraphSAGE,2,qmof-a2d95c3,Zn8C48H24O26,0.755,4.650938,True,0.57861881,True,1.0,0.370755,1|1|1|1,0.78925,0.7930768579244614,0.004665787797421217,0.8008528977632523,102.13104199999634
wide band gap insulating MOFs with low density,q5_insulating_frameworks,47,LEA + GraphSAGE,3,qmof-8deddd1,Zn6C42H18O18,0.755,3.550246,True,0.720023443,True,1.0,0.34957,1|1|1|1,0.78925,0.7930768579244614,0.00942666595801711,0.7970820188522338,102.13104199999634
wide band gap insulating MOFs with low density,q5_insulating_frameworks,47,LEA + GraphSAGE,4,qmof-b1cbe7a,Fe2C24H16N8,0.755,3.528396,True,0.685538233,True,1.0,0.316585,1|1|1|1,0.78925,0.7930768579244614,0.016024705410624545,0.7911838114261627,102.13104199999634
wide band gap insulating MOFs with low density,q5_insulating_frameworks,47,LEA + GraphSAGE,5,qmof-4050181,Li4C28H32N4O8,0.755,5.066465,True,0.936198777,True,1.0,0.306101,1|1|1|1,0.78925,0.7930768579244614,0.018277083290740848,0.7893027365207672,102.13104199999634
wide band gap insulating MOFs with low density,q5_insulating_frameworks,47,LEA + GAT,1,qmof-a2d95c3,Zn8C48H24O26,0.755,4.650938,True,0.57861881,True,1.0,0.637232,1|1|1|1,0.78925,0.7930768579244614,0.0,0.8466384366154671,100.61816600000384
wide band gap insulating MOFs with low density,q5_insulating_frameworks,47,LEA + GAT,2,qmof-175a5d9,Fe6C42Cl6H12N18O12,0.755,3.544636,True,0.750832979,True,1.0,0.612626,1|1|1|1,0.78925,0.7930768579244614,0.011004133149981499,0.8425757512450218,100.61816600000384
wide band gap insulating MOFs with low density,q5_insulating_frameworks,47,LEA + GAT,3,qmof-017128d,Zn6C48H60N24,0.755,5.310987,True,0.913433658,True,1.0,0.590736,1|1|1|1,0.78925,0.7930768579244614,0.01386243881036838,0.8389274954795838,100.61816600000384
wide band gap insulating MOFs with low density,q5_insulating_frameworks,47,LEA + GAT,4,qmof-e3dcc4d,Zn6C48H60N24,0.755,5.279321,True,0.917677932,True,1.0,0.590471,1|1|1|1,0.78925,0.7930768579244614,0.012087659649599422,0.8388831362128257,100.61816600000384
wide band gap insulating MOFs with low density,q5_insulating_frameworks,47,LEA + GAT,5,qmof-4050181,Li4C28H32N4O8,0.755,5.066465,True,0.936198777,True,1.0,0.586224,1|1|1|1,0.78925,0.7930768579244614,0.011106188171106623,0.8381716832518578,100.61816600000384
wide band gap insulating MOFs with low density,q5_insulating_frameworks,48,SemanticOnly,1,qmof-f9e6ec3,Mn2C36H28N4O8,0.755,3.525732,True,1.581081341,True,0.7,,1|1|1|1,0.66925,0.9028290808200836,0.0,0.66925,0.07158399998274945
wide band gap insulating MOFs with low density,q5_insulating_frameworks,48,SemanticOnly,2,qmof-f91eaa7,Cu4C46Cl4H64N16,0.755,3.674814,True,1.383191456,True,0.7,,1|1|1|1,0.66925,0.9028290808200836,0.0,0.66925,0.07158399998274945
wide band gap insulating MOFs with low density,q5_insulating_frameworks,48,SemanticOnly,3,qmof-f815bf7,Li2C20H44N4,0.755,4.377897,True,1.086053755,True,0.7,,1|1|1|1,0.66925,0.9028290808200836,0.0,0.66925,0.07158399998274945
wide band gap insulating MOFs with low density,q5_insulating_frameworks,48,SemanticOnly,4,qmof-f7e01af,Mn4C28Cl4H28N8O16,0.755,4.366097,True,1.939311456,True,0.7,,1|1|1|1,0.66925,0.9028290808200836,0.0,0.66925,0.07158399998274945
wide band gap insulating MOFs with low density,q5_insulating_frameworks,48,SemanticOnly,5,qmof-f790024,Ho2Zn2C52Cl2H32N4O22,0.755,4.309375,True,1.92710206,True,0.7,,1|1|1|1,0.66925,0.9028290808200836,0.0,0.66925,0.07158399998274945
wide band gap insulating MOFs with low density,q5_insulating_frameworks,48,WeightedSum,1,qmof-e3dcc4d,Zn6C48H60N24,0.755,5.279321,True,0.917677932,True,1.0,,1|1|1|1,0.78925,0.7930768579244614,0.0,0.78925,0.04729199997655087
wide band gap insulating MOFs with low density,q5_insulating_frameworks,48,WeightedSum,2,qmof-c82daac,Al2Li2C40H46N6O4,0.755,4.047188,True,0.954866212,True,1.0,,1|1|1|1,0.78925,0.7930768579244614,0.0,0.78925,0.04729199997655087
wide band gap insulating MOFs with low density,q5_insulating_frameworks,48,WeightedSum,3,qmof-b1cbe7a,Fe2C24H16N8,0.755,3.528396,True,0.685538233,True,1.0,,1|1|1|1,0.78925,0.7930768579244614,0.0,0.78925,0.04729199997655087
wide band gap insulating MOFs with low density,q5_insulating_frameworks,48,WeightedSum,4,qmof-a2d95c3,Zn8C48H24O26,0.755,4.650938,True,0.57861881,True,1.0,,1|1|1|1,0.78925,0.7930768579244614,0.0,0.78925,0.04729199997655087
wide band gap insulating MOFs with low density,q5_insulating_frameworks,48,WeightedSum,5,qmof-8deddd1,Zn6C42H18O18,0.755,3.550246,True,0.720023443,True,1.0,,1|1|1|1,0.78925,0.7930768579244614,0.0,0.78925,0.04729199997655087
wide band gap insulating MOFs with low density,q5_insulating_frameworks,48,TOPSIS,1,qmof-e3dcc4d,Zn6C48H60N24,0.755,5.279321,True,0.917677932,True,1.0,,1|1|1|1,0.78925,0.7930768579244614,0.0,0.78925,1.1662089999902037
wide band gap insulating MOFs with low density,q5_insulating_frameworks,48,TOPSIS,2,qmof-c82daac,Al2Li2C40H46N6O4,0.755,4.047188,True,0.954866212,True,1.0,,1|1|1|1,0.78925,0.7930768579244614,0.0,0.78925,1.1662089999902037
wide band gap insulating MOFs with low density,q5_insulating_frameworks,48,TOPSIS,3,qmof-b1cbe7a,Fe2C24H16N8,0.755,3.528396,True,0.685538233,True,1.0,,1|1|1|1,0.78925,0.7930768579244614,0.0,0.78925,1.1662089999902037
wide band gap insulating MOFs with low density,q5_insulating_frameworks,48,TOPSIS,4,qmof-a2d95c3,Zn8C48H24O26,0.755,4.650938,True,0.57861881,True,1.0,,1|1|1|1,0.78925,0.7930768579244614,0.0,0.78925,1.1662089999902037
wide band gap insulating MOFs with low density,q5_insulating_frameworks,48,TOPSIS,5,qmof-8deddd1,Zn6C42H18O18,0.755,3.550246,True,0.720023443,True,1.0,,1|1|1|1,0.78925,0.7930768579244614,0.0,0.78925,1.1662089999902037
wide band gap insulating MOFs with low density,q5_insulating_frameworks,48,ParetoCrowding,1,qmof-e3dcc4d,Zn6C48H60N24,0.755,5.279321,True,0.917677932,True,1.0,,1|1|1|1,0.78925,0.7930768579244614,0.0,0.78925,215.44195800001376
wide band gap insulating MOFs with low density,q5_insulating_frameworks,48,ParetoCrowding,2,qmof-c82daac,Al2Li2C40H46N6O4,0.755,4.047188,True,0.954866212,True,1.0,,1|1|1|1,0.78925,0.7930768579244614,0.0,0.78925,215.44195800001376
wide band gap insulating MOFs with low density,q5_insulating_frameworks,48,ParetoCrowding,3,qmof-b1cbe7a,Fe2C24H16N8,0.755,3.528396,True,0.685538233,True,1.0,,1|1|1|1,0.78925,0.7930768579244614,0.0,0.78925,215.44195800001376
wide band gap insulating MOFs with low density,q5_insulating_frameworks,48,ParetoCrowding,4,qmof-a2d95c3,Zn8C48H24O26,0.755,4.650938,True,0.57861881,True,1.0,,1|1|1|1,0.78925,0.7930768579244614,0.0,0.78925,215.44195800001376
wide band gap insulating MOFs with low density,q5_insulating_frameworks,48,ParetoCrowding,5,qmof-8deddd1,Zn6C42H18O18,0.755,3.550246,True,0.720023443,True,1.0,,1|1|1|1,0.78925,0.7930768579244614,0.0,0.78925,215.44195800001376
wide band gap insulating MOFs with low density,q5_insulating_frameworks,48,Random,1,qmof-f91eaa7,Cu4C46Cl4H64N16,0.755,3.674814,True,1.383191456,True,0.7,,1|1|1|1,0.66925,0.9028290808200836,0.0,0.66925,0.0543330000084552
wide band gap insulating MOFs with low density,q5_insulating_frameworks,48,Random,2,qmof-f815bf7,Li2C20H44N4,0.755,4.377897,True,1.086053755,True,0.7,,1|1|1|1,0.66925,0.9028290808200836,0.0,0.66925,0.0543330000084552
wide band gap insulating MOFs with low density,q5_insulating_frameworks,48,Random,3,qmof-2915b01,Zn4C60H52N4O20,0.755,3.676567,True,1.727486047,True,0.7,,1|1|1|1,0.66925,0.9028290808200836,0.0,0.66925,0.0543330000084552
wide band gap insulating MOFs with low density,q5_insulating_frameworks,48,Random,4,qmof-e98c409,Cd2C64H56N8O8,0.755,4.684521,True,1.530655939,True,0.7,,1|1|1|1,0.66925,0.9028290808200836,0.0,0.66925,0.0543330000084552
wide band gap insulating MOFs with low density,q5_insulating_frameworks,48,Random,5,qmof-1f7045e,NiC6H14N2O10,0.755,4.745532,True,1.828372124,True,0.7,,1|1|1|1,0.66925,0.9028290808200836,0.0,0.66925,0.0543330000084552
wide band gap insulating MOFs with low density,q5_insulating_frameworks,48,MMR,1,qmof-175a5d9,Fe6C42Cl6H12N18O12,0.755,3.544636,True,0.750832979,True,1.0,,1|1|1|1,0.78925,0.7930768579244614,0.0,0.78925,1771.4352919999783
wide band gap insulating MOFs with low density,q5_insulating_frameworks,48,MMR,2,qmof-017128d,Zn6C48H60N24,0.755,5.310987,True,0.913433658,True,1.0,,1|1|1|1,0.78925,0.7930768579244614,0.0,0.78925,1771.4352919999783
wide band gap insulating MOFs with low density,q5_insulating_frameworks,48,MMR,3,qmof-694fdb2,Na4C52H80N4O8,0.755,3.600195,True,0.918885408,True,1.0,,1|1|1|1,0.78925,0.7930768579244614,0.0,0.78925,1771.4352919999783
wide band gap insulating MOFs with low density,q5_insulating_frameworks,48,MMR,4,qmof-8deddd1,Zn6C42H18O18,0.755,3.550246,True,0.720023443,True,1.0,,1|1|1|1,0.78925,0.7930768579244614,0.0,0.78925,1771.4352919999783
wide band gap insulating MOFs with low density,q5_insulating_frameworks,48,MMR,5,qmof-e3dcc4d,Zn6C48H60N24,0.755,5.279321,True,0.917677932,True,1.0,,1|1|1|1,0.78925,0.7930768579244614,0.0,0.78925,1771.4352919999783
wide band gap insulating MOFs with low density,q5_insulating_frameworks,48,LEA,1,qmof-c82daac,Al2Li2C40H46N6O4,0.755,4.047188,True,0.954866212,True,1.0,,1|1|1|1,0.78925,0.7930768579244614,0.0,0.879164244234562,96.30862500000603
wide band gap insulating MOFs with low density,q5_insulating_frameworks,48,LEA,2,qmof-3133aaf,Zn4C64H48N8O16,0.755,4.523716,True,0.969248466,True,1.0,,1|1|1|1,0.78925,0.7930768579244614,0.0,0.879164244234562,96.30862500000603
wide band gap insulating MOFs with low density,q5_insulating_frameworks,48,LEA,3,qmof-19d3c65,Zn3C64H52N4O18,0.755,4.20432,True,0.972263976,True,1.0,,1|1|1|1,0.78925,0.7930768579244614,0.0,0.879164244234562,96.30862500000603
wide band gap insulating MOFs with low density,q5_insulating_frameworks,48,LEA,4,qmof-4050181,Li4C28H32N4O8,0.755,5.066465,True,0.936198777,True,1.0,,1|1|1|1,0.78925,0.7930768579244614,0.0,0.879164244234562,96.30862500000603
wide band gap insulating MOFs with low density,q5_insulating_frameworks,48,LEA,5,qmof-b1cbe7a,Fe2C24H16N8,0.755,3.528396,True,0.685538233,True,1.0,,1|1|1|1,0.78925,0.7930768579244614,0.0,0.879164244234562,96.30862500000603
wide band gap insulating MOFs with low density,q5_insulating_frameworks,48,LEA no diversity,1,qmof-c82daac,Al2Li2C40H46N6O4,0.755,4.047188,True,0.954866212,True,1.0,,1|1|1|1,0.78925,0.7930768579244614,0.0,0.8685576424002648,94.76324999999974
wide band gap insulating MOFs with low density,q5_insulating_frameworks,48,LEA no diversity,2,qmof-3133aaf,Zn4C64H48N8O16,0.755,4.523716,True,0.969248466,True,1.0,,1|1|1|1,0.78925,0.7930768579244614,0.0,0.8685576424002648,94.76324999999974
wide band gap insulating MOFs with low density,q5_insulating_frameworks,48,LEA no diversity,3,qmof-19d3c65,Zn3C64H52N4O18,0.755,4.20432,True,0.972263976,True,1.0,,1|1|1|1,0.78925,0.7930768579244614,0.0,0.8685576424002648,94.76324999999974
wide band gap insulating MOFs with low density,q5_insulating_frameworks,48,LEA no diversity,4,qmof-4050181,Li4C28H32N4O8,0.755,5.066465,True,0.936198777,True,1.0,,1|1|1|1,0.78925,0.7930768579244614,0.0,0.8685576424002648,94.76324999999974
wide band gap insulating MOFs with low density,q5_insulating_frameworks,48,LEA no diversity,5,qmof-b1cbe7a,Fe2C24H16N8,0.755,3.528396,True,0.685538233,True,1.0,,1|1|1|1,0.78925,0.7930768579244614,0.0,0.8685576424002648,94.76324999999974
wide band gap insulating MOFs with low density,q5_insulating_frameworks,48,LEA no self-cleaning,1,qmof-c82daac,Al2Li2C40H46N6O4,0.755,4.047188,True,0.954866212,True,1.0,,1|1|1|1,0.78925,0.7930768579244614,0.0,0.879164244234562,104.25266699999725
wide band gap insulating MOFs with low density,q5_insulating_frameworks,48,LEA no self-cleaning,2,qmof-3133aaf,Zn4C64H48N8O16,0.755,4.523716,True,0.969248466,True,1.0,,1|1|1|1,0.78925,0.7930768579244614,0.0,0.879164244234562,104.25266699999725
wide band gap insulating MOFs with low density,q5_insulating_frameworks,48,LEA no self-cleaning,3,qmof-19d3c65,Zn3C64H52N4O18,0.755,4.20432,True,0.972263976,True,1.0,,1|1|1|1,0.78925,0.7930768579244614,0.0,0.879164244234562,104.25266699999725
wide band gap insulating MOFs with low density,q5_insulating_frameworks,48,LEA no self-cleaning,4,qmof-4050181,Li4C28H32N4O8,0.755,5.066465,True,0.936198777,True,1.0,,1|1|1|1,0.78925,0.7930768579244614,0.0,0.879164244234562,104.25266699999725
wide band gap insulating MOFs with low density,q5_insulating_frameworks,48,LEA no self-cleaning,5,qmof-b1cbe7a,Fe2C24H16N8,0.755,3.528396,True,0.685538233,True,1.0,,1|1|1|1,0.78925,0.7930768579244614,0.0,0.879164244234562,104.25266699999725
wide band gap insulating MOFs with low density,q5_insulating_frameworks,48,GraphSAGE only,1,qmof-175a5d9,Fe6C42Cl6H12N18O12,0.755,3.544636,True,0.750832979,True,1.0,0.381188,1|1|1|1,0.78925,0.7930768579244614,0.0,0.78925,0.04429200001254685
wide band gap insulating MOFs with low density,q5_insulating_frameworks,48,GraphSAGE only,2,qmof-a2d95c3,Zn8C48H24O26,0.755,4.650938,True,0.57861881,True,1.0,0.370755,1|1|1|1,0.78925,0.7930768579244614,0.004665787797421217,0.78925,0.04429200001254685
wide band gap insulating MOFs with low density,q5_insulating_frameworks,48,GraphSAGE only,3,qmof-8deddd1,Zn6C42H18O18,0.755,3.550246,True,0.720023443,True,1.0,0.34957,1|1|1|1,0.78925,0.7930768579244614,0.00942666595801711,0.78925,0.04429200001254685
wide band gap insulating MOFs with low density,q5_insulating_frameworks,48,GraphSAGE only,4,qmof-b1cbe7a,Fe2C24H16N8,0.755,3.528396,True,0.685538233,True,1.0,0.316585,1|1|1|1,0.78925,0.7930768579244614,0.016024705410624545,0.78925,0.04429200001254685
wide band gap insulating MOFs with low density,q5_insulating_frameworks,48,GraphSAGE only,5,qmof-4050181,Li4C28H32N4O8,0.755,5.066465,True,0.936198777,True,1.0,0.306101,1|1|1|1,0.78925,0.7930768579244614,0.018277083290740848,0.78925,0.04429200001254685
wide band gap insulating MOFs with low density,q5_insulating_frameworks,48,GAT only,1,qmof-a2d95c3,Zn8C48H24O26,0.755,4.650938,True,0.57861881,True,1.0,0.637232,1|1|1|1,0.78925,0.7930768579244614,0.0,0.78925,0.036958999999114894
wide band gap insulating MOFs with low density,q5_insulating_frameworks,48,GAT only,2,qmof-175a5d9,Fe6C42Cl6H12N18O12,0.755,3.544636,True,0.750832979,True,1.0,0.612626,1|1|1|1,0.78925,0.7930768579244614,0.011004133149981499,0.78925,0.036958999999114894
wide band gap insulating MOFs with low density,q5_insulating_frameworks,48,GAT only,3,qmof-017128d,Zn6C48H60N24,0.755,5.310987,True,0.913433658,True,1.0,0.590736,1|1|1|1,0.78925,0.7930768579244614,0.01386243881036838,0.78925,0.036958999999114894
wide band gap insulating MOFs with low density,q5_insulating_frameworks,48,GAT only,4,qmof-e3dcc4d,Zn6C48H60N24,0.755,5.279321,True,0.917677932,True,1.0,0.590471,1|1|1|1,0.78925,0.7930768579244614,0.012087659649599422,0.78925,0.036958999999114894
wide band gap insulating MOFs with low density,q5_insulating_frameworks,48,GAT only,5,qmof-4050181,Li4C28H32N4O8,0.755,5.066465,True,0.936198777,True,1.0,0.586224,1|1|1|1,0.78925,0.7930768579244614,0.011106188171106623,0.78925,0.036958999999114894
wide band gap insulating MOFs with low density,q5_insulating_frameworks,48,LEA + GraphSAGE,1,qmof-175a5d9,Fe6C42Cl6H12N18O12,0.755,3.544636,True,0.750832979,True,1.0,0.381188,1|1|1|1,0.78925,0.7930768579244614,0.0,0.8027046889066696,105.57220800001232
wide band gap insulating MOFs with low density,q5_insulating_frameworks,48,LEA + GraphSAGE,2,qmof-a2d95c3,Zn8C48H24O26,0.755,4.650938,True,0.57861881,True,1.0,0.370755,1|1|1|1,0.78925,0.7930768579244614,0.004665787797421217,0.8008528977632523,105.57220800001232
wide band gap insulating MOFs with low density,q5_insulating_frameworks,48,LEA + GraphSAGE,3,qmof-8deddd1,Zn6C42H18O18,0.755,3.550246,True,0.720023443,True,1.0,0.34957,1|1|1|1,0.78925,0.7930768579244614,0.00942666595801711,0.7970820188522338,105.57220800001232
wide band gap insulating MOFs with low density,q5_insulating_frameworks,48,LEA + GraphSAGE,4,qmof-b1cbe7a,Fe2C24H16N8,0.755,3.528396,True,0.685538233,True,1.0,0.316585,1|1|1|1,0.78925,0.7930768579244614,0.016024705410624545,0.7911838114261627,105.57220800001232
wide band gap insulating MOFs with low density,q5_insulating_frameworks,48,LEA + GraphSAGE,5,qmof-4050181,Li4C28H32N4O8,0.755,5.066465,True,0.936198777,True,1.0,0.306101,1|1|1|1,0.78925,0.7930768579244614,0.018277083290740848,0.7893027365207672,105.57220800001232
wide band gap insulating MOFs with low density,q5_insulating_frameworks,48,LEA + GAT,1,qmof-a2d95c3,Zn8C48H24O26,0.755,4.650938,True,0.57861881,True,1.0,0.637232,1|1|1|1,0.78925,0.7930768579244614,0.0,0.8466384366154671,98.15887499999576
wide band gap insulating MOFs with low density,q5_insulating_frameworks,48,LEA + GAT,2,qmof-175a5d9,Fe6C42Cl6H12N18O12,0.755,3.544636,True,0.750832979,True,1.0,0.612626,1|1|1|1,0.78925,0.7930768579244614,0.011004133149981499,0.8425757512450218,98.15887499999576
wide band gap insulating MOFs with low density,q5_insulating_frameworks,48,LEA + GAT,3,qmof-017128d,Zn6C48H60N24,0.755,5.310987,True,0.913433658,True,1.0,0.590736,1|1|1|1,0.78925,0.7930768579244614,0.01386243881036838,0.8389274954795838,98.15887499999576
wide band gap insulating MOFs with low density,q5_insulating_frameworks,48,LEA + GAT,4,qmof-e3dcc4d,Zn6C48H60N24,0.755,5.279321,True,0.917677932,True,1.0,0.590471,1|1|1|1,0.78925,0.7930768579244614,0.012087659649599422,0.8388831362128257,98.15887499999576
wide band gap insulating MOFs with low density,q5_insulating_frameworks,48,LEA + GAT,5,qmof-4050181,Li4C28H32N4O8,0.755,5.066465,True,0.936198777,True,1.0,0.586224,1|1|1|1,0.78925,0.7930768579244614,0.011106188171106623,0.8381716832518578,98.15887499999576
wide band gap insulating MOFs with low density,q5_insulating_frameworks,49,SemanticOnly,1,qmof-fb12235,Zn4C24H24N16S24,0.755,3.532606,True,1.891133304,True,0.7,,1|1|1|1,0.66925,0.9028290808200836,0.0,0.66925,0.06045799997878021
wide band gap insulating MOFs with low density,q5_insulating_frameworks,49,SemanticOnly,2,qmof-faedf85,Zn2C42H26N4O14,0.755,3.727776,True,1.73997688,True,0.7,,1|1|1|1,0.66925,0.9028290808200836,0.0,0.66925,0.06045799997878021
wide band gap insulating MOFs with low density,q5_insulating_frameworks,49,SemanticOnly,3,qmof-fa69f14,KNaB2C18H26N18S6,0.755,4.333459,True,1.26254842,True,0.7,,1|1|1|1,0.66925,0.9028290808200836,0.0,0.66925,0.06045799997878021
wide band gap insulating MOFs with low density,q5_insulating_frameworks,49,SemanticOnly,4,qmof-f6ebd2b,Zn2C40H28N8O8,0.755,4.074979,True,1.689000204,True,0.7,,1|1|1|1,0.66925,0.9028290808200836,0.0,0.66925,0.06045799997878021
wide band gap insulating MOFs with low density,q5_insulating_frameworks,49,SemanticOnly,5,qmof-f69b853,K4C28H20O4S4,0.755,3.621441,True,1.601720551,True,0.7,,1|1|1|1,0.66925,0.9028290808200836,0.0,0.66925,0.06045799997878021
wide band gap insulating MOFs with low density,q5_insulating_frameworks,49,WeightedSum,1,qmof-e3dcc4d,Zn6C48H60N24,0.755,5.279321,True,0.917677932,True,1.0,,1|1|1|1,0.78925,0.7930768579244614,0.0,0.78925,0.05104199999550474
wide band gap insulating MOFs with low density,q5_insulating_frameworks,49,WeightedSum,2,qmof-c82daac,Al2Li2C40H46N6O4,0.755,4.047188,True,0.954866212,True,1.0,,1|1|1|1,0.78925,0.7930768579244614,0.0,0.78925,0.05104199999550474
wide band gap insulating MOFs with low density,q5_insulating_frameworks,49,WeightedSum,3,qmof-b1cbe7a,Fe2C24H16N8,0.755,3.528396,True,0.685538233,True,1.0,,1|1|1|1,0.78925,0.7930768579244614,0.0,0.78925,0.05104199999550474
wide band gap insulating MOFs with low density,q5_insulating_frameworks,49,WeightedSum,4,qmof-a2d95c3,Zn8C48H24O26,0.755,4.650938,True,0.57861881,True,1.0,,1|1|1|1,0.78925,0.7930768579244614,0.0,0.78925,0.05104199999550474
wide band gap insulating MOFs with low density,q5_insulating_frameworks,49,WeightedSum,5,qmof-8deddd1,Zn6C42H18O18,0.755,3.550246,True,0.720023443,True,1.0,,1|1|1|1,0.78925,0.7930768579244614,0.0,0.78925,0.05104199999550474
wide band gap insulating MOFs with low density,q5_insulating_frameworks,49,TOPSIS,1,qmof-e3dcc4d,Zn6C48H60N24,0.755,5.279321,True,0.917677932,True,1.0,,1|1|1|1,0.78925,0.7930768579244614,0.0,0.78925,1.1829999999974916
wide band gap insulating MOFs with low density,q5_insulating_frameworks,49,TOPSIS,2,qmof-c82daac,Al2Li2C40H46N6O4,0.755,4.047188,True,0.954866212,True,1.0,,1|1|1|1,0.78925,0.7930768579244614,0.0,0.78925,1.1829999999974916
wide band gap insulating MOFs with low density,q5_insulating_frameworks,49,TOPSIS,3,qmof-b1cbe7a,Fe2C24H16N8,0.755,3.528396,True,0.685538233,True,1.0,,1|1|1|1,0.78925,0.7930768579244614,0.0,0.78925,1.1829999999974916
wide band gap insulating MOFs with low density,q5_insulating_frameworks,49,TOPSIS,4,qmof-a2d95c3,Zn8C48H24O26,0.755,4.650938,True,0.57861881,True,1.0,,1|1|1|1,0.78925,0.7930768579244614,0.0,0.78925,1.1829999999974916
wide band gap insulating MOFs with low density,q5_insulating_frameworks,49,TOPSIS,5,qmof-8deddd1,Zn6C42H18O18,0.755,3.550246,True,0.720023443,True,1.0,,1|1|1|1,0.78925,0.7930768579244614,0.0,0.78925,1.1829999999974916
wide band gap insulating MOFs with low density,q5_insulating_frameworks,49,ParetoCrowding,1,qmof-e3dcc4d,Zn6C48H60N24,0.755,5.279321,True,0.917677932,True,1.0,,1|1|1|1,0.78925,0.7930768579244614,0.0,0.78925,191.1760830000162
wide band gap insulating MOFs with low density,q5_insulating_frameworks,49,ParetoCrowding,2,qmof-c82daac,Al2Li2C40H46N6O4,0.755,4.047188,True,0.954866212,True,1.0,,1|1|1|1,0.78925,0.7930768579244614,0.0,0.78925,191.1760830000162
wide band gap insulating MOFs with low density,q5_insulating_frameworks,49,ParetoCrowding,3,qmof-b1cbe7a,Fe2C24H16N8,0.755,3.528396,True,0.685538233,True,1.0,,1|1|1|1,0.78925,0.7930768579244614,0.0,0.78925,191.1760830000162
wide band gap insulating MOFs with low density,q5_insulating_frameworks,49,ParetoCrowding,4,qmof-a2d95c3,Zn8C48H24O26,0.755,4.650938,True,0.57861881,True,1.0,,1|1|1|1,0.78925,0.7930768579244614,0.0,0.78925,191.1760830000162
wide band gap insulating MOFs with low density,q5_insulating_frameworks,49,ParetoCrowding,5,qmof-8deddd1,Zn6C42H18O18,0.755,3.550246,True,0.720023443,True,1.0,,1|1|1|1,0.78925,0.7930768579244614,0.0,0.78925,191.1760830000162
wide band gap insulating MOFs with low density,q5_insulating_frameworks,49,Random,1,qmof-2fd988a,Zn2C44H36N24O12,0.755,4.166791,True,1.567201591,True,0.7,,1|1|1|1,0.66925,0.9028290808200836,0.0,0.66925,0.04487500001459921
wide band gap insulating MOFs with low density,q5_insulating_frameworks,49,Random,2,qmof-781d4d1,Cd2Fe2C62H60N8O10,0.755,4.157661,True,1.483464058,True,0.7,,1|1|1|1,0.66925,0.9028290808200836,0.0,0.66925,0.04487500001459921
wide band gap insulating MOFs with low density,q5_insulating_frameworks,49,Random,3,qmof-57605e0,Zn2C44H52N8O12,0.755,4.104027,True,1.314274492,True,0.7,,1|1|1|1,0.66925,0.9028290808200836,0.0,0.66925,0.04487500001459921
wide band gap insulating MOFs with low density,q5_insulating_frameworks,49,Random,4,qmof-4f2905b,CoC18H24N6O2S2,0.755,3.571197,True,1.430439826,True,0.7,,1|1|1|1,0.66925,0.9028290808200836,0.0,0.66925,0.04487500001459921
wide band gap insulating MOFs with low density,q5_insulating_frameworks,49,Random,5,qmof-3288dd3,Cu4C28H32N8O16,0.755,3.956894,True,1.871743566,True,0.7,,1|1|1|1,0.66925,0.9028290808200836,0.0,0.66925,0.04487500001459921
wide band gap insulating MOFs with low density,q5_insulating_frameworks,49,MMR,1,qmof-3133aaf,Zn4C64H48N8O16,0.755,4.523716,True,0.969248466,True,1.0,,1|1|1|1,0.78925,0.7930768579244614,0.0,0.78925,1826.4332089999868
wide band gap insulating MOFs with low density,q5_insulating_frameworks,49,MMR,2,qmof-e3dcc4d,Zn6C48H60N24,0.755,5.279321,True,0.917677932,True,1.0,,1|1|1|1,0.78925,0.7930768579244614,0.0,0.78925,1826.4332089999868
wide band gap insulating MOFs with low density,q5_insulating_frameworks,49,MMR,3,qmof-017128d,Zn6C48H60N24,0.755,5.310987,True,0.913433658,True,1.0,,1|1|1|1,0.78925,0.7930768579244614,0.0,0.78925,1826.4332089999868
wide band gap insulating MOFs with low density,q5_insulating_frameworks,49,MMR,4,qmof-4050181,Li4C28H32N4O8,0.755,5.066465,True,0.936198777,True,1.0,,1|1|1|1,0.78925,0.7930768579244614,0.0,0.78925,1826.4332089999868
wide band gap insulating MOFs with low density,q5_insulating_frameworks,49,MMR,5,qmof-19d3c65,Zn3C64H52N4O18,0.755,4.20432,True,0.972263976,True,1.0,,1|1|1|1,0.78925,0.7930768579244614,0.0,0.78925,1826.4332089999868
wide band gap insulating MOFs with low density,q5_insulating_frameworks,49,LEA,1,qmof-4f9c014,Cu2C40H40N4O8,0.755,3.939544,True,0.784105616,True,1.0,,1|1|1|1,0.78925,0.7930768579244614,0.0,0.879164244234562,98.35795799997982
wide band gap insulating MOFs with low density,q5_insulating_frameworks,49,LEA,2,qmof-694fdb2,Na4C52H80N4O8,0.755,3.600195,True,0.918885408,True,1.0,,1|1|1|1,0.78925,0.7930768579244614,0.0,0.879164244234562,98.35795799997982
wide band gap insulating MOFs with low density,q5_insulating_frameworks,49,LEA,3,qmof-b1cbe7a,Fe2C24H16N8,0.755,3.528396,True,0.685538233,True,1.0,,1|1|1|1,0.78925,0.7930768579244614,0.0,0.879164244234562,98.35795799997982
wide band gap insulating MOFs with low density,q5_insulating_frameworks,49,LEA,4,qmof-175a5d9,Fe6C42Cl6H12N18O12,0.755,3.544636,True,0.750832979,True,1.0,,1|1|1|1,0.78925,0.7930768579244614,0.0,0.879164244234562,98.35795799997982
wide band gap insulating MOFs with low density,q5_insulating_frameworks,49,LEA,5,qmof-c82daac,Al2Li2C40H46N6O4,0.755,4.047188,True,0.954866212,True,1.0,,1|1|1|1,0.78925,0.7930768579244614,0.0,0.879164244234562,98.35795799997982
wide band gap insulating MOFs with low density,q5_insulating_frameworks,49,LEA no diversity,1,qmof-4f9c014,Cu2C40H40N4O8,0.755,3.939544,True,0.784105616,True,1.0,,1|1|1|1,0.78925,0.7930768579244614,0.0,0.8685576424002648,96.14941699999235
wide band gap insulating MOFs with low density,q5_insulating_frameworks,49,LEA no diversity,2,qmof-694fdb2,Na4C52H80N4O8,0.755,3.600195,True,0.918885408,True,1.0,,1|1|1|1,0.78925,0.7930768579244614,0.0,0.8685576424002648,96.14941699999235
wide band gap insulating MOFs with low density,q5_insulating_frameworks,49,LEA no diversity,3,qmof-b1cbe7a,Fe2C24H16N8,0.755,3.528396,True,0.685538233,True,1.0,,1|1|1|1,0.78925,0.7930768579244614,0.0,0.8685576424002648,96.14941699999235
wide band gap insulating MOFs with low density,q5_insulating_frameworks,49,LEA no diversity,4,qmof-175a5d9,Fe6C42Cl6H12N18O12,0.755,3.544636,True,0.750832979,True,1.0,,1|1|1|1,0.78925,0.7930768579244614,0.0,0.8685576424002648,96.14941699999235
wide band gap insulating MOFs with low density,q5_insulating_frameworks,49,LEA no diversity,5,qmof-c82daac,Al2Li2C40H46N6O4,0.755,4.047188,True,0.954866212,True,1.0,,1|1|1|1,0.78925,0.7930768579244614,0.0,0.8685576424002648,96.14941699999235
wide band gap insulating MOFs with low density,q5_insulating_frameworks,49,LEA no self-cleaning,1,qmof-4f9c014,Cu2C40H40N4O8,0.755,3.939544,True,0.784105616,True,1.0,,1|1|1|1,0.78925,0.7930768579244614,0.0,0.879164244234562,96.1093749999975
wide band gap insulating MOFs with low density,q5_insulating_frameworks,49,LEA no self-cleaning,2,qmof-694fdb2,Na4C52H80N4O8,0.755,3.600195,True,0.918885408,True,1.0,,1|1|1|1,0.78925,0.7930768579244614,0.0,0.879164244234562,96.1093749999975
wide band gap insulating MOFs with low density,q5_insulating_frameworks,49,LEA no self-cleaning,3,qmof-b1cbe7a,Fe2C24H16N8,0.755,3.528396,True,0.685538233,True,1.0,,1|1|1|1,0.78925,0.7930768579244614,0.0,0.879164244234562,96.1093749999975
wide band gap insulating MOFs with low density,q5_insulating_frameworks,49,LEA no self-cleaning,4,qmof-175a5d9,Fe6C42Cl6H12N18O12,0.755,3.544636,True,0.750832979,True,1.0,,1|1|1|1,0.78925,0.7930768579244614,0.0,0.879164244234562,96.1093749999975
wide band gap insulating MOFs with low density,q5_insulating_frameworks,49,LEA no self-cleaning,5,qmof-c82daac,Al2Li2C40H46N6O4,0.755,4.047188,True,0.954866212,True,1.0,,1|1|1|1,0.78925,0.7930768579244614,0.0,0.879164244234562,96.1093749999975
wide band gap insulating MOFs with low density,q5_insulating_frameworks,49,GraphSAGE only,1,qmof-175a5d9,Fe6C42Cl6H12N18O12,0.755,3.544636,True,0.750832979,True,1.0,0.381188,1|1|1|1,0.78925,0.7930768579244614,0.0,0.78925,0.04250000000638465
wide band gap insulating MOFs with low density,q5_insulating_frameworks,49,GraphSAGE only,2,qmof-a2d95c3,Zn8C48H24O26,0.755,4.650938,True,0.57861881,True,1.0,0.370755,1|1|1|1,0.78925,0.7930768579244614,0.004665787797421217,0.78925,0.04250000000638465
wide band gap insulating MOFs with low density,q5_insulating_frameworks,49,GraphSAGE only,3,qmof-8deddd1,Zn6C42H18O18,0.755,3.550246,True,0.720023443,True,1.0,0.34957,1|1|1|1,0.78925,0.7930768579244614,0.00942666595801711,0.78925,0.04250000000638465
wide band gap insulating MOFs with low density,q5_insulating_frameworks,49,GraphSAGE only,4,qmof-b1cbe7a,Fe2C24H16N8,0.755,3.528396,True,0.685538233,True,1.0,0.316585,1|1|1|1,0.78925,0.7930768579244614,0.016024705410624545,0.78925,0.04250000000638465
wide band gap insulating MOFs with low density,q5_insulating_frameworks,49,GraphSAGE only,5,qmof-4050181,Li4C28H32N4O8,0.755,5.066465,True,0.936198777,True,1.0,0.306101,1|1|1|1,0.78925,0.7930768579244614,0.018277083290740848,0.78925,0.04250000000638465
wide band gap insulating MOFs with low density,q5_insulating_frameworks,49,GAT only,1,qmof-a2d95c3,Zn8C48H24O26,0.755,4.650938,True,0.57861881,True,1.0,0.637232,1|1|1|1,0.78925,0.7930768579244614,0.0,0.78925,0.039125000000694854
wide band gap insulating MOFs with low density,q5_insulating_frameworks,49,GAT only,2,qmof-175a5d9,Fe6C42Cl6H12N18O12,0.755,3.544636,True,0.750832979,True,1.0,0.612626,1|1|1|1,0.78925,0.7930768579244614,0.011004133149981499,0.78925,0.039125000000694854
wide band gap insulating MOFs with low density,q5_insulating_frameworks,49,GAT only,3,qmof-017128d,Zn6C48H60N24,0.755,5.310987,True,0.913433658,True,1.0,0.590736,1|1|1|1,0.78925,0.7930768579244614,0.01386243881036838,0.78925,0.039125000000694854
wide band gap insulating MOFs with low density,q5_insulating_frameworks,49,GAT only,4,qmof-e3dcc4d,Zn6C48H60N24,0.755,5.279321,True,0.917677932,True,1.0,0.590471,1|1|1|1,0.78925,0.7930768579244614,0.012087659649599422,0.78925,0.039125000000694854
wide band gap insulating MOFs with low density,q5_insulating_frameworks,49,GAT only,5,qmof-4050181,Li4C28H32N4O8,0.755,5.066465,True,0.936198777,True,1.0,0.586224,1|1|1|1,0.78925,0.7930768579244614,0.011106188171106623,0.78925,0.039125000000694854
wide band gap insulating MOFs with low density,q5_insulating_frameworks,49,LEA + GraphSAGE,1,qmof-175a5d9,Fe6C42Cl6H12N18O12,0.755,3.544636,True,0.750832979,True,1.0,0.381188,1|1|1|1,0.78925,0.7930768579244614,0.0,0.8027046889066696,100.17716699999824
wide band gap insulating MOFs with low density,q5_insulating_frameworks,49,LEA + GraphSAGE,2,qmof-a2d95c3,Zn8C48H24O26,0.755,4.650938,True,0.57861881,True,1.0,0.370755,1|1|1|1,0.78925,0.7930768579244614,0.004665787797421217,0.8008528977632523,100.17716699999824
wide band gap insulating MOFs with low density,q5_insulating_frameworks,49,LEA + GraphSAGE,3,qmof-8deddd1,Zn6C42H18O18,0.755,3.550246,True,0.720023443,True,1.0,0.34957,1|1|1|1,0.78925,0.7930768579244614,0.00942666595801711,0.7970820188522338,100.17716699999824
wide band gap insulating MOFs with low density,q5_insulating_frameworks,49,LEA + GraphSAGE,4,qmof-b1cbe7a,Fe2C24H16N8,0.755,3.528396,True,0.685538233,True,1.0,0.316585,1|1|1|1,0.78925,0.7930768579244614,0.016024705410624545,0.7911838114261627,100.17716699999824
wide band gap insulating MOFs with low density,q5_insulating_frameworks,49,LEA + GraphSAGE,5,qmof-4050181,Li4C28H32N4O8,0.755,5.066465,True,0.936198777,True,1.0,0.306101,1|1|1|1,0.78925,0.7930768579244614,0.018277083290740848,0.7893027365207672,100.17716699999824
wide band gap insulating MOFs with low density,q5_insulating_frameworks,49,LEA + GAT,1,qmof-a2d95c3,Zn8C48H24O26,0.755,4.650938,True,0.57861881,True,1.0,0.637232,1|1|1|1,0.78925,0.7930768579244614,0.0,0.8466384366154671,94.8988750000126
wide band gap insulating MOFs with low density,q5_insulating_frameworks,49,LEA + GAT,2,qmof-175a5d9,Fe6C42Cl6H12N18O12,0.755,3.544636,True,0.750832979,True,1.0,0.612626,1|1|1|1,0.78925,0.7930768579244614,0.011004133149981499,0.8425757512450218,94.8988750000126
wide band gap insulating MOFs with low density,q5_insulating_frameworks,49,LEA + GAT,3,qmof-017128d,Zn6C48H60N24,0.755,5.310987,True,0.913433658,True,1.0,0.590736,1|1|1|1,0.78925,0.7930768579244614,0.01386243881036838,0.8389274954795838,94.8988750000126
wide band gap insulating MOFs with low density,q5_insulating_frameworks,49,LEA + GAT,4,qmof-e3dcc4d,Zn6C48H60N24,0.755,5.279321,True,0.917677932,True,1.0,0.590471,1|1|1|1,0.78925,0.7930768579244614,0.012087659649599422,0.8388831362128257,94.8988750000126
wide band gap insulating MOFs with low density,q5_insulating_frameworks,49,LEA + GAT,5,qmof-4050181,Li4C28H32N4O8,0.755,5.066465,True,0.936198777,True,1.0,0.586224,1|1|1|1,0.78925,0.7930768579244614,0.011106188171106623,0.8381716832518578,94.8988750000126
wide band gap insulating MOFs with low density,q5_insulating_frameworks,50,SemanticOnly,1,qmof-fe49acf,Zn2C64H44N8O8,0.755,4.212406,True,1.486133454,True,0.7,,1|1|1|1,0.66925,0.9028290808200836,0.0,0.66925,0.04874999999060492
wide band gap insulating MOFs with low density,q5_insulating_frameworks,50,SemanticOnly,2,qmof-f730251,Cd2C28H24N2O10,0.755,4.563412,True,1.618365409,True,0.7,,1|1|1|1,0.66925,0.9028290808200836,0.0,0.66925,0.04874999999060492
wide band gap insulating MOFs with low density,q5_insulating_frameworks,50,SemanticOnly,3,qmof-f69b853,K4C28H20O4S4,0.755,3.621441,True,1.601720551,True,0.7,,1|1|1|1,0.66925,0.9028290808200836,0.0,0.66925,0.04874999999060492
wide band gap insulating MOFs with low density,q5_insulating_frameworks,50,SemanticOnly,4,qmof-f360972,Co2C18H28N4O12P4,0.755,3.915648,True,1.787219535,True,0.7,,1|1|1|1,0.66925,0.9028290808200836,0.0,0.66925,0.04874999999060492
wide band gap insulating MOFs with low density,q5_insulating_frameworks,50,SemanticOnly,5,qmof-f24dae1,Cd2C24Cl4H16N8S4,0.755,4.484951,True,1.901854198,True,0.7,,1|1|1|1,0.66925,0.9028290808200836,0.0,0.66925,0.04874999999060492
wide band gap insulating MOFs with low density,q5_insulating_frameworks,50,WeightedSum,1,qmof-e3dcc4d,Zn6C48H60N24,0.755,5.279321,True,0.917677932,True,1.0,,1|1|1|1,0.78925,0.7930768579244614,0.0,0.78925,0.05670899997767265
wide band gap insulating MOFs with low density,q5_insulating_frameworks,50,WeightedSum,2,qmof-c82daac,Al2Li2C40H46N6O4,0.755,4.047188,True,0.954866212,True,1.0,,1|1|1|1,0.78925,0.7930768579244614,0.0,0.78925,0.05670899997767265
wide band gap insulating MOFs with low density,q5_insulating_frameworks,50,WeightedSum,3,qmof-b1cbe7a,Fe2C24H16N8,0.755,3.528396,True,0.685538233,True,1.0,,1|1|1|1,0.78925,0.7930768579244614,0.0,0.78925,0.05670899997767265
wide band gap insulating MOFs with low density,q5_insulating_frameworks,50,WeightedSum,4,qmof-a2d95c3,Zn8C48H24O26,0.755,4.650938,True,0.57861881,True,1.0,,1|1|1|1,0.78925,0.7930768579244614,0.0,0.78925,0.05670899997767265
wide band gap insulating MOFs with low density,q5_insulating_frameworks,50,WeightedSum,5,qmof-8deddd1,Zn6C42H18O18,0.755,3.550246,True,0.720023443,True,1.0,,1|1|1|1,0.78925,0.7930768579244614,0.0,0.78925,0.05670899997767265
wide band gap insulating MOFs with low density,q5_insulating_frameworks,50,TOPSIS,1,qmof-e3dcc4d,Zn6C48H60N24,0.755,5.279321,True,0.917677932,True,1.0,,1|1|1|1,0.78925,0.7930768579244614,0.0,0.78925,1.3217920000272443
wide band gap insulating MOFs with low density,q5_insulating_frameworks,50,TOPSIS,2,qmof-c82daac,Al2Li2C40H46N6O4,0.755,4.047188,True,0.954866212,True,1.0,,1|1|1|1,0.78925,0.7930768579244614,0.0,0.78925,1.3217920000272443
wide band gap insulating MOFs with low density,q5_insulating_frameworks,50,TOPSIS,3,qmof-b1cbe7a,Fe2C24H16N8,0.755,3.528396,True,0.685538233,True,1.0,,1|1|1|1,0.78925,0.7930768579244614,0.0,0.78925,1.3217920000272443
wide band gap insulating MOFs with low density,q5_insulating_frameworks,50,TOPSIS,4,qmof-a2d95c3,Zn8C48H24O26,0.755,4.650938,True,0.57861881,True,1.0,,1|1|1|1,0.78925,0.7930768579244614,0.0,0.78925,1.3217920000272443
wide band gap insulating MOFs with low density,q5_insulating_frameworks,50,TOPSIS,5,qmof-8deddd1,Zn6C42H18O18,0.755,3.550246,True,0.720023443,True,1.0,,1|1|1|1,0.78925,0.7930768579244614,0.0,0.78925,1.3217920000272443
wide band gap insulating MOFs with low density,q5_insulating_frameworks,50,ParetoCrowding,1,qmof-e3dcc4d,Zn6C48H60N24,0.755,5.279321,True,0.917677932,True,1.0,,1|1|1|1,0.78925,0.7930768579244614,0.0,0.78925,197.142499999984
wide band gap insulating MOFs with low density,q5_insulating_frameworks,50,ParetoCrowding,2,qmof-c82daac,Al2Li2C40H46N6O4,0.755,4.047188,True,0.954866212,True,1.0,,1|1|1|1,0.78925,0.7930768579244614,0.0,0.78925,197.142499999984
wide band gap insulating MOFs with low density,q5_insulating_frameworks,50,ParetoCrowding,3,qmof-b1cbe7a,Fe2C24H16N8,0.755,3.528396,True,0.685538233,True,1.0,,1|1|1|1,0.78925,0.7930768579244614,0.0,0.78925,197.142499999984
wide band gap insulating MOFs with low density,q5_insulating_frameworks,50,ParetoCrowding,4,qmof-a2d95c3,Zn8C48H24O26,0.755,4.650938,True,0.57861881,True,1.0,,1|1|1|1,0.78925,0.7930768579244614,0.0,0.78925,197.142499999984
wide band gap insulating MOFs with low density,q5_insulating_frameworks,50,ParetoCrowding,5,qmof-8deddd1,Zn6C42H18O18,0.755,3.550246,True,0.720023443,True,1.0,,1|1|1|1,0.78925,0.7930768579244614,0.0,0.78925,197.142499999984
wide band gap insulating MOFs with low density,q5_insulating_frameworks,50,Random,1,qmof-8df56c1,Cd2C40H36N8O14,0.755,4.057081,True,1.492741724,True,0.7,,1|1|1|1,0.66925,0.9028290808200836,0.0,0.66925,0.05858299999772498
wide band gap insulating MOFs with low density,q5_insulating_frameworks,50,Random,2,qmof-1e98fe6,CuC14H10N12O4,0.755,3.808937,True,1.681733812,True,0.7,,1|1|1|1,0.66925,0.9028290808200836,0.0,0.66925,0.05858299999772498
wide band gap insulating MOFs with low density,q5_insulating_frameworks,50,Random,3,qmof-a2d95c3,Zn8C48H24O26,0.755,4.650938,True,0.57861881,True,1.0,,1|1|1|1,0.78925,0.7930768579244614,0.14142135779062906,0.78925,0.05858299999772498
wide band gap insulating MOFs with low density,q5_insulating_frameworks,50,Random,4,qmof-310fe8a,Ag2C42H38N8O10S2,0.755,4.300109,True,1.719441401,True,0.7,,1|1|1|1,0.66925,0.9028290808200836,0.1060660183429718,0.66925,0.05858299999772498
wide band gap insulating MOFs with low density,q5_insulating_frameworks,50,Random,5,qmof-8deddd1,Zn6C42H18O18,0.755,3.550246,True,0.720023443,True,1.0,,1|1|1|1,0.78925,0.7930768579244614,0.12727922201156616,0.78925,0.05858299999772498
wide band gap insulating MOFs with low density,q5_insulating_frameworks,50,MMR,1,qmof-017128d,Zn6C48H60N24,0.755,5.310987,True,0.913433658,True,1.0,,1|1|1|1,0.78925,0.7930768579244614,0.0,0.78925,1704.7284169999841
wide band gap insulating MOFs with low density,q5_insulating_frameworks,50,MMR,2,qmof-b1cbe7a,Fe2C24H16N8,0.755,3.528396,True,0.685538233,True,1.0,,1|1|1|1,0.78925,0.7930768579244614,0.0,0.78925,1704.7284169999841
wide band gap insulating MOFs with low density,q5_insulating_frameworks,50,MMR,3,qmof-8deddd1,Zn6C42H18O18,0.755,3.550246,True,0.720023443,True,1.0,,1|1|1|1,0.78925,0.7930768579244614,0.0,0.78925,1704.7284169999841
wide band gap insulating MOFs with low density,q5_insulating_frameworks,50,MMR,4,qmof-19d3c65,Zn3C64H52N4O18,0.755,4.20432,True,0.972263976,True,1.0,,1|1|1|1,0.78925,0.7930768579244614,0.0,0.78925,1704.7284169999841
wide band gap insulating MOFs with low density,q5_insulating_frameworks,50,MMR,5,qmof-c82daac,Al2Li2C40H46N6O4,0.755,4.047188,True,0.954866212,True,1.0,,1|1|1|1,0.78925,0.7930768579244614,0.0,0.78925,1704.7284169999841
wide band gap insulating MOFs with low density,q5_insulating_frameworks,50,LEA,1,qmof-e3dcc4d,Zn6C48H60N24,0.755,5.279321,True,0.917677932,True,1.0,,1|1|1|1,0.78925,0.7930768579244614,0.0,0.879164244234562,92.1430829999963
wide band gap insulating MOFs with low density,q5_insulating_frameworks,50,LEA,2,qmof-3133aaf,Zn4C64H48N8O16,0.755,4.523716,True,0.969248466,True,1.0,,1|1|1|1,0.78925,0.7930768579244614,0.0,0.879164244234562,92.1430829999963
wide band gap insulating MOFs with low density,q5_insulating_frameworks,50,LEA,3,qmof-694fdb2,Na4C52H80N4O8,0.755,3.600195,True,0.918885408,True,1.0,,1|1|1|1,0.78925,0.7930768579244614,0.0,0.879164244234562,92.1430829999963
wide band gap insulating MOFs with low density,q5_insulating_frameworks,50,LEA,4,qmof-4050181,Li4C28H32N4O8,0.755,5.066465,True,0.936198777,True,1.0,,1|1|1|1,0.78925,0.7930768579244614,0.0,0.879164244234562,92.1430829999963
wide band gap insulating MOFs with low density,q5_insulating_frameworks,50,LEA,5,qmof-4f9c014,Cu2C40H40N4O8,0.755,3.939544,True,0.784105616,True,1.0,,1|1|1|1,0.78925,0.7930768579244614,0.0,0.879164244234562,92.1430829999963
wide band gap insulating MOFs with low density,q5_insulating_frameworks,50,LEA no diversity,1,qmof-e3dcc4d,Zn6C48H60N24,0.755,5.279321,True,0.917677932,True,1.0,,1|1|1|1,0.78925,0.7930768579244614,0.0,0.8685576424002648,92.90299999997842
wide band gap insulating MOFs with low density,q5_insulating_frameworks,50,LEA no diversity,2,qmof-3133aaf,Zn4C64H48N8O16,0.755,4.523716,True,0.969248466,True,1.0,,1|1|1|1,0.78925,0.7930768579244614,0.0,0.8685576424002648,92.90299999997842
wide band gap insulating MOFs with low density,q5_insulating_frameworks,50,LEA no diversity,3,qmof-694fdb2,Na4C52H80N4O8,0.755,3.600195,True,0.918885408,True,1.0,,1|1|1|1,0.78925,0.7930768579244614,0.0,0.8685576424002648,92.90299999997842
wide band gap insulating MOFs with low density,q5_insulating_frameworks,50,LEA no diversity,4,qmof-4050181,Li4C28H32N4O8,0.755,5.066465,True,0.936198777,True,1.0,,1|1|1|1,0.78925,0.7930768579244614,0.0,0.8685576424002648,92.90299999997842
wide band gap insulating MOFs with low density,q5_insulating_frameworks,50,LEA no diversity,5,qmof-4f9c014,Cu2C40H40N4O8,0.755,3.939544,True,0.784105616,True,1.0,,1|1|1|1,0.78925,0.7930768579244614,0.0,0.8685576424002648,92.90299999997842
wide band gap insulating MOFs with low density,q5_insulating_frameworks,50,LEA no self-cleaning,1,qmof-e3dcc4d,Zn6C48H60N24,0.755,5.279321,True,0.917677932,True,1.0,,1|1|1|1,0.78925,0.7930768579244614,0.0,0.879164244234562,98.25504200000523
wide band gap insulating MOFs with low density,q5_insulating_frameworks,50,LEA no self-cleaning,2,qmof-3133aaf,Zn4C64H48N8O16,0.755,4.523716,True,0.969248466,True,1.0,,1|1|1|1,0.78925,0.7930768579244614,0.0,0.879164244234562,98.25504200000523
wide band gap insulating MOFs with low density,q5_insulating_frameworks,50,LEA no self-cleaning,3,qmof-694fdb2,Na4C52H80N4O8,0.755,3.600195,True,0.918885408,True,1.0,,1|1|1|1,0.78925,0.7930768579244614,0.0,0.879164244234562,98.25504200000523
wide band gap insulating MOFs with low density,q5_insulating_frameworks,50,LEA no self-cleaning,4,qmof-4050181,Li4C28H32N4O8,0.755,5.066465,True,0.936198777,True,1.0,,1|1|1|1,0.78925,0.7930768579244614,0.0,0.879164244234562,98.25504200000523
wide band gap insulating MOFs with low density,q5_insulating_frameworks,50,LEA no self-cleaning,5,qmof-4f9c014,Cu2C40H40N4O8,0.755,3.939544,True,0.784105616,True,1.0,,1|1|1|1,0.78925,0.7930768579244614,0.0,0.879164244234562,98.25504200000523
wide band gap insulating MOFs with low density,q5_insulating_frameworks,50,GraphSAGE only,1,qmof-175a5d9,Fe6C42Cl6H12N18O12,0.755,3.544636,True,0.750832979,True,1.0,0.381188,1|1|1|1,0.78925,0.7930768579244614,0.0,0.78925,0.04187499999375177
wide band gap insulating MOFs with low density,q5_insulating_frameworks,50,GraphSAGE only,2,qmof-a2d95c3,Zn8C48H24O26,0.755,4.650938,True,0.57861881,True,1.0,0.370755,1|1|1|1,0.78925,0.7930768579244614,0.004665787797421217,0.78925,0.04187499999375177
wide band gap insulating MOFs with low density,q5_insulating_frameworks,50,GraphSAGE only,3,qmof-8deddd1,Zn6C42H18O18,0.755,3.550246,True,0.720023443,True,1.0,0.34957,1|1|1|1,0.78925,0.7930768579244614,0.00942666595801711,0.78925,0.04187499999375177
wide band gap insulating MOFs with low density,q5_insulating_frameworks,50,GraphSAGE only,4,qmof-b1cbe7a,Fe2C24H16N8,0.755,3.528396,True,0.685538233,True,1.0,0.316585,1|1|1|1,0.78925,0.7930768579244614,0.016024705410624545,0.78925,0.04187499999375177
wide band gap insulating MOFs with low density,q5_insulating_frameworks,50,GraphSAGE only,5,qmof-4050181,Li4C28H32N4O8,0.755,5.066465,True,0.936198777,True,1.0,0.306101,1|1|1|1,0.78925,0.7930768579244614,0.018277083290740848,0.78925,0.04187499999375177
wide band gap insulating MOFs with low density,q5_insulating_frameworks,50,GAT only,1,qmof-a2d95c3,Zn8C48H24O26,0.755,4.650938,True,0.57861881,True,1.0,0.637232,1|1|1|1,0.78925,0.7930768579244614,0.0,0.78925,0.038167000013800134
wide band gap insulating MOFs with low density,q5_insulating_frameworks,50,GAT only,2,qmof-175a5d9,Fe6C42Cl6H12N18O12,0.755,3.544636,True,0.750832979,True,1.0,0.612626,1|1|1|1,0.78925,0.7930768579244614,0.011004133149981499,0.78925,0.038167000013800134
wide band gap insulating MOFs with low density,q5_insulating_frameworks,50,GAT only,3,qmof-017128d,Zn6C48H60N24,0.755,5.310987,True,0.913433658,True,1.0,0.590736,1|1|1|1,0.78925,0.7930768579244614,0.01386243881036838,0.78925,0.038167000013800134
wide band gap insulating MOFs with low density,q5_insulating_frameworks,50,GAT only,4,qmof-e3dcc4d,Zn6C48H60N24,0.755,5.279321,True,0.917677932,True,1.0,0.590471,1|1|1|1,0.78925,0.7930768579244614,0.012087659649599422,0.78925,0.038167000013800134
wide band gap insulating MOFs with low density,q5_insulating_frameworks,50,GAT only,5,qmof-4050181,Li4C28H32N4O8,0.755,5.066465,True,0.936198777,True,1.0,0.586224,1|1|1|1,0.78925,0.7930768579244614,0.011106188171106623,0.78925,0.038167000013800134
wide band gap insulating MOFs with low density,q5_insulating_frameworks,50,LEA + GraphSAGE,1,qmof-175a5d9,Fe6C42Cl6H12N18O12,0.755,3.544636,True,0.750832979,True,1.0,0.381188,1|1|1|1,0.78925,0.7930768579244614,0.0,0.8027046889066696,100.03995899998586
wide band gap insulating MOFs with low density,q5_insulating_frameworks,50,LEA + GraphSAGE,2,qmof-a2d95c3,Zn8C48H24O26,0.755,4.650938,True,0.57861881,True,1.0,0.370755,1|1|1|1,0.78925,0.7930768579244614,0.004665787797421217,0.8008528977632523,100.03995899998586
wide band gap insulating MOFs with low density,q5_insulating_frameworks,50,LEA + GraphSAGE,3,qmof-8deddd1,Zn6C42H18O18,0.755,3.550246,True,0.720023443,True,1.0,0.34957,1|1|1|1,0.78925,0.7930768579244614,0.00942666595801711,0.7970820188522338,100.03995899998586
wide band gap insulating MOFs with low density,q5_insulating_frameworks,50,LEA + GraphSAGE,4,qmof-b1cbe7a,Fe2C24H16N8,0.755,3.528396,True,0.685538233,True,1.0,0.316585,1|1|1|1,0.78925,0.7930768579244614,0.016024705410624545,0.7911838114261627,100.03995899998586
wide band gap insulating MOFs with low density,q5_insulating_frameworks,50,LEA + GraphSAGE,5,qmof-4050181,Li4C28H32N4O8,0.755,5.066465,True,0.936198777,True,1.0,0.306101,1|1|1|1,0.78925,0.7930768579244614,0.018277083290740848,0.7893027365207672,100.03995899998586
wide band gap insulating MOFs with low density,q5_insulating_frameworks,50,LEA + GAT,1,qmof-a2d95c3,Zn8C48H24O26,0.755,4.650938,True,0.57861881,True,1.0,0.637232,1|1|1|1,0.78925,0.7930768579244614,0.0,0.8466384366154671,98.06454200000303
wide band gap insulating MOFs with low density,q5_insulating_frameworks,50,LEA + GAT,2,qmof-175a5d9,Fe6C42Cl6H12N18O12,0.755,3.544636,True,0.750832979,True,1.0,0.612626,1|1|1|1,0.78925,0.7930768579244614,0.011004133149981499,0.8425757512450218,98.06454200000303
wide band gap insulating MOFs with low density,q5_insulating_frameworks,50,LEA + GAT,3,qmof-017128d,Zn6C48H60N24,0.755,5.310987,True,0.913433658,True,1.0,0.590736,1|1|1|1,0.78925,0.7930768579244614,0.01386243881036838,0.8389274954795838,98.06454200000303
wide band gap insulating MOFs with low density,q5_insulating_frameworks,50,LEA + GAT,4,qmof-e3dcc4d,Zn6C48H60N24,0.755,5.279321,True,0.917677932,True,1.0,0.590471,1|1|1|1,0.78925,0.7930768579244614,0.012087659649599422,0.8388831362128257,98.06454200000303
wide band gap insulating MOFs with low density,q5_insulating_frameworks,50,LEA + GAT,5,qmof-4050181,Li4C28H32N4O8,0.755,5.066465,True,0.936198777,True,1.0,0.586224,1|1|1|1,0.78925,0.7930768579244614,0.011106188171106623,0.8381716832518578,98.06454200000303
wide band gap insulating MOFs with low density,q5_insulating_frameworks,51,SemanticOnly,1,qmof-f96785a,Zn2C36H36N8O10,0.755,4.741722,True,1.578911361,True,0.7,,1|1|1|1,0.66925,0.9028290808200836,0.0,0.66925,0.04975000001650187
wide band gap insulating MOFs with low density,q5_insulating_frameworks,51,SemanticOnly,2,qmof-f6f314a,Cd2C36H32N8O8S6,0.755,3.856054,True,1.750076538,True,0.7,,1|1|1|1,0.66925,0.9028290808200836,0.0,0.66925,0.04975000001650187
wide band gap insulating MOFs with low density,q5_insulating_frameworks,51,SemanticOnly,3,qmof-f689494,Cd4C56H40N16O12,0.755,3.955084,True,1.993375953,True,0.7,,1|1|1|1,0.66925,0.9028290808200836,0.0,0.66925,0.04975000001650187
wide band gap insulating MOFs with low density,q5_insulating_frameworks,51,SemanticOnly,4,qmof-f441841,Cu2C32H28N4O12,0.755,3.720497,True,1.728310271,True,0.7,,1|1|1|1,0.66925,0.9028290808200836,0.0,0.66925,0.04975000001650187
wide band gap insulating MOFs with low density,q5_insulating_frameworks,51,SemanticOnly,5,qmof-f32cf71,CdC36F8H24N6O6,0.755,4.601082,True,1.49416873,True,0.7,,1|1|1|1,0.66925,0.9028290808200836,0.0,0.66925,0.04975000001650187
wide band gap insulating MOFs with low density,q5_insulating_frameworks,51,WeightedSum,1,qmof-e3dcc4d,Zn6C48H60N24,0.755,5.279321,True,0.917677932,True,1.0,,1|1|1|1,0.78925,0.7930768579244614,0.0,0.78925,0.045999999997548
wide band gap insulating MOFs with low density,q5_insulating_frameworks,51,WeightedSum,2,qmof-c82daac,Al2Li2C40H46N6O4,0.755,4.047188,True,0.954866212,True,1.0,,1|1|1|1,0.78925,0.7930768579244614,0.0,0.78925,0.045999999997548
wide band gap insulating MOFs with low density,q5_insulating_frameworks,51,WeightedSum,3,qmof-b1cbe7a,Fe2C24H16N8,0.755,3.528396,True,0.685538233,True,1.0,,1|1|1|1,0.78925,0.7930768579244614,0.0,0.78925,0.045999999997548
wide band gap insulating MOFs with low density,q5_insulating_frameworks,51,WeightedSum,4,qmof-a2d95c3,Zn8C48H24O26,0.755,4.650938,True,0.57861881,True,1.0,,1|1|1|1,0.78925,0.7930768579244614,0.0,0.78925,0.045999999997548
wide band gap insulating MOFs with low density,q5_insulating_frameworks,51,WeightedSum,5,qmof-8deddd1,Zn6C42H18O18,0.755,3.550246,True,0.720023443,True,1.0,,1|1|1|1,0.78925,0.7930768579244614,0.0,0.78925,0.045999999997548
wide band gap insulating MOFs with low density,q5_insulating_frameworks,51,TOPSIS,1,qmof-e3dcc4d,Zn6C48H60N24,0.755,5.279321,True,0.917677932,True,1.0,,1|1|1|1,0.78925,0.7930768579244614,0.0,0.78925,1.2230420000207687
wide band gap insulating MOFs with low density,q5_insulating_frameworks,51,TOPSIS,2,qmof-c82daac,Al2Li2C40H46N6O4,0.755,4.047188,True,0.954866212,True,1.0,,1|1|1|1,0.78925,0.7930768579244614,0.0,0.78925,1.2230420000207687
wide band gap insulating MOFs with low density,q5_insulating_frameworks,51,TOPSIS,3,qmof-b1cbe7a,Fe2C24H16N8,0.755,3.528396,True,0.685538233,True,1.0,,1|1|1|1,0.78925,0.7930768579244614,0.0,0.78925,1.2230420000207687
wide band gap insulating MOFs with low density,q5_insulating_frameworks,51,TOPSIS,4,qmof-a2d95c3,Zn8C48H24O26,0.755,4.650938,True,0.57861881,True,1.0,,1|1|1|1,0.78925,0.7930768579244614,0.0,0.78925,1.2230420000207687
wide band gap insulating MOFs with low density,q5_insulating_frameworks,51,TOPSIS,5,qmof-8deddd1,Zn6C42H18O18,0.755,3.550246,True,0.720023443,True,1.0,,1|1|1|1,0.78925,0.7930768579244614,0.0,0.78925,1.2230420000207687
wide band gap insulating MOFs with low density,q5_insulating_frameworks,51,ParetoCrowding,1,qmof-e3dcc4d,Zn6C48H60N24,0.755,5.279321,True,0.917677932,True,1.0,,1|1|1|1,0.78925,0.7930768579244614,0.0,0.78925,195.06829200000197
wide band gap insulating MOFs with low density,q5_insulating_frameworks,51,ParetoCrowding,2,qmof-c82daac,Al2Li2C40H46N6O4,0.755,4.047188,True,0.954866212,True,1.0,,1|1|1|1,0.78925,0.7930768579244614,0.0,0.78925,195.06829200000197
wide band gap insulating MOFs with low density,q5_insulating_frameworks,51,ParetoCrowding,3,qmof-b1cbe7a,Fe2C24H16N8,0.755,3.528396,True,0.685538233,True,1.0,,1|1|1|1,0.78925,0.7930768579244614,0.0,0.78925,195.06829200000197
wide band gap insulating MOFs with low density,q5_insulating_frameworks,51,ParetoCrowding,4,qmof-a2d95c3,Zn8C48H24O26,0.755,4.650938,True,0.57861881,True,1.0,,1|1|1|1,0.78925,0.7930768579244614,0.0,0.78925,195.06829200000197
wide band gap insulating MOFs with low density,q5_insulating_frameworks,51,ParetoCrowding,5,qmof-8deddd1,Zn6C42H18O18,0.755,3.550246,True,0.720023443,True,1.0,,1|1|1|1,0.78925,0.7930768579244614,0.0,0.78925,195.06829200000197
wide band gap insulating MOFs with low density,q5_insulating_frameworks,51,Random,1,qmof-1102a03,Zn4C56H48N20O12,0.755,3.890088,True,1.783481404,True,0.7,,1|1|1|1,0.66925,0.9028290808200836,0.0,0.66925,0.04679200000623496
wide band gap insulating MOFs with low density,q5_insulating_frameworks,51,Random,2,qmof-017128d,Zn6C48H60N24,0.755,5.310987,True,0.913433658,True,1.0,,1|1|1|1,0.78925,0.7930768579244614,0.2121320366859436,0.78925,0.04679200000623496
wide band gap insulating MOFs with low density,q5_insulating_frameworks,51,Random,3,qmof-f689494,Cd4C56H40N16O12,0.755,3.955084,True,1.993375953,True,0.7,,1|1|1|1,0.66925,0.9028290808200836,0.14142135779062906,0.66925,0.04679200000623496
wide band gap insulating MOFs with low density,q5_insulating_frameworks,51,Random,4,qmof-ba852ff,Cd2C44H52I4N8,0.755,4.309753,True,1.904434339,True,0.7,,1|1|1|1,0.66925,0.9028290808200836,0.1060660183429718,0.66925,0.04679200000623496
wide band gap insulating MOFs with low density,q5_insulating_frameworks,51,Random,5,qmof-94dd3be,Zn2C28H24N4O8,0.755,4.255752,True,1.798806564,True,0.7,,1|1|1|1,0.66925,0.9028290808200836,0.08485281467437744,0.66925,0.04679200000623496
wide band gap insulating MOFs with low density,q5_insulating_frameworks,51,MMR,1,qmof-175a5d9,Fe6C42Cl6H12N18O12,0.755,3.544636,True,0.750832979,True,1.0,,1|1|1|1,0.78925,0.7930768579244614,0.0,0.78925,1700.2134169999863
wide band gap insulating MOFs with low density,q5_insulating_frameworks,51,MMR,2,qmof-19d3c65,Zn3C64H52N4O18,0.755,4.20432,True,0.972263976,True,1.0,,1|1|1|1,0.78925,0.7930768579244614,0.0,0.78925,1700.2134169999863
wide band gap insulating MOFs with low density,q5_insulating_frameworks,51,MMR,3,qmof-017128d,Zn6C48H60N24,0.755,5.310987,True,0.913433658,True,1.0,,1|1|1|1,0.78925,0.7930768579244614,0.0,0.78925,1700.2134169999863
wide band gap insulating MOFs with low density,q5_insulating_frameworks,51,MMR,4,qmof-c82daac,Al2Li2C40H46N6O4,0.755,4.047188,True,0.954866212,True,1.0,,1|1|1|1,0.78925,0.7930768579244614,0.0,0.78925,1700.2134169999863
wide band gap insulating MOFs with low density,q5_insulating_frameworks,51,MMR,5,qmof-b1cbe7a,Fe2C24H16N8,0.755,3.528396,True,0.685538233,True,1.0,,1|1|1|1,0.78925,0.7930768579244614,0.0,0.78925,1700.2134169999863
wide band gap insulating MOFs with low density,q5_insulating_frameworks,51,LEA,1,qmof-4f9c014,Cu2C40H40N4O8,0.755,3.939544,True,0.784105616,True,1.0,,1|1|1|1,0.78925,0.7930768579244614,0.0,0.879164244234562,91.76754199998527
wide band gap insulating MOFs with low density,q5_insulating_frameworks,51,LEA,2,qmof-4050181,Li4C28H32N4O8,0.755,5.066465,True,0.936198777,True,1.0,,1|1|1|1,0.78925,0.7930768579244614,0.0,0.879164244234562,91.76754199998527
wide band gap insulating MOFs with low density,q5_insulating_frameworks,51,LEA,3,qmof-8deddd1,Zn6C42H18O18,0.755,3.550246,True,0.720023443,True,1.0,,1|1|1|1,0.78925,0.7930768579244614,0.0,0.879164244234562,91.76754199998527
wide band gap insulating MOFs with low density,q5_insulating_frameworks,51,LEA,4,qmof-694fdb2,Na4C52H80N4O8,0.755,3.600195,True,0.918885408,True,1.0,,1|1|1|1,0.78925,0.7930768579244614,0.0,0.879164244234562,91.76754199998527
wide band gap insulating MOFs with low density,q5_insulating_frameworks,51,LEA,5,qmof-a2d95c3,Zn8C48H24O26,0.755,4.650938,True,0.57861881,True,1.0,,1|1|1|1,0.78925,0.7930768579244614,0.0,0.879164244234562,91.76754199998527
wide band gap insulating MOFs with low density,q5_insulating_frameworks,51,LEA no diversity,1,qmof-4f9c014,Cu2C40H40N4O8,0.755,3.939544,True,0.784105616,True,1.0,,1|1|1|1,0.78925,0.7930768579244614,0.0,0.8685576424002648,94.3907500000023
wide band gap insulating MOFs with low density,q5_insulating_frameworks,51,LEA no diversity,2,qmof-4050181,Li4C28H32N4O8,0.755,5.066465,True,0.936198777,True,1.0,,1|1|1|1,0.78925,0.7930768579244614,0.0,0.8685576424002648,94.3907500000023
wide band gap insulating MOFs with low density,q5_insulating_frameworks,51,LEA no diversity,3,qmof-8deddd1,Zn6C42H18O18,0.755,3.550246,True,0.720023443,True,1.0,,1|1|1|1,0.78925,0.7930768579244614,0.0,0.8685576424002648,94.3907500000023
wide band gap insulating MOFs with low density,q5_insulating_frameworks,51,LEA no diversity,4,qmof-694fdb2,Na4C52H80N4O8,0.755,3.600195,True,0.918885408,True,1.0,,1|1|1|1,0.78925,0.7930768579244614,0.0,0.8685576424002648,94.3907500000023
wide band gap insulating MOFs with low density,q5_insulating_frameworks,51,LEA no diversity,5,qmof-a2d95c3,Zn8C48H24O26,0.755,4.650938,True,0.57861881,True,1.0,,1|1|1|1,0.78925,0.7930768579244614,0.0,0.8685576424002648,94.3907500000023
wide band gap insulating MOFs with low density,q5_insulating_frameworks,51,LEA no self-cleaning,1,qmof-4f9c014,Cu2C40H40N4O8,0.755,3.939544,True,0.784105616,True,1.0,,1|1|1|1,0.78925,0.7930768579244614,0.0,0.879164244234562,96.48145799999952
wide band gap insulating MOFs with low density,q5_insulating_frameworks,51,LEA no self-cleaning,2,qmof-4050181,Li4C28H32N4O8,0.755,5.066465,True,0.936198777,True,1.0,,1|1|1|1,0.78925,0.7930768579244614,0.0,0.879164244234562,96.48145799999952
wide band gap insulating MOFs with low density,q5_insulating_frameworks,51,LEA no self-cleaning,3,qmof-8deddd1,Zn6C42H18O18,0.755,3.550246,True,0.720023443,True,1.0,,1|1|1|1,0.78925,0.7930768579244614,0.0,0.879164244234562,96.48145799999952
wide band gap insulating MOFs with low density,q5_insulating_frameworks,51,LEA no self-cleaning,4,qmof-694fdb2,Na4C52H80N4O8,0.755,3.600195,True,0.918885408,True,1.0,,1|1|1|1,0.78925,0.7930768579244614,0.0,0.879164244234562,96.48145799999952
wide band gap insulating MOFs with low density,q5_insulating_frameworks,51,LEA no self-cleaning,5,qmof-a2d95c3,Zn8C48H24O26,0.755,4.650938,True,0.57861881,True,1.0,,1|1|1|1,0.78925,0.7930768579244614,0.0,0.879164244234562,96.48145799999952
wide band gap insulating MOFs with low density,q5_insulating_frameworks,51,GraphSAGE only,1,qmof-175a5d9,Fe6C42Cl6H12N18O12,0.755,3.544636,True,0.750832979,True,1.0,0.381188,1|1|1|1,0.78925,0.7930768579244614,0.0,0.78925,0.04183300001159296
wide band gap insulating MOFs with low density,q5_insulating_frameworks,51,GraphSAGE only,2,qmof-a2d95c3,Zn8C48H24O26,0.755,4.650938,True,0.57861881,True,1.0,0.370755,1|1|1|1,0.78925,0.7930768579244614,0.004665787797421217,0.78925,0.04183300001159296
wide band gap insulating MOFs with low density,q5_insulating_frameworks,51,GraphSAGE only,3,qmof-8deddd1,Zn6C42H18O18,0.755,3.550246,True,0.720023443,True,1.0,0.34957,1|1|1|1,0.78925,0.7930768579244614,0.00942666595801711,0.78925,0.04183300001159296
wide band gap insulating MOFs with low density,q5_insulating_frameworks,51,GraphSAGE only,4,qmof-b1cbe7a,Fe2C24H16N8,0.755,3.528396,True,0.685538233,True,1.0,0.316585,1|1|1|1,0.78925,0.7930768579244614,0.016024705410624545,0.78925,0.04183300001159296
wide band gap insulating MOFs with low density,q5_insulating_frameworks,51,GraphSAGE only,5,qmof-4050181,Li4C28H32N4O8,0.755,5.066465,True,0.936198777,True,1.0,0.306101,1|1|1|1,0.78925,0.7930768579244614,0.018277083290740848,0.78925,0.04183300001159296
wide band gap insulating MOFs with low density,q5_insulating_frameworks,51,GAT only,1,qmof-a2d95c3,Zn8C48H24O26,0.755,4.650938,True,0.57861881,True,1.0,0.637232,1|1|1|1,0.78925,0.7930768579244614,0.0,0.78925,0.040959000017437575
wide band gap insulating MOFs with low density,q5_insulating_frameworks,51,GAT only,2,qmof-175a5d9,Fe6C42Cl6H12N18O12,0.755,3.544636,True,0.750832979,True,1.0,0.612626,1|1|1|1,0.78925,0.7930768579244614,0.011004133149981499,0.78925,0.040959000017437575
wide band gap insulating MOFs with low density,q5_insulating_frameworks,51,GAT only,3,qmof-017128d,Zn6C48H60N24,0.755,5.310987,True,0.913433658,True,1.0,0.590736,1|1|1|1,0.78925,0.7930768579244614,0.01386243881036838,0.78925,0.040959000017437575
wide band gap insulating MOFs with low density,q5_insulating_frameworks,51,GAT only,4,qmof-e3dcc4d,Zn6C48H60N24,0.755,5.279321,True,0.917677932,True,1.0,0.590471,1|1|1|1,0.78925,0.7930768579244614,0.012087659649599422,0.78925,0.040959000017437575
wide band gap insulating MOFs with low density,q5_insulating_frameworks,51,GAT only,5,qmof-4050181,Li4C28H32N4O8,0.755,5.066465,True,0.936198777,True,1.0,0.586224,1|1|1|1,0.78925,0.7930768579244614,0.011106188171106623,0.78925,0.040959000017437575
wide band gap insulating MOFs with low density,q5_insulating_frameworks,51,LEA + GraphSAGE,1,qmof-175a5d9,Fe6C42Cl6H12N18O12,0.755,3.544636,True,0.750832979,True,1.0,0.381188,1|1|1|1,0.78925,0.7930768579244614,0.0,0.8027046889066696,100.9172080000269
wide band gap insulating MOFs with low density,q5_insulating_frameworks,51,LEA + GraphSAGE,2,qmof-a2d95c3,Zn8C48H24O26,0.755,4.650938,True,0.57861881,True,1.0,0.370755,1|1|1|1,0.78925,0.7930768579244614,0.004665787797421217,0.8008528977632523,100.9172080000269
wide band gap insulating MOFs with low density,q5_insulating_frameworks,51,LEA + GraphSAGE,3,qmof-8deddd1,Zn6C42H18O18,0.755,3.550246,True,0.720023443,True,1.0,0.34957,1|1|1|1,0.78925,0.7930768579244614,0.00942666595801711,0.7970820188522338,100.9172080000269
wide band gap insulating MOFs with low density,q5_insulating_frameworks,51,LEA + GraphSAGE,4,qmof-b1cbe7a,Fe2C24H16N8,0.755,3.528396,True,0.685538233,True,1.0,0.316585,1|1|1|1,0.78925,0.7930768579244614,0.016024705410624545,0.7911838114261627,100.9172080000269
wide band gap insulating MOFs with low density,q5_insulating_frameworks,51,LEA + GraphSAGE,5,qmof-4050181,Li4C28H32N4O8,0.755,5.066465,True,0.936198777,True,1.0,0.306101,1|1|1|1,0.78925,0.7930768579244614,0.018277083290740848,0.7893027365207672,100.9172080000269
wide band gap insulating MOFs with low density,q5_insulating_frameworks,51,LEA + GAT,1,qmof-a2d95c3,Zn8C48H24O26,0.755,4.650938,True,0.57861881,True,1.0,0.637232,1|1|1|1,0.78925,0.7930768579244614,0.0,0.8466384366154671,100.5961250000098
wide band gap insulating MOFs with low density,q5_insulating_frameworks,51,LEA + GAT,2,qmof-175a5d9,Fe6C42Cl6H12N18O12,0.755,3.544636,True,0.750832979,True,1.0,0.612626,1|1|1|1,0.78925,0.7930768579244614,0.011004133149981499,0.8425757512450218,100.5961250000098
wide band gap insulating MOFs with low density,q5_insulating_frameworks,51,LEA + GAT,3,qmof-017128d,Zn6C48H60N24,0.755,5.310987,True,0.913433658,True,1.0,0.590736,1|1|1|1,0.78925,0.7930768579244614,0.01386243881036838,0.8389274954795838,100.5961250000098
wide band gap insulating MOFs with low density,q5_insulating_frameworks,51,LEA + GAT,4,qmof-e3dcc4d,Zn6C48H60N24,0.755,5.279321,True,0.917677932,True,1.0,0.590471,1|1|1|1,0.78925,0.7930768579244614,0.012087659649599422,0.8388831362128257,100.5961250000098
wide band gap insulating MOFs with low density,q5_insulating_frameworks,51,LEA + GAT,5,qmof-4050181,Li4C28H32N4O8,0.755,5.066465,True,0.936198777,True,1.0,0.586224,1|1|1|1,0.78925,0.7930768579244614,0.011106188171106623,0.8381716832518578,100.5961250000098
