seed,query_id,query,variant,candidate_pool_size,runtime_ms,mean_relevance,best_relevance,balance,diversity,hypervolume_proxy,ndcg_at_k,mean_semantic_score,mean_band_gap_score,mean_density_score,mean_porosity_score,mean_stability_score,coverage,novelty
42,q1_co2_adsorption,stable porous MOFs for CO2 adsorption,SemanticOnly,100,0.19858399999994614,0.46286487579345703,0.4651694893836975,0.0,0.06416328996419907,2.2449508918498395e-10,0.9719886587943841,0.44999998807907104,0.9813195466995239,0.5990620851516724,0.0,0.8500000238418579,1.0,0.04128754884004593
42,q1_co2_adsorption,stable porous MOFs for CO2 adsorption,WeightedSum,100,0.22758299999992015,0.47267183661460876,0.4744685888290405,0.0,0.008607196621596813,2.5033813910724234e-10,1.0,0.44999998807907104,1.0,0.6544787883758545,0.0,0.8500000238418579,1.0,0.06010851263999939
42,q1_co2_adsorption,stable porous MOFs for CO2 adsorption,MMR,100,4.718792000000027,0.4653640687465668,0.4744685888290405,0.0,0.12113821506500244,2.290901635060294e-10,0.9856031459014648,0.44999998807907104,0.9524765014648438,0.6311063766479492,0.0,0.8500000238418579,1.0,0.07898028194904327
42,q1_co2_adsorption,stable porous MOFs for CO2 adsorption,RandomRepeated,100,0.1242909999999986,0.4653170108795166,0.471578449010849,0.0,0.047372620552778244,2.314609892639652e-10,0.9838104318945331,0.44999998807907104,0.9957898855209351,0.6076920032501221,0.0,0.8500000238418579,1.0,0.03524508699774742
42,q1_co2_adsorption,stable porous MOFs for CO2 adsorption,LEA baseline,100,127.60899999999997,0.47126060724258423,0.4744685888290405,0.0,0.07932743430137634,2.447448077536052e-10,0.9963843381869881,0.44999998807907104,0.9709603190422058,0.6605581045150757,0.0,0.8500000238418579,1.0,0.07736240327358246
42,q1_co2_adsorption,stable porous MOFs for CO2 adsorption,LEA no diversity,100,120.58441699999989,0.47267183661460876,0.4744685888290405,0.0,0.008607196621596813,2.5033813910724234e-10,1.0,0.44999998807907104,1.0,0.6544787883758545,0.0,0.8500000238418579,1.0,0.06010851263999939
42,q1_co2_adsorption,stable porous MOFs for CO2 adsorption,LEA no balance,100,88.55533299999996,0.47126060724258423,0.4744685888290405,0.0,0.07932743430137634,2.447448077536052e-10,0.9963843381869881,0.44999998807907104,0.9709603190422058,0.6605581045150757,0.0,0.8500000238418579,1.0,0.07736240327358246
42,q1_co2_adsorption,stable porous MOFs for CO2 adsorption,LEA no self-cleaning,100,82.33249999999992,0.4718593657016754,0.4744685888290405,0.0,0.07218120247125626,2.462669235203663e-10,0.997202777207841,0.44999998807907104,0.9708409309387207,0.6646139025688171,0.0,0.8500000238418579,1.0,0.08070845901966095
42,q1_co2_adsorption,stable porous MOFs for CO2 adsorption,LEA pop20,100,54.559291999999985,0.4696882665157318,0.4744685888290405,0.0,0.09185760468244553,2.40476971669068e-10,0.9942097845937056,0.44999998807907104,0.9645797610282898,0.6534790992736816,0.0,0.8500000238418579,1.0,0.07372822612524033
42,q1_co2_adsorption,stable porous MOFs for CO2 adsorption,LEA pop50,100,136.03895899999995,0.47134438157081604,0.47310811281204224,0.0,0.06944432854652405,2.449536684601128e-10,0.9966923016158675,0.44999998807907104,0.9708409309387207,0.6611804962158203,0.0,0.8500000238418579,1.0,0.07744891941547394
42,q1_co2_adsorption,stable porous MOFs for CO2 adsorption,LEA pop100,100,272.4656669999999,0.4716164469718933,0.4744685888290405,0.0,0.07186460494995117,2.456475023393523e-10,0.9962396100097416,0.44999998807907104,0.9708409309387207,0.6629945039749146,0.0,0.8500000238418579,1.0,0.0791831761598587
42,q1_co2_adsorption,stable porous MOFs for CO2 adsorption,LEA iter20,100,27.227249999999927,0.4713889956474304,0.4744685888290405,0.0,0.07781414687633514,2.45072295790294e-10,0.9965924465938916,0.44999998807907104,0.9709603190422058,0.661414384841919,0.0,0.8500000238418579,1.0,0.07801611721515656
42,q1_co2_adsorption,stable porous MOFs for CO2 adsorption,LEA iter40,100,55.23870799999986,0.4713410437107086,0.4744685888290405,0.0,0.0783786028623581,2.449499492129803e-10,0.9965146931333227,0.44999998807907104,0.9709603190422058,0.6610944867134094,0.0,0.8500000238418579,1.0,0.07776610553264618
42,q1_co2_adsorption,stable porous MOFs for CO2 adsorption,LEA iter100,100,138.45633299999994,0.47126060724258423,0.4744685888290405,0.0,0.07932743430137634,2.447448077536052e-10,0.9963843381869881,0.44999998807907104,0.9709603190422058,0.6605581045150757,0.0,0.8500000238418579,1.0,0.07736240327358246
42,q1_co2_adsorption,stable porous MOFs for CO2 adsorption,LEA pool50,50,125.10429099999998,0.47208309173583984,0.4744685888290405,0.0,0.06977816671133041,2.4684226884730265e-10,0.9970177180403421,0.44999998807907104,0.9709603190422058,0.6660417318344116,0.0,0.8500000238418579,1.0,0.06409294903278351
42,q1_co2_adsorption,stable porous MOFs for CO2 adsorption,LEA pool200,200,112.66570899999984,0.47208309173583984,0.4744685888290405,0.0,0.06977816671133041,2.4684226884730265e-10,0.9976072697644195,0.44999998807907104,0.9709603190422058,0.6660417318344116,0.0,0.8500000238418579,1.0,0.11458171904087067
42,q2_photocatalysis,semiconducting MOFs for photocatalysis with suitable band gap,SemanticOnly,100,0.04687500000022382,0.8529559373855591,0.8539198040962219,0.0,0.01959465816617012,5.892198950974148e-10,0.9869173962128599,1.0,1.0,0.6931999325752258,0.0,0.8500000238418579,1.0,0.011293628253042698
42,q2_photocatalysis,semiconducting MOFs for photocatalysis with suitable band gap,WeightedSum,100,0.08729199999990556,0.8607824444770813,0.8617095351219177,0.0,0.021135833114385605,6.784744432941636e-10,1.0,1.0,0.9983774423599243,0.7995497584342957,0.0,0.8500000238418579,1.0,0.10227654874324799
42,q2_photocatalysis,semiconducting MOFs for photocatalysis with suitable band gap,MMR,100,3.571875000000002,0.8575154542922974,0.8617095351219177,0.0,0.08145545423030853,6.437623767396872e-10,0.995048713820267,1.0,0.9983774423599243,0.758712112903595,0.0,0.8500000238418579,1.0,0.07632017135620117
42,q2_photocatalysis,semiconducting MOFs for photocatalysis with suitable band gap,RandomRepeated,100,0.13249999999986883,0.8541433215141296,0.8564953207969666,0.0,0.03310244157910347,6.018353593262304e-10,0.9891814390477301,1.0,1.0,0.7080416679382324,0.0,0.8500000238418579,1.0,0.025336837396025658
42,q2_photocatalysis,semiconducting MOFs for photocatalysis with suitable band gap,LEA baseline,100,130.8022499999999,0.8607824444770813,0.8617095351219177,0.0,0.021135833114385605,6.784744432941636e-10,0.9999472812073708,1.0,0.9983774423599243,0.7995497584342957,0.0,0.8500000238418579,1.0,0.10227654874324799
42,q2_photocatalysis,semiconducting MOFs for photocatalysis with suitable band gap,LEA no diversity,100,127.94583300000006,0.8607824444770813,0.8617095351219177,0.0,0.021135833114385605,6.784744432941636e-10,1.0,1.0,0.9983774423599243,0.7995497584342957,0.0,0.8500000238418579,1.0,0.10227654874324799
42,q2_photocatalysis,semiconducting MOFs for photocatalysis with suitable band gap,LEA no balance,100,82.37137500000014,0.8607824444770813,0.8617095351219177,0.0,0.021135833114385605,6.784744432941636e-10,0.9999472812073708,1.0,0.9983774423599243,0.7995497584342957,0.0,0.8500000238418579,1.0,0.10227654874324799
42,q2_photocatalysis,semiconducting MOFs for photocatalysis with suitable band gap,LEA no self-cleaning,100,82.25983399999981,0.8607824444770813,0.8617095351219177,0.0,0.021135833114385605,6.784744432941636e-10,0.9999472812073708,1.0,0.9983774423599243,0.7995497584342957,0.0,0.8500000238418579,1.0,0.10227654874324799
42,q2_photocatalysis,semiconducting MOFs for photocatalysis with suitable band gap,LEA pop20,100,55.13091599999997,0.8607824444770813,0.8617095351219177,0.0,0.021135833114385605,6.784744432941636e-10,0.9999472812073708,1.0,0.9983774423599243,0.7995497584342957,0.0,0.8500000238418579,1.0,0.10227654874324799
42,q2_photocatalysis,semiconducting MOFs for photocatalysis with suitable band gap,LEA pop50,100,157.13395899999983,0.8607824444770813,0.8617095351219177,0.0,0.021135833114385605,6.784744432941636e-10,0.9999472812073708,1.0,0.9983774423599243,0.7995497584342957,0.0,0.8500000238418579,1.0,0.10227654874324799
42,q2_photocatalysis,semiconducting MOFs for photocatalysis with suitable band gap,LEA pop100,100,288.4284589999999,0.8607824444770813,0.8617095351219177,0.0,0.021135833114385605,6.784744432941636e-10,0.9999472812073708,1.0,0.9983774423599243,0.7995497584342957,0.0,0.8500000238418579,1.0,0.10227654874324799
42,q2_photocatalysis,semiconducting MOFs for photocatalysis with suitable band gap,LEA iter20,100,27.267291999999888,0.8607824444770813,0.8617095351219177,0.0,0.021135833114385605,6.784744432941636e-10,0.9999472812073708,1.0,0.9983774423599243,0.7995497584342957,0.0,0.8500000238418579,1.0,0.10227654874324799
42,q2_photocatalysis,semiconducting MOFs for photocatalysis with suitable band gap,LEA iter40,100,55.17941600000009,0.8607824444770813,0.8617095351219177,0.0,0.021135833114385605,6.784744432941636e-10,0.9999472812073708,1.0,0.9983774423599243,0.7995497584342957,0.0,0.8500000238418579,1.0,0.10227654874324799
42,q2_photocatalysis,semiconducting MOFs for photocatalysis with suitable band gap,LEA iter100,100,138.48616699999948,0.8607824444770813,0.8617095351219177,0.0,0.021135833114385605,6.784744432941636e-10,0.9999472812073708,1.0,0.9983774423599243,0.7995497584342957,0.0,0.8500000238418579,1.0,0.10227654874324799
42,q2_photocatalysis,semiconducting MOFs for photocatalysis with suitable band gap,LEA pool50,50,114.68041599999967,0.8607824444770813,0.8617095351219177,0.0,0.021135833114385605,6.784744432941636e-10,0.9999472812073708,1.0,0.9983774423599243,0.7995497584342957,0.0,0.8500000238418579,1.0,0.07698410749435425
42,q2_photocatalysis,semiconducting MOFs for photocatalysis with suitable band gap,LEA pool200,200,157.25754199999997,0.8607824444770813,0.8617095351219177,0.0,0.021135833114385605,6.784744432941636e-10,0.9999472812073708,1.0,0.9983774423599243,0.7995497584342957,0.0,0.8500000238418579,1.0,0.12866318225860596
42,q3_lightweight_storage,lightweight low density MOFs for gas storage,SemanticOnly,100,0.05400000000044258,0.6645897626876831,0.6676316261291504,0.0,0.013059747405350208,8.110560706798018e-19,0.9813410317954927,1.0,0.0,0.9541835784912109,0.0,0.8500000238418579,1.0,0.0489165298640728
42,q3_lightweight_storage,lightweight low density MOFs for gas storage,WeightedSum,100,0.08949999999963154,0.6728970408439636,0.673728346824646,0.0,0.0023870705626904964,8.296381661529227e-19,1.0,1.0,0.0,0.9760449528694153,0.0,0.8500000238418579,1.0,0.056563057005405426
42,q3_lightweight_storage,lightweight low density MOFs for gas storage,MMR,100,4.80329200000007,0.6694502234458923,0.673728346824646,0.0,0.5381185412406921,2.3731433484996955e-10,0.9938916097863566,1.0,0.33260947465896606,0.9232099652290344,0.0,0.8500000238418579,1.0,0.35109132528305054
42,q3_lightweight_storage,lightweight low density MOFs for gas storage,RandomRepeated,100,0.17724999999924052,0.6653710007667542,0.6721789836883545,0.0,0.01672729291021824,8.128035414226084e-19,0.9830837030774723,1.0,0.0,0.9562394022941589,0.0,0.8500000238418579,1.0,0.04937554895877838
42,q3_lightweight_storage,lightweight low density MOFs for gas storage,LEA baseline,100,127.4021249999997,0.6657832264900208,0.673728346824646,0.0,0.6102008819580078,4.1249564874945577e-10,0.9854110513967198,1.0,0.5958267450332642,0.8789259791374207,0.0,0.8500000238418579,1.0,0.5958296060562134
42,q3_lightweight_storage,lightweight low density MOFs for gas storage,LEA no diversity,100,119.07816599999954,0.6728970408439636,0.673728346824646,0.0,0.0023870705626904964,8.296381661529227e-19,1.0,1.0,0.0,0.9760449528694153,0.0,0.8500000238418579,1.0,0.056563057005405426
42,q3_lightweight_storage,lightweight low density MOFs for gas storage,LEA no balance,100,86.81933400000031,0.6657832264900208,0.673728346824646,0.0,0.6102008819580078,4.1249564874945577e-10,0.9854110513967198,1.0,0.5958267450332642,0.8789259791374207,0.0,0.8500000238418579,1.0,0.5958296060562134
42,q3_lightweight_storage,lightweight low density MOFs for gas storage,LEA no self-cleaning,100,82.63670799999989,0.6652817130088806,0.673728346824646,0.0,0.6112638115882874,2.73843142606367e-10,0.9839306218412863,1.0,0.39712879061698914,0.9037507772445679,0.0,0.8500000238418579,1.0,0.41384267807006836
42,q3_lightweight_storage,lightweight low density MOFs for gas storage,LEA pop20,100,55.2442089999996,0.6650815010070801,0.673728346824646,0.0,0.6078367829322815,4.1017167440315916e-10,0.9831812257532393,1.0,0.5945781469345093,0.8772436380386353,0.0,0.8500000238418579,1.0,0.5948299169540405
42,q3_lightweight_storage,lightweight low density MOFs for gas storage,LEA pop50,100,138.91154200000068,0.6648112535476685,0.6729826927185059,0.0,0.6076264977455139,4.1017167440315916e-10,0.9828312055062206,1.0,0.5945781469345093,0.8765324354171753,0.0,0.8500000238418579,1.0,0.5944323539733887
42,q3_lightweight_storage,lightweight low density MOFs for gas storage,LEA pop100,100,277.74249999999955,0.6654239892959595,0.673728346824646,0.0,0.6076065301895142,4.1017167440315916e-10,0.9835919329404658,1.0,0.5945781469345093,0.8781448602676392,0.0,0.8500000238418579,1.0,0.5953379273414612
42,q3_lightweight_storage,lightweight low density MOFs for gas storage,LEA iter20,100,27.397083000000322,0.6657991409301758,0.673728346824646,0.0,0.6101897954940796,4.1249564874945577e-10,0.9854304410785932,1.0,0.5958267450332642,0.8789678812026978,0.0,0.8500000238418579,1.0,0.5958519577980042
42,q3_lightweight_storage,lightweight low density MOFs for gas storage,LEA iter40,100,54.75799999999964,0.6656780242919922,0.673728346824646,0.0,0.6102741360664368,4.1249564874945577e-10,0.9852829269045572,1.0,0.5958267450332642,0.878649115562439,0.0,0.8500000238418579,1.0,0.5956845879554749
42,q3_lightweight_storage,lightweight low density MOFs for gas storage,LEA iter100,100,138.6922909999999,0.6660415530204773,0.673728346824646,0.0,0.6100231409072876,4.1249564874945577e-10,0.9857259692963471,1.0,0.5958267450332642,0.8796058893203735,0.0,0.8500000238418579,1.0,0.596206545829773
42,q3_lightweight_storage,lightweight low density MOFs for gas storage,LEA pool50,50,126.29987499999996,0.6674702167510986,0.673728346824646,0.0,0.607331395149231,2.7711957728548953e-10,0.9887195471029796,1.0,0.3955061733722687,0.9097234606742859,0.0,0.8500000238418579,1.0,0.4095534384250641
42,q3_lightweight_storage,lightweight low density MOFs for gas storage,LEA pool200,200,138.29591699999978,0.6620373725891113,0.673728346824646,0.0,0.5907294154167175,2.540550270158093e-10,0.9753381812753911,1.0,0.3748832046985626,0.8981399536132812,0.0,0.8500000238418579,1.0,0.3951190710067749
42,q4_balanced_discovery,balanced stable MOF candidates for general materials discovery,SemanticOnly,100,0.05466599999959243,0.5711639523506165,0.5735496282577515,0.0,0.019355762749910355,1.473303562482542e-10,0.951039514791627,0.25,1.0,0.6933193206787109,0.0,0.8500000238418579,1.0,0.011424487456679344
42,q4_balanced_discovery,balanced stable MOF candidates for general materials discovery,WeightedSum,100,0.08699999999972619,0.593343198299408,0.5966005325317383,0.0,0.0201918575912714,1.711664976422611e-10,1.0,0.25,0.9929555654525757,0.8112602233886719,0.0,0.8500000238418579,1.0,0.11132273823022842
42,q4_balanced_discovery,balanced stable MOF candidates for general materials discovery,MMR,100,2.3147909999998717,0.5807684063911438,0.5966005325317383,0.0,0.11153697967529297,1.586404341225034e-10,0.9768420541694209,0.25,0.9732605814933777,0.7680809497833252,0.0,0.8500000238418579,1.0,0.0951789915561676
42,q4_balanced_discovery,balanced stable MOF candidates for general materials discovery,RandomRepeated,100,0.15145900000046453,0.5711880922317505,0.5779377818107605,0.0,0.028198445215821266,1.47355933011184e-10,0.953867395382529,0.25,1.0,0.6934397220611572,0.0,0.8500000238418579,1.0,0.017917092889547348
42,q4_balanced_discovery,balanced stable MOF candidates for general materials discovery,LEA baseline,100,129.85233300000056,0.593343198299408,0.5966005325317383,0.0,0.0201918575912714,1.711664976422611e-10,1.0,0.25,0.9929555654525757,0.8112602233886719,0.0,0.8500000238418579,1.0,0.11132273823022842
42,q4_balanced_discovery,balanced stable MOF candidates for general materials discovery,LEA no diversity,100,125.24029199999998,0.593343198299408,0.5966005325317383,0.0,0.0201918575912714,1.711664976422611e-10,1.0,0.25,0.9929555654525757,0.8112602233886719,0.0,0.8500000238418579,1.0,0.11132273823022842
42,q4_balanced_discovery,balanced stable MOF candidates for general materials discovery,LEA no balance,100,84.34829100000042,0.593343198299408,0.5966005325317383,0.0,0.0201918575912714,1.711664976422611e-10,1.0,0.25,0.9929555654525757,0.8112602233886719,0.0,0.8500000238418579,1.0,0.11132273823022842
42,q4_balanced_discovery,balanced stable MOF candidates for general materials discovery,LEA no self-cleaning,100,83.22024999999923,0.593343198299408,0.5966005325317383,0.0,0.0201918575912714,1.711664976422611e-10,1.0,0.25,0.9929555654525757,0.8112602233886719,0.0,0.8500000238418579,1.0,0.11132273823022842
42,q4_balanced_discovery,balanced stable MOF candidates for general materials discovery,LEA pop20,100,55.70845899999988,0.593343198299408,0.5966005325317383,0.0,0.0201918575912714,1.711664976422611e-10,1.0,0.25,0.9929555654525757,0.8112602233886719,0.0,0.8500000238418579,1.0,0.11132273823022842
42,q4_balanced_discovery,balanced stable MOF candidates for general materials discovery,LEA pop50,100,137.03391700000012,0.593343198299408,0.5966005325317383,0.0,0.0201918575912714,1.711664976422611e-10,1.0,0.25,0.9929555654525757,0.8112602233886719,0.0,0.8500000238418579,1.0,0.11132273823022842
42,q4_balanced_discovery,balanced stable MOF candidates for general materials discovery,LEA pop100,100,279.9366670000003,0.593343198299408,0.5966005325317383,0.0,0.0201918575912714,1.711664976422611e-10,1.0,0.25,0.9929555654525757,0.8112602233886719,0.0,0.8500000238418579,1.0,0.11132273823022842
42,q4_balanced_discovery,balanced stable MOF candidates for general materials discovery,LEA iter20,100,28.229333000000523,0.593343198299408,0.5966005325317383,0.0,0.0201918575912714,1.711664976422611e-10,1.0,0.25,0.9929555654525757,0.8112602233886719,0.0,0.8500000238418579,1.0,0.11132273823022842
42,q4_balanced_discovery,balanced stable MOF candidates for general materials discovery,LEA iter40,100,55.81037499999919,0.593343198299408,0.5966005325317383,0.0,0.0201918575912714,1.711664976422611e-10,1.0,0.25,0.9929555654525757,0.8112602233886719,0.0,0.8500000238418579,1.0,0.11132273823022842
42,q4_balanced_discovery,balanced stable MOF candidates for general materials discovery,LEA iter100,100,140.868750000001,0.593343198299408,0.5966005325317383,0.0,0.0201918575912714,1.711664976422611e-10,1.0,0.25,0.9929555654525757,0.8112602233886719,0.0,0.8500000238418579,1.0,0.11132273823022842
42,q4_balanced_discovery,balanced stable MOF candidates for general materials discovery,LEA pool50,50,135.12787500000024,0.593343198299408,0.5966005325317383,0.0,0.0201918575912714,1.711664976422611e-10,1.0,0.25,0.9929555654525757,0.8112602233886719,0.0,0.8500000238418579,1.0,0.08904466032981873
42,q4_balanced_discovery,balanced stable MOF candidates for general materials discovery,LEA pool200,200,133.04158299999892,0.593343198299408,0.5966005325317383,0.0,0.0201918575912714,1.711664976422611e-10,1.0,0.25,0.9929555654525757,0.8112602233886719,0.0,0.8500000238418579,1.0,0.13768017292022705
42,q5_insulating_frameworks,wide band gap insulating MOFs with low density,SemanticOnly,100,0.06508400000093673,0.8573349118232727,0.8610939979553223,0.0,0.048921216279268265,5.57218271524107e-10,0.9597180415941692,1.0,0.9836118817329407,0.6668614745140076,0.0,0.8500000238418579,1.0,0.050742458552122116
42,q5_insulating_frameworks,wide band gap insulating MOFs with low density,WeightedSum,100,0.0891670000005007,0.8807624578475952,0.8877611756324768,0.0,0.03194258362054825,6.288553011657427e-10,1.0,1.0,1.0,0.7398297190666199,0.0,0.8500000238418579,1.0,0.09199531376361847
42,q5_insulating_frameworks,wide band gap insulating MOFs with low density,MMR,100,1.8030000000006652,0.8693097829818726,0.8877611756324768,0.0,0.20032556354999542,5.758870602612376e-10,0.9853961701983046,1.0,0.98603755235672,0.7345129251480103,0.0,0.800000011920929,1.0,0.13801920413970947
42,q5_insulating_frameworks,wide band gap insulating MOFs with low density,RandomRepeated,100,0.060791999999310065,0.8591333627700806,0.8759486079216003,0.0,0.13577085733413696,5.254318646841227e-10,0.9632372689287244,1.0,1.0,0.6596967577934265,0.0,0.800000011920929,1.0,0.08680818974971771
42,q5_insulating_frameworks,wide band gap insulating MOFs with low density,LEA baseline,100,122.73541699999946,0.878500759601593,0.8877611756324768,0.0,0.15095579624176025,6.113978767707806e-10,0.9976631862845201,1.0,0.98603755235672,0.7762902975082397,0.0,0.800000011920929,1.0,0.1537509560585022
42,q5_insulating_frameworks,wide band gap insulating MOFs with low density,LEA no diversity,100,108.9767909999999,0.8807624578475952,0.8877611756324768,0.0,0.03194258362054825,6.288553011657427e-10,1.0,1.0,1.0,0.7398297190666199,0.0,0.8500000238418579,1.0,0.09199531376361847
42,q5_insulating_frameworks,wide band gap insulating MOFs with low density,LEA no balance,100,87.48754199999986,0.878500759601593,0.8877611756324768,0.0,0.15095579624176025,6.113978767707806e-10,0.9976631862845201,1.0,0.98603755235672,0.7762902975082397,0.0,0.800000011920929,1.0,0.1537509560585022
42,q5_insulating_frameworks,wide band gap insulating MOFs with low density,LEA no self-cleaning,100,85.54516700000114,0.8786234855651855,0.8877611756324768,0.0,0.15009835362434387,6.118722195580517e-10,0.997573866770363,1.0,0.98603755235672,0.7768483757972717,0.0,0.800000011920929,1.0,0.15423955023288727
42,q5_insulating_frameworks,wide band gap insulating MOFs with low density,LEA pop20,100,55.35033299999981,0.8786234855651855,0.8877611756324768,0.0,0.15009835362434387,6.118722195580517e-10,0.9972824154821434,1.0,0.98603755235672,0.776848316192627,0.0,0.800000011920929,1.0,0.15423955023288727
42,q5_insulating_frameworks,wide band gap insulating MOFs with low density,LEA pop50,100,137.9680419999989,0.8786234855651855,0.8877611756324768,0.0,0.15009835362434387,6.118722195580517e-10,0.9972824154821434,1.0,0.98603755235672,0.776848316192627,0.0,0.800000011920929,1.0,0.15423955023288727
42,q5_insulating_frameworks,wide band gap insulating MOFs with low density,LEA pop100,100,287.1520839999988,0.8805114030838013,0.8877611756324768,0.0,0.07355085760354996,6.42009334583804e-10,0.9996598076625677,1.0,0.98603755235672,0.7672478556632996,0.0,0.8500000238418579,1.0,0.12024029344320297
42,q5_insulating_frameworks,wide band gap insulating MOFs with low density,LEA iter20,100,28.7959579999999,0.8769291639328003,0.8877611756324768,0.0,0.16226153075695038,6.053261225602569e-10,0.995610651402949,1.0,0.98603755235672,0.7691470384597778,0.0,0.800000011920929,1.0,0.1482539176940918
42,q5_insulating_frameworks,wide band gap insulating MOFs with low density,LEA iter40,100,57.40579100000076,0.8769291639328003,0.8877611756324768,0.0,0.16226153075695038,6.053261225602569e-10,0.9959021026911685,1.0,0.98603755235672,0.7691470384597778,0.0,0.800000011920929,1.0,0.1482539176940918
42,q5_insulating_frameworks,wide band gap insulating MOFs with low density,LEA iter100,100,142.54004200000026,0.8786234855651855,0.8877611756324768,0.0,0.15009835362434387,6.118722195580517e-10,0.9972824154821434,1.0,0.98603755235672,0.776848316192627,0.0,0.800000011920929,1.0,0.15423955023288727
42,q5_insulating_frameworks,wide band gap insulating MOFs with low density,LEA pool50,50,124.26679200000024,0.8786234855651855,0.8877611756324768,0.0,0.15009835362434387,6.118722195580517e-10,0.9972824154821434,1.0,0.98603755235672,0.776848316192627,0.0,0.800000011920929,1.0,0.1331031620502472
42,q5_insulating_frameworks,wide band gap insulating MOFs with low density,LEA pool200,200,117.05725000000022,0.8786234855651855,0.8877611756324768,0.0,0.15009835362434387,6.118722195580517e-10,0.9972824154821434,1.0,0.98603755235672,0.776848316192627,0.0,0.800000011920929,1.0,0.1721588671207428
43,q1_co2_adsorption,stable porous MOFs for CO2 adsorption,SemanticOnly,100,0.04729199999964351,0.46286487579345703,0.4651694893836975,0.0,0.06416328996419907,2.2449508918498395e-10,0.9719886587943841,0.44999998807907104,0.9813195466995239,0.5990620851516724,0.0,0.8500000238418579,1.0,0.04128754884004593
43,q1_co2_adsorption,stable porous MOFs for CO2 adsorption,WeightedSum,100,0.08658299999986241,0.47267183661460876,0.4744685888290405,0.0,0.008607196621596813,2.5033813910724234e-10,1.0,0.44999998807907104,1.0,0.6544787883758545,0.0,0.8500000238418579,1.0,0.06010851263999939
43,q1_co2_adsorption,stable porous MOFs for CO2 adsorption,MMR,100,2.6103330000015745,0.4653640687465668,0.4744685888290405,0.0,0.12113821506500244,2.290901635060294e-10,0.9856031459014648,0.44999998807907104,0.9524765014648438,0.6311063766479492,0.0,0.8500000238418579,1.0,0.07898028194904327
43,q1_co2_adsorption,stable porous MOFs for CO2 adsorption,RandomRepeated,100,0.07041699999987827,0.46483129262924194,0.46872079372406006,0.0,0.05223900079727173,2.2992689696632596e-10,0.9787794514881515,0.44999998807907104,0.9894978404045105,0.6078096032142639,0.0,0.8500000238418579,1.0,0.03792403265833855
43,q1_co2_adsorption,stable porous MOFs for CO2 adsorption,LEA baseline,100,138.5295830000004,0.4714239239692688,0.47310811281204224,0.0,0.06906978040933609,2.451564784511362e-10,0.9968361670625493,0.44999998807907104,0.9708409309387207,0.6617107391357422,0.0,0.8500000238418579,1.0,0.07794227451086044
43,q1_co2_adsorption,stable porous MOFs for CO2 adsorption,LEA no diversity,100,128.28412500000042,0.47267183661460876,0.4744685888290405,0.0,0.008607196621596813,2.5033813910724234e-10,1.0,0.44999998807907104,1.0,0.6544787883758545,0.0,0.8500000238418579,1.0,0.06010851263999939
43,q1_co2_adsorption,stable porous MOFs for CO2 adsorption,LEA no balance,100,91.37358299999931,0.4714239239692688,0.47310811281204224,0.0,0.06906978040933609,2.451564784511362e-10,0.9968361670625493,0.44999998807907104,0.9708409309387207,0.6617107391357422,0.0,0.8500000238418579,1.0,0.07794227451086044
43,q1_co2_adsorption,stable porous MOFs for CO2 adsorption,LEA no self-cleaning,100,85.89966699999962,0.4718318581581116,0.4744685888290405,0.0,0.07231131196022034,2.4619670191405874e-10,0.9984081800854336,0.44999998807907104,0.9708409309387207,0.6644304394721985,0.0,0.8500000238418579,1.0,0.08053809404373169
43,q1_co2_adsorption,stable porous MOFs for CO2 adsorption,LEA pop20,100,55.99287500000116,0.47182923555374146,0.4744685888290405,0.0,0.06925375014543533,2.4619475902376564e-10,0.9979260300355997,0.44999998807907104,0.9709603190422058,0.6643489599227905,0.0,0.8500000238418579,1.0,0.08047179132699966
43,q1_co2_adsorption,stable porous MOFs for CO2 adsorption,LEA pop50,100,136.91266699999892,0.4713241457939148,0.4744685888290405,0.0,0.07673681527376175,2.449020153338921e-10,0.9963672042031056,0.44999998807907104,0.9708409309387207,0.6610454320907593,0.0,0.8500000238418579,1.0,0.07750926911830902
43,q1_co2_adsorption,stable porous MOFs for CO2 adsorption,LEA pop100,100,280.573458000001,0.4719114303588867,0.4744685888290405,0.0,0.07193675637245178,2.4639956741623337e-10,0.997533901382148,0.44999998807907104,0.9708409309387207,0.6649606823921204,0.0,0.8500000238418579,1.0,0.08103145658969879
43,q1_co2_adsorption,stable porous MOFs for CO2 adsorption,LEA iter20,100,27.514832999999683,0.4714239239692688,0.47310811281204224,0.0,0.06906978040933609,2.451564784511362e-10,0.9968361670625493,0.44999998807907104,0.9708409309387207,0.6617107391357422,0.0,0.8500000238418579,1.0,0.07794227451086044
43,q1_co2_adsorption,stable porous MOFs for CO2 adsorption,LEA iter40,100,57.435749999999786,0.4714239239692688,0.47310811281204224,0.0,0.06906978040933609,2.451564784511362e-10,0.9968361670625493,0.44999998807907104,0.9708409309387207,0.6617107391357422,0.0,0.8500000238418579,1.0,0.07794227451086044
43,q1_co2_adsorption,stable porous MOFs for CO2 adsorption,LEA iter100,100,139.70362499999922,0.4714239239692688,0.47310811281204224,0.0,0.06906978040933609,2.451564784511362e-10,0.9968361670625493,0.44999998807907104,0.9708409309387207,0.6617107391357422,0.0,0.8500000238418579,1.0,0.07794227451086044
43,q1_co2_adsorption,stable porous MOFs for CO2 adsorption,LEA pool50,50,101.22366599999921,0.4722531735897064,0.4744685888290405,0.0,0.0684501975774765,2.4727594971629685e-10,0.9971608620721921,0.44999998807907104,0.9709603190422058,0.6671755909919739,0.0,0.8500000238418579,1.0,0.06514467298984528
43,q1_co2_adsorption,stable porous MOFs for CO2 adsorption,LEA pool200,200,136.153457999999,0.4722680449485779,0.4744685888290405,0.0,0.06828150898218155,2.473138915881634e-10,0.9971850466633488,0.44999998807907104,0.9709603190422058,0.6672747731208801,0.0,0.8500000238418579,1.0,0.11541461944580078
43,q2_photocatalysis,semiconducting MOFs for photocatalysis with suitable band gap,SemanticOnly,100,0.044832999998689615,0.8529559373855591,0.8539198040962219,0.0,0.01959465816617012,5.892198950974148e-10,0.9869173962128599,1.0,1.0,0.6931999325752258,0.0,0.8500000238418579,1.0,0.011293628253042698
43,q2_photocatalysis,semiconducting MOFs for photocatalysis with suitable band gap,WeightedSum,100,0.08620799999903284,0.8607824444770813,0.8617095351219177,0.0,0.021135833114385605,6.784744432941636e-10,1.0,1.0,0.9983774423599243,0.7995497584342957,0.0,0.8500000238418579,1.0,0.10227654874324799
43,q2_photocatalysis,semiconducting MOFs for photocatalysis with suitable band gap,MMR,100,1.8193750000001785,0.8575154542922974,0.8617095351219177,0.0,0.08145545423030853,6.437623767396872e-10,0.995048713820267,1.0,0.9983774423599243,0.758712112903595,0.0,0.8500000238418579,1.0,0.07632017135620117
43,q2_photocatalysis,semiconducting MOFs for photocatalysis with suitable band gap,RandomRepeated,100,0.05762500000017212,0.8543756604194641,0.8603817224502563,0.0,0.06345444917678833,6.104026728515066e-10,0.9887386083575388,1.0,0.9983774423599243,0.7194653153419495,0.0,0.8500000238418579,1.0,0.033602867275476456
43,q2_photocatalysis,semiconducting MOFs for photocatalysis with suitable band gap,LEA baseline,100,118.96462500000027,0.8607824444770813,0.8617095351219177,0.0,0.021135833114385605,6.784744432941636e-10,0.9999472812073708,1.0,0.9983774423599243,0.7995497584342957,0.0,0.8500000238418579,1.0,0.10227654874324799
43,q2_photocatalysis,semiconducting MOFs for photocatalysis with suitable band gap,LEA no diversity,100,122.16358299999897,0.8607824444770813,0.8617095351219177,0.0,0.021135833114385605,6.784744432941636e-10,1.0,1.0,0.9983774423599243,0.7995497584342957,0.0,0.8500000238418579,1.0,0.10227654874324799
43,q2_photocatalysis,semiconducting MOFs for photocatalysis with suitable band gap,LEA no balance,100,91.28833299999961,0.8607824444770813,0.8617095351219177,0.0,0.021135833114385605,6.784744432941636e-10,0.9999472812073708,1.0,0.9983774423599243,0.7995497584342957,0.0,0.8500000238418579,1.0,0.10227654874324799
43,q2_photocatalysis,semiconducting MOFs for photocatalysis with suitable band gap,LEA no self-cleaning,100,83.7766250000005,0.8607824444770813,0.8617095351219177,0.0,0.021135833114385605,6.784744432941636e-10,0.9999472812073708,1.0,0.9983774423599243,0.7995497584342957,0.0,0.8500000238418579,1.0,0.10227654874324799
43,q2_photocatalysis,semiconducting MOFs for photocatalysis with suitable band gap,LEA pop20,100,55.46354200000003,0.8607824444770813,0.8617095351219177,0.0,0.021135833114385605,6.784744432941636e-10,0.9999472812073708,1.0,0.9983774423599243,0.7995497584342957,0.0,0.8500000238418579,1.0,0.10227654874324799
43,q2_photocatalysis,semiconducting MOFs for photocatalysis with suitable band gap,LEA pop50,100,138.78295800000018,0.8607824444770813,0.8617095351219177,0.0,0.021135833114385605,6.784744432941636e-10,0.9999472812073708,1.0,0.9983774423599243,0.7995497584342957,0.0,0.8500000238418579,1.0,0.10227654874324799
43,q2_photocatalysis,semiconducting MOFs for photocatalysis with suitable band gap,LEA pop100,100,294.7546250000013,0.8607824444770813,0.8617095351219177,0.0,0.021135833114385605,6.784744432941636e-10,0.9999472812073708,1.0,0.9983774423599243,0.7995497584342957,0.0,0.8500000238418579,1.0,0.10227654874324799
43,q2_photocatalysis,semiconducting MOFs for photocatalysis with suitable band gap,LEA iter20,100,28.618208000001033,0.8607824444770813,0.8617095351219177,0.0,0.021135833114385605,6.784744432941636e-10,0.9999472812073708,1.0,0.9983774423599243,0.7995497584342957,0.0,0.8500000238418579,1.0,0.10227654874324799
43,q2_photocatalysis,semiconducting MOFs for photocatalysis with suitable band gap,LEA iter40,100,57.6723329999993,0.8607824444770813,0.8617095351219177,0.0,0.021135833114385605,6.784744432941636e-10,0.9999472812073708,1.0,0.9983774423599243,0.7995497584342957,0.0,0.8500000238418579,1.0,0.10227654874324799
43,q2_photocatalysis,semiconducting MOFs for photocatalysis with suitable band gap,LEA iter100,100,141.5026250000011,0.8607824444770813,0.8617095351219177,0.0,0.021135833114385605,6.784744432941636e-10,0.9999472812073708,1.0,0.9983774423599243,0.7995497584342957,0.0,0.8500000238418579,1.0,0.10227654874324799
43,q2_photocatalysis,semiconducting MOFs for photocatalysis with suitable band gap,LEA pool50,50,121.01945899999933,0.8607824444770813,0.8617095351219177,0.0,0.021135833114385605,6.784744432941636e-10,0.9999472812073708,1.0,0.9983774423599243,0.7995497584342957,0.0,0.8500000238418579,1.0,0.07698410749435425
43,q2_photocatalysis,semiconducting MOFs for photocatalysis with suitable band gap,LEA pool200,200,173.2657920000005,0.8607824444770813,0.8617095351219177,0.0,0.021135833114385605,6.784744432941636e-10,0.9999472812073708,1.0,0.9983774423599243,0.7995497584342957,0.0,0.8500000238418579,1.0,0.12866318225860596
43,q3_lightweight_storage,lightweight low density MOFs for gas storage,SemanticOnly,100,0.14745899999901724,0.6645897626876831,0.6676316261291504,0.0,0.013059747405350208,8.110560706798018e-19,0.9813410317954927,1.0,0.0,0.9541835784912109,0.0,0.8500000238418579,1.0,0.0489165298640728
43,q3_lightweight_storage,lightweight low density MOFs for gas storage,WeightedSum,100,0.14070900000007214,0.6728970408439636,0.673728346824646,0.0,0.0023870705626904964,8.296381661529227e-19,1.0,1.0,0.0,0.9760449528694153,0.0,0.8500000238418579,1.0,0.056563057005405426
43,q3_lightweight_storage,lightweight low density MOFs for gas storage,MMR,100,1.8222909999998649,0.6694502234458923,0.673728346824646,0.0,0.5381185412406921,2.3731433484996955e-10,0.9938916097863566,1.0,0.33260947465896606,0.9232099652290344,0.0,0.8500000238418579,1.0,0.35109132528305054
43,q3_lightweight_storage,lightweight low density MOFs for gas storage,RandomRepeated,100,0.06604200000026594,0.6637347340583801,0.6704428791999817,0.0,0.017245208844542503,8.091434223084261e-19,0.9831567622746195,1.0,0.0,0.9519335031509399,0.0,0.8500000238418579,1.0,0.048679303377866745
43,q3_lightweight_storage,lightweight low density MOFs for gas storage,LEA baseline,100,141.59916600000065,0.6646326780319214,0.673728346824646,0.0,0.6125403642654419,2.761671447082392e-10,0.9870393049004861,1.0,0.39837735891342163,0.9018784761428833,0.0,0.8500000238418579,1.0,0.4135921597480774
43,q3_lightweight_storage,lightweight low density MOFs for gas storage,LEA no diversity,100,123.01345899999916,0.6728970408439636,0.673728346824646,0.0,0.0023870705626904964,8.296381661529227e-19,1.0,1.0,0.0,0.9760449528694153,0.0,0.8500000238418579,1.0,0.056563057005405426
43,q3_lightweight_storage,lightweight low density MOFs for gas storage,LEA no balance,100,83.61750000000079,0.6646326780319214,0.673728346824646,0.0,0.6125403642654419,2.761671447082392e-10,0.9870393049004861,1.0,0.39837735891342163,0.9018784761428833,0.0,0.8500000238418579,1.0,0.4135921597480774
43,q3_lightweight_storage,lightweight low density MOFs for gas storage,LEA no self-cleaning,100,85.92204199999998,0.6666139364242554,0.6729826927185059,0.0,0.6041814088821411,4.1344808132670607e-10,0.9887277173759293,1.0,0.5929555296897888,0.8814899325370789,0.0,0.8500000238418579,1.0,0.5920072793960571
43,q3_lightweight_storage,lightweight low density MOFs for gas storage,LEA pop20,100,55.81812500000005,0.6668536067008972,0.6692564487457275,0.0,0.6013684272766113,2.7711957728548953e-10,0.9894358193072974,1.0,0.3955061733722687,0.908100962638855,0.0,0.8500000238418579,1.0,0.4103720188140869
43,q3_lightweight_storage,lightweight low density MOFs for gas storage,LEA pop50,100,137.41629199999926,0.6650264263153076,0.673728346824646,0.0,0.6078743934631348,4.1017167440315916e-10,0.9831141379801357,1.0,0.5945781469345093,0.8770986795425415,0.0,0.8500000238418579,1.0,0.5947529673576355
43,q3_lightweight_storage,lightweight low density MOFs for gas storage,LEA pop100,100,275.1264580000008,0.6626160144805908,0.6734827160835266,0.0,0.6095340251922607,4.1017167440315916e-10,0.9798031245456987,1.0,0.5945781469345093,0.8707555532455444,0.0,0.8500000238418579,1.0,0.5930569171905518
43,q3_lightweight_storage,lightweight low density MOFs for gas storage,LEA iter20,100,27.502166000001438,0.661949098110199,0.6664682030677795,0.0,0.6019957661628723,2.7711957728548953e-10,0.97922794950325,1.0,0.3955061733722687,0.8951941728591919,0.0,0.8500000238418579,1.0,0.40820130705833435
43,q3_lightweight_storage,lightweight low density MOFs for gas storage,LEA iter40,100,54.79541700000112,0.6658807992935181,0.673728346824646,0.0,0.6101333498954773,4.1249564874945577e-10,0.9855299940720929,1.0,0.5958267450332642,0.8791829347610474,0.0,0.8500000238418579,1.0,0.5959686040878296
43,q3_lightweight_storage,lightweight low density MOFs for gas storage,LEA iter100,100,140.14562500000238,0.6638954877853394,0.673728346824646,0.0,0.6086803078651428,4.1017167440315916e-10,0.9828410287530679,1.0,0.5945781469345093,0.8741226196289062,0.0,0.8500000238418579,1.0,0.5935238599777222
43,q3_lightweight_storage,lightweight low density MOFs for gas storage,LEA pool50,50,114.34200000000061,0.6693949699401855,0.673728346824646,0.0,0.6021440625190735,2.7711957728548953e-10,0.9913604789243539,1.0,0.3955061733722687,0.914788544178009,0.0,0.8500000238418579,1.0,0.40939760208129883
43,q3_lightweight_storage,lightweight low density MOFs for gas storage,LEA pool200,200,145.01183300000164,0.6672970056533813,0.673728346824646,0.0,0.6077327728271484,2.7711957728548953e-10,0.9863475044191318,1.0,0.3955061733722687,0.9092676043510437,0.0,0.8500000238418579,1.0,0.41478317975997925
43,q4_balanced_discovery,balanced stable MOF candidates for general materials discovery,SemanticOnly,100,0.14333400000055008,0.5711639523506165,0.5735496282577515,0.0,0.019355762749910355,1.473303562482542e-10,0.951039514791627,0.25,1.0,0.6933193206787109,0.0,0.8500000238418579,1.0,0.011424487456679344
43,q4_balanced_discovery,balanced stable MOF candidates for general materials discovery,WeightedSum,100,0.2179590000004339,0.593343198299408,0.5966005325317383,0.0,0.0201918575912714,1.711664976422611e-10,1.0,0.25,0.9929555654525757,0.8112602233886719,0.0,0.8500000238418579,1.0,0.11132273823022842
43,q4_balanced_discovery,balanced stable MOF candidates for general materials discovery,MMR,100,4.054542000002215,0.5807684063911438,0.5966005325317383,0.0,0.11153697967529297,1.586404341225034e-10,0.9768420541694209,0.25,0.9732605814933777,0.7680809497833252,0.0,0.8500000238418579,1.0,0.0951789915561676
43,q4_balanced_discovery,balanced stable MOF candidates for general materials discovery,RandomRepeated,100,0.06495899999947596,0.5741381645202637,0.5910561084747314,0.0,0.04920278862118721,1.5049046730997162e-10,0.9572838801330185,0.25,1.0,0.7081904411315918,0.0,0.8500000238418579,1.0,0.029508177191019058
43,q4_balanced_discovery,balanced stable MOF candidates for general materials discovery,LEA baseline,100,114.20295899999999,0.593343198299408,0.5966005325317383,0.0,0.0201918575912714,1.711664976422611e-10,1.0,0.25,0.9929555654525757,0.8112602233886719,0.0,0.8500000238418579,1.0,0.11132273823022842
43,q4_balanced_discovery,balanced stable MOF candidates for general materials discovery,LEA no diversity,100,142.40099999999956,0.593343198299408,0.5966005325317383,0.0,0.0201918575912714,1.711664976422611e-10,1.0,0.25,0.9929555654525757,0.8112602233886719,0.0,0.8500000238418579,1.0,0.11132273823022842
43,q4_balanced_discovery,balanced stable MOF candidates for general materials discovery,LEA no balance,100,84.68495800000042,0.593343198299408,0.5966005325317383,0.0,0.0201918575912714,1.711664976422611e-10,1.0,0.25,0.9929555654525757,0.8112602233886719,0.0,0.8500000238418579,1.0,0.11132273823022842
43,q4_balanced_discovery,balanced stable MOF candidates for general materials discovery,LEA no self-cleaning,100,83.91004199999941,0.593343198299408,0.5966005325317383,0.0,0.0201918575912714,1.711664976422611e-10,1.0,0.25,0.9929555654525757,0.8112602233886719,0.0,0.8500000238418579,1.0,0.11132273823022842
43,q4_balanced_discovery,balanced stable MOF candidates for general materials discovery,LEA pop20,100,56.281000000002024,0.5932893753051758,0.5966005325317383,0.0,0.020691359415650368,1.711092934009173e-10,0.9999276054001515,0.25,0.9929555654525757,0.8109909892082214,0.0,0.8500000238418579,1.0,0.11105360835790634
43,q4_balanced_discovery,balanced stable MOF candidates for general materials discovery,LEA pop50,100,137.71595799999758,0.593343198299408,0.5966005325317383,0.0,0.0201918575912714,1.711664976422611e-10,1.0,0.25,0.9929555654525757,0.8112602233886719,0.0,0.8500000238418579,1.0,0.11132273823022842
43,q4_balanced_discovery,balanced stable MOF candidates for general materials discovery,LEA pop100,100,283.9520419999992,0.593343198299408,0.5966005325317383,0.0,0.0201918575912714,1.711664976422611e-10,1.0,0.25,0.9929555654525757,0.8112602233886719,0.0,0.8500000238418579,1.0,0.11132273823022842
43,q4_balanced_discovery,balanced stable MOF candidates for general materials discovery,LEA iter20,100,28.31733300000039,0.593343198299408,0.5966005325317383,0.0,0.0201918575912714,1.711664976422611e-10,1.0,0.25,0.9929555654525757,0.8112602233886719,0.0,0.8500000238418579,1.0,0.11132273823022842
43,q4_balanced_discovery,balanced stable MOF candidates for general materials discovery,LEA iter40,100,56.625125000000054,0.593343198299408,0.5966005325317383,0.0,0.0201918575912714,1.711664976422611e-10,1.0,0.25,0.9929555654525757,0.8112602233886719,0.0,0.8500000238418579,1.0,0.11132273823022842
43,q4_balanced_discovery,balanced stable MOF candidates for general materials discovery,LEA iter100,100,143.17729200000073,0.593343198299408,0.5966005325317383,0.0,0.0201918575912714,1.711664976422611e-10,1.0,0.25,0.9929555654525757,0.8112602233886719,0.0,0.8500000238418579,1.0,0.11132273823022842
43,q4_balanced_discovery,balanced stable MOF candidates for general materials discovery,LEA pool50,50,121.98649999999844,0.593343198299408,0.5966005325317383,0.0,0.0201918575912714,1.711664976422611e-10,0.9999702688247922,0.25,0.9929555654525757,0.8112602233886719,0.0,0.8500000238418579,1.0,0.08904465287923813
43,q4_balanced_discovery,balanced stable MOF candidates for general materials discovery,LEA pool200,200,146.20333300000254,0.593343198299408,0.5966005325317383,0.0,0.0201918575912714,1.711664976422611e-10,1.0,0.25,0.9929555654525757,0.8112602233886719,0.0,0.8500000238418579,1.0,0.13768017292022705
43,q5_insulating_frameworks,wide band gap insulating MOFs with low density,SemanticOnly,100,0.13712499999840588,0.8573349118232727,0.8610939979553223,0.0,0.048921216279268265,5.57218271524107e-10,0.9597180415941692,1.0,0.9836118817329407,0.6668614745140076,0.0,0.8500000238418579,1.0,0.050742458552122116
43,q5_insulating_frameworks,wide band gap insulating MOFs with low density,WeightedSum,100,0.19762499999842476,0.8807624578475952,0.8877611756324768,0.0,0.03194258362054825,6.288553011657427e-10,1.0,1.0,1.0,0.7398297190666199,0.0,0.8500000238418579,1.0,0.09199531376361847
43,q5_insulating_frameworks,wide band gap insulating MOFs with low density,MMR,100,8.397166999998262,0.8693097829818726,0.8877611756324768,0.0,0.20032556354999542,5.758870602612376e-10,0.9853961701983046,1.0,0.98603755235672,0.7345129251480103,0.0,0.800000011920929,1.0,0.13801920413970947
43,q5_insulating_frameworks,wide band gap insulating MOFs with low density,RandomRepeated,100,0.1336249999965844,0.8607737421989441,0.8759486079216003,0.0,0.14178626239299774,5.405573211270109e-10,0.9675490480147088,1.0,0.9918174743652344,0.683890163898468,0.0,0.800000011920929,1.0,0.09078055620193481
43,q5_insulating_frameworks,wide band gap insulating MOFs with low density,LEA baseline,100,133.23291600000076,0.8786234855651855,0.8877611756324768,0.0,0.15009835362434387,6.118722195580517e-10,0.997573866770363,1.0,0.98603755235672,0.7768483757972717,0.0,0.800000011920929,1.0,0.15423955023288727
43,q5_insulating_frameworks,wide band gap insulating MOFs with low density,LEA no diversity,100,115.93291599999844,0.8807624578475952,0.8877611756324768,0.0,0.03194258362054825,6.288553011657427e-10,1.0,1.0,1.0,0.7398297190666199,0.0,0.8500000238418579,1.0,0.09199531376361847
43,q5_insulating_frameworks,wide band gap insulating MOFs with low density,LEA no balance,100,83.44045799999833,0.8786234855651855,0.8877611756324768,0.0,0.15009835362434387,6.118722195580517e-10,0.997573866770363,1.0,0.98603755235672,0.7768483757972717,0.0,0.800000011920929,1.0,0.15423955023288727
43,q5_insulating_frameworks,wide band gap insulating MOFs with low density,LEA no self-cleaning,100,83.69620799999922,0.8786234855651855,0.8877611756324768,0.0,0.15009835362434387,6.118722195580517e-10,0.9972824154821434,1.0,0.98603755235672,0.776848316192627,0.0,0.800000011920929,1.0,0.15423955023288727
43,q5_insulating_frameworks,wide band gap insulating MOFs with low density,LEA pop20,100,55.84270800000013,0.8805114030838013,0.8877611756324768,0.0,0.07355085760354996,6.42009334583804e-10,0.9996598076625677,1.0,0.98603755235672,0.7672478556632996,0.0,0.8500000238418579,1.0,0.12024029344320297
43,q5_insulating_frameworks,wide band gap insulating MOFs with low density,LEA pop50,100,138.39733300000034,0.878501296043396,0.8877611756324768,0.0,0.1509513407945633,6.114003192614348e-10,0.9971615735548469,1.0,0.98603755235672,0.776293158531189,0.0,0.800000011920929,1.0,0.15375347435474396
43,q5_insulating_frameworks,wide band gap insulating MOFs with low density,LEA pop100,100,283.8398330000018,0.8786234855651855,0.8877611756324768,0.0,0.15009835362434387,6.118722195580517e-10,0.9972824154821434,1.0,0.98603755235672,0.776848316192627,0.0,0.800000011920929,1.0,0.15423955023288727
43,q5_insulating_frameworks,wide band gap insulating MOFs with low density,LEA iter20,100,28.28075000000041,0.8786234855651855,0.8877611756324768,0.0,0.15009835362434387,6.118722195580517e-10,0.9972824154821434,1.0,0.98603755235672,0.776848316192627,0.0,0.800000011920929,1.0,0.15423955023288727
43,q5_insulating_frameworks,wide band gap insulating MOFs with low density,LEA iter40,100,57.20645799999957,0.8786234855651855,0.8877611756324768,0.0,0.15009835362434387,6.118722195580517e-10,0.9972824154821434,1.0,0.98603755235672,0.776848316192627,0.0,0.800000011920929,1.0,0.15423955023288727
43,q5_insulating_frameworks,wide band gap insulating MOFs with low density,LEA iter100,100,142.14029099999692,0.8786234855651855,0.8877611756324768,0.0,0.15009835362434387,6.118722195580517e-10,0.9972824154821434,1.0,0.98603755235672,0.776848316192627,0.0,0.800000011920929,1.0,0.15423955023288727
43,q5_insulating_frameworks,wide band gap insulating MOFs with low density,LEA pool50,50,111.7419169999998,0.8786234855651855,0.8877611756324768,0.0,0.15009835362434387,6.118722195580517e-10,0.9972824154821434,1.0,0.98603755235672,0.776848316192627,0.0,0.800000011920929,1.0,0.1331031620502472
43,q5_insulating_frameworks,wide band gap insulating MOFs with low density,LEA pool200,200,135.13083299999806,0.8786234855651855,0.8877611756324768,0.0,0.15009835362434387,6.118722195580517e-10,0.9972824154821434,1.0,0.98603755235672,0.776848316192627,0.0,0.800000011920929,1.0,0.1721588671207428
44,q1_co2_adsorption,stable porous MOFs for CO2 adsorption,SemanticOnly,100,0.04620899999707717,0.46286487579345703,0.4651694893836975,0.0,0.06416328996419907,2.2449508918498395e-10,0.9719886587943841,0.44999998807907104,0.9813195466995239,0.5990620851516724,0.0,0.8500000238418579,1.0,0.04128754884004593
44,q1_co2_adsorption,stable porous MOFs for CO2 adsorption,WeightedSum,100,0.08624999999895522,0.47267183661460876,0.4744685888290405,0.0,0.008607196621596813,2.5033813910724234e-10,1.0,0.44999998807907104,1.0,0.6544787883758545,0.0,0.8500000238418579,1.0,0.06010851263999939
44,q1_co2_adsorption,stable porous MOFs for CO2 adsorption,MMR,100,1.802082999997623,0.4653640687465668,0.4744685888290405,0.0,0.12113821506500244,2.290901635060294e-10,0.9856031459014648,0.44999998807907104,0.9524765014648438,0.6311063766479492,0.0,0.8500000238418579,1.0,0.07898028194904327
44,q1_co2_adsorption,stable porous MOFs for CO2 adsorption,RandomRepeated,100,0.056582999999221784,0.4645741879940033,0.47191286087036133,0.0,0.058155886828899384,2.2895207951734164e-10,0.9763756964203522,0.44999998807907104,0.976751983165741,0.6128935813903809,0.0,0.8500000238418579,1.0,0.035459961742162704
44,q1_co2_adsorption,stable porous MOFs for CO2 adsorption,LEA baseline,100,128.0174169999988,0.47134822607040405,0.47310811281204224,0.0,0.0692669078707695,2.4496352168945634e-10,0.9964492822485203,0.44999998807907104,0.9708409309387207,0.6612063646316528,0.0,0.8500000238418579,1.0,0.07747171074151993
44,q1_co2_adsorption,stable porous MOFs for CO2 adsorption,LEA no diversity,100,130.0750000000015,0.47267183661460876,0.4744685888290405,0.0,0.008607196621596813,2.5033813910724234e-10,1.0,0.44999998807907104,1.0,0.6544787883758545,0.0,0.8500000238418579,1.0,0.06010851263999939
44,q1_co2_adsorption,stable porous MOFs for CO2 adsorption,LEA no balance,100,86.20037500000066,0.47134822607040405,0.47310811281204224,0.0,0.0692669078707695,2.4496352168945634e-10,0.9964492822485203,0.44999998807907104,0.9708409309387207,0.6612063646316528,0.0,0.8500000238418579,1.0,0.07747171074151993
44,q1_co2_adsorption,stable porous MOFs for CO2 adsorption,LEA no self-cleaning,100,83.93404199999921,0.47213512659072876,0.4744685888290405,0.0,0.06953411549329758,2.469748849875941e-10,0.9979383939387267,0.44999998807907104,0.9709603190422058,0.6663885116577148,0.0,0.8500000238418579,1.0,0.08238991349935532
44,q1_co2_adsorption,stable porous MOFs for CO2 adsorption,LEA pop20,100,55.896624999999034,0.47134169936180115,0.4720311462879181,0.0,0.0649498775601387,2.4495167005866847e-10,0.9958760176359235,0.44999998807907104,0.9709603190422058,0.6610990762710571,0.0,0.8500000238418579,1.0,0.07738260179758072
44,q1_co2_adsorption,stable porous MOFs for CO2 adsorption,LEA pop50,100,138.28716700000143,0.4702549874782562,0.4744685888290405,0.0,0.08305453509092331,2.4218052563362846e-10,0.9935269525630829,0.44999998807907104,0.9709603190422058,0.6538541913032532,0.0,0.8500000238418579,1.0,0.07143741846084595
44,q1_co2_adsorption,stable porous MOFs for CO2 adsorption,LEA pop100,100,289.4664579999997,0.47157198190689087,0.47310811281204224,0.0,0.0668628066778183,2.455388392608171e-10,0.9970427297663583,0.44999998807907104,0.9709603190422058,0.6626341342926025,0.0,0.8500000238418579,1.0,0.07883016765117645
44,q1_co2_adsorption,stable porous MOFs for CO2 adsorption,LEA iter20,100,29.51662500000296,0.47134822607040405,0.47310811281204224,0.0,0.0692669078707695,2.4496352168945634e-10,0.9964492822485203,0.44999998807907104,0.9708409309387207,0.6612063646316528,0.0,0.8500000238418579,1.0,0.07747171074151993
44,q1_co2_adsorption,stable porous MOFs for CO2 adsorption,LEA iter40,100,60.58720900000125,0.47134822607040405,0.47310811281204224,0.0,0.0692669078707695,2.4496352168945634e-10,0.9964492822485203,0.44999998807907104,0.9708409309387207,0.6612063646316528,0.0,0.8500000238418579,1.0,0.07747171074151993
44,q1_co2_adsorption,stable porous MOFs for CO2 adsorption,LEA iter100,100,139.96970799999886,0.47134822607040405,0.47310811281204224,0.0,0.0692669078707695,2.4496352168945634e-10,0.9964492822485203,0.44999998807907104,0.9708409309387207,0.6612063646316528,0.0,0.8500000238418579,1.0,0.07747171074151993
44,q1_co2_adsorption,stable porous MOFs for CO2 adsorption,LEA pool50,50,128.52987500000168,0.47217750549316406,0.4744685888290405,0.0,0.06915123760700226,2.470830207101926e-10,0.9971834393356832,0.44999998807907104,0.9709603190422058,0.6666711568832397,0.0,0.8500000238418579,1.0,0.06467588990926743
44,q1_co2_adsorption,stable porous MOFs for CO2 adsorption,LEA pool200,200,119.53345899999945,0.47217750549316406,0.4744685888290405,0.0,0.06915123760700226,2.470830207101926e-10,0.9970335676154936,0.44999998807907104,0.9709603190422058,0.6666711568832397,0.0,0.8500000238418579,1.0,0.1150054782629013
44,q2_photocatalysis,semiconducting MOFs for photocatalysis with suitable band gap,SemanticOnly,100,0.14020900000133452,0.8529559373855591,0.8539198040962219,0.0,0.01959465816617012,5.892198950974148e-10,0.9869173962128599,1.0,1.0,0.6931999325752258,0.0,0.8500000238418579,1.0,0.011293628253042698
44,q2_photocatalysis,semiconducting MOFs for photocatalysis with suitable band gap,WeightedSum,100,0.19466699999881598,0.8607824444770813,0.8617095351219177,0.0,0.021135833114385605,6.784744432941636e-10,1.0,1.0,0.9983774423599243,0.7995497584342957,0.0,0.8500000238418579,1.0,0.10227654874324799
44,q2_photocatalysis,semiconducting MOFs for photocatalysis with suitable band gap,MMR,100,4.849709000001923,0.8575154542922974,0.8617095351219177,0.0,0.08145545423030853,6.437623767396872e-10,0.995048713820267,1.0,0.9983774423599243,0.758712112903595,0.0,0.8500000238418579,1.0,0.07632017135620117
44,q2_photocatalysis,semiconducting MOFs for photocatalysis with suitable band gap,RandomRepeated,100,0.0711669999979847,0.8529655337333679,0.8556750416755676,0.0,0.028437340632081032,5.893222576602852e-10,0.9877912559192082,1.0,1.0,0.6933202743530273,0.0,0.8500000238418579,1.0,0.015987912192940712
44,q2_photocatalysis,semiconducting MOFs for photocatalysis with suitable band gap,LEA baseline,100,124.15912499999848,0.8607824444770813,0.8617095351219177,0.0,0.021135833114385605,6.784744432941636e-10,0.9999472812073708,1.0,0.9983774423599243,0.7995497584342957,0.0,0.8500000238418579,1.0,0.10227654874324799
44,q2_photocatalysis,semiconducting MOFs for photocatalysis with suitable band gap,LEA no diversity,100,122.00012499999957,0.8607824444770813,0.8617095351219177,0.0,0.021135833114385605,6.784744432941636e-10,1.0,1.0,0.9983774423599243,0.7995497584342957,0.0,0.8500000238418579,1.0,0.10227654874324799
44,q2_photocatalysis,semiconducting MOFs for photocatalysis with suitable band gap,LEA no balance,100,87.90391699999844,0.8607824444770813,0.8617095351219177,0.0,0.021135833114385605,6.784744432941636e-10,0.9999472812073708,1.0,0.9983774423599243,0.7995497584342957,0.0,0.8500000238418579,1.0,0.10227654874324799
44,q2_photocatalysis,semiconducting MOFs for photocatalysis with suitable band gap,LEA no self-cleaning,100,83.91162500000249,0.8607824444770813,0.8617095351219177,0.0,0.021135833114385605,6.784744432941636e-10,0.9999472812073708,1.0,0.9983774423599243,0.7995497584342957,0.0,0.8500000238418579,1.0,0.10227654874324799
44,q2_photocatalysis,semiconducting MOFs for photocatalysis with suitable band gap,LEA pop20,100,56.36220799999947,0.8607824444770813,0.8617095351219177,0.0,0.021135833114385605,6.784744432941636e-10,0.9999472812073708,1.0,0.9983774423599243,0.7995497584342957,0.0,0.8500000238418579,1.0,0.10227654874324799
44,q2_photocatalysis,semiconducting MOFs for photocatalysis with suitable band gap,LEA pop50,100,139.16879199999954,0.8607824444770813,0.8617095351219177,0.0,0.021135833114385605,6.784744432941636e-10,0.9999472812073708,1.0,0.9983774423599243,0.7995497584342957,0.0,0.8500000238418579,1.0,0.10227654874324799
44,q2_photocatalysis,semiconducting MOFs for photocatalysis with suitable band gap,LEA pop100,100,283.93008300000133,0.8607824444770813,0.8617095351219177,0.0,0.021135833114385605,6.784744432941636e-10,0.9999472812073708,1.0,0.9983774423599243,0.7995497584342957,0.0,0.8500000238418579,1.0,0.10227654874324799
44,q2_photocatalysis,semiconducting MOFs for photocatalysis with suitable band gap,LEA iter20,100,27.820292000001245,0.8607824444770813,0.8617095351219177,0.0,0.021135833114385605,6.784744432941636e-10,0.9999472812073708,1.0,0.9983774423599243,0.7995497584342957,0.0,0.8500000238418579,1.0,0.10227654874324799
44,q2_photocatalysis,semiconducting MOFs for photocatalysis with suitable band gap,LEA iter40,100,57.0255419999981,0.8607824444770813,0.8617095351219177,0.0,0.021135833114385605,6.784744432941636e-10,0.9999472812073708,1.0,0.9983774423599243,0.7995497584342957,0.0,0.8500000238418579,1.0,0.10227654874324799
44,q2_photocatalysis,semiconducting MOFs for photocatalysis with suitable band gap,LEA iter100,100,144.00429200000175,0.8607824444770813,0.8617095351219177,0.0,0.021135833114385605,6.784744432941636e-10,0.9999472812073708,1.0,0.9983774423599243,0.7995497584342957,0.0,0.8500000238418579,1.0,0.10227654874324799
44,q2_photocatalysis,semiconducting MOFs for photocatalysis with suitable band gap,LEA pool50,50,114.47958300000138,0.8607824444770813,0.8617095351219177,0.0,0.021135833114385605,6.784744432941636e-10,0.9999472812073708,1.0,0.9983774423599243,0.7995497584342957,0.0,0.8500000238418579,1.0,0.07698410749435425
44,q2_photocatalysis,semiconducting MOFs for photocatalysis with suitable band gap,LEA pool200,200,118.79504199999857,0.8607824444770813,0.8617095351219177,0.0,0.021135833114385605,6.784744432941636e-10,0.9999472812073708,1.0,0.9983774423599243,0.7995497584342957,0.0,0.8500000238418579,1.0,0.12866318225860596
44,q3_lightweight_storage,lightweight low density MOFs for gas storage,SemanticOnly,100,0.07133300000106146,0.6645897626876831,0.6676316261291504,0.0,0.013059747405350208,8.110560706798018e-19,0.9813410317954927,1.0,0.0,0.9541835784912109,0.0,0.8500000238418579,1.0,0.0489165298640728
44,q3_lightweight_storage,lightweight low density MOFs for gas storage,WeightedSum,100,0.09170900000299298,0.6728970408439636,0.673728346824646,0.0,0.0023870705626904964,8.296381661529227e-19,1.0,1.0,0.0,0.9760449528694153,0.0,0.8500000238418579,1.0,0.056563057005405426
44,q3_lightweight_storage,lightweight low density MOFs for gas storage,MMR,100,2.6494169999971007,0.6694502234458923,0.673728346824646,0.0,0.5381185412406921,2.3731433484996955e-10,0.9938916097863566,1.0,0.33260947465896606,0.9232099652290344,0.0,0.8500000238418579,1.0,0.35109132528305054
44,q3_lightweight_storage,lightweight low density MOFs for gas storage,RandomRepeated,100,0.06550000000160594,0.6637868881225586,0.6721124649047852,0.0,0.017431210726499557,8.092601581723726e-19,0.9826596852997584,1.0,0.0,0.9520708322525024,0.0,0.8500000238418579,1.0,0.0487210676074028
44,q3_lightweight_storage,lightweight low density MOFs for gas storage,LEA baseline,100,137.19791700000172,0.6666736602783203,0.6707056164741516,0.0,0.6036683320999146,2.7711957728548953e-10,0.9899262904879197,1.0,0.3955061733722687,0.907627284526825,0.0,0.8500000238418579,1.0,0.4104507565498352
44,q3_lightweight_storage,lightweight low density MOFs for gas storage,LEA no diversity,100,149.48383300000145,0.6728970408439636,0.673728346824646,0.0,0.0023870705626904964,8.296381661529227e-19,1.0,1.0,0.0,0.9760449528694153,0.0,0.8500000238418579,1.0,0.056563057005405426
44,q3_lightweight_storage,lightweight low density MOFs for gas storage,LEA no balance,100,84.03416700000221,0.6666736602783203,0.6707056164741516,0.0,0.6036683320999146,2.7711957728548953e-10,0.9899262904879197,1.0,0.3955061733722687,0.907627284526825,0.0,0.8500000238418579,1.0,0.4104507565498352
44,q3_lightweight_storage,lightweight low density MOFs for gas storage,LEA no self-cleaning,100,83.67441699999745,0.6684985756874084,0.673728346824646,0.0,0.603141188621521,2.7711957728548953e-10,0.9932860938880148,1.0,0.3955061733722687,0.9124296307563782,0.0,0.8500000238418579,1.0,0.4124245047569275
44,q3_lightweight_storage,lightweight low density MOFs for gas storage,LEA pop20,100,55.826124999999394,0.6673184633255005,0.673728346824646,0.0,0.6040760278701782,4.1344808132670607e-10,0.9879193382429718,1.0,0.5929555296897888,0.8833439946174622,0.0,0.8500000238418579,1.0,0.5930352210998535
44,q3_lightweight_storage,lightweight low density MOFs for gas storage,LEA pop50,100,140.83283300000105,0.6650264263153076,0.673728346824646,0.0,0.6078743934631348,4.1017167440315916e-10,0.983841612119501,1.0,0.5945781469345093,0.8770987391471863,0.0,0.8500000238418579,1.0,0.5947529673576355
44,q3_lightweight_storage,lightweight low density MOFs for gas storage,LEA pop100,100,303.9496670000012,0.6640210151672363,0.673728346824646,0.0,0.4119029641151428,5.498934085856888e-10,0.9834597878360015,1.0,0.7929555177688599,0.8483507037162781,0.0,0.8500000238418579,1.0,0.7743499875068665
44,q3_lightweight_storage,lightweight low density MOFs for gas storage,LEA iter20,100,28.09249999999963,0.6640210747718811,0.673728346824646,0.0,0.4119029939174652,5.498934085856888e-10,0.9839196704462592,1.0,0.7929555177688599,0.8483507037162781,0.0,0.8500000238418579,1.0,0.7743499875068665
44,q3_lightweight_storage,lightweight low density MOFs for gas storage,LEA iter40,100,55.79449999999753,0.6667494773864746,0.6707056164741516,0.0,0.6035550832748413,2.7711957728548953e-10,0.9900429718635336,1.0,0.3955061733722687,0.9078267812728882,0.0,0.8500000238418579,1.0,0.4105052053928375
44,q3_lightweight_storage,lightweight low density MOFs for gas storage,LEA iter100,100,139.21754100000072,0.6644769906997681,0.6717705130577087,0.0,0.6072154641151428,4.1017167440315916e-10,0.9823903071565361,1.0,0.5945781469345093,0.8756527900695801,0.0,0.8500000238418579,1.0,0.593955397605896
44,q3_lightweight_storage,lightweight low density MOFs for gas storage,LEA pool50,50,114.14166699999839,0.667925238609314,0.673728346824646,0.0,0.6060117483139038,2.7711957728548953e-10,0.9896047858169498,1.0,0.3955061733722687,0.9109207987785339,0.0,0.8500000238418579,1.0,0.40908950567245483
44,q3_lightweight_storage,lightweight low density MOFs for gas storage,LEA pool200,200,128.51429199999842,0.6646489500999451,0.673728346824646,0.0,0.6077669858932495,2.7711957728548953e-10,0.983276856272232,1.0,0.3955061733722687,0.9022991061210632,0.0,0.8500000238418579,1.0,0.4107997417449951
44,q4_balanced_discovery,balanced stable MOF candidates for general materials discovery,SemanticOnly,100,0.043791999999598374,0.5711639523506165,0.5735496282577515,0.0,0.019355762749910355,1.473303562482542e-10,0.951039514791627,0.25,1.0,0.6933193206787109,0.0,0.8500000238418579,1.0,0.011424487456679344
44,q4_balanced_discovery,balanced stable MOF candidates for general materials discovery,WeightedSum,100,0.08529200000140236,0.593343198299408,0.5966005325317383,0.0,0.0201918575912714,1.711664976422611e-10,1.0,0.25,0.9929555654525757,0.8112602233886719,0.0,0.8500000238418579,1.0,0.11132273823022842
44,q4_balanced_discovery,balanced stable MOF candidates for general materials discovery,MMR,100,1.7953750000003765,0.5807684063911438,0.5966005325317383,0.0,0.11153697967529297,1.586404341225034e-10,0.9768420541694209,0.25,0.9732605814933777,0.7680809497833252,0.0,0.8500000238418579,1.0,0.0951789915561676
44,q4_balanced_discovery,balanced stable MOF candidates for general materials discovery,RandomRepeated,100,0.06316600000033645,0.5752363801002502,0.5910561084747314,0.0,0.0479496605694294,1.5165732558664047e-10,0.9624555525868045,0.25,1.0,0.7136815190315247,0.0,0.8500000238418579,1.0,0.026285111904144287
44,q4_balanced_discovery,balanced stable MOF candidates for general materials discovery,LEA baseline,100,113.44529199999798,0.593343198299408,0.5966005325317383,0.0,0.0201918575912714,1.711664976422611e-10,1.0,0.25,0.9929555654525757,0.8112602233886719,0.0,0.8500000238418579,1.0,0.11132273823022842
44,q4_balanced_discovery,balanced stable MOF candidates for general materials discovery,LEA no diversity,100,113.67112499999976,0.593343198299408,0.5966005325317383,0.0,0.0201918575912714,1.711664976422611e-10,1.0,0.25,0.9929555654525757,0.8112602233886719,0.0,0.8500000238418579,1.0,0.11132273823022842
44,q4_balanced_discovery,balanced stable MOF candidates for general materials discovery,LEA no balance,100,88.30245900000122,0.593343198299408,0.5966005325317383,0.0,0.0201918575912714,1.711664976422611e-10,1.0,0.25,0.9929555654525757,0.8112602233886719,0.0,0.8500000238418579,1.0,0.11132273823022842
44,q4_balanced_discovery,balanced stable MOF candidates for general materials discovery,LEA no self-cleaning,100,83.38499999999982,0.593343198299408,0.5966005325317383,0.0,0.0201918575912714,1.711664976422611e-10,1.0,0.25,0.9929555654525757,0.8112602233886719,0.0,0.8500000238418579,1.0,0.11132273823022842
44,q4_balanced_discovery,balanced stable MOF candidates for general materials discovery,LEA pop20,100,57.661207999998965,0.593343198299408,0.5966005325317383,0.0,0.0201918575912714,1.711664976422611e-10,0.9999702688247922,0.25,0.9929555654525757,0.8112602233886719,0.0,0.8500000238418579,1.0,0.11132273823022842
44,q4_balanced_discovery,balanced stable MOF candidates for general materials discovery,LEA pop50,100,138.39341599999955,0.5932893753051758,0.5966005325317383,0.0,0.020691359415650368,1.711092934009173e-10,0.9999276054001515,0.25,0.9929555654525757,0.8109909892082214,0.0,0.8500000238418579,1.0,0.11105360835790634
44,q4_balanced_discovery,balanced stable MOF candidates for general materials discovery,LEA pop100,100,286.16020900000194,0.593343198299408,0.5966005325317383,0.0,0.0201918575912714,1.711664976422611e-10,1.0,0.25,0.9929555654525757,0.8112602233886719,0.0,0.8500000238418579,1.0,0.11132273823022842
44,q4_balanced_discovery,balanced stable MOF candidates for general materials discovery,LEA iter20,100,27.818249999999267,0.593343198299408,0.5966005325317383,0.0,0.0201918575912714,1.711664976422611e-10,1.0,0.25,0.9929555654525757,0.8112602233886719,0.0,0.8500000238418579,1.0,0.11132273823022842
44,q4_balanced_discovery,balanced stable MOF candidates for general materials discovery,LEA iter40,100,58.07766699999917,0.593343198299408,0.5966005325317383,0.0,0.0201918575912714,1.711664976422611e-10,1.0,0.25,0.9929555654525757,0.8112602233886719,0.0,0.8500000238418579,1.0,0.11132273823022842
44,q4_balanced_discovery,balanced stable MOF candidates for general materials discovery,LEA iter100,100,141.99033399999905,0.593343198299408,0.5966005325317383,0.0,0.0201918575912714,1.711664976422611e-10,1.0,0.25,0.9929555654525757,0.8112602233886719,0.0,0.8500000238418579,1.0,0.11132273823022842
44,q4_balanced_discovery,balanced stable MOF candidates for general materials discovery,LEA pool50,50,92.61208299999879,0.5932893753051758,0.5966005325317383,0.0,0.020691359415650368,1.711092934009173e-10,0.9999276054001515,0.25,0.9929555654525757,0.8109909892082214,0.0,0.8500000238418579,1.0,0.08877544105052948
44,q4_balanced_discovery,balanced stable MOF candidates for general materials discovery,LEA pool200,200,148.4551670000016,0.593343198299408,0.5966005325317383,0.0,0.0201918575912714,1.711664976422611e-10,1.0,0.25,0.9929555654525757,0.8112602233886719,0.0,0.8500000238418579,1.0,0.13768017292022705
44,q5_insulating_frameworks,wide band gap insulating MOFs with low density,SemanticOnly,100,0.04591600000125595,0.8573349118232727,0.8610939979553223,0.0,0.048921216279268265,5.57218271524107e-10,0.9597180415941692,1.0,0.9836118817329407,0.6668614745140076,0.0,0.8500000238418579,1.0,0.050742458552122116
44,q5_insulating_frameworks,wide band gap insulating MOFs with low density,WeightedSum,100,0.08608399999943117,0.8807624578475952,0.8877611756324768,0.0,0.03194258362054825,6.288553011657427e-10,1.0,1.0,1.0,0.7398297190666199,0.0,0.8500000238418579,1.0,0.09199531376361847
44,q5_insulating_frameworks,wide band gap insulating MOFs with low density,MMR,100,3.0207500000010157,0.8693097829818726,0.8877611756324768,0.0,0.20032556354999542,5.758870602612376e-10,0.9853961701983046,1.0,0.98603755235672,0.7345129251480103,0.0,0.800000011920929,1.0,0.13801920413970947
44,q5_insulating_frameworks,wide band gap insulating MOFs with low density,RandomRepeated,100,0.14595800000094528,0.8532803654670715,0.8558180332183838,0.0,0.11325065046548843,5.033248817731817e-10,0.9566208998574568,1.0,1.0,0.6330927014350891,0.0,0.800000011920929,1.0,0.08563617616891861
44,q5_insulating_frameworks,wide band gap insulating MOFs with low density,LEA baseline,100,132.7652910000019,0.8786234855651855,0.8877611756324768,0.0,0.15009835362434387,6.118722195580517e-10,0.9972824154821434,1.0,0.98603755235672,0.776848316192627,0.0,0.800000011920929,1.0,0.15423955023288727
44,q5_insulating_frameworks,wide band gap insulating MOFs with low density,LEA no diversity,100,128.71987499999804,0.8807624578475952,0.8877611756324768,0.0,0.03194258362054825,6.288553011657427e-10,1.0,1.0,1.0,0.7398297190666199,0.0,0.8500000238418579,1.0,0.09199531376361847
44,q5_insulating_frameworks,wide band gap insulating MOFs with low density,LEA no balance,100,84.37070799999802,0.8786234855651855,0.8877611756324768,0.0,0.15009835362434387,6.118722195580517e-10,0.9972824154821434,1.0,0.98603755235672,0.776848316192627,0.0,0.800000011920929,1.0,0.15423955023288727
44,q5_insulating_frameworks,wide band gap insulating MOFs with low density,LEA no self-cleaning,100,84.58641700000058,0.8786234855651855,0.8877611756324768,0.0,0.15009835362434387,6.118722195580517e-10,0.9972824154821434,1.0,0.98603755235672,0.776848316192627,0.0,0.800000011920929,1.0,0.15423955023288727
44,q5_insulating_frameworks,wide band gap insulating MOFs with low density,LEA pop20,100,56.12566699999988,0.8786234855651855,0.8877611756324768,0.0,0.15009835362434387,6.118722195580517e-10,0.9972824154821434,1.0,0.98603755235672,0.776848316192627,0.0,0.800000011920929,1.0,0.15423955023288727
44,q5_insulating_frameworks,wide band gap insulating MOFs with low density,LEA pop50,100,140.326040999998,0.8786234855651855,0.8877611756324768,0.0,0.15009835362434387,6.118722195580517e-10,0.9977984192764706,1.0,0.98603755235672,0.776848316192627,0.0,0.800000011920929,1.0,0.15423956513404846
44,q5_insulating_frameworks,wide band gap insulating MOFs with low density,LEA pop100,100,285.57404200000036,0.8786234855651855,0.8877611756324768,0.0,0.15009835362434387,6.118722195580517e-10,0.9977984192764706,1.0,0.98603755235672,0.776848316192627,0.0,0.800000011920929,1.0,0.15423956513404846
44,q5_insulating_frameworks,wide band gap insulating MOFs with low density,LEA iter20,100,28.93070899999728,0.8785148859024048,0.8877611756324768,0.0,0.15085692703723907,6.114524442324409e-10,0.9976787281714156,1.0,0.98603755235672,0.7763544917106628,0.0,0.800000011920929,1.0,0.1538069248199463
44,q5_insulating_frameworks,wide band gap insulating MOFs with low density,LEA iter40,100,57.43920799999813,0.878500759601593,0.8877611756324768,0.0,0.15095579624176025,6.113978767707806e-10,0.9976631862845201,1.0,0.98603755235672,0.7762902975082397,0.0,0.800000011920929,1.0,0.1537509560585022
44,q5_insulating_frameworks,wide band gap insulating MOFs with low density,LEA iter100,100,141.96887499999988,0.8786234855651855,0.8877611756324768,0.0,0.15009835362434387,6.118722195580517e-10,0.9972824154821434,1.0,0.98603755235672,0.776848316192627,0.0,0.800000011920929,1.0,0.15423955023288727
44,q5_insulating_frameworks,wide band gap insulating MOFs with low density,LEA pool50,50,131.88916600000056,0.8786234855651855,0.8877611756324768,0.0,0.15009835362434387,6.118722195580517e-10,0.9972824154821434,1.0,0.98603755235672,0.776848316192627,0.0,0.800000011920929,1.0,0.1331031620502472
44,q5_insulating_frameworks,wide band gap insulating MOFs with low density,LEA pool200,200,144.82754199999803,0.8786234855651855,0.8877611756324768,0.0,0.15009835362434387,6.118722195580517e-10,0.9972824154821434,1.0,0.98603755235672,0.776848316192627,0.0,0.800000011920929,1.0,0.1721588671207428
45,q1_co2_adsorption,stable porous MOFs for CO2 adsorption,SemanticOnly,100,0.05050000000039745,0.46286487579345703,0.4651694893836975,0.0,0.06416328996419907,2.2449508918498395e-10,0.9719886587943841,0.44999998807907104,0.9813195466995239,0.5990620851516724,0.0,0.8500000238418579,1.0,0.04128754884004593
45,q1_co2_adsorption,stable porous MOFs for CO2 adsorption,WeightedSum,100,0.08529100000131962,0.47267183661460876,0.4744685888290405,0.0,0.008607196621596813,2.5033813910724234e-10,1.0,0.44999998807907104,1.0,0.6544787883758545,0.0,0.8500000238418579,1.0,0.06010851263999939
45,q1_co2_adsorption,stable porous MOFs for CO2 adsorption,MMR,100,1.8098749999992947,0.4653640687465668,0.4744685888290405,0.0,0.12113821506500244,2.290901635060294e-10,0.9856031459014648,0.44999998807907104,0.9524765014648438,0.6311063766479492,0.0,0.8500000238418579,1.0,0.07898028194904327
45,q1_co2_adsorption,stable porous MOFs for CO2 adsorption,RandomRepeated,100,0.06283300000120562,0.4625425934791565,0.4678332209587097,0.0,0.04907391220331192,2.2404714195012332e-10,0.9745328533052161,0.44999998807907104,0.9862377047538757,0.5942903757095337,0.0,0.8500000238418579,1.0,0.03182532638311386
45,q1_co2_adsorption,stable porous MOFs for CO2 adsorption,LEA baseline,100,114.24999999999841,0.471949964761734,0.4744685888290405,0.0,0.0717567652463913,2.464977943983371e-10,0.9976360597086233,0.44999998807907104,0.9708409309387207,0.6652175784111023,0.0,0.8500000238418579,1.0,0.08127166330814362
45,q1_co2_adsorption,stable porous MOFs for CO2 adsorption,LEA no diversity,100,132.49320799999964,0.47267183661460876,0.4744685888290405,0.0,0.008607196621596813,2.5033813910724234e-10,1.0,0.44999998807907104,1.0,0.6544787883758545,0.0,0.8500000238418579,1.0,0.06010851263999939
45,q1_co2_adsorption,stable porous MOFs for CO2 adsorption,LEA no balance,100,85.52758300000107,0.471949964761734,0.4744685888290405,0.0,0.0717567652463913,2.464977943983371e-10,0.9976360597086233,0.44999998807907104,0.9708409309387207,0.6652175784111023,0.0,0.8500000238418579,1.0,0.08127166330814362
45,q1_co2_adsorption,stable porous MOFs for CO2 adsorption,LEA no self-cleaning,100,84.31904100000054,0.47140026092529297,0.47310811281204224,0.0,0.06902246922254562,2.450961378297478e-10,0.996543337762009,0.44999998807907104,0.9708409309387207,0.6615530252456665,0.0,0.8500000238418579,1.0,0.07779470831155777
45,q1_co2_adsorption,stable porous MOFs for CO2 adsorption,LEA pop20,100,56.511583999999004,0.47101306915283203,0.47310811281204224,0.0,0.07311037927865982,2.4411372923083263e-10,0.9961202263586277,0.44999998807907104,0.9709603190422058,0.6589083671569824,0.0,0.8500000238418579,1.0,0.07550443708896637
45,q1_co2_adsorption,stable porous MOFs for CO2 adsorption,LEA pop50,100,141.3224590000013,0.47140026092529297,0.47310811281204224,0.0,0.06902246922254562,2.450961378297478e-10,0.996543337762009,0.44999998807907104,0.9708409309387207,0.6615530252456665,0.0,0.8500000238418579,1.0,0.07779470831155777
45,q1_co2_adsorption,stable porous MOFs for CO2 adsorption,LEA pop100,100,286.10374999999874,0.47217369079589844,0.4744685888290405,0.0,0.06935432553291321,2.4707316748084907e-10,0.9980405522652019,0.44999998807907104,0.9709603190422058,0.666645348072052,0.0,0.8500000238418579,1.0,0.08263012021780014
45,q1_co2_adsorption,stable porous MOFs for CO2 adsorption,LEA iter20,100,28.313750000002358,0.471949964761734,0.4744685888290405,0.0,0.0717567652463913,2.464977943983371e-10,0.9976360597086233,0.44999998807907104,0.9708409309387207,0.6652175784111023,0.0,0.8500000238418579,1.0,0.08127166330814362
45,q1_co2_adsorption,stable porous MOFs for CO2 adsorption,LEA iter40,100,57.23483299999543,0.471949964761734,0.4744685888290405,0.0,0.0717567652463913,2.464977943983371e-10,0.9976360597086233,0.44999998807907104,0.9708409309387207,0.6652175784111023,0.0,0.8500000238418579,1.0,0.08127166330814362
45,q1_co2_adsorption,stable porous MOFs for CO2 adsorption,LEA iter100,100,145.40591700000505,0.471949964761734,0.4744685888290405,0.0,0.0717567652463913,2.464977943983371e-10,0.9976360597086233,0.44999998807907104,0.9708409309387207,0.6652175784111023,0.0,0.8500000238418579,1.0,0.08127166330814362
45,q1_co2_adsorption,stable porous MOFs for CO2 adsorption,LEA pool50,50,102.69300000000214,0.4712546765804291,0.4744685888290405,0.0,0.08957763761281967,2.4346552551790523e-10,0.9971327096431875,0.44999998807907104,0.9479527473449707,0.6727895736694336,0.0,0.8500000238418579,1.0,0.08208030462265015
45,q1_co2_adsorption,stable porous MOFs for CO2 adsorption,LEA pool200,200,167.18287500000173,0.471949964761734,0.4744685888290405,0.0,0.0717567652463913,2.464977943983371e-10,0.9976360597086233,0.44999998807907104,0.9708409309387207,0.6652175784111023,0.0,0.8500000238418579,1.0,0.11397846788167953
45,q2_photocatalysis,semiconducting MOFs for photocatalysis with suitable band gap,SemanticOnly,100,0.0551250000029313,0.8529559373855591,0.8539198040962219,0.0,0.01959465816617012,5.892198950974148e-10,0.9869173962128599,1.0,1.0,0.6931999325752258,0.0,0.8500000238418579,1.0,0.011293628253042698
45,q2_photocatalysis,semiconducting MOFs for photocatalysis with suitable band gap,WeightedSum,100,0.08629100000234757,0.8607824444770813,0.8617095351219177,0.0,0.021135833114385605,6.784744432941636e-10,1.0,1.0,0.9983774423599243,0.7995497584342957,0.0,0.8500000238418579,1.0,0.10227654874324799
45,q2_photocatalysis,semiconducting MOFs for photocatalysis with suitable band gap,MMR,100,5.029499999999132,0.8575154542922974,0.8617095351219177,0.0,0.08145545423030853,6.437623767396872e-10,0.995048713820267,1.0,0.9983774423599243,0.758712112903595,0.0,0.8500000238418579,1.0,0.07632017135620117
45,q2_photocatalysis,semiconducting MOFs for photocatalysis with suitable band gap,RandomRepeated,100,0.13758299999722112,0.8539751172065735,0.8600839972496033,0.0,0.045291222631931305,6.0004862190155e-10,0.9886436493681605,1.0,1.0,0.7059395909309387,0.0,0.8500000238418579,1.0,0.02612137794494629
45,q2_photocatalysis,semiconducting MOFs for photocatalysis with suitable band gap,LEA baseline,100,124.5986249999973,0.8607824444770813,0.8617095351219177,0.0,0.021135833114385605,6.784744432941636e-10,0.9999472812073708,1.0,0.9983774423599243,0.7995497584342957,0.0,0.8500000238418579,1.0,0.10227654874324799
45,q2_photocatalysis,semiconducting MOFs for photocatalysis with suitable band gap,LEA no diversity,100,120.39458400000314,0.8607824444770813,0.8617095351219177,0.0,0.021135833114385605,6.784744432941636e-10,1.0,1.0,0.9983774423599243,0.7995497584342957,0.0,0.8500000238418579,1.0,0.10227654874324799
45,q2_photocatalysis,semiconducting MOFs for photocatalysis with suitable band gap,LEA no balance,100,87.35354199999534,0.8607824444770813,0.8617095351219177,0.0,0.021135833114385605,6.784744432941636e-10,0.9999472812073708,1.0,0.9983774423599243,0.7995497584342957,0.0,0.8500000238418579,1.0,0.10227654874324799
45,q2_photocatalysis,semiconducting MOFs for photocatalysis with suitable band gap,LEA no self-cleaning,100,84.08466599999542,0.8607824444770813,0.8617095351219177,0.0,0.021135833114385605,6.784744432941636e-10,0.9999472812073708,1.0,0.9983774423599243,0.7995497584342957,0.0,0.8500000238418579,1.0,0.10227654874324799
45,q2_photocatalysis,semiconducting MOFs for photocatalysis with suitable band gap,LEA pop20,100,56.89191600000498,0.8607824444770813,0.8617095351219177,0.0,0.021135833114385605,6.784744432941636e-10,0.9999472812073708,1.0,0.9983774423599243,0.7995497584342957,0.0,0.8500000238418579,1.0,0.10227654874324799
45,q2_photocatalysis,semiconducting MOFs for photocatalysis with suitable band gap,LEA pop50,100,142.60349999999988,0.8607824444770813,0.8617095351219177,0.0,0.021135833114385605,6.784744432941636e-10,0.9999472812073708,1.0,0.9983774423599243,0.7995497584342957,0.0,0.8500000238418579,1.0,0.10227654874324799
45,q2_photocatalysis,semiconducting MOFs for photocatalysis with suitable band gap,LEA pop100,100,289.2480000000006,0.8607824444770813,0.8617095351219177,0.0,0.021135833114385605,6.784744432941636e-10,0.9999472812073708,1.0,0.9983774423599243,0.7995497584342957,0.0,0.8500000238418579,1.0,0.10227654874324799
45,q2_photocatalysis,semiconducting MOFs for photocatalysis with suitable band gap,LEA iter20,100,29.699042000004283,0.8607824444770813,0.8617095351219177,0.0,0.021135833114385605,6.784744432941636e-10,0.9999472812073708,1.0,0.9983774423599243,0.7995497584342957,0.0,0.8500000238418579,1.0,0.10227654874324799
45,q2_photocatalysis,semiconducting MOFs for photocatalysis with suitable band gap,LEA iter40,100,58.56624999999838,0.8607824444770813,0.8617095351219177,0.0,0.021135833114385605,6.784744432941636e-10,0.9999472812073708,1.0,0.9983774423599243,0.7995497584342957,0.0,0.8500000238418579,1.0,0.10227654874324799
45,q2_photocatalysis,semiconducting MOFs for photocatalysis with suitable band gap,LEA iter100,100,143.45491699999968,0.8607824444770813,0.8617095351219177,0.0,0.021135833114385605,6.784744432941636e-10,0.9999472812073708,1.0,0.9983774423599243,0.7995497584342957,0.0,0.8500000238418579,1.0,0.10227654874324799
45,q2_photocatalysis,semiconducting MOFs for photocatalysis with suitable band gap,LEA pool50,50,104.84479200000152,0.8607824444770813,0.8617095351219177,0.0,0.021135833114385605,6.784744432941636e-10,0.9999472812073708,1.0,0.9983774423599243,0.7995497584342957,0.0,0.8500000238418579,1.0,0.07698410749435425
45,q2_photocatalysis,semiconducting MOFs for photocatalysis with suitable band gap,LEA pool200,200,129.65175000000073,0.8607824444770813,0.8617095351219177,0.0,0.021135833114385605,6.784744432941636e-10,0.9999472812073708,1.0,0.9983774423599243,0.7995497584342957,0.0,0.8500000238418579,1.0,0.12866318225860596
45,q3_lightweight_storage,lightweight low density MOFs for gas storage,SemanticOnly,100,0.048541000005286605,0.6645897626876831,0.6676316261291504,0.0,0.013059747405350208,8.110560706798018e-19,0.9813410317954927,1.0,0.0,0.9541835784912109,0.0,0.8500000238418579,1.0,0.0489165298640728
45,q3_lightweight_storage,lightweight low density MOFs for gas storage,WeightedSum,100,0.11441699999892307,0.6728970408439636,0.673728346824646,0.0,0.0023870705626904964,8.296381661529227e-19,1.0,1.0,0.0,0.9760449528694153,0.0,0.8500000238418579,1.0,0.056563057005405426
45,q3_lightweight_storage,lightweight low density MOFs for gas storage,MMR,100,1.8299580000018523,0.6694502234458923,0.673728346824646,0.0,0.5381185412406921,2.3731433484996955e-10,0.9938916097863566,1.0,0.33260947465896606,0.9232099652290344,0.0,0.8500000238418579,1.0,0.35109132528305054
45,q3_lightweight_storage,lightweight low density MOFs for gas storage,RandomRepeated,100,0.06175000000041564,0.665877640247345,0.6721124649047852,0.0,0.015518343076109886,8.139367271630177e-19,0.9873170043467707,1.0,0.0,0.9575726389884949,0.0,0.8500000238418579,1.0,0.04958261176943779
45,q3_lightweight_storage,lightweight low density MOFs for gas storage,LEA baseline,100,127.23904199999936,0.6661416292190552,0.673728346824646,0.0,0.6099551916122437,4.1249564874945577e-10,0.9870285050154426,1.0,0.5958267450332642,0.8798691034317017,0.0,0.8500000238418579,1.0,0.59635990858078
45,q3_lightweight_storage,lightweight low density MOFs for gas storage,LEA no diversity,100,125.86279100000297,0.6728970408439636,0.673728346824646,0.0,0.0023870705626904964,8.296381661529227e-19,1.0,1.0,0.0,0.9760449528694153,0.0,0.8500000238418579,1.0,0.056563057005405426
45,q3_lightweight_storage,lightweight low density MOFs for gas storage,LEA no balance,100,84.32333300000039,0.6661416292190552,0.673728346824646,0.0,0.6099551916122437,4.1249564874945577e-10,0.9870285050154426,1.0,0.5958267450332642,0.8798691034317017,0.0,0.8500000238418579,1.0,0.59635990858078
45,q3_lightweight_storage,lightweight low density MOFs for gas storage,LEA no self-cleaning,100,84.65279099999634,0.6631025671958923,0.6729826927185059,0.0,0.6057213544845581,2.737263193886008e-10,0.9817199021345191,1.0,0.39457815885543823,0.8983518481254578,0.0,0.8500000238418579,1.0,0.4093931317329407
45,q3_lightweight_storage,lightweight low density MOFs for gas storage,LEA pop20,100,55.90029100000038,0.6693949103355408,0.673728346824646,0.0,0.6021440625190735,2.7711957728548953e-10,0.995276855269813,1.0,0.3955061733722687,0.914788544178009,0.0,0.8500000238418579,1.0,0.41360577940940857
45,q3_lightweight_storage,lightweight low density MOFs for gas storage,LEA pop50,100,138.93337500000058,0.6695525050163269,0.6716909408569336,0.0,0.4031405448913574,1.3972176193810526e-10,0.9938418865492761,1.0,0.19837737083435059,0.9411413073539734,0.0,0.8500000238418579,1.0,0.2329108715057373
45,q3_lightweight_storage,lightweight low density MOFs for gas storage,LEA pop100,100,282.5279589999994,0.6670461893081665,0.673728346824646,0.0,0.6056734323501587,2.7711957728548953e-10,0.9914332015830587,1.0,0.3955061733722687,0.9086076617240906,0.0,0.8500000238418579,1.0,0.4111284613609314
45,q3_lightweight_storage,lightweight low density MOFs for gas storage,LEA iter20,100,28.331082999997648,0.6605653166770935,0.6664682030677795,0.0,0.47045427560806274,5.111575052119122e-10,0.9761937603997145,1.0,0.7297382354736328,0.8475747108459473,0.0,0.8500000238418579,1.0,0.708580732345581
45,q3_lightweight_storage,lightweight low density MOFs for gas storage,LEA iter40,100,57.23070900000238,0.6663839221000671,0.673728346824646,0.0,0.6068292856216431,2.760502937348974e-10,0.990041969553575,1.0,0.3958267569541931,0.9068225622177124,0.0,0.8500000238418579,1.0,0.4115022122859955
45,q3_lightweight_storage,lightweight low density MOFs for gas storage,LEA iter100,100,142.40445799999435,0.664228618144989,0.673728346824646,0.0,0.6087903380393982,2.7711957728548953e-10,0.9863720641657345,1.0,0.3955061733722687,0.9011929631233215,0.0,0.8500000238418579,1.0,0.4104491174221039
45,q3_lightweight_storage,lightweight low density MOFs for gas storage,LEA pool50,50,125.36229100000185,0.667127788066864,0.673728346824646,0.0,0.6071953177452087,2.7711957728548953e-10,0.9877388823095193,1.0,0.3955061733722687,0.908822238445282,0.0,0.8500000238418579,1.0,0.4091850221157074
45,q3_lightweight_storage,lightweight low density MOFs for gas storage,LEA pool200,200,149.33554099999924,0.6573778390884399,0.6721789836883545,0.0,0.551357090473175,2.3213635180763248e-10,0.9681502258701494,1.0,0.3342321217060089,0.8912268877029419,0.0,0.8500000238418579,1.0,0.3495216369628906
45,q4_balanced_discovery,balanced stable MOF candidates for general materials discovery,SemanticOnly,100,0.040708000000222455,0.5711639523506165,0.5735496282577515,0.0,0.019355762749910355,1.473303562482542e-10,0.951039514791627,0.25,1.0,0.6933193206787109,0.0,0.8500000238418579,1.0,0.011424487456679344
45,q4_balanced_discovery,balanced stable MOF candidates for general materials discovery,WeightedSum,100,0.08466599999934488,0.593343198299408,0.5966005325317383,0.0,0.0201918575912714,1.711664976422611e-10,1.0,0.25,0.9929555654525757,0.8112602233886719,0.0,0.8500000238418579,1.0,0.11132273823022842
45,q4_balanced_discovery,balanced stable MOF candidates for general materials discovery,MMR,100,1.8147079999977223,0.5807684063911438,0.5966005325317383,0.0,0.11153697967529297,1.586404341225034e-10,0.9768420541694209,0.25,0.9732605814933777,0.7680809497833252,0.0,0.8500000238418579,1.0,0.0951789915561676
45,q4_balanced_discovery,balanced stable MOF candidates for general materials discovery,RandomRepeated,100,0.0624580000021524,0.5684696435928345,0.5703351497650146,0.0,0.033221013844013214,1.4490361688324072e-10,0.9485554292564451,0.25,0.9925268292427063,0.6873210072517395,0.0,0.8500000238418579,1.0,0.026669740676879883
45,q4_balanced_discovery,balanced stable MOF candidates for general materials discovery,LEA baseline,100,121.97045799999984,0.5932893753051758,0.5966005325317383,0.0,0.020691359415650368,1.711092934009173e-10,0.9999276054001515,0.25,0.9929555654525757,0.8109909892082214,0.0,0.8500000238418579,1.0,0.11105360835790634
45,q4_balanced_discovery,balanced stable MOF candidates for general materials discovery,LEA no diversity,100,131.8501249999997,0.593343198299408,0.5966005325317383,0.0,0.0201918575912714,1.711664976422611e-10,1.0,0.25,0.9929555654525757,0.8112602233886719,0.0,0.8500000238418579,1.0,0.11132273823022842
45,q4_balanced_discovery,balanced stable MOF candidates for general materials discovery,LEA no balance,100,84.14841700000153,0.5932893753051758,0.5966005325317383,0.0,0.020691359415650368,1.711092934009173e-10,0.9999276054001515,0.25,0.9929555654525757,0.8109909892082214,0.0,0.8500000238418579,1.0,0.11105360835790634
45,q4_balanced_discovery,balanced stable MOF candidates for general materials discovery,LEA no self-cleaning,100,84.48029200000207,0.593343198299408,0.5966005325317383,0.0,0.0201918575912714,1.711664976422611e-10,1.0,0.25,0.9929555654525757,0.8112602233886719,0.0,0.8500000238418579,1.0,0.11132273823022842
45,q4_balanced_discovery,balanced stable MOF candidates for general materials discovery,LEA pop20,100,56.241249999999354,0.5932893753051758,0.5966005325317383,0.0,0.020691359415650368,1.711092934009173e-10,0.9999276054001515,0.25,0.9929555654525757,0.8109909892082214,0.0,0.8500000238418579,1.0,0.11105360835790634
45,q4_balanced_discovery,balanced stable MOF candidates for general materials discovery,LEA pop50,100,139.95212500000065,0.593343198299408,0.5966005325317383,0.0,0.0201918575912714,1.711664976422611e-10,1.0,0.25,0.9929555654525757,0.8112602233886719,0.0,0.8500000238418579,1.0,0.11132273823022842
45,q4_balanced_discovery,balanced stable MOF candidates for general materials discovery,LEA pop100,100,285.16595800000033,0.593343198299408,0.5966005325317383,0.0,0.0201918575912714,1.711664976422611e-10,1.0,0.25,0.9929555654525757,0.8112602233886719,0.0,0.8500000238418579,1.0,0.11132273823022842
45,q4_balanced_discovery,balanced stable MOF candidates for general materials discovery,LEA iter20,100,29.256457999998986,0.593343198299408,0.5966005325317383,0.0,0.0201918575912714,1.711664976422611e-10,1.0,0.25,0.9929555654525757,0.8112602233886719,0.0,0.8500000238418579,1.0,0.11132273823022842
45,q4_balanced_discovery,balanced stable MOF candidates for general materials discovery,LEA iter40,100,58.24083299999927,0.5932893753051758,0.5966005325317383,0.0,0.020691359415650368,1.711092934009173e-10,0.9999276054001515,0.25,0.9929555654525757,0.8109909892082214,0.0,0.8500000238418579,1.0,0.11105360835790634
45,q4_balanced_discovery,balanced stable MOF candidates for general materials discovery,LEA iter100,100,146.25491700000026,0.593343198299408,0.5966005325317383,0.0,0.0201918575912714,1.711664976422611e-10,1.0,0.25,0.9929555654525757,0.8112602233886719,0.0,0.8500000238418579,1.0,0.11132273823022842
45,q4_balanced_discovery,balanced stable MOF candidates for general materials discovery,LEA pool50,50,144.24608400000238,0.5929239988327026,0.5966005325317383,0.0,0.024152616038918495,1.707210900425693e-10,0.9994367466798887,0.25,0.9929555654525757,0.8091641664505005,0.0,0.8500000238418579,1.0,0.0869486927986145
45,q4_balanced_discovery,balanced stable MOF candidates for general materials discovery,LEA pool200,200,161.4555419999988,0.5932893753051758,0.5966005325317383,0.0,0.020691359415650368,1.711092934009173e-10,0.9999276054001515,0.25,0.9929555654525757,0.8109909892082214,0.0,0.8500000238418579,1.0,0.137410968542099
45,q5_insulating_frameworks,wide band gap insulating MOFs with low density,SemanticOnly,100,0.06925000000279624,0.8573349118232727,0.8610939979553223,0.0,0.048921216279268265,5.57218271524107e-10,0.9597180415941692,1.0,0.9836118817329407,0.6668614745140076,0.0,0.8500000238418579,1.0,0.050742458552122116
45,q5_insulating_frameworks,wide band gap insulating MOFs with low density,WeightedSum,100,0.0979590000014241,0.8807624578475952,0.8877611756324768,0.0,0.03194258362054825,6.288553011657427e-10,1.0,1.0,1.0,0.7398297190666199,0.0,0.8500000238418579,1.0,0.09199531376361847
45,q5_insulating_frameworks,wide band gap insulating MOFs with low density,MMR,100,2.273124999994991,0.8693097829818726,0.8877611756324768,0.0,0.20032556354999542,5.758870602612376e-10,0.9853961701983046,1.0,0.98603755235672,0.7345129251480103,0.0,0.800000011920929,1.0,0.13801920413970947
45,q5_insulating_frameworks,wide band gap insulating MOFs with low density,RandomRepeated,100,0.07775000000265209,0.8591887354850769,0.8723384141921997,0.0,0.04902246594429016,5.470549568897809e-10,0.9680042760644837,1.0,0.9987177848815918,0.6443899869918823,0.0,0.8500000238418579,1.0,0.05047467350959778
45,q5_insulating_frameworks,wide band gap insulating MOFs with low density,LEA baseline,100,116.25691700000118,0.8786234855651855,0.8877611756324768,0.0,0.15009835362434387,6.118722195580517e-10,0.9977984192764706,1.0,0.98603755235672,0.776848316192627,0.0,0.800000011920929,1.0,0.15423956513404846
45,q5_insulating_frameworks,wide band gap insulating MOFs with low density,LEA no diversity,100,130.46129099999604,0.8807624578475952,0.8877611756324768,0.0,0.03194258362054825,6.288553011657427e-10,1.0,1.0,1.0,0.7398297190666199,0.0,0.8500000238418579,1.0,0.09199531376361847
45,q5_insulating_frameworks,wide band gap insulating MOFs with low density,LEA no balance,100,86.40962500000171,0.8786234855651855,0.8877611756324768,0.0,0.15009835362434387,6.118722195580517e-10,0.9977984192764706,1.0,0.98603755235672,0.776848316192627,0.0,0.800000011920929,1.0,0.15423956513404846
45,q5_insulating_frameworks,wide band gap insulating MOFs with low density,LEA no self-cleaning,100,84.57633300000111,0.8786234855651855,0.8877611756324768,0.0,0.15009835362434387,6.118722195580517e-10,0.9972824154821434,1.0,0.98603755235672,0.776848316192627,0.0,0.800000011920929,1.0,0.15423955023288727
45,q5_insulating_frameworks,wide band gap insulating MOFs with low density,LEA pop20,100,56.35145800000174,0.8786234855651855,0.8877611756324768,0.0,0.15009835362434387,6.118722195580517e-10,0.9972824154821434,1.0,0.98603755235672,0.776848316192627,0.0,0.800000011920929,1.0,0.15423955023288727
45,q5_insulating_frameworks,wide band gap insulating MOFs with low density,LEA pop50,100,140.82062499999637,0.8786234855651855,0.8877611756324768,0.0,0.15009835362434387,6.118722195580517e-10,0.9977984192764706,1.0,0.98603755235672,0.776848316192627,0.0,0.800000011920929,1.0,0.15423956513404846
45,q5_insulating_frameworks,wide band gap insulating MOFs with low density,LEA pop100,100,288.7443750000003,0.878500759601593,0.8877611756324768,0.0,0.15095579624176025,6.113978767707806e-10,0.9976631862845201,1.0,0.98603755235672,0.7762902975082397,0.0,0.800000011920929,1.0,0.1537509560585022
45,q5_insulating_frameworks,wide band gap insulating MOFs with low density,LEA iter20,100,29.408249999995917,0.8786234855651855,0.8877611756324768,0.0,0.15009835362434387,6.118722195580517e-10,0.9977984192764706,1.0,0.98603755235672,0.776848316192627,0.0,0.800000011920929,1.0,0.15423956513404846
45,q5_insulating_frameworks,wide band gap insulating MOFs with low density,LEA iter40,100,57.86899999999662,0.8786234855651855,0.8877611756324768,0.0,0.15009835362434387,6.118722195580517e-10,0.9972824154821434,1.0,0.98603755235672,0.776848316192627,0.0,0.800000011920929,1.0,0.15423955023288727
45,q5_insulating_frameworks,wide band gap insulating MOFs with low density,LEA iter100,100,143.65120800000142,0.8786234855651855,0.8877611756324768,0.0,0.15009835362434387,6.118722195580517e-10,0.9977984192764706,1.0,0.98603755235672,0.776848316192627,0.0,0.800000011920929,1.0,0.15423956513404846
45,q5_insulating_frameworks,wide band gap insulating MOFs with low density,LEA pool50,50,148.88641699999994,0.8786234855651855,0.8877611756324768,0.0,0.15009835362434387,6.118722195580517e-10,0.9977984192764706,1.0,0.98603755235672,0.776848316192627,0.0,0.800000011920929,1.0,0.1331031620502472
45,q5_insulating_frameworks,wide band gap insulating MOFs with low density,LEA pool200,200,193.69412500000038,0.8786234855651855,0.8877611756324768,0.0,0.15009835362434387,6.118722195580517e-10,0.9972824154821434,1.0,0.98603755235672,0.776848316192627,0.0,0.800000011920929,1.0,0.1721588671207428
46,q1_co2_adsorption,stable porous MOFs for CO2 adsorption,SemanticOnly,100,0.19920799999795236,0.46286487579345703,0.4651694893836975,0.0,0.06416328996419907,2.2449508918498395e-10,0.9719886587943841,0.44999998807907104,0.9813195466995239,0.5990620851516724,0.0,0.8500000238418579,1.0,0.04128754884004593
46,q1_co2_adsorption,stable porous MOFs for CO2 adsorption,WeightedSum,100,0.133375000004321,0.47267183661460876,0.4744685888290405,0.0,0.008607196621596813,2.5033813910724234e-10,1.0,0.44999998807907104,1.0,0.6544787883758545,0.0,0.8500000238418579,1.0,0.06010851263999939
46,q1_co2_adsorption,stable porous MOFs for CO2 adsorption,MMR,100,1.7969170000000645,0.4653640687465668,0.4744685888290405,0.0,0.12113821506500244,2.290901635060294e-10,0.9856031459014648,0.44999998807907104,0.9524765014648438,0.6311063766479492,0.0,0.8500000238418579,1.0,0.07898028194904327
46,q1_co2_adsorption,stable porous MOFs for CO2 adsorption,RandomRepeated,100,0.060333000000412085,0.46386250853538513,0.47183847427368164,0.0,0.07250065356492996,2.2632620777507384e-10,0.9764648742644529,0.44999998807907104,0.9552966952323914,0.6195916533470154,0.0,0.8500000238418579,1.0,0.04984717816114426
46,q1_co2_adsorption,stable porous MOFs for CO2 adsorption,LEA baseline,100,130.58224999999624,0.47024860978126526,0.4744685888290405,0.0,0.07984378188848495,2.4215940364058497e-10,0.9932196118435139,0.44999998807907104,0.9708410501480103,0.6538751721382141,0.0,0.8500000238418579,1.0,0.07111996412277222
46,q1_co2_adsorption,stable porous MOFs for CO2 adsorption,LEA no diversity,100,129.13066600000178,0.47267183661460876,0.4744685888290405,0.0,0.008607196621596813,2.5033813910724234e-10,1.0,0.44999998807907104,1.0,0.6544787883758545,0.0,0.8500000238418579,1.0,0.06010851263999939
46,q1_co2_adsorption,stable porous MOFs for CO2 adsorption,LEA no balance,100,84.1764999999981,0.47024860978126526,0.4744685888290405,0.0,0.07984378188848495,2.4215940364058497e-10,0.9932196118435139,0.44999998807907104,0.9708410501480103,0.6538751721382141,0.0,0.8500000238418579,1.0,0.07111996412277222
46,q1_co2_adsorption,stable porous MOFs for CO2 adsorption,LEA no self-cleaning,100,84.00987499999957,0.4719263017177582,0.4744685888290405,0.0,0.07186715304851532,2.464374815325243e-10,0.9973432304080831,0.44999998807907104,0.9708409309387207,0.6650598645210266,0.0,0.8500000238418579,1.0,0.08112410455942154
46,q1_co2_adsorption,stable porous MOFs for CO2 adsorption,LEA pop20,100,56.30620899999883,0.4700717031955719,0.4744685888290405,0.0,0.09640146791934967,2.4044405355638787e-10,0.9946209740997951,0.44999998807907104,0.9478334188461304,0.6649667024612427,0.0,0.8500000238418579,1.0,0.08975128084421158
46,q1_co2_adsorption,stable porous MOFs for CO2 adsorption,LEA pop50,100,139.44012500000014,0.47031909227371216,0.4744685888290405,0.0,0.07901476323604584,2.42339204259423e-10,0.9933338840367294,0.44999998807907104,0.9708410501480103,0.6543452739715576,0.0,0.8500000238418579,1.0,0.07148949801921844
46,q1_co2_adsorption,stable porous MOFs for CO2 adsorption,LEA pop100,100,279.9997910000016,0.4722011983394623,0.4744685888290405,0.0,0.06904096156358719,2.471433335760054e-10,0.998090362198395,0.44999998807907104,0.9709603190422058,0.6668289303779602,0.0,0.8500000238418579,1.0,0.0828004851937294
46,q1_co2_adsorption,stable porous MOFs for CO2 adsorption,LEA iter20,100,29.771042000000136,0.47024860978126526,0.4744685888290405,0.0,0.07984378188848495,2.4215940364058497e-10,0.9932196118435139,0.44999998807907104,0.9708410501480103,0.6538751721382141,0.0,0.8500000238418579,1.0,0.07111996412277222
46,q1_co2_adsorption,stable porous MOFs for CO2 adsorption,LEA iter40,100,59.96925000000175,0.47024860978126526,0.4744685888290405,0.0,0.07984378188848495,2.4215940364058497e-10,0.9932196118435139,0.44999998807907104,0.9708410501480103,0.6538751721382141,0.0,0.8500000238418579,1.0,0.07111996412277222
46,q1_co2_adsorption,stable porous MOFs for CO2 adsorption,LEA iter100,100,151.35041599999965,0.47024860978126526,0.4744685888290405,0.0,0.07984378188848495,2.4215940364058497e-10,0.9932196118435139,0.44999998807907104,0.9708410501480103,0.6538751721382141,0.0,0.8500000238418579,1.0,0.07111996412277222
46,q1_co2_adsorption,stable porous MOFs for CO2 adsorption,LEA pool50,50,111.88049999999805,0.4709128737449646,0.4744685888290405,0.0,0.09245438873767853,2.425890877066905e-10,0.9968762825044333,0.44999998807907104,0.9478333592414856,0.6705746054649353,0.0,0.8500000238418579,1.0,0.08001138269901276
46,q1_co2_adsorption,stable porous MOFs for CO2 adsorption,LEA pool200,200,255.18520800000033,0.47213512659072876,0.4744685888290405,0.0,0.06953410804271698,2.469748849875941e-10,0.9969763773313984,0.44999998807907104,0.9709603190422058,0.6663884520530701,0.0,0.8500000238418579,1.0,0.11481554806232452
46,q2_photocatalysis,semiconducting MOFs for photocatalysis with suitable band gap,SemanticOnly,100,0.07700000000454565,0.8529559373855591,0.8539198040962219,0.0,0.01959465816617012,5.892198950974148e-10,0.9869173962128599,1.0,1.0,0.6931999325752258,0.0,0.8500000238418579,1.0,0.011293628253042698
46,q2_photocatalysis,semiconducting MOFs for photocatalysis with suitable band gap,WeightedSum,100,0.2127089999959253,0.8607824444770813,0.8617095351219177,0.0,0.021135833114385605,6.784744432941636e-10,1.0,1.0,0.9983774423599243,0.7995497584342957,0.0,0.8500000238418579,1.0,0.10227654874324799
46,q2_photocatalysis,semiconducting MOFs for photocatalysis with suitable band gap,MMR,100,4.223041999999566,0.8575154542922974,0.8617095351219177,0.0,0.08145545423030853,6.437623767396872e-10,0.995048713820267,1.0,0.9983774423599243,0.758712112903595,0.0,0.8500000238418579,1.0,0.07632017135620117
46,q2_photocatalysis,semiconducting MOFs for photocatalysis with suitable band gap,RandomRepeated,100,0.06454200000405308,0.8544169664382935,0.8600839972496033,0.0,0.0440044030547142,6.047427003608163e-10,0.9901102517633985,1.0,1.0,0.7114619612693787,0.0,0.8500000238418579,1.0,0.02336527220904827
46,q2_photocatalysis,semiconducting MOFs for photocatalysis with suitable band gap,LEA baseline,100,117.1762079999965,0.8607824444770813,0.8617095351219177,0.0,0.021135833114385605,6.784744432941636e-10,0.9999433736878128,1.0,0.9983774423599243,0.7995497584342957,0.0,0.8500000238418579,1.0,0.10227654874324799
46,q2_photocatalysis,semiconducting MOFs for photocatalysis with suitable band gap,LEA no diversity,100,151.18975000000034,0.8607824444770813,0.8617095351219177,0.0,0.021135833114385605,6.784744432941636e-10,1.0,1.0,0.9983774423599243,0.7995497584342957,0.0,0.8500000238418579,1.0,0.10227654874324799
46,q2_photocatalysis,semiconducting MOFs for photocatalysis with suitable band gap,LEA no balance,100,85.25320799999747,0.8607824444770813,0.8617095351219177,0.0,0.021135833114385605,6.784744432941636e-10,0.9999433736878128,1.0,0.9983774423599243,0.7995497584342957,0.0,0.8500000238418579,1.0,0.10227654874324799
46,q2_photocatalysis,semiconducting MOFs for photocatalysis with suitable band gap,LEA no self-cleaning,100,85.22854199999585,0.8607824444770813,0.8617095351219177,0.0,0.021135833114385605,6.784744432941636e-10,0.9999472812073708,1.0,0.9983774423599243,0.7995497584342957,0.0,0.8500000238418579,1.0,0.10227654874324799
46,q2_photocatalysis,semiconducting MOFs for photocatalysis with suitable band gap,LEA pop20,100,56.99391599999615,0.8607824444770813,0.8617095351219177,0.0,0.021135833114385605,6.784744432941636e-10,0.9999472812073708,1.0,0.9983774423599243,0.7995497584342957,0.0,0.8500000238418579,1.0,0.10227654874324799
46,q2_photocatalysis,semiconducting MOFs for photocatalysis with suitable band gap,LEA pop50,100,142.25254100000484,0.8607824444770813,0.8617095351219177,0.0,0.021135833114385605,6.784744432941636e-10,0.9999472812073708,1.0,0.9983774423599243,0.7995497584342957,0.0,0.8500000238418579,1.0,0.10227654874324799
46,q2_photocatalysis,semiconducting MOFs for photocatalysis with suitable band gap,LEA pop100,100,291.6665420000015,0.8607824444770813,0.8617095351219177,0.0,0.021135833114385605,6.784744432941636e-10,0.9999472812073708,1.0,0.9983774423599243,0.7995497584342957,0.0,0.8500000238418579,1.0,0.10227654874324799
46,q2_photocatalysis,semiconducting MOFs for photocatalysis with suitable band gap,LEA iter20,100,28.832791999995777,0.8607824444770813,0.8617095351219177,0.0,0.021135833114385605,6.784744432941636e-10,0.9999472812073708,1.0,0.9983774423599243,0.7995497584342957,0.0,0.8500000238418579,1.0,0.10227654874324799
46,q2_photocatalysis,semiconducting MOFs for photocatalysis with suitable band gap,LEA iter40,100,56.789709000000244,0.8607824444770813,0.8617095351219177,0.0,0.021135833114385605,6.784744432941636e-10,0.9999472812073708,1.0,0.9983774423599243,0.7995497584342957,0.0,0.8500000238418579,1.0,0.10227654874324799
46,q2_photocatalysis,semiconducting MOFs for photocatalysis with suitable band gap,LEA iter100,100,143.88904100000133,0.8607824444770813,0.8617095351219177,0.0,0.021135833114385605,6.784744432941636e-10,0.9999472812073708,1.0,0.9983774423599243,0.7995497584342957,0.0,0.8500000238418579,1.0,0.10227654874324799
46,q2_photocatalysis,semiconducting MOFs for photocatalysis with suitable band gap,LEA pool50,50,99.66358300000167,0.8607824444770813,0.8617095351219177,0.0,0.021135833114385605,6.784744432941636e-10,0.9999433736878128,1.0,0.9983774423599243,0.7995497584342957,0.0,0.8500000238418579,1.0,0.07698410749435425
46,q2_photocatalysis,semiconducting MOFs for photocatalysis with suitable band gap,LEA pool200,200,170.37350000000373,0.8607824444770813,0.8617095351219177,0.0,0.021135833114385605,6.784744432941636e-10,0.9999472812073708,1.0,0.9983774423599243,0.7995497584342957,0.0,0.8500000238418579,1.0,0.12866318225860596
46,q3_lightweight_storage,lightweight low density MOFs for gas storage,SemanticOnly,100,0.07258300000501094,0.6645897626876831,0.6676316261291504,0.0,0.013059747405350208,8.110560706798018e-19,0.9813410317954927,1.0,0.0,0.9541835784912109,0.0,0.8500000238418579,1.0,0.0489165298640728
46,q3_lightweight_storage,lightweight low density MOFs for gas storage,WeightedSum,100,0.08891600000282551,0.6728970408439636,0.673728346824646,0.0,0.0023870705626904964,8.296381661529227e-19,1.0,1.0,0.0,0.9760449528694153,0.0,0.8500000238418579,1.0,0.056563057005405426
46,q3_lightweight_storage,lightweight low density MOFs for gas storage,MMR,100,3.2139169999965134,0.6694502234458923,0.673728346824646,0.0,0.5381185412406921,2.3731433484996955e-10,0.9938916097863566,1.0,0.33260947465896606,0.9232099652290344,0.0,0.8500000238418579,1.0,0.35109132528305054
46,q3_lightweight_storage,lightweight low density MOFs for gas storage,RandomRepeated,100,0.06679099999473692,0.6593271493911743,0.6624044179916382,0.0,0.5366447567939758,2.3392110470865646e-10,0.9750162849118462,1.0,0.331681489944458,0.8966923952102661,0.0,0.8500000238418579,1.0,0.3445034325122833
46,q3_lightweight_storage,lightweight low density MOFs for gas storage,LEA baseline,100,132.61595800000237,0.6653239130973816,0.673728346824646,0.0,0.6076731085777283,4.1017167440315916e-10,0.9834767539709933,1.0,0.5945781469345093,0.877881646156311,0.0,0.8500000238418579,1.0,0.5951845049858093
46,q3_lightweight_storage,lightweight low density MOFs for gas storage,LEA no diversity,100,126.29224999999877,0.6728970408439636,0.673728346824646,0.0,0.0023870705626904964,8.296381661529227e-19,1.0,1.0,0.0,0.9760449528694153,0.0,0.8500000238418579,1.0,0.056563057005405426
46,q3_lightweight_storage,lightweight low density MOFs for gas storage,LEA no balance,100,85.17337500000366,0.6653239130973816,0.673728346824646,0.0,0.6076731085777283,4.1017167440315916e-10,0.9834767539709933,1.0,0.5945781469345093,0.877881646156311,0.0,0.8500000238418579,1.0,0.5951845049858093
46,q3_lightweight_storage,lightweight low density MOFs for gas storage,LEA no self-cleaning,100,84.34024999999679,0.6663905382156372,0.673728346824646,0.0,0.6095752716064453,2.7711957728548953e-10,0.9906559148415841,1.0,0.3955061733722687,0.9068822860717773,0.0,0.8500000238418579,1.0,0.41247501969337463
46,q3_lightweight_storage,lightweight low density MOFs for gas storage,LEA pop20,100,56.70333399999805,0.6674247980117798,0.673728346824646,0.0,0.6105193495750427,2.761671447082392e-10,0.990629556017462,1.0,0.39837735891342163,0.9092262387275696,0.0,0.8500000238418579,1.0,0.41593417525291443
46,q3_lightweight_storage,lightweight low density MOFs for gas storage,LEA pop50,100,141.85412499999472,0.6620017290115356,0.6682412624359131,0.0,0.6051319241523743,2.7711957728548953e-10,0.9806921865373535,1.0,0.3955061733722687,0.8953326940536499,0.0,0.8500000238418579,1.0,0.40919870138168335
46,q3_lightweight_storage,lightweight low density MOFs for gas storage,LEA pop100,100,290.5281249999945,0.6708070039749146,0.673728346824646,0.0,0.008139085955917835,8.24962941330773e-19,0.9970533115288646,1.0,0.0,0.9705446362495422,0.0,0.8500000238418579,1.0,0.053834326565265656
46,q3_lightweight_storage,lightweight low density MOFs for gas storage,LEA iter20,100,28.93445800000194,0.6605653166770935,0.6664682030677795,0.0,0.47045430541038513,5.111575052119122e-10,0.9748713953240782,1.0,0.7297382354736328,0.8475747108459473,0.0,0.8500000238418579,1.0,0.708580732345581
46,q3_lightweight_storage,lightweight low density MOFs for gas storage,LEA iter40,100,59.157249999998385,0.6654295921325684,0.673728346824646,0.0,0.6103304624557495,4.1356490454447226e-10,0.9856654442941256,1.0,0.5955061912536621,0.8780376315116882,0.0,0.8500000238418579,1.0,0.5942264199256897
46,q3_lightweight_storage,lightweight low density MOFs for gas storage,LEA iter100,100,144.11329099999648,0.6644977331161499,0.673728346824646,0.0,0.6082431077957153,4.1017167440315916e-10,0.9849570431379998,1.0,0.5945781469345093,0.8757075071334839,0.0,0.8500000238418579,1.0,0.5940895080566406
46,q3_lightweight_storage,lightweight low density MOFs for gas storage,LEA pool50,50,130.15308300000328,0.6695659756660461,0.673728346824646,0.0,0.6022907495498657,2.7711957728548953e-10,0.9915982661085593,1.0,0.3955061733722687,0.9152384996414185,0.0,0.8500000238418579,1.0,0.40958094596862793
46,q3_lightweight_storage,lightweight low density MOFs for gas storage,LEA pool200,200,166.83216700000258,0.6645427942276001,0.673728346824646,0.0,0.6120638847351074,2.727738590557749e-10,0.9822797905579946,1.0,0.3974493741989136,0.901763916015625,0.0,0.8500000238418579,1.0,0.4167340397834778
46,q4_balanced_discovery,balanced stable MOF candidates for general materials discovery,SemanticOnly,100,0.05820799999867177,0.5711639523506165,0.5735496282577515,0.0,0.019355762749910355,1.473303562482542e-10,0.951039514791627,0.25,1.0,0.6933193206787109,0.0,0.8500000238418579,1.0,0.011424487456679344
46,q4_balanced_discovery,balanced stable MOF candidates for general materials discovery,WeightedSum,100,0.08779200000219589,0.593343198299408,0.5966005325317383,0.0,0.0201918575912714,1.711664976422611e-10,1.0,0.25,0.9929555654525757,0.8112602233886719,0.0,0.8500000238418579,1.0,0.11132273823022842
46,q4_balanced_discovery,balanced stable MOF candidates for general materials discovery,MMR,100,1.8127080000027718,0.5807684063911438,0.5966005325317383,0.0,0.11153697967529297,1.586404341225034e-10,0.9768420541694209,0.25,0.9732605814933777,0.7680809497833252,0.0,0.8500000238418579,1.0,0.0951789915561676
46,q4_balanced_discovery,balanced stable MOF candidates for general materials discovery,RandomRepeated,100,0.0607079999994653,0.5738675594329834,0.5867236852645874,0.0,0.05044060945510864,1.5020297505774494e-10,0.9630885482428525,0.25,1.0,0.7068374752998352,0.0,0.8500000238418579,1.0,0.03266635537147522
46,q4_balanced_discovery,balanced stable MOF candidates for general materials discovery,LEA baseline,100,126.4124170000045,0.5932893753051758,0.5966005325317383,0.0,0.020691359415650368,1.711092934009173e-10,0.9999276054001515,0.25,0.9929555654525757,0.8109909892082214,0.0,0.8500000238418579,1.0,0.11105360835790634
46,q4_balanced_discovery,balanced stable MOF candidates for general materials discovery,LEA no diversity,100,141.36204100000072,0.593343198299408,0.5966005325317383,0.0,0.0201918575912714,1.711664976422611e-10,1.0,0.25,0.9929555654525757,0.8112602233886719,0.0,0.8500000238418579,1.0,0.11132273823022842
46,q4_balanced_discovery,balanced stable MOF candidates for general materials discovery,LEA no balance,100,84.69304200000494,0.5932893753051758,0.5966005325317383,0.0,0.020691359415650368,1.711092934009173e-10,0.9999276054001515,0.25,0.9929555654525757,0.8109909892082214,0.0,0.8500000238418579,1.0,0.11105360835790634
46,q4_balanced_discovery,balanced stable MOF candidates for general materials discovery,LEA no self-cleaning,100,85.15650000000363,0.5932893753051758,0.5966005325317383,0.0,0.020691359415650368,1.711092934009173e-10,0.9999276054001515,0.25,0.9929555654525757,0.8109909892082214,0.0,0.8500000238418579,1.0,0.11105360835790634
46,q4_balanced_discovery,balanced stable MOF candidates for general materials discovery,LEA pop20,100,57.20341600000012,0.593343198299408,0.5966005325317383,0.0,0.0201918575912714,1.711664976422611e-10,1.0,0.25,0.9929555654525757,0.8112602233886719,0.0,0.8500000238418579,1.0,0.11132273823022842
46,q4_balanced_discovery,balanced stable MOF candidates for general materials discovery,LEA pop50,100,140.91958399999527,0.5932893753051758,0.5966005325317383,0.0,0.020691359415650368,1.711092934009173e-10,0.9999276054001515,0.25,0.9929555654525757,0.8109909892082214,0.0,0.8500000238418579,1.0,0.11105360835790634
46,q4_balanced_discovery,balanced stable MOF candidates for general materials discovery,LEA pop100,100,280.22787500000135,0.593343198299408,0.5966005325317383,0.0,0.0201918575912714,1.711664976422611e-10,1.0,0.25,0.9929555654525757,0.8112602233886719,0.0,0.8500000238418579,1.0,0.11132273823022842
46,q4_balanced_discovery,balanced stable MOF candidates for general materials discovery,LEA iter20,100,27.672041999998953,0.593343198299408,0.5966005325317383,0.0,0.0201918575912714,1.711664976422611e-10,1.0,0.25,0.9929555654525757,0.8112602233886719,0.0,0.8500000238418579,1.0,0.11132273823022842
46,q4_balanced_discovery,balanced stable MOF candidates for general materials discovery,LEA iter40,100,59.91445899999803,0.593343198299408,0.5966005325317383,0.0,0.0201918575912714,1.711664976422611e-10,1.0,0.25,0.9929555654525757,0.8112602233886719,0.0,0.8500000238418579,1.0,0.11132273823022842
46,q4_balanced_discovery,balanced stable MOF candidates for general materials discovery,LEA iter100,100,151.83279200000044,0.593343198299408,0.5966005325317383,0.0,0.0201918575912714,1.711664976422611e-10,0.9999702688247922,0.25,0.9929555654525757,0.8112602233886719,0.0,0.8500000238418579,1.0,0.11132273823022842
46,q4_balanced_discovery,balanced stable MOF candidates for general materials discovery,LEA pool50,50,150.8721659999992,0.5932893753051758,0.5966005325317383,0.0,0.020691359415650368,1.711092934009173e-10,0.9998978742249437,0.25,0.9929555654525757,0.8109909892082214,0.0,0.8500000238418579,1.0,0.08877543359994888
46,q4_balanced_discovery,balanced stable MOF candidates for general materials discovery,LEA pool200,200,149.3885000000006,0.5932893753051758,0.5966005325317383,0.0,0.020691359415650368,1.711092934009173e-10,0.9998978742249437,0.25,0.9929555654525757,0.8109909892082214,0.0,0.8500000238418579,1.0,0.137410968542099
46,q5_insulating_frameworks,wide band gap insulating MOFs with low density,SemanticOnly,100,0.04837499999865713,0.8573349118232727,0.8610939979553223,0.0,0.048921216279268265,5.57218271524107e-10,0.9597180415941692,1.0,0.9836118817329407,0.6668614745140076,0.0,0.8500000238418579,1.0,0.050742458552122116
46,q5_insulating_frameworks,wide band gap insulating MOFs with low density,WeightedSum,100,0.08787500000551063,0.8807624578475952,0.8877611756324768,0.0,0.03194258362054825,6.288553011657427e-10,1.0,1.0,1.0,0.7398297190666199,0.0,0.8500000238418579,1.0,0.09199531376361847
46,q5_insulating_frameworks,wide band gap insulating MOFs with low density,MMR,100,2.1259999999969637,0.8693097829818726,0.8877611756324768,0.0,0.20032556354999542,5.758870602612376e-10,0.9853961701983046,1.0,0.98603755235672,0.7345129251480103,0.0,0.800000011920929,1.0,0.13801920413970947
46,q5_insulating_frameworks,wide band gap insulating MOFs with low density,RandomRepeated,100,0.06529200000215951,0.8624569177627563,0.8760160207748413,0.0,0.1338099241256714,5.390324298026883e-10,0.9675296359656114,1.0,1.0,0.6748040914535522,0.0,0.800000011920929,1.0,0.08501041680574417
46,q5_insulating_frameworks,wide band gap insulating MOFs with low density,LEA baseline,100,122.65791699999795,0.8805248141288757,0.8877611756324768,0.0,0.07343153655529022,6.420614595548102e-10,0.9997650275258426,1.0,0.98603755235672,0.7673091888427734,0.0,0.8500000238418579,1.0,0.12029373645782471
46,q5_insulating_frameworks,wide band gap insulating MOFs with low density,LEA no diversity,100,136.0769590000004,0.8807624578475952,0.8877611756324768,0.0,0.03194258362054825,6.288553011657427e-10,1.0,1.0,1.0,0.7398297190666199,0.0,0.8500000238418579,1.0,0.09199531376361847
46,q5_insulating_frameworks,wide band gap insulating MOFs with low density,LEA no balance,100,86.21087499999902,0.8805248141288757,0.8877611756324768,0.0,0.07343153655529022,6.420614595548102e-10,0.9997650275258426,1.0,0.98603755235672,0.7673091888427734,0.0,0.8500000238418579,1.0,0.12029373645782471
46,q5_insulating_frameworks,wide band gap insulating MOFs with low density,LEA no self-cleaning,100,85.94050000000664,0.8786234855651855,0.8877611756324768,0.0,0.15009835362434387,6.118722195580517e-10,0.9976779358113965,1.0,0.98603755235672,0.776848316192627,0.0,0.800000011920929,1.0,0.15423956513404846
46,q5_insulating_frameworks,wide band gap insulating MOFs with low density,LEA pop20,100,56.67925000000196,0.8786234855651855,0.8877611756324768,0.0,0.15009835362434387,6.118722195580517e-10,0.997573866770363,1.0,0.98603755235672,0.7768483757972717,0.0,0.800000011920929,1.0,0.15423955023288727
46,q5_insulating_frameworks,wide band gap insulating MOFs with low density,LEA pop50,100,142.53304100000008,0.8788604736328125,0.8877611756324768,0.0,0.12197156250476837,5.986635631671788e-10,0.9981230697270076,1.0,1.0,0.7493659853935242,0.0,0.800000011920929,1.0,0.12593860924243927
46,q5_insulating_frameworks,wide band gap insulating MOFs with low density,LEA pop100,100,284.6335830000015,0.8786234855651855,0.8877611756324768,0.0,0.15009835362434387,6.118722195580517e-10,0.9972824154821434,1.0,0.98603755235672,0.776848316192627,0.0,0.800000011920929,1.0,0.15423955023288727
46,q5_insulating_frameworks,wide band gap insulating MOFs with low density,LEA iter20,100,30.893208000001948,0.8805248141288757,0.8877611756324768,0.0,0.07343153655529022,6.420614595548102e-10,0.9997205965139456,1.0,0.98603755235672,0.7673091888427734,0.0,0.8500000238418579,1.0,0.12029373645782471
46,q5_insulating_frameworks,wide band gap insulating MOFs with low density,LEA iter40,100,60.63300000000282,0.8805248141288757,0.8877611756324768,0.0,0.07343153655529022,6.420614595548102e-10,0.9997650275258426,1.0,0.98603755235672,0.7673091888427734,0.0,0.8500000238418579,1.0,0.12029373645782471
46,q5_insulating_frameworks,wide band gap insulating MOFs with low density,LEA iter100,100,142.58054100000095,0.8780304193496704,0.8877611756324768,0.0,0.12754175066947937,5.954565729382466e-10,0.9970606167581818,1.0,1.0,0.7455930709838867,0.0,0.800000011920929,1.0,0.12276216596364975
46,q5_insulating_frameworks,wide band gap insulating MOFs with low density,LEA pool50,50,129.5203330000021,0.8805248141288757,0.8877611756324768,0.0,0.07343153655529022,6.420614595548102e-10,0.9997650275258426,1.0,0.98603755235672,0.7673091888427734,0.0,0.8500000238418579,1.0,0.09555993974208832
46,q5_insulating_frameworks,wide band gap insulating MOFs with low density,LEA pool200,200,133.10766699999732,0.8777793645858765,0.8877611756324768,0.0,0.1560724526643753,6.086106063563079e-10,0.9963940489350379,1.0,0.98603755235672,0.7730111479759216,0.0,0.800000011920929,1.0,0.16884750127792358
47,q1_co2_adsorption,stable porous MOFs for CO2 adsorption,SemanticOnly,100,0.05116700000229457,0.46286487579345703,0.4651694893836975,0.0,0.06416328996419907,2.2449508918498395e-10,0.9719886587943841,0.44999998807907104,0.9813195466995239,0.5990620851516724,0.0,0.8500000238418579,1.0,0.04128754884004593
47,q1_co2_adsorption,stable porous MOFs for CO2 adsorption,WeightedSum,100,0.09074999999825195,0.47267183661460876,0.4744685888290405,0.0,0.008607196621596813,2.5033813910724234e-10,1.0,0.44999998807907104,1.0,0.6544787883758545,0.0,0.8500000238418579,1.0,0.06010851263999939
47,q1_co2_adsorption,stable porous MOFs for CO2 adsorption,MMR,100,1.81204200000451,0.4653640687465668,0.4744685888290405,0.0,0.12113821506500244,2.290901635060294e-10,0.9856031459014648,0.44999998807907104,0.9524765014648438,0.6311063766479492,0.0,0.8500000238418579,1.0,0.07898028194904327
47,q1_co2_adsorption,stable porous MOFs for CO2 adsorption,RandomRepeated,100,0.06258399999836683,0.46477335691452026,0.47183847427368164,0.0,0.033452101051807404,2.301312057584326e-10,0.9801976413579596,0.44999998807907104,0.9964542388916016,0.6037135720252991,0.0,0.8500000238418579,1.0,0.02676975727081299
47,q1_co2_adsorption,stable porous MOFs for CO2 adsorption,LEA baseline,100,144.73883299999812,0.4706924557685852,0.4744685888290405,0.0,0.08419610559940338,2.4329116499188785e-10,0.9953437526130059,0.44999998807907104,0.9708409309387207,0.6568341255187988,0.0,0.8500000238418579,1.0,0.07452399283647537
47,q1_co2_adsorption,stable porous MOFs for CO2 adsorption,LEA no diversity,100,116.53283300000083,0.47267183661460876,0.4744685888290405,0.0,0.008607196621596813,2.5033813910724234e-10,1.0,0.44999998807907104,1.0,0.6544787883758545,0.0,0.8500000238418579,1.0,0.06010851263999939
47,q1_co2_adsorption,stable porous MOFs for CO2 adsorption,LEA no balance,100,85.0468750000033,0.4706924557685852,0.4744685888290405,0.0,0.08419610559940338,2.4329116499188785e-10,0.9953437526130059,0.44999998807907104,0.9708409309387207,0.6568341255187988,0.0,0.8500000238418579,1.0,0.07452399283647537
47,q1_co2_adsorption,stable porous MOFs for CO2 adsorption,LEA no self-cleaning,100,85.84450000000032,0.4721626341342926,0.4744685888290405,0.0,0.06922075897455215,2.4704507883832605e-10,0.9970066433272811,0.44999998807907104,0.9709603190422058,0.6665719747543335,0.0,0.8500000238418579,1.0,0.08256027847528458
47,q1_co2_adsorption,stable porous MOFs for CO2 adsorption,LEA pop20,100,57.260292000002266,0.47191137075424194,0.4744685888290405,0.0,0.07193676382303238,2.4639953966065775e-10,0.9970104300900734,0.44999998807907104,0.9708409309387207,0.6649606823921204,0.0,0.8500000238418579,1.0,0.08103145658969879
47,q1_co2_adsorption,stable porous MOFs for CO2 adsorption,LEA pop50,100,141.53645799999737,0.4718593657016754,0.4744685888290405,0.0,0.07218120247125626,2.462669235203663e-10,0.997202777207841,0.44999998807907104,0.9708409309387207,0.6646139025688171,0.0,0.8500000238418579,1.0,0.08070845901966095
47,q1_co2_adsorption,stable porous MOFs for CO2 adsorption,LEA pop100,100,292.89683300000036,0.47183188796043396,0.4744685888290405,0.0,0.07231130450963974,2.4619675742520997e-10,0.9971449496661983,0.44999998807907104,0.9708409309387207,0.6644304394721985,0.0,0.8500000238418579,1.0,0.08053810894489288
47,q1_co2_adsorption,stable porous MOFs for CO2 adsorption,LEA iter20,100,28.78858400000439,0.4705990254878998,0.4744685888290405,0.0,0.0853138118982315,2.4305299439753014e-10,0.9951926392259282,0.44999998807907104,0.9708409309387207,0.6562114953994751,0.0,0.8500000238418579,1.0,0.07426466792821884
47,q1_co2_adsorption,stable porous MOFs for CO2 adsorption,LEA iter40,100,57.49579200000454,0.4706924557685852,0.4744685888290405,0.0,0.08419610559940338,2.4329116499188785e-10,0.9953437526130059,0.44999998807907104,0.9708409309387207,0.6568341255187988,0.0,0.8500000238418579,1.0,0.07452399283647537
47,q1_co2_adsorption,stable porous MOFs for CO2 adsorption,LEA iter100,100,149.61741700000175,0.4706924557685852,0.4744685888290405,0.0,0.08419610559940338,2.4329116499188785e-10,0.9953437526130059,0.44999998807907104,0.9708409309387207,0.6568341255187988,0.0,0.8500000238418579,1.0,0.07452399283647537
47,q1_co2_adsorption,stable porous MOFs for CO2 adsorption,LEA pool50,50,123.41620800000186,0.4712161421775818,0.4744685888290405,0.0,0.08991564810276031,2.433672707802259e-10,0.9970629757367172,0.44999998807907104,0.9479527473449707,0.6725326776504517,0.0,0.8500000238418579,1.0,0.08184059709310532
47,q1_co2_adsorption,stable porous MOFs for CO2 adsorption,LEA pool200,200,122.106708000004,0.47183188796043396,0.4744685888290405,0.0,0.07231130450963974,2.4619675742520997e-10,0.9971449496661983,0.44999998807907104,0.9708409309387207,0.6644304394721985,0.0,0.8500000238418579,1.0,0.11344687640666962
47,q2_photocatalysis,semiconducting MOFs for photocatalysis with suitable band gap,SemanticOnly,100,0.48470800000188774,0.8529559373855591,0.8539198040962219,0.0,0.01959465816617012,5.892198950974148e-10,0.9869173962128599,1.0,1.0,0.6931999325752258,0.0,0.8500000238418579,1.0,0.011293628253042698
47,q2_photocatalysis,semiconducting MOFs for photocatalysis with suitable band gap,WeightedSum,100,0.20191600000174503,0.8607824444770813,0.8617095351219177,0.0,0.021135833114385605,6.784744432941636e-10,1.0,1.0,0.9983774423599243,0.7995497584342957,0.0,0.8500000238418579,1.0,0.10227654874324799
47,q2_photocatalysis,semiconducting MOFs for photocatalysis with suitable band gap,MMR,100,1.9102079999981925,0.8575154542922974,0.8617095351219177,0.0,0.08145545423030853,6.437623767396872e-10,0.995048713820267,1.0,0.9983774423599243,0.758712112903595,0.0,0.8500000238418579,1.0,0.07632017135620117
47,q2_photocatalysis,semiconducting MOFs for photocatalysis with suitable band gap,RandomRepeated,100,0.06720800000437066,0.8517560958862305,0.8526340126991272,0.0,0.013817941769957542,5.764714816614003e-10,0.9860024391536115,1.0,1.0,0.6782017946243286,0.0,0.8500000238418579,1.0,0.01912214607000351
47,q2_photocatalysis,semiconducting MOFs for photocatalysis with suitable band gap,LEA baseline,100,129.11179200000333,0.8607824444770813,0.8617095351219177,0.0,0.021135833114385605,6.784744432941636e-10,0.9999472812073708,1.0,0.9983774423599243,0.7995497584342957,0.0,0.8500000238418579,1.0,0.10227654874324799
47,q2_photocatalysis,semiconducting MOFs for photocatalysis with suitable band gap,LEA no diversity,100,127.57283399999864,0.8607824444770813,0.8617095351219177,0.0,0.021135833114385605,6.784744432941636e-10,1.0,1.0,0.9983774423599243,0.7995497584342957,0.0,0.8500000238418579,1.0,0.10227654874324799
47,q2_photocatalysis,semiconducting MOFs for photocatalysis with suitable band gap,LEA no balance,100,85.73683300000567,0.8607824444770813,0.8617095351219177,0.0,0.021135833114385605,6.784744432941636e-10,0.9999472812073708,1.0,0.9983774423599243,0.7995497584342957,0.0,0.8500000238418579,1.0,0.10227654874324799
47,q2_photocatalysis,semiconducting MOFs for photocatalysis with suitable band gap,LEA no self-cleaning,100,85.47179199999988,0.8607824444770813,0.8617095351219177,0.0,0.021135833114385605,6.784744432941636e-10,0.9999472812073708,1.0,0.9983774423599243,0.7995497584342957,0.0,0.8500000238418579,1.0,0.10227654874324799
47,q2_photocatalysis,semiconducting MOFs for photocatalysis with suitable band gap,LEA pop20,100,57.09445800000168,0.8607824444770813,0.8617095351219177,0.0,0.021135833114385605,6.784744432941636e-10,0.9999472812073708,1.0,0.9983774423599243,0.7995497584342957,0.0,0.8500000238418579,1.0,0.10227654874324799
47,q2_photocatalysis,semiconducting MOFs for photocatalysis with suitable band gap,LEA pop50,100,143.0755000000019,0.8607824444770813,0.8617095351219177,0.0,0.021135833114385605,6.784744432941636e-10,0.9999472812073708,1.0,0.9983774423599243,0.7995497584342957,0.0,0.8500000238418579,1.0,0.10227654874324799
47,q2_photocatalysis,semiconducting MOFs for photocatalysis with suitable band gap,LEA pop100,100,290.5826659999988,0.8607824444770813,0.8617095351219177,0.0,0.021135833114385605,6.784744432941636e-10,0.9999472812073708,1.0,0.9983774423599243,0.7995497584342957,0.0,0.8500000238418579,1.0,0.10227654874324799
47,q2_photocatalysis,semiconducting MOFs for photocatalysis with suitable band gap,LEA iter20,100,28.466458000004025,0.8607824444770813,0.8617095351219177,0.0,0.021135833114385605,6.784744432941636e-10,0.9999472812073708,1.0,0.9983774423599243,0.7995497584342957,0.0,0.8500000238418579,1.0,0.10227654874324799
47,q2_photocatalysis,semiconducting MOFs for photocatalysis with suitable band gap,LEA iter40,100,58.065249999998514,0.8607824444770813,0.8617095351219177,0.0,0.021135833114385605,6.784744432941636e-10,0.9999472812073708,1.0,0.9983774423599243,0.7995497584342957,0.0,0.8500000238418579,1.0,0.10227654874324799
47,q2_photocatalysis,semiconducting MOFs for photocatalysis with suitable band gap,LEA iter100,100,152.7495839999986,0.8607824444770813,0.8617095351219177,0.0,0.021135833114385605,6.784744432941636e-10,0.9999472812073708,1.0,0.9983774423599243,0.7995497584342957,0.0,0.8500000238418579,1.0,0.10227654874324799
47,q2_photocatalysis,semiconducting MOFs for photocatalysis with suitable band gap,LEA pool50,50,120.93162500000432,0.8607824444770813,0.8617095351219177,0.0,0.021135833114385605,6.784744432941636e-10,0.9999472812073708,1.0,0.9983774423599243,0.7995497584342957,0.0,0.8500000238418579,1.0,0.07698410749435425
47,q2_photocatalysis,semiconducting MOFs for photocatalysis with suitable band gap,LEA pool200,200,141.70512500000143,0.8607824444770813,0.8617095351219177,0.0,0.021135833114385605,6.784744432941636e-10,0.9999472812073708,1.0,0.9983774423599243,0.7995497584342957,0.0,0.8500000238418579,1.0,0.12866318225860596
47,q3_lightweight_storage,lightweight low density MOFs for gas storage,SemanticOnly,100,0.14558299999833935,0.6645897626876831,0.6676316261291504,0.0,0.013059747405350208,8.110560706798018e-19,0.9813410317954927,1.0,0.0,0.9541835784912109,0.0,0.8500000238418579,1.0,0.0489165298640728
47,q3_lightweight_storage,lightweight low density MOFs for gas storage,WeightedSum,100,0.16841599999395385,0.6728970408439636,0.673728346824646,0.0,0.0023870705626904964,8.296381661529227e-19,1.0,1.0,0.0,0.9760449528694153,0.0,0.8500000238418579,1.0,0.056563057005405426
47,q3_lightweight_storage,lightweight low density MOFs for gas storage,MMR,100,1.8030409999951758,0.6694502234458923,0.673728346824646,0.0,0.5381185412406921,2.3731433484996955e-10,0.9938916097863566,1.0,0.33260947465896606,0.9232099652290344,0.0,0.8500000238418579,1.0,0.35109132528305054
47,q3_lightweight_storage,lightweight low density MOFs for gas storage,RandomRepeated,100,0.06441600000073322,0.6642658114433289,0.6719202995300293,0.0,0.021852385252714157,8.103315121619936e-19,0.9858338643596308,1.0,0.0,0.9533311724662781,0.0,0.8500000238418579,1.0,0.049843765795230865
47,q3_lightweight_storage,lightweight low density MOFs for gas storage,LEA baseline,100,111.08516600000229,0.6694790720939636,0.6719779372215271,0.0,0.4051036834716797,1.3972176193810526e-10,0.9945656993008043,1.0,0.19837737083435059,0.9409478902816772,0.0,0.8500000238418579,1.0,0.23294082283973694
47,q3_lightweight_storage,lightweight low density MOFs for gas storage,LEA no diversity,100,138.22274999999706,0.6728970408439636,0.673728346824646,0.0,0.0023870705626904964,8.296381661529227e-19,1.0,1.0,0.0,0.9760449528694153,0.0,0.8500000238418579,1.0,0.056563057005405426
47,q3_lightweight_storage,lightweight low density MOFs for gas storage,LEA no balance,100,89.34487500000188,0.6694790720939636,0.6719779372215271,0.0,0.4051036834716797,1.3972176193810526e-10,0.9945656993008043,1.0,0.19837737083435059,0.9409478902816772,0.0,0.8500000238418579,1.0,0.23294082283973694
47,q3_lightweight_storage,lightweight low density MOFs for gas storage,LEA no self-cleaning,100,84.83095799999774,0.6635628938674927,0.673728346824646,0.0,0.47359150648117065,5.100882494168957e-10,0.9800915003650237,1.0,0.7300588488578796,0.8554208874702454,0.0,0.8500000238418579,1.0,0.7110742330551147
47,q3_lightweight_storage,lightweight low density MOFs for gas storage,LEA pop20,100,56.38083400000227,0.6654422879219055,0.673728346824646,0.0,0.6092113852500916,2.7711957728548953e-10,0.9887729822987817,1.0,0.3955061733722687,0.9043868184089661,0.0,0.8500000238418579,1.0,0.4112478196620941
47,q3_lightweight_storage,lightweight low density MOFs for gas storage,LEA pop50,100,139.38841600000274,0.6666108965873718,0.673728346824646,0.0,0.6094790697097778,4.1356490454447226e-10,0.9868493441089878,1.0,0.5955061912536621,0.8811464309692383,0.0,0.8500000238418579,1.0,0.5956817865371704
47,q3_lightweight_storage,lightweight low density MOFs for gas storage,LEA pop100,100,291.51829199999924,0.6640210151672363,0.673728346824646,0.0,0.4119029641151428,5.498934085856888e-10,0.9834597878360015,1.0,0.7929555177688599,0.8483507037162781,0.0,0.8500000238418579,1.0,0.7743499875068665
47,q3_lightweight_storage,lightweight low density MOFs for gas storage,LEA iter20,100,29.717917000006366,0.6654790639877319,0.6719779372215271,0.0,0.6094868183135986,4.1249564874945577e-10,0.9849917393272789,1.0,0.5958267450332642,0.8781254887580872,0.0,0.8500000238418579,1.0,0.5953684449195862
47,q3_lightweight_storage,lightweight low density MOFs for gas storage,LEA iter40,100,57.725458000000174,0.6692588925361633,0.6719779372215271,0.0,0.40535348653793335,1.3972176193810526e-10,0.9942194046061379,1.0,0.19837737083435059,0.9403682947158813,0.0,0.8500000238418579,1.0,0.23268170654773712
47,q3_lightweight_storage,lightweight low density MOFs for gas storage,LEA iter100,100,141.82833299999942,0.6636709570884705,0.6719779372215271,0.0,0.411609411239624,5.498934085856888e-10,0.9859908388770185,1.0,0.7929555177688599,0.8474294543266296,0.0,0.8500000238418579,1.0,0.7738240957260132
47,q3_lightweight_storage,lightweight low density MOFs for gas storage,LEA pool50,50,120.36083299999945,0.6693949699401855,0.673728346824646,0.0,0.6021440625190735,2.7711957728548953e-10,0.9913620704302278,1.0,0.3955061733722687,0.914788544178009,0.0,0.8500000238418579,1.0,0.40939760208129883
47,q3_lightweight_storage,lightweight low density MOFs for gas storage,LEA pool200,200,118.27587500000192,0.6632300615310669,0.673728346824646,0.0,0.6110528707504272,3.9377678895391455e-10,0.9816726827236367,1.0,0.5732606053352356,0.8751763105392456,0.0,0.8500000238418579,1.0,0.5792205333709717
47,q4_balanced_discovery,balanced stable MOF candidates for general materials discovery,SemanticOnly,100,0.06779200000295305,0.5711639523506165,0.5735496282577515,0.0,0.019355762749910355,1.473303562482542e-10,0.951039514791627,0.25,1.0,0.6933193206787109,0.0,0.8500000238418579,1.0,0.011424487456679344
47,q4_balanced_discovery,balanced stable MOF candidates for general materials discovery,WeightedSum,100,0.08633399999524727,0.593343198299408,0.5966005325317383,0.0,0.0201918575912714,1.711664976422611e-10,1.0,0.25,0.9929555654525757,0.8112602233886719,0.0,0.8500000238418579,1.0,0.11132273823022842
47,q4_balanced_discovery,balanced stable MOF candidates for general materials discovery,MMR,100,1.8742499999930828,0.5807684063911438,0.5966005325317383,0.0,0.11153697967529297,1.586404341225034e-10,0.9768420541694209,0.25,0.9732605814933777,0.7680809497833252,0.0,0.8500000238418579,1.0,0.0951789915561676
47,q4_balanced_discovery,balanced stable MOF candidates for general materials discovery,RandomRepeated,100,0.06437500000089358,0.5768967866897583,0.592407763004303,0.0,0.07045172154903412,1.5352323579076455e-10,0.9618723095668019,0.25,0.9974493980407715,0.7245341539382935,0.0,0.8500000238418579,1.0,0.04625196009874344
47,q4_balanced_discovery,balanced stable MOF candidates for general materials discovery,LEA baseline,100,155.7154159999996,0.593343198299408,0.5966005325317383,0.0,0.0201918575912714,1.711664976422611e-10,1.0,0.25,0.9929555654525757,0.8112602233886719,0.0,0.8500000238418579,1.0,0.11132273823022842
47,q4_balanced_discovery,balanced stable MOF candidates for general materials discovery,LEA no diversity,100,112.7461670000045,0.593343198299408,0.5966005325317383,0.0,0.0201918575912714,1.711664976422611e-10,1.0,0.25,0.9929555654525757,0.8112602233886719,0.0,0.8500000238418579,1.0,0.11132273823022842
47,q4_balanced_discovery,balanced stable MOF candidates for general materials discovery,LEA no balance,100,84.78991700000194,0.593343198299408,0.5966005325317383,0.0,0.0201918575912714,1.711664976422611e-10,1.0,0.25,0.9929555654525757,0.8112602233886719,0.0,0.8500000238418579,1.0,0.11132273823022842
47,q4_balanced_discovery,balanced stable MOF candidates for general materials discovery,LEA no self-cleaning,100,84.91254199999787,0.593343198299408,0.5966005325317383,0.0,0.0201918575912714,1.711664976422611e-10,1.0,0.25,0.9929555654525757,0.8112602233886719,0.0,0.8500000238418579,1.0,0.11132273823022842
47,q4_balanced_discovery,balanced stable MOF candidates for general materials discovery,LEA pop20,100,56.63958299999905,0.593343198299408,0.5966005325317383,0.0,0.0201918575912714,1.711664976422611e-10,1.0,0.25,0.9929555654525757,0.8112602233886719,0.0,0.8500000238418579,1.0,0.11132273823022842
47,q4_balanced_discovery,balanced stable MOF candidates for general materials discovery,LEA pop50,100,139.9207500000017,0.593343198299408,0.5966005325317383,0.0,0.0201918575912714,1.711664976422611e-10,1.0,0.25,0.9929555654525757,0.8112602233886719,0.0,0.8500000238418579,1.0,0.11132273823022842
47,q4_balanced_discovery,balanced stable MOF candidates for general materials discovery,LEA pop100,100,282.9462919999983,0.593343198299408,0.5966005325317383,0.0,0.0201918575912714,1.711664976422611e-10,1.0,0.25,0.9929555654525757,0.8112602233886719,0.0,0.8500000238418579,1.0,0.11132273823022842
47,q4_balanced_discovery,balanced stable MOF candidates for general materials discovery,LEA iter20,100,28.08887500000168,0.593343198299408,0.5966005325317383,0.0,0.0201918575912714,1.711664976422611e-10,1.0,0.25,0.9929555654525757,0.8112602233886719,0.0,0.8500000238418579,1.0,0.11132273823022842
47,q4_balanced_discovery,balanced stable MOF candidates for general materials discovery,LEA iter40,100,59.97966700000035,0.593343198299408,0.5966005325317383,0.0,0.0201918575912714,1.711664976422611e-10,1.0,0.25,0.9929555654525757,0.8112602233886719,0.0,0.8500000238418579,1.0,0.11132273823022842
47,q4_balanced_discovery,balanced stable MOF candidates for general materials discovery,LEA iter100,100,144.83904099999734,0.593343198299408,0.5966005325317383,0.0,0.0201918575912714,1.711664976422611e-10,1.0,0.25,0.9929555654525757,0.8112602233886719,0.0,0.8500000238418579,1.0,0.11132273823022842
47,q4_balanced_discovery,balanced stable MOF candidates for general materials discovery,LEA pool50,50,154.02658400000035,0.5932893753051758,0.5966005325317383,0.0,0.020691359415650368,1.711092934009173e-10,0.9999276054001515,0.25,0.9929555654525757,0.8109909892082214,0.0,0.8500000238418579,1.0,0.08877544105052948
47,q4_balanced_discovery,balanced stable MOF candidates for general materials discovery,LEA pool200,200,140.40812500000044,0.593343198299408,0.5966005325317383,0.0,0.0201918575912714,1.711664976422611e-10,1.0,0.25,0.9929555654525757,0.8112602233886719,0.0,0.8500000238418579,1.0,0.13768017292022705
47,q5_insulating_frameworks,wide band gap insulating MOFs with low density,SemanticOnly,100,0.06466600000010203,0.8573349118232727,0.8610939979553223,0.0,0.048921216279268265,5.57218271524107e-10,0.9597180415941692,1.0,0.9836118817329407,0.6668614745140076,0.0,0.8500000238418579,1.0,0.050742458552122116
47,q5_insulating_frameworks,wide band gap insulating MOFs with low density,WeightedSum,100,0.09674999999731426,0.8807624578475952,0.8877611756324768,0.0,0.03194258362054825,6.288553011657427e-10,1.0,1.0,1.0,0.7398297190666199,0.0,0.8500000238418579,1.0,0.09199531376361847
47,q5_insulating_frameworks,wide band gap insulating MOFs with low density,MMR,100,2.0411670000015647,0.8693097829818726,0.8877611756324768,0.0,0.20032556354999542,5.758870602612376e-10,0.9853961701983046,1.0,0.98603755235672,0.7345129251480103,0.0,0.800000011920929,1.0,0.13801920413970947
47,q5_insulating_frameworks,wide band gap insulating MOFs with low density,RandomRepeated,100,0.06441600000073322,0.8557815551757812,0.8648165464401245,0.0,0.030467163771390915,5.323379514976523e-10,0.9598289724861047,1.0,1.0,0.6262799501419067,0.0,0.8500000238418579,1.0,0.05020791292190552
47,q5_insulating_frameworks,wide band gap insulating MOFs with low density,LEA baseline,100,108.9970419999986,0.8786234855651855,0.8877611756324768,0.0,0.15009835362434387,6.118722195580517e-10,0.9972824154821434,1.0,0.98603755235672,0.776848316192627,0.0,0.800000011920929,1.0,0.15423955023288727
47,q5_insulating_frameworks,wide band gap insulating MOFs with low density,LEA no diversity,100,139.47420799999577,0.8807624578475952,0.8877611756324768,0.0,0.03194258362054825,6.288553011657427e-10,1.0,1.0,1.0,0.7398297190666199,0.0,0.8500000238418579,1.0,0.09199531376361847
47,q5_insulating_frameworks,wide band gap insulating MOFs with low density,LEA no balance,100,88.03708399999977,0.8786234855651855,0.8877611756324768,0.0,0.15009835362434387,6.118722195580517e-10,0.9972824154821434,1.0,0.98603755235672,0.776848316192627,0.0,0.800000011920929,1.0,0.15423955023288727
47,q5_insulating_frameworks,wide band gap insulating MOFs with low density,LEA no self-cleaning,100,85.10862499999661,0.880511462688446,0.8877611756324768,0.0,0.07355085015296936,6.42009334583804e-10,0.9997501873974525,1.0,0.98603755235672,0.7672478556632996,0.0,0.8500000238418579,1.0,0.12024028599262238
47,q5_insulating_frameworks,wide band gap insulating MOFs with low density,LEA pop20,100,56.86845900000037,0.8786234855651855,0.8877611756324768,0.0,0.15009835362434387,6.118722195580517e-10,0.997573866770363,1.0,0.98603755235672,0.7768483757972717,0.0,0.800000011920929,1.0,0.15423955023288727
47,q5_insulating_frameworks,wide band gap insulating MOFs with low density,LEA pop50,100,144.22641699999872,0.8786234855651855,0.8877611756324768,0.0,0.15009835362434387,6.118722195580517e-10,0.9977984192764706,1.0,0.98603755235672,0.776848316192627,0.0,0.800000011920929,1.0,0.15423956513404846
47,q5_insulating_frameworks,wide band gap insulating MOFs with low density,LEA pop100,100,292.4249999999944,0.8785014152526855,0.8877611756324768,0.0,0.1509513407945633,6.114003192614348e-10,0.9977059947574191,1.0,0.98603755235672,0.776293158531189,0.0,0.800000011920929,1.0,0.15375348925590515
47,q5_insulating_frameworks,wide band gap insulating MOFs with low density,LEA iter20,100,28.181666999998356,0.8786234855651855,0.8877611756324768,0.0,0.15009835362434387,6.118722195580517e-10,0.9972824154821434,1.0,0.98603755235672,0.776848316192627,0.0,0.800000011920929,1.0,0.15423955023288727
47,q5_insulating_frameworks,wide band gap insulating MOFs with low density,LEA iter40,100,58.85866600000611,0.8786234855651855,0.8877611756324768,0.0,0.15009835362434387,6.118722195580517e-10,0.9972824154821434,1.0,0.98603755235672,0.776848316192627,0.0,0.800000011920929,1.0,0.15423955023288727
47,q5_insulating_frameworks,wide band gap insulating MOFs with low density,LEA iter100,100,148.50112499999568,0.8786234855651855,0.8877611756324768,0.0,0.15009835362434387,6.118722195580517e-10,0.9972824154821434,1.0,0.98603755235672,0.776848316192627,0.0,0.800000011920929,1.0,0.15423955023288727
47,q5_insulating_frameworks,wide band gap insulating MOFs with low density,LEA pool50,50,104.10625000000095,0.8786234855651855,0.8877611756324768,0.0,0.15009835362434387,6.118722195580517e-10,0.9972824154821434,1.0,0.98603755235672,0.776848316192627,0.0,0.800000011920929,1.0,0.1331031620502472
47,q5_insulating_frameworks,wide band gap insulating MOFs with low density,LEA pool200,200,181.60720799999552,0.8786234855651855,0.8877611756324768,0.0,0.15009835362434387,6.118722195580517e-10,0.9972824154821434,1.0,0.98603755235672,0.776848316192627,0.0,0.800000011920929,1.0,0.1721588671207428
48,q1_co2_adsorption,stable porous MOFs for CO2 adsorption,SemanticOnly,100,0.08579200000013998,0.46286487579345703,0.4651694893836975,0.0,0.06416328996419907,2.2449508918498395e-10,0.9719886587943841,0.44999998807907104,0.9813195466995239,0.5990620851516724,0.0,0.8500000238418579,1.0,0.04128754884004593
48,q1_co2_adsorption,stable porous MOFs for CO2 adsorption,WeightedSum,100,0.08854200000030232,0.47267183661460876,0.4744685888290405,0.0,0.008607196621596813,2.5033813910724234e-10,1.0,0.44999998807907104,1.0,0.6544787883758545,0.0,0.8500000238418579,1.0,0.06010851263999939
48,q1_co2_adsorption,stable porous MOFs for CO2 adsorption,MMR,100,3.7932079999976054,0.4653640687465668,0.4744685888290405,0.0,0.12113821506500244,2.290901635060294e-10,0.9856031459014648,0.44999998807907104,0.9524765014648438,0.6311063766479492,0.0,0.8500000238418579,1.0,0.07898028194904327
48,q1_co2_adsorption,stable porous MOFs for CO2 adsorption,RandomRepeated,100,0.06862499999726879,0.4602811932563782,0.4623448848724365,0.0,0.07077591866254807,2.174691260403705e-10,0.9691928120492346,0.44999998807907104,0.9639131426811218,0.591120719909668,0.0,0.8500000238418579,1.0,0.0447697639465332
48,q1_co2_adsorption,stable porous MOFs for CO2 adsorption,LEA baseline,100,248.05666600000364,0.4712148606777191,0.4744685888290405,0.0,0.07801318913698196,2.4462348813258927e-10,0.9954121808335372,0.44999998807907104,0.9708409309387207,0.6603173017501831,0.0,0.8500000238418579,1.0,0.07690143585205078
48,q1_co2_adsorption,stable porous MOFs for CO2 adsorption,LEA no diversity,100,86.09633300000041,0.47267183661460876,0.4744685888290405,0.0,0.008607196621596813,2.5033813910724234e-10,1.0,0.44999998807907104,1.0,0.6544787883758545,0.0,0.8500000238418579,1.0,0.06010851263999939
48,q1_co2_adsorption,stable porous MOFs for CO2 adsorption,LEA no balance,100,87.08129199999348,0.4712148606777191,0.4744685888290405,0.0,0.07801318913698196,2.4462348813258927e-10,0.9954121808335372,0.44999998807907104,0.9708409309387207,0.6603173017501831,0.0,0.8500000238418579,1.0,0.07690143585205078
48,q1_co2_adsorption,stable porous MOFs for CO2 adsorption,LEA no self-cleaning,100,84.6603330000022,0.47186774015426636,0.4744685888290405,0.0,0.06933083385229111,2.462930415170206e-10,0.9967019301079628,0.44999998807907104,0.9709603190422058,0.6646057963371277,0.0,0.8500000238418579,1.0,0.08071199804544449
48,q1_co2_adsorption,stable porous MOFs for CO2 adsorption,LEA pop20,100,56.40387500000088,0.47208309173583984,0.4744685888290405,0.0,0.06977816671133041,2.4684226884730265e-10,0.9976072697644195,0.44999998807907104,0.9709603190422058,0.6660417318344116,0.0,0.8500000238418579,1.0,0.08206691592931747
48,q1_co2_adsorption,stable porous MOFs for CO2 adsorption,LEA pop50,100,142.2235409999999,0.471949964761734,0.4744685888290405,0.0,0.0717567652463913,2.464977943983371e-10,0.9976360597086233,0.44999998807907104,0.9708409309387207,0.6652175784111023,0.0,0.8500000238418579,1.0,0.08127166330814362
48,q1_co2_adsorption,stable porous MOFs for CO2 adsorption,LEA pop100,100,285.39979199999976,0.47162967920303345,0.4744685888290405,0.0,0.07563155889511108,2.4568594381157993e-10,0.9965732676882757,0.44999998807907104,0.9709603190422058,0.6630187034606934,0.0,0.8500000238418579,1.0,0.07939703017473221
48,q1_co2_adsorption,stable porous MOFs for CO2 adsorption,LEA iter20,100,28.42625000000254,0.4712148606777191,0.4744685888290405,0.0,0.07801318913698196,2.4462348813258927e-10,0.9954121808335372,0.44999998807907104,0.9708409309387207,0.6603173017501831,0.0,0.8500000238418579,1.0,0.07690143585205078
48,q1_co2_adsorption,stable porous MOFs for CO2 adsorption,LEA iter40,100,57.01179200000439,0.4712148606777191,0.4744685888290405,0.0,0.07801318913698196,2.4462348813258927e-10,0.9954121808335372,0.44999998807907104,0.9708409309387207,0.6603173017501831,0.0,0.8500000238418579,1.0,0.07690143585205078
48,q1_co2_adsorption,stable porous MOFs for CO2 adsorption,LEA iter100,100,140.15404199999892,0.4712148606777191,0.4744685888290405,0.0,0.07801318913698196,2.4462348813258927e-10,0.9954121808335372,0.44999998807907104,0.9708409309387207,0.6603173017501831,0.0,0.8500000238418579,1.0,0.07690143585205078
48,q1_co2_adsorption,stable porous MOFs for CO2 adsorption,LEA pool50,50,117.08187500000378,0.4709128737449646,0.4744685888290405,0.0,0.09245438873767853,2.4258911546226614e-10,0.995072677351671,0.44999998807907104,0.9478333592414856,0.6705746054649353,0.0,0.8500000238418579,1.0,0.08001138269901276
48,q1_co2_adsorption,stable porous MOFs for CO2 adsorption,LEA pool200,200,131.10120800000402,0.4718318581581116,0.4744685888290405,0.0,0.07231130450963974,2.4619672966963435e-10,0.9962782074805293,0.44999998807907104,0.9708409309387207,0.6644304394721985,0.0,0.8500000238418579,1.0,0.11344687640666962
48,q2_photocatalysis,semiconducting MOFs for photocatalysis with suitable band gap,SemanticOnly,100,0.05462500000419368,0.8529559373855591,0.8539198040962219,0.0,0.01959465816617012,5.892198950974148e-10,0.9869173962128599,1.0,1.0,0.6931999325752258,0.0,0.8500000238418579,1.0,0.011293628253042698
48,q2_photocatalysis,semiconducting MOFs for photocatalysis with suitable band gap,WeightedSum,100,0.08775000000582622,0.8607824444770813,0.8617095351219177,0.0,0.021135833114385605,6.784744432941636e-10,1.0,1.0,0.9983774423599243,0.7995497584342957,0.0,0.8500000238418579,1.0,0.10227654874324799
48,q2_photocatalysis,semiconducting MOFs for photocatalysis with suitable band gap,MMR,100,2.5518329999982825,0.8575154542922974,0.8617095351219177,0.0,0.08145545423030853,6.437623767396872e-10,0.995048713820267,1.0,0.9983774423599243,0.758712112903595,0.0,0.8500000238418579,1.0,0.07632017135620117
48,q2_photocatalysis,semiconducting MOFs for photocatalysis with suitable band gap,RandomRepeated,100,0.07366700000943638,0.8537110090255737,0.857845664024353,0.0,0.045095302164554596,5.972420336064488e-10,0.9898078379369453,1.0,1.0,0.7026376724243164,0.0,0.8500000238418579,1.0,0.029433321207761765
48,q2_photocatalysis,semiconducting MOFs for photocatalysis with suitable band gap,LEA baseline,100,126.80333400000166,0.8606035113334656,0.8617095351219177,0.0,0.025594905018806458,6.765735749425517e-10,0.9997625295203122,1.0,0.9983774423599243,0.797313392162323,0.0,0.8500000238418579,1.0,0.1000402569770813
48,q2_photocatalysis,semiconducting MOFs for photocatalysis with suitable band gap,LEA no diversity,100,134.18808299999796,0.8607824444770813,0.8617095351219177,0.0,0.021135833114385605,6.784744432941636e-10,1.0,1.0,0.9983774423599243,0.7995497584342957,0.0,0.8500000238418579,1.0,0.10227654874324799
48,q2_photocatalysis,semiconducting MOFs for photocatalysis with suitable band gap,LEA no balance,100,87.31045800000459,0.8606035113334656,0.8617095351219177,0.0,0.025594905018806458,6.765735749425517e-10,0.9997625295203122,1.0,0.9983774423599243,0.797313392162323,0.0,0.8500000238418579,1.0,0.1000402569770813
48,q2_photocatalysis,semiconducting MOFs for photocatalysis with suitable band gap,LEA no self-cleaning,100,84.94212499999776,0.8607824444770813,0.8617095351219177,0.0,0.021135833114385605,6.784744432941636e-10,0.9999433736878128,1.0,0.9983774423599243,0.7995497584342957,0.0,0.8500000238418579,1.0,0.10227654874324799
48,q2_photocatalysis,semiconducting MOFs for photocatalysis with suitable band gap,LEA pop20,100,57.758125000006544,0.8607824444770813,0.8617095351219177,0.0,0.021135833114385605,6.784744432941636e-10,0.9999433736878128,1.0,0.9983774423599243,0.7995497584342957,0.0,0.8500000238418579,1.0,0.10227654874324799
48,q2_photocatalysis,semiconducting MOFs for photocatalysis with suitable band gap,LEA pop50,100,141.57612500000027,0.8607824444770813,0.8617095351219177,0.0,0.021135833114385605,6.784744432941636e-10,0.9999472812073708,1.0,0.9983774423599243,0.7995497584342957,0.0,0.8500000238418579,1.0,0.10227654874324799
48,q2_photocatalysis,semiconducting MOFs for photocatalysis with suitable band gap,LEA pop100,100,295.7095830000043,0.8607824444770813,0.8617095351219177,0.0,0.021135833114385605,6.784744432941636e-10,0.9999472812073708,1.0,0.9983774423599243,0.7995497584342957,0.0,0.8500000238418579,1.0,0.10227654874324799
48,q2_photocatalysis,semiconducting MOFs for photocatalysis with suitable band gap,LEA iter20,100,29.787249999998267,0.8607824444770813,0.8617095351219177,0.0,0.021135833114385605,6.784744432941636e-10,0.9999433736878128,1.0,0.9983774423599243,0.7995497584342957,0.0,0.8500000238418579,1.0,0.10227654874324799
48,q2_photocatalysis,semiconducting MOFs for photocatalysis with suitable band gap,LEA iter40,100,60.208250000002295,0.8607824444770813,0.8617095351219177,0.0,0.021135833114385605,6.784744432941636e-10,0.9999433736878128,1.0,0.9983774423599243,0.7995497584342957,0.0,0.8500000238418579,1.0,0.10227654874324799
48,q2_photocatalysis,semiconducting MOFs for photocatalysis with suitable band gap,LEA iter100,100,150.69670799999813,0.8607824444770813,0.8617095351219177,0.0,0.021135833114385605,6.784744432941636e-10,0.9999472812073708,1.0,0.9983774423599243,0.7995497584342957,0.0,0.8500000238418579,1.0,0.10227654874324799
48,q2_photocatalysis,semiconducting MOFs for photocatalysis with suitable band gap,LEA pool50,50,120.1109999999943,0.8607824444770813,0.8617095351219177,0.0,0.021135833114385605,6.784744432941636e-10,0.9999433736878128,1.0,0.9983774423599243,0.7995497584342957,0.0,0.8500000238418579,1.0,0.07698410749435425
48,q2_photocatalysis,semiconducting MOFs for photocatalysis with suitable band gap,LEA pool200,200,160.40837500000293,0.8606035113334656,0.8617095351219177,0.0,0.025594905018806458,6.765735749425517e-10,0.9997625295203122,1.0,0.9983774423599243,0.797313392162323,0.0,0.8500000238418579,1.0,0.12642687559127808
48,q3_lightweight_storage,lightweight low density MOFs for gas storage,SemanticOnly,100,0.049791999998660685,0.6645897626876831,0.6676316261291504,0.0,0.013059747405350208,8.110560706798018e-19,0.9813410317954927,1.0,0.0,0.9541835784912109,0.0,0.8500000238418579,1.0,0.0489165298640728
48,q3_lightweight_storage,lightweight low density MOFs for gas storage,WeightedSum,100,0.10145899999258745,0.6728970408439636,0.673728346824646,0.0,0.0023870705626904964,8.296381661529227e-19,1.0,1.0,0.0,0.9760449528694153,0.0,0.8500000238418579,1.0,0.056563057005405426
48,q3_lightweight_storage,lightweight low density MOFs for gas storage,MMR,100,1.8546249999928932,0.6694502234458923,0.673728346824646,0.0,0.5381185412406921,2.3731433484996955e-10,0.9938916097863566,1.0,0.33260947465896606,0.9232099652290344,0.0,0.8500000238418579,1.0,0.35109132528305054
48,q3_lightweight_storage,lightweight low density MOFs for gas storage,RandomRepeated,100,0.06437499999378815,0.6659635901451111,0.6721789836883545,0.0,0.022890757769346237,8.141290983542246e-19,0.9850995534472623,1.0,0.0,0.957798957824707,0.0,0.8500000238418579,1.0,0.051376909017562866
48,q3_lightweight_storage,lightweight low density MOFs for gas storage,LEA baseline,100,122.24341600000344,0.6643878817558289,0.6699529886245728,0.0,0.60981285572052,2.761671447082392e-10,0.9820222958614441,1.0,0.39837735891342163,0.9012344479560852,0.0,0.8500000238418579,1.0,0.4127572178840637
48,q3_lightweight_storage,lightweight low density MOFs for gas storage,LEA no diversity,100,121.78654199999528,0.6728970408439636,0.673728346824646,0.0,0.0023870705626904964,8.296381661529227e-19,1.0,1.0,0.0,0.9760449528694153,0.0,0.8500000238418579,1.0,0.056563057005405426
48,q3_lightweight_storage,lightweight low density MOFs for gas storage,LEA no balance,100,86.89104100000122,0.6643878817558289,0.6699529886245728,0.0,0.60981285572052,2.761671447082392e-10,0.9820222958614441,1.0,0.39837735891342163,0.9012344479560852,0.0,0.8500000238418579,1.0,0.4127572178840637
48,q3_lightweight_storage,lightweight low density MOFs for gas storage,LEA no self-cleaning,100,83.94604199999378,0.667960524559021,0.673728346824646,0.0,0.6045706868171692,2.7711957728548953e-10,0.9924822656410283,1.0,0.3955061733722687,0.9110139012336731,0.0,0.8500000238418579,1.0,0.4119095802307129
48,q3_lightweight_storage,lightweight low density MOFs for gas storage,LEA pop20,100,56.80200000000468,0.6673702001571655,0.673728346824646,0.0,0.6072912216186523,2.7711957728548953e-10,0.9924880934078298,1.0,0.3955061733722687,0.9094602465629578,0.0,0.8500000238418579,1.0,0.41215118765830994
48,q3_lightweight_storage,lightweight low density MOFs for gas storage,LEA pop50,100,141.90320899999165,0.6653545498847961,0.673728346824646,0.0,0.6091793179512024,2.7711957728548953e-10,0.9885990331948343,1.0,0.3955061733722687,0.9041559100151062,0.0,0.8500000238418579,1.0,0.41115808486938477
48,q3_lightweight_storage,lightweight low density MOFs for gas storage,LEA pop100,100,298.34641699999054,0.6685336828231812,0.673728346824646,0.0,0.6046211123466492,2.7711957728548953e-10,0.9938978837645076,1.0,0.3955061733722687,0.9125221371650696,0.0,0.8500000238418579,1.0,0.4126761555671692
48,q3_lightweight_storage,lightweight low density MOFs for gas storage,LEA iter20,100,30.288458999990553,0.664688229560852,0.673728346824646,0.0,0.610991358757019,4.1249564874945577e-10,0.9817984004760542,1.0,0.5958267450332642,0.8760444521903992,0.0,0.8500000238418579,1.0,0.5946041345596313
48,q3_lightweight_storage,lightweight low density MOFs for gas storage,LEA iter40,100,57.96395800000198,0.6656780242919922,0.673728346824646,0.0,0.6102741360664368,4.1249564874945577e-10,0.9834658930149003,1.0,0.5958267450332642,0.8786492347717285,0.0,0.8500000238418579,1.0,0.5956845879554749
48,q3_lightweight_storage,lightweight low density MOFs for gas storage,LEA iter100,100,141.3786669999979,0.6653239130973816,0.673728346824646,0.0,0.6076731085777283,4.1017167440315916e-10,0.9834767539709933,1.0,0.5945781469345093,0.877881646156311,0.0,0.8500000238418579,1.0,0.5951845049858093
48,q3_lightweight_storage,lightweight low density MOFs for gas storage,LEA pool50,50,121.15950000000453,0.665981650352478,0.673728346824646,0.0,0.6067687273025513,2.7711957728548953e-10,0.9870523519768196,1.0,0.3955061733722687,0.9058061838150024,0.0,0.8500000238418579,1.0,0.40860047936439514
48,q3_lightweight_storage,lightweight low density MOFs for gas storage,LEA pool200,200,140.11670800000786,0.6628164649009705,0.6717705130577087,0.0,0.5853245854377747,2.5923302393593417e-10,0.9778051406034483,1.0,0.3732605576515198,0.9004037976264954,0.0,0.8500000238418579,1.0,0.38947486877441406
48,q4_balanced_discovery,balanced stable MOF candidates for general materials discovery,SemanticOnly,100,0.13633300000037707,0.5711639523506165,0.5735496282577515,0.0,0.019355762749910355,1.473303562482542e-10,0.951039514791627,0.25,1.0,0.6933193206787109,0.0,0.8500000238418579,1.0,0.011424487456679344
48,q4_balanced_discovery,balanced stable MOF candidates for general materials discovery,WeightedSum,100,0.22237499999278043,0.593343198299408,0.5966005325317383,0.0,0.0201918575912714,1.711664976422611e-10,1.0,0.25,0.9929555654525757,0.8112602233886719,0.0,0.8500000238418579,1.0,0.11132273823022842
48,q4_balanced_discovery,balanced stable MOF candidates for general materials discovery,MMR,100,2.4148749999994834,0.5807684063911438,0.5966005325317383,0.0,0.11153697967529297,1.586404341225034e-10,0.9768420541694209,0.25,0.9732605814933777,0.7680809497833252,0.0,0.8500000238418579,1.0,0.0951789915561676
48,q4_balanced_discovery,balanced stable MOF candidates for general materials discovery,RandomRepeated,100,0.059582999995200225,0.5704172253608704,0.5778713226318359,0.0,0.027366960421204567,1.4653700475264486e-10,0.9519337034957291,0.25,1.0,0.6895858645439148,0.0,0.8500000238418579,1.0,0.021462371572852135
48,q4_balanced_discovery,balanced stable MOF candidates for general materials discovery,LEA baseline,100,116.471875000002,0.593343198299408,0.5966005325317383,0.0,0.0201918575912714,1.711664976422611e-10,1.0,0.25,0.9929555654525757,0.8112602233886719,0.0,0.8500000238418579,1.0,0.11132273823022842
48,q4_balanced_discovery,balanced stable MOF candidates for general materials discovery,LEA no diversity,100,112.38895900000045,0.593343198299408,0.5966005325317383,0.0,0.0201918575912714,1.711664976422611e-10,1.0,0.25,0.9929555654525757,0.8112602233886719,0.0,0.8500000238418579,1.0,0.11132273823022842
48,q4_balanced_discovery,balanced stable MOF candidates for general materials discovery,LEA no balance,100,94.43979200000285,0.593343198299408,0.5966005325317383,0.0,0.0201918575912714,1.711664976422611e-10,1.0,0.25,0.9929555654525757,0.8112602233886719,0.0,0.8500000238418579,1.0,0.11132273823022842
48,q4_balanced_discovery,balanced stable MOF candidates for general materials discovery,LEA no self-cleaning,100,84.69933399999263,0.593343198299408,0.5966005325317383,0.0,0.0201918575912714,1.711664976422611e-10,1.0,0.25,0.9929555654525757,0.8112602233886719,0.0,0.8500000238418579,1.0,0.11132273823022842
48,q4_balanced_discovery,balanced stable MOF candidates for general materials discovery,LEA pop20,100,56.60754199999474,0.593343198299408,0.5966005325317383,0.0,0.0201918575912714,1.711664976422611e-10,1.0,0.25,0.9929555654525757,0.8112602233886719,0.0,0.8500000238418579,1.0,0.11132273823022842
48,q4_balanced_discovery,balanced stable MOF candidates for general materials discovery,LEA pop50,100,140.39079199999094,0.593343198299408,0.5966005325317383,0.0,0.0201918575912714,1.711664976422611e-10,1.0,0.25,0.9929555654525757,0.8112602233886719,0.0,0.8500000238418579,1.0,0.11132273823022842
48,q4_balanced_discovery,balanced stable MOF candidates for general materials discovery,LEA pop100,100,284.6401249999957,0.593343198299408,0.5966005325317383,0.0,0.0201918575912714,1.711664976422611e-10,1.0,0.25,0.9929555654525757,0.8112602233886719,0.0,0.8500000238418579,1.0,0.11132273823022842
48,q4_balanced_discovery,balanced stable MOF candidates for general materials discovery,LEA iter20,100,32.06595900000764,0.593343198299408,0.5966005325317383,0.0,0.0201918575912714,1.711664976422611e-10,1.0,0.25,0.9929555654525757,0.8112602233886719,0.0,0.8500000238418579,1.0,0.11132273823022842
48,q4_balanced_discovery,balanced stable MOF candidates for general materials discovery,LEA iter40,100,59.12891700000955,0.593343198299408,0.5966005325317383,0.0,0.0201918575912714,1.711664976422611e-10,1.0,0.25,0.9929555654525757,0.8112602233886719,0.0,0.8500000238418579,1.0,0.11132273823022842
48,q4_balanced_discovery,balanced stable MOF candidates for general materials discovery,LEA iter100,100,144.17079100000763,0.593343198299408,0.5966005325317383,0.0,0.0201918575912714,1.711664976422611e-10,1.0,0.25,0.9929555654525757,0.8112602233886719,0.0,0.8500000238418579,1.0,0.11132273823022842
48,q4_balanced_discovery,balanced stable MOF candidates for general materials discovery,LEA pool50,50,140.83300000000065,0.593343198299408,0.5966005325317383,0.0,0.0201918575912714,1.711664976422611e-10,1.0,0.25,0.9929555654525757,0.8112602233886719,0.0,0.8500000238418579,1.0,0.08904466032981873
48,q4_balanced_discovery,balanced stable MOF candidates for general materials discovery,LEA pool200,200,156.18320900000526,0.593343198299408,0.5966005325317383,0.0,0.0201918575912714,1.711664976422611e-10,1.0,0.25,0.9929555654525757,0.8112602233886719,0.0,0.8500000238418579,1.0,0.13768017292022705
48,q5_insulating_frameworks,wide band gap insulating MOFs with low density,SemanticOnly,100,0.050874999999450665,0.8573349118232727,0.8610939979553223,0.0,0.048921216279268265,5.57218271524107e-10,0.9597180415941692,1.0,0.9836118817329407,0.6668614745140076,0.0,0.8500000238418579,1.0,0.050742458552122116
48,q5_insulating_frameworks,wide band gap insulating MOFs with low density,WeightedSum,100,0.0859999999960337,0.8807624578475952,0.8877611756324768,0.0,0.03194258362054825,6.288553011657427e-10,1.0,1.0,1.0,0.7398297190666199,0.0,0.8500000238418579,1.0,0.09199531376361847
48,q5_insulating_frameworks,wide band gap insulating MOFs with low density,MMR,100,1.7949169999980086,0.8693097829818726,0.8877611756324768,0.0,0.20032556354999542,5.758870602612376e-10,0.9853961701983046,1.0,0.98603755235672,0.7345129251480103,0.0,0.800000011920929,1.0,0.13801920413970947
48,q5_insulating_frameworks,wide band gap insulating MOFs with low density,RandomRepeated,100,0.05883400000072925,0.8621490597724915,0.8759453892707825,0.0,0.13426819443702698,5.364623745229835e-10,0.967696157835629,1.0,1.0,0.67340487241745,0.0,0.800000011920929,1.0,0.08391563594341278
48,q5_insulating_frameworks,wide band gap insulating MOFs with low density,LEA baseline,100,125.97204200000078,0.8786234855651855,0.8877611756324768,0.0,0.15009835362434387,6.118722195580517e-10,0.9972824154821434,1.0,0.98603755235672,0.776848316192627,0.0,0.800000011920929,1.0,0.15423955023288727
48,q5_insulating_frameworks,wide band gap insulating MOFs with low density,LEA no diversity,100,113.55808300000092,0.8807624578475952,0.8877611756324768,0.0,0.03194258362054825,6.288553011657427e-10,1.0,1.0,1.0,0.7398297190666199,0.0,0.8500000238418579,1.0,0.09199531376361847
48,q5_insulating_frameworks,wide band gap insulating MOFs with low density,LEA no balance,100,92.00099999999622,0.8786234855651855,0.8877611756324768,0.0,0.15009835362434387,6.118722195580517e-10,0.9972824154821434,1.0,0.98603755235672,0.776848316192627,0.0,0.800000011920929,1.0,0.15423955023288727
48,q5_insulating_frameworks,wide band gap insulating MOFs with low density,LEA no self-cleaning,100,84.81087500000228,0.878500759601593,0.8877611756324768,0.0,0.15095579624176025,6.113978767707806e-10,0.9977051800410245,1.0,0.98603755235672,0.776290237903595,0.0,0.800000011920929,1.0,0.1537509560585022
48,q5_insulating_frameworks,wide band gap insulating MOFs with low density,LEA pop20,100,56.767583000009836,0.8786234855651855,0.8877611756324768,0.0,0.15009835362434387,6.118722195580517e-10,0.9972824154821434,1.0,0.98603755235672,0.776848316192627,0.0,0.800000011920929,1.0,0.15423955023288727
48,q5_insulating_frameworks,wide band gap insulating MOFs with low density,LEA pop50,100,138.75533300000598,0.8786234855651855,0.8877611756324768,0.0,0.15009835362434387,6.118722195580517e-10,0.9972824154821434,1.0,0.98603755235672,0.776848316192627,0.0,0.800000011920929,1.0,0.15423955023288727
48,q5_insulating_frameworks,wide band gap insulating MOFs with low density,LEA pop100,100,283.5580419999957,0.878501296043396,0.8877611756324768,0.0,0.1509513407945633,6.114003192614348e-10,0.9975217498861082,1.0,0.98603755235672,0.776293158531189,0.0,0.800000011920929,1.0,0.15375347435474396
48,q5_insulating_frameworks,wide band gap insulating MOFs with low density,LEA iter20,100,28.329625000012015,0.8786234855651855,0.8877611756324768,0.0,0.15009835362434387,6.118722195580517e-10,0.9972824154821434,1.0,0.98603755235672,0.776848316192627,0.0,0.800000011920929,1.0,0.15423955023288727
48,q5_insulating_frameworks,wide band gap insulating MOFs with low density,LEA iter40,100,57.72441700000286,0.8786234855651855,0.8877611756324768,0.0,0.15009835362434387,6.118722195580517e-10,0.9972824154821434,1.0,0.98603755235672,0.776848316192627,0.0,0.800000011920929,1.0,0.15423955023288727
48,q5_insulating_frameworks,wide band gap insulating MOFs with low density,LEA iter100,100,147.01116700000227,0.8786234855651855,0.8877611756324768,0.0,0.15009835362434387,6.118722195580517e-10,0.9972824154821434,1.0,0.98603755235672,0.776848316192627,0.0,0.800000011920929,1.0,0.15423955023288727
48,q5_insulating_frameworks,wide band gap insulating MOFs with low density,LEA pool50,50,123.6936659999941,0.878500759601593,0.8877611756324768,0.0,0.15095579624176025,6.113978767707806e-10,0.9976631862845201,1.0,0.98603755235672,0.7762902975082397,0.0,0.800000011920929,1.0,0.1326647698879242
48,q5_insulating_frameworks,wide band gap insulating MOFs with low density,LEA pool200,200,133.10916700000064,0.8785148859024048,0.8877611756324768,0.0,0.15085692703723907,6.114524442324409e-10,0.9971749036170939,1.0,0.98603755235672,0.7763544917106628,0.0,0.800000011920929,1.0,0.17172154784202576
49,q1_co2_adsorption,stable porous MOFs for CO2 adsorption,SemanticOnly,100,0.07083300000942927,0.46286487579345703,0.4651694893836975,0.0,0.06416328996419907,2.2449508918498395e-10,0.9719886587943841,0.44999998807907104,0.9813195466995239,0.5990620851516724,0.0,0.8500000238418579,1.0,0.04128754884004593
49,q1_co2_adsorption,stable porous MOFs for CO2 adsorption,WeightedSum,100,0.13408399999548237,0.47267183661460876,0.4744685888290405,0.0,0.008607196621596813,2.5033813910724234e-10,1.0,0.44999998807907104,1.0,0.6544787883758545,0.0,0.8500000238418579,1.0,0.06010851263999939
49,q1_co2_adsorption,stable porous MOFs for CO2 adsorption,MMR,100,1.806375000001026,0.4653640687465668,0.4744685888290405,0.0,0.12113821506500244,2.290901635060294e-10,0.9856031459014648,0.44999998807907104,0.9524765014648438,0.6311063766479492,0.0,0.8500000238418579,1.0,0.07898028194904327
49,q1_co2_adsorption,stable porous MOFs for CO2 adsorption,RandomRepeated,100,0.06641600000989456,0.4635874330997467,0.4703221917152405,0.0,0.055891770869493484,2.2627151541332324e-10,0.9792327586993167,0.44999998807907104,0.9671697616577148,0.6114254593849182,0.0,0.8500000238418579,1.0,0.040934089571237564
49,q1_co2_adsorption,stable porous MOFs for CO2 adsorption,LEA baseline,100,190.11295799998607,0.4709128737449646,0.4744685888290405,0.0,0.09245438873767853,2.425890877066905e-10,0.9967485669600175,0.44999998807907104,0.9478334188461304,0.6705746650695801,0.0,0.8500000238418579,1.0,0.09486860036849976
49,q1_co2_adsorption,stable porous MOFs for CO2 adsorption,LEA no diversity,100,116.71049999999639,0.47267183661460876,0.4744685888290405,0.0,0.008607196621596813,2.5033813910724234e-10,1.0,0.44999998807907104,1.0,0.6544787883758545,0.0,0.8500000238418579,1.0,0.06010851263999939
49,q1_co2_adsorption,stable porous MOFs for CO2 adsorption,LEA no balance,100,87.79691700000569,0.4709128737449646,0.4744685888290405,0.0,0.09245438873767853,2.425890877066905e-10,0.9967485669600175,0.44999998807907104,0.9478334188461304,0.6705746650695801,0.0,0.8500000238418579,1.0,0.09486860036849976
49,q1_co2_adsorption,stable porous MOFs for CO2 adsorption,LEA no self-cleaning,100,87.52883399999689,0.47020214796066284,0.4744685888290405,0.0,0.08499418944120407,2.4188379077472177e-10,0.9946340059630808,0.44999998807907104,0.9666562080383301,0.6557973623275757,0.0,0.8500000238418579,1.0,0.07244529575109482
49,q1_co2_adsorption,stable porous MOFs for CO2 adsorption,LEA pop20,100,58.15254099999834,0.4718318581581116,0.4744685888290405,0.0,0.07231130450963974,2.4619675742520997e-10,0.9974330195607463,0.44999998807907104,0.9708409309387207,0.6644303798675537,0.0,0.8500000238418579,1.0,0.08053810894489288
49,q1_co2_adsorption,stable porous MOFs for CO2 adsorption,LEA pop50,100,140.6075839999943,0.47100383043289185,0.4744685888290405,0.0,0.07865432649850845,2.4409013699155935e-10,0.996036872336609,0.44999998807907104,0.9709603190422058,0.6588466763496399,0.0,0.8500000238418579,1.0,0.07563462853431702
49,q1_co2_adsorption,stable porous MOFs for CO2 adsorption,LEA pop100,100,279.822208000013,0.4716164469718933,0.4744685888290405,0.0,0.07186460494995117,2.456475023393523e-10,0.9962396100097416,0.44999998807907104,0.9708409309387207,0.6629945039749146,0.0,0.8500000238418579,1.0,0.0791831761598587
49,q1_co2_adsorption,stable porous MOFs for CO2 adsorption,LEA iter20,100,27.821041999999352,0.4704135060310364,0.4744685888290405,0.0,0.09573881328105927,2.4132046361202697e-10,0.9949598849599977,0.44999998807907104,0.9479528665542603,0.6671816110610962,0.0,0.8500000238418579,1.0,0.09184330701828003
49,q1_co2_adsorption,stable porous MOFs for CO2 adsorption,LEA iter40,100,55.68454100000508,0.4716164469718933,0.4744685888290405,0.0,0.07186460494995117,2.4564747458377667e-10,0.9965688392863907,0.44999998807907104,0.9708409309387207,0.6629945039749146,0.0,0.8500000238418579,1.0,0.0791831761598587
49,q1_co2_adsorption,stable porous MOFs for CO2 adsorption,LEA iter100,100,139.9353750000074,0.470314085483551,0.4744685888290405,0.0,0.09841032326221466,2.4106697193992943e-10,0.9953726281860281,0.44999998807907104,0.9479527473449707,0.6665189266204834,0.0,0.8500000238418579,1.0,0.09152255207300186
49,q1_co2_adsorption,stable porous MOFs for CO2 adsorption,LEA pool50,50,112.64275000000623,0.4709128737449646,0.4744685888290405,0.0,0.09245438873767853,2.4258911546226614e-10,0.9965146177334567,0.44999998807907104,0.9478333592414856,0.6705746054649353,0.0,0.8500000238418579,1.0,0.08001138269901276
49,q1_co2_adsorption,stable porous MOFs for CO2 adsorption,LEA pool200,200,123.88808400000073,0.4718593955039978,0.4744685888290405,0.0,0.07218120247125626,2.462669512759419e-10,0.9965045131456749,0.44999998807907104,0.9708409309387207,0.6646139025688171,0.0,0.8500000238418579,1.0,0.11356933414936066
49,q2_photocatalysis,semiconducting MOFs for photocatalysis with suitable band gap,SemanticOnly,100,0.07866600000738799,0.8529559373855591,0.8539198040962219,0.0,0.01959465816617012,5.892198950974148e-10,0.9869173962128599,1.0,1.0,0.6931999325752258,0.0,0.8500000238418579,1.0,0.011293628253042698
49,q2_photocatalysis,semiconducting MOFs for photocatalysis with suitable band gap,WeightedSum,100,0.3090409999941812,0.8607824444770813,0.8617095351219177,0.0,0.021135833114385605,6.784744432941636e-10,1.0,1.0,0.9983774423599243,0.7995497584342957,0.0,0.8500000238418579,1.0,0.10227654874324799
49,q2_photocatalysis,semiconducting MOFs for photocatalysis with suitable band gap,MMR,100,1.868250000001126,0.8575154542922974,0.8617095351219177,0.0,0.08145545423030853,6.437623767396872e-10,0.995048713820267,1.0,0.9983774423599243,0.758712112903595,0.0,0.8500000238418579,1.0,0.07632017135620117
49,q2_photocatalysis,semiconducting MOFs for photocatalysis with suitable band gap,RandomRepeated,100,0.06700000000137152,0.8549952507019043,0.8603817224502563,0.0,0.077650286257267,6.169852961868116e-10,0.9899133948716025,1.0,0.9983774423599243,0.7272095680236816,0.0,0.8500000238418579,1.0,0.0505397692322731
49,q2_photocatalysis,semiconducting MOFs for photocatalysis with suitable band gap,LEA baseline,100,141.7432089999977,0.8607824444770813,0.8617095351219177,0.0,0.021135833114385605,6.784744432941636e-10,0.9999472812073708,1.0,0.9983774423599243,0.7995497584342957,0.0,0.8500000238418579,1.0,0.10227654874324799
49,q2_photocatalysis,semiconducting MOFs for photocatalysis with suitable band gap,LEA no diversity,100,129.09320800000046,0.8607824444770813,0.8617095351219177,0.0,0.021135833114385605,6.784744432941636e-10,1.0,1.0,0.9983774423599243,0.7995497584342957,0.0,0.8500000238418579,1.0,0.10227654874324799
49,q2_photocatalysis,semiconducting MOFs for photocatalysis with suitable band gap,LEA no balance,100,86.51662499998736,0.8607824444770813,0.8617095351219177,0.0,0.021135833114385605,6.784744432941636e-10,0.9999472812073708,1.0,0.9983774423599243,0.7995497584342957,0.0,0.8500000238418579,1.0,0.10227654874324799
49,q2_photocatalysis,semiconducting MOFs for photocatalysis with suitable band gap,LEA no self-cleaning,100,86.0799999999955,0.8607824444770813,0.8617095351219177,0.0,0.021135833114385605,6.784744432941636e-10,0.9999472812073708,1.0,0.9983774423599243,0.7995497584342957,0.0,0.8500000238418579,1.0,0.10227654874324799
49,q2_photocatalysis,semiconducting MOFs for photocatalysis with suitable band gap,LEA pop20,100,57.738374999999564,0.8607824444770813,0.8617095351219177,0.0,0.021135833114385605,6.784744432941636e-10,0.9999472812073708,1.0,0.9983774423599243,0.7995497584342957,0.0,0.8500000238418579,1.0,0.10227654874324799
49,q2_photocatalysis,semiconducting MOFs for photocatalysis with suitable band gap,LEA pop50,100,143.6733330000095,0.8607824444770813,0.8617095351219177,0.0,0.021135833114385605,6.784744432941636e-10,0.9999472812073708,1.0,0.9983774423599243,0.7995497584342957,0.0,0.8500000238418579,1.0,0.10227654874324799
49,q2_photocatalysis,semiconducting MOFs for photocatalysis with suitable band gap,LEA pop100,100,284.61095900000544,0.8607824444770813,0.8617095351219177,0.0,0.021135833114385605,6.784744432941636e-10,0.9999472812073708,1.0,0.9983774423599243,0.7995497584342957,0.0,0.8500000238418579,1.0,0.10227654874324799
49,q2_photocatalysis,semiconducting MOFs for photocatalysis with suitable band gap,LEA iter20,100,27.854416999986142,0.8607824444770813,0.8617095351219177,0.0,0.021135833114385605,6.784744432941636e-10,0.9999472812073708,1.0,0.9983774423599243,0.7995497584342957,0.0,0.8500000238418579,1.0,0.10227654874324799
49,q2_photocatalysis,semiconducting MOFs for photocatalysis with suitable band gap,LEA iter40,100,56.90220799999679,0.8607824444770813,0.8617095351219177,0.0,0.021135833114385605,6.784744432941636e-10,0.9999472812073708,1.0,0.9983774423599243,0.7995497584342957,0.0,0.8500000238418579,1.0,0.10227654874324799
49,q2_photocatalysis,semiconducting MOFs for photocatalysis with suitable band gap,LEA iter100,100,144.9056670000033,0.8607824444770813,0.8617095351219177,0.0,0.021135833114385605,6.784744432941636e-10,0.9999472812073708,1.0,0.9983774423599243,0.7995497584342957,0.0,0.8500000238418579,1.0,0.10227654874324799
49,q2_photocatalysis,semiconducting MOFs for photocatalysis with suitable band gap,LEA pool50,50,173.02008299999727,0.8607824444770813,0.8617095351219177,0.0,0.021135833114385605,6.784744432941636e-10,0.9999472812073708,1.0,0.9983774423599243,0.7995497584342957,0.0,0.8500000238418579,1.0,0.07698410749435425
49,q2_photocatalysis,semiconducting MOFs for photocatalysis with suitable band gap,LEA pool200,200,133.86612499999728,0.8607824444770813,0.8617095351219177,0.0,0.021135833114385605,6.784744432941636e-10,0.9999472812073708,1.0,0.9983774423599243,0.7995497584342957,0.0,0.8500000238418579,1.0,0.12866318225860596
49,q3_lightweight_storage,lightweight low density MOFs for gas storage,SemanticOnly,100,0.1399169999984906,0.6645897626876831,0.6676316261291504,0.0,0.013059747405350208,8.110560706798018e-19,0.9813410317954927,1.0,0.0,0.9541835784912109,0.0,0.8500000238418579,1.0,0.0489165298640728
49,q3_lightweight_storage,lightweight low density MOFs for gas storage,WeightedSum,100,0.22100000001046283,0.6728970408439636,0.673728346824646,0.0,0.0023870705626904964,8.296381661529227e-19,1.0,1.0,0.0,0.9760449528694153,0.0,0.8500000238418579,1.0,0.056563057005405426
49,q3_lightweight_storage,lightweight low density MOFs for gas storage,MMR,100,1.8433340000001408,0.6694502234458923,0.673728346824646,0.0,0.5381185412406921,2.3731433484996955e-10,0.9938916097863566,1.0,0.33260947465896606,0.9232099652290344,0.0,0.8500000238418579,1.0,0.35109132528305054
49,q3_lightweight_storage,lightweight low density MOFs for gas storage,RandomRepeated,100,0.14795900000308393,0.6623569130897522,0.6700463891029358,0.0,0.4096822142601013,1.3739778759180865e-10,0.9804795247011965,1.0,0.1971288025379181,0.922369658946991,0.0,0.8500000238418579,1.0,0.22830800712108612
49,q3_lightweight_storage,lightweight low density MOFs for gas storage,LEA baseline,100,138.41154200000005,0.6640210151672363,0.673728346824646,0.0,0.4119029641151428,5.498934085856888e-10,0.9834597878360015,1.0,0.7929555177688599,0.8483507037162781,0.0,0.8500000238418579,1.0,0.7743499875068665
49,q3_lightweight_storage,lightweight low density MOFs for gas storage,LEA no diversity,100,124.57883300000105,0.6728970408439636,0.673728346824646,0.0,0.0023870705626904964,8.296381661529227e-19,1.0,1.0,0.0,0.9760449528694153,0.0,0.8500000238418579,1.0,0.056563057005405426
49,q3_lightweight_storage,lightweight low density MOFs for gas storage,LEA no balance,100,85.32629200000486,0.6640210151672363,0.673728346824646,0.0,0.4119029641151428,5.498934085856888e-10,0.9834597878360015,1.0,0.7929555177688599,0.8483507037162781,0.0,0.8500000238418579,1.0,0.7743499875068665
49,q3_lightweight_storage,lightweight low density MOFs for gas storage,LEA no self-cleaning,100,84.09808300000066,0.6647397875785828,0.673728346824646,0.0,0.46775761246681213,5.110406542385704e-10,0.9828130151208218,1.0,0.7271876931190491,0.8588957786560059,0.0,0.8500000238418579,1.0,0.7077495455741882
49,q3_lightweight_storage,lightweight low density MOFs for gas storage,LEA pop20,100,56.33491700000093,0.6651631593704224,0.673728346824646,0.0,0.6077812910079956,4.1017167440315916e-10,0.983280778746739,1.0,0.5945781469345093,0.8774586915969849,0.0,0.8500000238418579,1.0,0.5949466228485107
49,q3_lightweight_storage,lightweight low density MOFs for gas storage,LEA pop50,100,141.02462500000001,0.6640210151672363,0.673728346824646,0.0,0.4119029641151428,5.498934085856888e-10,0.9834597878360015,1.0,0.7929555177688599,0.8483507037162781,0.0,0.8500000238418579,1.0,0.7743499875068665
49,q3_lightweight_storage,lightweight low density MOFs for gas storage,LEA pop100,100,284.0711660000039,0.6654239296913147,0.673728346824646,0.0,0.6076065301895142,4.1017167440315916e-10,0.9835987221733886,1.0,0.5945781469345093,0.8781448602676392,0.0,0.8500000238418579,1.0,0.5953379273414612
49,q3_lightweight_storage,lightweight low density MOFs for gas storage,LEA iter20,100,27.961415999996575,0.6640210151672363,0.673728346824646,0.0,0.4119029641151428,5.498934085856888e-10,0.9834597878360015,1.0,0.7929555177688599,0.8483507037162781,0.0,0.8500000238418579,1.0,0.7743499875068665
49,q3_lightweight_storage,lightweight low density MOFs for gas storage,LEA iter40,100,56.50658400000452,0.6640210151672363,0.673728346824646,0.0,0.4119029641151428,5.498934085856888e-10,0.9834597878360015,1.0,0.7929555177688599,0.8483507037162781,0.0,0.8500000238418579,1.0,0.7743499875068665
49,q3_lightweight_storage,lightweight low density MOFs for gas storage,LEA iter100,100,143.87070799999435,0.6640210151672363,0.673728346824646,0.0,0.4119029641151428,5.498934085856888e-10,0.9834597878360015,1.0,0.7929555177688599,0.8483507037162781,0.0,0.8500000238418579,1.0,0.7743499875068665
49,q3_lightweight_storage,lightweight low density MOFs for gas storage,LEA pool50,50,138.27608300000804,0.6671416163444519,0.673728346824646,0.0,0.6072007417678833,2.7711957728548953e-10,0.9886227845225521,1.0,0.3955061733722687,0.9088586568832397,0.0,0.8500000238418579,1.0,0.4091983437538147
49,q3_lightweight_storage,lightweight low density MOFs for gas storage,LEA pool200,200,138.23687500000403,0.6616867780685425,0.673728346824646,0.0,0.6150790452957153,4.116633145478943e-10,0.9800133643189597,1.0,0.5955061912536621,0.8681880831718445,0.0,0.8500000238418579,1.0,0.5971466302871704
49,q4_balanced_discovery,balanced stable MOF candidates for general materials discovery,SemanticOnly,100,0.15229199999566845,0.5711639523506165,0.5735496282577515,0.0,0.019355762749910355,1.473303562482542e-10,0.951039514791627,0.25,1.0,0.6933193206787109,0.0,0.8500000238418579,1.0,0.011424487456679344
49,q4_balanced_discovery,balanced stable MOF candidates for general materials discovery,WeightedSum,100,0.2193750000003547,0.593343198299408,0.5966005325317383,0.0,0.0201918575912714,1.711664976422611e-10,1.0,0.25,0.9929555654525757,0.8112602233886719,0.0,0.8500000238418579,1.0,0.11132273823022842
49,q4_balanced_discovery,balanced stable MOF candidates for general materials discovery,MMR,100,2.377500000008581,0.5807684063911438,0.5966005325317383,0.0,0.11153697967529297,1.586404341225034e-10,0.9768420541694209,0.25,0.9732605814933777,0.7680809497833252,0.0,0.8500000238418579,1.0,0.0951789915561676
49,q4_balanced_discovery,balanced stable MOF candidates for general materials discovery,RandomRepeated,100,0.06695899999442645,0.5765210390090942,0.590786874294281,0.0,0.0478004589676857,1.5302221989532683e-10,0.9620903375139207,0.25,1.0,0.7201045751571655,0.0,0.8500000238418579,1.0,0.02799435332417488
49,q4_balanced_discovery,balanced stable MOF candidates for general materials discovery,LEA baseline,100,127.02612500000043,0.593343198299408,0.5966005325317383,0.0,0.0201918575912714,1.711664976422611e-10,1.0,0.25,0.9929555654525757,0.8112602233886719,0.0,0.8500000238418579,1.0,0.11132273823022842
49,q4_balanced_discovery,balanced stable MOF candidates for general materials discovery,LEA no diversity,100,115.05245800000807,0.593343198299408,0.5966005325317383,0.0,0.0201918575912714,1.711664976422611e-10,1.0,0.25,0.9929555654525757,0.8112602233886719,0.0,0.8500000238418579,1.0,0.11132273823022842
49,q4_balanced_discovery,balanced stable MOF candidates for general materials discovery,LEA no balance,100,91.43562500000257,0.593343198299408,0.5966005325317383,0.0,0.0201918575912714,1.711664976422611e-10,1.0,0.25,0.9929555654525757,0.8112602233886719,0.0,0.8500000238418579,1.0,0.11132273823022842
49,q4_balanced_discovery,balanced stable MOF candidates for general materials discovery,LEA no self-cleaning,100,84.6775409999907,0.593343198299408,0.5966005325317383,0.0,0.0201918575912714,1.711664976422611e-10,1.0,0.25,0.9929555654525757,0.8112602233886719,0.0,0.8500000238418579,1.0,0.11132273823022842
49,q4_balanced_discovery,balanced stable MOF candidates for general materials discovery,LEA pop20,100,56.249667000003,0.593343198299408,0.5966005325317383,0.0,0.0201918575912714,1.711664976422611e-10,1.0,0.25,0.9929555654525757,0.8112602233886719,0.0,0.8500000238418579,1.0,0.11132273823022842
49,q4_balanced_discovery,balanced stable MOF candidates for general materials discovery,LEA pop50,100,140.16408400000557,0.593343198299408,0.5966005325317383,0.0,0.0201918575912714,1.711664976422611e-10,1.0,0.25,0.9929555654525757,0.8112602233886719,0.0,0.8500000238418579,1.0,0.11132273823022842
49,q4_balanced_discovery,balanced stable MOF candidates for general materials discovery,LEA pop100,100,284.75762499999746,0.593343198299408,0.5966005325317383,0.0,0.0201918575912714,1.711664976422611e-10,1.0,0.25,0.9929555654525757,0.8112602233886719,0.0,0.8500000238418579,1.0,0.11132273823022842
49,q4_balanced_discovery,balanced stable MOF candidates for general materials discovery,LEA iter20,100,29.221415999998612,0.593343198299408,0.5966005325317383,0.0,0.0201918575912714,1.711664976422611e-10,1.0,0.25,0.9929555654525757,0.8112602233886719,0.0,0.8500000238418579,1.0,0.11132273823022842
49,q4_balanced_discovery,balanced stable MOF candidates for general materials discovery,LEA iter40,100,58.28574999999603,0.593343198299408,0.5966005325317383,0.0,0.0201918575912714,1.711664976422611e-10,1.0,0.25,0.9929555654525757,0.8112602233886719,0.0,0.8500000238418579,1.0,0.11132273823022842
49,q4_balanced_discovery,balanced stable MOF candidates for general materials discovery,LEA iter100,100,147.09437499999467,0.593343198299408,0.5966005325317383,0.0,0.0201918575912714,1.711664976422611e-10,1.0,0.25,0.9929555654525757,0.8112602233886719,0.0,0.8500000238418579,1.0,0.11132273823022842
49,q4_balanced_discovery,balanced stable MOF candidates for general materials discovery,LEA pool50,50,111.3144579999954,0.5932893753051758,0.5966005325317383,0.0,0.020691359415650368,1.711092934009173e-10,0.9999276054001515,0.25,0.9929555654525757,0.8109909892082214,0.0,0.8500000238418579,1.0,0.08877544105052948
49,q4_balanced_discovery,balanced stable MOF candidates for general materials discovery,LEA pool200,200,110.25966700000822,0.593343198299408,0.5966005325317383,0.0,0.0201918575912714,1.711664976422611e-10,1.0,0.25,0.9929555654525757,0.8112602233886719,0.0,0.8500000238418579,1.0,0.13768017292022705
49,q5_insulating_frameworks,wide band gap insulating MOFs with low density,SemanticOnly,100,0.1253750000103082,0.8573349118232727,0.8610939979553223,0.0,0.048921216279268265,5.57218271524107e-10,0.9597180415941692,1.0,0.9836118817329407,0.6668614745140076,0.0,0.8500000238418579,1.0,0.050742458552122116
49,q5_insulating_frameworks,wide band gap insulating MOFs with low density,WeightedSum,100,0.22649999999657666,0.8807624578475952,0.8877611756324768,0.0,0.03194258362054825,6.288553011657427e-10,1.0,1.0,1.0,0.7398297190666199,0.0,0.8500000238418579,1.0,0.09199531376361847
49,q5_insulating_frameworks,wide band gap insulating MOFs with low density,MMR,100,3.8641659999996136,0.8693097829818726,0.8877611756324768,0.0,0.20032556354999542,5.758870602612376e-10,0.9853961701983046,1.0,0.98603755235672,0.7345129251480103,0.0,0.800000011920929,1.0,0.13801920413970947
49,q5_insulating_frameworks,wide band gap insulating MOFs with low density,RandomRepeated,100,0.12558400000273195,0.8583889007568359,0.8705626130104065,0.0,0.059455908834934235,5.546154646651758e-10,0.9669937376791893,1.0,0.9894148111343384,0.6597827672958374,0.0,0.8500000238418579,1.0,0.05318915843963623
49,q5_insulating_frameworks,wide band gap insulating MOFs with low density,LEA baseline,100,119.46795800000132,0.8786234855651855,0.8877611756324768,0.0,0.15009835362434387,6.118722195580517e-10,0.9972824154821434,1.0,0.98603755235672,0.776848316192627,0.0,0.800000011920929,1.0,0.15423955023288727
49,q5_insulating_frameworks,wide band gap insulating MOFs with low density,LEA no diversity,100,127.8432080000016,0.8807624578475952,0.8877611756324768,0.0,0.03194258362054825,6.288553011657427e-10,1.0,1.0,1.0,0.7398297190666199,0.0,0.8500000238418579,1.0,0.09199531376361847
49,q5_insulating_frameworks,wide band gap insulating MOFs with low density,LEA no balance,100,85.26691699999844,0.8786234855651855,0.8877611756324768,0.0,0.15009835362434387,6.118722195580517e-10,0.9972824154821434,1.0,0.98603755235672,0.776848316192627,0.0,0.800000011920929,1.0,0.15423955023288727
49,q5_insulating_frameworks,wide band gap insulating MOFs with low density,LEA no self-cleaning,100,84.61241600001301,0.8785148859024048,0.8877611756324768,0.0,0.15085692703723907,6.114524442324409e-10,0.9975389787416287,1.0,0.98603755235672,0.7763544917106628,0.0,0.800000011920929,1.0,0.1538069248199463
49,q5_insulating_frameworks,wide band gap insulating MOFs with low density,LEA pop20,100,57.10625000000391,0.8777793645858765,0.8877611756324768,0.0,0.1560724377632141,6.086106063563079e-10,0.9967395923338325,1.0,0.98603755235672,0.7730112075805664,0.0,0.800000011920929,1.0,0.15100714564323425
49,q5_insulating_frameworks,wide band gap insulating MOFs with low density,LEA pop50,100,143.85012500000016,0.8786234855651855,0.8877611756324768,0.0,0.15009835362434387,6.118722195580517e-10,0.9972824154821434,1.0,0.98603755235672,0.776848316192627,0.0,0.800000011920929,1.0,0.15423955023288727
49,q5_insulating_frameworks,wide band gap insulating MOFs with low density,LEA pop100,100,295.84379199999944,0.8785148859024048,0.8877611756324768,0.0,0.15085692703723907,6.114524442324409e-10,0.9975389787416287,1.0,0.98603755235672,0.7763544917106628,0.0,0.800000011920929,1.0,0.1538069248199463
49,q5_insulating_frameworks,wide band gap insulating MOFs with low density,LEA iter20,100,28.753792000003386,0.8786234855651855,0.8877611756324768,0.0,0.15009835362434387,6.118722195580517e-10,0.9972824154821434,1.0,0.98603755235672,0.776848316192627,0.0,0.800000011920929,1.0,0.15423955023288727
49,q5_insulating_frameworks,wide band gap insulating MOFs with low density,LEA iter40,100,57.679625000005785,0.8786234855651855,0.8877611756324768,0.0,0.15009835362434387,6.118722195580517e-10,0.9972824154821434,1.0,0.98603755235672,0.776848316192627,0.0,0.800000011920929,1.0,0.15423955023288727
49,q5_insulating_frameworks,wide band gap insulating MOFs with low density,LEA iter100,100,143.9389590000104,0.8786234855651855,0.8877611756324768,0.0,0.15009835362434387,6.118722195580517e-10,0.9972824154821434,1.0,0.98603755235672,0.776848316192627,0.0,0.800000011920929,1.0,0.15423955023288727
49,q5_insulating_frameworks,wide band gap insulating MOFs with low density,LEA pool50,50,106.50591700000689,0.8786234855651855,0.8877611756324768,0.0,0.15009835362434387,6.118722195580517e-10,0.9972824154821434,1.0,0.98603755235672,0.776848316192627,0.0,0.800000011920929,1.0,0.1331031620502472
49,q5_insulating_frameworks,wide band gap insulating MOFs with low density,LEA pool200,200,118.4576250000049,0.8786234855651855,0.8877611756324768,0.0,0.15009835362434387,6.118722195580517e-10,0.9972824154821434,1.0,0.98603755235672,0.776848316192627,0.0,0.800000011920929,1.0,0.1721588671207428
50,q1_co2_adsorption,stable porous MOFs for CO2 adsorption,SemanticOnly,100,0.15500000000656655,0.46286487579345703,0.4651694893836975,0.0,0.06416328996419907,2.2449508918498395e-10,0.9719886587943841,0.44999998807907104,0.9813195466995239,0.5990620851516724,0.0,0.8500000238418579,1.0,0.04128754884004593
50,q1_co2_adsorption,stable porous MOFs for CO2 adsorption,WeightedSum,100,0.20524999999338434,0.47267183661460876,0.4744685888290405,0.0,0.008607196621596813,2.5033813910724234e-10,1.0,0.44999998807907104,1.0,0.6544787883758545,0.0,0.8500000238418579,1.0,0.06010851263999939
50,q1_co2_adsorption,stable porous MOFs for CO2 adsorption,MMR,100,3.875250000007213,0.4653640687465668,0.4744685888290405,0.0,0.12113821506500244,2.290901635060294e-10,0.9856031459014648,0.44999998807907104,0.9524765014648438,0.6311063766479492,0.0,0.8500000238418579,1.0,0.07898028194904327
50,q1_co2_adsorption,stable porous MOFs for CO2 adsorption,RandomRepeated,100,0.06687500000168711,0.46528106927871704,0.47191286087036133,0.0,0.04938226938247681,2.3149168693059607e-10,0.9790537383533148,0.44999998807907104,1.0,0.605207085609436,0.0,0.8500000238418579,1.0,0.040414128452539444
50,q1_co2_adsorption,stable porous MOFs for CO2 adsorption,LEA baseline,100,113.3847500000087,0.4712962210178375,0.4744685888290405,0.0,0.07573788613080978,2.448356239970195e-10,0.9958726166904804,0.44999998807907104,0.9709603190422058,0.6607955694198608,0.0,0.8500000238418579,1.0,0.0773085430264473
50,q1_co2_adsorption,stable porous MOFs for CO2 adsorption,LEA no diversity,100,123.63804099999243,0.47267183661460876,0.4744685888290405,0.0,0.008607196621596813,2.5033813910724234e-10,1.0,0.44999998807907104,1.0,0.6544787883758545,0.0,0.8500000238418579,1.0,0.06010851263999939
50,q1_co2_adsorption,stable porous MOFs for CO2 adsorption,LEA no balance,100,89.58112500000937,0.4712962210178375,0.4744685888290405,0.0,0.07573788613080978,2.448356239970195e-10,0.9958726166904804,0.44999998807907104,0.9709603190422058,0.6607955694198608,0.0,0.8500000238418579,1.0,0.0773085430264473
50,q1_co2_adsorption,stable porous MOFs for CO2 adsorption,LEA no self-cleaning,100,83.74120799999218,0.47155672311782837,0.4744685888290405,0.0,0.07648517936468124,2.4549987043265276e-10,0.9971507634309541,0.44999998807907104,0.9709603190422058,0.6625322699546814,0.0,0.8500000238418579,1.0,0.07899345457553864
50,q1_co2_adsorption,stable porous MOFs for CO2 adsorption,LEA pop20,100,56.506292000008784,0.4712149202823639,0.4744685888290405,0.0,0.07801318168640137,2.4462346037701366e-10,0.9961900520728828,0.44999998807907104,0.9708409309387207,0.6603173017501831,0.0,0.8500000238418579,1.0,0.07690143585205078
50,q1_co2_adsorption,stable porous MOFs for CO2 adsorption,LEA pop50,100,140.5516250000005,0.4708366394042969,0.47310811281204224,0.0,0.07386983186006546,2.4365892636879494e-10,0.9958269313671458,0.44999998807907104,0.9708409309387207,0.6577956080436707,0.0,0.8500000238418579,1.0,0.07442007958889008
50,q1_co2_adsorption,stable porous MOFs for CO2 adsorption,LEA pop100,100,292.288874999997,0.471557080745697,0.47310811281204224,0.0,0.06683314591646194,2.4550089738895053e-10,0.9967813572923803,0.44999998807907104,0.9709603190422058,0.6625349521636963,0.0,0.8500000238418579,1.0,0.0787375345826149
50,q1_co2_adsorption,stable porous MOFs for CO2 adsorption,LEA iter20,100,28.87591699999348,0.4712962210178375,0.4744685888290405,0.0,0.07573789358139038,2.4483565175259514e-10,0.9973172474951292,0.44999998807907104,0.9709603190422058,0.6607955694198608,0.0,0.8500000238418579,1.0,0.0773085430264473
50,q1_co2_adsorption,stable porous MOFs for CO2 adsorption,LEA iter40,100,57.180375000001504,0.4712962210178375,0.4744685888290405,0.0,0.07573789358139038,2.4483565175259514e-10,0.9973172474951292,0.44999998807907104,0.9709603190422058,0.6607955694198608,0.0,0.8500000238418579,1.0,0.0773085430264473
50,q1_co2_adsorption,stable porous MOFs for CO2 adsorption,LEA iter100,100,141.3367079999972,0.4712962210178375,0.4744685888290405,0.0,0.07573788613080978,2.448356239970195e-10,0.9958726166904804,0.44999998807907104,0.9709603190422058,0.6607955694198608,0.0,0.8500000238418579,1.0,0.0773085430264473
50,q1_co2_adsorption,stable porous MOFs for CO2 adsorption,LEA pool50,50,115.33441699999969,0.47217363119125366,0.4744685888290405,0.0,0.06935432553291321,2.4707316748084907e-10,0.9971815074603012,0.44999998807907104,0.9709603190422058,0.666645348072052,0.0,0.8500000238418579,1.0,0.06465411931276321
50,q1_co2_adsorption,stable porous MOFs for CO2 adsorption,LEA pool200,200,174.50304199999778,0.4716164469718933,0.4744685888290405,0.0,0.07186460494995117,2.456475023393523e-10,0.9962396100097416,0.44999998807907104,0.9708409309387207,0.6629945039749146,0.0,0.8500000238418579,1.0,0.11243673413991928
50,q2_photocatalysis,semiconducting MOFs for photocatalysis with suitable band gap,SemanticOnly,100,0.05325000000766522,0.8529559373855591,0.8539198040962219,0.0,0.01959465816617012,5.892198950974148e-10,0.9869173962128599,1.0,1.0,0.6931999325752258,0.0,0.8500000238418579,1.0,0.011293628253042698
50,q2_photocatalysis,semiconducting MOFs for photocatalysis with suitable band gap,WeightedSum,100,0.0862499999954025,0.8607824444770813,0.8617095351219177,0.0,0.021135833114385605,6.784744432941636e-10,1.0,1.0,0.9983774423599243,0.7995497584342957,0.0,0.8500000238418579,1.0,0.10227654874324799
50,q2_photocatalysis,semiconducting MOFs for photocatalysis with suitable band gap,MMR,100,1.8068339999928185,0.8575154542922974,0.8617095351219177,0.0,0.08145545423030853,6.437623767396872e-10,0.995048713820267,1.0,0.9983774423599243,0.758712112903595,0.0,0.8500000238418579,1.0,0.07632017135620117
50,q2_photocatalysis,semiconducting MOFs for photocatalysis with suitable band gap,RandomRepeated,100,0.06070800000657073,0.8526277542114258,0.8556484580039978,0.0,0.028075098991394043,5.857329066216721e-10,0.9871589038432065,1.0,1.0,0.68909752368927,0.0,0.8500000238418579,1.0,0.02004149742424488
50,q2_photocatalysis,semiconducting MOFs for photocatalysis with suitable band gap,LEA baseline,100,113.38112499998942,0.8607824444770813,0.8617095351219177,0.0,0.021135833114385605,6.784744432941636e-10,0.9999472812073708,1.0,0.9983774423599243,0.7995497584342957,0.0,0.8500000238418579,1.0,0.10227654874324799
50,q2_photocatalysis,semiconducting MOFs for photocatalysis with suitable band gap,LEA no diversity,100,124.63491599999088,0.8607824444770813,0.8617095351219177,0.0,0.021135833114385605,6.784744432941636e-10,1.0,1.0,0.9983774423599243,0.7995497584342957,0.0,0.8500000238418579,1.0,0.10227654874324799
50,q2_photocatalysis,semiconducting MOFs for photocatalysis with suitable band gap,LEA no balance,100,89.58249999999168,0.8607824444770813,0.8617095351219177,0.0,0.021135833114385605,6.784744432941636e-10,0.9999472812073708,1.0,0.9983774423599243,0.7995497584342957,0.0,0.8500000238418579,1.0,0.10227654874324799
50,q2_photocatalysis,semiconducting MOFs for photocatalysis with suitable band gap,LEA no self-cleaning,100,85.30308299999945,0.8607824444770813,0.8617095351219177,0.0,0.021135833114385605,6.784744432941636e-10,0.9999472812073708,1.0,0.9983774423599243,0.7995497584342957,0.0,0.8500000238418579,1.0,0.10227654874324799
50,q2_photocatalysis,semiconducting MOFs for photocatalysis with suitable band gap,LEA pop20,100,56.665875000007304,0.8607824444770813,0.8617095351219177,0.0,0.021135833114385605,6.784744432941636e-10,0.9999472812073708,1.0,0.9983774423599243,0.7995497584342957,0.0,0.8500000238418579,1.0,0.10227654874324799
50,q2_photocatalysis,semiconducting MOFs for photocatalysis with suitable band gap,LEA pop50,100,141.40687500000126,0.8607824444770813,0.8617095351219177,0.0,0.021135833114385605,6.784744432941636e-10,0.9999472812073708,1.0,0.9983774423599243,0.7995497584342957,0.0,0.8500000238418579,1.0,0.10227654874324799
50,q2_photocatalysis,semiconducting MOFs for photocatalysis with suitable band gap,LEA pop100,100,291.71504199999276,0.8607824444770813,0.8617095351219177,0.0,0.021135833114385605,6.784744432941636e-10,0.9999472812073708,1.0,0.9983774423599243,0.7995497584342957,0.0,0.8500000238418579,1.0,0.10227654874324799
50,q2_photocatalysis,semiconducting MOFs for photocatalysis with suitable band gap,LEA iter20,100,28.05595799999594,0.8607824444770813,0.8617095351219177,0.0,0.021135833114385605,6.784744432941636e-10,0.9999472812073708,1.0,0.9983774423599243,0.7995497584342957,0.0,0.8500000238418579,1.0,0.10227654874324799
50,q2_photocatalysis,semiconducting MOFs for photocatalysis with suitable band gap,LEA iter40,100,57.86150000000134,0.8607824444770813,0.8617095351219177,0.0,0.021135833114385605,6.784744432941636e-10,0.9999472812073708,1.0,0.9983774423599243,0.7995497584342957,0.0,0.8500000238418579,1.0,0.10227654874324799
50,q2_photocatalysis,semiconducting MOFs for photocatalysis with suitable band gap,LEA iter100,100,142.13624999999297,0.8607824444770813,0.8617095351219177,0.0,0.021135833114385605,6.784744432941636e-10,0.9999472812073708,1.0,0.9983774423599243,0.7995497584342957,0.0,0.8500000238418579,1.0,0.10227654874324799
50,q2_photocatalysis,semiconducting MOFs for photocatalysis with suitable band gap,LEA pool50,50,121.5716250000014,0.8607824444770813,0.8617095351219177,0.0,0.021135833114385605,6.784744432941636e-10,0.9999472812073708,1.0,0.9983774423599243,0.7995497584342957,0.0,0.8500000238418579,1.0,0.07698410749435425
50,q2_photocatalysis,semiconducting MOFs for photocatalysis with suitable band gap,LEA pool200,200,121.74487499999032,0.8607824444770813,0.8617095351219177,0.0,0.021135833114385605,6.784744432941636e-10,0.9999472812073708,1.0,0.9983774423599243,0.7995497584342957,0.0,0.8500000238418579,1.0,0.12866318225860596
50,q3_lightweight_storage,lightweight low density MOFs for gas storage,SemanticOnly,100,0.14649999999960528,0.6645897626876831,0.6676316261291504,0.0,0.013059747405350208,8.110560706798018e-19,0.9813410317954927,1.0,0.0,0.9541835784912109,0.0,0.8500000238418579,1.0,0.0489165298640728
50,q3_lightweight_storage,lightweight low density MOFs for gas storage,WeightedSum,100,0.20158400000980237,0.6728970408439636,0.673728346824646,0.0,0.0023870705626904964,8.296381661529227e-19,1.0,1.0,0.0,0.9760449528694153,0.0,0.8500000238418579,1.0,0.056563057005405426
50,q3_lightweight_storage,lightweight low density MOFs for gas storage,MMR,100,2.682458999998971,0.6694502234458923,0.673728346824646,0.0,0.5381185412406921,2.3731433484996955e-10,0.9938916097863566,1.0,0.33260947465896606,0.9232099652290344,0.0,0.8500000238418579,1.0,0.35109132528305054
50,q3_lightweight_storage,lightweight low density MOFs for gas storage,RandomRepeated,100,0.05741599998998481,0.6670624017715454,0.6719779372215271,0.0,0.40970954298973083,1.3972176193810526e-10,0.9881721468459992,1.0,0.19837737083435059,0.9345882534980774,0.0,0.8500000238418579,1.0,0.2309449464082718
50,q3_lightweight_storage,lightweight low density MOFs for gas storage,LEA baseline,100,111.88820899999996,0.6647050976753235,0.673728346824646,0.0,0.6067472696304321,3.703664597232148e-10,0.9823164515823419,1.0,0.531681478023529,0.8845289349555969,0.0,0.8500000238418579,1.0,0.5316709280014038
50,q3_lightweight_storage,lightweight low density MOFs for gas storage,LEA no diversity,100,125.27204100000233,0.6728970408439636,0.673728346824646,0.0,0.0023870705626904964,8.296381661529227e-19,1.0,1.0,0.0,0.9760449528694153,0.0,0.8500000238418579,1.0,0.056563057005405426
50,q3_lightweight_storage,lightweight low density MOFs for gas storage,LEA no balance,100,91.3174579999918,0.6647050976753235,0.673728346824646,0.0,0.6067472696304321,3.703664597232148e-10,0.9823164515823419,1.0,0.531681478023529,0.8845289349555969,0.0,0.8500000238418579,1.0,0.5316709280014038
50,q3_lightweight_storage,lightweight low density MOFs for gas storage,LEA no self-cleaning,100,84.80354200000306,0.6635932922363281,0.6686382293701172,0.0,0.6072260141372681,2.727738590557749e-10,0.9819289300380303,1.0,0.3974493741989136,0.8992652893066406,0.0,0.8500000238418579,1.0,0.4125559329986572
50,q3_lightweight_storage,lightweight low density MOFs for gas storage,LEA pop20,100,56.93300000000079,0.6676744222640991,0.6719202995300293,0.0,0.6038640141487122,2.7711957728548953e-10,0.9919987091591034,1.0,0.3955061733722687,0.910260796546936,0.0,0.8500000238418579,1.0,0.41154494881629944
50,q3_lightweight_storage,lightweight low density MOFs for gas storage,LEA pop50,100,141.4757499999979,0.6640210151672363,0.673728346824646,0.0,0.4119029641151428,5.498934085856888e-10,0.9834597878360015,1.0,0.7929555177688599,0.8483507037162781,0.0,0.8500000238418579,1.0,0.7743499875068665
50,q3_lightweight_storage,lightweight low density MOFs for gas storage,LEA pop100,100,292.2020000000032,0.6662696599960327,0.6692564487457275,0.0,0.40468478202819824,1.3972176193810526e-10,0.9884930869282226,1.0,0.19837737083435059,0.9325020909309387,0.0,0.8500000238418579,1.0,0.22963109612464905
50,q3_lightweight_storage,lightweight low density MOFs for gas storage,LEA iter20,100,28.47583300000167,0.6647050976753235,0.673728346824646,0.0,0.6067472696304321,3.703664597232148e-10,0.9823164515823419,1.0,0.531681478023529,0.8845289349555969,0.0,0.8500000238418579,1.0,0.5316709280014038
50,q3_lightweight_storage,lightweight low density MOFs for gas storage,LEA iter40,100,57.0363750000098,0.6672837734222412,0.673728346824646,0.0,0.607177197933197,2.727738590557749e-10,0.9854842315730685,1.0,0.3974493741989136,0.9089771509170532,0.0,0.8500000238418579,1.0,0.4169565737247467
50,q3_lightweight_storage,lightweight low density MOFs for gas storage,LEA iter100,100,148.58308299999123,0.6653239130973816,0.673728346824646,0.0,0.6076731085777283,4.1017167440315916e-10,0.9834767539709933,1.0,0.5945781469345093,0.877881646156311,0.0,0.8500000238418579,1.0,0.5951845049858093
50,q3_lightweight_storage,lightweight low density MOFs for gas storage,LEA pool50,50,139.35633299999495,0.6683030724525452,0.673728346824646,0.0,0.6054152846336365,2.7711957728548953e-10,0.9900773515340172,1.0,0.3955061733722687,0.9119151830673218,0.0,0.8500000238418579,1.0,0.4091266691684723
50,q3_lightweight_storage,lightweight low density MOFs for gas storage,LEA pool200,200,140.74858299998994,0.6655111908912659,0.6721789836883545,0.0,0.5818222165107727,2.5923302393593417e-10,0.9816825195439316,1.0,0.3732605576515198,0.9074951410293579,0.0,0.8500000238418579,1.0,0.3931341767311096
50,q4_balanced_discovery,balanced stable MOF candidates for general materials discovery,SemanticOnly,100,0.06862499999726879,0.5711639523506165,0.5735496282577515,0.0,0.019355762749910355,1.473303562482542e-10,0.951039514791627,0.25,1.0,0.6933193206787109,0.0,0.8500000238418579,1.0,0.011424487456679344
50,q4_balanced_discovery,balanced stable MOF candidates for general materials discovery,WeightedSum,100,0.08433399999319136,0.593343198299408,0.5966005325317383,0.0,0.0201918575912714,1.711664976422611e-10,1.0,0.25,0.9929555654525757,0.8112602233886719,0.0,0.8500000238418579,1.0,0.11132273823022842
50,q4_balanced_discovery,balanced stable MOF candidates for general materials discovery,MMR,100,1.8339589999953887,0.5807684063911438,0.5966005325317383,0.0,0.11153697967529297,1.586404341225034e-10,0.9768420541694209,0.25,0.9732605814933777,0.7680809497833252,0.0,0.8500000238418579,1.0,0.0951789915561676
50,q4_balanced_discovery,balanced stable MOF candidates for general materials discovery,RandomRepeated,100,0.06508299999552491,0.57331782579422,0.5862415432929993,0.0,0.04356992244720459,1.4961884509112622e-10,0.9624891311308894,0.25,1.0,0.7040886878967285,0.0,0.8500000238418579,1.0,0.024583008140325546
50,q4_balanced_discovery,balanced stable MOF candidates for general materials discovery,LEA baseline,100,115.25625000000161,0.5932893753051758,0.5966005325317383,0.0,0.020691359415650368,1.711092934009173e-10,0.9999276054001515,0.25,0.9929555654525757,0.8109909892082214,0.0,0.8500000238418579,1.0,0.11105360835790634
50,q4_balanced_discovery,balanced stable MOF candidates for general materials discovery,LEA no diversity,100,120.32375000001139,0.593343198299408,0.5966005325317383,0.0,0.0201918575912714,1.711664976422611e-10,1.0,0.25,0.9929555654525757,0.8112602233886719,0.0,0.8500000238418579,1.0,0.11132273823022842
50,q4_balanced_discovery,balanced stable MOF candidates for general materials discovery,LEA no balance,100,91.74687499999834,0.5932893753051758,0.5966005325317383,0.0,0.020691359415650368,1.711092934009173e-10,0.9999276054001515,0.25,0.9929555654525757,0.8109909892082214,0.0,0.8500000238418579,1.0,0.11105360835790634
50,q4_balanced_discovery,balanced stable MOF candidates for general materials discovery,LEA no self-cleaning,100,84.45795800000155,0.5932893753051758,0.5966005325317383,0.0,0.020691359415650368,1.711092934009173e-10,0.9999276054001515,0.25,0.9929555654525757,0.8109909892082214,0.0,0.8500000238418579,1.0,0.11105360835790634
50,q4_balanced_discovery,balanced stable MOF candidates for general materials discovery,LEA pop20,100,56.52733299999113,0.593343198299408,0.5966005325317383,0.0,0.0201918575912714,1.711664976422611e-10,0.9999449695650515,0.25,0.9929555654525757,0.8112602233886719,0.0,0.8500000238418579,1.0,0.11132273823022842
50,q4_balanced_discovery,balanced stable MOF candidates for general materials discovery,LEA pop50,100,140.5112079999924,0.593343198299408,0.5966005325317383,0.0,0.0201918575912714,1.711664976422611e-10,1.0,0.25,0.9929555654525757,0.8112602233886719,0.0,0.8500000238418579,1.0,0.11132273823022842
50,q4_balanced_discovery,balanced stable MOF candidates for general materials discovery,LEA pop100,100,284.4137079999882,0.593343198299408,0.5966005325317383,0.0,0.0201918575912714,1.711664976422611e-10,1.0,0.25,0.9929555654525757,0.8112602233886719,0.0,0.8500000238418579,1.0,0.11132273823022842
50,q4_balanced_discovery,balanced stable MOF candidates for general materials discovery,LEA iter20,100,28.082291000004034,0.5932893753051758,0.5966005325317383,0.0,0.020691359415650368,1.711092934009173e-10,0.9999276054001515,0.25,0.9929555654525757,0.8109909892082214,0.0,0.8500000238418579,1.0,0.11105360835790634
50,q4_balanced_discovery,balanced stable MOF candidates for general materials discovery,LEA iter40,100,57.49833299999807,0.593343198299408,0.5966005325317383,0.0,0.0201918575912714,1.711664976422611e-10,1.0,0.25,0.9929555654525757,0.8112602233886719,0.0,0.8500000238418579,1.0,0.11132273823022842
50,q4_balanced_discovery,balanced stable MOF candidates for general materials discovery,LEA iter100,100,144.7666250000026,0.5932893753051758,0.5966005325317383,0.0,0.020691359415650368,1.711092934009173e-10,0.9999276054001515,0.25,0.9929555654525757,0.8109909892082214,0.0,0.8500000238418579,1.0,0.11105360835790634
50,q4_balanced_discovery,balanced stable MOF candidates for general materials discovery,LEA pool50,50,100.32991699999627,0.5932893753051758,0.5966005325317383,0.0,0.020691359415650368,1.711092934009173e-10,0.9999276054001515,0.25,0.9929555654525757,0.8109909892082214,0.0,0.8500000238418579,1.0,0.08877544105052948
50,q4_balanced_discovery,balanced stable MOF candidates for general materials discovery,LEA pool200,200,137.43341599999326,0.5932893753051758,0.5966005325317383,0.0,0.020691359415650368,1.711092934009173e-10,0.9999276054001515,0.25,0.9929555654525757,0.8109909892082214,0.0,0.8500000238418579,1.0,0.137410968542099
50,q5_insulating_frameworks,wide band gap insulating MOFs with low density,SemanticOnly,100,0.15137500000150794,0.8573349118232727,0.8610939979553223,0.0,0.048921216279268265,5.57218271524107e-10,0.9597180415941692,1.0,0.9836118817329407,0.6668614745140076,0.0,0.8500000238418579,1.0,0.050742458552122116
50,q5_insulating_frameworks,wide band gap insulating MOFs with low density,WeightedSum,100,0.20462500000917316,0.8807624578475952,0.8877611756324768,0.0,0.03194258362054825,6.288553011657427e-10,1.0,1.0,1.0,0.7398297190666199,0.0,0.8500000238418579,1.0,0.09199531376361847
50,q5_insulating_frameworks,wide band gap insulating MOFs with low density,MMR,100,2.3042919999909373,0.8693097829818726,0.8877611756324768,0.0,0.20032556354999542,5.758870602612376e-10,0.9853961701983046,1.0,0.98603755235672,0.7345129251480103,0.0,0.800000011920929,1.0,0.13801920413970947
50,q5_insulating_frameworks,wide band gap insulating MOFs with low density,RandomRepeated,100,0.06462499999315696,0.8570924997329712,0.8610939979553223,0.0,0.019241834059357643,5.37402733424841e-10,0.9609780890146784,1.0,1.0,0.6322385668754578,0.0,0.8500000238418579,1.0,0.043866079300642014
50,q5_insulating_frameworks,wide band gap insulating MOFs with low density,LEA baseline,100,121.88104199999827,0.8786234855651855,0.8877611756324768,0.0,0.15009835362434387,6.118722195580517e-10,0.9972824154821434,1.0,0.98603755235672,0.776848316192627,0.0,0.800000011920929,1.0,0.15423955023288727
50,q5_insulating_frameworks,wide band gap insulating MOFs with low density,LEA no diversity,100,120.56054199999267,0.8807624578475952,0.8877611756324768,0.0,0.03194258362054825,6.288553011657427e-10,1.0,1.0,1.0,0.7398297190666199,0.0,0.8500000238418579,1.0,0.09199531376361847
50,q5_insulating_frameworks,wide band gap insulating MOFs with low density,LEA no balance,100,91.68524999999761,0.8786234855651855,0.8877611756324768,0.0,0.15009835362434387,6.118722195580517e-10,0.9972824154821434,1.0,0.98603755235672,0.776848316192627,0.0,0.800000011920929,1.0,0.15423955023288727
50,q5_insulating_frameworks,wide band gap insulating MOFs with low density,LEA no self-cleaning,100,84.37266699999668,0.8786234855651855,0.8877611756324768,0.0,0.15009835362434387,6.118722195580517e-10,0.9972824154821434,1.0,0.98603755235672,0.776848316192627,0.0,0.800000011920929,1.0,0.15423955023288727
50,q5_insulating_frameworks,wide band gap insulating MOFs with low density,LEA pop20,100,56.46212500001013,0.8786234855651855,0.8877611756324768,0.0,0.15009835362434387,6.118722195580517e-10,0.9972824154821434,1.0,0.98603755235672,0.776848316192627,0.0,0.800000011920929,1.0,0.15423955023288727
50,q5_insulating_frameworks,wide band gap insulating MOFs with low density,LEA pop50,100,141.28033400000106,0.878500759601593,0.8877611756324768,0.0,0.15095579624176025,6.113978767707806e-10,0.9975209351697136,1.0,0.98603755235672,0.776290237903595,0.0,0.800000011920929,1.0,0.153750941157341
50,q5_insulating_frameworks,wide band gap insulating MOFs with low density,LEA pop100,100,295.90100000000064,0.8786234855651855,0.8877611756324768,0.0,0.15009835362434387,6.118722195580517e-10,0.997573866770363,1.0,0.98603755235672,0.7768483757972717,0.0,0.800000011920929,1.0,0.15423955023288727
50,q5_insulating_frameworks,wide band gap insulating MOFs with low density,LEA iter20,100,29.85058299999821,0.8786234855651855,0.8877611756324768,0.0,0.15009835362434387,6.118722195580517e-10,0.9972824154821434,1.0,0.98603755235672,0.776848316192627,0.0,0.800000011920929,1.0,0.15423955023288727
50,q5_insulating_frameworks,wide band gap insulating MOFs with low density,LEA iter40,100,60.54337500000884,0.8786234855651855,0.8877611756324768,0.0,0.15009835362434387,6.118722195580517e-10,0.9972824154821434,1.0,0.98603755235672,0.776848316192627,0.0,0.800000011920929,1.0,0.15423955023288727
50,q5_insulating_frameworks,wide band gap insulating MOFs with low density,LEA iter100,100,147.01424999999801,0.8786234855651855,0.8877611756324768,0.0,0.15009835362434387,6.118722195580517e-10,0.9972824154821434,1.0,0.98603755235672,0.776848316192627,0.0,0.800000011920929,1.0,0.15423955023288727
50,q5_insulating_frameworks,wide band gap insulating MOFs with low density,LEA pool50,50,143.14229100000375,0.8786234855651855,0.8877611756324768,0.0,0.15009835362434387,6.118722195580517e-10,0.9972824154821434,1.0,0.98603755235672,0.776848316192627,0.0,0.800000011920929,1.0,0.1331031620502472
50,q5_insulating_frameworks,wide band gap insulating MOFs with low density,LEA pool200,200,146.90833400000258,0.8786234855651855,0.8877611756324768,0.0,0.15009835362434387,6.118722195580517e-10,0.9972824154821434,1.0,0.98603755235672,0.776848316192627,0.0,0.800000011920929,1.0,0.1721588671207428
51,q1_co2_adsorption,stable porous MOFs for CO2 adsorption,SemanticOnly,100,0.15150000000119235,0.46286487579345703,0.4651694893836975,0.0,0.06416328996419907,2.2449508918498395e-10,0.9719886587943841,0.44999998807907104,0.9813195466995239,0.5990620851516724,0.0,0.8500000238418579,1.0,0.04128754884004593
51,q1_co2_adsorption,stable porous MOFs for CO2 adsorption,WeightedSum,100,0.18824999999367265,0.47267183661460876,0.4744685888290405,0.0,0.008607196621596813,2.5033813910724234e-10,1.0,0.44999998807907104,1.0,0.6544787883758545,0.0,0.8500000238418579,1.0,0.06010851263999939
51,q1_co2_adsorption,stable porous MOFs for CO2 adsorption,MMR,100,2.8754579999912266,0.4653640687465668,0.4744685888290405,0.0,0.12113821506500244,2.290901635060294e-10,0.9856031459014648,0.44999998807907104,0.9524765014648438,0.6311063766479492,0.0,0.8500000238418579,1.0,0.07898028194904327
51,q1_co2_adsorption,stable porous MOFs for CO2 adsorption,RandomRepeated,100,0.17262499999048941,0.461927592754364,0.46773040294647217,0.0,0.045960087329149246,2.2265982113633953e-10,0.9726735420607184,0.44999998807907104,0.9906206130981445,0.5878527760505676,0.0,0.8500000238418579,1.0,0.03384048864245415
51,q1_co2_adsorption,stable porous MOFs for CO2 adsorption,LEA baseline,100,122.46537499999022,0.4704500138759613,0.4744685888290405,0.0,0.08161307871341705,2.426778500375093e-10,0.9938665144531414,0.44999998807907104,0.9709603190422058,0.6551543474197388,0.0,0.8500000238418579,1.0,0.0724564641714096
51,q1_co2_adsorption,stable porous MOFs for CO2 adsorption,LEA no diversity,100,117.78512499999749,0.47267183661460876,0.4744685888290405,0.0,0.008607196621596813,2.5033813910724234e-10,1.0,0.44999998807907104,1.0,0.6544787883758545,0.0,0.8500000238418579,1.0,0.06010851263999939
51,q1_co2_adsorption,stable porous MOFs for CO2 adsorption,LEA no balance,100,88.66545799999415,0.4704500138759613,0.4744685888290405,0.0,0.08161307871341705,2.426778500375093e-10,0.9938665144531414,0.44999998807907104,0.9709603190422058,0.6551543474197388,0.0,0.8500000238418579,1.0,0.0724564641714096
51,q1_co2_adsorption,stable porous MOFs for CO2 adsorption,LEA no self-cleaning,100,84.32187500000055,0.47217369079589844,0.4744685888290405,0.0,0.06935432553291321,2.4707316748084907e-10,0.9980405522652019,0.44999998807907104,0.9709603190422058,0.666645348072052,0.0,0.8500000238418579,1.0,0.08263012021780014
51,q1_co2_adsorption,stable porous MOFs for CO2 adsorption,LEA pop20,100,56.84524999999496,0.46880799531936646,0.4744685888290405,0.0,0.10603423416614532,2.372264884531461e-10,0.9924953603973183,0.44999998807907104,0.9479528665542603,0.6564783453941345,0.0,0.8500000238418579,1.0,0.08375883102416992
51,q1_co2_adsorption,stable porous MOFs for CO2 adsorption,LEA pop50,100,140.20183400000974,0.4722294807434082,0.4744685888290405,0.0,0.06856046617031097,2.472156368504841e-10,0.9982392076684508,0.44999998807907104,0.9709603190422058,0.6670178174972534,0.0,0.8500000238418579,1.0,0.08297590911388397
51,q1_co2_adsorption,stable porous MOFs for CO2 adsorption,LEA pop100,100,281.75600000000145,0.47165149450302124,0.47310811281204224,0.0,0.06630539149045944,2.457416770074161e-10,0.9971815267734871,0.44999998807907104,0.9709603190422058,0.6631643772125244,0.0,0.8500000238418579,1.0,0.07932353019714355
51,q1_co2_adsorption,stable porous MOFs for CO2 adsorption,LEA iter20,100,29.040082999998162,0.4704500138759613,0.4744685888290405,0.0,0.08161307871341705,2.426778500375093e-10,0.9938665144531414,0.44999998807907104,0.9709603190422058,0.6551543474197388,0.0,0.8500000238418579,1.0,0.0724564641714096
51,q1_co2_adsorption,stable porous MOFs for CO2 adsorption,LEA iter40,100,59.09829200000161,0.4704500138759613,0.4744685888290405,0.0,0.08161307871341705,2.426778500375093e-10,0.9938665144531414,0.44999998807907104,0.9709603190422058,0.6551543474197388,0.0,0.8500000238418579,1.0,0.0724564641714096
51,q1_co2_adsorption,stable porous MOFs for CO2 adsorption,LEA iter100,100,143.57541599999024,0.4704500138759613,0.4744685888290405,0.0,0.08161307871341705,2.426778500375093e-10,0.9938665144531414,0.44999998807907104,0.9709603190422058,0.6551543474197388,0.0,0.8500000238418579,1.0,0.0724564641714096
51,q1_co2_adsorption,stable porous MOFs for CO2 adsorption,LEA pool50,50,123.08249999999532,0.4721499979496002,0.4744685888290405,0.0,0.06946460157632828,2.4701279910388507e-10,0.9971386978420432,0.44999998807907104,0.9709603190422058,0.6664876341819763,0.0,0.8500000238418579,1.0,0.06450680643320084
51,q1_co2_adsorption,stable porous MOFs for CO2 adsorption,LEA pool200,200,123.12108400000454,0.4721499979496002,0.4744685888290405,0.0,0.06946460157632828,2.4701279910388507e-10,0.9969888261218537,0.44999998807907104,0.9709603190422058,0.6664876341819763,0.0,0.8500000238418579,1.0,0.11488302797079086
51,q2_photocatalysis,semiconducting MOFs for photocatalysis with suitable band gap,SemanticOnly,100,0.07041700000343099,0.8529559373855591,0.8539198040962219,0.0,0.01959465816617012,5.892198950974148e-10,0.9869173962128599,1.0,1.0,0.6931999325752258,0.0,0.8500000238418579,1.0,0.011293628253042698
51,q2_photocatalysis,semiconducting MOFs for photocatalysis with suitable band gap,WeightedSum,100,0.10179200000948185,0.8607824444770813,0.8617095351219177,0.0,0.021135833114385605,6.784744432941636e-10,1.0,1.0,0.9983774423599243,0.7995497584342957,0.0,0.8500000238418579,1.0,0.10227654874324799
51,q2_photocatalysis,semiconducting MOFs for photocatalysis with suitable band gap,MMR,100,1.8107920000005606,0.8575154542922974,0.8617095351219177,0.0,0.08145545423030853,6.437623767396872e-10,0.995048713820267,1.0,0.9983774423599243,0.758712112903595,0.0,0.8500000238418579,1.0,0.07632017135620117
51,q2_photocatalysis,semiconducting MOFs for photocatalysis with suitable band gap,RandomRepeated,100,0.06370799999899646,0.8547833561897278,0.8591894507408142,0.0,0.03967410326004028,6.086351977963034e-10,0.9899240491592093,1.0,1.0,0.7160414457321167,0.0,0.8500000238418579,1.0,0.023734038695693016
51,q2_photocatalysis,semiconducting MOFs for photocatalysis with suitable band gap,LEA baseline,100,126.18308400000444,0.8607824444770813,0.8617095351219177,0.0,0.021135833114385605,6.784744432941636e-10,0.9999472812073708,1.0,0.9983774423599243,0.7995497584342957,0.0,0.8500000238418579,1.0,0.10227654874324799
51,q2_photocatalysis,semiconducting MOFs for photocatalysis with suitable band gap,LEA no diversity,100,123.14474999999447,0.8607824444770813,0.8617095351219177,0.0,0.021135833114385605,6.784744432941636e-10,1.0,1.0,0.9983774423599243,0.7995497584342957,0.0,0.8500000238418579,1.0,0.10227654874324799
51,q2_photocatalysis,semiconducting MOFs for photocatalysis with suitable band gap,LEA no balance,100,85.76016700000366,0.8607824444770813,0.8617095351219177,0.0,0.021135833114385605,6.784744432941636e-10,0.9999472812073708,1.0,0.9983774423599243,0.7995497584342957,0.0,0.8500000238418579,1.0,0.10227654874324799
51,q2_photocatalysis,semiconducting MOFs for photocatalysis with suitable band gap,LEA no self-cleaning,100,85.86574999999641,0.8607824444770813,0.8617095351219177,0.0,0.021135833114385605,6.784744432941636e-10,0.9999472812073708,1.0,0.9983774423599243,0.7995497584342957,0.0,0.8500000238418579,1.0,0.10227654874324799
51,q2_photocatalysis,semiconducting MOFs for photocatalysis with suitable band gap,LEA pop20,100,56.23624999999777,0.8607824444770813,0.8617095351219177,0.0,0.021135833114385605,6.784744432941636e-10,0.9999472812073708,1.0,0.9983774423599243,0.7995497584342957,0.0,0.8500000238418579,1.0,0.10227654874324799
51,q2_photocatalysis,semiconducting MOFs for photocatalysis with suitable band gap,LEA pop50,100,141.6541250000023,0.8607824444770813,0.8617095351219177,0.0,0.021135833114385605,6.784744432941636e-10,0.9999472812073708,1.0,0.9983774423599243,0.7995497584342957,0.0,0.8500000238418579,1.0,0.10227654874324799
51,q2_photocatalysis,semiconducting MOFs for photocatalysis with suitable band gap,LEA pop100,100,295.9065830000043,0.8607824444770813,0.8617095351219177,0.0,0.021135833114385605,6.784744432941636e-10,0.9999472812073708,1.0,0.9983774423599243,0.7995497584342957,0.0,0.8500000238418579,1.0,0.10227654874324799
51,q2_photocatalysis,semiconducting MOFs for photocatalysis with suitable band gap,LEA iter20,100,28.531125000000657,0.8607824444770813,0.8617095351219177,0.0,0.021135833114385605,6.784744432941636e-10,0.9999472812073708,1.0,0.9983774423599243,0.7995497584342957,0.0,0.8500000238418579,1.0,0.10227654874324799
51,q2_photocatalysis,semiconducting MOFs for photocatalysis with suitable band gap,LEA iter40,100,58.84804199999394,0.8607824444770813,0.8617095351219177,0.0,0.021135833114385605,6.784744432941636e-10,0.9999472812073708,1.0,0.9983774423599243,0.7995497584342957,0.0,0.8500000238418579,1.0,0.10227654874324799
51,q2_photocatalysis,semiconducting MOFs for photocatalysis with suitable band gap,LEA iter100,100,147.96800000000587,0.8607824444770813,0.8617095351219177,0.0,0.021135833114385605,6.784744432941636e-10,0.9999472812073708,1.0,0.9983774423599243,0.7995497584342957,0.0,0.8500000238418579,1.0,0.10227654874324799
51,q2_photocatalysis,semiconducting MOFs for photocatalysis with suitable band gap,LEA pool50,50,148.39862499999867,0.8607824444770813,0.8617095351219177,0.0,0.021135833114385605,6.784744432941636e-10,0.9999472812073708,1.0,0.9983774423599243,0.7995497584342957,0.0,0.8500000238418579,1.0,0.07698410749435425
51,q2_photocatalysis,semiconducting MOFs for photocatalysis with suitable band gap,LEA pool200,200,142.00570900000287,0.8607824444770813,0.8617095351219177,0.0,0.021135833114385605,6.784744432941636e-10,0.9999472812073708,1.0,0.9983774423599243,0.7995497584342957,0.0,0.8500000238418579,1.0,0.12866318225860596
51,q3_lightweight_storage,lightweight low density MOFs for gas storage,SemanticOnly,100,0.06387499999505053,0.6645897626876831,0.6676316261291504,0.0,0.013059747405350208,8.110560706798018e-19,0.9813410317954927,1.0,0.0,0.9541835784912109,0.0,0.8500000238418579,1.0,0.0489165298640728
51,q3_lightweight_storage,lightweight low density MOFs for gas storage,WeightedSum,100,0.09408299999336123,0.6728970408439636,0.673728346824646,0.0,0.0023870705626904964,8.296381661529227e-19,1.0,1.0,0.0,0.9760449528694153,0.0,0.8500000238418579,1.0,0.056563057005405426
51,q3_lightweight_storage,lightweight low density MOFs for gas storage,MMR,100,2.8474169999981314,0.6694502234458923,0.673728346824646,0.0,0.5381185412406921,2.3731433484996955e-10,0.9938916097863566,1.0,0.33260947465896606,0.9232099652290344,0.0,0.8500000238418579,1.0,0.35109132528305054
51,q3_lightweight_storage,lightweight low density MOFs for gas storage,RandomRepeated,100,0.13712499999485317,0.6642683744430542,0.6718397736549377,0.0,0.01916649378836155,8.103370439323401e-19,0.9860584283227425,1.0,0.0,0.9533377885818481,0.0,0.8500000238418579,1.0,0.04925023019313812
51,q3_lightweight_storage,lightweight low density MOFs for gas storage,LEA baseline,100,137.36170800000025,0.6659356951713562,0.6718397736549377,0.0,0.6089545488357544,4.1356490454447226e-10,0.9859740192943576,1.0,0.5955061912536621,0.8793695569038391,0.0,0.8500000238418579,1.0,0.5946850180625916
51,q3_lightweight_storage,lightweight low density MOFs for gas storage,LEA no diversity,100,120.40520799999399,0.6728970408439636,0.673728346824646,0.0,0.0023870705626904964,8.296381661529227e-19,1.0,1.0,0.0,0.9760449528694153,0.0,0.8500000238418579,1.0,0.056563057005405426
51,q3_lightweight_storage,lightweight low density MOFs for gas storage,LEA no balance,100,84.14499999999236,0.6659356951713562,0.6718397736549377,0.0,0.6089545488357544,4.1356490454447226e-10,0.9859740192943576,1.0,0.5955061912536621,0.8793695569038391,0.0,0.8500000238418579,1.0,0.5946850180625916
51,q3_lightweight_storage,lightweight low density MOFs for gas storage,LEA no self-cleaning,100,83.80654200000492,0.6675854325294495,0.673728346824646,0.0,0.6042572259902954,2.7711957728548953e-10,0.9918691535530226,1.0,0.3955061733722687,0.9100266695022583,0.0,0.8500000238418579,1.0,0.41144895553588867
51,q3_lightweight_storage,lightweight low density MOFs for gas storage,LEA pop20,100,56.87962499999344,0.6658084988594055,0.673728346824646,0.0,0.6071702241897583,2.7711957728548953e-10,0.989421570243981,1.0,0.3955061733722687,0.905350387096405,0.0,0.8500000238418579,1.0,0.4105270802974701
51,q3_lightweight_storage,lightweight low density MOFs for gas storage,LEA pop50,100,142.09549999999638,0.6701031923294067,0.6729826927185059,0.0,0.4044501781463623,1.3972176193810526e-10,0.9955561399698826,1.0,0.19837737083435059,0.9425902366638184,0.0,0.8500000238418579,1.0,0.23367905616760254
51,q3_lightweight_storage,lightweight low density MOFs for gas storage,LEA pop100,100,285.6779590000116,0.6622298359870911,0.673728346824646,0.0,0.6099855303764343,4.1017167440315916e-10,0.9792779443689339,1.0,0.5945781469345093,0.8697392344474792,0.0,0.8500000238418579,1.0,0.5932623147964478
51,q3_lightweight_storage,lightweight low density MOFs for gas storage,LEA iter20,100,28.99045899999919,0.6648457050323486,0.6686382293701172,0.0,0.608232855796814,2.761671447082392e-10,0.9824233773715562,1.0,0.39837735891342163,0.9024389982223511,0.0,0.8500000238418579,1.0,0.41291946172714233
51,q3_lightweight_storage,lightweight low density MOFs for gas storage,LEA iter40,100,58.63658399999849,0.6699973344802856,0.673728346824646,0.0,0.405884325504303,1.3972176193810526e-10,0.9959037542188098,1.0,0.19837737083435059,0.9423117637634277,0.0,0.8500000238418579,1.0,0.23362870514392853
51,q3_lightweight_storage,lightweight low density MOFs for gas storage,LEA iter100,100,144.34249999999338,0.6707130670547485,0.673728346824646,0.0,0.404036283493042,1.3972176193810526e-10,0.9966181956127621,1.0,0.19837737083435059,0.9441950917243958,0.0,0.8500000238418579,1.0,0.2344905585050583
51,q3_lightweight_storage,lightweight low density MOFs for gas storage,LEA pool50,50,123.45191700001124,0.6697074174880981,0.673728346824646,0.0,0.6022380590438843,2.7711957728548953e-10,0.9917846169693154,1.0,0.3955061733722687,0.9156109094619751,0.0,0.8500000238418579,1.0,0.4097369313240051
51,q3_lightweight_storage,lightweight low density MOFs for gas storage,LEA pool200,200,121.69366700000239,0.6646209955215454,0.6711649894714355,0.0,0.5814523696899414,2.5923302393593417e-10,0.9835018302726325,1.0,0.3732605576515198,0.9051524996757507,0.0,0.8500000238418579,1.0,0.391541451215744
51,q4_balanced_discovery,balanced stable MOF candidates for general materials discovery,SemanticOnly,100,0.04916700000023866,0.5711639523506165,0.5735496282577515,0.0,0.019355762749910355,1.473303562482542e-10,0.951039514791627,0.25,1.0,0.6933193206787109,0.0,0.8500000238418579,1.0,0.011424487456679344
51,q4_balanced_discovery,balanced stable MOF candidates for general materials discovery,WeightedSum,100,0.08479099999192385,0.593343198299408,0.5966005325317383,0.0,0.0201918575912714,1.711664976422611e-10,1.0,0.25,0.9929555654525757,0.8112602233886719,0.0,0.8500000238418579,1.0,0.11132273823022842
51,q4_balanced_discovery,balanced stable MOF candidates for general materials discovery,MMR,100,1.802166999993915,0.5807684063911438,0.5966005325317383,0.0,0.11153697967529297,1.586404341225034e-10,0.9768420541694209,0.25,0.9732605814933777,0.7680809497833252,0.0,0.8500000238418579,1.0,0.0951789915561676
51,q4_balanced_discovery,balanced stable MOF candidates for general materials discovery,RandomRepeated,100,0.07583299999680548,0.5712803602218628,0.5735496282577515,0.0,0.013965952210128307,1.4745411835992428e-10,0.9532398671707208,0.25,1.0,0.6939016580581665,0.0,0.8500000238418579,1.0,0.010221229866147041
51,q4_balanced_discovery,balanced stable MOF candidates for general materials discovery,LEA baseline,100,118.26054200000158,0.593343198299408,0.5966005325317383,0.0,0.0201918575912714,1.711664976422611e-10,1.0,0.25,0.9929555654525757,0.8112602233886719,0.0,0.8500000238418579,1.0,0.11132273823022842
51,q4_balanced_discovery,balanced stable MOF candidates for general materials discovery,LEA no diversity,100,107.82241600000475,0.593343198299408,0.5966005325317383,0.0,0.0201918575912714,1.711664976422611e-10,1.0,0.25,0.9929555654525757,0.8112602233886719,0.0,0.8500000238418579,1.0,0.11132273823022842
51,q4_balanced_discovery,balanced stable MOF candidates for general materials discovery,LEA no balance,100,95.3668749999963,0.593343198299408,0.5966005325317383,0.0,0.0201918575912714,1.711664976422611e-10,1.0,0.25,0.9929555654525757,0.8112602233886719,0.0,0.8500000238418579,1.0,0.11132273823022842
51,q4_balanced_discovery,balanced stable MOF candidates for general materials discovery,LEA no self-cleaning,100,84.733834000005,0.5929239988327026,0.5966005325317383,0.0,0.024152616038918495,1.707210900425693e-10,0.9994367466798887,0.25,0.9929555654525757,0.8091641664505005,0.0,0.8500000238418579,1.0,0.10922753810882568
51,q4_balanced_discovery,balanced stable MOF candidates for general materials discovery,LEA pop20,100,56.76345799999183,0.593343198299408,0.5966005325317383,0.0,0.0201918575912714,1.711664976422611e-10,1.0,0.25,0.9929555654525757,0.8112602233886719,0.0,0.8500000238418579,1.0,0.11132273823022842
51,q4_balanced_discovery,balanced stable MOF candidates for general materials discovery,LEA pop50,100,141.31150000000048,0.593343198299408,0.5966005325317383,0.0,0.0201918575912714,1.711664976422611e-10,1.0,0.25,0.9929555654525757,0.8112602233886719,0.0,0.8500000238418579,1.0,0.11132273823022842
51,q4_balanced_discovery,balanced stable MOF candidates for general materials discovery,LEA pop100,100,294.350209000001,0.593343198299408,0.5966005325317383,0.0,0.0201918575912714,1.711664976422611e-10,1.0,0.25,0.9929555654525757,0.8112602233886719,0.0,0.8500000238418579,1.0,0.11132273823022842
51,q4_balanced_discovery,balanced stable MOF candidates for general materials discovery,LEA iter20,100,29.765249999996968,0.593343198299408,0.5966005325317383,0.0,0.0201918575912714,1.711664976422611e-10,1.0,0.25,0.9929555654525757,0.8112602233886719,0.0,0.8500000238418579,1.0,0.11132273823022842
51,q4_balanced_discovery,balanced stable MOF candidates for general materials discovery,LEA iter40,100,58.817666999999574,0.593343198299408,0.5966005325317383,0.0,0.0201918575912714,1.711664976422611e-10,1.0,0.25,0.9929555654525757,0.8112602233886719,0.0,0.8500000238418579,1.0,0.11132273823022842
51,q4_balanced_discovery,balanced stable MOF candidates for general materials discovery,LEA iter100,100,146.35862499999064,0.593343198299408,0.5966005325317383,0.0,0.0201918575912714,1.711664976422611e-10,1.0,0.25,0.9929555654525757,0.8112602233886719,0.0,0.8500000238418579,1.0,0.11132273823022842
51,q4_balanced_discovery,balanced stable MOF candidates for general materials discovery,LEA pool50,50,122.79304100000843,0.593343198299408,0.5966005325317383,0.0,0.0201918575912714,1.711664976422611e-10,1.0,0.25,0.9929555654525757,0.8112602233886719,0.0,0.8500000238418579,1.0,0.08904466032981873
51,q4_balanced_discovery,balanced stable MOF candidates for general materials discovery,LEA pool200,200,149.213374999988,0.593343198299408,0.5966005325317383,0.0,0.0201918575912714,1.711664976422611e-10,1.0,0.25,0.9929555654525757,0.8112602233886719,0.0,0.8500000238418579,1.0,0.13768017292022705
51,q5_insulating_frameworks,wide band gap insulating MOFs with low density,SemanticOnly,100,0.054792000000247754,0.8573349118232727,0.8610939979553223,0.0,0.048921216279268265,5.57218271524107e-10,0.9597180415941692,1.0,0.9836118817329407,0.6668614745140076,0.0,0.8500000238418579,1.0,0.050742458552122116
51,q5_insulating_frameworks,wide band gap insulating MOFs with low density,WeightedSum,100,0.08687500000803539,0.8807624578475952,0.8877611756324768,0.0,0.03194258362054825,6.288553011657427e-10,1.0,1.0,1.0,0.7398297190666199,0.0,0.8500000238418579,1.0,0.09199531376361847
51,q5_insulating_frameworks,wide band gap insulating MOFs with low density,MMR,100,1.8160830000084616,0.8693097829818726,0.8877611756324768,0.0,0.20032556354999542,5.758870602612376e-10,0.9853961701983046,1.0,0.98603755235672,0.7345129251480103,0.0,0.800000011920929,1.0,0.13801920413970947
51,q5_insulating_frameworks,wide band gap insulating MOFs with low density,RandomRepeated,100,0.07204199999932825,0.8572958111763,0.8648165464401245,0.0,0.031480345875024796,5.419798498884631e-10,0.9616895622915285,1.0,0.9968555569648743,0.6395943760871887,0.0,0.8500000238418579,1.0,0.0439533069729805
51,q5_insulating_frameworks,wide band gap insulating MOFs with low density,LEA baseline,100,118.26737500000206,0.8786234855651855,0.8877611756324768,0.0,0.15009835362434387,6.118722195580517e-10,0.9977984192764706,1.0,0.98603755235672,0.776848316192627,0.0,0.800000011920929,1.0,0.15423956513404846
51,q5_insulating_frameworks,wide band gap insulating MOFs with low density,LEA no diversity,100,107.44262499999024,0.8807624578475952,0.8877611756324768,0.0,0.03194258362054825,6.288553011657427e-10,1.0,1.0,1.0,0.7398297190666199,0.0,0.8500000238418579,1.0,0.09199531376361847
51,q5_insulating_frameworks,wide band gap insulating MOFs with low density,LEA no balance,100,92.24895799999899,0.8786234855651855,0.8877611756324768,0.0,0.15009835362434387,6.118722195580517e-10,0.9977984192764706,1.0,0.98603755235672,0.776848316192627,0.0,0.800000011920929,1.0,0.15423956513404846
51,q5_insulating_frameworks,wide band gap insulating MOFs with low density,LEA no self-cleaning,100,83.94333300000767,0.878500759601593,0.8877611756324768,0.0,0.15095579624176025,6.113978767707806e-10,0.9971609432041981,1.0,0.98603755235672,0.7762902975082397,0.0,0.800000011920929,1.0,0.1537509560585022
51,q5_insulating_frameworks,wide band gap insulating MOFs with low density,LEA pop20,100,55.83537500000091,0.8786234855651855,0.8877611756324768,0.0,0.15009835362434387,6.118722195580517e-10,0.9972824154821434,1.0,0.98603755235672,0.776848316192627,0.0,0.800000011920929,1.0,0.15423955023288727
51,q5_insulating_frameworks,wide band gap insulating MOFs with low density,LEA pop50,100,142.08166699999936,0.8786234855651855,0.8877611756324768,0.0,0.15009835362434387,6.118722195580517e-10,0.9972824154821434,1.0,0.98603755235672,0.776848316192627,0.0,0.800000011920929,1.0,0.15423955023288727
51,q5_insulating_frameworks,wide band gap insulating MOFs with low density,LEA pop100,100,288.95287499999256,0.8786234855651855,0.8877611756324768,0.0,0.15009835362434387,6.118722195580517e-10,0.9972824154821434,1.0,0.98603755235672,0.776848316192627,0.0,0.800000011920929,1.0,0.15423955023288727
51,q5_insulating_frameworks,wide band gap insulating MOFs with low density,LEA iter20,100,29.193375000005517,0.8786234855651855,0.8877611756324768,0.0,0.15009835362434387,6.118722195580517e-10,0.9977984192764706,1.0,0.98603755235672,0.776848316192627,0.0,0.800000011920929,1.0,0.15423956513404846
51,q5_insulating_frameworks,wide band gap insulating MOFs with low density,LEA iter40,100,58.824125000001004,0.8786234855651855,0.8877611756324768,0.0,0.15009835362434387,6.118722195580517e-10,0.9972824154821434,1.0,0.98603755235672,0.776848316192627,0.0,0.800000011920929,1.0,0.15423955023288727
51,q5_insulating_frameworks,wide band gap insulating MOFs with low density,LEA iter100,100,141.87191700000312,0.8805108070373535,0.8877611756324768,0.0,0.07355649769306183,6.420068920931499e-10,0.9996591773119189,1.0,0.98603755235672,0.7672449946403503,0.0,0.8500000238418579,1.0,0.12023778259754181
51,q5_insulating_frameworks,wide band gap insulating MOFs with low density,LEA pool50,50,131.896832999999,0.8786234855651855,0.8877611756324768,0.0,0.15009835362434387,6.118722195580517e-10,0.9977984192764706,1.0,0.98603755235672,0.776848316192627,0.0,0.800000011920929,1.0,0.1331031620502472
51,q5_insulating_frameworks,wide band gap insulating MOFs with low density,LEA pool200,200,132.64837500000226,0.8786234855651855,0.8877611756324768,0.0,0.15009835362434387,6.118722195580517e-10,0.9972824154821434,1.0,0.98603755235672,0.776848316192627,0.0,0.800000011920929,1.0,0.1721588671207428
