seed,query_id,query,method,candidate_pool_size,runtime_ms,rel_at_5,best_relevance,balance,diversity,hypervolume_proxy,ndcg_at_5,mean_semantic_score,mean_band_gap_score,mean_density_score,mean_porosity_score,mean_stability_score,coverage,missing_band_gap_top5
42,q1_co2_adsorption,stable porous MOFs for CO2 adsorption,SemanticOnly,100,0.030874999999985775,0.7228394691530846,0.7598757655234476,0.8876850932836533,0.15,0.04250296078620137,0.9263328711105893,0.716667,0.8,0.7,0.0,0.7,1.0,0
42,q1_co2_adsorption,stable porous MOFs for CO2 adsorption,WeightedSum,100,0.0496670000000865,0.7598757655234476,0.7598757655234476,0.8723204284906387,0.0,0.0,1.0,0.716667,1.0,0.7,0.0,0.7,1.0,0
42,q1_co2_adsorption,stable porous MOFs for CO2 adsorption,TOPSIS,100,1.2213329999999356,0.7598757655234476,0.7598757655234476,0.8723204284906387,0.0,0.0,1.0,0.716667,1.0,0.7,0.0,0.7,1.0,0
42,q1_co2_adsorption,stable porous MOFs for CO2 adsorption,ParetoCrowding,100,185.2711250000001,0.7598757655234476,0.7598757655234476,0.8723204284906387,0.0,0.0,1.0,0.716667,1.0,0.7,0.0,0.7,1.0,0
42,q1_co2_adsorption,stable porous MOFs for CO2 adsorption,Random,100,0.04470799999989339,0.741357617338266,0.7598757655234476,0.880002760887146,0.1,0.03269387092461753,0.9742544433003731,0.716667,0.9,0.7,0.0,0.7,1.0,0
42,q1_co2_adsorption,stable porous MOFs for CO2 adsorption,MMR,100,1660.8182089999998,0.741357617338266,0.7598757655234476,0.880002760887146,0.1,0.03269387092461753,0.967512724511889,0.716667,0.9,0.7,0.0,0.7,1.0,0
42,q1_co2_adsorption,stable porous MOFs for CO2 adsorption,LEA,100,91.98058299999978,0.7598757655234476,0.7598757655234476,0.8723204284906387,0.0,0.0,1.0,0.716667,1.0,0.7,0.0,0.7,1.0,0
42,q1_co2_adsorption,stable porous MOFs for CO2 adsorption,LEA no diversity,100,90.87137500000031,0.7598757655234476,0.7598757655234476,0.8723204284906387,0.0,0.0,1.0,0.716667,1.0,0.7,0.0,0.7,1.0,0
42,q1_co2_adsorption,stable porous MOFs for CO2 adsorption,LEA no self-cleaning,100,90.93720799999971,0.7598757655234476,0.7598757655234476,0.8723204284906387,0.0,0.0,1.0,0.716667,1.0,0.7,0.0,0.7,1.0,0
42,q1_co2_adsorption,stable porous MOFs for CO2 adsorption,GraphSAGE only,100,0.038875000000437865,0.7598757655234476,0.7598757655234476,0.8723204284906387,0.006389341072645038,0.0023790016649956115,1.0,0.716667,1.0,0.7,0.0,0.7,1.0,0
42,q1_co2_adsorption,stable porous MOFs for CO2 adsorption,GAT only,100,0.036249999999959925,0.7598757655234476,0.7598757655234476,0.8723204284906387,0.006509908856241964,0.002423893768056119,1.0,0.716667,1.0,0.7,0.0,0.7,1.0,0
42,q1_co2_adsorption,stable porous MOFs for CO2 adsorption,LEA + GraphSAGE,100,98.5345409999998,0.7598757655234476,0.7598757655234476,0.8723204284906387,0.003511878401332069,0.0013076097314323588,1.0,0.716667,1.0,0.7,0.0,0.7,1.0,0
42,q1_co2_adsorption,stable porous MOFs for CO2 adsorption,LEA + GAT,100,93.84870899999997,0.7598757655234476,0.7598757655234476,0.8723204284906387,0.004598787750001066,0.0017123086073858372,1.0,0.716667,1.0,0.7,0.0,0.7,1.0,0
43,q1_co2_adsorption,stable porous MOFs for CO2 adsorption,SemanticOnly,100,0.04450000000044696,0.7228394691530845,0.7598757655234476,0.8876850932836533,0.15,0.04250296078620137,0.92276332990112,0.716667,0.8,0.7,0.0,0.7,1.0,0
43,q1_co2_adsorption,stable porous MOFs for CO2 adsorption,WeightedSum,100,0.050166000000295696,0.7598757655234476,0.7598757655234476,0.8723204284906387,0.0,0.0,1.0,0.716667,1.0,0.7,0.0,0.7,1.0,0
43,q1_co2_adsorption,stable porous MOFs for CO2 adsorption,TOPSIS,100,1.1609579999998232,0.7598757655234476,0.7598757655234476,0.8723204284906387,0.0,0.0,1.0,0.716667,1.0,0.7,0.0,0.7,1.0,0
43,q1_co2_adsorption,stable porous MOFs for CO2 adsorption,ParetoCrowding,100,182.02954200000045,0.7598757655234476,0.7598757655234476,0.8723204284906387,0.0,0.0,1.0,0.716667,1.0,0.7,0.0,0.7,1.0,0
43,q1_co2_adsorption,stable porous MOFs for CO2 adsorption,Random,100,0.04266699999977419,0.741357617338266,0.7598757655234476,0.880002760887146,0.1,0.03269387092461753,0.967512724511889,0.716667,0.9,0.7,0.0,0.7,1.0,0
43,q1_co2_adsorption,stable porous MOFs for CO2 adsorption,MMR,100,1663.1734999999992,0.741357617338266,0.7598757655234476,0.880002760887146,0.1,0.03269387092461753,0.967512724511889,0.716667,0.9,0.7,0.0,0.7,1.0,0
43,q1_co2_adsorption,stable porous MOFs for CO2 adsorption,LEA,100,96.10029099999994,0.7598757655234476,0.7598757655234476,0.8723204284906387,0.0,0.0,1.0,0.716667,1.0,0.7,0.0,0.7,1.0,0
43,q1_co2_adsorption,stable porous MOFs for CO2 adsorption,LEA no diversity,100,91.13554099999988,0.7598757655234476,0.7598757655234476,0.8723204284906387,0.0,0.0,1.0,0.716667,1.0,0.7,0.0,0.7,1.0,0
43,q1_co2_adsorption,stable porous MOFs for CO2 adsorption,LEA no self-cleaning,100,91.78204200000017,0.7598757655234476,0.7598757655234476,0.8723204284906387,0.0,0.0,1.0,0.716667,1.0,0.7,0.0,0.7,1.0,0
43,q1_co2_adsorption,stable porous MOFs for CO2 adsorption,GraphSAGE only,100,0.04233399999975518,0.7598757655234476,0.7598757655234476,0.8723204284906387,0.006389341072645038,0.0023790016649956115,1.0,0.716667,1.0,0.7,0.0,0.7,1.0,0
43,q1_co2_adsorption,stable porous MOFs for CO2 adsorption,GAT only,100,0.039917000000500025,0.7598757655234476,0.7598757655234476,0.8723204284906387,0.006509908856241964,0.002423893768056119,1.0,0.716667,1.0,0.7,0.0,0.7,1.0,0
43,q1_co2_adsorption,stable porous MOFs for CO2 adsorption,LEA + GraphSAGE,100,95.12566700000048,0.7598757655234476,0.7598757655234476,0.8723204284906387,0.0071516628260724245,0.002662843879716409,1.0,0.716667,1.0,0.7,0.0,0.7,1.0,0
43,q1_co2_adsorption,stable porous MOFs for CO2 adsorption,LEA + GAT,100,94.7837499999995,0.7598757655234476,0.7598757655234476,0.8723204284906387,0.011403504107147456,0.0042459707424035405,1.0,0.716667,1.0,0.7,0.0,0.7,1.0,0
44,q1_co2_adsorption,stable porous MOFs for CO2 adsorption,SemanticOnly,100,0.04500000000007276,0.7228394691530845,0.7598757655234476,0.8876850932836533,0.15,0.04250296078620137,0.92276332990112,0.716667,0.8,0.7,0.0,0.7,1.0,0
44,q1_co2_adsorption,stable porous MOFs for CO2 adsorption,WeightedSum,100,0.047499999999978115,0.7598757655234476,0.7598757655234476,0.8723204284906387,0.0,0.0,1.0,0.716667,1.0,0.7,0.0,0.7,1.0,0
44,q1_co2_adsorption,stable porous MOFs for CO2 adsorption,TOPSIS,100,1.1935410000001312,0.7598757655234476,0.7598757655234476,0.8723204284906387,0.0,0.0,1.0,0.716667,1.0,0.7,0.0,0.7,1.0,0
44,q1_co2_adsorption,stable porous MOFs for CO2 adsorption,ParetoCrowding,100,182.93187499999954,0.7598757655234476,0.7598757655234476,0.8723204284906387,0.0,0.0,1.0,0.716667,1.0,0.7,0.0,0.7,1.0,0
44,q1_co2_adsorption,stable porous MOFs for CO2 adsorption,Random,100,0.04658299999960036,0.741357617338266,0.7598757655234476,0.880002760887146,0.1,0.03269387092461753,0.9742544433003731,0.716667,0.9,0.7,0.0,0.7,1.0,0
44,q1_co2_adsorption,stable porous MOFs for CO2 adsorption,MMR,100,1675.0975409999996,0.741357617338266,0.7598757655234476,0.880002760887146,0.1,0.03269387092461753,0.967512724511889,0.716667,0.9,0.7,0.0,0.7,1.0,0
44,q1_co2_adsorption,stable porous MOFs for CO2 adsorption,LEA,100,91.34237499999998,0.7598757655234476,0.7598757655234476,0.8723204284906387,0.0,0.0,1.0,0.716667,1.0,0.7,0.0,0.7,1.0,0
44,q1_co2_adsorption,stable porous MOFs for CO2 adsorption,LEA no diversity,100,91.22433299999955,0.7598757655234476,0.7598757655234476,0.8723204284906387,0.0,0.0,1.0,0.716667,1.0,0.7,0.0,0.7,1.0,0
44,q1_co2_adsorption,stable porous MOFs for CO2 adsorption,LEA no self-cleaning,100,92.00358300000033,0.7598757655234476,0.7598757655234476,0.8723204284906387,0.0,0.0,1.0,0.716667,1.0,0.7,0.0,0.7,1.0,0
44,q1_co2_adsorption,stable porous MOFs for CO2 adsorption,GraphSAGE only,100,0.03745899999962887,0.7598757655234476,0.7598757655234476,0.8723204284906387,0.006389341072645038,0.0023790016649956115,1.0,0.716667,1.0,0.7,0.0,0.7,1.0,0
44,q1_co2_adsorption,stable porous MOFs for CO2 adsorption,GAT only,100,0.03641600000037215,0.7598757655234476,0.7598757655234476,0.8723204284906387,0.006509908856241964,0.002423893768056119,1.0,0.716667,1.0,0.7,0.0,0.7,1.0,0
44,q1_co2_adsorption,stable porous MOFs for CO2 adsorption,LEA + GraphSAGE,100,95.67295799999975,0.7598757655234476,0.7598757655234476,0.8723204284906387,0.00735684204264544,0.002739240129705241,1.0,0.716667,1.0,0.7,0.0,0.7,1.0,0
44,q1_co2_adsorption,stable porous MOFs for CO2 adsorption,LEA + GAT,100,94.90862500000041,0.7598757655234476,0.7598757655234476,0.8723204284906387,0.007276882260339334,0.00270946797431768,1.0,0.716667,1.0,0.7,0.0,0.7,1.0,0
45,q1_co2_adsorption,stable porous MOFs for CO2 adsorption,SemanticOnly,100,0.05804200000092408,0.7228394691530846,0.7598757655234476,0.8876850932836533,0.15,0.04250296078620137,0.9453367090217317,0.716667,0.8,0.7,0.0,0.7,1.0,0
45,q1_co2_adsorption,stable porous MOFs for CO2 adsorption,WeightedSum,100,0.05162500000110981,0.7598757655234476,0.7598757655234476,0.8723204284906387,0.0,0.0,1.0,0.716667,1.0,0.7,0.0,0.7,1.0,0
45,q1_co2_adsorption,stable porous MOFs for CO2 adsorption,TOPSIS,100,1.2450000000008288,0.7598757655234476,0.7598757655234476,0.8723204284906387,0.0,0.0,1.0,0.716667,1.0,0.7,0.0,0.7,1.0,0
45,q1_co2_adsorption,stable porous MOFs for CO2 adsorption,ParetoCrowding,100,189.17937500000016,0.7598757655234476,0.7598757655234476,0.8723204284906387,0.0,0.0,1.0,0.716667,1.0,0.7,0.0,0.7,1.0,0
45,q1_co2_adsorption,stable porous MOFs for CO2 adsorption,Random,100,0.04533400000106269,0.741357617338266,0.7598757655234476,0.880002760887146,0.1,0.03269387092461753,0.9485088866007466,0.716667,0.9,0.7,0.0,0.7,1.0,0
45,q1_co2_adsorption,stable porous MOFs for CO2 adsorption,MMR,100,1665.0517500000017,0.741357617338266,0.7598757655234476,0.880002760887146,0.1,0.03269387092461753,0.967512724511889,0.716667,0.9,0.7,0.0,0.7,1.0,0
45,q1_co2_adsorption,stable porous MOFs for CO2 adsorption,LEA,100,91.21095899999965,0.7598757655234476,0.7598757655234476,0.8723204284906387,0.0,0.0,1.0,0.716667,1.0,0.7,0.0,0.7,1.0,0
45,q1_co2_adsorption,stable porous MOFs for CO2 adsorption,LEA no diversity,100,91.09808399999864,0.7598757655234476,0.7598757655234476,0.8723204284906387,0.0,0.0,1.0,0.716667,1.0,0.7,0.0,0.7,1.0,0
45,q1_co2_adsorption,stable porous MOFs for CO2 adsorption,LEA no self-cleaning,100,90.80637499999966,0.7598757655234476,0.7598757655234476,0.8723204284906387,0.0,0.0,1.0,0.716667,1.0,0.7,0.0,0.7,1.0,0
45,q1_co2_adsorption,stable porous MOFs for CO2 adsorption,GraphSAGE only,100,0.03745799999954613,0.7598757655234476,0.7598757655234476,0.8723204284906387,0.006389341072645038,0.0023790016649956115,1.0,0.716667,1.0,0.7,0.0,0.7,1.0,0
45,q1_co2_adsorption,stable porous MOFs for CO2 adsorption,GAT only,100,0.039167000000617236,0.7598757655234476,0.7598757655234476,0.8723204284906387,0.006509908856241964,0.002423893768056119,1.0,0.716667,1.0,0.7,0.0,0.7,1.0,0
45,q1_co2_adsorption,stable porous MOFs for CO2 adsorption,LEA + GraphSAGE,100,94.73145800000005,0.7598757655234476,0.7598757655234476,0.8723204284906387,0.006529495667200536,0.00243118670411206,1.0,0.716667,1.0,0.7,0.0,0.7,1.0,0
45,q1_co2_adsorption,stable porous MOFs for CO2 adsorption,LEA + GAT,100,94.68591699999962,0.7598757655234476,0.7598757655234476,0.8723204284906387,0.008276669151382521,0.003081727750621637,1.0,0.716667,1.0,0.7,0.0,0.7,1.0,0
46,q1_co2_adsorption,stable porous MOFs for CO2 adsorption,SemanticOnly,100,0.0444579999996364,0.7413576173382661,0.7598757655234476,0.880002760887146,0.1,0.032693870924617535,0.9800805182338668,0.716667,0.9,0.7,0.0,0.7,1.0,0
46,q1_co2_adsorption,stable porous MOFs for CO2 adsorption,WeightedSum,100,0.04495900000023312,0.7598757655234476,0.7598757655234476,0.8723204284906387,0.0,0.0,1.0,0.716667,1.0,0.7,0.0,0.7,1.0,0
46,q1_co2_adsorption,stable porous MOFs for CO2 adsorption,TOPSIS,100,1.1669580000006619,0.7598757655234476,0.7598757655234476,0.8723204284906387,0.0,0.0,1.0,0.716667,1.0,0.7,0.0,0.7,1.0,0
46,q1_co2_adsorption,stable porous MOFs for CO2 adsorption,ParetoCrowding,100,183.32749999999896,0.7598757655234476,0.7598757655234476,0.8723204284906387,0.0,0.0,1.0,0.716667,1.0,0.7,0.0,0.7,1.0,0
46,q1_co2_adsorption,stable porous MOFs for CO2 adsorption,Random,100,0.041916999999003224,0.6858031727827216,0.7598757655234476,0.9030497580766678,0.1,0.020162613279812013,0.8739261138563453,0.716667,0.6,0.7,0.0,0.7,1.0,0
46,q1_co2_adsorption,stable porous MOFs for CO2 adsorption,MMR,100,1661.4869579999993,0.741357617338266,0.7598757655234476,0.880002760887146,0.1,0.03269387092461753,0.967512724511889,0.716667,0.9,0.7,0.0,0.7,1.0,0
46,q1_co2_adsorption,stable porous MOFs for CO2 adsorption,LEA,100,91.28408299999968,0.7598757655234476,0.7598757655234476,0.8723204284906387,0.0,0.0,1.0,0.716667,1.0,0.7,0.0,0.7,1.0,0
46,q1_co2_adsorption,stable porous MOFs for CO2 adsorption,LEA no diversity,100,90.87299999999843,0.7598757655234476,0.7598757655234476,0.8723204284906387,0.0,0.0,1.0,0.716667,1.0,0.7,0.0,0.7,1.0,0
46,q1_co2_adsorption,stable porous MOFs for CO2 adsorption,LEA no self-cleaning,100,92.28425000000051,0.7598757655234476,0.7598757655234476,0.8723204284906387,0.0,0.0,1.0,0.716667,1.0,0.7,0.0,0.7,1.0,0
46,q1_co2_adsorption,stable porous MOFs for CO2 adsorption,GraphSAGE only,100,0.0476250000005507,0.7598757655234476,0.7598757655234476,0.8723204284906387,0.006389341072645038,0.0023790016649956115,1.0,0.716667,1.0,0.7,0.0,0.7,1.0,0
46,q1_co2_adsorption,stable porous MOFs for CO2 adsorption,GAT only,100,0.03737499999978411,0.7598757655234476,0.7598757655234476,0.8723204284906387,0.006509908856241964,0.002423893768056119,1.0,0.716667,1.0,0.7,0.0,0.7,1.0,0
46,q1_co2_adsorption,stable porous MOFs for CO2 adsorption,LEA + GraphSAGE,100,96.29387500000064,0.7598757655234476,0.7598757655234476,0.8723204284906387,0.006656775425653905,0.0024785779380183527,1.0,0.716667,1.0,0.7,0.0,0.7,1.0,0
46,q1_co2_adsorption,stable porous MOFs for CO2 adsorption,LEA + GAT,100,94.73758299999879,0.7598757655234476,0.7598757655234476,0.8723204284906387,0.012071996784652584,0.004494876721085894,1.0,0.716667,1.0,0.7,0.0,0.7,1.0,0
47,q1_co2_adsorption,stable porous MOFs for CO2 adsorption,SemanticOnly,100,0.047999999999603915,0.7228394691530845,0.7598757655234476,0.8876850932836533,0.15,0.04250296078620137,0.92276332990112,0.716667,0.8,0.7,0.0,0.7,1.0,0
47,q1_co2_adsorption,stable porous MOFs for CO2 adsorption,WeightedSum,100,0.04291700000003118,0.7598757655234476,0.7598757655234476,0.8723204284906387,0.0,0.0,1.0,0.716667,1.0,0.7,0.0,0.7,1.0,0
47,q1_co2_adsorption,stable porous MOFs for CO2 adsorption,TOPSIS,100,1.1160830000012112,0.7598757655234476,0.7598757655234476,0.8723204284906387,0.0,0.0,1.0,0.716667,1.0,0.7,0.0,0.7,1.0,0
47,q1_co2_adsorption,stable porous MOFs for CO2 adsorption,ParetoCrowding,100,184.41124999999835,0.7598757655234476,0.7598757655234476,0.8723204284906387,0.0,0.0,1.0,0.716667,1.0,0.7,0.0,0.7,1.0,0
47,q1_co2_adsorption,stable porous MOFs for CO2 adsorption,Random,100,0.052500000000677005,0.7228394691530846,0.7598757655234476,0.8876850932836533,0.15,0.04250296078620137,0.9475932427457558,0.716667,0.8,0.7,0.0,0.7,1.0,0
47,q1_co2_adsorption,stable porous MOFs for CO2 adsorption,MMR,100,1668.7498750000013,0.741357617338266,0.7598757655234476,0.880002760887146,0.1,0.03269387092461753,0.967512724511889,0.716667,0.9,0.7,0.0,0.7,1.0,0
47,q1_co2_adsorption,stable porous MOFs for CO2 adsorption,LEA,100,90.8449580000017,0.7598757655234476,0.7598757655234476,0.8723204284906387,0.0,0.0,1.0,0.716667,1.0,0.7,0.0,0.7,1.0,0
47,q1_co2_adsorption,stable porous MOFs for CO2 adsorption,LEA no diversity,100,91.06716599999842,0.7598757655234476,0.7598757655234476,0.8723204284906387,0.0,0.0,1.0,0.716667,1.0,0.7,0.0,0.7,1.0,0
47,q1_co2_adsorption,stable porous MOFs for CO2 adsorption,LEA no self-cleaning,100,90.34912500000303,0.7598757655234476,0.7598757655234476,0.8723204284906387,0.0,0.0,1.0,0.716667,1.0,0.7,0.0,0.7,1.0,0
47,q1_co2_adsorption,stable porous MOFs for CO2 adsorption,GraphSAGE only,100,0.04508399999991752,0.7598757655234476,0.7598757655234476,0.8723204284906387,0.006389341072645038,0.0023790016649956115,1.0,0.716667,1.0,0.7,0.0,0.7,1.0,0
47,q1_co2_adsorption,stable porous MOFs for CO2 adsorption,GAT only,100,0.04033300000116924,0.7598757655234476,0.7598757655234476,0.8723204284906387,0.006509908856241964,0.002423893768056119,1.0,0.716667,1.0,0.7,0.0,0.7,1.0,0
47,q1_co2_adsorption,stable porous MOFs for CO2 adsorption,LEA + GraphSAGE,100,95.22087499999898,0.7598757655234476,0.7598757655234476,0.8723204284906387,0.005065856868168339,0.0018862167142084992,1.0,0.716667,1.0,0.7,0.0,0.7,1.0,0
47,q1_co2_adsorption,stable porous MOFs for CO2 adsorption,LEA + GAT,100,94.10770899999932,0.7598757655234476,0.7598757655234476,0.8723204284906387,0.010564261078252457,0.003933487727273057,1.0,0.716667,1.0,0.7,0.0,0.7,1.0,0
48,q1_co2_adsorption,stable porous MOFs for CO2 adsorption,SemanticOnly,100,0.044875000000388354,0.741357617338266,0.7598757655234476,0.880002760887146,0.1,0.03269387092461753,0.9485088866007466,0.716667,0.9,0.7,0.0,0.7,1.0,0
48,q1_co2_adsorption,stable porous MOFs for CO2 adsorption,WeightedSum,100,0.04362499999999159,0.7598757655234476,0.7598757655234476,0.8723204284906387,0.0,0.0,1.0,0.716667,1.0,0.7,0.0,0.7,1.0,0
48,q1_co2_adsorption,stable porous MOFs for CO2 adsorption,TOPSIS,100,1.155874999998474,0.7598757655234476,0.7598757655234476,0.8723204284906387,0.0,0.0,1.0,0.716667,1.0,0.7,0.0,0.7,1.0,0
48,q1_co2_adsorption,stable porous MOFs for CO2 adsorption,ParetoCrowding,100,182.92129099999954,0.7598757655234476,0.7598757655234476,0.8723204284906387,0.0,0.0,1.0,0.716667,1.0,0.7,0.0,0.7,1.0,0
48,q1_co2_adsorption,stable porous MOFs for CO2 adsorption,Random,100,0.04766600000039034,0.7598757655234476,0.7598757655234476,0.8723204284906387,0.0,0.0,1.0,0.716667,1.0,0.7,0.0,0.7,1.0,0
48,q1_co2_adsorption,stable porous MOFs for CO2 adsorption,MMR,100,1664.7481249999992,0.741357617338266,0.7598757655234476,0.880002760887146,0.1,0.03269387092461753,0.967512724511889,0.716667,0.9,0.7,0.0,0.7,1.0,0
48,q1_co2_adsorption,stable porous MOFs for CO2 adsorption,LEA,100,91.95462500000318,0.7598757655234476,0.7598757655234476,0.8723204284906387,0.0,0.0,1.0,0.716667,1.0,0.7,0.0,0.7,1.0,0
48,q1_co2_adsorption,stable porous MOFs for CO2 adsorption,LEA no diversity,100,90.7709170000004,0.7598757655234476,0.7598757655234476,0.8723204284906387,0.0,0.0,1.0,0.716667,1.0,0.7,0.0,0.7,1.0,0
48,q1_co2_adsorption,stable porous MOFs for CO2 adsorption,LEA no self-cleaning,100,91.57204199999924,0.7598757655234476,0.7598757655234476,0.8723204284906387,0.0,0.0,1.0,0.716667,1.0,0.7,0.0,0.7,1.0,0
48,q1_co2_adsorption,stable porous MOFs for CO2 adsorption,GraphSAGE only,100,0.03775000000061368,0.7598757655234476,0.7598757655234476,0.8723204284906387,0.006389341072645038,0.0023790016649956115,1.0,0.716667,1.0,0.7,0.0,0.7,1.0,0
48,q1_co2_adsorption,stable porous MOFs for CO2 adsorption,GAT only,100,0.03616699999753337,0.7598757655234476,0.7598757655234476,0.8723204284906387,0.006509908856241964,0.002423893768056119,1.0,0.716667,1.0,0.7,0.0,0.7,1.0,0
48,q1_co2_adsorption,stable porous MOFs for CO2 adsorption,LEA + GraphSAGE,100,96.05849999999805,0.7598757655234476,0.7598757655234476,0.8723204284906387,0.0025212984706740826,0.0009387780667031173,1.0,0.716667,1.0,0.7,0.0,0.7,1.0,0
48,q1_co2_adsorption,stable porous MOFs for CO2 adsorption,LEA + GAT,100,95.19274999999894,0.7598757655234476,0.7598757655234476,0.8723204284906387,0.007553798018489033,0.002812574545435339,1.0,0.716667,1.0,0.7,0.0,0.7,1.0,0
49,q1_co2_adsorption,stable porous MOFs for CO2 adsorption,SemanticOnly,100,0.054792000000247754,0.7228394691530846,0.7598757655234476,0.8876850932836533,0.15,0.04250296078620137,0.9520784278102159,0.716667,0.8,0.7,0.0,0.7,1.0,0
49,q1_co2_adsorption,stable porous MOFs for CO2 adsorption,WeightedSum,100,0.044667000000941925,0.7598757655234476,0.7598757655234476,0.8723204284906387,0.0,0.0,1.0,0.716667,1.0,0.7,0.0,0.7,1.0,0
49,q1_co2_adsorption,stable porous MOFs for CO2 adsorption,TOPSIS,100,1.4000420000002123,0.7598757655234476,0.7598757655234476,0.8723204284906387,0.0,0.0,1.0,0.716667,1.0,0.7,0.0,0.7,1.0,0
49,q1_co2_adsorption,stable porous MOFs for CO2 adsorption,ParetoCrowding,100,189.17716700000042,0.7598757655234476,0.7598757655234476,0.8723204284906387,0.0,0.0,1.0,0.716667,1.0,0.7,0.0,0.7,1.0,0
49,q1_co2_adsorption,stable porous MOFs for CO2 adsorption,Random,100,0.04587500000141631,0.7598757655234476,0.7598757655234476,0.8723204284906387,0.0,0.0,1.0,0.716667,1.0,0.7,0.0,0.7,1.0,0
49,q1_co2_adsorption,stable porous MOFs for CO2 adsorption,MMR,100,2149.2498330000026,0.741357617338266,0.7598757655234476,0.880002760887146,0.1,0.03269387092461753,0.967512724511889,0.716667,0.9,0.7,0.0,0.7,1.0,0
49,q1_co2_adsorption,stable porous MOFs for CO2 adsorption,LEA,100,115.03875000000008,0.7598757655234476,0.7598757655234476,0.8723204284906387,0.0,0.0,1.0,0.716667,1.0,0.7,0.0,0.7,1.0,0
49,q1_co2_adsorption,stable porous MOFs for CO2 adsorption,LEA no diversity,100,98.12683300000202,0.7598757655234476,0.7598757655234476,0.8723204284906387,0.0,0.0,1.0,0.716667,1.0,0.7,0.0,0.7,1.0,0
49,q1_co2_adsorption,stable porous MOFs for CO2 adsorption,LEA no self-cleaning,100,98.84912500000098,0.7598757655234476,0.7598757655234476,0.8723204284906387,0.0,0.0,1.0,0.716667,1.0,0.7,0.0,0.7,1.0,0
49,q1_co2_adsorption,stable porous MOFs for CO2 adsorption,GraphSAGE only,100,0.04166700000141077,0.7598757655234476,0.7598757655234476,0.8723204284906387,0.006389341072645038,0.0023790016649956115,1.0,0.716667,1.0,0.7,0.0,0.7,1.0,0
49,q1_co2_adsorption,stable porous MOFs for CO2 adsorption,GAT only,100,0.03575000000211048,0.7598757655234476,0.7598757655234476,0.8723204284906387,0.006509908856241964,0.002423893768056119,1.0,0.716667,1.0,0.7,0.0,0.7,1.0,0
49,q1_co2_adsorption,stable porous MOFs for CO2 adsorption,LEA + GraphSAGE,100,95.15770800000212,0.7598757655234476,0.7598757655234476,0.8723204284906387,0.00627512542414479,0.0023364747103595588,1.0,0.716667,1.0,0.7,0.0,0.7,1.0,0
49,q1_co2_adsorption,stable porous MOFs for CO2 adsorption,LEA + GAT,100,95.36820900000009,0.7598757655234476,0.7598757655234476,0.8723204284906387,0.012902115378528834,0.0048039623520644064,1.0,0.716667,1.0,0.7,0.0,0.7,1.0,0
50,q1_co2_adsorption,stable porous MOFs for CO2 adsorption,SemanticOnly,100,0.04645800000346867,0.7043213209679031,0.7598757655234476,0.8953674256801605,0.15,0.03623733196379861,0.9254172272555985,0.716667,0.7,0.7,0.0,0.7,1.0,0
50,q1_co2_adsorption,stable porous MOFs for CO2 adsorption,WeightedSum,100,0.044041999998967185,0.7598757655234476,0.7598757655234476,0.8723204284906387,0.0,0.0,1.0,0.716667,1.0,0.7,0.0,0.7,1.0,0
50,q1_co2_adsorption,stable porous MOFs for CO2 adsorption,TOPSIS,100,1.2449579999973537,0.7598757655234476,0.7598757655234476,0.8723204284906387,0.0,0.0,1.0,0.716667,1.0,0.7,0.0,0.7,1.0,0
50,q1_co2_adsorption,stable porous MOFs for CO2 adsorption,ParetoCrowding,100,207.6417080000006,0.7598757655234476,0.7598757655234476,0.8723204284906387,0.0,0.0,1.0,0.716667,1.0,0.7,0.0,0.7,1.0,0
50,q1_co2_adsorption,stable porous MOFs for CO2 adsorption,Random,100,0.05375000000285013,0.7598757655234476,0.7598757655234476,0.8723204284906387,0.0,0.0,1.0,0.716667,1.0,0.7,0.0,0.7,1.0,0
50,q1_co2_adsorption,stable porous MOFs for CO2 adsorption,MMR,100,1707.9632920000022,0.741357617338266,0.7598757655234476,0.880002760887146,0.1,0.03269387092461753,0.967512724511889,0.716667,0.9,0.7,0.0,0.7,1.0,0
50,q1_co2_adsorption,stable porous MOFs for CO2 adsorption,LEA,100,90.45225000000201,0.7598757655234476,0.7598757655234476,0.8723204284906387,0.0,0.0,1.0,0.716667,1.0,0.7,0.0,0.7,1.0,0
50,q1_co2_adsorption,stable porous MOFs for CO2 adsorption,LEA no diversity,100,90.48108400000032,0.7598757655234476,0.7598757655234476,0.8723204284906387,0.0,0.0,1.0,0.716667,1.0,0.7,0.0,0.7,1.0,0
50,q1_co2_adsorption,stable porous MOFs for CO2 adsorption,LEA no self-cleaning,100,90.05008300000128,0.7598757655234476,0.7598757655234476,0.8723204284906387,0.0,0.0,1.0,0.716667,1.0,0.7,0.0,0.7,1.0,0
50,q1_co2_adsorption,stable porous MOFs for CO2 adsorption,GraphSAGE only,100,0.03816699999958928,0.7598757655234476,0.7598757655234476,0.8723204284906387,0.006389341072645038,0.0023790016649956115,1.0,0.716667,1.0,0.7,0.0,0.7,1.0,0
50,q1_co2_adsorption,stable porous MOFs for CO2 adsorption,GAT only,100,0.0357080000021881,0.7598757655234476,0.7598757655234476,0.8723204284906387,0.006509908856241964,0.002423893768056119,1.0,0.716667,1.0,0.7,0.0,0.7,1.0,0
50,q1_co2_adsorption,stable porous MOFs for CO2 adsorption,LEA + GraphSAGE,100,95.77116699999877,0.7598757655234476,0.7598757655234476,0.8723204284906387,0.007439579728816171,0.0027700466073873856,1.0,0.716667,1.0,0.7,0.0,0.7,1.0,0
50,q1_co2_adsorption,stable porous MOFs for CO2 adsorption,LEA + GAT,100,95.11533299999897,0.7598757655234476,0.7598757655234476,0.8723204284906387,0.008523530358797871,0.0031736438366134004,1.0,0.716667,1.0,0.7,0.0,0.7,1.0,0
51,q1_co2_adsorption,stable porous MOFs for CO2 adsorption,SemanticOnly,100,0.046583000003153074,0.741357617338266,0.7598757655234476,0.880002760887146,0.1,0.03269387092461753,0.9485088866007466,0.716667,0.9,0.7,0.0,0.7,1.0,0
51,q1_co2_adsorption,stable porous MOFs for CO2 adsorption,WeightedSum,100,0.04787499999991951,0.7598757655234476,0.7598757655234476,0.8723204284906387,0.0,0.0,1.0,0.716667,1.0,0.7,0.0,0.7,1.0,0
51,q1_co2_adsorption,stable porous MOFs for CO2 adsorption,TOPSIS,100,1.153708000000364,0.7598757655234476,0.7598757655234476,0.8723204284906387,0.0,0.0,1.0,0.716667,1.0,0.7,0.0,0.7,1.0,0
51,q1_co2_adsorption,stable porous MOFs for CO2 adsorption,ParetoCrowding,100,185.7956250000008,0.7598757655234476,0.7598757655234476,0.8723204284906387,0.0,0.0,1.0,0.716667,1.0,0.7,0.0,0.7,1.0,0
51,q1_co2_adsorption,stable porous MOFs for CO2 adsorption,Random,100,0.051458000001503024,0.7228394691530846,0.7598757655234476,0.8876850932836533,0.15,0.04250296078620137,0.9579045027437095,0.716667,0.8,0.7,0.0,0.7,1.0,0
51,q1_co2_adsorption,stable porous MOFs for CO2 adsorption,MMR,100,1647.1180829999987,0.741357617338266,0.7598757655234476,0.880002760887146,0.1,0.03269387092461753,0.967512724511889,0.716667,0.9,0.7,0.0,0.7,1.0,0
51,q1_co2_adsorption,stable porous MOFs for CO2 adsorption,LEA,100,90.88712500000184,0.7598757655234476,0.7598757655234476,0.8723204284906387,0.0,0.0,1.0,0.716667,1.0,0.7,0.0,0.7,1.0,0
51,q1_co2_adsorption,stable porous MOFs for CO2 adsorption,LEA no diversity,100,90.96049999999778,0.7598757655234476,0.7598757655234476,0.8723204284906387,0.0,0.0,1.0,0.716667,1.0,0.7,0.0,0.7,1.0,0
51,q1_co2_adsorption,stable porous MOFs for CO2 adsorption,LEA no self-cleaning,100,90.62991700000111,0.7598757655234476,0.7598757655234476,0.8723204284906387,0.0,0.0,1.0,0.716667,1.0,0.7,0.0,0.7,1.0,0
51,q1_co2_adsorption,stable porous MOFs for CO2 adsorption,GraphSAGE only,100,0.03725000000187606,0.7598757655234476,0.7598757655234476,0.8723204284906387,0.006389341072645038,0.0023790016649956115,1.0,0.716667,1.0,0.7,0.0,0.7,1.0,0
51,q1_co2_adsorption,stable porous MOFs for CO2 adsorption,GAT only,100,0.03570899999871813,0.7598757655234476,0.7598757655234476,0.8723204284906387,0.006509908856241964,0.002423893768056119,1.0,0.716667,1.0,0.7,0.0,0.7,1.0,0
51,q1_co2_adsorption,stable porous MOFs for CO2 adsorption,LEA + GraphSAGE,100,94.7446670000005,0.7598757655234476,0.7598757655234476,0.8723204284906387,0.008261826960369945,0.0030762014222053507,1.0,0.716667,1.0,0.7,0.0,0.7,1.0,0
51,q1_co2_adsorption,stable porous MOFs for CO2 adsorption,LEA + GAT,100,93.99937500000277,0.7598757655234476,0.7598757655234476,0.8723204284906387,0.0134554059128277,0.0050099740655349485,1.0,0.716667,1.0,0.7,0.0,0.7,1.0,0
42,q2_photocatalysis,photocatalytic MOFs with suitable band gaps,SemanticOnly,100,0.049083000000393895,0.75516655,0.75516655,0.8599924892187119,0.0,0.0,0.8245146071997896,0.643333,1.0,0.7,0.0,0.7,1.0,0
42,q2_photocatalysis,photocatalytic MOFs with suitable band gaps,WeightedSum,100,0.04916700000023866,0.8751665499999998,0.8751665499999999,0.8455586731433868,0.0,0.0,1.0,0.643333,1.0,1.0,0.0,1.0,1.0,0
42,q2_photocatalysis,photocatalytic MOFs with suitable band gaps,TOPSIS,100,1.1622500000001423,0.8751665499999998,0.8751665499999999,0.8455586731433868,0.0,0.0,1.0,0.643333,1.0,1.0,0.0,1.0,1.0,0
42,q2_photocatalysis,photocatalytic MOFs with suitable band gaps,ParetoCrowding,100,187.07383299999947,0.8751665499999998,0.8751665499999999,0.8455586731433868,0.0,0.0,1.0,0.643333,1.0,1.0,0.0,1.0,1.0,0
42,q2_photocatalysis,photocatalytic MOFs with suitable band gaps,Random,100,0.05412499999835063,0.75516655,0.75516655,0.8599924892187119,0.0,0.0,0.8245146071997896,0.643333,1.0,0.7,0.0,0.7,1.0,0
42,q2_photocatalysis,photocatalytic MOFs with suitable band gaps,MMR,100,1670.7118329999985,0.8751665499999998,0.8751665499999999,0.8455586731433868,0.0,0.0,1.0,0.643333,1.0,1.0,0.0,1.0,1.0,0
42,q2_photocatalysis,photocatalytic MOFs with suitable band gaps,LEA,100,90.81295799999722,0.8751665499999998,0.8751665499999999,0.8455586731433868,0.0,0.0,1.0,0.643333,1.0,1.0,0.0,1.0,1.0,0
42,q2_photocatalysis,photocatalytic MOFs with suitable band gaps,LEA no diversity,100,90.53304100000048,0.8751665499999998,0.8751665499999999,0.8455586731433868,0.0,0.0,1.0,0.643333,1.0,1.0,0.0,1.0,1.0,0
42,q2_photocatalysis,photocatalytic MOFs with suitable band gaps,LEA no self-cleaning,100,91.34695899999912,0.8751665499999998,0.8751665499999999,0.8455586731433868,0.0,0.0,1.0,0.643333,1.0,1.0,0.0,1.0,1.0,0
42,q2_photocatalysis,photocatalytic MOFs with suitable band gaps,GraphSAGE only,100,0.03858300000203485,0.8751665499999998,0.8751665499999999,0.8455586731433868,0.0046114866388961675,0.004035818852133854,1.0,0.643333,1.0,1.0,0.0,1.0,1.0,0
42,q2_photocatalysis,photocatalytic MOFs with suitable band gaps,GAT only,100,0.04112499999919805,0.8751665499999998,0.8751665499999999,0.8455586731433868,0.017575409595156088,0.015381410580229645,1.0,0.643333,1.0,1.0,0.0,1.0,1.0,0
42,q2_photocatalysis,photocatalytic MOFs with suitable band gaps,LEA + GraphSAGE,100,95.57479200000074,0.8751665499999998,0.8751665499999999,0.8455586731433868,0.0046114866388961675,0.004035818852133854,1.0,0.643333,1.0,1.0,0.0,1.0,1.0,0
42,q2_photocatalysis,photocatalytic MOFs with suitable band gaps,LEA + GAT,100,98.73449999999906,0.8751665499999998,0.8751665499999999,0.8455586731433868,0.017575409595156088,0.015381410580229645,1.0,0.643333,1.0,1.0,0.0,1.0,1.0,0
43,q2_photocatalysis,photocatalytic MOFs with suitable band gaps,SemanticOnly,100,0.04820799999549763,0.75516655,0.75516655,0.8599924892187119,0.0,0.0,0.8245146071997896,0.643333,1.0,0.7,0.0,0.7,1.0,0
43,q2_photocatalysis,photocatalytic MOFs with suitable band gaps,WeightedSum,100,0.048291000005917795,0.8751665499999998,0.8751665499999999,0.8455586731433868,0.0,0.0,1.0,0.643333,1.0,1.0,0.0,1.0,1.0,0
43,q2_photocatalysis,photocatalytic MOFs with suitable band gaps,TOPSIS,100,1.1765830000030064,0.8751665499999998,0.8751665499999999,0.8455586731433868,0.0,0.0,1.0,0.643333,1.0,1.0,0.0,1.0,1.0,0
43,q2_photocatalysis,photocatalytic MOFs with suitable band gaps,ParetoCrowding,100,185.69329100000687,0.8751665499999998,0.8751665499999999,0.8455586731433868,0.0,0.0,1.0,0.643333,1.0,1.0,0.0,1.0,1.0,0
43,q2_photocatalysis,photocatalytic MOFs with suitable band gaps,Random,100,0.04812499999928832,0.77916655,0.8751665499999999,0.8571057260036469,0.08485281467437744,0.03818772068353965,0.847539181764425,0.643333,1.0,0.76,0.0,0.76,1.0,0
43,q2_photocatalysis,photocatalytic MOFs with suitable band gaps,MMR,100,1646.409540999997,0.8751665499999998,0.8751665499999999,0.8455586731433868,0.0,0.0,1.0,0.643333,1.0,1.0,0.0,1.0,1.0,0
43,q2_photocatalysis,photocatalytic MOFs with suitable band gaps,LEA,100,94.9986669999987,0.8751665499999998,0.8751665499999999,0.8455586731433868,0.0,0.0,1.0,0.643333,1.0,1.0,0.0,1.0,1.0,0
43,q2_photocatalysis,photocatalytic MOFs with suitable band gaps,LEA no diversity,100,94.60429199999965,0.8751665499999998,0.8751665499999999,0.8455586731433868,0.0,0.0,1.0,0.643333,1.0,1.0,0.0,1.0,1.0,0
43,q2_photocatalysis,photocatalytic MOFs with suitable band gaps,LEA no self-cleaning,100,97.33354199999411,0.8751665499999998,0.8751665499999999,0.8455586731433868,0.0,0.0,1.0,0.643333,1.0,1.0,0.0,1.0,1.0,0
43,q2_photocatalysis,photocatalytic MOFs with suitable band gaps,GraphSAGE only,100,0.03958299999595738,0.8751665499999998,0.8751665499999999,0.8455586731433868,0.0046114866388961675,0.004035818852133854,1.0,0.643333,1.0,1.0,0.0,1.0,1.0,0
43,q2_photocatalysis,photocatalytic MOFs with suitable band gaps,GAT only,100,0.05800000000277805,0.8751665499999998,0.8751665499999999,0.8455586731433868,0.017575409595156088,0.015381410580229645,1.0,0.643333,1.0,1.0,0.0,1.0,1.0,0
43,q2_photocatalysis,photocatalytic MOFs with suitable band gaps,LEA + GraphSAGE,100,99.80404200000237,0.8751665499999998,0.8751665499999999,0.8455586731433868,0.0046114866388961675,0.004035818852133854,1.0,0.643333,1.0,1.0,0.0,1.0,1.0,0
43,q2_photocatalysis,photocatalytic MOFs with suitable band gaps,LEA + GAT,100,95.72354099999814,0.8751665499999998,0.8751665499999999,0.8455586731433868,0.017575409595156088,0.015381410580229645,1.0,0.643333,1.0,1.0,0.0,1.0,1.0,0
44,q2_photocatalysis,photocatalytic MOFs with suitable band gaps,SemanticOnly,100,0.06258300000183681,0.75516655,0.75516655,0.8599924892187119,0.0,0.0,0.8245146071997896,0.643333,1.0,0.7,0.0,0.7,1.0,0
44,q2_photocatalysis,photocatalytic MOFs with suitable band gaps,WeightedSum,100,0.04879200000118544,0.8751665499999998,0.8751665499999999,0.8455586731433868,0.0,0.0,1.0,0.643333,1.0,1.0,0.0,1.0,1.0,0
44,q2_photocatalysis,photocatalytic MOFs with suitable band gaps,TOPSIS,100,1.2286249999959864,0.8751665499999998,0.8751665499999999,0.8455586731433868,0.0,0.0,1.0,0.643333,1.0,1.0,0.0,1.0,1.0,0
44,q2_photocatalysis,photocatalytic MOFs with suitable band gaps,ParetoCrowding,100,195.7912500000063,0.8751665499999998,0.8751665499999999,0.8455586731433868,0.0,0.0,1.0,0.643333,1.0,1.0,0.0,1.0,1.0,0
44,q2_photocatalysis,photocatalytic MOFs with suitable band gaps,Random,100,0.042000000000541604,0.75516655,0.75516655,0.8599924892187119,0.0,0.0,0.8245146071997896,0.643333,1.0,0.7,0.0,0.7,1.0,0
44,q2_photocatalysis,photocatalytic MOFs with suitable band gaps,MMR,100,1803.1952500000016,0.8751665499999998,0.8751665499999999,0.8455586731433868,0.0,0.0,1.0,0.643333,1.0,1.0,0.0,1.0,1.0,0
44,q2_photocatalysis,photocatalytic MOFs with suitable band gaps,LEA,100,94.45712500000525,0.8751665499999998,0.8751665499999999,0.8455586731433868,0.0,0.0,1.0,0.643333,1.0,1.0,0.0,1.0,1.0,0
44,q2_photocatalysis,photocatalytic MOFs with suitable band gaps,LEA no diversity,100,100.9932920000054,0.8751665499999998,0.8751665499999999,0.8455586731433868,0.0,0.0,1.0,0.643333,1.0,1.0,0.0,1.0,1.0,0
44,q2_photocatalysis,photocatalytic MOFs with suitable band gaps,LEA no self-cleaning,100,113.28100000000063,0.8751665499999998,0.8751665499999999,0.8455586731433868,0.0,0.0,1.0,0.643333,1.0,1.0,0.0,1.0,1.0,0
44,q2_photocatalysis,photocatalytic MOFs with suitable band gaps,GraphSAGE only,100,0.03954099999958771,0.8751665499999998,0.8751665499999999,0.8455586731433868,0.0046114866388961675,0.004035818852133854,1.0,0.643333,1.0,1.0,0.0,1.0,1.0,0
44,q2_photocatalysis,photocatalytic MOFs with suitable band gaps,GAT only,100,0.03933400000022402,0.8751665499999998,0.8751665499999999,0.8455586731433868,0.017575409595156088,0.015381410580229645,1.0,0.643333,1.0,1.0,0.0,1.0,1.0,0
44,q2_photocatalysis,photocatalytic MOFs with suitable band gaps,LEA + GraphSAGE,100,109.47062500000015,0.8751665499999998,0.8751665499999999,0.8455586731433868,0.0046114866388961675,0.004035818852133854,1.0,0.643333,1.0,1.0,0.0,1.0,1.0,0
44,q2_photocatalysis,photocatalytic MOFs with suitable band gaps,LEA + GAT,100,110.03712499999807,0.8751665499999998,0.8751665499999999,0.8455586731433868,0.017575409595156088,0.015381410580229645,1.0,0.643333,1.0,1.0,0.0,1.0,1.0,0
45,q2_photocatalysis,photocatalytic MOFs with suitable band gaps,SemanticOnly,100,0.05850000000151567,0.75516655,0.75516655,0.8599924892187119,0.0,0.0,0.8245146071997896,0.643333,1.0,0.7,0.0,0.7,1.0,0
45,q2_photocatalysis,photocatalytic MOFs with suitable band gaps,WeightedSum,100,0.047458999993921225,0.8751665499999998,0.8751665499999999,0.8455586731433868,0.0,0.0,1.0,0.643333,1.0,1.0,0.0,1.0,1.0,0
45,q2_photocatalysis,photocatalytic MOFs with suitable band gaps,TOPSIS,100,1.260832999996353,0.8751665499999998,0.8751665499999999,0.8455586731433868,0.0,0.0,1.0,0.643333,1.0,1.0,0.0,1.0,1.0,0
45,q2_photocatalysis,photocatalytic MOFs with suitable band gaps,ParetoCrowding,100,188.86262499999873,0.8751665499999998,0.8751665499999999,0.8455586731433868,0.0,0.0,1.0,0.643333,1.0,1.0,0.0,1.0,1.0,0
45,q2_photocatalysis,photocatalytic MOFs with suitable band gaps,Random,100,0.04316600000464632,0.75516655,0.75516655,0.8599924892187119,0.0,0.0,0.8245146071997896,0.643333,1.0,0.7,0.0,0.7,1.0,0
45,q2_photocatalysis,photocatalytic MOFs with suitable band gaps,MMR,100,1712.7789160000048,0.8751665499999998,0.8751665499999999,0.8455586731433868,0.0,0.0,1.0,0.643333,1.0,1.0,0.0,1.0,1.0,0
45,q2_photocatalysis,photocatalytic MOFs with suitable band gaps,LEA,100,95.87874999999713,0.8751665499999998,0.8751665499999999,0.8455586731433868,0.0,0.0,1.0,0.643333,1.0,1.0,0.0,1.0,1.0,0
45,q2_photocatalysis,photocatalytic MOFs with suitable band gaps,LEA no diversity,100,94.5216670000022,0.8751665499999998,0.8751665499999999,0.8455586731433868,0.0,0.0,1.0,0.643333,1.0,1.0,0.0,1.0,1.0,0
45,q2_photocatalysis,photocatalytic MOFs with suitable band gaps,LEA no self-cleaning,100,93.7590829999948,0.8751665499999998,0.8751665499999999,0.8455586731433868,0.0,0.0,1.0,0.643333,1.0,1.0,0.0,1.0,1.0,0
45,q2_photocatalysis,photocatalytic MOFs with suitable band gaps,GraphSAGE only,100,0.04312499999770125,0.8751665499999998,0.8751665499999999,0.8455586731433868,0.0046114866388961675,0.004035818852133854,1.0,0.643333,1.0,1.0,0.0,1.0,1.0,0
45,q2_photocatalysis,photocatalytic MOFs with suitable band gaps,GAT only,100,0.03695800000258487,0.8751665499999998,0.8751665499999999,0.8455586731433868,0.017575409595156088,0.015381410580229645,1.0,0.643333,1.0,1.0,0.0,1.0,1.0,0
45,q2_photocatalysis,photocatalytic MOFs with suitable band gaps,LEA + GraphSAGE,100,95.8873330000003,0.8751665499999998,0.8751665499999999,0.8455586731433868,0.0046114866388961675,0.004035818852133854,1.0,0.643333,1.0,1.0,0.0,1.0,1.0,0
45,q2_photocatalysis,photocatalytic MOFs with suitable band gaps,LEA + GAT,100,94.46633400000337,0.8751665499999998,0.8751665499999999,0.8455586731433868,0.017575409595156088,0.015381410580229645,1.0,0.643333,1.0,1.0,0.0,1.0,1.0,0
46,q2_photocatalysis,photocatalytic MOFs with suitable band gaps,SemanticOnly,100,0.04887499999739475,0.75516655,0.75516655,0.8599924892187119,0.0,0.0,0.8245146071997896,0.643333,1.0,0.7,0.0,0.7,1.0,0
46,q2_photocatalysis,photocatalytic MOFs with suitable band gaps,WeightedSum,100,0.04558299999501969,0.8751665499999998,0.8751665499999999,0.8455586731433868,0.0,0.0,1.0,0.643333,1.0,1.0,0.0,1.0,1.0,0
46,q2_photocatalysis,photocatalytic MOFs with suitable band gaps,TOPSIS,100,1.1670830000056753,0.8751665499999998,0.8751665499999999,0.8455586731433868,0.0,0.0,1.0,0.643333,1.0,1.0,0.0,1.0,1.0,0
46,q2_photocatalysis,photocatalytic MOFs with suitable band gaps,ParetoCrowding,100,185.55495799999733,0.8751665499999998,0.8751665499999999,0.8455586731433868,0.0,0.0,1.0,0.643333,1.0,1.0,0.0,1.0,1.0,0
46,q2_photocatalysis,photocatalytic MOFs with suitable band gaps,Random,100,0.043083000001331584,0.75516655,0.75516655,0.8599924892187119,0.0,0.0,0.8245146071997896,0.643333,1.0,0.7,0.0,0.7,1.0,0
46,q2_photocatalysis,photocatalytic MOFs with suitable band gaps,MMR,100,1666.6633749999987,0.8751665499999998,0.8751665499999999,0.8455586731433868,0.0,0.0,1.0,0.643333,1.0,1.0,0.0,1.0,1.0,0
46,q2_photocatalysis,photocatalytic MOFs with suitable band gaps,LEA,100,93.91624999999948,0.8751665499999998,0.8751665499999999,0.8455586731433868,0.0,0.0,1.0,0.643333,1.0,1.0,0.0,1.0,1.0,0
46,q2_photocatalysis,photocatalytic MOFs with suitable band gaps,LEA no diversity,100,92.20770800000366,0.8751665499999998,0.8751665499999999,0.8455586731433868,0.0,0.0,1.0,0.643333,1.0,1.0,0.0,1.0,1.0,0
46,q2_photocatalysis,photocatalytic MOFs with suitable band gaps,LEA no self-cleaning,100,92.45604100000548,0.8751665499999998,0.8751665499999999,0.8455586731433868,0.0,0.0,1.0,0.643333,1.0,1.0,0.0,1.0,1.0,0
46,q2_photocatalysis,photocatalytic MOFs with suitable band gaps,GraphSAGE only,100,0.08220800000202644,0.8751665499999998,0.8751665499999999,0.8455586731433868,0.0046114866388961675,0.004035818852133854,1.0,0.643333,1.0,1.0,0.0,1.0,1.0,0
46,q2_photocatalysis,photocatalytic MOFs with suitable band gaps,GAT only,100,0.061625000000731234,0.8751665499999998,0.8751665499999999,0.8455586731433868,0.017575409595156088,0.015381410580229645,1.0,0.643333,1.0,1.0,0.0,1.0,1.0,0
46,q2_photocatalysis,photocatalytic MOFs with suitable band gaps,LEA + GraphSAGE,100,102.48162500000291,0.8751665499999998,0.8751665499999999,0.8455586731433868,0.0046114866388961675,0.004035818852133854,1.0,0.643333,1.0,1.0,0.0,1.0,1.0,0
46,q2_photocatalysis,photocatalytic MOFs with suitable band gaps,LEA + GAT,100,101.2397089999979,0.8751665499999998,0.8751665499999999,0.8455586731433868,0.017575409595156088,0.015381410580229645,1.0,0.643333,1.0,1.0,0.0,1.0,1.0,0
47,q2_photocatalysis,photocatalytic MOFs with suitable band gaps,SemanticOnly,100,0.07312500000011823,0.75516655,0.75516655,0.8599924892187119,0.0,0.0,0.8245146071997896,0.643333,1.0,0.7,0.0,0.7,1.0,0
47,q2_photocatalysis,photocatalytic MOFs with suitable band gaps,WeightedSum,100,0.056707999995353475,0.8751665499999998,0.8751665499999999,0.8455586731433868,0.0,0.0,1.0,0.643333,1.0,1.0,0.0,1.0,1.0,0
47,q2_photocatalysis,photocatalytic MOFs with suitable band gaps,TOPSIS,100,1.5982500000006894,0.8751665499999998,0.8751665499999999,0.8455586731433868,0.0,0.0,1.0,0.643333,1.0,1.0,0.0,1.0,1.0,0
47,q2_photocatalysis,photocatalytic MOFs with suitable band gaps,ParetoCrowding,100,195.5071249999989,0.8751665499999998,0.8751665499999999,0.8455586731433868,0.0,0.0,1.0,0.643333,1.0,1.0,0.0,1.0,1.0,0
47,q2_photocatalysis,photocatalytic MOFs with suitable band gaps,Random,100,0.04583300000149393,0.75516655,0.75516655,0.8599924892187119,0.0,0.0,0.8245146071997896,0.643333,1.0,0.7,0.0,0.7,1.0,0
47,q2_photocatalysis,photocatalytic MOFs with suitable band gaps,MMR,100,1707.6824589999974,0.8751665499999998,0.8751665499999999,0.8455586731433868,0.0,0.0,1.0,0.643333,1.0,1.0,0.0,1.0,1.0,0
47,q2_photocatalysis,photocatalytic MOFs with suitable band gaps,LEA,100,90.63833300000113,0.8751665499999998,0.8751665499999999,0.8455586731433868,0.0,0.0,1.0,0.643333,1.0,1.0,0.0,1.0,1.0,0
47,q2_photocatalysis,photocatalytic MOFs with suitable band gaps,LEA no diversity,100,90.53491600000285,0.8751665499999998,0.8751665499999999,0.8455586731433868,0.0,0.0,1.0,0.643333,1.0,1.0,0.0,1.0,1.0,0
47,q2_photocatalysis,photocatalytic MOFs with suitable band gaps,LEA no self-cleaning,100,90.36345800000589,0.8751665499999998,0.8751665499999999,0.8455586731433868,0.0,0.0,1.0,0.643333,1.0,1.0,0.0,1.0,1.0,0
47,q2_photocatalysis,photocatalytic MOFs with suitable band gaps,GraphSAGE only,100,0.04058300000053805,0.8751665499999998,0.8751665499999999,0.8455586731433868,0.0046114866388961675,0.004035818852133854,1.0,0.643333,1.0,1.0,0.0,1.0,1.0,0
47,q2_photocatalysis,photocatalytic MOFs with suitable band gaps,GAT only,100,0.042958999998177205,0.8751665499999998,0.8751665499999999,0.8455586731433868,0.017575409595156088,0.015381410580229645,1.0,0.643333,1.0,1.0,0.0,1.0,1.0,0
47,q2_photocatalysis,photocatalytic MOFs with suitable band gaps,LEA + GraphSAGE,100,96.18516600000504,0.8751665499999998,0.8751665499999999,0.8455586731433868,0.0046114866388961675,0.004035818852133854,1.0,0.643333,1.0,1.0,0.0,1.0,1.0,0
47,q2_photocatalysis,photocatalytic MOFs with suitable band gaps,LEA + GAT,100,93.63595800000013,0.8751665499999998,0.8751665499999999,0.8455586731433868,0.017575409595156088,0.015381410580229645,1.0,0.643333,1.0,1.0,0.0,1.0,1.0,0
48,q2_photocatalysis,photocatalytic MOFs with suitable band gaps,SemanticOnly,100,0.04575000000528462,0.75516655,0.75516655,0.8599924892187119,0.0,0.0,0.8245146071997896,0.643333,1.0,0.7,0.0,0.7,1.0,0
48,q2_photocatalysis,photocatalytic MOFs with suitable band gaps,WeightedSum,100,0.04524999999944157,0.8751665499999998,0.8751665499999999,0.8455586731433868,0.0,0.0,1.0,0.643333,1.0,1.0,0.0,1.0,1.0,0
48,q2_photocatalysis,photocatalytic MOFs with suitable band gaps,TOPSIS,100,1.148000000000593,0.8751665499999998,0.8751665499999999,0.8455586731433868,0.0,0.0,1.0,0.643333,1.0,1.0,0.0,1.0,1.0,0
48,q2_photocatalysis,photocatalytic MOFs with suitable band gaps,ParetoCrowding,100,184.58474999999908,0.8751665499999998,0.8751665499999999,0.8455586731433868,0.0,0.0,1.0,0.643333,1.0,1.0,0.0,1.0,1.0,0
48,q2_photocatalysis,photocatalytic MOFs with suitable band gaps,Random,100,0.04941699999960747,0.75516655,0.75516655,0.8599924892187119,0.0,0.0,0.8245146071997896,0.643333,1.0,0.7,0.0,0.7,1.0,0
48,q2_photocatalysis,photocatalytic MOFs with suitable band gaps,MMR,100,1656.1168329999987,0.8751665499999998,0.8751665499999999,0.8455586731433868,0.0,0.0,1.0,0.643333,1.0,1.0,0.0,1.0,1.0,0
48,q2_photocatalysis,photocatalytic MOFs with suitable band gaps,LEA,100,90.89995899999792,0.8751665499999998,0.8751665499999999,0.8455586731433868,0.0,0.0,1.0,0.643333,1.0,1.0,0.0,1.0,1.0,0
48,q2_photocatalysis,photocatalytic MOFs with suitable band gaps,LEA no diversity,100,92.69112500000176,0.8751665499999998,0.8751665499999999,0.8455586731433868,0.0,0.0,1.0,0.643333,1.0,1.0,0.0,1.0,1.0,0
48,q2_photocatalysis,photocatalytic MOFs with suitable band gaps,LEA no self-cleaning,100,92.38204100000047,0.8751665499999998,0.8751665499999999,0.8455586731433868,0.0,0.0,1.0,0.643333,1.0,1.0,0.0,1.0,1.0,0
48,q2_photocatalysis,photocatalytic MOFs with suitable band gaps,GraphSAGE only,100,0.043333000000700395,0.8751665499999998,0.8751665499999999,0.8455586731433868,0.0046114866388961675,0.004035818852133854,1.0,0.643333,1.0,1.0,0.0,1.0,1.0,0
48,q2_photocatalysis,photocatalytic MOFs with suitable band gaps,GAT only,100,0.038666000001796874,0.8751665499999998,0.8751665499999999,0.8455586731433868,0.017575409595156088,0.015381410580229645,1.0,0.643333,1.0,1.0,0.0,1.0,1.0,0
48,q2_photocatalysis,photocatalytic MOFs with suitable band gaps,LEA + GraphSAGE,100,98.31291700000122,0.8751665499999998,0.8751665499999999,0.8455586731433868,0.0046114866388961675,0.004035818852133854,1.0,0.643333,1.0,1.0,0.0,1.0,1.0,0
48,q2_photocatalysis,photocatalytic MOFs with suitable band gaps,LEA + GAT,100,94.26004200000193,0.8751665499999998,0.8751665499999999,0.8455586731433868,0.017575409595156088,0.015381410580229645,1.0,0.643333,1.0,1.0,0.0,1.0,1.0,0
49,q2_photocatalysis,photocatalytic MOFs with suitable band gaps,SemanticOnly,100,0.04574999999817919,0.75516655,0.75516655,0.8599924892187119,0.0,0.0,0.8245146071997896,0.643333,1.0,0.7,0.0,0.7,1.0,0
49,q2_photocatalysis,photocatalytic MOFs with suitable band gaps,WeightedSum,100,0.04570800000180952,0.8751665499999998,0.8751665499999999,0.8455586731433868,0.0,0.0,1.0,0.643333,1.0,1.0,0.0,1.0,1.0,0
49,q2_photocatalysis,photocatalytic MOFs with suitable band gaps,TOPSIS,100,1.1809169999992264,0.8751665499999998,0.8751665499999999,0.8455586731433868,0.0,0.0,1.0,0.643333,1.0,1.0,0.0,1.0,1.0,0
49,q2_photocatalysis,photocatalytic MOFs with suitable band gaps,ParetoCrowding,100,186.17195800000275,0.8751665499999998,0.8751665499999999,0.8455586731433868,0.0,0.0,1.0,0.643333,1.0,1.0,0.0,1.0,1.0,0
49,q2_photocatalysis,photocatalytic MOFs with suitable band gaps,Random,100,0.047791000000074746,0.75516655,0.75516655,0.8599924892187119,0.0,0.0,0.8245146071997896,0.643333,1.0,0.7,0.0,0.7,1.0,0
49,q2_photocatalysis,photocatalytic MOFs with suitable band gaps,MMR,100,1659.2302080000038,0.8751665499999998,0.8751665499999999,0.8455586731433868,0.0,0.0,1.0,0.643333,1.0,1.0,0.0,1.0,1.0,0
49,q2_photocatalysis,photocatalytic MOFs with suitable band gaps,LEA,100,94.04091700000095,0.8751665499999998,0.8751665499999999,0.8455586731433868,0.0,0.0,1.0,0.643333,1.0,1.0,0.0,1.0,1.0,0
49,q2_photocatalysis,photocatalytic MOFs with suitable band gaps,LEA no diversity,100,90.90091699999903,0.8751665499999998,0.8751665499999999,0.8455586731433868,0.0,0.0,1.0,0.643333,1.0,1.0,0.0,1.0,1.0,0
49,q2_photocatalysis,photocatalytic MOFs with suitable band gaps,LEA no self-cleaning,100,90.70862500000487,0.8751665499999998,0.8751665499999999,0.8455586731433868,0.0,0.0,1.0,0.643333,1.0,1.0,0.0,1.0,1.0,0
49,q2_photocatalysis,photocatalytic MOFs with suitable band gaps,GraphSAGE only,100,0.03808399999627454,0.8751665499999998,0.8751665499999999,0.8455586731433868,0.0046114866388961675,0.004035818852133854,1.0,0.643333,1.0,1.0,0.0,1.0,1.0,0
49,q2_photocatalysis,photocatalytic MOFs with suitable band gaps,GAT only,100,0.036500000000216914,0.8751665499999998,0.8751665499999999,0.8455586731433868,0.017575409595156088,0.015381410580229645,1.0,0.643333,1.0,1.0,0.0,1.0,1.0,0
49,q2_photocatalysis,photocatalytic MOFs with suitable band gaps,LEA + GraphSAGE,100,94.69329099999868,0.8751665499999998,0.8751665499999999,0.8455586731433868,0.0046114866388961675,0.004035818852133854,1.0,0.643333,1.0,1.0,0.0,1.0,1.0,0
49,q2_photocatalysis,photocatalytic MOFs with suitable band gaps,LEA + GAT,100,94.0292499999984,0.8751665499999998,0.8751665499999999,0.8455586731433868,0.017575409595156088,0.015381410580229645,1.0,0.643333,1.0,1.0,0.0,1.0,1.0,0
50,q2_photocatalysis,photocatalytic MOFs with suitable band gaps,SemanticOnly,100,0.046499999996285624,0.75516655,0.75516655,0.8599924892187119,0.0,0.0,0.8245146071997896,0.643333,1.0,0.7,0.0,0.7,1.0,0
50,q2_photocatalysis,photocatalytic MOFs with suitable band gaps,WeightedSum,100,0.05333400000040456,0.8751665499999998,0.8751665499999999,0.8455586731433868,0.0,0.0,1.0,0.643333,1.0,1.0,0.0,1.0,1.0,0
50,q2_photocatalysis,photocatalytic MOFs with suitable band gaps,TOPSIS,100,1.1880840000060289,0.8751665499999998,0.8751665499999999,0.8455586731433868,0.0,0.0,1.0,0.643333,1.0,1.0,0.0,1.0,1.0,0
50,q2_photocatalysis,photocatalytic MOFs with suitable band gaps,ParetoCrowding,100,185.98429200000055,0.8751665499999998,0.8751665499999999,0.8455586731433868,0.0,0.0,1.0,0.643333,1.0,1.0,0.0,1.0,1.0,0
50,q2_photocatalysis,photocatalytic MOFs with suitable band gaps,Random,100,0.04400000000259752,0.77916655,0.8751665499999999,0.8571057260036469,0.08485281467437744,0.03818772068353965,0.847539181764425,0.643333,1.0,0.76,0.0,0.76,1.0,0
50,q2_photocatalysis,photocatalytic MOFs with suitable band gaps,MMR,100,1695.7114579999982,0.8751665499999998,0.8751665499999999,0.8455586731433868,0.0,0.0,1.0,0.643333,1.0,1.0,0.0,1.0,1.0,0
50,q2_photocatalysis,photocatalytic MOFs with suitable band gaps,LEA,100,94.06787500000036,0.8751665499999998,0.8751665499999999,0.8455586731433868,0.0,0.0,1.0,0.643333,1.0,1.0,0.0,1.0,1.0,0
50,q2_photocatalysis,photocatalytic MOFs with suitable band gaps,LEA no diversity,100,94.4211659999965,0.8751665499999998,0.8751665499999999,0.8455586731433868,0.0,0.0,1.0,0.643333,1.0,1.0,0.0,1.0,1.0,0
50,q2_photocatalysis,photocatalytic MOFs with suitable band gaps,LEA no self-cleaning,100,93.56562500000365,0.8751665499999998,0.8751665499999999,0.8455586731433868,0.0,0.0,1.0,0.643333,1.0,1.0,0.0,1.0,1.0,0
50,q2_photocatalysis,photocatalytic MOFs with suitable band gaps,GraphSAGE only,100,0.05695800000182771,0.8751665499999998,0.8751665499999999,0.8455586731433868,0.0046114866388961675,0.004035818852133854,1.0,0.643333,1.0,1.0,0.0,1.0,1.0,0
50,q2_photocatalysis,photocatalytic MOFs with suitable band gaps,GAT only,100,0.044166000002121564,0.8751665499999998,0.8751665499999999,0.8455586731433868,0.017575409595156088,0.015381410580229645,1.0,0.643333,1.0,1.0,0.0,1.0,1.0,0
50,q2_photocatalysis,photocatalytic MOFs with suitable band gaps,LEA + GraphSAGE,100,96.34079199999945,0.8751665499999998,0.8751665499999999,0.8455586731433868,0.0046114866388961675,0.004035818852133854,1.0,0.643333,1.0,1.0,0.0,1.0,1.0,0
50,q2_photocatalysis,photocatalytic MOFs with suitable band gaps,LEA + GAT,100,96.48287499999952,0.8751665499999998,0.8751665499999999,0.8455586731433868,0.017575409595156088,0.015381410580229645,1.0,0.643333,1.0,1.0,0.0,1.0,1.0,0
51,q2_photocatalysis,photocatalytic MOFs with suitable band gaps,SemanticOnly,100,0.048833000001025084,0.75516655,0.75516655,0.8599924892187119,0.0,0.0,0.8245146071997896,0.643333,1.0,0.7,0.0,0.7,1.0,0
51,q2_photocatalysis,photocatalytic MOFs with suitable band gaps,WeightedSum,100,0.04541700000260107,0.8751665499999998,0.8751665499999999,0.8455586731433868,0.0,0.0,1.0,0.643333,1.0,1.0,0.0,1.0,1.0,0
51,q2_photocatalysis,photocatalytic MOFs with suitable band gaps,TOPSIS,100,1.2583749999990346,0.8751665499999998,0.8751665499999999,0.8455586731433868,0.0,0.0,1.0,0.643333,1.0,1.0,0.0,1.0,1.0,0
51,q2_photocatalysis,photocatalytic MOFs with suitable band gaps,ParetoCrowding,100,221.88587499999812,0.8751665499999998,0.8751665499999999,0.8455586731433868,0.0,0.0,1.0,0.643333,1.0,1.0,0.0,1.0,1.0,0
51,q2_photocatalysis,photocatalytic MOFs with suitable band gaps,Random,100,0.04591700000133869,0.77916655,0.8751665499999999,0.8571057260036469,0.08485281467437744,0.03818772068353965,0.862066070920578,0.643333,1.0,0.76,0.0,0.76,1.0,0
51,q2_photocatalysis,photocatalytic MOFs with suitable band gaps,MMR,100,1714.2035839999962,0.8751665499999998,0.8751665499999999,0.8455586731433868,0.0,0.0,1.0,0.643333,1.0,1.0,0.0,1.0,1.0,0
51,q2_photocatalysis,photocatalytic MOFs with suitable band gaps,LEA,100,91.17416699999836,0.8751665499999998,0.8751665499999999,0.8455586731433868,0.0,0.0,1.0,0.643333,1.0,1.0,0.0,1.0,1.0,0
51,q2_photocatalysis,photocatalytic MOFs with suitable band gaps,LEA no diversity,100,91.61758299999434,0.8751665499999998,0.8751665499999999,0.8455586731433868,0.0,0.0,1.0,0.643333,1.0,1.0,0.0,1.0,1.0,0
51,q2_photocatalysis,photocatalytic MOFs with suitable band gaps,LEA no self-cleaning,100,91.77999999999997,0.8751665499999998,0.8751665499999999,0.8455586731433868,0.0,0.0,1.0,0.643333,1.0,1.0,0.0,1.0,1.0,0
51,q2_photocatalysis,photocatalytic MOFs with suitable band gaps,GraphSAGE only,100,0.04558299999501969,0.8751665499999998,0.8751665499999999,0.8455586731433868,0.0046114866388961675,0.004035818852133854,1.0,0.643333,1.0,1.0,0.0,1.0,1.0,0
51,q2_photocatalysis,photocatalytic MOFs with suitable band gaps,GAT only,100,0.04145900000196434,0.8751665499999998,0.8751665499999999,0.8455586731433868,0.017575409595156088,0.015381410580229645,1.0,0.643333,1.0,1.0,0.0,1.0,1.0,0
51,q2_photocatalysis,photocatalytic MOFs with suitable band gaps,LEA + GraphSAGE,100,96.9689169999981,0.8751665499999998,0.8751665499999999,0.8455586731433868,0.0046114866388961675,0.004035818852133854,1.0,0.643333,1.0,1.0,0.0,1.0,1.0,0
51,q2_photocatalysis,photocatalytic MOFs with suitable band gaps,LEA + GAT,100,94.46854200000132,0.8751665499999998,0.8751665499999999,0.8455586731433868,0.017575409595156088,0.015381410580229645,1.0,0.643333,1.0,1.0,0.0,1.0,1.0,0
42,q3_lightweight_storage,lightweight gas storage MOFs with low density,SemanticOnly,100,0.04770799999676001,0.8944462048562298,0.8944462048562299,0.8720471411943436,0.0,0.0,0.9664602669191326,0.728571,0.0,1.0,0.0,1.0,1.0,5
42,q3_lightweight_storage,lightweight gas storage MOFs with low density,WeightedSum,100,0.05012500000134423,0.9173958948894889,0.9173958948894889,0.8824677988886833,0.0,0.0,1.0,0.728571,1.0,1.0,0.0,1.0,1.0,0
42,q3_lightweight_storage,lightweight gas storage MOFs with low density,TOPSIS,100,1.170999999999367,0.9173958948894889,0.9173958948894889,0.8824677988886833,0.0,0.0,1.0,0.728571,1.0,1.0,0.0,1.0,1.0,0
42,q3_lightweight_storage,lightweight gas storage MOFs with low density,ParetoCrowding,100,187.48691700000109,0.9173958948894889,0.9173958948894889,0.8824677988886833,0.0,0.0,1.0,0.728571,1.0,1.0,0.0,1.0,1.0,0
42,q3_lightweight_storage,lightweight gas storage MOFs with low density,Random,100,0.04141599999485379,0.8944462048562298,0.8944462048562299,0.8720471411943436,0.0,0.0,0.9664602669191326,0.728571,0.0,1.0,0.0,1.0,1.0,5
42,q3_lightweight_storage,lightweight gas storage MOFs with low density,MMR,100,1693.7174589999984,0.9173958948894889,0.9173958948894889,0.8824677988886833,0.0,0.0,1.0,0.728571,1.0,1.0,0.0,1.0,1.0,0
42,q3_lightweight_storage,lightweight gas storage MOFs with low density,LEA,100,93.29050000000194,0.9173958948894889,0.9173958948894889,0.8824677988886833,0.0,0.0,1.0,0.728571,1.0,1.0,0.0,1.0,1.0,0
42,q3_lightweight_storage,lightweight gas storage MOFs with low density,LEA no diversity,100,95.65545799999597,0.9173958948894889,0.9173958948894889,0.8824677988886833,0.0,0.0,1.0,0.728571,1.0,1.0,0.0,1.0,1.0,0
42,q3_lightweight_storage,lightweight gas storage MOFs with low density,LEA no self-cleaning,100,90.39591699999505,0.9173958948894889,0.9173958948894889,0.8824677988886833,0.0,0.0,1.0,0.728571,1.0,1.0,0.0,1.0,1.0,0
42,q3_lightweight_storage,lightweight gas storage MOFs with low density,GraphSAGE only,100,0.04370799999975361,0.9173958948894889,0.9173958948894889,0.8824677988886833,0.002916367145371623,0.0026754632471545046,1.0,0.728571,1.0,1.0,0.0,1.0,1.0,0
42,q3_lightweight_storage,lightweight gas storage MOFs with low density,GAT only,100,0.04004100000543076,0.9173958948894889,0.9173958948894889,0.8824677988886833,0.012693268153816462,0.011644752097042703,1.0,0.728571,1.0,1.0,0.0,1.0,1.0,0
42,q3_lightweight_storage,lightweight gas storage MOFs with low density,LEA + GraphSAGE,100,94.10383300000547,0.9173958948894889,0.9173958948894889,0.8824677988886833,0.002916367145371623,0.0026754632471545046,1.0,0.728571,1.0,1.0,0.0,1.0,1.0,0
42,q3_lightweight_storage,lightweight gas storage MOFs with low density,LEA + GAT,100,97.6238330000001,0.9173958948894889,0.9173958948894889,0.8824677988886833,0.012693268153816462,0.011644752097042703,1.0,0.728571,1.0,1.0,0.0,1.0,1.0,0
43,q3_lightweight_storage,lightweight gas storage MOFs with low density,SemanticOnly,100,0.2380409999958033,0.8944462048562298,0.8944462048562299,0.8720471411943436,0.0,0.0,0.9664602669191326,0.728571,0.0,1.0,0.0,1.0,1.0,5
43,q3_lightweight_storage,lightweight gas storage MOFs with low density,WeightedSum,100,0.10758300000190957,0.9173958948894889,0.9173958948894889,0.8824677988886833,0.0,0.0,1.0,0.728571,1.0,1.0,0.0,1.0,1.0,0
43,q3_lightweight_storage,lightweight gas storage MOFs with low density,TOPSIS,100,1.2460840000017015,0.9173958948894889,0.9173958948894889,0.8824677988886833,0.0,0.0,1.0,0.728571,1.0,1.0,0.0,1.0,1.0,0
43,q3_lightweight_storage,lightweight gas storage MOFs with low density,ParetoCrowding,100,209.5794170000005,0.9173958948894889,0.9173958948894889,0.8824677988886833,0.0,0.0,1.0,0.728571,1.0,1.0,0.0,1.0,1.0,0
43,q3_lightweight_storage,lightweight gas storage MOFs with low density,Random,100,0.051083999998979834,0.8990361428628818,0.9173958948894889,0.8741312727332116,0.0,0.0,0.9708608501977511,0.728571,0.2,1.0,0.0,1.0,1.0,4
43,q3_lightweight_storage,lightweight gas storage MOFs with low density,MMR,100,1708.8095419999972,0.9173958948894889,0.9173958948894889,0.8824677988886833,0.0,0.0,1.0,0.728571,1.0,1.0,0.0,1.0,1.0,0
43,q3_lightweight_storage,lightweight gas storage MOFs with low density,LEA,100,91.91354200000035,0.9173958948894889,0.9173958948894889,0.8824677988886833,0.0,0.0,1.0,0.728571,1.0,1.0,0.0,1.0,1.0,0
43,q3_lightweight_storage,lightweight gas storage MOFs with low density,LEA no diversity,100,91.58941700000156,0.9173958948894889,0.9173958948894889,0.8824677988886833,0.0,0.0,1.0,0.728571,1.0,1.0,0.0,1.0,1.0,0
43,q3_lightweight_storage,lightweight gas storage MOFs with low density,LEA no self-cleaning,100,92.25191699999868,0.9173958948894889,0.9173958948894889,0.8824677988886833,0.0,0.0,1.0,0.728571,1.0,1.0,0.0,1.0,1.0,0
43,q3_lightweight_storage,lightweight gas storage MOFs with low density,GraphSAGE only,100,0.03829100000274366,0.9173958948894889,0.9173958948894889,0.8824677988886833,0.002916367145371623,0.0026754632471545046,1.0,0.728571,1.0,1.0,0.0,1.0,1.0,0
43,q3_lightweight_storage,lightweight gas storage MOFs with low density,GAT only,100,0.03566600000226572,0.9173958948894889,0.9173958948894889,0.8824677988886833,0.012693268153816462,0.011644752097042703,1.0,0.728571,1.0,1.0,0.0,1.0,1.0,0
43,q3_lightweight_storage,lightweight gas storage MOFs with low density,LEA + GraphSAGE,100,96.56991699999651,0.9173958948894889,0.9173958948894889,0.8824677988886833,0.002916367145371623,0.0026754632471545046,1.0,0.728571,1.0,1.0,0.0,1.0,1.0,0
43,q3_lightweight_storage,lightweight gas storage MOFs with low density,LEA + GAT,100,95.97833299999792,0.9173958948894889,0.9173958948894889,0.8824677988886833,0.012693268153816462,0.011644752097042703,1.0,0.728571,1.0,1.0,0.0,1.0,1.0,0
44,q3_lightweight_storage,lightweight gas storage MOFs with low density,SemanticOnly,100,0.05091700000292576,0.8944462048562298,0.8944462048562299,0.8720471411943436,0.0,0.0,0.9664602669191326,0.728571,0.0,1.0,0.0,1.0,1.0,5
44,q3_lightweight_storage,lightweight gas storage MOFs with low density,WeightedSum,100,0.04470799999722885,0.9173958948894889,0.9173958948894889,0.8824677988886833,0.0,0.0,1.0,0.728571,1.0,1.0,0.0,1.0,1.0,0
44,q3_lightweight_storage,lightweight gas storage MOFs with low density,TOPSIS,100,1.145375000000115,0.9173958948894889,0.9173958948894889,0.8824677988886833,0.0,0.0,1.0,0.728571,1.0,1.0,0.0,1.0,1.0,0
44,q3_lightweight_storage,lightweight gas storage MOFs with low density,ParetoCrowding,100,199.350416999998,0.9173958948894889,0.9173958948894889,0.8824677988886833,0.0,0.0,1.0,0.728571,1.0,1.0,0.0,1.0,1.0,0
44,q3_lightweight_storage,lightweight gas storage MOFs with low density,Random,100,0.062042000003259545,0.8944462048562298,0.8944462048562299,0.8720471411943436,0.0,0.0,0.9664602669191326,0.728571,0.0,1.0,0.0,1.0,1.0,5
44,q3_lightweight_storage,lightweight gas storage MOFs with low density,MMR,100,1753.6644159999994,0.9173958948894889,0.9173958948894889,0.8824677988886833,0.0,0.0,1.0,0.728571,1.0,1.0,0.0,1.0,1.0,0
44,q3_lightweight_storage,lightweight gas storage MOFs with low density,LEA,100,91.50900000000206,0.9173958948894889,0.9173958948894889,0.8824677988886833,0.0,0.0,1.0,0.728571,1.0,1.0,0.0,1.0,1.0,0
44,q3_lightweight_storage,lightweight gas storage MOFs with low density,LEA no diversity,100,91.06245899999976,0.9173958948894889,0.9173958948894889,0.8824677988886833,0.0,0.0,1.0,0.728571,1.0,1.0,0.0,1.0,1.0,0
44,q3_lightweight_storage,lightweight gas storage MOFs with low density,LEA no self-cleaning,100,91.20958399999779,0.9173958948894889,0.9173958948894889,0.8824677988886833,0.0,0.0,1.0,0.728571,1.0,1.0,0.0,1.0,1.0,0
44,q3_lightweight_storage,lightweight gas storage MOFs with low density,GraphSAGE only,100,0.04579100000512426,0.9173958948894889,0.9173958948894889,0.8824677988886833,0.002916367145371623,0.0026754632471545046,1.0,0.728571,1.0,1.0,0.0,1.0,1.0,0
44,q3_lightweight_storage,lightweight gas storage MOFs with low density,GAT only,100,0.0362920000043232,0.9173958948894889,0.9173958948894889,0.8824677988886833,0.012693268153816462,0.011644752097042703,1.0,0.728571,1.0,1.0,0.0,1.0,1.0,0
44,q3_lightweight_storage,lightweight gas storage MOFs with low density,LEA + GraphSAGE,100,97.33899999999096,0.9173958948894889,0.9173958948894889,0.8824677988886833,0.002916367145371623,0.0026754632471545046,1.0,0.728571,1.0,1.0,0.0,1.0,1.0,0
44,q3_lightweight_storage,lightweight gas storage MOFs with low density,LEA + GAT,100,101.00725000000921,0.9173958948894889,0.9173958948894889,0.8824677988886833,0.012693268153816462,0.011644752097042703,1.0,0.728571,1.0,1.0,0.0,1.0,1.0,0
45,q3_lightweight_storage,lightweight gas storage MOFs with low density,SemanticOnly,100,0.06183400000736583,0.8944462048562298,0.8944462048562299,0.8720471411943436,0.0,0.0,0.9664602669191326,0.728571,0.0,1.0,0.0,1.0,1.0,5
45,q3_lightweight_storage,lightweight gas storage MOFs with low density,WeightedSum,100,0.048624999990920514,0.9173958948894889,0.9173958948894889,0.8824677988886833,0.0,0.0,1.0,0.728571,1.0,1.0,0.0,1.0,1.0,0
45,q3_lightweight_storage,lightweight gas storage MOFs with low density,TOPSIS,100,1.1617079999979296,0.9173958948894889,0.9173958948894889,0.8824677988886833,0.0,0.0,1.0,0.728571,1.0,1.0,0.0,1.0,1.0,0
45,q3_lightweight_storage,lightweight gas storage MOFs with low density,ParetoCrowding,100,188.3579170000047,0.9173958948894889,0.9173958948894889,0.8824677988886833,0.0,0.0,1.0,0.728571,1.0,1.0,0.0,1.0,1.0,0
45,q3_lightweight_storage,lightweight gas storage MOFs with low density,Random,100,0.041499999994698555,0.8990361428628818,0.9173958948894889,0.8741312727332116,0.0,0.0,0.9721479382973972,0.728571,0.2,1.0,0.0,1.0,1.0,4
45,q3_lightweight_storage,lightweight gas storage MOFs with low density,MMR,100,1765.6245000000013,0.9173958948894889,0.9173958948894889,0.8824677988886833,0.0,0.0,1.0,0.728571,1.0,1.0,0.0,1.0,1.0,0
45,q3_lightweight_storage,lightweight gas storage MOFs with low density,LEA,100,93.69129200000259,0.9173958948894889,0.9173958948894889,0.8824677988886833,0.0,0.0,1.0,0.728571,1.0,1.0,0.0,1.0,1.0,0
45,q3_lightweight_storage,lightweight gas storage MOFs with low density,LEA no diversity,100,94.93645799999229,0.9173958948894889,0.9173958948894889,0.8824677988886833,0.0,0.0,1.0,0.728571,1.0,1.0,0.0,1.0,1.0,0
45,q3_lightweight_storage,lightweight gas storage MOFs with low density,LEA no self-cleaning,100,93.31516600001066,0.9173958948894889,0.9173958948894889,0.8824677988886833,0.0,0.0,1.0,0.728571,1.0,1.0,0.0,1.0,1.0,0
45,q3_lightweight_storage,lightweight gas storage MOFs with low density,GraphSAGE only,100,0.07600000000707041,0.9173958948894889,0.9173958948894889,0.8824677988886833,0.002916367145371623,0.0026754632471545046,1.0,0.728571,1.0,1.0,0.0,1.0,1.0,0
45,q3_lightweight_storage,lightweight gas storage MOFs with low density,GAT only,100,0.04475000000070395,0.9173958948894889,0.9173958948894889,0.8824677988886833,0.012693268153816462,0.011644752097042703,1.0,0.728571,1.0,1.0,0.0,1.0,1.0,0
45,q3_lightweight_storage,lightweight gas storage MOFs with low density,LEA + GraphSAGE,100,107.18037499999866,0.9173958948894889,0.9173958948894889,0.8824677988886833,0.002916367145371623,0.0026754632471545046,1.0,0.728571,1.0,1.0,0.0,1.0,1.0,0
45,q3_lightweight_storage,lightweight gas storage MOFs with low density,LEA + GAT,100,99.98487500000408,0.9173958948894889,0.9173958948894889,0.8824677988886833,0.012693268153816462,0.011644752097042703,1.0,0.728571,1.0,1.0,0.0,1.0,1.0,0
46,q3_lightweight_storage,lightweight gas storage MOFs with low density,SemanticOnly,100,0.05420799999455994,0.8944462048562298,0.8944462048562299,0.8720471411943436,0.0,0.0,0.9664602669191326,0.728571,0.0,1.0,0.0,1.0,1.0,5
46,q3_lightweight_storage,lightweight gas storage MOFs with low density,WeightedSum,100,0.04962500000260661,0.9173958948894889,0.9173958948894889,0.8824677988886833,0.0,0.0,1.0,0.728571,1.0,1.0,0.0,1.0,1.0,0
46,q3_lightweight_storage,lightweight gas storage MOFs with low density,TOPSIS,100,1.2054169999942133,0.9173958948894889,0.9173958948894889,0.8824677988886833,0.0,0.0,1.0,0.728571,1.0,1.0,0.0,1.0,1.0,0
46,q3_lightweight_storage,lightweight gas storage MOFs with low density,ParetoCrowding,100,196.03275000000053,0.9173958948894889,0.9173958948894889,0.8824677988886833,0.0,0.0,1.0,0.728571,1.0,1.0,0.0,1.0,1.0,0
46,q3_lightweight_storage,lightweight gas storage MOFs with low density,Random,100,0.04762499999344527,0.8944462048562298,0.8944462048562299,0.8720471411943436,0.0,0.0,0.9664602669191326,0.728571,0.0,1.0,0.0,1.0,1.0,5
46,q3_lightweight_storage,lightweight gas storage MOFs with low density,MMR,100,1685.0622909999943,0.9173958948894889,0.9173958948894889,0.8824677988886833,0.0,0.0,1.0,0.728571,1.0,1.0,0.0,1.0,1.0,0
46,q3_lightweight_storage,lightweight gas storage MOFs with low density,LEA,100,91.26341700000751,0.9173958948894889,0.9173958948894889,0.8824677988886833,0.0,0.0,1.0,0.728571,1.0,1.0,0.0,1.0,1.0,0
46,q3_lightweight_storage,lightweight gas storage MOFs with low density,LEA no diversity,100,90.97645899998952,0.9173958948894889,0.9173958948894889,0.8824677988886833,0.0,0.0,1.0,0.728571,1.0,1.0,0.0,1.0,1.0,0
46,q3_lightweight_storage,lightweight gas storage MOFs with low density,LEA no self-cleaning,100,92.24162499999977,0.9173958948894889,0.9173958948894889,0.8824677988886833,0.0,0.0,1.0,0.728571,1.0,1.0,0.0,1.0,1.0,0
46,q3_lightweight_storage,lightweight gas storage MOFs with low density,GraphSAGE only,100,0.03983300000243162,0.9082160188761852,0.9173958948894889,0.8782995358109474,0.04385693228978198,0.02389894106660892,0.9814476150413028,0.728571,0.6,1.0,0.0,1.0,1.0,2
46,q3_lightweight_storage,lightweight gas storage MOFs with low density,GAT only,100,0.042958000008752606,0.9173958948894889,0.9173958948894889,0.8824677988886833,0.012693268153816462,0.011644752097042703,1.0,0.728571,1.0,1.0,0.0,1.0,1.0,0
46,q3_lightweight_storage,lightweight gas storage MOFs with low density,LEA + GraphSAGE,100,95.53458399999215,0.9173958948894889,0.9173958948894889,0.8824677988886833,0.002916367145371623,0.0026754632471545046,1.0,0.728571,1.0,1.0,0.0,1.0,1.0,0
46,q3_lightweight_storage,lightweight gas storage MOFs with low density,LEA + GAT,100,94.66995900000086,0.9173958948894889,0.9173958948894889,0.8824677988886833,0.012693268153816462,0.011644752097042703,1.0,0.728571,1.0,1.0,0.0,1.0,1.0,0
47,q3_lightweight_storage,lightweight gas storage MOFs with low density,SemanticOnly,100,0.047249999994392056,0.8944462048562298,0.8944462048562299,0.8720471411943436,0.0,0.0,0.9664602669191326,0.728571,0.0,1.0,0.0,1.0,1.0,5
47,q3_lightweight_storage,lightweight gas storage MOFs with low density,WeightedSum,100,0.04549999999881038,0.9173958948894889,0.9173958948894889,0.8824677988886833,0.0,0.0,1.0,0.728571,1.0,1.0,0.0,1.0,1.0,0
47,q3_lightweight_storage,lightweight gas storage MOFs with low density,TOPSIS,100,1.2110830000011674,0.9173958948894889,0.9173958948894889,0.8824677988886833,0.0,0.0,1.0,0.728571,1.0,1.0,0.0,1.0,1.0,0
47,q3_lightweight_storage,lightweight gas storage MOFs with low density,ParetoCrowding,100,191.65645900000072,0.9173958948894889,0.9173958948894889,0.8824677988886833,0.0,0.0,1.0,0.728571,1.0,1.0,0.0,1.0,1.0,0
47,q3_lightweight_storage,lightweight gas storage MOFs with low density,Random,100,0.046584000003235815,0.8944462048562298,0.8944462048562299,0.8720471411943436,0.0,0.0,0.9664602669191326,0.728571,0.0,1.0,0.0,1.0,1.0,5
47,q3_lightweight_storage,lightweight gas storage MOFs with low density,MMR,100,1700.4344580000038,0.9173958948894889,0.9173958948894889,0.8824677988886833,0.0,0.0,1.0,0.728571,1.0,1.0,0.0,1.0,1.0,0
47,q3_lightweight_storage,lightweight gas storage MOFs with low density,LEA,100,90.69399999999916,0.9173958948894889,0.9173958948894889,0.8824677988886833,0.0,0.0,1.0,0.728571,1.0,1.0,0.0,1.0,1.0,0
47,q3_lightweight_storage,lightweight gas storage MOFs with low density,LEA no diversity,100,90.46491699999137,0.9173958948894889,0.9173958948894889,0.8824677988886833,0.0,0.0,1.0,0.728571,1.0,1.0,0.0,1.0,1.0,0
47,q3_lightweight_storage,lightweight gas storage MOFs with low density,LEA no self-cleaning,100,90.26604200001032,0.9173958948894889,0.9173958948894889,0.8824677988886833,0.0,0.0,1.0,0.728571,1.0,1.0,0.0,1.0,1.0,0
47,q3_lightweight_storage,lightweight gas storage MOFs with low density,GraphSAGE only,100,0.037082999995163846,0.9128059568828372,0.9173958948894889,0.8803836673498153,0.0269078296929365,0.01964930178440106,0.995100906534713,0.728571,0.8,1.0,0.0,1.0,1.0,1
47,q3_lightweight_storage,lightweight gas storage MOFs with low density,GAT only,100,0.03900000000101045,0.9173958948894889,0.9173958948894889,0.8824677988886833,0.012693268153816462,0.011644752097042703,1.0,0.728571,1.0,1.0,0.0,1.0,1.0,0
47,q3_lightweight_storage,lightweight gas storage MOFs with low density,LEA + GraphSAGE,100,94.50266700000043,0.9173958948894889,0.9173958948894889,0.8824677988886833,0.002916367145371623,0.0026754632471545046,1.0,0.728571,1.0,1.0,0.0,1.0,1.0,0
47,q3_lightweight_storage,lightweight gas storage MOFs with low density,LEA + GAT,100,94.10033300000009,0.9173958948894889,0.9173958948894889,0.8824677988886833,0.012693268153816462,0.011644752097042703,1.0,0.728571,1.0,1.0,0.0,1.0,1.0,0
48,q3_lightweight_storage,lightweight gas storage MOFs with low density,SemanticOnly,100,0.047291000001337125,0.8944462048562298,0.8944462048562299,0.8720471411943436,0.0,0.0,0.9664602669191326,0.728571,0.0,1.0,0.0,1.0,1.0,5
48,q3_lightweight_storage,lightweight gas storage MOFs with low density,WeightedSum,100,0.04495800000370309,0.9173958948894889,0.9173958948894889,0.8824677988886833,0.0,0.0,1.0,0.728571,1.0,1.0,0.0,1.0,1.0,0
48,q3_lightweight_storage,lightweight gas storage MOFs with low density,TOPSIS,100,1.2275830000021415,0.9173958948894889,0.9173958948894889,0.8824677988886833,0.0,0.0,1.0,0.728571,1.0,1.0,0.0,1.0,1.0,0
48,q3_lightweight_storage,lightweight gas storage MOFs with low density,ParetoCrowding,100,187.12458299999923,0.9173958948894889,0.9173958948894889,0.8824677988886833,0.0,0.0,1.0,0.728571,1.0,1.0,0.0,1.0,1.0,0
48,q3_lightweight_storage,lightweight gas storage MOFs with low density,Random,100,0.04291600001238294,0.8944462048562298,0.8944462048562299,0.8720471411943436,0.0,0.0,0.9664602669191326,0.728571,0.0,1.0,0.0,1.0,1.0,5
48,q3_lightweight_storage,lightweight gas storage MOFs with low density,MMR,100,1650.8947909999988,0.9173958948894889,0.9173958948894889,0.8824677988886833,0.0,0.0,1.0,0.728571,1.0,1.0,0.0,1.0,1.0,0
48,q3_lightweight_storage,lightweight gas storage MOFs with low density,LEA,100,91.26441699999077,0.9173958948894889,0.9173958948894889,0.8824677988886833,0.0,0.0,1.0,0.728571,1.0,1.0,0.0,1.0,1.0,0
48,q3_lightweight_storage,lightweight gas storage MOFs with low density,LEA no diversity,100,94.66341600000305,0.9173958948894889,0.9173958948894889,0.8824677988886833,0.0,0.0,1.0,0.728571,1.0,1.0,0.0,1.0,1.0,0
48,q3_lightweight_storage,lightweight gas storage MOFs with low density,LEA no self-cleaning,100,90.44208299999923,0.9173958948894889,0.9173958948894889,0.8824677988886833,0.0,0.0,1.0,0.728571,1.0,1.0,0.0,1.0,1.0,0
48,q3_lightweight_storage,lightweight gas storage MOFs with low density,GraphSAGE only,100,0.03958300000306281,0.9173958948894889,0.9173958948894889,0.8824677988886833,0.002916367145371623,0.0026754632471545046,1.0,0.728571,1.0,1.0,0.0,1.0,1.0,0
48,q3_lightweight_storage,lightweight gas storage MOFs with low density,GAT only,100,0.03683300001000589,0.9173958948894889,0.9173958948894889,0.8824677988886833,0.012693268153816462,0.011644752097042703,1.0,0.728571,1.0,1.0,0.0,1.0,1.0,0
48,q3_lightweight_storage,lightweight gas storage MOFs with low density,LEA + GraphSAGE,100,94.54045900000096,0.9173958948894889,0.9173958948894889,0.8824677988886833,0.002916367145371623,0.0026754632471545046,1.0,0.728571,1.0,1.0,0.0,1.0,1.0,0
48,q3_lightweight_storage,lightweight gas storage MOFs with low density,LEA + GAT,100,94.42670900000394,0.9173958948894889,0.9173958948894889,0.8824677988886833,0.012693268153816462,0.011644752097042703,1.0,0.728571,1.0,1.0,0.0,1.0,1.0,0
49,q3_lightweight_storage,lightweight gas storage MOFs with low density,SemanticOnly,100,0.04741600000102153,0.8944462048562298,0.8944462048562299,0.8720471411943436,0.0,0.0,0.9664602669191326,0.728571,0.0,1.0,0.0,1.0,1.0,5
49,q3_lightweight_storage,lightweight gas storage MOFs with low density,WeightedSum,100,0.050209000008294424,0.9173958948894889,0.9173958948894889,0.8824677988886833,0.0,0.0,1.0,0.728571,1.0,1.0,0.0,1.0,1.0,0
49,q3_lightweight_storage,lightweight gas storage MOFs with low density,TOPSIS,100,1.1876660000069705,0.9173958948894889,0.9173958948894889,0.8824677988886833,0.0,0.0,1.0,0.728571,1.0,1.0,0.0,1.0,1.0,0
49,q3_lightweight_storage,lightweight gas storage MOFs with low density,ParetoCrowding,100,195.71954099998834,0.9173958948894889,0.9173958948894889,0.8824677988886833,0.0,0.0,1.0,0.728571,1.0,1.0,0.0,1.0,1.0,0
49,q3_lightweight_storage,lightweight gas storage MOFs with low density,Random,100,0.04554199999518005,0.8944462048562298,0.8944462048562299,0.8720471411943436,0.0,0.0,0.9664602669191326,0.728571,0.0,1.0,0.0,1.0,1.0,5
49,q3_lightweight_storage,lightweight gas storage MOFs with low density,MMR,100,1682.969,0.9173958948894889,0.9173958948894889,0.8824677988886833,0.0,0.0,1.0,0.728571,1.0,1.0,0.0,1.0,1.0,0
49,q3_lightweight_storage,lightweight gas storage MOFs with low density,LEA,100,91.43245799999988,0.9173958948894889,0.9173958948894889,0.8824677988886833,0.0,0.0,1.0,0.728571,1.0,1.0,0.0,1.0,1.0,0
49,q3_lightweight_storage,lightweight gas storage MOFs with low density,LEA no diversity,100,90.73675000000492,0.9173958948894889,0.9173958948894889,0.8824677988886833,0.0,0.0,1.0,0.728571,1.0,1.0,0.0,1.0,1.0,0
49,q3_lightweight_storage,lightweight gas storage MOFs with low density,LEA no self-cleaning,100,90.53237499999511,0.9173958948894889,0.9173958948894889,0.8824677988886833,0.0,0.0,1.0,0.728571,1.0,1.0,0.0,1.0,1.0,0
49,q3_lightweight_storage,lightweight gas storage MOFs with low density,GraphSAGE only,100,0.03754200000116725,0.9128059568828369,0.9173958948894889,0.8803836673498153,0.03105362479982432,0.022676746960067388,0.9886246572434707,0.728571,0.8,1.0,0.0,1.0,1.0,1
49,q3_lightweight_storage,lightweight gas storage MOFs with low density,GAT only,100,0.035458999988691176,0.9173958948894889,0.9173958948894889,0.8824677988886833,0.012693268153816462,0.011644752097042703,1.0,0.728571,1.0,1.0,0.0,1.0,1.0,0
49,q3_lightweight_storage,lightweight gas storage MOFs with low density,LEA + GraphSAGE,100,94.11241700000517,0.9173958948894889,0.9173958948894889,0.8824677988886833,0.002916367145371623,0.0026754632471545046,1.0,0.728571,1.0,1.0,0.0,1.0,1.0,0
49,q3_lightweight_storage,lightweight gas storage MOFs with low density,LEA + GAT,100,94.05341699999781,0.9173958948894889,0.9173958948894889,0.8824677988886833,0.012693268153816462,0.011644752097042703,1.0,0.728571,1.0,1.0,0.0,1.0,1.0,0
50,q3_lightweight_storage,lightweight gas storage MOFs with low density,SemanticOnly,100,0.04658299999960036,0.8944462048562298,0.8944462048562299,0.8720471411943436,0.0,0.0,0.9664602669191326,0.728571,0.0,1.0,0.0,1.0,1.0,5
50,q3_lightweight_storage,lightweight gas storage MOFs with low density,WeightedSum,100,0.09983299999305473,0.9173958948894889,0.9173958948894889,0.8824677988886833,0.0,0.0,1.0,0.728571,1.0,1.0,0.0,1.0,1.0,0
50,q3_lightweight_storage,lightweight gas storage MOFs with low density,TOPSIS,100,1.2245420000027707,0.9173958948894889,0.9173958948894889,0.8824677988886833,0.0,0.0,1.0,0.728571,1.0,1.0,0.0,1.0,1.0,0
50,q3_lightweight_storage,lightweight gas storage MOFs with low density,ParetoCrowding,100,195.52579099999434,0.9173958948894889,0.9173958948894889,0.8824677988886833,0.0,0.0,1.0,0.728571,1.0,1.0,0.0,1.0,1.0,0
50,q3_lightweight_storage,lightweight gas storage MOFs with low density,Random,100,0.045999999997548,0.9036260808695336,0.9173958948894889,0.8762154042720794,0.0,0.0,0.9765485215760158,0.728571,0.4,1.0,0.0,1.0,1.0,3
50,q3_lightweight_storage,lightweight gas storage MOFs with low density,MMR,100,1718.699000000001,0.9173958948894889,0.9173958948894889,0.8824677988886833,0.0,0.0,1.0,0.728571,1.0,1.0,0.0,1.0,1.0,0
50,q3_lightweight_storage,lightweight gas storage MOFs with low density,LEA,100,91.64037499999722,0.9173958948894889,0.9173958948894889,0.8824677988886833,0.0,0.0,1.0,0.728571,1.0,1.0,0.0,1.0,1.0,0
50,q3_lightweight_storage,lightweight gas storage MOFs with low density,LEA no diversity,100,91.21758299998817,0.9173958948894889,0.9173958948894889,0.8824677988886833,0.0,0.0,1.0,0.728571,1.0,1.0,0.0,1.0,1.0,0
50,q3_lightweight_storage,lightweight gas storage MOFs with low density,LEA no self-cleaning,100,90.94679199999689,0.9173958948894889,0.9173958948894889,0.8824677988886833,0.0,0.0,1.0,0.728571,1.0,1.0,0.0,1.0,1.0,0
50,q3_lightweight_storage,lightweight gas storage MOFs with low density,GraphSAGE only,100,0.04308300000843701,0.9173958948894889,0.9173958948894889,0.8824677988886833,0.002916367145371623,0.0026754632471545046,1.0,0.728571,1.0,1.0,0.0,1.0,1.0,0
50,q3_lightweight_storage,lightweight gas storage MOFs with low density,GAT only,100,0.03720799999484825,0.9173958948894889,0.9173958948894889,0.8824677988886833,0.012693268153816462,0.011644752097042703,1.0,0.728571,1.0,1.0,0.0,1.0,1.0,0
50,q3_lightweight_storage,lightweight gas storage MOFs with low density,LEA + GraphSAGE,100,93.61787500000673,0.9173958948894889,0.9173958948894889,0.8824677988886833,0.002916367145371623,0.0026754632471545046,1.0,0.728571,1.0,1.0,0.0,1.0,1.0,0
50,q3_lightweight_storage,lightweight gas storage MOFs with low density,LEA + GAT,100,95.15145800000369,0.9173958948894889,0.9173958948894889,0.8824677988886833,0.012693268153816462,0.011644752097042703,1.0,0.728571,1.0,1.0,0.0,1.0,1.0,0
51,q3_lightweight_storage,lightweight gas storage MOFs with low density,SemanticOnly,100,0.04466599999375376,0.8944462048562298,0.8944462048562299,0.8720471411943436,0.0,0.0,0.9664602669191326,0.728571,0.0,1.0,0.0,1.0,1.0,5
51,q3_lightweight_storage,lightweight gas storage MOFs with low density,WeightedSum,100,0.04608400000449819,0.9173958948894889,0.9173958948894889,0.8824677988886833,0.0,0.0,1.0,0.728571,1.0,1.0,0.0,1.0,1.0,0
51,q3_lightweight_storage,lightweight gas storage MOFs with low density,TOPSIS,100,1.1762500000003229,0.9173958948894889,0.9173958948894889,0.8824677988886833,0.0,0.0,1.0,0.728571,1.0,1.0,0.0,1.0,1.0,0
51,q3_lightweight_storage,lightweight gas storage MOFs with low density,ParetoCrowding,100,189.27870799998914,0.9173958948894889,0.9173958948894889,0.8824677988886833,0.0,0.0,1.0,0.728571,1.0,1.0,0.0,1.0,1.0,0
51,q3_lightweight_storage,lightweight gas storage MOFs with low density,Random,100,0.043334000011441276,0.8990361428628818,0.9173958948894889,0.8741312727332116,0.0,0.0,0.9736373091213005,0.728571,0.2,1.0,0.0,1.0,1.0,4
51,q3_lightweight_storage,lightweight gas storage MOFs with low density,MMR,100,1715.3598339999974,0.9173958948894889,0.9173958948894889,0.8824677988886833,0.0,0.0,1.0,0.728571,1.0,1.0,0.0,1.0,1.0,0
51,q3_lightweight_storage,lightweight gas storage MOFs with low density,LEA,100,95.98520900000551,0.9173958948894889,0.9173958948894889,0.8824677988886833,0.0,0.0,1.0,0.728571,1.0,1.0,0.0,1.0,1.0,0
51,q3_lightweight_storage,lightweight gas storage MOFs with low density,LEA no diversity,100,95.39366699999619,0.9173958948894889,0.9173958948894889,0.8824677988886833,0.0,0.0,1.0,0.728571,1.0,1.0,0.0,1.0,1.0,0
51,q3_lightweight_storage,lightweight gas storage MOFs with low density,LEA no self-cleaning,100,93.66799999999387,0.9173958948894889,0.9173958948894889,0.8824677988886833,0.0,0.0,1.0,0.728571,1.0,1.0,0.0,1.0,1.0,0
51,q3_lightweight_storage,lightweight gas storage MOFs with low density,GraphSAGE only,100,0.04941699999960747,0.9173958948894889,0.9173958948894889,0.8824677988886833,0.002916367145371623,0.0026754632471545046,1.0,0.728571,1.0,1.0,0.0,1.0,1.0,0
51,q3_lightweight_storage,lightweight gas storage MOFs with low density,GAT only,100,0.04083299999990686,0.9173958948894889,0.9173958948894889,0.8824677988886833,0.012693268153816462,0.011644752097042703,1.0,0.728571,1.0,1.0,0.0,1.0,1.0,0
51,q3_lightweight_storage,lightweight gas storage MOFs with low density,LEA + GraphSAGE,100,95.78766599999256,0.9173958948894889,0.9173958948894889,0.8824677988886833,0.002916367145371623,0.0026754632471545046,1.0,0.728571,1.0,1.0,0.0,1.0,1.0,0
51,q3_lightweight_storage,lightweight gas storage MOFs with low density,LEA + GAT,100,94.98816599999316,0.9173958948894889,0.9173958948894889,0.8824677988886833,0.012693268153816462,0.011644752097042703,1.0,0.728571,1.0,1.0,0.0,1.0,1.0,0
42,q4_balanced_discovery,balanced stable MOF candidates for general materials discovery,SemanticOnly,100,0.0592920000030972,0.747905,0.747905,0.8613682836294174,0.0,0.0,0.7868720474725598,0.65,1.0,0.7,0.0,0.7,1.0,0
42,q4_balanced_discovery,balanced stable MOF candidates for general materials discovery,WeightedSum,100,0.049707999991710494,0.897905,0.897905,0.8484455347061157,0.0,0.0,1.0,0.65,1.0,1.0,0.0,1.0,1.0,0
42,q4_balanced_discovery,balanced stable MOF candidates for general materials discovery,TOPSIS,100,1.1801249999905394,0.897905,0.897905,0.8484455347061157,0.0,0.0,1.0,0.65,1.0,1.0,0.0,1.0,1.0,0
42,q4_balanced_discovery,balanced stable MOF candidates for general materials discovery,ParetoCrowding,100,186.56529099999375,0.897905,0.897905,0.8484455347061157,0.0,0.0,1.0,0.65,1.0,1.0,0.0,1.0,1.0,0
42,q4_balanced_discovery,balanced stable MOF candidates for general materials discovery,Random,100,0.05183300000055624,0.757075,0.793755,0.8452910870313645,0.1311487674713135,0.0516146293168379,0.7960467323636263,0.65,0.9,0.76,0.0,0.76,1.0,0
42,q4_balanced_discovery,balanced stable MOF candidates for general materials discovery,MMR,100,1656.0249580000032,0.8770749999999999,0.897905,0.834952887892723,0.1,0.07893675,0.9678342159544787,0.65,0.9,1.0,0.0,1.0,1.0,0
42,q4_balanced_discovery,balanced stable MOF candidates for general materials discovery,LEA,100,96.42974999999865,0.897905,0.897905,0.8484455347061157,0.0,0.0,1.0,0.65,1.0,1.0,0.0,1.0,1.0,0
42,q4_balanced_discovery,balanced stable MOF candidates for general materials discovery,LEA no diversity,100,92.05366700000184,0.897905,0.897905,0.8484455347061157,0.0,0.0,1.0,0.65,1.0,1.0,0.0,1.0,1.0,0
42,q4_balanced_discovery,balanced stable MOF candidates for general materials discovery,LEA no self-cleaning,100,92.39012499999433,0.897905,0.897905,0.8484455347061157,0.0,0.0,1.0,0.65,1.0,1.0,0.0,1.0,1.0,0
42,q4_balanced_discovery,balanced stable MOF candidates for general materials discovery,GraphSAGE only,100,0.0378750000038508,0.897905,0.897905,0.8484455347061157,0.002916367145371623,0.0026186206416649073,1.0,0.65,1.0,1.0,0.0,1.0,1.0,0
42,q4_balanced_discovery,balanced stable MOF candidates for general materials discovery,GAT only,100,0.035208999989322365,0.897905,0.897905,0.8484455347061157,0.012693268153816462,0.01139734894165257,1.0,0.65,1.0,1.0,0.0,1.0,1.0,0
42,q4_balanced_discovery,balanced stable MOF candidates for general materials discovery,LEA + GraphSAGE,100,97.52041599999473,0.897905,0.897905,0.8484455347061157,0.002916367145371623,0.0026186206416649073,1.0,0.65,1.0,1.0,0.0,1.0,1.0,0
42,q4_balanced_discovery,balanced stable MOF candidates for general materials discovery,LEA + GAT,100,97.93025000000455,0.897905,0.897905,0.8484455347061157,0.012693268153816462,0.01139734894165257,1.0,0.65,1.0,1.0,0.0,1.0,1.0,0
43,q4_balanced_discovery,balanced stable MOF candidates for general materials discovery,SemanticOnly,100,0.049957999991079305,0.747905,0.747905,0.8613682836294174,0.0,0.0,0.7868720474725598,0.65,1.0,0.7,0.0,0.7,1.0,0
43,q4_balanced_discovery,balanced stable MOF candidates for general materials discovery,WeightedSum,100,0.043750000003228706,0.897905,0.897905,0.8484455347061157,0.0,0.0,1.0,0.65,1.0,1.0,0.0,1.0,1.0,0
43,q4_balanced_discovery,balanced stable MOF candidates for general materials discovery,TOPSIS,100,1.1296250000043528,0.897905,0.897905,0.8484455347061157,0.0,0.0,1.0,0.65,1.0,1.0,0.0,1.0,1.0,0
43,q4_balanced_discovery,balanced stable MOF candidates for general materials discovery,ParetoCrowding,100,201.5999169999958,0.897905,0.897905,0.8484455347061157,0.0,0.0,1.0,0.65,1.0,1.0,0.0,1.0,1.0,0
43,q4_balanced_discovery,balanced stable MOF candidates for general materials discovery,Random,100,0.04912500000386899,0.777905,0.897905,0.858783733844757,0.08485281467437744,0.038125890874459265,0.8148355170039693,0.65,1.0,0.76,0.0,0.76,1.0,0
43,q4_balanced_discovery,balanced stable MOF candidates for general materials discovery,MMR,100,1683.025041999997,0.8770749999999999,0.897905,0.834952887892723,0.1,0.07893675,0.9678342159544787,0.65,0.9,1.0,0.0,1.0,1.0,0
43,q4_balanced_discovery,balanced stable MOF candidates for general materials discovery,LEA,100,93.11970800000324,0.897905,0.897905,0.8484455347061157,0.0,0.0,1.0,0.65,1.0,1.0,0.0,1.0,1.0,0
43,q4_balanced_discovery,balanced stable MOF candidates for general materials discovery,LEA no diversity,100,95.73458299999515,0.897905,0.897905,0.8484455347061157,0.0,0.0,1.0,0.65,1.0,1.0,0.0,1.0,1.0,0
43,q4_balanced_discovery,balanced stable MOF candidates for general materials discovery,LEA no self-cleaning,100,97.49533299999769,0.897905,0.897905,0.8484455347061157,0.0,0.0,1.0,0.65,1.0,1.0,0.0,1.0,1.0,0
43,q4_balanced_discovery,balanced stable MOF candidates for general materials discovery,GraphSAGE only,100,0.06875000001116405,0.897905,0.897905,0.8484455347061157,0.002916367145371623,0.0026186206416649073,1.0,0.65,1.0,1.0,0.0,1.0,1.0,0
43,q4_balanced_discovery,balanced stable MOF candidates for general materials discovery,GAT only,100,0.040957999999591266,0.897905,0.897905,0.8484455347061157,0.012693268153816462,0.01139734894165257,1.0,0.65,1.0,1.0,0.0,1.0,1.0,0
43,q4_balanced_discovery,balanced stable MOF candidates for general materials discovery,LEA + GraphSAGE,100,99.59529200000361,0.897905,0.897905,0.8484455347061157,0.002916367145371623,0.0026186206416649073,1.0,0.65,1.0,1.0,0.0,1.0,1.0,0
43,q4_balanced_discovery,balanced stable MOF candidates for general materials discovery,LEA + GAT,100,98.48070799999675,0.897905,0.897905,0.8484455347061157,0.012693268153816462,0.01139734894165257,1.0,0.65,1.0,1.0,0.0,1.0,1.0,0
44,q4_balanced_discovery,balanced stable MOF candidates for general materials discovery,SemanticOnly,100,0.0685420000081649,0.747905,0.747905,0.8613682836294174,0.0,0.0,0.7868720474725598,0.65,1.0,0.7,0.0,0.7,1.0,0
44,q4_balanced_discovery,balanced stable MOF candidates for general materials discovery,WeightedSum,100,0.047625000007656126,0.897905,0.897905,0.8484455347061157,0.0,0.0,1.0,0.65,1.0,1.0,0.0,1.0,1.0,0
44,q4_balanced_discovery,balanced stable MOF candidates for general materials discovery,TOPSIS,100,1.2424579999930074,0.897905,0.897905,0.8484455347061157,0.0,0.0,1.0,0.65,1.0,1.0,0.0,1.0,1.0,0
44,q4_balanced_discovery,balanced stable MOF candidates for general materials discovery,ParetoCrowding,100,201.6586249999932,0.897905,0.897905,0.8484455347061157,0.0,0.0,1.0,0.65,1.0,1.0,0.0,1.0,1.0,0
44,q4_balanced_discovery,balanced stable MOF candidates for general materials discovery,Random,100,0.04791599999975915,0.747905,0.747905,0.8613682836294174,0.0,0.0,0.7868720474725598,0.65,1.0,0.7,0.0,0.7,1.0,0
44,q4_balanced_discovery,balanced stable MOF candidates for general materials discovery,MMR,100,1683.5582919999865,0.8770749999999999,0.897905,0.834952887892723,0.1,0.07893675,0.9678342159544787,0.65,0.9,1.0,0.0,1.0,1.0,0
44,q4_balanced_discovery,balanced stable MOF candidates for general materials discovery,LEA,100,93.29937500000085,0.897905,0.897905,0.8484455347061157,0.0,0.0,1.0,0.65,1.0,1.0,0.0,1.0,1.0,0
44,q4_balanced_discovery,balanced stable MOF candidates for general materials discovery,LEA no diversity,100,94.33179200000552,0.897905,0.897905,0.8484455347061157,0.0,0.0,1.0,0.65,1.0,1.0,0.0,1.0,1.0,0
44,q4_balanced_discovery,balanced stable MOF candidates for general materials discovery,LEA no self-cleaning,100,92.42991700000402,0.897905,0.897905,0.8484455347061157,0.0,0.0,1.0,0.65,1.0,1.0,0.0,1.0,1.0,0
44,q4_balanced_discovery,balanced stable MOF candidates for general materials discovery,GraphSAGE only,100,0.038583000005587564,0.897905,0.897905,0.8484455347061157,0.002916367145371623,0.0026186206416649073,1.0,0.65,1.0,1.0,0.0,1.0,1.0,0
44,q4_balanced_discovery,balanced stable MOF candidates for general materials discovery,GAT only,100,0.035875000008900315,0.897905,0.897905,0.8484455347061157,0.012693268153816462,0.01139734894165257,1.0,0.65,1.0,1.0,0.0,1.0,1.0,0
44,q4_balanced_discovery,balanced stable MOF candidates for general materials discovery,LEA + GraphSAGE,100,97.20129199999406,0.897905,0.897905,0.8484455347061157,0.002916367145371623,0.0026186206416649073,1.0,0.65,1.0,1.0,0.0,1.0,1.0,0
44,q4_balanced_discovery,balanced stable MOF candidates for general materials discovery,LEA + GAT,100,96.47508400000504,0.897905,0.897905,0.8484455347061157,0.012693268153816462,0.01139734894165257,1.0,0.65,1.0,1.0,0.0,1.0,1.0,0
45,q4_balanced_discovery,balanced stable MOF candidates for general materials discovery,SemanticOnly,100,0.04654200000686615,0.747905,0.747905,0.8613682836294174,0.0,0.0,0.7868720474725598,0.65,1.0,0.7,0.0,0.7,1.0,0
45,q4_balanced_discovery,balanced stable MOF candidates for general materials discovery,WeightedSum,100,0.04370799999264818,0.897905,0.897905,0.8484455347061157,0.0,0.0,1.0,0.65,1.0,1.0,0.0,1.0,1.0,0
45,q4_balanced_discovery,balanced stable MOF candidates for general materials discovery,TOPSIS,100,1.1690000000044165,0.897905,0.897905,0.8484455347061157,0.0,0.0,1.0,0.65,1.0,1.0,0.0,1.0,1.0,0
45,q4_balanced_discovery,balanced stable MOF candidates for general materials discovery,ParetoCrowding,100,182.38499999999647,0.897905,0.897905,0.8484455347061157,0.0,0.0,1.0,0.65,1.0,1.0,0.0,1.0,1.0,0
45,q4_balanced_discovery,balanced stable MOF candidates for general materials discovery,Random,100,0.044707999990123426,0.7779050000000002,0.897905,0.858783733844757,0.08485281467437744,0.03812589087445928,0.8230143075369358,0.65,1.0,0.76,0.0,0.76,1.0,0
45,q4_balanced_discovery,balanced stable MOF candidates for general materials discovery,MMR,100,1658.4284999999995,0.8770749999999999,0.897905,0.834952887892723,0.1,0.07893675,0.9678342159544787,0.65,0.9,1.0,0.0,1.0,1.0,0
45,q4_balanced_discovery,balanced stable MOF candidates for general materials discovery,LEA,100,98.1533340000027,0.897905,0.897905,0.8484455347061157,0.0,0.0,1.0,0.65,1.0,1.0,0.0,1.0,1.0,0
45,q4_balanced_discovery,balanced stable MOF candidates for general materials discovery,LEA no diversity,100,93.00758300000211,0.897905,0.897905,0.8484455347061157,0.0,0.0,1.0,0.65,1.0,1.0,0.0,1.0,1.0,0
45,q4_balanced_discovery,balanced stable MOF candidates for general materials discovery,LEA no self-cleaning,100,93.36725000000001,0.897905,0.897905,0.8484455347061157,0.0,0.0,1.0,0.65,1.0,1.0,0.0,1.0,1.0,0
45,q4_balanced_discovery,balanced stable MOF candidates for general materials discovery,GraphSAGE only,100,0.039666999995802144,0.897905,0.897905,0.8484455347061157,0.002916367145371623,0.0026186206416649073,1.0,0.65,1.0,1.0,0.0,1.0,1.0,0
45,q4_balanced_discovery,balanced stable MOF candidates for general materials discovery,GAT only,100,0.04475000000070395,0.897905,0.897905,0.8484455347061157,0.012693268153816462,0.01139734894165257,1.0,0.65,1.0,1.0,0.0,1.0,1.0,0
45,q4_balanced_discovery,balanced stable MOF candidates for general materials discovery,LEA + GraphSAGE,100,94.68895899999552,0.897905,0.897905,0.8484455347061157,0.002916367145371623,0.0026186206416649073,1.0,0.65,1.0,1.0,0.0,1.0,1.0,0
45,q4_balanced_discovery,balanced stable MOF candidates for general materials discovery,LEA + GAT,100,94.70720900000629,0.897905,0.897905,0.8484455347061157,0.012693268153816462,0.01139734894165257,1.0,0.65,1.0,1.0,0.0,1.0,1.0,0
46,q4_balanced_discovery,balanced stable MOF candidates for general materials discovery,SemanticOnly,100,0.04812499999218289,0.747905,0.747905,0.8613682836294174,0.0,0.0,0.7868720474725598,0.65,1.0,0.7,0.0,0.7,1.0,0
46,q4_balanced_discovery,balanced stable MOF candidates for general materials discovery,WeightedSum,100,0.04524999999944157,0.897905,0.897905,0.8484455347061157,0.0,0.0,1.0,0.65,1.0,1.0,0.0,1.0,1.0,0
46,q4_balanced_discovery,balanced stable MOF candidates for general materials discovery,TOPSIS,100,1.1747080000077403,0.897905,0.897905,0.8484455347061157,0.0,0.0,1.0,0.65,1.0,1.0,0.0,1.0,1.0,0
46,q4_balanced_discovery,balanced stable MOF candidates for general materials discovery,ParetoCrowding,100,180.43862499999364,0.897905,0.897905,0.8484455347061157,0.0,0.0,1.0,0.65,1.0,1.0,0.0,1.0,1.0,0
46,q4_balanced_discovery,balanced stable MOF candidates for general materials discovery,Random,100,0.04570800000180952,0.747905,0.747905,0.8613682836294174,0.0,0.0,0.7868720474725598,0.65,1.0,0.7,0.0,0.7,1.0,0
46,q4_balanced_discovery,balanced stable MOF candidates for general materials discovery,MMR,100,1654.4322919999956,0.8770749999999999,0.897905,0.834952887892723,0.1,0.07893675,0.9678342159544787,0.65,0.9,1.0,0.0,1.0,1.0,0
46,q4_balanced_discovery,balanced stable MOF candidates for general materials discovery,LEA,100,95.68216599998891,0.897905,0.897905,0.8484455347061157,0.0,0.0,1.0,0.65,1.0,1.0,0.0,1.0,1.0,0
46,q4_balanced_discovery,balanced stable MOF candidates for general materials discovery,LEA no diversity,100,93.08620800000256,0.897905,0.897905,0.8484455347061157,0.0,0.0,1.0,0.65,1.0,1.0,0.0,1.0,1.0,0
46,q4_balanced_discovery,balanced stable MOF candidates for general materials discovery,LEA no self-cleaning,100,94.5608749999991,0.897905,0.897905,0.8484455347061157,0.0,0.0,1.0,0.65,1.0,1.0,0.0,1.0,1.0,0
46,q4_balanced_discovery,balanced stable MOF candidates for general materials discovery,GraphSAGE only,100,0.04837500000576256,0.897905,0.897905,0.8484455347061157,0.002916367145371623,0.0026186206416649073,1.0,0.65,1.0,1.0,0.0,1.0,1.0,0
46,q4_balanced_discovery,balanced stable MOF candidates for general materials discovery,GAT only,100,0.042832999994857346,0.897905,0.897905,0.8484455347061157,0.012693268153816462,0.01139734894165257,1.0,0.65,1.0,1.0,0.0,1.0,1.0,0
46,q4_balanced_discovery,balanced stable MOF candidates for general materials discovery,LEA + GraphSAGE,100,95.63491599999452,0.897905,0.897905,0.8484455347061157,0.002916367145371623,0.0026186206416649073,1.0,0.65,1.0,1.0,0.0,1.0,1.0,0
46,q4_balanced_discovery,balanced stable MOF candidates for general materials discovery,LEA + GAT,100,94.18175000000417,0.897905,0.897905,0.8484455347061157,0.012693268153816462,0.01139734894165257,1.0,0.65,1.0,1.0,0.0,1.0,1.0,0
47,q4_balanced_discovery,balanced stable MOF candidates for general materials discovery,SemanticOnly,100,0.05816700000593755,0.747905,0.747905,0.8613682836294174,0.0,0.0,0.7868720474725598,0.65,1.0,0.7,0.0,0.7,1.0,0
47,q4_balanced_discovery,balanced stable MOF candidates for general materials discovery,WeightedSum,100,0.044625000001019544,0.897905,0.897905,0.8484455347061157,0.0,0.0,1.0,0.65,1.0,1.0,0.0,1.0,1.0,0
47,q4_balanced_discovery,balanced stable MOF candidates for general materials discovery,TOPSIS,100,1.1353750000040463,0.897905,0.897905,0.8484455347061157,0.0,0.0,1.0,0.65,1.0,1.0,0.0,1.0,1.0,0
47,q4_balanced_discovery,balanced stable MOF candidates for general materials discovery,ParetoCrowding,100,183.15529199999503,0.897905,0.897905,0.8484455347061157,0.0,0.0,1.0,0.65,1.0,1.0,0.0,1.0,1.0,0
47,q4_balanced_discovery,balanced stable MOF candidates for general materials discovery,Random,100,0.04841700000213223,0.757075,0.793755,0.8452910870313645,0.1311487674713135,0.0516146293168379,0.7975235267777128,0.65,0.9,0.76,0.0,0.76,1.0,0
47,q4_balanced_discovery,balanced stable MOF candidates for general materials discovery,MMR,100,1724.3025829999965,0.8770749999999999,0.897905,0.834952887892723,0.1,0.07893675,0.9678342159544787,0.65,0.9,1.0,0.0,1.0,1.0,0
47,q4_balanced_discovery,balanced stable MOF candidates for general materials discovery,LEA,100,94.99962499999981,0.897905,0.897905,0.8484455347061157,0.0,0.0,1.0,0.65,1.0,1.0,0.0,1.0,1.0,0
47,q4_balanced_discovery,balanced stable MOF candidates for general materials discovery,LEA no diversity,100,91.96583400000691,0.897905,0.897905,0.8484455347061157,0.0,0.0,1.0,0.65,1.0,1.0,0.0,1.0,1.0,0
47,q4_balanced_discovery,balanced stable MOF candidates for general materials discovery,LEA no self-cleaning,100,92.04520900000546,0.897905,0.897905,0.8484455347061157,0.0,0.0,1.0,0.65,1.0,1.0,0.0,1.0,1.0,0
47,q4_balanced_discovery,balanced stable MOF candidates for general materials discovery,GraphSAGE only,100,0.038457999991692304,0.897905,0.897905,0.8484455347061157,0.002916367145371623,0.0026186206416649073,1.0,0.65,1.0,1.0,0.0,1.0,1.0,0
47,q4_balanced_discovery,balanced stable MOF candidates for general materials discovery,GAT only,100,0.03600000000858472,0.897905,0.897905,0.8484455347061157,0.012693268153816462,0.01139734894165257,1.0,0.65,1.0,1.0,0.0,1.0,1.0,0
47,q4_balanced_discovery,balanced stable MOF candidates for general materials discovery,LEA + GraphSAGE,100,98.72245799999746,0.897905,0.897905,0.8484455347061157,0.002916367145371623,0.0026186206416649073,1.0,0.65,1.0,1.0,0.0,1.0,1.0,0
47,q4_balanced_discovery,balanced stable MOF candidates for general materials discovery,LEA + GAT,100,97.1482500000036,0.897905,0.897905,0.8484455347061157,0.012693268153816462,0.01139734894165257,1.0,0.65,1.0,1.0,0.0,1.0,1.0,0
48,q4_balanced_discovery,balanced stable MOF candidates for general materials discovery,SemanticOnly,100,0.04920799999297287,0.747905,0.747905,0.8613682836294174,0.0,0.0,0.7868720474725598,0.65,1.0,0.7,0.0,0.7,1.0,0
48,q4_balanced_discovery,balanced stable MOF candidates for general materials discovery,WeightedSum,100,0.06316700000752462,0.897905,0.897905,0.8484455347061157,0.0,0.0,1.0,0.65,1.0,1.0,0.0,1.0,1.0,0
48,q4_balanced_discovery,balanced stable MOF candidates for general materials discovery,TOPSIS,100,1.1618340000012495,0.897905,0.897905,0.8484455347061157,0.0,0.0,1.0,0.65,1.0,1.0,0.0,1.0,1.0,0
48,q4_balanced_discovery,balanced stable MOF candidates for general materials discovery,ParetoCrowding,100,192.91675000000907,0.897905,0.897905,0.8484455347061157,0.0,0.0,1.0,0.65,1.0,1.0,0.0,1.0,1.0,0
48,q4_balanced_discovery,balanced stable MOF candidates for general materials discovery,Random,100,0.04391699999928278,0.747905,0.747905,0.8613682836294174,0.0,0.0,0.7868720474725598,0.65,1.0,0.7,0.0,0.7,1.0,0
48,q4_balanced_discovery,balanced stable MOF candidates for general materials discovery,MMR,100,1771.5228340000094,0.8770749999999999,0.897905,0.834952887892723,0.1,0.07893675,0.9678342159544787,0.65,0.9,1.0,0.0,1.0,1.0,0
48,q4_balanced_discovery,balanced stable MOF candidates for general materials discovery,LEA,100,97.97170800000288,0.897905,0.897905,0.8484455347061157,0.0,0.0,1.0,0.65,1.0,1.0,0.0,1.0,1.0,0
48,q4_balanced_discovery,balanced stable MOF candidates for general materials discovery,LEA no diversity,100,98.72304200000315,0.897905,0.897905,0.8484455347061157,0.0,0.0,1.0,0.65,1.0,1.0,0.0,1.0,1.0,0
48,q4_balanced_discovery,balanced stable MOF candidates for general materials discovery,LEA no self-cleaning,100,97.4979590000089,0.897905,0.897905,0.8484455347061157,0.0,0.0,1.0,0.65,1.0,1.0,0.0,1.0,1.0,0
48,q4_balanced_discovery,balanced stable MOF candidates for general materials discovery,GraphSAGE only,100,0.04304099999785649,0.897905,0.897905,0.8484455347061157,0.002916367145371623,0.0026186206416649073,1.0,0.65,1.0,1.0,0.0,1.0,1.0,0
48,q4_balanced_discovery,balanced stable MOF candidates for general materials discovery,GAT only,100,0.04912500000386899,0.897905,0.897905,0.8484455347061157,0.012693268153816462,0.01139734894165257,1.0,0.65,1.0,1.0,0.0,1.0,1.0,0
48,q4_balanced_discovery,balanced stable MOF candidates for general materials discovery,LEA + GraphSAGE,100,100.63562499999534,0.897905,0.897905,0.8484455347061157,0.002916367145371623,0.0026186206416649073,1.0,0.65,1.0,1.0,0.0,1.0,1.0,0
48,q4_balanced_discovery,balanced stable MOF candidates for general materials discovery,LEA + GAT,100,100.55608300000074,0.897905,0.897905,0.8484455347061157,0.012693268153816462,0.01139734894165257,1.0,0.65,1.0,1.0,0.0,1.0,1.0,0
49,q4_balanced_discovery,balanced stable MOF candidates for general materials discovery,SemanticOnly,100,0.04795900001397513,0.747905,0.747905,0.8613682836294174,0.0,0.0,0.7868720474725598,0.65,1.0,0.7,0.0,0.7,1.0,0
49,q4_balanced_discovery,balanced stable MOF candidates for general materials discovery,WeightedSum,100,0.04450000000133514,0.897905,0.897905,0.8484455347061157,0.0,0.0,1.0,0.65,1.0,1.0,0.0,1.0,1.0,0
49,q4_balanced_discovery,balanced stable MOF candidates for general materials discovery,TOPSIS,100,1.166375000011044,0.897905,0.897905,0.8484455347061157,0.0,0.0,1.0,0.65,1.0,1.0,0.0,1.0,1.0,0
49,q4_balanced_discovery,balanced stable MOF candidates for general materials discovery,ParetoCrowding,100,189.47129200000745,0.897905,0.897905,0.8484455347061157,0.0,0.0,1.0,0.65,1.0,1.0,0.0,1.0,1.0,0
49,q4_balanced_discovery,balanced stable MOF candidates for general materials discovery,Random,100,0.04479199999707362,0.747905,0.747905,0.8613682836294174,0.0,0.0,0.7868720474725598,0.65,1.0,0.7,0.0,0.7,1.0,0
49,q4_balanced_discovery,balanced stable MOF candidates for general materials discovery,MMR,100,1683.447791000006,0.8770749999999999,0.897905,0.834952887892723,0.1,0.07893675,0.9678342159544787,0.65,0.9,1.0,0.0,1.0,1.0,0
49,q4_balanced_discovery,balanced stable MOF candidates for general materials discovery,LEA,100,92.2677080000085,0.897905,0.897905,0.8484455347061157,0.0,0.0,1.0,0.65,1.0,1.0,0.0,1.0,1.0,0
49,q4_balanced_discovery,balanced stable MOF candidates for general materials discovery,LEA no diversity,100,92.48570900000175,0.897905,0.897905,0.8484455347061157,0.0,0.0,1.0,0.65,1.0,1.0,0.0,1.0,1.0,0
49,q4_balanced_discovery,balanced stable MOF candidates for general materials discovery,LEA no self-cleaning,100,93.33933299998876,0.897905,0.897905,0.8484455347061157,0.0,0.0,1.0,0.65,1.0,1.0,0.0,1.0,1.0,0
49,q4_balanced_discovery,balanced stable MOF candidates for general materials discovery,GraphSAGE only,100,0.039624999999432475,0.897905,0.897905,0.8484455347061157,0.002916367145371623,0.0026186206416649073,1.0,0.65,1.0,1.0,0.0,1.0,1.0,0
49,q4_balanced_discovery,balanced stable MOF candidates for general materials discovery,GAT only,100,0.03637499999342708,0.897905,0.897905,0.8484455347061157,0.012693268153816462,0.01139734894165257,1.0,0.65,1.0,1.0,0.0,1.0,1.0,0
49,q4_balanced_discovery,balanced stable MOF candidates for general materials discovery,LEA + GraphSAGE,100,94.93404200000555,0.897905,0.897905,0.8484455347061157,0.002916367145371623,0.0026186206416649073,1.0,0.65,1.0,1.0,0.0,1.0,1.0,0
49,q4_balanced_discovery,balanced stable MOF candidates for general materials discovery,LEA + GAT,100,94.138375,0.897905,0.897905,0.8484455347061157,0.012693268153816462,0.01139734894165257,1.0,0.65,1.0,1.0,0.0,1.0,1.0,0
50,q4_balanced_discovery,balanced stable MOF candidates for general materials discovery,SemanticOnly,100,0.04775000000734053,0.777905,0.897905,0.858783733844757,0.08485281467437744,0.038125890874459265,0.8148355170039693,0.65,1.0,0.76,0.0,0.76,1.0,0
50,q4_balanced_discovery,balanced stable MOF candidates for general materials discovery,WeightedSum,100,0.04491599999312257,0.897905,0.897905,0.8484455347061157,0.0,0.0,1.0,0.65,1.0,1.0,0.0,1.0,1.0,0
50,q4_balanced_discovery,balanced stable MOF candidates for general materials discovery,TOPSIS,100,1.1462919999871701,0.897905,0.897905,0.8484455347061157,0.0,0.0,1.0,0.65,1.0,1.0,0.0,1.0,1.0,0
50,q4_balanced_discovery,balanced stable MOF candidates for general materials discovery,ParetoCrowding,100,180.21791700000733,0.897905,0.897905,0.8484455347061157,0.0,0.0,1.0,0.65,1.0,1.0,0.0,1.0,1.0,0
50,q4_balanced_discovery,balanced stable MOF candidates for general materials discovery,Random,100,0.04366699999991397,0.8079050000000001,0.897905,0.8561991840600968,0.12727922201156616,0.06914256915336263,0.8509777770683453,0.65,1.0,0.82,0.0,0.82,1.0,0
50,q4_balanced_discovery,balanced stable MOF candidates for general materials discovery,MMR,100,1690.7117500000054,0.8770749999999999,0.897905,0.834952887892723,0.1,0.07893675,0.9678342159544787,0.65,0.9,1.0,0.0,1.0,1.0,0
50,q4_balanced_discovery,balanced stable MOF candidates for general materials discovery,LEA,100,94.3443750000057,0.897905,0.897905,0.8484455347061157,0.0,0.0,1.0,0.65,1.0,1.0,0.0,1.0,1.0,0
50,q4_balanced_discovery,balanced stable MOF candidates for general materials discovery,LEA no diversity,100,93.00516700000117,0.897905,0.897905,0.8484455347061157,0.0,0.0,1.0,0.65,1.0,1.0,0.0,1.0,1.0,0
50,q4_balanced_discovery,balanced stable MOF candidates for general materials discovery,LEA no self-cleaning,100,95.88116700000171,0.897905,0.897905,0.8484455347061157,0.0,0.0,1.0,0.65,1.0,1.0,0.0,1.0,1.0,0
50,q4_balanced_discovery,balanced stable MOF candidates for general materials discovery,GraphSAGE only,100,0.041541000001643624,0.897905,0.897905,0.8484455347061157,0.002916367145371623,0.0026186206416649073,1.0,0.65,1.0,1.0,0.0,1.0,1.0,0
50,q4_balanced_discovery,balanced stable MOF candidates for general materials discovery,GAT only,100,0.04308299999422616,0.897905,0.897905,0.8484455347061157,0.012693268153816462,0.01139734894165257,1.0,0.65,1.0,1.0,0.0,1.0,1.0,0
50,q4_balanced_discovery,balanced stable MOF candidates for general materials discovery,LEA + GraphSAGE,100,100.70054199999845,0.897905,0.897905,0.8484455347061157,0.002916367145371623,0.0026186206416649073,1.0,0.65,1.0,1.0,0.0,1.0,1.0,0
50,q4_balanced_discovery,balanced stable MOF candidates for general materials discovery,LEA + GAT,100,96.66258299999697,0.897905,0.897905,0.8484455347061157,0.012693268153816462,0.01139734894165257,1.0,0.65,1.0,1.0,0.0,1.0,1.0,0
51,q4_balanced_discovery,balanced stable MOF candidates for general materials discovery,SemanticOnly,100,0.04483400000765414,0.7870750000000001,0.897905,0.8427065372467041,0.18700118660926818,0.0890698445984784,0.869808046906465,0.65,0.9,0.8200000000000001,0.0,0.8200000000000001,1.0,0
51,q4_balanced_discovery,balanced stable MOF candidates for general materials discovery,WeightedSum,100,0.05845900000167603,0.897905,0.897905,0.8484455347061157,0.0,0.0,1.0,0.65,1.0,1.0,0.0,1.0,1.0,0
51,q4_balanced_discovery,balanced stable MOF candidates for general materials discovery,TOPSIS,100,1.1657499999984111,0.897905,0.897905,0.8484455347061157,0.0,0.0,1.0,0.65,1.0,1.0,0.0,1.0,1.0,0
51,q4_balanced_discovery,balanced stable MOF candidates for general materials discovery,ParetoCrowding,100,180.79262500000937,0.897905,0.897905,0.8484455347061157,0.0,0.0,1.0,0.65,1.0,1.0,0.0,1.0,1.0,0
51,q4_balanced_discovery,balanced stable MOF candidates for general materials discovery,Random,100,0.04341700000054516,0.7779050000000002,0.897905,0.858783733844757,0.08485281467437744,0.03812589087445928,0.8324785019444245,0.65,1.0,0.76,0.0,0.76,1.0,0
51,q4_balanced_discovery,balanced stable MOF candidates for general materials discovery,MMR,100,1796.5546669999953,0.8770749999999999,0.897905,0.834952887892723,0.1,0.07893675,0.9678342159544787,0.65,0.9,1.0,0.0,1.0,1.0,0
51,q4_balanced_discovery,balanced stable MOF candidates for general materials discovery,LEA,100,94.90854199999887,0.897905,0.897905,0.8484455347061157,0.0,0.0,1.0,0.65,1.0,1.0,0.0,1.0,1.0,0
51,q4_balanced_discovery,balanced stable MOF candidates for general materials discovery,LEA no diversity,100,95.0359590000005,0.897905,0.897905,0.8484455347061157,0.0,0.0,1.0,0.65,1.0,1.0,0.0,1.0,1.0,0
51,q4_balanced_discovery,balanced stable MOF candidates for general materials discovery,LEA no self-cleaning,100,94.65941700000258,0.897905,0.897905,0.8484455347061157,0.0,0.0,1.0,0.65,1.0,1.0,0.0,1.0,1.0,0
51,q4_balanced_discovery,balanced stable MOF candidates for general materials discovery,GraphSAGE only,100,0.038291999999273685,0.897905,0.897905,0.8484455347061157,0.002916367145371623,0.0026186206416649073,1.0,0.65,1.0,1.0,0.0,1.0,1.0,0
51,q4_balanced_discovery,balanced stable MOF candidates for general materials discovery,GAT only,100,0.04412500000228192,0.897905,0.897905,0.8484455347061157,0.012693268153816462,0.01139734894165257,1.0,0.65,1.0,1.0,0.0,1.0,1.0,0
51,q4_balanced_discovery,balanced stable MOF candidates for general materials discovery,LEA + GraphSAGE,100,96.36049999998875,0.897905,0.897905,0.8484455347061157,0.002916367145371623,0.0026186206416649073,1.0,0.65,1.0,1.0,0.0,1.0,1.0,0
51,q4_balanced_discovery,balanced stable MOF candidates for general materials discovery,LEA + GAT,100,95.53912500000195,0.897905,0.897905,0.8484455347061157,0.012693268153816462,0.01139734894165257,1.0,0.65,1.0,1.0,0.0,1.0,1.0,0
42,q5_insulating_frameworks,wide band gap insulating MOFs with low density,SemanticOnly,100,0.054915999996296705,0.66925,0.66925,0.9028290808200836,0.0,0.0,0.8105817734409172,0.755,0.5,0.7,0.0,0.7,1.0,0
42,q5_insulating_frameworks,wide band gap insulating MOFs with low density,WeightedSum,100,0.057749999996303814,0.78925,0.78925,0.7930768579244614,0.0,0.0,1.0,0.755,0.5,1.0,0.0,1.0,1.0,0
42,q5_insulating_frameworks,wide band gap insulating MOFs with low density,TOPSIS,100,1.2182090000010248,0.78925,0.78925,0.7930768579244614,0.0,0.0,1.0,0.755,0.5,1.0,0.0,1.0,1.0,0
42,q5_insulating_frameworks,wide band gap insulating MOFs with low density,ParetoCrowding,100,192.17620800000645,0.78925,0.78925,0.7930768579244614,0.0,0.0,1.0,0.755,0.5,1.0,0.0,1.0,1.0,0
42,q5_insulating_frameworks,wide band gap insulating MOFs with low density,Random,100,0.07995800000060171,0.69325,0.78925,0.8808786362409592,0.08485281467437744,0.01698843293764591,0.8382497812245343,0.755,0.5,0.76,0.0,0.76,1.0,0
42,q5_insulating_frameworks,wide band gap insulating MOFs with low density,MMR,100,1714.5441669999996,0.78925,0.78925,0.7930768579244614,0.0,0.0,1.0,0.755,0.5,1.0,0.0,1.0,1.0,0
42,q5_insulating_frameworks,wide band gap insulating MOFs with low density,LEA,100,93.34350000000313,0.78925,0.78925,0.7930768579244614,0.0,0.0,1.0,0.755,0.5,1.0,0.0,1.0,1.0,0
42,q5_insulating_frameworks,wide band gap insulating MOFs with low density,LEA no diversity,100,92.67699999999479,0.78925,0.78925,0.7930768579244614,0.0,0.0,1.0,0.755,0.5,1.0,0.0,1.0,1.0,0
42,q5_insulating_frameworks,wide band gap insulating MOFs with low density,LEA no self-cleaning,100,90.96424999999897,0.78925,0.78925,0.7930768579244614,0.0,0.0,1.0,0.755,0.5,1.0,0.0,1.0,1.0,0
42,q5_insulating_frameworks,wide band gap insulating MOFs with low density,GraphSAGE only,100,0.03999999999848569,0.78925,0.78925,0.7930768579244614,0.018277083290740848,0.007212593993608607,1.0,0.755,0.5,1.0,0.0,1.0,1.0,0
42,q5_insulating_frameworks,wide band gap insulating MOFs with low density,GAT only,100,0.036958000009690295,0.78925,0.78925,0.7930768579244614,0.011106188171106623,0.004382779507022951,1.0,0.755,0.5,1.0,0.0,1.0,1.0,0
42,q5_insulating_frameworks,wide band gap insulating MOFs with low density,LEA + GraphSAGE,100,95.57099999999252,0.78925,0.78925,0.7930768579244614,0.018277083290740848,0.007212593993608607,1.0,0.755,0.5,1.0,0.0,1.0,1.0,0
42,q5_insulating_frameworks,wide band gap insulating MOFs with low density,LEA + GAT,100,94.89095800000769,0.78925,0.78925,0.7930768579244614,0.011106188171106623,0.004382779507022951,1.0,0.755,0.5,1.0,0.0,1.0,1.0,0
43,q5_insulating_frameworks,wide band gap insulating MOFs with low density,SemanticOnly,100,0.05554099999471873,0.66925,0.66925,0.9028290808200836,0.0,0.0,0.8105817734409172,0.755,0.5,0.7,0.0,0.7,1.0,0
43,q5_insulating_frameworks,wide band gap insulating MOFs with low density,WeightedSum,100,0.05041699999708271,0.78925,0.78925,0.7930768579244614,0.0,0.0,1.0,0.755,0.5,1.0,0.0,1.0,1.0,0
43,q5_insulating_frameworks,wide band gap insulating MOFs with low density,TOPSIS,100,1.2126250000079608,0.78925,0.78925,0.7930768579244614,0.0,0.0,1.0,0.755,0.5,1.0,0.0,1.0,1.0,0
43,q5_insulating_frameworks,wide band gap insulating MOFs with low density,ParetoCrowding,100,186.35629199999926,0.78925,0.78925,0.7930768579244614,0.0,0.0,1.0,0.755,0.5,1.0,0.0,1.0,1.0,0
43,q5_insulating_frameworks,wide band gap insulating MOFs with low density,Random,100,0.04262500000606906,0.69325,0.78925,0.8808786362409592,0.08485281467437744,0.01698843293764591,0.8354344065388519,0.755,0.5,0.76,0.0,0.76,1.0,0
43,q5_insulating_frameworks,wide band gap insulating MOFs with low density,MMR,100,1660.9657500000026,0.78925,0.78925,0.7930768579244614,0.0,0.0,1.0,0.755,0.5,1.0,0.0,1.0,1.0,0
43,q5_insulating_frameworks,wide band gap insulating MOFs with low density,LEA,100,90.85662499998648,0.78925,0.78925,0.7930768579244614,0.0,0.0,1.0,0.755,0.5,1.0,0.0,1.0,1.0,0
43,q5_insulating_frameworks,wide band gap insulating MOFs with low density,LEA no diversity,100,94.52133299998877,0.78925,0.78925,0.7930768579244614,0.0,0.0,1.0,0.755,0.5,1.0,0.0,1.0,1.0,0
43,q5_insulating_frameworks,wide band gap insulating MOFs with low density,LEA no self-cleaning,100,93.72137500000122,0.78925,0.78925,0.7930768579244614,0.0,0.0,1.0,0.755,0.5,1.0,0.0,1.0,1.0,0
43,q5_insulating_frameworks,wide band gap insulating MOFs with low density,GraphSAGE only,100,0.03995799998790517,0.78925,0.78925,0.7930768579244614,0.018277083290740848,0.007212593993608607,1.0,0.755,0.5,1.0,0.0,1.0,1.0,0
43,q5_insulating_frameworks,wide band gap insulating MOFs with low density,GAT only,100,0.03687500000637556,0.78925,0.78925,0.7930768579244614,0.011106188171106623,0.004382779507022951,1.0,0.755,0.5,1.0,0.0,1.0,1.0,0
43,q5_insulating_frameworks,wide band gap insulating MOFs with low density,LEA + GraphSAGE,100,99.39833299999634,0.78925,0.78925,0.7930768579244614,0.018277083290740848,0.007212593993608607,1.0,0.755,0.5,1.0,0.0,1.0,1.0,0
43,q5_insulating_frameworks,wide band gap insulating MOFs with low density,LEA + GAT,100,103.03424999999322,0.78925,0.78925,0.7930768579244614,0.011106188171106623,0.004382779507022951,1.0,0.755,0.5,1.0,0.0,1.0,1.0,0
44,q5_insulating_frameworks,wide band gap insulating MOFs with low density,SemanticOnly,100,0.06095800000593954,0.66925,0.66925,0.9028290808200836,0.0,0.0,0.8105817734409172,0.755,0.5,0.7,0.0,0.7,1.0,0
44,q5_insulating_frameworks,wide band gap insulating MOFs with low density,WeightedSum,100,0.05366599999945265,0.78925,0.78925,0.7930768579244614,0.0,0.0,1.0,0.755,0.5,1.0,0.0,1.0,1.0,0
44,q5_insulating_frameworks,wide band gap insulating MOFs with low density,TOPSIS,100,1.182165999992435,0.78925,0.78925,0.7930768579244614,0.0,0.0,1.0,0.755,0.5,1.0,0.0,1.0,1.0,0
44,q5_insulating_frameworks,wide band gap insulating MOFs with low density,ParetoCrowding,100,190.03345800000204,0.78925,0.78925,0.7930768579244614,0.0,0.0,1.0,0.755,0.5,1.0,0.0,1.0,1.0,0
44,q5_insulating_frameworks,wide band gap insulating MOFs with low density,Random,100,0.05050000000039745,0.66925,0.66925,0.9028290808200836,0.0,0.0,0.8105817734409172,0.755,0.5,0.7,0.0,0.7,1.0,0
44,q5_insulating_frameworks,wide band gap insulating MOFs with low density,MMR,100,1717.107041999995,0.78925,0.78925,0.7930768579244614,0.0,0.0,1.0,0.755,0.5,1.0,0.0,1.0,1.0,0
44,q5_insulating_frameworks,wide band gap insulating MOFs with low density,LEA,100,94.21758300000249,0.78925,0.78925,0.7930768579244614,0.0,0.0,1.0,0.755,0.5,1.0,0.0,1.0,1.0,0
44,q5_insulating_frameworks,wide band gap insulating MOFs with low density,LEA no diversity,100,93.7254999999908,0.78925,0.78925,0.7930768579244614,0.0,0.0,1.0,0.755,0.5,1.0,0.0,1.0,1.0,0
44,q5_insulating_frameworks,wide band gap insulating MOFs with low density,LEA no self-cleaning,100,93.25741600000015,0.78925,0.78925,0.7930768579244614,0.0,0.0,1.0,0.755,0.5,1.0,0.0,1.0,1.0,0
44,q5_insulating_frameworks,wide band gap insulating MOFs with low density,GraphSAGE only,100,0.04020900000512029,0.78925,0.78925,0.7930768579244614,0.018277083290740848,0.007212593993608607,1.0,0.755,0.5,1.0,0.0,1.0,1.0,0
44,q5_insulating_frameworks,wide band gap insulating MOFs with low density,GAT only,100,0.040208000001484834,0.78925,0.78925,0.7930768579244614,0.011106188171106623,0.004382779507022951,1.0,0.755,0.5,1.0,0.0,1.0,1.0,0
44,q5_insulating_frameworks,wide band gap insulating MOFs with low density,LEA + GraphSAGE,100,96.56354100000897,0.78925,0.78925,0.7930768579244614,0.018277083290740848,0.007212593993608607,1.0,0.755,0.5,1.0,0.0,1.0,1.0,0
44,q5_insulating_frameworks,wide band gap insulating MOFs with low density,LEA + GAT,100,107.34324999999956,0.78925,0.78925,0.7930768579244614,0.011106188171106623,0.004382779507022951,1.0,0.755,0.5,1.0,0.0,1.0,1.0,0
45,q5_insulating_frameworks,wide band gap insulating MOFs with low density,SemanticOnly,100,0.0474579999973912,0.66925,0.66925,0.9028290808200836,0.0,0.0,0.8105817734409172,0.755,0.5,0.7,0.0,0.7,1.0,0
45,q5_insulating_frameworks,wide band gap insulating MOFs with low density,WeightedSum,100,0.045374999999125976,0.78925,0.78925,0.7930768579244614,0.0,0.0,1.0,0.755,0.5,1.0,0.0,1.0,1.0,0
45,q5_insulating_frameworks,wide band gap insulating MOFs with low density,TOPSIS,100,1.1981249999877264,0.78925,0.78925,0.7930768579244614,0.0,0.0,1.0,0.755,0.5,1.0,0.0,1.0,1.0,0
45,q5_insulating_frameworks,wide band gap insulating MOFs with low density,ParetoCrowding,100,189.5105410000042,0.78925,0.78925,0.7930768579244614,0.0,0.0,1.0,0.755,0.5,1.0,0.0,1.0,1.0,0
45,q5_insulating_frameworks,wide band gap insulating MOFs with low density,Random,100,0.04687499999533884,0.6932499999999999,0.78925,0.8808786362409592,0.08485281467437744,0.01698843293764591,0.8427033357420886,0.755,0.5,0.76,0.0,0.76,1.0,0
45,q5_insulating_frameworks,wide band gap insulating MOFs with low density,MMR,100,1725.2170409999935,0.78925,0.78925,0.7930768579244614,0.0,0.0,1.0,0.755,0.5,1.0,0.0,1.0,1.0,0
45,q5_insulating_frameworks,wide band gap insulating MOFs with low density,LEA,100,96.6882499999997,0.78925,0.78925,0.7930768579244614,0.0,0.0,1.0,0.755,0.5,1.0,0.0,1.0,1.0,0
45,q5_insulating_frameworks,wide band gap insulating MOFs with low density,LEA no diversity,100,93.18933299999799,0.78925,0.78925,0.7930768579244614,0.0,0.0,1.0,0.755,0.5,1.0,0.0,1.0,1.0,0
45,q5_insulating_frameworks,wide band gap insulating MOFs with low density,LEA no self-cleaning,100,91.57249999999806,0.78925,0.78925,0.7930768579244614,0.0,0.0,1.0,0.755,0.5,1.0,0.0,1.0,1.0,0
45,q5_insulating_frameworks,wide band gap insulating MOFs with low density,GraphSAGE only,100,0.04400000000259752,0.78925,0.78925,0.7930768579244614,0.018277083290740848,0.007212593993608607,1.0,0.755,0.5,1.0,0.0,1.0,1.0,0
45,q5_insulating_frameworks,wide band gap insulating MOFs with low density,GAT only,100,0.03999999999848569,0.78925,0.78925,0.7930768579244614,0.011106188171106623,0.004382779507022951,1.0,0.755,0.5,1.0,0.0,1.0,1.0,0
45,q5_insulating_frameworks,wide band gap insulating MOFs with low density,LEA + GraphSAGE,100,96.36666699999807,0.78925,0.78925,0.7930768579244614,0.018277083290740848,0.007212593993608607,1.0,0.755,0.5,1.0,0.0,1.0,1.0,0
45,q5_insulating_frameworks,wide band gap insulating MOFs with low density,LEA + GAT,100,97.65545799999131,0.78925,0.78925,0.7930768579244614,0.011106188171106623,0.004382779507022951,1.0,0.755,0.5,1.0,0.0,1.0,1.0,0
46,q5_insulating_frameworks,wide band gap insulating MOFs with low density,SemanticOnly,100,0.05604200001130266,0.66925,0.66925,0.9028290808200836,0.0,0.0,0.8105817734409172,0.755,0.5,0.7,0.0,0.7,1.0,0
46,q5_insulating_frameworks,wide band gap insulating MOFs with low density,WeightedSum,100,0.046416999992970887,0.78925,0.78925,0.7930768579244614,0.0,0.0,1.0,0.755,0.5,1.0,0.0,1.0,1.0,0
46,q5_insulating_frameworks,wide band gap insulating MOFs with low density,TOPSIS,100,1.1610830000137184,0.78925,0.78925,0.7930768579244614,0.0,0.0,1.0,0.755,0.5,1.0,0.0,1.0,1.0,0
46,q5_insulating_frameworks,wide band gap insulating MOFs with low density,ParetoCrowding,100,195.01416699999652,0.78925,0.78925,0.7930768579244614,0.0,0.0,1.0,0.755,0.5,1.0,0.0,1.0,1.0,0
46,q5_insulating_frameworks,wide band gap insulating MOFs with low density,Random,100,0.046457999999915955,0.66925,0.66925,0.9028290808200836,0.0,0.0,0.8105817734409172,0.755,0.5,0.7,0.0,0.7,1.0,0
46,q5_insulating_frameworks,wide band gap insulating MOFs with low density,MMR,100,1712.3715830000065,0.78925,0.78925,0.7930768579244614,0.0,0.0,1.0,0.755,0.5,1.0,0.0,1.0,1.0,0
46,q5_insulating_frameworks,wide band gap insulating MOFs with low density,LEA,100,91.34799999999643,0.78925,0.78925,0.7930768579244614,0.0,0.0,1.0,0.755,0.5,1.0,0.0,1.0,1.0,0
46,q5_insulating_frameworks,wide band gap insulating MOFs with low density,LEA no diversity,100,91.40295800000331,0.78925,0.78925,0.7930768579244614,0.0,0.0,1.0,0.755,0.5,1.0,0.0,1.0,1.0,0
46,q5_insulating_frameworks,wide band gap insulating MOFs with low density,LEA no self-cleaning,100,94.10541699999442,0.78925,0.78925,0.7930768579244614,0.0,0.0,1.0,0.755,0.5,1.0,0.0,1.0,1.0,0
46,q5_insulating_frameworks,wide band gap insulating MOFs with low density,GraphSAGE only,100,0.045790999990913406,0.78925,0.78925,0.7930768579244614,0.018277083290740848,0.007212593993608607,1.0,0.755,0.5,1.0,0.0,1.0,1.0,0
46,q5_insulating_frameworks,wide band gap insulating MOFs with low density,GAT only,100,0.037750000004166395,0.78925,0.78925,0.7930768579244614,0.011106188171106623,0.004382779507022951,1.0,0.755,0.5,1.0,0.0,1.0,1.0,0
46,q5_insulating_frameworks,wide band gap insulating MOFs with low density,LEA + GraphSAGE,100,95.13545799998724,0.78925,0.78925,0.7930768579244614,0.018277083290740848,0.007212593993608607,1.0,0.755,0.5,1.0,0.0,1.0,1.0,0
46,q5_insulating_frameworks,wide band gap insulating MOFs with low density,LEA + GAT,100,94.31579199998907,0.78925,0.78925,0.7930768579244614,0.011106188171106623,0.004382779507022951,1.0,0.755,0.5,1.0,0.0,1.0,1.0,0
47,q5_insulating_frameworks,wide band gap insulating MOFs with low density,SemanticOnly,100,0.045624999998494786,0.66925,0.66925,0.9028290808200836,0.0,0.0,0.8105817734409172,0.755,0.5,0.7,0.0,0.7,1.0,0
47,q5_insulating_frameworks,wide band gap insulating MOFs with low density,WeightedSum,100,0.0485839999981863,0.78925,0.78925,0.7930768579244614,0.0,0.0,1.0,0.755,0.5,1.0,0.0,1.0,1.0,0
47,q5_insulating_frameworks,wide band gap insulating MOFs with low density,TOPSIS,100,1.206958000011582,0.78925,0.78925,0.7930768579244614,0.0,0.0,1.0,0.755,0.5,1.0,0.0,1.0,1.0,0
47,q5_insulating_frameworks,wide band gap insulating MOFs with low density,ParetoCrowding,100,189.3027909999887,0.78925,0.78925,0.7930768579244614,0.0,0.0,1.0,0.755,0.5,1.0,0.0,1.0,1.0,0
47,q5_insulating_frameworks,wide band gap insulating MOFs with low density,Random,100,0.04304099999785649,0.6932499999999999,0.78925,0.8808786362409592,0.08485281467437744,0.01698843293764591,0.8427033357420886,0.755,0.5,0.76,0.0,0.76,1.0,0
47,q5_insulating_frameworks,wide band gap insulating MOFs with low density,MMR,100,1699.564291999991,0.78925,0.78925,0.7930768579244614,0.0,0.0,1.0,0.755,0.5,1.0,0.0,1.0,1.0,0
47,q5_insulating_frameworks,wide band gap insulating MOFs with low density,LEA,100,93.198000000001,0.78925,0.78925,0.7930768579244614,0.0,0.0,1.0,0.755,0.5,1.0,0.0,1.0,1.0,0
47,q5_insulating_frameworks,wide band gap insulating MOFs with low density,LEA no diversity,100,92.22054200000684,0.78925,0.78925,0.7930768579244614,0.0,0.0,1.0,0.755,0.5,1.0,0.0,1.0,1.0,0
47,q5_insulating_frameworks,wide band gap insulating MOFs with low density,LEA no self-cleaning,100,96.49999999999181,0.78925,0.78925,0.7930768579244614,0.0,0.0,1.0,0.755,0.5,1.0,0.0,1.0,1.0,0
47,q5_insulating_frameworks,wide band gap insulating MOFs with low density,GraphSAGE only,100,0.04137499999501415,0.78925,0.78925,0.7930768579244614,0.018277083290740848,0.007212593993608607,1.0,0.755,0.5,1.0,0.0,1.0,1.0,0
47,q5_insulating_frameworks,wide band gap insulating MOFs with low density,GAT only,100,0.04025000001206536,0.78925,0.78925,0.7930768579244614,0.011106188171106623,0.004382779507022951,1.0,0.755,0.5,1.0,0.0,1.0,1.0,0
47,q5_insulating_frameworks,wide band gap insulating MOFs with low density,LEA + GraphSAGE,100,102.13104199999634,0.78925,0.78925,0.7930768579244614,0.018277083290740848,0.007212593993608607,1.0,0.755,0.5,1.0,0.0,1.0,1.0,0
47,q5_insulating_frameworks,wide band gap insulating MOFs with low density,LEA + GAT,100,100.61816600000384,0.78925,0.78925,0.7930768579244614,0.011106188171106623,0.004382779507022951,1.0,0.755,0.5,1.0,0.0,1.0,1.0,0
48,q5_insulating_frameworks,wide band gap insulating MOFs with low density,SemanticOnly,100,0.07158399998274945,0.66925,0.66925,0.9028290808200836,0.0,0.0,0.8105817734409172,0.755,0.5,0.7,0.0,0.7,1.0,0
48,q5_insulating_frameworks,wide band gap insulating MOFs with low density,WeightedSum,100,0.04729199997655087,0.78925,0.78925,0.7930768579244614,0.0,0.0,1.0,0.755,0.5,1.0,0.0,1.0,1.0,0
48,q5_insulating_frameworks,wide band gap insulating MOFs with low density,TOPSIS,100,1.1662089999902037,0.78925,0.78925,0.7930768579244614,0.0,0.0,1.0,0.755,0.5,1.0,0.0,1.0,1.0,0
48,q5_insulating_frameworks,wide band gap insulating MOFs with low density,ParetoCrowding,100,215.44195800001376,0.78925,0.78925,0.7930768579244614,0.0,0.0,1.0,0.755,0.5,1.0,0.0,1.0,1.0,0
48,q5_insulating_frameworks,wide band gap insulating MOFs with low density,Random,100,0.0543330000084552,0.66925,0.66925,0.9028290808200836,0.0,0.0,0.8105817734409172,0.755,0.5,0.7,0.0,0.7,1.0,0
48,q5_insulating_frameworks,wide band gap insulating MOFs with low density,MMR,100,1771.4352919999783,0.78925,0.78925,0.7930768579244614,0.0,0.0,1.0,0.755,0.5,1.0,0.0,1.0,1.0,0
48,q5_insulating_frameworks,wide band gap insulating MOFs with low density,LEA,100,96.30862500000603,0.78925,0.78925,0.7930768579244614,0.0,0.0,1.0,0.755,0.5,1.0,0.0,1.0,1.0,0
48,q5_insulating_frameworks,wide band gap insulating MOFs with low density,LEA no diversity,100,94.76324999999974,0.78925,0.78925,0.7930768579244614,0.0,0.0,1.0,0.755,0.5,1.0,0.0,1.0,1.0,0
48,q5_insulating_frameworks,wide band gap insulating MOFs with low density,LEA no self-cleaning,100,104.25266699999725,0.78925,0.78925,0.7930768579244614,0.0,0.0,1.0,0.755,0.5,1.0,0.0,1.0,1.0,0
48,q5_insulating_frameworks,wide band gap insulating MOFs with low density,GraphSAGE only,100,0.04429200001254685,0.78925,0.78925,0.7930768579244614,0.018277083290740848,0.007212593993608607,1.0,0.755,0.5,1.0,0.0,1.0,1.0,0
48,q5_insulating_frameworks,wide band gap insulating MOFs with low density,GAT only,100,0.036958999999114894,0.78925,0.78925,0.7930768579244614,0.011106188171106623,0.004382779507022951,1.0,0.755,0.5,1.0,0.0,1.0,1.0,0
48,q5_insulating_frameworks,wide band gap insulating MOFs with low density,LEA + GraphSAGE,100,105.57220800001232,0.78925,0.78925,0.7930768579244614,0.018277083290740848,0.007212593993608607,1.0,0.755,0.5,1.0,0.0,1.0,1.0,0
48,q5_insulating_frameworks,wide band gap insulating MOFs with low density,LEA + GAT,100,98.15887499999576,0.78925,0.78925,0.7930768579244614,0.011106188171106623,0.004382779507022951,1.0,0.755,0.5,1.0,0.0,1.0,1.0,0
49,q5_insulating_frameworks,wide band gap insulating MOFs with low density,SemanticOnly,100,0.06045799997878021,0.66925,0.66925,0.9028290808200836,0.0,0.0,0.8105817734409172,0.755,0.5,0.7,0.0,0.7,1.0,0
49,q5_insulating_frameworks,wide band gap insulating MOFs with low density,WeightedSum,100,0.05104199999550474,0.78925,0.78925,0.7930768579244614,0.0,0.0,1.0,0.755,0.5,1.0,0.0,1.0,1.0,0
49,q5_insulating_frameworks,wide band gap insulating MOFs with low density,TOPSIS,100,1.1829999999974916,0.78925,0.78925,0.7930768579244614,0.0,0.0,1.0,0.755,0.5,1.0,0.0,1.0,1.0,0
49,q5_insulating_frameworks,wide band gap insulating MOFs with low density,ParetoCrowding,100,191.1760830000162,0.78925,0.78925,0.7930768579244614,0.0,0.0,1.0,0.755,0.5,1.0,0.0,1.0,1.0,0
49,q5_insulating_frameworks,wide band gap insulating MOFs with low density,Random,100,0.04487500001459921,0.66925,0.66925,0.9028290808200836,0.0,0.0,0.8105817734409172,0.755,0.5,0.7,0.0,0.7,1.0,0
49,q5_insulating_frameworks,wide band gap insulating MOFs with low density,MMR,100,1826.4332089999868,0.78925,0.78925,0.7930768579244614,0.0,0.0,1.0,0.755,0.5,1.0,0.0,1.0,1.0,0
49,q5_insulating_frameworks,wide band gap insulating MOFs with low density,LEA,100,98.35795799997982,0.78925,0.78925,0.7930768579244614,0.0,0.0,1.0,0.755,0.5,1.0,0.0,1.0,1.0,0
49,q5_insulating_frameworks,wide band gap insulating MOFs with low density,LEA no diversity,100,96.14941699999235,0.78925,0.78925,0.7930768579244614,0.0,0.0,1.0,0.755,0.5,1.0,0.0,1.0,1.0,0
49,q5_insulating_frameworks,wide band gap insulating MOFs with low density,LEA no self-cleaning,100,96.1093749999975,0.78925,0.78925,0.7930768579244614,0.0,0.0,1.0,0.755,0.5,1.0,0.0,1.0,1.0,0
49,q5_insulating_frameworks,wide band gap insulating MOFs with low density,GraphSAGE only,100,0.04250000000638465,0.78925,0.78925,0.7930768579244614,0.018277083290740848,0.007212593993608607,1.0,0.755,0.5,1.0,0.0,1.0,1.0,0
49,q5_insulating_frameworks,wide band gap insulating MOFs with low density,GAT only,100,0.039125000000694854,0.78925,0.78925,0.7930768579244614,0.011106188171106623,0.004382779507022951,1.0,0.755,0.5,1.0,0.0,1.0,1.0,0
49,q5_insulating_frameworks,wide band gap insulating MOFs with low density,LEA + GraphSAGE,100,100.17716699999824,0.78925,0.78925,0.7930768579244614,0.018277083290740848,0.007212593993608607,1.0,0.755,0.5,1.0,0.0,1.0,1.0,0
49,q5_insulating_frameworks,wide band gap insulating MOFs with low density,LEA + GAT,100,94.8988750000126,0.78925,0.78925,0.7930768579244614,0.011106188171106623,0.004382779507022951,1.0,0.755,0.5,1.0,0.0,1.0,1.0,0
50,q5_insulating_frameworks,wide band gap insulating MOFs with low density,SemanticOnly,100,0.04874999999060492,0.66925,0.66925,0.9028290808200836,0.0,0.0,0.8105817734409172,0.755,0.5,0.7,0.0,0.7,1.0,0
50,q5_insulating_frameworks,wide band gap insulating MOFs with low density,WeightedSum,100,0.05670899997767265,0.78925,0.78925,0.7930768579244614,0.0,0.0,1.0,0.755,0.5,1.0,0.0,1.0,1.0,0
50,q5_insulating_frameworks,wide band gap insulating MOFs with low density,TOPSIS,100,1.3217920000272443,0.78925,0.78925,0.7930768579244614,0.0,0.0,1.0,0.755,0.5,1.0,0.0,1.0,1.0,0
50,q5_insulating_frameworks,wide band gap insulating MOFs with low density,ParetoCrowding,100,197.142499999984,0.78925,0.78925,0.7930768579244614,0.0,0.0,1.0,0.755,0.5,1.0,0.0,1.0,1.0,0
50,q5_insulating_frameworks,wide band gap insulating MOFs with low density,Random,100,0.05858299999772498,0.7172499999999999,0.78925,0.8589281916618348,0.12727922201156616,0.03069204159229695,0.8675559688400233,0.755,0.5,0.82,0.0,0.82,1.0,0
50,q5_insulating_frameworks,wide band gap insulating MOFs with low density,MMR,100,1704.7284169999841,0.78925,0.78925,0.7930768579244614,0.0,0.0,1.0,0.755,0.5,1.0,0.0,1.0,1.0,0
50,q5_insulating_frameworks,wide band gap insulating MOFs with low density,LEA,100,92.1430829999963,0.78925,0.78925,0.7930768579244614,0.0,0.0,1.0,0.755,0.5,1.0,0.0,1.0,1.0,0
50,q5_insulating_frameworks,wide band gap insulating MOFs with low density,LEA no diversity,100,92.90299999997842,0.78925,0.78925,0.7930768579244614,0.0,0.0,1.0,0.755,0.5,1.0,0.0,1.0,1.0,0
50,q5_insulating_frameworks,wide band gap insulating MOFs with low density,LEA no self-cleaning,100,98.25504200000523,0.78925,0.78925,0.7930768579244614,0.0,0.0,1.0,0.755,0.5,1.0,0.0,1.0,1.0,0
50,q5_insulating_frameworks,wide band gap insulating MOFs with low density,GraphSAGE only,100,0.04187499999375177,0.78925,0.78925,0.7930768579244614,0.018277083290740848,0.007212593993608607,1.0,0.755,0.5,1.0,0.0,1.0,1.0,0
50,q5_insulating_frameworks,wide band gap insulating MOFs with low density,GAT only,100,0.038167000013800134,0.78925,0.78925,0.7930768579244614,0.011106188171106623,0.004382779507022951,1.0,0.755,0.5,1.0,0.0,1.0,1.0,0
50,q5_insulating_frameworks,wide band gap insulating MOFs with low density,LEA + GraphSAGE,100,100.03995899998586,0.78925,0.78925,0.7930768579244614,0.018277083290740848,0.007212593993608607,1.0,0.755,0.5,1.0,0.0,1.0,1.0,0
50,q5_insulating_frameworks,wide band gap insulating MOFs with low density,LEA + GAT,100,98.06454200000303,0.78925,0.78925,0.7930768579244614,0.011106188171106623,0.004382779507022951,1.0,0.755,0.5,1.0,0.0,1.0,1.0,0
51,q5_insulating_frameworks,wide band gap insulating MOFs with low density,SemanticOnly,100,0.04975000001650187,0.66925,0.66925,0.9028290808200836,0.0,0.0,0.8105817734409172,0.755,0.5,0.7,0.0,0.7,1.0,0
51,q5_insulating_frameworks,wide band gap insulating MOFs with low density,WeightedSum,100,0.045999999997548,0.78925,0.78925,0.7930768579244614,0.0,0.0,1.0,0.755,0.5,1.0,0.0,1.0,1.0,0
51,q5_insulating_frameworks,wide band gap insulating MOFs with low density,TOPSIS,100,1.2230420000207687,0.78925,0.78925,0.7930768579244614,0.0,0.0,1.0,0.755,0.5,1.0,0.0,1.0,1.0,0
51,q5_insulating_frameworks,wide band gap insulating MOFs with low density,ParetoCrowding,100,195.06829200000197,0.78925,0.78925,0.7930768579244614,0.0,0.0,1.0,0.755,0.5,1.0,0.0,1.0,1.0,0
51,q5_insulating_frameworks,wide band gap insulating MOFs with low density,Random,100,0.04679200000623496,0.6932499999999999,0.78925,0.8808786362409592,0.08485281467437744,0.01698843293764591,0.8511146722149339,0.755,0.5,0.76,0.0,0.76,1.0,0
51,q5_insulating_frameworks,wide band gap insulating MOFs with low density,MMR,100,1700.2134169999863,0.78925,0.78925,0.7930768579244614,0.0,0.0,1.0,0.755,0.5,1.0,0.0,1.0,1.0,0
51,q5_insulating_frameworks,wide band gap insulating MOFs with low density,LEA,100,91.76754199998527,0.78925,0.78925,0.7930768579244614,0.0,0.0,1.0,0.755,0.5,1.0,0.0,1.0,1.0,0
51,q5_insulating_frameworks,wide band gap insulating MOFs with low density,LEA no diversity,100,94.3907500000023,0.78925,0.78925,0.7930768579244614,0.0,0.0,1.0,0.755,0.5,1.0,0.0,1.0,1.0,0
51,q5_insulating_frameworks,wide band gap insulating MOFs with low density,LEA no self-cleaning,100,96.48145799999952,0.78925,0.78925,0.7930768579244614,0.0,0.0,1.0,0.755,0.5,1.0,0.0,1.0,1.0,0
51,q5_insulating_frameworks,wide band gap insulating MOFs with low density,GraphSAGE only,100,0.04183300001159296,0.78925,0.78925,0.7930768579244614,0.018277083290740848,0.007212593993608607,1.0,0.755,0.5,1.0,0.0,1.0,1.0,0
51,q5_insulating_frameworks,wide band gap insulating MOFs with low density,GAT only,100,0.040959000017437575,0.78925,0.78925,0.7930768579244614,0.011106188171106623,0.004382779507022951,1.0,0.755,0.5,1.0,0.0,1.0,1.0,0
51,q5_insulating_frameworks,wide band gap insulating MOFs with low density,LEA + GraphSAGE,100,100.9172080000269,0.78925,0.78925,0.7930768579244614,0.018277083290740848,0.007212593993608607,1.0,0.755,0.5,1.0,0.0,1.0,1.0,0
51,q5_insulating_frameworks,wide band gap insulating MOFs with low density,LEA + GAT,100,100.5961250000098,0.78925,0.78925,0.7930768579244614,0.011106188171106623,0.004382779507022951,1.0,0.755,0.5,1.0,0.0,1.0,1.0,0
