seed,query_id,query,method,candidate_pool_size,runtime_ms,rel_at_5,best_relevance,balance,diversity,unique_at_5,hypervolume_proxy,ndcg_at_5,mean_semantic_score,mean_band_gap_score,mean_density_score,mean_porosity_score,mean_stability_score,missing_band_gap_top5
42,q1_co2_adsorption,stable porous MOFs for CO2 adsorption,SemanticOnly,100,0.035499999995636244,0.7228393827283938,0.7598756790987566,0.8876850906270629,0.028188043115413085,1.0,0.007987167652859683,0.9263328647457447,0.7166666666666667,0.8,0.7,0.0,0.7,0
42,q1_co2_adsorption,stable porous MOFs for CO2 adsorption,WeightedSum,100,0.04737499999407646,0.7598756790987566,0.7598756790987566,0.8723203879496285,0.016303138590087134,1.0,0.006070295668715966,1.0,0.7166666666666667,1.0,0.7,0.0,0.7,0
42,q1_co2_adsorption,stable porous MOFs for CO2 adsorption,TOPSIS,100,1.0217079999961243,0.7598756790987566,0.7598756790987566,0.8723203879496285,0.016303138590087134,1.0,0.006070295668715966,1.0,0.7166666666666667,1.0,0.7,0.0,0.7,0
42,q1_co2_adsorption,stable porous MOFs for CO2 adsorption,ParetoCrowding,100,208.08649999999318,0.7598756790987566,0.7598756790987566,0.8723203879496285,0.0299434020610946,1.0,0.011149098858093667,1.0,0.7166666666666667,1.0,0.7,0.0,0.7,0
42,q1_co2_adsorption,stable porous MOFs for CO2 adsorption,Random,100,0.050375000000713044,0.7413575309135754,0.7598756790987566,0.8800027392883457,0.016018768819630252,1.0,0.005237154991074834,0.9742544410759556,0.7166666666666667,0.9,0.7,0.0,0.7,0
42,q1_co2_adsorption,stable porous MOFs for CO2 adsorption,MMR,100,2148.1415000000084,0.7598756790987566,0.7598756790987566,0.8723203879496285,0.031194135291421093,1.0,0.011614795721848876,1.0,0.7166666666666667,1.0,0.7,0.0,0.7,0
42,q1_co2_adsorption,stable porous MOFs for CO2 adsorption,LEA,100,86.23937500000523,0.7598756790987566,0.7598756790987566,0.8723203879496285,0.0301478749318298,1.0,0.011225232099232187,1.0,0.7166666666666667,1.0,0.7,0.0,0.7,0
42,q1_co2_adsorption,stable porous MOFs for CO2 adsorption,LEA no diversity,100,82.98662500000376,0.7598756790987566,0.7598756790987566,0.8723203879496285,0.0301478749318298,1.0,0.011225232099232187,1.0,0.7166666666666667,1.0,0.7,0.0,0.7,0
42,q1_co2_adsorption,stable porous MOFs for CO2 adsorption,LEA no self-cleaning,100,85.14004200000613,0.7598756790987566,0.7598756790987566,0.8723203879496285,0.0301478749318298,1.0,0.011225232099232187,1.0,0.7166666666666667,1.0,0.7,0.0,0.7,0
42,q1_co2_adsorption,stable porous MOFs for CO2 adsorption,GraphSAGE only,100,0.03762500000448199,0.7598756790987566,0.7598756790987566,0.8723203879496285,0.02215122166896756,1.0,0.00824776555820117,1.0,0.7166666666666667,1.0,0.7,0.0,0.7,0
42,q1_co2_adsorption,stable porous MOFs for CO2 adsorption,GAT only,100,0.03325000000131695,0.7598756790987566,0.7598756790987566,0.8723203879496285,0.017929024901184868,1.0,0.006675676686459521,1.0,0.7166666666666667,1.0,0.7,0.0,0.7,0
42,q1_co2_adsorption,stable porous MOFs for CO2 adsorption,LEA + GraphSAGE,100,87.02491700000792,0.7598756790987566,0.7598756790987566,0.8723203879496285,0.023979580794881543,1.0,0.008928535118096917,1.0,0.7166666666666667,1.0,0.7,0.0,0.7,0
42,q1_co2_adsorption,stable porous MOFs for CO2 adsorption,LEA + GAT,100,87.4026669999921,0.7598756790987566,0.7598756790987566,0.8723203879496285,0.013448907919271997,1.0,0.005007554038763792,1.0,0.7166666666666667,1.0,0.7,0.0,0.7,0
43,q1_co2_adsorption,stable porous MOFs for CO2 adsorption,SemanticOnly,100,0.029249999997205123,0.7228393827283938,0.7598756790987566,0.8876850906270629,0.024116904130441548,1.0,0.006833598053227541,0.9227633232278667,0.7166666666666667,0.8,0.7,0.0,0.7,0
43,q1_co2_adsorption,stable porous MOFs for CO2 adsorption,WeightedSum,100,0.04387500000291311,0.7598756790987566,0.7598756790987566,0.8723203879496285,0.016303138590087134,1.0,0.006070295668715966,1.0,0.7166666666666667,1.0,0.7,0.0,0.7,0
43,q1_co2_adsorption,stable porous MOFs for CO2 adsorption,TOPSIS,100,0.9874170000045979,0.7598756790987566,0.7598756790987566,0.8723203879496285,0.016303138590087134,1.0,0.006070295668715966,1.0,0.7166666666666667,1.0,0.7,0.0,0.7,0
43,q1_co2_adsorption,stable porous MOFs for CO2 adsorption,ParetoCrowding,100,219.01195799999584,0.7598756790987566,0.7598756790987566,0.8723203879496285,0.0299434020610946,1.0,0.011149098858093667,1.0,0.7166666666666667,1.0,0.7,0.0,0.7,0
43,q1_co2_adsorption,stable porous MOFs for CO2 adsorption,Random,100,0.04687499999533884,0.7413575309135754,0.7598756790987566,0.8800027392883457,0.026630383040872896,1.0,0.008706502043142748,0.9675127217049865,0.7166666666666667,0.9,0.7,0.0,0.7,0
43,q1_co2_adsorption,stable porous MOFs for CO2 adsorption,MMR,100,2137.651500000004,0.7598756790987566,0.7598756790987566,0.8723203879496285,0.03348784951428423,1.0,0.012468835171699609,1.0,0.7166666666666667,1.0,0.7,0.0,0.7,0
43,q1_co2_adsorption,stable porous MOFs for CO2 adsorption,LEA,100,89.89208399999882,0.7598756790987566,0.7598756790987566,0.8723203879496285,0.03414729069233199,1.0,0.012714370895067025,1.0,0.7166666666666667,1.0,0.7,0.0,0.7,0
43,q1_co2_adsorption,stable porous MOFs for CO2 adsorption,LEA no diversity,100,85.3764999999953,0.7598756790987566,0.7598756790987566,0.8723203879496285,0.03414729069233199,1.0,0.012714370895067025,1.0,0.7166666666666667,1.0,0.7,0.0,0.7,0
43,q1_co2_adsorption,stable porous MOFs for CO2 adsorption,LEA no self-cleaning,100,84.5334159999993,0.7598756790987566,0.7598756790987566,0.8723203879496285,0.03414729069233199,1.0,0.012714370895067025,1.0,0.7166666666666667,1.0,0.7,0.0,0.7,0
43,q1_co2_adsorption,stable porous MOFs for CO2 adsorption,GraphSAGE only,100,0.04491699999675802,0.7598756790987566,0.7598756790987566,0.8723203879496285,0.02215122166896756,1.0,0.00824776555820117,1.0,0.7166666666666667,1.0,0.7,0.0,0.7,0
43,q1_co2_adsorption,stable porous MOFs for CO2 adsorption,GAT only,100,0.03308299999105202,0.7598756790987566,0.7598756790987566,0.8723203879496285,0.017929024901184868,1.0,0.006675676686459521,1.0,0.7166666666666667,1.0,0.7,0.0,0.7,0
43,q1_co2_adsorption,stable porous MOFs for CO2 adsorption,LEA + GraphSAGE,100,83.45887500000515,0.7598756790987566,0.7598756790987566,0.8723203879496285,0.02502580633745688,1.0,0.009318085776977816,1.0,0.7166666666666667,1.0,0.7,0.0,0.7,0
43,q1_co2_adsorption,stable porous MOFs for CO2 adsorption,LEA + GAT,100,83.64466599999787,0.7598756790987566,0.7598756790987566,0.8723203879496285,0.023661836279131487,1.0,0.00881022641655103,1.0,0.7166666666666667,1.0,0.7,0.0,0.7,0
44,q1_co2_adsorption,stable porous MOFs for CO2 adsorption,SemanticOnly,100,0.03799999998932435,0.7228393827283938,0.7598756790987566,0.8876850906270629,0.024116904130441548,1.0,0.006833598053227541,0.9227633232278667,0.7166666666666667,0.8,0.7,0.0,0.7,0
44,q1_co2_adsorption,stable porous MOFs for CO2 adsorption,WeightedSum,100,0.04654100000323069,0.7598756790987566,0.7598756790987566,0.8723203879496285,0.016303138590087134,1.0,0.006070295668715966,1.0,0.7166666666666667,1.0,0.7,0.0,0.7,0
44,q1_co2_adsorption,stable porous MOFs for CO2 adsorption,TOPSIS,100,0.9929999999940264,0.7598756790987566,0.7598756790987566,0.8723203879496285,0.016303138590087134,1.0,0.006070295668715966,1.0,0.7166666666666667,1.0,0.7,0.0,0.7,0
44,q1_co2_adsorption,stable porous MOFs for CO2 adsorption,ParetoCrowding,100,236.77562499999283,0.7598756790987566,0.7598756790987566,0.8723203879496285,0.0299434020610946,1.0,0.011149098858093667,1.0,0.7166666666666667,1.0,0.7,0.0,0.7,0
44,q1_co2_adsorption,stable porous MOFs for CO2 adsorption,Random,100,0.2234170000008362,0.7413575309135754,0.7598756790987566,0.8800027392883457,0.018053292169540668,1.0,0.005902319351483375,0.9742544410759556,0.7166666666666667,0.9,0.7,0.0,0.7,0
44,q1_co2_adsorption,stable porous MOFs for CO2 adsorption,MMR,100,2157.770999999997,0.7598756790987566,0.7598756790987566,0.8723203879496285,0.0341786970364016,1.0,0.012726064704410699,1.0,0.7166666666666667,1.0,0.7,0.0,0.7,0
44,q1_co2_adsorption,stable porous MOFs for CO2 adsorption,LEA,100,81.67829199999233,0.7598756790987566,0.7598756790987566,0.8723203879496285,0.02683698508580522,1.0,0.009992458410849326,1.0,0.7166666666666667,1.0,0.7,0.0,0.7,0
44,q1_co2_adsorption,stable porous MOFs for CO2 adsorption,LEA no diversity,100,85.71866699999475,0.7598756790987566,0.7598756790987566,0.8723203879496285,0.02683698508580522,1.0,0.009992458410849326,1.0,0.7166666666666667,1.0,0.7,0.0,0.7,0
44,q1_co2_adsorption,stable porous MOFs for CO2 adsorption,LEA no self-cleaning,100,86.43687499998975,0.7598756790987566,0.7598756790987566,0.8723203879496285,0.02683698508580522,1.0,0.009992458410849326,1.0,0.7166666666666667,1.0,0.7,0.0,0.7,0
44,q1_co2_adsorption,stable porous MOFs for CO2 adsorption,GraphSAGE only,100,0.035999999994373866,0.7598756790987566,0.7598756790987566,0.8723203879496285,0.02215122166896756,1.0,0.00824776555820117,1.0,0.7166666666666667,1.0,0.7,0.0,0.7,0
44,q1_co2_adsorption,stable porous MOFs for CO2 adsorption,GAT only,100,0.0386669999983269,0.7598756790987566,0.7598756790987566,0.8723203879496285,0.017929024901184868,1.0,0.006675676686459521,1.0,0.7166666666666667,1.0,0.7,0.0,0.7,0
44,q1_co2_adsorption,stable porous MOFs for CO2 adsorption,LEA + GraphSAGE,100,85.97925000000828,0.7598756790987566,0.7598756790987566,0.8723203879496285,0.013684802221020554,1.0,0.005095386706704781,1.0,0.7166666666666667,1.0,0.7,0.0,0.7,0
44,q1_co2_adsorption,stable porous MOFs for CO2 adsorption,LEA + GAT,100,87.85579199999916,0.7598756790987566,0.7598756790987566,0.8723203879496285,0.011330574099422055,1.0,0.004218815567304787,1.0,0.7166666666666667,1.0,0.7,0.0,0.7,0
45,q1_co2_adsorption,stable porous MOFs for CO2 adsorption,SemanticOnly,100,0.03520900000353322,0.7228393827283938,0.7598756790987566,0.8876850906270629,0.0213872011616576,1.0,0.006060128424104381,0.9453367042988201,0.7166666666666667,0.8,0.7,0.0,0.7,0
45,q1_co2_adsorption,stable porous MOFs for CO2 adsorption,WeightedSum,100,0.04891700000086985,0.7598756790987566,0.7598756790987566,0.8723203879496285,0.016303138590087134,1.0,0.006070295668715966,1.0,0.7166666666666667,1.0,0.7,0.0,0.7,0
45,q1_co2_adsorption,stable porous MOFs for CO2 adsorption,TOPSIS,100,1.0107919999882142,0.7598756790987566,0.7598756790987566,0.8723203879496285,0.016303138590087134,1.0,0.006070295668715966,1.0,0.7166666666666667,1.0,0.7,0.0,0.7,0
45,q1_co2_adsorption,stable porous MOFs for CO2 adsorption,ParetoCrowding,100,225.88420799999653,0.7598756790987566,0.7598756790987566,0.8723203879496285,0.0299434020610946,1.0,0.011149098858093667,1.0,0.7166666666666667,1.0,0.7,0.0,0.7,0
45,q1_co2_adsorption,stable porous MOFs for CO2 adsorption,Random,100,0.05383399999914218,0.7413575309135754,0.7598756790987566,0.8800027392883457,0.017193308426538993,1.0,0.005621157409350521,0.9485088821519111,0.7166666666666667,0.9,0.7,0.0,0.7,0
45,q1_co2_adsorption,stable porous MOFs for CO2 adsorption,MMR,100,2158.5231669999985,0.7598756790987566,0.7598756790987566,0.8723203879496285,0.03295131828007326,1.0,0.012269063624082272,1.0,0.7166666666666667,1.0,0.7,0.0,0.7,0
45,q1_co2_adsorption,stable porous MOFs for CO2 adsorption,LEA,100,84.72650000000215,0.7598756790987566,0.7598756790987566,0.8723203879496285,0.028063552049317562,1.0,0.010449157228985257,1.0,0.7166666666666667,1.0,0.7,0.0,0.7,0
45,q1_co2_adsorption,stable porous MOFs for CO2 adsorption,LEA no diversity,100,81.13379099999918,0.7598756790987566,0.7598756790987566,0.8723203879496285,0.028063552049317562,1.0,0.010449157228985257,1.0,0.7166666666666667,1.0,0.7,0.0,0.7,0
45,q1_co2_adsorption,stable porous MOFs for CO2 adsorption,LEA no self-cleaning,100,81.03254099999901,0.7598756790987566,0.7598756790987566,0.8723203879496285,0.028063552049317562,1.0,0.010449157228985257,1.0,0.7166666666666667,1.0,0.7,0.0,0.7,0
45,q1_co2_adsorption,stable porous MOFs for CO2 adsorption,GraphSAGE only,100,0.036708000010321484,0.7598756790987566,0.7598756790987566,0.8723203879496285,0.02215122166896756,1.0,0.00824776555820117,1.0,0.7166666666666667,1.0,0.7,0.0,0.7,0
45,q1_co2_adsorption,stable porous MOFs for CO2 adsorption,GAT only,100,0.03312500000163254,0.7598756790987566,0.7598756790987566,0.8723203879496285,0.017929024901184868,1.0,0.006675676686459521,1.0,0.7166666666666667,1.0,0.7,0.0,0.7,0
45,q1_co2_adsorption,stable porous MOFs for CO2 adsorption,LEA + GraphSAGE,100,83.9721249999883,0.7598756790987566,0.7598756790987566,0.8723203879496285,0.02006990145232248,1.0,0.007472808697809045,1.0,0.7166666666666667,1.0,0.7,0.0,0.7,0
45,q1_co2_adsorption,stable porous MOFs for CO2 adsorption,LEA + GAT,100,80.72133299999962,0.7598756790987566,0.7598756790987566,0.8723203879496285,0.01500190268745295,1.0,0.0055857946862768685,1.0,0.7166666666666667,1.0,0.7,0.0,0.7,0
46,q1_co2_adsorption,stable porous MOFs for CO2 adsorption,SemanticOnly,100,0.028916999994521575,0.7413575309135751,0.7598756790987566,0.8800027392883457,0.015514988750621822,1.0,0.005072449804769983,0.9800805165128221,0.7166666666666667,0.9,0.7,0.0,0.7,0
46,q1_co2_adsorption,stable porous MOFs for CO2 adsorption,WeightedSum,100,0.043791999999598374,0.7598756790987566,0.7598756790987566,0.8723203879496285,0.016303138590087134,1.0,0.006070295668715966,1.0,0.7166666666666667,1.0,0.7,0.0,0.7,0
46,q1_co2_adsorption,stable porous MOFs for CO2 adsorption,TOPSIS,100,0.9796249999993734,0.7598756790987566,0.7598756790987566,0.8723203879496285,0.016303138590087134,1.0,0.006070295668715966,1.0,0.7166666666666667,1.0,0.7,0.0,0.7,0
46,q1_co2_adsorption,stable porous MOFs for CO2 adsorption,ParetoCrowding,100,208.05858300001034,0.7598756790987566,0.7598756790987566,0.8723203879496285,0.0299434020610946,1.0,0.011149098858093667,1.0,0.7166666666666667,1.0,0.7,0.0,0.7,0
46,q1_co2_adsorption,stable porous MOFs for CO2 adsorption,Random,100,0.04904200000055425,0.6858030863580307,0.7598756790987566,0.9030497933044972,0.020002993054906666,1.0,0.004033125625795253,0.8739261029635533,0.7166666666666667,0.6,0.7,0.0,0.7,0
46,q1_co2_adsorption,stable porous MOFs for CO2 adsorption,MMR,100,2040.7078330000131,0.7598756790987566,0.7598756790987566,0.8723203879496285,0.03357250036470818,1.0,0.012500353991701182,1.0,0.7166666666666667,1.0,0.7,0.0,0.7,0
46,q1_co2_adsorption,stable porous MOFs for CO2 adsorption,LEA,100,81.25129200000458,0.7598756790987566,0.7598756790987566,0.8723203879496285,0.02902334220371484,1.0,0.010806524614714074,1.0,0.7166666666666667,1.0,0.7,0.0,0.7,0
46,q1_co2_adsorption,stable porous MOFs for CO2 adsorption,LEA no diversity,100,81.41700000000185,0.7598756790987566,0.7598756790987566,0.8723203879496285,0.02902334220371484,1.0,0.010806524614714074,1.0,0.7166666666666667,1.0,0.7,0.0,0.7,0
46,q1_co2_adsorption,stable porous MOFs for CO2 adsorption,LEA no self-cleaning,100,86.13575000001106,0.7598756790987566,0.7598756790987566,0.8723203879496285,0.02902334220371484,1.0,0.010806524614714074,1.0,0.7166666666666667,1.0,0.7,0.0,0.7,0
46,q1_co2_adsorption,stable porous MOFs for CO2 adsorption,GraphSAGE only,100,0.038041999999904874,0.7598756790987566,0.7598756790987566,0.8723203879496285,0.02215122166896756,1.0,0.00824776555820117,1.0,0.7166666666666667,1.0,0.7,0.0,0.7,0
46,q1_co2_adsorption,stable porous MOFs for CO2 adsorption,GAT only,100,0.033583000004000496,0.7598756790987566,0.7598756790987566,0.8723203879496285,0.017929024901184868,1.0,0.006675676686459521,1.0,0.7166666666666667,1.0,0.7,0.0,0.7,0
46,q1_co2_adsorption,stable porous MOFs for CO2 adsorption,LEA + GraphSAGE,100,81.73129200000062,0.7598756790987566,0.7598756790987566,0.8723203879496285,0.02268562192778195,1.0,0.008446743660393968,1.0,0.7166666666666667,1.0,0.7,0.0,0.7,0
46,q1_co2_adsorption,stable porous MOFs for CO2 adsorption,LEA + GAT,100,82.4678330000097,0.7598756790987566,0.7598756790987566,0.8723203879496285,0.015083450620214914,1.0,0.005616158168762301,1.0,0.7166666666666667,1.0,0.7,0.0,0.7,0
47,q1_co2_adsorption,stable porous MOFs for CO2 adsorption,SemanticOnly,100,0.029166000004465786,0.7228393827283938,0.7598756790987566,0.8876850906270629,0.024116904130441548,1.0,0.006833598053227541,0.9227633232278667,0.7166666666666667,0.8,0.7,0.0,0.7,0
47,q1_co2_adsorption,stable porous MOFs for CO2 adsorption,WeightedSum,100,0.04420800000559666,0.7598756790987566,0.7598756790987566,0.8723203879496285,0.016303138590087134,1.0,0.006070295668715966,1.0,0.7166666666666667,1.0,0.7,0.0,0.7,0
47,q1_co2_adsorption,stable porous MOFs for CO2 adsorption,TOPSIS,100,0.9631249999983993,0.7598756790987566,0.7598756790987566,0.8723203879496285,0.016303138590087134,1.0,0.006070295668715966,1.0,0.7166666666666667,1.0,0.7,0.0,0.7,0
47,q1_co2_adsorption,stable porous MOFs for CO2 adsorption,ParetoCrowding,100,206.42100000000596,0.7598756790987566,0.7598756790987566,0.8723203879496285,0.0299434020610946,1.0,0.011149098858093667,1.0,0.7166666666666667,1.0,0.7,0.0,0.7,0
47,q1_co2_adsorption,stable porous MOFs for CO2 adsorption,Random,100,0.04916700000023866,0.7228393827283938,0.7598756790987566,0.8876850906270629,0.02066065091814875,1.0,0.005854258205325054,0.9475932382178086,0.7166666666666667,0.8,0.7,0.0,0.7,0
47,q1_co2_adsorption,stable porous MOFs for CO2 adsorption,MMR,100,2040.9439170000069,0.7598756790987566,0.7598756790987566,0.8723203879496285,0.03266253231545409,1.0,0.01216153732290247,1.0,0.7166666666666667,1.0,0.7,0.0,0.7,0
47,q1_co2_adsorption,stable porous MOFs for CO2 adsorption,LEA,100,81.35808400000144,0.7598756790987566,0.7598756790987566,0.8723203879496285,0.025076174461317748,1.0,0.009336839798016432,1.0,0.7166666666666667,1.0,0.7,0.0,0.7,0
47,q1_co2_adsorption,stable porous MOFs for CO2 adsorption,LEA no diversity,100,80.35708300000977,0.7598756790987566,0.7598756790987566,0.8723203879496285,0.025076174461317748,1.0,0.009336839798016432,1.0,0.7166666666666667,1.0,0.7,0.0,0.7,0
47,q1_co2_adsorption,stable porous MOFs for CO2 adsorption,LEA no self-cleaning,100,80.74145800000565,0.7598756790987566,0.7598756790987566,0.8723203879496285,0.025076174461317748,1.0,0.009336839798016432,1.0,0.7166666666666667,1.0,0.7,0.0,0.7,0
47,q1_co2_adsorption,stable porous MOFs for CO2 adsorption,GraphSAGE only,100,0.03974999999911688,0.7598756790987566,0.7598756790987566,0.8723203879496285,0.02215122166896756,1.0,0.00824776555820117,1.0,0.7166666666666667,1.0,0.7,0.0,0.7,0
47,q1_co2_adsorption,stable porous MOFs for CO2 adsorption,GAT only,100,0.03350000000068576,0.7598756790987566,0.7598756790987566,0.8723203879496285,0.017929024901184868,1.0,0.006675676686459521,1.0,0.7166666666666667,1.0,0.7,0.0,0.7,0
47,q1_co2_adsorption,stable porous MOFs for CO2 adsorption,LEA + GraphSAGE,100,79.7412080000015,0.7598756790987566,0.7598756790987566,0.8723203879496285,0.02646211027282188,1.0,0.009852877866833887,1.0,0.7166666666666667,1.0,0.7,0.0,0.7,0
47,q1_co2_adsorption,stable porous MOFs for CO2 adsorption,LEA + GAT,100,79.7422089999884,0.7598756790987566,0.7598756790987566,0.8723203879496285,0.018031796133345095,1.0,0.006713942432776009,1.0,0.7166666666666667,1.0,0.7,0.0,0.7,0
48,q1_co2_adsorption,stable porous MOFs for CO2 adsorption,SemanticOnly,100,0.02958299999988867,0.7413575309135754,0.7598756790987566,0.8800027392883457,0.018927089651575812,1.0,0.006187997539099208,0.9485088821519111,0.7166666666666667,0.9,0.7,0.0,0.7,0
48,q1_co2_adsorption,stable porous MOFs for CO2 adsorption,WeightedSum,100,0.04424999998775547,0.7598756790987566,0.7598756790987566,0.8723203879496285,0.016303138590087134,1.0,0.006070295668715966,1.0,0.7166666666666667,1.0,0.7,0.0,0.7,0
48,q1_co2_adsorption,stable porous MOFs for CO2 adsorption,TOPSIS,100,0.9720829999935177,0.7598756790987566,0.7598756790987566,0.8723203879496285,0.016303138590087134,1.0,0.006070295668715966,1.0,0.7166666666666667,1.0,0.7,0.0,0.7,0
48,q1_co2_adsorption,stable porous MOFs for CO2 adsorption,ParetoCrowding,100,207.48941600000137,0.7598756790987566,0.7598756790987566,0.8723203879496285,0.0299434020610946,1.0,0.011149098858093667,1.0,0.7166666666666667,1.0,0.7,0.0,0.7,0
48,q1_co2_adsorption,stable porous MOFs for CO2 adsorption,Random,100,0.049583000006236944,0.7598756790987566,0.7598756790987566,0.8723203879496285,0.016093413435764183,1.0,0.005992206797123997,1.0,0.7166666666666667,1.0,0.7,0.0,0.7,0
48,q1_co2_adsorption,stable porous MOFs for CO2 adsorption,MMR,100,2030.7457920000047,0.7598756790987566,0.7598756790987566,0.8723203879496285,0.034798660807358404,1.0,0.012956901446232188,1.0,0.7166666666666667,1.0,0.7,0.0,0.7,0
48,q1_co2_adsorption,stable porous MOFs for CO2 adsorption,LEA,100,80.54258299999617,0.7598756790987566,0.7598756790987566,0.8723203879496285,0.028991134507254674,1.0,0.010794532430556334,1.0,0.7166666666666667,1.0,0.7,0.0,0.7,0
48,q1_co2_adsorption,stable porous MOFs for CO2 adsorption,LEA no diversity,100,81.49212499999692,0.7598756790987566,0.7598756790987566,0.8723203879496285,0.028991134507254674,1.0,0.010794532430556334,1.0,0.7166666666666667,1.0,0.7,0.0,0.7,0
48,q1_co2_adsorption,stable porous MOFs for CO2 adsorption,LEA no self-cleaning,100,84.42995800000119,0.7598756790987566,0.7598756790987566,0.8723203879496285,0.028991134507254674,1.0,0.010794532430556334,1.0,0.7166666666666667,1.0,0.7,0.0,0.7,0
48,q1_co2_adsorption,stable porous MOFs for CO2 adsorption,GraphSAGE only,100,0.03820899999595895,0.7598756790987566,0.7598756790987566,0.8723203879496285,0.02215122166896756,1.0,0.00824776555820117,1.0,0.7166666666666667,1.0,0.7,0.0,0.7,0
48,q1_co2_adsorption,stable porous MOFs for CO2 adsorption,GAT only,100,0.03383300000336931,0.7598756790987566,0.7598756790987566,0.8723203879496285,0.017929024901184868,1.0,0.006675676686459521,1.0,0.7166666666666667,1.0,0.7,0.0,0.7,0
48,q1_co2_adsorption,stable porous MOFs for CO2 adsorption,LEA + GraphSAGE,100,80.3541249999995,0.7598756790987566,0.7598756790987566,0.8723203879496285,0.02263790348811722,1.0,0.008428976220338539,1.0,0.7166666666666667,1.0,0.7,0.0,0.7,0
48,q1_co2_adsorption,stable porous MOFs for CO2 adsorption,LEA + GAT,100,79.95870799999238,0.7598756790987566,0.7598756790987566,0.8723203879496285,0.018760862820720085,1.0,0.006985402454422911,1.0,0.7166666666666667,1.0,0.7,0.0,0.7,0
49,q1_co2_adsorption,stable porous MOFs for CO2 adsorption,SemanticOnly,100,0.03016699999136563,0.7228393827283938,0.7598756790987566,0.8876850906270629,0.024301233364346763,1.0,0.00688582830165224,0.9520784236697892,0.7166666666666667,0.8,0.7,0.0,0.7,0
49,q1_co2_adsorption,stable porous MOFs for CO2 adsorption,WeightedSum,100,0.042708999998808395,0.7598756790987566,0.7598756790987566,0.8723203879496285,0.016303138590087134,1.0,0.006070295668715966,1.0,0.7166666666666667,1.0,0.7,0.0,0.7,0
49,q1_co2_adsorption,stable porous MOFs for CO2 adsorption,TOPSIS,100,0.9662080000083506,0.7598756790987566,0.7598756790987566,0.8723203879496285,0.016303138590087134,1.0,0.006070295668715966,1.0,0.7166666666666667,1.0,0.7,0.0,0.7,0
49,q1_co2_adsorption,stable porous MOFs for CO2 adsorption,ParetoCrowding,100,204.3348750000007,0.7598756790987566,0.7598756790987566,0.8723203879496285,0.027297120450762952,1.0,0.010163784790582386,1.0,0.7166666666666667,1.0,0.7,0.0,0.7,0
49,q1_co2_adsorption,stable porous MOFs for CO2 adsorption,Random,100,0.04237500000670025,0.7598756790987566,0.7598756790987566,0.8723203879496285,0.02511163489611326,1.0,0.009350043103782409,1.0,0.7166666666666667,1.0,0.7,0.0,0.7,0
49,q1_co2_adsorption,stable porous MOFs for CO2 adsorption,MMR,100,2038.4077500000046,0.7598756790987566,0.7598756790987566,0.8723203879496285,0.0341786970364016,1.0,0.012726064704410699,1.0,0.7166666666666667,1.0,0.7,0.0,0.7,0
49,q1_co2_adsorption,stable porous MOFs for CO2 adsorption,LEA,100,81.32808400000613,0.7598756790987566,0.7598756790987566,0.8723203879496285,0.02683698508580522,1.0,0.009992458410849326,1.0,0.7166666666666667,1.0,0.7,0.0,0.7,0
49,q1_co2_adsorption,stable porous MOFs for CO2 adsorption,LEA no diversity,100,81.63920900000221,0.7598756790987566,0.7598756790987566,0.8723203879496285,0.02683698508580522,1.0,0.009992458410849326,1.0,0.7166666666666667,1.0,0.7,0.0,0.7,0
49,q1_co2_adsorption,stable porous MOFs for CO2 adsorption,LEA no self-cleaning,100,81.15058299999589,0.7598756790987566,0.7598756790987566,0.8723203879496285,0.02683698508580522,1.0,0.009992458410849326,1.0,0.7166666666666667,1.0,0.7,0.0,0.7,0
49,q1_co2_adsorption,stable porous MOFs for CO2 adsorption,GraphSAGE only,100,0.0386660000089023,0.7598756790987566,0.7598756790987566,0.8723203879496285,0.02215122166896756,1.0,0.00824776555820117,1.0,0.7166666666666667,1.0,0.7,0.0,0.7,0
49,q1_co2_adsorption,stable porous MOFs for CO2 adsorption,GAT only,100,0.03350000000068576,0.7598756790987566,0.7598756790987566,0.8723203879496285,0.017929024901184868,1.0,0.006675676686459521,1.0,0.7166666666666667,1.0,0.7,0.0,0.7,0
49,q1_co2_adsorption,stable porous MOFs for CO2 adsorption,LEA + GraphSAGE,100,80.02391700000544,0.7598756790987566,0.7598756790987566,0.8723203879496285,0.018981907410879708,1.0,0.007067705994371649,1.0,0.7166666666666667,1.0,0.7,0.0,0.7,0
49,q1_co2_adsorption,stable porous MOFs for CO2 adsorption,LEA + GAT,100,79.50695799999608,0.7598756790987566,0.7598756790987566,0.8723203879496285,0.019008268838238928,1.0,0.0070775213840547834,1.0,0.7166666666666667,1.0,0.7,0.0,0.7,0
50,q1_co2_adsorption,stable porous MOFs for CO2 adsorption,SemanticOnly,100,0.03941599999279788,0.7043212345432123,0.7598756790987566,0.89536744196578,0.0251396849735858,1.0,0.006073299987121824,0.9254172208116422,0.7166666666666667,0.7,0.7,0.0,0.7,0
50,q1_co2_adsorption,stable porous MOFs for CO2 adsorption,WeightedSum,100,0.05283299999803148,0.7598756790987566,0.7598756790987566,0.8723203879496285,0.016303138590087134,1.0,0.006070295668715966,1.0,0.7166666666666667,1.0,0.7,0.0,0.7,0
50,q1_co2_adsorption,stable porous MOFs for CO2 adsorption,TOPSIS,100,1.027791999987926,0.7598756790987566,0.7598756790987566,0.8723203879496285,0.016303138590087134,1.0,0.006070295668715966,1.0,0.7166666666666667,1.0,0.7,0.0,0.7,0
50,q1_co2_adsorption,stable porous MOFs for CO2 adsorption,ParetoCrowding,100,205.96899999999607,0.7598756790987566,0.7598756790987566,0.8723203879496285,0.0299434020610946,1.0,0.011149098858093667,1.0,0.7166666666666667,1.0,0.7,0.0,0.7,0
50,q1_co2_adsorption,stable porous MOFs for CO2 adsorption,Random,100,0.04750000000797172,0.7598756790987566,0.7598756790987566,0.8723203879496285,0.016186369400926874,1.0,0.006026817935929594,1.0,0.7166666666666667,1.0,0.7,0.0,0.7,0
50,q1_co2_adsorption,stable porous MOFs for CO2 adsorption,MMR,100,2067.672958000003,0.7598756790987566,0.7598756790987566,0.8723203879496285,0.0323226702510888,1.0,0.012034993393592326,1.0,0.7166666666666667,1.0,0.7,0.0,0.7,0
50,q1_co2_adsorption,stable porous MOFs for CO2 adsorption,LEA,100,86.99904200000219,0.7598756790987566,0.7598756790987566,0.8723203879496285,0.03120936616387135,1.0,0.011620466770926614,1.0,0.7166666666666667,1.0,0.7,0.0,0.7,0
50,q1_co2_adsorption,stable porous MOFs for CO2 adsorption,LEA no diversity,100,85.58075000000542,0.7598756790987566,0.7598756790987566,0.8723203879496285,0.03120936616387135,1.0,0.011620466770926614,1.0,0.7166666666666667,1.0,0.7,0.0,0.7,0
50,q1_co2_adsorption,stable porous MOFs for CO2 adsorption,LEA no self-cleaning,100,85.1676660000038,0.7598756790987566,0.7598756790987566,0.8723203879496285,0.03120936616387135,1.0,0.011620466770926614,1.0,0.7166666666666667,1.0,0.7,0.0,0.7,0
50,q1_co2_adsorption,stable porous MOFs for CO2 adsorption,GraphSAGE only,100,0.039667000010013,0.7598756790987566,0.7598756790987566,0.8723203879496285,0.02215122166896756,1.0,0.00824776555820117,1.0,0.7166666666666667,1.0,0.7,0.0,0.7,0
50,q1_co2_adsorption,stable porous MOFs for CO2 adsorption,GAT only,100,0.033457999990105236,0.7598756790987566,0.7598756790987566,0.8723203879496285,0.017929024901184868,1.0,0.006675676686459521,1.0,0.7166666666666667,1.0,0.7,0.0,0.7,0
50,q1_co2_adsorption,stable porous MOFs for CO2 adsorption,LEA + GraphSAGE,100,84.87687500000618,0.7598756790987566,0.7598756790987566,0.8723203879496285,0.022065106516722107,1.0,0.008215701521402498,1.0,0.7166666666666667,1.0,0.7,0.0,0.7,0
50,q1_co2_adsorption,stable porous MOFs for CO2 adsorption,LEA + GAT,100,83.87324999999635,0.7598756790987566,0.7598756790987566,0.8723203879496285,0.02044625831047918,1.0,0.007612941065164941,1.0,0.7166666666666667,1.0,0.7,0.0,0.7,0
51,q1_co2_adsorption,stable porous MOFs for CO2 adsorption,SemanticOnly,100,0.04900000001839544,0.7413575309135754,0.7598756790987566,0.8800027392883457,0.021704376582762454,1.0,0.007096000037736101,0.9485088821519111,0.7166666666666667,0.9,0.7,0.0,0.7,0
51,q1_co2_adsorption,stable porous MOFs for CO2 adsorption,WeightedSum,100,0.05358300001034877,0.7598756790987566,0.7598756790987566,0.8723203879496285,0.016303138590087134,1.0,0.006070295668715966,1.0,0.7166666666666667,1.0,0.7,0.0,0.7,0
51,q1_co2_adsorption,stable porous MOFs for CO2 adsorption,TOPSIS,100,1.1453340000002754,0.7598756790987566,0.7598756790987566,0.8723203879496285,0.016303138590087134,1.0,0.006070295668715966,1.0,0.7166666666666667,1.0,0.7,0.0,0.7,0
51,q1_co2_adsorption,stable porous MOFs for CO2 adsorption,ParetoCrowding,100,222.1358749999922,0.7598756790987566,0.7598756790987566,0.8723203879496285,0.0299434020610946,1.0,0.011149098858093667,1.0,0.7166666666666667,1.0,0.7,0.0,0.7,0
51,q1_co2_adsorption,stable porous MOFs for CO2 adsorption,Random,100,0.04754199997591968,0.7228393827283937,0.7598756790987566,0.8876850906270629,0.013000376593490173,1.0,0.0036836962032934365,0.9579044991066559,0.7166666666666667,0.8,0.7,0.0,0.7,0
51,q1_co2_adsorption,stable porous MOFs for CO2 adsorption,MMR,100,2248.546165999983,0.7598756790987566,0.7598756790987566,0.8723203879496285,0.03373783955858406,1.0,0.012561916235492937,1.0,0.7166666666666667,1.0,0.7,0.0,0.7,0
51,q1_co2_adsorption,stable porous MOFs for CO2 adsorption,LEA,100,84.6588330000202,0.7598756790987566,0.7598756790987566,0.8723203879496285,0.027729872348589552,1.0,0.010324915235281095,1.0,0.7166666666666667,1.0,0.7,0.0,0.7,0
51,q1_co2_adsorption,stable porous MOFs for CO2 adsorption,LEA no diversity,100,83.99187500000949,0.7598756790987566,0.7598756790987566,0.8723203879496285,0.027729872348589552,1.0,0.010324915235281095,1.0,0.7166666666666667,1.0,0.7,0.0,0.7,0
51,q1_co2_adsorption,stable porous MOFs for CO2 adsorption,LEA no self-cleaning,100,83.64016599998081,0.7598756790987566,0.7598756790987566,0.8723203879496285,0.027729872348589552,1.0,0.010324915235281095,1.0,0.7166666666666667,1.0,0.7,0.0,0.7,0
51,q1_co2_adsorption,stable porous MOFs for CO2 adsorption,GraphSAGE only,100,0.055833000004668065,0.7598756790987566,0.7598756790987566,0.8723203879496285,0.02215122166896756,1.0,0.00824776555820117,1.0,0.7166666666666667,1.0,0.7,0.0,0.7,0
51,q1_co2_adsorption,stable porous MOFs for CO2 adsorption,GAT only,100,0.034791999979688626,0.7598756790987566,0.7598756790987566,0.8723203879496285,0.017929024901184868,1.0,0.006675676686459521,1.0,0.7166666666666667,1.0,0.7,0.0,0.7,0
51,q1_co2_adsorption,stable porous MOFs for CO2 adsorption,LEA + GraphSAGE,100,85.00091599998427,0.7598756790987566,0.7598756790987566,0.8723203879496285,0.025264215642167763,1.0,0.009406854878814932,1.0,0.7166666666666667,1.0,0.7,0.0,0.7,0
51,q1_co2_adsorption,stable porous MOFs for CO2 adsorption,LEA + GAT,100,82.14020799999844,0.7598756790987566,0.7598756790987566,0.8723203879496285,0.017747573421119215,1.0,0.006608115208806722,1.0,0.7166666666666667,1.0,0.7,0.0,0.7,0
42,q2_photocatalysis,photocatalytic MOFs with suitable band gaps,SemanticOnly,100,0.032124999989946446,0.7551666666666667,0.7551666666666667,0.8599925597215157,0.025705315233023412,1.0,0.009511780637867707,0.8245146242108996,0.6433333333333333,1.0,0.7,0.0,0.7,0
42,q2_photocatalysis,photocatalytic MOFs with suitable band gaps,WeightedSum,100,0.04837499997734085,0.8751666666666666,0.8751666666666666,0.8455588029917751,0.014997367011425126,1.0,0.013125195696165555,1.0,0.6433333333333333,1.0,1.0,0.0,1.0,0
42,q2_photocatalysis,photocatalytic MOFs with suitable band gaps,TOPSIS,100,0.9944169999869246,0.8751666666666666,0.8751666666666666,0.8455588029917751,0.014997367011425126,1.0,0.013125195696165555,1.0,0.6433333333333333,1.0,1.0,0.0,1.0,0
42,q2_photocatalysis,photocatalytic MOFs with suitable band gaps,ParetoCrowding,100,219.6159590000093,0.8751666666666666,0.8751666666666666,0.8455588029917751,0.014997367011425126,1.0,0.013125195696165555,1.0,0.6433333333333333,1.0,1.0,0.0,1.0,0
42,q2_photocatalysis,photocatalytic MOFs with suitable band gaps,Random,100,0.057792000006884336,0.7551666666666667,0.7551666666666667,0.8599925597215157,0.022337870681013956,1.0,0.008265719517880061,0.8245146242108996,0.6433333333333333,1.0,0.7,0.0,0.7,0
42,q2_photocatalysis,photocatalytic MOFs with suitable band gaps,MMR,100,2139.5840829999884,0.8751666666666666,0.8751666666666666,0.8455588029917751,0.014997367011425128,1.0,0.013125195696165557,1.0,0.6433333333333333,1.0,1.0,0.0,1.0,0
42,q2_photocatalysis,photocatalytic MOFs with suitable band gaps,LEA,100,81.62083400000597,0.8751666666666666,0.8751666666666666,0.8455588029917751,0.014997367011425128,1.0,0.013125195696165557,1.0,0.6433333333333333,1.0,1.0,0.0,1.0,0
42,q2_photocatalysis,photocatalytic MOFs with suitable band gaps,LEA no diversity,100,81.55516699997634,0.8751666666666666,0.8751666666666666,0.8455588029917751,0.014997367011425128,1.0,0.013125195696165557,1.0,0.6433333333333333,1.0,1.0,0.0,1.0,0
42,q2_photocatalysis,photocatalytic MOFs with suitable band gaps,LEA no self-cleaning,100,81.3281659999916,0.8751666666666666,0.8751666666666666,0.8455588029917751,0.014997367011425128,1.0,0.013125195696165557,1.0,0.6433333333333333,1.0,1.0,0.0,1.0,0
42,q2_photocatalysis,photocatalytic MOFs with suitable band gaps,GraphSAGE only,100,0.04500000000007276,0.8751666666666666,0.8751666666666666,0.8455588029917751,0.014997367011425128,1.0,0.013125195696165557,1.0,0.6433333333333333,1.0,1.0,0.0,1.0,0
42,q2_photocatalysis,photocatalytic MOFs with suitable band gaps,GAT only,100,0.034166999995477454,0.8751666666666666,0.8751666666666666,0.8455588029917751,0.014997367011425126,1.0,0.013125195696165555,1.0,0.6433333333333333,1.0,1.0,0.0,1.0,0
42,q2_photocatalysis,photocatalytic MOFs with suitable band gaps,LEA + GraphSAGE,100,81.63949999999431,0.8751666666666666,0.8751666666666666,0.8455588029917751,0.014997367011425128,1.0,0.013125195696165557,1.0,0.6433333333333333,1.0,1.0,0.0,1.0,0
42,q2_photocatalysis,photocatalytic MOFs with suitable band gaps,LEA + GAT,100,80.57450000001154,0.8751666666666666,0.8751666666666666,0.8455588029917751,0.014997367011425126,1.0,0.013125195696165555,1.0,0.6433333333333333,1.0,1.0,0.0,1.0,0
43,q2_photocatalysis,photocatalytic MOFs with suitable band gaps,SemanticOnly,100,0.03483300000084455,0.7551666666666667,0.7551666666666667,0.8599925597215157,0.02607339324530327,1.0,0.009647981158214977,0.8245146242108996,0.6433333333333333,1.0,0.7,0.0,0.7,0
43,q2_photocatalysis,photocatalytic MOFs with suitable band gaps,WeightedSum,100,0.04545899997765446,0.8751666666666666,0.8751666666666666,0.8455588029917751,0.014997367011425126,1.0,0.013125195696165555,1.0,0.6433333333333333,1.0,1.0,0.0,1.0,0
43,q2_photocatalysis,photocatalytic MOFs with suitable band gaps,TOPSIS,100,1.0445409999988442,0.8751666666666666,0.8751666666666666,0.8455588029917751,0.014997367011425126,1.0,0.013125195696165555,1.0,0.6433333333333333,1.0,1.0,0.0,1.0,0
43,q2_photocatalysis,photocatalytic MOFs with suitable band gaps,ParetoCrowding,100,215.26508299999136,0.8751666666666666,0.8751666666666666,0.8455588029917751,0.014997367011425126,1.0,0.013125195696165555,1.0,0.6433333333333333,1.0,1.0,0.0,1.0,0
43,q2_photocatalysis,photocatalytic MOFs with suitable band gaps,Random,100,0.05000000001587068,0.7791666666666666,0.8751666666666666,0.8571058083755675,0.020414762345632224,1.0,0.009187595744443963,0.8475391965435909,0.6433333333333333,1.0,0.76,0.0,0.76,0
43,q2_photocatalysis,photocatalytic MOFs with suitable band gaps,MMR,100,2083.2983750000267,0.8751666666666666,0.8751666666666666,0.8455588029917751,0.014997367011425128,1.0,0.013125195696165557,1.0,0.6433333333333333,1.0,1.0,0.0,1.0,0
43,q2_photocatalysis,photocatalytic MOFs with suitable band gaps,LEA,100,81.37949999999705,0.8751666666666666,0.8751666666666666,0.8455588029917751,0.014997367011425128,1.0,0.013125195696165557,1.0,0.6433333333333333,1.0,1.0,0.0,1.0,0
43,q2_photocatalysis,photocatalytic MOFs with suitable band gaps,LEA no diversity,100,87.37166700001353,0.8751666666666666,0.8751666666666666,0.8455588029917751,0.014997367011425128,1.0,0.013125195696165557,1.0,0.6433333333333333,1.0,1.0,0.0,1.0,0
43,q2_photocatalysis,photocatalytic MOFs with suitable band gaps,LEA no self-cleaning,100,82.31000000000677,0.8751666666666666,0.8751666666666666,0.8455588029917751,0.014997367011425128,1.0,0.013125195696165557,1.0,0.6433333333333333,1.0,1.0,0.0,1.0,0
43,q2_photocatalysis,photocatalytic MOFs with suitable band gaps,GraphSAGE only,100,0.04066600001806364,0.8751666666666666,0.8751666666666666,0.8455588029917751,0.014997367011425128,1.0,0.013125195696165557,1.0,0.6433333333333333,1.0,1.0,0.0,1.0,0
43,q2_photocatalysis,photocatalytic MOFs with suitable band gaps,GAT only,100,0.034416000005421665,0.8751666666666666,0.8751666666666666,0.8455588029917751,0.014997367011425126,1.0,0.013125195696165555,1.0,0.6433333333333333,1.0,1.0,0.0,1.0,0
43,q2_photocatalysis,photocatalytic MOFs with suitable band gaps,LEA + GraphSAGE,100,83.11458299999686,0.8751666666666666,0.8751666666666666,0.8455588029917751,0.014997367011425128,1.0,0.013125195696165557,1.0,0.6433333333333333,1.0,1.0,0.0,1.0,0
43,q2_photocatalysis,photocatalytic MOFs with suitable band gaps,LEA + GAT,100,83.23400000000447,0.8751666666666666,0.8751666666666666,0.8455588029917751,0.014997367011425126,1.0,0.013125195696165555,1.0,0.6433333333333333,1.0,1.0,0.0,1.0,0
44,q2_photocatalysis,photocatalytic MOFs with suitable band gaps,SemanticOnly,100,0.030874999993102392,0.7551666666666667,0.7551666666666667,0.8599925597215157,0.02431193784642703,1.0,0.008996186881209803,0.8245146242108996,0.6433333333333333,1.0,0.7,0.0,0.7,0
44,q2_photocatalysis,photocatalytic MOFs with suitable band gaps,WeightedSum,100,0.05016599999407845,0.8751666666666666,0.8751666666666666,0.8455588029917751,0.014997367011425126,1.0,0.013125195696165555,1.0,0.6433333333333333,1.0,1.0,0.0,1.0,0
44,q2_photocatalysis,photocatalytic MOFs with suitable band gaps,TOPSIS,100,0.9956670000121903,0.8751666666666666,0.8751666666666666,0.8455588029917751,0.014997367011425126,1.0,0.013125195696165555,1.0,0.6433333333333333,1.0,1.0,0.0,1.0,0
44,q2_photocatalysis,photocatalytic MOFs with suitable band gaps,ParetoCrowding,100,215.8862910000039,0.8751666666666666,0.8751666666666666,0.8455588029917751,0.014997367011425126,1.0,0.013125195696165555,1.0,0.6433333333333333,1.0,1.0,0.0,1.0,0
44,q2_photocatalysis,photocatalytic MOFs with suitable band gaps,Random,100,0.04654200000686615,0.7551666666666667,0.7551666666666667,0.8599925597215157,0.017638768563731103,1.0,0.006526902929585025,0.8245146242108996,0.6433333333333333,1.0,0.7,0.0,0.7,0
44,q2_photocatalysis,photocatalytic MOFs with suitable band gaps,MMR,100,2087.9572089999956,0.8751666666666666,0.8751666666666666,0.8455588029917751,0.014997367011425128,1.0,0.013125195696165557,1.0,0.6433333333333333,1.0,1.0,0.0,1.0,0
44,q2_photocatalysis,photocatalytic MOFs with suitable band gaps,LEA,100,81.33941599999162,0.8751666666666666,0.8751666666666666,0.8455588029917751,0.014997367011425128,1.0,0.013125195696165557,1.0,0.6433333333333333,1.0,1.0,0.0,1.0,0
44,q2_photocatalysis,photocatalytic MOFs with suitable band gaps,LEA no diversity,100,83.49091600001657,0.8751666666666666,0.8751666666666666,0.8455588029917751,0.014997367011425128,1.0,0.013125195696165557,1.0,0.6433333333333333,1.0,1.0,0.0,1.0,0
44,q2_photocatalysis,photocatalytic MOFs with suitable band gaps,LEA no self-cleaning,100,80.89395800001853,0.8751666666666666,0.8751666666666666,0.8455588029917751,0.014997367011425128,1.0,0.013125195696165557,1.0,0.6433333333333333,1.0,1.0,0.0,1.0,0
44,q2_photocatalysis,photocatalytic MOFs with suitable band gaps,GraphSAGE only,100,0.03783300002169199,0.8751666666666666,0.8751666666666666,0.8455588029917751,0.014997367011425128,1.0,0.013125195696165557,1.0,0.6433333333333333,1.0,1.0,0.0,1.0,0
44,q2_photocatalysis,photocatalytic MOFs with suitable band gaps,GAT only,100,0.0340420000100039,0.8751666666666666,0.8751666666666666,0.8455588029917751,0.014997367011425126,1.0,0.013125195696165555,1.0,0.6433333333333333,1.0,1.0,0.0,1.0,0
44,q2_photocatalysis,photocatalytic MOFs with suitable band gaps,LEA + GraphSAGE,100,82.5508329999991,0.8751666666666666,0.8751666666666666,0.8455588029917751,0.014997367011425128,1.0,0.013125195696165557,1.0,0.6433333333333333,1.0,1.0,0.0,1.0,0
44,q2_photocatalysis,photocatalytic MOFs with suitable band gaps,LEA + GAT,100,81.8845420000116,0.8751666666666666,0.8751666666666666,0.8455588029917751,0.014997367011425126,1.0,0.013125195696165555,1.0,0.6433333333333333,1.0,1.0,0.0,1.0,0
45,q2_photocatalysis,photocatalytic MOFs with suitable band gaps,SemanticOnly,100,0.03037499999436477,0.7551666666666667,0.7551666666666667,0.8599925597215157,0.02348160664455573,1.0,0.00868893804269603,0.8245146242108996,0.6433333333333333,1.0,0.7,0.0,0.7,0
45,q2_photocatalysis,photocatalytic MOFs with suitable band gaps,WeightedSum,100,0.046499999996285624,0.8751666666666666,0.8751666666666666,0.8455588029917751,0.014997367011425126,1.0,0.013125195696165555,1.0,0.6433333333333333,1.0,1.0,0.0,1.0,0
45,q2_photocatalysis,photocatalytic MOFs with suitable band gaps,TOPSIS,100,0.9840409999810618,0.8751666666666666,0.8751666666666666,0.8455588029917751,0.014997367011425126,1.0,0.013125195696165555,1.0,0.6433333333333333,1.0,1.0,0.0,1.0,0
45,q2_photocatalysis,photocatalytic MOFs with suitable band gaps,ParetoCrowding,100,211.24670799997602,0.8751666666666666,0.8751666666666666,0.8455588029917751,0.014997367011425126,1.0,0.013125195696165555,1.0,0.6433333333333333,1.0,1.0,0.0,1.0,0
45,q2_photocatalysis,photocatalytic MOFs with suitable band gaps,Random,100,0.0572500000259879,0.7551666666666667,0.7551666666666667,0.8599925597215157,0.015891397357165778,1.0,0.005880320249734313,0.8245146242108996,0.6433333333333333,1.0,0.7,0.0,0.7,0
45,q2_photocatalysis,photocatalytic MOFs with suitable band gaps,MMR,100,2055.5319999999992,0.8751666666666666,0.8751666666666666,0.8455588029917751,0.014997367011425126,1.0,0.013125195696165555,1.0,0.6433333333333333,1.0,1.0,0.0,1.0,0
45,q2_photocatalysis,photocatalytic MOFs with suitable band gaps,LEA,100,83.37766600001828,0.8751666666666666,0.8751666666666666,0.8455588029917751,0.014997367011425126,1.0,0.013125195696165555,1.0,0.6433333333333333,1.0,1.0,0.0,1.0,0
45,q2_photocatalysis,photocatalytic MOFs with suitable band gaps,LEA no diversity,100,84.55858299998908,0.8751666666666666,0.8751666666666666,0.8455588029917751,0.014997367011425126,1.0,0.013125195696165555,1.0,0.6433333333333333,1.0,1.0,0.0,1.0,0
45,q2_photocatalysis,photocatalytic MOFs with suitable band gaps,LEA no self-cleaning,100,86.54245799999671,0.8751666666666666,0.8751666666666666,0.8455588029917751,0.014997367011425126,1.0,0.013125195696165555,1.0,0.6433333333333333,1.0,1.0,0.0,1.0,0
45,q2_photocatalysis,photocatalytic MOFs with suitable band gaps,GraphSAGE only,100,0.046499999996285624,0.8751666666666666,0.8751666666666666,0.8455588029917751,0.014997367011425128,1.0,0.013125195696165557,1.0,0.6433333333333333,1.0,1.0,0.0,1.0,0
45,q2_photocatalysis,photocatalytic MOFs with suitable band gaps,GAT only,100,0.03858299999137671,0.8751666666666666,0.8751666666666666,0.8455588029917751,0.014997367011425126,1.0,0.013125195696165555,1.0,0.6433333333333333,1.0,1.0,0.0,1.0,0
45,q2_photocatalysis,photocatalytic MOFs with suitable band gaps,LEA + GraphSAGE,100,83.83083300000749,0.8751666666666666,0.8751666666666666,0.8455588029917751,0.014997367011425128,1.0,0.013125195696165557,1.0,0.6433333333333333,1.0,1.0,0.0,1.0,0
45,q2_photocatalysis,photocatalytic MOFs with suitable band gaps,LEA + GAT,100,82.52045800000474,0.8751666666666666,0.8751666666666666,0.8455588029917751,0.014997367011425126,1.0,0.013125195696165555,1.0,0.6433333333333333,1.0,1.0,0.0,1.0,0
46,q2_photocatalysis,photocatalytic MOFs with suitable band gaps,SemanticOnly,100,0.03154199998789409,0.7551666666666667,0.7551666666666667,0.8599925597215157,0.0167723667368854,1.0,0.006206306817594266,0.8245146242108996,0.6433333333333333,1.0,0.7,0.0,0.7,0
46,q2_photocatalysis,photocatalytic MOFs with suitable band gaps,WeightedSum,100,0.0464589999751297,0.8751666666666666,0.8751666666666666,0.8455588029917751,0.014997367011425126,1.0,0.013125195696165555,1.0,0.6433333333333333,1.0,1.0,0.0,1.0,0
46,q2_photocatalysis,photocatalytic MOFs with suitable band gaps,TOPSIS,100,0.9894160000101238,0.8751666666666666,0.8751666666666666,0.8455588029917751,0.014997367011425126,1.0,0.013125195696165555,1.0,0.6433333333333333,1.0,1.0,0.0,1.0,0
46,q2_photocatalysis,photocatalytic MOFs with suitable band gaps,ParetoCrowding,100,221.04216700000734,0.8751666666666666,0.8751666666666666,0.8455588029917751,0.014997367011425126,1.0,0.013125195696165555,1.0,0.6433333333333333,1.0,1.0,0.0,1.0,0
46,q2_photocatalysis,photocatalytic MOFs with suitable band gaps,Random,100,0.050375000000713044,0.7551666666666667,0.7551666666666667,0.8599925597215157,0.024400537860211353,1.0,0.009028971691977106,0.8245146242108996,0.6433333333333333,1.0,0.7,0.0,0.7,0
46,q2_photocatalysis,photocatalytic MOFs with suitable band gaps,MMR,100,2096.7605000000162,0.8751666666666666,0.8751666666666666,0.8455588029917751,0.014997367011425126,1.0,0.013125195696165555,1.0,0.6433333333333333,1.0,1.0,0.0,1.0,0
46,q2_photocatalysis,photocatalytic MOFs with suitable band gaps,LEA,100,83.8516249999941,0.8751666666666666,0.8751666666666666,0.8455588029917751,0.014997367011425126,1.0,0.013125195696165555,1.0,0.6433333333333333,1.0,1.0,0.0,1.0,0
46,q2_photocatalysis,photocatalytic MOFs with suitable band gaps,LEA no diversity,100,83.6408329999756,0.8751666666666666,0.8751666666666666,0.8455588029917751,0.014997367011425126,1.0,0.013125195696165555,1.0,0.6433333333333333,1.0,1.0,0.0,1.0,0
46,q2_photocatalysis,photocatalytic MOFs with suitable band gaps,LEA no self-cleaning,100,85.1038750000157,0.8751666666666666,0.8751666666666666,0.8455588029917751,0.014997367011425126,1.0,0.013125195696165555,1.0,0.6433333333333333,1.0,1.0,0.0,1.0,0
46,q2_photocatalysis,photocatalytic MOFs with suitable band gaps,GraphSAGE only,100,0.04412499998807107,0.8751666666666666,0.8751666666666666,0.8455588029917751,0.014997367011425128,1.0,0.013125195696165557,1.0,0.6433333333333333,1.0,1.0,0.0,1.0,0
46,q2_photocatalysis,photocatalytic MOFs with suitable band gaps,GAT only,100,0.04370799999264818,0.8751666666666666,0.8751666666666666,0.8455588029917751,0.014997367011425126,1.0,0.013125195696165555,1.0,0.6433333333333333,1.0,1.0,0.0,1.0,0
46,q2_photocatalysis,photocatalytic MOFs with suitable band gaps,LEA + GraphSAGE,100,84.06116700001576,0.8751666666666666,0.8751666666666666,0.8455588029917751,0.014997367011425128,1.0,0.013125195696165557,1.0,0.6433333333333333,1.0,1.0,0.0,1.0,0
46,q2_photocatalysis,photocatalytic MOFs with suitable band gaps,LEA + GAT,100,84.5069169999988,0.8751666666666666,0.8751666666666666,0.8455588029917751,0.014997367011425126,1.0,0.013125195696165555,1.0,0.6433333333333333,1.0,1.0,0.0,1.0,0
47,q2_photocatalysis,photocatalytic MOFs with suitable band gaps,SemanticOnly,100,0.03424999999879219,0.7551666666666667,0.7551666666666667,0.8599925597215157,0.014090744106126147,1.0,0.005214021526163367,0.8245146242108996,0.6433333333333333,1.0,0.7,0.0,0.7,0
47,q2_photocatalysis,photocatalytic MOFs with suitable band gaps,WeightedSum,100,0.04637500001081207,0.8751666666666666,0.8751666666666666,0.8455588029917751,0.014997367011425126,1.0,0.013125195696165555,1.0,0.6433333333333333,1.0,1.0,0.0,1.0,0
47,q2_photocatalysis,photocatalytic MOFs with suitable band gaps,TOPSIS,100,0.9986659999867697,0.8751666666666666,0.8751666666666666,0.8455588029917751,0.014997367011425126,1.0,0.013125195696165555,1.0,0.6433333333333333,1.0,1.0,0.0,1.0,0
47,q2_photocatalysis,photocatalytic MOFs with suitable band gaps,ParetoCrowding,100,215.57962500000372,0.8751666666666666,0.8751666666666666,0.8455588029917751,0.014997367011425126,1.0,0.013125195696165555,1.0,0.6433333333333333,1.0,1.0,0.0,1.0,0
47,q2_photocatalysis,photocatalytic MOFs with suitable band gaps,Random,100,0.04766700001823665,0.7551666666666667,0.7551666666666667,0.8599925597215157,0.03259677780540204,1.0,0.012061840019295923,0.8245146242108996,0.6433333333333333,1.0,0.7,0.0,0.7,0
47,q2_photocatalysis,photocatalytic MOFs with suitable band gaps,MMR,100,2106.592500000005,0.8751666666666666,0.8751666666666666,0.8455588029917751,0.014997367011425128,1.0,0.013125195696165557,1.0,0.6433333333333333,1.0,1.0,0.0,1.0,0
47,q2_photocatalysis,photocatalytic MOFs with suitable band gaps,LEA,100,85.9094589999927,0.8751666666666666,0.8751666666666666,0.8455588029917751,0.014997367011425128,1.0,0.013125195696165557,1.0,0.6433333333333333,1.0,1.0,0.0,1.0,0
47,q2_photocatalysis,photocatalytic MOFs with suitable band gaps,LEA no diversity,100,83.74608400001193,0.8751666666666666,0.8751666666666666,0.8455588029917751,0.014997367011425128,1.0,0.013125195696165557,1.0,0.6433333333333333,1.0,1.0,0.0,1.0,0
47,q2_photocatalysis,photocatalytic MOFs with suitable band gaps,LEA no self-cleaning,100,81.90520900001275,0.8751666666666666,0.8751666666666666,0.8455588029917751,0.014997367011425128,1.0,0.013125195696165557,1.0,0.6433333333333333,1.0,1.0,0.0,1.0,0
47,q2_photocatalysis,photocatalytic MOFs with suitable band gaps,GraphSAGE only,100,0.038291999999273685,0.8751666666666666,0.8751666666666666,0.8455588029917751,0.014997367011425128,1.0,0.013125195696165557,1.0,0.6433333333333333,1.0,1.0,0.0,1.0,0
47,q2_photocatalysis,photocatalytic MOFs with suitable band gaps,GAT only,100,0.03487500001142507,0.8751666666666666,0.8751666666666666,0.8455588029917751,0.014997367011425126,1.0,0.013125195696165555,1.0,0.6433333333333333,1.0,1.0,0.0,1.0,0
47,q2_photocatalysis,photocatalytic MOFs with suitable band gaps,LEA + GraphSAGE,100,89.40900000001761,0.8751666666666666,0.8751666666666666,0.8455588029917751,0.014997367011425128,1.0,0.013125195696165557,1.0,0.6433333333333333,1.0,1.0,0.0,1.0,0
47,q2_photocatalysis,photocatalytic MOFs with suitable band gaps,LEA + GAT,100,87.22966700000256,0.8751666666666666,0.8751666666666666,0.8455588029917751,0.014997367011425126,1.0,0.013125195696165555,1.0,0.6433333333333333,1.0,1.0,0.0,1.0,0
48,q2_photocatalysis,photocatalytic MOFs with suitable band gaps,SemanticOnly,100,0.03566700002011203,0.7551666666666667,0.7551666666666667,0.8599925597215157,0.013310083824448319,1.0,0.0049251525010336515,0.8245146242108996,0.6433333333333333,1.0,0.7,0.0,0.7,0
48,q2_photocatalysis,photocatalytic MOFs with suitable band gaps,WeightedSum,100,0.05387499999187639,0.8751666666666666,0.8751666666666666,0.8455588029917751,0.014997367011425126,1.0,0.013125195696165555,1.0,0.6433333333333333,1.0,1.0,0.0,1.0,0
48,q2_photocatalysis,photocatalytic MOFs with suitable band gaps,TOPSIS,100,1.1428749999993215,0.8751666666666666,0.8751666666666666,0.8455588029917751,0.014997367011425126,1.0,0.013125195696165555,1.0,0.6433333333333333,1.0,1.0,0.0,1.0,0
48,q2_photocatalysis,photocatalytic MOFs with suitable band gaps,ParetoCrowding,100,223.21845799999096,0.8751666666666666,0.8751666666666666,0.8455588029917751,0.014997367011425126,1.0,0.013125195696165555,1.0,0.6433333333333333,1.0,1.0,0.0,1.0,0
48,q2_photocatalysis,photocatalytic MOFs with suitable band gaps,Random,100,0.047832999996444414,0.7551666666666667,0.7551666666666667,0.8599925597215157,0.016348843519312498,1.0,0.006049589815523735,0.8245146242108996,0.6433333333333333,1.0,0.7,0.0,0.7,0
48,q2_photocatalysis,photocatalytic MOFs with suitable band gaps,MMR,100,2145.323999999988,0.8751666666666666,0.8751666666666666,0.8455588029917751,0.014997367011425126,1.0,0.013125195696165555,1.0,0.6433333333333333,1.0,1.0,0.0,1.0,0
48,q2_photocatalysis,photocatalytic MOFs with suitable band gaps,LEA,100,100.98500000000854,0.8751666666666666,0.8751666666666666,0.8455588029917751,0.014997367011425128,1.0,0.013125195696165557,1.0,0.6433333333333333,1.0,1.0,0.0,1.0,0
48,q2_photocatalysis,photocatalytic MOFs with suitable band gaps,LEA no diversity,100,89.11066699999992,0.8751666666666666,0.8751666666666666,0.8455588029917751,0.014997367011425128,1.0,0.013125195696165557,1.0,0.6433333333333333,1.0,1.0,0.0,1.0,0
48,q2_photocatalysis,photocatalytic MOFs with suitable band gaps,LEA no self-cleaning,100,85.30054199999881,0.8751666666666666,0.8751666666666666,0.8455588029917751,0.014997367011425128,1.0,0.013125195696165557,1.0,0.6433333333333333,1.0,1.0,0.0,1.0,0
48,q2_photocatalysis,photocatalytic MOFs with suitable band gaps,GraphSAGE only,100,0.04041700000811943,0.8751666666666666,0.8751666666666666,0.8455588029917751,0.014997367011425128,1.0,0.013125195696165557,1.0,0.6433333333333333,1.0,1.0,0.0,1.0,0
48,q2_photocatalysis,photocatalytic MOFs with suitable band gaps,GAT only,100,0.034665999976368767,0.8751666666666666,0.8751666666666666,0.8455588029917751,0.014997367011425126,1.0,0.013125195696165555,1.0,0.6433333333333333,1.0,1.0,0.0,1.0,0
48,q2_photocatalysis,photocatalytic MOFs with suitable band gaps,LEA + GraphSAGE,100,83.00758300001121,0.8751666666666666,0.8751666666666666,0.8455588029917751,0.014997367011425128,1.0,0.013125195696165557,1.0,0.6433333333333333,1.0,1.0,0.0,1.0,0
48,q2_photocatalysis,photocatalytic MOFs with suitable band gaps,LEA + GAT,100,83.30162500001848,0.8751666666666666,0.8751666666666666,0.8455588029917751,0.014997367011425126,1.0,0.013125195696165555,1.0,0.6433333333333333,1.0,1.0,0.0,1.0,0
49,q2_photocatalysis,photocatalytic MOFs with suitable band gaps,SemanticOnly,100,0.03145899998457935,0.7551666666666667,0.7551666666666667,0.8599925597215157,0.022057861877402406,1.0,0.00816210739359834,0.8245146242108996,0.6433333333333333,1.0,0.7,0.0,0.7,0
49,q2_photocatalysis,photocatalytic MOFs with suitable band gaps,WeightedSum,100,0.046499999996285624,0.8751666666666666,0.8751666666666666,0.8455588029917751,0.014997367011425126,1.0,0.013125195696165555,1.0,0.6433333333333333,1.0,1.0,0.0,1.0,0
49,q2_photocatalysis,photocatalytic MOFs with suitable band gaps,TOPSIS,100,0.9788749999870561,0.8751666666666666,0.8751666666666666,0.8455588029917751,0.014997367011425126,1.0,0.013125195696165555,1.0,0.6433333333333333,1.0,1.0,0.0,1.0,0
49,q2_photocatalysis,photocatalytic MOFs with suitable band gaps,ParetoCrowding,100,215.93441599998187,0.8751666666666666,0.8751666666666666,0.8455588029917751,0.014997367011425126,1.0,0.013125195696165555,1.0,0.6433333333333333,1.0,1.0,0.0,1.0,0
49,q2_photocatalysis,photocatalytic MOFs with suitable band gaps,Random,100,0.06475000000705222,0.7551666666666667,0.7551666666666667,0.8599925597215157,0.022052238466392333,1.0,0.00816002655344993,0.8245146242108996,0.6433333333333333,1.0,0.7,0.0,0.7,0
49,q2_photocatalysis,photocatalytic MOFs with suitable band gaps,MMR,100,2082.696125000012,0.8751666666666666,0.8751666666666666,0.8455588029917751,0.014997367011425126,1.0,0.013125195696165555,1.0,0.6433333333333333,1.0,1.0,0.0,1.0,0
49,q2_photocatalysis,photocatalytic MOFs with suitable band gaps,LEA,100,83.02670899999498,0.8751666666666666,0.8751666666666666,0.8455588029917751,0.014997367011425128,1.0,0.013125195696165557,1.0,0.6433333333333333,1.0,1.0,0.0,1.0,0
49,q2_photocatalysis,photocatalytic MOFs with suitable band gaps,LEA no diversity,100,81.66491700001188,0.8751666666666666,0.8751666666666666,0.8455588029917751,0.014997367011425128,1.0,0.013125195696165557,1.0,0.6433333333333333,1.0,1.0,0.0,1.0,0
49,q2_photocatalysis,photocatalytic MOFs with suitable band gaps,LEA no self-cleaning,100,80.79229099999452,0.8751666666666666,0.8751666666666666,0.8455588029917751,0.014997367011425128,1.0,0.013125195696165557,1.0,0.6433333333333333,1.0,1.0,0.0,1.0,0
49,q2_photocatalysis,photocatalytic MOFs with suitable band gaps,GraphSAGE only,100,0.03679200000306082,0.8751666666666666,0.8751666666666666,0.8455588029917751,0.014997367011425128,1.0,0.013125195696165557,1.0,0.6433333333333333,1.0,1.0,0.0,1.0,0
49,q2_photocatalysis,photocatalytic MOFs with suitable band gaps,GAT only,100,0.03316699999800221,0.8751666666666666,0.8751666666666666,0.8455588029917751,0.014997367011425126,1.0,0.013125195696165555,1.0,0.6433333333333333,1.0,1.0,0.0,1.0,0
49,q2_photocatalysis,photocatalytic MOFs with suitable band gaps,LEA + GraphSAGE,100,81.06537500000854,0.8751666666666666,0.8751666666666666,0.8455588029917751,0.014997367011425128,1.0,0.013125195696165557,1.0,0.6433333333333333,1.0,1.0,0.0,1.0,0
49,q2_photocatalysis,photocatalytic MOFs with suitable band gaps,LEA + GAT,100,82.67887499999915,0.8751666666666666,0.8751666666666666,0.8455588029917751,0.014997367011425126,1.0,0.013125195696165555,1.0,0.6433333333333333,1.0,1.0,0.0,1.0,0
50,q2_photocatalysis,photocatalytic MOFs with suitable band gaps,SemanticOnly,100,0.03424999999879219,0.7551666666666667,0.7551666666666667,0.8599925597215157,0.02620161963639057,1.0,0.009695428983419662,0.8245146242108996,0.6433333333333333,1.0,0.7,0.0,0.7,0
50,q2_photocatalysis,photocatalytic MOFs with suitable band gaps,WeightedSum,100,0.04908299999328847,0.8751666666666666,0.8751666666666666,0.8455588029917751,0.014997367011425126,1.0,0.013125195696165555,1.0,0.6433333333333333,1.0,1.0,0.0,1.0,0
50,q2_photocatalysis,photocatalytic MOFs with suitable band gaps,TOPSIS,100,1.000542000014093,0.8751666666666666,0.8751666666666666,0.8455588029917751,0.014997367011425126,1.0,0.013125195696165555,1.0,0.6433333333333333,1.0,1.0,0.0,1.0,0
50,q2_photocatalysis,photocatalytic MOFs with suitable band gaps,ParetoCrowding,100,217.8888329999893,0.8751666666666666,0.8751666666666666,0.8455588029917751,0.014997367011425126,1.0,0.013125195696165555,1.0,0.6433333333333333,1.0,1.0,0.0,1.0,0
50,q2_photocatalysis,photocatalytic MOFs with suitable band gaps,Random,100,0.04670900000292022,0.7791666666666666,0.8751666666666666,0.8571058083755675,0.031609243195541696,1.0,0.014225634536009554,0.8475391965435909,0.6433333333333333,1.0,0.76,0.0,0.76,0
50,q2_photocatalysis,photocatalytic MOFs with suitable band gaps,MMR,100,2225.325166999994,0.8751666666666666,0.8751666666666666,0.8455588029917751,0.014997367011425128,1.0,0.013125195696165557,1.0,0.6433333333333333,1.0,1.0,0.0,1.0,0
50,q2_photocatalysis,photocatalytic MOFs with suitable band gaps,LEA,100,83.55025000000182,0.8751666666666666,0.8751666666666666,0.8455588029917751,0.014997367011425128,1.0,0.013125195696165557,1.0,0.6433333333333333,1.0,1.0,0.0,1.0,0
50,q2_photocatalysis,photocatalytic MOFs with suitable band gaps,LEA no diversity,100,88.09937499998455,0.8751666666666666,0.8751666666666666,0.8455588029917751,0.014997367011425128,1.0,0.013125195696165557,1.0,0.6433333333333333,1.0,1.0,0.0,1.0,0
50,q2_photocatalysis,photocatalytic MOFs with suitable band gaps,LEA no self-cleaning,100,83.80258299999355,0.8751666666666666,0.8751666666666666,0.8455588029917751,0.014997367011425128,1.0,0.013125195696165557,1.0,0.6433333333333333,1.0,1.0,0.0,1.0,0
50,q2_photocatalysis,photocatalytic MOFs with suitable band gaps,GraphSAGE only,100,0.03795800000716554,0.8751666666666666,0.8751666666666666,0.8455588029917751,0.014997367011425128,1.0,0.013125195696165557,1.0,0.6433333333333333,1.0,1.0,0.0,1.0,0
50,q2_photocatalysis,photocatalytic MOFs with suitable band gaps,GAT only,100,0.1023340000188,0.8751666666666666,0.8751666666666666,0.8455588029917751,0.014997367011425126,1.0,0.013125195696165555,1.0,0.6433333333333333,1.0,1.0,0.0,1.0,0
50,q2_photocatalysis,photocatalytic MOFs with suitable band gaps,LEA + GraphSAGE,100,83.0226669999945,0.8751666666666666,0.8751666666666666,0.8455588029917751,0.014997367011425128,1.0,0.013125195696165557,1.0,0.6433333333333333,1.0,1.0,0.0,1.0,0
50,q2_photocatalysis,photocatalytic MOFs with suitable band gaps,LEA + GAT,100,82.07979100001239,0.8751666666666666,0.8751666666666666,0.8455588029917751,0.014997367011425126,1.0,0.013125195696165555,1.0,0.6433333333333333,1.0,1.0,0.0,1.0,0
51,q2_photocatalysis,photocatalytic MOFs with suitable band gaps,SemanticOnly,100,0.03170799999452356,0.7551666666666667,0.7551666666666667,0.8599925597215157,0.021017592684219995,1.0,0.0077771748502630635,0.8245146242108996,0.6433333333333333,1.0,0.7,0.0,0.7,0
51,q2_photocatalysis,photocatalytic MOFs with suitable band gaps,WeightedSum,100,0.047125000008918505,0.8751666666666666,0.8751666666666666,0.8455588029917751,0.014997367011425126,1.0,0.013125195696165555,1.0,0.6433333333333333,1.0,1.0,0.0,1.0,0
51,q2_photocatalysis,photocatalytic MOFs with suitable band gaps,TOPSIS,100,0.998708000025772,0.8751666666666666,0.8751666666666666,0.8455588029917751,0.014997367011425126,1.0,0.013125195696165555,1.0,0.6433333333333333,1.0,1.0,0.0,1.0,0
51,q2_photocatalysis,photocatalytic MOFs with suitable band gaps,ParetoCrowding,100,219.24091700000758,0.8751666666666666,0.8751666666666666,0.8455588029917751,0.014997367011425126,1.0,0.013125195696165555,1.0,0.6433333333333333,1.0,1.0,0.0,1.0,0
51,q2_photocatalysis,photocatalytic MOFs with suitable band gaps,Random,100,0.047832999996444414,0.7791666666666667,0.8751666666666666,0.8571058083755675,0.028952874812451714,1.0,0.013030144799761187,0.8620660842915441,0.6433333333333333,1.0,0.76,0.0,0.76,0
51,q2_photocatalysis,photocatalytic MOFs with suitable band gaps,MMR,100,2102.6559999999963,0.8751666666666666,0.8751666666666666,0.8455588029917751,0.014997367011425128,1.0,0.013125195696165557,1.0,0.6433333333333333,1.0,1.0,0.0,1.0,0
51,q2_photocatalysis,photocatalytic MOFs with suitable band gaps,LEA,100,83.79870799998912,0.8751666666666666,0.8751666666666666,0.8455588029917751,0.014997367011425128,1.0,0.013125195696165557,1.0,0.6433333333333333,1.0,1.0,0.0,1.0,0
51,q2_photocatalysis,photocatalytic MOFs with suitable band gaps,LEA no diversity,100,84.35987499998987,0.8751666666666666,0.8751666666666666,0.8455588029917751,0.014997367011425128,1.0,0.013125195696165557,1.0,0.6433333333333333,1.0,1.0,0.0,1.0,0
51,q2_photocatalysis,photocatalytic MOFs with suitable band gaps,LEA no self-cleaning,100,86.23733400000333,0.8751666666666666,0.8751666666666666,0.8455588029917751,0.014997367011425128,1.0,0.013125195696165557,1.0,0.6433333333333333,1.0,1.0,0.0,1.0,0
51,q2_photocatalysis,photocatalytic MOFs with suitable band gaps,GraphSAGE only,100,0.036832999995795035,0.8751666666666666,0.8751666666666666,0.8455588029917751,0.014997367011425128,1.0,0.013125195696165557,1.0,0.6433333333333333,1.0,1.0,0.0,1.0,0
51,q2_photocatalysis,photocatalytic MOFs with suitable band gaps,GAT only,100,0.03362500001458102,0.8751666666666666,0.8751666666666666,0.8455588029917751,0.014997367011425126,1.0,0.013125195696165555,1.0,0.6433333333333333,1.0,1.0,0.0,1.0,0
51,q2_photocatalysis,photocatalytic MOFs with suitable band gaps,LEA + GraphSAGE,100,84.25695799999744,0.8751666666666666,0.8751666666666666,0.8455588029917751,0.014997367011425128,1.0,0.013125195696165557,1.0,0.6433333333333333,1.0,1.0,0.0,1.0,0
51,q2_photocatalysis,photocatalytic MOFs with suitable band gaps,LEA + GAT,100,83.23141700000747,0.8751666666666666,0.8751666666666666,0.8455588029917751,0.014997367011425126,1.0,0.013125195696165555,1.0,0.6433333333333333,1.0,1.0,0.0,1.0,0
42,q3_lightweight_storage,lightweight gas storage MOFs with low density,SemanticOnly,100,0.03545900000290203,0.894446371519854,0.894446371519854,0.8720473443567199,0.029828856702717475,1.0,0.0,0.9664603228683291,0.7285714285714285,0.0,1.0,0.0,1.0,5
42,q3_lightweight_storage,lightweight gas storage MOFs with low density,WeightedSum,100,0.050041999998029496,0.9173960253168174,0.9173960253168174,0.8824679809149691,0.016496155656918626,1.0,0.01513350763266468,1.0,0.7285714285714285,1.0,1.0,0.0,1.0,0
42,q3_lightweight_storage,lightweight gas storage MOFs with low density,TOPSIS,100,1.0512910000102238,0.9173960253168174,0.9173960253168174,0.8824679809149691,0.016496155656918626,1.0,0.01513350763266468,1.0,0.7285714285714285,1.0,1.0,0.0,1.0,0
42,q3_lightweight_storage,lightweight gas storage MOFs with low density,ParetoCrowding,100,223.99533299997643,0.8990363022792467,0.9173960253168174,0.8741314716683698,0.04268834977031199,1.0,0.0076756752255808846,0.9721479847587233,0.7285714285714285,0.2,1.0,0.0,1.0,4
42,q3_lightweight_storage,lightweight gas storage MOFs with low density,Random,100,0.047249999994392056,0.894446371519854,0.894446371519854,0.8720473443567199,0.021640078275450263,1.0,0.0,0.9664603228683291,0.7285714285714285,0.0,1.0,0.0,1.0,5
42,q3_lightweight_storage,lightweight gas storage MOFs with low density,MMR,100,2095.150749999988,0.9173960253168174,0.9173960253168174,0.8824679809149691,0.0209541588865916,1.0,0.0192232620764162,1.0,0.7285714285714285,1.0,1.0,0.0,1.0,0
42,q3_lightweight_storage,lightweight gas storage MOFs with low density,LEA,100,84.21604200000843,0.9173960253168174,0.9173960253168174,0.8824679809149691,0.0209541588865916,1.0,0.0192232620764162,1.0,0.7285714285714285,1.0,1.0,0.0,1.0,0
42,q3_lightweight_storage,lightweight gas storage MOFs with low density,LEA no diversity,100,83.8090419999844,0.9173960253168174,0.9173960253168174,0.8824679809149691,0.0209541588865916,1.0,0.0192232620764162,1.0,0.7285714285714285,1.0,1.0,0.0,1.0,0
42,q3_lightweight_storage,lightweight gas storage MOFs with low density,LEA no self-cleaning,100,83.53220799997985,0.9173960253168174,0.9173960253168174,0.8824679809149691,0.0209541588865916,1.0,0.0192232620764162,1.0,0.7285714285714285,1.0,1.0,0.0,1.0,0
42,q3_lightweight_storage,lightweight gas storage MOFs with low density,GraphSAGE only,100,0.03754200000116725,0.9173960253168174,0.9173960253168174,0.8824679809149691,0.019313080599108072,1.0,0.017717743378245086,1.0,0.7285714285714285,1.0,1.0,0.0,1.0,0
42,q3_lightweight_storage,lightweight gas storage MOFs with low density,GAT only,100,0.0340420000100039,0.9173960253168174,0.9173960253168174,0.8824679809149691,0.013331551056953198,1.0,0.01223031195095708,1.0,0.7285714285714285,1.0,1.0,0.0,1.0,0
42,q3_lightweight_storage,lightweight gas storage MOFs with low density,LEA + GraphSAGE,100,82.51045899999099,0.9173960253168174,0.9173960253168174,0.8824679809149691,0.019313080599108072,1.0,0.017717743378245086,1.0,0.7285714285714285,1.0,1.0,0.0,1.0,0
42,q3_lightweight_storage,lightweight gas storage MOFs with low density,LEA + GAT,100,82.88312499999506,0.9173960253168174,0.9173960253168174,0.8824679809149691,0.013331551056953198,1.0,0.01223031195095708,1.0,0.7285714285714285,1.0,1.0,0.0,1.0,0
43,q3_lightweight_storage,lightweight gas storage MOFs with low density,SemanticOnly,100,0.03450000002658271,0.894446371519854,0.894446371519854,0.8720473443567199,0.028079527834069556,1.0,0.0,0.9664603228683291,0.7285714285714285,0.0,1.0,0.0,1.0,5
43,q3_lightweight_storage,lightweight gas storage MOFs with low density,WeightedSum,100,0.04995899999471476,0.9173960253168174,0.9173960253168174,0.8824679809149691,0.016496155656918626,1.0,0.01513350763266468,1.0,0.7285714285714285,1.0,1.0,0.0,1.0,0
43,q3_lightweight_storage,lightweight gas storage MOFs with low density,TOPSIS,100,1.0426670000072136,0.9173960253168174,0.9173960253168174,0.8824679809149691,0.016496155656918626,1.0,0.01513350763266468,1.0,0.7285714285714285,1.0,1.0,0.0,1.0,0
43,q3_lightweight_storage,lightweight gas storage MOFs with low density,ParetoCrowding,100,219.02808299998355,0.9036262330386394,0.9173960253168174,0.8762155989800195,0.04140657765053527,1.0,0.014966427914150041,0.9770470700516036,0.7285714285714285,0.4,1.0,0.0,1.0,3
43,q3_lightweight_storage,lightweight gas storage MOFs with low density,Random,100,0.04633300000023155,0.8990363022792467,0.9173960253168174,0.8741314716683698,0.03453059464093088,1.0,0.006208851624297215,0.9708608988061288,0.7285714285714285,0.2,1.0,0.0,1.0,4
43,q3_lightweight_storage,lightweight gas storage MOFs with low density,MMR,100,2103.8175420000016,0.9173960253168174,0.9173960253168174,0.8824679809149691,0.0209541588865916,1.0,0.0192232620764162,1.0,0.7285714285714285,1.0,1.0,0.0,1.0,0
43,q3_lightweight_storage,lightweight gas storage MOFs with low density,LEA,100,83.90224999999418,0.9173960253168174,0.9173960253168174,0.8824679809149691,0.0209541588865916,1.0,0.0192232620764162,1.0,0.7285714285714285,1.0,1.0,0.0,1.0,0
43,q3_lightweight_storage,lightweight gas storage MOFs with low density,LEA no diversity,100,82.36704199998712,0.9173960253168174,0.9173960253168174,0.8824679809149691,0.0209541588865916,1.0,0.0192232620764162,1.0,0.7285714285714285,1.0,1.0,0.0,1.0,0
43,q3_lightweight_storage,lightweight gas storage MOFs with low density,LEA no self-cleaning,100,84.09879199999182,0.9173960253168174,0.9173960253168174,0.8824679809149691,0.0209541588865916,1.0,0.0192232620764162,1.0,0.7285714285714285,1.0,1.0,0.0,1.0,0
43,q3_lightweight_storage,lightweight gas storage MOFs with low density,GraphSAGE only,100,0.039458999992803,0.9173960253168174,0.9173960253168174,0.8824679809149691,0.019313080599108072,1.0,0.017717743378245086,1.0,0.7285714285714285,1.0,1.0,0.0,1.0,0
43,q3_lightweight_storage,lightweight gas storage MOFs with low density,GAT only,100,0.03433300000210693,0.9173960253168174,0.9173960253168174,0.8824679809149691,0.013331551056953198,1.0,0.01223031195095708,1.0,0.7285714285714285,1.0,1.0,0.0,1.0,0
43,q3_lightweight_storage,lightweight gas storage MOFs with low density,LEA + GraphSAGE,100,83.38425000002303,0.9173960253168174,0.9173960253168174,0.8824679809149691,0.019313080599108072,1.0,0.017717743378245086,1.0,0.7285714285714285,1.0,1.0,0.0,1.0,0
43,q3_lightweight_storage,lightweight gas storage MOFs with low density,LEA + GAT,100,80.53429199998163,0.9173960253168174,0.9173960253168174,0.8824679809149691,0.013331551056953198,1.0,0.01223031195095708,1.0,0.7285714285714285,1.0,1.0,0.0,1.0,0
44,q3_lightweight_storage,lightweight gas storage MOFs with low density,SemanticOnly,100,0.03216700000052697,0.894446371519854,0.894446371519854,0.8720473443567199,0.02192313453995242,1.0,0.0,0.9664603228683291,0.7285714285714285,0.0,1.0,0.0,1.0,5
44,q3_lightweight_storage,lightweight gas storage MOFs with low density,WeightedSum,100,0.045291999981600384,0.9173960253168174,0.9173960253168174,0.8824679809149691,0.016496155656918626,1.0,0.01513350763266468,1.0,0.7285714285714285,1.0,1.0,0.0,1.0,0
44,q3_lightweight_storage,lightweight gas storage MOFs with low density,TOPSIS,100,1.1534999999867068,0.9173960253168174,0.9173960253168174,0.8824679809149691,0.016496155656918626,1.0,0.01513350763266468,1.0,0.7285714285714285,1.0,1.0,0.0,1.0,0
44,q3_lightweight_storage,lightweight gas storage MOFs with low density,ParetoCrowding,100,219.05045799999812,0.9036262330386394,0.9173960253168174,0.8762155989800195,0.04098921510583005,1.0,0.014815572016516683,0.9785364383910177,0.7285714285714285,0.4,1.0,0.0,1.0,3
44,q3_lightweight_storage,lightweight gas storage MOFs with low density,Random,100,0.047249999994392056,0.894446371519854,0.894446371519854,0.8720473443567199,0.023658076273473046,1.0,0.0,0.9664603228683291,0.7285714285714285,0.0,1.0,0.0,1.0,5
44,q3_lightweight_storage,lightweight gas storage MOFs with low density,MMR,100,2119.1065829999898,0.9173960253168174,0.9173960253168174,0.8824679809149691,0.019759415127024255,1.0,0.01812720890011705,1.0,0.7285714285714285,1.0,1.0,0.0,1.0,0
44,q3_lightweight_storage,lightweight gas storage MOFs with low density,LEA,100,83.31604099998913,0.9173960253168174,0.9173960253168174,0.8824679809149691,0.019313080599108072,1.0,0.017717743378245086,1.0,0.7285714285714285,1.0,1.0,0.0,1.0,0
44,q3_lightweight_storage,lightweight gas storage MOFs with low density,LEA no diversity,100,83.02983300001188,0.9173960253168174,0.9173960253168174,0.8824679809149691,0.019313080599108072,1.0,0.017717743378245086,1.0,0.7285714285714285,1.0,1.0,0.0,1.0,0
44,q3_lightweight_storage,lightweight gas storage MOFs with low density,LEA no self-cleaning,100,82.84674999998742,0.9173960253168174,0.9173960253168174,0.8824679809149691,0.019313080599108072,1.0,0.017717743378245086,1.0,0.7285714285714285,1.0,1.0,0.0,1.0,0
44,q3_lightweight_storage,lightweight gas storage MOFs with low density,GraphSAGE only,100,0.0399169999809601,0.9173960253168174,0.9173960253168174,0.8824679809149691,0.019313080599108072,1.0,0.017717743378245086,1.0,0.7285714285714285,1.0,1.0,0.0,1.0,0
44,q3_lightweight_storage,lightweight gas storage MOFs with low density,GAT only,100,0.03512500001079388,0.9173960253168174,0.9173960253168174,0.8824679809149691,0.013331551056953198,1.0,0.01223031195095708,1.0,0.7285714285714285,1.0,1.0,0.0,1.0,0
44,q3_lightweight_storage,lightweight gas storage MOFs with low density,LEA + GraphSAGE,100,85.09854199999722,0.9173960253168174,0.9173960253168174,0.8824679809149691,0.019313080599108072,1.0,0.017717743378245086,1.0,0.7285714285714285,1.0,1.0,0.0,1.0,0
44,q3_lightweight_storage,lightweight gas storage MOFs with low density,LEA + GAT,100,85.06708300001264,0.9173960253168174,0.9173960253168174,0.8824679809149691,0.013331551056953198,1.0,0.01223031195095708,1.0,0.7285714285714285,1.0,1.0,0.0,1.0,0
45,q3_lightweight_storage,lightweight gas storage MOFs with low density,SemanticOnly,100,0.032000000004472895,0.894446371519854,0.894446371519854,0.8720473443567199,0.03035635896639318,1.0,0.0,0.9664603228683291,0.7285714285714285,0.0,1.0,0.0,1.0,5
45,q3_lightweight_storage,lightweight gas storage MOFs with low density,WeightedSum,100,0.04570800001602038,0.9173960253168174,0.9173960253168174,0.8824679809149691,0.016496155656918626,1.0,0.01513350763266468,1.0,0.7285714285714285,1.0,1.0,0.0,1.0,0
45,q3_lightweight_storage,lightweight gas storage MOFs with low density,TOPSIS,100,1.0223330000087572,0.9173960253168174,0.9173960253168174,0.8824679809149691,0.016496155656918626,1.0,0.01513350763266468,1.0,0.7285714285714285,1.0,1.0,0.0,1.0,0
45,q3_lightweight_storage,lightweight gas storage MOFs with low density,ParetoCrowding,100,218.42345800001794,0.9036262330386393,0.9173960253168174,0.8762155989800195,0.03703029894769014,1.0,0.013384619818558373,0.9765485606965231,0.7285714285714285,0.4,1.0,0.0,1.0,3
45,q3_lightweight_storage,lightweight gas storage MOFs with low density,Random,100,0.046041999979706816,0.8990363022792467,0.9173960253168174,0.8741314716683698,0.029355732812311918,1.0,0.005278373895655691,0.9721479847587233,0.7285714285714285,0.2,1.0,0.0,1.0,4
45,q3_lightweight_storage,lightweight gas storage MOFs with low density,MMR,100,2215.5834589999868,0.9173960253168174,0.9173960253168174,0.8824679809149691,0.019759415127024255,1.0,0.01812720890011705,1.0,0.7285714285714285,1.0,1.0,0.0,1.0,0
45,q3_lightweight_storage,lightweight gas storage MOFs with low density,LEA,100,83.58254199998782,0.9173960253168174,0.9173960253168174,0.8824679809149691,0.019759415127024255,1.0,0.01812720890011705,1.0,0.7285714285714285,1.0,1.0,0.0,1.0,0
45,q3_lightweight_storage,lightweight gas storage MOFs with low density,LEA no diversity,100,88.29512500000192,0.9173960253168174,0.9173960253168174,0.8824679809149691,0.019759415127024255,1.0,0.01812720890011705,1.0,0.7285714285714285,1.0,1.0,0.0,1.0,0
45,q3_lightweight_storage,lightweight gas storage MOFs with low density,LEA no self-cleaning,100,82.76429200000734,0.9173960253168174,0.9173960253168174,0.8824679809149691,0.019759415127024255,1.0,0.01812720890011705,1.0,0.7285714285714285,1.0,1.0,0.0,1.0,0
45,q3_lightweight_storage,lightweight gas storage MOFs with low density,GraphSAGE only,100,0.03783299999327028,0.9173960253168174,0.9173960253168174,0.8824679809149691,0.019313080599108072,1.0,0.017717743378245086,1.0,0.7285714285714285,1.0,1.0,0.0,1.0,0
45,q3_lightweight_storage,lightweight gas storage MOFs with low density,GAT only,100,0.03399999999942338,0.9173960253168174,0.9173960253168174,0.8824679809149691,0.013331551056953198,1.0,0.01223031195095708,1.0,0.7285714285714285,1.0,1.0,0.0,1.0,0
45,q3_lightweight_storage,lightweight gas storage MOFs with low density,LEA + GraphSAGE,100,83.07008399998494,0.9173960253168174,0.9173960253168174,0.8824679809149691,0.019313080599108072,1.0,0.017717743378245086,1.0,0.7285714285714285,1.0,1.0,0.0,1.0,0
45,q3_lightweight_storage,lightweight gas storage MOFs with low density,LEA + GAT,100,85.59883399999535,0.9173960253168174,0.9173960253168174,0.8824679809149691,0.013331551056953198,1.0,0.01223031195095708,1.0,0.7285714285714285,1.0,1.0,0.0,1.0,0
46,q3_lightweight_storage,lightweight gas storage MOFs with low density,SemanticOnly,100,0.03120799999578594,0.894446371519854,0.894446371519854,0.8720473443567199,0.029281091998505183,1.0,0.0,0.9664603228683291,0.7285714285714285,0.0,1.0,0.0,1.0,5
46,q3_lightweight_storage,lightweight gas storage MOFs with low density,WeightedSum,100,0.046875000009549694,0.9173960253168174,0.9173960253168174,0.8824679809149691,0.016496155656918626,1.0,0.01513350763266468,1.0,0.7285714285714285,1.0,1.0,0.0,1.0,0
46,q3_lightweight_storage,lightweight gas storage MOFs with low density,TOPSIS,100,1.0799579999911657,0.9173960253168174,0.9173960253168174,0.8824679809149691,0.016496155656918626,1.0,0.01513350763266468,1.0,0.7285714285714285,1.0,1.0,0.0,1.0,0
46,q3_lightweight_storage,lightweight gas storage MOFs with low density,ParetoCrowding,100,217.8823330000057,0.8990363022792467,0.9173960253168174,0.8741314716683698,0.036821259209266426,1.0,0.00662072974495291,0.9736373530981374,0.7285714285714285,0.2,1.0,0.0,1.0,4
46,q3_lightweight_storage,lightweight gas storage MOFs with low density,Random,100,0.0473340000155531,0.894446371519854,0.894446371519854,0.8720473443567199,0.028991978611989815,1.0,0.0,0.9664603228683291,0.7285714285714285,0.0,1.0,0.0,1.0,5
46,q3_lightweight_storage,lightweight gas storage MOFs with low density,MMR,100,2142.7080830000023,0.9173960253168174,0.9173960253168174,0.8824679809149691,0.019778426842672857,1.0,0.01814465017248753,1.0,0.7285714285714285,1.0,1.0,0.0,1.0,0
46,q3_lightweight_storage,lightweight gas storage MOFs with low density,LEA,100,82.35495799999626,0.9173960253168174,0.9173960253168174,0.8824679809149691,0.019313080599108072,1.0,0.017717743378245086,1.0,0.7285714285714285,1.0,1.0,0.0,1.0,0
46,q3_lightweight_storage,lightweight gas storage MOFs with low density,LEA no diversity,100,83.54766599998698,0.9173960253168174,0.9173960253168174,0.8824679809149691,0.019313080599108072,1.0,0.017717743378245086,1.0,0.7285714285714285,1.0,1.0,0.0,1.0,0
46,q3_lightweight_storage,lightweight gas storage MOFs with low density,LEA no self-cleaning,100,82.43995899999845,0.9173960253168174,0.9173960253168174,0.8824679809149691,0.019313080599108072,1.0,0.017717743378245086,1.0,0.7285714285714285,1.0,1.0,0.0,1.0,0
46,q3_lightweight_storage,lightweight gas storage MOFs with low density,GraphSAGE only,100,0.04654200000686615,0.9173960253168174,0.9173960253168174,0.8824679809149691,0.019313080599108072,1.0,0.017717743378245086,1.0,0.7285714285714285,1.0,1.0,0.0,1.0,0
46,q3_lightweight_storage,lightweight gas storage MOFs with low density,GAT only,100,0.03300000000194814,0.9173960253168174,0.9173960253168174,0.8824679809149691,0.013331551056953198,1.0,0.01223031195095708,1.0,0.7285714285714285,1.0,1.0,0.0,1.0,0
46,q3_lightweight_storage,lightweight gas storage MOFs with low density,LEA + GraphSAGE,100,80.92091699998605,0.9173960253168174,0.9173960253168174,0.8824679809149691,0.019313080599108072,1.0,0.017717743378245086,1.0,0.7285714285714285,1.0,1.0,0.0,1.0,0
46,q3_lightweight_storage,lightweight gas storage MOFs with low density,LEA + GAT,100,81.5959580000083,0.9173960253168174,0.9173960253168174,0.8824679809149691,0.013331551056953198,1.0,0.01223031195095708,1.0,0.7285714285714285,1.0,1.0,0.0,1.0,0
47,q3_lightweight_storage,lightweight gas storage MOFs with low density,SemanticOnly,100,0.036332999997057414,0.894446371519854,0.894446371519854,0.8720473443567199,0.02302215486504163,1.0,0.0,0.9664603228683291,0.7285714285714285,0.0,1.0,0.0,1.0,5
47,q3_lightweight_storage,lightweight gas storage MOFs with low density,WeightedSum,100,0.045916999994233265,0.9173960253168174,0.9173960253168174,0.8824679809149691,0.016496155656918626,1.0,0.01513350763266468,1.0,0.7285714285714285,1.0,1.0,0.0,1.0,0
47,q3_lightweight_storage,lightweight gas storage MOFs with low density,TOPSIS,100,1.0903749999897627,0.9173960253168174,0.9173960253168174,0.8824679809149691,0.016496155656918626,1.0,0.01513350763266468,1.0,0.7285714285714285,1.0,1.0,0.0,1.0,0
47,q3_lightweight_storage,lightweight gas storage MOFs with low density,ParetoCrowding,100,216.79829100000347,0.9036262330386393,0.9173960253168174,0.8762155989800195,0.023640730360760087,1.0,0.008544953648870332,0.9850126768789257,0.7285714285714285,0.4,1.0,0.0,1.0,3
47,q3_lightweight_storage,lightweight gas storage MOFs with low density,Random,100,0.04933299999265728,0.894446371519854,0.894446371519854,0.8720473443567199,0.02361961275380664,1.0,0.0,0.9664603228683291,0.7285714285714285,0.0,1.0,0.0,1.0,5
47,q3_lightweight_storage,lightweight gas storage MOFs with low density,MMR,100,2088.1408330000113,0.9173960253168174,0.9173960253168174,0.8824679809149691,0.0209541588865916,1.0,0.0192232620764162,1.0,0.7285714285714285,1.0,1.0,0.0,1.0,0
47,q3_lightweight_storage,lightweight gas storage MOFs with low density,LEA,100,83.96729099999334,0.9173960253168174,0.9173960253168174,0.8824679809149691,0.01931308059910807,1.0,0.017717743378245082,1.0,0.7285714285714285,1.0,1.0,0.0,1.0,0
47,q3_lightweight_storage,lightweight gas storage MOFs with low density,LEA no diversity,100,82.6502909999931,0.9173960253168174,0.9173960253168174,0.8824679809149691,0.01931308059910807,1.0,0.017717743378245082,1.0,0.7285714285714285,1.0,1.0,0.0,1.0,0
47,q3_lightweight_storage,lightweight gas storage MOFs with low density,LEA no self-cleaning,100,86.18612500001177,0.9173960253168174,0.9173960253168174,0.8824679809149691,0.01931308059910807,1.0,0.017717743378245082,1.0,0.7285714285714285,1.0,1.0,0.0,1.0,0
47,q3_lightweight_storage,lightweight gas storage MOFs with low density,GraphSAGE only,100,0.03845899999532776,0.9173960253168174,0.9173960253168174,0.8824679809149691,0.019313080599108072,1.0,0.017717743378245086,1.0,0.7285714285714285,1.0,1.0,0.0,1.0,0
47,q3_lightweight_storage,lightweight gas storage MOFs with low density,GAT only,100,0.03387499998552812,0.9173960253168174,0.9173960253168174,0.8824679809149691,0.013331551056953198,1.0,0.01223031195095708,1.0,0.7285714285714285,1.0,1.0,0.0,1.0,0
47,q3_lightweight_storage,lightweight gas storage MOFs with low density,LEA + GraphSAGE,100,81.58066699999722,0.9173960253168174,0.9173960253168174,0.8824679809149691,0.019313080599108072,1.0,0.017717743378245086,1.0,0.7285714285714285,1.0,1.0,0.0,1.0,0
47,q3_lightweight_storage,lightweight gas storage MOFs with low density,LEA + GAT,100,86.56375000001049,0.9173960253168174,0.9173960253168174,0.8824679809149691,0.013331551056953198,1.0,0.01223031195095708,1.0,0.7285714285714285,1.0,1.0,0.0,1.0,0
48,q3_lightweight_storage,lightweight gas storage MOFs with low density,SemanticOnly,100,0.030791999989787655,0.894446371519854,0.894446371519854,0.8720473443567199,0.024887803533832093,1.0,0.0,0.9664603228683291,0.7285714285714285,0.0,1.0,0.0,1.0,5
48,q3_lightweight_storage,lightweight gas storage MOFs with low density,WeightedSum,100,0.044457999990754615,0.9173960253168174,0.9173960253168174,0.8824679809149691,0.016496155656918626,1.0,0.01513350763266468,1.0,0.7285714285714285,1.0,1.0,0.0,1.0,0
48,q3_lightweight_storage,lightweight gas storage MOFs with low density,TOPSIS,100,1.0112079999942125,0.9173960253168174,0.9173960253168174,0.8824679809149691,0.016496155656918626,1.0,0.01513350763266468,1.0,0.7285714285714285,1.0,1.0,0.0,1.0,0
48,q3_lightweight_storage,lightweight gas storage MOFs with low density,ParetoCrowding,100,214.9224160000074,0.9036262330386393,0.9173960253168174,0.8762155989800195,0.03490578653348392,1.0,0.012616713758601177,0.9835233085395116,0.7285714285714285,0.4,1.0,0.0,1.0,3
48,q3_lightweight_storage,lightweight gas storage MOFs with low density,Random,100,0.046499999996285624,0.894446371519854,0.894446371519854,0.8720473443567199,0.024228101648620288,1.0,0.0,0.9664603228683291,0.7285714285714285,0.0,1.0,0.0,1.0,5
48,q3_lightweight_storage,lightweight gas storage MOFs with low density,MMR,100,2117.401916999995,0.9173960253168174,0.9173960253168174,0.8824679809149691,0.019778426842672857,1.0,0.01814465017248753,1.0,0.7285714285714285,1.0,1.0,0.0,1.0,0
48,q3_lightweight_storage,lightweight gas storage MOFs with low density,LEA,100,85.06287500000553,0.9173960253168174,0.9173960253168174,0.8824679809149691,0.019313080599108072,1.0,0.017717743378245086,1.0,0.7285714285714285,1.0,1.0,0.0,1.0,0
48,q3_lightweight_storage,lightweight gas storage MOFs with low density,LEA no diversity,100,82.19237500000531,0.9173960253168174,0.9173960253168174,0.8824679809149691,0.019313080599108072,1.0,0.017717743378245086,1.0,0.7285714285714285,1.0,1.0,0.0,1.0,0
48,q3_lightweight_storage,lightweight gas storage MOFs with low density,LEA no self-cleaning,100,83.58999999998673,0.9173960253168174,0.9173960253168174,0.8824679809149691,0.019313080599108072,1.0,0.017717743378245086,1.0,0.7285714285714285,1.0,1.0,0.0,1.0,0
48,q3_lightweight_storage,lightweight gas storage MOFs with low density,GraphSAGE only,100,0.03850000001648368,0.9173960253168174,0.9173960253168174,0.8824679809149691,0.019313080599108072,1.0,0.017717743378245086,1.0,0.7285714285714285,1.0,1.0,0.0,1.0,0
48,q3_lightweight_storage,lightweight gas storage MOFs with low density,GAT only,100,0.03383300000336931,0.9173960253168174,0.9173960253168174,0.8824679809149691,0.013331551056953198,1.0,0.01223031195095708,1.0,0.7285714285714285,1.0,1.0,0.0,1.0,0
48,q3_lightweight_storage,lightweight gas storage MOFs with low density,LEA + GraphSAGE,100,84.9686249999877,0.9173960253168174,0.9173960253168174,0.8824679809149691,0.019313080599108072,1.0,0.017717743378245086,1.0,0.7285714285714285,1.0,1.0,0.0,1.0,0
48,q3_lightweight_storage,lightweight gas storage MOFs with low density,LEA + GAT,100,86.10487499998953,0.9173960253168174,0.9173960253168174,0.8824679809149691,0.013331551056953198,1.0,0.01223031195095708,1.0,0.7285714285714285,1.0,1.0,0.0,1.0,0
49,q3_lightweight_storage,lightweight gas storage MOFs with low density,SemanticOnly,100,0.04162499999438296,0.894446371519854,0.894446371519854,0.8720473443567199,0.026303636413797005,1.0,0.0,0.9664603228683291,0.7285714285714285,0.0,1.0,0.0,1.0,5
49,q3_lightweight_storage,lightweight gas storage MOFs with low density,WeightedSum,100,0.055833000004668065,0.9173960253168174,0.9173960253168174,0.8824679809149691,0.016496155656918626,1.0,0.01513350763266468,1.0,0.7285714285714285,1.0,1.0,0.0,1.0,0
49,q3_lightweight_storage,lightweight gas storage MOFs with low density,TOPSIS,100,1.1081669999839505,0.9173960253168174,0.9173960253168174,0.8824679809149691,0.016496155656918626,1.0,0.01513350763266468,1.0,0.7285714285714285,1.0,1.0,0.0,1.0,0
49,q3_lightweight_storage,lightweight gas storage MOFs with low density,ParetoCrowding,100,224.69949999998562,0.894446371519854,0.894446371519854,0.8720473443567199,0.041194514106602756,1.0,0.0,0.9664603228683291,0.7285714285714285,0.0,1.0,0.0,1.0,5
49,q3_lightweight_storage,lightweight gas storage MOFs with low density,Random,100,0.04695900000228903,0.894446371519854,0.894446371519854,0.8720473443567199,0.0291909275355057,1.0,0.0,0.9664603228683291,0.7285714285714285,0.0,1.0,0.0,1.0,5
49,q3_lightweight_storage,lightweight gas storage MOFs with low density,MMR,100,2240.6648329999825,0.9173960253168174,0.9173960253168174,0.8824679809149691,0.019759415127024255,1.0,0.01812720890011705,1.0,0.7285714285714285,1.0,1.0,0.0,1.0,0
49,q3_lightweight_storage,lightweight gas storage MOFs with low density,LEA,100,84.06954099999098,0.9173960253168174,0.9173960253168174,0.8824679809149691,0.013331551056953194,1.0,0.012230311950957076,1.0,0.7285714285714285,1.0,1.0,0.0,1.0,0
49,q3_lightweight_storage,lightweight gas storage MOFs with low density,LEA no diversity,100,83.79124999999021,0.9173960253168174,0.9173960253168174,0.8824679809149691,0.013331551056953194,1.0,0.012230311950957076,1.0,0.7285714285714285,1.0,1.0,0.0,1.0,0
49,q3_lightweight_storage,lightweight gas storage MOFs with low density,LEA no self-cleaning,100,90.68174999998746,0.9173960253168174,0.9173960253168174,0.8824679809149691,0.013331551056953194,1.0,0.012230311950957076,1.0,0.7285714285714285,1.0,1.0,0.0,1.0,0
49,q3_lightweight_storage,lightweight gas storage MOFs with low density,GraphSAGE only,100,0.04341600001112056,0.9173960253168174,0.9173960253168174,0.8824679809149691,0.019313080599108072,1.0,0.017717743378245086,1.0,0.7285714285714285,1.0,1.0,0.0,1.0,0
49,q3_lightweight_storage,lightweight gas storage MOFs with low density,GAT only,100,0.03424999999879219,0.9173960253168174,0.9173960253168174,0.8824679809149691,0.013331551056953198,1.0,0.01223031195095708,1.0,0.7285714285714285,1.0,1.0,0.0,1.0,0
49,q3_lightweight_storage,lightweight gas storage MOFs with low density,LEA + GraphSAGE,100,83.68162499999698,0.9173960253168174,0.9173960253168174,0.8824679809149691,0.019313080599108072,1.0,0.017717743378245086,1.0,0.7285714285714285,1.0,1.0,0.0,1.0,0
49,q3_lightweight_storage,lightweight gas storage MOFs with low density,LEA + GAT,100,85.42087499998274,0.9173960253168174,0.9173960253168174,0.8824679809149691,0.013331551056953198,1.0,0.01223031195095708,1.0,0.7285714285714285,1.0,1.0,0.0,1.0,0
50,q3_lightweight_storage,lightweight gas storage MOFs with low density,SemanticOnly,100,0.036249999993742676,0.894446371519854,0.894446371519854,0.8720473443567199,0.023437671159526312,1.0,0.0,0.9664603228683291,0.7285714285714285,0.0,1.0,0.0,1.0,5
50,q3_lightweight_storage,lightweight gas storage MOFs with low density,WeightedSum,100,0.04812500000639375,0.9173960253168174,0.9173960253168174,0.8824679809149691,0.016496155656918626,1.0,0.01513350763266468,1.0,0.7285714285714285,1.0,1.0,0.0,1.0,0
50,q3_lightweight_storage,lightweight gas storage MOFs with low density,TOPSIS,100,1.02362499998776,0.9173960253168174,0.9173960253168174,0.8824679809149691,0.016496155656918626,1.0,0.01513350763266468,1.0,0.7285714285714285,1.0,1.0,0.0,1.0,0
50,q3_lightweight_storage,lightweight gas storage MOFs with low density,ParetoCrowding,100,224.63633300000652,0.8990363022792467,0.9173960253168174,0.8741314716683698,0.039910278941618346,1.0,0.007176157920521169,0.9721479847587233,0.7285714285714285,0.2,1.0,0.0,1.0,4
50,q3_lightweight_storage,lightweight gas storage MOFs with low density,Random,100,0.052084000003560504,0.9036262330386393,0.9173960253168174,0.8762155989800195,0.0335319721514985,1.0,0.012120147872646059,0.9765485606965231,0.7285714285714285,0.4,1.0,0.0,1.0,3
50,q3_lightweight_storage,lightweight gas storage MOFs with low density,MMR,100,2166.8867500000033,0.9173960253168174,0.9173960253168174,0.8824679809149691,0.0209541588865916,1.0,0.0192232620764162,1.0,0.7285714285714285,1.0,1.0,0.0,1.0,0
50,q3_lightweight_storage,lightweight gas storage MOFs with low density,LEA,100,84.06408299998702,0.9173960253168174,0.9173960253168174,0.8824679809149691,0.019313080599108072,1.0,0.017717743378245086,1.0,0.7285714285714285,1.0,1.0,0.0,1.0,0
50,q3_lightweight_storage,lightweight gas storage MOFs with low density,LEA no diversity,100,85.19712499997922,0.9173960253168174,0.9173960253168174,0.8824679809149691,0.019313080599108072,1.0,0.017717743378245086,1.0,0.7285714285714285,1.0,1.0,0.0,1.0,0
50,q3_lightweight_storage,lightweight gas storage MOFs with low density,LEA no self-cleaning,100,83.725625000028,0.9173960253168174,0.9173960253168174,0.8824679809149691,0.019313080599108072,1.0,0.017717743378245086,1.0,0.7285714285714285,1.0,1.0,0.0,1.0,0
50,q3_lightweight_storage,lightweight gas storage MOFs with low density,GraphSAGE only,100,0.039874999998801286,0.9173960253168174,0.9173960253168174,0.8824679809149691,0.019313080599108072,1.0,0.017717743378245086,1.0,0.7285714285714285,1.0,1.0,0.0,1.0,0
50,q3_lightweight_storage,lightweight gas storage MOFs with low density,GAT only,100,0.03595900000163965,0.9173960253168174,0.9173960253168174,0.8824679809149691,0.013331551056953198,1.0,0.01223031195095708,1.0,0.7285714285714285,1.0,1.0,0.0,1.0,0
50,q3_lightweight_storage,lightweight gas storage MOFs with low density,LEA + GraphSAGE,100,82.9155000000128,0.9173960253168174,0.9173960253168174,0.8824679809149691,0.019313080599108072,1.0,0.017717743378245086,1.0,0.7285714285714285,1.0,1.0,0.0,1.0,0
50,q3_lightweight_storage,lightweight gas storage MOFs with low density,LEA + GAT,100,83.84291700002677,0.9173960253168174,0.9173960253168174,0.8824679809149691,0.013331551056953198,1.0,0.01223031195095708,1.0,0.7285714285714285,1.0,1.0,0.0,1.0,0
51,q3_lightweight_storage,lightweight gas storage MOFs with low density,SemanticOnly,100,0.0313330000096812,0.894446371519854,0.894446371519854,0.8720473443567199,0.022634966637736516,1.0,0.0,0.9664603228683291,0.7285714285714285,0.0,1.0,0.0,1.0,5
51,q3_lightweight_storage,lightweight gas storage MOFs with low density,WeightedSum,100,0.04866699998729018,0.9173960253168174,0.9173960253168174,0.8824679809149691,0.016496155656918626,1.0,0.01513350763266468,1.0,0.7285714285714285,1.0,1.0,0.0,1.0,0
51,q3_lightweight_storage,lightweight gas storage MOFs with low density,TOPSIS,100,1.0162499999921693,0.9173960253168174,0.9173960253168174,0.8824679809149691,0.016496155656918626,1.0,0.01513350763266468,1.0,0.7285714285714285,1.0,1.0,0.0,1.0,0
51,q3_lightweight_storage,lightweight gas storage MOFs with low density,ParetoCrowding,100,223.42116699999792,0.9036262330386393,0.9173960253168174,0.8762155989800195,0.039502625084171926,1.0,0.014278243319979176,0.9757599840990091,0.7285714285714285,0.4,1.0,0.0,1.0,3
51,q3_lightweight_storage,lightweight gas storage MOFs with low density,Random,100,0.05525000000261571,0.8990363022792467,0.9173960253168174,0.8741314716683698,0.01763391176296833,1.0,0.003170705365219512,0.9736373530981374,0.7285714285714285,0.2,1.0,0.0,1.0,4
51,q3_lightweight_storage,lightweight gas storage MOFs with low density,MMR,100,2136.146542000006,0.9173960253168174,0.9173960253168174,0.8824679809149691,0.0209541588865916,1.0,0.0192232620764162,1.0,0.7285714285714285,1.0,1.0,0.0,1.0,0
51,q3_lightweight_storage,lightweight gas storage MOFs with low density,LEA,100,85.11691599997562,0.9173960253168174,0.9173960253168174,0.8824679809149691,0.0209541588865916,1.0,0.0192232620764162,1.0,0.7285714285714285,1.0,1.0,0.0,1.0,0
51,q3_lightweight_storage,lightweight gas storage MOFs with low density,LEA no diversity,100,85.21691600000736,0.9173960253168174,0.9173960253168174,0.8824679809149691,0.0209541588865916,1.0,0.0192232620764162,1.0,0.7285714285714285,1.0,1.0,0.0,1.0,0
51,q3_lightweight_storage,lightweight gas storage MOFs with low density,LEA no self-cleaning,100,83.21720800000776,0.9173960253168174,0.9173960253168174,0.8824679809149691,0.0209541588865916,1.0,0.0192232620764162,1.0,0.7285714285714285,1.0,1.0,0.0,1.0,0
51,q3_lightweight_storage,lightweight gas storage MOFs with low density,GraphSAGE only,100,0.03904099997953381,0.9173960253168174,0.9173960253168174,0.8824679809149691,0.019313080599108072,1.0,0.017717743378245086,1.0,0.7285714285714285,1.0,1.0,0.0,1.0,0
51,q3_lightweight_storage,lightweight gas storage MOFs with low density,GAT only,100,0.03433300000210693,0.9173960253168174,0.9173960253168174,0.8824679809149691,0.013331551056953198,1.0,0.01223031195095708,1.0,0.7285714285714285,1.0,1.0,0.0,1.0,0
51,q3_lightweight_storage,lightweight gas storage MOFs with low density,LEA + GraphSAGE,100,86.23562500000048,0.9173960253168174,0.9173960253168174,0.8824679809149691,0.019313080599108072,1.0,0.017717743378245086,1.0,0.7285714285714285,1.0,1.0,0.0,1.0,0
51,q3_lightweight_storage,lightweight gas storage MOFs with low density,LEA + GAT,100,87.76520799997911,0.9173960253168174,0.9173960253168174,0.8824679809149691,0.013331551056953198,1.0,0.01223031195095708,1.0,0.7285714285714285,1.0,1.0,0.0,1.0,0
42,q4_balanced_discovery,balanced stable MOF candidates for general materials discovery,SemanticOnly,100,0.031167000003051726,0.747905,0.747905,0.8613682936698822,0.023813775332843814,1.0,0.00872711640375217,0.7868720474725598,0.65,1.0,0.7,0.0,0.7,0
42,q4_balanced_discovery,balanced stable MOF candidates for general materials discovery,WeightedSum,100,0.049665999995340826,0.897905,0.897905,0.8484455543377234,0.016496155656918626,1.0,0.014811980645125518,1.0,0.65,1.0,1.0,0.0,1.0,0
42,q4_balanced_discovery,balanced stable MOF candidates for general materials discovery,TOPSIS,100,1.062208999996983,0.897905,0.897905,0.8484455543377234,0.016496155656918626,1.0,0.014811980645125518,1.0,0.65,1.0,1.0,0.0,1.0,0
42,q4_balanced_discovery,balanced stable MOF candidates for general materials discovery,ParetoCrowding,100,219.34237499999654,0.897905,0.897905,0.8484455543377234,0.018478508590692538,1.0,0.01659194525612578,1.0,0.65,1.0,1.0,0.0,1.0,0
42,q4_balanced_discovery,balanced stable MOF candidates for general materials discovery,Random,100,0.07545799999775227,0.757075,0.793755,0.8452910962660678,0.029809431587675163,1.0,0.011731736341937294,0.7960467323636263,0.65,0.9,0.76,0.0,0.76,0
42,q4_balanced_discovery,balanced stable MOF candidates for general materials discovery,MMR,100,2210.6527500000084,0.897905,0.897905,0.8484455543377234,0.0209541588865916,1.0,0.018814844035065028,1.0,0.65,1.0,1.0,0.0,1.0,0
42,q4_balanced_discovery,balanced stable MOF candidates for general materials discovery,LEA,100,82.58899999998448,0.897905,0.897905,0.8484455543377234,0.01955825978191385,1.0,0.017561459249479355,1.0,0.65,1.0,1.0,0.0,1.0,0
42,q4_balanced_discovery,balanced stable MOF candidates for general materials discovery,LEA no diversity,100,82.77829200000042,0.897905,0.897905,0.8484455543377234,0.01955825978191385,1.0,0.017561459249479355,1.0,0.65,1.0,1.0,0.0,1.0,0
42,q4_balanced_discovery,balanced stable MOF candidates for general materials discovery,LEA no self-cleaning,100,86.33091699999795,0.897905,0.897905,0.8484455543377234,0.01955825978191385,1.0,0.017561459249479355,1.0,0.65,1.0,1.0,0.0,1.0,0
42,q4_balanced_discovery,balanced stable MOF candidates for general materials discovery,GraphSAGE only,100,0.03825000001711487,0.897905,0.897905,0.8484455543377234,0.019313080599108072,1.0,0.01734131163534213,1.0,0.65,1.0,1.0,0.0,1.0,0
42,q4_balanced_discovery,balanced stable MOF candidates for general materials discovery,GAT only,100,0.034415999976999956,0.897905,0.897905,0.8484455543377234,0.013331551056953198,1.0,0.01197046635179356,1.0,0.65,1.0,1.0,0.0,1.0,0
42,q4_balanced_discovery,balanced stable MOF candidates for general materials discovery,LEA + GraphSAGE,100,82.73283400001219,0.897905,0.897905,0.8484455543377234,0.019313080599108072,1.0,0.01734131163534213,1.0,0.65,1.0,1.0,0.0,1.0,0
42,q4_balanced_discovery,balanced stable MOF candidates for general materials discovery,LEA + GAT,100,83.08116699998891,0.897905,0.897905,0.8484455543377234,0.013331551056953198,1.0,0.01197046635179356,1.0,0.65,1.0,1.0,0.0,1.0,0
43,q4_balanced_discovery,balanced stable MOF candidates for general materials discovery,SemanticOnly,100,0.03508300000021336,0.747905,0.747905,0.8613682936698822,0.022809145096574845,1.0,0.008358946095092365,0.7868720474725598,0.65,1.0,0.7,0.0,0.7,0
43,q4_balanced_discovery,balanced stable MOF candidates for general materials discovery,WeightedSum,100,0.044208000019807514,0.897905,0.897905,0.8484455543377234,0.016496155656918626,1.0,0.014811980645125518,1.0,0.65,1.0,1.0,0.0,1.0,0
43,q4_balanced_discovery,balanced stable MOF candidates for general materials discovery,TOPSIS,100,1.0055420000014692,0.897905,0.897905,0.8484455543377234,0.016496155656918626,1.0,0.014811980645125518,1.0,0.65,1.0,1.0,0.0,1.0,0
43,q4_balanced_discovery,balanced stable MOF candidates for general materials discovery,ParetoCrowding,100,228.63554200000635,0.897905,0.897905,0.8484455543377234,0.018478508590692538,1.0,0.01659194525612578,1.0,0.65,1.0,1.0,0.0,1.0,0
43,q4_balanced_discovery,balanced stable MOF candidates for general materials discovery,Random,100,0.047249999994392056,0.777905,0.897905,0.8587837458034505,0.028727394872022298,1.0,0.012907733540734883,0.8148355170039693,0.65,1.0,0.76,0.0,0.76,0
43,q4_balanced_discovery,balanced stable MOF candidates for general materials discovery,MMR,100,2038.9307920000022,0.897905,0.897905,0.8484455543377234,0.0209541588865916,1.0,0.018814844035065028,1.0,0.65,1.0,1.0,0.0,1.0,0
43,q4_balanced_discovery,balanced stable MOF candidates for general materials discovery,LEA,100,81.79629199997862,0.897905,0.897905,0.8484455543377234,0.019759415127024258,1.0,0.017742077639630715,1.0,0.65,1.0,1.0,0.0,1.0,0
43,q4_balanced_discovery,balanced stable MOF candidates for general materials discovery,LEA no diversity,100,80.47125000001643,0.897905,0.897905,0.8484455543377234,0.019759415127024258,1.0,0.017742077639630715,1.0,0.65,1.0,1.0,0.0,1.0,0
43,q4_balanced_discovery,balanced stable MOF candidates for general materials discovery,LEA no self-cleaning,100,80.38541700000223,0.897905,0.897905,0.8484455543377234,0.019759415127024258,1.0,0.017742077639630715,1.0,0.65,1.0,1.0,0.0,1.0,0
43,q4_balanced_discovery,balanced stable MOF candidates for general materials discovery,GraphSAGE only,100,0.03691699998853437,0.897905,0.897905,0.8484455543377234,0.019313080599108072,1.0,0.01734131163534213,1.0,0.65,1.0,1.0,0.0,1.0,0
43,q4_balanced_discovery,balanced stable MOF candidates for general materials discovery,GAT only,100,0.03354200001126628,0.897905,0.897905,0.8484455543377234,0.013331551056953198,1.0,0.01197046635179356,1.0,0.65,1.0,1.0,0.0,1.0,0
43,q4_balanced_discovery,balanced stable MOF candidates for general materials discovery,LEA + GraphSAGE,100,80.07949999998232,0.897905,0.897905,0.8484455543377234,0.019313080599108072,1.0,0.01734131163534213,1.0,0.65,1.0,1.0,0.0,1.0,0
43,q4_balanced_discovery,balanced stable MOF candidates for general materials discovery,LEA + GAT,100,83.03666599999815,0.897905,0.897905,0.8484455543377234,0.013331551056953198,1.0,0.01197046635179356,1.0,0.65,1.0,1.0,0.0,1.0,0
44,q4_balanced_discovery,balanced stable MOF candidates for general materials discovery,SemanticOnly,100,0.03108300001031239,0.747905,0.747905,0.8613682936698822,0.0284127111705825,1.0,0.010412504286536907,0.7868720474725598,0.65,1.0,0.7,0.0,0.7,0
44,q4_balanced_discovery,balanced stable MOF candidates for general materials discovery,WeightedSum,100,0.04487500001459921,0.897905,0.897905,0.8484455543377234,0.016496155656918626,1.0,0.014811980645125518,1.0,0.65,1.0,1.0,0.0,1.0,0
44,q4_balanced_discovery,balanced stable MOF candidates for general materials discovery,TOPSIS,100,0.9795830000030037,0.897905,0.897905,0.8484455543377234,0.016496155656918626,1.0,0.014811980645125518,1.0,0.65,1.0,1.0,0.0,1.0,0
44,q4_balanced_discovery,balanced stable MOF candidates for general materials discovery,ParetoCrowding,100,207.0549579999863,0.897905,0.897905,0.8484455543377234,0.018478508590692538,1.0,0.01659194525612578,1.0,0.65,1.0,1.0,0.0,1.0,0
44,q4_balanced_discovery,balanced stable MOF candidates for general materials discovery,Random,100,0.052541000002293003,0.747905,0.747905,0.8613682936698822,0.023237169088164884,1.0,0.008515805523973139,0.7868720474725598,0.65,1.0,0.7,0.0,0.7,0
44,q4_balanced_discovery,balanced stable MOF candidates for general materials discovery,MMR,100,2127.421333000001,0.897905,0.897905,0.8484455543377234,0.019759415127024255,1.0,0.01774207763963071,1.0,0.65,1.0,1.0,0.0,1.0,0
44,q4_balanced_discovery,balanced stable MOF candidates for general materials discovery,LEA,100,83.43279099997858,0.897905,0.897905,0.8484455543377234,0.019313080599108072,1.0,0.01734131163534213,1.0,0.65,1.0,1.0,0.0,1.0,0
44,q4_balanced_discovery,balanced stable MOF candidates for general materials discovery,LEA no diversity,100,81.21675000001005,0.897905,0.897905,0.8484455543377234,0.019313080599108072,1.0,0.01734131163534213,1.0,0.65,1.0,1.0,0.0,1.0,0
44,q4_balanced_discovery,balanced stable MOF candidates for general materials discovery,LEA no self-cleaning,100,81.23924999998167,0.897905,0.897905,0.8484455543377234,0.019313080599108072,1.0,0.01734131163534213,1.0,0.65,1.0,1.0,0.0,1.0,0
44,q4_balanced_discovery,balanced stable MOF candidates for general materials discovery,GraphSAGE only,100,0.03654200000369201,0.897905,0.897905,0.8484455543377234,0.019313080599108072,1.0,0.01734131163534213,1.0,0.65,1.0,1.0,0.0,1.0,0
44,q4_balanced_discovery,balanced stable MOF candidates for general materials discovery,GAT only,100,0.03325000000131695,0.897905,0.897905,0.8484455543377234,0.013331551056953198,1.0,0.01197046635179356,1.0,0.65,1.0,1.0,0.0,1.0,0
44,q4_balanced_discovery,balanced stable MOF candidates for general materials discovery,LEA + GraphSAGE,100,84.21558300000243,0.897905,0.897905,0.8484455543377234,0.019313080599108072,1.0,0.01734131163534213,1.0,0.65,1.0,1.0,0.0,1.0,0
44,q4_balanced_discovery,balanced stable MOF candidates for general materials discovery,LEA + GAT,100,86.72929200000112,0.897905,0.897905,0.8484455543377234,0.013331551056953198,1.0,0.01197046635179356,1.0,0.65,1.0,1.0,0.0,1.0,0
45,q4_balanced_discovery,balanced stable MOF candidates for general materials discovery,SemanticOnly,100,0.034040999992157595,0.747905,0.747905,0.8613682936698822,0.022797316939496118,1.0,0.008354611389560581,0.7868720474725598,0.65,1.0,0.7,0.0,0.7,0
45,q4_balanced_discovery,balanced stable MOF candidates for general materials discovery,WeightedSum,100,0.04425000000196633,0.897905,0.897905,0.8484455543377234,0.016496155656918626,1.0,0.014811980645125518,1.0,0.65,1.0,1.0,0.0,1.0,0
45,q4_balanced_discovery,balanced stable MOF candidates for general materials discovery,TOPSIS,100,0.9793330000036349,0.897905,0.897905,0.8484455543377234,0.016496155656918626,1.0,0.014811980645125518,1.0,0.65,1.0,1.0,0.0,1.0,0
45,q4_balanced_discovery,balanced stable MOF candidates for general materials discovery,ParetoCrowding,100,202.19704199999455,0.897905,0.897905,0.8484455543377234,0.018478508590692538,1.0,0.01659194525612578,1.0,0.65,1.0,1.0,0.0,1.0,0
45,q4_balanced_discovery,balanced stable MOF candidates for general materials discovery,Random,100,0.04304099999785649,0.7779050000000002,0.897905,0.8587837458034505,0.023657002097026876,1.0,0.010629515164927772,0.8230143075369358,0.65,1.0,0.76,0.0,0.76,0
45,q4_balanced_discovery,balanced stable MOF candidates for general materials discovery,MMR,100,2080.940708000014,0.897905,0.897905,0.8484455543377234,0.019759415127024255,1.0,0.01774207763963071,1.0,0.65,1.0,1.0,0.0,1.0,0
45,q4_balanced_discovery,balanced stable MOF candidates for general materials discovery,LEA,100,84.00950000000762,0.897905,0.897905,0.8484455543377234,0.019759415127024258,1.0,0.017742077639630715,1.0,0.65,1.0,1.0,0.0,1.0,0
45,q4_balanced_discovery,balanced stable MOF candidates for general materials discovery,LEA no diversity,100,87.33020799999736,0.897905,0.897905,0.8484455543377234,0.019759415127024258,1.0,0.017742077639630715,1.0,0.65,1.0,1.0,0.0,1.0,0
45,q4_balanced_discovery,balanced stable MOF candidates for general materials discovery,LEA no self-cleaning,100,86.11199999998576,0.897905,0.897905,0.8484455543377234,0.019759415127024258,1.0,0.017742077639630715,1.0,0.65,1.0,1.0,0.0,1.0,0
45,q4_balanced_discovery,balanced stable MOF candidates for general materials discovery,GraphSAGE only,100,0.03679099998521451,0.897905,0.897905,0.8484455543377234,0.019313080599108072,1.0,0.01734131163534213,1.0,0.65,1.0,1.0,0.0,1.0,0
45,q4_balanced_discovery,balanced stable MOF candidates for general materials discovery,GAT only,100,0.0333749999867905,0.897905,0.897905,0.8484455543377234,0.013331551056953198,1.0,0.01197046635179356,1.0,0.65,1.0,1.0,0.0,1.0,0
45,q4_balanced_discovery,balanced stable MOF candidates for general materials discovery,LEA + GraphSAGE,100,85.515958000002,0.897905,0.897905,0.8484455543377234,0.019313080599108072,1.0,0.01734131163534213,1.0,0.65,1.0,1.0,0.0,1.0,0
45,q4_balanced_discovery,balanced stable MOF candidates for general materials discovery,LEA + GAT,100,83.8705829999924,0.897905,0.897905,0.8484455543377234,0.013331551056953198,1.0,0.01197046635179356,1.0,0.65,1.0,1.0,0.0,1.0,0
46,q4_balanced_discovery,balanced stable MOF candidates for general materials discovery,SemanticOnly,100,0.031042000017578175,0.747905,0.747905,0.8613682936698822,0.01998256850663508,1.0,0.007323080820487905,0.7868720474725598,0.65,1.0,0.7,0.0,0.7,0
46,q4_balanced_discovery,balanced stable MOF candidates for general materials discovery,WeightedSum,100,0.04416699999865159,0.897905,0.897905,0.8484455543377234,0.016496155656918626,1.0,0.014811980645125518,1.0,0.65,1.0,1.0,0.0,1.0,0
46,q4_balanced_discovery,balanced stable MOF candidates for general materials discovery,TOPSIS,100,0.9903749999864431,0.897905,0.897905,0.8484455543377234,0.016496155656918626,1.0,0.014811980645125518,1.0,0.65,1.0,1.0,0.0,1.0,0
46,q4_balanced_discovery,balanced stable MOF candidates for general materials discovery,ParetoCrowding,100,211.205791999987,0.897905,0.897905,0.8484455543377234,0.018478508590692538,1.0,0.01659194525612578,1.0,0.65,1.0,1.0,0.0,1.0,0
46,q4_balanced_discovery,balanced stable MOF candidates for general materials discovery,Random,100,0.05029100000797371,0.747905,0.747905,0.8613682936698822,0.027946240213153402,1.0,0.010241555065443062,0.7868720474725598,0.65,1.0,0.7,0.0,0.7,0
46,q4_balanced_discovery,balanced stable MOF candidates for general materials discovery,MMR,100,2058.771500000006,0.897905,0.897905,0.8484455543377234,0.019778426842672857,1.0,0.01775914835417017,1.0,0.65,1.0,1.0,0.0,1.0,0
46,q4_balanced_discovery,balanced stable MOF candidates for general materials discovery,LEA,100,87.1852919999867,0.897905,0.897905,0.8484455543377234,0.019778426842672857,1.0,0.01775914835417017,1.0,0.65,1.0,1.0,0.0,1.0,0
46,q4_balanced_discovery,balanced stable MOF candidates for general materials discovery,LEA no diversity,100,105.15025000000833,0.897905,0.897905,0.8484455543377234,0.019778426842672857,1.0,0.01775914835417017,1.0,0.65,1.0,1.0,0.0,1.0,0
46,q4_balanced_discovery,balanced stable MOF candidates for general materials discovery,LEA no self-cleaning,100,202.960915999995,0.897905,0.897905,0.8484455543377234,0.019778426842672857,1.0,0.01775914835417017,1.0,0.65,1.0,1.0,0.0,1.0,0
46,q4_balanced_discovery,balanced stable MOF candidates for general materials discovery,GraphSAGE only,100,0.04549999999881038,0.897905,0.897905,0.8484455543377234,0.019313080599108072,1.0,0.01734131163534213,1.0,0.65,1.0,1.0,0.0,1.0,0
46,q4_balanced_discovery,balanced stable MOF candidates for general materials discovery,GAT only,100,0.03795800000716554,0.897905,0.897905,0.8484455543377234,0.013331551056953198,1.0,0.01197046635179356,1.0,0.65,1.0,1.0,0.0,1.0,0
46,q4_balanced_discovery,balanced stable MOF candidates for general materials discovery,LEA + GraphSAGE,100,282.0710830000053,0.897905,0.897905,0.8484455543377234,0.019313080599108072,1.0,0.01734131163534213,1.0,0.65,1.0,1.0,0.0,1.0,0
46,q4_balanced_discovery,balanced stable MOF candidates for general materials discovery,LEA + GAT,100,171.27962500001104,0.897905,0.897905,0.8484455543377234,0.013331551056953198,1.0,0.01197046635179356,1.0,0.65,1.0,1.0,0.0,1.0,0
47,q4_balanced_discovery,balanced stable MOF candidates for general materials discovery,SemanticOnly,100,0.03591699999105913,0.747905,0.747905,0.8613682936698822,0.02353384329318329,1.0,0.00862452874341224,0.7868720474725598,0.65,1.0,0.7,0.0,0.7,0
47,q4_balanced_discovery,balanced stable MOF candidates for general materials discovery,WeightedSum,100,0.0498329999913949,0.897905,0.897905,0.8484455543377234,0.016496155656918626,1.0,0.014811980645125518,1.0,0.65,1.0,1.0,0.0,1.0,0
47,q4_balanced_discovery,balanced stable MOF candidates for general materials discovery,TOPSIS,100,1.019334000005756,0.897905,0.897905,0.8484455543377234,0.016496155656918626,1.0,0.014811980645125518,1.0,0.65,1.0,1.0,0.0,1.0,0
47,q4_balanced_discovery,balanced stable MOF candidates for general materials discovery,ParetoCrowding,100,218.73262500000124,0.897905,0.897905,0.8484455543377234,0.018478508590692538,1.0,0.01659194525612578,1.0,0.65,1.0,1.0,0.0,1.0,0
47,q4_balanced_discovery,balanced stable MOF candidates for general materials discovery,Random,100,0.046625000010180884,0.757075,0.793755,0.8452910962660678,0.02693772501351885,1.0,0.01060155362509075,0.7975235267777128,0.65,0.9,0.76,0.0,0.76,0
47,q4_balanced_discovery,balanced stable MOF candidates for general materials discovery,MMR,100,2122.014916000012,0.897905,0.897905,0.8484455543377234,0.0209541588865916,1.0,0.018814844035065028,1.0,0.65,1.0,1.0,0.0,1.0,0
47,q4_balanced_discovery,balanced stable MOF candidates for general materials discovery,LEA,100,84.33741700000041,0.897905,0.897905,0.8484455543377234,0.019759415127024258,1.0,0.017742077639630715,1.0,0.65,1.0,1.0,0.0,1.0,0
47,q4_balanced_discovery,balanced stable MOF candidates for general materials discovery,LEA no diversity,100,85.17549999999119,0.897905,0.897905,0.8484455543377234,0.019759415127024258,1.0,0.017742077639630715,1.0,0.65,1.0,1.0,0.0,1.0,0
47,q4_balanced_discovery,balanced stable MOF candidates for general materials discovery,LEA no self-cleaning,100,82.57462500000656,0.897905,0.897905,0.8484455543377234,0.019759415127024258,1.0,0.017742077639630715,1.0,0.65,1.0,1.0,0.0,1.0,0
47,q4_balanced_discovery,balanced stable MOF candidates for general materials discovery,GraphSAGE only,100,0.038291000009849085,0.897905,0.897905,0.8484455543377234,0.019313080599108072,1.0,0.01734131163534213,1.0,0.65,1.0,1.0,0.0,1.0,0
47,q4_balanced_discovery,balanced stable MOF candidates for general materials discovery,GAT only,100,0.03391699999610864,0.897905,0.897905,0.8484455543377234,0.013331551056953198,1.0,0.01197046635179356,1.0,0.65,1.0,1.0,0.0,1.0,0
47,q4_balanced_discovery,balanced stable MOF candidates for general materials discovery,LEA + GraphSAGE,100,81.09279199999264,0.897905,0.897905,0.8484455543377234,0.019313080599108072,1.0,0.01734131163534213,1.0,0.65,1.0,1.0,0.0,1.0,0
47,q4_balanced_discovery,balanced stable MOF candidates for general materials discovery,LEA + GAT,100,80.30750000000353,0.897905,0.897905,0.8484455543377234,0.013331551056953198,1.0,0.01197046635179356,1.0,0.65,1.0,1.0,0.0,1.0,0
48,q4_balanced_discovery,balanced stable MOF candidates for general materials discovery,SemanticOnly,100,0.031041999989156466,0.747905,0.747905,0.8613682936698822,0.022679151656704838,1.0,0.008311306950705836,0.7868720474725598,0.65,1.0,0.7,0.0,0.7,0
48,q4_balanced_discovery,balanced stable MOF candidates for general materials discovery,WeightedSum,100,0.04383300000654344,0.897905,0.897905,0.8484455543377234,0.016496155656918626,1.0,0.014811980645125518,1.0,0.65,1.0,1.0,0.0,1.0,0
48,q4_balanced_discovery,balanced stable MOF candidates for general materials discovery,TOPSIS,100,0.9994160000132979,0.897905,0.897905,0.8484455543377234,0.016496155656918626,1.0,0.014811980645125518,1.0,0.65,1.0,1.0,0.0,1.0,0
48,q4_balanced_discovery,balanced stable MOF candidates for general materials discovery,ParetoCrowding,100,203.77820900000643,0.897905,0.897905,0.8484455543377234,0.018478508590692538,1.0,0.01659194525612578,1.0,0.65,1.0,1.0,0.0,1.0,0
48,q4_balanced_discovery,balanced stable MOF candidates for general materials discovery,Random,100,0.043374999989964635,0.747905,0.747905,0.8613682936698822,0.016812042470577875,1.0,0.006161167205739197,0.7868720474725598,0.65,1.0,0.7,0.0,0.7,0
48,q4_balanced_discovery,balanced stable MOF candidates for general materials discovery,MMR,100,2023.1351250000102,0.897905,0.897905,0.8484455543377234,0.019778426842672857,1.0,0.01775914835417017,1.0,0.65,1.0,1.0,0.0,1.0,0
48,q4_balanced_discovery,balanced stable MOF candidates for general materials discovery,LEA,100,81.97041700000796,0.897905,0.897905,0.8484455543377234,0.019778426842672857,1.0,0.01775914835417017,1.0,0.65,1.0,1.0,0.0,1.0,0
48,q4_balanced_discovery,balanced stable MOF candidates for general materials discovery,LEA no diversity,100,80.63954200000012,0.897905,0.897905,0.8484455543377234,0.019778426842672857,1.0,0.01775914835417017,1.0,0.65,1.0,1.0,0.0,1.0,0
48,q4_balanced_discovery,balanced stable MOF candidates for general materials discovery,LEA no self-cleaning,100,80.60749999998507,0.897905,0.897905,0.8484455543377234,0.019778426842672857,1.0,0.01775914835417017,1.0,0.65,1.0,1.0,0.0,1.0,0
48,q4_balanced_discovery,balanced stable MOF candidates for general materials discovery,GraphSAGE only,100,0.03812500000321961,0.897905,0.897905,0.8484455543377234,0.019313080599108072,1.0,0.01734131163534213,1.0,0.65,1.0,1.0,0.0,1.0,0
48,q4_balanced_discovery,balanced stable MOF candidates for general materials discovery,GAT only,100,0.03329100002247287,0.897905,0.897905,0.8484455543377234,0.013331551056953198,1.0,0.01197046635179356,1.0,0.65,1.0,1.0,0.0,1.0,0
48,q4_balanced_discovery,balanced stable MOF candidates for general materials discovery,LEA + GraphSAGE,100,80.01891700001806,0.897905,0.897905,0.8484455543377234,0.019313080599108072,1.0,0.01734131163534213,1.0,0.65,1.0,1.0,0.0,1.0,0
48,q4_balanced_discovery,balanced stable MOF candidates for general materials discovery,LEA + GAT,100,80.07579200000237,0.897905,0.897905,0.8484455543377234,0.013331551056953198,1.0,0.01197046635179356,1.0,0.65,1.0,1.0,0.0,1.0,0
49,q4_balanced_discovery,balanced stable MOF candidates for general materials discovery,SemanticOnly,100,0.03000000000952241,0.747905,0.747905,0.8613682936698822,0.02005102443220804,1.0,0.007348168099705571,0.7868720474725598,0.65,1.0,0.7,0.0,0.7,0
49,q4_balanced_discovery,balanced stable MOF candidates for general materials discovery,WeightedSum,100,0.044915999978911714,0.897905,0.897905,0.8484455543377234,0.016496155656918626,1.0,0.014811980645125518,1.0,0.65,1.0,1.0,0.0,1.0,0
49,q4_balanced_discovery,balanced stable MOF candidates for general materials discovery,TOPSIS,100,0.9615000000167129,0.897905,0.897905,0.8484455543377234,0.016496155656918626,1.0,0.014811980645125518,1.0,0.65,1.0,1.0,0.0,1.0,0
49,q4_balanced_discovery,balanced stable MOF candidates for general materials discovery,ParetoCrowding,100,202.3307089999946,0.897905,0.897905,0.8484455543377234,0.018478508590692538,1.0,0.01659194525612578,1.0,0.65,1.0,1.0,0.0,1.0,0
49,q4_balanced_discovery,balanced stable MOF candidates for general materials discovery,Random,100,0.04333300000780582,0.747905,0.747905,0.8613682936698822,0.029258859917685304,1.0,0.01072259533710085,0.7868720474725598,0.65,1.0,0.7,0.0,0.7,0
49,q4_balanced_discovery,balanced stable MOF candidates for general materials discovery,MMR,100,2027.2678329999962,0.897905,0.897905,0.8484455543377234,0.019759415127024255,1.0,0.01774207763963071,1.0,0.65,1.0,1.0,0.0,1.0,0
49,q4_balanced_discovery,balanced stable MOF candidates for general materials discovery,LEA,100,82.08999999999378,0.897905,0.897905,0.8484455543377234,0.019759415127024255,1.0,0.01774207763963071,1.0,0.65,1.0,1.0,0.0,1.0,0
49,q4_balanced_discovery,balanced stable MOF candidates for general materials discovery,LEA no diversity,100,80.85387500000252,0.897905,0.897905,0.8484455543377234,0.019759415127024255,1.0,0.01774207763963071,1.0,0.65,1.0,1.0,0.0,1.0,0
49,q4_balanced_discovery,balanced stable MOF candidates for general materials discovery,LEA no self-cleaning,100,80.68295800001124,0.897905,0.897905,0.8484455543377234,0.019759415127024255,1.0,0.01774207763963071,1.0,0.65,1.0,1.0,0.0,1.0,0
49,q4_balanced_discovery,balanced stable MOF candidates for general materials discovery,GraphSAGE only,100,0.03679199997463911,0.897905,0.897905,0.8484455543377234,0.019313080599108072,1.0,0.01734131163534213,1.0,0.65,1.0,1.0,0.0,1.0,0
49,q4_balanced_discovery,balanced stable MOF candidates for general materials discovery,GAT only,100,0.03433300000210693,0.897905,0.897905,0.8484455543377234,0.013331551056953198,1.0,0.01197046635179356,1.0,0.65,1.0,1.0,0.0,1.0,0
49,q4_balanced_discovery,balanced stable MOF candidates for general materials discovery,LEA + GraphSAGE,100,80.27000000001294,0.897905,0.897905,0.8484455543377234,0.019313080599108072,1.0,0.01734131163534213,1.0,0.65,1.0,1.0,0.0,1.0,0
49,q4_balanced_discovery,balanced stable MOF candidates for general materials discovery,LEA + GAT,100,80.0041250000163,0.897905,0.897905,0.8484455543377234,0.013331551056953198,1.0,0.01197046635179356,1.0,0.65,1.0,1.0,0.0,1.0,0
50,q4_balanced_discovery,balanced stable MOF candidates for general materials discovery,SemanticOnly,100,0.031624999991208824,0.777905,0.897905,0.8587837458034505,0.0289105026446908,1.0,0.01299000714575099,0.8148355170039693,0.65,1.0,0.76,0.0,0.76,0
50,q4_balanced_discovery,balanced stable MOF candidates for general materials discovery,WeightedSum,100,0.04400000000259752,0.897905,0.897905,0.8484455543377234,0.016496155656918626,1.0,0.014811980645125518,1.0,0.65,1.0,1.0,0.0,1.0,0
50,q4_balanced_discovery,balanced stable MOF candidates for general materials discovery,TOPSIS,100,0.9899160000088614,0.897905,0.897905,0.8484455543377234,0.016496155656918626,1.0,0.014811980645125518,1.0,0.65,1.0,1.0,0.0,1.0,0
50,q4_balanced_discovery,balanced stable MOF candidates for general materials discovery,ParetoCrowding,100,202.87212499999896,0.897905,0.897905,0.8484455543377234,0.018478508590692538,1.0,0.01659194525612578,1.0,0.65,1.0,1.0,0.0,1.0,0
50,q4_balanced_discovery,balanced stable MOF candidates for general materials discovery,Random,100,0.04387499998870226,0.8079050000000001,0.897905,0.8561991979370187,0.029207608439719736,1.0,0.01586660457560107,0.8509777770683453,0.65,1.0,0.82,0.0,0.82,0
50,q4_balanced_discovery,balanced stable MOF candidates for general materials discovery,MMR,100,2038.284209000011,0.897905,0.897905,0.8484455543377234,0.0209541588865916,1.0,0.018814844035065028,1.0,0.65,1.0,1.0,0.0,1.0,0
50,q4_balanced_discovery,balanced stable MOF candidates for general materials discovery,LEA,100,82.83645800000272,0.897905,0.897905,0.8484455543377234,0.016496155656918633,1.0,0.014811980645125525,1.0,0.65,1.0,1.0,0.0,1.0,0
50,q4_balanced_discovery,balanced stable MOF candidates for general materials discovery,LEA no diversity,100,81.38987499998507,0.897905,0.897905,0.8484455543377234,0.016496155656918633,1.0,0.014811980645125525,1.0,0.65,1.0,1.0,0.0,1.0,0
50,q4_balanced_discovery,balanced stable MOF candidates for general materials discovery,LEA no self-cleaning,100,81.34720800001105,0.897905,0.897905,0.8484455543377234,0.016496155656918633,1.0,0.014811980645125525,1.0,0.65,1.0,1.0,0.0,1.0,0
50,q4_balanced_discovery,balanced stable MOF candidates for general materials discovery,GraphSAGE only,100,0.036375000007637937,0.897905,0.897905,0.8484455543377234,0.019313080599108072,1.0,0.01734131163534213,1.0,0.65,1.0,1.0,0.0,1.0,0
50,q4_balanced_discovery,balanced stable MOF candidates for general materials discovery,GAT only,100,0.03258399999594985,0.897905,0.897905,0.8484455543377234,0.013331551056953198,1.0,0.01197046635179356,1.0,0.65,1.0,1.0,0.0,1.0,0
50,q4_balanced_discovery,balanced stable MOF candidates for general materials discovery,LEA + GraphSAGE,100,82.08037500000387,0.897905,0.897905,0.8484455543377234,0.019313080599108072,1.0,0.01734131163534213,1.0,0.65,1.0,1.0,0.0,1.0,0
50,q4_balanced_discovery,balanced stable MOF candidates for general materials discovery,LEA + GAT,100,83.72620800000163,0.897905,0.897905,0.8484455543377234,0.013331551056953198,1.0,0.01197046635179356,1.0,0.65,1.0,1.0,0.0,1.0,0
51,q4_balanced_discovery,balanced stable MOF candidates for general materials discovery,SemanticOnly,100,0.03479099999026403,0.7870750000000001,0.897905,0.8427065483996359,0.03691783224118138,1.0,0.01758419633724264,0.869808046906465,0.65,0.9,0.8200000000000001,0.0,0.8200000000000001,0
51,q4_balanced_discovery,balanced stable MOF candidates for general materials discovery,WeightedSum,100,0.04620799998633629,0.897905,0.897905,0.8484455543377234,0.016496155656918626,1.0,0.014811980645125518,1.0,0.65,1.0,1.0,0.0,1.0,0
51,q4_balanced_discovery,balanced stable MOF candidates for general materials discovery,TOPSIS,100,1.001458000018829,0.897905,0.897905,0.8484455543377234,0.016496155656918626,1.0,0.014811980645125518,1.0,0.65,1.0,1.0,0.0,1.0,0
51,q4_balanced_discovery,balanced stable MOF candidates for general materials discovery,ParetoCrowding,100,219.50395899997943,0.897905,0.897905,0.8484455543377234,0.018478508590692538,1.0,0.01659194525612578,1.0,0.65,1.0,1.0,0.0,1.0,0
51,q4_balanced_discovery,balanced stable MOF candidates for general materials discovery,Random,100,0.04587500001207445,0.7779050000000002,0.897905,0.8587837458034505,0.020301360283431245,1.0,0.009121765138132822,0.8324785019444245,0.65,1.0,0.76,0.0,0.76,0
51,q4_balanced_discovery,balanced stable MOF candidates for general materials discovery,MMR,100,2058.6594579999937,0.897905,0.897905,0.8484455543377234,0.0209541588865916,1.0,0.018814844035065028,1.0,0.65,1.0,1.0,0.0,1.0,0
51,q4_balanced_discovery,balanced stable MOF candidates for general materials discovery,LEA,100,81.4972500000124,0.897905,0.897905,0.8484455543377234,0.019759415127024258,1.0,0.017742077639630715,1.0,0.65,1.0,1.0,0.0,1.0,0
51,q4_balanced_discovery,balanced stable MOF candidates for general materials discovery,LEA no diversity,100,82.03445799998121,0.897905,0.897905,0.8484455543377234,0.019759415127024258,1.0,0.017742077639630715,1.0,0.65,1.0,1.0,0.0,1.0,0
51,q4_balanced_discovery,balanced stable MOF candidates for general materials discovery,LEA no self-cleaning,100,82.95470900000623,0.897905,0.897905,0.8484455543377234,0.019759415127024258,1.0,0.017742077639630715,1.0,0.65,1.0,1.0,0.0,1.0,0
51,q4_balanced_discovery,balanced stable MOF candidates for general materials discovery,GraphSAGE only,100,0.039125000000694854,0.897905,0.897905,0.8484455543377234,0.019313080599108072,1.0,0.01734131163534213,1.0,0.65,1.0,1.0,0.0,1.0,0
51,q4_balanced_discovery,balanced stable MOF candidates for general materials discovery,GAT only,100,0.03716600002690029,0.897905,0.897905,0.8484455543377234,0.013331551056953198,1.0,0.01197046635179356,1.0,0.65,1.0,1.0,0.0,1.0,0
51,q4_balanced_discovery,balanced stable MOF candidates for general materials discovery,LEA + GraphSAGE,100,81.37983399998916,0.897905,0.897905,0.8484455543377234,0.019313080599108072,1.0,0.01734131163534213,1.0,0.65,1.0,1.0,0.0,1.0,0
51,q4_balanced_discovery,balanced stable MOF candidates for general materials discovery,LEA + GAT,100,82.10775000000581,0.897905,0.897905,0.8484455543377234,0.013331551056953198,1.0,0.01197046635179356,1.0,0.65,1.0,1.0,0.0,1.0,0
42,q5_insulating_frameworks,wide band gap insulating MOFs with low density,SemanticOnly,100,0.03049999997983832,0.66925,0.66925,0.9028290809964215,0.01839848586767278,1.0,0.0030167307334003014,0.8105817734409172,0.755,0.5,0.7,0.0,0.7,0
42,q5_insulating_frameworks,wide band gap insulating MOFs with low density,WeightedSum,100,0.04475000000070395,0.78925,0.78925,0.7930768560552011,0.02926487577977203,1.0,0.011548651604592538,1.0,0.755,0.5,1.0,0.0,1.0,0
42,q5_insulating_frameworks,wide band gap insulating MOFs with low density,TOPSIS,100,1.006875000001628,0.78925,0.78925,0.7930768560552011,0.02926487577977203,1.0,0.011548651604592538,1.0,0.755,0.5,1.0,0.0,1.0,0
42,q5_insulating_frameworks,wide band gap insulating MOFs with low density,ParetoCrowding,100,208.37487500000407,0.78925,0.78925,0.7930768560552011,0.02988525572245341,1.0,0.011793469039473177,1.0,0.755,0.5,1.0,0.0,1.0,0
42,q5_insulating_frameworks,wide band gap insulating MOFs with low density,Random,100,0.042667000002438726,0.69325,0.78925,0.8808786360081774,0.027854910807964373,1.0,0.005576848405809032,0.8382497812245343,0.755,0.5,0.76,0.0,0.76,0
42,q5_insulating_frameworks,wide band gap insulating MOFs with low density,MMR,100,2156.799707999994,0.78925,0.78925,0.7930768560552011,0.030923380529651025,1.0,0.012203139041513536,1.0,0.755,0.5,1.0,0.0,1.0,0
42,q5_insulating_frameworks,wide band gap insulating MOFs with low density,LEA,100,85.28866599999674,0.78925,0.78925,0.7930768560552011,0.02923917501561462,1.0,0.01153850944053692,1.0,0.755,0.5,1.0,0.0,1.0,0
42,q5_insulating_frameworks,wide band gap insulating MOFs with low density,LEA no diversity,100,84.70362499997464,0.78925,0.78925,0.7930768560552011,0.02923917501561462,1.0,0.01153850944053692,1.0,0.755,0.5,1.0,0.0,1.0,0
42,q5_insulating_frameworks,wide band gap insulating MOFs with low density,LEA no self-cleaning,100,85.67770799999153,0.78925,0.78925,0.7930768560552011,0.02923917501561462,1.0,0.01153850944053692,1.0,0.755,0.5,1.0,0.0,1.0,0
42,q5_insulating_frameworks,wide band gap insulating MOFs with low density,GraphSAGE only,100,0.03941599999279788,0.78925,0.78925,0.7930768560552011,0.026760381302712244,1.0,0.010560315471582819,1.0,0.755,0.5,1.0,0.0,1.0,0
42,q5_insulating_frameworks,wide band gap insulating MOFs with low density,GAT only,100,0.03458300000147574,0.78925,0.78925,0.7930768560552011,0.020259211733426003,1.0,0.007994791430303237,1.0,0.755,0.5,1.0,0.0,1.0,0
42,q5_insulating_frameworks,wide band gap insulating MOFs with low density,LEA + GraphSAGE,100,84.54737499999965,0.78925,0.78925,0.7930768560552011,0.026760381302712244,1.0,0.010560315471582819,1.0,0.755,0.5,1.0,0.0,1.0,0
42,q5_insulating_frameworks,wide band gap insulating MOFs with low density,LEA + GAT,100,85.72016700000518,0.78925,0.78925,0.7930768560552011,0.020259211733426003,1.0,0.007994791430303237,1.0,0.755,0.5,1.0,0.0,1.0,0
43,q5_insulating_frameworks,wide band gap insulating MOFs with low density,SemanticOnly,100,0.03416700002389916,0.66925,0.66925,0.9028290809964215,0.036129316120193634,1.0,0.005923988479292698,0.8105817734409172,0.755,0.5,0.7,0.0,0.7,0
43,q5_insulating_frameworks,wide band gap insulating MOFs with low density,WeightedSum,100,0.045666999994864454,0.78925,0.78925,0.7930768560552011,0.02926487577977203,1.0,0.011548651604592538,1.0,0.755,0.5,1.0,0.0,1.0,0
43,q5_insulating_frameworks,wide band gap insulating MOFs with low density,TOPSIS,100,1.0034999999959382,0.78925,0.78925,0.7930768560552011,0.02926487577977203,1.0,0.011548651604592538,1.0,0.755,0.5,1.0,0.0,1.0,0
43,q5_insulating_frameworks,wide band gap insulating MOFs with low density,ParetoCrowding,100,207.88416700000312,0.78925,0.78925,0.7930768560552011,0.02988525572245341,1.0,0.011793469039473177,1.0,0.755,0.5,1.0,0.0,1.0,0
43,q5_insulating_frameworks,wide band gap insulating MOFs with low density,Random,100,0.043125000019017534,0.69325,0.78925,0.8808786360081775,0.022522104369460248,1.0,0.004509164029072258,0.8354344065388519,0.755,0.5,0.76,0.0,0.76,0
43,q5_insulating_frameworks,wide band gap insulating MOFs with low density,MMR,100,2120.9148330000007,0.78925,0.78925,0.7930768560552011,0.028120808573857882,1.0,0.011097174083458667,1.0,0.755,0.5,1.0,0.0,1.0,0
43,q5_insulating_frameworks,wide band gap insulating MOFs with low density,LEA,100,85.21916600000168,0.78925,0.78925,0.7930768560552011,0.030203544537014376,1.0,0.011919073762919298,1.0,0.755,0.5,1.0,0.0,1.0,0
43,q5_insulating_frameworks,wide band gap insulating MOFs with low density,LEA no diversity,100,84.080374999985,0.78925,0.78925,0.7930768560552011,0.030203544537014376,1.0,0.011919073762919298,1.0,0.755,0.5,1.0,0.0,1.0,0
43,q5_insulating_frameworks,wide band gap insulating MOFs with low density,LEA no self-cleaning,100,81.7990420000001,0.78925,0.78925,0.7930768560552011,0.030203544537014376,1.0,0.011919073762919298,1.0,0.755,0.5,1.0,0.0,1.0,0
43,q5_insulating_frameworks,wide band gap insulating MOFs with low density,GraphSAGE only,100,0.03870900002311828,0.78925,0.78925,0.7930768560552011,0.026760381302712244,1.0,0.010560315471582819,1.0,0.755,0.5,1.0,0.0,1.0,0
43,q5_insulating_frameworks,wide band gap insulating MOFs with low density,GAT only,100,0.03387500001394983,0.78925,0.78925,0.7930768560552011,0.020259211733426003,1.0,0.007994791430303237,1.0,0.755,0.5,1.0,0.0,1.0,0
43,q5_insulating_frameworks,wide band gap insulating MOFs with low density,LEA + GraphSAGE,100,81.46141700001408,0.78925,0.78925,0.7930768560552011,0.026760381302712244,1.0,0.010560315471582819,1.0,0.755,0.5,1.0,0.0,1.0,0
43,q5_insulating_frameworks,wide band gap insulating MOFs with low density,LEA + GAT,100,82.8631669999993,0.78925,0.78925,0.7930768560552011,0.020259211733426003,1.0,0.007994791430303237,1.0,0.755,0.5,1.0,0.0,1.0,0
44,q5_insulating_frameworks,wide band gap insulating MOFs with low density,SemanticOnly,100,0.07499999998117346,0.66925,0.66925,0.9028290809964215,0.029464135202824187,1.0,0.004831123758700071,0.8105817734409172,0.755,0.5,0.7,0.0,0.7,0
44,q5_insulating_frameworks,wide band gap insulating MOFs with low density,WeightedSum,100,0.05829199997720025,0.78925,0.78925,0.7930768560552011,0.02926487577977203,1.0,0.011548651604592538,1.0,0.755,0.5,1.0,0.0,1.0,0
44,q5_insulating_frameworks,wide band gap insulating MOFs with low density,TOPSIS,100,1.188541999994186,0.78925,0.78925,0.7930768560552011,0.02926487577977203,1.0,0.011548651604592538,1.0,0.755,0.5,1.0,0.0,1.0,0
44,q5_insulating_frameworks,wide band gap insulating MOFs with low density,ParetoCrowding,100,220.17783300000815,0.78925,0.78925,0.7930768560552011,0.02988525572245341,1.0,0.011793469039473177,1.0,0.755,0.5,1.0,0.0,1.0,0
44,q5_insulating_frameworks,wide band gap insulating MOFs with low density,Random,100,0.044707999990123426,0.66925,0.66925,0.9028290809964215,0.012086134279981085,1.0,0.0019817181148849483,0.8105817734409172,0.755,0.5,0.7,0.0,0.7,0
44,q5_insulating_frameworks,wide band gap insulating MOFs with low density,MMR,100,2160.358207999991,0.78925,0.78925,0.7930768560552011,0.032910483763409264,1.0,0.01298729965513538,1.0,0.755,0.5,1.0,0.0,1.0,0
44,q5_insulating_frameworks,wide band gap insulating MOFs with low density,LEA,100,87.26400000000467,0.78925,0.78925,0.7930768560552011,0.03150325115467005,1.0,0.01243197048691167,1.0,0.755,0.5,1.0,0.0,1.0,0
44,q5_insulating_frameworks,wide band gap insulating MOFs with low density,LEA no diversity,100,84.93000000001416,0.78925,0.78925,0.7930768560552011,0.03150325115467005,1.0,0.01243197048691167,1.0,0.755,0.5,1.0,0.0,1.0,0
44,q5_insulating_frameworks,wide band gap insulating MOFs with low density,LEA no self-cleaning,100,83.99429099998201,0.78925,0.78925,0.7930768560552011,0.03150325115467005,1.0,0.01243197048691167,1.0,0.755,0.5,1.0,0.0,1.0,0
44,q5_insulating_frameworks,wide band gap insulating MOFs with low density,GraphSAGE only,100,0.03737500000511318,0.78925,0.78925,0.7930768560552011,0.026760381302712244,1.0,0.010560315471582819,1.0,0.755,0.5,1.0,0.0,1.0,0
44,q5_insulating_frameworks,wide band gap insulating MOFs with low density,GAT only,100,0.03379200001063509,0.78925,0.78925,0.7930768560552011,0.020259211733426003,1.0,0.007994791430303237,1.0,0.755,0.5,1.0,0.0,1.0,0
44,q5_insulating_frameworks,wide band gap insulating MOFs with low density,LEA + GraphSAGE,100,81.38345899999422,0.78925,0.78925,0.7930768560552011,0.026760381302712244,1.0,0.010560315471582819,1.0,0.755,0.5,1.0,0.0,1.0,0
44,q5_insulating_frameworks,wide band gap insulating MOFs with low density,LEA + GAT,100,79.6301670000048,0.78925,0.78925,0.7930768560552011,0.020259211733426003,1.0,0.007994791430303237,1.0,0.755,0.5,1.0,0.0,1.0,0
45,q5_insulating_frameworks,wide band gap insulating MOFs with low density,SemanticOnly,100,0.036958999999114894,0.66925,0.66925,0.9028290809964215,0.025116588889872705,1.0,0.004118272893064091,0.8105817734409172,0.755,0.5,0.7,0.0,0.7,0
45,q5_insulating_frameworks,wide band gap insulating MOFs with low density,WeightedSum,100,0.049791999998660685,0.78925,0.78925,0.7930768560552011,0.02926487577977203,1.0,0.011548651604592538,1.0,0.755,0.5,1.0,0.0,1.0,0
45,q5_insulating_frameworks,wide band gap insulating MOFs with low density,TOPSIS,100,1.1618750000081945,0.78925,0.78925,0.7930768560552011,0.02926487577977203,1.0,0.011548651604592538,1.0,0.755,0.5,1.0,0.0,1.0,0
45,q5_insulating_frameworks,wide band gap insulating MOFs with low density,ParetoCrowding,100,226.36045800001625,0.78925,0.78925,0.7930768560552011,0.02988525572245341,1.0,0.011793469039473177,1.0,0.755,0.5,1.0,0.0,1.0,0
45,q5_insulating_frameworks,wide band gap insulating MOFs with low density,Random,100,0.05333400000040456,0.6932499999999999,0.78925,0.8808786360081775,0.027608452085983566,1.0,0.005527504757206021,0.8427033357420886,0.755,0.5,0.76,0.0,0.76,0
45,q5_insulating_frameworks,wide band gap insulating MOFs with low density,MMR,100,2158.458875000008,0.78925,0.78925,0.7930768560552011,0.03307182696872194,1.0,0.013050969717531896,1.0,0.755,0.5,1.0,0.0,1.0,0
45,q5_insulating_frameworks,wide band gap insulating MOFs with low density,LEA,100,83.58091700000614,0.78925,0.78925,0.7930768560552011,0.027250844174187383,1.0,0.010753864382238696,1.0,0.755,0.5,1.0,0.0,1.0,0
45,q5_insulating_frameworks,wide band gap insulating MOFs with low density,LEA no diversity,100,84.46816700001136,0.78925,0.78925,0.7930768560552011,0.027250844174187383,1.0,0.010753864382238696,1.0,0.755,0.5,1.0,0.0,1.0,0
45,q5_insulating_frameworks,wide band gap insulating MOFs with low density,LEA no self-cleaning,100,86.82433399999923,0.78925,0.78925,0.7930768560552011,0.027250844174187383,1.0,0.010753864382238696,1.0,0.755,0.5,1.0,0.0,1.0,0
45,q5_insulating_frameworks,wide band gap insulating MOFs with low density,GraphSAGE only,100,0.04512500001396802,0.78925,0.78925,0.7930768560552011,0.026760381302712244,1.0,0.010560315471582819,1.0,0.755,0.5,1.0,0.0,1.0,0
45,q5_insulating_frameworks,wide band gap insulating MOFs with low density,GAT only,100,0.037916999986009614,0.78925,0.78925,0.7930768560552011,0.020259211733426003,1.0,0.007994791430303237,1.0,0.755,0.5,1.0,0.0,1.0,0
45,q5_insulating_frameworks,wide band gap insulating MOFs with low density,LEA + GraphSAGE,100,85.33154200000581,0.78925,0.78925,0.7930768560552011,0.026760381302712244,1.0,0.010560315471582819,1.0,0.755,0.5,1.0,0.0,1.0,0
45,q5_insulating_frameworks,wide band gap insulating MOFs with low density,LEA + GAT,100,83.46091700002489,0.78925,0.78925,0.7930768560552011,0.020259211733426003,1.0,0.007994791430303237,1.0,0.755,0.5,1.0,0.0,1.0,0
46,q5_insulating_frameworks,wide band gap insulating MOFs with low density,SemanticOnly,100,0.031167000003051726,0.66925,0.66925,0.9028290809964215,0.027282031917548417,1.0,0.0044733324659007225,0.8105817734409172,0.755,0.5,0.7,0.0,0.7,0
46,q5_insulating_frameworks,wide band gap insulating MOFs with low density,WeightedSum,100,0.045290999992175784,0.78925,0.78925,0.7930768560552011,0.02926487577977203,1.0,0.011548651604592538,1.0,0.755,0.5,1.0,0.0,1.0,0
46,q5_insulating_frameworks,wide band gap insulating MOFs with low density,TOPSIS,100,0.9904169999970236,0.78925,0.78925,0.7930768560552011,0.02926487577977203,1.0,0.011548651604592538,1.0,0.755,0.5,1.0,0.0,1.0,0
46,q5_insulating_frameworks,wide band gap insulating MOFs with low density,ParetoCrowding,100,217.02691699999832,0.78925,0.78925,0.7930768560552011,0.030954393162025973,1.0,0.0122153774015645,1.0,0.755,0.5,1.0,0.0,1.0,0
46,q5_insulating_frameworks,wide band gap insulating MOFs with low density,Random,100,0.047375000008287316,0.66925,0.66925,0.9028290809964215,0.017091197482177904,1.0,0.0028023795591621526,0.8105817734409172,0.755,0.5,0.7,0.0,0.7,0
46,q5_insulating_frameworks,wide band gap insulating MOFs with low density,MMR,100,2053.0789580000146,0.78925,0.78925,0.7930768560552011,0.030923380529651025,1.0,0.012203139041513536,1.0,0.755,0.5,1.0,0.0,1.0,0
46,q5_insulating_frameworks,wide band gap insulating MOFs with low density,LEA,100,80.67337500000349,0.78925,0.78925,0.7930768560552011,0.029239175015614616,1.0,0.011538509440536918,1.0,0.755,0.5,1.0,0.0,1.0,0
46,q5_insulating_frameworks,wide band gap insulating MOFs with low density,LEA no diversity,100,80.33808299998668,0.78925,0.78925,0.7930768560552011,0.029239175015614616,1.0,0.011538509440536918,1.0,0.755,0.5,1.0,0.0,1.0,0
46,q5_insulating_frameworks,wide band gap insulating MOFs with low density,LEA no self-cleaning,100,80.22495899999171,0.78925,0.78925,0.7930768560552011,0.029239175015614616,1.0,0.011538509440536918,1.0,0.755,0.5,1.0,0.0,1.0,0
46,q5_insulating_frameworks,wide band gap insulating MOFs with low density,GraphSAGE only,100,0.03691599999910977,0.78925,0.78925,0.7930768560552011,0.026760381302712244,1.0,0.010560315471582819,1.0,0.755,0.5,1.0,0.0,1.0,0
46,q5_insulating_frameworks,wide band gap insulating MOFs with low density,GAT only,100,0.033959000006689166,0.78925,0.78925,0.7930768560552011,0.020259211733426003,1.0,0.007994791430303237,1.0,0.755,0.5,1.0,0.0,1.0,0
46,q5_insulating_frameworks,wide band gap insulating MOFs with low density,LEA + GraphSAGE,100,79.87149999999588,0.78925,0.78925,0.7930768560552011,0.026760381302712244,1.0,0.010560315471582819,1.0,0.755,0.5,1.0,0.0,1.0,0
46,q5_insulating_frameworks,wide band gap insulating MOFs with low density,LEA + GAT,100,79.68554200002131,0.78925,0.78925,0.7930768560552011,0.020259211733426003,1.0,0.007994791430303237,1.0,0.755,0.5,1.0,0.0,1.0,0
47,q5_insulating_frameworks,wide band gap insulating MOFs with low density,SemanticOnly,100,0.03370799998947405,0.66925,0.66925,0.9028290809964215,0.02386915486955301,1.0,0.003913735814629846,0.8105817734409172,0.755,0.5,0.7,0.0,0.7,0
47,q5_insulating_frameworks,wide band gap insulating MOFs with low density,WeightedSum,100,0.04670900000292022,0.78925,0.78925,0.7930768560552011,0.02926487577977203,1.0,0.011548651604592538,1.0,0.755,0.5,1.0,0.0,1.0,0
47,q5_insulating_frameworks,wide band gap insulating MOFs with low density,TOPSIS,100,1.1300419999997757,0.78925,0.78925,0.7930768560552011,0.02926487577977203,1.0,0.011548651604592538,1.0,0.755,0.5,1.0,0.0,1.0,0
47,q5_insulating_frameworks,wide band gap insulating MOFs with low density,ParetoCrowding,100,211.5721669999857,0.78925,0.78925,0.7930768560552011,0.030954393162025973,1.0,0.0122153774015645,1.0,0.755,0.5,1.0,0.0,1.0,0
47,q5_insulating_frameworks,wide band gap insulating MOFs with low density,Random,100,0.04683299999896917,0.6932499999999999,0.78925,0.8808786360081775,0.027851147208361758,1.0,0.005576094893274432,0.8427033357420886,0.755,0.5,0.76,0.0,0.76,0
47,q5_insulating_frameworks,wide band gap insulating MOFs with low density,MMR,100,2059.5140000000074,0.78925,0.78925,0.7930768560552011,0.03051581930691033,1.0,0.012042305193989489,1.0,0.755,0.5,1.0,0.0,1.0,0
47,q5_insulating_frameworks,wide band gap insulating MOFs with low density,LEA,100,82.33004100000585,0.78925,0.78925,0.7930768560552011,0.029934563535024484,1.0,0.011812927135009038,1.0,0.755,0.5,1.0,0.0,1.0,0
47,q5_insulating_frameworks,wide band gap insulating MOFs with low density,LEA no diversity,100,83.16554200001747,0.78925,0.78925,0.7930768560552011,0.029934563535024484,1.0,0.011812927135009038,1.0,0.755,0.5,1.0,0.0,1.0,0
47,q5_insulating_frameworks,wide band gap insulating MOFs with low density,LEA no self-cleaning,100,80.17841700001327,0.78925,0.78925,0.7930768560552011,0.029934563535024484,1.0,0.011812927135009038,1.0,0.755,0.5,1.0,0.0,1.0,0
47,q5_insulating_frameworks,wide band gap insulating MOFs with low density,GraphSAGE only,100,0.03820800000653435,0.78925,0.78925,0.7930768560552011,0.026760381302712244,1.0,0.010560315471582819,1.0,0.755,0.5,1.0,0.0,1.0,0
47,q5_insulating_frameworks,wide band gap insulating MOFs with low density,GAT only,100,0.034292000009372714,0.78925,0.78925,0.7930768560552011,0.020259211733426003,1.0,0.007994791430303237,1.0,0.755,0.5,1.0,0.0,1.0,0
47,q5_insulating_frameworks,wide band gap insulating MOFs with low density,LEA + GraphSAGE,100,79.57374999998024,0.78925,0.78925,0.7930768560552011,0.026760381302712244,1.0,0.010560315471582819,1.0,0.755,0.5,1.0,0.0,1.0,0
47,q5_insulating_frameworks,wide band gap insulating MOFs with low density,LEA + GAT,100,79.4732500000066,0.78925,0.78925,0.7930768560552011,0.020259211733426003,1.0,0.007994791430303237,1.0,0.755,0.5,1.0,0.0,1.0,0
48,q5_insulating_frameworks,wide band gap insulating MOFs with low density,SemanticOnly,100,0.03000000000952241,0.66925,0.66925,0.9028290809964215,0.02694543974200479,1.0,0.004418142709097492,0.8105817734409172,0.755,0.5,0.7,0.0,0.7,0
48,q5_insulating_frameworks,wide band gap insulating MOFs with low density,WeightedSum,100,0.048582999994550846,0.78925,0.78925,0.7930768560552011,0.02926487577977203,1.0,0.011548651604592538,1.0,0.755,0.5,1.0,0.0,1.0,0
48,q5_insulating_frameworks,wide band gap insulating MOFs with low density,TOPSIS,100,0.977833000007422,0.78925,0.78925,0.7930768560552011,0.02926487577977203,1.0,0.011548651604592538,1.0,0.755,0.5,1.0,0.0,1.0,0
48,q5_insulating_frameworks,wide band gap insulating MOFs with low density,ParetoCrowding,100,207.3643329999868,0.78925,0.78925,0.7930768560552011,0.030954393162025973,1.0,0.0122153774015645,1.0,0.755,0.5,1.0,0.0,1.0,0
48,q5_insulating_frameworks,wide band gap insulating MOFs with low density,Random,100,0.044207999991385805,0.66925,0.66925,0.9028290809964215,0.03030228213883183,1.0,0.004968551568746234,0.8105817734409172,0.755,0.5,0.7,0.0,0.7,0
48,q5_insulating_frameworks,wide band gap insulating MOFs with low density,MMR,100,2312.108875000007,0.78925,0.78925,0.7930768560552011,0.03307182696872194,1.0,0.013050969717531896,1.0,0.755,0.5,1.0,0.0,1.0,0
48,q5_insulating_frameworks,wide band gap insulating MOFs with low density,LEA,100,84.17829100000063,0.78925,0.78925,0.7930768560552011,0.026795840553765292,1.0,0.010574308578529628,1.0,0.755,0.5,1.0,0.0,1.0,0
48,q5_insulating_frameworks,wide band gap insulating MOFs with low density,LEA no diversity,100,82.45133299999452,0.78925,0.78925,0.7930768560552011,0.026795840553765292,1.0,0.010574308578529628,1.0,0.755,0.5,1.0,0.0,1.0,0
48,q5_insulating_frameworks,wide band gap insulating MOFs with low density,LEA no self-cleaning,100,82.35249999998473,0.78925,0.78925,0.7930768560552011,0.026795840553765292,1.0,0.010574308578529628,1.0,0.755,0.5,1.0,0.0,1.0,0
48,q5_insulating_frameworks,wide band gap insulating MOFs with low density,GraphSAGE only,100,0.03712500000574437,0.78925,0.78925,0.7930768560552011,0.026760381302712244,1.0,0.010560315471582819,1.0,0.755,0.5,1.0,0.0,1.0,0
48,q5_insulating_frameworks,wide band gap insulating MOFs with low density,GAT only,100,0.03279200001315985,0.78925,0.78925,0.7930768560552011,0.020259211733426003,1.0,0.007994791430303237,1.0,0.755,0.5,1.0,0.0,1.0,0
48,q5_insulating_frameworks,wide band gap insulating MOFs with low density,LEA + GraphSAGE,100,82.41812500000378,0.78925,0.78925,0.7930768560552011,0.026760381302712244,1.0,0.010560315471582819,1.0,0.755,0.5,1.0,0.0,1.0,0
48,q5_insulating_frameworks,wide band gap insulating MOFs with low density,LEA + GAT,100,83.6849579999921,0.78925,0.78925,0.7930768560552011,0.020259211733426003,1.0,0.007994791430303237,1.0,0.755,0.5,1.0,0.0,1.0,0
49,q5_insulating_frameworks,wide band gap insulating MOFs with low density,SemanticOnly,100,0.03300000000194814,0.66925,0.66925,0.9028290809964215,0.0226633803934167,1.0,0.0037160294954320604,0.8105817734409172,0.755,0.5,0.7,0.0,0.7,0
49,q5_insulating_frameworks,wide band gap insulating MOFs with low density,WeightedSum,100,0.04533300000275631,0.78925,0.78925,0.7930768560552011,0.02926487577977203,1.0,0.011548651604592538,1.0,0.755,0.5,1.0,0.0,1.0,0
49,q5_insulating_frameworks,wide band gap insulating MOFs with low density,TOPSIS,100,0.978416999998899,0.78925,0.78925,0.7930768560552011,0.02926487577977203,1.0,0.011548651604592538,1.0,0.755,0.5,1.0,0.0,1.0,0
49,q5_insulating_frameworks,wide band gap insulating MOFs with low density,ParetoCrowding,100,213.5950830000013,0.78925,0.78925,0.7930768560552011,0.030954393162025973,1.0,0.0122153774015645,1.0,0.755,0.5,1.0,0.0,1.0,0
49,q5_insulating_frameworks,wide band gap insulating MOFs with low density,Random,100,0.047625000007656126,0.66925,0.66925,0.9028290809964215,0.01934820481211468,1.0,0.003172452587274398,0.8105817734409172,0.755,0.5,0.7,0.0,0.7,0
49,q5_insulating_frameworks,wide band gap insulating MOFs with low density,MMR,100,2122.7959580000115,0.78925,0.78925,0.7930768560552011,0.02983719434916269,1.0,0.011774502820038326,1.0,0.755,0.5,1.0,0.0,1.0,0
49,q5_insulating_frameworks,wide band gap insulating MOFs with low density,LEA,100,84.40279100000225,0.78925,0.78925,0.7930768560552011,0.029516399230743607,1.0,0.011647909046432196,1.0,0.755,0.5,1.0,0.0,1.0,0
49,q5_insulating_frameworks,wide band gap insulating MOFs with low density,LEA no diversity,100,82.75629199999912,0.78925,0.78925,0.7930768560552011,0.029516399230743607,1.0,0.011647909046432196,1.0,0.755,0.5,1.0,0.0,1.0,0
49,q5_insulating_frameworks,wide band gap insulating MOFs with low density,LEA no self-cleaning,100,83.49945900002353,0.78925,0.78925,0.7930768560552011,0.029516399230743607,1.0,0.011647909046432196,1.0,0.755,0.5,1.0,0.0,1.0,0
49,q5_insulating_frameworks,wide band gap insulating MOFs with low density,GraphSAGE only,100,0.036207999983162154,0.78925,0.78925,0.7930768560552011,0.026760381302712244,1.0,0.010560315471582819,1.0,0.755,0.5,1.0,0.0,1.0,0
49,q5_insulating_frameworks,wide band gap insulating MOFs with low density,GAT only,100,0.033708000017895756,0.78925,0.78925,0.7930768560552011,0.020259211733426003,1.0,0.007994791430303237,1.0,0.755,0.5,1.0,0.0,1.0,0
49,q5_insulating_frameworks,wide band gap insulating MOFs with low density,LEA + GraphSAGE,100,83.08970900000645,0.78925,0.78925,0.7930768560552011,0.026760381302712244,1.0,0.010560315471582819,1.0,0.755,0.5,1.0,0.0,1.0,0
49,q5_insulating_frameworks,wide band gap insulating MOFs with low density,LEA + GAT,100,83.30087499999195,0.78925,0.78925,0.7930768560552011,0.020259211733426003,1.0,0.007994791430303237,1.0,0.755,0.5,1.0,0.0,1.0,0
50,q5_insulating_frameworks,wide band gap insulating MOFs with low density,SemanticOnly,100,0.03216700000052697,0.66925,0.66925,0.9028290809964215,0.021086327108764246,1.0,0.0034574459822974152,0.8105817734409172,0.755,0.5,0.7,0.0,0.7,0
50,q5_insulating_frameworks,wide band gap insulating MOFs with low density,WeightedSum,100,0.04583300000149393,0.78925,0.78925,0.7930768560552011,0.02926487577977203,1.0,0.011548651604592538,1.0,0.755,0.5,1.0,0.0,1.0,0
50,q5_insulating_frameworks,wide band gap insulating MOFs with low density,TOPSIS,100,1.0002079999935631,0.78925,0.78925,0.7930768560552011,0.02926487577977203,1.0,0.011548651604592538,1.0,0.755,0.5,1.0,0.0,1.0,0
50,q5_insulating_frameworks,wide band gap insulating MOFs with low density,ParetoCrowding,100,213.93416700001922,0.78925,0.78925,0.7930768560552011,0.02988525572245341,1.0,0.011793469039473177,1.0,0.755,0.5,1.0,0.0,1.0,0
50,q5_insulating_frameworks,wide band gap insulating MOFs with low density,Random,100,0.05308300001161115,0.7172499999999999,0.78925,0.8589281910199335,0.03045663986885238,1.0,0.007344297386823134,0.8675559688400233,0.755,0.5,0.82,0.0,0.82,0
50,q5_insulating_frameworks,wide band gap insulating MOFs with low density,MMR,100,2040.2179590000173,0.78925,0.78925,0.7930768560552011,0.03307182696872195,1.0,0.0130509697175319,1.0,0.755,0.5,1.0,0.0,1.0,0
50,q5_insulating_frameworks,wide band gap insulating MOFs with low density,LEA,100,82.80095799997866,0.78925,0.78925,0.7930768560552011,0.02988525572245341,1.0,0.011793469039473177,1.0,0.755,0.5,1.0,0.0,1.0,0
50,q5_insulating_frameworks,wide band gap insulating MOFs with low density,LEA no diversity,100,85.93795800001658,0.78925,0.78925,0.7930768560552011,0.02988525572245341,1.0,0.011793469039473177,1.0,0.755,0.5,1.0,0.0,1.0,0
50,q5_insulating_frameworks,wide band gap insulating MOFs with low density,LEA no self-cleaning,100,80.32366599999818,0.78925,0.78925,0.7930768560552011,0.02988525572245341,1.0,0.011793469039473177,1.0,0.755,0.5,1.0,0.0,1.0,0
50,q5_insulating_frameworks,wide band gap insulating MOFs with low density,GraphSAGE only,100,0.038165999995953825,0.78925,0.78925,0.7930768560552011,0.026760381302712244,1.0,0.010560315471582819,1.0,0.755,0.5,1.0,0.0,1.0,0
50,q5_insulating_frameworks,wide band gap insulating MOFs with low density,GAT only,100,0.03408399999216272,0.78925,0.78925,0.7930768560552011,0.020259211733426003,1.0,0.007994791430303237,1.0,0.755,0.5,1.0,0.0,1.0,0
50,q5_insulating_frameworks,wide band gap insulating MOFs with low density,LEA + GraphSAGE,100,80.08183300000837,0.78925,0.78925,0.7930768560552011,0.026760381302712244,1.0,0.010560315471582819,1.0,0.755,0.5,1.0,0.0,1.0,0
50,q5_insulating_frameworks,wide band gap insulating MOFs with low density,LEA + GAT,100,80.26458300000172,0.78925,0.78925,0.7930768560552011,0.020259211733426003,1.0,0.007994791430303237,1.0,0.755,0.5,1.0,0.0,1.0,0
51,q5_insulating_frameworks,wide band gap insulating MOFs with low density,SemanticOnly,100,0.031124999992471203,0.66925,0.66925,0.9028290809964215,0.018111213788820517,1.0,0.0029696278079011915,0.8105817734409172,0.755,0.5,0.7,0.0,0.7,0
51,q5_insulating_frameworks,wide band gap insulating MOFs with low density,WeightedSum,100,0.044459000008600924,0.78925,0.78925,0.7930768560552011,0.02926487577977203,1.0,0.011548651604592538,1.0,0.755,0.5,1.0,0.0,1.0,0
51,q5_insulating_frameworks,wide band gap insulating MOFs with low density,TOPSIS,100,1.000457999992932,0.78925,0.78925,0.7930768560552011,0.02926487577977203,1.0,0.011548651604592538,1.0,0.755,0.5,1.0,0.0,1.0,0
51,q5_insulating_frameworks,wide band gap insulating MOFs with low density,ParetoCrowding,100,215.4102499999908,0.78925,0.78925,0.7930768560552011,0.02988525572245341,1.0,0.011793469039473177,1.0,0.755,0.5,1.0,0.0,1.0,0
51,q5_insulating_frameworks,wide band gap insulating MOFs with low density,Random,100,0.045540999991544595,0.6932499999999999,0.78925,0.8808786360081775,0.025603227007949363,1.0,0.005126037441197747,0.8511146722149339,0.755,0.5,0.76,0.0,0.76,0
51,q5_insulating_frameworks,wide band gap insulating MOFs with low density,MMR,100,2127.1924170000034,0.78925,0.78925,0.7930768560552011,0.03307182696872194,1.0,0.013050969717531896,1.0,0.755,0.5,1.0,0.0,1.0,0
51,q5_insulating_frameworks,wide band gap insulating MOFs with low density,LEA,100,81.37837499998568,0.78925,0.78925,0.7930768560552011,0.030384957067235548,1.0,0.011990663682657828,1.0,0.755,0.5,1.0,0.0,1.0,0
51,q5_insulating_frameworks,wide band gap insulating MOFs with low density,LEA no diversity,100,83.57591699996192,0.78925,0.78925,0.7930768560552011,0.030384957067235548,1.0,0.011990663682657828,1.0,0.755,0.5,1.0,0.0,1.0,0
51,q5_insulating_frameworks,wide band gap insulating MOFs with low density,LEA no self-cleaning,100,84.79737499999374,0.78925,0.78925,0.7930768560552011,0.030384957067235548,1.0,0.011990663682657828,1.0,0.755,0.5,1.0,0.0,1.0,0
51,q5_insulating_frameworks,wide band gap insulating MOFs with low density,GraphSAGE only,100,0.03770899996879962,0.78925,0.78925,0.7930768560552011,0.026760381302712244,1.0,0.010560315471582819,1.0,0.755,0.5,1.0,0.0,1.0,0
51,q5_insulating_frameworks,wide band gap insulating MOFs with low density,GAT only,100,0.03395800001726457,0.78925,0.78925,0.7930768560552011,0.020259211733426003,1.0,0.007994791430303237,1.0,0.755,0.5,1.0,0.0,1.0,0
51,q5_insulating_frameworks,wide band gap insulating MOFs with low density,LEA + GraphSAGE,100,83.45504200002551,0.78925,0.78925,0.7930768560552011,0.026760381302712244,1.0,0.010560315471582819,1.0,0.755,0.5,1.0,0.0,1.0,0
51,q5_insulating_frameworks,wide band gap insulating MOFs with low density,LEA + GAT,100,82.78000000001384,0.78925,0.78925,0.7930768560552011,0.020259211733426003,1.0,0.007994791430303237,1.0,0.755,0.5,1.0,0.0,1.0,0
