query,query_id,seed,method,rank,qmof_id,formula,availability_mask,relevance,balance,diversity_contribution,graph_score,final_score,runtime_ms,band_gap,density,semantic_score,band_gap_score,density_score,stability_score
stable porous MOFs for CO2 adsorption,q1_co2_adsorption,42,SemanticOnly,1,qmof-fe6f735,Co2C58H64N8O12,1|1|1|1,0.6672849381728494,0.9107321446432144,0.0,,0.6672849381728494,0.035499999995636244,4.292873,1.418878739,0.7166666666666667,0.5,0.7,0.7
stable porous MOFs for CO2 adsorption,q1_co2_adsorption,42,SemanticOnly,2,qmof-fd921b0,Co2C16H16N8O8,1|1|1|1,0.7598756790987566,0.8723203879496286,0.033690205295809274,,0.7598756790987566,0.035499999995636244,3.390441,1.58214776,0.7166666666666667,1.0,0.7,0.7
stable porous MOFs for CO2 adsorption,q1_co2_adsorption,42,SemanticOnly,3,qmof-f69d443,Co2C40H28N12O8,1|1|1|1,0.7598756790987566,0.8723203879496286,0.02508686603623237,,0.7598756790987566,0.035499999995636244,2.877886,1.370451155,0.7166666666666667,1.0,0.7,0.7
stable porous MOFs for CO2 adsorption,q1_co2_adsorption,42,SemanticOnly,4,qmof-f47b0d0,Co2C20H16N20,1|1|1|1,0.6672849381728494,0.9107321446432144,0.03328236105092681,,0.6672849381728494,0.035499999995636244,4.598984,1.747002045,0.7166666666666667,0.5,0.7,0.7
stable porous MOFs for CO2 adsorption,q1_co2_adsorption,42,SemanticOnly,5,qmof-f343390,Co2C34H22N6O8,1|1|1|1,0.7598756790987566,0.8723203879496286,0.024542352658269095,,0.7598756790987566,0.035499999995636244,3.060735,1.790740334,0.7166666666666667,1.0,0.7,0.7
stable porous MOFs for CO2 adsorption,q1_co2_adsorption,42,WeightedSum,1,qmof-fd921b0,Co2C16H16N8O8,1|1|1|1,0.7598756790987566,0.8723203879496286,0.0,,0.7598756790987566,0.04737499999407646,3.390441,1.58214776,0.7166666666666667,1.0,0.7,0.7
stable porous MOFs for CO2 adsorption,q1_co2_adsorption,42,WeightedSum,2,qmof-f69d443,Co2C40H28N12O8,1|1|1|1,0.7598756790987566,0.8723203879496286,0.017994121113278753,,0.7598756790987566,0.04737499999407646,2.877886,1.370451155,0.7166666666666667,1.0,0.7,0.7
stable porous MOFs for CO2 adsorption,q1_co2_adsorption,42,WeightedSum,3,qmof-f343390,Co2C34H22N6O8,1|1|1|1,0.7598756790987566,0.8723203879496286,0.01446230513048269,,0.7598756790987566,0.04737499999407646,3.060735,1.790740334,0.7166666666666667,1.0,0.7,0.7
stable porous MOFs for CO2 adsorption,q1_co2_adsorption,42,WeightedSum,4,qmof-f2d872e,Co2C36H40N8O12,1|1|1|1,0.7598756790987566,0.8723203879496286,0.015981457580943253,,0.7598756790987566,0.04737499999407646,3.378082,1.334171796,0.7166666666666667,1.0,0.7,0.7
stable porous MOFs for CO2 adsorption,q1_co2_adsorption,42,WeightedSum,5,qmof-f0c9af4,Co2C50H38N10O12,1|1|1|1,0.7598756790987566,0.8723203879496286,0.01704207044594936,,0.7598756790987566,0.04737499999407646,2.642464,1.607919854,0.7166666666666667,1.0,0.7,0.7
stable porous MOFs for CO2 adsorption,q1_co2_adsorption,42,TOPSIS,1,qmof-fd921b0,Co2C16H16N8O8,1|1|1|1,0.7598756790987566,0.8723203879496286,0.0,,0.7598756790987566,1.0217079999961243,3.390441,1.58214776,0.7166666666666667,1.0,0.7,0.7
stable porous MOFs for CO2 adsorption,q1_co2_adsorption,42,TOPSIS,2,qmof-f69d443,Co2C40H28N12O8,1|1|1|1,0.7598756790987566,0.8723203879496286,0.017994121113278753,,0.7598756790987566,1.0217079999961243,2.877886,1.370451155,0.7166666666666667,1.0,0.7,0.7
stable porous MOFs for CO2 adsorption,q1_co2_adsorption,42,TOPSIS,3,qmof-f343390,Co2C34H22N6O8,1|1|1|1,0.7598756790987566,0.8723203879496286,0.01446230513048269,,0.7598756790987566,1.0217079999961243,3.060735,1.790740334,0.7166666666666667,1.0,0.7,0.7
stable porous MOFs for CO2 adsorption,q1_co2_adsorption,42,TOPSIS,4,qmof-f2d872e,Co2C36H40N8O12,1|1|1|1,0.7598756790987566,0.8723203879496286,0.015981457580943253,,0.7598756790987566,1.0217079999961243,3.378082,1.334171796,0.7166666666666667,1.0,0.7,0.7
stable porous MOFs for CO2 adsorption,q1_co2_adsorption,42,TOPSIS,5,qmof-f0c9af4,Co2C50H38N10O12,1|1|1|1,0.7598756790987566,0.8723203879496286,0.01704207044594936,,0.7598756790987566,1.0217079999961243,2.642464,1.607919854,0.7166666666666667,1.0,0.7,0.7
stable porous MOFs for CO2 adsorption,q1_co2_adsorption,42,ParetoCrowding,1,qmof-ba8d316,Co2C32H24O12,1|1|1|1,0.7598756790987566,0.8723203879496286,0.0,,0.7598756790987566,208.08649999999318,1.250046,1.746231048,0.7166666666666667,1.0,0.7,0.7
stable porous MOFs for CO2 adsorption,q1_co2_adsorption,42,ParetoCrowding,2,qmof-54f7ee7,Co2K2C48H44N4O6,1|1|1|1,0.7598756790987566,0.8723203879496286,0.019297118401298562,,0.7598756790987566,208.08649999999318,1.505111,1.497174385,0.7166666666666667,1.0,0.7,0.7
stable porous MOFs for CO2 adsorption,q1_co2_adsorption,42,ParetoCrowding,3,qmof-ec84fcf,Co2C20H16N28,1|1|1|1,0.7598756790987566,0.8723203879496286,0.03739819826852833,,0.7598756790987566,208.08649999999318,2.596155,1.767424228,0.7166666666666667,1.0,0.7,0.7
stable porous MOFs for CO2 adsorption,q1_co2_adsorption,42,ParetoCrowding,4,qmof-01f1640,Co2C28H20N8O8,1|1|1|1,0.7598756790987566,0.8723203879496286,0.01962880900561523,,0.7598756790987566,208.08649999999318,1.942124,1.64776998,0.7166666666666667,1.0,0.7,0.7
stable porous MOFs for CO2 adsorption,q1_co2_adsorption,42,ParetoCrowding,5,qmof-1ca4ac2,Co2Cu4Br4C30H60N6S12,1|1|1|1,0.7598756790987566,0.8723203879496286,0.03661351966393627,,0.7598756790987566,208.08649999999318,2.866054,1.689685123,0.7166666666666667,1.0,0.7,0.7
stable porous MOFs for CO2 adsorption,q1_co2_adsorption,42,Random,1,qmof-4324443,Co2C30H22N4O10,1|1|1|1,0.7598756790987566,0.8723203879496286,0.0,,0.7598756790987566,0.050375000000713044,3.439369,1.798488446,0.7166666666666667,1.0,0.7,0.7
stable porous MOFs for CO2 adsorption,q1_co2_adsorption,42,Random,2,qmof-5533340,Co2C38H20N8O14,1|1|1|1,0.7598756790987566,0.8723203879496286,0.024300200694891586,,0.7598756790987566,0.050375000000713044,2.218596,1.720487217,0.7166666666666667,1.0,0.7,0.7
stable porous MOFs for CO2 adsorption,q1_co2_adsorption,42,Random,3,qmof-3c5b84b,Co2C52Cl4H40N8O8,1|1|1|1,0.6672849381728494,0.9107321446432144,0.02312180796034837,,0.6672849381728494,0.050375000000713044,3.583374,1.606651944,0.7166666666666667,0.5,0.7,0.7
stable porous MOFs for CO2 adsorption,q1_co2_adsorption,42,Random,4,qmof-79ff2bd,Co2C40H28N2O14,1|1|1|1,0.7598756790987566,0.8723203879496286,0.01386939172735827,,0.7598756790987566,0.050375000000713044,3.222612,1.727911851,0.7166666666666667,1.0,0.7,0.7
stable porous MOFs for CO2 adsorption,q1_co2_adsorption,42,Random,5,qmof-b0a3596,Co2C36H26N4O12,1|1|1|1,0.7598756790987566,0.8723203879496286,0.012008924099659847,,0.7598756790987566,0.050375000000713044,3.49187,1.704727415,0.7166666666666667,1.0,0.7,0.7
stable porous MOFs for CO2 adsorption,q1_co2_adsorption,42,MMR,1,qmof-82fb334,Co2C22H16N4O10,1|1|1|1,0.7598756790987566,0.8723203879496286,0.0,,0.7598756790987566,2148.1415000000084,2.753622,1.772529929,0.7166666666666667,1.0,0.7,0.7
stable porous MOFs for CO2 adsorption,q1_co2_adsorption,42,MMR,2,qmof-c1d4910,Ag2Co2C52H68N4O16,1|1|1|1,0.7598756790987566,0.8723203879496286,0.03123931132503642,,0.7598756790987566,2148.1415000000084,3.401985,1.591390503,0.7166666666666667,1.0,0.7,0.7
stable porous MOFs for CO2 adsorption,q1_co2_adsorption,42,MMR,3,qmof-54f7ee7,Co2K2C48H44N4O6,1|1|1|1,0.7598756790987566,0.8723203879496286,0.034715689384319105,,0.7598756790987566,2148.1415000000084,1.505111,1.497174385,0.7166666666666667,1.0,0.7,0.7
stable porous MOFs for CO2 adsorption,q1_co2_adsorption,42,MMR,4,qmof-ec84fcf,Co2C20H16N28,1|1|1|1,0.7598756790987566,0.8723203879496286,0.03365392488179789,,0.7598756790987566,2148.1415000000084,2.596155,1.767424228,0.7166666666666667,1.0,0.7,0.7
stable porous MOFs for CO2 adsorption,q1_co2_adsorption,42,MMR,5,qmof-330a403,Co2C58F12H32N8O8S2,1|1|1|1,0.7598756790987566,0.8723203879496286,0.02757722204378567,,0.7598756790987566,2148.1415000000084,2.471348,1.414912408,0.7166666666666667,1.0,0.7,0.7
stable porous MOFs for CO2 adsorption,q1_co2_adsorption,42,LEA,1,qmof-82fb334,Co2C22H16N4O10,1|1|1|1,0.7598756790987566,0.8723203879496286,0.0,,0.8471077178937196,86.23937500000523,2.753622,1.772529929,0.7166666666666667,1.0,0.7,0.7
stable porous MOFs for CO2 adsorption,q1_co2_adsorption,42,LEA,2,qmof-ba8d316,Co2C32H24O12,1|1|1|1,0.7598756790987566,0.8723203879496286,0.03022128726743559,,0.8035736179909525,86.23937500000523,1.250046,1.746231048,0.7166666666666667,1.0,0.7,0.7
stable porous MOFs for CO2 adsorption,q1_co2_adsorption,42,LEA,3,qmof-54f7ee7,Co2K2C48H44N4O6,1|1|1|1,0.7598756790987566,0.8723203879496286,0.02520158753740049,,0.8031487172116062,86.23937500000523,1.505111,1.497174385,0.7166666666666667,1.0,0.7,0.7
stable porous MOFs for CO2 adsorption,q1_co2_adsorption,42,LEA,4,qmof-ec84fcf,Co2C20H16N28,1|1|1|1,0.7598756790987566,0.8723203879496286,0.03299999199890818,,0.8019442118249523,86.23937500000523,2.596155,1.767424228,0.7166666666666667,1.0,0.7,0.7
stable porous MOFs for CO2 adsorption,q1_co2_adsorption,42,LEA,5,qmof-330a403,Co2C58F12H32N8O8S2,1|1|1|1,0.7598756790987566,0.8723203879496286,0.030463577744834224,,0.8018033879031088,86.23937500000523,2.471348,1.414912408,0.7166666666666667,1.0,0.7,0.7
stable porous MOFs for CO2 adsorption,q1_co2_adsorption,42,LEA no diversity,1,qmof-82fb334,Co2C22H16N4O10,1|1|1|1,0.7598756790987566,0.8723203879496286,0.0,,0.8471077178937196,82.98662500000376,2.753622,1.772529929,0.7166666666666667,1.0,0.7,0.7
stable porous MOFs for CO2 adsorption,q1_co2_adsorption,42,LEA no diversity,2,qmof-ba8d316,Co2C32H24O12,1|1|1|1,0.7598756790987566,0.8723203879496286,0.03022128726743559,,0.7992320523526566,82.98662500000376,1.250046,1.746231048,0.7166666666666667,1.0,0.7,0.7
stable porous MOFs for CO2 adsorption,q1_co2_adsorption,42,LEA no diversity,3,qmof-54f7ee7,Co2K2C48H44N4O6,1|1|1|1,0.7598756790987566,0.8723203879496286,0.02520158753740049,,0.7990943544313737,82.98662500000376,1.505111,1.497174385,0.7166666666666667,1.0,0.7,0.7
stable porous MOFs for CO2 adsorption,q1_co2_adsorption,42,LEA no diversity,4,qmof-ec84fcf,Co2C20H16N28,1|1|1|1,0.7598756790987566,0.8723203879496286,0.03299999199890818,,0.7987025563768514,82.98662500000376,2.596155,1.767424228,0.7166666666666667,1.0,0.7,0.7
stable porous MOFs for CO2 adsorption,q1_co2_adsorption,42,LEA no diversity,5,qmof-330a403,Co2C58F12H32N8O8S2,1|1|1|1,0.7598756790987566,0.8723203879496286,0.030463577744834224,,0.7986566092957332,82.98662500000376,2.471348,1.414912408,0.7166666666666667,1.0,0.7,0.7
stable porous MOFs for CO2 adsorption,q1_co2_adsorption,42,LEA no self-cleaning,1,qmof-82fb334,Co2C22H16N4O10,1|1|1|1,0.7598756790987566,0.8723203879496286,0.0,,0.8471077178937196,85.14004200000613,2.753622,1.772529929,0.7166666666666667,1.0,0.7,0.7
stable porous MOFs for CO2 adsorption,q1_co2_adsorption,42,LEA no self-cleaning,2,qmof-ba8d316,Co2C32H24O12,1|1|1|1,0.7598756790987566,0.8723203879496286,0.03022128726743559,,0.8035736179909525,85.14004200000613,1.250046,1.746231048,0.7166666666666667,1.0,0.7,0.7
stable porous MOFs for CO2 adsorption,q1_co2_adsorption,42,LEA no self-cleaning,3,qmof-54f7ee7,Co2K2C48H44N4O6,1|1|1|1,0.7598756790987566,0.8723203879496286,0.02520158753740049,,0.8031487172116062,85.14004200000613,1.505111,1.497174385,0.7166666666666667,1.0,0.7,0.7
stable porous MOFs for CO2 adsorption,q1_co2_adsorption,42,LEA no self-cleaning,4,qmof-ec84fcf,Co2C20H16N28,1|1|1|1,0.7598756790987566,0.8723203879496286,0.03299999199890818,,0.8019442118249523,85.14004200000613,2.596155,1.767424228,0.7166666666666667,1.0,0.7,0.7
stable porous MOFs for CO2 adsorption,q1_co2_adsorption,42,LEA no self-cleaning,5,qmof-330a403,Co2C58F12H32N8O8S2,1|1|1|1,0.7598756790987566,0.8723203879496286,0.030463577744834224,,0.8018033879031088,85.14004200000613,2.471348,1.414912408,0.7166666666666667,1.0,0.7,0.7
stable porous MOFs for CO2 adsorption,q1_co2_adsorption,42,GraphSAGE only,1,qmof-1ca4ac2,Co2Cu4Br4C30H60N6S12,1|1|1|1,0.7598756790987566,0.8723203879496286,0.0,0.24276514119872877,0.7598756790987566,0.03762500000448199,2.866054,1.689685123,0.7166666666666667,1.0,0.7,0.7
stable porous MOFs for CO2 adsorption,q1_co2_adsorption,42,GraphSAGE only,2,qmof-330a403,Co2C58F12H32N8O8S2,1|1|1|1,0.7598756790987566,0.8723203879496286,0.022168108750337256,0.2340455038262295,0.7598756790987566,0.03762500000448199,2.471348,1.414912408,0.7166666666666667,1.0,0.7,0.7
stable porous MOFs for CO2 adsorption,q1_co2_adsorption,42,GraphSAGE only,3,qmof-2ba0cce,Co2C24H26N2S4,1|1|1|1,0.7598756790987566,0.8723203879496286,0.026043668960726005,0.2228060658698276,0.7598756790987566,0.03762500000448199,3.202535,1.580976593,0.7166666666666667,1.0,0.7,0.7
stable porous MOFs for CO2 adsorption,q1_co2_adsorption,42,GraphSAGE only,4,qmof-9a1ecbc,Co2C28Cl4H24N8S6,1|1|1|1,0.7598756790987566,0.8723203879496286,0.020718152406427416,0.21936390999166666,0.7598756790987566,0.03762500000448199,3.409833,1.797370089,0.7166666666666667,1.0,0.7,0.7
stable porous MOFs for CO2 adsorption,q1_co2_adsorption,42,GraphSAGE only,5,qmof-f2d872e,Co2C36H40N8O12,1|1|1|1,0.7598756790987566,0.8723203879496286,0.02127557819965102,0.21422282958571431,0.7598756790987566,0.03762500000448199,3.378082,1.334171796,0.7166666666666667,1.0,0.7,0.7
stable porous MOFs for CO2 adsorption,q1_co2_adsorption,42,GAT only,1,qmof-9a1ecbc,Co2C28Cl4H24N8S6,1|1|1|1,0.7598756790987566,0.8723203879496286,0.0,0.41725434943749995,0.7598756790987566,0.03325000000131695,3.409833,1.797370089,0.7166666666666667,1.0,0.7,0.7
stable porous MOFs for CO2 adsorption,q1_co2_adsorption,42,GAT only,2,qmof-1ca4ac2,Co2Cu4Br4C30H60N6S12,1|1|1|1,0.7598756790987566,0.8723203879496286,0.02189175418099708,0.40025622489724577,0.7598756790987566,0.03325000000131695,2.866054,1.689685123,0.7166666666666667,1.0,0.7,0.7
stable porous MOFs for CO2 adsorption,q1_co2_adsorption,42,GAT only,3,qmof-2ba0cce,Co2C24H26N2S4,1|1|1|1,0.7598756790987566,0.8723203879496286,0.018622472206499825,0.38989278707543107,0.7598756790987566,0.03325000000131695,3.202535,1.580976593,0.7166666666666667,1.0,0.7,0.7
stable porous MOFs for CO2 adsorption,q1_co2_adsorption,42,GAT only,4,qmof-71748b1,Co2C34H26N10O10S6,1|1|1|1,0.7598756790987566,0.8723203879496286,0.016045052857443818,0.38425537878409094,0.7598756790987566,0.03325000000131695,3.369053,1.740750274,0.7166666666666667,1.0,0.7,0.7
stable porous MOFs for CO2 adsorption,q1_co2_adsorption,42,GAT only,5,qmof-c11323c,Co2C40H32N4O8,1|1|1|1,0.7598756790987566,0.8723203879496286,0.018004597961380115,0.3813141644665698,0.7598756790987566,0.03325000000131695,3.474905,1.402324029,0.7166666666666667,1.0,0.7,0.7
stable porous MOFs for CO2 adsorption,q1_co2_adsorption,42,LEA + GraphSAGE,1,qmof-2ba0cce,Co2C24H26N2S4,1|1|1|1,0.7598756790987566,0.8723203879496286,0.0,0.2228060658698276,0.7543017196557092,87.02491700000792,3.202535,1.580976593,0.7166666666666667,1.0,0.7,0.7
stable porous MOFs for CO2 adsorption,q1_co2_adsorption,42,LEA + GraphSAGE,2,qmof-9a1ecbc,Co2C28Cl4H24N8S6,1|1|1|1,0.7598756790987566,0.8723203879496286,0.013332858446382533,0.21936390999166666,0.7536628187918287,87.02491700000792,3.409833,1.797370089,0.7166666666666667,1.0,0.7,0.7
stable porous MOFs for CO2 adsorption,q1_co2_adsorption,42,LEA + GraphSAGE,3,qmof-54f7ee7,Co2K2C48H44N4O6,1|1|1|1,0.7598756790987566,0.8723203879496286,0.03869650406643191,0.21412701546462262,0.7526904974397162,87.02491700000792,1.505111,1.497174385,0.7166666666666667,1.0,0.7,0.7
stable porous MOFs for CO2 adsorption,q1_co2_adsorption,42,LEA + GraphSAGE,4,qmof-f69d443,Co2C40H28N12O8,1|1|1|1,0.7598756790987566,0.8723203879496286,0.02228258824744113,0.21277171893055555,0.7524388051377359,87.02491700000792,2.877886,1.370451155,0.7166666666666667,1.0,0.7,0.7
stable porous MOFs for CO2 adsorption,q1_co2_adsorption,42,LEA + GraphSAGE,5,qmof-68234b7,Co2C30H32N2O14,1|1|1|1,0.7598756790987566,0.8723203879496286,0.020555544156811417,0.212562255775,0.7523999036096293,87.02491700000792,3.266102,1.399169923,0.7166666666666667,1.0,0.7,0.7
stable porous MOFs for CO2 adsorption,q1_co2_adsorption,42,LEA + GAT,1,qmof-9a1ecbc,Co2C28Cl4H24N8S6,1|1|1|1,0.7598756790987566,0.8723203879496286,0.0,0.41725434943749995,0.7900437837291361,87.4026669999921,3.409833,1.797370089,0.7166666666666667,1.0,0.7,0.7
stable porous MOFs for CO2 adsorption,q1_co2_adsorption,42,LEA + GAT,2,qmof-2ba0cce,Co2C24H26N2S4,1|1|1|1,0.7598756790987566,0.8723203879496286,0.013332858446382533,0.38989278707543107,0.7850683692729246,87.4026669999921,3.202535,1.580976593,0.7166666666666667,1.0,0.7,0.7
stable porous MOFs for CO2 adsorption,q1_co2_adsorption,42,LEA + GAT,3,qmof-c11323c,Co2C40H32N4O8,1|1|1|1,0.7598756790987566,0.8723203879496286,0.01564045023342276,0.3813141644665698,0.7835038219227985,87.4026669999921,3.474905,1.402324029,0.7166666666666667,1.0,0.7,0.7
stable porous MOFs for CO2 adsorption,q1_co2_adsorption,42,LEA + GAT,4,qmof-14eb177,Co2C44H36N8O8,1|1|1|1,0.7598756790987566,0.8723203879496286,0.012642732759231737,0.3807979464068878,0.7834096093258442,87.4026669999921,3.496948,1.411241713,0.7166666666666667,1.0,0.7,0.7
stable porous MOFs for CO2 adsorption,q1_co2_adsorption,42,LEA + GAT,5,qmof-68234b7,Co2C30H32N2O14,1|1|1|1,0.7598756790987566,0.8723203879496286,0.012986780500449172,0.36976799981249997,0.7813948509965276,87.4026669999921,3.266102,1.399169923,0.7166666666666667,1.0,0.7,0.7
stable porous MOFs for CO2 adsorption,q1_co2_adsorption,43,SemanticOnly,1,qmof-fe6f735,Co2C58H64N8O12,1|1|1|1,0.6672849381728494,0.9107321446432144,0.0,,0.6672849381728494,0.029249999997205123,4.292873,1.418878739,0.7166666666666667,0.5,0.7,0.7
stable porous MOFs for CO2 adsorption,q1_co2_adsorption,43,SemanticOnly,2,qmof-fd921b0,Co2C16H16N8O8,1|1|1|1,0.7598756790987566,0.8723203879496286,0.033690205295809274,,0.7598756790987566,0.029249999997205123,3.390441,1.58214776,0.7166666666666667,1.0,0.7,0.7
stable porous MOFs for CO2 adsorption,q1_co2_adsorption,43,SemanticOnly,3,qmof-f771839,Co2C38H40N8O8,1|1|1|1,0.6672849381728494,0.9107321446432144,0.018843940863880002,,0.6672849381728494,0.029249999997205123,4.295336,1.401927433,0.7166666666666667,0.5,0.7,0.7
stable porous MOFs for CO2 adsorption,q1_co2_adsorption,43,SemanticOnly,4,qmof-f69d443,Co2C40H28N12O8,1|1|1|1,0.7598756790987566,0.8723203879496286,0.02606624644263648,,0.7598756790987566,0.029249999997205123,2.877886,1.370451155,0.7166666666666667,1.0,0.7,0.7
stable porous MOFs for CO2 adsorption,q1_co2_adsorption,43,SemanticOnly,5,qmof-f343390,Co2C34H22N6O8,1|1|1|1,0.7598756790987566,0.8723203879496286,0.022898053738234184,,0.7598756790987566,0.029249999997205123,3.060735,1.790740334,0.7166666666666667,1.0,0.7,0.7
stable porous MOFs for CO2 adsorption,q1_co2_adsorption,43,WeightedSum,1,qmof-fd921b0,Co2C16H16N8O8,1|1|1|1,0.7598756790987566,0.8723203879496286,0.0,,0.7598756790987566,0.04387500000291311,3.390441,1.58214776,0.7166666666666667,1.0,0.7,0.7
stable porous MOFs for CO2 adsorption,q1_co2_adsorption,43,WeightedSum,2,qmof-f69d443,Co2C40H28N12O8,1|1|1|1,0.7598756790987566,0.8723203879496286,0.017994121113278753,,0.7598756790987566,0.04387500000291311,2.877886,1.370451155,0.7166666666666667,1.0,0.7,0.7
stable porous MOFs for CO2 adsorption,q1_co2_adsorption,43,WeightedSum,3,qmof-f343390,Co2C34H22N6O8,1|1|1|1,0.7598756790987566,0.8723203879496286,0.01446230513048269,,0.7598756790987566,0.04387500000291311,3.060735,1.790740334,0.7166666666666667,1.0,0.7,0.7
stable porous MOFs for CO2 adsorption,q1_co2_adsorption,43,WeightedSum,4,qmof-f2d872e,Co2C36H40N8O12,1|1|1|1,0.7598756790987566,0.8723203879496286,0.015981457580943253,,0.7598756790987566,0.04387500000291311,3.378082,1.334171796,0.7166666666666667,1.0,0.7,0.7
stable porous MOFs for CO2 adsorption,q1_co2_adsorption,43,WeightedSum,5,qmof-f0c9af4,Co2C50H38N10O12,1|1|1|1,0.7598756790987566,0.8723203879496286,0.01704207044594936,,0.7598756790987566,0.04387500000291311,2.642464,1.607919854,0.7166666666666667,1.0,0.7,0.7
stable porous MOFs for CO2 adsorption,q1_co2_adsorption,43,TOPSIS,1,qmof-fd921b0,Co2C16H16N8O8,1|1|1|1,0.7598756790987566,0.8723203879496286,0.0,,0.7598756790987566,0.9874170000045979,3.390441,1.58214776,0.7166666666666667,1.0,0.7,0.7
stable porous MOFs for CO2 adsorption,q1_co2_adsorption,43,TOPSIS,2,qmof-f69d443,Co2C40H28N12O8,1|1|1|1,0.7598756790987566,0.8723203879496286,0.017994121113278753,,0.7598756790987566,0.9874170000045979,2.877886,1.370451155,0.7166666666666667,1.0,0.7,0.7
stable porous MOFs for CO2 adsorption,q1_co2_adsorption,43,TOPSIS,3,qmof-f343390,Co2C34H22N6O8,1|1|1|1,0.7598756790987566,0.8723203879496286,0.01446230513048269,,0.7598756790987566,0.9874170000045979,3.060735,1.790740334,0.7166666666666667,1.0,0.7,0.7
stable porous MOFs for CO2 adsorption,q1_co2_adsorption,43,TOPSIS,4,qmof-f2d872e,Co2C36H40N8O12,1|1|1|1,0.7598756790987566,0.8723203879496286,0.015981457580943253,,0.7598756790987566,0.9874170000045979,3.378082,1.334171796,0.7166666666666667,1.0,0.7,0.7
stable porous MOFs for CO2 adsorption,q1_co2_adsorption,43,TOPSIS,5,qmof-f0c9af4,Co2C50H38N10O12,1|1|1|1,0.7598756790987566,0.8723203879496286,0.01704207044594936,,0.7598756790987566,0.9874170000045979,2.642464,1.607919854,0.7166666666666667,1.0,0.7,0.7
stable porous MOFs for CO2 adsorption,q1_co2_adsorption,43,ParetoCrowding,1,qmof-ba8d316,Co2C32H24O12,1|1|1|1,0.7598756790987566,0.8723203879496286,0.0,,0.7598756790987566,219.01195799999584,1.250046,1.746231048,0.7166666666666667,1.0,0.7,0.7
stable porous MOFs for CO2 adsorption,q1_co2_adsorption,43,ParetoCrowding,2,qmof-54f7ee7,Co2K2C48H44N4O6,1|1|1|1,0.7598756790987566,0.8723203879496286,0.019297118401298562,,0.7598756790987566,219.01195799999584,1.505111,1.497174385,0.7166666666666667,1.0,0.7,0.7
stable porous MOFs for CO2 adsorption,q1_co2_adsorption,43,ParetoCrowding,3,qmof-ec84fcf,Co2C20H16N28,1|1|1|1,0.7598756790987566,0.8723203879496286,0.03739819826852833,,0.7598756790987566,219.01195799999584,2.596155,1.767424228,0.7166666666666667,1.0,0.7,0.7
stable porous MOFs for CO2 adsorption,q1_co2_adsorption,43,ParetoCrowding,4,qmof-01f1640,Co2C28H20N8O8,1|1|1|1,0.7598756790987566,0.8723203879496286,0.01962880900561523,,0.7598756790987566,219.01195799999584,1.942124,1.64776998,0.7166666666666667,1.0,0.7,0.7
stable porous MOFs for CO2 adsorption,q1_co2_adsorption,43,ParetoCrowding,5,qmof-1ca4ac2,Co2Cu4Br4C30H60N6S12,1|1|1|1,0.7598756790987566,0.8723203879496286,0.03661351966393627,,0.7598756790987566,219.01195799999584,2.866054,1.689685123,0.7166666666666667,1.0,0.7,0.7
stable porous MOFs for CO2 adsorption,q1_co2_adsorption,43,Random,1,qmof-57e6787,Co2C34H28N4O8,1|1|1|1,0.7598756790987566,0.8723203879496286,0.0,,0.7598756790987566,0.04687499999533884,3.298084,1.718108992,0.7166666666666667,1.0,0.7,0.7
stable porous MOFs for CO2 adsorption,q1_co2_adsorption,43,Random,2,qmof-c49d30b,Co2C36H28N24,1|1|1|1,0.6672849381728494,0.9107321446432144,0.02104338518574266,,0.6672849381728494,0.04687499999533884,4.041136,1.711108729,0.7166666666666667,0.5,0.7,0.7
stable porous MOFs for CO2 adsorption,q1_co2_adsorption,43,Random,3,qmof-8fe6d7b,Co2C30H28N4O8,1|1|1|1,0.7598756790987566,0.8723203879496286,0.015382218394685163,,0.7598756790987566,0.04687499999533884,3.035327,1.652852163,0.7166666666666667,1.0,0.7,0.7
stable porous MOFs for CO2 adsorption,q1_co2_adsorption,43,Random,4,qmof-0ea1d91,Co2C16H12N8O4,1|1|1|1,0.7598756790987566,0.8723203879496286,0.016638937443247813,,0.7598756790987566,0.04687499999533884,3.489909,1.78772833,0.7166666666666667,1.0,0.7,0.7
stable porous MOFs for CO2 adsorption,q1_co2_adsorption,43,Random,5,qmof-54f7ee7,Co2K2C48H44N4O6,1|1|1|1,0.7598756790987566,0.8723203879496286,0.04114479902596814,,0.7598756790987566,0.04687499999533884,1.505111,1.497174385,0.7166666666666667,1.0,0.7,0.7
stable porous MOFs for CO2 adsorption,q1_co2_adsorption,43,MMR,1,qmof-54f7ee7,Co2K2C48H44N4O6,1|1|1|1,0.7598756790987566,0.8723203879496286,0.0,,0.7598756790987566,2137.651500000004,1.505111,1.497174385,0.7166666666666667,1.0,0.7,0.7
stable porous MOFs for CO2 adsorption,q1_co2_adsorption,43,MMR,2,qmof-0ea1d91,Co2C16H12N8O4,1|1|1|1,0.7598756790987566,0.8723203879496286,0.044580727431811344,,0.7598756790987566,2137.651500000004,3.489909,1.78772833,0.7166666666666667,1.0,0.7,0.7
stable porous MOFs for CO2 adsorption,q1_co2_adsorption,43,MMR,3,qmof-c1d4910,Ag2Co2C52H68N4O16,1|1|1|1,0.7598756790987566,0.8723203879496286,0.03554497472652207,,0.7598756790987566,2137.651500000004,3.401985,1.591390503,0.7166666666666667,1.0,0.7,0.7
stable porous MOFs for CO2 adsorption,q1_co2_adsorption,43,MMR,4,qmof-ec84fcf,Co2C20H16N28,1|1|1|1,0.7598756790987566,0.8723203879496286,0.033748904086416925,,0.7598756790987566,2137.651500000004,2.596155,1.767424228,0.7166666666666667,1.0,0.7,0.7
stable porous MOFs for CO2 adsorption,q1_co2_adsorption,43,MMR,5,qmof-330a403,Co2C58F12H32N8O8S2,1|1|1|1,0.7598756790987566,0.8723203879496286,0.029490276499684026,,0.7598756790987566,2137.651500000004,2.471348,1.414912408,0.7166666666666667,1.0,0.7,0.7
stable porous MOFs for CO2 adsorption,q1_co2_adsorption,43,LEA,1,qmof-54f7ee7,Co2K2C48H44N4O6,1|1|1|1,0.7598756790987566,0.8723203879496286,0.0,,0.8471077178937196,89.89208399999882,1.505111,1.497174385,0.7166666666666667,1.0,0.7,0.7
stable porous MOFs for CO2 adsorption,q1_co2_adsorption,43,LEA,2,qmof-ba8d316,Co2C32H24O12,1|1|1|1,0.7598756790987566,0.8723203879496286,0.019297118401298562,,0.8027658625685903,89.89208399999882,1.250046,1.746231048,0.7166666666666667,1.0,0.7,0.7
stable porous MOFs for CO2 adsorption,q1_co2_adsorption,43,LEA,3,qmof-1ca4ac2,Co2Cu4Br4C30H60N6S12,1|1|1|1,0.7598756790987566,0.8723203879496286,0.038385836564952806,,0.8021791424530983,89.89208399999882,2.866054,1.689685123,0.7166666666666667,1.0,0.7,0.7
stable porous MOFs for CO2 adsorption,q1_co2_adsorption,43,LEA,4,qmof-ec84fcf,Co2C20H16N28,1|1|1|1,0.7598756790987566,0.8723203879496286,0.03710942378753962,,0.8021501186966435,89.89208399999882,2.596155,1.767424228,0.7166666666666667,1.0,0.7,0.7
stable porous MOFs for CO2 adsorption,q1_co2_adsorption,43,LEA,5,qmof-51d789e,Co2C16H24O12,1|1|1|1,0.7598756790987566,0.8723203879496286,0.0335189610073742,,0.8021480146470772,89.89208399999882,3.034007,1.634350468,0.7166666666666667,1.0,0.7,0.7
stable porous MOFs for CO2 adsorption,q1_co2_adsorption,43,LEA no diversity,1,qmof-54f7ee7,Co2K2C48H44N4O6,1|1|1|1,0.7598756790987566,0.8723203879496286,0.0,,0.8471077178937196,85.3764999999953,1.505111,1.497174385,0.7166666666666667,1.0,0.7,0.7
stable porous MOFs for CO2 adsorption,q1_co2_adsorption,43,LEA no diversity,2,qmof-ba8d316,Co2C32H24O12,1|1|1|1,0.7598756790987566,0.8723203879496286,0.019297118401298562,,0.7989700534830801,85.3764999999953,1.250046,1.746231048,0.7166666666666667,1.0,0.7,0.7
stable porous MOFs for CO2 adsorption,q1_co2_adsorption,43,LEA no diversity,3,qmof-1ca4ac2,Co2Cu4Br4C30H60N6S12,1|1|1|1,0.7598756790987566,0.8723203879496286,0.038385836564952806,,0.7987791425938304,85.3764999999953,2.866054,1.689685123,0.7166666666666667,1.0,0.7,0.7
stable porous MOFs for CO2 adsorption,q1_co2_adsorption,43,LEA no diversity,4,qmof-ec84fcf,Co2C20H16N28,1|1|1|1,0.7598756790987566,0.8723203879496286,0.03710942378753962,,0.7987696854186654,85.3764999999953,2.596155,1.767424228,0.7166666666666667,1.0,0.7,0.7
stable porous MOFs for CO2 adsorption,q1_co2_adsorption,43,LEA no diversity,5,qmof-51d789e,Co2C16H24O12,1|1|1|1,0.7598756790987566,0.8723203879496286,0.0335189610073742,,0.798768999781268,85.3764999999953,3.034007,1.634350468,0.7166666666666667,1.0,0.7,0.7
stable porous MOFs for CO2 adsorption,q1_co2_adsorption,43,LEA no self-cleaning,1,qmof-54f7ee7,Co2K2C48H44N4O6,1|1|1|1,0.7598756790987566,0.8723203879496286,0.0,,0.8471077178937196,84.5334159999993,1.505111,1.497174385,0.7166666666666667,1.0,0.7,0.7
stable porous MOFs for CO2 adsorption,q1_co2_adsorption,43,LEA no self-cleaning,2,qmof-ba8d316,Co2C32H24O12,1|1|1|1,0.7598756790987566,0.8723203879496286,0.019297118401298562,,0.8027658625685903,84.5334159999993,1.250046,1.746231048,0.7166666666666667,1.0,0.7,0.7
stable porous MOFs for CO2 adsorption,q1_co2_adsorption,43,LEA no self-cleaning,3,qmof-1ca4ac2,Co2Cu4Br4C30H60N6S12,1|1|1|1,0.7598756790987566,0.8723203879496286,0.038385836564952806,,0.8021791424530983,84.5334159999993,2.866054,1.689685123,0.7166666666666667,1.0,0.7,0.7
stable porous MOFs for CO2 adsorption,q1_co2_adsorption,43,LEA no self-cleaning,4,qmof-ec84fcf,Co2C20H16N28,1|1|1|1,0.7598756790987566,0.8723203879496286,0.03710942378753962,,0.8021501186966435,84.5334159999993,2.596155,1.767424228,0.7166666666666667,1.0,0.7,0.7
stable porous MOFs for CO2 adsorption,q1_co2_adsorption,43,LEA no self-cleaning,5,qmof-51d789e,Co2C16H24O12,1|1|1|1,0.7598756790987566,0.8723203879496286,0.0335189610073742,,0.8021480146470772,84.5334159999993,3.034007,1.634350468,0.7166666666666667,1.0,0.7,0.7
stable porous MOFs for CO2 adsorption,q1_co2_adsorption,43,GraphSAGE only,1,qmof-1ca4ac2,Co2Cu4Br4C30H60N6S12,1|1|1|1,0.7598756790987566,0.8723203879496286,0.0,0.24276514119872877,0.7598756790987566,0.04491699999675802,2.866054,1.689685123,0.7166666666666667,1.0,0.7,0.7
stable porous MOFs for CO2 adsorption,q1_co2_adsorption,43,GraphSAGE only,2,qmof-330a403,Co2C58F12H32N8O8S2,1|1|1|1,0.7598756790987566,0.8723203879496286,0.022168108750337256,0.2340455038262295,0.7598756790987566,0.04491699999675802,2.471348,1.414912408,0.7166666666666667,1.0,0.7,0.7
stable porous MOFs for CO2 adsorption,q1_co2_adsorption,43,GraphSAGE only,3,qmof-2ba0cce,Co2C24H26N2S4,1|1|1|1,0.7598756790987566,0.8723203879496286,0.026043668960726005,0.2228060658698276,0.7598756790987566,0.04491699999675802,3.202535,1.580976593,0.7166666666666667,1.0,0.7,0.7
stable porous MOFs for CO2 adsorption,q1_co2_adsorption,43,GraphSAGE only,4,qmof-9a1ecbc,Co2C28Cl4H24N8S6,1|1|1|1,0.7598756790987566,0.8723203879496286,0.020718152406427416,0.21936390999166666,0.7598756790987566,0.04491699999675802,3.409833,1.797370089,0.7166666666666667,1.0,0.7,0.7
stable porous MOFs for CO2 adsorption,q1_co2_adsorption,43,GraphSAGE only,5,qmof-f2d872e,Co2C36H40N8O12,1|1|1|1,0.7598756790987566,0.8723203879496286,0.02127557819965102,0.21422282958571431,0.7598756790987566,0.04491699999675802,3.378082,1.334171796,0.7166666666666667,1.0,0.7,0.7
stable porous MOFs for CO2 adsorption,q1_co2_adsorption,43,GAT only,1,qmof-9a1ecbc,Co2C28Cl4H24N8S6,1|1|1|1,0.7598756790987566,0.8723203879496286,0.0,0.41725434943749995,0.7598756790987566,0.03308299999105202,3.409833,1.797370089,0.7166666666666667,1.0,0.7,0.7
stable porous MOFs for CO2 adsorption,q1_co2_adsorption,43,GAT only,2,qmof-1ca4ac2,Co2Cu4Br4C30H60N6S12,1|1|1|1,0.7598756790987566,0.8723203879496286,0.02189175418099708,0.40025622489724577,0.7598756790987566,0.03308299999105202,2.866054,1.689685123,0.7166666666666667,1.0,0.7,0.7
stable porous MOFs for CO2 adsorption,q1_co2_adsorption,43,GAT only,3,qmof-2ba0cce,Co2C24H26N2S4,1|1|1|1,0.7598756790987566,0.8723203879496286,0.018622472206499825,0.38989278707543107,0.7598756790987566,0.03308299999105202,3.202535,1.580976593,0.7166666666666667,1.0,0.7,0.7
stable porous MOFs for CO2 adsorption,q1_co2_adsorption,43,GAT only,4,qmof-71748b1,Co2C34H26N10O10S6,1|1|1|1,0.7598756790987566,0.8723203879496286,0.016045052857443818,0.38425537878409094,0.7598756790987566,0.03308299999105202,3.369053,1.740750274,0.7166666666666667,1.0,0.7,0.7
stable porous MOFs for CO2 adsorption,q1_co2_adsorption,43,GAT only,5,qmof-c11323c,Co2C40H32N4O8,1|1|1|1,0.7598756790987566,0.8723203879496286,0.018004597961380115,0.3813141644665698,0.7598756790987566,0.03308299999105202,3.474905,1.402324029,0.7166666666666667,1.0,0.7,0.7
stable porous MOFs for CO2 adsorption,q1_co2_adsorption,43,LEA + GraphSAGE,1,qmof-1ca4ac2,Co2Cu4Br4C30H60N6S12,1|1|1|1,0.7598756790987566,0.8723203879496286,0.0,0.24276514119872877,0.7580031480907227,83.45887500000515,2.866054,1.689685123,0.7166666666666667,1.0,0.7,0.7
stable porous MOFs for CO2 adsorption,q1_co2_adsorption,43,LEA + GraphSAGE,2,qmof-330a403,Co2C58F12H32N8O8S2,1|1|1|1,0.7598756790987566,0.8723203879496286,0.022168108750337256,0.2340455038262295,0.7563867668080384,83.45887500000515,2.471348,1.414912408,0.7166666666666667,1.0,0.7,0.7
stable porous MOFs for CO2 adsorption,q1_co2_adsorption,43,LEA + GraphSAGE,3,qmof-54f7ee7,Co2K2C48H44N4O6,1|1|1|1,0.7598756790987566,0.8723203879496286,0.028049852981038115,0.21412701546462262,0.7526904974397162,83.45887500000515,1.505111,1.497174385,0.7166666666666667,1.0,0.7,0.7
stable porous MOFs for CO2 adsorption,q1_co2_adsorption,43,LEA + GraphSAGE,4,qmof-f69d443,Co2C40H28N12O8,1|1|1|1,0.7598756790987566,0.8723203879496286,0.024188523667243975,0.21277171893055555,0.7524388051377359,83.45887500000515,2.877886,1.370451155,0.7166666666666667,1.0,0.7,0.7
stable porous MOFs for CO2 adsorption,q1_co2_adsorption,43,LEA + GraphSAGE,5,qmof-68234b7,Co2C30H32N2O14,1|1|1|1,0.7598756790987566,0.8723203879496286,0.02485616941510584,0.212562255775,0.7523999036096293,83.45887500000515,3.266102,1.399169923,0.7166666666666667,1.0,0.7,0.7
stable porous MOFs for CO2 adsorption,q1_co2_adsorption,43,LEA + GAT,1,qmof-1ca4ac2,Co2Cu4Br4C30H60N6S12,1|1|1|1,0.7598756790987566,0.8723203879496286,0.0,0.40025622489724577,0.7869555729977663,83.64466599999787,2.866054,1.689685123,0.7166666666666667,1.0,0.7,0.7
stable porous MOFs for CO2 adsorption,q1_co2_adsorption,43,LEA + GAT,2,qmof-fd921b0,Co2C16H16N8O8,1|1|1|1,0.7598756790987566,0.8723203879496286,0.03017860855081441,0.372542225,0.7819019052955025,83.64466599999787,3.390441,1.58214776,0.7166666666666667,1.0,0.7,0.7
stable porous MOFs for CO2 adsorption,q1_co2_adsorption,43,LEA + GAT,3,qmof-68234b7,Co2C30H32N2O14,1|1|1|1,0.7598756790987566,0.8723203879496286,0.019515655799326646,0.36976799981249997,0.7813948509965276,83.64466599999787,3.266102,1.399169923,0.7166666666666667,1.0,0.7,0.7
stable porous MOFs for CO2 adsorption,q1_co2_adsorption,43,LEA + GAT,4,qmof-330a403,Co2C58F12H32N8O8S2,1|1|1|1,0.7598756790987566,0.8723203879496286,0.02651777201612623,0.36886524794262293,0.7812298084009255,83.64466599999787,2.471348,1.414912408,0.7166666666666667,1.0,0.7,0.7
stable porous MOFs for CO2 adsorption,q1_co2_adsorption,43,LEA + GAT,5,qmof-334586a,Co2C28H20N16S4,1|1|1|1,0.7598756790987566,0.8723203879496286,0.02196378164836712,0.36862252732142853,0.7811854301809836,83.64466599999787,3.172952,1.76521634,0.7166666666666667,1.0,0.7,0.7
stable porous MOFs for CO2 adsorption,q1_co2_adsorption,44,SemanticOnly,1,qmof-fe6f735,Co2C58H64N8O12,1|1|1|1,0.6672849381728494,0.9107321446432144,0.0,,0.6672849381728494,0.03799999998932435,4.292873,1.418878739,0.7166666666666667,0.5,0.7,0.7
stable porous MOFs for CO2 adsorption,q1_co2_adsorption,44,SemanticOnly,2,qmof-fd921b0,Co2C16H16N8O8,1|1|1|1,0.7598756790987566,0.8723203879496286,0.033690205295809274,,0.7598756790987566,0.03799999998932435,3.390441,1.58214776,0.7166666666666667,1.0,0.7,0.7
stable porous MOFs for CO2 adsorption,q1_co2_adsorption,44,SemanticOnly,3,qmof-f771839,Co2C38H40N8O8,1|1|1|1,0.6672849381728494,0.9107321446432144,0.018843940863880002,,0.6672849381728494,0.03799999998932435,4.295336,1.401927433,0.7166666666666667,0.5,0.7,0.7
stable porous MOFs for CO2 adsorption,q1_co2_adsorption,44,SemanticOnly,4,qmof-f69d443,Co2C40H28N12O8,1|1|1|1,0.7598756790987566,0.8723203879496286,0.02606624644263648,,0.7598756790987566,0.03799999998932435,2.877886,1.370451155,0.7166666666666667,1.0,0.7,0.7
stable porous MOFs for CO2 adsorption,q1_co2_adsorption,44,SemanticOnly,5,qmof-f343390,Co2C34H22N6O8,1|1|1|1,0.7598756790987566,0.8723203879496286,0.022898053738234184,,0.7598756790987566,0.03799999998932435,3.060735,1.790740334,0.7166666666666667,1.0,0.7,0.7
stable porous MOFs for CO2 adsorption,q1_co2_adsorption,44,WeightedSum,1,qmof-fd921b0,Co2C16H16N8O8,1|1|1|1,0.7598756790987566,0.8723203879496286,0.0,,0.7598756790987566,0.04654100000323069,3.390441,1.58214776,0.7166666666666667,1.0,0.7,0.7
stable porous MOFs for CO2 adsorption,q1_co2_adsorption,44,WeightedSum,2,qmof-f69d443,Co2C40H28N12O8,1|1|1|1,0.7598756790987566,0.8723203879496286,0.017994121113278753,,0.7598756790987566,0.04654100000323069,2.877886,1.370451155,0.7166666666666667,1.0,0.7,0.7
stable porous MOFs for CO2 adsorption,q1_co2_adsorption,44,WeightedSum,3,qmof-f343390,Co2C34H22N6O8,1|1|1|1,0.7598756790987566,0.8723203879496286,0.01446230513048269,,0.7598756790987566,0.04654100000323069,3.060735,1.790740334,0.7166666666666667,1.0,0.7,0.7
stable porous MOFs for CO2 adsorption,q1_co2_adsorption,44,WeightedSum,4,qmof-f2d872e,Co2C36H40N8O12,1|1|1|1,0.7598756790987566,0.8723203879496286,0.015981457580943253,,0.7598756790987566,0.04654100000323069,3.378082,1.334171796,0.7166666666666667,1.0,0.7,0.7
stable porous MOFs for CO2 adsorption,q1_co2_adsorption,44,WeightedSum,5,qmof-f0c9af4,Co2C50H38N10O12,1|1|1|1,0.7598756790987566,0.8723203879496286,0.01704207044594936,,0.7598756790987566,0.04654100000323069,2.642464,1.607919854,0.7166666666666667,1.0,0.7,0.7
stable porous MOFs for CO2 adsorption,q1_co2_adsorption,44,TOPSIS,1,qmof-fd921b0,Co2C16H16N8O8,1|1|1|1,0.7598756790987566,0.8723203879496286,0.0,,0.7598756790987566,0.9929999999940264,3.390441,1.58214776,0.7166666666666667,1.0,0.7,0.7
stable porous MOFs for CO2 adsorption,q1_co2_adsorption,44,TOPSIS,2,qmof-f69d443,Co2C40H28N12O8,1|1|1|1,0.7598756790987566,0.8723203879496286,0.017994121113278753,,0.7598756790987566,0.9929999999940264,2.877886,1.370451155,0.7166666666666667,1.0,0.7,0.7
stable porous MOFs for CO2 adsorption,q1_co2_adsorption,44,TOPSIS,3,qmof-f343390,Co2C34H22N6O8,1|1|1|1,0.7598756790987566,0.8723203879496286,0.01446230513048269,,0.7598756790987566,0.9929999999940264,3.060735,1.790740334,0.7166666666666667,1.0,0.7,0.7
stable porous MOFs for CO2 adsorption,q1_co2_adsorption,44,TOPSIS,4,qmof-f2d872e,Co2C36H40N8O12,1|1|1|1,0.7598756790987566,0.8723203879496286,0.015981457580943253,,0.7598756790987566,0.9929999999940264,3.378082,1.334171796,0.7166666666666667,1.0,0.7,0.7
stable porous MOFs for CO2 adsorption,q1_co2_adsorption,44,TOPSIS,5,qmof-f0c9af4,Co2C50H38N10O12,1|1|1|1,0.7598756790987566,0.8723203879496286,0.01704207044594936,,0.7598756790987566,0.9929999999940264,2.642464,1.607919854,0.7166666666666667,1.0,0.7,0.7
stable porous MOFs for CO2 adsorption,q1_co2_adsorption,44,ParetoCrowding,1,qmof-ba8d316,Co2C32H24O12,1|1|1|1,0.7598756790987566,0.8723203879496286,0.0,,0.7598756790987566,236.77562499999283,1.250046,1.746231048,0.7166666666666667,1.0,0.7,0.7
stable porous MOFs for CO2 adsorption,q1_co2_adsorption,44,ParetoCrowding,2,qmof-54f7ee7,Co2K2C48H44N4O6,1|1|1|1,0.7598756790987566,0.8723203879496286,0.019297118401298562,,0.7598756790987566,236.77562499999283,1.505111,1.497174385,0.7166666666666667,1.0,0.7,0.7
stable porous MOFs for CO2 adsorption,q1_co2_adsorption,44,ParetoCrowding,3,qmof-ec84fcf,Co2C20H16N28,1|1|1|1,0.7598756790987566,0.8723203879496286,0.03739819826852833,,0.7598756790987566,236.77562499999283,2.596155,1.767424228,0.7166666666666667,1.0,0.7,0.7
stable porous MOFs for CO2 adsorption,q1_co2_adsorption,44,ParetoCrowding,4,qmof-01f1640,Co2C28H20N8O8,1|1|1|1,0.7598756790987566,0.8723203879496286,0.01962880900561523,,0.7598756790987566,236.77562499999283,1.942124,1.64776998,0.7166666666666667,1.0,0.7,0.7
stable porous MOFs for CO2 adsorption,q1_co2_adsorption,44,ParetoCrowding,5,qmof-1ca4ac2,Co2Cu4Br4C30H60N6S12,1|1|1|1,0.7598756790987566,0.8723203879496286,0.03661351966393627,,0.7598756790987566,236.77562499999283,2.866054,1.689685123,0.7166666666666667,1.0,0.7,0.7
stable porous MOFs for CO2 adsorption,q1_co2_adsorption,44,Random,1,qmof-b92e7e5,Co2C46H30N4O10,1|1|1|1,0.7598756790987566,0.8723203879496286,0.0,,0.7598756790987566,0.2234170000008362,3.090608,1.765661658,0.7166666666666667,1.0,0.7,0.7
stable porous MOFs for CO2 adsorption,q1_co2_adsorption,44,Random,2,qmof-3eba276,Co2C48H28N4O12S2,1|1|1|1,0.7598756790987566,0.8723203879496286,0.0070303077183143095,,0.7598756790987566,0.2234170000008362,3.11041,1.663508405,0.7166666666666667,1.0,0.7,0.7
stable porous MOFs for CO2 adsorption,q1_co2_adsorption,44,Random,3,qmof-3f10a21,Co2C44H36N8O8,1|1|1|1,0.6672849381728494,0.9107321446432144,0.027503195433120624,,0.6672849381728494,0.2234170000008362,4.462347,1.545215391,0.7166666666666667,0.5,0.7,0.7
stable porous MOFs for CO2 adsorption,q1_co2_adsorption,44,Random,4,qmof-b78a98a,Co2C32H20N2O8,1|1|1|1,0.7598756790987566,0.8723203879496286,0.015382266474193447,,0.7598756790987566,0.2234170000008362,3.231363,1.690505428,0.7166666666666667,1.0,0.7,0.7
stable porous MOFs for CO2 adsorption,q1_co2_adsorption,44,Random,5,qmof-2f1a847,Co2C66H48N4O12,1|1|1|1,0.7598756790987566,0.8723203879496286,0.018087355922067696,,0.7598756790987566,0.2234170000008362,3.171648,1.563157733,0.7166666666666667,1.0,0.7,0.7
stable porous MOFs for CO2 adsorption,q1_co2_adsorption,44,MMR,1,qmof-a5ebf1c,Co2C28H20N6O10,1|1|1|1,0.7598756790987566,0.8723203879496286,0.0,,0.7598756790987566,2157.770999999997,3.242997,1.788603861,0.7166666666666667,1.0,0.7,0.7
stable porous MOFs for CO2 adsorption,q1_co2_adsorption,44,MMR,2,qmof-ba8d316,Co2C32H24O12,1|1|1|1,0.7598756790987566,0.8723203879496286,0.03896483756149301,,0.7598756790987566,2157.770999999997,1.250046,1.746231048,0.7166666666666667,1.0,0.7,0.7
stable porous MOFs for CO2 adsorption,q1_co2_adsorption,44,MMR,3,qmof-1ca4ac2,Co2Cu4Br4C30H60N6S12,1|1|1|1,0.7598756790987566,0.8723203879496286,0.03631074968327231,,0.7598756790987566,2157.770999999997,2.866054,1.689685123,0.7166666666666667,1.0,0.7,0.7
stable porous MOFs for CO2 adsorption,q1_co2_adsorption,44,MMR,4,qmof-ec84fcf,Co2C20H16N28,1|1|1|1,0.7598756790987566,0.8723203879496286,0.033318334681985105,,0.7598756790987566,2157.770999999997,2.596155,1.767424228,0.7166666666666667,1.0,0.7,0.7
stable porous MOFs for CO2 adsorption,q1_co2_adsorption,44,MMR,5,qmof-c96d53b,Co2C72H56N8O8,1|1|1|1,0.7598756790987566,0.8723203879496286,0.03256140734750576,,0.7598756790987566,2157.770999999997,3.014331,1.404307277,0.7166666666666667,1.0,0.7,0.7
stable porous MOFs for CO2 adsorption,q1_co2_adsorption,44,LEA,1,qmof-a5ebf1c,Co2C28H20N6O10,1|1|1|1,0.7598756790987566,0.8723203879496286,0.0,,0.8471077178937196,81.67829199999233,3.242997,1.788603861,0.7166666666666667,1.0,0.7,0.7
stable porous MOFs for CO2 adsorption,q1_co2_adsorption,44,LEA,2,qmof-ba8d316,Co2C32H24O12,1|1|1|1,0.7598756790987566,0.8723203879496286,0.03896483756149301,,0.8036692482751892,81.67829199999233,1.250046,1.746231048,0.7166666666666667,1.0,0.7,0.7
stable porous MOFs for CO2 adsorption,q1_co2_adsorption,44,LEA,3,qmof-54f7ee7,Co2K2C48H44N4O6,1|1|1|1,0.7598756790987566,0.8723203879496286,0.028267347185773152,,0.8032215025664834,81.67829199999233,1.505111,1.497174385,0.7166666666666667,1.0,0.7,0.7
stable porous MOFs for CO2 adsorption,q1_co2_adsorption,44,LEA,4,qmof-01f1640,Co2C28H20N8O8,1|1|1|1,0.7598756790987566,0.8723203879496286,0.019940790655192327,,0.8016677141007471,81.67829199999233,1.942124,1.64776998,0.7166666666666667,1.0,0.7,0.7
stable porous MOFs for CO2 adsorption,q1_co2_adsorption,44,LEA,5,qmof-330a403,Co2C58F12H32N8O8S2,1|1|1|1,0.7598756790987566,0.8723203879496286,0.028261986739858982,,0.8016310214536326,81.67829199999233,2.471348,1.414912408,0.7166666666666667,1.0,0.7,0.7
stable porous MOFs for CO2 adsorption,q1_co2_adsorption,44,LEA no diversity,1,qmof-a5ebf1c,Co2C28H20N6O10,1|1|1|1,0.7598756790987566,0.8723203879496286,0.0,,0.8471077178937196,85.71866699999475,3.242997,1.788603861,0.7166666666666667,1.0,0.7,0.7
stable porous MOFs for CO2 adsorption,q1_co2_adsorption,44,LEA no diversity,2,qmof-ba8d316,Co2C32H24O12,1|1|1|1,0.7598756790987566,0.8723203879496286,0.03896483756149301,,0.799263006481465,85.71866699999475,1.250046,1.746231048,0.7166666666666667,1.0,0.7,0.7
stable porous MOFs for CO2 adsorption,q1_co2_adsorption,44,LEA no diversity,3,qmof-54f7ee7,Co2K2C48H44N4O6,1|1|1|1,0.7598756790987566,0.8723203879496286,0.028267347185773152,,0.7991179610105218,85.71866699999475,1.505111,1.497174385,0.7166666666666667,1.0,0.7,0.7
stable porous MOFs for CO2 adsorption,q1_co2_adsorption,44,LEA no diversity,4,qmof-01f1640,Co2C28H20N8O8,1|1|1|1,0.7598756790987566,0.8723203879496286,0.019940790655192327,,0.7986123147822967,85.71866699999475,1.942124,1.64776998,0.7166666666666667,1.0,0.7,0.7
stable porous MOFs for CO2 adsorption,q1_co2_adsorption,44,LEA no diversity,5,qmof-330a403,Co2C58F12H32N8O8S2,1|1|1|1,0.7598756790987566,0.8723203879496286,0.028261986739858982,,0.7986003307563669,85.71866699999475,2.471348,1.414912408,0.7166666666666667,1.0,0.7,0.7
stable porous MOFs for CO2 adsorption,q1_co2_adsorption,44,LEA no self-cleaning,1,qmof-a5ebf1c,Co2C28H20N6O10,1|1|1|1,0.7598756790987566,0.8723203879496286,0.0,,0.8471077178937196,86.43687499998975,3.242997,1.788603861,0.7166666666666667,1.0,0.7,0.7
stable porous MOFs for CO2 adsorption,q1_co2_adsorption,44,LEA no self-cleaning,2,qmof-ba8d316,Co2C32H24O12,1|1|1|1,0.7598756790987566,0.8723203879496286,0.03896483756149301,,0.8036692482751892,86.43687499998975,1.250046,1.746231048,0.7166666666666667,1.0,0.7,0.7
stable porous MOFs for CO2 adsorption,q1_co2_adsorption,44,LEA no self-cleaning,3,qmof-54f7ee7,Co2K2C48H44N4O6,1|1|1|1,0.7598756790987566,0.8723203879496286,0.028267347185773152,,0.8032215025664834,86.43687499998975,1.505111,1.497174385,0.7166666666666667,1.0,0.7,0.7
stable porous MOFs for CO2 adsorption,q1_co2_adsorption,44,LEA no self-cleaning,4,qmof-01f1640,Co2C28H20N8O8,1|1|1|1,0.7598756790987566,0.8723203879496286,0.019940790655192327,,0.8016677141007471,86.43687499998975,1.942124,1.64776998,0.7166666666666667,1.0,0.7,0.7
stable porous MOFs for CO2 adsorption,q1_co2_adsorption,44,LEA no self-cleaning,5,qmof-330a403,Co2C58F12H32N8O8S2,1|1|1|1,0.7598756790987566,0.8723203879496286,0.028261986739858982,,0.8016310214536326,86.43687499998975,2.471348,1.414912408,0.7166666666666667,1.0,0.7,0.7
stable porous MOFs for CO2 adsorption,q1_co2_adsorption,44,GraphSAGE only,1,qmof-1ca4ac2,Co2Cu4Br4C30H60N6S12,1|1|1|1,0.7598756790987566,0.8723203879496286,0.0,0.24276514119872877,0.7598756790987566,0.035999999994373866,2.866054,1.689685123,0.7166666666666667,1.0,0.7,0.7
stable porous MOFs for CO2 adsorption,q1_co2_adsorption,44,GraphSAGE only,2,qmof-330a403,Co2C58F12H32N8O8S2,1|1|1|1,0.7598756790987566,0.8723203879496286,0.022168108750337256,0.2340455038262295,0.7598756790987566,0.035999999994373866,2.471348,1.414912408,0.7166666666666667,1.0,0.7,0.7
stable porous MOFs for CO2 adsorption,q1_co2_adsorption,44,GraphSAGE only,3,qmof-2ba0cce,Co2C24H26N2S4,1|1|1|1,0.7598756790987566,0.8723203879496286,0.026043668960726005,0.2228060658698276,0.7598756790987566,0.035999999994373866,3.202535,1.580976593,0.7166666666666667,1.0,0.7,0.7
stable porous MOFs for CO2 adsorption,q1_co2_adsorption,44,GraphSAGE only,4,qmof-9a1ecbc,Co2C28Cl4H24N8S6,1|1|1|1,0.7598756790987566,0.8723203879496286,0.020718152406427416,0.21936390999166666,0.7598756790987566,0.035999999994373866,3.409833,1.797370089,0.7166666666666667,1.0,0.7,0.7
stable porous MOFs for CO2 adsorption,q1_co2_adsorption,44,GraphSAGE only,5,qmof-f2d872e,Co2C36H40N8O12,1|1|1|1,0.7598756790987566,0.8723203879496286,0.02127557819965102,0.21422282958571431,0.7598756790987566,0.035999999994373866,3.378082,1.334171796,0.7166666666666667,1.0,0.7,0.7
stable porous MOFs for CO2 adsorption,q1_co2_adsorption,44,GAT only,1,qmof-9a1ecbc,Co2C28Cl4H24N8S6,1|1|1|1,0.7598756790987566,0.8723203879496286,0.0,0.41725434943749995,0.7598756790987566,0.0386669999983269,3.409833,1.797370089,0.7166666666666667,1.0,0.7,0.7
stable porous MOFs for CO2 adsorption,q1_co2_adsorption,44,GAT only,2,qmof-1ca4ac2,Co2Cu4Br4C30H60N6S12,1|1|1|1,0.7598756790987566,0.8723203879496286,0.02189175418099708,0.40025622489724577,0.7598756790987566,0.0386669999983269,2.866054,1.689685123,0.7166666666666667,1.0,0.7,0.7
stable porous MOFs for CO2 adsorption,q1_co2_adsorption,44,GAT only,3,qmof-2ba0cce,Co2C24H26N2S4,1|1|1|1,0.7598756790987566,0.8723203879496286,0.018622472206499825,0.38989278707543107,0.7598756790987566,0.0386669999983269,3.202535,1.580976593,0.7166666666666667,1.0,0.7,0.7
stable porous MOFs for CO2 adsorption,q1_co2_adsorption,44,GAT only,4,qmof-71748b1,Co2C34H26N10O10S6,1|1|1|1,0.7598756790987566,0.8723203879496286,0.016045052857443818,0.38425537878409094,0.7598756790987566,0.0386669999983269,3.369053,1.740750274,0.7166666666666667,1.0,0.7,0.7
stable porous MOFs for CO2 adsorption,q1_co2_adsorption,44,GAT only,5,qmof-c11323c,Co2C40H32N4O8,1|1|1|1,0.7598756790987566,0.8723203879496286,0.018004597961380115,0.3813141644665698,0.7598756790987566,0.0386669999983269,3.474905,1.402324029,0.7166666666666667,1.0,0.7,0.7
stable porous MOFs for CO2 adsorption,q1_co2_adsorption,44,LEA + GraphSAGE,1,qmof-9a1ecbc,Co2C28Cl4H24N8S6,1|1|1|1,0.7598756790987566,0.8723203879496286,0.0,0.21936390999166666,0.7536628187918287,85.97925000000828,3.409833,1.797370089,0.7166666666666667,1.0,0.7,0.7
stable porous MOFs for CO2 adsorption,q1_co2_adsorption,44,LEA + GraphSAGE,2,qmof-f69d443,Co2C40H28N12O8,1|1|1|1,0.7598756790987566,0.8723203879496286,0.020818777037570648,0.21277171893055555,0.7524388051377359,85.97925000000828,2.877886,1.370451155,0.7166666666666667,1.0,0.7,0.7
stable porous MOFs for CO2 adsorption,q1_co2_adsorption,44,LEA + GraphSAGE,3,qmof-68234b7,Co2C30H32N2O14,1|1|1|1,0.7598756790987566,0.8723203879496286,0.01614212029257614,0.212562255775,0.7523999036096293,85.97925000000828,3.266102,1.399169923,0.7166666666666667,1.0,0.7,0.7
stable porous MOFs for CO2 adsorption,q1_co2_adsorption,44,LEA + GraphSAGE,4,qmof-c11323c,Co2C40H32N4O8,1|1|1|1,0.7598756790987566,0.8723203879496286,0.012948013351323338,0.21110476759244187,0.7521292032094165,85.97925000000828,3.474905,1.402324029,0.7166666666666667,1.0,0.7,0.7
stable porous MOFs for CO2 adsorption,q1_co2_adsorption,44,LEA + GraphSAGE,5,qmof-14eb177,Co2C44H36N8O8,1|1|1|1,0.7598756790987566,0.8723203879496286,0.011225241133378146,0.2084425858107143,0.7516346846852743,85.97925000000828,3.496948,1.411241713,0.7166666666666667,1.0,0.7,0.7
stable porous MOFs for CO2 adsorption,q1_co2_adsorption,44,LEA + GAT,1,qmof-9a1ecbc,Co2C28Cl4H24N8S6,1|1|1|1,0.7598756790987566,0.8723203879496286,0.0,0.41725434943749995,0.7900437837291361,87.85579199999916,3.409833,1.797370089,0.7166666666666667,1.0,0.7,0.7
stable porous MOFs for CO2 adsorption,q1_co2_adsorption,44,LEA + GAT,2,qmof-c11323c,Co2C40H32N4O8,1|1|1|1,0.7598756790987566,0.8723203879496286,0.017572263106267832,0.3813141644665698,0.7835038219227985,87.85579199999916,3.474905,1.402324029,0.7166666666666667,1.0,0.7,0.7
stable porous MOFs for CO2 adsorption,q1_co2_adsorption,44,LEA + GAT,3,qmof-14eb177,Co2C44H36N8O8,1|1|1|1,0.7598756790987566,0.8723203879496286,0.010997172665872617,0.3807979464068878,0.7834096093258442,87.85579199999916,3.496948,1.411241713,0.7166666666666667,1.0,0.7,0.7
stable porous MOFs for CO2 adsorption,q1_co2_adsorption,44,LEA + GAT,4,qmof-92f3405,Co2C32H34N4O8,1|1|1|1,0.7598756790987566,0.8723203879496286,0.00979479555809878,0.37212761225,0.7818261380896516,87.85579199999916,3.41823,1.507459004,0.7166666666666667,1.0,0.7,0.7
stable porous MOFs for CO2 adsorption,q1_co2_adsorption,44,LEA + GAT,5,qmof-68234b7,Co2C30H32N2O14,1|1|1|1,0.7598756790987566,0.8723203879496286,0.01108868647047779,0.36976799981249997,0.7813948509965276,87.85579199999916,3.266102,1.399169923,0.7166666666666667,1.0,0.7,0.7
stable porous MOFs for CO2 adsorption,q1_co2_adsorption,45,SemanticOnly,1,qmof-fd921b0,Co2C16H16N8O8,1|1|1|1,0.7598756790987566,0.8723203879496286,0.0,,0.7598756790987566,0.03520900000353322,3.390441,1.58214776,0.7166666666666667,1.0,0.7,0.7
stable porous MOFs for CO2 adsorption,q1_co2_adsorption,45,SemanticOnly,2,qmof-f771839,Co2C38H40N8O8,1|1|1|1,0.6672849381728494,0.9107321446432144,0.024054862078152314,,0.6672849381728494,0.03520900000353322,4.295336,1.401927433,0.7166666666666667,0.5,0.7,0.7
stable porous MOFs for CO2 adsorption,q1_co2_adsorption,45,SemanticOnly,3,qmof-f69d443,Co2C40H28N12O8,1|1|1|1,0.7598756790987566,0.8723203879496286,0.023009564184361724,,0.7598756790987566,0.03520900000353322,2.877886,1.370451155,0.7166666666666667,1.0,0.7,0.7
stable porous MOFs for CO2 adsorption,q1_co2_adsorption,45,SemanticOnly,4,qmof-f360972,Co2C18H28N4O12P4,1|1|1|1,0.6672849381728494,0.9107321446432144,0.021210007672991967,,0.6672849381728494,0.03520900000353322,3.915648,1.787219535,0.7166666666666667,0.5,0.7,0.7
stable porous MOFs for CO2 adsorption,q1_co2_adsorption,45,SemanticOnly,5,qmof-f343390,Co2C34H22N6O8,1|1|1|1,0.7598756790987566,0.8723203879496286,0.020041999537681092,,0.7598756790987566,0.03520900000353322,3.060735,1.790740334,0.7166666666666667,1.0,0.7,0.7
stable porous MOFs for CO2 adsorption,q1_co2_adsorption,45,WeightedSum,1,qmof-fd921b0,Co2C16H16N8O8,1|1|1|1,0.7598756790987566,0.8723203879496286,0.0,,0.7598756790987566,0.04891700000086985,3.390441,1.58214776,0.7166666666666667,1.0,0.7,0.7
stable porous MOFs for CO2 adsorption,q1_co2_adsorption,45,WeightedSum,2,qmof-f69d443,Co2C40H28N12O8,1|1|1|1,0.7598756790987566,0.8723203879496286,0.017994121113278753,,0.7598756790987566,0.04891700000086985,2.877886,1.370451155,0.7166666666666667,1.0,0.7,0.7
stable porous MOFs for CO2 adsorption,q1_co2_adsorption,45,WeightedSum,3,qmof-f343390,Co2C34H22N6O8,1|1|1|1,0.7598756790987566,0.8723203879496286,0.01446230513048269,,0.7598756790987566,0.04891700000086985,3.060735,1.790740334,0.7166666666666667,1.0,0.7,0.7
stable porous MOFs for CO2 adsorption,q1_co2_adsorption,45,WeightedSum,4,qmof-f2d872e,Co2C36H40N8O12,1|1|1|1,0.7598756790987566,0.8723203879496286,0.015981457580943253,,0.7598756790987566,0.04891700000086985,3.378082,1.334171796,0.7166666666666667,1.0,0.7,0.7
stable porous MOFs for CO2 adsorption,q1_co2_adsorption,45,WeightedSum,5,qmof-f0c9af4,Co2C50H38N10O12,1|1|1|1,0.7598756790987566,0.8723203879496286,0.01704207044594936,,0.7598756790987566,0.04891700000086985,2.642464,1.607919854,0.7166666666666667,1.0,0.7,0.7
stable porous MOFs for CO2 adsorption,q1_co2_adsorption,45,TOPSIS,1,qmof-fd921b0,Co2C16H16N8O8,1|1|1|1,0.7598756790987566,0.8723203879496286,0.0,,0.7598756790987566,1.0107919999882142,3.390441,1.58214776,0.7166666666666667,1.0,0.7,0.7
stable porous MOFs for CO2 adsorption,q1_co2_adsorption,45,TOPSIS,2,qmof-f69d443,Co2C40H28N12O8,1|1|1|1,0.7598756790987566,0.8723203879496286,0.017994121113278753,,0.7598756790987566,1.0107919999882142,2.877886,1.370451155,0.7166666666666667,1.0,0.7,0.7
stable porous MOFs for CO2 adsorption,q1_co2_adsorption,45,TOPSIS,3,qmof-f343390,Co2C34H22N6O8,1|1|1|1,0.7598756790987566,0.8723203879496286,0.01446230513048269,,0.7598756790987566,1.0107919999882142,3.060735,1.790740334,0.7166666666666667,1.0,0.7,0.7
stable porous MOFs for CO2 adsorption,q1_co2_adsorption,45,TOPSIS,4,qmof-f2d872e,Co2C36H40N8O12,1|1|1|1,0.7598756790987566,0.8723203879496286,0.015981457580943253,,0.7598756790987566,1.0107919999882142,3.378082,1.334171796,0.7166666666666667,1.0,0.7,0.7
stable porous MOFs for CO2 adsorption,q1_co2_adsorption,45,TOPSIS,5,qmof-f0c9af4,Co2C50H38N10O12,1|1|1|1,0.7598756790987566,0.8723203879496286,0.01704207044594936,,0.7598756790987566,1.0107919999882142,2.642464,1.607919854,0.7166666666666667,1.0,0.7,0.7
stable porous MOFs for CO2 adsorption,q1_co2_adsorption,45,ParetoCrowding,1,qmof-ba8d316,Co2C32H24O12,1|1|1|1,0.7598756790987566,0.8723203879496286,0.0,,0.7598756790987566,225.88420799999653,1.250046,1.746231048,0.7166666666666667,1.0,0.7,0.7
stable porous MOFs for CO2 adsorption,q1_co2_adsorption,45,ParetoCrowding,2,qmof-54f7ee7,Co2K2C48H44N4O6,1|1|1|1,0.7598756790987566,0.8723203879496286,0.019297118401298562,,0.7598756790987566,225.88420799999653,1.505111,1.497174385,0.7166666666666667,1.0,0.7,0.7
stable porous MOFs for CO2 adsorption,q1_co2_adsorption,45,ParetoCrowding,3,qmof-ec84fcf,Co2C20H16N28,1|1|1|1,0.7598756790987566,0.8723203879496286,0.03739819826852833,,0.7598756790987566,225.88420799999653,2.596155,1.767424228,0.7166666666666667,1.0,0.7,0.7
stable porous MOFs for CO2 adsorption,q1_co2_adsorption,45,ParetoCrowding,4,qmof-01f1640,Co2C28H20N8O8,1|1|1|1,0.7598756790987566,0.8723203879496286,0.01962880900561523,,0.7598756790987566,225.88420799999653,1.942124,1.64776998,0.7166666666666667,1.0,0.7,0.7
stable porous MOFs for CO2 adsorption,q1_co2_adsorption,45,ParetoCrowding,5,qmof-1ca4ac2,Co2Cu4Br4C30H60N6S12,1|1|1|1,0.7598756790987566,0.8723203879496286,0.03661351966393627,,0.7598756790987566,225.88420799999653,2.866054,1.689685123,0.7166666666666667,1.0,0.7,0.7
stable porous MOFs for CO2 adsorption,q1_co2_adsorption,45,Random,1,qmof-60450dd,Co2C56H44N8O8,1|1|1|1,0.6672849381728494,0.9107321446432144,0.0,,0.6672849381728494,0.05383399999914218,3.575322,1.47312713,0.7166666666666667,0.5,0.7,0.7
stable porous MOFs for CO2 adsorption,q1_co2_adsorption,45,Random,2,qmof-bfae863,Co2Na2C48H36N10O8,1|1|1|1,0.7598756790987566,0.8723203879496286,0.02669642396165877,,0.7598756790987566,0.05383399999914218,2.244485,1.604622998,0.7166666666666667,1.0,0.7,0.7
stable porous MOFs for CO2 adsorption,q1_co2_adsorption,45,Random,3,qmof-e2b9aa4,Co2C38H26N10O8,1|1|1|1,0.7598756790987566,0.8723203879496286,0.01826094278317178,,0.7598756790987566,0.05383399999914218,3.431088,1.656139225,0.7166666666666667,1.0,0.7,0.7
stable porous MOFs for CO2 adsorption,q1_co2_adsorption,45,Random,4,qmof-466d3a2,Co2C44Cl2H44N6O4,1|1|1|1,0.7598756790987566,0.8723203879496286,0.014768909544933909,,0.7598756790987566,0.05383399999914218,3.045598,1.487445453,0.7166666666666667,1.0,0.7,0.7
stable porous MOFs for CO2 adsorption,q1_co2_adsorption,45,Random,5,qmof-f343390,Co2C34H22N6O8,1|1|1|1,0.7598756790987566,0.8723203879496286,0.016102011525646467,,0.7598756790987566,0.05383399999914218,3.060735,1.790740334,0.7166666666666667,1.0,0.7,0.7
stable porous MOFs for CO2 adsorption,q1_co2_adsorption,45,MMR,1,qmof-12ba7bc,Co2C46H28N8O12S4,1|1|1|1,0.7598756790987566,0.8723203879496286,0.0,,0.7598756790987566,2158.5231669999985,3.142553,1.708388658,0.7166666666666667,1.0,0.7,0.7
stable porous MOFs for CO2 adsorption,q1_co2_adsorption,45,MMR,2,qmof-ba8d316,Co2C32H24O12,1|1|1|1,0.7598756790987566,0.8723203879496286,0.039684345524419615,,0.7598756790987566,2158.5231669999985,1.250046,1.746231048,0.7166666666666667,1.0,0.7,0.7
stable porous MOFs for CO2 adsorption,q1_co2_adsorption,45,MMR,3,qmof-ec84fcf,Co2C20H16N28,1|1|1|1,0.7598756790987566,0.8723203879496286,0.03332203050236487,,0.7598756790987566,2158.5231669999985,2.596155,1.767424228,0.7166666666666667,1.0,0.7,0.7
stable porous MOFs for CO2 adsorption,q1_co2_adsorption,45,MMR,4,qmof-51d789e,Co2C16H24O12,1|1|1|1,0.7598756790987566,0.8723203879496286,0.030041707741143866,,0.7598756790987566,2158.5231669999985,3.034007,1.634350468,0.7166666666666667,1.0,0.7,0.7
stable porous MOFs for CO2 adsorption,q1_co2_adsorption,45,MMR,5,qmof-1ca4ac2,Co2Cu4Br4C30H60N6S12,1|1|1|1,0.7598756790987566,0.8723203879496286,0.03326491326203793,,0.7598756790987566,2158.5231669999985,2.866054,1.689685123,0.7166666666666667,1.0,0.7,0.7
stable porous MOFs for CO2 adsorption,q1_co2_adsorption,45,LEA,1,qmof-12ba7bc,Co2C46H28N8O12S4,1|1|1|1,0.7598756790987566,0.8723203879496286,0.0,,0.8471077178937196,84.72650000000215,3.142553,1.708388658,0.7166666666666667,1.0,0.7,0.7
stable porous MOFs for CO2 adsorption,q1_co2_adsorption,45,LEA,2,qmof-ba8d316,Co2C32H24O12,1|1|1|1,0.7598756790987566,0.8723203879496286,0.039684345524419615,,0.80393135324762,84.72650000000215,1.250046,1.746231048,0.7166666666666667,1.0,0.7,0.7
stable porous MOFs for CO2 adsorption,q1_co2_adsorption,45,LEA,3,qmof-54f7ee7,Co2K2C48H44N4O6,1|1|1|1,0.7598756790987566,0.8723203879496286,0.026190846241501434,,0.8028296956233992,84.72650000000215,1.505111,1.497174385,0.7166666666666667,1.0,0.7,0.7
stable porous MOFs for CO2 adsorption,q1_co2_adsorption,45,LEA,4,qmof-ec84fcf,Co2C20H16N28,1|1|1|1,0.7598756790987566,0.8723203879496286,0.03457100286492201,,0.8020754628965173,84.72650000000215,2.596155,1.767424228,0.7166666666666667,1.0,0.7,0.7
stable porous MOFs for CO2 adsorption,q1_co2_adsorption,45,LEA,5,qmof-01f1640,Co2C28H20N8O8,1|1|1|1,0.7598756790987566,0.8723203879496286,0.021214118472746776,,0.801895884687019,84.72650000000215,1.942124,1.64776998,0.7166666666666667,1.0,0.7,0.7
stable porous MOFs for CO2 adsorption,q1_co2_adsorption,45,LEA no diversity,1,qmof-12ba7bc,Co2C46H28N8O12S4,1|1|1|1,0.7598756790987566,0.8723203879496286,0.0,,0.8471077178937196,81.13379099999918,3.142553,1.708388658,0.7166666666666667,1.0,0.7,0.7
stable porous MOFs for CO2 adsorption,q1_co2_adsorption,45,LEA no diversity,2,qmof-ba8d316,Co2C32H24O12,1|1|1|1,0.7598756790987566,0.8723203879496286,0.039684345524419615,,0.7993477766303242,81.13379099999918,1.250046,1.746231048,0.7166666666666667,1.0,0.7,0.7
stable porous MOFs for CO2 adsorption,q1_co2_adsorption,45,LEA no diversity,3,qmof-54f7ee7,Co2K2C48H44N4O6,1|1|1|1,0.7598756790987566,0.8723203879496286,0.026190846241501434,,0.7989907931597819,81.13379099999918,1.505111,1.497174385,0.7166666666666667,1.0,0.7,0.7
stable porous MOFs for CO2 adsorption,q1_co2_adsorption,45,LEA no diversity,4,qmof-ec84fcf,Co2C20H16N28,1|1|1|1,0.7598756790987566,0.8723203879496286,0.03457100286492201,,0.7987453536500979,81.13379099999918,2.596155,1.767424228,0.7166666666666667,1.0,0.7,0.7
stable porous MOFs for CO2 adsorption,q1_co2_adsorption,45,LEA no diversity,5,qmof-01f1640,Co2C28H20N8O8,1|1|1|1,0.7598756790987566,0.8723203879496286,0.021214118472746776,,0.7986867918337136,81.13379099999918,1.942124,1.64776998,0.7166666666666667,1.0,0.7,0.7
stable porous MOFs for CO2 adsorption,q1_co2_adsorption,45,LEA no self-cleaning,1,qmof-12ba7bc,Co2C46H28N8O12S4,1|1|1|1,0.7598756790987566,0.8723203879496286,0.0,,0.8471077178937196,81.03254099999901,3.142553,1.708388658,0.7166666666666667,1.0,0.7,0.7
stable porous MOFs for CO2 adsorption,q1_co2_adsorption,45,LEA no self-cleaning,2,qmof-ba8d316,Co2C32H24O12,1|1|1|1,0.7598756790987566,0.8723203879496286,0.039684345524419615,,0.80393135324762,81.03254099999901,1.250046,1.746231048,0.7166666666666667,1.0,0.7,0.7
stable porous MOFs for CO2 adsorption,q1_co2_adsorption,45,LEA no self-cleaning,3,qmof-54f7ee7,Co2K2C48H44N4O6,1|1|1|1,0.7598756790987566,0.8723203879496286,0.026190846241501434,,0.8028296956233992,81.03254099999901,1.505111,1.497174385,0.7166666666666667,1.0,0.7,0.7
stable porous MOFs for CO2 adsorption,q1_co2_adsorption,45,LEA no self-cleaning,4,qmof-ec84fcf,Co2C20H16N28,1|1|1|1,0.7598756790987566,0.8723203879496286,0.03457100286492201,,0.8020754628965173,81.03254099999901,2.596155,1.767424228,0.7166666666666667,1.0,0.7,0.7
stable porous MOFs for CO2 adsorption,q1_co2_adsorption,45,LEA no self-cleaning,5,qmof-01f1640,Co2C28H20N8O8,1|1|1|1,0.7598756790987566,0.8723203879496286,0.021214118472746776,,0.801895884687019,81.03254099999901,1.942124,1.64776998,0.7166666666666667,1.0,0.7,0.7
stable porous MOFs for CO2 adsorption,q1_co2_adsorption,45,GraphSAGE only,1,qmof-1ca4ac2,Co2Cu4Br4C30H60N6S12,1|1|1|1,0.7598756790987566,0.8723203879496286,0.0,0.24276514119872877,0.7598756790987566,0.036708000010321484,2.866054,1.689685123,0.7166666666666667,1.0,0.7,0.7
stable porous MOFs for CO2 adsorption,q1_co2_adsorption,45,GraphSAGE only,2,qmof-330a403,Co2C58F12H32N8O8S2,1|1|1|1,0.7598756790987566,0.8723203879496286,0.022168108750337256,0.2340455038262295,0.7598756790987566,0.036708000010321484,2.471348,1.414912408,0.7166666666666667,1.0,0.7,0.7
stable porous MOFs for CO2 adsorption,q1_co2_adsorption,45,GraphSAGE only,3,qmof-2ba0cce,Co2C24H26N2S4,1|1|1|1,0.7598756790987566,0.8723203879496286,0.026043668960726005,0.2228060658698276,0.7598756790987566,0.036708000010321484,3.202535,1.580976593,0.7166666666666667,1.0,0.7,0.7
stable porous MOFs for CO2 adsorption,q1_co2_adsorption,45,GraphSAGE only,4,qmof-9a1ecbc,Co2C28Cl4H24N8S6,1|1|1|1,0.7598756790987566,0.8723203879496286,0.020718152406427416,0.21936390999166666,0.7598756790987566,0.036708000010321484,3.409833,1.797370089,0.7166666666666667,1.0,0.7,0.7
stable porous MOFs for CO2 adsorption,q1_co2_adsorption,45,GraphSAGE only,5,qmof-f2d872e,Co2C36H40N8O12,1|1|1|1,0.7598756790987566,0.8723203879496286,0.02127557819965102,0.21422282958571431,0.7598756790987566,0.036708000010321484,3.378082,1.334171796,0.7166666666666667,1.0,0.7,0.7
stable porous MOFs for CO2 adsorption,q1_co2_adsorption,45,GAT only,1,qmof-9a1ecbc,Co2C28Cl4H24N8S6,1|1|1|1,0.7598756790987566,0.8723203879496286,0.0,0.41725434943749995,0.7598756790987566,0.03312500000163254,3.409833,1.797370089,0.7166666666666667,1.0,0.7,0.7
stable porous MOFs for CO2 adsorption,q1_co2_adsorption,45,GAT only,2,qmof-1ca4ac2,Co2Cu4Br4C30H60N6S12,1|1|1|1,0.7598756790987566,0.8723203879496286,0.02189175418099708,0.40025622489724577,0.7598756790987566,0.03312500000163254,2.866054,1.689685123,0.7166666666666667,1.0,0.7,0.7
stable porous MOFs for CO2 adsorption,q1_co2_adsorption,45,GAT only,3,qmof-2ba0cce,Co2C24H26N2S4,1|1|1|1,0.7598756790987566,0.8723203879496286,0.018622472206499825,0.38989278707543107,0.7598756790987566,0.03312500000163254,3.202535,1.580976593,0.7166666666666667,1.0,0.7,0.7
stable porous MOFs for CO2 adsorption,q1_co2_adsorption,45,GAT only,4,qmof-71748b1,Co2C34H26N10O10S6,1|1|1|1,0.7598756790987566,0.8723203879496286,0.016045052857443818,0.38425537878409094,0.7598756790987566,0.03312500000163254,3.369053,1.740750274,0.7166666666666667,1.0,0.7,0.7
stable porous MOFs for CO2 adsorption,q1_co2_adsorption,45,GAT only,5,qmof-c11323c,Co2C40H32N4O8,1|1|1|1,0.7598756790987566,0.8723203879496286,0.018004597961380115,0.3813141644665698,0.7598756790987566,0.03312500000163254,3.474905,1.402324029,0.7166666666666667,1.0,0.7,0.7
stable porous MOFs for CO2 adsorption,q1_co2_adsorption,45,LEA + GraphSAGE,1,qmof-f2d872e,Co2C36H40N8O12,1|1|1|1,0.7598756790987566,0.8723203879496286,0.0,0.21422282958571431,0.7527082902013057,83.9721249999883,3.378082,1.334171796,0.7166666666666667,1.0,0.7,0.7
stable porous MOFs for CO2 adsorption,q1_co2_adsorption,45,LEA + GraphSAGE,2,qmof-54f7ee7,Co2K2C48H44N4O6,1|1|1|1,0.7598756790987566,0.8723203879496286,0.03724887684972883,0.21412701546462262,0.7526904974397162,83.9721249999883,1.505111,1.497174385,0.7166666666666667,1.0,0.7,0.7
stable porous MOFs for CO2 adsorption,q1_co2_adsorption,45,LEA + GraphSAGE,3,qmof-68234b7,Co2C30H32N2O14,1|1|1|1,0.7598756790987566,0.8723203879496286,0.021591374191948023,0.212562255775,0.7523999036096293,83.9721249999883,3.266102,1.399169923,0.7166666666666667,1.0,0.7,0.7
stable porous MOFs for CO2 adsorption,q1_co2_adsorption,45,LEA + GraphSAGE,4,qmof-26c54ef,Co2C32H24N4O8,1|1|1|1,0.7598756790987566,0.8723203879496286,0.018448392393063836,0.20716591655,0.751397503008364,83.9721249999883,2.825171,1.504454446,0.7166666666666667,1.0,0.7,0.7
stable porous MOFs for CO2 adsorption,q1_co2_adsorption,45,LEA + GraphSAGE,5,qmof-92f3405,Co2C32H34N4O8,1|1|1|1,0.7598756790987566,0.8723203879496286,0.016230553027602103,0.2044405747,0.7508911166833577,83.9721249999883,3.41823,1.507459004,0.7166666666666667,1.0,0.7,0.7
stable porous MOFs for CO2 adsorption,q1_co2_adsorption,45,LEA + GAT,1,qmof-f2d872e,Co2C36H40N8O12,1|1|1|1,0.7598756790987566,0.8723203879496286,0.0,0.37848285621938776,0.7829870023098109,80.72133299999962,3.378082,1.334171796,0.7166666666666667,1.0,0.7,0.7
stable porous MOFs for CO2 adsorption,q1_co2_adsorption,45,LEA + GAT,2,qmof-92f3405,Co2C32H34N4O8,1|1|1|1,0.7598756790987566,0.8723203879496286,0.007734277371098362,0.37212761225,0.7818261380896516,80.72133299999962,3.41823,1.507459004,0.7166666666666667,1.0,0.7,0.7
stable porous MOFs for CO2 adsorption,q1_co2_adsorption,45,LEA + GAT,3,qmof-68234b7,Co2C30H32N2O14,1|1|1|1,0.7598756790987566,0.8723203879496286,0.006838465081632163,0.36976799981249997,0.7813948509965276,80.72133299999962,3.266102,1.399169923,0.7166666666666667,1.0,0.7,0.7
stable porous MOFs for CO2 adsorption,q1_co2_adsorption,45,LEA + GAT,4,qmof-0ea1d91,Co2C16H12N8O4,1|1|1|1,0.7598756790987566,0.8723203879496286,0.020004423063361188,0.3690900908035714,0.7812709165392866,80.72133299999962,3.489909,1.78772833,0.7166666666666667,1.0,0.7,0.7
stable porous MOFs for CO2 adsorption,q1_co2_adsorption,45,LEA + GAT,5,qmof-334586a,Co2C28H20N16S4,1|1|1|1,0.7598756790987566,0.8723203879496286,0.017148637537520807,0.36862252732142853,0.7811854301809836,80.72133299999962,3.172952,1.76521634,0.7166666666666667,1.0,0.7,0.7
stable porous MOFs for CO2 adsorption,q1_co2_adsorption,46,SemanticOnly,1,qmof-fd921b0,Co2C16H16N8O8,1|1|1|1,0.7598756790987566,0.8723203879496286,0.0,,0.7598756790987566,0.028916999994521575,3.390441,1.58214776,0.7166666666666667,1.0,0.7,0.7
stable porous MOFs for CO2 adsorption,q1_co2_adsorption,46,SemanticOnly,2,qmof-f69d443,Co2C40H28N12O8,1|1|1|1,0.7598756790987566,0.8723203879496286,0.017994121113278753,,0.7598756790987566,0.028916999994521575,2.877886,1.370451155,0.7166666666666667,1.0,0.7,0.7
stable porous MOFs for CO2 adsorption,q1_co2_adsorption,46,SemanticOnly,3,qmof-f343390,Co2C34H22N6O8,1|1|1|1,0.7598756790987566,0.8723203879496286,0.01446230513048269,,0.7598756790987566,0.028916999994521575,3.060735,1.790740334,0.7166666666666667,1.0,0.7,0.7
stable porous MOFs for CO2 adsorption,q1_co2_adsorption,46,SemanticOnly,4,qmof-f2d872e,Co2C36H40N8O12,1|1|1|1,0.7598756790987566,0.8723203879496286,0.015981457580943253,,0.7598756790987566,0.028916999994521575,3.378082,1.334171796,0.7166666666666667,1.0,0.7,0.7
stable porous MOFs for CO2 adsorption,q1_co2_adsorption,46,SemanticOnly,5,qmof-f260694,Co2C24H24N12O4,1|1|1|1,0.6672849381728494,0.9107321446432144,0.015071695847286088,,0.6672849381728494,0.028916999994521575,3.683788,1.450608165,0.7166666666666667,0.5,0.7,0.7
stable porous MOFs for CO2 adsorption,q1_co2_adsorption,46,WeightedSum,1,qmof-fd921b0,Co2C16H16N8O8,1|1|1|1,0.7598756790987566,0.8723203879496286,0.0,,0.7598756790987566,0.043791999999598374,3.390441,1.58214776,0.7166666666666667,1.0,0.7,0.7
stable porous MOFs for CO2 adsorption,q1_co2_adsorption,46,WeightedSum,2,qmof-f69d443,Co2C40H28N12O8,1|1|1|1,0.7598756790987566,0.8723203879496286,0.017994121113278753,,0.7598756790987566,0.043791999999598374,2.877886,1.370451155,0.7166666666666667,1.0,0.7,0.7
stable porous MOFs for CO2 adsorption,q1_co2_adsorption,46,WeightedSum,3,qmof-f343390,Co2C34H22N6O8,1|1|1|1,0.7598756790987566,0.8723203879496286,0.01446230513048269,,0.7598756790987566,0.043791999999598374,3.060735,1.790740334,0.7166666666666667,1.0,0.7,0.7
stable porous MOFs for CO2 adsorption,q1_co2_adsorption,46,WeightedSum,4,qmof-f2d872e,Co2C36H40N8O12,1|1|1|1,0.7598756790987566,0.8723203879496286,0.015981457580943253,,0.7598756790987566,0.043791999999598374,3.378082,1.334171796,0.7166666666666667,1.0,0.7,0.7
stable porous MOFs for CO2 adsorption,q1_co2_adsorption,46,WeightedSum,5,qmof-f0c9af4,Co2C50H38N10O12,1|1|1|1,0.7598756790987566,0.8723203879496286,0.01704207044594936,,0.7598756790987566,0.043791999999598374,2.642464,1.607919854,0.7166666666666667,1.0,0.7,0.7
stable porous MOFs for CO2 adsorption,q1_co2_adsorption,46,TOPSIS,1,qmof-fd921b0,Co2C16H16N8O8,1|1|1|1,0.7598756790987566,0.8723203879496286,0.0,,0.7598756790987566,0.9796249999993734,3.390441,1.58214776,0.7166666666666667,1.0,0.7,0.7
stable porous MOFs for CO2 adsorption,q1_co2_adsorption,46,TOPSIS,2,qmof-f69d443,Co2C40H28N12O8,1|1|1|1,0.7598756790987566,0.8723203879496286,0.017994121113278753,,0.7598756790987566,0.9796249999993734,2.877886,1.370451155,0.7166666666666667,1.0,0.7,0.7
stable porous MOFs for CO2 adsorption,q1_co2_adsorption,46,TOPSIS,3,qmof-f343390,Co2C34H22N6O8,1|1|1|1,0.7598756790987566,0.8723203879496286,0.01446230513048269,,0.7598756790987566,0.9796249999993734,3.060735,1.790740334,0.7166666666666667,1.0,0.7,0.7
stable porous MOFs for CO2 adsorption,q1_co2_adsorption,46,TOPSIS,4,qmof-f2d872e,Co2C36H40N8O12,1|1|1|1,0.7598756790987566,0.8723203879496286,0.015981457580943253,,0.7598756790987566,0.9796249999993734,3.378082,1.334171796,0.7166666666666667,1.0,0.7,0.7
stable porous MOFs for CO2 adsorption,q1_co2_adsorption,46,TOPSIS,5,qmof-f0c9af4,Co2C50H38N10O12,1|1|1|1,0.7598756790987566,0.8723203879496286,0.01704207044594936,,0.7598756790987566,0.9796249999993734,2.642464,1.607919854,0.7166666666666667,1.0,0.7,0.7
stable porous MOFs for CO2 adsorption,q1_co2_adsorption,46,ParetoCrowding,1,qmof-ba8d316,Co2C32H24O12,1|1|1|1,0.7598756790987566,0.8723203879496286,0.0,,0.7598756790987566,208.05858300001034,1.250046,1.746231048,0.7166666666666667,1.0,0.7,0.7
stable porous MOFs for CO2 adsorption,q1_co2_adsorption,46,ParetoCrowding,2,qmof-54f7ee7,Co2K2C48H44N4O6,1|1|1|1,0.7598756790987566,0.8723203879496286,0.019297118401298562,,0.7598756790987566,208.05858300001034,1.505111,1.497174385,0.7166666666666667,1.0,0.7,0.7
stable porous MOFs for CO2 adsorption,q1_co2_adsorption,46,ParetoCrowding,3,qmof-ec84fcf,Co2C20H16N28,1|1|1|1,0.7598756790987566,0.8723203879496286,0.03739819826852833,,0.7598756790987566,208.05858300001034,2.596155,1.767424228,0.7166666666666667,1.0,0.7,0.7
stable porous MOFs for CO2 adsorption,q1_co2_adsorption,46,ParetoCrowding,4,qmof-01f1640,Co2C28H20N8O8,1|1|1|1,0.7598756790987566,0.8723203879496286,0.01962880900561523,,0.7598756790987566,208.05858300001034,1.942124,1.64776998,0.7166666666666667,1.0,0.7,0.7
stable porous MOFs for CO2 adsorption,q1_co2_adsorption,46,ParetoCrowding,5,qmof-1ca4ac2,Co2Cu4Br4C30H60N6S12,1|1|1|1,0.7598756790987566,0.8723203879496286,0.03661351966393627,,0.7598756790987566,208.05858300001034,2.866054,1.689685123,0.7166666666666667,1.0,0.7,0.7
stable porous MOFs for CO2 adsorption,q1_co2_adsorption,46,Random,1,qmof-a2a9bf5,Co2C32H24O12,1|1|1|1,0.6672849381728494,0.9107321446432144,0.0,,0.6672849381728494,0.04904200000055425,3.521155,1.654834651,0.7166666666666667,0.5,0.7,0.7
stable porous MOFs for CO2 adsorption,q1_co2_adsorption,46,Random,2,qmof-87a7761,Co2C40H34N6O8,1|1|1|1,0.6672849381728494,0.9107321446432144,0.01235634352722911,,0.6672849381728494,0.04904200000055425,3.823466,1.516654404,0.7166666666666667,0.5,0.7,0.7
stable porous MOFs for CO2 adsorption,q1_co2_adsorption,46,Random,3,qmof-d976696,Co2C40H30N10O12S4,1|1|1|1,0.7598756790987566,0.8723203879496286,0.02591521461973715,,0.7598756790987566,0.04904200000055425,2.509891,1.731777887,0.7166666666666667,1.0,0.7,0.7
stable porous MOFs for CO2 adsorption,q1_co2_adsorption,46,Random,4,qmof-987c95e,Co2C28H24N20,1|1|1|1,0.6672849381728494,0.9107321446432144,0.022831630771709775,,0.6672849381728494,0.04904200000055425,3.932363,1.701367832,0.7166666666666667,0.5,0.7,0.7
stable porous MOFs for CO2 adsorption,q1_co2_adsorption,46,Random,5,qmof-dbfc0f0,Co2C32H40N4O12,1|1|1|1,0.6672849381728494,0.9107321446432144,0.01683706636680849,,0.6672849381728494,0.04904200000055425,3.861136,1.678153236,0.7166666666666667,0.5,0.7,0.7
stable porous MOFs for CO2 adsorption,q1_co2_adsorption,46,MMR,1,qmof-68234b7,Co2C30H32N2O14,1|1|1|1,0.7598756790987566,0.8723203879496286,0.0,,0.7598756790987566,2040.7078330000131,3.266102,1.399169923,0.7166666666666667,1.0,0.7,0.7
stable porous MOFs for CO2 adsorption,q1_co2_adsorption,46,MMR,2,qmof-ba8d316,Co2C32H24O12,1|1|1|1,0.7598756790987566,0.8723203879496286,0.04111873648589668,,0.7598756790987566,2040.7078330000131,1.250046,1.746231048,0.7166666666666667,1.0,0.7,0.7
stable porous MOFs for CO2 adsorption,q1_co2_adsorption,46,MMR,3,qmof-ec84fcf,Co2C20H16N28,1|1|1|1,0.7598756790987566,0.8723203879496286,0.03486049457910971,,0.7598756790987566,2040.7078330000131,2.596155,1.767424228,0.7166666666666667,1.0,0.7,0.7
stable porous MOFs for CO2 adsorption,q1_co2_adsorption,46,MMR,4,qmof-330a403,Co2C58F12H32N8O8S2,1|1|1|1,0.7598756790987566,0.8723203879496286,0.032253023069596994,,0.7598756790987566,2040.7078330000131,2.471348,1.414912408,0.7166666666666667,1.0,0.7,0.7
stable porous MOFs for CO2 adsorption,q1_co2_adsorption,46,MMR,5,qmof-1ca4ac2,Co2Cu4Br4C30H60N6S12,1|1|1|1,0.7598756790987566,0.8723203879496286,0.032031552198543686,,0.7598756790987566,2040.7078330000131,2.866054,1.689685123,0.7166666666666667,1.0,0.7,0.7
stable porous MOFs for CO2 adsorption,q1_co2_adsorption,46,LEA,1,qmof-68234b7,Co2C30H32N2O14,1|1|1|1,0.7598756790987566,0.8723203879496286,0.0,,0.8471077178937196,81.25129200000458,3.266102,1.399169923,0.7166666666666667,1.0,0.7,0.7
stable porous MOFs for CO2 adsorption,q1_co2_adsorption,46,LEA,2,qmof-ba8d316,Co2C32H24O12,1|1|1|1,0.7598756790987566,0.8723203879496286,0.04111873648589668,,0.8038746277241682,81.25129200000458,1.250046,1.746231048,0.7166666666666667,1.0,0.7,0.7
stable porous MOFs for CO2 adsorption,q1_co2_adsorption,46,LEA,3,qmof-54f7ee7,Co2K2C48H44N4O6,1|1|1|1,0.7598756790987566,0.8723203879496286,0.02761140373635918,,0.8031082796990243,81.25129200000458,1.505111,1.497174385,0.7166666666666667,1.0,0.7,0.7
stable porous MOFs for CO2 adsorption,q1_co2_adsorption,46,LEA,4,qmof-01f1640,Co2C28H20N8O8,1|1|1|1,0.7598756790987566,0.8723203879496286,0.020961351212060192,,0.8018019256562415,81.25129200000458,1.942124,1.64776998,0.7166666666666667,1.0,0.7,0.7
stable porous MOFs for CO2 adsorption,q1_co2_adsorption,46,LEA,5,qmof-ec84fcf,Co2C20H16N28,1|1|1|1,0.7598756790987566,0.8723203879496286,0.03275195611058821,,0.801630408858961,81.25129200000458,2.596155,1.767424228,0.7166666666666667,1.0,0.7,0.7
stable porous MOFs for CO2 adsorption,q1_co2_adsorption,46,LEA no diversity,1,qmof-68234b7,Co2C30H32N2O14,1|1|1|1,0.7598756790987566,0.8723203879496286,0.0,,0.8471077178937196,81.41700000000185,3.266102,1.399169923,0.7166666666666667,1.0,0.7,0.7
stable porous MOFs for CO2 adsorption,q1_co2_adsorption,46,LEA no diversity,2,qmof-ba8d316,Co2C32H24O12,1|1|1|1,0.7598756790987566,0.8723203879496286,0.04111873648589668,,0.799329439051184,81.41700000000185,1.250046,1.746231048,0.7166666666666667,1.0,0.7,0.7
stable porous MOFs for CO2 adsorption,q1_co2_adsorption,46,LEA no diversity,3,qmof-54f7ee7,Co2K2C48H44N4O6,1|1|1|1,0.7598756790987566,0.8723203879496286,0.02761140373635918,,0.7990812358849932,81.41700000000185,1.505111,1.497174385,0.7166666666666667,1.0,0.7,0.7
stable porous MOFs for CO2 adsorption,q1_co2_adsorption,46,LEA no diversity,4,qmof-01f1640,Co2C28H20N8O8,1|1|1|1,0.7598756790987566,0.8723203879496286,0.020961351212060192,,0.7986561320496051,81.41700000000185,1.942124,1.64776998,0.7166666666666667,1.0,0.7,0.7
stable porous MOFs for CO2 adsorption,q1_co2_adsorption,46,LEA no diversity,5,qmof-ec84fcf,Co2C20H16N28,1|1|1|1,0.7598756790987566,0.8723203879496286,0.03275195611058821,,0.798600130662562,81.41700000000185,2.596155,1.767424228,0.7166666666666667,1.0,0.7,0.7
stable porous MOFs for CO2 adsorption,q1_co2_adsorption,46,LEA no self-cleaning,1,qmof-68234b7,Co2C30H32N2O14,1|1|1|1,0.7598756790987566,0.8723203879496286,0.0,,0.8471077178937196,86.13575000001106,3.266102,1.399169923,0.7166666666666667,1.0,0.7,0.7
stable porous MOFs for CO2 adsorption,q1_co2_adsorption,46,LEA no self-cleaning,2,qmof-ba8d316,Co2C32H24O12,1|1|1|1,0.7598756790987566,0.8723203879496286,0.04111873648589668,,0.8038746277241682,86.13575000001106,1.250046,1.746231048,0.7166666666666667,1.0,0.7,0.7
stable porous MOFs for CO2 adsorption,q1_co2_adsorption,46,LEA no self-cleaning,3,qmof-54f7ee7,Co2K2C48H44N4O6,1|1|1|1,0.7598756790987566,0.8723203879496286,0.02761140373635918,,0.8031082796990243,86.13575000001106,1.505111,1.497174385,0.7166666666666667,1.0,0.7,0.7
stable porous MOFs for CO2 adsorption,q1_co2_adsorption,46,LEA no self-cleaning,4,qmof-01f1640,Co2C28H20N8O8,1|1|1|1,0.7598756790987566,0.8723203879496286,0.020961351212060192,,0.8018019256562415,86.13575000001106,1.942124,1.64776998,0.7166666666666667,1.0,0.7,0.7
stable porous MOFs for CO2 adsorption,q1_co2_adsorption,46,LEA no self-cleaning,5,qmof-ec84fcf,Co2C20H16N28,1|1|1|1,0.7598756790987566,0.8723203879496286,0.03275195611058821,,0.801630408858961,86.13575000001106,2.596155,1.767424228,0.7166666666666667,1.0,0.7,0.7
stable porous MOFs for CO2 adsorption,q1_co2_adsorption,46,GraphSAGE only,1,qmof-1ca4ac2,Co2Cu4Br4C30H60N6S12,1|1|1|1,0.7598756790987566,0.8723203879496286,0.0,0.24276514119872877,0.7598756790987566,0.038041999999904874,2.866054,1.689685123,0.7166666666666667,1.0,0.7,0.7
stable porous MOFs for CO2 adsorption,q1_co2_adsorption,46,GraphSAGE only,2,qmof-330a403,Co2C58F12H32N8O8S2,1|1|1|1,0.7598756790987566,0.8723203879496286,0.022168108750337256,0.2340455038262295,0.7598756790987566,0.038041999999904874,2.471348,1.414912408,0.7166666666666667,1.0,0.7,0.7
stable porous MOFs for CO2 adsorption,q1_co2_adsorption,46,GraphSAGE only,3,qmof-2ba0cce,Co2C24H26N2S4,1|1|1|1,0.7598756790987566,0.8723203879496286,0.026043668960726005,0.2228060658698276,0.7598756790987566,0.038041999999904874,3.202535,1.580976593,0.7166666666666667,1.0,0.7,0.7
stable porous MOFs for CO2 adsorption,q1_co2_adsorption,46,GraphSAGE only,4,qmof-9a1ecbc,Co2C28Cl4H24N8S6,1|1|1|1,0.7598756790987566,0.8723203879496286,0.020718152406427416,0.21936390999166666,0.7598756790987566,0.038041999999904874,3.409833,1.797370089,0.7166666666666667,1.0,0.7,0.7
stable porous MOFs for CO2 adsorption,q1_co2_adsorption,46,GraphSAGE only,5,qmof-f2d872e,Co2C36H40N8O12,1|1|1|1,0.7598756790987566,0.8723203879496286,0.02127557819965102,0.21422282958571431,0.7598756790987566,0.038041999999904874,3.378082,1.334171796,0.7166666666666667,1.0,0.7,0.7
stable porous MOFs for CO2 adsorption,q1_co2_adsorption,46,GAT only,1,qmof-9a1ecbc,Co2C28Cl4H24N8S6,1|1|1|1,0.7598756790987566,0.8723203879496286,0.0,0.41725434943749995,0.7598756790987566,0.033583000004000496,3.409833,1.797370089,0.7166666666666667,1.0,0.7,0.7
stable porous MOFs for CO2 adsorption,q1_co2_adsorption,46,GAT only,2,qmof-1ca4ac2,Co2Cu4Br4C30H60N6S12,1|1|1|1,0.7598756790987566,0.8723203879496286,0.02189175418099708,0.40025622489724577,0.7598756790987566,0.033583000004000496,2.866054,1.689685123,0.7166666666666667,1.0,0.7,0.7
stable porous MOFs for CO2 adsorption,q1_co2_adsorption,46,GAT only,3,qmof-2ba0cce,Co2C24H26N2S4,1|1|1|1,0.7598756790987566,0.8723203879496286,0.018622472206499825,0.38989278707543107,0.7598756790987566,0.033583000004000496,3.202535,1.580976593,0.7166666666666667,1.0,0.7,0.7
stable porous MOFs for CO2 adsorption,q1_co2_adsorption,46,GAT only,4,qmof-71748b1,Co2C34H26N10O10S6,1|1|1|1,0.7598756790987566,0.8723203879496286,0.016045052857443818,0.38425537878409094,0.7598756790987566,0.033583000004000496,3.369053,1.740750274,0.7166666666666667,1.0,0.7,0.7
stable porous MOFs for CO2 adsorption,q1_co2_adsorption,46,GAT only,5,qmof-c11323c,Co2C40H32N4O8,1|1|1|1,0.7598756790987566,0.8723203879496286,0.018004597961380115,0.3813141644665698,0.7598756790987566,0.033583000004000496,3.474905,1.402324029,0.7166666666666667,1.0,0.7,0.7
stable porous MOFs for CO2 adsorption,q1_co2_adsorption,46,LEA + GraphSAGE,1,qmof-2ba0cce,Co2C24H26N2S4,1|1|1|1,0.7598756790987566,0.8723203879496286,0.0,0.2228060658698276,0.7543017196557092,81.73129200000062,3.202535,1.580976593,0.7166666666666667,1.0,0.7,0.7
stable porous MOFs for CO2 adsorption,q1_co2_adsorption,46,LEA + GraphSAGE,2,qmof-54f7ee7,Co2K2C48H44N4O6,1|1|1|1,0.7598756790987566,0.8723203879496286,0.036562908749060534,0.21412701546462262,0.7526904974397162,81.73129200000062,1.505111,1.497174385,0.7166666666666667,1.0,0.7,0.7
stable porous MOFs for CO2 adsorption,q1_co2_adsorption,46,LEA + GraphSAGE,3,qmof-68234b7,Co2C30H32N2O14,1|1|1|1,0.7598756790987566,0.8723203879496286,0.0249689680210467,0.212562255775,0.7523999036096293,81.73129200000062,3.266102,1.399169923,0.7166666666666667,1.0,0.7,0.7
stable porous MOFs for CO2 adsorption,q1_co2_adsorption,46,LEA + GraphSAGE,4,qmof-fd921b0,Co2C16H16N8O8,1|1|1|1,0.7598756790987566,0.8723203879496286,0.02368157232221835,0.209338918,0.7518011945152835,81.73129200000062,3.390441,1.58214776,0.7166666666666667,1.0,0.7,0.7
stable porous MOFs for CO2 adsorption,q1_co2_adsorption,46,LEA + GraphSAGE,5,qmof-26c54ef,Co2C32H24N4O8,1|1|1|1,0.7598756790987566,0.8723203879496286,0.01732766438000263,0.20716591655,0.751397503008364,81.73129200000062,2.825171,1.504454446,0.7166666666666667,1.0,0.7,0.7
stable porous MOFs for CO2 adsorption,q1_co2_adsorption,46,LEA + GAT,1,qmof-2ba0cce,Co2C24H26N2S4,1|1|1|1,0.7598756790987566,0.8723203879496286,0.0,0.38989278707543107,0.7850683692729246,82.4678330000097,3.202535,1.580976593,0.7166666666666667,1.0,0.7,0.7
stable porous MOFs for CO2 adsorption,q1_co2_adsorption,46,LEA + GAT,2,qmof-fd921b0,Co2C16H16N8O8,1|1|1|1,0.7598756790987566,0.8723203879496286,0.015522462915077122,0.372542225,0.7819019052955025,82.4678330000097,3.390441,1.58214776,0.7166666666666667,1.0,0.7,0.7
stable porous MOFs for CO2 adsorption,q1_co2_adsorption,46,LEA + GAT,3,qmof-68234b7,Co2C30H32N2O14,1|1|1|1,0.7598756790987566,0.8723203879496286,0.013917361016346066,0.36976799981249997,0.7813948509965276,82.4678330000097,3.266102,1.399169923,0.7166666666666667,1.0,0.7,0.7
stable porous MOFs for CO2 adsorption,q1_co2_adsorption,46,LEA + GAT,4,qmof-c8f0292,Co2C44H48N12O12,1|1|1|1,0.7598756790987566,0.8723203879496286,0.018285048814371947,0.3671728925190678,0.780920351920865,82.4678330000097,3.494605,1.602088418,0.7166666666666667,1.0,0.7,0.7
stable porous MOFs for CO2 adsorption,q1_co2_adsorption,46,LEA + GAT,5,qmof-e2b9aa4,Co2C38H26N10O8,1|1|1|1,0.7598756790987566,0.8723203879496286,0.013155543702816012,0.3630708641517857,0.7801699670459763,82.4678330000097,3.431088,1.656139225,0.7166666666666667,1.0,0.7,0.7
stable porous MOFs for CO2 adsorption,q1_co2_adsorption,47,SemanticOnly,1,qmof-fe6f735,Co2C58H64N8O12,1|1|1|1,0.6672849381728494,0.9107321446432144,0.0,,0.6672849381728494,0.029166000004465786,4.292873,1.418878739,0.7166666666666667,0.5,0.7,0.7
stable porous MOFs for CO2 adsorption,q1_co2_adsorption,47,SemanticOnly,2,qmof-fd921b0,Co2C16H16N8O8,1|1|1|1,0.7598756790987566,0.8723203879496286,0.033690205295809274,,0.7598756790987566,0.029166000004465786,3.390441,1.58214776,0.7166666666666667,1.0,0.7,0.7
stable porous MOFs for CO2 adsorption,q1_co2_adsorption,47,SemanticOnly,3,qmof-f771839,Co2C38H40N8O8,1|1|1|1,0.6672849381728494,0.9107321446432144,0.018843940863880002,,0.6672849381728494,0.029166000004465786,4.295336,1.401927433,0.7166666666666667,0.5,0.7,0.7
stable porous MOFs for CO2 adsorption,q1_co2_adsorption,47,SemanticOnly,4,qmof-f69d443,Co2C40H28N12O8,1|1|1|1,0.7598756790987566,0.8723203879496286,0.02606624644263648,,0.7598756790987566,0.029166000004465786,2.877886,1.370451155,0.7166666666666667,1.0,0.7,0.7
stable porous MOFs for CO2 adsorption,q1_co2_adsorption,47,SemanticOnly,5,qmof-f343390,Co2C34H22N6O8,1|1|1|1,0.7598756790987566,0.8723203879496286,0.022898053738234184,,0.7598756790987566,0.029166000004465786,3.060735,1.790740334,0.7166666666666667,1.0,0.7,0.7
stable porous MOFs for CO2 adsorption,q1_co2_adsorption,47,WeightedSum,1,qmof-fd921b0,Co2C16H16N8O8,1|1|1|1,0.7598756790987566,0.8723203879496286,0.0,,0.7598756790987566,0.04420800000559666,3.390441,1.58214776,0.7166666666666667,1.0,0.7,0.7
stable porous MOFs for CO2 adsorption,q1_co2_adsorption,47,WeightedSum,2,qmof-f69d443,Co2C40H28N12O8,1|1|1|1,0.7598756790987566,0.8723203879496286,0.017994121113278753,,0.7598756790987566,0.04420800000559666,2.877886,1.370451155,0.7166666666666667,1.0,0.7,0.7
stable porous MOFs for CO2 adsorption,q1_co2_adsorption,47,WeightedSum,3,qmof-f343390,Co2C34H22N6O8,1|1|1|1,0.7598756790987566,0.8723203879496286,0.01446230513048269,,0.7598756790987566,0.04420800000559666,3.060735,1.790740334,0.7166666666666667,1.0,0.7,0.7
stable porous MOFs for CO2 adsorption,q1_co2_adsorption,47,WeightedSum,4,qmof-f2d872e,Co2C36H40N8O12,1|1|1|1,0.7598756790987566,0.8723203879496286,0.015981457580943253,,0.7598756790987566,0.04420800000559666,3.378082,1.334171796,0.7166666666666667,1.0,0.7,0.7
stable porous MOFs for CO2 adsorption,q1_co2_adsorption,47,WeightedSum,5,qmof-f0c9af4,Co2C50H38N10O12,1|1|1|1,0.7598756790987566,0.8723203879496286,0.01704207044594936,,0.7598756790987566,0.04420800000559666,2.642464,1.607919854,0.7166666666666667,1.0,0.7,0.7
stable porous MOFs for CO2 adsorption,q1_co2_adsorption,47,TOPSIS,1,qmof-fd921b0,Co2C16H16N8O8,1|1|1|1,0.7598756790987566,0.8723203879496286,0.0,,0.7598756790987566,0.9631249999983993,3.390441,1.58214776,0.7166666666666667,1.0,0.7,0.7
stable porous MOFs for CO2 adsorption,q1_co2_adsorption,47,TOPSIS,2,qmof-f69d443,Co2C40H28N12O8,1|1|1|1,0.7598756790987566,0.8723203879496286,0.017994121113278753,,0.7598756790987566,0.9631249999983993,2.877886,1.370451155,0.7166666666666667,1.0,0.7,0.7
stable porous MOFs for CO2 adsorption,q1_co2_adsorption,47,TOPSIS,3,qmof-f343390,Co2C34H22N6O8,1|1|1|1,0.7598756790987566,0.8723203879496286,0.01446230513048269,,0.7598756790987566,0.9631249999983993,3.060735,1.790740334,0.7166666666666667,1.0,0.7,0.7
stable porous MOFs for CO2 adsorption,q1_co2_adsorption,47,TOPSIS,4,qmof-f2d872e,Co2C36H40N8O12,1|1|1|1,0.7598756790987566,0.8723203879496286,0.015981457580943253,,0.7598756790987566,0.9631249999983993,3.378082,1.334171796,0.7166666666666667,1.0,0.7,0.7
stable porous MOFs for CO2 adsorption,q1_co2_adsorption,47,TOPSIS,5,qmof-f0c9af4,Co2C50H38N10O12,1|1|1|1,0.7598756790987566,0.8723203879496286,0.01704207044594936,,0.7598756790987566,0.9631249999983993,2.642464,1.607919854,0.7166666666666667,1.0,0.7,0.7
stable porous MOFs for CO2 adsorption,q1_co2_adsorption,47,ParetoCrowding,1,qmof-ba8d316,Co2C32H24O12,1|1|1|1,0.7598756790987566,0.8723203879496286,0.0,,0.7598756790987566,206.42100000000596,1.250046,1.746231048,0.7166666666666667,1.0,0.7,0.7
stable porous MOFs for CO2 adsorption,q1_co2_adsorption,47,ParetoCrowding,2,qmof-54f7ee7,Co2K2C48H44N4O6,1|1|1|1,0.7598756790987566,0.8723203879496286,0.019297118401298562,,0.7598756790987566,206.42100000000596,1.505111,1.497174385,0.7166666666666667,1.0,0.7,0.7
stable porous MOFs for CO2 adsorption,q1_co2_adsorption,47,ParetoCrowding,3,qmof-ec84fcf,Co2C20H16N28,1|1|1|1,0.7598756790987566,0.8723203879496286,0.03739819826852833,,0.7598756790987566,206.42100000000596,2.596155,1.767424228,0.7166666666666667,1.0,0.7,0.7
stable porous MOFs for CO2 adsorption,q1_co2_adsorption,47,ParetoCrowding,4,qmof-01f1640,Co2C28H20N8O8,1|1|1|1,0.7598756790987566,0.8723203879496286,0.01962880900561523,,0.7598756790987566,206.42100000000596,1.942124,1.64776998,0.7166666666666667,1.0,0.7,0.7
stable porous MOFs for CO2 adsorption,q1_co2_adsorption,47,ParetoCrowding,5,qmof-1ca4ac2,Co2Cu4Br4C30H60N6S12,1|1|1|1,0.7598756790987566,0.8723203879496286,0.03661351966393627,,0.7598756790987566,206.42100000000596,2.866054,1.689685123,0.7166666666666667,1.0,0.7,0.7
stable porous MOFs for CO2 adsorption,q1_co2_adsorption,47,Random,1,qmof-8bbce0c,Co2C48H32N12O12,1|1|1|1,0.7598756790987566,0.8723203879496286,0.0,,0.7598756790987566,0.04916700000023866,2.64074,1.614965635,0.7166666666666667,1.0,0.7,0.7
stable porous MOFs for CO2 adsorption,q1_co2_adsorption,47,Random,2,qmof-3f10a21,Co2C44H36N8O8,1|1|1|1,0.6672849381728494,0.9107321446432144,0.0353363138200824,,0.6672849381728494,0.04916700000023866,4.462347,1.545215391,0.7166666666666667,0.5,0.7,0.7
stable porous MOFs for CO2 adsorption,q1_co2_adsorption,47,Random,3,qmof-1f0ad0a,Co2C44H40N4O16,1|1|1|1,0.7598756790987566,0.8723203879496286,0.018692418543943233,,0.7598756790987566,0.04916700000023866,3.426973,1.656576851,0.7166666666666667,1.0,0.7,0.7
stable porous MOFs for CO2 adsorption,q1_co2_adsorption,47,Random,4,qmof-57e6787,Co2C34H28N4O8,1|1|1|1,0.7598756790987566,0.8723203879496286,0.016516359780794094,,0.7598756790987566,0.04916700000023866,3.298084,1.718108992,0.7166666666666667,1.0,0.7,0.7
stable porous MOFs for CO2 adsorption,q1_co2_adsorption,47,Random,5,qmof-e268c52,Co2C28H24N8,1|1|1|1,0.6672849381728494,0.9107321446432144,0.021084069732784087,,0.6672849381728494,0.04916700000023866,3.826909,1.39905003,0.7166666666666667,0.5,0.7,0.7
stable porous MOFs for CO2 adsorption,q1_co2_adsorption,47,MMR,1,qmof-32457b4,Co2C46H32N8O10,1|1|1|1,0.7598756790987566,0.8723203879496286,0.0,,0.7598756790987566,2040.9439170000069,2.692662,1.566836939,0.7166666666666667,1.0,0.7,0.7
stable porous MOFs for CO2 adsorption,q1_co2_adsorption,47,MMR,2,qmof-ba8d316,Co2C32H24O12,1|1|1|1,0.7598756790987566,0.8723203879496286,0.030419942755585672,,0.7598756790987566,2040.9439170000069,1.250046,1.746231048,0.7166666666666667,1.0,0.7,0.7
stable porous MOFs for CO2 adsorption,q1_co2_adsorption,47,MMR,3,qmof-ec84fcf,Co2C20H16N28,1|1|1|1,0.7598756790987566,0.8723203879496286,0.03167820472980605,,0.7598756790987566,2040.9439170000069,2.596155,1.767424228,0.7166666666666667,1.0,0.7,0.7
stable porous MOFs for CO2 adsorption,q1_co2_adsorption,47,MMR,4,qmof-1ca4ac2,Co2Cu4Br4C30H60N6S12,1|1|1|1,0.7598756790987566,0.8723203879496286,0.03509496547877031,,0.7598756790987566,2040.9439170000069,2.866054,1.689685123,0.7166666666666667,1.0,0.7,0.7
stable porous MOFs for CO2 adsorption,q1_co2_adsorption,47,MMR,5,qmof-0ea1d91,Co2C16H12N8O4,1|1|1|1,0.7598756790987566,0.8723203879496286,0.03189101862575805,,0.7598756790987566,2040.9439170000069,3.489909,1.78772833,0.7166666666666667,1.0,0.7,0.7
stable porous MOFs for CO2 adsorption,q1_co2_adsorption,47,LEA,1,qmof-32457b4,Co2C46H32N8O10,1|1|1|1,0.7598756790987566,0.8723203879496286,0.0,,0.8471077178937196,81.35808400000144,2.692662,1.566836939,0.7166666666666667,1.0,0.7,0.7
stable porous MOFs for CO2 adsorption,q1_co2_adsorption,47,LEA,2,qmof-ba8d316,Co2C32H24O12,1|1|1|1,0.7598756790987566,0.8723203879496286,0.030419942755585672,,0.8038258467511133,81.35808400000144,1.250046,1.746231048,0.7166666666666667,1.0,0.7,0.7
stable porous MOFs for CO2 adsorption,q1_co2_adsorption,47,LEA,3,qmof-54f7ee7,Co2K2C48H44N4O6,1|1|1|1,0.7598756790987566,0.8723203879496286,0.02176537756047098,,0.8028689429689614,81.35808400000144,1.505111,1.497174385,0.7166666666666667,1.0,0.7,0.7
stable porous MOFs for CO2 adsorption,q1_co2_adsorption,47,LEA,4,qmof-ec84fcf,Co2C20H16N28,1|1|1|1,0.7598756790987566,0.8723203879496286,0.033475119016549475,,0.8021137445276224,81.35808400000144,2.596155,1.767424228,0.7166666666666667,1.0,0.7,0.7
stable porous MOFs for CO2 adsorption,q1_co2_adsorption,47,LEA,5,qmof-01f1640,Co2C28H20N8O8,1|1|1|1,0.7598756790987566,0.8723203879496286,0.019096422421750373,,0.8018304742823062,81.35808400000144,1.942124,1.64776998,0.7166666666666667,1.0,0.7,0.7
stable porous MOFs for CO2 adsorption,q1_co2_adsorption,47,LEA no diversity,1,qmof-32457b4,Co2C46H32N8O10,1|1|1|1,0.7598756790987566,0.8723203879496286,0.0,,0.8471077178937196,80.35708300000977,2.692662,1.566836939,0.7166666666666667,1.0,0.7,0.7
stable porous MOFs for CO2 adsorption,q1_co2_adsorption,47,LEA no diversity,2,qmof-ba8d316,Co2C32H24O12,1|1|1|1,0.7598756790987566,0.8723203879496286,0.030419942755585672,,0.7993136658857665,80.35708300000977,1.250046,1.746231048,0.7166666666666667,1.0,0.7,0.7
stable porous MOFs for CO2 adsorption,q1_co2_adsorption,47,LEA no diversity,3,qmof-54f7ee7,Co2K2C48H44N4O6,1|1|1|1,0.7598756790987566,0.8723203879496286,0.02176537756047098,,0.7990035418220768,80.35708300000977,1.505111,1.497174385,0.7166666666666667,1.0,0.7,0.7
stable porous MOFs for CO2 adsorption,q1_co2_adsorption,47,LEA no diversity,4,qmof-ec84fcf,Co2C20H16N28,1|1|1|1,0.7598756790987566,0.8723203879496286,0.033475119016549475,,0.7987578314048347,80.35708300000977,2.596155,1.767424228,0.7166666666666667,1.0,0.7,0.7
stable porous MOFs for CO2 adsorption,q1_co2_adsorption,47,LEA no diversity,5,qmof-01f1640,Co2C28H20N8O8,1|1|1|1,0.7598756790987566,0.8723203879496286,0.019096422421750373,,0.7986654491384377,80.35708300000977,1.942124,1.64776998,0.7166666666666667,1.0,0.7,0.7
stable porous MOFs for CO2 adsorption,q1_co2_adsorption,47,LEA no self-cleaning,1,qmof-32457b4,Co2C46H32N8O10,1|1|1|1,0.7598756790987566,0.8723203879496286,0.0,,0.8471077178937196,80.74145800000565,2.692662,1.566836939,0.7166666666666667,1.0,0.7,0.7
stable porous MOFs for CO2 adsorption,q1_co2_adsorption,47,LEA no self-cleaning,2,qmof-ba8d316,Co2C32H24O12,1|1|1|1,0.7598756790987566,0.8723203879496286,0.030419942755585672,,0.8038258467511133,80.74145800000565,1.250046,1.746231048,0.7166666666666667,1.0,0.7,0.7
stable porous MOFs for CO2 adsorption,q1_co2_adsorption,47,LEA no self-cleaning,3,qmof-54f7ee7,Co2K2C48H44N4O6,1|1|1|1,0.7598756790987566,0.8723203879496286,0.02176537756047098,,0.8028689429689614,80.74145800000565,1.505111,1.497174385,0.7166666666666667,1.0,0.7,0.7
stable porous MOFs for CO2 adsorption,q1_co2_adsorption,47,LEA no self-cleaning,4,qmof-ec84fcf,Co2C20H16N28,1|1|1|1,0.7598756790987566,0.8723203879496286,0.033475119016549475,,0.8021137445276224,80.74145800000565,2.596155,1.767424228,0.7166666666666667,1.0,0.7,0.7
stable porous MOFs for CO2 adsorption,q1_co2_adsorption,47,LEA no self-cleaning,5,qmof-01f1640,Co2C28H20N8O8,1|1|1|1,0.7598756790987566,0.8723203879496286,0.019096422421750373,,0.8018304742823062,80.74145800000565,1.942124,1.64776998,0.7166666666666667,1.0,0.7,0.7
stable porous MOFs for CO2 adsorption,q1_co2_adsorption,47,GraphSAGE only,1,qmof-1ca4ac2,Co2Cu4Br4C30H60N6S12,1|1|1|1,0.7598756790987566,0.8723203879496286,0.0,0.24276514119872877,0.7598756790987566,0.03974999999911688,2.866054,1.689685123,0.7166666666666667,1.0,0.7,0.7
stable porous MOFs for CO2 adsorption,q1_co2_adsorption,47,GraphSAGE only,2,qmof-330a403,Co2C58F12H32N8O8S2,1|1|1|1,0.7598756790987566,0.8723203879496286,0.022168108750337256,0.2340455038262295,0.7598756790987566,0.03974999999911688,2.471348,1.414912408,0.7166666666666667,1.0,0.7,0.7
stable porous MOFs for CO2 adsorption,q1_co2_adsorption,47,GraphSAGE only,3,qmof-2ba0cce,Co2C24H26N2S4,1|1|1|1,0.7598756790987566,0.8723203879496286,0.026043668960726005,0.2228060658698276,0.7598756790987566,0.03974999999911688,3.202535,1.580976593,0.7166666666666667,1.0,0.7,0.7
stable porous MOFs for CO2 adsorption,q1_co2_adsorption,47,GraphSAGE only,4,qmof-9a1ecbc,Co2C28Cl4H24N8S6,1|1|1|1,0.7598756790987566,0.8723203879496286,0.020718152406427416,0.21936390999166666,0.7598756790987566,0.03974999999911688,3.409833,1.797370089,0.7166666666666667,1.0,0.7,0.7
stable porous MOFs for CO2 adsorption,q1_co2_adsorption,47,GraphSAGE only,5,qmof-f2d872e,Co2C36H40N8O12,1|1|1|1,0.7598756790987566,0.8723203879496286,0.02127557819965102,0.21422282958571431,0.7598756790987566,0.03974999999911688,3.378082,1.334171796,0.7166666666666667,1.0,0.7,0.7
stable porous MOFs for CO2 adsorption,q1_co2_adsorption,47,GAT only,1,qmof-9a1ecbc,Co2C28Cl4H24N8S6,1|1|1|1,0.7598756790987566,0.8723203879496286,0.0,0.41725434943749995,0.7598756790987566,0.03350000000068576,3.409833,1.797370089,0.7166666666666667,1.0,0.7,0.7
stable porous MOFs for CO2 adsorption,q1_co2_adsorption,47,GAT only,2,qmof-1ca4ac2,Co2Cu4Br4C30H60N6S12,1|1|1|1,0.7598756790987566,0.8723203879496286,0.02189175418099708,0.40025622489724577,0.7598756790987566,0.03350000000068576,2.866054,1.689685123,0.7166666666666667,1.0,0.7,0.7
stable porous MOFs for CO2 adsorption,q1_co2_adsorption,47,GAT only,3,qmof-2ba0cce,Co2C24H26N2S4,1|1|1|1,0.7598756790987566,0.8723203879496286,0.018622472206499825,0.38989278707543107,0.7598756790987566,0.03350000000068576,3.202535,1.580976593,0.7166666666666667,1.0,0.7,0.7
stable porous MOFs for CO2 adsorption,q1_co2_adsorption,47,GAT only,4,qmof-71748b1,Co2C34H26N10O10S6,1|1|1|1,0.7598756790987566,0.8723203879496286,0.016045052857443818,0.38425537878409094,0.7598756790987566,0.03350000000068576,3.369053,1.740750274,0.7166666666666667,1.0,0.7,0.7
stable porous MOFs for CO2 adsorption,q1_co2_adsorption,47,GAT only,5,qmof-c11323c,Co2C40H32N4O8,1|1|1|1,0.7598756790987566,0.8723203879496286,0.018004597961380115,0.3813141644665698,0.7598756790987566,0.03350000000068576,3.474905,1.402324029,0.7166666666666667,1.0,0.7,0.7
stable porous MOFs for CO2 adsorption,q1_co2_adsorption,47,LEA + GraphSAGE,1,qmof-1ca4ac2,Co2Cu4Br4C30H60N6S12,1|1|1|1,0.7598756790987566,0.8723203879496286,0.0,0.24276514119872877,0.7580031480907227,79.7412080000015,2.866054,1.689685123,0.7166666666666667,1.0,0.7,0.7
stable porous MOFs for CO2 adsorption,q1_co2_adsorption,47,LEA + GraphSAGE,2,qmof-f2d872e,Co2C36H40N8O12,1|1|1|1,0.7598756790987566,0.8723203879496286,0.023785366007893997,0.21422282958571431,0.7527082902013057,79.7412080000015,3.378082,1.334171796,0.7166666666666667,1.0,0.7,0.7
stable porous MOFs for CO2 adsorption,q1_co2_adsorption,47,LEA + GraphSAGE,3,qmof-54f7ee7,Co2K2C48H44N4O6,1|1|1|1,0.7598756790987566,0.8723203879496286,0.034901580648996955,0.21412701546462262,0.7526904974397162,79.7412080000015,1.505111,1.497174385,0.7166666666666667,1.0,0.7,0.7
stable porous MOFs for CO2 adsorption,q1_co2_adsorption,47,LEA + GraphSAGE,4,qmof-68234b7,Co2C30H32N2O14,1|1|1|1,0.7598756790987566,0.8723203879496286,0.02279719497351027,0.212562255775,0.7523999036096293,79.7412080000015,3.266102,1.399169923,0.7166666666666667,1.0,0.7,0.7
stable porous MOFs for CO2 adsorption,q1_co2_adsorption,47,LEA + GraphSAGE,5,qmof-fd921b0,Co2C16H16N8O8,1|1|1|1,0.7598756790987566,0.8723203879496286,0.025660247625450015,0.209338918,0.7518011945152835,79.7412080000015,3.390441,1.58214776,0.7166666666666667,1.0,0.7,0.7
stable porous MOFs for CO2 adsorption,q1_co2_adsorption,47,LEA + GAT,1,qmof-1ca4ac2,Co2Cu4Br4C30H60N6S12,1|1|1|1,0.7598756790987566,0.8723203879496286,0.0,0.40025622489724577,0.7869555729977663,79.7422089999884,2.866054,1.689685123,0.7166666666666667,1.0,0.7,0.7
stable porous MOFs for CO2 adsorption,q1_co2_adsorption,47,LEA + GAT,2,qmof-f2d872e,Co2C36H40N8O12,1|1|1|1,0.7598756790987566,0.8723203879496286,0.023785366007893997,0.37848285621938776,0.7829870023098109,79.7422089999884,3.378082,1.334171796,0.7166666666666667,1.0,0.7,0.7
stable porous MOFs for CO2 adsorption,q1_co2_adsorption,47,LEA + GAT,3,qmof-fd921b0,Co2C16H16N8O8,1|1|1|1,0.7598756790987566,0.8723203879496286,0.02355936822511106,0.372542225,0.7819019052955025,79.7422089999884,3.390441,1.58214776,0.7166666666666667,1.0,0.7,0.7
stable porous MOFs for CO2 adsorption,q1_co2_adsorption,47,LEA + GAT,4,qmof-68234b7,Co2C30H32N2O14,1|1|1|1,0.7598756790987566,0.8723203879496286,0.015429456970376515,0.36976799981249997,0.7813948509965276,79.7422089999884,3.266102,1.399169923,0.7166666666666667,1.0,0.7,0.7
stable porous MOFs for CO2 adsorption,q1_co2_adsorption,47,LEA + GAT,5,qmof-403e9cb,Co2C24H32N4O18,1|1|1|1,0.7598756790987566,0.8723203879496286,0.015781371991051327,0.3633462433125,0.7802203556761068,79.7422089999884,3.469655,1.697328907,0.7166666666666667,1.0,0.7,0.7
stable porous MOFs for CO2 adsorption,q1_co2_adsorption,48,SemanticOnly,1,qmof-ff169e1,Co2C36H44N12O12S2,1|1|1|1,0.6672849381728494,0.9107321446432144,0.0,,0.6672849381728494,0.02958299999988867,4.133949,1.441361378,0.7166666666666667,0.5,0.7,0.7
stable porous MOFs for CO2 adsorption,q1_co2_adsorption,48,SemanticOnly,2,qmof-fd921b0,Co2C16H16N8O8,1|1|1|1,0.7598756790987566,0.8723203879496286,0.023607814261955497,,0.7598756790987566,0.02958299999988867,3.390441,1.58214776,0.7166666666666667,1.0,0.7,0.7
stable porous MOFs for CO2 adsorption,q1_co2_adsorption,48,SemanticOnly,3,qmof-f69d443,Co2C40H28N12O8,1|1|1|1,0.7598756790987566,0.8723203879496286,0.02232735866171103,,0.7598756790987566,0.02958299999988867,2.877886,1.370451155,0.7166666666666667,1.0,0.7,0.7
stable porous MOFs for CO2 adsorption,q1_co2_adsorption,48,SemanticOnly,4,qmof-f343390,Co2C34H22N6O8,1|1|1|1,0.7598756790987566,0.8723203879496286,0.01892556354282888,,0.7598756790987566,0.02958299999988867,3.060735,1.790740334,0.7166666666666667,1.0,0.7,0.7
stable porous MOFs for CO2 adsorption,q1_co2_adsorption,48,SemanticOnly,5,qmof-f2d872e,Co2C36H40N8O12,1|1|1|1,0.7598756790987566,0.8723203879496286,0.016057918575473486,,0.7598756790987566,0.02958299999988867,3.378082,1.334171796,0.7166666666666667,1.0,0.7,0.7
stable porous MOFs for CO2 adsorption,q1_co2_adsorption,48,WeightedSum,1,qmof-fd921b0,Co2C16H16N8O8,1|1|1|1,0.7598756790987566,0.8723203879496286,0.0,,0.7598756790987566,0.04424999998775547,3.390441,1.58214776,0.7166666666666667,1.0,0.7,0.7
stable porous MOFs for CO2 adsorption,q1_co2_adsorption,48,WeightedSum,2,qmof-f69d443,Co2C40H28N12O8,1|1|1|1,0.7598756790987566,0.8723203879496286,0.017994121113278753,,0.7598756790987566,0.04424999998775547,2.877886,1.370451155,0.7166666666666667,1.0,0.7,0.7
stable porous MOFs for CO2 adsorption,q1_co2_adsorption,48,WeightedSum,3,qmof-f343390,Co2C34H22N6O8,1|1|1|1,0.7598756790987566,0.8723203879496286,0.01446230513048269,,0.7598756790987566,0.04424999998775547,3.060735,1.790740334,0.7166666666666667,1.0,0.7,0.7
stable porous MOFs for CO2 adsorption,q1_co2_adsorption,48,WeightedSum,4,qmof-f2d872e,Co2C36H40N8O12,1|1|1|1,0.7598756790987566,0.8723203879496286,0.015981457580943253,,0.7598756790987566,0.04424999998775547,3.378082,1.334171796,0.7166666666666667,1.0,0.7,0.7
stable porous MOFs for CO2 adsorption,q1_co2_adsorption,48,WeightedSum,5,qmof-f0c9af4,Co2C50H38N10O12,1|1|1|1,0.7598756790987566,0.8723203879496286,0.01704207044594936,,0.7598756790987566,0.04424999998775547,2.642464,1.607919854,0.7166666666666667,1.0,0.7,0.7
stable porous MOFs for CO2 adsorption,q1_co2_adsorption,48,TOPSIS,1,qmof-fd921b0,Co2C16H16N8O8,1|1|1|1,0.7598756790987566,0.8723203879496286,0.0,,0.7598756790987566,0.9720829999935177,3.390441,1.58214776,0.7166666666666667,1.0,0.7,0.7
stable porous MOFs for CO2 adsorption,q1_co2_adsorption,48,TOPSIS,2,qmof-f69d443,Co2C40H28N12O8,1|1|1|1,0.7598756790987566,0.8723203879496286,0.017994121113278753,,0.7598756790987566,0.9720829999935177,2.877886,1.370451155,0.7166666666666667,1.0,0.7,0.7
stable porous MOFs for CO2 adsorption,q1_co2_adsorption,48,TOPSIS,3,qmof-f343390,Co2C34H22N6O8,1|1|1|1,0.7598756790987566,0.8723203879496286,0.01446230513048269,,0.7598756790987566,0.9720829999935177,3.060735,1.790740334,0.7166666666666667,1.0,0.7,0.7
stable porous MOFs for CO2 adsorption,q1_co2_adsorption,48,TOPSIS,4,qmof-f2d872e,Co2C36H40N8O12,1|1|1|1,0.7598756790987566,0.8723203879496286,0.015981457580943253,,0.7598756790987566,0.9720829999935177,3.378082,1.334171796,0.7166666666666667,1.0,0.7,0.7
stable porous MOFs for CO2 adsorption,q1_co2_adsorption,48,TOPSIS,5,qmof-f0c9af4,Co2C50H38N10O12,1|1|1|1,0.7598756790987566,0.8723203879496286,0.01704207044594936,,0.7598756790987566,0.9720829999935177,2.642464,1.607919854,0.7166666666666667,1.0,0.7,0.7
stable porous MOFs for CO2 adsorption,q1_co2_adsorption,48,ParetoCrowding,1,qmof-ba8d316,Co2C32H24O12,1|1|1|1,0.7598756790987566,0.8723203879496286,0.0,,0.7598756790987566,207.48941600000137,1.250046,1.746231048,0.7166666666666667,1.0,0.7,0.7
stable porous MOFs for CO2 adsorption,q1_co2_adsorption,48,ParetoCrowding,2,qmof-54f7ee7,Co2K2C48H44N4O6,1|1|1|1,0.7598756790987566,0.8723203879496286,0.019297118401298562,,0.7598756790987566,207.48941600000137,1.505111,1.497174385,0.7166666666666667,1.0,0.7,0.7
stable porous MOFs for CO2 adsorption,q1_co2_adsorption,48,ParetoCrowding,3,qmof-ec84fcf,Co2C20H16N28,1|1|1|1,0.7598756790987566,0.8723203879496286,0.03739819826852833,,0.7598756790987566,207.48941600000137,2.596155,1.767424228,0.7166666666666667,1.0,0.7,0.7
stable porous MOFs for CO2 adsorption,q1_co2_adsorption,48,ParetoCrowding,4,qmof-01f1640,Co2C28H20N8O8,1|1|1|1,0.7598756790987566,0.8723203879496286,0.01962880900561523,,0.7598756790987566,207.48941600000137,1.942124,1.64776998,0.7166666666666667,1.0,0.7,0.7
stable porous MOFs for CO2 adsorption,q1_co2_adsorption,48,ParetoCrowding,5,qmof-1ca4ac2,Co2Cu4Br4C30H60N6S12,1|1|1|1,0.7598756790987566,0.8723203879496286,0.03661351966393627,,0.7598756790987566,207.48941600000137,2.866054,1.689685123,0.7166666666666667,1.0,0.7,0.7
stable porous MOFs for CO2 adsorption,q1_co2_adsorption,48,Random,1,qmof-403e9cb,Co2C24H32N4O18,1|1|1|1,0.7598756790987566,0.8723203879496286,0.0,,0.7598756790987566,0.049583000006236944,3.469655,1.697328907,0.7166666666666667,1.0,0.7,0.7
stable porous MOFs for CO2 adsorption,q1_co2_adsorption,48,Random,2,qmof-f69d443,Co2C40H28N12O8,1|1|1|1,0.7598756790987566,0.8723203879496286,0.019694937203844784,,0.7598756790987566,0.049583000006236944,2.877886,1.370451155,0.7166666666666667,1.0,0.7,0.7
stable porous MOFs for CO2 adsorption,q1_co2_adsorption,48,Random,3,qmof-334586a,Co2C28H20N16S4,1|1|1|1,0.7598756790987566,0.8723203879496286,0.017917491511167914,,0.7598756790987566,0.049583000006236944,3.172952,1.76521634,0.7166666666666667,1.0,0.7,0.7
stable porous MOFs for CO2 adsorption,q1_co2_adsorption,48,Random,4,qmof-a5a6fa2,Co2C44H32N4O12,1|1|1|1,0.7598756790987566,0.8723203879496286,0.015481862428830437,,0.7598756790987566,0.049583000006236944,2.912484,1.777795301,0.7166666666666667,1.0,0.7,0.7
stable porous MOFs for CO2 adsorption,q1_co2_adsorption,48,Random,5,qmof-68234b7,Co2C30H32N2O14,1|1|1|1,0.7598756790987566,0.8723203879496286,0.014739656711242478,,0.7598756790987566,0.049583000006236944,3.266102,1.399169923,0.7166666666666667,1.0,0.7,0.7
stable porous MOFs for CO2 adsorption,q1_co2_adsorption,48,MMR,1,qmof-c0d0be0,Co2C28H20N4O12,1|1|1|1,0.7598756790987566,0.8723203879496286,0.0,,0.7598756790987566,2030.7457920000047,3.369652,1.717539182,0.7166666666666667,1.0,0.7,0.7
stable porous MOFs for CO2 adsorption,q1_co2_adsorption,48,MMR,2,qmof-ba8d316,Co2C32H24O12,1|1|1|1,0.7598756790987566,0.8723203879496286,0.04122560423812952,,0.7598756790987566,2030.7457920000047,1.250046,1.746231048,0.7166666666666667,1.0,0.7,0.7
stable porous MOFs for CO2 adsorption,q1_co2_adsorption,48,MMR,3,qmof-1ca4ac2,Co2Cu4Br4C30H60N6S12,1|1|1|1,0.7598756790987566,0.8723203879496286,0.036719886502758974,,0.7598756790987566,2030.7457920000047,2.866054,1.689685123,0.7166666666666667,1.0,0.7,0.7
stable porous MOFs for CO2 adsorption,q1_co2_adsorption,48,MMR,4,qmof-ec84fcf,Co2C20H16N28,1|1|1|1,0.7598756790987566,0.8723203879496286,0.03434354715013224,,0.7598756790987566,2030.7457920000047,2.596155,1.767424228,0.7166666666666667,1.0,0.7,0.7
stable porous MOFs for CO2 adsorption,q1_co2_adsorption,48,MMR,5,qmof-c96d53b,Co2C72H56N8O8,1|1|1|1,0.7598756790987566,0.8723203879496286,0.03257264734488495,,0.7598756790987566,2030.7457920000047,3.014331,1.404307277,0.7166666666666667,1.0,0.7,0.7
stable porous MOFs for CO2 adsorption,q1_co2_adsorption,48,LEA,1,qmof-c0d0be0,Co2C28H20N4O12,1|1|1|1,0.7598756790987566,0.8723203879496286,0.0,,0.8471077178937196,80.54258299999617,3.369652,1.717539182,0.7166666666666667,1.0,0.7,0.7
stable porous MOFs for CO2 adsorption,q1_co2_adsorption,48,LEA,2,qmof-ba8d316,Co2C32H24O12,1|1|1|1,0.7598756790987566,0.8723203879496286,0.04122560423812952,,0.8048426027931994,80.54258299999617,1.250046,1.746231048,0.7166666666666667,1.0,0.7,0.7
stable porous MOFs for CO2 adsorption,q1_co2_adsorption,48,LEA,3,qmof-54f7ee7,Co2K2C48H44N4O6,1|1|1|1,0.7598756790987566,0.8723203879496286,0.029265968942720134,,0.8040995915763752,80.54258299999617,1.505111,1.497174385,0.7166666666666667,1.0,0.7,0.7
stable porous MOFs for CO2 adsorption,q1_co2_adsorption,48,LEA,4,qmof-01f1640,Co2C28H20N8O8,1|1|1|1,0.7598756790987566,0.8723203879496286,0.020789400346669682,,0.8028981884200177,80.54258299999617,1.942124,1.64776998,0.7166666666666667,1.0,0.7,0.7
stable porous MOFs for CO2 adsorption,q1_co2_adsorption,48,LEA,5,qmof-ec84fcf,Co2C20H16N28,1|1|1|1,0.7598756790987566,0.8723203879496286,0.03194640047724198,,0.8026676591178785,80.54258299999617,2.596155,1.767424228,0.7166666666666667,1.0,0.7,0.7
stable porous MOFs for CO2 adsorption,q1_co2_adsorption,48,LEA no diversity,1,qmof-c0d0be0,Co2C28H20N4O12,1|1|1|1,0.7598756790987566,0.8723203879496286,0.0,,0.8471077178937196,81.49212499999692,3.369652,1.717539182,0.7166666666666667,1.0,0.7,0.7
stable porous MOFs for CO2 adsorption,q1_co2_adsorption,48,LEA no diversity,2,qmof-ba8d316,Co2C32H24O12,1|1|1|1,0.7598756790987566,0.8723203879496286,0.04122560423812952,,0.7996417020841842,81.49212499999692,1.250046,1.746231048,0.7166666666666667,1.0,0.7,0.7
stable porous MOFs for CO2 adsorption,q1_co2_adsorption,48,LEA no diversity,3,qmof-54f7ee7,Co2K2C48H44N4O6,1|1|1|1,0.7598756790987566,0.8723203879496286,0.029265968942720134,,0.799402134779668,81.49212499999692,1.505111,1.497174385,0.7166666666666667,1.0,0.7,0.7
stable porous MOFs for CO2 adsorption,q1_co2_adsorption,48,LEA no diversity,4,qmof-01f1640,Co2C28H20N8O8,1|1|1|1,0.7598756790987566,0.8723203879496286,0.020789400346669682,,0.7990130400994317,81.49212499999692,1.942124,1.64776998,0.7166666666666667,1.0,0.7,0.7
stable porous MOFs for CO2 adsorption,q1_co2_adsorption,48,LEA no diversity,5,qmof-ec84fcf,Co2C20H16N28,1|1|1|1,0.7598756790987566,0.8723203879496286,0.03194640047724198,,0.798938134912502,81.49212499999692,2.596155,1.767424228,0.7166666666666667,1.0,0.7,0.7
stable porous MOFs for CO2 adsorption,q1_co2_adsorption,48,LEA no self-cleaning,1,qmof-c0d0be0,Co2C28H20N4O12,1|1|1|1,0.7598756790987566,0.8723203879496286,0.0,,0.8471077178937196,84.42995800000119,3.369652,1.717539182,0.7166666666666667,1.0,0.7,0.7
stable porous MOFs for CO2 adsorption,q1_co2_adsorption,48,LEA no self-cleaning,2,qmof-ba8d316,Co2C32H24O12,1|1|1|1,0.7598756790987566,0.8723203879496286,0.04122560423812952,,0.8048426027931994,84.42995800000119,1.250046,1.746231048,0.7166666666666667,1.0,0.7,0.7
stable porous MOFs for CO2 adsorption,q1_co2_adsorption,48,LEA no self-cleaning,3,qmof-54f7ee7,Co2K2C48H44N4O6,1|1|1|1,0.7598756790987566,0.8723203879496286,0.029265968942720134,,0.8040995915763752,84.42995800000119,1.505111,1.497174385,0.7166666666666667,1.0,0.7,0.7
stable porous MOFs for CO2 adsorption,q1_co2_adsorption,48,LEA no self-cleaning,4,qmof-01f1640,Co2C28H20N8O8,1|1|1|1,0.7598756790987566,0.8723203879496286,0.020789400346669682,,0.8028981884200177,84.42995800000119,1.942124,1.64776998,0.7166666666666667,1.0,0.7,0.7
stable porous MOFs for CO2 adsorption,q1_co2_adsorption,48,LEA no self-cleaning,5,qmof-ec84fcf,Co2C20H16N28,1|1|1|1,0.7598756790987566,0.8723203879496286,0.03194640047724198,,0.8026676591178785,84.42995800000119,2.596155,1.767424228,0.7166666666666667,1.0,0.7,0.7
stable porous MOFs for CO2 adsorption,q1_co2_adsorption,48,GraphSAGE only,1,qmof-1ca4ac2,Co2Cu4Br4C30H60N6S12,1|1|1|1,0.7598756790987566,0.8723203879496286,0.0,0.24276514119872877,0.7598756790987566,0.03820899999595895,2.866054,1.689685123,0.7166666666666667,1.0,0.7,0.7
stable porous MOFs for CO2 adsorption,q1_co2_adsorption,48,GraphSAGE only,2,qmof-330a403,Co2C58F12H32N8O8S2,1|1|1|1,0.7598756790987566,0.8723203879496286,0.022168108750337256,0.2340455038262295,0.7598756790987566,0.03820899999595895,2.471348,1.414912408,0.7166666666666667,1.0,0.7,0.7
stable porous MOFs for CO2 adsorption,q1_co2_adsorption,48,GraphSAGE only,3,qmof-2ba0cce,Co2C24H26N2S4,1|1|1|1,0.7598756790987566,0.8723203879496286,0.026043668960726005,0.2228060658698276,0.7598756790987566,0.03820899999595895,3.202535,1.580976593,0.7166666666666667,1.0,0.7,0.7
stable porous MOFs for CO2 adsorption,q1_co2_adsorption,48,GraphSAGE only,4,qmof-9a1ecbc,Co2C28Cl4H24N8S6,1|1|1|1,0.7598756790987566,0.8723203879496286,0.020718152406427416,0.21936390999166666,0.7598756790987566,0.03820899999595895,3.409833,1.797370089,0.7166666666666667,1.0,0.7,0.7
stable porous MOFs for CO2 adsorption,q1_co2_adsorption,48,GraphSAGE only,5,qmof-f2d872e,Co2C36H40N8O12,1|1|1|1,0.7598756790987566,0.8723203879496286,0.02127557819965102,0.21422282958571431,0.7598756790987566,0.03820899999595895,3.378082,1.334171796,0.7166666666666667,1.0,0.7,0.7
stable porous MOFs for CO2 adsorption,q1_co2_adsorption,48,GAT only,1,qmof-9a1ecbc,Co2C28Cl4H24N8S6,1|1|1|1,0.7598756790987566,0.8723203879496286,0.0,0.41725434943749995,0.7598756790987566,0.03383300000336931,3.409833,1.797370089,0.7166666666666667,1.0,0.7,0.7
stable porous MOFs for CO2 adsorption,q1_co2_adsorption,48,GAT only,2,qmof-1ca4ac2,Co2Cu4Br4C30H60N6S12,1|1|1|1,0.7598756790987566,0.8723203879496286,0.02189175418099708,0.40025622489724577,0.7598756790987566,0.03383300000336931,2.866054,1.689685123,0.7166666666666667,1.0,0.7,0.7
stable porous MOFs for CO2 adsorption,q1_co2_adsorption,48,GAT only,3,qmof-2ba0cce,Co2C24H26N2S4,1|1|1|1,0.7598756790987566,0.8723203879496286,0.018622472206499825,0.38989278707543107,0.7598756790987566,0.03383300000336931,3.202535,1.580976593,0.7166666666666667,1.0,0.7,0.7
stable porous MOFs for CO2 adsorption,q1_co2_adsorption,48,GAT only,4,qmof-71748b1,Co2C34H26N10O10S6,1|1|1|1,0.7598756790987566,0.8723203879496286,0.016045052857443818,0.38425537878409094,0.7598756790987566,0.03383300000336931,3.369053,1.740750274,0.7166666666666667,1.0,0.7,0.7
stable porous MOFs for CO2 adsorption,q1_co2_adsorption,48,GAT only,5,qmof-c11323c,Co2C40H32N4O8,1|1|1|1,0.7598756790987566,0.8723203879496286,0.018004597961380115,0.3813141644665698,0.7598756790987566,0.03383300000336931,3.474905,1.402324029,0.7166666666666667,1.0,0.7,0.7
stable porous MOFs for CO2 adsorption,q1_co2_adsorption,48,LEA + GraphSAGE,1,qmof-330a403,Co2C58F12H32N8O8S2,1|1|1|1,0.7598756790987566,0.8723203879496286,0.0,0.2340455038262295,0.7563867668080384,80.3541249999995,2.471348,1.414912408,0.7166666666666667,1.0,0.7,0.7
stable porous MOFs for CO2 adsorption,q1_co2_adsorption,48,LEA + GraphSAGE,2,qmof-54f7ee7,Co2K2C48H44N4O6,1|1|1|1,0.7598756790987566,0.8723203879496286,0.02354542151381115,0.21412701546462262,0.7526904974397162,80.3541249999995,1.505111,1.497174385,0.7166666666666667,1.0,0.7,0.7
stable porous MOFs for CO2 adsorption,q1_co2_adsorption,48,LEA + GraphSAGE,3,qmof-c11323c,Co2C40H32N4O8,1|1|1|1,0.7598756790987566,0.8723203879496286,0.032145633299900764,0.21110476759244187,0.7521292032094165,80.3541249999995,3.474905,1.402324029,0.7166666666666667,1.0,0.7,0.7
stable porous MOFs for CO2 adsorption,q1_co2_adsorption,48,LEA + GraphSAGE,4,qmof-14eb177,Co2C44H36N8O8,1|1|1|1,0.7598756790987566,0.8723203879496286,0.022547093978748448,0.2084425858107143,0.7516346846852743,80.3541249999995,3.496948,1.411241713,0.7166666666666667,1.0,0.7,0.7
stable porous MOFs for CO2 adsorption,q1_co2_adsorption,48,LEA + GraphSAGE,5,qmof-466d3a2,Co2C44Cl2H44N6O4,1|1|1|1,0.7598756790987566,0.8723203879496286,0.017725266207828546,0.2070690420053921,0.7513795046674288,80.3541249999995,3.045598,1.487445453,0.7166666666666667,1.0,0.7,0.7
stable porous MOFs for CO2 adsorption,q1_co2_adsorption,48,LEA + GAT,1,qmof-c11323c,Co2C40H32N4O8,1|1|1|1,0.7598756790987566,0.8723203879496286,0.0,0.3813141644665698,0.7835038219227985,79.95870799999238,3.474905,1.402324029,0.7166666666666667,1.0,0.7,0.7
stable porous MOFs for CO2 adsorption,q1_co2_adsorption,48,LEA + GAT,2,qmof-14eb177,Co2C44H36N8O8,1|1|1|1,0.7598756790987566,0.8723203879496286,0.004089157886060898,0.3807979464068878,0.7834096093258442,79.95870799999238,3.496948,1.411241713,0.7166666666666667,1.0,0.7,0.7
stable porous MOFs for CO2 adsorption,q1_co2_adsorption,48,LEA + GAT,3,qmof-92f3405,Co2C32H34N4O8,1|1|1|1,0.7598756790987566,0.8723203879496286,0.006786185154270247,0.37212761225,0.7818261380896516,79.95870799999238,3.41823,1.507459004,0.7166666666666667,1.0,0.7,0.7
stable porous MOFs for CO2 adsorption,q1_co2_adsorption,48,LEA + GAT,4,qmof-0ea1d91,Co2C16H12N8O4,1|1|1|1,0.7598756790987566,0.8723203879496286,0.01933700300547901,0.3690900908035714,0.7812709165392866,79.95870799999238,3.489909,1.78772833,0.7166666666666667,1.0,0.7,0.7
stable porous MOFs for CO2 adsorption,q1_co2_adsorption,48,LEA + GAT,5,qmof-330a403,Co2C58F12H32N8O8S2,1|1|1|1,0.7598756790987566,0.8723203879496286,0.027984022749040605,0.36886524794262293,0.7812298084009255,79.95870799999238,2.471348,1.414912408,0.7166666666666667,1.0,0.7,0.7
stable porous MOFs for CO2 adsorption,q1_co2_adsorption,49,SemanticOnly,1,qmof-fd921b0,Co2C16H16N8O8,1|1|1|1,0.7598756790987566,0.8723203879496286,0.0,,0.7598756790987566,0.03016699999136563,3.390441,1.58214776,0.7166666666666667,1.0,0.7,0.7
stable porous MOFs for CO2 adsorption,q1_co2_adsorption,49,SemanticOnly,2,qmof-f69d443,Co2C40H28N12O8,1|1|1|1,0.7598756790987566,0.8723203879496286,0.017994121113278753,,0.7598756790987566,0.03016699999136563,2.877886,1.370451155,0.7166666666666667,1.0,0.7,0.7
stable porous MOFs for CO2 adsorption,q1_co2_adsorption,49,SemanticOnly,3,qmof-f47b0d0,Co2C20H16N20,1|1|1|1,0.6672849381728494,0.9107321446432144,0.03323853382048168,,0.6672849381728494,0.03016699999136563,4.598984,1.747002045,0.7166666666666667,0.5,0.7,0.7
stable porous MOFs for CO2 adsorption,q1_co2_adsorption,49,SemanticOnly,4,qmof-f360972,Co2C18H28N4O12P4,1|1|1|1,0.6672849381728494,0.9107321446432144,0.023931983686120508,,0.6672849381728494,0.03016699999136563,3.915648,1.787219535,0.7166666666666667,0.5,0.7,0.7
stable porous MOFs for CO2 adsorption,q1_co2_adsorption,49,SemanticOnly,5,qmof-f343390,Co2C34H22N6O8,1|1|1|1,0.7598756790987566,0.8723203879496286,0.021686298457716004,,0.7598756790987566,0.03016699999136563,3.060735,1.790740334,0.7166666666666667,1.0,0.7,0.7
stable porous MOFs for CO2 adsorption,q1_co2_adsorption,49,WeightedSum,1,qmof-fd921b0,Co2C16H16N8O8,1|1|1|1,0.7598756790987566,0.8723203879496286,0.0,,0.7598756790987566,0.042708999998808395,3.390441,1.58214776,0.7166666666666667,1.0,0.7,0.7
stable porous MOFs for CO2 adsorption,q1_co2_adsorption,49,WeightedSum,2,qmof-f69d443,Co2C40H28N12O8,1|1|1|1,0.7598756790987566,0.8723203879496286,0.017994121113278753,,0.7598756790987566,0.042708999998808395,2.877886,1.370451155,0.7166666666666667,1.0,0.7,0.7
stable porous MOFs for CO2 adsorption,q1_co2_adsorption,49,WeightedSum,3,qmof-f343390,Co2C34H22N6O8,1|1|1|1,0.7598756790987566,0.8723203879496286,0.01446230513048269,,0.7598756790987566,0.042708999998808395,3.060735,1.790740334,0.7166666666666667,1.0,0.7,0.7
stable porous MOFs for CO2 adsorption,q1_co2_adsorption,49,WeightedSum,4,qmof-f2d872e,Co2C36H40N8O12,1|1|1|1,0.7598756790987566,0.8723203879496286,0.015981457580943253,,0.7598756790987566,0.042708999998808395,3.378082,1.334171796,0.7166666666666667,1.0,0.7,0.7
stable porous MOFs for CO2 adsorption,q1_co2_adsorption,49,WeightedSum,5,qmof-f0c9af4,Co2C50H38N10O12,1|1|1|1,0.7598756790987566,0.8723203879496286,0.01704207044594936,,0.7598756790987566,0.042708999998808395,2.642464,1.607919854,0.7166666666666667,1.0,0.7,0.7
stable porous MOFs for CO2 adsorption,q1_co2_adsorption,49,TOPSIS,1,qmof-fd921b0,Co2C16H16N8O8,1|1|1|1,0.7598756790987566,0.8723203879496286,0.0,,0.7598756790987566,0.9662080000083506,3.390441,1.58214776,0.7166666666666667,1.0,0.7,0.7
stable porous MOFs for CO2 adsorption,q1_co2_adsorption,49,TOPSIS,2,qmof-f69d443,Co2C40H28N12O8,1|1|1|1,0.7598756790987566,0.8723203879496286,0.017994121113278753,,0.7598756790987566,0.9662080000083506,2.877886,1.370451155,0.7166666666666667,1.0,0.7,0.7
stable porous MOFs for CO2 adsorption,q1_co2_adsorption,49,TOPSIS,3,qmof-f343390,Co2C34H22N6O8,1|1|1|1,0.7598756790987566,0.8723203879496286,0.01446230513048269,,0.7598756790987566,0.9662080000083506,3.060735,1.790740334,0.7166666666666667,1.0,0.7,0.7
stable porous MOFs for CO2 adsorption,q1_co2_adsorption,49,TOPSIS,4,qmof-f2d872e,Co2C36H40N8O12,1|1|1|1,0.7598756790987566,0.8723203879496286,0.015981457580943253,,0.7598756790987566,0.9662080000083506,3.378082,1.334171796,0.7166666666666667,1.0,0.7,0.7
stable porous MOFs for CO2 adsorption,q1_co2_adsorption,49,TOPSIS,5,qmof-f0c9af4,Co2C50H38N10O12,1|1|1|1,0.7598756790987566,0.8723203879496286,0.01704207044594936,,0.7598756790987566,0.9662080000083506,2.642464,1.607919854,0.7166666666666667,1.0,0.7,0.7
stable porous MOFs for CO2 adsorption,q1_co2_adsorption,49,ParetoCrowding,1,qmof-ba8d316,Co2C32H24O12,1|1|1|1,0.7598756790987566,0.8723203879496286,0.0,,0.7598756790987566,204.3348750000007,1.250046,1.746231048,0.7166666666666667,1.0,0.7,0.7
stable porous MOFs for CO2 adsorption,q1_co2_adsorption,49,ParetoCrowding,2,qmof-54f7ee7,Co2K2C48H44N4O6,1|1|1|1,0.7598756790987566,0.8723203879496286,0.019297118401298562,,0.7598756790987566,204.3348750000007,1.505111,1.497174385,0.7166666666666667,1.0,0.7,0.7
stable porous MOFs for CO2 adsorption,q1_co2_adsorption,49,ParetoCrowding,3,qmof-ec84fcf,Co2C20H16N28,1|1|1|1,0.7598756790987566,0.8723203879496286,0.03739819826852833,,0.7598756790987566,204.3348750000007,2.596155,1.767424228,0.7166666666666667,1.0,0.7,0.7
stable porous MOFs for CO2 adsorption,q1_co2_adsorption,49,ParetoCrowding,4,qmof-01f1640,Co2C28H20N8O8,1|1|1|1,0.7598756790987566,0.8723203879496286,0.01962880900561523,,0.7598756790987566,204.3348750000007,1.942124,1.64776998,0.7166666666666667,1.0,0.7,0.7
stable porous MOFs for CO2 adsorption,q1_co2_adsorption,49,ParetoCrowding,5,qmof-330a403,Co2C58F12H32N8O8S2,1|1|1|1,0.7598756790987566,0.8723203879496286,0.029997815638107155,,0.7598756790987566,204.3348750000007,2.471348,1.414912408,0.7166666666666667,1.0,0.7,0.7
stable porous MOFs for CO2 adsorption,q1_co2_adsorption,49,Random,1,qmof-0ea1d91,Co2C16H12N8O4,1|1|1|1,0.7598756790987566,0.8723203879496286,0.0,,0.7598756790987566,0.04237500000670025,3.489909,1.78772833,0.7166666666666667,1.0,0.7,0.7
stable porous MOFs for CO2 adsorption,q1_co2_adsorption,49,Random,2,qmof-14eb177,Co2C44H36N8O8,1|1|1|1,0.7598756790987566,0.8723203879496286,0.02091521392013418,,0.7598756790987566,0.04237500000670025,3.496948,1.411241713,0.7166666666666667,1.0,0.7,0.7
stable porous MOFs for CO2 adsorption,q1_co2_adsorption,49,Random,3,qmof-54f7ee7,Co2K2C48H44N4O6,1|1|1|1,0.7598756790987566,0.8723203879496286,0.041692856495980646,,0.7598756790987566,0.04237500000670025,1.505111,1.497174385,0.7166666666666667,1.0,0.7,0.7
stable porous MOFs for CO2 adsorption,q1_co2_adsorption,49,Random,4,qmof-2ba0cce,Co2C24H26N2S4,1|1|1|1,0.7598756790987566,0.8723203879496286,0.023169067696831025,,0.7598756790987566,0.04237500000670025,3.202535,1.580976593,0.7166666666666667,1.0,0.7,0.7
stable porous MOFs for CO2 adsorption,q1_co2_adsorption,49,Random,5,qmof-d8703ab,Co2C24H24N8O8,1|1|1|1,0.7598756790987566,0.8723203879496286,0.019327054739636012,,0.7598756790987566,0.04237500000670025,3.365559,1.778550968,0.7166666666666667,1.0,0.7,0.7
stable porous MOFs for CO2 adsorption,q1_co2_adsorption,49,MMR,1,qmof-a5ebf1c,Co2C28H20N6O10,1|1|1|1,0.7598756790987566,0.8723203879496286,0.0,,0.7598756790987566,2038.4077500000046,3.242997,1.788603861,0.7166666666666667,1.0,0.7,0.7
stable porous MOFs for CO2 adsorption,q1_co2_adsorption,49,MMR,2,qmof-ba8d316,Co2C32H24O12,1|1|1|1,0.7598756790987566,0.8723203879496286,0.03896483756149301,,0.7598756790987566,2038.4077500000046,1.250046,1.746231048,0.7166666666666667,1.0,0.7,0.7
stable porous MOFs for CO2 adsorption,q1_co2_adsorption,49,MMR,3,qmof-1ca4ac2,Co2Cu4Br4C30H60N6S12,1|1|1|1,0.7598756790987566,0.8723203879496286,0.03631074968327231,,0.7598756790987566,2038.4077500000046,2.866054,1.689685123,0.7166666666666667,1.0,0.7,0.7
stable porous MOFs for CO2 adsorption,q1_co2_adsorption,49,MMR,4,qmof-ec84fcf,Co2C20H16N28,1|1|1|1,0.7598756790987566,0.8723203879496286,0.033318334681985105,,0.7598756790987566,2038.4077500000046,2.596155,1.767424228,0.7166666666666667,1.0,0.7,0.7
stable porous MOFs for CO2 adsorption,q1_co2_adsorption,49,MMR,5,qmof-c96d53b,Co2C72H56N8O8,1|1|1|1,0.7598756790987566,0.8723203879496286,0.03256140734750576,,0.7598756790987566,2038.4077500000046,3.014331,1.404307277,0.7166666666666667,1.0,0.7,0.7
stable porous MOFs for CO2 adsorption,q1_co2_adsorption,49,LEA,1,qmof-a5ebf1c,Co2C28H20N6O10,1|1|1|1,0.7598756790987566,0.8723203879496286,0.0,,0.8471077178937196,81.32808400000613,3.242997,1.788603861,0.7166666666666667,1.0,0.7,0.7
stable porous MOFs for CO2 adsorption,q1_co2_adsorption,49,LEA,2,qmof-ba8d316,Co2C32H24O12,1|1|1|1,0.7598756790987566,0.8723203879496286,0.03896483756149301,,0.803674674713644,81.32808400000613,1.250046,1.746231048,0.7166666666666667,1.0,0.7,0.7
stable porous MOFs for CO2 adsorption,q1_co2_adsorption,49,LEA,3,qmof-54f7ee7,Co2K2C48H44N4O6,1|1|1|1,0.7598756790987566,0.8723203879496286,0.028267347185773152,,0.8032244526259382,81.32808400000613,1.505111,1.497174385,0.7166666666666667,1.0,0.7,0.7
stable porous MOFs for CO2 adsorption,q1_co2_adsorption,49,LEA,4,qmof-01f1640,Co2C28H20N8O8,1|1|1|1,0.7598756790987566,0.8723203879496286,0.019940790655192327,,0.8015712563999428,81.32808400000613,1.942124,1.64776998,0.7166666666666667,1.0,0.7,0.7
stable porous MOFs for CO2 adsorption,q1_co2_adsorption,49,LEA,5,qmof-330a403,Co2C58F12H32N8O8S2,1|1|1|1,0.7598756790987566,0.8723203879496286,0.028261986739858982,,0.8015686960752046,81.32808400000613,2.471348,1.414912408,0.7166666666666667,1.0,0.7,0.7
stable porous MOFs for CO2 adsorption,q1_co2_adsorption,49,LEA no diversity,1,qmof-a5ebf1c,Co2C28H20N6O10,1|1|1|1,0.7598756790987566,0.8723203879496286,0.0,,0.8471077178937196,81.63920900000221,3.242997,1.788603861,0.7166666666666667,1.0,0.7,0.7
stable porous MOFs for CO2 adsorption,q1_co2_adsorption,49,LEA no diversity,2,qmof-ba8d316,Co2C32H24O12,1|1|1|1,0.7598756790987566,0.8723203879496286,0.03896483756149301,,0.7992647625345336,81.63920900000221,1.250046,1.746231048,0.7166666666666667,1.0,0.7,0.7
stable porous MOFs for CO2 adsorption,q1_co2_adsorption,49,LEA no diversity,3,qmof-54f7ee7,Co2K2C48H44N4O6,1|1|1|1,0.7598756790987566,0.8723203879496286,0.028267347185773152,,0.799118917642153,81.63920900000221,1.505111,1.497174385,0.7166666666666667,1.0,0.7,0.7
stable porous MOFs for CO2 adsorption,q1_co2_adsorption,49,LEA no diversity,4,qmof-01f1640,Co2C28H20N8O8,1|1|1|1,0.7598756790987566,0.8723203879496286,0.019940790655192327,,0.7985808068831239,81.63920900000221,1.942124,1.64776998,0.7166666666666667,1.0,0.7,0.7
stable porous MOFs for CO2 adsorption,q1_co2_adsorption,49,LEA no diversity,5,qmof-330a403,Co2C58F12H32N8O8S2,1|1|1|1,0.7598756790987566,0.8723203879496286,0.028261986739858982,,0.798579970365547,81.63920900000221,2.471348,1.414912408,0.7166666666666667,1.0,0.7,0.7
stable porous MOFs for CO2 adsorption,q1_co2_adsorption,49,LEA no self-cleaning,1,qmof-a5ebf1c,Co2C28H20N6O10,1|1|1|1,0.7598756790987566,0.8723203879496286,0.0,,0.8471077178937196,81.15058299999589,3.242997,1.788603861,0.7166666666666667,1.0,0.7,0.7
stable porous MOFs for CO2 adsorption,q1_co2_adsorption,49,LEA no self-cleaning,2,qmof-ba8d316,Co2C32H24O12,1|1|1|1,0.7598756790987566,0.8723203879496286,0.03896483756149301,,0.803674674713644,81.15058299999589,1.250046,1.746231048,0.7166666666666667,1.0,0.7,0.7
stable porous MOFs for CO2 adsorption,q1_co2_adsorption,49,LEA no self-cleaning,3,qmof-54f7ee7,Co2K2C48H44N4O6,1|1|1|1,0.7598756790987566,0.8723203879496286,0.028267347185773152,,0.8032244526259382,81.15058299999589,1.505111,1.497174385,0.7166666666666667,1.0,0.7,0.7
stable porous MOFs for CO2 adsorption,q1_co2_adsorption,49,LEA no self-cleaning,4,qmof-01f1640,Co2C28H20N8O8,1|1|1|1,0.7598756790987566,0.8723203879496286,0.019940790655192327,,0.8015712563999428,81.15058299999589,1.942124,1.64776998,0.7166666666666667,1.0,0.7,0.7
stable porous MOFs for CO2 adsorption,q1_co2_adsorption,49,LEA no self-cleaning,5,qmof-330a403,Co2C58F12H32N8O8S2,1|1|1|1,0.7598756790987566,0.8723203879496286,0.028261986739858982,,0.8015686960752046,81.15058299999589,2.471348,1.414912408,0.7166666666666667,1.0,0.7,0.7
stable porous MOFs for CO2 adsorption,q1_co2_adsorption,49,GraphSAGE only,1,qmof-1ca4ac2,Co2Cu4Br4C30H60N6S12,1|1|1|1,0.7598756790987566,0.8723203879496286,0.0,0.24276514119872877,0.7598756790987566,0.0386660000089023,2.866054,1.689685123,0.7166666666666667,1.0,0.7,0.7
stable porous MOFs for CO2 adsorption,q1_co2_adsorption,49,GraphSAGE only,2,qmof-330a403,Co2C58F12H32N8O8S2,1|1|1|1,0.7598756790987566,0.8723203879496286,0.022168108750337256,0.2340455038262295,0.7598756790987566,0.0386660000089023,2.471348,1.414912408,0.7166666666666667,1.0,0.7,0.7
stable porous MOFs for CO2 adsorption,q1_co2_adsorption,49,GraphSAGE only,3,qmof-2ba0cce,Co2C24H26N2S4,1|1|1|1,0.7598756790987566,0.8723203879496286,0.026043668960726005,0.2228060658698276,0.7598756790987566,0.0386660000089023,3.202535,1.580976593,0.7166666666666667,1.0,0.7,0.7
stable porous MOFs for CO2 adsorption,q1_co2_adsorption,49,GraphSAGE only,4,qmof-9a1ecbc,Co2C28Cl4H24N8S6,1|1|1|1,0.7598756790987566,0.8723203879496286,0.020718152406427416,0.21936390999166666,0.7598756790987566,0.0386660000089023,3.409833,1.797370089,0.7166666666666667,1.0,0.7,0.7
stable porous MOFs for CO2 adsorption,q1_co2_adsorption,49,GraphSAGE only,5,qmof-f2d872e,Co2C36H40N8O12,1|1|1|1,0.7598756790987566,0.8723203879496286,0.02127557819965102,0.21422282958571431,0.7598756790987566,0.0386660000089023,3.378082,1.334171796,0.7166666666666667,1.0,0.7,0.7
stable porous MOFs for CO2 adsorption,q1_co2_adsorption,49,GAT only,1,qmof-9a1ecbc,Co2C28Cl4H24N8S6,1|1|1|1,0.7598756790987566,0.8723203879496286,0.0,0.41725434943749995,0.7598756790987566,0.03350000000068576,3.409833,1.797370089,0.7166666666666667,1.0,0.7,0.7
stable porous MOFs for CO2 adsorption,q1_co2_adsorption,49,GAT only,2,qmof-1ca4ac2,Co2Cu4Br4C30H60N6S12,1|1|1|1,0.7598756790987566,0.8723203879496286,0.02189175418099708,0.40025622489724577,0.7598756790987566,0.03350000000068576,2.866054,1.689685123,0.7166666666666667,1.0,0.7,0.7
stable porous MOFs for CO2 adsorption,q1_co2_adsorption,49,GAT only,3,qmof-2ba0cce,Co2C24H26N2S4,1|1|1|1,0.7598756790987566,0.8723203879496286,0.018622472206499825,0.38989278707543107,0.7598756790987566,0.03350000000068576,3.202535,1.580976593,0.7166666666666667,1.0,0.7,0.7
stable porous MOFs for CO2 adsorption,q1_co2_adsorption,49,GAT only,4,qmof-71748b1,Co2C34H26N10O10S6,1|1|1|1,0.7598756790987566,0.8723203879496286,0.016045052857443818,0.38425537878409094,0.7598756790987566,0.03350000000068576,3.369053,1.740750274,0.7166666666666667,1.0,0.7,0.7
stable porous MOFs for CO2 adsorption,q1_co2_adsorption,49,GAT only,5,qmof-c11323c,Co2C40H32N4O8,1|1|1|1,0.7598756790987566,0.8723203879496286,0.018004597961380115,0.3813141644665698,0.7598756790987566,0.03350000000068576,3.474905,1.402324029,0.7166666666666667,1.0,0.7,0.7
stable porous MOFs for CO2 adsorption,q1_co2_adsorption,49,LEA + GraphSAGE,1,qmof-1ca4ac2,Co2Cu4Br4C30H60N6S12,1|1|1|1,0.7598756790987566,0.8723203879496286,0.0,0.24276514119872877,0.7580031480907227,80.02391700000544,2.866054,1.689685123,0.7166666666666667,1.0,0.7,0.7
stable porous MOFs for CO2 adsorption,q1_co2_adsorption,49,LEA + GraphSAGE,2,qmof-f69d443,Co2C40H28N12O8,1|1|1|1,0.7598756790987566,0.8723203879496286,0.02566775094114483,0.21277171893055555,0.7524388051377359,80.02391700000544,2.877886,1.370451155,0.7166666666666667,1.0,0.7,0.7
stable porous MOFs for CO2 adsorption,q1_co2_adsorption,49,LEA + GraphSAGE,3,qmof-68234b7,Co2C30H32N2O14,1|1|1|1,0.7598756790987566,0.8723203879496286,0.018989101284871968,0.212562255775,0.7523999036096293,80.02391700000544,3.266102,1.399169923,0.7166666666666667,1.0,0.7,0.7
stable porous MOFs for CO2 adsorption,q1_co2_adsorption,49,LEA + GraphSAGE,4,qmof-c11323c,Co2C40H32N4O8,1|1|1|1,0.7598756790987566,0.8723203879496286,0.016013604271554422,0.21110476759244187,0.7521292032094165,80.02391700000544,3.474905,1.402324029,0.7166666666666667,1.0,0.7,0.7
stable porous MOFs for CO2 adsorption,q1_co2_adsorption,49,LEA + GraphSAGE,5,qmof-fd921b0,Co2C16H16N8O8,1|1|1|1,0.7598756790987566,0.8723203879496286,0.019533076945811266,0.209338918,0.7518011945152835,80.02391700000544,3.390441,1.58214776,0.7166666666666667,1.0,0.7,0.7
stable porous MOFs for CO2 adsorption,q1_co2_adsorption,49,LEA + GAT,1,qmof-1ca4ac2,Co2Cu4Br4C30H60N6S12,1|1|1|1,0.7598756790987566,0.8723203879496286,0.0,0.40025622489724577,0.7869555729977663,79.50695799999608,2.866054,1.689685123,0.7166666666666667,1.0,0.7,0.7
stable porous MOFs for CO2 adsorption,q1_co2_adsorption,49,LEA + GAT,2,qmof-c11323c,Co2C40H32N4O8,1|1|1|1,0.7598756790987566,0.8723203879496286,0.02676903586696109,0.3813141644665698,0.7835038219227985,79.50695799999608,3.474905,1.402324029,0.7166666666666667,1.0,0.7,0.7
stable porous MOFs for CO2 adsorption,q1_co2_adsorption,49,LEA + GAT,3,qmof-fd921b0,Co2C16H16N8O8,1|1|1|1,0.7598756790987566,0.8723203879496286,0.023157855803973885,0.372542225,0.7819019052955025,79.50695799999608,3.390441,1.58214776,0.7166666666666667,1.0,0.7,0.7
stable porous MOFs for CO2 adsorption,q1_co2_adsorption,49,LEA + GAT,4,qmof-68234b7,Co2C30H32N2O14,1|1|1|1,0.7598756790987566,0.8723203879496286,0.015777263481060233,0.36976799981249997,0.7813948509965276,79.50695799999608,3.266102,1.399169923,0.7166666666666667,1.0,0.7,0.7
stable porous MOFs for CO2 adsorption,q1_co2_adsorption,49,LEA + GAT,5,qmof-c8f0292,Co2C44H48N12O12,1|1|1|1,0.7598756790987566,0.8723203879496286,0.017416537616074937,0.3671728925190678,0.780920351920865,79.50695799999608,3.494605,1.602088418,0.7166666666666667,1.0,0.7,0.7
stable porous MOFs for CO2 adsorption,q1_co2_adsorption,50,SemanticOnly,1,qmof-fd921b0,Co2C16H16N8O8,1|1|1|1,0.7598756790987566,0.8723203879496286,0.0,,0.7598756790987566,0.03941599999279788,3.390441,1.58214776,0.7166666666666667,1.0,0.7,0.7
stable porous MOFs for CO2 adsorption,q1_co2_adsorption,50,SemanticOnly,2,qmof-f771839,Co2C38H40N8O8,1|1|1|1,0.6672849381728494,0.9107321446432144,0.024054862078152314,,0.6672849381728494,0.03941599999279788,4.295336,1.401927433,0.7166666666666667,0.5,0.7,0.7
stable porous MOFs for CO2 adsorption,q1_co2_adsorption,50,SemanticOnly,3,qmof-f69d443,Co2C40H28N12O8,1|1|1|1,0.7598756790987566,0.8723203879496286,0.023009564184361724,,0.7598756790987566,0.03941599999279788,2.877886,1.370451155,0.7166666666666667,1.0,0.7,0.7
stable porous MOFs for CO2 adsorption,q1_co2_adsorption,50,SemanticOnly,4,qmof-f47b0d0,Co2C20H16N20,1|1|1|1,0.6672849381728494,0.9107321446432144,0.030182696772374507,,0.6672849381728494,0.03941599999279788,4.598984,1.747002045,0.7166666666666667,0.5,0.7,0.7
stable porous MOFs for CO2 adsorption,q1_co2_adsorption,50,SemanticOnly,5,qmof-f360972,Co2C18H28N4O12P4,1|1|1|1,0.6672849381728494,0.9107321446432144,0.02269369224296468,,0.6672849381728494,0.03941599999279788,3.915648,1.787219535,0.7166666666666667,0.5,0.7,0.7
stable porous MOFs for CO2 adsorption,q1_co2_adsorption,50,WeightedSum,1,qmof-fd921b0,Co2C16H16N8O8,1|1|1|1,0.7598756790987566,0.8723203879496286,0.0,,0.7598756790987566,0.05283299999803148,3.390441,1.58214776,0.7166666666666667,1.0,0.7,0.7
stable porous MOFs for CO2 adsorption,q1_co2_adsorption,50,WeightedSum,2,qmof-f69d443,Co2C40H28N12O8,1|1|1|1,0.7598756790987566,0.8723203879496286,0.017994121113278753,,0.7598756790987566,0.05283299999803148,2.877886,1.370451155,0.7166666666666667,1.0,0.7,0.7
stable porous MOFs for CO2 adsorption,q1_co2_adsorption,50,WeightedSum,3,qmof-f343390,Co2C34H22N6O8,1|1|1|1,0.7598756790987566,0.8723203879496286,0.01446230513048269,,0.7598756790987566,0.05283299999803148,3.060735,1.790740334,0.7166666666666667,1.0,0.7,0.7
stable porous MOFs for CO2 adsorption,q1_co2_adsorption,50,WeightedSum,4,qmof-f2d872e,Co2C36H40N8O12,1|1|1|1,0.7598756790987566,0.8723203879496286,0.015981457580943253,,0.7598756790987566,0.05283299999803148,3.378082,1.334171796,0.7166666666666667,1.0,0.7,0.7
stable porous MOFs for CO2 adsorption,q1_co2_adsorption,50,WeightedSum,5,qmof-f0c9af4,Co2C50H38N10O12,1|1|1|1,0.7598756790987566,0.8723203879496286,0.01704207044594936,,0.7598756790987566,0.05283299999803148,2.642464,1.607919854,0.7166666666666667,1.0,0.7,0.7
stable porous MOFs for CO2 adsorption,q1_co2_adsorption,50,TOPSIS,1,qmof-fd921b0,Co2C16H16N8O8,1|1|1|1,0.7598756790987566,0.8723203879496286,0.0,,0.7598756790987566,1.027791999987926,3.390441,1.58214776,0.7166666666666667,1.0,0.7,0.7
stable porous MOFs for CO2 adsorption,q1_co2_adsorption,50,TOPSIS,2,qmof-f69d443,Co2C40H28N12O8,1|1|1|1,0.7598756790987566,0.8723203879496286,0.017994121113278753,,0.7598756790987566,1.027791999987926,2.877886,1.370451155,0.7166666666666667,1.0,0.7,0.7
stable porous MOFs for CO2 adsorption,q1_co2_adsorption,50,TOPSIS,3,qmof-f343390,Co2C34H22N6O8,1|1|1|1,0.7598756790987566,0.8723203879496286,0.01446230513048269,,0.7598756790987566,1.027791999987926,3.060735,1.790740334,0.7166666666666667,1.0,0.7,0.7
stable porous MOFs for CO2 adsorption,q1_co2_adsorption,50,TOPSIS,4,qmof-f2d872e,Co2C36H40N8O12,1|1|1|1,0.7598756790987566,0.8723203879496286,0.015981457580943253,,0.7598756790987566,1.027791999987926,3.378082,1.334171796,0.7166666666666667,1.0,0.7,0.7
stable porous MOFs for CO2 adsorption,q1_co2_adsorption,50,TOPSIS,5,qmof-f0c9af4,Co2C50H38N10O12,1|1|1|1,0.7598756790987566,0.8723203879496286,0.01704207044594936,,0.7598756790987566,1.027791999987926,2.642464,1.607919854,0.7166666666666667,1.0,0.7,0.7
stable porous MOFs for CO2 adsorption,q1_co2_adsorption,50,ParetoCrowding,1,qmof-ba8d316,Co2C32H24O12,1|1|1|1,0.7598756790987566,0.8723203879496286,0.0,,0.7598756790987566,205.96899999999607,1.250046,1.746231048,0.7166666666666667,1.0,0.7,0.7
stable porous MOFs for CO2 adsorption,q1_co2_adsorption,50,ParetoCrowding,2,qmof-54f7ee7,Co2K2C48H44N4O6,1|1|1|1,0.7598756790987566,0.8723203879496286,0.019297118401298562,,0.7598756790987566,205.96899999999607,1.505111,1.497174385,0.7166666666666667,1.0,0.7,0.7
stable porous MOFs for CO2 adsorption,q1_co2_adsorption,50,ParetoCrowding,3,qmof-ec84fcf,Co2C20H16N28,1|1|1|1,0.7598756790987566,0.8723203879496286,0.03739819826852833,,0.7598756790987566,205.96899999999607,2.596155,1.767424228,0.7166666666666667,1.0,0.7,0.7
stable porous MOFs for CO2 adsorption,q1_co2_adsorption,50,ParetoCrowding,4,qmof-01f1640,Co2C28H20N8O8,1|1|1|1,0.7598756790987566,0.8723203879496286,0.01962880900561523,,0.7598756790987566,205.96899999999607,1.942124,1.64776998,0.7166666666666667,1.0,0.7,0.7
stable porous MOFs for CO2 adsorption,q1_co2_adsorption,50,ParetoCrowding,5,qmof-1ca4ac2,Co2Cu4Br4C30H60N6S12,1|1|1|1,0.7598756790987566,0.8723203879496286,0.03661351966393627,,0.7598756790987566,205.96899999999607,2.866054,1.689685123,0.7166666666666667,1.0,0.7,0.7
stable porous MOFs for CO2 adsorption,q1_co2_adsorption,50,Random,1,qmof-3104826,Co2C42H32N4O8,1|1|1|1,0.7598756790987566,0.8723203879496286,0.0,,0.7598756790987566,0.04750000000797172,2.712219,1.533578262,0.7166666666666667,1.0,0.7,0.7
stable porous MOFs for CO2 adsorption,q1_co2_adsorption,50,Random,2,qmof-eb2e363,Co2C44H38N10O8,1|1|1|1,0.7598756790987566,0.8723203879496286,0.009624617006984247,,0.7598756790987566,0.04750000000797172,3.122668,1.557914602,0.7166666666666667,1.0,0.7,0.7
stable porous MOFs for CO2 adsorption,q1_co2_adsorption,50,Random,3,qmof-2bd31fe,Co2C52H50N10O16,1|1|1|1,0.7598756790987566,0.8723203879496286,0.012648453245911243,,0.7598756790987566,0.04750000000797172,2.654597,1.51385636,0.7166666666666667,1.0,0.7,0.7
stable porous MOFs for CO2 adsorption,q1_co2_adsorption,50,Random,4,qmof-d976696,Co2C40H30N10O12S4,1|1|1|1,0.7598756790987566,0.8723203879496286,0.013221444859854789,,0.7598756790987566,0.04750000000797172,2.509891,1.731777887,0.7166666666666667,1.0,0.7,0.7
stable porous MOFs for CO2 adsorption,q1_co2_adsorption,50,Random,5,qmof-51d789e,Co2C16H24O12,1|1|1|1,0.7598756790987566,0.8723203879496286,0.021819458982724402,,0.7598756790987566,0.04750000000797172,3.034007,1.634350468,0.7166666666666667,1.0,0.7,0.7
stable porous MOFs for CO2 adsorption,q1_co2_adsorption,50,MMR,1,qmof-50bd2e1,Co2C38H24N8O8,1|1|1|1,0.7598756790987566,0.8723203879496286,0.0,,0.7598756790987566,2067.672958000003,2.679862,1.726229735,0.7166666666666667,1.0,0.7,0.7
stable porous MOFs for CO2 adsorption,q1_co2_adsorption,50,MMR,2,qmof-ba8d316,Co2C32H24O12,1|1|1|1,0.7598756790987566,0.8723203879496286,0.028986212619104605,,0.7598756790987566,2067.672958000003,1.250046,1.746231048,0.7166666666666667,1.0,0.7,0.7
stable porous MOFs for CO2 adsorption,q1_co2_adsorption,50,MMR,3,qmof-1ca4ac2,Co2Cu4Br4C30H60N6S12,1|1|1|1,0.7598756790987566,0.8723203879496286,0.035583532261800666,,0.7598756790987566,2067.672958000003,2.866054,1.689685123,0.7166666666666667,1.0,0.7,0.7
stable porous MOFs for CO2 adsorption,q1_co2_adsorption,50,MMR,4,qmof-ec84fcf,Co2C20H16N28,1|1|1|1,0.7598756790987566,0.8723203879496286,0.03230471290219659,,0.7598756790987566,2067.672958000003,2.596155,1.767424228,0.7166666666666667,1.0,0.7,0.7
stable porous MOFs for CO2 adsorption,q1_co2_adsorption,50,MMR,5,qmof-c96d53b,Co2C72H56N8O8,1|1|1|1,0.7598756790987566,0.8723203879496286,0.03153982166539807,,0.7598756790987566,2067.672958000003,3.014331,1.404307277,0.7166666666666667,1.0,0.7,0.7
stable porous MOFs for CO2 adsorption,q1_co2_adsorption,50,LEA,1,qmof-50bd2e1,Co2C38H24N8O8,1|1|1|1,0.7598756790987566,0.8723203879496286,0.0,,0.8471077178937196,86.99904200000219,2.679862,1.726229735,0.7166666666666667,1.0,0.7,0.7
stable porous MOFs for CO2 adsorption,q1_co2_adsorption,50,LEA,2,qmof-ba8d316,Co2C32H24O12,1|1|1|1,0.7598756790987566,0.8723203879496286,0.028986212619104605,,0.8031600180081048,86.99904200000219,1.250046,1.746231048,0.7166666666666667,1.0,0.7,0.7
stable porous MOFs for CO2 adsorption,q1_co2_adsorption,50,LEA,3,qmof-54f7ee7,Co2K2C48H44N4O6,1|1|1|1,0.7598756790987566,0.8723203879496286,0.0227015068755582,,0.802570124138771,86.99904200000219,1.505111,1.497174385,0.7166666666666667,1.0,0.7,0.7
stable porous MOFs for CO2 adsorption,q1_co2_adsorption,50,LEA,4,qmof-ec84fcf,Co2C20H16N28,1|1|1|1,0.7598756790987566,0.8723203879496286,0.03248373715702129,,0.8014967797670691,86.99904200000219,2.596155,1.767424228,0.7166666666666667,1.0,0.7,0.7
stable porous MOFs for CO2 adsorption,q1_co2_adsorption,50,LEA,5,qmof-1ca4ac2,Co2Cu4Br4C30H60N6S12,1|1|1|1,0.7598756790987566,0.8723203879496286,0.03506330594935715,,0.8011284522021157,86.99904200000219,2.866054,1.689685123,0.7166666666666667,1.0,0.7,0.7
stable porous MOFs for CO2 adsorption,q1_co2_adsorption,50,LEA no diversity,1,qmof-50bd2e1,Co2C38H24N8O8,1|1|1|1,0.7598756790987566,0.8723203879496286,0.0,,0.8471077178937196,85.58075000000542,2.679862,1.726229735,0.7166666666666667,1.0,0.7,0.7
stable porous MOFs for CO2 adsorption,q1_co2_adsorption,50,LEA no diversity,2,qmof-ba8d316,Co2C32H24O12,1|1|1|1,0.7598756790987566,0.8723203879496286,0.028986212619104605,,0.7990980201494062,85.58075000000542,1.250046,1.746231048,0.7166666666666667,1.0,0.7,0.7
stable porous MOFs for CO2 adsorption,q1_co2_adsorption,50,LEA no diversity,3,qmof-54f7ee7,Co2K2C48H44N4O6,1|1|1|1,0.7598756790987566,0.8723203879496286,0.0227015068755582,,0.7989064194766589,85.58075000000542,1.505111,1.497174385,0.7166666666666667,1.0,0.7,0.7
stable porous MOFs for CO2 adsorption,q1_co2_adsorption,50,LEA no diversity,4,qmof-ec84fcf,Co2C20H16N28,1|1|1|1,0.7598756790987566,0.8723203879496286,0.03248373715702129,,0.798556469670513,85.58075000000542,2.596155,1.767424228,0.7166666666666667,1.0,0.7,0.7
stable porous MOFs for CO2 adsorption,q1_co2_adsorption,50,LEA no diversity,5,qmof-1ca4ac2,Co2Cu4Br4C30H60N6S12,1|1|1|1,0.7598756790987566,0.8723203879496286,0.03506330594935715,,0.7984359881025873,85.58075000000542,2.866054,1.689685123,0.7166666666666667,1.0,0.7,0.7
stable porous MOFs for CO2 adsorption,q1_co2_adsorption,50,LEA no self-cleaning,1,qmof-50bd2e1,Co2C38H24N8O8,1|1|1|1,0.7598756790987566,0.8723203879496286,0.0,,0.8471077178937196,85.1676660000038,2.679862,1.726229735,0.7166666666666667,1.0,0.7,0.7
stable porous MOFs for CO2 adsorption,q1_co2_adsorption,50,LEA no self-cleaning,2,qmof-ba8d316,Co2C32H24O12,1|1|1|1,0.7598756790987566,0.8723203879496286,0.028986212619104605,,0.8031600180081048,85.1676660000038,1.250046,1.746231048,0.7166666666666667,1.0,0.7,0.7
stable porous MOFs for CO2 adsorption,q1_co2_adsorption,50,LEA no self-cleaning,3,qmof-54f7ee7,Co2K2C48H44N4O6,1|1|1|1,0.7598756790987566,0.8723203879496286,0.0227015068755582,,0.802570124138771,85.1676660000038,1.505111,1.497174385,0.7166666666666667,1.0,0.7,0.7
stable porous MOFs for CO2 adsorption,q1_co2_adsorption,50,LEA no self-cleaning,4,qmof-ec84fcf,Co2C20H16N28,1|1|1|1,0.7598756790987566,0.8723203879496286,0.03248373715702129,,0.8014967797670691,85.1676660000038,2.596155,1.767424228,0.7166666666666667,1.0,0.7,0.7
stable porous MOFs for CO2 adsorption,q1_co2_adsorption,50,LEA no self-cleaning,5,qmof-1ca4ac2,Co2Cu4Br4C30H60N6S12,1|1|1|1,0.7598756790987566,0.8723203879496286,0.03506330594935715,,0.8011284522021157,85.1676660000038,2.866054,1.689685123,0.7166666666666667,1.0,0.7,0.7
stable porous MOFs for CO2 adsorption,q1_co2_adsorption,50,GraphSAGE only,1,qmof-1ca4ac2,Co2Cu4Br4C30H60N6S12,1|1|1|1,0.7598756790987566,0.8723203879496286,0.0,0.24276514119872877,0.7598756790987566,0.039667000010013,2.866054,1.689685123,0.7166666666666667,1.0,0.7,0.7
stable porous MOFs for CO2 adsorption,q1_co2_adsorption,50,GraphSAGE only,2,qmof-330a403,Co2C58F12H32N8O8S2,1|1|1|1,0.7598756790987566,0.8723203879496286,0.022168108750337256,0.2340455038262295,0.7598756790987566,0.039667000010013,2.471348,1.414912408,0.7166666666666667,1.0,0.7,0.7
stable porous MOFs for CO2 adsorption,q1_co2_adsorption,50,GraphSAGE only,3,qmof-2ba0cce,Co2C24H26N2S4,1|1|1|1,0.7598756790987566,0.8723203879496286,0.026043668960726005,0.2228060658698276,0.7598756790987566,0.039667000010013,3.202535,1.580976593,0.7166666666666667,1.0,0.7,0.7
stable porous MOFs for CO2 adsorption,q1_co2_adsorption,50,GraphSAGE only,4,qmof-9a1ecbc,Co2C28Cl4H24N8S6,1|1|1|1,0.7598756790987566,0.8723203879496286,0.020718152406427416,0.21936390999166666,0.7598756790987566,0.039667000010013,3.409833,1.797370089,0.7166666666666667,1.0,0.7,0.7
stable porous MOFs for CO2 adsorption,q1_co2_adsorption,50,GraphSAGE only,5,qmof-f2d872e,Co2C36H40N8O12,1|1|1|1,0.7598756790987566,0.8723203879496286,0.02127557819965102,0.21422282958571431,0.7598756790987566,0.039667000010013,3.378082,1.334171796,0.7166666666666667,1.0,0.7,0.7
stable porous MOFs for CO2 adsorption,q1_co2_adsorption,50,GAT only,1,qmof-9a1ecbc,Co2C28Cl4H24N8S6,1|1|1|1,0.7598756790987566,0.8723203879496286,0.0,0.41725434943749995,0.7598756790987566,0.033457999990105236,3.409833,1.797370089,0.7166666666666667,1.0,0.7,0.7
stable porous MOFs for CO2 adsorption,q1_co2_adsorption,50,GAT only,2,qmof-1ca4ac2,Co2Cu4Br4C30H60N6S12,1|1|1|1,0.7598756790987566,0.8723203879496286,0.02189175418099708,0.40025622489724577,0.7598756790987566,0.033457999990105236,2.866054,1.689685123,0.7166666666666667,1.0,0.7,0.7
stable porous MOFs for CO2 adsorption,q1_co2_adsorption,50,GAT only,3,qmof-2ba0cce,Co2C24H26N2S4,1|1|1|1,0.7598756790987566,0.8723203879496286,0.018622472206499825,0.38989278707543107,0.7598756790987566,0.033457999990105236,3.202535,1.580976593,0.7166666666666667,1.0,0.7,0.7
stable porous MOFs for CO2 adsorption,q1_co2_adsorption,50,GAT only,4,qmof-71748b1,Co2C34H26N10O10S6,1|1|1|1,0.7598756790987566,0.8723203879496286,0.016045052857443818,0.38425537878409094,0.7598756790987566,0.033457999990105236,3.369053,1.740750274,0.7166666666666667,1.0,0.7,0.7
stable porous MOFs for CO2 adsorption,q1_co2_adsorption,50,GAT only,5,qmof-c11323c,Co2C40H32N4O8,1|1|1|1,0.7598756790987566,0.8723203879496286,0.018004597961380115,0.3813141644665698,0.7598756790987566,0.033457999990105236,3.474905,1.402324029,0.7166666666666667,1.0,0.7,0.7
stable porous MOFs for CO2 adsorption,q1_co2_adsorption,50,LEA + GraphSAGE,1,qmof-1ca4ac2,Co2Cu4Br4C30H60N6S12,1|1|1|1,0.7598756790987566,0.8723203879496286,0.0,0.24276514119872877,0.7580031480907227,84.87687500000618,2.866054,1.689685123,0.7166666666666667,1.0,0.7,0.7
stable porous MOFs for CO2 adsorption,q1_co2_adsorption,50,LEA + GraphSAGE,2,qmof-330a403,Co2C58F12H32N8O8S2,1|1|1|1,0.7598756790987566,0.8723203879496286,0.022168108750337256,0.2340455038262295,0.7563867668080384,84.87687500000618,2.471348,1.414912408,0.7166666666666667,1.0,0.7,0.7
stable porous MOFs for CO2 adsorption,q1_co2_adsorption,50,LEA + GraphSAGE,3,qmof-2ba0cce,Co2C24H26N2S4,1|1|1|1,0.7598756790987566,0.8723203879496286,0.026043668960726005,0.2228060658698276,0.7543017196557092,84.87687500000618,3.202535,1.580976593,0.7166666666666667,1.0,0.7,0.7
stable porous MOFs for CO2 adsorption,q1_co2_adsorption,50,LEA + GraphSAGE,4,qmof-9a1ecbc,Co2C28Cl4H24N8S6,1|1|1|1,0.7598756790987566,0.8723203879496286,0.020718152406427416,0.21936390999166666,0.7536628187918287,84.87687500000618,3.409833,1.797370089,0.7166666666666667,1.0,0.7,0.7
stable porous MOFs for CO2 adsorption,q1_co2_adsorption,50,LEA + GraphSAGE,5,qmof-14eb177,Co2C44H36N8O8,1|1|1|1,0.7598756790987566,0.8723203879496286,0.021060290319037386,0.2084425858107143,0.7516346846852743,84.87687500000618,3.496948,1.411241713,0.7166666666666667,1.0,0.7,0.7
stable porous MOFs for CO2 adsorption,q1_co2_adsorption,50,LEA + GAT,1,qmof-9a1ecbc,Co2C28Cl4H24N8S6,1|1|1|1,0.7598756790987566,0.8723203879496286,0.0,0.41725434943749995,0.7900437837291361,83.87324999999635,3.409833,1.797370089,0.7166666666666667,1.0,0.7,0.7
stable porous MOFs for CO2 adsorption,q1_co2_adsorption,50,LEA + GAT,2,qmof-1ca4ac2,Co2Cu4Br4C30H60N6S12,1|1|1|1,0.7598756790987566,0.8723203879496286,0.02189175418099708,0.40025622489724577,0.7869555729977663,83.87324999999635,2.866054,1.689685123,0.7166666666666667,1.0,0.7,0.7
stable porous MOFs for CO2 adsorption,q1_co2_adsorption,50,LEA + GAT,3,qmof-2ba0cce,Co2C24H26N2S4,1|1|1|1,0.7598756790987566,0.8723203879496286,0.018622472206499825,0.38989278707543107,0.7850683692729246,83.87324999999635,3.202535,1.580976593,0.7166666666666667,1.0,0.7,0.7
stable porous MOFs for CO2 adsorption,q1_co2_adsorption,50,LEA + GAT,4,qmof-14eb177,Co2C44H36N8O8,1|1|1|1,0.7598756790987566,0.8723203879496286,0.01983134092870502,0.3807979464068878,0.7834096093258442,83.87324999999635,3.496948,1.411241713,0.7166666666666667,1.0,0.7,0.7
stable porous MOFs for CO2 adsorption,q1_co2_adsorption,50,LEA + GAT,5,qmof-0ea1d91,Co2C16H12N8O4,1|1|1|1,0.7598756790987566,0.8723203879496286,0.02145796543117,0.3690900908035714,0.7812709165392866,83.87324999999635,3.489909,1.78772833,0.7166666666666667,1.0,0.7,0.7
stable porous MOFs for CO2 adsorption,q1_co2_adsorption,51,SemanticOnly,1,qmof-fe6f735,Co2C58H64N8O12,1|1|1|1,0.6672849381728494,0.9107321446432144,0.0,,0.6672849381728494,0.04900000001839544,4.292873,1.418878739,0.7166666666666667,0.5,0.7,0.7
stable porous MOFs for CO2 adsorption,q1_co2_adsorption,51,SemanticOnly,2,qmof-fd921b0,Co2C16H16N8O8,1|1|1|1,0.7598756790987566,0.8723203879496286,0.033690205295809274,,0.7598756790987566,0.04900000001839544,3.390441,1.58214776,0.7166666666666667,1.0,0.7,0.7
stable porous MOFs for CO2 adsorption,q1_co2_adsorption,51,SemanticOnly,3,qmof-f69d443,Co2C40H28N12O8,1|1|1|1,0.7598756790987566,0.8723203879496286,0.02508686603623237,,0.7598756790987566,0.04900000001839544,2.877886,1.370451155,0.7166666666666667,1.0,0.7,0.7
stable porous MOFs for CO2 adsorption,q1_co2_adsorption,51,SemanticOnly,4,qmof-f343390,Co2C34H22N6O8,1|1|1|1,0.7598756790987566,0.8723203879496286,0.021050941501375608,,0.7598756790987566,0.04900000001839544,3.060735,1.790740334,0.7166666666666667,1.0,0.7,0.7
stable porous MOFs for CO2 adsorption,q1_co2_adsorption,51,SemanticOnly,5,qmof-f2d872e,Co2C36H40N8O12,1|1|1|1,0.7598756790987566,0.8723203879496286,0.017506750988805917,,0.7598756790987566,0.04900000001839544,3.378082,1.334171796,0.7166666666666667,1.0,0.7,0.7
stable porous MOFs for CO2 adsorption,q1_co2_adsorption,51,WeightedSum,1,qmof-fd921b0,Co2C16H16N8O8,1|1|1|1,0.7598756790987566,0.8723203879496286,0.0,,0.7598756790987566,0.05358300001034877,3.390441,1.58214776,0.7166666666666667,1.0,0.7,0.7
stable porous MOFs for CO2 adsorption,q1_co2_adsorption,51,WeightedSum,2,qmof-f69d443,Co2C40H28N12O8,1|1|1|1,0.7598756790987566,0.8723203879496286,0.017994121113278753,,0.7598756790987566,0.05358300001034877,2.877886,1.370451155,0.7166666666666667,1.0,0.7,0.7
stable porous MOFs for CO2 adsorption,q1_co2_adsorption,51,WeightedSum,3,qmof-f343390,Co2C34H22N6O8,1|1|1|1,0.7598756790987566,0.8723203879496286,0.01446230513048269,,0.7598756790987566,0.05358300001034877,3.060735,1.790740334,0.7166666666666667,1.0,0.7,0.7
stable porous MOFs for CO2 adsorption,q1_co2_adsorption,51,WeightedSum,4,qmof-f2d872e,Co2C36H40N8O12,1|1|1|1,0.7598756790987566,0.8723203879496286,0.015981457580943253,,0.7598756790987566,0.05358300001034877,3.378082,1.334171796,0.7166666666666667,1.0,0.7,0.7
stable porous MOFs for CO2 adsorption,q1_co2_adsorption,51,WeightedSum,5,qmof-f0c9af4,Co2C50H38N10O12,1|1|1|1,0.7598756790987566,0.8723203879496286,0.01704207044594936,,0.7598756790987566,0.05358300001034877,2.642464,1.607919854,0.7166666666666667,1.0,0.7,0.7
stable porous MOFs for CO2 adsorption,q1_co2_adsorption,51,TOPSIS,1,qmof-fd921b0,Co2C16H16N8O8,1|1|1|1,0.7598756790987566,0.8723203879496286,0.0,,0.7598756790987566,1.1453340000002754,3.390441,1.58214776,0.7166666666666667,1.0,0.7,0.7
stable porous MOFs for CO2 adsorption,q1_co2_adsorption,51,TOPSIS,2,qmof-f69d443,Co2C40H28N12O8,1|1|1|1,0.7598756790987566,0.8723203879496286,0.017994121113278753,,0.7598756790987566,1.1453340000002754,2.877886,1.370451155,0.7166666666666667,1.0,0.7,0.7
stable porous MOFs for CO2 adsorption,q1_co2_adsorption,51,TOPSIS,3,qmof-f343390,Co2C34H22N6O8,1|1|1|1,0.7598756790987566,0.8723203879496286,0.01446230513048269,,0.7598756790987566,1.1453340000002754,3.060735,1.790740334,0.7166666666666667,1.0,0.7,0.7
stable porous MOFs for CO2 adsorption,q1_co2_adsorption,51,TOPSIS,4,qmof-f2d872e,Co2C36H40N8O12,1|1|1|1,0.7598756790987566,0.8723203879496286,0.015981457580943253,,0.7598756790987566,1.1453340000002754,3.378082,1.334171796,0.7166666666666667,1.0,0.7,0.7
stable porous MOFs for CO2 adsorption,q1_co2_adsorption,51,TOPSIS,5,qmof-f0c9af4,Co2C50H38N10O12,1|1|1|1,0.7598756790987566,0.8723203879496286,0.01704207044594936,,0.7598756790987566,1.1453340000002754,2.642464,1.607919854,0.7166666666666667,1.0,0.7,0.7
stable porous MOFs for CO2 adsorption,q1_co2_adsorption,51,ParetoCrowding,1,qmof-ba8d316,Co2C32H24O12,1|1|1|1,0.7598756790987566,0.8723203879496286,0.0,,0.7598756790987566,222.1358749999922,1.250046,1.746231048,0.7166666666666667,1.0,0.7,0.7
stable porous MOFs for CO2 adsorption,q1_co2_adsorption,51,ParetoCrowding,2,qmof-54f7ee7,Co2K2C48H44N4O6,1|1|1|1,0.7598756790987566,0.8723203879496286,0.019297118401298562,,0.7598756790987566,222.1358749999922,1.505111,1.497174385,0.7166666666666667,1.0,0.7,0.7
stable porous MOFs for CO2 adsorption,q1_co2_adsorption,51,ParetoCrowding,3,qmof-ec84fcf,Co2C20H16N28,1|1|1|1,0.7598756790987566,0.8723203879496286,0.03739819826852833,,0.7598756790987566,222.1358749999922,2.596155,1.767424228,0.7166666666666667,1.0,0.7,0.7
stable porous MOFs for CO2 adsorption,q1_co2_adsorption,51,ParetoCrowding,4,qmof-01f1640,Co2C28H20N8O8,1|1|1|1,0.7598756790987566,0.8723203879496286,0.01962880900561523,,0.7598756790987566,222.1358749999922,1.942124,1.64776998,0.7166666666666667,1.0,0.7,0.7
stable porous MOFs for CO2 adsorption,q1_co2_adsorption,51,ParetoCrowding,5,qmof-1ca4ac2,Co2Cu4Br4C30H60N6S12,1|1|1|1,0.7598756790987566,0.8723203879496286,0.03661351966393627,,0.7598756790987566,222.1358749999922,2.866054,1.689685123,0.7166666666666667,1.0,0.7,0.7
stable porous MOFs for CO2 adsorption,q1_co2_adsorption,51,Random,1,qmof-334586a,Co2C28H20N16S4,1|1|1|1,0.7598756790987566,0.8723203879496286,0.0,,0.7598756790987566,0.04754199997591968,3.172952,1.76521634,0.7166666666666667,1.0,0.7,0.7
stable porous MOFs for CO2 adsorption,q1_co2_adsorption,51,Random,2,qmof-6a9204c,Co2C40Cl4H28N4O8,1|1|1|1,0.7598756790987566,0.8723203879496286,0.014281377031942554,,0.7598756790987566,0.04754199997591968,3.097808,1.759352827,0.7166666666666667,1.0,0.7,0.7
stable porous MOFs for CO2 adsorption,q1_co2_adsorption,51,Random,3,qmof-c0d0be0,Co2C28H20N4O12,1|1|1|1,0.7598756790987566,0.8723203879496286,0.013061674265308737,,0.7598756790987566,0.04754199997591968,3.369652,1.717539182,0.7166666666666667,1.0,0.7,0.7
stable porous MOFs for CO2 adsorption,q1_co2_adsorption,51,Random,4,qmof-cd0f2d8,Co2C34H38N10O8,1|1|1|1,0.6672849381728494,0.9107321446432144,0.013735834008224541,,0.6672849381728494,0.04754199997591968,3.562051,1.672342395,0.7166666666666667,0.5,0.7,0.7
stable porous MOFs for CO2 adsorption,q1_co2_adsorption,51,Random,5,qmof-72d8647,Co2C32H24N16O4,1|1|1|1,0.6672849381728494,0.9107321446432144,0.01209788458691702,,0.6672849381728494,0.04754199997591968,3.596613,1.607043127,0.7166666666666667,0.5,0.7,0.7
stable porous MOFs for CO2 adsorption,q1_co2_adsorption,51,MMR,1,qmof-92f3405,Co2C32H34N4O8,1|1|1|1,0.7598756790987566,0.8723203879496286,0.0,,0.7598756790987566,2248.546165999983,3.41823,1.507459004,0.7166666666666667,1.0,0.7,0.7
stable porous MOFs for CO2 adsorption,q1_co2_adsorption,51,MMR,2,qmof-ba8d316,Co2C32H24O12,1|1|1|1,0.7598756790987566,0.8723203879496286,0.04338481243154233,,0.7598756790987566,2248.546165999983,1.250046,1.746231048,0.7166666666666667,1.0,0.7,0.7
stable porous MOFs for CO2 adsorption,q1_co2_adsorption,51,MMR,3,qmof-ec84fcf,Co2C20H16N28,1|1|1|1,0.7598756790987566,0.8723203879496286,0.03436898374064105,,0.7598756790987566,2248.546165999983,2.596155,1.767424228,0.7166666666666667,1.0,0.7,0.7
stable porous MOFs for CO2 adsorption,q1_co2_adsorption,51,MMR,4,qmof-330a403,Co2C58F12H32N8O8S2,1|1|1|1,0.7598756790987566,0.8723203879496286,0.032709801454550894,,0.7598756790987566,2248.546165999983,2.471348,1.414912408,0.7166666666666667,1.0,0.7,0.7
stable porous MOFs for CO2 adsorption,q1_co2_adsorption,51,MMR,5,qmof-1ca4ac2,Co2Cu4Br4C30H60N6S12,1|1|1|1,0.7598756790987566,0.8723203879496286,0.031781552827340874,,0.7598756790987566,2248.546165999983,2.866054,1.689685123,0.7166666666666667,1.0,0.7,0.7
stable porous MOFs for CO2 adsorption,q1_co2_adsorption,51,LEA,1,qmof-92f3405,Co2C32H34N4O8,1|1|1|1,0.7598756790987566,0.8723203879496286,0.0,,0.8471077178937196,84.6588330000202,3.41823,1.507459004,0.7166666666666667,1.0,0.7,0.7
stable porous MOFs for CO2 adsorption,q1_co2_adsorption,51,LEA,2,qmof-ba8d316,Co2C32H24O12,1|1|1|1,0.7598756790987566,0.8723203879496286,0.04338481243154233,,0.8045465326235758,84.6588330000202,1.250046,1.746231048,0.7166666666666667,1.0,0.7,0.7
stable porous MOFs for CO2 adsorption,q1_co2_adsorption,51,LEA,3,qmof-54f7ee7,Co2K2C48H44N4O6,1|1|1|1,0.7598756790987566,0.8723203879496286,0.028555671695484057,,0.8038043642875206,84.6588330000202,1.505111,1.497174385,0.7166666666666667,1.0,0.7,0.7
stable porous MOFs for CO2 adsorption,q1_co2_adsorption,51,LEA,4,qmof-01f1640,Co2C28H20N8O8,1|1|1|1,0.7598756790987566,0.8723203879496286,0.021560590895541357,,0.8025024163905228,84.6588330000202,1.942124,1.64776998,0.7166666666666667,1.0,0.7,0.7
stable porous MOFs for CO2 adsorption,q1_co2_adsorption,51,LEA,5,qmof-330a403,Co2C58F12H32N8O8S2,1|1|1|1,0.7598756790987566,0.8723203879496286,0.028030198744190243,,0.8019998539200103,84.6588330000202,2.471348,1.414912408,0.7166666666666667,1.0,0.7,0.7
stable porous MOFs for CO2 adsorption,q1_co2_adsorption,51,LEA no diversity,1,qmof-92f3405,Co2C32H34N4O8,1|1|1|1,0.7598756790987566,0.8723203879496286,0.0,,0.8471077178937196,83.99187500000949,3.41823,1.507459004,0.7166666666666667,1.0,0.7,0.7
stable porous MOFs for CO2 adsorption,q1_co2_adsorption,51,LEA no diversity,2,qmof-ba8d316,Co2C32H24O12,1|1|1|1,0.7598756790987566,0.8723203879496286,0.04338481243154233,,0.7995463388365535,83.99187500000949,1.250046,1.746231048,0.7166666666666667,1.0,0.7,0.7
stable porous MOFs for CO2 adsorption,q1_co2_adsorption,51,LEA no diversity,3,qmof-54f7ee7,Co2K2C48H44N4O6,1|1|1|1,0.7598756790987566,0.8723203879496286,0.028555671695484057,,0.7993067184852622,83.99187500000949,1.505111,1.497174385,0.7166666666666667,1.0,0.7,0.7
stable porous MOFs for CO2 adsorption,q1_co2_adsorption,51,LEA no diversity,4,qmof-01f1640,Co2C28H20N8O8,1|1|1|1,0.7598756790987566,0.8723203879496286,0.021560590895541357,,0.7988843946735433,83.99187500000949,1.942124,1.64776998,0.7166666666666667,1.0,0.7,0.7
stable porous MOFs for CO2 adsorption,q1_co2_adsorption,51,LEA no diversity,5,qmof-330a403,Co2C58F12H32N8O8S2,1|1|1|1,0.7598756790987566,0.8723203879496286,0.028030198744190243,,0.7987207028101921,83.99187500000949,2.471348,1.414912408,0.7166666666666667,1.0,0.7,0.7
stable porous MOFs for CO2 adsorption,q1_co2_adsorption,51,LEA no self-cleaning,1,qmof-92f3405,Co2C32H34N4O8,1|1|1|1,0.7598756790987566,0.8723203879496286,0.0,,0.8471077178937196,83.64016599998081,3.41823,1.507459004,0.7166666666666667,1.0,0.7,0.7
stable porous MOFs for CO2 adsorption,q1_co2_adsorption,51,LEA no self-cleaning,2,qmof-ba8d316,Co2C32H24O12,1|1|1|1,0.7598756790987566,0.8723203879496286,0.04338481243154233,,0.8045465326235758,83.64016599998081,1.250046,1.746231048,0.7166666666666667,1.0,0.7,0.7
stable porous MOFs for CO2 adsorption,q1_co2_adsorption,51,LEA no self-cleaning,3,qmof-54f7ee7,Co2K2C48H44N4O6,1|1|1|1,0.7598756790987566,0.8723203879496286,0.028555671695484057,,0.8038043642875206,83.64016599998081,1.505111,1.497174385,0.7166666666666667,1.0,0.7,0.7
stable porous MOFs for CO2 adsorption,q1_co2_adsorption,51,LEA no self-cleaning,4,qmof-01f1640,Co2C28H20N8O8,1|1|1|1,0.7598756790987566,0.8723203879496286,0.021560590895541357,,0.8025024163905228,83.64016599998081,1.942124,1.64776998,0.7166666666666667,1.0,0.7,0.7
stable porous MOFs for CO2 adsorption,q1_co2_adsorption,51,LEA no self-cleaning,5,qmof-330a403,Co2C58F12H32N8O8S2,1|1|1|1,0.7598756790987566,0.8723203879496286,0.028030198744190243,,0.8019998539200103,83.64016599998081,2.471348,1.414912408,0.7166666666666667,1.0,0.7,0.7
stable porous MOFs for CO2 adsorption,q1_co2_adsorption,51,GraphSAGE only,1,qmof-1ca4ac2,Co2Cu4Br4C30H60N6S12,1|1|1|1,0.7598756790987566,0.8723203879496286,0.0,0.24276514119872877,0.7598756790987566,0.055833000004668065,2.866054,1.689685123,0.7166666666666667,1.0,0.7,0.7
stable porous MOFs for CO2 adsorption,q1_co2_adsorption,51,GraphSAGE only,2,qmof-330a403,Co2C58F12H32N8O8S2,1|1|1|1,0.7598756790987566,0.8723203879496286,0.022168108750337256,0.2340455038262295,0.7598756790987566,0.055833000004668065,2.471348,1.414912408,0.7166666666666667,1.0,0.7,0.7
stable porous MOFs for CO2 adsorption,q1_co2_adsorption,51,GraphSAGE only,3,qmof-2ba0cce,Co2C24H26N2S4,1|1|1|1,0.7598756790987566,0.8723203879496286,0.026043668960726005,0.2228060658698276,0.7598756790987566,0.055833000004668065,3.202535,1.580976593,0.7166666666666667,1.0,0.7,0.7
stable porous MOFs for CO2 adsorption,q1_co2_adsorption,51,GraphSAGE only,4,qmof-9a1ecbc,Co2C28Cl4H24N8S6,1|1|1|1,0.7598756790987566,0.8723203879496286,0.020718152406427416,0.21936390999166666,0.7598756790987566,0.055833000004668065,3.409833,1.797370089,0.7166666666666667,1.0,0.7,0.7
stable porous MOFs for CO2 adsorption,q1_co2_adsorption,51,GraphSAGE only,5,qmof-f2d872e,Co2C36H40N8O12,1|1|1|1,0.7598756790987566,0.8723203879496286,0.02127557819965102,0.21422282958571431,0.7598756790987566,0.055833000004668065,3.378082,1.334171796,0.7166666666666667,1.0,0.7,0.7
stable porous MOFs for CO2 adsorption,q1_co2_adsorption,51,GAT only,1,qmof-9a1ecbc,Co2C28Cl4H24N8S6,1|1|1|1,0.7598756790987566,0.8723203879496286,0.0,0.41725434943749995,0.7598756790987566,0.034791999979688626,3.409833,1.797370089,0.7166666666666667,1.0,0.7,0.7
stable porous MOFs for CO2 adsorption,q1_co2_adsorption,51,GAT only,2,qmof-1ca4ac2,Co2Cu4Br4C30H60N6S12,1|1|1|1,0.7598756790987566,0.8723203879496286,0.02189175418099708,0.40025622489724577,0.7598756790987566,0.034791999979688626,2.866054,1.689685123,0.7166666666666667,1.0,0.7,0.7
stable porous MOFs for CO2 adsorption,q1_co2_adsorption,51,GAT only,3,qmof-2ba0cce,Co2C24H26N2S4,1|1|1|1,0.7598756790987566,0.8723203879496286,0.018622472206499825,0.38989278707543107,0.7598756790987566,0.034791999979688626,3.202535,1.580976593,0.7166666666666667,1.0,0.7,0.7
stable porous MOFs for CO2 adsorption,q1_co2_adsorption,51,GAT only,4,qmof-71748b1,Co2C34H26N10O10S6,1|1|1|1,0.7598756790987566,0.8723203879496286,0.016045052857443818,0.38425537878409094,0.7598756790987566,0.034791999979688626,3.369053,1.740750274,0.7166666666666667,1.0,0.7,0.7
stable porous MOFs for CO2 adsorption,q1_co2_adsorption,51,GAT only,5,qmof-c11323c,Co2C40H32N4O8,1|1|1|1,0.7598756790987566,0.8723203879496286,0.018004597961380115,0.3813141644665698,0.7598756790987566,0.034791999979688626,3.474905,1.402324029,0.7166666666666667,1.0,0.7,0.7
stable porous MOFs for CO2 adsorption,q1_co2_adsorption,51,LEA + GraphSAGE,1,qmof-1ca4ac2,Co2Cu4Br4C30H60N6S12,1|1|1|1,0.7598756790987566,0.8723203879496286,0.0,0.24276514119872877,0.7580031480907227,85.00091599998427,2.866054,1.689685123,0.7166666666666667,1.0,0.7,0.7
stable porous MOFs for CO2 adsorption,q1_co2_adsorption,51,LEA + GraphSAGE,2,qmof-2ba0cce,Co2C24H26N2S4,1|1|1|1,0.7598756790987566,0.8723203879496286,0.023912085966617116,0.2228060658698276,0.7543017196557092,85.00091599998427,3.202535,1.580976593,0.7166666666666667,1.0,0.7,0.7
stable porous MOFs for CO2 adsorption,q1_co2_adsorption,51,LEA + GraphSAGE,3,qmof-54f7ee7,Co2K2C48H44N4O6,1|1|1|1,0.7598756790987566,0.8723203879496286,0.03455859659866281,0.21412701546462262,0.7526904974397162,85.00091599998427,1.505111,1.497174385,0.7166666666666667,1.0,0.7,0.7
stable porous MOFs for CO2 adsorption,q1_co2_adsorption,51,LEA + GraphSAGE,4,qmof-f69d443,Co2C40H28N12O8,1|1|1|1,0.7598756790987566,0.8723203879496286,0.023898912881965856,0.21277171893055555,0.7524388051377359,85.00091599998427,2.877886,1.370451155,0.7166666666666667,1.0,0.7,0.7
stable porous MOFs for CO2 adsorption,q1_co2_adsorption,51,LEA + GraphSAGE,5,qmof-68234b7,Co2C30H32N2O14,1|1|1|1,0.7598756790987566,0.8723203879496286,0.021979034652959334,0.212562255775,0.7523999036096293,85.00091599998427,3.266102,1.399169923,0.7166666666666667,1.0,0.7,0.7
stable porous MOFs for CO2 adsorption,q1_co2_adsorption,51,LEA + GAT,1,qmof-1ca4ac2,Co2Cu4Br4C30H60N6S12,1|1|1|1,0.7598756790987566,0.8723203879496286,0.0,0.40025622489724577,0.7869555729977663,82.14020799999844,2.866054,1.689685123,0.7166666666666667,1.0,0.7,0.7
stable porous MOFs for CO2 adsorption,q1_co2_adsorption,51,LEA + GAT,2,qmof-2ba0cce,Co2C24H26N2S4,1|1|1|1,0.7598756790987566,0.8723203879496286,0.023912085966617116,0.38989278707543107,0.7850683692729246,82.14020799999844,3.202535,1.580976593,0.7166666666666667,1.0,0.7,0.7
stable porous MOFs for CO2 adsorption,q1_co2_adsorption,51,LEA + GAT,3,qmof-fd921b0,Co2C16H16N8O8,1|1|1|1,0.7598756790987566,0.8723203879496286,0.022850535732945765,0.372542225,0.7819019052955025,82.14020799999844,3.390441,1.58214776,0.7166666666666667,1.0,0.7,0.7
stable porous MOFs for CO2 adsorption,q1_co2_adsorption,51,LEA + GAT,4,qmof-92f3405,Co2C32H34N4O8,1|1|1|1,0.7598756790987566,0.8723203879496286,0.016133049119522843,0.37212761225,0.7818261380896516,82.14020799999844,3.41823,1.507459004,0.7166666666666667,1.0,0.7,0.7
stable porous MOFs for CO2 adsorption,q1_co2_adsorption,51,LEA + GAT,5,qmof-68234b7,Co2C30H32N2O14,1|1|1|1,0.7598756790987566,0.8723203879496286,0.014865857355028744,0.36976799981249997,0.7813948509965276,82.14020799999844,3.266102,1.399169923,0.7166666666666667,1.0,0.7,0.7
photocatalytic MOFs with suitable band gaps,q2_photocatalysis,42,SemanticOnly,1,qmof-fe36449,Cu2C22H26N10O8,1|1|1|1,0.7551666666666667,0.8599925597215157,0.0,,0.7551666666666667,0.032124999989946446,2.781366,1.768423472,0.6433333333333333,1.0,0.7,0.7
photocatalytic MOFs with suitable band gaps,q2_photocatalysis,42,SemanticOnly,2,qmof-fda4509,Cu2C28H20N20,1|1|1|1,0.7551666666666667,0.8599925597215157,0.013712865693452855,,0.7551666666666667,0.032124999989946446,2.658678,1.778171248,0.6433333333333333,1.0,0.7,0.7
photocatalytic MOFs with suitable band gaps,q2_photocatalysis,42,SemanticOnly,3,qmof-fbc9303,Zn2C44H36N8O12,1|1|1|1,0.7551666666666667,0.8599925597215157,0.030500240945271408,,0.7551666666666667,0.032124999989946446,1.5071,1.29968722,0.6433333333333333,1.0,0.7,0.7
photocatalytic MOFs with suitable band gaps,q2_photocatalysis,42,SemanticOnly,4,qmof-f6f5670,Cd2C64H56N8O16,1|1|1|1,0.7551666666666667,0.8599925597215157,0.030789144219877912,,0.7551666666666667,0.032124999989946446,3.228261,1.453222864,0.6433333333333333,1.0,0.7,0.7
photocatalytic MOFs with suitable band gaps,q2_photocatalysis,42,SemanticOnly,5,qmof-f5690c7,CdC20H20N2O8,1|1|1|1,0.7551666666666667,0.8599925597215157,0.02249309302165118,,0.7551666666666667,0.032124999989946446,2.694597,1.825067689,0.6433333333333333,1.0,0.7,0.7
photocatalytic MOFs with suitable band gaps,q2_photocatalysis,42,WeightedSum,1,qmof-e566fbb,Zn2C36H22N6O8,1|1|1|1,0.8751666666666666,0.8455588029917751,0.0,,0.8751666666666666,0.04837499997734085,2.93315,0.83426434,0.6433333333333333,1.0,1.0,1.0
photocatalytic MOFs with suitable band gaps,q2_photocatalysis,42,WeightedSum,2,qmof-cef46c3,Zn2C48H32N8O8,1|1|1|1,0.8751666666666666,0.8455588029917751,0.007206297341252901,,0.8751666666666666,0.04837499997734085,2.913296,0.7895211,0.6433333333333333,1.0,1.0,1.0
photocatalytic MOFs with suitable band gaps,q2_photocatalysis,42,WeightedSum,3,qmof-c0f392b,Zn2C44H38N6O12,1|1|1|1,0.8751666666666666,0.8455588029917751,0.012066926313604693,,0.8751666666666666,0.04837499997734085,2.464185,0.915527725,0.6433333333333333,1.0,1.0,1.0
photocatalytic MOFs with suitable band gaps,q2_photocatalysis,42,WeightedSum,4,qmof-ac6a77a,Zn4C76H44N8O16,1|1|1|1,0.8751666666666666,0.8455588029917751,0.018368560155257573,,0.8751666666666666,0.04837499997734085,2.401359,0.82887956,0.6433333333333333,1.0,1.0,1.0
photocatalytic MOFs with suitable band gaps,q2_photocatalysis,42,WeightedSum,5,qmof-13a76dd,Zn4C40H28N12O8,1|1|1|1,0.8751666666666666,0.8455588029917751,0.01588195992000406,,0.8751666666666666,0.04837499997734085,3.309168,0.982716063,0.6433333333333333,1.0,1.0,1.0
photocatalytic MOFs with suitable band gaps,q2_photocatalysis,42,TOPSIS,1,qmof-e566fbb,Zn2C36H22N6O8,1|1|1|1,0.8751666666666666,0.8455588029917751,0.0,,0.8751666666666666,0.9944169999869246,2.93315,0.83426434,0.6433333333333333,1.0,1.0,1.0
photocatalytic MOFs with suitable band gaps,q2_photocatalysis,42,TOPSIS,2,qmof-cef46c3,Zn2C48H32N8O8,1|1|1|1,0.8751666666666666,0.8455588029917751,0.007206297341252901,,0.8751666666666666,0.9944169999869246,2.913296,0.7895211,0.6433333333333333,1.0,1.0,1.0
photocatalytic MOFs with suitable band gaps,q2_photocatalysis,42,TOPSIS,3,qmof-c0f392b,Zn2C44H38N6O12,1|1|1|1,0.8751666666666666,0.8455588029917751,0.012066926313604693,,0.8751666666666666,0.9944169999869246,2.464185,0.915527725,0.6433333333333333,1.0,1.0,1.0
photocatalytic MOFs with suitable band gaps,q2_photocatalysis,42,TOPSIS,4,qmof-ac6a77a,Zn4C76H44N8O16,1|1|1|1,0.8751666666666666,0.8455588029917751,0.018368560155257573,,0.8751666666666666,0.9944169999869246,2.401359,0.82887956,0.6433333333333333,1.0,1.0,1.0
photocatalytic MOFs with suitable band gaps,q2_photocatalysis,42,TOPSIS,5,qmof-13a76dd,Zn4C40H28N12O8,1|1|1|1,0.8751666666666666,0.8455588029917751,0.01588195992000406,,0.8751666666666666,0.9944169999869246,3.309168,0.982716063,0.6433333333333333,1.0,1.0,1.0
photocatalytic MOFs with suitable band gaps,q2_photocatalysis,42,ParetoCrowding,1,qmof-ac6a77a,Zn4C76H44N8O16,1|1|1|1,0.8751666666666666,0.8455588029917751,0.0,,0.8751666666666666,219.6159590000093,2.401359,0.82887956,0.6433333333333333,1.0,1.0,1.0
photocatalytic MOFs with suitable band gaps,q2_photocatalysis,42,ParetoCrowding,2,qmof-cef46c3,Zn2C48H32N8O8,1|1|1|1,0.8751666666666666,0.8455588029917751,0.01736169986613541,,0.8751666666666666,219.6159590000093,2.913296,0.7895211,0.6433333333333333,1.0,1.0,1.0
photocatalytic MOFs with suitable band gaps,q2_photocatalysis,42,ParetoCrowding,3,qmof-e566fbb,Zn2C36H22N6O8,1|1|1|1,0.8751666666666666,0.8455588029917751,0.01517496526872958,,0.8751666666666666,219.6159590000093,2.93315,0.83426434,0.6433333333333333,1.0,1.0,1.0
photocatalytic MOFs with suitable band gaps,q2_photocatalysis,42,ParetoCrowding,4,qmof-c0f392b,Zn2C44H38N6O12,1|1|1|1,0.8751666666666666,0.8455588029917751,0.012911400010213481,,0.8751666666666666,219.6159590000093,2.464185,0.915527725,0.6433333333333333,1.0,1.0,1.0
photocatalytic MOFs with suitable band gaps,q2_photocatalysis,42,ParetoCrowding,5,qmof-13a76dd,Zn4C40H28N12O8,1|1|1|1,0.8751666666666666,0.8455588029917751,0.01588195992000406,,0.8751666666666666,219.6159590000093,3.309168,0.982716063,0.6433333333333333,1.0,1.0,1.0
photocatalytic MOFs with suitable band gaps,q2_photocatalysis,42,Random,1,qmof-b0aae08,Cu2C30H30I2N12S6,1|1|1|1,0.7551666666666667,0.8599925597215157,0.0,,0.7551666666666667,0.057792000006884336,2.820553,1.958150027,0.6433333333333333,1.0,0.7,0.7
photocatalytic MOFs with suitable band gaps,q2_photocatalysis,42,Random,2,qmof-1e80f26,Cd2C68H52N8O8,1|1|1|1,0.7551666666666667,0.8599925597215157,0.027749790795328366,,0.7551666666666667,0.057792000006884336,3.488716,1.440411124,0.6433333333333333,1.0,0.7,0.7
photocatalytic MOFs with suitable band gaps,q2_photocatalysis,42,Random,3,qmof-b792eba,CdC46H42N8O6S2,1|1|1|1,0.7551666666666667,0.8599925597215157,0.016049418936757553,,0.7551666666666667,0.057792000006884336,2.985777,1.497328152,0.6433333333333333,1.0,0.7,0.7
photocatalytic MOFs with suitable band gaps,q2_photocatalysis,42,Random,4,qmof-6417424,Cu2C22Cl4H20N4S4,1|1|1|1,0.7551666666666667,0.8599925597215157,0.02770913167344484,,0.7551666666666667,0.057792000006884336,2.876975,1.061456028,0.6433333333333333,1.0,0.7,0.7
photocatalytic MOFs with suitable band gaps,q2_photocatalysis,42,Random,5,qmof-c998a82,Cd2C38H30N4O12,1|1|1|1,0.7551666666666667,0.8599925597215157,0.020100670780240387,,0.7551666666666667,0.057792000006884336,3.20983,1.84530304,0.6433333333333333,1.0,0.7,0.7
photocatalytic MOFs with suitable band gaps,q2_photocatalysis,42,MMR,1,qmof-13a76dd,Zn4C40H28N12O8,1|1|1|1,0.8751666666666666,0.8455588029917751,0.0,,0.8751666666666666,2139.5840829999884,3.309168,0.982716063,0.6433333333333333,1.0,1.0,1.0
photocatalytic MOFs with suitable band gaps,q2_photocatalysis,42,MMR,2,qmof-ac6a77a,Zn4C76H44N8O16,1|1|1|1,0.8751666666666666,0.8455588029917751,0.024587142061445556,,0.8751666666666666,2139.5840829999884,2.401359,0.82887956,0.6433333333333333,1.0,1.0,1.0
photocatalytic MOFs with suitable band gaps,q2_photocatalysis,42,MMR,3,qmof-c0f392b,Zn2C44H38N6O12,1|1|1|1,0.8751666666666666,0.8455588029917751,0.016170753968676652,,0.8751666666666666,2139.5840829999884,2.464185,0.915527725,0.6433333333333333,1.0,1.0,1.0
photocatalytic MOFs with suitable band gaps,q2_photocatalysis,42,MMR,4,qmof-e566fbb,Zn2C36H22N6O8,1|1|1|1,0.8751666666666666,0.8455588029917751,0.015741472610917445,,0.8751666666666666,2139.5840829999884,2.93315,0.83426434,0.6433333333333333,1.0,1.0,1.0
photocatalytic MOFs with suitable band gaps,q2_photocatalysis,42,MMR,5,qmof-cef46c3,Zn2C48H32N8O8,1|1|1|1,0.8751666666666666,0.8455588029917751,0.011455150570675017,,0.8751666666666666,2139.5840829999884,2.913296,0.7895211,0.6433333333333333,1.0,1.0,1.0
photocatalytic MOFs with suitable band gaps,q2_photocatalysis,42,LEA,1,qmof-13a76dd,Zn4C40H28N12O8,1|1|1|1,0.8751666666666666,0.8455588029917751,0.0,,0.9597225469658441,81.62083400000597,3.309168,0.982716063,0.6433333333333333,1.0,1.0,1.0
photocatalytic MOFs with suitable band gaps,q2_photocatalysis,42,LEA,2,qmof-ac6a77a,Zn4C76H44N8O16,1|1|1|1,0.8751666666666666,0.8455588029917751,0.024587142061445556,,0.9132694311933341,81.62083400000597,2.401359,0.82887956,0.6433333333333333,1.0,1.0,1.0
photocatalytic MOFs with suitable band gaps,q2_photocatalysis,42,LEA,3,qmof-c0f392b,Zn2C44H38N6O12,1|1|1|1,0.8751666666666666,0.8455588029917751,0.016170753968676652,,0.9123228567118975,81.62083400000597,2.464185,0.915527725,0.6433333333333333,1.0,1.0,1.0
photocatalytic MOFs with suitable band gaps,q2_photocatalysis,42,LEA,4,qmof-e566fbb,Zn2C36H22N6O8,1|1|1|1,0.8751666666666666,0.8455588029917751,0.015741472610917445,,0.9120807067419886,81.62083400000597,2.93315,0.83426434,0.6433333333333333,1.0,1.0,1.0
photocatalytic MOFs with suitable band gaps,q2_photocatalysis,42,LEA,5,qmof-cef46c3,Zn2C48H32N8O8,1|1|1|1,0.8751666666666666,0.8455588029917751,0.011455150570675017,,0.9119563332544456,81.62083400000597,2.913296,0.7895211,0.6433333333333333,1.0,1.0,1.0
photocatalytic MOFs with suitable band gaps,q2_photocatalysis,42,LEA no diversity,1,qmof-13a76dd,Zn4C40H28N12O8,1|1|1|1,0.8751666666666666,0.8455588029917751,0.0,,0.9597225469658441,81.55516699997634,3.309168,0.982716063,0.6433333333333333,1.0,1.0,1.0
photocatalytic MOFs with suitable band gaps,q2_photocatalysis,42,LEA no diversity,2,qmof-ac6a77a,Zn4C76H44N8O16,1|1|1|1,0.8751666666666666,0.8455588029917751,0.024587142061445556,,0.9108955231929852,81.55516699997634,2.401359,0.82887956,0.6433333333333333,1.0,1.0,1.0
photocatalytic MOFs with suitable band gaps,q2_photocatalysis,42,LEA no diversity,3,qmof-c0f392b,Zn2C44H38N6O12,1|1|1|1,0.8751666666666666,0.8455588029917751,0.016170753968676652,,0.9105843083644322,81.55516699997634,2.464185,0.915527725,0.6433333333333333,1.0,1.0,1.0
photocatalytic MOFs with suitable band gaps,q2_photocatalysis,42,LEA no diversity,4,qmof-e566fbb,Zn2C36H22N6O8,1|1|1|1,0.8751666666666666,0.8455588029917751,0.015741472610917445,,0.9105044810830654,81.55516699997634,2.93315,0.83426434,0.6433333333333333,1.0,1.0,1.0
photocatalytic MOFs with suitable band gaps,q2_photocatalysis,42,LEA no diversity,5,qmof-cef46c3,Zn2C48H32N8O8,1|1|1|1,0.8751666666666666,0.8455588029917751,0.011455150570675017,,0.9104634462919813,81.55516699997634,2.913296,0.7895211,0.6433333333333333,1.0,1.0,1.0
photocatalytic MOFs with suitable band gaps,q2_photocatalysis,42,LEA no self-cleaning,1,qmof-13a76dd,Zn4C40H28N12O8,1|1|1|1,0.8751666666666666,0.8455588029917751,0.0,,0.9597225469658441,81.3281659999916,3.309168,0.982716063,0.6433333333333333,1.0,1.0,1.0
photocatalytic MOFs with suitable band gaps,q2_photocatalysis,42,LEA no self-cleaning,2,qmof-ac6a77a,Zn4C76H44N8O16,1|1|1|1,0.8751666666666666,0.8455588029917751,0.024587142061445556,,0.9132694311933341,81.3281659999916,2.401359,0.82887956,0.6433333333333333,1.0,1.0,1.0
photocatalytic MOFs with suitable band gaps,q2_photocatalysis,42,LEA no self-cleaning,3,qmof-c0f392b,Zn2C44H38N6O12,1|1|1|1,0.8751666666666666,0.8455588029917751,0.016170753968676652,,0.9123228567118975,81.3281659999916,2.464185,0.915527725,0.6433333333333333,1.0,1.0,1.0
photocatalytic MOFs with suitable band gaps,q2_photocatalysis,42,LEA no self-cleaning,4,qmof-e566fbb,Zn2C36H22N6O8,1|1|1|1,0.8751666666666666,0.8455588029917751,0.015741472610917445,,0.9120807067419886,81.3281659999916,2.93315,0.83426434,0.6433333333333333,1.0,1.0,1.0
photocatalytic MOFs with suitable band gaps,q2_photocatalysis,42,LEA no self-cleaning,5,qmof-cef46c3,Zn2C48H32N8O8,1|1|1|1,0.8751666666666666,0.8455588029917751,0.011455150570675017,,0.9119563332544456,81.3281659999916,2.913296,0.7895211,0.6433333333333333,1.0,1.0,1.0
photocatalytic MOFs with suitable band gaps,q2_photocatalysis,42,GraphSAGE only,1,qmof-ac6a77a,Zn4C76H44N8O16,1|1|1|1,0.8751666666666666,0.8455588029917751,0.0,0.2567529519189189,0.8751666666666666,0.04500000000007276,2.401359,0.82887956,0.6433333333333333,1.0,1.0,1.0
photocatalytic MOFs with suitable band gaps,q2_photocatalysis,42,GraphSAGE only,2,qmof-13a76dd,Zn4C40H28N12O8,1|1|1|1,0.8751666666666666,0.8455588029917751,0.024587142061445556,0.25673107788369565,0.8751666666666666,0.04500000000007276,3.309168,0.982716063,0.6433333333333333,1.0,1.0,1.0
photocatalytic MOFs with suitable band gaps,q2_photocatalysis,42,GraphSAGE only,3,qmof-e566fbb,Zn2C36H22N6O8,1|1|1|1,0.8751666666666666,0.8455588029917751,0.016894984691351554,0.2563490934189189,0.8751666666666666,0.04500000000007276,2.93315,0.83426434,0.6433333333333333,1.0,1.0,1.0
photocatalytic MOFs with suitable band gaps,q2_photocatalysis,42,GraphSAGE only,4,qmof-cef46c3,Zn2C48H32N8O8,1|1|1|1,0.8751666666666666,0.8455588029917751,0.011707066035179967,0.2550716317857143,0.8751666666666666,0.04500000000007276,2.913296,0.7895211,0.6433333333333333,1.0,1.0,1.0
photocatalytic MOFs with suitable band gaps,q2_photocatalysis,42,GraphSAGE only,5,qmof-c0f392b,Zn2C44H38N6O12,1|1|1|1,0.8751666666666666,0.8455588029917751,0.014118840141140674,0.24506091082107842,0.8751666666666666,0.04500000000007276,2.464185,0.915527725,0.6433333333333333,1.0,1.0,1.0
photocatalytic MOFs with suitable band gaps,q2_photocatalysis,42,GAT only,1,qmof-13a76dd,Zn4C40H28N12O8,1|1|1|1,0.8751666666666666,0.8455588029917751,0.0,0.4066955434538043,0.8751666666666666,0.034166999995477454,3.309168,0.982716063,0.6433333333333333,1.0,1.0,1.0
photocatalytic MOFs with suitable band gaps,q2_photocatalysis,42,GAT only,2,qmof-e566fbb,Zn2C36H22N6O8,1|1|1|1,0.8751666666666666,0.8455588029917751,0.010646336186496847,0.38600964091216217,0.8751666666666666,0.034166999995477454,2.93315,0.83426434,0.6433333333333333,1.0,1.0,1.0
photocatalytic MOFs with suitable band gaps,q2_photocatalysis,42,GAT only,3,qmof-cef46c3,Zn2C48H32N8O8,1|1|1|1,0.8751666666666666,0.8455588029917751,0.008879749119702244,0.3846363647193877,0.8751666666666666,0.034166999995477454,2.913296,0.7895211,0.6433333333333333,1.0,1.0,1.0
photocatalytic MOFs with suitable band gaps,q2_photocatalysis,42,GAT only,4,qmof-ac6a77a,Zn4C76H44N8O16,1|1|1|1,0.8751666666666666,0.8455588029917751,0.021697491707929076,0.35443872966216217,0.8751666666666666,0.034166999995477454,2.401359,0.82887956,0.6433333333333333,1.0,1.0,1.0
photocatalytic MOFs with suitable band gaps,q2_photocatalysis,42,GAT only,5,qmof-c0f392b,Zn2C44H38N6O12,1|1|1|1,0.8751666666666666,0.8455588029917751,0.014118840141140673,0.3494541465992647,0.8751666666666666,0.034166999995477454,2.464185,0.915527725,0.6433333333333333,1.0,1.0,1.0
photocatalytic MOFs with suitable band gaps,q2_photocatalysis,42,LEA + GraphSAGE,1,qmof-ac6a77a,Zn4C76H44N8O16,1|1|1|1,0.8751666666666666,0.8455588029917751,0.0,0.2567529519189189,0.8528186246098414,81.63949999999431,2.401359,0.82887956,0.6433333333333333,1.0,1.0,1.0
photocatalytic MOFs with suitable band gaps,q2_photocatalysis,42,LEA + GraphSAGE,2,qmof-13a76dd,Zn4C40H28N12O8,1|1|1|1,0.8751666666666666,0.8455588029917751,0.024587142061445556,0.25673107788369565,0.8528145697636382,81.63949999999431,3.309168,0.982716063,0.6433333333333333,1.0,1.0,1.0
photocatalytic MOFs with suitable band gaps,q2_photocatalysis,42,LEA + GraphSAGE,3,qmof-e566fbb,Zn2C36H22N6O8,1|1|1|1,0.8751666666666666,0.8455588029917751,0.016894984691351554,0.2563490934189189,0.8527437594114767,81.63949999999431,2.93315,0.83426434,0.6433333333333333,1.0,1.0,1.0
photocatalytic MOFs with suitable band gaps,q2_photocatalysis,42,LEA + GraphSAGE,4,qmof-cef46c3,Zn2C48H32N8O8,1|1|1|1,0.8751666666666666,0.8455588029917751,0.011707066035179967,0.2550716317857143,0.8525069375571631,81.63949999999431,2.913296,0.7895211,0.6433333333333333,1.0,1.0,1.0
photocatalytic MOFs with suitable band gaps,q2_photocatalysis,42,LEA + GraphSAGE,5,qmof-c0f392b,Zn2C44H38N6O12,1|1|1|1,0.8751666666666666,0.8455588029917751,0.014118840141140674,0.24506091082107842,0.8506504476854159,81.63949999999431,2.464185,0.915527725,0.6433333333333333,1.0,1.0,1.0
photocatalytic MOFs with suitable band gaps,q2_photocatalysis,42,LEA + GAT,1,qmof-13a76dd,Zn4C40H28N12O8,1|1|1|1,0.8751666666666666,0.8455588029917751,0.0,0.4066955434538043,0.8804529107250473,80.57450000001154,3.309168,0.982716063,0.6433333333333333,1.0,1.0,1.0
photocatalytic MOFs with suitable band gaps,q2_photocatalysis,42,LEA + GAT,2,qmof-e566fbb,Zn2C36H22N6O8,1|1|1|1,0.8751666666666666,0.8455588029917751,0.010646336186496847,0.38600964091216217,0.8766630407847081,80.57450000001154,2.93315,0.83426434,0.6433333333333333,1.0,1.0,1.0
photocatalytic MOFs with suitable band gaps,q2_photocatalysis,42,LEA + GAT,3,qmof-cef46c3,Zn2C48H32N8O8,1|1|1|1,0.8751666666666666,0.8455588029917751,0.008879749119702244,0.3846363647193877,0.8764111434131872,80.57450000001154,2.913296,0.7895211,0.6433333333333333,1.0,1.0,1.0
photocatalytic MOFs with suitable band gaps,q2_photocatalysis,42,LEA + GAT,4,qmof-ac6a77a,Zn4C76H44N8O16,1|1|1|1,0.8751666666666666,0.8455588029917751,0.021697491707929076,0.35443872966216217,0.8708632669342328,80.57450000001154,2.401359,0.82887956,0.6433333333333333,1.0,1.0,1.0
photocatalytic MOFs with suitable band gaps,q2_photocatalysis,42,LEA + GAT,5,qmof-c0f392b,Zn2C44H38N6O12,1|1|1|1,0.8751666666666666,0.8455588029917751,0.014118840141140673,0.3494541465992647,0.8699459647164715,80.57450000001154,2.464185,0.915527725,0.6433333333333333,1.0,1.0,1.0
photocatalytic MOFs with suitable band gaps,q2_photocatalysis,43,SemanticOnly,1,qmof-fcfab15,Zn2C48H36N8O12,1|1|1|1,0.7551666666666667,0.8599925597215157,0.0,,0.7551666666666667,0.03483300000084455,3.105757,1.544337866,0.6433333333333333,1.0,0.7,0.7
photocatalytic MOFs with suitable band gaps,q2_photocatalysis,43,SemanticOnly,2,qmof-fc7ce55,Cu2C22Cl4H20N4S4,1|1|1|1,0.7551666666666667,0.8599925597215157,0.024774970093718884,,0.7551666666666667,0.03483300000084455,2.876732,1.110326318,0.6433333333333333,1.0,0.7,0.7
photocatalytic MOFs with suitable band gaps,q2_photocatalysis,43,SemanticOnly,3,qmof-f7be768,Zn2C36H28N8O8,1|1|1|1,0.7551666666666667,0.8599925597215157,0.01485036509367135,,0.7551666666666667,0.03483300000084455,3.258308,1.56915922,0.6433333333333333,1.0,0.7,0.7
photocatalytic MOFs with suitable band gaps,q2_photocatalysis,43,SemanticOnly,4,qmof-f4d0642,Zn2C12H6N4O8,1|1|1|1,0.7551666666666667,0.8599925597215157,0.026044015596757033,,0.7551666666666667,0.03483300000084455,3.359948,1.833712471,0.6433333333333333,1.0,0.7,0.7
photocatalytic MOFs with suitable band gaps,q2_photocatalysis,43,SemanticOnly,5,qmof-f46187c,Cu4C56H36N12,1|1|1|1,0.7551666666666667,0.8599925597215157,0.03203154634542501,,0.7551666666666667,0.03483300000084455,1.89703,1.61655086,0.6433333333333333,1.0,0.7,0.7
photocatalytic MOFs with suitable band gaps,q2_photocatalysis,43,WeightedSum,1,qmof-e566fbb,Zn2C36H22N6O8,1|1|1|1,0.8751666666666666,0.8455588029917751,0.0,,0.8751666666666666,0.04545899997765446,2.93315,0.83426434,0.6433333333333333,1.0,1.0,1.0
photocatalytic MOFs with suitable band gaps,q2_photocatalysis,43,WeightedSum,2,qmof-cef46c3,Zn2C48H32N8O8,1|1|1|1,0.8751666666666666,0.8455588029917751,0.007206297341252901,,0.8751666666666666,0.04545899997765446,2.913296,0.7895211,0.6433333333333333,1.0,1.0,1.0
photocatalytic MOFs with suitable band gaps,q2_photocatalysis,43,WeightedSum,3,qmof-c0f392b,Zn2C44H38N6O12,1|1|1|1,0.8751666666666666,0.8455588029917751,0.012066926313604693,,0.8751666666666666,0.04545899997765446,2.464185,0.915527725,0.6433333333333333,1.0,1.0,1.0
photocatalytic MOFs with suitable band gaps,q2_photocatalysis,43,WeightedSum,4,qmof-ac6a77a,Zn4C76H44N8O16,1|1|1|1,0.8751666666666666,0.8455588029917751,0.018368560155257573,,0.8751666666666666,0.04545899997765446,2.401359,0.82887956,0.6433333333333333,1.0,1.0,1.0
photocatalytic MOFs with suitable band gaps,q2_photocatalysis,43,WeightedSum,5,qmof-13a76dd,Zn4C40H28N12O8,1|1|1|1,0.8751666666666666,0.8455588029917751,0.01588195992000406,,0.8751666666666666,0.04545899997765446,3.309168,0.982716063,0.6433333333333333,1.0,1.0,1.0
photocatalytic MOFs with suitable band gaps,q2_photocatalysis,43,TOPSIS,1,qmof-e566fbb,Zn2C36H22N6O8,1|1|1|1,0.8751666666666666,0.8455588029917751,0.0,,0.8751666666666666,1.0445409999988442,2.93315,0.83426434,0.6433333333333333,1.0,1.0,1.0
photocatalytic MOFs with suitable band gaps,q2_photocatalysis,43,TOPSIS,2,qmof-cef46c3,Zn2C48H32N8O8,1|1|1|1,0.8751666666666666,0.8455588029917751,0.007206297341252901,,0.8751666666666666,1.0445409999988442,2.913296,0.7895211,0.6433333333333333,1.0,1.0,1.0
photocatalytic MOFs with suitable band gaps,q2_photocatalysis,43,TOPSIS,3,qmof-c0f392b,Zn2C44H38N6O12,1|1|1|1,0.8751666666666666,0.8455588029917751,0.012066926313604693,,0.8751666666666666,1.0445409999988442,2.464185,0.915527725,0.6433333333333333,1.0,1.0,1.0
photocatalytic MOFs with suitable band gaps,q2_photocatalysis,43,TOPSIS,4,qmof-ac6a77a,Zn4C76H44N8O16,1|1|1|1,0.8751666666666666,0.8455588029917751,0.018368560155257573,,0.8751666666666666,1.0445409999988442,2.401359,0.82887956,0.6433333333333333,1.0,1.0,1.0
photocatalytic MOFs with suitable band gaps,q2_photocatalysis,43,TOPSIS,5,qmof-13a76dd,Zn4C40H28N12O8,1|1|1|1,0.8751666666666666,0.8455588029917751,0.01588195992000406,,0.8751666666666666,1.0445409999988442,3.309168,0.982716063,0.6433333333333333,1.0,1.0,1.0
photocatalytic MOFs with suitable band gaps,q2_photocatalysis,43,ParetoCrowding,1,qmof-ac6a77a,Zn4C76H44N8O16,1|1|1|1,0.8751666666666666,0.8455588029917751,0.0,,0.8751666666666666,215.26508299999136,2.401359,0.82887956,0.6433333333333333,1.0,1.0,1.0
photocatalytic MOFs with suitable band gaps,q2_photocatalysis,43,ParetoCrowding,2,qmof-cef46c3,Zn2C48H32N8O8,1|1|1|1,0.8751666666666666,0.8455588029917751,0.01736169986613541,,0.8751666666666666,215.26508299999136,2.913296,0.7895211,0.6433333333333333,1.0,1.0,1.0
photocatalytic MOFs with suitable band gaps,q2_photocatalysis,43,ParetoCrowding,3,qmof-e566fbb,Zn2C36H22N6O8,1|1|1|1,0.8751666666666666,0.8455588029917751,0.01517496526872958,,0.8751666666666666,215.26508299999136,2.93315,0.83426434,0.6433333333333333,1.0,1.0,1.0
photocatalytic MOFs with suitable band gaps,q2_photocatalysis,43,ParetoCrowding,4,qmof-c0f392b,Zn2C44H38N6O12,1|1|1|1,0.8751666666666666,0.8455588029917751,0.012911400010213481,,0.8751666666666666,215.26508299999136,2.464185,0.915527725,0.6433333333333333,1.0,1.0,1.0
photocatalytic MOFs with suitable band gaps,q2_photocatalysis,43,ParetoCrowding,5,qmof-13a76dd,Zn4C40H28N12O8,1|1|1|1,0.8751666666666666,0.8455588029917751,0.01588195992000406,,0.8751666666666666,215.26508299999136,3.309168,0.982716063,0.6433333333333333,1.0,1.0,1.0
photocatalytic MOFs with suitable band gaps,q2_photocatalysis,43,Random,1,qmof-46ebf41,Cd4C60H52N12O16,1|1|1|1,0.7551666666666667,0.8599925597215157,0.0,,0.7551666666666667,0.05000000001587068,3.462295,1.74199834,0.6433333333333333,1.0,0.7,0.7
photocatalytic MOFs with suitable band gaps,q2_photocatalysis,43,Random,2,qmof-90d1dd5,Cd2C76H56N4O10,1|1|1|1,0.7551666666666667,0.8599925597215157,0.013355063873098547,,0.7551666666666667,0.05000000001587068,2.909205,1.587059915,0.6433333333333333,1.0,0.7,0.7
photocatalytic MOFs with suitable band gaps,q2_photocatalysis,43,Random,3,qmof-29a7d04,Cu4C36Cl8H40N8O8,1|1|1|1,0.7551666666666667,0.8599925597215157,0.017736683217270736,,0.7551666666666667,0.05000000001587068,3.272401,1.815349877,0.6433333333333333,1.0,0.7,0.7
photocatalytic MOFs with suitable band gaps,q2_photocatalysis,43,Random,4,qmof-e789f6e,Zn2C60H44N6O16,1|1|1|1,0.7551666666666667,0.8599925597215157,0.01354813682235153,,0.7551666666666667,0.05000000001587068,3.462207,1.456138517,0.6433333333333333,1.0,0.7,0.7
photocatalytic MOFs with suitable band gaps,q2_photocatalysis,43,Random,5,qmof-c0f392b,Zn2C44H38N6O12,1|1|1|1,0.8751666666666666,0.8455588029917751,0.028668695670406898,,0.8751666666666666,0.05000000001587068,2.464185,0.915527725,0.6433333333333333,1.0,1.0,1.0
photocatalytic MOFs with suitable band gaps,q2_photocatalysis,43,MMR,1,qmof-c0f392b,Zn2C44H38N6O12,1|1|1|1,0.8751666666666666,0.8455588029917751,0.0,,0.8751666666666666,2083.2983750000267,2.464185,0.915527725,0.6433333333333333,1.0,1.0,1.0
photocatalytic MOFs with suitable band gaps,q2_photocatalysis,43,MMR,2,qmof-13a76dd,Zn4C40H28N12O8,1|1|1|1,0.8751666666666666,0.8455588029917751,0.01774116053392225,,0.8751666666666666,2083.2983750000267,3.309168,0.982716063,0.6433333333333333,1.0,1.0,1.0
photocatalytic MOFs with suitable band gaps,q2_photocatalysis,43,MMR,3,qmof-ac6a77a,Zn4C76H44N8O16,1|1|1|1,0.8751666666666666,0.8455588029917751,0.019593744732438304,,0.8751666666666666,2083.2983750000267,2.401359,0.82887956,0.6433333333333333,1.0,1.0,1.0
photocatalytic MOFs with suitable band gaps,q2_photocatalysis,43,MMR,4,qmof-e566fbb,Zn2C36H22N6O8,1|1|1|1,0.8751666666666666,0.8455588029917751,0.015741472610917445,,0.8751666666666666,2083.2983750000267,2.93315,0.83426434,0.6433333333333333,1.0,1.0,1.0
photocatalytic MOFs with suitable band gaps,q2_photocatalysis,43,MMR,5,qmof-cef46c3,Zn2C48H32N8O8,1|1|1|1,0.8751666666666666,0.8455588029917751,0.011455150570675015,,0.8751666666666666,2083.2983750000267,2.913296,0.7895211,0.6433333333333333,1.0,1.0,1.0
photocatalytic MOFs with suitable band gaps,q2_photocatalysis,43,LEA,1,qmof-c0f392b,Zn2C44H38N6O12,1|1|1|1,0.8751666666666666,0.8455588029917751,0.0,,0.9597225469658441,81.37949999999705,2.464185,0.915527725,0.6433333333333333,1.0,1.0,1.0
photocatalytic MOFs with suitable band gaps,q2_photocatalysis,43,LEA,2,qmof-ac6a77a,Zn4C76H44N8O16,1|1|1|1,0.8751666666666666,0.8455588029917751,0.014600347403431054,,0.9134290711388547,81.37949999999705,2.401359,0.82887956,0.6433333333333333,1.0,1.0,1.0
photocatalytic MOFs with suitable band gaps,q2_photocatalysis,43,LEA,3,qmof-e566fbb,Zn2C36H22N6O8,1|1|1|1,0.8751666666666666,0.8455588029917751,0.018289040823127743,,0.9128520608687368,81.37949999999705,2.93315,0.83426434,0.6433333333333333,1.0,1.0,1.0
photocatalytic MOFs with suitable band gaps,q2_photocatalysis,43,LEA,4,qmof-13a76dd,Zn4C40H28N12O8,1|1|1|1,0.8751666666666666,0.8455588029917751,0.017658212927288218,,0.9127830666176686,81.37949999999705,3.309168,0.982716063,0.6433333333333333,1.0,1.0,1.0
photocatalytic MOFs with suitable band gaps,q2_photocatalysis,43,LEA,5,qmof-cef46c3,Zn2C48H32N8O8,1|1|1|1,0.8751666666666666,0.8455588029917751,0.011455150570675015,,0.91256373450704,81.37949999999705,2.913296,0.7895211,0.6433333333333333,1.0,1.0,1.0
photocatalytic MOFs with suitable band gaps,q2_photocatalysis,43,LEA no diversity,1,qmof-c0f392b,Zn2C44H38N6O12,1|1|1|1,0.8751666666666666,0.8455588029917751,0.0,,0.9597225469658441,87.37166700001353,2.464185,0.915527725,0.6433333333333333,1.0,1.0,1.0
photocatalytic MOFs with suitable band gaps,q2_photocatalysis,43,LEA no diversity,2,qmof-ac6a77a,Zn4C76H44N8O16,1|1|1|1,0.8751666666666666,0.8455588029917751,0.014600347403431054,,0.9109478788354352,87.37166700001353,2.401359,0.82887956,0.6433333333333333,1.0,1.0,1.0
photocatalytic MOFs with suitable band gaps,q2_photocatalysis,43,LEA no diversity,3,qmof-e566fbb,Zn2C36H22N6O8,1|1|1|1,0.8751666666666666,0.8455588029917751,0.018289040823127743,,0.9107584637336379,87.37166700001353,2.93315,0.83426434,0.6433333333333333,1.0,1.0,1.0
photocatalytic MOFs with suitable band gaps,q2_photocatalysis,43,LEA no diversity,4,qmof-13a76dd,Zn4C40H28N12O8,1|1|1|1,0.8751666666666666,0.8455588029917751,0.017658212927288218,,0.9107357819880638,87.37166700001353,3.309168,0.982716063,0.6433333333333333,1.0,1.0,1.0
photocatalytic MOFs with suitable band gaps,q2_photocatalysis,43,LEA no diversity,5,qmof-cef46c3,Zn2C48H32N8O8,1|1|1|1,0.8751666666666666,0.8455588029917751,0.011455150570675015,,0.9106636300830225,87.37166700001353,2.913296,0.7895211,0.6433333333333333,1.0,1.0,1.0
photocatalytic MOFs with suitable band gaps,q2_photocatalysis,43,LEA no self-cleaning,1,qmof-c0f392b,Zn2C44H38N6O12,1|1|1|1,0.8751666666666666,0.8455588029917751,0.0,,0.9597225469658441,82.31000000000677,2.464185,0.915527725,0.6433333333333333,1.0,1.0,1.0
photocatalytic MOFs with suitable band gaps,q2_photocatalysis,43,LEA no self-cleaning,2,qmof-ac6a77a,Zn4C76H44N8O16,1|1|1|1,0.8751666666666666,0.8455588029917751,0.014600347403431054,,0.9134290711388547,82.31000000000677,2.401359,0.82887956,0.6433333333333333,1.0,1.0,1.0
photocatalytic MOFs with suitable band gaps,q2_photocatalysis,43,LEA no self-cleaning,3,qmof-e566fbb,Zn2C36H22N6O8,1|1|1|1,0.8751666666666666,0.8455588029917751,0.018289040823127743,,0.9128520608687368,82.31000000000677,2.93315,0.83426434,0.6433333333333333,1.0,1.0,1.0
photocatalytic MOFs with suitable band gaps,q2_photocatalysis,43,LEA no self-cleaning,4,qmof-13a76dd,Zn4C40H28N12O8,1|1|1|1,0.8751666666666666,0.8455588029917751,0.017658212927288218,,0.9127830666176686,82.31000000000677,3.309168,0.982716063,0.6433333333333333,1.0,1.0,1.0
photocatalytic MOFs with suitable band gaps,q2_photocatalysis,43,LEA no self-cleaning,5,qmof-cef46c3,Zn2C48H32N8O8,1|1|1|1,0.8751666666666666,0.8455588029917751,0.011455150570675015,,0.91256373450704,82.31000000000677,2.913296,0.7895211,0.6433333333333333,1.0,1.0,1.0
photocatalytic MOFs with suitable band gaps,q2_photocatalysis,43,GraphSAGE only,1,qmof-ac6a77a,Zn4C76H44N8O16,1|1|1|1,0.8751666666666666,0.8455588029917751,0.0,0.2567529519189189,0.8751666666666666,0.04066600001806364,2.401359,0.82887956,0.6433333333333333,1.0,1.0,1.0
photocatalytic MOFs with suitable band gaps,q2_photocatalysis,43,GraphSAGE only,2,qmof-13a76dd,Zn4C40H28N12O8,1|1|1|1,0.8751666666666666,0.8455588029917751,0.024587142061445556,0.25673107788369565,0.8751666666666666,0.04066600001806364,3.309168,0.982716063,0.6433333333333333,1.0,1.0,1.0
photocatalytic MOFs with suitable band gaps,q2_photocatalysis,43,GraphSAGE only,3,qmof-e566fbb,Zn2C36H22N6O8,1|1|1|1,0.8751666666666666,0.8455588029917751,0.016894984691351554,0.2563490934189189,0.8751666666666666,0.04066600001806364,2.93315,0.83426434,0.6433333333333333,1.0,1.0,1.0
photocatalytic MOFs with suitable band gaps,q2_photocatalysis,43,GraphSAGE only,4,qmof-cef46c3,Zn2C48H32N8O8,1|1|1|1,0.8751666666666666,0.8455588029917751,0.011707066035179967,0.2550716317857143,0.8751666666666666,0.04066600001806364,2.913296,0.7895211,0.6433333333333333,1.0,1.0,1.0
photocatalytic MOFs with suitable band gaps,q2_photocatalysis,43,GraphSAGE only,5,qmof-c0f392b,Zn2C44H38N6O12,1|1|1|1,0.8751666666666666,0.8455588029917751,0.014118840141140674,0.24506091082107842,0.8751666666666666,0.04066600001806364,2.464185,0.915527725,0.6433333333333333,1.0,1.0,1.0
photocatalytic MOFs with suitable band gaps,q2_photocatalysis,43,GAT only,1,qmof-13a76dd,Zn4C40H28N12O8,1|1|1|1,0.8751666666666666,0.8455588029917751,0.0,0.4066955434538043,0.8751666666666666,0.034416000005421665,3.309168,0.982716063,0.6433333333333333,1.0,1.0,1.0
photocatalytic MOFs with suitable band gaps,q2_photocatalysis,43,GAT only,2,qmof-e566fbb,Zn2C36H22N6O8,1|1|1|1,0.8751666666666666,0.8455588029917751,0.010646336186496847,0.38600964091216217,0.8751666666666666,0.034416000005421665,2.93315,0.83426434,0.6433333333333333,1.0,1.0,1.0
photocatalytic MOFs with suitable band gaps,q2_photocatalysis,43,GAT only,3,qmof-cef46c3,Zn2C48H32N8O8,1|1|1|1,0.8751666666666666,0.8455588029917751,0.008879749119702244,0.3846363647193877,0.8751666666666666,0.034416000005421665,2.913296,0.7895211,0.6433333333333333,1.0,1.0,1.0
photocatalytic MOFs with suitable band gaps,q2_photocatalysis,43,GAT only,4,qmof-ac6a77a,Zn4C76H44N8O16,1|1|1|1,0.8751666666666666,0.8455588029917751,0.021697491707929076,0.35443872966216217,0.8751666666666666,0.034416000005421665,2.401359,0.82887956,0.6433333333333333,1.0,1.0,1.0
photocatalytic MOFs with suitable band gaps,q2_photocatalysis,43,GAT only,5,qmof-c0f392b,Zn2C44H38N6O12,1|1|1|1,0.8751666666666666,0.8455588029917751,0.014118840141140673,0.3494541465992647,0.8751666666666666,0.034416000005421665,2.464185,0.915527725,0.6433333333333333,1.0,1.0,1.0
photocatalytic MOFs with suitable band gaps,q2_photocatalysis,43,LEA + GraphSAGE,1,qmof-ac6a77a,Zn4C76H44N8O16,1|1|1|1,0.8751666666666666,0.8455588029917751,0.0,0.2567529519189189,0.8528186246098414,83.11458299999686,2.401359,0.82887956,0.6433333333333333,1.0,1.0,1.0
photocatalytic MOFs with suitable band gaps,q2_photocatalysis,43,LEA + GraphSAGE,2,qmof-13a76dd,Zn4C40H28N12O8,1|1|1|1,0.8751666666666666,0.8455588029917751,0.024587142061445556,0.25673107788369565,0.8528145697636382,83.11458299999686,3.309168,0.982716063,0.6433333333333333,1.0,1.0,1.0
photocatalytic MOFs with suitable band gaps,q2_photocatalysis,43,LEA + GraphSAGE,3,qmof-e566fbb,Zn2C36H22N6O8,1|1|1|1,0.8751666666666666,0.8455588029917751,0.016894984691351554,0.2563490934189189,0.8527437594114767,83.11458299999686,2.93315,0.83426434,0.6433333333333333,1.0,1.0,1.0
photocatalytic MOFs with suitable band gaps,q2_photocatalysis,43,LEA + GraphSAGE,4,qmof-cef46c3,Zn2C48H32N8O8,1|1|1|1,0.8751666666666666,0.8455588029917751,0.011707066035179967,0.2550716317857143,0.8525069375571631,83.11458299999686,2.913296,0.7895211,0.6433333333333333,1.0,1.0,1.0
photocatalytic MOFs with suitable band gaps,q2_photocatalysis,43,LEA + GraphSAGE,5,qmof-c0f392b,Zn2C44H38N6O12,1|1|1|1,0.8751666666666666,0.8455588029917751,0.014118840141140674,0.24506091082107842,0.8506504476854159,83.11458299999686,2.464185,0.915527725,0.6433333333333333,1.0,1.0,1.0
photocatalytic MOFs with suitable band gaps,q2_photocatalysis,43,LEA + GAT,1,qmof-13a76dd,Zn4C40H28N12O8,1|1|1|1,0.8751666666666666,0.8455588029917751,0.0,0.4066955434538043,0.8804529107250473,83.23400000000447,3.309168,0.982716063,0.6433333333333333,1.0,1.0,1.0
photocatalytic MOFs with suitable band gaps,q2_photocatalysis,43,LEA + GAT,2,qmof-e566fbb,Zn2C36H22N6O8,1|1|1|1,0.8751666666666666,0.8455588029917751,0.010646336186496847,0.38600964091216217,0.8766630407847081,83.23400000000447,2.93315,0.83426434,0.6433333333333333,1.0,1.0,1.0
photocatalytic MOFs with suitable band gaps,q2_photocatalysis,43,LEA + GAT,3,qmof-cef46c3,Zn2C48H32N8O8,1|1|1|1,0.8751666666666666,0.8455588029917751,0.008879749119702244,0.3846363647193877,0.8764111434131872,83.23400000000447,2.913296,0.7895211,0.6433333333333333,1.0,1.0,1.0
photocatalytic MOFs with suitable band gaps,q2_photocatalysis,43,LEA + GAT,4,qmof-ac6a77a,Zn4C76H44N8O16,1|1|1|1,0.8751666666666666,0.8455588029917751,0.021697491707929076,0.35443872966216217,0.8708632669342328,83.23400000000447,2.401359,0.82887956,0.6433333333333333,1.0,1.0,1.0
photocatalytic MOFs with suitable band gaps,q2_photocatalysis,43,LEA + GAT,5,qmof-c0f392b,Zn2C44H38N6O12,1|1|1|1,0.8751666666666666,0.8455588029917751,0.014118840141140673,0.3494541465992647,0.8699459647164715,83.23400000000447,2.464185,0.915527725,0.6433333333333333,1.0,1.0,1.0
photocatalytic MOFs with suitable band gaps,q2_photocatalysis,44,SemanticOnly,1,qmof-fed171f,Cu2C34H32I2N8,1|1|1|1,0.7551666666666667,0.8599925597215157,0.0,,0.7551666666666667,0.030874999993102392,3.140349,1.942910225,0.6433333333333333,1.0,0.7,0.7
photocatalytic MOFs with suitable band gaps,q2_photocatalysis,44,SemanticOnly,2,qmof-fe0852c,Cd2C40Cl4H32N4O4,1|1|1|1,0.7551666666666667,0.8599925597215157,0.02029014308872923,,0.7551666666666667,0.030874999993102392,3.243635,1.317737976,0.6433333333333333,1.0,0.7,0.7
photocatalytic MOFs with suitable band gaps,q2_photocatalysis,44,SemanticOnly,3,qmof-fb99880,Cu2C10Cl2H8N14,1|1|1|1,0.7551666666666667,0.8599925597215157,0.02972750388415106,,0.7551666666666667,0.030874999993102392,2.771778,1.900062215,0.6433333333333333,1.0,0.7,0.7
photocatalytic MOFs with suitable band gaps,q2_photocatalysis,44,SemanticOnly,4,qmof-f6329bc,Cu3C20H8N22,1|1|1|1,0.7551666666666667,0.8599925597215157,0.02324703112987338,,0.7551666666666667,0.030874999993102392,3.094512,1.77973192,0.6433333333333333,1.0,0.7,0.7
photocatalytic MOFs with suitable band gaps,q2_photocatalysis,44,SemanticOnly,5,qmof-f5690c7,CdC20H20N2O8,1|1|1|1,0.7551666666666667,0.8599925597215157,0.023408283554404708,,0.7551666666666667,0.030874999993102392,2.694597,1.825067689,0.6433333333333333,1.0,0.7,0.7
photocatalytic MOFs with suitable band gaps,q2_photocatalysis,44,WeightedSum,1,qmof-e566fbb,Zn2C36H22N6O8,1|1|1|1,0.8751666666666666,0.8455588029917751,0.0,,0.8751666666666666,0.05016599999407845,2.93315,0.83426434,0.6433333333333333,1.0,1.0,1.0
photocatalytic MOFs with suitable band gaps,q2_photocatalysis,44,WeightedSum,2,qmof-cef46c3,Zn2C48H32N8O8,1|1|1|1,0.8751666666666666,0.8455588029917751,0.007206297341252901,,0.8751666666666666,0.05016599999407845,2.913296,0.7895211,0.6433333333333333,1.0,1.0,1.0
photocatalytic MOFs with suitable band gaps,q2_photocatalysis,44,WeightedSum,3,qmof-c0f392b,Zn2C44H38N6O12,1|1|1|1,0.8751666666666666,0.8455588029917751,0.012066926313604693,,0.8751666666666666,0.05016599999407845,2.464185,0.915527725,0.6433333333333333,1.0,1.0,1.0
photocatalytic MOFs with suitable band gaps,q2_photocatalysis,44,WeightedSum,4,qmof-ac6a77a,Zn4C76H44N8O16,1|1|1|1,0.8751666666666666,0.8455588029917751,0.018368560155257573,,0.8751666666666666,0.05016599999407845,2.401359,0.82887956,0.6433333333333333,1.0,1.0,1.0
photocatalytic MOFs with suitable band gaps,q2_photocatalysis,44,WeightedSum,5,qmof-13a76dd,Zn4C40H28N12O8,1|1|1|1,0.8751666666666666,0.8455588029917751,0.01588195992000406,,0.8751666666666666,0.05016599999407845,3.309168,0.982716063,0.6433333333333333,1.0,1.0,1.0
photocatalytic MOFs with suitable band gaps,q2_photocatalysis,44,TOPSIS,1,qmof-e566fbb,Zn2C36H22N6O8,1|1|1|1,0.8751666666666666,0.8455588029917751,0.0,,0.8751666666666666,0.9956670000121903,2.93315,0.83426434,0.6433333333333333,1.0,1.0,1.0
photocatalytic MOFs with suitable band gaps,q2_photocatalysis,44,TOPSIS,2,qmof-cef46c3,Zn2C48H32N8O8,1|1|1|1,0.8751666666666666,0.8455588029917751,0.007206297341252901,,0.8751666666666666,0.9956670000121903,2.913296,0.7895211,0.6433333333333333,1.0,1.0,1.0
photocatalytic MOFs with suitable band gaps,q2_photocatalysis,44,TOPSIS,3,qmof-c0f392b,Zn2C44H38N6O12,1|1|1|1,0.8751666666666666,0.8455588029917751,0.012066926313604693,,0.8751666666666666,0.9956670000121903,2.464185,0.915527725,0.6433333333333333,1.0,1.0,1.0
photocatalytic MOFs with suitable band gaps,q2_photocatalysis,44,TOPSIS,4,qmof-ac6a77a,Zn4C76H44N8O16,1|1|1|1,0.8751666666666666,0.8455588029917751,0.018368560155257573,,0.8751666666666666,0.9956670000121903,2.401359,0.82887956,0.6433333333333333,1.0,1.0,1.0
photocatalytic MOFs with suitable band gaps,q2_photocatalysis,44,TOPSIS,5,qmof-13a76dd,Zn4C40H28N12O8,1|1|1|1,0.8751666666666666,0.8455588029917751,0.01588195992000406,,0.8751666666666666,0.9956670000121903,3.309168,0.982716063,0.6433333333333333,1.0,1.0,1.0
photocatalytic MOFs with suitable band gaps,q2_photocatalysis,44,ParetoCrowding,1,qmof-ac6a77a,Zn4C76H44N8O16,1|1|1|1,0.8751666666666666,0.8455588029917751,0.0,,0.8751666666666666,215.8862910000039,2.401359,0.82887956,0.6433333333333333,1.0,1.0,1.0
photocatalytic MOFs with suitable band gaps,q2_photocatalysis,44,ParetoCrowding,2,qmof-cef46c3,Zn2C48H32N8O8,1|1|1|1,0.8751666666666666,0.8455588029917751,0.01736169986613541,,0.8751666666666666,215.8862910000039,2.913296,0.7895211,0.6433333333333333,1.0,1.0,1.0
photocatalytic MOFs with suitable band gaps,q2_photocatalysis,44,ParetoCrowding,3,qmof-e566fbb,Zn2C36H22N6O8,1|1|1|1,0.8751666666666666,0.8455588029917751,0.01517496526872958,,0.8751666666666666,215.8862910000039,2.93315,0.83426434,0.6433333333333333,1.0,1.0,1.0
photocatalytic MOFs with suitable band gaps,q2_photocatalysis,44,ParetoCrowding,4,qmof-c0f392b,Zn2C44H38N6O12,1|1|1|1,0.8751666666666666,0.8455588029917751,0.012911400010213481,,0.8751666666666666,215.8862910000039,2.464185,0.915527725,0.6433333333333333,1.0,1.0,1.0
photocatalytic MOFs with suitable band gaps,q2_photocatalysis,44,ParetoCrowding,5,qmof-13a76dd,Zn4C40H28N12O8,1|1|1|1,0.8751666666666666,0.8455588029917751,0.01588195992000406,,0.8751666666666666,215.8862910000039,3.309168,0.982716063,0.6433333333333333,1.0,1.0,1.0
photocatalytic MOFs with suitable band gaps,q2_photocatalysis,44,Random,1,qmof-14b1175,Zn2C36H36N4O12P4,1|1|1|1,0.7551666666666667,0.8599925597215157,0.0,,0.7551666666666667,0.04654200000686615,3.351649,1.726900553,0.6433333333333333,1.0,0.7,0.7
photocatalytic MOFs with suitable band gaps,q2_photocatalysis,44,Random,2,qmof-67719b6,Cd2C48H40N12O16S4,1|1|1|1,0.7551666666666667,0.8599925597215157,0.00914504250401597,,0.7551666666666667,0.04654200000686615,3.331556,1.680727512,0.6433333333333333,1.0,0.7,0.7
photocatalytic MOFs with suitable band gaps,q2_photocatalysis,44,Random,3,qmof-042f5d3,Zn4C60H40N16O12,1|1|1|1,0.7551666666666667,0.8599925597215157,0.01397308433371283,,0.7551666666666667,0.04654200000686615,2.956015,1.79023459,0.6433333333333333,1.0,0.7,0.7
photocatalytic MOFs with suitable band gaps,q2_photocatalysis,44,Random,4,qmof-99d6026,Cu2C54Cl4H52N12O4S2,1|1|1|1,0.7551666666666667,0.8599925597215157,0.016016492626739657,,0.7551666666666667,0.04654200000686615,2.999905,1.419417628,0.6433333333333333,1.0,0.7,0.7
photocatalytic MOFs with suitable band gaps,q2_photocatalysis,44,Random,5,qmof-178416a,Cu4C36H28N28,1|1|1|1,0.7551666666666667,0.8599925597215157,0.022811749146412603,,0.7551666666666667,0.04654200000686615,2.644142,1.748077639,0.6433333333333333,1.0,0.7,0.7
photocatalytic MOFs with suitable band gaps,q2_photocatalysis,44,MMR,1,qmof-ac6a77a,Zn4C76H44N8O16,1|1|1|1,0.8751666666666666,0.8455588029917751,0.0,,0.8751666666666666,2087.9572089999956,2.401359,0.82887956,0.6433333333333333,1.0,1.0,1.0
photocatalytic MOFs with suitable band gaps,q2_photocatalysis,44,MMR,2,qmof-13a76dd,Zn4C40H28N12O8,1|1|1|1,0.8751666666666666,0.8455588029917751,0.024587142061445556,,0.8751666666666666,2087.9572089999956,3.309168,0.982716063,0.6433333333333333,1.0,1.0,1.0
photocatalytic MOFs with suitable band gaps,q2_photocatalysis,44,MMR,3,qmof-c0f392b,Zn2C44H38N6O12,1|1|1|1,0.8751666666666666,0.8455588029917751,0.016170753968676652,,0.8751666666666666,2087.9572089999956,2.464185,0.915527725,0.6433333333333333,1.0,1.0,1.0
photocatalytic MOFs with suitable band gaps,q2_photocatalysis,44,MMR,4,qmof-e566fbb,Zn2C36H22N6O8,1|1|1|1,0.8751666666666666,0.8455588029917751,0.015741472610917445,,0.8751666666666666,2087.9572089999956,2.93315,0.83426434,0.6433333333333333,1.0,1.0,1.0
photocatalytic MOFs with suitable band gaps,q2_photocatalysis,44,MMR,5,qmof-cef46c3,Zn2C48H32N8O8,1|1|1|1,0.8751666666666666,0.8455588029917751,0.011455150570675017,,0.8751666666666666,2087.9572089999956,2.913296,0.7895211,0.6433333333333333,1.0,1.0,1.0
photocatalytic MOFs with suitable band gaps,q2_photocatalysis,44,LEA,1,qmof-ac6a77a,Zn4C76H44N8O16,1|1|1|1,0.8751666666666666,0.8455588029917751,0.0,,0.9597225469658441,81.33941599999162,2.401359,0.82887956,0.6433333333333333,1.0,1.0,1.0
photocatalytic MOFs with suitable band gaps,q2_photocatalysis,44,LEA,2,qmof-13a76dd,Zn4C40H28N12O8,1|1|1|1,0.8751666666666666,0.8455588029917751,0.024587142061445556,,0.9146711799640712,81.33941599999162,3.309168,0.982716063,0.6433333333333333,1.0,1.0,1.0
photocatalytic MOFs with suitable band gaps,q2_photocatalysis,44,LEA,3,qmof-e566fbb,Zn2C36H22N6O8,1|1|1|1,0.8751666666666666,0.8455588029917751,0.016894984691351554,,0.9145565239683023,81.33941599999162,2.93315,0.83426434,0.6433333333333333,1.0,1.0,1.0
photocatalytic MOFs with suitable band gaps,q2_photocatalysis,44,LEA,4,qmof-cef46c3,Zn2C48H32N8O8,1|1|1|1,0.8751666666666666,0.8455588029917751,0.011707066035179967,,0.9139401388465301,81.33941599999162,2.913296,0.7895211,0.6433333333333333,1.0,1.0,1.0
photocatalytic MOFs with suitable band gaps,q2_photocatalysis,44,LEA,5,qmof-c0f392b,Zn2C44H38N6O12,1|1|1|1,0.8751666666666666,0.8455588029917751,0.014118840141140674,,0.9131850491584907,81.33941599999162,2.464185,0.915527725,0.6433333333333333,1.0,1.0,1.0
photocatalytic MOFs with suitable band gaps,q2_photocatalysis,44,LEA no diversity,1,qmof-ac6a77a,Zn4C76H44N8O16,1|1|1|1,0.8751666666666666,0.8455588029917751,0.0,,0.9597225469658441,83.49091600001657,2.401359,0.82887956,0.6433333333333333,1.0,1.0,1.0
photocatalytic MOFs with suitable band gaps,q2_photocatalysis,44,LEA no diversity,2,qmof-13a76dd,Zn4C40H28N12O8,1|1|1|1,0.8751666666666666,0.8455588029917751,0.024587142061445556,,0.911353952423462,83.49091600001657,3.309168,0.982716063,0.6433333333333333,1.0,1.0,1.0
photocatalytic MOFs with suitable band gaps,q2_photocatalysis,44,LEA no diversity,3,qmof-e566fbb,Zn2C36H22N6O8,1|1|1|1,0.8751666666666666,0.8455588029917751,0.016894984691351554,,0.9113165645001708,83.49091600001657,2.93315,0.83426434,0.6433333333333333,1.0,1.0,1.0
photocatalytic MOFs with suitable band gaps,q2_photocatalysis,44,LEA no diversity,4,qmof-cef46c3,Zn2C48H32N8O8,1|1|1|1,0.8751666666666666,0.8455588029917751,0.011707066035179967,,0.9111152351504248,83.49091600001657,2.913296,0.7895211,0.6433333333333333,1.0,1.0,1.0
photocatalytic MOFs with suitable band gaps,q2_photocatalysis,44,LEA no diversity,5,qmof-c0f392b,Zn2C44H38N6O12,1|1|1|1,0.8751666666666666,0.8455588029917751,0.014118840141140674,,0.9108678339445342,83.49091600001657,2.464185,0.915527725,0.6433333333333333,1.0,1.0,1.0
photocatalytic MOFs with suitable band gaps,q2_photocatalysis,44,LEA no self-cleaning,1,qmof-ac6a77a,Zn4C76H44N8O16,1|1|1|1,0.8751666666666666,0.8455588029917751,0.0,,0.9597225469658441,80.89395800001853,2.401359,0.82887956,0.6433333333333333,1.0,1.0,1.0
photocatalytic MOFs with suitable band gaps,q2_photocatalysis,44,LEA no self-cleaning,2,qmof-13a76dd,Zn4C40H28N12O8,1|1|1|1,0.8751666666666666,0.8455588029917751,0.024587142061445556,,0.9146711799640712,80.89395800001853,3.309168,0.982716063,0.6433333333333333,1.0,1.0,1.0
photocatalytic MOFs with suitable band gaps,q2_photocatalysis,44,LEA no self-cleaning,3,qmof-e566fbb,Zn2C36H22N6O8,1|1|1|1,0.8751666666666666,0.8455588029917751,0.016894984691351554,,0.9145565239683023,80.89395800001853,2.93315,0.83426434,0.6433333333333333,1.0,1.0,1.0
photocatalytic MOFs with suitable band gaps,q2_photocatalysis,44,LEA no self-cleaning,4,qmof-cef46c3,Zn2C48H32N8O8,1|1|1|1,0.8751666666666666,0.8455588029917751,0.011707066035179967,,0.9139401388465301,80.89395800001853,2.913296,0.7895211,0.6433333333333333,1.0,1.0,1.0
photocatalytic MOFs with suitable band gaps,q2_photocatalysis,44,LEA no self-cleaning,5,qmof-c0f392b,Zn2C44H38N6O12,1|1|1|1,0.8751666666666666,0.8455588029917751,0.014118840141140674,,0.9131850491584907,80.89395800001853,2.464185,0.915527725,0.6433333333333333,1.0,1.0,1.0
photocatalytic MOFs with suitable band gaps,q2_photocatalysis,44,GraphSAGE only,1,qmof-ac6a77a,Zn4C76H44N8O16,1|1|1|1,0.8751666666666666,0.8455588029917751,0.0,0.2567529519189189,0.8751666666666666,0.03783300002169199,2.401359,0.82887956,0.6433333333333333,1.0,1.0,1.0
photocatalytic MOFs with suitable band gaps,q2_photocatalysis,44,GraphSAGE only,2,qmof-13a76dd,Zn4C40H28N12O8,1|1|1|1,0.8751666666666666,0.8455588029917751,0.024587142061445556,0.25673107788369565,0.8751666666666666,0.03783300002169199,3.309168,0.982716063,0.6433333333333333,1.0,1.0,1.0
photocatalytic MOFs with suitable band gaps,q2_photocatalysis,44,GraphSAGE only,3,qmof-e566fbb,Zn2C36H22N6O8,1|1|1|1,0.8751666666666666,0.8455588029917751,0.016894984691351554,0.2563490934189189,0.8751666666666666,0.03783300002169199,2.93315,0.83426434,0.6433333333333333,1.0,1.0,1.0
photocatalytic MOFs with suitable band gaps,q2_photocatalysis,44,GraphSAGE only,4,qmof-cef46c3,Zn2C48H32N8O8,1|1|1|1,0.8751666666666666,0.8455588029917751,0.011707066035179967,0.2550716317857143,0.8751666666666666,0.03783300002169199,2.913296,0.7895211,0.6433333333333333,1.0,1.0,1.0
photocatalytic MOFs with suitable band gaps,q2_photocatalysis,44,GraphSAGE only,5,qmof-c0f392b,Zn2C44H38N6O12,1|1|1|1,0.8751666666666666,0.8455588029917751,0.014118840141140674,0.24506091082107842,0.8751666666666666,0.03783300002169199,2.464185,0.915527725,0.6433333333333333,1.0,1.0,1.0
photocatalytic MOFs with suitable band gaps,q2_photocatalysis,44,GAT only,1,qmof-13a76dd,Zn4C40H28N12O8,1|1|1|1,0.8751666666666666,0.8455588029917751,0.0,0.4066955434538043,0.8751666666666666,0.0340420000100039,3.309168,0.982716063,0.6433333333333333,1.0,1.0,1.0
photocatalytic MOFs with suitable band gaps,q2_photocatalysis,44,GAT only,2,qmof-e566fbb,Zn2C36H22N6O8,1|1|1|1,0.8751666666666666,0.8455588029917751,0.010646336186496847,0.38600964091216217,0.8751666666666666,0.0340420000100039,2.93315,0.83426434,0.6433333333333333,1.0,1.0,1.0
photocatalytic MOFs with suitable band gaps,q2_photocatalysis,44,GAT only,3,qmof-cef46c3,Zn2C48H32N8O8,1|1|1|1,0.8751666666666666,0.8455588029917751,0.008879749119702244,0.3846363647193877,0.8751666666666666,0.0340420000100039,2.913296,0.7895211,0.6433333333333333,1.0,1.0,1.0
photocatalytic MOFs with suitable band gaps,q2_photocatalysis,44,GAT only,4,qmof-ac6a77a,Zn4C76H44N8O16,1|1|1|1,0.8751666666666666,0.8455588029917751,0.021697491707929076,0.35443872966216217,0.8751666666666666,0.0340420000100039,2.401359,0.82887956,0.6433333333333333,1.0,1.0,1.0
photocatalytic MOFs with suitable band gaps,q2_photocatalysis,44,GAT only,5,qmof-c0f392b,Zn2C44H38N6O12,1|1|1|1,0.8751666666666666,0.8455588029917751,0.014118840141140673,0.3494541465992647,0.8751666666666666,0.0340420000100039,2.464185,0.915527725,0.6433333333333333,1.0,1.0,1.0
photocatalytic MOFs with suitable band gaps,q2_photocatalysis,44,LEA + GraphSAGE,1,qmof-ac6a77a,Zn4C76H44N8O16,1|1|1|1,0.8751666666666666,0.8455588029917751,0.0,0.2567529519189189,0.8528186246098414,82.5508329999991,2.401359,0.82887956,0.6433333333333333,1.0,1.0,1.0
photocatalytic MOFs with suitable band gaps,q2_photocatalysis,44,LEA + GraphSAGE,2,qmof-13a76dd,Zn4C40H28N12O8,1|1|1|1,0.8751666666666666,0.8455588029917751,0.024587142061445556,0.25673107788369565,0.8528145697636382,82.5508329999991,3.309168,0.982716063,0.6433333333333333,1.0,1.0,1.0
photocatalytic MOFs with suitable band gaps,q2_photocatalysis,44,LEA + GraphSAGE,3,qmof-e566fbb,Zn2C36H22N6O8,1|1|1|1,0.8751666666666666,0.8455588029917751,0.016894984691351554,0.2563490934189189,0.8527437594114767,82.5508329999991,2.93315,0.83426434,0.6433333333333333,1.0,1.0,1.0
photocatalytic MOFs with suitable band gaps,q2_photocatalysis,44,LEA + GraphSAGE,4,qmof-cef46c3,Zn2C48H32N8O8,1|1|1|1,0.8751666666666666,0.8455588029917751,0.011707066035179967,0.2550716317857143,0.8525069375571631,82.5508329999991,2.913296,0.7895211,0.6433333333333333,1.0,1.0,1.0
photocatalytic MOFs with suitable band gaps,q2_photocatalysis,44,LEA + GraphSAGE,5,qmof-c0f392b,Zn2C44H38N6O12,1|1|1|1,0.8751666666666666,0.8455588029917751,0.014118840141140674,0.24506091082107842,0.8506504476854159,82.5508329999991,2.464185,0.915527725,0.6433333333333333,1.0,1.0,1.0
photocatalytic MOFs with suitable band gaps,q2_photocatalysis,44,LEA + GAT,1,qmof-13a76dd,Zn4C40H28N12O8,1|1|1|1,0.8751666666666666,0.8455588029917751,0.0,0.4066955434538043,0.8804529107250473,81.8845420000116,3.309168,0.982716063,0.6433333333333333,1.0,1.0,1.0
photocatalytic MOFs with suitable band gaps,q2_photocatalysis,44,LEA + GAT,2,qmof-e566fbb,Zn2C36H22N6O8,1|1|1|1,0.8751666666666666,0.8455588029917751,0.010646336186496847,0.38600964091216217,0.8766630407847081,81.8845420000116,2.93315,0.83426434,0.6433333333333333,1.0,1.0,1.0
photocatalytic MOFs with suitable band gaps,q2_photocatalysis,44,LEA + GAT,3,qmof-cef46c3,Zn2C48H32N8O8,1|1|1|1,0.8751666666666666,0.8455588029917751,0.008879749119702244,0.3846363647193877,0.8764111434131872,81.8845420000116,2.913296,0.7895211,0.6433333333333333,1.0,1.0,1.0
photocatalytic MOFs with suitable band gaps,q2_photocatalysis,44,LEA + GAT,4,qmof-ac6a77a,Zn4C76H44N8O16,1|1|1|1,0.8751666666666666,0.8455588029917751,0.021697491707929076,0.35443872966216217,0.8708632669342328,81.8845420000116,2.401359,0.82887956,0.6433333333333333,1.0,1.0,1.0
photocatalytic MOFs with suitable band gaps,q2_photocatalysis,44,LEA + GAT,5,qmof-c0f392b,Zn2C44H38N6O12,1|1|1|1,0.8751666666666666,0.8455588029917751,0.014118840141140673,0.3494541465992647,0.8699459647164715,81.8845420000116,2.464185,0.915527725,0.6433333333333333,1.0,1.0,1.0
photocatalytic MOFs with suitable band gaps,q2_photocatalysis,45,SemanticOnly,1,qmof-fcfab15,Zn2C48H36N8O12,1|1|1|1,0.7551666666666667,0.8599925597215157,0.0,,0.7551666666666667,0.03037499999436477,3.105757,1.544337866,0.6433333333333333,1.0,0.7,0.7
photocatalytic MOFs with suitable band gaps,q2_photocatalysis,45,SemanticOnly,2,qmof-fcd2fa6,Zn2C32Cl2H20N6O4,1|1|1|1,0.7551666666666667,0.8599925597215157,0.01720366593207671,,0.7551666666666667,0.03037499999436477,3.429146,1.857717594,0.6433333333333333,1.0,0.7,0.7
photocatalytic MOFs with suitable band gaps,q2_photocatalysis,45,SemanticOnly,3,qmof-fc5343a,Cd2C48H36N8O12,1|1|1|1,0.7551666666666667,0.8599925597215157,0.009551152627701924,,0.7551666666666667,0.03037499999436477,3.124348,1.661271975,0.6433333333333333,1.0,0.7,0.7
photocatalytic MOFs with suitable band gaps,q2_photocatalysis,45,SemanticOnly,4,qmof-f9909c4,Cu6C72H48N24,1|1|1|1,0.7551666666666667,0.8599925597215157,0.026014328503658757,,0.7551666666666667,0.03037499999436477,2.363119,1.498605893,0.6433333333333333,1.0,0.7,0.7
photocatalytic MOFs with suitable band gaps,q2_photocatalysis,45,SemanticOnly,5,qmof-f6b0222,Cu3C12H20N22O2,1|1|1|1,0.7551666666666667,0.8599925597215157,0.030116777436775113,,0.7551666666666667,0.03037499999436477,2.541575,1.81870187,0.6433333333333333,1.0,0.7,0.7
photocatalytic MOFs with suitable band gaps,q2_photocatalysis,45,WeightedSum,1,qmof-e566fbb,Zn2C36H22N6O8,1|1|1|1,0.8751666666666666,0.8455588029917751,0.0,,0.8751666666666666,0.046499999996285624,2.93315,0.83426434,0.6433333333333333,1.0,1.0,1.0
photocatalytic MOFs with suitable band gaps,q2_photocatalysis,45,WeightedSum,2,qmof-cef46c3,Zn2C48H32N8O8,1|1|1|1,0.8751666666666666,0.8455588029917751,0.007206297341252901,,0.8751666666666666,0.046499999996285624,2.913296,0.7895211,0.6433333333333333,1.0,1.0,1.0
photocatalytic MOFs with suitable band gaps,q2_photocatalysis,45,WeightedSum,3,qmof-c0f392b,Zn2C44H38N6O12,1|1|1|1,0.8751666666666666,0.8455588029917751,0.012066926313604693,,0.8751666666666666,0.046499999996285624,2.464185,0.915527725,0.6433333333333333,1.0,1.0,1.0
photocatalytic MOFs with suitable band gaps,q2_photocatalysis,45,WeightedSum,4,qmof-ac6a77a,Zn4C76H44N8O16,1|1|1|1,0.8751666666666666,0.8455588029917751,0.018368560155257573,,0.8751666666666666,0.046499999996285624,2.401359,0.82887956,0.6433333333333333,1.0,1.0,1.0
photocatalytic MOFs with suitable band gaps,q2_photocatalysis,45,WeightedSum,5,qmof-13a76dd,Zn4C40H28N12O8,1|1|1|1,0.8751666666666666,0.8455588029917751,0.01588195992000406,,0.8751666666666666,0.046499999996285624,3.309168,0.982716063,0.6433333333333333,1.0,1.0,1.0
photocatalytic MOFs with suitable band gaps,q2_photocatalysis,45,TOPSIS,1,qmof-e566fbb,Zn2C36H22N6O8,1|1|1|1,0.8751666666666666,0.8455588029917751,0.0,,0.8751666666666666,0.9840409999810618,2.93315,0.83426434,0.6433333333333333,1.0,1.0,1.0
photocatalytic MOFs with suitable band gaps,q2_photocatalysis,45,TOPSIS,2,qmof-cef46c3,Zn2C48H32N8O8,1|1|1|1,0.8751666666666666,0.8455588029917751,0.007206297341252901,,0.8751666666666666,0.9840409999810618,2.913296,0.7895211,0.6433333333333333,1.0,1.0,1.0
photocatalytic MOFs with suitable band gaps,q2_photocatalysis,45,TOPSIS,3,qmof-c0f392b,Zn2C44H38N6O12,1|1|1|1,0.8751666666666666,0.8455588029917751,0.012066926313604693,,0.8751666666666666,0.9840409999810618,2.464185,0.915527725,0.6433333333333333,1.0,1.0,1.0
photocatalytic MOFs with suitable band gaps,q2_photocatalysis,45,TOPSIS,4,qmof-ac6a77a,Zn4C76H44N8O16,1|1|1|1,0.8751666666666666,0.8455588029917751,0.018368560155257573,,0.8751666666666666,0.9840409999810618,2.401359,0.82887956,0.6433333333333333,1.0,1.0,1.0
photocatalytic MOFs with suitable band gaps,q2_photocatalysis,45,TOPSIS,5,qmof-13a76dd,Zn4C40H28N12O8,1|1|1|1,0.8751666666666666,0.8455588029917751,0.01588195992000406,,0.8751666666666666,0.9840409999810618,3.309168,0.982716063,0.6433333333333333,1.0,1.0,1.0
photocatalytic MOFs with suitable band gaps,q2_photocatalysis,45,ParetoCrowding,1,qmof-ac6a77a,Zn4C76H44N8O16,1|1|1|1,0.8751666666666666,0.8455588029917751,0.0,,0.8751666666666666,211.24670799997602,2.401359,0.82887956,0.6433333333333333,1.0,1.0,1.0
photocatalytic MOFs with suitable band gaps,q2_photocatalysis,45,ParetoCrowding,2,qmof-cef46c3,Zn2C48H32N8O8,1|1|1|1,0.8751666666666666,0.8455588029917751,0.01736169986613541,,0.8751666666666666,211.24670799997602,2.913296,0.7895211,0.6433333333333333,1.0,1.0,1.0
photocatalytic MOFs with suitable band gaps,q2_photocatalysis,45,ParetoCrowding,3,qmof-e566fbb,Zn2C36H22N6O8,1|1|1|1,0.8751666666666666,0.8455588029917751,0.01517496526872958,,0.8751666666666666,211.24670799997602,2.93315,0.83426434,0.6433333333333333,1.0,1.0,1.0
photocatalytic MOFs with suitable band gaps,q2_photocatalysis,45,ParetoCrowding,4,qmof-c0f392b,Zn2C44H38N6O12,1|1|1|1,0.8751666666666666,0.8455588029917751,0.012911400010213481,,0.8751666666666666,211.24670799997602,2.464185,0.915527725,0.6433333333333333,1.0,1.0,1.0
photocatalytic MOFs with suitable band gaps,q2_photocatalysis,45,ParetoCrowding,5,qmof-13a76dd,Zn4C40H28N12O8,1|1|1|1,0.8751666666666666,0.8455588029917751,0.01588195992000406,,0.8751666666666666,211.24670799997602,3.309168,0.982716063,0.6433333333333333,1.0,1.0,1.0
photocatalytic MOFs with suitable band gaps,q2_photocatalysis,45,Random,1,qmof-e99706f,Zn3C42H28N4O16,1|1|1|1,0.7551666666666667,0.8599925597215157,0.0,,0.7551666666666667,0.0572500000259879,3.08432,1.793272755,0.6433333333333333,1.0,0.7,0.7
photocatalytic MOFs with suitable band gaps,q2_photocatalysis,45,Random,2,qmof-afcfed2,Zn2C36H28N4O8,1|1|1|1,0.7551666666666667,0.8599925597215157,0.012310411425935046,,0.7551666666666667,0.0572500000259879,2.980595,1.440108583,0.6433333333333333,1.0,0.7,0.7
photocatalytic MOFs with suitable band gaps,q2_photocatalysis,45,Random,3,qmof-ba1edaa,Zn2C32H20O16,1|1|1|1,0.7551666666666667,0.8599925597215157,0.01295119070929398,,0.7551666666666667,0.0572500000259879,3.173971,1.846057273,0.6433333333333333,1.0,0.7,0.7
photocatalytic MOFs with suitable band gaps,q2_photocatalysis,45,Random,4,qmof-63270e1,Cd2C44H24N12O8,1|1|1|1,0.7551666666666667,0.8599925597215157,0.012822282066296431,,0.7551666666666667,0.0572500000259879,2.902873,1.87381103,0.6433333333333333,1.0,0.7,0.7
photocatalytic MOFs with suitable band gaps,q2_photocatalysis,45,Random,5,qmof-8efdd0d,Zn2C26Cl2H16N6O6S2,1|1|1|1,0.7551666666666667,0.8599925597215157,0.02055858363206136,,0.7551666666666667,0.0572500000259879,2.488619,1.915538103,0.6433333333333333,1.0,0.7,0.7
photocatalytic MOFs with suitable band gaps,q2_photocatalysis,45,MMR,1,qmof-cef46c3,Zn2C48H32N8O8,1|1|1|1,0.8751666666666666,0.8455588029917751,0.0,,0.8751666666666666,2055.5319999999992,2.913296,0.7895211,0.6433333333333333,1.0,1.0,1.0
photocatalytic MOFs with suitable band gaps,q2_photocatalysis,45,MMR,2,qmof-ac6a77a,Zn4C76H44N8O16,1|1|1|1,0.8751666666666666,0.8455588029917751,0.01736169986613541,,0.8751666666666666,2055.5319999999992,2.401359,0.82887956,0.6433333333333333,1.0,1.0,1.0
photocatalytic MOFs with suitable band gaps,q2_photocatalysis,45,MMR,3,qmof-c0f392b,Zn2C44H38N6O12,1|1|1|1,0.8751666666666666,0.8455588029917751,0.012649875790295608,,0.8751666666666666,2055.5319999999992,2.464185,0.915527725,0.6433333333333333,1.0,1.0,1.0
photocatalytic MOFs with suitable band gaps,q2_photocatalysis,45,MMR,4,qmof-13a76dd,Zn4C40H28N12O8,1|1|1|1,0.8751666666666666,0.8455588029917751,0.01762716783117313,,0.8751666666666666,2055.5319999999992,3.309168,0.982716063,0.6433333333333333,1.0,1.0,1.0
photocatalytic MOFs with suitable band gaps,q2_photocatalysis,45,MMR,5,qmof-e566fbb,Zn2C36H22N6O8,1|1|1|1,0.8751666666666666,0.8455588029917751,0.013607678793501308,,0.8751666666666666,2055.5319999999992,2.93315,0.83426434,0.6433333333333333,1.0,1.0,1.0
photocatalytic MOFs with suitable band gaps,q2_photocatalysis,45,LEA,1,qmof-cef46c3,Zn2C48H32N8O8,1|1|1|1,0.8751666666666666,0.8455588029917751,0.0,,0.9597225469658441,83.37766600001828,2.913296,0.7895211,0.6433333333333333,1.0,1.0,1.0
photocatalytic MOFs with suitable band gaps,q2_photocatalysis,45,LEA,2,qmof-ac6a77a,Zn4C76H44N8O16,1|1|1|1,0.8751666666666666,0.8455588029917751,0.01736169986613541,,0.9142411933056517,83.37766600001828,2.401359,0.82887956,0.6433333333333333,1.0,1.0,1.0
photocatalytic MOFs with suitable band gaps,q2_photocatalysis,45,LEA,3,qmof-c0f392b,Zn2C44H38N6O12,1|1|1|1,0.8751666666666666,0.8455588029917751,0.012649875790295608,,0.912999497898035,83.37766600001828,2.464185,0.915527725,0.6433333333333333,1.0,1.0,1.0
photocatalytic MOFs with suitable band gaps,q2_photocatalysis,45,LEA,4,qmof-13a76dd,Zn4C40H28N12O8,1|1|1|1,0.8751666666666666,0.8455588029917751,0.01762716783117313,,0.9127269690096145,83.37766600001828,3.309168,0.982716063,0.6433333333333333,1.0,1.0,1.0
photocatalytic MOFs with suitable band gaps,q2_photocatalysis,45,LEA,5,qmof-e566fbb,Zn2C36H22N6O8,1|1|1|1,0.8751666666666666,0.8455588029917751,0.013607678793501308,,0.9126535177353481,83.37766600001828,2.93315,0.83426434,0.6433333333333333,1.0,1.0,1.0
photocatalytic MOFs with suitable band gaps,q2_photocatalysis,45,LEA no diversity,1,qmof-cef46c3,Zn2C48H32N8O8,1|1|1|1,0.8751666666666666,0.8455588029917751,0.0,,0.9597225469658441,84.55858299998908,2.913296,0.7895211,0.6433333333333333,1.0,1.0,1.0
photocatalytic MOFs with suitable band gaps,q2_photocatalysis,45,LEA no diversity,2,qmof-ac6a77a,Zn4C76H44N8O16,1|1|1|1,0.8751666666666666,0.8455588029917751,0.01736169986613541,,0.9112136386114783,84.55858299998908,2.401359,0.82887956,0.6433333333333333,1.0,1.0,1.0
photocatalytic MOFs with suitable band gaps,q2_photocatalysis,45,LEA no diversity,3,qmof-c0f392b,Zn2C44H38N6O12,1|1|1|1,0.8751666666666666,0.8455588029917751,0.012649875790295608,,0.9108069097788927,84.55858299998908,2.464185,0.915527725,0.6433333333333333,1.0,1.0,1.0
photocatalytic MOFs with suitable band gaps,q2_photocatalysis,45,LEA no diversity,4,qmof-13a76dd,Zn4C40H28N12O8,1|1|1|1,0.8751666666666666,0.8455588029917751,0.01762716783117313,,0.9107173347951711,84.55858299998908,3.309168,0.982716063,0.6433333333333333,1.0,1.0,1.0
photocatalytic MOFs with suitable band gaps,q2_photocatalysis,45,LEA no diversity,5,qmof-e566fbb,Zn2C36H22N6O8,1|1|1|1,0.8751666666666666,0.8455588029917751,0.013607678793501308,,0.9106931739579267,84.55858299998908,2.93315,0.83426434,0.6433333333333333,1.0,1.0,1.0
photocatalytic MOFs with suitable band gaps,q2_photocatalysis,45,LEA no self-cleaning,1,qmof-cef46c3,Zn2C48H32N8O8,1|1|1|1,0.8751666666666666,0.8455588029917751,0.0,,0.9597225469658441,86.54245799999671,2.913296,0.7895211,0.6433333333333333,1.0,1.0,1.0
photocatalytic MOFs with suitable band gaps,q2_photocatalysis,45,LEA no self-cleaning,2,qmof-ac6a77a,Zn4C76H44N8O16,1|1|1|1,0.8751666666666666,0.8455588029917751,0.01736169986613541,,0.9142411933056517,86.54245799999671,2.401359,0.82887956,0.6433333333333333,1.0,1.0,1.0
photocatalytic MOFs with suitable band gaps,q2_photocatalysis,45,LEA no self-cleaning,3,qmof-c0f392b,Zn2C44H38N6O12,1|1|1|1,0.8751666666666666,0.8455588029917751,0.012649875790295608,,0.912999497898035,86.54245799999671,2.464185,0.915527725,0.6433333333333333,1.0,1.0,1.0
photocatalytic MOFs with suitable band gaps,q2_photocatalysis,45,LEA no self-cleaning,4,qmof-13a76dd,Zn4C40H28N12O8,1|1|1|1,0.8751666666666666,0.8455588029917751,0.01762716783117313,,0.9127269690096145,86.54245799999671,3.309168,0.982716063,0.6433333333333333,1.0,1.0,1.0
photocatalytic MOFs with suitable band gaps,q2_photocatalysis,45,LEA no self-cleaning,5,qmof-e566fbb,Zn2C36H22N6O8,1|1|1|1,0.8751666666666666,0.8455588029917751,0.013607678793501308,,0.9126535177353481,86.54245799999671,2.93315,0.83426434,0.6433333333333333,1.0,1.0,1.0
photocatalytic MOFs with suitable band gaps,q2_photocatalysis,45,GraphSAGE only,1,qmof-ac6a77a,Zn4C76H44N8O16,1|1|1|1,0.8751666666666666,0.8455588029917751,0.0,0.2567529519189189,0.8751666666666666,0.046499999996285624,2.401359,0.82887956,0.6433333333333333,1.0,1.0,1.0
photocatalytic MOFs with suitable band gaps,q2_photocatalysis,45,GraphSAGE only,2,qmof-13a76dd,Zn4C40H28N12O8,1|1|1|1,0.8751666666666666,0.8455588029917751,0.024587142061445556,0.25673107788369565,0.8751666666666666,0.046499999996285624,3.309168,0.982716063,0.6433333333333333,1.0,1.0,1.0
photocatalytic MOFs with suitable band gaps,q2_photocatalysis,45,GraphSAGE only,3,qmof-e566fbb,Zn2C36H22N6O8,1|1|1|1,0.8751666666666666,0.8455588029917751,0.016894984691351554,0.2563490934189189,0.8751666666666666,0.046499999996285624,2.93315,0.83426434,0.6433333333333333,1.0,1.0,1.0
photocatalytic MOFs with suitable band gaps,q2_photocatalysis,45,GraphSAGE only,4,qmof-cef46c3,Zn2C48H32N8O8,1|1|1|1,0.8751666666666666,0.8455588029917751,0.011707066035179967,0.2550716317857143,0.8751666666666666,0.046499999996285624,2.913296,0.7895211,0.6433333333333333,1.0,1.0,1.0
photocatalytic MOFs with suitable band gaps,q2_photocatalysis,45,GraphSAGE only,5,qmof-c0f392b,Zn2C44H38N6O12,1|1|1|1,0.8751666666666666,0.8455588029917751,0.014118840141140674,0.24506091082107842,0.8751666666666666,0.046499999996285624,2.464185,0.915527725,0.6433333333333333,1.0,1.0,1.0
photocatalytic MOFs with suitable band gaps,q2_photocatalysis,45,GAT only,1,qmof-13a76dd,Zn4C40H28N12O8,1|1|1|1,0.8751666666666666,0.8455588029917751,0.0,0.4066955434538043,0.8751666666666666,0.03858299999137671,3.309168,0.982716063,0.6433333333333333,1.0,1.0,1.0
photocatalytic MOFs with suitable band gaps,q2_photocatalysis,45,GAT only,2,qmof-e566fbb,Zn2C36H22N6O8,1|1|1|1,0.8751666666666666,0.8455588029917751,0.010646336186496847,0.38600964091216217,0.8751666666666666,0.03858299999137671,2.93315,0.83426434,0.6433333333333333,1.0,1.0,1.0
photocatalytic MOFs with suitable band gaps,q2_photocatalysis,45,GAT only,3,qmof-cef46c3,Zn2C48H32N8O8,1|1|1|1,0.8751666666666666,0.8455588029917751,0.008879749119702244,0.3846363647193877,0.8751666666666666,0.03858299999137671,2.913296,0.7895211,0.6433333333333333,1.0,1.0,1.0
photocatalytic MOFs with suitable band gaps,q2_photocatalysis,45,GAT only,4,qmof-ac6a77a,Zn4C76H44N8O16,1|1|1|1,0.8751666666666666,0.8455588029917751,0.021697491707929076,0.35443872966216217,0.8751666666666666,0.03858299999137671,2.401359,0.82887956,0.6433333333333333,1.0,1.0,1.0
photocatalytic MOFs with suitable band gaps,q2_photocatalysis,45,GAT only,5,qmof-c0f392b,Zn2C44H38N6O12,1|1|1|1,0.8751666666666666,0.8455588029917751,0.014118840141140673,0.3494541465992647,0.8751666666666666,0.03858299999137671,2.464185,0.915527725,0.6433333333333333,1.0,1.0,1.0
photocatalytic MOFs with suitable band gaps,q2_photocatalysis,45,LEA + GraphSAGE,1,qmof-ac6a77a,Zn4C76H44N8O16,1|1|1|1,0.8751666666666666,0.8455588029917751,0.0,0.2567529519189189,0.8528186246098414,83.83083300000749,2.401359,0.82887956,0.6433333333333333,1.0,1.0,1.0
photocatalytic MOFs with suitable band gaps,q2_photocatalysis,45,LEA + GraphSAGE,2,qmof-13a76dd,Zn4C40H28N12O8,1|1|1|1,0.8751666666666666,0.8455588029917751,0.024587142061445556,0.25673107788369565,0.8528145697636382,83.83083300000749,3.309168,0.982716063,0.6433333333333333,1.0,1.0,1.0
photocatalytic MOFs with suitable band gaps,q2_photocatalysis,45,LEA + GraphSAGE,3,qmof-e566fbb,Zn2C36H22N6O8,1|1|1|1,0.8751666666666666,0.8455588029917751,0.016894984691351554,0.2563490934189189,0.8527437594114767,83.83083300000749,2.93315,0.83426434,0.6433333333333333,1.0,1.0,1.0
photocatalytic MOFs with suitable band gaps,q2_photocatalysis,45,LEA + GraphSAGE,4,qmof-cef46c3,Zn2C48H32N8O8,1|1|1|1,0.8751666666666666,0.8455588029917751,0.011707066035179967,0.2550716317857143,0.8525069375571631,83.83083300000749,2.913296,0.7895211,0.6433333333333333,1.0,1.0,1.0
photocatalytic MOFs with suitable band gaps,q2_photocatalysis,45,LEA + GraphSAGE,5,qmof-c0f392b,Zn2C44H38N6O12,1|1|1|1,0.8751666666666666,0.8455588029917751,0.014118840141140674,0.24506091082107842,0.8506504476854159,83.83083300000749,2.464185,0.915527725,0.6433333333333333,1.0,1.0,1.0
photocatalytic MOFs with suitable band gaps,q2_photocatalysis,45,LEA + GAT,1,qmof-13a76dd,Zn4C40H28N12O8,1|1|1|1,0.8751666666666666,0.8455588029917751,0.0,0.4066955434538043,0.8804529107250473,82.52045800000474,3.309168,0.982716063,0.6433333333333333,1.0,1.0,1.0
photocatalytic MOFs with suitable band gaps,q2_photocatalysis,45,LEA + GAT,2,qmof-e566fbb,Zn2C36H22N6O8,1|1|1|1,0.8751666666666666,0.8455588029917751,0.010646336186496847,0.38600964091216217,0.8766630407847081,82.52045800000474,2.93315,0.83426434,0.6433333333333333,1.0,1.0,1.0
photocatalytic MOFs with suitable band gaps,q2_photocatalysis,45,LEA + GAT,3,qmof-cef46c3,Zn2C48H32N8O8,1|1|1|1,0.8751666666666666,0.8455588029917751,0.008879749119702244,0.3846363647193877,0.8764111434131872,82.52045800000474,2.913296,0.7895211,0.6433333333333333,1.0,1.0,1.0
photocatalytic MOFs with suitable band gaps,q2_photocatalysis,45,LEA + GAT,4,qmof-ac6a77a,Zn4C76H44N8O16,1|1|1|1,0.8751666666666666,0.8455588029917751,0.021697491707929076,0.35443872966216217,0.8708632669342328,82.52045800000474,2.401359,0.82887956,0.6433333333333333,1.0,1.0,1.0
photocatalytic MOFs with suitable band gaps,q2_photocatalysis,45,LEA + GAT,5,qmof-c0f392b,Zn2C44H38N6O12,1|1|1|1,0.8751666666666666,0.8455588029917751,0.014118840141140673,0.3494541465992647,0.8699459647164715,82.52045800000474,2.464185,0.915527725,0.6433333333333333,1.0,1.0,1.0
photocatalytic MOFs with suitable band gaps,q2_photocatalysis,46,SemanticOnly,1,qmof-fed171f,Cu2C34H32I2N8,1|1|1|1,0.7551666666666667,0.8599925597215157,0.0,,0.7551666666666667,0.03154199998789409,3.140349,1.942910225,0.6433333333333333,1.0,0.7,0.7
photocatalytic MOFs with suitable band gaps,q2_photocatalysis,46,SemanticOnly,2,qmof-fd1f953,Cu2C26H18N6O8,1|1|1|1,0.7551666666666667,0.8599925597215157,0.016169413006906382,,0.7551666666666667,0.03154199998789409,2.532128,1.868987904,0.6433333333333333,1.0,0.7,0.7
photocatalytic MOFs with suitable band gaps,q2_photocatalysis,46,SemanticOnly,3,qmof-f839aa6,Cu2C30H24N8O10S2,1|1|1|1,0.7551666666666667,0.8599925597215157,0.014630751958898201,,0.7551666666666667,0.03154199998789409,3.058718,1.626782066,0.6433333333333333,1.0,0.7,0.7
photocatalytic MOFs with suitable band gaps,q2_photocatalysis,46,SemanticOnly,4,qmof-f837f30,CuC40H24N6O6,1|1|1|1,0.7551666666666667,0.8599925597215157,0.014195251109851724,,0.7551666666666667,0.03154199998789409,2.84042,1.493300786,0.6433333333333333,1.0,0.7,0.7
photocatalytic MOFs with suitable band gaps,q2_photocatalysis,46,SemanticOnly,5,qmof-f7ad9cd,Cu2C16Cl4H24N12,1|1|1|1,0.7551666666666667,0.8599925597215157,0.01992674927864901,,0.7551666666666667,0.03154199998789409,3.427395,1.72952347,0.6433333333333333,1.0,0.7,0.7
photocatalytic MOFs with suitable band gaps,q2_photocatalysis,46,WeightedSum,1,qmof-e566fbb,Zn2C36H22N6O8,1|1|1|1,0.8751666666666666,0.8455588029917751,0.0,,0.8751666666666666,0.0464589999751297,2.93315,0.83426434,0.6433333333333333,1.0,1.0,1.0
photocatalytic MOFs with suitable band gaps,q2_photocatalysis,46,WeightedSum,2,qmof-cef46c3,Zn2C48H32N8O8,1|1|1|1,0.8751666666666666,0.8455588029917751,0.007206297341252901,,0.8751666666666666,0.0464589999751297,2.913296,0.7895211,0.6433333333333333,1.0,1.0,1.0
photocatalytic MOFs with suitable band gaps,q2_photocatalysis,46,WeightedSum,3,qmof-c0f392b,Zn2C44H38N6O12,1|1|1|1,0.8751666666666666,0.8455588029917751,0.012066926313604693,,0.8751666666666666,0.0464589999751297,2.464185,0.915527725,0.6433333333333333,1.0,1.0,1.0
photocatalytic MOFs with suitable band gaps,q2_photocatalysis,46,WeightedSum,4,qmof-ac6a77a,Zn4C76H44N8O16,1|1|1|1,0.8751666666666666,0.8455588029917751,0.018368560155257573,,0.8751666666666666,0.0464589999751297,2.401359,0.82887956,0.6433333333333333,1.0,1.0,1.0
photocatalytic MOFs with suitable band gaps,q2_photocatalysis,46,WeightedSum,5,qmof-13a76dd,Zn4C40H28N12O8,1|1|1|1,0.8751666666666666,0.8455588029917751,0.01588195992000406,,0.8751666666666666,0.0464589999751297,3.309168,0.982716063,0.6433333333333333,1.0,1.0,1.0
photocatalytic MOFs with suitable band gaps,q2_photocatalysis,46,TOPSIS,1,qmof-e566fbb,Zn2C36H22N6O8,1|1|1|1,0.8751666666666666,0.8455588029917751,0.0,,0.8751666666666666,0.9894160000101238,2.93315,0.83426434,0.6433333333333333,1.0,1.0,1.0
photocatalytic MOFs with suitable band gaps,q2_photocatalysis,46,TOPSIS,2,qmof-cef46c3,Zn2C48H32N8O8,1|1|1|1,0.8751666666666666,0.8455588029917751,0.007206297341252901,,0.8751666666666666,0.9894160000101238,2.913296,0.7895211,0.6433333333333333,1.0,1.0,1.0
photocatalytic MOFs with suitable band gaps,q2_photocatalysis,46,TOPSIS,3,qmof-c0f392b,Zn2C44H38N6O12,1|1|1|1,0.8751666666666666,0.8455588029917751,0.012066926313604693,,0.8751666666666666,0.9894160000101238,2.464185,0.915527725,0.6433333333333333,1.0,1.0,1.0
photocatalytic MOFs with suitable band gaps,q2_photocatalysis,46,TOPSIS,4,qmof-ac6a77a,Zn4C76H44N8O16,1|1|1|1,0.8751666666666666,0.8455588029917751,0.018368560155257573,,0.8751666666666666,0.9894160000101238,2.401359,0.82887956,0.6433333333333333,1.0,1.0,1.0
photocatalytic MOFs with suitable band gaps,q2_photocatalysis,46,TOPSIS,5,qmof-13a76dd,Zn4C40H28N12O8,1|1|1|1,0.8751666666666666,0.8455588029917751,0.01588195992000406,,0.8751666666666666,0.9894160000101238,3.309168,0.982716063,0.6433333333333333,1.0,1.0,1.0
photocatalytic MOFs with suitable band gaps,q2_photocatalysis,46,ParetoCrowding,1,qmof-ac6a77a,Zn4C76H44N8O16,1|1|1|1,0.8751666666666666,0.8455588029917751,0.0,,0.8751666666666666,221.04216700000734,2.401359,0.82887956,0.6433333333333333,1.0,1.0,1.0
photocatalytic MOFs with suitable band gaps,q2_photocatalysis,46,ParetoCrowding,2,qmof-cef46c3,Zn2C48H32N8O8,1|1|1|1,0.8751666666666666,0.8455588029917751,0.01736169986613541,,0.8751666666666666,221.04216700000734,2.913296,0.7895211,0.6433333333333333,1.0,1.0,1.0
photocatalytic MOFs with suitable band gaps,q2_photocatalysis,46,ParetoCrowding,3,qmof-e566fbb,Zn2C36H22N6O8,1|1|1|1,0.8751666666666666,0.8455588029917751,0.01517496526872958,,0.8751666666666666,221.04216700000734,2.93315,0.83426434,0.6433333333333333,1.0,1.0,1.0
photocatalytic MOFs with suitable band gaps,q2_photocatalysis,46,ParetoCrowding,4,qmof-c0f392b,Zn2C44H38N6O12,1|1|1|1,0.8751666666666666,0.8455588029917751,0.012911400010213481,,0.8751666666666666,221.04216700000734,2.464185,0.915527725,0.6433333333333333,1.0,1.0,1.0
photocatalytic MOFs with suitable band gaps,q2_photocatalysis,46,ParetoCrowding,5,qmof-13a76dd,Zn4C40H28N12O8,1|1|1|1,0.8751666666666666,0.8455588029917751,0.01588195992000406,,0.8751666666666666,221.04216700000734,3.309168,0.982716063,0.6433333333333333,1.0,1.0,1.0
photocatalytic MOFs with suitable band gaps,q2_photocatalysis,46,Random,1,qmof-1a901aa,Cd2C26H22N6O14,1|1|1|1,0.7551666666666667,0.8599925597215157,0.0,,0.7551666666666667,0.050375000000713044,2.611235,1.993047842,0.6433333333333333,1.0,0.7,0.7
photocatalytic MOFs with suitable band gaps,q2_photocatalysis,46,Random,2,qmof-1547f0e,Cu2C50H44I2N4P2,1|1|1|1,0.7551666666666667,0.8599925597215157,0.0253492921886104,,0.7551666666666667,0.050375000000713044,1.861861,1.618035866,0.6433333333333333,1.0,0.7,0.7
photocatalytic MOFs with suitable band gaps,q2_photocatalysis,46,Random,3,qmof-a457b47,Cd2C24Cl2H22N10O4,1|1|1|1,0.7551666666666667,0.8599925597215157,0.022907359420963183,,0.7551666666666667,0.050375000000713044,1.34542,1.809445487,0.6433333333333333,1.0,0.7,0.7
photocatalytic MOFs with suitable band gaps,q2_photocatalysis,46,Random,4,qmof-9fa0d98,Cu4C28H16N16O4,1|1|1|1,0.7551666666666667,0.8599925597215157,0.020351588532942486,,0.7551666666666667,0.050375000000713044,2.451271,1.811535811,0.6433333333333333,1.0,0.7,0.7
photocatalytic MOFs with suitable band gaps,q2_photocatalysis,46,Random,5,qmof-5e9a520,Cu6C18H24N24O18,1|1|1|1,0.7551666666666667,0.8599925597215157,0.027946650493187328,,0.7551666666666667,0.050375000000713044,3.084819,1.832865192,0.6433333333333333,1.0,0.7,0.7
photocatalytic MOFs with suitable band gaps,q2_photocatalysis,46,MMR,1,qmof-e566fbb,Zn2C36H22N6O8,1|1|1|1,0.8751666666666666,0.8455588029917751,0.0,,0.8751666666666666,2096.7605000000162,2.93315,0.83426434,0.6433333333333333,1.0,1.0,1.0
photocatalytic MOFs with suitable band gaps,q2_photocatalysis,46,MMR,2,qmof-ac6a77a,Zn4C76H44N8O16,1|1|1|1,0.8751666666666666,0.8455588029917751,0.02314363319620626,,0.8751666666666666,2096.7605000000162,2.401359,0.82887956,0.6433333333333333,1.0,1.0,1.0
photocatalytic MOFs with suitable band gaps,q2_photocatalysis,46,MMR,3,qmof-c0f392b,Zn2C44H38N6O12,1|1|1|1,0.8751666666666666,0.8455588029917751,0.01401739792674014,,0.8751666666666666,2096.7605000000162,2.464185,0.915527725,0.6433333333333333,1.0,1.0,1.0
photocatalytic MOFs with suitable band gaps,q2_photocatalysis,46,MMR,4,qmof-13a76dd,Zn4C40H28N12O8,1|1|1|1,0.8751666666666666,0.8455588029917751,0.017658212927288214,,0.8751666666666666,2096.7605000000162,3.309168,0.982716063,0.6433333333333333,1.0,1.0,1.0
photocatalytic MOFs with suitable band gaps,q2_photocatalysis,46,MMR,5,qmof-cef46c3,Zn2C48H32N8O8,1|1|1|1,0.8751666666666666,0.8455588029917751,0.011455150570675015,,0.8751666666666666,2096.7605000000162,2.913296,0.7895211,0.6433333333333333,1.0,1.0,1.0
photocatalytic MOFs with suitable band gaps,q2_photocatalysis,46,LEA,1,qmof-e566fbb,Zn2C36H22N6O8,1|1|1|1,0.8751666666666666,0.8455588029917751,0.0,,0.9597225469658441,83.8516249999941,2.93315,0.83426434,0.6433333333333333,1.0,1.0,1.0
photocatalytic MOFs with suitable band gaps,q2_photocatalysis,46,LEA,2,qmof-ac6a77a,Zn4C76H44N8O16,1|1|1|1,0.8751666666666666,0.8455588029917751,0.02314363319620626,,0.9141902296219147,83.8516249999941,2.401359,0.82887956,0.6433333333333333,1.0,1.0,1.0
photocatalytic MOFs with suitable band gaps,q2_photocatalysis,46,LEA,3,qmof-c0f392b,Zn2C44H38N6O12,1|1|1|1,0.8751666666666666,0.8455588029917751,0.01401739792674014,,0.9132130494624077,83.8516249999941,2.464185,0.915527725,0.6433333333333333,1.0,1.0,1.0
photocatalytic MOFs with suitable band gaps,q2_photocatalysis,46,LEA,4,qmof-13a76dd,Zn4C40H28N12O8,1|1|1|1,0.8751666666666666,0.8455588029917751,0.017658212927288214,,0.9129883687060371,83.8516249999941,3.309168,0.982716063,0.6433333333333333,1.0,1.0,1.0
photocatalytic MOFs with suitable band gaps,q2_photocatalysis,46,LEA,5,qmof-cef46c3,Zn2C48H32N8O8,1|1|1|1,0.8751666666666666,0.8455588029917751,0.011455150570675015,,0.9129674334890039,83.8516249999941,2.913296,0.7895211,0.6433333333333333,1.0,1.0,1.0
photocatalytic MOFs with suitable band gaps,q2_photocatalysis,46,LEA no diversity,1,qmof-e566fbb,Zn2C36H22N6O8,1|1|1|1,0.8751666666666666,0.8455588029917751,0.0,,0.9597225469658441,83.6408329999756,2.93315,0.83426434,0.6433333333333333,1.0,1.0,1.0
photocatalytic MOFs with suitable band gaps,q2_photocatalysis,46,LEA no diversity,2,qmof-ac6a77a,Zn4C76H44N8O16,1|1|1|1,0.8751666666666666,0.8455588029917751,0.02314363319620626,,0.9111969899247114,83.6408329999756,2.401359,0.82887956,0.6433333333333333,1.0,1.0,1.0
photocatalytic MOFs with suitable band gaps,q2_photocatalysis,46,LEA no diversity,3,qmof-c0f392b,Zn2C44H38N6O12,1|1|1|1,0.8751666666666666,0.8455588029917751,0.01401739792674014,,0.9108770231757802,83.6408329999756,2.464185,0.915527725,0.6433333333333333,1.0,1.0,1.0
photocatalytic MOFs with suitable band gaps,q2_photocatalysis,46,LEA no diversity,4,qmof-13a76dd,Zn4C40H28N12O8,1|1|1|1,0.8751666666666666,0.8455588029917751,0.017658212927288214,,0.9108032539829758,83.6408329999756,3.309168,0.982716063,0.6433333333333333,1.0,1.0,1.0
photocatalytic MOFs with suitable band gaps,q2_photocatalysis,46,LEA no diversity,5,qmof-cef46c3,Zn2C48H32N8O8,1|1|1|1,0.8751666666666666,0.8455588029917751,0.011455150570675015,,0.9107963765372478,83.6408329999756,2.913296,0.7895211,0.6433333333333333,1.0,1.0,1.0
photocatalytic MOFs with suitable band gaps,q2_photocatalysis,46,LEA no self-cleaning,1,qmof-e566fbb,Zn2C36H22N6O8,1|1|1|1,0.8751666666666666,0.8455588029917751,0.0,,0.9597225469658441,85.1038750000157,2.93315,0.83426434,0.6433333333333333,1.0,1.0,1.0
photocatalytic MOFs with suitable band gaps,q2_photocatalysis,46,LEA no self-cleaning,2,qmof-ac6a77a,Zn4C76H44N8O16,1|1|1|1,0.8751666666666666,0.8455588029917751,0.02314363319620626,,0.9141902296219147,85.1038750000157,2.401359,0.82887956,0.6433333333333333,1.0,1.0,1.0
photocatalytic MOFs with suitable band gaps,q2_photocatalysis,46,LEA no self-cleaning,3,qmof-c0f392b,Zn2C44H38N6O12,1|1|1|1,0.8751666666666666,0.8455588029917751,0.01401739792674014,,0.9132130494624077,85.1038750000157,2.464185,0.915527725,0.6433333333333333,1.0,1.0,1.0
photocatalytic MOFs with suitable band gaps,q2_photocatalysis,46,LEA no self-cleaning,4,qmof-13a76dd,Zn4C40H28N12O8,1|1|1|1,0.8751666666666666,0.8455588029917751,0.017658212927288214,,0.9129883687060371,85.1038750000157,3.309168,0.982716063,0.6433333333333333,1.0,1.0,1.0
photocatalytic MOFs with suitable band gaps,q2_photocatalysis,46,LEA no self-cleaning,5,qmof-cef46c3,Zn2C48H32N8O8,1|1|1|1,0.8751666666666666,0.8455588029917751,0.011455150570675015,,0.9129674334890039,85.1038750000157,2.913296,0.7895211,0.6433333333333333,1.0,1.0,1.0
photocatalytic MOFs with suitable band gaps,q2_photocatalysis,46,GraphSAGE only,1,qmof-ac6a77a,Zn4C76H44N8O16,1|1|1|1,0.8751666666666666,0.8455588029917751,0.0,0.2567529519189189,0.8751666666666666,0.04412499998807107,2.401359,0.82887956,0.6433333333333333,1.0,1.0,1.0
photocatalytic MOFs with suitable band gaps,q2_photocatalysis,46,GraphSAGE only,2,qmof-13a76dd,Zn4C40H28N12O8,1|1|1|1,0.8751666666666666,0.8455588029917751,0.024587142061445556,0.25673107788369565,0.8751666666666666,0.04412499998807107,3.309168,0.982716063,0.6433333333333333,1.0,1.0,1.0
photocatalytic MOFs with suitable band gaps,q2_photocatalysis,46,GraphSAGE only,3,qmof-e566fbb,Zn2C36H22N6O8,1|1|1|1,0.8751666666666666,0.8455588029917751,0.016894984691351554,0.2563490934189189,0.8751666666666666,0.04412499998807107,2.93315,0.83426434,0.6433333333333333,1.0,1.0,1.0
photocatalytic MOFs with suitable band gaps,q2_photocatalysis,46,GraphSAGE only,4,qmof-cef46c3,Zn2C48H32N8O8,1|1|1|1,0.8751666666666666,0.8455588029917751,0.011707066035179967,0.2550716317857143,0.8751666666666666,0.04412499998807107,2.913296,0.7895211,0.6433333333333333,1.0,1.0,1.0
photocatalytic MOFs with suitable band gaps,q2_photocatalysis,46,GraphSAGE only,5,qmof-c0f392b,Zn2C44H38N6O12,1|1|1|1,0.8751666666666666,0.8455588029917751,0.014118840141140674,0.24506091082107842,0.8751666666666666,0.04412499998807107,2.464185,0.915527725,0.6433333333333333,1.0,1.0,1.0
photocatalytic MOFs with suitable band gaps,q2_photocatalysis,46,GAT only,1,qmof-13a76dd,Zn4C40H28N12O8,1|1|1|1,0.8751666666666666,0.8455588029917751,0.0,0.4066955434538043,0.8751666666666666,0.04370799999264818,3.309168,0.982716063,0.6433333333333333,1.0,1.0,1.0
photocatalytic MOFs with suitable band gaps,q2_photocatalysis,46,GAT only,2,qmof-e566fbb,Zn2C36H22N6O8,1|1|1|1,0.8751666666666666,0.8455588029917751,0.010646336186496847,0.38600964091216217,0.8751666666666666,0.04370799999264818,2.93315,0.83426434,0.6433333333333333,1.0,1.0,1.0
photocatalytic MOFs with suitable band gaps,q2_photocatalysis,46,GAT only,3,qmof-cef46c3,Zn2C48H32N8O8,1|1|1|1,0.8751666666666666,0.8455588029917751,0.008879749119702244,0.3846363647193877,0.8751666666666666,0.04370799999264818,2.913296,0.7895211,0.6433333333333333,1.0,1.0,1.0
photocatalytic MOFs with suitable band gaps,q2_photocatalysis,46,GAT only,4,qmof-ac6a77a,Zn4C76H44N8O16,1|1|1|1,0.8751666666666666,0.8455588029917751,0.021697491707929076,0.35443872966216217,0.8751666666666666,0.04370799999264818,2.401359,0.82887956,0.6433333333333333,1.0,1.0,1.0
photocatalytic MOFs with suitable band gaps,q2_photocatalysis,46,GAT only,5,qmof-c0f392b,Zn2C44H38N6O12,1|1|1|1,0.8751666666666666,0.8455588029917751,0.014118840141140673,0.3494541465992647,0.8751666666666666,0.04370799999264818,2.464185,0.915527725,0.6433333333333333,1.0,1.0,1.0
photocatalytic MOFs with suitable band gaps,q2_photocatalysis,46,LEA + GraphSAGE,1,qmof-ac6a77a,Zn4C76H44N8O16,1|1|1|1,0.8751666666666666,0.8455588029917751,0.0,0.2567529519189189,0.8528186246098414,84.06116700001576,2.401359,0.82887956,0.6433333333333333,1.0,1.0,1.0
photocatalytic MOFs with suitable band gaps,q2_photocatalysis,46,LEA + GraphSAGE,2,qmof-13a76dd,Zn4C40H28N12O8,1|1|1|1,0.8751666666666666,0.8455588029917751,0.024587142061445556,0.25673107788369565,0.8528145697636382,84.06116700001576,3.309168,0.982716063,0.6433333333333333,1.0,1.0,1.0
photocatalytic MOFs with suitable band gaps,q2_photocatalysis,46,LEA + GraphSAGE,3,qmof-e566fbb,Zn2C36H22N6O8,1|1|1|1,0.8751666666666666,0.8455588029917751,0.016894984691351554,0.2563490934189189,0.8527437594114767,84.06116700001576,2.93315,0.83426434,0.6433333333333333,1.0,1.0,1.0
photocatalytic MOFs with suitable band gaps,q2_photocatalysis,46,LEA + GraphSAGE,4,qmof-cef46c3,Zn2C48H32N8O8,1|1|1|1,0.8751666666666666,0.8455588029917751,0.011707066035179967,0.2550716317857143,0.8525069375571631,84.06116700001576,2.913296,0.7895211,0.6433333333333333,1.0,1.0,1.0
photocatalytic MOFs with suitable band gaps,q2_photocatalysis,46,LEA + GraphSAGE,5,qmof-c0f392b,Zn2C44H38N6O12,1|1|1|1,0.8751666666666666,0.8455588029917751,0.014118840141140674,0.24506091082107842,0.8506504476854159,84.06116700001576,2.464185,0.915527725,0.6433333333333333,1.0,1.0,1.0
photocatalytic MOFs with suitable band gaps,q2_photocatalysis,46,LEA + GAT,1,qmof-13a76dd,Zn4C40H28N12O8,1|1|1|1,0.8751666666666666,0.8455588029917751,0.0,0.4066955434538043,0.8804529107250473,84.5069169999988,3.309168,0.982716063,0.6433333333333333,1.0,1.0,1.0
photocatalytic MOFs with suitable band gaps,q2_photocatalysis,46,LEA + GAT,2,qmof-e566fbb,Zn2C36H22N6O8,1|1|1|1,0.8751666666666666,0.8455588029917751,0.010646336186496847,0.38600964091216217,0.8766630407847081,84.5069169999988,2.93315,0.83426434,0.6433333333333333,1.0,1.0,1.0
photocatalytic MOFs with suitable band gaps,q2_photocatalysis,46,LEA + GAT,3,qmof-cef46c3,Zn2C48H32N8O8,1|1|1|1,0.8751666666666666,0.8455588029917751,0.008879749119702244,0.3846363647193877,0.8764111434131872,84.5069169999988,2.913296,0.7895211,0.6433333333333333,1.0,1.0,1.0
photocatalytic MOFs with suitable band gaps,q2_photocatalysis,46,LEA + GAT,4,qmof-ac6a77a,Zn4C76H44N8O16,1|1|1|1,0.8751666666666666,0.8455588029917751,0.021697491707929076,0.35443872966216217,0.8708632669342328,84.5069169999988,2.401359,0.82887956,0.6433333333333333,1.0,1.0,1.0
photocatalytic MOFs with suitable band gaps,q2_photocatalysis,46,LEA + GAT,5,qmof-c0f392b,Zn2C44H38N6O12,1|1|1|1,0.8751666666666666,0.8455588029917751,0.014118840141140673,0.3494541465992647,0.8699459647164715,84.5069169999988,2.464185,0.915527725,0.6433333333333333,1.0,1.0,1.0
photocatalytic MOFs with suitable band gaps,q2_photocatalysis,47,SemanticOnly,1,qmof-fd1f953,Cu2C26H18N6O8,1|1|1|1,0.7551666666666667,0.8599925597215157,0.0,,0.7551666666666667,0.03424999999879219,2.532128,1.868987904,0.6433333333333333,1.0,0.7,0.7
photocatalytic MOFs with suitable band gaps,q2_photocatalysis,47,SemanticOnly,2,qmof-fcfab15,Zn2C48H36N8O12,1|1|1|1,0.7551666666666667,0.8599925597215157,0.01972112351263781,,0.7551666666666667,0.03424999999879219,3.105757,1.544337866,0.6433333333333333,1.0,0.7,0.7
photocatalytic MOFs with suitable band gaps,q2_photocatalysis,47,SemanticOnly,3,qmof-fbbaa9a,Zn2C44H36N4O8,1|1|1|1,0.7551666666666667,0.8599925597215157,0.01259679077746571,,0.7551666666666667,0.03424999999879219,3.080504,1.463154202,0.6433333333333333,1.0,0.7,0.7
photocatalytic MOFs with suitable band gaps,q2_photocatalysis,47,SemanticOnly,4,qmof-f837f30,CuC40H24N6O6,1|1|1|1,0.7551666666666667,0.8599925597215157,0.011306871746062838,,0.7551666666666667,0.03424999999879219,2.84042,1.493300786,0.6433333333333333,1.0,0.7,0.7
photocatalytic MOFs with suitable band gaps,q2_photocatalysis,47,SemanticOnly,5,qmof-f5dbc93,Cd2C52F12H32N4O12,1|1|1|1,0.7551666666666667,0.8599925597215157,0.015518030188875926,,0.7551666666666667,0.03424999999879219,2.878806,1.743653025,0.6433333333333333,1.0,0.7,0.7
photocatalytic MOFs with suitable band gaps,q2_photocatalysis,47,WeightedSum,1,qmof-e566fbb,Zn2C36H22N6O8,1|1|1|1,0.8751666666666666,0.8455588029917751,0.0,,0.8751666666666666,0.04637500001081207,2.93315,0.83426434,0.6433333333333333,1.0,1.0,1.0
photocatalytic MOFs with suitable band gaps,q2_photocatalysis,47,WeightedSum,2,qmof-cef46c3,Zn2C48H32N8O8,1|1|1|1,0.8751666666666666,0.8455588029917751,0.007206297341252901,,0.8751666666666666,0.04637500001081207,2.913296,0.7895211,0.6433333333333333,1.0,1.0,1.0
photocatalytic MOFs with suitable band gaps,q2_photocatalysis,47,WeightedSum,3,qmof-c0f392b,Zn2C44H38N6O12,1|1|1|1,0.8751666666666666,0.8455588029917751,0.012066926313604693,,0.8751666666666666,0.04637500001081207,2.464185,0.915527725,0.6433333333333333,1.0,1.0,1.0
photocatalytic MOFs with suitable band gaps,q2_photocatalysis,47,WeightedSum,4,qmof-ac6a77a,Zn4C76H44N8O16,1|1|1|1,0.8751666666666666,0.8455588029917751,0.018368560155257573,,0.8751666666666666,0.04637500001081207,2.401359,0.82887956,0.6433333333333333,1.0,1.0,1.0
photocatalytic MOFs with suitable band gaps,q2_photocatalysis,47,WeightedSum,5,qmof-13a76dd,Zn4C40H28N12O8,1|1|1|1,0.8751666666666666,0.8455588029917751,0.01588195992000406,,0.8751666666666666,0.04637500001081207,3.309168,0.982716063,0.6433333333333333,1.0,1.0,1.0
photocatalytic MOFs with suitable band gaps,q2_photocatalysis,47,TOPSIS,1,qmof-e566fbb,Zn2C36H22N6O8,1|1|1|1,0.8751666666666666,0.8455588029917751,0.0,,0.8751666666666666,0.9986659999867697,2.93315,0.83426434,0.6433333333333333,1.0,1.0,1.0
photocatalytic MOFs with suitable band gaps,q2_photocatalysis,47,TOPSIS,2,qmof-cef46c3,Zn2C48H32N8O8,1|1|1|1,0.8751666666666666,0.8455588029917751,0.007206297341252901,,0.8751666666666666,0.9986659999867697,2.913296,0.7895211,0.6433333333333333,1.0,1.0,1.0
photocatalytic MOFs with suitable band gaps,q2_photocatalysis,47,TOPSIS,3,qmof-c0f392b,Zn2C44H38N6O12,1|1|1|1,0.8751666666666666,0.8455588029917751,0.012066926313604693,,0.8751666666666666,0.9986659999867697,2.464185,0.915527725,0.6433333333333333,1.0,1.0,1.0
photocatalytic MOFs with suitable band gaps,q2_photocatalysis,47,TOPSIS,4,qmof-ac6a77a,Zn4C76H44N8O16,1|1|1|1,0.8751666666666666,0.8455588029917751,0.018368560155257573,,0.8751666666666666,0.9986659999867697,2.401359,0.82887956,0.6433333333333333,1.0,1.0,1.0
photocatalytic MOFs with suitable band gaps,q2_photocatalysis,47,TOPSIS,5,qmof-13a76dd,Zn4C40H28N12O8,1|1|1|1,0.8751666666666666,0.8455588029917751,0.01588195992000406,,0.8751666666666666,0.9986659999867697,3.309168,0.982716063,0.6433333333333333,1.0,1.0,1.0
photocatalytic MOFs with suitable band gaps,q2_photocatalysis,47,ParetoCrowding,1,qmof-ac6a77a,Zn4C76H44N8O16,1|1|1|1,0.8751666666666666,0.8455588029917751,0.0,,0.8751666666666666,215.57962500000372,2.401359,0.82887956,0.6433333333333333,1.0,1.0,1.0
photocatalytic MOFs with suitable band gaps,q2_photocatalysis,47,ParetoCrowding,2,qmof-cef46c3,Zn2C48H32N8O8,1|1|1|1,0.8751666666666666,0.8455588029917751,0.01736169986613541,,0.8751666666666666,215.57962500000372,2.913296,0.7895211,0.6433333333333333,1.0,1.0,1.0
photocatalytic MOFs with suitable band gaps,q2_photocatalysis,47,ParetoCrowding,3,qmof-e566fbb,Zn2C36H22N6O8,1|1|1|1,0.8751666666666666,0.8455588029917751,0.01517496526872958,,0.8751666666666666,215.57962500000372,2.93315,0.83426434,0.6433333333333333,1.0,1.0,1.0
photocatalytic MOFs with suitable band gaps,q2_photocatalysis,47,ParetoCrowding,4,qmof-c0f392b,Zn2C44H38N6O12,1|1|1|1,0.8751666666666666,0.8455588029917751,0.012911400010213481,,0.8751666666666666,215.57962500000372,2.464185,0.915527725,0.6433333333333333,1.0,1.0,1.0
photocatalytic MOFs with suitable band gaps,q2_photocatalysis,47,ParetoCrowding,5,qmof-13a76dd,Zn4C40H28N12O8,1|1|1|1,0.8751666666666666,0.8455588029917751,0.01588195992000406,,0.8751666666666666,215.57962500000372,3.309168,0.982716063,0.6433333333333333,1.0,1.0,1.0
photocatalytic MOFs with suitable band gaps,q2_photocatalysis,47,Random,1,qmof-8ccd876,Cu2C16Cl4H12N16,1|1|1|1,0.7551666666666667,0.8599925597215157,0.0,,0.7551666666666667,0.04766700001823665,3.383301,1.917751718,0.6433333333333333,1.0,0.7,0.7
photocatalytic MOFs with suitable band gaps,q2_photocatalysis,47,Random,2,qmof-ba1edaa,Zn2C32H20O16,1|1|1|1,0.7551666666666667,0.8599925597215157,0.025982482087010705,,0.7551666666666667,0.04766700001823665,3.173971,1.846057273,0.6433333333333333,1.0,0.7,0.7
photocatalytic MOFs with suitable band gaps,q2_photocatalysis,47,Random,3,qmof-fcfab15,Zn2C48H36N8O12,1|1|1|1,0.7551666666666667,0.8599925597215157,0.021936638387823264,,0.7551666666666667,0.04766700001823665,3.105757,1.544337866,0.6433333333333333,1.0,0.7,0.7
photocatalytic MOFs with suitable band gaps,q2_photocatalysis,47,Random,4,qmof-5bdb017,Zn6C44H44N24O24S4,1|1|1|1,0.7551666666666667,0.8599925597215157,0.030002120991127756,,0.7551666666666667,0.04766700001823665,2.492125,1.99058821,0.6433333333333333,1.0,0.7,0.7
photocatalytic MOFs with suitable band gaps,q2_photocatalysis,47,Random,5,qmof-4d2d076,Cu4C56H40N8O12,1|1|1|1,0.7551666666666667,0.8599925597215157,0.041526414054494976,,0.7551666666666667,0.04766700001823665,1.094519,1.804269,0.6433333333333333,1.0,0.7,0.7
photocatalytic MOFs with suitable band gaps,q2_photocatalysis,47,MMR,1,qmof-13a76dd,Zn4C40H28N12O8,1|1|1|1,0.8751666666666666,0.8455588029917751,0.0,,0.8751666666666666,2106.592500000005,3.309168,0.982716063,0.6433333333333333,1.0,1.0,1.0
photocatalytic MOFs with suitable band gaps,q2_photocatalysis,47,MMR,2,qmof-ac6a77a,Zn4C76H44N8O16,1|1|1|1,0.8751666666666666,0.8455588029917751,0.024587142061445556,,0.8751666666666666,2106.592500000005,2.401359,0.82887956,0.6433333333333333,1.0,1.0,1.0
photocatalytic MOFs with suitable band gaps,q2_photocatalysis,47,MMR,3,qmof-c0f392b,Zn2C44H38N6O12,1|1|1|1,0.8751666666666666,0.8455588029917751,0.016170753968676652,,0.8751666666666666,2106.592500000005,2.464185,0.915527725,0.6433333333333333,1.0,1.0,1.0
photocatalytic MOFs with suitable band gaps,q2_photocatalysis,47,MMR,4,qmof-e566fbb,Zn2C36H22N6O8,1|1|1|1,0.8751666666666666,0.8455588029917751,0.015741472610917445,,0.8751666666666666,2106.592500000005,2.93315,0.83426434,0.6433333333333333,1.0,1.0,1.0
photocatalytic MOFs with suitable band gaps,q2_photocatalysis,47,MMR,5,qmof-cef46c3,Zn2C48H32N8O8,1|1|1|1,0.8751666666666666,0.8455588029917751,0.011455150570675017,,0.8751666666666666,2106.592500000005,2.913296,0.7895211,0.6433333333333333,1.0,1.0,1.0
photocatalytic MOFs with suitable band gaps,q2_photocatalysis,47,LEA,1,qmof-13a76dd,Zn4C40H28N12O8,1|1|1|1,0.8751666666666666,0.8455588029917751,0.0,,0.9597225469658441,85.9094589999927,3.309168,0.982716063,0.6433333333333333,1.0,1.0,1.0
photocatalytic MOFs with suitable band gaps,q2_photocatalysis,47,LEA,2,qmof-ac6a77a,Zn4C76H44N8O16,1|1|1|1,0.8751666666666666,0.8455588029917751,0.024587142061445556,,0.9139656797298598,85.9094589999927,2.401359,0.82887956,0.6433333333333333,1.0,1.0,1.0
photocatalytic MOFs with suitable band gaps,q2_photocatalysis,47,LEA,3,qmof-c0f392b,Zn2C44H38N6O12,1|1|1|1,0.8751666666666666,0.8455588029917751,0.016170753968676652,,0.912787408512653,85.9094589999927,2.464185,0.915527725,0.6433333333333333,1.0,1.0,1.0
photocatalytic MOFs with suitable band gaps,q2_photocatalysis,47,LEA,4,qmof-cef46c3,Zn2C48H32N8O8,1|1|1|1,0.8751666666666666,0.8455588029917751,0.012871434980482389,,0.9123854419710901,85.9094589999927,2.913296,0.7895211,0.6433333333333333,1.0,1.0,1.0
photocatalytic MOFs with suitable band gaps,q2_photocatalysis,47,LEA,5,qmof-e566fbb,Zn2C36H22N6O8,1|1|1|1,0.8751666666666666,0.8455588029917751,0.013607678793501308,,0.9122903581158136,85.9094589999927,2.93315,0.83426434,0.6433333333333333,1.0,1.0,1.0
photocatalytic MOFs with suitable band gaps,q2_photocatalysis,47,LEA no diversity,1,qmof-13a76dd,Zn4C40H28N12O8,1|1|1|1,0.8751666666666666,0.8455588029917751,0.0,,0.9597225469658441,83.74608400001193,3.309168,0.982716063,0.6433333333333333,1.0,1.0,1.0
photocatalytic MOFs with suitable band gaps,q2_photocatalysis,47,LEA no diversity,2,qmof-ac6a77a,Zn4C76H44N8O16,1|1|1|1,0.8751666666666666,0.8455588029917751,0.024587142061445556,,0.9111235887225008,83.74608400001193,2.401359,0.82887956,0.6433333333333333,1.0,1.0,1.0
photocatalytic MOFs with suitable band gaps,q2_photocatalysis,47,LEA no diversity,3,qmof-c0f392b,Zn2C44H38N6O12,1|1|1|1,0.8751666666666666,0.8455588029917751,0.016170753968676652,,0.9107372095867432,83.74608400001193,2.464185,0.915527725,0.6433333333333333,1.0,1.0,1.0
photocatalytic MOFs with suitable band gaps,q2_photocatalysis,47,LEA no diversity,4,qmof-cef46c3,Zn2C48H32N8O8,1|1|1|1,0.8751666666666666,0.8455588029917751,0.012871434980482389,,0.9106049261265821,83.74608400001193,2.913296,0.7895211,0.6433333333333333,1.0,1.0,1.0
photocatalytic MOFs with suitable band gaps,q2_photocatalysis,47,LEA no diversity,5,qmof-e566fbb,Zn2C36H22N6O8,1|1|1|1,0.8751666666666666,0.8455588029917751,0.013607678793501308,,0.9105735999073074,83.74608400001193,2.93315,0.83426434,0.6433333333333333,1.0,1.0,1.0
photocatalytic MOFs with suitable band gaps,q2_photocatalysis,47,LEA no self-cleaning,1,qmof-13a76dd,Zn4C40H28N12O8,1|1|1|1,0.8751666666666666,0.8455588029917751,0.0,,0.9597225469658441,81.90520900001275,3.309168,0.982716063,0.6433333333333333,1.0,1.0,1.0
photocatalytic MOFs with suitable band gaps,q2_photocatalysis,47,LEA no self-cleaning,2,qmof-ac6a77a,Zn4C76H44N8O16,1|1|1|1,0.8751666666666666,0.8455588029917751,0.024587142061445556,,0.9139656797298598,81.90520900001275,2.401359,0.82887956,0.6433333333333333,1.0,1.0,1.0
photocatalytic MOFs with suitable band gaps,q2_photocatalysis,47,LEA no self-cleaning,3,qmof-c0f392b,Zn2C44H38N6O12,1|1|1|1,0.8751666666666666,0.8455588029917751,0.016170753968676652,,0.912787408512653,81.90520900001275,2.464185,0.915527725,0.6433333333333333,1.0,1.0,1.0
photocatalytic MOFs with suitable band gaps,q2_photocatalysis,47,LEA no self-cleaning,4,qmof-cef46c3,Zn2C48H32N8O8,1|1|1|1,0.8751666666666666,0.8455588029917751,0.012871434980482389,,0.9123854419710901,81.90520900001275,2.913296,0.7895211,0.6433333333333333,1.0,1.0,1.0
photocatalytic MOFs with suitable band gaps,q2_photocatalysis,47,LEA no self-cleaning,5,qmof-e566fbb,Zn2C36H22N6O8,1|1|1|1,0.8751666666666666,0.8455588029917751,0.013607678793501308,,0.9122903581158136,81.90520900001275,2.93315,0.83426434,0.6433333333333333,1.0,1.0,1.0
photocatalytic MOFs with suitable band gaps,q2_photocatalysis,47,GraphSAGE only,1,qmof-ac6a77a,Zn4C76H44N8O16,1|1|1|1,0.8751666666666666,0.8455588029917751,0.0,0.2567529519189189,0.8751666666666666,0.038291999999273685,2.401359,0.82887956,0.6433333333333333,1.0,1.0,1.0
photocatalytic MOFs with suitable band gaps,q2_photocatalysis,47,GraphSAGE only,2,qmof-13a76dd,Zn4C40H28N12O8,1|1|1|1,0.8751666666666666,0.8455588029917751,0.024587142061445556,0.25673107788369565,0.8751666666666666,0.038291999999273685,3.309168,0.982716063,0.6433333333333333,1.0,1.0,1.0
photocatalytic MOFs with suitable band gaps,q2_photocatalysis,47,GraphSAGE only,3,qmof-e566fbb,Zn2C36H22N6O8,1|1|1|1,0.8751666666666666,0.8455588029917751,0.016894984691351554,0.2563490934189189,0.8751666666666666,0.038291999999273685,2.93315,0.83426434,0.6433333333333333,1.0,1.0,1.0
photocatalytic MOFs with suitable band gaps,q2_photocatalysis,47,GraphSAGE only,4,qmof-cef46c3,Zn2C48H32N8O8,1|1|1|1,0.8751666666666666,0.8455588029917751,0.011707066035179967,0.2550716317857143,0.8751666666666666,0.038291999999273685,2.913296,0.7895211,0.6433333333333333,1.0,1.0,1.0
photocatalytic MOFs with suitable band gaps,q2_photocatalysis,47,GraphSAGE only,5,qmof-c0f392b,Zn2C44H38N6O12,1|1|1|1,0.8751666666666666,0.8455588029917751,0.014118840141140674,0.24506091082107842,0.8751666666666666,0.038291999999273685,2.464185,0.915527725,0.6433333333333333,1.0,1.0,1.0
photocatalytic MOFs with suitable band gaps,q2_photocatalysis,47,GAT only,1,qmof-13a76dd,Zn4C40H28N12O8,1|1|1|1,0.8751666666666666,0.8455588029917751,0.0,0.4066955434538043,0.8751666666666666,0.03487500001142507,3.309168,0.982716063,0.6433333333333333,1.0,1.0,1.0
photocatalytic MOFs with suitable band gaps,q2_photocatalysis,47,GAT only,2,qmof-e566fbb,Zn2C36H22N6O8,1|1|1|1,0.8751666666666666,0.8455588029917751,0.010646336186496847,0.38600964091216217,0.8751666666666666,0.03487500001142507,2.93315,0.83426434,0.6433333333333333,1.0,1.0,1.0
photocatalytic MOFs with suitable band gaps,q2_photocatalysis,47,GAT only,3,qmof-cef46c3,Zn2C48H32N8O8,1|1|1|1,0.8751666666666666,0.8455588029917751,0.008879749119702244,0.3846363647193877,0.8751666666666666,0.03487500001142507,2.913296,0.7895211,0.6433333333333333,1.0,1.0,1.0
photocatalytic MOFs with suitable band gaps,q2_photocatalysis,47,GAT only,4,qmof-ac6a77a,Zn4C76H44N8O16,1|1|1|1,0.8751666666666666,0.8455588029917751,0.021697491707929076,0.35443872966216217,0.8751666666666666,0.03487500001142507,2.401359,0.82887956,0.6433333333333333,1.0,1.0,1.0
photocatalytic MOFs with suitable band gaps,q2_photocatalysis,47,GAT only,5,qmof-c0f392b,Zn2C44H38N6O12,1|1|1|1,0.8751666666666666,0.8455588029917751,0.014118840141140673,0.3494541465992647,0.8751666666666666,0.03487500001142507,2.464185,0.915527725,0.6433333333333333,1.0,1.0,1.0
photocatalytic MOFs with suitable band gaps,q2_photocatalysis,47,LEA + GraphSAGE,1,qmof-ac6a77a,Zn4C76H44N8O16,1|1|1|1,0.8751666666666666,0.8455588029917751,0.0,0.2567529519189189,0.8528186246098414,89.40900000001761,2.401359,0.82887956,0.6433333333333333,1.0,1.0,1.0
photocatalytic MOFs with suitable band gaps,q2_photocatalysis,47,LEA + GraphSAGE,2,qmof-13a76dd,Zn4C40H28N12O8,1|1|1|1,0.8751666666666666,0.8455588029917751,0.024587142061445556,0.25673107788369565,0.8528145697636382,89.40900000001761,3.309168,0.982716063,0.6433333333333333,1.0,1.0,1.0
photocatalytic MOFs with suitable band gaps,q2_photocatalysis,47,LEA + GraphSAGE,3,qmof-e566fbb,Zn2C36H22N6O8,1|1|1|1,0.8751666666666666,0.8455588029917751,0.016894984691351554,0.2563490934189189,0.8527437594114767,89.40900000001761,2.93315,0.83426434,0.6433333333333333,1.0,1.0,1.0
photocatalytic MOFs with suitable band gaps,q2_photocatalysis,47,LEA + GraphSAGE,4,qmof-cef46c3,Zn2C48H32N8O8,1|1|1|1,0.8751666666666666,0.8455588029917751,0.011707066035179967,0.2550716317857143,0.8525069375571631,89.40900000001761,2.913296,0.7895211,0.6433333333333333,1.0,1.0,1.0
photocatalytic MOFs with suitable band gaps,q2_photocatalysis,47,LEA + GraphSAGE,5,qmof-c0f392b,Zn2C44H38N6O12,1|1|1|1,0.8751666666666666,0.8455588029917751,0.014118840141140674,0.24506091082107842,0.8506504476854159,89.40900000001761,2.464185,0.915527725,0.6433333333333333,1.0,1.0,1.0
photocatalytic MOFs with suitable band gaps,q2_photocatalysis,47,LEA + GAT,1,qmof-13a76dd,Zn4C40H28N12O8,1|1|1|1,0.8751666666666666,0.8455588029917751,0.0,0.4066955434538043,0.8804529107250473,87.22966700000256,3.309168,0.982716063,0.6433333333333333,1.0,1.0,1.0
photocatalytic MOFs with suitable band gaps,q2_photocatalysis,47,LEA + GAT,2,qmof-e566fbb,Zn2C36H22N6O8,1|1|1|1,0.8751666666666666,0.8455588029917751,0.010646336186496847,0.38600964091216217,0.8766630407847081,87.22966700000256,2.93315,0.83426434,0.6433333333333333,1.0,1.0,1.0
photocatalytic MOFs with suitable band gaps,q2_photocatalysis,47,LEA + GAT,3,qmof-cef46c3,Zn2C48H32N8O8,1|1|1|1,0.8751666666666666,0.8455588029917751,0.008879749119702244,0.3846363647193877,0.8764111434131872,87.22966700000256,2.913296,0.7895211,0.6433333333333333,1.0,1.0,1.0
photocatalytic MOFs with suitable band gaps,q2_photocatalysis,47,LEA + GAT,4,qmof-ac6a77a,Zn4C76H44N8O16,1|1|1|1,0.8751666666666666,0.8455588029917751,0.021697491707929076,0.35443872966216217,0.8708632669342328,87.22966700000256,2.401359,0.82887956,0.6433333333333333,1.0,1.0,1.0
photocatalytic MOFs with suitable band gaps,q2_photocatalysis,47,LEA + GAT,5,qmof-c0f392b,Zn2C44H38N6O12,1|1|1|1,0.8751666666666666,0.8455588029917751,0.014118840141140673,0.3494541465992647,0.8699459647164715,87.22966700000256,2.464185,0.915527725,0.6433333333333333,1.0,1.0,1.0
photocatalytic MOFs with suitable band gaps,q2_photocatalysis,48,SemanticOnly,1,qmof-fe8ea01,Zn2C40H36N8O8,1|1|1|1,0.7551666666666667,0.8599925597215157,0.0,,0.7551666666666667,0.03566700002011203,3.249137,1.637189196,0.6433333333333333,1.0,0.7,0.7
photocatalytic MOFs with suitable band gaps,q2_photocatalysis,48,SemanticOnly,2,qmof-fc77380,Cu2C28H32N12S4,1|1|1|1,0.7551666666666667,0.8599925597215157,0.009788803488304538,,0.7551666666666667,0.03566700002011203,3.17955,1.566151657,0.6433333333333333,1.0,0.7,0.7
photocatalytic MOFs with suitable band gaps,q2_photocatalysis,48,SemanticOnly,3,qmof-f7fed86,Cu2C22H26N10O8,1|1|1|1,0.7551666666666667,0.8599925597215157,0.011098899227124138,,0.7551666666666667,0.03566700002011203,2.906202,1.619705439,0.6433333333333333,1.0,0.7,0.7
photocatalytic MOFs with suitable band gaps,q2_photocatalysis,48,SemanticOnly,4,qmof-f5de41a,Zn2C20H24N4O10,1|1|1|1,0.7551666666666667,0.8599925597215157,0.011570602258896744,,0.7551666666666667,0.03566700002011203,2.933746,1.474113097,0.6433333333333333,1.0,0.7,0.7
photocatalytic MOFs with suitable band gaps,q2_photocatalysis,48,SemanticOnly,5,qmof-f522cce,Cu2C34H26N2O20S2,1|1|1|1,0.7551666666666667,0.8599925597215157,0.016600607381310032,,0.7551666666666667,0.03566700002011203,3.270794,1.84262288,0.6433333333333333,1.0,0.7,0.7
photocatalytic MOFs with suitable band gaps,q2_photocatalysis,48,WeightedSum,1,qmof-e566fbb,Zn2C36H22N6O8,1|1|1|1,0.8751666666666666,0.8455588029917751,0.0,,0.8751666666666666,0.05387499999187639,2.93315,0.83426434,0.6433333333333333,1.0,1.0,1.0
photocatalytic MOFs with suitable band gaps,q2_photocatalysis,48,WeightedSum,2,qmof-cef46c3,Zn2C48H32N8O8,1|1|1|1,0.8751666666666666,0.8455588029917751,0.007206297341252901,,0.8751666666666666,0.05387499999187639,2.913296,0.7895211,0.6433333333333333,1.0,1.0,1.0
photocatalytic MOFs with suitable band gaps,q2_photocatalysis,48,WeightedSum,3,qmof-c0f392b,Zn2C44H38N6O12,1|1|1|1,0.8751666666666666,0.8455588029917751,0.012066926313604693,,0.8751666666666666,0.05387499999187639,2.464185,0.915527725,0.6433333333333333,1.0,1.0,1.0
photocatalytic MOFs with suitable band gaps,q2_photocatalysis,48,WeightedSum,4,qmof-ac6a77a,Zn4C76H44N8O16,1|1|1|1,0.8751666666666666,0.8455588029917751,0.018368560155257573,,0.8751666666666666,0.05387499999187639,2.401359,0.82887956,0.6433333333333333,1.0,1.0,1.0
photocatalytic MOFs with suitable band gaps,q2_photocatalysis,48,WeightedSum,5,qmof-13a76dd,Zn4C40H28N12O8,1|1|1|1,0.8751666666666666,0.8455588029917751,0.01588195992000406,,0.8751666666666666,0.05387499999187639,3.309168,0.982716063,0.6433333333333333,1.0,1.0,1.0
photocatalytic MOFs with suitable band gaps,q2_photocatalysis,48,TOPSIS,1,qmof-e566fbb,Zn2C36H22N6O8,1|1|1|1,0.8751666666666666,0.8455588029917751,0.0,,0.8751666666666666,1.1428749999993215,2.93315,0.83426434,0.6433333333333333,1.0,1.0,1.0
photocatalytic MOFs with suitable band gaps,q2_photocatalysis,48,TOPSIS,2,qmof-cef46c3,Zn2C48H32N8O8,1|1|1|1,0.8751666666666666,0.8455588029917751,0.007206297341252901,,0.8751666666666666,1.1428749999993215,2.913296,0.7895211,0.6433333333333333,1.0,1.0,1.0
photocatalytic MOFs with suitable band gaps,q2_photocatalysis,48,TOPSIS,3,qmof-c0f392b,Zn2C44H38N6O12,1|1|1|1,0.8751666666666666,0.8455588029917751,0.012066926313604693,,0.8751666666666666,1.1428749999993215,2.464185,0.915527725,0.6433333333333333,1.0,1.0,1.0
photocatalytic MOFs with suitable band gaps,q2_photocatalysis,48,TOPSIS,4,qmof-ac6a77a,Zn4C76H44N8O16,1|1|1|1,0.8751666666666666,0.8455588029917751,0.018368560155257573,,0.8751666666666666,1.1428749999993215,2.401359,0.82887956,0.6433333333333333,1.0,1.0,1.0
photocatalytic MOFs with suitable band gaps,q2_photocatalysis,48,TOPSIS,5,qmof-13a76dd,Zn4C40H28N12O8,1|1|1|1,0.8751666666666666,0.8455588029917751,0.01588195992000406,,0.8751666666666666,1.1428749999993215,3.309168,0.982716063,0.6433333333333333,1.0,1.0,1.0
photocatalytic MOFs with suitable band gaps,q2_photocatalysis,48,ParetoCrowding,1,qmof-ac6a77a,Zn4C76H44N8O16,1|1|1|1,0.8751666666666666,0.8455588029917751,0.0,,0.8751666666666666,223.21845799999096,2.401359,0.82887956,0.6433333333333333,1.0,1.0,1.0
photocatalytic MOFs with suitable band gaps,q2_photocatalysis,48,ParetoCrowding,2,qmof-cef46c3,Zn2C48H32N8O8,1|1|1|1,0.8751666666666666,0.8455588029917751,0.01736169986613541,,0.8751666666666666,223.21845799999096,2.913296,0.7895211,0.6433333333333333,1.0,1.0,1.0
photocatalytic MOFs with suitable band gaps,q2_photocatalysis,48,ParetoCrowding,3,qmof-e566fbb,Zn2C36H22N6O8,1|1|1|1,0.8751666666666666,0.8455588029917751,0.01517496526872958,,0.8751666666666666,223.21845799999096,2.93315,0.83426434,0.6433333333333333,1.0,1.0,1.0
photocatalytic MOFs with suitable band gaps,q2_photocatalysis,48,ParetoCrowding,4,qmof-c0f392b,Zn2C44H38N6O12,1|1|1|1,0.8751666666666666,0.8455588029917751,0.012911400010213481,,0.8751666666666666,223.21845799999096,2.464185,0.915527725,0.6433333333333333,1.0,1.0,1.0
photocatalytic MOFs with suitable band gaps,q2_photocatalysis,48,ParetoCrowding,5,qmof-13a76dd,Zn4C40H28N12O8,1|1|1|1,0.8751666666666666,0.8455588029917751,0.01588195992000406,,0.8751666666666666,223.21845799999096,3.309168,0.982716063,0.6433333333333333,1.0,1.0,1.0
photocatalytic MOFs with suitable band gaps,q2_photocatalysis,48,Random,1,qmof-95dc237,ZnC36H30N8O10,1|1|1|1,0.7551666666666667,0.8599925597215157,0.0,,0.7551666666666667,0.047832999996444414,2.676038,1.510993694,0.6433333333333333,1.0,0.7,0.7
photocatalytic MOFs with suitable band gaps,q2_photocatalysis,48,Random,2,qmof-6f21ecc,Zn4C68H40N8O12,1|1|1|1,0.7551666666666667,0.8599925597215157,0.016193521033484433,,0.7551666666666667,0.047832999996444414,2.655248,1.289280769,0.6433333333333333,1.0,0.7,0.7
photocatalytic MOFs with suitable band gaps,q2_photocatalysis,48,Random,3,qmof-a7de9ff,Cu2C44H48N4O8,1|1|1|1,0.7551666666666667,0.8599925597215157,0.01644820720046368,,0.7551666666666667,0.047832999996444414,3.273972,1.338864134,0.6433333333333333,1.0,0.7,0.7
photocatalytic MOFs with suitable band gaps,q2_photocatalysis,48,Random,4,qmof-f522cce,Cu2C34H26N2O20S2,1|1|1|1,0.7551666666666667,0.8599925597215157,0.021620455982718344,,0.7551666666666667,0.047832999996444414,3.270794,1.84262288,0.6433333333333333,1.0,0.7,0.7
photocatalytic MOFs with suitable band gaps,q2_photocatalysis,48,Random,5,qmof-d14d764,Zn2C50H38N6O12,1|1|1|1,0.7551666666666667,0.8599925597215157,0.01238428295263955,,0.7551666666666667,0.047832999996444414,2.780664,1.553609614,0.6433333333333333,1.0,0.7,0.7
photocatalytic MOFs with suitable band gaps,q2_photocatalysis,48,MMR,1,qmof-e566fbb,Zn2C36H22N6O8,1|1|1|1,0.8751666666666666,0.8455588029917751,0.0,,0.8751666666666666,2145.323999999988,2.93315,0.83426434,0.6433333333333333,1.0,1.0,1.0
photocatalytic MOFs with suitable band gaps,q2_photocatalysis,48,MMR,2,qmof-ac6a77a,Zn4C76H44N8O16,1|1|1|1,0.8751666666666666,0.8455588029917751,0.02314363319620626,,0.8751666666666666,2145.323999999988,2.401359,0.82887956,0.6433333333333333,1.0,1.0,1.0
photocatalytic MOFs with suitable band gaps,q2_photocatalysis,48,MMR,3,qmof-c0f392b,Zn2C44H38N6O12,1|1|1|1,0.8751666666666666,0.8455588029917751,0.01401739792674014,,0.8751666666666666,2145.323999999988,2.464185,0.915527725,0.6433333333333333,1.0,1.0,1.0
photocatalytic MOFs with suitable band gaps,q2_photocatalysis,48,MMR,4,qmof-13a76dd,Zn4C40H28N12O8,1|1|1|1,0.8751666666666666,0.8455588029917751,0.017658212927288214,,0.8751666666666666,2145.323999999988,3.309168,0.982716063,0.6433333333333333,1.0,1.0,1.0
photocatalytic MOFs with suitable band gaps,q2_photocatalysis,48,MMR,5,qmof-cef46c3,Zn2C48H32N8O8,1|1|1|1,0.8751666666666666,0.8455588029917751,0.011455150570675015,,0.8751666666666666,2145.323999999988,2.913296,0.7895211,0.6433333333333333,1.0,1.0,1.0
photocatalytic MOFs with suitable band gaps,q2_photocatalysis,48,LEA,1,qmof-e566fbb,Zn2C36H22N6O8,1|1|1|1,0.8751666666666666,0.8455588029917751,0.0,,0.9597225469658441,100.98500000000854,2.93315,0.83426434,0.6433333333333333,1.0,1.0,1.0
photocatalytic MOFs with suitable band gaps,q2_photocatalysis,48,LEA,2,qmof-ac6a77a,Zn4C76H44N8O16,1|1|1|1,0.8751666666666666,0.8455588029917751,0.02314363319620626,,0.9132103573902038,100.98500000000854,2.401359,0.82887956,0.6433333333333333,1.0,1.0,1.0
photocatalytic MOFs with suitable band gaps,q2_photocatalysis,48,LEA,3,qmof-13a76dd,Zn4C40H28N12O8,1|1|1|1,0.8751666666666666,0.8455588029917751,0.0176167391239712,,0.9129379885978731,100.98500000000854,3.309168,0.982716063,0.6433333333333333,1.0,1.0,1.0
photocatalytic MOFs with suitable band gaps,q2_photocatalysis,48,LEA,4,qmof-cef46c3,Zn2C48H32N8O8,1|1|1|1,0.8751666666666666,0.8455588029917751,0.011707066035179967,,0.9125737037219502,100.98500000000854,2.913296,0.7895211,0.6433333333333333,1.0,1.0,1.0
photocatalytic MOFs with suitable band gaps,q2_photocatalysis,48,LEA,5,qmof-c0f392b,Zn2C44H38N6O12,1|1|1|1,0.8751666666666666,0.8455588029917751,0.014118840141140674,,0.9125719439268294,100.98500000000854,2.464185,0.915527725,0.6433333333333333,1.0,1.0,1.0
photocatalytic MOFs with suitable band gaps,q2_photocatalysis,48,LEA no diversity,1,qmof-e566fbb,Zn2C36H22N6O8,1|1|1|1,0.8751666666666666,0.8455588029917751,0.0,,0.9597225469658441,89.11066699999992,2.93315,0.83426434,0.6433333333333333,1.0,1.0,1.0
photocatalytic MOFs with suitable band gaps,q2_photocatalysis,48,LEA no diversity,2,qmof-ac6a77a,Zn4C76H44N8O16,1|1|1|1,0.8751666666666666,0.8455588029917751,0.02314363319620626,,0.9108761397331853,89.11066699999992,2.401359,0.82887956,0.6433333333333333,1.0,1.0,1.0
photocatalytic MOFs with suitable band gaps,q2_photocatalysis,48,LEA no diversity,3,qmof-13a76dd,Zn4C40H28N12O8,1|1|1|1,0.8751666666666666,0.8455588029917751,0.0176167391239712,,0.9107867024726656,89.11066699999992,3.309168,0.982716063,0.6433333333333333,1.0,1.0,1.0
photocatalytic MOFs with suitable band gaps,q2_photocatalysis,48,LEA no diversity,4,qmof-cef46c3,Zn2C48H32N8O8,1|1|1|1,0.8751666666666666,0.8455588029917751,0.011707066035179967,,0.9106669111206397,89.11066699999992,2.913296,0.7895211,0.6433333333333333,1.0,1.0,1.0
photocatalytic MOFs with suitable band gaps,q2_photocatalysis,48,LEA no diversity,5,qmof-c0f392b,Zn2C44H38N6O12,1|1|1|1,0.8751666666666666,0.8455588029917751,0.014118840141140674,,0.9106663319529349,89.11066699999992,2.464185,0.915527725,0.6433333333333333,1.0,1.0,1.0
photocatalytic MOFs with suitable band gaps,q2_photocatalysis,48,LEA no self-cleaning,1,qmof-e566fbb,Zn2C36H22N6O8,1|1|1|1,0.8751666666666666,0.8455588029917751,0.0,,0.9597225469658441,85.30054199999881,2.93315,0.83426434,0.6433333333333333,1.0,1.0,1.0
photocatalytic MOFs with suitable band gaps,q2_photocatalysis,48,LEA no self-cleaning,2,qmof-ac6a77a,Zn4C76H44N8O16,1|1|1|1,0.8751666666666666,0.8455588029917751,0.02314363319620626,,0.9132103573902038,85.30054199999881,2.401359,0.82887956,0.6433333333333333,1.0,1.0,1.0
photocatalytic MOFs with suitable band gaps,q2_photocatalysis,48,LEA no self-cleaning,3,qmof-13a76dd,Zn4C40H28N12O8,1|1|1|1,0.8751666666666666,0.8455588029917751,0.0176167391239712,,0.9129379885978731,85.30054199999881,3.309168,0.982716063,0.6433333333333333,1.0,1.0,1.0
photocatalytic MOFs with suitable band gaps,q2_photocatalysis,48,LEA no self-cleaning,4,qmof-cef46c3,Zn2C48H32N8O8,1|1|1|1,0.8751666666666666,0.8455588029917751,0.011707066035179967,,0.9125737037219502,85.30054199999881,2.913296,0.7895211,0.6433333333333333,1.0,1.0,1.0
photocatalytic MOFs with suitable band gaps,q2_photocatalysis,48,LEA no self-cleaning,5,qmof-c0f392b,Zn2C44H38N6O12,1|1|1|1,0.8751666666666666,0.8455588029917751,0.014118840141140674,,0.9125719439268294,85.30054199999881,2.464185,0.915527725,0.6433333333333333,1.0,1.0,1.0
photocatalytic MOFs with suitable band gaps,q2_photocatalysis,48,GraphSAGE only,1,qmof-ac6a77a,Zn4C76H44N8O16,1|1|1|1,0.8751666666666666,0.8455588029917751,0.0,0.2567529519189189,0.8751666666666666,0.04041700000811943,2.401359,0.82887956,0.6433333333333333,1.0,1.0,1.0
photocatalytic MOFs with suitable band gaps,q2_photocatalysis,48,GraphSAGE only,2,qmof-13a76dd,Zn4C40H28N12O8,1|1|1|1,0.8751666666666666,0.8455588029917751,0.024587142061445556,0.25673107788369565,0.8751666666666666,0.04041700000811943,3.309168,0.982716063,0.6433333333333333,1.0,1.0,1.0
photocatalytic MOFs with suitable band gaps,q2_photocatalysis,48,GraphSAGE only,3,qmof-e566fbb,Zn2C36H22N6O8,1|1|1|1,0.8751666666666666,0.8455588029917751,0.016894984691351554,0.2563490934189189,0.8751666666666666,0.04041700000811943,2.93315,0.83426434,0.6433333333333333,1.0,1.0,1.0
photocatalytic MOFs with suitable band gaps,q2_photocatalysis,48,GraphSAGE only,4,qmof-cef46c3,Zn2C48H32N8O8,1|1|1|1,0.8751666666666666,0.8455588029917751,0.011707066035179967,0.2550716317857143,0.8751666666666666,0.04041700000811943,2.913296,0.7895211,0.6433333333333333,1.0,1.0,1.0
photocatalytic MOFs with suitable band gaps,q2_photocatalysis,48,GraphSAGE only,5,qmof-c0f392b,Zn2C44H38N6O12,1|1|1|1,0.8751666666666666,0.8455588029917751,0.014118840141140674,0.24506091082107842,0.8751666666666666,0.04041700000811943,2.464185,0.915527725,0.6433333333333333,1.0,1.0,1.0
photocatalytic MOFs with suitable band gaps,q2_photocatalysis,48,GAT only,1,qmof-13a76dd,Zn4C40H28N12O8,1|1|1|1,0.8751666666666666,0.8455588029917751,0.0,0.4066955434538043,0.8751666666666666,0.034665999976368767,3.309168,0.982716063,0.6433333333333333,1.0,1.0,1.0
photocatalytic MOFs with suitable band gaps,q2_photocatalysis,48,GAT only,2,qmof-e566fbb,Zn2C36H22N6O8,1|1|1|1,0.8751666666666666,0.8455588029917751,0.010646336186496847,0.38600964091216217,0.8751666666666666,0.034665999976368767,2.93315,0.83426434,0.6433333333333333,1.0,1.0,1.0
photocatalytic MOFs with suitable band gaps,q2_photocatalysis,48,GAT only,3,qmof-cef46c3,Zn2C48H32N8O8,1|1|1|1,0.8751666666666666,0.8455588029917751,0.008879749119702244,0.3846363647193877,0.8751666666666666,0.034665999976368767,2.913296,0.7895211,0.6433333333333333,1.0,1.0,1.0
photocatalytic MOFs with suitable band gaps,q2_photocatalysis,48,GAT only,4,qmof-ac6a77a,Zn4C76H44N8O16,1|1|1|1,0.8751666666666666,0.8455588029917751,0.021697491707929076,0.35443872966216217,0.8751666666666666,0.034665999976368767,2.401359,0.82887956,0.6433333333333333,1.0,1.0,1.0
photocatalytic MOFs with suitable band gaps,q2_photocatalysis,48,GAT only,5,qmof-c0f392b,Zn2C44H38N6O12,1|1|1|1,0.8751666666666666,0.8455588029917751,0.014118840141140673,0.3494541465992647,0.8751666666666666,0.034665999976368767,2.464185,0.915527725,0.6433333333333333,1.0,1.0,1.0
photocatalytic MOFs with suitable band gaps,q2_photocatalysis,48,LEA + GraphSAGE,1,qmof-ac6a77a,Zn4C76H44N8O16,1|1|1|1,0.8751666666666666,0.8455588029917751,0.0,0.2567529519189189,0.8528186246098414,83.00758300001121,2.401359,0.82887956,0.6433333333333333,1.0,1.0,1.0
photocatalytic MOFs with suitable band gaps,q2_photocatalysis,48,LEA + GraphSAGE,2,qmof-13a76dd,Zn4C40H28N12O8,1|1|1|1,0.8751666666666666,0.8455588029917751,0.024587142061445556,0.25673107788369565,0.8528145697636382,83.00758300001121,3.309168,0.982716063,0.6433333333333333,1.0,1.0,1.0
photocatalytic MOFs with suitable band gaps,q2_photocatalysis,48,LEA + GraphSAGE,3,qmof-e566fbb,Zn2C36H22N6O8,1|1|1|1,0.8751666666666666,0.8455588029917751,0.016894984691351554,0.2563490934189189,0.8527437594114767,83.00758300001121,2.93315,0.83426434,0.6433333333333333,1.0,1.0,1.0
photocatalytic MOFs with suitable band gaps,q2_photocatalysis,48,LEA + GraphSAGE,4,qmof-cef46c3,Zn2C48H32N8O8,1|1|1|1,0.8751666666666666,0.8455588029917751,0.011707066035179967,0.2550716317857143,0.8525069375571631,83.00758300001121,2.913296,0.7895211,0.6433333333333333,1.0,1.0,1.0
photocatalytic MOFs with suitable band gaps,q2_photocatalysis,48,LEA + GraphSAGE,5,qmof-c0f392b,Zn2C44H38N6O12,1|1|1|1,0.8751666666666666,0.8455588029917751,0.014118840141140674,0.24506091082107842,0.8506504476854159,83.00758300001121,2.464185,0.915527725,0.6433333333333333,1.0,1.0,1.0
photocatalytic MOFs with suitable band gaps,q2_photocatalysis,48,LEA + GAT,1,qmof-13a76dd,Zn4C40H28N12O8,1|1|1|1,0.8751666666666666,0.8455588029917751,0.0,0.4066955434538043,0.8804529107250473,83.30162500001848,3.309168,0.982716063,0.6433333333333333,1.0,1.0,1.0
photocatalytic MOFs with suitable band gaps,q2_photocatalysis,48,LEA + GAT,2,qmof-e566fbb,Zn2C36H22N6O8,1|1|1|1,0.8751666666666666,0.8455588029917751,0.010646336186496847,0.38600964091216217,0.8766630407847081,83.30162500001848,2.93315,0.83426434,0.6433333333333333,1.0,1.0,1.0
photocatalytic MOFs with suitable band gaps,q2_photocatalysis,48,LEA + GAT,3,qmof-cef46c3,Zn2C48H32N8O8,1|1|1|1,0.8751666666666666,0.8455588029917751,0.008879749119702244,0.3846363647193877,0.8764111434131872,83.30162500001848,2.913296,0.7895211,0.6433333333333333,1.0,1.0,1.0
photocatalytic MOFs with suitable band gaps,q2_photocatalysis,48,LEA + GAT,4,qmof-ac6a77a,Zn4C76H44N8O16,1|1|1|1,0.8751666666666666,0.8455588029917751,0.021697491707929076,0.35443872966216217,0.8708632669342328,83.30162500001848,2.401359,0.82887956,0.6433333333333333,1.0,1.0,1.0
photocatalytic MOFs with suitable band gaps,q2_photocatalysis,48,LEA + GAT,5,qmof-c0f392b,Zn2C44H38N6O12,1|1|1|1,0.8751666666666666,0.8455588029917751,0.014118840141140673,0.3494541465992647,0.8699459647164715,83.30162500001848,2.464185,0.915527725,0.6433333333333333,1.0,1.0,1.0
photocatalytic MOFs with suitable band gaps,q2_photocatalysis,49,SemanticOnly,1,qmof-fc79d47,Cu2C34H36I2N12,1|1|1|1,0.7551666666666667,0.8599925597215157,0.0,,0.7551666666666667,0.03145899998457935,2.588499,1.87774837,0.6433333333333333,1.0,0.7,0.7
photocatalytic MOFs with suitable band gaps,q2_photocatalysis,49,SemanticOnly,2,qmof-f87c9d1,CuC22H28N2O4,1|1|1|1,0.7551666666666667,0.8599925597215157,0.02308077206716957,,0.7551666666666667,0.03145899998457935,3.150305,1.304740826,0.6433333333333333,1.0,0.7,0.7
photocatalytic MOFs with suitable band gaps,q2_photocatalysis,49,SemanticOnly,3,qmof-f429f3b,Cu3C8H18N12O6S2,1|1|1|1,0.7551666666666667,0.8599925597215157,0.024231061429764292,,0.7551666666666667,0.03145899998457935,2.822862,1.914333583,0.6433333333333333,1.0,0.7,0.7
photocatalytic MOFs with suitable band gaps,q2_photocatalysis,49,SemanticOnly,4,qmof-f41b6c6,Cd2C52H56N4O8P4S8,1|1|1|1,0.7551666666666667,0.8599925597215157,0.026910688014334428,,0.7551666666666667,0.03145899998457935,3.002481,1.687803923,0.6433333333333333,1.0,0.7,0.7
photocatalytic MOFs with suitable band gaps,q2_photocatalysis,49,SemanticOnly,5,qmof-efc86e6,Cd2C28H28N12S4,1|1|1|1,0.7551666666666667,0.8599925597215157,0.017075914951080656,,0.7551666666666667,0.03145899998457935,2.62946,1.712901294,0.6433333333333333,1.0,0.7,0.7
photocatalytic MOFs with suitable band gaps,q2_photocatalysis,49,WeightedSum,1,qmof-e566fbb,Zn2C36H22N6O8,1|1|1|1,0.8751666666666666,0.8455588029917751,0.0,,0.8751666666666666,0.046499999996285624,2.93315,0.83426434,0.6433333333333333,1.0,1.0,1.0
photocatalytic MOFs with suitable band gaps,q2_photocatalysis,49,WeightedSum,2,qmof-cef46c3,Zn2C48H32N8O8,1|1|1|1,0.8751666666666666,0.8455588029917751,0.007206297341252901,,0.8751666666666666,0.046499999996285624,2.913296,0.7895211,0.6433333333333333,1.0,1.0,1.0
photocatalytic MOFs with suitable band gaps,q2_photocatalysis,49,WeightedSum,3,qmof-c0f392b,Zn2C44H38N6O12,1|1|1|1,0.8751666666666666,0.8455588029917751,0.012066926313604693,,0.8751666666666666,0.046499999996285624,2.464185,0.915527725,0.6433333333333333,1.0,1.0,1.0
photocatalytic MOFs with suitable band gaps,q2_photocatalysis,49,WeightedSum,4,qmof-ac6a77a,Zn4C76H44N8O16,1|1|1|1,0.8751666666666666,0.8455588029917751,0.018368560155257573,,0.8751666666666666,0.046499999996285624,2.401359,0.82887956,0.6433333333333333,1.0,1.0,1.0
photocatalytic MOFs with suitable band gaps,q2_photocatalysis,49,WeightedSum,5,qmof-13a76dd,Zn4C40H28N12O8,1|1|1|1,0.8751666666666666,0.8455588029917751,0.01588195992000406,,0.8751666666666666,0.046499999996285624,3.309168,0.982716063,0.6433333333333333,1.0,1.0,1.0
photocatalytic MOFs with suitable band gaps,q2_photocatalysis,49,TOPSIS,1,qmof-e566fbb,Zn2C36H22N6O8,1|1|1|1,0.8751666666666666,0.8455588029917751,0.0,,0.8751666666666666,0.9788749999870561,2.93315,0.83426434,0.6433333333333333,1.0,1.0,1.0
photocatalytic MOFs with suitable band gaps,q2_photocatalysis,49,TOPSIS,2,qmof-cef46c3,Zn2C48H32N8O8,1|1|1|1,0.8751666666666666,0.8455588029917751,0.007206297341252901,,0.8751666666666666,0.9788749999870561,2.913296,0.7895211,0.6433333333333333,1.0,1.0,1.0
photocatalytic MOFs with suitable band gaps,q2_photocatalysis,49,TOPSIS,3,qmof-c0f392b,Zn2C44H38N6O12,1|1|1|1,0.8751666666666666,0.8455588029917751,0.012066926313604693,,0.8751666666666666,0.9788749999870561,2.464185,0.915527725,0.6433333333333333,1.0,1.0,1.0
photocatalytic MOFs with suitable band gaps,q2_photocatalysis,49,TOPSIS,4,qmof-ac6a77a,Zn4C76H44N8O16,1|1|1|1,0.8751666666666666,0.8455588029917751,0.018368560155257573,,0.8751666666666666,0.9788749999870561,2.401359,0.82887956,0.6433333333333333,1.0,1.0,1.0
photocatalytic MOFs with suitable band gaps,q2_photocatalysis,49,TOPSIS,5,qmof-13a76dd,Zn4C40H28N12O8,1|1|1|1,0.8751666666666666,0.8455588029917751,0.01588195992000406,,0.8751666666666666,0.9788749999870561,3.309168,0.982716063,0.6433333333333333,1.0,1.0,1.0
photocatalytic MOFs with suitable band gaps,q2_photocatalysis,49,ParetoCrowding,1,qmof-ac6a77a,Zn4C76H44N8O16,1|1|1|1,0.8751666666666666,0.8455588029917751,0.0,,0.8751666666666666,215.93441599998187,2.401359,0.82887956,0.6433333333333333,1.0,1.0,1.0
photocatalytic MOFs with suitable band gaps,q2_photocatalysis,49,ParetoCrowding,2,qmof-cef46c3,Zn2C48H32N8O8,1|1|1|1,0.8751666666666666,0.8455588029917751,0.01736169986613541,,0.8751666666666666,215.93441599998187,2.913296,0.7895211,0.6433333333333333,1.0,1.0,1.0
photocatalytic MOFs with suitable band gaps,q2_photocatalysis,49,ParetoCrowding,3,qmof-e566fbb,Zn2C36H22N6O8,1|1|1|1,0.8751666666666666,0.8455588029917751,0.01517496526872958,,0.8751666666666666,215.93441599998187,2.93315,0.83426434,0.6433333333333333,1.0,1.0,1.0
photocatalytic MOFs with suitable band gaps,q2_photocatalysis,49,ParetoCrowding,4,qmof-c0f392b,Zn2C44H38N6O12,1|1|1|1,0.8751666666666666,0.8455588029917751,0.012911400010213481,,0.8751666666666666,215.93441599998187,2.464185,0.915527725,0.6433333333333333,1.0,1.0,1.0
photocatalytic MOFs with suitable band gaps,q2_photocatalysis,49,ParetoCrowding,5,qmof-13a76dd,Zn4C40H28N12O8,1|1|1|1,0.8751666666666666,0.8455588029917751,0.01588195992000406,,0.8751666666666666,215.93441599998187,3.309168,0.982716063,0.6433333333333333,1.0,1.0,1.0
photocatalytic MOFs with suitable band gaps,q2_photocatalysis,49,Random,1,qmof-10c7c3c,Cu2C24H24N6O10S2,1|1|1|1,0.7551666666666667,0.8599925597215157,0.0,,0.7551666666666667,0.06475000000705222,3.393888,1.641117449,0.6433333333333333,1.0,0.7,0.7
photocatalytic MOFs with suitable band gaps,q2_photocatalysis,49,Random,2,qmof-504b878,Zn4C28Cl4H40N16O4,1|1|1|1,0.7551666666666667,0.8599925597215157,0.012209030978710149,,0.7551666666666667,0.06475000000705222,3.457218,1.719371117,0.6433333333333333,1.0,0.7,0.7
photocatalytic MOFs with suitable band gaps,q2_photocatalysis,49,Random,3,qmof-eef474b,Cu2C16H12N24,1|1|1|1,0.7551666666666667,0.8599925597215157,0.02816263781489961,,0.7551666666666667,0.06475000000705222,2.996842,1.934407474,0.6433333333333333,1.0,0.7,0.7
photocatalytic MOFs with suitable band gaps,q2_photocatalysis,49,Random,4,qmof-342ad08,CuC4Cl2H10N10,1|1|1|1,0.7551666666666667,0.8599925597215157,0.02341988775123809,,0.7551666666666667,0.06475000000705222,3.191382,1.980756107,0.6433333333333333,1.0,0.7,0.7
photocatalytic MOFs with suitable band gaps,q2_photocatalysis,49,Random,5,qmof-405a87b,Cu2C20H14N6O8,1|1|1|1,0.7551666666666667,0.8599925597215157,0.020432103700424913,,0.7551666666666667,0.06475000000705222,3.490494,1.959726284,0.6433333333333333,1.0,0.7,0.7
photocatalytic MOFs with suitable band gaps,q2_photocatalysis,49,MMR,1,qmof-cef46c3,Zn2C48H32N8O8,1|1|1|1,0.8751666666666666,0.8455588029917751,0.0,,0.8751666666666666,2082.696125000012,2.913296,0.7895211,0.6433333333333333,1.0,1.0,1.0
photocatalytic MOFs with suitable band gaps,q2_photocatalysis,49,MMR,2,qmof-ac6a77a,Zn4C76H44N8O16,1|1|1|1,0.8751666666666666,0.8455588029917751,0.01736169986613541,,0.8751666666666666,2082.696125000012,2.401359,0.82887956,0.6433333333333333,1.0,1.0,1.0
photocatalytic MOFs with suitable band gaps,q2_photocatalysis,49,MMR,3,qmof-c0f392b,Zn2C44H38N6O12,1|1|1|1,0.8751666666666666,0.8455588029917751,0.012649875790295608,,0.8751666666666666,2082.696125000012,2.464185,0.915527725,0.6433333333333333,1.0,1.0,1.0
photocatalytic MOFs with suitable band gaps,q2_photocatalysis,49,MMR,4,qmof-13a76dd,Zn4C40H28N12O8,1|1|1|1,0.8751666666666666,0.8455588029917751,0.01762716783117313,,0.8751666666666666,2082.696125000012,3.309168,0.982716063,0.6433333333333333,1.0,1.0,1.0
photocatalytic MOFs with suitable band gaps,q2_photocatalysis,49,MMR,5,qmof-e566fbb,Zn2C36H22N6O8,1|1|1|1,0.8751666666666666,0.8455588029917751,0.013607678793501308,,0.8751666666666666,2082.696125000012,2.93315,0.83426434,0.6433333333333333,1.0,1.0,1.0
photocatalytic MOFs with suitable band gaps,q2_photocatalysis,49,LEA,1,qmof-cef46c3,Zn2C48H32N8O8,1|1|1|1,0.8751666666666666,0.8455588029917751,0.0,,0.9597225469658441,83.02670899999498,2.913296,0.7895211,0.6433333333333333,1.0,1.0,1.0
photocatalytic MOFs with suitable band gaps,q2_photocatalysis,49,LEA,2,qmof-ac6a77a,Zn4C76H44N8O16,1|1|1|1,0.8751666666666666,0.8455588029917751,0.01736169986613541,,0.9135054607165196,83.02670899999498,2.401359,0.82887956,0.6433333333333333,1.0,1.0,1.0
photocatalytic MOFs with suitable band gaps,q2_photocatalysis,49,LEA,3,qmof-c0f392b,Zn2C44H38N6O12,1|1|1|1,0.8751666666666666,0.8455588029917751,0.012649875790295608,,0.9126569384333927,83.02670899999498,2.464185,0.915527725,0.6433333333333333,1.0,1.0,1.0
photocatalytic MOFs with suitable band gaps,q2_photocatalysis,49,LEA,4,qmof-e566fbb,Zn2C36H22N6O8,1|1|1|1,0.8751666666666666,0.8455588029917751,0.01459479299583613,,0.9123682316407646,83.02670899999498,2.93315,0.83426434,0.6433333333333333,1.0,1.0,1.0
photocatalytic MOFs with suitable band gaps,q2_photocatalysis,49,LEA,5,qmof-13a76dd,Zn4C40H28N12O8,1|1|1|1,0.8751666666666666,0.8455588029917751,0.01588195992000406,,0.91219755082909,83.02670899999498,3.309168,0.982716063,0.6433333333333333,1.0,1.0,1.0
photocatalytic MOFs with suitable band gaps,q2_photocatalysis,49,LEA no diversity,1,qmof-cef46c3,Zn2C48H32N8O8,1|1|1|1,0.8751666666666666,0.8455588029917751,0.0,,0.9597225469658441,81.66491700001188,2.913296,0.7895211,0.6433333333333333,1.0,1.0,1.0
photocatalytic MOFs with suitable band gaps,q2_photocatalysis,49,LEA no diversity,2,qmof-ac6a77a,Zn4C76H44N8O16,1|1|1|1,0.8751666666666666,0.8455588029917751,0.01736169986613541,,0.910972918268571,81.66491700001188,2.401359,0.82887956,0.6433333333333333,1.0,1.0,1.0
photocatalytic MOFs with suitable band gaps,q2_photocatalysis,49,LEA no diversity,3,qmof-c0f392b,Zn2C44H38N6O12,1|1|1|1,0.8751666666666666,0.8455588029917751,0.012649875790295608,,0.910694299329291,81.66491700001188,2.464185,0.915527725,0.6433333333333333,1.0,1.0,1.0
photocatalytic MOFs with suitable band gaps,q2_photocatalysis,49,LEA no diversity,4,qmof-e566fbb,Zn2C36H22N6O8,1|1|1|1,0.8751666666666666,0.8455588029917751,0.01459479299583613,,0.9105992570233047,81.66491700001188,2.93315,0.83426434,0.6433333333333333,1.0,1.0,1.0
photocatalytic MOFs with suitable band gaps,q2_photocatalysis,49,LEA no diversity,5,qmof-13a76dd,Zn4C40H28N12O8,1|1|1|1,0.8751666666666666,0.8455588029917751,0.01588195992000406,,0.9105430108082069,81.66491700001188,3.309168,0.982716063,0.6433333333333333,1.0,1.0,1.0
photocatalytic MOFs with suitable band gaps,q2_photocatalysis,49,LEA no self-cleaning,1,qmof-cef46c3,Zn2C48H32N8O8,1|1|1|1,0.8751666666666666,0.8455588029917751,0.0,,0.9597225469658441,80.79229099999452,2.913296,0.7895211,0.6433333333333333,1.0,1.0,1.0
photocatalytic MOFs with suitable band gaps,q2_photocatalysis,49,LEA no self-cleaning,2,qmof-ac6a77a,Zn4C76H44N8O16,1|1|1|1,0.8751666666666666,0.8455588029917751,0.01736169986613541,,0.9135054607165196,80.79229099999452,2.401359,0.82887956,0.6433333333333333,1.0,1.0,1.0
photocatalytic MOFs with suitable band gaps,q2_photocatalysis,49,LEA no self-cleaning,3,qmof-c0f392b,Zn2C44H38N6O12,1|1|1|1,0.8751666666666666,0.8455588029917751,0.012649875790295608,,0.9126569384333927,80.79229099999452,2.464185,0.915527725,0.6433333333333333,1.0,1.0,1.0
photocatalytic MOFs with suitable band gaps,q2_photocatalysis,49,LEA no self-cleaning,4,qmof-e566fbb,Zn2C36H22N6O8,1|1|1|1,0.8751666666666666,0.8455588029917751,0.01459479299583613,,0.9123682316407646,80.79229099999452,2.93315,0.83426434,0.6433333333333333,1.0,1.0,1.0
photocatalytic MOFs with suitable band gaps,q2_photocatalysis,49,LEA no self-cleaning,5,qmof-13a76dd,Zn4C40H28N12O8,1|1|1|1,0.8751666666666666,0.8455588029917751,0.01588195992000406,,0.91219755082909,80.79229099999452,3.309168,0.982716063,0.6433333333333333,1.0,1.0,1.0
photocatalytic MOFs with suitable band gaps,q2_photocatalysis,49,GraphSAGE only,1,qmof-ac6a77a,Zn4C76H44N8O16,1|1|1|1,0.8751666666666666,0.8455588029917751,0.0,0.2567529519189189,0.8751666666666666,0.03679200000306082,2.401359,0.82887956,0.6433333333333333,1.0,1.0,1.0
photocatalytic MOFs with suitable band gaps,q2_photocatalysis,49,GraphSAGE only,2,qmof-13a76dd,Zn4C40H28N12O8,1|1|1|1,0.8751666666666666,0.8455588029917751,0.024587142061445556,0.25673107788369565,0.8751666666666666,0.03679200000306082,3.309168,0.982716063,0.6433333333333333,1.0,1.0,1.0
photocatalytic MOFs with suitable band gaps,q2_photocatalysis,49,GraphSAGE only,3,qmof-e566fbb,Zn2C36H22N6O8,1|1|1|1,0.8751666666666666,0.8455588029917751,0.016894984691351554,0.2563490934189189,0.8751666666666666,0.03679200000306082,2.93315,0.83426434,0.6433333333333333,1.0,1.0,1.0
photocatalytic MOFs with suitable band gaps,q2_photocatalysis,49,GraphSAGE only,4,qmof-cef46c3,Zn2C48H32N8O8,1|1|1|1,0.8751666666666666,0.8455588029917751,0.011707066035179967,0.2550716317857143,0.8751666666666666,0.03679200000306082,2.913296,0.7895211,0.6433333333333333,1.0,1.0,1.0
photocatalytic MOFs with suitable band gaps,q2_photocatalysis,49,GraphSAGE only,5,qmof-c0f392b,Zn2C44H38N6O12,1|1|1|1,0.8751666666666666,0.8455588029917751,0.014118840141140674,0.24506091082107842,0.8751666666666666,0.03679200000306082,2.464185,0.915527725,0.6433333333333333,1.0,1.0,1.0
photocatalytic MOFs with suitable band gaps,q2_photocatalysis,49,GAT only,1,qmof-13a76dd,Zn4C40H28N12O8,1|1|1|1,0.8751666666666666,0.8455588029917751,0.0,0.4066955434538043,0.8751666666666666,0.03316699999800221,3.309168,0.982716063,0.6433333333333333,1.0,1.0,1.0
photocatalytic MOFs with suitable band gaps,q2_photocatalysis,49,GAT only,2,qmof-e566fbb,Zn2C36H22N6O8,1|1|1|1,0.8751666666666666,0.8455588029917751,0.010646336186496847,0.38600964091216217,0.8751666666666666,0.03316699999800221,2.93315,0.83426434,0.6433333333333333,1.0,1.0,1.0
photocatalytic MOFs with suitable band gaps,q2_photocatalysis,49,GAT only,3,qmof-cef46c3,Zn2C48H32N8O8,1|1|1|1,0.8751666666666666,0.8455588029917751,0.008879749119702244,0.3846363647193877,0.8751666666666666,0.03316699999800221,2.913296,0.7895211,0.6433333333333333,1.0,1.0,1.0
photocatalytic MOFs with suitable band gaps,q2_photocatalysis,49,GAT only,4,qmof-ac6a77a,Zn4C76H44N8O16,1|1|1|1,0.8751666666666666,0.8455588029917751,0.021697491707929076,0.35443872966216217,0.8751666666666666,0.03316699999800221,2.401359,0.82887956,0.6433333333333333,1.0,1.0,1.0
photocatalytic MOFs with suitable band gaps,q2_photocatalysis,49,GAT only,5,qmof-c0f392b,Zn2C44H38N6O12,1|1|1|1,0.8751666666666666,0.8455588029917751,0.014118840141140673,0.3494541465992647,0.8751666666666666,0.03316699999800221,2.464185,0.915527725,0.6433333333333333,1.0,1.0,1.0
photocatalytic MOFs with suitable band gaps,q2_photocatalysis,49,LEA + GraphSAGE,1,qmof-ac6a77a,Zn4C76H44N8O16,1|1|1|1,0.8751666666666666,0.8455588029917751,0.0,0.2567529519189189,0.8528186246098414,81.06537500000854,2.401359,0.82887956,0.6433333333333333,1.0,1.0,1.0
photocatalytic MOFs with suitable band gaps,q2_photocatalysis,49,LEA + GraphSAGE,2,qmof-13a76dd,Zn4C40H28N12O8,1|1|1|1,0.8751666666666666,0.8455588029917751,0.024587142061445556,0.25673107788369565,0.8528145697636382,81.06537500000854,3.309168,0.982716063,0.6433333333333333,1.0,1.0,1.0
photocatalytic MOFs with suitable band gaps,q2_photocatalysis,49,LEA + GraphSAGE,3,qmof-e566fbb,Zn2C36H22N6O8,1|1|1|1,0.8751666666666666,0.8455588029917751,0.016894984691351554,0.2563490934189189,0.8527437594114767,81.06537500000854,2.93315,0.83426434,0.6433333333333333,1.0,1.0,1.0
photocatalytic MOFs with suitable band gaps,q2_photocatalysis,49,LEA + GraphSAGE,4,qmof-cef46c3,Zn2C48H32N8O8,1|1|1|1,0.8751666666666666,0.8455588029917751,0.011707066035179967,0.2550716317857143,0.8525069375571631,81.06537500000854,2.913296,0.7895211,0.6433333333333333,1.0,1.0,1.0
photocatalytic MOFs with suitable band gaps,q2_photocatalysis,49,LEA + GraphSAGE,5,qmof-c0f392b,Zn2C44H38N6O12,1|1|1|1,0.8751666666666666,0.8455588029917751,0.014118840141140674,0.24506091082107842,0.8506504476854159,81.06537500000854,2.464185,0.915527725,0.6433333333333333,1.0,1.0,1.0
photocatalytic MOFs with suitable band gaps,q2_photocatalysis,49,LEA + GAT,1,qmof-13a76dd,Zn4C40H28N12O8,1|1|1|1,0.8751666666666666,0.8455588029917751,0.0,0.4066955434538043,0.8804529107250473,82.67887499999915,3.309168,0.982716063,0.6433333333333333,1.0,1.0,1.0
photocatalytic MOFs with suitable band gaps,q2_photocatalysis,49,LEA + GAT,2,qmof-e566fbb,Zn2C36H22N6O8,1|1|1|1,0.8751666666666666,0.8455588029917751,0.010646336186496847,0.38600964091216217,0.8766630407847081,82.67887499999915,2.93315,0.83426434,0.6433333333333333,1.0,1.0,1.0
photocatalytic MOFs with suitable band gaps,q2_photocatalysis,49,LEA + GAT,3,qmof-cef46c3,Zn2C48H32N8O8,1|1|1|1,0.8751666666666666,0.8455588029917751,0.008879749119702244,0.3846363647193877,0.8764111434131872,82.67887499999915,2.913296,0.7895211,0.6433333333333333,1.0,1.0,1.0
photocatalytic MOFs with suitable band gaps,q2_photocatalysis,49,LEA + GAT,4,qmof-ac6a77a,Zn4C76H44N8O16,1|1|1|1,0.8751666666666666,0.8455588029917751,0.021697491707929076,0.35443872966216217,0.8708632669342328,82.67887499999915,2.401359,0.82887956,0.6433333333333333,1.0,1.0,1.0
photocatalytic MOFs with suitable band gaps,q2_photocatalysis,49,LEA + GAT,5,qmof-c0f392b,Zn2C44H38N6O12,1|1|1|1,0.8751666666666666,0.8455588029917751,0.014118840141140673,0.3494541465992647,0.8699459647164715,82.67887499999915,2.464185,0.915527725,0.6433333333333333,1.0,1.0,1.0
photocatalytic MOFs with suitable band gaps,q2_photocatalysis,50,SemanticOnly,1,qmof-fc79d47,Cu2C34H36I2N12,1|1|1|1,0.7551666666666667,0.8599925597215157,0.0,,0.7551666666666667,0.03424999999879219,2.588499,1.87774837,0.6433333333333333,1.0,0.7,0.7
photocatalytic MOFs with suitable band gaps,q2_photocatalysis,50,SemanticOnly,2,qmof-f9c2a3d,ZnC27H20N6O12,1|1|1|1,0.7551666666666667,0.8599925597215157,0.022160382703502627,,0.7551666666666667,0.03424999999879219,3.478306,1.730824719,0.6433333333333333,1.0,0.7,0.7
photocatalytic MOFs with suitable band gaps,q2_photocatalysis,50,SemanticOnly,3,qmof-f77560d,Cu2Br4C34H40O2S4,1|1|1|1,0.7551666666666667,0.8599925597215157,0.026926203667720985,,0.7551666666666667,0.03424999999879219,1.84028,1.996199298,0.6433333333333333,1.0,0.7,0.7
photocatalytic MOFs with suitable band gaps,q2_photocatalysis,50,SemanticOnly,4,qmof-f429f3b,Cu3C8H18N12O6S2,1|1|1|1,0.7551666666666667,0.8599925597215157,0.024782207557888528,,0.7551666666666667,0.03424999999879219,2.822862,1.914333583,0.6433333333333333,1.0,0.7,0.7
photocatalytic MOFs with suitable band gaps,q2_photocatalysis,50,SemanticOnly,5,qmof-ee8c30a,Cu4La4C56H32N8O32,1|1|1|1,0.7551666666666667,0.8599925597215157,0.02791419591282389,,0.7551666666666667,0.03424999999879219,2.942853,1.99883052,0.6433333333333333,1.0,0.7,0.7
photocatalytic MOFs with suitable band gaps,q2_photocatalysis,50,WeightedSum,1,qmof-e566fbb,Zn2C36H22N6O8,1|1|1|1,0.8751666666666666,0.8455588029917751,0.0,,0.8751666666666666,0.04908299999328847,2.93315,0.83426434,0.6433333333333333,1.0,1.0,1.0
photocatalytic MOFs with suitable band gaps,q2_photocatalysis,50,WeightedSum,2,qmof-cef46c3,Zn2C48H32N8O8,1|1|1|1,0.8751666666666666,0.8455588029917751,0.007206297341252901,,0.8751666666666666,0.04908299999328847,2.913296,0.7895211,0.6433333333333333,1.0,1.0,1.0
photocatalytic MOFs with suitable band gaps,q2_photocatalysis,50,WeightedSum,3,qmof-c0f392b,Zn2C44H38N6O12,1|1|1|1,0.8751666666666666,0.8455588029917751,0.012066926313604693,,0.8751666666666666,0.04908299999328847,2.464185,0.915527725,0.6433333333333333,1.0,1.0,1.0
photocatalytic MOFs with suitable band gaps,q2_photocatalysis,50,WeightedSum,4,qmof-ac6a77a,Zn4C76H44N8O16,1|1|1|1,0.8751666666666666,0.8455588029917751,0.018368560155257573,,0.8751666666666666,0.04908299999328847,2.401359,0.82887956,0.6433333333333333,1.0,1.0,1.0
photocatalytic MOFs with suitable band gaps,q2_photocatalysis,50,WeightedSum,5,qmof-13a76dd,Zn4C40H28N12O8,1|1|1|1,0.8751666666666666,0.8455588029917751,0.01588195992000406,,0.8751666666666666,0.04908299999328847,3.309168,0.982716063,0.6433333333333333,1.0,1.0,1.0
photocatalytic MOFs with suitable band gaps,q2_photocatalysis,50,TOPSIS,1,qmof-e566fbb,Zn2C36H22N6O8,1|1|1|1,0.8751666666666666,0.8455588029917751,0.0,,0.8751666666666666,1.000542000014093,2.93315,0.83426434,0.6433333333333333,1.0,1.0,1.0
photocatalytic MOFs with suitable band gaps,q2_photocatalysis,50,TOPSIS,2,qmof-cef46c3,Zn2C48H32N8O8,1|1|1|1,0.8751666666666666,0.8455588029917751,0.007206297341252901,,0.8751666666666666,1.000542000014093,2.913296,0.7895211,0.6433333333333333,1.0,1.0,1.0
photocatalytic MOFs with suitable band gaps,q2_photocatalysis,50,TOPSIS,3,qmof-c0f392b,Zn2C44H38N6O12,1|1|1|1,0.8751666666666666,0.8455588029917751,0.012066926313604693,,0.8751666666666666,1.000542000014093,2.464185,0.915527725,0.6433333333333333,1.0,1.0,1.0
photocatalytic MOFs with suitable band gaps,q2_photocatalysis,50,TOPSIS,4,qmof-ac6a77a,Zn4C76H44N8O16,1|1|1|1,0.8751666666666666,0.8455588029917751,0.018368560155257573,,0.8751666666666666,1.000542000014093,2.401359,0.82887956,0.6433333333333333,1.0,1.0,1.0
photocatalytic MOFs with suitable band gaps,q2_photocatalysis,50,TOPSIS,5,qmof-13a76dd,Zn4C40H28N12O8,1|1|1|1,0.8751666666666666,0.8455588029917751,0.01588195992000406,,0.8751666666666666,1.000542000014093,3.309168,0.982716063,0.6433333333333333,1.0,1.0,1.0
photocatalytic MOFs with suitable band gaps,q2_photocatalysis,50,ParetoCrowding,1,qmof-ac6a77a,Zn4C76H44N8O16,1|1|1|1,0.8751666666666666,0.8455588029917751,0.0,,0.8751666666666666,217.8888329999893,2.401359,0.82887956,0.6433333333333333,1.0,1.0,1.0
photocatalytic MOFs with suitable band gaps,q2_photocatalysis,50,ParetoCrowding,2,qmof-cef46c3,Zn2C48H32N8O8,1|1|1|1,0.8751666666666666,0.8455588029917751,0.01736169986613541,,0.8751666666666666,217.8888329999893,2.913296,0.7895211,0.6433333333333333,1.0,1.0,1.0
photocatalytic MOFs with suitable band gaps,q2_photocatalysis,50,ParetoCrowding,3,qmof-e566fbb,Zn2C36H22N6O8,1|1|1|1,0.8751666666666666,0.8455588029917751,0.01517496526872958,,0.8751666666666666,217.8888329999893,2.93315,0.83426434,0.6433333333333333,1.0,1.0,1.0
photocatalytic MOFs with suitable band gaps,q2_photocatalysis,50,ParetoCrowding,4,qmof-c0f392b,Zn2C44H38N6O12,1|1|1|1,0.8751666666666666,0.8455588029917751,0.012911400010213481,,0.8751666666666666,217.8888329999893,2.464185,0.915527725,0.6433333333333333,1.0,1.0,1.0
photocatalytic MOFs with suitable band gaps,q2_photocatalysis,50,ParetoCrowding,5,qmof-13a76dd,Zn4C40H28N12O8,1|1|1|1,0.8751666666666666,0.8455588029917751,0.01588195992000406,,0.8751666666666666,217.8888329999893,3.309168,0.982716063,0.6433333333333333,1.0,1.0,1.0
photocatalytic MOFs with suitable band gaps,q2_photocatalysis,50,Random,1,qmof-bde105e,Cu2C28H28N2O14,1|1|1|1,0.7551666666666667,0.8599925597215157,0.0,,0.7551666666666667,0.04670900000292022,3.249678,1.683299987,0.6433333333333333,1.0,0.7,0.7
photocatalytic MOFs with suitable band gaps,q2_photocatalysis,50,Random,2,qmof-95de001,Cu4C24H56N32,1|1|1|1,0.7551666666666667,0.8599925597215157,0.025020092833061416,,0.7551666666666667,0.04670900000292022,3.006564,1.612193063,0.6433333333333333,1.0,0.7,0.7
photocatalytic MOFs with suitable band gaps,q2_photocatalysis,50,Random,3,qmof-bc0218e,CdC16H18N4O6,1|1|1|1,0.7551666666666667,0.8599925597215157,0.018344427683022194,,0.7551666666666667,0.04670900000292022,3.029014,1.693468035,0.6433333333333333,1.0,0.7,0.7
photocatalytic MOFs with suitable band gaps,q2_photocatalysis,50,Random,4,qmof-579321e,Cu2C24Cl4H18N6S2,1|1|1|1,0.7551666666666667,0.8599925597215157,0.03179592414408877,,0.7551666666666667,0.04670900000292022,1.82433,1.92941625,0.6433333333333333,1.0,0.7,0.7
photocatalytic MOFs with suitable band gaps,q2_photocatalysis,50,Random,5,qmof-ac6a77a,Zn4C76H44N8O16,1|1|1|1,0.8751666666666666,0.8455588029917751,0.039748927831011215,,0.8751666666666666,0.04670900000292022,2.401359,0.82887956,0.6433333333333333,1.0,1.0,1.0
photocatalytic MOFs with suitable band gaps,q2_photocatalysis,50,MMR,1,qmof-13a76dd,Zn4C40H28N12O8,1|1|1|1,0.8751666666666666,0.8455588029917751,0.0,,0.8751666666666666,2225.325166999994,3.309168,0.982716063,0.6433333333333333,1.0,1.0,1.0
photocatalytic MOFs with suitable band gaps,q2_photocatalysis,50,MMR,2,qmof-ac6a77a,Zn4C76H44N8O16,1|1|1|1,0.8751666666666666,0.8455588029917751,0.024587142061445556,,0.8751666666666666,2225.325166999994,2.401359,0.82887956,0.6433333333333333,1.0,1.0,1.0
photocatalytic MOFs with suitable band gaps,q2_photocatalysis,50,MMR,3,qmof-c0f392b,Zn2C44H38N6O12,1|1|1|1,0.8751666666666666,0.8455588029917751,0.016170753968676652,,0.8751666666666666,2225.325166999994,2.464185,0.915527725,0.6433333333333333,1.0,1.0,1.0
photocatalytic MOFs with suitable band gaps,q2_photocatalysis,50,MMR,4,qmof-e566fbb,Zn2C36H22N6O8,1|1|1|1,0.8751666666666666,0.8455588029917751,0.015741472610917445,,0.8751666666666666,2225.325166999994,2.93315,0.83426434,0.6433333333333333,1.0,1.0,1.0
photocatalytic MOFs with suitable band gaps,q2_photocatalysis,50,MMR,5,qmof-cef46c3,Zn2C48H32N8O8,1|1|1|1,0.8751666666666666,0.8455588029917751,0.011455150570675017,,0.8751666666666666,2225.325166999994,2.913296,0.7895211,0.6433333333333333,1.0,1.0,1.0
photocatalytic MOFs with suitable band gaps,q2_photocatalysis,50,LEA,1,qmof-13a76dd,Zn4C40H28N12O8,1|1|1|1,0.8751666666666666,0.8455588029917751,0.0,,0.9597225469658441,83.55025000000182,3.309168,0.982716063,0.6433333333333333,1.0,1.0,1.0
photocatalytic MOFs with suitable band gaps,q2_photocatalysis,50,LEA,2,qmof-ac6a77a,Zn4C76H44N8O16,1|1|1|1,0.8751666666666666,0.8455588029917751,0.024587142061445556,,0.914312627336554,83.55025000000182,2.401359,0.82887956,0.6433333333333333,1.0,1.0,1.0
photocatalytic MOFs with suitable band gaps,q2_photocatalysis,50,LEA,3,qmof-c0f392b,Zn2C44H38N6O12,1|1|1|1,0.8751666666666666,0.8455588029917751,0.016170753968676652,,0.9136085968954702,83.55025000000182,2.464185,0.915527725,0.6433333333333333,1.0,1.0,1.0
photocatalytic MOFs with suitable band gaps,q2_photocatalysis,50,LEA,4,qmof-e566fbb,Zn2C36H22N6O8,1|1|1|1,0.8751666666666666,0.8455588029917751,0.015741472610917445,,0.913237230595694,83.55025000000182,2.93315,0.83426434,0.6433333333333333,1.0,1.0,1.0
photocatalytic MOFs with suitable band gaps,q2_photocatalysis,50,LEA,5,qmof-cef46c3,Zn2C48H32N8O8,1|1|1|1,0.8751666666666666,0.8455588029917751,0.011455150570675017,,0.9131820003163714,83.55025000000182,2.913296,0.7895211,0.6433333333333333,1.0,1.0,1.0
photocatalytic MOFs with suitable band gaps,q2_photocatalysis,50,LEA no diversity,1,qmof-13a76dd,Zn4C40H28N12O8,1|1|1|1,0.8751666666666666,0.8455588029917751,0.0,,0.9597225469658441,88.09937499998455,3.309168,0.982716063,0.6433333333333333,1.0,1.0,1.0
photocatalytic MOFs with suitable band gaps,q2_photocatalysis,50,LEA no diversity,2,qmof-ac6a77a,Zn4C76H44N8O16,1|1|1|1,0.8751666666666666,0.8455588029917751,0.024587142061445556,,0.9112369680246803,88.09937499998455,2.401359,0.82887956,0.6433333333333333,1.0,1.0,1.0
photocatalytic MOFs with suitable band gaps,q2_photocatalysis,50,LEA no diversity,3,qmof-c0f392b,Zn2C44H38N6O12,1|1|1|1,0.8751666666666666,0.8455588029917751,0.016170753968676652,,0.9110067111504947,88.09937499998455,2.464185,0.915527725,0.6433333333333333,1.0,1.0,1.0
photocatalytic MOFs with suitable band gaps,q2_photocatalysis,50,LEA no diversity,4,qmof-e566fbb,Zn2C36H22N6O8,1|1|1|1,0.8751666666666666,0.8455588029917751,0.015741472610917445,,0.9108849580846256,88.09937499998455,2.93315,0.83426434,0.6433333333333333,1.0,1.0,1.0
photocatalytic MOFs with suitable band gaps,q2_photocatalysis,50,LEA no diversity,5,qmof-cef46c3,Zn2C48H32N8O8,1|1|1|1,0.8751666666666666,0.8455588029917751,0.011455150570675017,,0.9108668332954548,88.09937499998455,2.913296,0.7895211,0.6433333333333333,1.0,1.0,1.0
photocatalytic MOFs with suitable band gaps,q2_photocatalysis,50,LEA no self-cleaning,1,qmof-13a76dd,Zn4C40H28N12O8,1|1|1|1,0.8751666666666666,0.8455588029917751,0.0,,0.9597225469658441,83.80258299999355,3.309168,0.982716063,0.6433333333333333,1.0,1.0,1.0
photocatalytic MOFs with suitable band gaps,q2_photocatalysis,50,LEA no self-cleaning,2,qmof-ac6a77a,Zn4C76H44N8O16,1|1|1|1,0.8751666666666666,0.8455588029917751,0.024587142061445556,,0.914312627336554,83.80258299999355,2.401359,0.82887956,0.6433333333333333,1.0,1.0,1.0
photocatalytic MOFs with suitable band gaps,q2_photocatalysis,50,LEA no self-cleaning,3,qmof-c0f392b,Zn2C44H38N6O12,1|1|1|1,0.8751666666666666,0.8455588029917751,0.016170753968676652,,0.9136085968954702,83.80258299999355,2.464185,0.915527725,0.6433333333333333,1.0,1.0,1.0
photocatalytic MOFs with suitable band gaps,q2_photocatalysis,50,LEA no self-cleaning,4,qmof-e566fbb,Zn2C36H22N6O8,1|1|1|1,0.8751666666666666,0.8455588029917751,0.015741472610917445,,0.913237230595694,83.80258299999355,2.93315,0.83426434,0.6433333333333333,1.0,1.0,1.0
photocatalytic MOFs with suitable band gaps,q2_photocatalysis,50,LEA no self-cleaning,5,qmof-cef46c3,Zn2C48H32N8O8,1|1|1|1,0.8751666666666666,0.8455588029917751,0.011455150570675017,,0.9131820003163714,83.80258299999355,2.913296,0.7895211,0.6433333333333333,1.0,1.0,1.0
photocatalytic MOFs with suitable band gaps,q2_photocatalysis,50,GraphSAGE only,1,qmof-ac6a77a,Zn4C76H44N8O16,1|1|1|1,0.8751666666666666,0.8455588029917751,0.0,0.2567529519189189,0.8751666666666666,0.03795800000716554,2.401359,0.82887956,0.6433333333333333,1.0,1.0,1.0
photocatalytic MOFs with suitable band gaps,q2_photocatalysis,50,GraphSAGE only,2,qmof-13a76dd,Zn4C40H28N12O8,1|1|1|1,0.8751666666666666,0.8455588029917751,0.024587142061445556,0.25673107788369565,0.8751666666666666,0.03795800000716554,3.309168,0.982716063,0.6433333333333333,1.0,1.0,1.0
photocatalytic MOFs with suitable band gaps,q2_photocatalysis,50,GraphSAGE only,3,qmof-e566fbb,Zn2C36H22N6O8,1|1|1|1,0.8751666666666666,0.8455588029917751,0.016894984691351554,0.2563490934189189,0.8751666666666666,0.03795800000716554,2.93315,0.83426434,0.6433333333333333,1.0,1.0,1.0
photocatalytic MOFs with suitable band gaps,q2_photocatalysis,50,GraphSAGE only,4,qmof-cef46c3,Zn2C48H32N8O8,1|1|1|1,0.8751666666666666,0.8455588029917751,0.011707066035179967,0.2550716317857143,0.8751666666666666,0.03795800000716554,2.913296,0.7895211,0.6433333333333333,1.0,1.0,1.0
photocatalytic MOFs with suitable band gaps,q2_photocatalysis,50,GraphSAGE only,5,qmof-c0f392b,Zn2C44H38N6O12,1|1|1|1,0.8751666666666666,0.8455588029917751,0.014118840141140674,0.24506091082107842,0.8751666666666666,0.03795800000716554,2.464185,0.915527725,0.6433333333333333,1.0,1.0,1.0
photocatalytic MOFs with suitable band gaps,q2_photocatalysis,50,GAT only,1,qmof-13a76dd,Zn4C40H28N12O8,1|1|1|1,0.8751666666666666,0.8455588029917751,0.0,0.4066955434538043,0.8751666666666666,0.1023340000188,3.309168,0.982716063,0.6433333333333333,1.0,1.0,1.0
photocatalytic MOFs with suitable band gaps,q2_photocatalysis,50,GAT only,2,qmof-e566fbb,Zn2C36H22N6O8,1|1|1|1,0.8751666666666666,0.8455588029917751,0.010646336186496847,0.38600964091216217,0.8751666666666666,0.1023340000188,2.93315,0.83426434,0.6433333333333333,1.0,1.0,1.0
photocatalytic MOFs with suitable band gaps,q2_photocatalysis,50,GAT only,3,qmof-cef46c3,Zn2C48H32N8O8,1|1|1|1,0.8751666666666666,0.8455588029917751,0.008879749119702244,0.3846363647193877,0.8751666666666666,0.1023340000188,2.913296,0.7895211,0.6433333333333333,1.0,1.0,1.0
photocatalytic MOFs with suitable band gaps,q2_photocatalysis,50,GAT only,4,qmof-ac6a77a,Zn4C76H44N8O16,1|1|1|1,0.8751666666666666,0.8455588029917751,0.021697491707929076,0.35443872966216217,0.8751666666666666,0.1023340000188,2.401359,0.82887956,0.6433333333333333,1.0,1.0,1.0
photocatalytic MOFs with suitable band gaps,q2_photocatalysis,50,GAT only,5,qmof-c0f392b,Zn2C44H38N6O12,1|1|1|1,0.8751666666666666,0.8455588029917751,0.014118840141140673,0.3494541465992647,0.8751666666666666,0.1023340000188,2.464185,0.915527725,0.6433333333333333,1.0,1.0,1.0
photocatalytic MOFs with suitable band gaps,q2_photocatalysis,50,LEA + GraphSAGE,1,qmof-ac6a77a,Zn4C76H44N8O16,1|1|1|1,0.8751666666666666,0.8455588029917751,0.0,0.2567529519189189,0.8528186246098414,83.0226669999945,2.401359,0.82887956,0.6433333333333333,1.0,1.0,1.0
photocatalytic MOFs with suitable band gaps,q2_photocatalysis,50,LEA + GraphSAGE,2,qmof-13a76dd,Zn4C40H28N12O8,1|1|1|1,0.8751666666666666,0.8455588029917751,0.024587142061445556,0.25673107788369565,0.8528145697636382,83.0226669999945,3.309168,0.982716063,0.6433333333333333,1.0,1.0,1.0
photocatalytic MOFs with suitable band gaps,q2_photocatalysis,50,LEA + GraphSAGE,3,qmof-e566fbb,Zn2C36H22N6O8,1|1|1|1,0.8751666666666666,0.8455588029917751,0.016894984691351554,0.2563490934189189,0.8527437594114767,83.0226669999945,2.93315,0.83426434,0.6433333333333333,1.0,1.0,1.0
photocatalytic MOFs with suitable band gaps,q2_photocatalysis,50,LEA + GraphSAGE,4,qmof-cef46c3,Zn2C48H32N8O8,1|1|1|1,0.8751666666666666,0.8455588029917751,0.011707066035179967,0.2550716317857143,0.8525069375571631,83.0226669999945,2.913296,0.7895211,0.6433333333333333,1.0,1.0,1.0
photocatalytic MOFs with suitable band gaps,q2_photocatalysis,50,LEA + GraphSAGE,5,qmof-c0f392b,Zn2C44H38N6O12,1|1|1|1,0.8751666666666666,0.8455588029917751,0.014118840141140674,0.24506091082107842,0.8506504476854159,83.0226669999945,2.464185,0.915527725,0.6433333333333333,1.0,1.0,1.0
photocatalytic MOFs with suitable band gaps,q2_photocatalysis,50,LEA + GAT,1,qmof-13a76dd,Zn4C40H28N12O8,1|1|1|1,0.8751666666666666,0.8455588029917751,0.0,0.4066955434538043,0.8804529107250473,82.07979100001239,3.309168,0.982716063,0.6433333333333333,1.0,1.0,1.0
photocatalytic MOFs with suitable band gaps,q2_photocatalysis,50,LEA + GAT,2,qmof-e566fbb,Zn2C36H22N6O8,1|1|1|1,0.8751666666666666,0.8455588029917751,0.010646336186496847,0.38600964091216217,0.8766630407847081,82.07979100001239,2.93315,0.83426434,0.6433333333333333,1.0,1.0,1.0
photocatalytic MOFs with suitable band gaps,q2_photocatalysis,50,LEA + GAT,3,qmof-cef46c3,Zn2C48H32N8O8,1|1|1|1,0.8751666666666666,0.8455588029917751,0.008879749119702244,0.3846363647193877,0.8764111434131872,82.07979100001239,2.913296,0.7895211,0.6433333333333333,1.0,1.0,1.0
photocatalytic MOFs with suitable band gaps,q2_photocatalysis,50,LEA + GAT,4,qmof-ac6a77a,Zn4C76H44N8O16,1|1|1|1,0.8751666666666666,0.8455588029917751,0.021697491707929076,0.35443872966216217,0.8708632669342328,82.07979100001239,2.401359,0.82887956,0.6433333333333333,1.0,1.0,1.0
photocatalytic MOFs with suitable band gaps,q2_photocatalysis,50,LEA + GAT,5,qmof-c0f392b,Zn2C44H38N6O12,1|1|1|1,0.8751666666666666,0.8455588029917751,0.014118840141140673,0.3494541465992647,0.8699459647164715,82.07979100001239,2.464185,0.915527725,0.6433333333333333,1.0,1.0,1.0
photocatalytic MOFs with suitable band gaps,q2_photocatalysis,51,SemanticOnly,1,qmof-fcef258,CdC22H12N14O2S2,1|1|1|1,0.7551666666666667,0.8599925597215157,0.0,,0.7551666666666667,0.03170799999452356,3.156677,1.865289775,0.6433333333333333,1.0,0.7,0.7
photocatalytic MOFs with suitable band gaps,q2_photocatalysis,51,SemanticOnly,2,qmof-f667b4f,Cu4C20H12N8,1|1|1|1,0.7551666666666667,0.8599925597215157,0.015147326439275698,,0.7551666666666667,0.03170799999452356,2.903376,1.989658223,0.6433333333333333,1.0,0.7,0.7
photocatalytic MOFs with suitable band gaps,q2_photocatalysis,51,SemanticOnly,3,qmof-ee705c4,CuC18H26N4O8S2,1|1|1|1,0.7551666666666667,0.8599925597215157,0.02112996945039019,,0.7551666666666667,0.03170799999452356,2.785035,1.709711117,0.6433333333333333,1.0,0.7,0.7
photocatalytic MOFs with suitable band gaps,q2_photocatalysis,51,SemanticOnly,4,qmof-ee02e1d,Cu2V2C32F2H28N6O12P2,1|1|1|1,0.7551666666666667,0.8599925597215157,0.023812021560794924,,0.7551666666666667,0.03170799999452356,2.446337,1.92462827,0.6433333333333333,1.0,0.7,0.7
photocatalytic MOFs with suitable band gaps,q2_photocatalysis,51,SemanticOnly,5,qmof-e8cc479,Cd2C24H16N16,1|1|1|1,0.7551666666666667,0.8599925597215157,0.020333149204939772,,0.7551666666666667,0.03170799999452356,3.336391,1.94234503,0.6433333333333333,1.0,0.7,0.7
photocatalytic MOFs with suitable band gaps,q2_photocatalysis,51,WeightedSum,1,qmof-e566fbb,Zn2C36H22N6O8,1|1|1|1,0.8751666666666666,0.8455588029917751,0.0,,0.8751666666666666,0.047125000008918505,2.93315,0.83426434,0.6433333333333333,1.0,1.0,1.0
photocatalytic MOFs with suitable band gaps,q2_photocatalysis,51,WeightedSum,2,qmof-cef46c3,Zn2C48H32N8O8,1|1|1|1,0.8751666666666666,0.8455588029917751,0.007206297341252901,,0.8751666666666666,0.047125000008918505,2.913296,0.7895211,0.6433333333333333,1.0,1.0,1.0
photocatalytic MOFs with suitable band gaps,q2_photocatalysis,51,WeightedSum,3,qmof-c0f392b,Zn2C44H38N6O12,1|1|1|1,0.8751666666666666,0.8455588029917751,0.012066926313604693,,0.8751666666666666,0.047125000008918505,2.464185,0.915527725,0.6433333333333333,1.0,1.0,1.0
photocatalytic MOFs with suitable band gaps,q2_photocatalysis,51,WeightedSum,4,qmof-ac6a77a,Zn4C76H44N8O16,1|1|1|1,0.8751666666666666,0.8455588029917751,0.018368560155257573,,0.8751666666666666,0.047125000008918505,2.401359,0.82887956,0.6433333333333333,1.0,1.0,1.0
photocatalytic MOFs with suitable band gaps,q2_photocatalysis,51,WeightedSum,5,qmof-13a76dd,Zn4C40H28N12O8,1|1|1|1,0.8751666666666666,0.8455588029917751,0.01588195992000406,,0.8751666666666666,0.047125000008918505,3.309168,0.982716063,0.6433333333333333,1.0,1.0,1.0
photocatalytic MOFs with suitable band gaps,q2_photocatalysis,51,TOPSIS,1,qmof-e566fbb,Zn2C36H22N6O8,1|1|1|1,0.8751666666666666,0.8455588029917751,0.0,,0.8751666666666666,0.998708000025772,2.93315,0.83426434,0.6433333333333333,1.0,1.0,1.0
photocatalytic MOFs with suitable band gaps,q2_photocatalysis,51,TOPSIS,2,qmof-cef46c3,Zn2C48H32N8O8,1|1|1|1,0.8751666666666666,0.8455588029917751,0.007206297341252901,,0.8751666666666666,0.998708000025772,2.913296,0.7895211,0.6433333333333333,1.0,1.0,1.0
photocatalytic MOFs with suitable band gaps,q2_photocatalysis,51,TOPSIS,3,qmof-c0f392b,Zn2C44H38N6O12,1|1|1|1,0.8751666666666666,0.8455588029917751,0.012066926313604693,,0.8751666666666666,0.998708000025772,2.464185,0.915527725,0.6433333333333333,1.0,1.0,1.0
photocatalytic MOFs with suitable band gaps,q2_photocatalysis,51,TOPSIS,4,qmof-ac6a77a,Zn4C76H44N8O16,1|1|1|1,0.8751666666666666,0.8455588029917751,0.018368560155257573,,0.8751666666666666,0.998708000025772,2.401359,0.82887956,0.6433333333333333,1.0,1.0,1.0
photocatalytic MOFs with suitable band gaps,q2_photocatalysis,51,TOPSIS,5,qmof-13a76dd,Zn4C40H28N12O8,1|1|1|1,0.8751666666666666,0.8455588029917751,0.01588195992000406,,0.8751666666666666,0.998708000025772,3.309168,0.982716063,0.6433333333333333,1.0,1.0,1.0
photocatalytic MOFs with suitable band gaps,q2_photocatalysis,51,ParetoCrowding,1,qmof-ac6a77a,Zn4C76H44N8O16,1|1|1|1,0.8751666666666666,0.8455588029917751,0.0,,0.8751666666666666,219.24091700000758,2.401359,0.82887956,0.6433333333333333,1.0,1.0,1.0
photocatalytic MOFs with suitable band gaps,q2_photocatalysis,51,ParetoCrowding,2,qmof-cef46c3,Zn2C48H32N8O8,1|1|1|1,0.8751666666666666,0.8455588029917751,0.01736169986613541,,0.8751666666666666,219.24091700000758,2.913296,0.7895211,0.6433333333333333,1.0,1.0,1.0
photocatalytic MOFs with suitable band gaps,q2_photocatalysis,51,ParetoCrowding,3,qmof-e566fbb,Zn2C36H22N6O8,1|1|1|1,0.8751666666666666,0.8455588029917751,0.01517496526872958,,0.8751666666666666,219.24091700000758,2.93315,0.83426434,0.6433333333333333,1.0,1.0,1.0
photocatalytic MOFs with suitable band gaps,q2_photocatalysis,51,ParetoCrowding,4,qmof-c0f392b,Zn2C44H38N6O12,1|1|1|1,0.8751666666666666,0.8455588029917751,0.012911400010213481,,0.8751666666666666,219.24091700000758,2.464185,0.915527725,0.6433333333333333,1.0,1.0,1.0
photocatalytic MOFs with suitable band gaps,q2_photocatalysis,51,ParetoCrowding,5,qmof-13a76dd,Zn4C40H28N12O8,1|1|1|1,0.8751666666666666,0.8455588029917751,0.01588195992000406,,0.8751666666666666,219.24091700000758,3.309168,0.982716063,0.6433333333333333,1.0,1.0,1.0
photocatalytic MOFs with suitable band gaps,q2_photocatalysis,51,Random,1,qmof-add50d6,Cd2C64H56N4O8S8,1|1|1|1,0.7551666666666667,0.8599925597215157,0.0,,0.7551666666666667,0.047832999996444414,3.345886,1.654795548,0.6433333333333333,1.0,0.7,0.7
photocatalytic MOFs with suitable band gaps,q2_photocatalysis,51,Random,2,qmof-e566fbb,Zn2C36H22N6O8,1|1|1|1,0.8751666666666666,0.8455588029917751,0.032671731348991415,,0.8751666666666666,0.047832999996444414,2.93315,0.83426434,0.6433333333333333,1.0,1.0,1.0
photocatalytic MOFs with suitable band gaps,q2_photocatalysis,51,Random,3,qmof-67a153c,Zn4C52H36N12O16S4,1|1|1|1,0.7551666666666667,0.8599925597215157,0.020616299845119417,,0.7551666666666667,0.047832999996444414,2.972207,1.680840043,0.6433333333333333,1.0,0.7,0.7
photocatalytic MOFs with suitable band gaps,q2_photocatalysis,51,Random,4,qmof-a6c2dc0,Cu4C18H22N30,1|1|1|1,0.7551666666666667,0.8599925597215157,0.034301523556429785,,0.7551666666666667,0.047832999996444414,2.934213,1.903560919,0.6433333333333333,1.0,0.7,0.7
photocatalytic MOFs with suitable band gaps,q2_photocatalysis,51,Random,5,qmof-1275871,Cu2C16H16N2O10,1|1|1|1,0.7551666666666667,0.8599925597215157,0.02817996160399939,,0.7551666666666667,0.047832999996444414,3.266828,1.777869242,0.6433333333333333,1.0,0.7,0.7
photocatalytic MOFs with suitable band gaps,q2_photocatalysis,51,MMR,1,qmof-13a76dd,Zn4C40H28N12O8,1|1|1|1,0.8751666666666666,0.8455588029917751,0.0,,0.8751666666666666,2102.6559999999963,3.309168,0.982716063,0.6433333333333333,1.0,1.0,1.0
photocatalytic MOFs with suitable band gaps,q2_photocatalysis,51,MMR,2,qmof-ac6a77a,Zn4C76H44N8O16,1|1|1|1,0.8751666666666666,0.8455588029917751,0.024587142061445556,,0.8751666666666666,2102.6559999999963,2.401359,0.82887956,0.6433333333333333,1.0,1.0,1.0
photocatalytic MOFs with suitable band gaps,q2_photocatalysis,51,MMR,3,qmof-c0f392b,Zn2C44H38N6O12,1|1|1|1,0.8751666666666666,0.8455588029917751,0.016170753968676652,,0.8751666666666666,2102.6559999999963,2.464185,0.915527725,0.6433333333333333,1.0,1.0,1.0
photocatalytic MOFs with suitable band gaps,q2_photocatalysis,51,MMR,4,qmof-e566fbb,Zn2C36H22N6O8,1|1|1|1,0.8751666666666666,0.8455588029917751,0.015741472610917445,,0.8751666666666666,2102.6559999999963,2.93315,0.83426434,0.6433333333333333,1.0,1.0,1.0
photocatalytic MOFs with suitable band gaps,q2_photocatalysis,51,MMR,5,qmof-cef46c3,Zn2C48H32N8O8,1|1|1|1,0.8751666666666666,0.8455588029917751,0.011455150570675017,,0.8751666666666666,2102.6559999999963,2.913296,0.7895211,0.6433333333333333,1.0,1.0,1.0
photocatalytic MOFs with suitable band gaps,q2_photocatalysis,51,LEA,1,qmof-13a76dd,Zn4C40H28N12O8,1|1|1|1,0.8751666666666666,0.8455588029917751,0.0,,0.9597225469658441,83.79870799998912,3.309168,0.982716063,0.6433333333333333,1.0,1.0,1.0
photocatalytic MOFs with suitable band gaps,q2_photocatalysis,51,LEA,2,qmof-ac6a77a,Zn4C76H44N8O16,1|1|1|1,0.8751666666666666,0.8455588029917751,0.024587142061445556,,0.9143741015415897,83.79870799998912,2.401359,0.82887956,0.6433333333333333,1.0,1.0,1.0
photocatalytic MOFs with suitable band gaps,q2_photocatalysis,51,LEA,3,qmof-c0f392b,Zn2C44H38N6O12,1|1|1|1,0.8751666666666666,0.8455588029917751,0.016170753968676652,,0.9130905784958543,83.79870799998912,2.464185,0.915527725,0.6433333333333333,1.0,1.0,1.0
photocatalytic MOFs with suitable band gaps,q2_photocatalysis,51,LEA,4,qmof-cef46c3,Zn2C48H32N8O8,1|1|1|1,0.8751666666666666,0.8455588029917751,0.012871434980482389,,0.9127705946136937,83.79870799998912,2.913296,0.7895211,0.6433333333333333,1.0,1.0,1.0
photocatalytic MOFs with suitable band gaps,q2_photocatalysis,51,LEA,5,qmof-e566fbb,Zn2C36H22N6O8,1|1|1|1,0.8751666666666666,0.8455588029917751,0.013607678793501308,,0.9126374174748615,83.79870799998912,2.93315,0.83426434,0.6433333333333333,1.0,1.0,1.0
photocatalytic MOFs with suitable band gaps,q2_photocatalysis,51,LEA no diversity,1,qmof-13a76dd,Zn4C40H28N12O8,1|1|1|1,0.8751666666666666,0.8455588029917751,0.0,,0.9597225469658441,84.35987499998987,3.309168,0.982716063,0.6433333333333333,1.0,1.0,1.0
photocatalytic MOFs with suitable band gaps,q2_photocatalysis,51,LEA no diversity,2,qmof-ac6a77a,Zn4C76H44N8O16,1|1|1|1,0.8751666666666666,0.8455588029917751,0.024587142061445556,,0.9112570386397254,84.35987499998987,2.401359,0.82887956,0.6433333333333333,1.0,1.0,1.0
photocatalytic MOFs with suitable band gaps,q2_photocatalysis,51,LEA no diversity,3,qmof-c0f392b,Zn2C44H38N6O12,1|1|1|1,0.8751666666666666,0.8455588029917751,0.016170753968676652,,0.910836821684939,84.35987499998987,2.464185,0.915527725,0.6433333333333333,1.0,1.0,1.0
photocatalytic MOFs with suitable band gaps,q2_photocatalysis,51,LEA no diversity,4,qmof-cef46c3,Zn2C48H32N8O8,1|1|1|1,0.8751666666666666,0.8455588029917751,0.012871434980482389,,0.9107316810849272,84.35987499998987,2.913296,0.7895211,0.6433333333333333,1.0,1.0,1.0
photocatalytic MOFs with suitable band gaps,q2_photocatalysis,51,LEA no diversity,5,qmof-e566fbb,Zn2C36H22N6O8,1|1|1|1,0.8751666666666666,0.8455588029917751,0.013607678793501308,,0.9106878769196783,84.35987499998987,2.93315,0.83426434,0.6433333333333333,1.0,1.0,1.0
photocatalytic MOFs with suitable band gaps,q2_photocatalysis,51,LEA no self-cleaning,1,qmof-13a76dd,Zn4C40H28N12O8,1|1|1|1,0.8751666666666666,0.8455588029917751,0.0,,0.9597225469658441,86.23733400000333,3.309168,0.982716063,0.6433333333333333,1.0,1.0,1.0
photocatalytic MOFs with suitable band gaps,q2_photocatalysis,51,LEA no self-cleaning,2,qmof-ac6a77a,Zn4C76H44N8O16,1|1|1|1,0.8751666666666666,0.8455588029917751,0.024587142061445556,,0.9143741015415897,86.23733400000333,2.401359,0.82887956,0.6433333333333333,1.0,1.0,1.0
photocatalytic MOFs with suitable band gaps,q2_photocatalysis,51,LEA no self-cleaning,3,qmof-c0f392b,Zn2C44H38N6O12,1|1|1|1,0.8751666666666666,0.8455588029917751,0.016170753968676652,,0.9130905784958543,86.23733400000333,2.464185,0.915527725,0.6433333333333333,1.0,1.0,1.0
photocatalytic MOFs with suitable band gaps,q2_photocatalysis,51,LEA no self-cleaning,4,qmof-cef46c3,Zn2C48H32N8O8,1|1|1|1,0.8751666666666666,0.8455588029917751,0.012871434980482389,,0.9127705946136937,86.23733400000333,2.913296,0.7895211,0.6433333333333333,1.0,1.0,1.0
photocatalytic MOFs with suitable band gaps,q2_photocatalysis,51,LEA no self-cleaning,5,qmof-e566fbb,Zn2C36H22N6O8,1|1|1|1,0.8751666666666666,0.8455588029917751,0.013607678793501308,,0.9126374174748615,86.23733400000333,2.93315,0.83426434,0.6433333333333333,1.0,1.0,1.0
photocatalytic MOFs with suitable band gaps,q2_photocatalysis,51,GraphSAGE only,1,qmof-ac6a77a,Zn4C76H44N8O16,1|1|1|1,0.8751666666666666,0.8455588029917751,0.0,0.2567529519189189,0.8751666666666666,0.036832999995795035,2.401359,0.82887956,0.6433333333333333,1.0,1.0,1.0
photocatalytic MOFs with suitable band gaps,q2_photocatalysis,51,GraphSAGE only,2,qmof-13a76dd,Zn4C40H28N12O8,1|1|1|1,0.8751666666666666,0.8455588029917751,0.024587142061445556,0.25673107788369565,0.8751666666666666,0.036832999995795035,3.309168,0.982716063,0.6433333333333333,1.0,1.0,1.0
photocatalytic MOFs with suitable band gaps,q2_photocatalysis,51,GraphSAGE only,3,qmof-e566fbb,Zn2C36H22N6O8,1|1|1|1,0.8751666666666666,0.8455588029917751,0.016894984691351554,0.2563490934189189,0.8751666666666666,0.036832999995795035,2.93315,0.83426434,0.6433333333333333,1.0,1.0,1.0
photocatalytic MOFs with suitable band gaps,q2_photocatalysis,51,GraphSAGE only,4,qmof-cef46c3,Zn2C48H32N8O8,1|1|1|1,0.8751666666666666,0.8455588029917751,0.011707066035179967,0.2550716317857143,0.8751666666666666,0.036832999995795035,2.913296,0.7895211,0.6433333333333333,1.0,1.0,1.0
photocatalytic MOFs with suitable band gaps,q2_photocatalysis,51,GraphSAGE only,5,qmof-c0f392b,Zn2C44H38N6O12,1|1|1|1,0.8751666666666666,0.8455588029917751,0.014118840141140674,0.24506091082107842,0.8751666666666666,0.036832999995795035,2.464185,0.915527725,0.6433333333333333,1.0,1.0,1.0
photocatalytic MOFs with suitable band gaps,q2_photocatalysis,51,GAT only,1,qmof-13a76dd,Zn4C40H28N12O8,1|1|1|1,0.8751666666666666,0.8455588029917751,0.0,0.4066955434538043,0.8751666666666666,0.03362500001458102,3.309168,0.982716063,0.6433333333333333,1.0,1.0,1.0
photocatalytic MOFs with suitable band gaps,q2_photocatalysis,51,GAT only,2,qmof-e566fbb,Zn2C36H22N6O8,1|1|1|1,0.8751666666666666,0.8455588029917751,0.010646336186496847,0.38600964091216217,0.8751666666666666,0.03362500001458102,2.93315,0.83426434,0.6433333333333333,1.0,1.0,1.0
photocatalytic MOFs with suitable band gaps,q2_photocatalysis,51,GAT only,3,qmof-cef46c3,Zn2C48H32N8O8,1|1|1|1,0.8751666666666666,0.8455588029917751,0.008879749119702244,0.3846363647193877,0.8751666666666666,0.03362500001458102,2.913296,0.7895211,0.6433333333333333,1.0,1.0,1.0
photocatalytic MOFs with suitable band gaps,q2_photocatalysis,51,GAT only,4,qmof-ac6a77a,Zn4C76H44N8O16,1|1|1|1,0.8751666666666666,0.8455588029917751,0.021697491707929076,0.35443872966216217,0.8751666666666666,0.03362500001458102,2.401359,0.82887956,0.6433333333333333,1.0,1.0,1.0
photocatalytic MOFs with suitable band gaps,q2_photocatalysis,51,GAT only,5,qmof-c0f392b,Zn2C44H38N6O12,1|1|1|1,0.8751666666666666,0.8455588029917751,0.014118840141140673,0.3494541465992647,0.8751666666666666,0.03362500001458102,2.464185,0.915527725,0.6433333333333333,1.0,1.0,1.0
photocatalytic MOFs with suitable band gaps,q2_photocatalysis,51,LEA + GraphSAGE,1,qmof-ac6a77a,Zn4C76H44N8O16,1|1|1|1,0.8751666666666666,0.8455588029917751,0.0,0.2567529519189189,0.8528186246098414,84.25695799999744,2.401359,0.82887956,0.6433333333333333,1.0,1.0,1.0
photocatalytic MOFs with suitable band gaps,q2_photocatalysis,51,LEA + GraphSAGE,2,qmof-13a76dd,Zn4C40H28N12O8,1|1|1|1,0.8751666666666666,0.8455588029917751,0.024587142061445556,0.25673107788369565,0.8528145697636382,84.25695799999744,3.309168,0.982716063,0.6433333333333333,1.0,1.0,1.0
photocatalytic MOFs with suitable band gaps,q2_photocatalysis,51,LEA + GraphSAGE,3,qmof-e566fbb,Zn2C36H22N6O8,1|1|1|1,0.8751666666666666,0.8455588029917751,0.016894984691351554,0.2563490934189189,0.8527437594114767,84.25695799999744,2.93315,0.83426434,0.6433333333333333,1.0,1.0,1.0
photocatalytic MOFs with suitable band gaps,q2_photocatalysis,51,LEA + GraphSAGE,4,qmof-cef46c3,Zn2C48H32N8O8,1|1|1|1,0.8751666666666666,0.8455588029917751,0.011707066035179967,0.2550716317857143,0.8525069375571631,84.25695799999744,2.913296,0.7895211,0.6433333333333333,1.0,1.0,1.0
photocatalytic MOFs with suitable band gaps,q2_photocatalysis,51,LEA + GraphSAGE,5,qmof-c0f392b,Zn2C44H38N6O12,1|1|1|1,0.8751666666666666,0.8455588029917751,0.014118840141140674,0.24506091082107842,0.8506504476854159,84.25695799999744,2.464185,0.915527725,0.6433333333333333,1.0,1.0,1.0
photocatalytic MOFs with suitable band gaps,q2_photocatalysis,51,LEA + GAT,1,qmof-13a76dd,Zn4C40H28N12O8,1|1|1|1,0.8751666666666666,0.8455588029917751,0.0,0.4066955434538043,0.8804529107250473,83.23141700000747,3.309168,0.982716063,0.6433333333333333,1.0,1.0,1.0
photocatalytic MOFs with suitable band gaps,q2_photocatalysis,51,LEA + GAT,2,qmof-e566fbb,Zn2C36H22N6O8,1|1|1|1,0.8751666666666666,0.8455588029917751,0.010646336186496847,0.38600964091216217,0.8766630407847081,83.23141700000747,2.93315,0.83426434,0.6433333333333333,1.0,1.0,1.0
photocatalytic MOFs with suitable band gaps,q2_photocatalysis,51,LEA + GAT,3,qmof-cef46c3,Zn2C48H32N8O8,1|1|1|1,0.8751666666666666,0.8455588029917751,0.008879749119702244,0.3846363647193877,0.8764111434131872,83.23141700000747,2.913296,0.7895211,0.6433333333333333,1.0,1.0,1.0
photocatalytic MOFs with suitable band gaps,q2_photocatalysis,51,LEA + GAT,4,qmof-ac6a77a,Zn4C76H44N8O16,1|1|1|1,0.8751666666666666,0.8455588029917751,0.021697491707929076,0.35443872966216217,0.8708632669342328,83.23141700000747,2.401359,0.82887956,0.6433333333333333,1.0,1.0,1.0
photocatalytic MOFs with suitable band gaps,q2_photocatalysis,51,LEA + GAT,5,qmof-c0f392b,Zn2C44H38N6O12,1|1|1|1,0.8751666666666666,0.8455588029917751,0.014118840141140673,0.3494541465992647,0.8699459647164715,83.23141700000747,2.464185,0.915527725,0.6433333333333333,1.0,1.0,1.0
lightweight gas storage MOFs with low density,q3_lightweight_storage,42,SemanticOnly,1,qmof-ff091c1,Al4Br2C36H13N3O20,1|0|1|1,0.894446371519854,0.8720473443567199,0.0,,0.894446371519854,0.03545900000290203,,0.74023469,0.7285714285714285,0.0,1.0,1.0
lightweight gas storage MOFs with low density,q3_lightweight_storage,42,SemanticOnly,2,qmof-fde6499,Zn16C96F4H36N8O52S16,1|0|1|1,0.894446371519854,0.8720473443567199,0.037331810669876495,,0.894446371519854,0.03545900000290203,,0.553145476,0.7285714285714285,0.0,1.0,1.0
lightweight gas storage MOFs with low density,q3_lightweight_storage,42,SemanticOnly,3,qmof-fbe14b0,Zr6C92H62N10O40,1|0|1|1,0.894446371519854,0.8720473443567199,0.029030339247067258,,0.894446371519854,0.03545900000290203,,0.847421382,0.7285714285714285,0.0,1.0,1.0
lightweight gas storage MOFs with low density,q3_lightweight_storage,42,SemanticOnly,4,qmof-fa666a1,Zn2C52H34N2O8,1|0|1|1,0.894446371519854,0.8720473443567199,0.030241510397458076,,0.894446371519854,0.03545900000290203,,0.43042892,0.7285714285714285,0.0,1.0,1.0
lightweight gas storage MOFs with low density,q3_lightweight_storage,42,SemanticOnly,5,qmof-f82b5e3,Zn4Br8C76F24H8O16,1|0|1|1,0.894446371519854,0.8720473443567199,0.02804288666769738,,0.894446371519854,0.03545900000290203,,0.472428446,0.7285714285714285,0.0,1.0,1.0
lightweight gas storage MOFs with low density,q3_lightweight_storage,42,WeightedSum,1,qmof-e566fbb,Zn2C36H22N6O8,1|1|1|1,0.9173960253168174,0.882467980914969,0.0,,0.9173960253168174,0.050041999998029496,2.93315,0.83426434,0.7285714285714285,1.0,1.0,1.0
lightweight gas storage MOFs with low density,q3_lightweight_storage,42,WeightedSum,2,qmof-cef46c3,Zn2C48H32N8O8,1|1|1|1,0.9173960253168174,0.882467980914969,0.007206297341252901,,0.9173960253168174,0.050041999998029496,2.913296,0.7895211,0.7285714285714285,1.0,1.0,1.0
lightweight gas storage MOFs with low density,q3_lightweight_storage,42,WeightedSum,3,qmof-c0f392b,Zn2C44H38N6O12,1|1|1|1,0.9173960253168174,0.882467980914969,0.012066926313604693,,0.9173960253168174,0.050041999998029496,2.464185,0.915527725,0.7285714285714285,1.0,1.0,1.0
lightweight gas storage MOFs with low density,q3_lightweight_storage,42,WeightedSum,4,qmof-ac6a77a,Zn4C76H44N8O16,1|1|1|1,0.9173960253168174,0.882467980914969,0.018368560155257573,,0.9173960253168174,0.050041999998029496,2.401359,0.82887956,0.7285714285714285,1.0,1.0,1.0
lightweight gas storage MOFs with low density,q3_lightweight_storage,42,WeightedSum,5,qmof-a1a5849,Fe2C24H16N8,1|1|1|1,0.9173960253168174,0.882467980914969,0.01962893153373782,,0.9173960253168174,0.050041999998029496,2.75343,0.925170256,0.7285714285714285,1.0,1.0,1.0
lightweight gas storage MOFs with low density,q3_lightweight_storage,42,TOPSIS,1,qmof-e566fbb,Zn2C36H22N6O8,1|1|1|1,0.9173960253168174,0.882467980914969,0.0,,0.9173960253168174,1.0512910000102238,2.93315,0.83426434,0.7285714285714285,1.0,1.0,1.0
lightweight gas storage MOFs with low density,q3_lightweight_storage,42,TOPSIS,2,qmof-cef46c3,Zn2C48H32N8O8,1|1|1|1,0.9173960253168174,0.882467980914969,0.007206297341252901,,0.9173960253168174,1.0512910000102238,2.913296,0.7895211,0.7285714285714285,1.0,1.0,1.0
lightweight gas storage MOFs with low density,q3_lightweight_storage,42,TOPSIS,3,qmof-c0f392b,Zn2C44H38N6O12,1|1|1|1,0.9173960253168174,0.882467980914969,0.012066926313604693,,0.9173960253168174,1.0512910000102238,2.464185,0.915527725,0.7285714285714285,1.0,1.0,1.0
lightweight gas storage MOFs with low density,q3_lightweight_storage,42,TOPSIS,4,qmof-ac6a77a,Zn4C76H44N8O16,1|1|1|1,0.9173960253168174,0.882467980914969,0.018368560155257573,,0.9173960253168174,1.0512910000102238,2.401359,0.82887956,0.7285714285714285,1.0,1.0,1.0
lightweight gas storage MOFs with low density,q3_lightweight_storage,42,TOPSIS,5,qmof-a1a5849,Fe2C24H16N8,1|1|1|1,0.9173960253168174,0.882467980914969,0.01962893153373782,,0.9173960253168174,1.0512910000102238,2.75343,0.925170256,0.7285714285714285,1.0,1.0,1.0
lightweight gas storage MOFs with low density,q3_lightweight_storage,42,ParetoCrowding,1,qmof-e7e4053,Zn2C18F12N2O8,1|0|1|1,0.894446371519854,0.8720473443567199,0.0,,0.894446371519854,223.99533299997643,,0.986279448,0.7285714285714285,0.0,1.0,1.0
lightweight gas storage MOFs with low density,q3_lightweight_storage,42,ParetoCrowding,2,qmof-efd24b7,Cu12C96H72N36,1|0|1|1,0.894446371519854,0.8720473443567199,0.06069083404665096,,0.894446371519854,223.99533299997643,,0.108516432,0.7285714285714285,0.0,1.0,1.0
lightweight gas storage MOFs with low density,q3_lightweight_storage,42,ParetoCrowding,3,qmof-235f291,Ni2C24H16N8,1|1|1|1,0.9173960253168174,0.882467980914969,0.0408637735463466,,0.9173960253168174,223.99533299997643,3.336142,0.870801372,0.7285714285714285,1.0,1.0,1.0
lightweight gas storage MOFs with low density,q3_lightweight_storage,42,ParetoCrowding,4,qmof-308beb7,Cu12C84H72N28,1|0|1|1,0.894446371519854,0.8720473443567199,0.03758121093697006,,0.894446371519854,223.99533299997643,,0.13641413,0.7285714285714285,0.0,1.0,1.0
lightweight gas storage MOFs with low density,q3_lightweight_storage,42,ParetoCrowding,5,qmof-72aa3fa,Zn16Br8C96Cl4H20O52S16,1|0|1|1,0.894446371519854,0.8720473443567199,0.04293037093821638,,0.894446371519854,223.99533299997643,,0.636248691,0.7285714285714285,0.0,1.0,1.0
lightweight gas storage MOFs with low density,q3_lightweight_storage,42,Random,1,qmof-8c2e3e2,Zn4Br8C96F8H36N4O16,1|0|1|1,0.894446371519854,0.8720473443567199,0.0,,0.894446371519854,0.047249999994392056,,0.553038798,0.7285714285714285,0.0,1.0,1.0
lightweight gas storage MOFs with low density,q3_lightweight_storage,42,Random,2,qmof-5ec1870,Zr6C88Cl4H38N10O52,1|0|1|1,0.894446371519854,0.8720473443567199,0.020345019217617562,,0.894446371519854,0.047249999994392056,,0.938490385,0.7285714285714285,0.0,1.0,1.0
lightweight gas storage MOFs with low density,q3_lightweight_storage,42,Random,3,qmof-74d6dbe,Zn4C68H44N12O16,1|0|1|1,0.894446371519854,0.8720473443567199,0.020470431045962696,,0.894446371519854,0.047249999994392056,,0.86127672,0.7285714285714285,0.0,1.0,1.0
lightweight gas storage MOFs with low density,q3_lightweight_storage,42,Random,4,qmof-14332ab,Zn8C70Cl6H36O29,1|0|1|1,0.894446371519854,0.8720473443567199,0.015093197429207434,,0.894446371519854,0.047249999994392056,,0.794627551,0.7285714285714285,0.0,1.0,1.0
lightweight gas storage MOFs with low density,q3_lightweight_storage,42,Random,5,qmof-d038f1b,AlC48H27O12,1|0|1|1,0.894446371519854,0.8720473443567199,0.027458827289334343,,0.894446371519854,0.047249999994392056,,0.681506966,0.7285714285714285,0.0,1.0,1.0
lightweight gas storage MOFs with low density,q3_lightweight_storage,42,MMR,1,qmof-13a76dd,Zn4C40H28N12O8,1|1|1|1,0.9173960253168174,0.882467980914969,0.0,,0.9173960253168174,2095.150749999988,3.309168,0.982716063,0.7285714285714285,1.0,1.0,1.0
lightweight gas storage MOFs with low density,q3_lightweight_storage,42,MMR,2,qmof-ac6a77a,Zn4C76H44N8O16,1|1|1|1,0.9173960253168174,0.882467980914969,0.024587142061445556,,0.9173960253168174,2095.150749999988,2.401359,0.82887956,0.7285714285714285,1.0,1.0,1.0
lightweight gas storage MOFs with low density,q3_lightweight_storage,42,MMR,3,qmof-a1a5849,Fe2C24H16N8,1|1|1|1,0.9173960253168174,0.882467980914969,0.024007641068891222,,0.9173960253168174,2095.150749999988,2.75343,0.925170256,0.7285714285714285,1.0,1.0,1.0
lightweight gas storage MOFs with low density,q3_lightweight_storage,42,MMR,4,qmof-c0f392b,Zn2C44H38N6O12,1|1|1|1,0.9173960253168174,0.882467980914969,0.017196445679571768,,0.9173960253168174,2095.150749999988,2.464185,0.915527725,0.7285714285714285,1.0,1.0,1.0
lightweight gas storage MOFs with low density,q3_lightweight_storage,42,MMR,5,qmof-235f291,Ni2C24H16N8,1|1|1|1,0.9173960253168174,0.882467980914969,0.021337456906993173,,0.9173960253168174,2095.150749999988,3.336142,0.870801372,0.7285714285714285,1.0,1.0,1.0
lightweight gas storage MOFs with low density,q3_lightweight_storage,42,LEA,1,qmof-13a76dd,Zn4C40H28N12O8,1|1|1|1,0.9173960253168174,0.882467980914969,0.0,,1.0056428234083143,84.21604200000843,3.309168,0.982716063,0.7285714285714285,1.0,1.0,1.0
lightweight gas storage MOFs with low density,q3_lightweight_storage,42,LEA,2,qmof-ac6a77a,Zn4C76H44N8O16,1|1|1|1,0.9173960253168174,0.882467980914969,0.024587142061445556,,0.9599453698416591,84.21604200000843,2.401359,0.82887956,0.7285714285714285,1.0,1.0,1.0
lightweight gas storage MOFs with low density,q3_lightweight_storage,42,LEA,3,qmof-a1a5849,Fe2C24H16N8,1|1|1|1,0.9173960253168174,0.882467980914969,0.024007641068891222,,0.9587794075835403,84.21604200000843,2.75343,0.925170256,0.7285714285714285,1.0,1.0,1.0
lightweight gas storage MOFs with low density,q3_lightweight_storage,42,LEA,4,qmof-c0f392b,Zn2C44H38N6O12,1|1|1|1,0.9173960253168174,0.882467980914969,0.017196445679571768,,0.9587050093609705,84.21604200000843,2.464185,0.915527725,0.7285714285714285,1.0,1.0,1.0
lightweight gas storage MOFs with low density,q3_lightweight_storage,42,LEA,5,qmof-235f291,Ni2C24H16N8,1|1|1|1,0.9173960253168174,0.882467980914969,0.021337456906993173,,0.9586592816529361,84.21604200000843,3.336142,0.870801372,0.7285714285714285,1.0,1.0,1.0
lightweight gas storage MOFs with low density,q3_lightweight_storage,42,LEA no diversity,1,qmof-13a76dd,Zn4C40H28N12O8,1|1|1|1,0.9173960253168174,0.882467980914969,0.0,,1.0056428234083143,83.8090419999844,3.309168,0.982716063,0.7285714285714285,1.0,1.0,1.0
lightweight gas storage MOFs with low density,q3_lightweight_storage,42,LEA no diversity,2,qmof-ac6a77a,Zn4C76H44N8O16,1|1|1|1,0.9173960253168174,0.882467980914969,0.024587142061445556,,0.957063293659068,83.8090419999844,2.401359,0.82887956,0.7285714285714285,1.0,1.0,1.0
lightweight gas storage MOFs with low density,q3_lightweight_storage,42,LEA no diversity,3,qmof-a1a5849,Fe2C24H16N8,1|1|1|1,0.9173960253168174,0.882467980914969,0.024007641068891222,,0.956681064118097,83.8090419999844,2.75343,0.925170256,0.7285714285714285,1.0,1.0,1.0
lightweight gas storage MOFs with low density,q3_lightweight_storage,42,LEA no diversity,4,qmof-c0f392b,Zn2C44H38N6O12,1|1|1|1,0.9173960253168174,0.882467980914969,0.017196445679571768,,0.9566566063072589,83.8090419999844,2.464185,0.915527725,0.7285714285714285,1.0,1.0,1.0
lightweight gas storage MOFs with low density,q3_lightweight_storage,42,LEA no diversity,5,qmof-235f291,Ni2C24H16N8,1|1|1|1,0.9173960253168174,0.882467980914969,0.021337456906993173,,0.9566415696266136,83.8090419999844,3.336142,0.870801372,0.7285714285714285,1.0,1.0,1.0
lightweight gas storage MOFs with low density,q3_lightweight_storage,42,LEA no self-cleaning,1,qmof-13a76dd,Zn4C40H28N12O8,1|1|1|1,0.9173960253168174,0.882467980914969,0.0,,1.0056428234083143,83.53220799997985,3.309168,0.982716063,0.7285714285714285,1.0,1.0,1.0
lightweight gas storage MOFs with low density,q3_lightweight_storage,42,LEA no self-cleaning,2,qmof-ac6a77a,Zn4C76H44N8O16,1|1|1|1,0.9173960253168174,0.882467980914969,0.024587142061445556,,0.9599453698416591,83.53220799997985,2.401359,0.82887956,0.7285714285714285,1.0,1.0,1.0
lightweight gas storage MOFs with low density,q3_lightweight_storage,42,LEA no self-cleaning,3,qmof-a1a5849,Fe2C24H16N8,1|1|1|1,0.9173960253168174,0.882467980914969,0.024007641068891222,,0.9587794075835403,83.53220799997985,2.75343,0.925170256,0.7285714285714285,1.0,1.0,1.0
lightweight gas storage MOFs with low density,q3_lightweight_storage,42,LEA no self-cleaning,4,qmof-c0f392b,Zn2C44H38N6O12,1|1|1|1,0.9173960253168174,0.882467980914969,0.017196445679571768,,0.9587050093609705,83.53220799997985,2.464185,0.915527725,0.7285714285714285,1.0,1.0,1.0
lightweight gas storage MOFs with low density,q3_lightweight_storage,42,LEA no self-cleaning,5,qmof-235f291,Ni2C24H16N8,1|1|1|1,0.9173960253168174,0.882467980914969,0.021337456906993173,,0.9586592816529361,83.53220799997985,3.336142,0.870801372,0.7285714285714285,1.0,1.0,1.0
lightweight gas storage MOFs with low density,q3_lightweight_storage,42,GraphSAGE only,1,qmof-235f291,Ni2C24H16N8,1|1|1|1,0.9173960253168174,0.882467980914969,0.0,0.2626898971,0.9173960253168174,0.03754200000116725,3.336142,0.870801372,0.7285714285714285,1.0,1.0,1.0
lightweight gas storage MOFs with low density,q3_lightweight_storage,42,GraphSAGE only,2,qmof-a1a5849,Fe2C24H16N8,1|1|1|1,0.9173960253168174,0.882467980914969,0.011319438610969042,0.2586122308,0.9173960253168174,0.03754200000116725,2.75343,0.925170256,0.7285714285714285,1.0,1.0,1.0
lightweight gas storage MOFs with low density,q3_lightweight_storage,42,GraphSAGE only,3,qmof-ac6a77a,Zn4C76H44N8O16,1|1|1|1,0.9173960253168174,0.882467980914969,0.032294819024239745,0.2567529519189189,0.9173960253168174,0.03754200000116725,2.401359,0.82887956,0.7285714285714285,1.0,1.0,1.0
lightweight gas storage MOFs with low density,q3_lightweight_storage,42,GraphSAGE only,4,qmof-13a76dd,Zn4C40H28N12O8,1|1|1|1,0.9173960253168174,0.882467980914969,0.01900433358340829,0.25673107788369565,0.9173960253168174,0.03754200000116725,3.309168,0.982716063,0.7285714285714285,1.0,1.0,1.0
lightweight gas storage MOFs with low density,q3_lightweight_storage,42,GraphSAGE only,5,qmof-e566fbb,Zn2C36H22N6O8,1|1|1|1,0.9173960253168174,0.882467980914969,0.015052182145351823,0.2563490934189189,0.9173960253168174,0.03754200000116725,2.93315,0.83426434,0.7285714285714285,1.0,1.0,1.0
lightweight gas storage MOFs with low density,q3_lightweight_storage,42,GAT only,1,qmof-235f291,Ni2C24H16N8,1|1|1|1,0.9173960253168174,0.882467980914969,0.0,0.41374343425000004,0.9173960253168174,0.0340420000100039,3.336142,0.870801372,0.7285714285714285,1.0,1.0,1.0
lightweight gas storage MOFs with low density,q3_lightweight_storage,42,GAT only,2,qmof-13a76dd,Zn4C40H28N12O8,1|1|1|1,0.9173960253168174,0.882467980914969,0.01461054884391458,0.4066955434538043,0.9173960253168174,0.0340420000100039,3.309168,0.982716063,0.7285714285714285,1.0,1.0,1.0
lightweight gas storage MOFs with low density,q3_lightweight_storage,42,GAT only,3,qmof-e566fbb,Zn2C36H22N6O8,1|1|1|1,0.9173960253168174,0.882467980914969,0.0123384947530898,0.38600964091216217,0.9173960253168174,0.0340420000100039,2.93315,0.83426434,0.7285714285714285,1.0,1.0,1.0
lightweight gas storage MOFs with low density,q3_lightweight_storage,42,GAT only,4,qmof-cef46c3,Zn2C48H32N8O8,1|1|1|1,0.9173960253168174,0.882467980914969,0.01194176634097749,0.3846363647193877,0.9173960253168174,0.0340420000100039,2.913296,0.7895211,0.7285714285714285,1.0,1.0,1.0
lightweight gas storage MOFs with low density,q3_lightweight_storage,42,GAT only,5,qmof-a1a5849,Fe2C24H16N8,1|1|1|1,0.9173960253168174,0.882467980914969,0.014550668299126329,0.375382659,0.9173960253168174,0.0340420000100039,2.75343,0.925170256,0.7285714285714285,1.0,1.0,1.0
lightweight gas storage MOFs with low density,q3_lightweight_storage,42,LEA + GraphSAGE,1,qmof-235f291,Ni2C24H16N8,1|1|1|1,0.9173960253168174,0.882467980914969,0.0,0.2626898971,0.890422453604159,82.51045899999099,3.336142,0.870801372,0.7285714285714285,1.0,1.0,1.0
lightweight gas storage MOFs with low density,q3_lightweight_storage,42,LEA + GraphSAGE,2,qmof-a1a5849,Fe2C24H16N8,1|1|1|1,0.9173960253168174,0.882467980914969,0.011319438610969042,0.2586122308,0.8896589158338799,82.51045899999099,2.75343,0.925170256,0.7285714285714285,1.0,1.0,1.0
lightweight gas storage MOFs with low density,q3_lightweight_storage,42,LEA + GraphSAGE,3,qmof-ac6a77a,Zn4C76H44N8O16,1|1|1|1,0.9173960253168174,0.882467980914969,0.032294819024239745,0.2567529519189189,0.889310727790172,82.51045899999099,2.401359,0.82887956,0.7285714285714285,1.0,1.0,1.0
lightweight gas storage MOFs with low density,q3_lightweight_storage,42,LEA + GraphSAGE,4,qmof-13a76dd,Zn4C40H28N12O8,1|1|1|1,0.9173960253168174,0.882467980914969,0.01900433358340829,0.25673107788369565,0.889306631279467,82.51045899999099,3.309168,0.982716063,0.7285714285714285,1.0,1.0,1.0
lightweight gas storage MOFs with low density,q3_lightweight_storage,42,LEA + GraphSAGE,5,qmof-e566fbb,Zn2C36H22N6O8,1|1|1|1,0.9173960253168174,0.882467980914969,0.015052182145351823,0.2563490934189189,0.8892350936928863,82.51045899999099,2.93315,0.83426434,0.7285714285714285,1.0,1.0,1.0
lightweight gas storage MOFs with low density,q3_lightweight_storage,42,LEA + GAT,1,qmof-235f291,Ni2C24H16N8,1|1|1|1,0.9173960253168174,0.882467980914969,0.0,0.41374343425000004,0.9185996755737323,82.88312499999506,3.336142,0.870801372,0.7285714285714285,1.0,1.0,1.0
lightweight gas storage MOFs with low density,q3_lightweight_storage,42,LEA + GAT,2,qmof-13a76dd,Zn4C40H28N12O8,1|1|1|1,0.9173960253168174,0.882467980914969,0.01461054884391458,0.4066955434538043,0.9172906974808295,82.88312499999506,3.309168,0.982716063,0.7285714285714285,1.0,1.0,1.0
lightweight gas storage MOFs with low density,q3_lightweight_storage,42,LEA + GAT,3,qmof-e566fbb,Zn2C36H22N6O8,1|1|1|1,0.9173960253168174,0.882467980914969,0.0123384947530898,0.38600964091216217,0.9134449534198168,82.88312499999506,2.93315,0.83426434,0.7285714285714285,1.0,1.0,1.0
lightweight gas storage MOFs with low density,q3_lightweight_storage,42,LEA + GAT,4,qmof-cef46c3,Zn2C48H32N8O8,1|1|1|1,0.9173960253168174,0.882467980914969,0.01194176634097749,0.3846363647193877,0.9131894522669348,82.88312499999506,2.913296,0.7895211,0.7285714285714285,1.0,1.0,1.0
lightweight gas storage MOFs with low density,q3_lightweight_storage,42,LEA + GAT,5,qmof-a1a5849,Fe2C24H16N8,1|1|1|1,0.9173960253168174,0.882467980914969,0.014550668299126329,0.375382659,0.9114671798642818,82.88312499999506,2.75343,0.925170256,0.7285714285714285,1.0,1.0,1.0
lightweight gas storage MOFs with low density,q3_lightweight_storage,43,SemanticOnly,1,qmof-f7fa6b1,Zn4C46H36N16O2,1|0|1|1,0.894446371519854,0.8720473443567199,0.0,,0.894446371519854,0.03450000002658271,,0.979531959,0.7285714285714285,0.0,1.0,1.0
lightweight gas storage MOFs with low density,q3_lightweight_storage,43,SemanticOnly,2,qmof-f1c514f,Zn16C112Cl4F16H36O52S8,1|0|1|1,0.894446371519854,0.8720473443567199,0.038965326937621746,,0.894446371519854,0.03450000002658271,,0.647411247,0.7285714285714285,0.0,1.0,1.0
lightweight gas storage MOFs with low density,q3_lightweight_storage,43,SemanticOnly,3,qmof-eeaea8a,Al2C72H24O60,1|0|1|1,0.894446371519854,0.8720473443567199,0.030064282574846925,,0.894446371519854,0.03450000002658271,,0.969624937,0.7285714285714285,0.0,1.0,1.0
lightweight gas storage MOFs with low density,q3_lightweight_storage,43,SemanticOnly,4,qmof-eeabd2e,Zn2C54H40N2O16,1|0|1|1,0.894446371519854,0.8720473443567199,0.025159575638307615,,0.894446371519854,0.03450000002658271,,0.577929972,0.7285714285714285,0.0,1.0,1.0
lightweight gas storage MOFs with low density,q3_lightweight_storage,43,SemanticOnly,5,qmof-ed20cf9,Al2C42Cl12H12N6O12,1|0|1|1,0.894446371519854,0.8720473443567199,0.026555664834614273,,0.894446371519854,0.03450000002658271,,0.782897864,0.7285714285714285,0.0,1.0,1.0
lightweight gas storage MOFs with low density,q3_lightweight_storage,43,WeightedSum,1,qmof-e566fbb,Zn2C36H22N6O8,1|1|1|1,0.9173960253168174,0.882467980914969,0.0,,0.9173960253168174,0.04995899999471476,2.93315,0.83426434,0.7285714285714285,1.0,1.0,1.0
lightweight gas storage MOFs with low density,q3_lightweight_storage,43,WeightedSum,2,qmof-cef46c3,Zn2C48H32N8O8,1|1|1|1,0.9173960253168174,0.882467980914969,0.007206297341252901,,0.9173960253168174,0.04995899999471476,2.913296,0.7895211,0.7285714285714285,1.0,1.0,1.0
lightweight gas storage MOFs with low density,q3_lightweight_storage,43,WeightedSum,3,qmof-c0f392b,Zn2C44H38N6O12,1|1|1|1,0.9173960253168174,0.882467980914969,0.012066926313604693,,0.9173960253168174,0.04995899999471476,2.464185,0.915527725,0.7285714285714285,1.0,1.0,1.0
lightweight gas storage MOFs with low density,q3_lightweight_storage,43,WeightedSum,4,qmof-ac6a77a,Zn4C76H44N8O16,1|1|1|1,0.9173960253168174,0.882467980914969,0.018368560155257573,,0.9173960253168174,0.04995899999471476,2.401359,0.82887956,0.7285714285714285,1.0,1.0,1.0
lightweight gas storage MOFs with low density,q3_lightweight_storage,43,WeightedSum,5,qmof-a1a5849,Fe2C24H16N8,1|1|1|1,0.9173960253168174,0.882467980914969,0.01962893153373782,,0.9173960253168174,0.04995899999471476,2.75343,0.925170256,0.7285714285714285,1.0,1.0,1.0
lightweight gas storage MOFs with low density,q3_lightweight_storage,43,TOPSIS,1,qmof-e566fbb,Zn2C36H22N6O8,1|1|1|1,0.9173960253168174,0.882467980914969,0.0,,0.9173960253168174,1.0426670000072136,2.93315,0.83426434,0.7285714285714285,1.0,1.0,1.0
lightweight gas storage MOFs with low density,q3_lightweight_storage,43,TOPSIS,2,qmof-cef46c3,Zn2C48H32N8O8,1|1|1|1,0.9173960253168174,0.882467980914969,0.007206297341252901,,0.9173960253168174,1.0426670000072136,2.913296,0.7895211,0.7285714285714285,1.0,1.0,1.0
lightweight gas storage MOFs with low density,q3_lightweight_storage,43,TOPSIS,3,qmof-c0f392b,Zn2C44H38N6O12,1|1|1|1,0.9173960253168174,0.882467980914969,0.012066926313604693,,0.9173960253168174,1.0426670000072136,2.464185,0.915527725,0.7285714285714285,1.0,1.0,1.0
lightweight gas storage MOFs with low density,q3_lightweight_storage,43,TOPSIS,4,qmof-ac6a77a,Zn4C76H44N8O16,1|1|1|1,0.9173960253168174,0.882467980914969,0.018368560155257573,,0.9173960253168174,1.0426670000072136,2.401359,0.82887956,0.7285714285714285,1.0,1.0,1.0
lightweight gas storage MOFs with low density,q3_lightweight_storage,43,TOPSIS,5,qmof-a1a5849,Fe2C24H16N8,1|1|1|1,0.9173960253168174,0.882467980914969,0.01962893153373782,,0.9173960253168174,1.0426670000072136,2.75343,0.925170256,0.7285714285714285,1.0,1.0,1.0
lightweight gas storage MOFs with low density,q3_lightweight_storage,43,ParetoCrowding,1,qmof-e7e4053,Zn2C18F12N2O8,1|0|1|1,0.894446371519854,0.8720473443567199,0.0,,0.894446371519854,219.02808299998355,,0.986279448,0.7285714285714285,0.0,1.0,1.0
lightweight gas storage MOFs with low density,q3_lightweight_storage,43,ParetoCrowding,2,qmof-aa022aa,Cu12C72H36N72,1|0|1|1,0.894446371519854,0.8720473443567199,0.05865490992569096,,0.894446371519854,219.02808299998355,,0.168001387,0.7285714285714285,0.0,1.0,1.0
lightweight gas storage MOFs with low density,q3_lightweight_storage,43,ParetoCrowding,3,qmof-235f291,Ni2C24H16N8,1|1|1|1,0.9173960253168174,0.882467980914969,0.04075616897834176,,0.9173960253168174,219.02808299998355,3.336142,0.870801372,0.7285714285714285,1.0,1.0,1.0
lightweight gas storage MOFs with low density,q3_lightweight_storage,43,ParetoCrowding,4,qmof-a1a5849,Fe2C24H16N8,1|1|1|1,0.9173960253168174,0.882467980914969,0.030780522060576927,,0.9173960253168174,219.02808299998355,2.75343,0.925170256,0.7285714285714285,1.0,1.0,1.0
lightweight gas storage MOFs with low density,q3_lightweight_storage,43,ParetoCrowding,5,qmof-34626db,Cu12C108H84N24,1|0|1|1,0.894446371519854,0.8720473443567199,0.045389240610311854,,0.894446371519854,219.02808299998355,,0.166148304,0.7285714285714285,0.0,1.0,1.0
lightweight gas storage MOFs with low density,q3_lightweight_storage,43,Random,1,qmof-34626db,Cu12C108H84N24,1|0|1|1,0.894446371519854,0.8720473443567199,0.0,,0.894446371519854,0.04633300000023155,,0.166148304,0.7285714285714285,0.0,1.0,1.0
lightweight gas storage MOFs with low density,q3_lightweight_storage,43,Random,2,qmof-9642661,Al4C32F4H8O20S8,1|0|1|1,0.894446371519854,0.8720473443567199,0.05066283952887737,,0.894446371519854,0.04633300000023155,,0.929871853,0.7285714285714285,0.0,1.0,1.0
lightweight gas storage MOFs with low density,q3_lightweight_storage,43,Random,3,qmof-97d5d0e,Zn2C66H32N4O12,1|0|1|1,0.894446371519854,0.8720473443567199,0.029668958578290987,,0.894446371519854,0.04633300000023155,,0.240953128,0.7285714285714285,0.0,1.0,1.0
lightweight gas storage MOFs with low density,q3_lightweight_storage,43,Random,4,qmof-7af11ed,Al4C28ClH9N2O24,1|0|1|1,0.894446371519854,0.8720473443567199,0.030623083502493237,,0.894446371519854,0.04633300000023155,,0.736004085,0.7285714285714285,0.0,1.0,1.0
lightweight gas storage MOFs with low density,q3_lightweight_storage,43,Random,5,qmof-a1a5849,Fe2C24H16N8,1|1|1|1,0.9173960253168174,0.882467980914969,0.03585898480409244,,0.9173960253168174,0.04633300000023155,2.75343,0.925170256,0.7285714285714285,1.0,1.0,1.0
lightweight gas storage MOFs with low density,q3_lightweight_storage,43,MMR,1,qmof-a1a5849,Fe2C24H16N8,1|1|1|1,0.9173960253168174,0.882467980914969,0.0,,0.9173960253168174,2103.8175420000016,2.75343,0.925170256,0.7285714285714285,1.0,1.0,1.0
lightweight gas storage MOFs with low density,q3_lightweight_storage,43,MMR,2,qmof-ac6a77a,Zn4C76H44N8O16,1|1|1|1,0.9173960253168174,0.882467980914969,0.030199972292917723,,0.9173960253168174,2103.8175420000016,2.401359,0.82887956,0.7285714285714285,1.0,1.0,1.0
lightweight gas storage MOFs with low density,q3_lightweight_storage,43,MMR,3,qmof-13a76dd,Zn4C40H28N12O8,1|1|1|1,0.9173960253168174,0.882467980914969,0.021201225953155142,,0.9173960253168174,2103.8175420000016,3.309168,0.982716063,0.7285714285714285,1.0,1.0,1.0
lightweight gas storage MOFs with low density,q3_lightweight_storage,43,MMR,4,qmof-c0f392b,Zn2C44H38N6O12,1|1|1|1,0.9173960253168174,0.882467980914969,0.017196445679571768,,0.9173960253168174,2103.8175420000016,2.464185,0.915527725,0.7285714285714285,1.0,1.0,1.0
lightweight gas storage MOFs with low density,q3_lightweight_storage,43,MMR,5,qmof-235f291,Ni2C24H16N8,1|1|1|1,0.9173960253168174,0.882467980914969,0.021337456906993173,,0.9173960253168174,2103.8175420000016,3.336142,0.870801372,0.7285714285714285,1.0,1.0,1.0
lightweight gas storage MOFs with low density,q3_lightweight_storage,43,LEA,1,qmof-a1a5849,Fe2C24H16N8,1|1|1|1,0.9173960253168174,0.882467980914969,0.0,,1.0056428234083143,83.90224999999418,2.75343,0.925170256,0.7285714285714285,1.0,1.0,1.0
lightweight gas storage MOFs with low density,q3_lightweight_storage,43,LEA,2,qmof-ac6a77a,Zn4C76H44N8O16,1|1|1|1,0.9173960253168174,0.882467980914969,0.030199972292917723,,0.9594455509402227,83.90224999999418,2.401359,0.82887956,0.7285714285714285,1.0,1.0,1.0
lightweight gas storage MOFs with low density,q3_lightweight_storage,43,LEA,3,qmof-13a76dd,Zn4C40H28N12O8,1|1|1|1,0.9173960253168174,0.882467980914969,0.021201225953155142,,0.9586512099792749,83.90224999999418,3.309168,0.982716063,0.7285714285714285,1.0,1.0,1.0
lightweight gas storage MOFs with low density,q3_lightweight_storage,43,LEA,4,qmof-c0f392b,Zn2C44H38N6O12,1|1|1|1,0.9173960253168174,0.882467980914969,0.017196445679571768,,0.9586301933414276,83.90224999999418,2.464185,0.915527725,0.7285714285714285,1.0,1.0,1.0
lightweight gas storage MOFs with low density,q3_lightweight_storage,43,LEA,5,qmof-235f291,Ni2C24H16N8,1|1|1|1,0.9173960253168174,0.882467980914969,0.021337456906993173,,0.9586244573592144,83.90224999999418,3.336142,0.870801372,0.7285714285714285,1.0,1.0,1.0
lightweight gas storage MOFs with low density,q3_lightweight_storage,43,LEA no diversity,1,qmof-a1a5849,Fe2C24H16N8,1|1|1|1,0.9173960253168174,0.882467980914969,0.0,,1.0056428234083143,82.36704199998712,2.75343,0.925170256,0.7285714285714285,1.0,1.0,1.0
lightweight gas storage MOFs with low density,q3_lightweight_storage,43,LEA no diversity,2,qmof-ac6a77a,Zn4C76H44N8O16,1|1|1|1,0.9173960253168174,0.882467980914969,0.030199972292917723,,0.9568996879792184,82.36704199998712,2.401359,0.82887956,0.7285714285714285,1.0,1.0,1.0
lightweight gas storage MOFs with low density,q3_lightweight_storage,43,LEA no diversity,3,qmof-13a76dd,Zn4C40H28N12O8,1|1|1|1,0.9173960253168174,0.882467980914969,0.021201225953155142,,0.9566389150897597,82.36704199998712,3.309168,0.982716063,0.7285714285714285,1.0,1.0,1.0
lightweight gas storage MOFs with low density,q3_lightweight_storage,43,LEA no diversity,4,qmof-c0f392b,Zn2C44H38N6O12,1|1|1|1,0.9173960253168174,0.882467980914969,0.017196445679571768,,0.9566320028808715,82.36704199998712,2.464185,0.915527725,0.7285714285714285,1.0,1.0,1.0
lightweight gas storage MOFs with low density,q3_lightweight_storage,43,LEA no diversity,5,qmof-235f291,Ni2C24H16N8,1|1|1|1,0.9173960253168174,0.882467980914969,0.021337456906993173,,0.9566301162472368,82.36704199998712,3.336142,0.870801372,0.7285714285714285,1.0,1.0,1.0
lightweight gas storage MOFs with low density,q3_lightweight_storage,43,LEA no self-cleaning,1,qmof-a1a5849,Fe2C24H16N8,1|1|1|1,0.9173960253168174,0.882467980914969,0.0,,1.0056428234083143,84.09879199999182,2.75343,0.925170256,0.7285714285714285,1.0,1.0,1.0
lightweight gas storage MOFs with low density,q3_lightweight_storage,43,LEA no self-cleaning,2,qmof-ac6a77a,Zn4C76H44N8O16,1|1|1|1,0.9173960253168174,0.882467980914969,0.030199972292917723,,0.9594455509402227,84.09879199999182,2.401359,0.82887956,0.7285714285714285,1.0,1.0,1.0
lightweight gas storage MOFs with low density,q3_lightweight_storage,43,LEA no self-cleaning,3,qmof-13a76dd,Zn4C40H28N12O8,1|1|1|1,0.9173960253168174,0.882467980914969,0.021201225953155142,,0.9586512099792749,84.09879199999182,3.309168,0.982716063,0.7285714285714285,1.0,1.0,1.0
lightweight gas storage MOFs with low density,q3_lightweight_storage,43,LEA no self-cleaning,4,qmof-c0f392b,Zn2C44H38N6O12,1|1|1|1,0.9173960253168174,0.882467980914969,0.017196445679571768,,0.9586301933414276,84.09879199999182,2.464185,0.915527725,0.7285714285714285,1.0,1.0,1.0
lightweight gas storage MOFs with low density,q3_lightweight_storage,43,LEA no self-cleaning,5,qmof-235f291,Ni2C24H16N8,1|1|1|1,0.9173960253168174,0.882467980914969,0.021337456906993173,,0.9586244573592144,84.09879199999182,3.336142,0.870801372,0.7285714285714285,1.0,1.0,1.0
lightweight gas storage MOFs with low density,q3_lightweight_storage,43,GraphSAGE only,1,qmof-235f291,Ni2C24H16N8,1|1|1|1,0.9173960253168174,0.882467980914969,0.0,0.2626898971,0.9173960253168174,0.039458999992803,3.336142,0.870801372,0.7285714285714285,1.0,1.0,1.0
lightweight gas storage MOFs with low density,q3_lightweight_storage,43,GraphSAGE only,2,qmof-a1a5849,Fe2C24H16N8,1|1|1|1,0.9173960253168174,0.882467980914969,0.011319438610969042,0.2586122308,0.9173960253168174,0.039458999992803,2.75343,0.925170256,0.7285714285714285,1.0,1.0,1.0
lightweight gas storage MOFs with low density,q3_lightweight_storage,43,GraphSAGE only,3,qmof-ac6a77a,Zn4C76H44N8O16,1|1|1|1,0.9173960253168174,0.882467980914969,0.032294819024239745,0.2567529519189189,0.9173960253168174,0.039458999992803,2.401359,0.82887956,0.7285714285714285,1.0,1.0,1.0
lightweight gas storage MOFs with low density,q3_lightweight_storage,43,GraphSAGE only,4,qmof-13a76dd,Zn4C40H28N12O8,1|1|1|1,0.9173960253168174,0.882467980914969,0.01900433358340829,0.25673107788369565,0.9173960253168174,0.039458999992803,3.309168,0.982716063,0.7285714285714285,1.0,1.0,1.0
lightweight gas storage MOFs with low density,q3_lightweight_storage,43,GraphSAGE only,5,qmof-e566fbb,Zn2C36H22N6O8,1|1|1|1,0.9173960253168174,0.882467980914969,0.015052182145351823,0.2563490934189189,0.9173960253168174,0.039458999992803,2.93315,0.83426434,0.7285714285714285,1.0,1.0,1.0
lightweight gas storage MOFs with low density,q3_lightweight_storage,43,GAT only,1,qmof-235f291,Ni2C24H16N8,1|1|1|1,0.9173960253168174,0.882467980914969,0.0,0.41374343425000004,0.9173960253168174,0.03433300000210693,3.336142,0.870801372,0.7285714285714285,1.0,1.0,1.0
lightweight gas storage MOFs with low density,q3_lightweight_storage,43,GAT only,2,qmof-13a76dd,Zn4C40H28N12O8,1|1|1|1,0.9173960253168174,0.882467980914969,0.01461054884391458,0.4066955434538043,0.9173960253168174,0.03433300000210693,3.309168,0.982716063,0.7285714285714285,1.0,1.0,1.0
lightweight gas storage MOFs with low density,q3_lightweight_storage,43,GAT only,3,qmof-e566fbb,Zn2C36H22N6O8,1|1|1|1,0.9173960253168174,0.882467980914969,0.0123384947530898,0.38600964091216217,0.9173960253168174,0.03433300000210693,2.93315,0.83426434,0.7285714285714285,1.0,1.0,1.0
lightweight gas storage MOFs with low density,q3_lightweight_storage,43,GAT only,4,qmof-cef46c3,Zn2C48H32N8O8,1|1|1|1,0.9173960253168174,0.882467980914969,0.01194176634097749,0.3846363647193877,0.9173960253168174,0.03433300000210693,2.913296,0.7895211,0.7285714285714285,1.0,1.0,1.0
lightweight gas storage MOFs with low density,q3_lightweight_storage,43,GAT only,5,qmof-a1a5849,Fe2C24H16N8,1|1|1|1,0.9173960253168174,0.882467980914969,0.014550668299126329,0.375382659,0.9173960253168174,0.03433300000210693,2.75343,0.925170256,0.7285714285714285,1.0,1.0,1.0
lightweight gas storage MOFs with low density,q3_lightweight_storage,43,LEA + GraphSAGE,1,qmof-235f291,Ni2C24H16N8,1|1|1|1,0.9173960253168174,0.882467980914969,0.0,0.2626898971,0.890422453604159,83.38425000002303,3.336142,0.870801372,0.7285714285714285,1.0,1.0,1.0
lightweight gas storage MOFs with low density,q3_lightweight_storage,43,LEA + GraphSAGE,2,qmof-a1a5849,Fe2C24H16N8,1|1|1|1,0.9173960253168174,0.882467980914969,0.011319438610969042,0.2586122308,0.8896589158338799,83.38425000002303,2.75343,0.925170256,0.7285714285714285,1.0,1.0,1.0
lightweight gas storage MOFs with low density,q3_lightweight_storage,43,LEA + GraphSAGE,3,qmof-ac6a77a,Zn4C76H44N8O16,1|1|1|1,0.9173960253168174,0.882467980914969,0.032294819024239745,0.2567529519189189,0.889310727790172,83.38425000002303,2.401359,0.82887956,0.7285714285714285,1.0,1.0,1.0
lightweight gas storage MOFs with low density,q3_lightweight_storage,43,LEA + GraphSAGE,4,qmof-13a76dd,Zn4C40H28N12O8,1|1|1|1,0.9173960253168174,0.882467980914969,0.01900433358340829,0.25673107788369565,0.889306631279467,83.38425000002303,3.309168,0.982716063,0.7285714285714285,1.0,1.0,1.0
lightweight gas storage MOFs with low density,q3_lightweight_storage,43,LEA + GraphSAGE,5,qmof-e566fbb,Zn2C36H22N6O8,1|1|1|1,0.9173960253168174,0.882467980914969,0.015052182145351823,0.2563490934189189,0.8892350936928863,83.38425000002303,2.93315,0.83426434,0.7285714285714285,1.0,1.0,1.0
lightweight gas storage MOFs with low density,q3_lightweight_storage,43,LEA + GAT,1,qmof-235f291,Ni2C24H16N8,1|1|1|1,0.9173960253168174,0.882467980914969,0.0,0.41374343425000004,0.9185996755737323,80.53429199998163,3.336142,0.870801372,0.7285714285714285,1.0,1.0,1.0
lightweight gas storage MOFs with low density,q3_lightweight_storage,43,LEA + GAT,2,qmof-13a76dd,Zn4C40H28N12O8,1|1|1|1,0.9173960253168174,0.882467980914969,0.01461054884391458,0.4066955434538043,0.9172906974808295,80.53429199998163,3.309168,0.982716063,0.7285714285714285,1.0,1.0,1.0
lightweight gas storage MOFs with low density,q3_lightweight_storage,43,LEA + GAT,3,qmof-e566fbb,Zn2C36H22N6O8,1|1|1|1,0.9173960253168174,0.882467980914969,0.0123384947530898,0.38600964091216217,0.9134449534198168,80.53429199998163,2.93315,0.83426434,0.7285714285714285,1.0,1.0,1.0
lightweight gas storage MOFs with low density,q3_lightweight_storage,43,LEA + GAT,4,qmof-cef46c3,Zn2C48H32N8O8,1|1|1|1,0.9173960253168174,0.882467980914969,0.01194176634097749,0.3846363647193877,0.9131894522669348,80.53429199998163,2.913296,0.7895211,0.7285714285714285,1.0,1.0,1.0
lightweight gas storage MOFs with low density,q3_lightweight_storage,43,LEA + GAT,5,qmof-a1a5849,Fe2C24H16N8,1|1|1|1,0.9173960253168174,0.882467980914969,0.014550668299126329,0.375382659,0.9114671798642818,80.53429199998163,2.75343,0.925170256,0.7285714285714285,1.0,1.0,1.0
lightweight gas storage MOFs with low density,q3_lightweight_storage,44,SemanticOnly,1,qmof-fec62ce,Al2C48Cl6H24O12,1|0|1|1,0.894446371519854,0.8720473443567199,0.0,,0.894446371519854,0.03216700000052697,,0.628097294,0.7285714285714285,0.0,1.0,1.0
lightweight gas storage MOFs with low density,q3_lightweight_storage,44,SemanticOnly,2,qmof-fd22223,Zn6C43H38O33S3,1|0|1|1,0.894446371519854,0.8720473443567199,0.016552857761618214,,0.894446371519854,0.03216700000052697,,0.505827448,0.7285714285714285,0.0,1.0,1.0
lightweight gas storage MOFs with low density,q3_lightweight_storage,44,SemanticOnly,3,qmof-fcdce3e,Zn4C79F2H52N16,1|0|1|1,0.894446371519854,0.8720473443567199,0.022162489485279664,,0.894446371519854,0.03216700000052697,,0.367352455,0.7285714285714285,0.0,1.0,1.0
lightweight gas storage MOFs with low density,q3_lightweight_storage,44,SemanticOnly,4,qmof-faf6c2b,Cu12C184H112N8O52,1|0|1|1,0.894446371519854,0.8720473443567199,0.025208086911734345,,0.894446371519854,0.03216700000052697,,0.57491331,0.7285714285714285,0.0,1.0,1.0
lightweight gas storage MOFs with low density,q3_lightweight_storage,44,SemanticOnly,5,qmof-fa0f884,Zn8C96H64N8O42,1|0|1|1,0.894446371519854,0.8720473443567199,0.020682311983035894,,0.894446371519854,0.03216700000052697,,0.415579421,0.7285714285714285,0.0,1.0,1.0
lightweight gas storage MOFs with low density,q3_lightweight_storage,44,WeightedSum,1,qmof-e566fbb,Zn2C36H22N6O8,1|1|1|1,0.9173960253168174,0.882467980914969,0.0,,0.9173960253168174,0.045291999981600384,2.93315,0.83426434,0.7285714285714285,1.0,1.0,1.0
lightweight gas storage MOFs with low density,q3_lightweight_storage,44,WeightedSum,2,qmof-cef46c3,Zn2C48H32N8O8,1|1|1|1,0.9173960253168174,0.882467980914969,0.007206297341252901,,0.9173960253168174,0.045291999981600384,2.913296,0.7895211,0.7285714285714285,1.0,1.0,1.0
lightweight gas storage MOFs with low density,q3_lightweight_storage,44,WeightedSum,3,qmof-c0f392b,Zn2C44H38N6O12,1|1|1|1,0.9173960253168174,0.882467980914969,0.012066926313604693,,0.9173960253168174,0.045291999981600384,2.464185,0.915527725,0.7285714285714285,1.0,1.0,1.0
lightweight gas storage MOFs with low density,q3_lightweight_storage,44,WeightedSum,4,qmof-ac6a77a,Zn4C76H44N8O16,1|1|1|1,0.9173960253168174,0.882467980914969,0.018368560155257573,,0.9173960253168174,0.045291999981600384,2.401359,0.82887956,0.7285714285714285,1.0,1.0,1.0
lightweight gas storage MOFs with low density,q3_lightweight_storage,44,WeightedSum,5,qmof-a1a5849,Fe2C24H16N8,1|1|1|1,0.9173960253168174,0.882467980914969,0.01962893153373782,,0.9173960253168174,0.045291999981600384,2.75343,0.925170256,0.7285714285714285,1.0,1.0,1.0
lightweight gas storage MOFs with low density,q3_lightweight_storage,44,TOPSIS,1,qmof-e566fbb,Zn2C36H22N6O8,1|1|1|1,0.9173960253168174,0.882467980914969,0.0,,0.9173960253168174,1.1534999999867068,2.93315,0.83426434,0.7285714285714285,1.0,1.0,1.0
lightweight gas storage MOFs with low density,q3_lightweight_storage,44,TOPSIS,2,qmof-cef46c3,Zn2C48H32N8O8,1|1|1|1,0.9173960253168174,0.882467980914969,0.007206297341252901,,0.9173960253168174,1.1534999999867068,2.913296,0.7895211,0.7285714285714285,1.0,1.0,1.0
lightweight gas storage MOFs with low density,q3_lightweight_storage,44,TOPSIS,3,qmof-c0f392b,Zn2C44H38N6O12,1|1|1|1,0.9173960253168174,0.882467980914969,0.012066926313604693,,0.9173960253168174,1.1534999999867068,2.464185,0.915527725,0.7285714285714285,1.0,1.0,1.0
lightweight gas storage MOFs with low density,q3_lightweight_storage,44,TOPSIS,4,qmof-ac6a77a,Zn4C76H44N8O16,1|1|1|1,0.9173960253168174,0.882467980914969,0.018368560155257573,,0.9173960253168174,1.1534999999867068,2.401359,0.82887956,0.7285714285714285,1.0,1.0,1.0
lightweight gas storage MOFs with low density,q3_lightweight_storage,44,TOPSIS,5,qmof-a1a5849,Fe2C24H16N8,1|1|1|1,0.9173960253168174,0.882467980914969,0.01962893153373782,,0.9173960253168174,1.1534999999867068,2.75343,0.925170256,0.7285714285714285,1.0,1.0,1.0
lightweight gas storage MOFs with low density,q3_lightweight_storage,44,ParetoCrowding,1,qmof-39ac50b,Zn2C12H4N2O10,1|0|1|1,0.894446371519854,0.8720473443567199,0.0,,0.894446371519854,219.05045799999812,,0.776065378,0.7285714285714285,0.0,1.0,1.0
lightweight gas storage MOFs with low density,q3_lightweight_storage,44,ParetoCrowding,2,qmof-235f291,Ni2C24H16N8,1|1|1|1,0.9173960253168174,0.882467980914969,0.029341984565736872,,0.9173960253168174,219.05045799999812,3.336142,0.870801372,0.7285714285714285,1.0,1.0,1.0
lightweight gas storage MOFs with low density,q3_lightweight_storage,44,ParetoCrowding,3,qmof-c025390,Li10C90H130N20,1|0|1|1,0.894446371519854,0.8720473443567199,0.053987776572828966,,0.894446371519854,219.05045799999812,,0.981132502,0.7285714285714285,0.0,1.0,1.0
lightweight gas storage MOFs with low density,q3_lightweight_storage,44,ParetoCrowding,4,qmof-a1a5849,Fe2C24H16N8,1|1|1|1,0.9173960253168174,0.882467980914969,0.029196566215501787,,0.9173960253168174,219.05045799999812,2.75343,0.925170256,0.7285714285714285,1.0,1.0,1.0
lightweight gas storage MOFs with low density,q3_lightweight_storage,44,ParetoCrowding,5,qmof-2d7eb5a,Mg6C165H144O18,1|0|1|1,0.894446371519854,0.8720473443567199,0.046246228675100066,,0.894446371519854,219.05045799999812,,0.245087822,0.7285714285714285,0.0,1.0,1.0
lightweight gas storage MOFs with low density,q3_lightweight_storage,44,Random,1,qmof-a758683,Al6C96H48N4O28,1|0|1|1,0.894446371519854,0.8720473443567199,0.0,,0.894446371519854,0.047249999994392056,,0.872969488,0.7285714285714285,0.0,1.0,1.0
lightweight gas storage MOFs with low density,q3_lightweight_storage,44,Random,2,qmof-2846d73,Zn2C50H48N2O24,1|0|1|1,0.894446371519854,0.8720473443567199,0.019639608649807933,,0.894446371519854,0.047249999994392056,,0.78687741,0.7285714285714285,0.0,1.0,1.0
lightweight gas storage MOFs with low density,q3_lightweight_storage,44,Random,3,qmof-e2065ab,Zn16Br16C96H16O64S20,1|0|1|1,0.894446371519854,0.8720473443567199,0.028325413612822828,,0.894446371519854,0.047249999994392056,,0.75964398,0.7285714285714285,0.0,1.0,1.0
lightweight gas storage MOFs with low density,q3_lightweight_storage,44,Random,4,qmof-735264a,Zn4C65F5H40N5O13,1|0|1|1,0.894446371519854,0.8720473443567199,0.021453165302956878,,0.894446371519854,0.047249999994392056,,0.521366623,0.7285714285714285,0.0,1.0,1.0
lightweight gas storage MOFs with low density,q3_lightweight_storage,44,Random,5,qmof-847d3d6,Zn8C42H18N6O26,1|0|1|1,0.894446371519854,0.8720473443567199,0.023982707737601562,,0.894446371519854,0.047249999994392056,,0.589129038,0.7285714285714285,0.0,1.0,1.0
lightweight gas storage MOFs with low density,q3_lightweight_storage,44,MMR,1,qmof-ac6a77a,Zn4C76H44N8O16,1|1|1|1,0.9173960253168174,0.882467980914969,0.0,,0.9173960253168174,2119.1065829999898,2.401359,0.82887956,0.7285714285714285,1.0,1.0,1.0
lightweight gas storage MOFs with low density,q3_lightweight_storage,44,MMR,2,qmof-235f291,Ni2C24H16N8,1|1|1|1,0.9173960253168174,0.882467980914969,0.034389665755561766,,0.9173960253168174,2119.1065829999898,3.336142,0.870801372,0.7285714285714285,1.0,1.0,1.0
lightweight gas storage MOFs with low density,q3_lightweight_storage,44,MMR,3,qmof-cef46c3,Zn2C48H32N8O8,1|1|1|1,0.9173960253168174,0.882467980914969,0.017713750324831697,,0.9173960253168174,2119.1065829999898,2.913296,0.7895211,0.7285714285714285,1.0,1.0,1.0
lightweight gas storage MOFs with low density,q3_lightweight_storage,44,MMR,4,qmof-a1a5849,Fe2C24H16N8,1|1|1|1,0.9173960253168174,0.882467980914969,0.01939974325517896,,0.9173960253168174,2119.1065829999898,2.75343,0.925170256,0.7285714285714285,1.0,1.0,1.0
lightweight gas storage MOFs with low density,q3_lightweight_storage,44,MMR,5,qmof-c0f392b,Zn2C44H38N6O12,1|1|1|1,0.9173960253168174,0.882467980914969,0.01739443877487013,,0.9173960253168174,2119.1065829999898,2.464185,0.915527725,0.7285714285714285,1.0,1.0,1.0
lightweight gas storage MOFs with low density,q3_lightweight_storage,44,LEA,1,qmof-ac6a77a,Zn4C76H44N8O16,1|1|1|1,0.9173960253168174,0.882467980914969,0.0,,1.0056428234083143,83.31604099998913,2.401359,0.82887956,0.7285714285714285,1.0,1.0,1.0
lightweight gas storage MOFs with low density,q3_lightweight_storage,44,LEA,2,qmof-235f291,Ni2C24H16N8,1|1|1|1,0.9173960253168174,0.882467980914969,0.034389665755561766,,0.9619155295027333,83.31604099998913,3.336142,0.870801372,0.7285714285714285,1.0,1.0,1.0
lightweight gas storage MOFs with low density,q3_lightweight_storage,44,LEA,3,qmof-a1a5849,Fe2C24H16N8,1|1|1|1,0.9173960253168174,0.882467980914969,0.020759705451943382,,0.9615364036334753,83.31604099998913,2.75343,0.925170256,0.7285714285714285,1.0,1.0,1.0
lightweight gas storage MOFs with low density,q3_lightweight_storage,44,LEA,4,qmof-e566fbb,Zn2C36H22N6O8,1|1|1|1,0.9173960253168174,0.882467980914969,0.01652079746497015,,0.9603968683246416,83.31604099998913,2.93315,0.83426434,0.7285714285714285,1.0,1.0,1.0
lightweight gas storage MOFs with low density,q3_lightweight_storage,44,LEA,5,qmof-13a76dd,Zn4C40H28N12O8,1|1|1|1,0.9173960253168174,0.882467980914969,0.01691483423418043,,0.9601855536112269,83.31604099998913,3.309168,0.982716063,0.7285714285714285,1.0,1.0,1.0
lightweight gas storage MOFs with low density,q3_lightweight_storage,44,LEA no diversity,1,qmof-ac6a77a,Zn4C76H44N8O16,1|1|1|1,0.9173960253168174,0.882467980914969,0.0,,1.0056428234083143,83.02983300001188,2.401359,0.82887956,0.7285714285714285,1.0,1.0,1.0
lightweight gas storage MOFs with low density,q3_lightweight_storage,44,LEA no diversity,2,qmof-235f291,Ni2C24H16N8,1|1|1|1,0.9173960253168174,0.882467980914969,0.034389665755561766,,0.9577045824780213,83.02983300001188,3.336142,0.870801372,0.7285714285714285,1.0,1.0,1.0
lightweight gas storage MOFs with low density,q3_lightweight_storage,44,LEA no diversity,3,qmof-a1a5849,Fe2C24H16N8,1|1|1|1,0.9173960253168174,0.882467980914969,0.020759705451943382,,0.9575816232657837,83.02983300001188,2.75343,0.925170256,0.7285714285714285,1.0,1.0,1.0
lightweight gas storage MOFs with low density,q3_lightweight_storage,44,LEA no diversity,4,qmof-e566fbb,Zn2C36H22N6O8,1|1|1|1,0.9173960253168174,0.882467980914969,0.01652079746497015,,0.9572107645458978,83.02983300001188,2.93315,0.83426434,0.7285714285714285,1.0,1.0,1.0
lightweight gas storage MOFs with low density,q3_lightweight_storage,44,LEA no diversity,5,qmof-13a76dd,Zn4C40H28N12O8,1|1|1|1,0.9173960253168174,0.882467980914969,0.01691483423418043,,0.9571417813707455,83.02983300001188,3.309168,0.982716063,0.7285714285714285,1.0,1.0,1.0
lightweight gas storage MOFs with low density,q3_lightweight_storage,44,LEA no self-cleaning,1,qmof-ac6a77a,Zn4C76H44N8O16,1|1|1|1,0.9173960253168174,0.882467980914969,0.0,,1.0056428234083143,82.84674999998742,2.401359,0.82887956,0.7285714285714285,1.0,1.0,1.0
lightweight gas storage MOFs with low density,q3_lightweight_storage,44,LEA no self-cleaning,2,qmof-235f291,Ni2C24H16N8,1|1|1|1,0.9173960253168174,0.882467980914969,0.034389665755561766,,0.9619155295027333,82.84674999998742,3.336142,0.870801372,0.7285714285714285,1.0,1.0,1.0
lightweight gas storage MOFs with low density,q3_lightweight_storage,44,LEA no self-cleaning,3,qmof-a1a5849,Fe2C24H16N8,1|1|1|1,0.9173960253168174,0.882467980914969,0.020759705451943382,,0.9615364036334753,82.84674999998742,2.75343,0.925170256,0.7285714285714285,1.0,1.0,1.0
lightweight gas storage MOFs with low density,q3_lightweight_storage,44,LEA no self-cleaning,4,qmof-e566fbb,Zn2C36H22N6O8,1|1|1|1,0.9173960253168174,0.882467980914969,0.01652079746497015,,0.9603968683246416,82.84674999998742,2.93315,0.83426434,0.7285714285714285,1.0,1.0,1.0
lightweight gas storage MOFs with low density,q3_lightweight_storage,44,LEA no self-cleaning,5,qmof-13a76dd,Zn4C40H28N12O8,1|1|1|1,0.9173960253168174,0.882467980914969,0.01691483423418043,,0.9601855536112269,82.84674999998742,3.309168,0.982716063,0.7285714285714285,1.0,1.0,1.0
lightweight gas storage MOFs with low density,q3_lightweight_storage,44,GraphSAGE only,1,qmof-235f291,Ni2C24H16N8,1|1|1|1,0.9173960253168174,0.882467980914969,0.0,0.2626898971,0.9173960253168174,0.0399169999809601,3.336142,0.870801372,0.7285714285714285,1.0,1.0,1.0
lightweight gas storage MOFs with low density,q3_lightweight_storage,44,GraphSAGE only,2,qmof-a1a5849,Fe2C24H16N8,1|1|1|1,0.9173960253168174,0.882467980914969,0.011319438610969042,0.2586122308,0.9173960253168174,0.0399169999809601,2.75343,0.925170256,0.7285714285714285,1.0,1.0,1.0
lightweight gas storage MOFs with low density,q3_lightweight_storage,44,GraphSAGE only,3,qmof-ac6a77a,Zn4C76H44N8O16,1|1|1|1,0.9173960253168174,0.882467980914969,0.032294819024239745,0.2567529519189189,0.9173960253168174,0.0399169999809601,2.401359,0.82887956,0.7285714285714285,1.0,1.0,1.0
lightweight gas storage MOFs with low density,q3_lightweight_storage,44,GraphSAGE only,4,qmof-13a76dd,Zn4C40H28N12O8,1|1|1|1,0.9173960253168174,0.882467980914969,0.01900433358340829,0.25673107788369565,0.9173960253168174,0.0399169999809601,3.309168,0.982716063,0.7285714285714285,1.0,1.0,1.0
lightweight gas storage MOFs with low density,q3_lightweight_storage,44,GraphSAGE only,5,qmof-e566fbb,Zn2C36H22N6O8,1|1|1|1,0.9173960253168174,0.882467980914969,0.015052182145351823,0.2563490934189189,0.9173960253168174,0.0399169999809601,2.93315,0.83426434,0.7285714285714285,1.0,1.0,1.0
lightweight gas storage MOFs with low density,q3_lightweight_storage,44,GAT only,1,qmof-235f291,Ni2C24H16N8,1|1|1|1,0.9173960253168174,0.882467980914969,0.0,0.41374343425000004,0.9173960253168174,0.03512500001079388,3.336142,0.870801372,0.7285714285714285,1.0,1.0,1.0
lightweight gas storage MOFs with low density,q3_lightweight_storage,44,GAT only,2,qmof-13a76dd,Zn4C40H28N12O8,1|1|1|1,0.9173960253168174,0.882467980914969,0.01461054884391458,0.4066955434538043,0.9173960253168174,0.03512500001079388,3.309168,0.982716063,0.7285714285714285,1.0,1.0,1.0
lightweight gas storage MOFs with low density,q3_lightweight_storage,44,GAT only,3,qmof-e566fbb,Zn2C36H22N6O8,1|1|1|1,0.9173960253168174,0.882467980914969,0.0123384947530898,0.38600964091216217,0.9173960253168174,0.03512500001079388,2.93315,0.83426434,0.7285714285714285,1.0,1.0,1.0
lightweight gas storage MOFs with low density,q3_lightweight_storage,44,GAT only,4,qmof-cef46c3,Zn2C48H32N8O8,1|1|1|1,0.9173960253168174,0.882467980914969,0.01194176634097749,0.3846363647193877,0.9173960253168174,0.03512500001079388,2.913296,0.7895211,0.7285714285714285,1.0,1.0,1.0
lightweight gas storage MOFs with low density,q3_lightweight_storage,44,GAT only,5,qmof-a1a5849,Fe2C24H16N8,1|1|1|1,0.9173960253168174,0.882467980914969,0.014550668299126329,0.375382659,0.9173960253168174,0.03512500001079388,2.75343,0.925170256,0.7285714285714285,1.0,1.0,1.0
lightweight gas storage MOFs with low density,q3_lightweight_storage,44,LEA + GraphSAGE,1,qmof-235f291,Ni2C24H16N8,1|1|1|1,0.9173960253168174,0.882467980914969,0.0,0.2626898971,0.890422453604159,85.09854199999722,3.336142,0.870801372,0.7285714285714285,1.0,1.0,1.0
lightweight gas storage MOFs with low density,q3_lightweight_storage,44,LEA + GraphSAGE,2,qmof-a1a5849,Fe2C24H16N8,1|1|1|1,0.9173960253168174,0.882467980914969,0.011319438610969042,0.2586122308,0.8896589158338799,85.09854199999722,2.75343,0.925170256,0.7285714285714285,1.0,1.0,1.0
lightweight gas storage MOFs with low density,q3_lightweight_storage,44,LEA + GraphSAGE,3,qmof-ac6a77a,Zn4C76H44N8O16,1|1|1|1,0.9173960253168174,0.882467980914969,0.032294819024239745,0.2567529519189189,0.889310727790172,85.09854199999722,2.401359,0.82887956,0.7285714285714285,1.0,1.0,1.0
lightweight gas storage MOFs with low density,q3_lightweight_storage,44,LEA + GraphSAGE,4,qmof-13a76dd,Zn4C40H28N12O8,1|1|1|1,0.9173960253168174,0.882467980914969,0.01900433358340829,0.25673107788369565,0.889306631279467,85.09854199999722,3.309168,0.982716063,0.7285714285714285,1.0,1.0,1.0
lightweight gas storage MOFs with low density,q3_lightweight_storage,44,LEA + GraphSAGE,5,qmof-e566fbb,Zn2C36H22N6O8,1|1|1|1,0.9173960253168174,0.882467980914969,0.015052182145351823,0.2563490934189189,0.8892350936928863,85.09854199999722,2.93315,0.83426434,0.7285714285714285,1.0,1.0,1.0
lightweight gas storage MOFs with low density,q3_lightweight_storage,44,LEA + GAT,1,qmof-235f291,Ni2C24H16N8,1|1|1|1,0.9173960253168174,0.882467980914969,0.0,0.41374343425000004,0.9185996755737323,85.06708300001264,3.336142,0.870801372,0.7285714285714285,1.0,1.0,1.0
lightweight gas storage MOFs with low density,q3_lightweight_storage,44,LEA + GAT,2,qmof-13a76dd,Zn4C40H28N12O8,1|1|1|1,0.9173960253168174,0.882467980914969,0.01461054884391458,0.4066955434538043,0.9172906974808295,85.06708300001264,3.309168,0.982716063,0.7285714285714285,1.0,1.0,1.0
lightweight gas storage MOFs with low density,q3_lightweight_storage,44,LEA + GAT,3,qmof-e566fbb,Zn2C36H22N6O8,1|1|1|1,0.9173960253168174,0.882467980914969,0.0123384947530898,0.38600964091216217,0.9134449534198168,85.06708300001264,2.93315,0.83426434,0.7285714285714285,1.0,1.0,1.0
lightweight gas storage MOFs with low density,q3_lightweight_storage,44,LEA + GAT,4,qmof-cef46c3,Zn2C48H32N8O8,1|1|1|1,0.9173960253168174,0.882467980914969,0.01194176634097749,0.3846363647193877,0.9131894522669348,85.06708300001264,2.913296,0.7895211,0.7285714285714285,1.0,1.0,1.0
lightweight gas storage MOFs with low density,q3_lightweight_storage,44,LEA + GAT,5,qmof-a1a5849,Fe2C24H16N8,1|1|1|1,0.9173960253168174,0.882467980914969,0.014550668299126329,0.375382659,0.9114671798642818,85.06708300001264,2.75343,0.925170256,0.7285714285714285,1.0,1.0,1.0
lightweight gas storage MOFs with low density,q3_lightweight_storage,45,SemanticOnly,1,qmof-ff970f0,Zn4C83H45N23,1|0|1|1,0.894446371519854,0.8720473443567199,0.0,,0.894446371519854,0.032000000004472895,,0.463219967,0.7285714285714285,0.0,1.0,1.0
lightweight gas storage MOFs with low density,q3_lightweight_storage,45,SemanticOnly,2,qmof-fe6118d,Zn2C36H8N10O24,1|0|1|1,0.894446371519854,0.8720473443567199,0.03117659834944545,,0.894446371519854,0.032000000004472895,,0.424164172,0.7285714285714285,0.0,1.0,1.0
lightweight gas storage MOFs with low density,q3_lightweight_storage,45,SemanticOnly,3,qmof-fa666a1,Zn2C52H34N2O8,1|0|1|1,0.894446371519854,0.8720473443567199,0.020719626180617953,,0.894446371519854,0.032000000004472895,,0.43042892,0.7285714285714285,0.0,1.0,1.0
lightweight gas storage MOFs with low density,q3_lightweight_storage,45,SemanticOnly,4,qmof-f4d2cb4,Al2C48F24O12,1|0|1|1,0.894446371519854,0.8720473443567199,0.03063307707861772,,0.894446371519854,0.032000000004472895,,0.729530442,0.7285714285714285,0.0,1.0,1.0
lightweight gas storage MOFs with low density,q3_lightweight_storage,45,SemanticOnly,5,qmof-f36f74c,Zn16Br8C112H48O52S8,1|0|1|1,0.894446371519854,0.8720473443567199,0.034762126929349324,,0.894446371519854,0.032000000004472895,,0.685054769,0.7285714285714285,0.0,1.0,1.0
lightweight gas storage MOFs with low density,q3_lightweight_storage,45,WeightedSum,1,qmof-e566fbb,Zn2C36H22N6O8,1|1|1|1,0.9173960253168174,0.882467980914969,0.0,,0.9173960253168174,0.04570800001602038,2.93315,0.83426434,0.7285714285714285,1.0,1.0,1.0
lightweight gas storage MOFs with low density,q3_lightweight_storage,45,WeightedSum,2,qmof-cef46c3,Zn2C48H32N8O8,1|1|1|1,0.9173960253168174,0.882467980914969,0.007206297341252901,,0.9173960253168174,0.04570800001602038,2.913296,0.7895211,0.7285714285714285,1.0,1.0,1.0
lightweight gas storage MOFs with low density,q3_lightweight_storage,45,WeightedSum,3,qmof-c0f392b,Zn2C44H38N6O12,1|1|1|1,0.9173960253168174,0.882467980914969,0.012066926313604693,,0.9173960253168174,0.04570800001602038,2.464185,0.915527725,0.7285714285714285,1.0,1.0,1.0
lightweight gas storage MOFs with low density,q3_lightweight_storage,45,WeightedSum,4,qmof-ac6a77a,Zn4C76H44N8O16,1|1|1|1,0.9173960253168174,0.882467980914969,0.018368560155257573,,0.9173960253168174,0.04570800001602038,2.401359,0.82887956,0.7285714285714285,1.0,1.0,1.0
lightweight gas storage MOFs with low density,q3_lightweight_storage,45,WeightedSum,5,qmof-a1a5849,Fe2C24H16N8,1|1|1|1,0.9173960253168174,0.882467980914969,0.01962893153373782,,0.9173960253168174,0.04570800001602038,2.75343,0.925170256,0.7285714285714285,1.0,1.0,1.0
lightweight gas storage MOFs with low density,q3_lightweight_storage,45,TOPSIS,1,qmof-e566fbb,Zn2C36H22N6O8,1|1|1|1,0.9173960253168174,0.882467980914969,0.0,,0.9173960253168174,1.0223330000087572,2.93315,0.83426434,0.7285714285714285,1.0,1.0,1.0
lightweight gas storage MOFs with low density,q3_lightweight_storage,45,TOPSIS,2,qmof-cef46c3,Zn2C48H32N8O8,1|1|1|1,0.9173960253168174,0.882467980914969,0.007206297341252901,,0.9173960253168174,1.0223330000087572,2.913296,0.7895211,0.7285714285714285,1.0,1.0,1.0
lightweight gas storage MOFs with low density,q3_lightweight_storage,45,TOPSIS,3,qmof-c0f392b,Zn2C44H38N6O12,1|1|1|1,0.9173960253168174,0.882467980914969,0.012066926313604693,,0.9173960253168174,1.0223330000087572,2.464185,0.915527725,0.7285714285714285,1.0,1.0,1.0
lightweight gas storage MOFs with low density,q3_lightweight_storage,45,TOPSIS,4,qmof-ac6a77a,Zn4C76H44N8O16,1|1|1|1,0.9173960253168174,0.882467980914969,0.018368560155257573,,0.9173960253168174,1.0223330000087572,2.401359,0.82887956,0.7285714285714285,1.0,1.0,1.0
lightweight gas storage MOFs with low density,q3_lightweight_storage,45,TOPSIS,5,qmof-a1a5849,Fe2C24H16N8,1|1|1|1,0.9173960253168174,0.882467980914969,0.01962893153373782,,0.9173960253168174,1.0223330000087572,2.75343,0.925170256,0.7285714285714285,1.0,1.0,1.0
lightweight gas storage MOFs with low density,q3_lightweight_storage,45,ParetoCrowding,1,qmof-6801689,Zn16C96F16H16O60S16,1|0|1|1,0.894446371519854,0.8720473443567199,0.0,,0.894446371519854,218.42345800001794,,0.584105083,0.7285714285714285,0.0,1.0,1.0
lightweight gas storage MOFs with low density,q3_lightweight_storage,45,ParetoCrowding,2,qmof-a93d8c6,Zn16C96Cl8H24O76S24,1|0|1|1,0.894446371519854,0.8720473443567199,0.004860420153285043,,0.894446371519854,218.42345800001794,,0.662494983,0.7285714285714285,0.0,1.0,1.0
lightweight gas storage MOFs with low density,q3_lightweight_storage,45,ParetoCrowding,3,qmof-235f291,Ni2C24H16N8,1|1|1|1,0.9173960253168174,0.882467980914969,0.05394706384492583,,0.9173960253168174,218.42345800001794,3.336142,0.870801372,0.7285714285714285,1.0,1.0,1.0
lightweight gas storage MOFs with low density,q3_lightweight_storage,45,ParetoCrowding,4,qmof-f4d2cb4,Al2C48F24O12,1|0|1|1,0.894446371519854,0.8720473443567199,0.03595616377526992,,0.894446371519854,218.42345800001794,,0.729530442,0.7285714285714285,0.0,1.0,1.0
lightweight gas storage MOFs with low density,q3_lightweight_storage,45,ParetoCrowding,5,qmof-a1a5849,Fe2C24H16N8,1|1|1|1,0.9173960253168174,0.882467980914969,0.03741998757698872,,0.9173960253168174,218.42345800001794,2.75343,0.925170256,0.7285714285714285,1.0,1.0,1.0
lightweight gas storage MOFs with low density,q3_lightweight_storage,45,Random,1,qmof-9797bb7,Zn3C98H68N6O14,1|0|1|1,0.894446371519854,0.8720473443567199,0.0,,0.894446371519854,0.046041999979706816,,0.925784688,0.7285714285714285,0.0,1.0,1.0
lightweight gas storage MOFs with low density,q3_lightweight_storage,45,Random,2,qmof-a4d3297,Zn6C56H25I9O24,1|0|1|1,0.894446371519854,0.8720473443567199,0.02523153002606623,,0.894446371519854,0.046041999979706816,,0.846844241,0.7285714285714285,0.0,1.0,1.0
lightweight gas storage MOFs with low density,q3_lightweight_storage,45,Random,3,qmof-a1a5849,Fe2C24H16N8,1|1|1|1,0.9173960253168174,0.882467980914969,0.03690643523873989,,0.9173960253168174,0.046041999979706816,2.75343,0.925170256,0.7285714285714285,1.0,1.0,1.0
lightweight gas storage MOFs with low density,q3_lightweight_storage,45,Random,4,qmof-8516e22,Al2C42H24N6O36,1|0|1|1,0.894446371519854,0.8720473443567199,0.02500150219008543,,0.894446371519854,0.046041999979706816,,0.775183104,0.7285714285714285,0.0,1.0,1.0
lightweight gas storage MOFs with low density,q3_lightweight_storage,45,Random,5,qmof-7e0c32f,Al4C80F8H76N8O44,1|0|1|1,0.894446371519854,0.8720473443567199,0.029877105262329225,,0.894446371519854,0.046041999979706816,,0.876351562,0.7285714285714285,0.0,1.0,1.0
lightweight gas storage MOFs with low density,q3_lightweight_storage,45,MMR,1,qmof-cef46c3,Zn2C48H32N8O8,1|1|1|1,0.9173960253168174,0.882467980914969,0.0,,0.9173960253168174,2215.5834589999868,2.913296,0.7895211,0.7285714285714285,1.0,1.0,1.0
lightweight gas storage MOFs with low density,q3_lightweight_storage,45,MMR,2,qmof-235f291,Ni2C24H16N8,1|1|1|1,0.9173960253168174,0.882467980914969,0.018065800783527982,,0.9173960253168174,2215.5834589999868,3.336142,0.870801372,0.7285714285714285,1.0,1.0,1.0
lightweight gas storage MOFs with low density,q3_lightweight_storage,45,MMR,3,qmof-ac6a77a,Zn4C76H44N8O16,1|1|1|1,0.9173960253168174,0.882467980914969,0.025875682810848587,,0.9173960253168174,2215.5834589999868,2.401359,0.82887956,0.7285714285714285,1.0,1.0,1.0
lightweight gas storage MOFs with low density,q3_lightweight_storage,45,MMR,4,qmof-a1a5849,Fe2C24H16N8,1|1|1|1,0.9173960253168174,0.882467980914969,0.01939974325517896,,0.9173960253168174,2215.5834589999868,2.75343,0.925170256,0.7285714285714285,1.0,1.0,1.0
lightweight gas storage MOFs with low density,q3_lightweight_storage,45,MMR,5,qmof-c0f392b,Zn2C44H38N6O12,1|1|1|1,0.9173960253168174,0.882467980914969,0.01739443877487013,,0.9173960253168174,2215.5834589999868,2.464185,0.915527725,0.7285714285714285,1.0,1.0,1.0
lightweight gas storage MOFs with low density,q3_lightweight_storage,45,LEA,1,qmof-cef46c3,Zn2C48H32N8O8,1|1|1|1,0.9173960253168174,0.882467980914969,0.0,,1.0056428234083143,83.58254199998782,2.913296,0.7895211,0.7285714285714285,1.0,1.0,1.0
lightweight gas storage MOFs with low density,q3_lightweight_storage,45,LEA,2,qmof-235f291,Ni2C24H16N8,1|1|1|1,0.9173960253168174,0.882467980914969,0.018065800783527982,,0.9596224603199611,83.58254199998782,3.336142,0.870801372,0.7285714285714285,1.0,1.0,1.0
lightweight gas storage MOFs with low density,q3_lightweight_storage,45,LEA,3,qmof-a1a5849,Fe2C24H16N8,1|1|1|1,0.9173960253168174,0.882467980914969,0.013999628736309576,,0.9594941941145946,83.58254199998782,2.75343,0.925170256,0.7285714285714285,1.0,1.0,1.0
lightweight gas storage MOFs with low density,q3_lightweight_storage,45,LEA,4,qmof-ac6a77a,Zn4C76H44N8O16,1|1|1|1,0.9173960253168174,0.882467980914969,0.027317112638204966,,0.9591752324386682,83.58254199998782,2.401359,0.82887956,0.7285714285714285,1.0,1.0,1.0
lightweight gas storage MOFs with low density,q3_lightweight_storage,45,LEA,5,qmof-c0f392b,Zn2C44H38N6O12,1|1|1|1,0.9173960253168174,0.882467980914969,0.01739443877487013,,0.9587260978566807,83.58254199998782,2.464185,0.915527725,0.7285714285714285,1.0,1.0,1.0
lightweight gas storage MOFs with low density,q3_lightweight_storage,45,LEA no diversity,1,qmof-cef46c3,Zn2C48H32N8O8,1|1|1|1,0.9173960253168174,0.882467980914969,0.0,,1.0056428234083143,88.29512500000192,2.913296,0.7895211,0.7285714285714285,1.0,1.0,1.0
lightweight gas storage MOFs with low density,q3_lightweight_storage,45,LEA no diversity,2,qmof-235f291,Ni2C24H16N8,1|1|1|1,0.9173960253168174,0.882467980914969,0.018065800783527982,,0.9569576380170325,88.29512500000192,3.336142,0.870801372,0.7285714285714285,1.0,1.0,1.0
lightweight gas storage MOFs with low density,q3_lightweight_storage,45,LEA no diversity,3,qmof-a1a5849,Fe2C24H16N8,1|1|1|1,0.9173960253168174,0.882467980914969,0.013999628736309576,,0.9569156265983846,88.29512500000192,2.75343,0.925170256,0.7285714285714285,1.0,1.0,1.0
lightweight gas storage MOFs with low density,q3_lightweight_storage,45,LEA no diversity,4,qmof-ac6a77a,Zn4C76H44N8O16,1|1|1|1,0.9173960253168174,0.882467980914969,0.027317112638204966,,0.9568110504718179,88.29512500000192,2.401359,0.82887956,0.7285714285714285,1.0,1.0,1.0
lightweight gas storage MOFs with low density,q3_lightweight_storage,45,LEA no diversity,5,qmof-c0f392b,Zn2C44H38N6O12,1|1|1|1,0.9173960253168174,0.882467980914969,0.01739443877487013,,0.9566635398114198,88.29512500000192,2.464185,0.915527725,0.7285714285714285,1.0,1.0,1.0
lightweight gas storage MOFs with low density,q3_lightweight_storage,45,LEA no self-cleaning,1,qmof-cef46c3,Zn2C48H32N8O8,1|1|1|1,0.9173960253168174,0.882467980914969,0.0,,1.0056428234083143,82.76429200000734,2.913296,0.7895211,0.7285714285714285,1.0,1.0,1.0
lightweight gas storage MOFs with low density,q3_lightweight_storage,45,LEA no self-cleaning,2,qmof-235f291,Ni2C24H16N8,1|1|1|1,0.9173960253168174,0.882467980914969,0.018065800783527982,,0.9596224603199611,82.76429200000734,3.336142,0.870801372,0.7285714285714285,1.0,1.0,1.0
lightweight gas storage MOFs with low density,q3_lightweight_storage,45,LEA no self-cleaning,3,qmof-a1a5849,Fe2C24H16N8,1|1|1|1,0.9173960253168174,0.882467980914969,0.013999628736309576,,0.9594941941145946,82.76429200000734,2.75343,0.925170256,0.7285714285714285,1.0,1.0,1.0
lightweight gas storage MOFs with low density,q3_lightweight_storage,45,LEA no self-cleaning,4,qmof-ac6a77a,Zn4C76H44N8O16,1|1|1|1,0.9173960253168174,0.882467980914969,0.027317112638204966,,0.9591752324386682,82.76429200000734,2.401359,0.82887956,0.7285714285714285,1.0,1.0,1.0
lightweight gas storage MOFs with low density,q3_lightweight_storage,45,LEA no self-cleaning,5,qmof-c0f392b,Zn2C44H38N6O12,1|1|1|1,0.9173960253168174,0.882467980914969,0.01739443877487013,,0.9587260978566807,82.76429200000734,2.464185,0.915527725,0.7285714285714285,1.0,1.0,1.0
lightweight gas storage MOFs with low density,q3_lightweight_storage,45,GraphSAGE only,1,qmof-235f291,Ni2C24H16N8,1|1|1|1,0.9173960253168174,0.882467980914969,0.0,0.2626898971,0.9173960253168174,0.03783299999327028,3.336142,0.870801372,0.7285714285714285,1.0,1.0,1.0
lightweight gas storage MOFs with low density,q3_lightweight_storage,45,GraphSAGE only,2,qmof-a1a5849,Fe2C24H16N8,1|1|1|1,0.9173960253168174,0.882467980914969,0.011319438610969042,0.2586122308,0.9173960253168174,0.03783299999327028,2.75343,0.925170256,0.7285714285714285,1.0,1.0,1.0
lightweight gas storage MOFs with low density,q3_lightweight_storage,45,GraphSAGE only,3,qmof-ac6a77a,Zn4C76H44N8O16,1|1|1|1,0.9173960253168174,0.882467980914969,0.032294819024239745,0.2567529519189189,0.9173960253168174,0.03783299999327028,2.401359,0.82887956,0.7285714285714285,1.0,1.0,1.0
lightweight gas storage MOFs with low density,q3_lightweight_storage,45,GraphSAGE only,4,qmof-13a76dd,Zn4C40H28N12O8,1|1|1|1,0.9173960253168174,0.882467980914969,0.01900433358340829,0.25673107788369565,0.9173960253168174,0.03783299999327028,3.309168,0.982716063,0.7285714285714285,1.0,1.0,1.0
lightweight gas storage MOFs with low density,q3_lightweight_storage,45,GraphSAGE only,5,qmof-e566fbb,Zn2C36H22N6O8,1|1|1|1,0.9173960253168174,0.882467980914969,0.015052182145351823,0.2563490934189189,0.9173960253168174,0.03783299999327028,2.93315,0.83426434,0.7285714285714285,1.0,1.0,1.0
lightweight gas storage MOFs with low density,q3_lightweight_storage,45,GAT only,1,qmof-235f291,Ni2C24H16N8,1|1|1|1,0.9173960253168174,0.882467980914969,0.0,0.41374343425000004,0.9173960253168174,0.03399999999942338,3.336142,0.870801372,0.7285714285714285,1.0,1.0,1.0
lightweight gas storage MOFs with low density,q3_lightweight_storage,45,GAT only,2,qmof-13a76dd,Zn4C40H28N12O8,1|1|1|1,0.9173960253168174,0.882467980914969,0.01461054884391458,0.4066955434538043,0.9173960253168174,0.03399999999942338,3.309168,0.982716063,0.7285714285714285,1.0,1.0,1.0
lightweight gas storage MOFs with low density,q3_lightweight_storage,45,GAT only,3,qmof-e566fbb,Zn2C36H22N6O8,1|1|1|1,0.9173960253168174,0.882467980914969,0.0123384947530898,0.38600964091216217,0.9173960253168174,0.03399999999942338,2.93315,0.83426434,0.7285714285714285,1.0,1.0,1.0
lightweight gas storage MOFs with low density,q3_lightweight_storage,45,GAT only,4,qmof-cef46c3,Zn2C48H32N8O8,1|1|1|1,0.9173960253168174,0.882467980914969,0.01194176634097749,0.3846363647193877,0.9173960253168174,0.03399999999942338,2.913296,0.7895211,0.7285714285714285,1.0,1.0,1.0
lightweight gas storage MOFs with low density,q3_lightweight_storage,45,GAT only,5,qmof-a1a5849,Fe2C24H16N8,1|1|1|1,0.9173960253168174,0.882467980914969,0.014550668299126329,0.375382659,0.9173960253168174,0.03399999999942338,2.75343,0.925170256,0.7285714285714285,1.0,1.0,1.0
lightweight gas storage MOFs with low density,q3_lightweight_storage,45,LEA + GraphSAGE,1,qmof-235f291,Ni2C24H16N8,1|1|1|1,0.9173960253168174,0.882467980914969,0.0,0.2626898971,0.890422453604159,83.07008399998494,3.336142,0.870801372,0.7285714285714285,1.0,1.0,1.0
lightweight gas storage MOFs with low density,q3_lightweight_storage,45,LEA + GraphSAGE,2,qmof-a1a5849,Fe2C24H16N8,1|1|1|1,0.9173960253168174,0.882467980914969,0.011319438610969042,0.2586122308,0.8896589158338799,83.07008399998494,2.75343,0.925170256,0.7285714285714285,1.0,1.0,1.0
lightweight gas storage MOFs with low density,q3_lightweight_storage,45,LEA + GraphSAGE,3,qmof-ac6a77a,Zn4C76H44N8O16,1|1|1|1,0.9173960253168174,0.882467980914969,0.032294819024239745,0.2567529519189189,0.889310727790172,83.07008399998494,2.401359,0.82887956,0.7285714285714285,1.0,1.0,1.0
lightweight gas storage MOFs with low density,q3_lightweight_storage,45,LEA + GraphSAGE,4,qmof-13a76dd,Zn4C40H28N12O8,1|1|1|1,0.9173960253168174,0.882467980914969,0.01900433358340829,0.25673107788369565,0.889306631279467,83.07008399998494,3.309168,0.982716063,0.7285714285714285,1.0,1.0,1.0
lightweight gas storage MOFs with low density,q3_lightweight_storage,45,LEA + GraphSAGE,5,qmof-e566fbb,Zn2C36H22N6O8,1|1|1|1,0.9173960253168174,0.882467980914969,0.015052182145351823,0.2563490934189189,0.8892350936928863,83.07008399998494,2.93315,0.83426434,0.7285714285714285,1.0,1.0,1.0
lightweight gas storage MOFs with low density,q3_lightweight_storage,45,LEA + GAT,1,qmof-235f291,Ni2C24H16N8,1|1|1|1,0.9173960253168174,0.882467980914969,0.0,0.41374343425000004,0.9185996755737323,85.59883399999535,3.336142,0.870801372,0.7285714285714285,1.0,1.0,1.0
lightweight gas storage MOFs with low density,q3_lightweight_storage,45,LEA + GAT,2,qmof-13a76dd,Zn4C40H28N12O8,1|1|1|1,0.9173960253168174,0.882467980914969,0.01461054884391458,0.4066955434538043,0.9172906974808295,85.59883399999535,3.309168,0.982716063,0.7285714285714285,1.0,1.0,1.0
lightweight gas storage MOFs with low density,q3_lightweight_storage,45,LEA + GAT,3,qmof-e566fbb,Zn2C36H22N6O8,1|1|1|1,0.9173960253168174,0.882467980914969,0.0123384947530898,0.38600964091216217,0.9134449534198168,85.59883399999535,2.93315,0.83426434,0.7285714285714285,1.0,1.0,1.0
lightweight gas storage MOFs with low density,q3_lightweight_storage,45,LEA + GAT,4,qmof-cef46c3,Zn2C48H32N8O8,1|1|1|1,0.9173960253168174,0.882467980914969,0.01194176634097749,0.3846363647193877,0.9131894522669348,85.59883399999535,2.913296,0.7895211,0.7285714285714285,1.0,1.0,1.0
lightweight gas storage MOFs with low density,q3_lightweight_storage,45,LEA + GAT,5,qmof-a1a5849,Fe2C24H16N8,1|1|1|1,0.9173960253168174,0.882467980914969,0.014550668299126329,0.375382659,0.9114671798642818,85.59883399999535,2.75343,0.925170256,0.7285714285714285,1.0,1.0,1.0
lightweight gas storage MOFs with low density,q3_lightweight_storage,46,SemanticOnly,1,qmof-fc98c57,Hf6C60H4N18O32,1|0|1|1,0.894446371519854,0.8720473443567199,0.0,,0.894446371519854,0.03120799999578594,,0.946083882,0.7285714285714285,0.0,1.0,1.0
lightweight gas storage MOFs with low density,q3_lightweight_storage,46,SemanticOnly,2,qmof-fbe14b0,Zr6C92H62N10O40,1|0|1|1,0.894446371519854,0.8720473443567199,0.029325730001922533,,0.894446371519854,0.03120799999578594,,0.847421382,0.7285714285714285,0.0,1.0,1.0
lightweight gas storage MOFs with low density,q3_lightweight_storage,46,SemanticOnly,3,qmof-fb15c25,Cu6C78H42O30,1|0|1|1,0.894446371519854,0.8720473443567199,0.02080774969689103,,0.894446371519854,0.03120799999578594,,0.547780195,0.7285714285714285,0.0,1.0,1.0
lightweight gas storage MOFs with low density,q3_lightweight_storage,46,SemanticOnly,4,qmof-f85760f,Zn16Br4C96H44N16O52S16,1|0|1|1,0.894446371519854,0.8720473443567199,0.025205907880333056,,0.894446371519854,0.03120799999578594,,0.606488559,0.7285714285714285,0.0,1.0,1.0
lightweight gas storage MOFs with low density,q3_lightweight_storage,46,SemanticOnly,5,qmof-f2e78b9,Al2C22H14N2O14,1|0|1|1,0.894446371519854,0.8720473443567199,0.03656299173708701,,0.894446371519854,0.03120799999578594,,0.80407144,0.7285714285714285,0.0,1.0,1.0
lightweight gas storage MOFs with low density,q3_lightweight_storage,46,WeightedSum,1,qmof-e566fbb,Zn2C36H22N6O8,1|1|1|1,0.9173960253168174,0.882467980914969,0.0,,0.9173960253168174,0.046875000009549694,2.93315,0.83426434,0.7285714285714285,1.0,1.0,1.0
lightweight gas storage MOFs with low density,q3_lightweight_storage,46,WeightedSum,2,qmof-cef46c3,Zn2C48H32N8O8,1|1|1|1,0.9173960253168174,0.882467980914969,0.007206297341252901,,0.9173960253168174,0.046875000009549694,2.913296,0.7895211,0.7285714285714285,1.0,1.0,1.0
lightweight gas storage MOFs with low density,q3_lightweight_storage,46,WeightedSum,3,qmof-c0f392b,Zn2C44H38N6O12,1|1|1|1,0.9173960253168174,0.882467980914969,0.012066926313604693,,0.9173960253168174,0.046875000009549694,2.464185,0.915527725,0.7285714285714285,1.0,1.0,1.0
lightweight gas storage MOFs with low density,q3_lightweight_storage,46,WeightedSum,4,qmof-ac6a77a,Zn4C76H44N8O16,1|1|1|1,0.9173960253168174,0.882467980914969,0.018368560155257573,,0.9173960253168174,0.046875000009549694,2.401359,0.82887956,0.7285714285714285,1.0,1.0,1.0
lightweight gas storage MOFs with low density,q3_lightweight_storage,46,WeightedSum,5,qmof-a1a5849,Fe2C24H16N8,1|1|1|1,0.9173960253168174,0.882467980914969,0.01962893153373782,,0.9173960253168174,0.046875000009549694,2.75343,0.925170256,0.7285714285714285,1.0,1.0,1.0
lightweight gas storage MOFs with low density,q3_lightweight_storage,46,TOPSIS,1,qmof-e566fbb,Zn2C36H22N6O8,1|1|1|1,0.9173960253168174,0.882467980914969,0.0,,0.9173960253168174,1.0799579999911657,2.93315,0.83426434,0.7285714285714285,1.0,1.0,1.0
lightweight gas storage MOFs with low density,q3_lightweight_storage,46,TOPSIS,2,qmof-cef46c3,Zn2C48H32N8O8,1|1|1|1,0.9173960253168174,0.882467980914969,0.007206297341252901,,0.9173960253168174,1.0799579999911657,2.913296,0.7895211,0.7285714285714285,1.0,1.0,1.0
lightweight gas storage MOFs with low density,q3_lightweight_storage,46,TOPSIS,3,qmof-c0f392b,Zn2C44H38N6O12,1|1|1|1,0.9173960253168174,0.882467980914969,0.012066926313604693,,0.9173960253168174,1.0799579999911657,2.464185,0.915527725,0.7285714285714285,1.0,1.0,1.0
lightweight gas storage MOFs with low density,q3_lightweight_storage,46,TOPSIS,4,qmof-ac6a77a,Zn4C76H44N8O16,1|1|1|1,0.9173960253168174,0.882467980914969,0.018368560155257573,,0.9173960253168174,1.0799579999911657,2.401359,0.82887956,0.7285714285714285,1.0,1.0,1.0
lightweight gas storage MOFs with low density,q3_lightweight_storage,46,TOPSIS,5,qmof-a1a5849,Fe2C24H16N8,1|1|1|1,0.9173960253168174,0.882467980914969,0.01962893153373782,,0.9173960253168174,1.0799579999911657,2.75343,0.925170256,0.7285714285714285,1.0,1.0,1.0
lightweight gas storage MOFs with low density,q3_lightweight_storage,46,ParetoCrowding,1,qmof-d856602,Cu12C60H24N72Si3,1|0|1|1,0.894446371519854,0.8720473443567199,0.0,,0.894446371519854,217.8823330000057,,0.26108434,0.7285714285714285,0.0,1.0,1.0
lightweight gas storage MOFs with low density,q3_lightweight_storage,46,ParetoCrowding,2,qmof-235f291,Ni2C24H16N8,1|1|1|1,0.9173960253168174,0.882467980914969,0.04689247923573326,,0.9173960253168174,217.8823330000057,3.336142,0.870801372,0.7285714285714285,1.0,1.0,1.0
lightweight gas storage MOFs with low density,q3_lightweight_storage,46,ParetoCrowding,3,qmof-91a02c3,Cu12C36H24N52,1|0|1|1,0.894446371519854,0.8720473443567199,0.026322137368238754,,0.894446371519854,217.8823330000057,,0.291766825,0.7285714285714285,0.0,1.0,1.0
lightweight gas storage MOFs with low density,q3_lightweight_storage,46,ParetoCrowding,4,qmof-acc6761,Al2C24Cl3H3O12S6,1|0|1|1,0.894446371519854,0.8720473443567199,0.04258834976050441,,0.894446371519854,217.8823330000057,,0.996108716,0.7285714285714285,0.0,1.0,1.0
lightweight gas storage MOFs with low density,q3_lightweight_storage,46,ParetoCrowding,5,qmof-39e9da1,Zn4BrC14H7O13,1|0|1|1,0.894446371519854,0.8720473443567199,0.03522769720973507,,0.894446371519854,217.8823330000057,,0.782219153,0.7285714285714285,0.0,1.0,1.0
lightweight gas storage MOFs with low density,q3_lightweight_storage,46,Random,1,qmof-fc98c57,Hf6C60H4N18O32,1|0|1|1,0.894446371519854,0.8720473443567199,0.0,,0.894446371519854,0.0473340000155531,,0.946083882,0.7285714285714285,0.0,1.0,1.0
lightweight gas storage MOFs with low density,q3_lightweight_storage,46,Random,2,qmof-a4d3459,Zn2C82H98N2O10,1|0|1|1,0.894446371519854,0.8720473443567199,0.039800060581111685,,0.894446371519854,0.0473340000155531,,0.602913842,0.7285714285714285,0.0,1.0,1.0
lightweight gas storage MOFs with low density,q3_lightweight_storage,46,Random,3,qmof-7ccc745,AlC45F3H24O6,1|0|1|1,0.894446371519854,0.8720473443567199,0.03155670622778148,,0.894446371519854,0.0473340000155531,,0.647995766,0.7285714285714285,0.0,1.0,1.0
lightweight gas storage MOFs with low density,q3_lightweight_storage,46,Random,4,qmof-677bee0,Al4C56FH31N8O20,1|0|1|1,0.894446371519854,0.8720473443567199,0.020980925082914714,,0.894446371519854,0.0473340000155531,,0.647962577,0.7285714285714285,0.0,1.0,1.0
lightweight gas storage MOFs with low density,q3_lightweight_storage,46,Random,5,qmof-624efee,Cu12C84H48N36,1|0|1|1,0.894446371519854,0.8720473443567199,0.03101588445861984,,0.894446371519854,0.0473340000155531,,0.224582075,0.7285714285714285,0.0,1.0,1.0
lightweight gas storage MOFs with low density,q3_lightweight_storage,46,MMR,1,qmof-e566fbb,Zn2C36H22N6O8,1|1|1|1,0.9173960253168174,0.882467980914969,0.0,,0.9173960253168174,2142.7080830000023,2.93315,0.83426434,0.7285714285714285,1.0,1.0,1.0
lightweight gas storage MOFs with low density,q3_lightweight_storage,46,MMR,2,qmof-ac6a77a,Zn4C76H44N8O16,1|1|1|1,0.9173960253168174,0.882467980914969,0.02314363319620626,,0.9173960253168174,2142.7080830000023,2.401359,0.82887956,0.7285714285714285,1.0,1.0,1.0
lightweight gas storage MOFs with low density,q3_lightweight_storage,46,MMR,3,qmof-235f291,Ni2C24H16N8,1|1|1|1,0.9173960253168174,0.882467980914969,0.02421015953762226,,0.9173960253168174,2142.7080830000023,3.336142,0.870801372,0.7285714285714285,1.0,1.0,1.0
lightweight gas storage MOFs with low density,q3_lightweight_storage,46,MMR,4,qmof-c0f392b,Zn2C44H38N6O12,1|1|1|1,0.9173960253168174,0.882467980914969,0.017688323423669192,,0.9173960253168174,2142.7080830000023,2.464185,0.915527725,0.7285714285714285,1.0,1.0,1.0
lightweight gas storage MOFs with low density,q3_lightweight_storage,46,MMR,5,qmof-a1a5849,Fe2C24H16N8,1|1|1|1,0.9173960253168174,0.882467980914969,0.018288836471067552,,0.9173960253168174,2142.7080830000023,2.75343,0.925170256,0.7285714285714285,1.0,1.0,1.0
lightweight gas storage MOFs with low density,q3_lightweight_storage,46,LEA,1,qmof-e566fbb,Zn2C36H22N6O8,1|1|1|1,0.9173960253168174,0.882467980914969,0.0,,1.0056428234083143,82.35495799999626,2.93315,0.83426434,0.7285714285714285,1.0,1.0,1.0
lightweight gas storage MOFs with low density,q3_lightweight_storage,46,LEA,2,qmof-235f291,Ni2C24H16N8,1|1|1|1,0.9173960253168174,0.882467980914969,0.014030653319682757,,0.9593212441606445,82.35495799999626,3.336142,0.870801372,0.7285714285714285,1.0,1.0,1.0
lightweight gas storage MOFs with low density,q3_lightweight_storage,46,LEA,3,qmof-a1a5849,Fe2C24H16N8,1|1|1|1,0.9173960253168174,0.882467980914969,0.011853772244995238,,0.9591220442936917,82.35495799999626,2.75343,0.925170256,0.7285714285714285,1.0,1.0,1.0
lightweight gas storage MOFs with low density,q3_lightweight_storage,46,LEA,4,qmof-ac6a77a,Zn4C76H44N8O16,1|1|1|1,0.9173960253168174,0.882467980914969,0.029244423748228582,,0.9584746121516721,82.35495799999626,2.401359,0.82887956,0.7285714285714285,1.0,1.0,1.0
lightweight gas storage MOFs with low density,q3_lightweight_storage,46,LEA,5,qmof-13a76dd,Zn4C40H28N12O8,1|1|1|1,0.9173960253168174,0.882467980914969,0.01691483423418043,,0.9582190811437186,82.35495799999626,3.309168,0.982716063,0.7285714285714285,1.0,1.0,1.0
lightweight gas storage MOFs with low density,q3_lightweight_storage,46,LEA no diversity,1,qmof-e566fbb,Zn2C36H22N6O8,1|1|1|1,0.9173960253168174,0.882467980914969,0.0,,1.0056428234083143,83.54766599998698,2.93315,0.83426434,0.7285714285714285,1.0,1.0,1.0
lightweight gas storage MOFs with low density,q3_lightweight_storage,46,LEA no diversity,2,qmof-235f291,Ni2C24H16N8,1|1|1|1,0.9173960253168174,0.882467980914969,0.014030653319682757,,0.9568589411955923,83.54766599998698,3.336142,0.870801372,0.7285714285714285,1.0,1.0,1.0
lightweight gas storage MOFs with low density,q3_lightweight_storage,46,LEA no diversity,3,qmof-a1a5849,Fe2C24H16N8,1|1|1|1,0.9173960253168174,0.882467980914969,0.011853772244995238,,0.9567935973219112,83.54766599998698,2.75343,0.925170256,0.7285714285714285,1.0,1.0,1.0
lightweight gas storage MOFs with low density,q3_lightweight_storage,46,LEA no diversity,4,qmof-ac6a77a,Zn4C76H44N8O16,1|1|1|1,0.9173960253168174,0.882467980914969,0.029244423748228582,,0.956580813086978,83.54766599998698,2.401359,0.82887956,0.7285714285714285,1.0,1.0,1.0
lightweight gas storage MOFs with low density,q3_lightweight_storage,46,LEA no diversity,5,qmof-13a76dd,Zn4C40H28N12O8,1|1|1|1,0.9173960253168174,0.882467980914969,0.01691483423418043,,0.9564966596942603,83.54766599998698,3.309168,0.982716063,0.7285714285714285,1.0,1.0,1.0
lightweight gas storage MOFs with low density,q3_lightweight_storage,46,LEA no self-cleaning,1,qmof-e566fbb,Zn2C36H22N6O8,1|1|1|1,0.9173960253168174,0.882467980914969,0.0,,1.0056428234083143,82.43995899999845,2.93315,0.83426434,0.7285714285714285,1.0,1.0,1.0
lightweight gas storage MOFs with low density,q3_lightweight_storage,46,LEA no self-cleaning,2,qmof-235f291,Ni2C24H16N8,1|1|1|1,0.9173960253168174,0.882467980914969,0.014030653319682757,,0.9593212441606445,82.43995899999845,3.336142,0.870801372,0.7285714285714285,1.0,1.0,1.0
lightweight gas storage MOFs with low density,q3_lightweight_storage,46,LEA no self-cleaning,3,qmof-a1a5849,Fe2C24H16N8,1|1|1|1,0.9173960253168174,0.882467980914969,0.011853772244995238,,0.9591220442936917,82.43995899999845,2.75343,0.925170256,0.7285714285714285,1.0,1.0,1.0
lightweight gas storage MOFs with low density,q3_lightweight_storage,46,LEA no self-cleaning,4,qmof-ac6a77a,Zn4C76H44N8O16,1|1|1|1,0.9173960253168174,0.882467980914969,0.029244423748228582,,0.9584746121516721,82.43995899999845,2.401359,0.82887956,0.7285714285714285,1.0,1.0,1.0
lightweight gas storage MOFs with low density,q3_lightweight_storage,46,LEA no self-cleaning,5,qmof-13a76dd,Zn4C40H28N12O8,1|1|1|1,0.9173960253168174,0.882467980914969,0.01691483423418043,,0.9582190811437186,82.43995899999845,3.309168,0.982716063,0.7285714285714285,1.0,1.0,1.0
lightweight gas storage MOFs with low density,q3_lightweight_storage,46,GraphSAGE only,1,qmof-235f291,Ni2C24H16N8,1|1|1|1,0.9173960253168174,0.882467980914969,0.0,0.2626898971,0.9173960253168174,0.04654200000686615,3.336142,0.870801372,0.7285714285714285,1.0,1.0,1.0
lightweight gas storage MOFs with low density,q3_lightweight_storage,46,GraphSAGE only,2,qmof-a1a5849,Fe2C24H16N8,1|1|1|1,0.9173960253168174,0.882467980914969,0.011319438610969042,0.2586122308,0.9173960253168174,0.04654200000686615,2.75343,0.925170256,0.7285714285714285,1.0,1.0,1.0
lightweight gas storage MOFs with low density,q3_lightweight_storage,46,GraphSAGE only,3,qmof-ac6a77a,Zn4C76H44N8O16,1|1|1|1,0.9173960253168174,0.882467980914969,0.032294819024239745,0.2567529519189189,0.9173960253168174,0.04654200000686615,2.401359,0.82887956,0.7285714285714285,1.0,1.0,1.0
lightweight gas storage MOFs with low density,q3_lightweight_storage,46,GraphSAGE only,4,qmof-13a76dd,Zn4C40H28N12O8,1|1|1|1,0.9173960253168174,0.882467980914969,0.01900433358340829,0.25673107788369565,0.9173960253168174,0.04654200000686615,3.309168,0.982716063,0.7285714285714285,1.0,1.0,1.0
lightweight gas storage MOFs with low density,q3_lightweight_storage,46,GraphSAGE only,5,qmof-e566fbb,Zn2C36H22N6O8,1|1|1|1,0.9173960253168174,0.882467980914969,0.015052182145351823,0.2563490934189189,0.9173960253168174,0.04654200000686615,2.93315,0.83426434,0.7285714285714285,1.0,1.0,1.0
lightweight gas storage MOFs with low density,q3_lightweight_storage,46,GAT only,1,qmof-235f291,Ni2C24H16N8,1|1|1|1,0.9173960253168174,0.882467980914969,0.0,0.41374343425000004,0.9173960253168174,0.03300000000194814,3.336142,0.870801372,0.7285714285714285,1.0,1.0,1.0
lightweight gas storage MOFs with low density,q3_lightweight_storage,46,GAT only,2,qmof-13a76dd,Zn4C40H28N12O8,1|1|1|1,0.9173960253168174,0.882467980914969,0.01461054884391458,0.4066955434538043,0.9173960253168174,0.03300000000194814,3.309168,0.982716063,0.7285714285714285,1.0,1.0,1.0
lightweight gas storage MOFs with low density,q3_lightweight_storage,46,GAT only,3,qmof-e566fbb,Zn2C36H22N6O8,1|1|1|1,0.9173960253168174,0.882467980914969,0.0123384947530898,0.38600964091216217,0.9173960253168174,0.03300000000194814,2.93315,0.83426434,0.7285714285714285,1.0,1.0,1.0
lightweight gas storage MOFs with low density,q3_lightweight_storage,46,GAT only,4,qmof-cef46c3,Zn2C48H32N8O8,1|1|1|1,0.9173960253168174,0.882467980914969,0.01194176634097749,0.3846363647193877,0.9173960253168174,0.03300000000194814,2.913296,0.7895211,0.7285714285714285,1.0,1.0,1.0
lightweight gas storage MOFs with low density,q3_lightweight_storage,46,GAT only,5,qmof-a1a5849,Fe2C24H16N8,1|1|1|1,0.9173960253168174,0.882467980914969,0.014550668299126329,0.375382659,0.9173960253168174,0.03300000000194814,2.75343,0.925170256,0.7285714285714285,1.0,1.0,1.0
lightweight gas storage MOFs with low density,q3_lightweight_storage,46,LEA + GraphSAGE,1,qmof-235f291,Ni2C24H16N8,1|1|1|1,0.9173960253168174,0.882467980914969,0.0,0.2626898971,0.890422453604159,80.92091699998605,3.336142,0.870801372,0.7285714285714285,1.0,1.0,1.0
lightweight gas storage MOFs with low density,q3_lightweight_storage,46,LEA + GraphSAGE,2,qmof-a1a5849,Fe2C24H16N8,1|1|1|1,0.9173960253168174,0.882467980914969,0.011319438610969042,0.2586122308,0.8896589158338799,80.92091699998605,2.75343,0.925170256,0.7285714285714285,1.0,1.0,1.0
lightweight gas storage MOFs with low density,q3_lightweight_storage,46,LEA + GraphSAGE,3,qmof-ac6a77a,Zn4C76H44N8O16,1|1|1|1,0.9173960253168174,0.882467980914969,0.032294819024239745,0.2567529519189189,0.889310727790172,80.92091699998605,2.401359,0.82887956,0.7285714285714285,1.0,1.0,1.0
lightweight gas storage MOFs with low density,q3_lightweight_storage,46,LEA + GraphSAGE,4,qmof-13a76dd,Zn4C40H28N12O8,1|1|1|1,0.9173960253168174,0.882467980914969,0.01900433358340829,0.25673107788369565,0.889306631279467,80.92091699998605,3.309168,0.982716063,0.7285714285714285,1.0,1.0,1.0
lightweight gas storage MOFs with low density,q3_lightweight_storage,46,LEA + GraphSAGE,5,qmof-e566fbb,Zn2C36H22N6O8,1|1|1|1,0.9173960253168174,0.882467980914969,0.015052182145351823,0.2563490934189189,0.8892350936928863,80.92091699998605,2.93315,0.83426434,0.7285714285714285,1.0,1.0,1.0
lightweight gas storage MOFs with low density,q3_lightweight_storage,46,LEA + GAT,1,qmof-235f291,Ni2C24H16N8,1|1|1|1,0.9173960253168174,0.882467980914969,0.0,0.41374343425000004,0.9185996755737323,81.5959580000083,3.336142,0.870801372,0.7285714285714285,1.0,1.0,1.0
lightweight gas storage MOFs with low density,q3_lightweight_storage,46,LEA + GAT,2,qmof-13a76dd,Zn4C40H28N12O8,1|1|1|1,0.9173960253168174,0.882467980914969,0.01461054884391458,0.4066955434538043,0.9172906974808295,81.5959580000083,3.309168,0.982716063,0.7285714285714285,1.0,1.0,1.0
lightweight gas storage MOFs with low density,q3_lightweight_storage,46,LEA + GAT,3,qmof-e566fbb,Zn2C36H22N6O8,1|1|1|1,0.9173960253168174,0.882467980914969,0.0123384947530898,0.38600964091216217,0.9134449534198168,81.5959580000083,2.93315,0.83426434,0.7285714285714285,1.0,1.0,1.0
lightweight gas storage MOFs with low density,q3_lightweight_storage,46,LEA + GAT,4,qmof-cef46c3,Zn2C48H32N8O8,1|1|1|1,0.9173960253168174,0.882467980914969,0.01194176634097749,0.3846363647193877,0.9131894522669348,81.5959580000083,2.913296,0.7895211,0.7285714285714285,1.0,1.0,1.0
lightweight gas storage MOFs with low density,q3_lightweight_storage,46,LEA + GAT,5,qmof-a1a5849,Fe2C24H16N8,1|1|1|1,0.9173960253168174,0.882467980914969,0.014550668299126329,0.375382659,0.9114671798642818,81.5959580000083,2.75343,0.925170256,0.7285714285714285,1.0,1.0,1.0
lightweight gas storage MOFs with low density,q3_lightweight_storage,47,SemanticOnly,1,qmof-fd3b276,Zn2C38Cl2H20N2O8,1|0|1|1,0.894446371519854,0.8720473443567199,0.0,,0.894446371519854,0.036332999997057414,,0.427132446,0.7285714285714285,0.0,1.0,1.0
lightweight gas storage MOFs with low density,q3_lightweight_storage,47,SemanticOnly,2,qmof-fcd9e5c,Zn2C46F5H23N4O12,1|0|1|1,0.894446371519854,0.8720473443567199,0.010154401036059281,,0.894446371519854,0.036332999997057414,,0.684381003,0.7285714285714285,0.0,1.0,1.0
lightweight gas storage MOFs with low density,q3_lightweight_storage,47,SemanticOnly,3,qmof-fa61018,Al4C64H52N8O22,1|0|1|1,0.894446371519854,0.8720473443567199,0.022550745852886266,,0.894446371519854,0.036332999997057414,,0.588664798,0.7285714285714285,0.0,1.0,1.0
lightweight gas storage MOFs with low density,q3_lightweight_storage,47,SemanticOnly,4,qmof-fa46fe8,Al4C100Cl6H90N4O28,1|0|1|1,0.894446371519854,0.8720473443567199,0.02972566435697313,,0.894446371519854,0.036332999997057414,,0.728719378,0.7285714285714285,0.0,1.0,1.0
lightweight gas storage MOFs with low density,q3_lightweight_storage,47,SemanticOnly,5,qmof-f81a30b,Zn4C78H36O22,1|0|1|1,0.894446371519854,0.8720473443567199,0.021447165709416276,,0.894446371519854,0.036332999997057414,,0.337585554,0.7285714285714285,0.0,1.0,1.0
lightweight gas storage MOFs with low density,q3_lightweight_storage,47,WeightedSum,1,qmof-e566fbb,Zn2C36H22N6O8,1|1|1|1,0.9173960253168174,0.882467980914969,0.0,,0.9173960253168174,0.045916999994233265,2.93315,0.83426434,0.7285714285714285,1.0,1.0,1.0
lightweight gas storage MOFs with low density,q3_lightweight_storage,47,WeightedSum,2,qmof-cef46c3,Zn2C48H32N8O8,1|1|1|1,0.9173960253168174,0.882467980914969,0.007206297341252901,,0.9173960253168174,0.045916999994233265,2.913296,0.7895211,0.7285714285714285,1.0,1.0,1.0
lightweight gas storage MOFs with low density,q3_lightweight_storage,47,WeightedSum,3,qmof-c0f392b,Zn2C44H38N6O12,1|1|1|1,0.9173960253168174,0.882467980914969,0.012066926313604693,,0.9173960253168174,0.045916999994233265,2.464185,0.915527725,0.7285714285714285,1.0,1.0,1.0
lightweight gas storage MOFs with low density,q3_lightweight_storage,47,WeightedSum,4,qmof-ac6a77a,Zn4C76H44N8O16,1|1|1|1,0.9173960253168174,0.882467980914969,0.018368560155257573,,0.9173960253168174,0.045916999994233265,2.401359,0.82887956,0.7285714285714285,1.0,1.0,1.0
lightweight gas storage MOFs with low density,q3_lightweight_storage,47,WeightedSum,5,qmof-a1a5849,Fe2C24H16N8,1|1|1|1,0.9173960253168174,0.882467980914969,0.01962893153373782,,0.9173960253168174,0.045916999994233265,2.75343,0.925170256,0.7285714285714285,1.0,1.0,1.0
lightweight gas storage MOFs with low density,q3_lightweight_storage,47,TOPSIS,1,qmof-e566fbb,Zn2C36H22N6O8,1|1|1|1,0.9173960253168174,0.882467980914969,0.0,,0.9173960253168174,1.0903749999897627,2.93315,0.83426434,0.7285714285714285,1.0,1.0,1.0
lightweight gas storage MOFs with low density,q3_lightweight_storage,47,TOPSIS,2,qmof-cef46c3,Zn2C48H32N8O8,1|1|1|1,0.9173960253168174,0.882467980914969,0.007206297341252901,,0.9173960253168174,1.0903749999897627,2.913296,0.7895211,0.7285714285714285,1.0,1.0,1.0
lightweight gas storage MOFs with low density,q3_lightweight_storage,47,TOPSIS,3,qmof-c0f392b,Zn2C44H38N6O12,1|1|1|1,0.9173960253168174,0.882467980914969,0.012066926313604693,,0.9173960253168174,1.0903749999897627,2.464185,0.915527725,0.7285714285714285,1.0,1.0,1.0
lightweight gas storage MOFs with low density,q3_lightweight_storage,47,TOPSIS,4,qmof-ac6a77a,Zn4C76H44N8O16,1|1|1|1,0.9173960253168174,0.882467980914969,0.018368560155257573,,0.9173960253168174,1.0903749999897627,2.401359,0.82887956,0.7285714285714285,1.0,1.0,1.0
lightweight gas storage MOFs with low density,q3_lightweight_storage,47,TOPSIS,5,qmof-a1a5849,Fe2C24H16N8,1|1|1|1,0.9173960253168174,0.882467980914969,0.01962893153373782,,0.9173960253168174,1.0903749999897627,2.75343,0.925170256,0.7285714285714285,1.0,1.0,1.0
lightweight gas storage MOFs with low density,q3_lightweight_storage,47,ParetoCrowding,1,qmof-235f291,Ni2C24H16N8,1|1|1|1,0.9173960253168174,0.882467980914969,0.0,,0.9173960253168174,216.79829100000347,3.336142,0.870801372,0.7285714285714285,1.0,1.0,1.0
lightweight gas storage MOFs with low density,q3_lightweight_storage,47,ParetoCrowding,2,qmof-a1a5849,Fe2C24H16N8,1|1|1|1,0.9173960253168174,0.882467980914969,0.011319438610969042,,0.9173960253168174,216.79829100000347,2.75343,0.925170256,0.7285714285714285,1.0,1.0,1.0
lightweight gas storage MOFs with low density,q3_lightweight_storage,47,ParetoCrowding,3,qmof-c27e251,Zn2C14H12N2O14,1|0|1|1,0.894446371519854,0.8720473443567199,0.02739041808569998,,0.894446371519854,216.79829100000347,,0.727362584,0.7285714285714285,0.0,1.0,1.0
lightweight gas storage MOFs with low density,q3_lightweight_storage,47,ParetoCrowding,4,qmof-5356c15,ZnC20F10H12N8Si,1|0|1|1,0.894446371519854,0.8720473443567199,0.021706950957561765,,0.894446371519854,216.79829100000347,,0.81822421,0.7285714285714285,0.0,1.0,1.0
lightweight gas storage MOFs with low density,q3_lightweight_storage,47,ParetoCrowding,5,qmof-3b397bb,ZnC24F6H16N4O12S4Si,1|0|1|1,0.894446371519854,0.8720473443567199,0.02629654398813664,,0.894446371519854,216.79829100000347,,0.991884779,0.7285714285714285,0.0,1.0,1.0
lightweight gas storage MOFs with low density,q3_lightweight_storage,47,Random,1,qmof-7fe12e1,Zn4C41H22O14,1|0|1|1,0.894446371519854,0.8720473443567199,0.0,,0.894446371519854,0.04933299999265728,,0.369667502,0.7285714285714285,0.0,1.0,1.0
lightweight gas storage MOFs with low density,q3_lightweight_storage,47,Random,2,qmof-452ad60,Zn16C96H28N4O68S16,1|0|1|1,0.894446371519854,0.8720473443567199,0.039630979319364205,,0.894446371519854,0.04933299999265728,,0.570837566,0.7285714285714285,0.0,1.0,1.0
lightweight gas storage MOFs with low density,q3_lightweight_storage,47,Random,3,qmof-fa61018,Al4C64H52N8O22,1|0|1|1,0.894446371519854,0.8720473443567199,0.023828551321800763,,0.894446371519854,0.04933299999265728,,0.588664798,0.7285714285714285,0.0,1.0,1.0
lightweight gas storage MOFs with low density,q3_lightweight_storage,47,Random,4,qmof-8f0fcd4,Zn2C44H20N2O16,1|0|1|1,0.894446371519854,0.8720473443567199,0.02223344864346563,,0.894446371519854,0.04933299999265728,,0.453882587,0.7285714285714285,0.0,1.0,1.0
lightweight gas storage MOFs with low density,q3_lightweight_storage,47,Random,5,qmof-16137ec,Zn4C82H54N4O16,1|0|1|1,0.894446371519854,0.8720473443567199,0.02055192491117595,,0.894446371519854,0.04933299999265728,,0.663366146,0.7285714285714285,0.0,1.0,1.0
lightweight gas storage MOFs with low density,q3_lightweight_storage,47,MMR,1,qmof-a1a5849,Fe2C24H16N8,1|1|1|1,0.9173960253168174,0.882467980914969,0.0,,0.9173960253168174,2088.1408330000113,2.75343,0.925170256,0.7285714285714285,1.0,1.0,1.0
lightweight gas storage MOFs with low density,q3_lightweight_storage,47,MMR,2,qmof-ac6a77a,Zn4C76H44N8O16,1|1|1|1,0.9173960253168174,0.882467980914969,0.030199972292917723,,0.9173960253168174,2088.1408330000113,2.401359,0.82887956,0.7285714285714285,1.0,1.0,1.0
lightweight gas storage MOFs with low density,q3_lightweight_storage,47,MMR,3,qmof-13a76dd,Zn4C40H28N12O8,1|1|1|1,0.9173960253168174,0.882467980914969,0.021201225953155142,,0.9173960253168174,2088.1408330000113,3.309168,0.982716063,0.7285714285714285,1.0,1.0,1.0
lightweight gas storage MOFs with low density,q3_lightweight_storage,47,MMR,4,qmof-c0f392b,Zn2C44H38N6O12,1|1|1|1,0.9173960253168174,0.882467980914969,0.017196445679571768,,0.9173960253168174,2088.1408330000113,2.464185,0.915527725,0.7285714285714285,1.0,1.0,1.0
lightweight gas storage MOFs with low density,q3_lightweight_storage,47,MMR,5,qmof-235f291,Ni2C24H16N8,1|1|1|1,0.9173960253168174,0.882467980914969,0.021337456906993173,,0.9173960253168174,2088.1408330000113,3.336142,0.870801372,0.7285714285714285,1.0,1.0,1.0
lightweight gas storage MOFs with low density,q3_lightweight_storage,47,LEA,1,qmof-a1a5849,Fe2C24H16N8,1|1|1|1,0.9173960253168174,0.882467980914969,0.0,,1.0056428234083143,83.96729099999334,2.75343,0.925170256,0.7285714285714285,1.0,1.0,1.0
lightweight gas storage MOFs with low density,q3_lightweight_storage,47,LEA,2,qmof-235f291,Ni2C24H16N8,1|1|1|1,0.9173960253168174,0.882467980914969,0.011319438610969042,,0.9591657391056224,83.96729099999334,3.336142,0.870801372,0.7285714285714285,1.0,1.0,1.0
lightweight gas storage MOFs with low density,q3_lightweight_storage,47,LEA,3,qmof-ac6a77a,Zn4C76H44N8O16,1|1|1|1,0.9173960253168174,0.882467980914969,0.032294819024239745,,0.9588376032224881,83.96729099999334,2.401359,0.82887956,0.7285714285714285,1.0,1.0,1.0
lightweight gas storage MOFs with low density,q3_lightweight_storage,47,LEA,4,qmof-13a76dd,Zn4C40H28N12O8,1|1|1|1,0.9173960253168174,0.882467980914969,0.01900433358340829,,0.9587915059524554,83.96729099999334,3.309168,0.982716063,0.7285714285714285,1.0,1.0,1.0
lightweight gas storage MOFs with low density,q3_lightweight_storage,47,LEA,5,qmof-e566fbb,Zn2C36H22N6O8,1|1|1|1,0.9173960253168174,0.882467980914969,0.015052182145351823,,0.9585201175446004,83.96729099999334,2.93315,0.83426434,0.7285714285714285,1.0,1.0,1.0
lightweight gas storage MOFs with low density,q3_lightweight_storage,47,LEA no diversity,1,qmof-a1a5849,Fe2C24H16N8,1|1|1|1,0.9173960253168174,0.882467980914969,0.0,,1.0056428234083143,82.6502909999931,2.75343,0.925170256,0.7285714285714285,1.0,1.0,1.0
lightweight gas storage MOFs with low density,q3_lightweight_storage,47,LEA no diversity,2,qmof-235f291,Ni2C24H16N8,1|1|1|1,0.9173960253168174,0.882467980914969,0.011319438610969042,,0.9568079356381475,82.6502909999931,3.336142,0.870801372,0.7285714285714285,1.0,1.0,1.0
lightweight gas storage MOFs with low density,q3_lightweight_storage,47,LEA no diversity,3,qmof-ac6a77a,Zn4C76H44N8O16,1|1|1|1,0.9173960253168174,0.882467980914969,0.032294819024239745,,0.9567001897462843,82.6502909999931,2.401359,0.82887956,0.7285714285714285,1.0,1.0,1.0
lightweight gas storage MOFs with low density,q3_lightweight_storage,47,LEA no diversity,4,qmof-13a76dd,Zn4C40H28N12O8,1|1|1|1,0.9173960253168174,0.882467980914969,0.01900433358340829,,0.956685040583473,82.6502909999931,3.309168,0.982716063,0.7285714285714285,1.0,1.0,1.0
lightweight gas storage MOFs with low density,q3_lightweight_storage,47,LEA no diversity,5,qmof-e566fbb,Zn2C36H22N6O8,1|1|1|1,0.9173960253168174,0.882467980914969,0.015052182145351823,,0.9565957891190114,82.6502909999931,2.93315,0.83426434,0.7285714285714285,1.0,1.0,1.0
lightweight gas storage MOFs with low density,q3_lightweight_storage,47,LEA no self-cleaning,1,qmof-a1a5849,Fe2C24H16N8,1|1|1|1,0.9173960253168174,0.882467980914969,0.0,,1.0056428234083143,86.18612500001177,2.75343,0.925170256,0.7285714285714285,1.0,1.0,1.0
lightweight gas storage MOFs with low density,q3_lightweight_storage,47,LEA no self-cleaning,2,qmof-235f291,Ni2C24H16N8,1|1|1|1,0.9173960253168174,0.882467980914969,0.011319438610969042,,0.9591657391056224,86.18612500001177,3.336142,0.870801372,0.7285714285714285,1.0,1.0,1.0
lightweight gas storage MOFs with low density,q3_lightweight_storage,47,LEA no self-cleaning,3,qmof-ac6a77a,Zn4C76H44N8O16,1|1|1|1,0.9173960253168174,0.882467980914969,0.032294819024239745,,0.9588376032224881,86.18612500001177,2.401359,0.82887956,0.7285714285714285,1.0,1.0,1.0
lightweight gas storage MOFs with low density,q3_lightweight_storage,47,LEA no self-cleaning,4,qmof-13a76dd,Zn4C40H28N12O8,1|1|1|1,0.9173960253168174,0.882467980914969,0.01900433358340829,,0.9587915059524554,86.18612500001177,3.309168,0.982716063,0.7285714285714285,1.0,1.0,1.0
lightweight gas storage MOFs with low density,q3_lightweight_storage,47,LEA no self-cleaning,5,qmof-e566fbb,Zn2C36H22N6O8,1|1|1|1,0.9173960253168174,0.882467980914969,0.015052182145351823,,0.9585201175446004,86.18612500001177,2.93315,0.83426434,0.7285714285714285,1.0,1.0,1.0
lightweight gas storage MOFs with low density,q3_lightweight_storage,47,GraphSAGE only,1,qmof-235f291,Ni2C24H16N8,1|1|1|1,0.9173960253168174,0.882467980914969,0.0,0.2626898971,0.9173960253168174,0.03845899999532776,3.336142,0.870801372,0.7285714285714285,1.0,1.0,1.0
lightweight gas storage MOFs with low density,q3_lightweight_storage,47,GraphSAGE only,2,qmof-a1a5849,Fe2C24H16N8,1|1|1|1,0.9173960253168174,0.882467980914969,0.011319438610969042,0.2586122308,0.9173960253168174,0.03845899999532776,2.75343,0.925170256,0.7285714285714285,1.0,1.0,1.0
lightweight gas storage MOFs with low density,q3_lightweight_storage,47,GraphSAGE only,3,qmof-ac6a77a,Zn4C76H44N8O16,1|1|1|1,0.9173960253168174,0.882467980914969,0.032294819024239745,0.2567529519189189,0.9173960253168174,0.03845899999532776,2.401359,0.82887956,0.7285714285714285,1.0,1.0,1.0
lightweight gas storage MOFs with low density,q3_lightweight_storage,47,GraphSAGE only,4,qmof-13a76dd,Zn4C40H28N12O8,1|1|1|1,0.9173960253168174,0.882467980914969,0.01900433358340829,0.25673107788369565,0.9173960253168174,0.03845899999532776,3.309168,0.982716063,0.7285714285714285,1.0,1.0,1.0
lightweight gas storage MOFs with low density,q3_lightweight_storage,47,GraphSAGE only,5,qmof-e566fbb,Zn2C36H22N6O8,1|1|1|1,0.9173960253168174,0.882467980914969,0.015052182145351823,0.2563490934189189,0.9173960253168174,0.03845899999532776,2.93315,0.83426434,0.7285714285714285,1.0,1.0,1.0
lightweight gas storage MOFs with low density,q3_lightweight_storage,47,GAT only,1,qmof-235f291,Ni2C24H16N8,1|1|1|1,0.9173960253168174,0.882467980914969,0.0,0.41374343425000004,0.9173960253168174,0.03387499998552812,3.336142,0.870801372,0.7285714285714285,1.0,1.0,1.0
lightweight gas storage MOFs with low density,q3_lightweight_storage,47,GAT only,2,qmof-13a76dd,Zn4C40H28N12O8,1|1|1|1,0.9173960253168174,0.882467980914969,0.01461054884391458,0.4066955434538043,0.9173960253168174,0.03387499998552812,3.309168,0.982716063,0.7285714285714285,1.0,1.0,1.0
lightweight gas storage MOFs with low density,q3_lightweight_storage,47,GAT only,3,qmof-e566fbb,Zn2C36H22N6O8,1|1|1|1,0.9173960253168174,0.882467980914969,0.0123384947530898,0.38600964091216217,0.9173960253168174,0.03387499998552812,2.93315,0.83426434,0.7285714285714285,1.0,1.0,1.0
lightweight gas storage MOFs with low density,q3_lightweight_storage,47,GAT only,4,qmof-cef46c3,Zn2C48H32N8O8,1|1|1|1,0.9173960253168174,0.882467980914969,0.01194176634097749,0.3846363647193877,0.9173960253168174,0.03387499998552812,2.913296,0.7895211,0.7285714285714285,1.0,1.0,1.0
lightweight gas storage MOFs with low density,q3_lightweight_storage,47,GAT only,5,qmof-a1a5849,Fe2C24H16N8,1|1|1|1,0.9173960253168174,0.882467980914969,0.014550668299126329,0.375382659,0.9173960253168174,0.03387499998552812,2.75343,0.925170256,0.7285714285714285,1.0,1.0,1.0
lightweight gas storage MOFs with low density,q3_lightweight_storage,47,LEA + GraphSAGE,1,qmof-235f291,Ni2C24H16N8,1|1|1|1,0.9173960253168174,0.882467980914969,0.0,0.2626898971,0.890422453604159,81.58066699999722,3.336142,0.870801372,0.7285714285714285,1.0,1.0,1.0
lightweight gas storage MOFs with low density,q3_lightweight_storage,47,LEA + GraphSAGE,2,qmof-a1a5849,Fe2C24H16N8,1|1|1|1,0.9173960253168174,0.882467980914969,0.011319438610969042,0.2586122308,0.8896589158338799,81.58066699999722,2.75343,0.925170256,0.7285714285714285,1.0,1.0,1.0
lightweight gas storage MOFs with low density,q3_lightweight_storage,47,LEA + GraphSAGE,3,qmof-ac6a77a,Zn4C76H44N8O16,1|1|1|1,0.9173960253168174,0.882467980914969,0.032294819024239745,0.2567529519189189,0.889310727790172,81.58066699999722,2.401359,0.82887956,0.7285714285714285,1.0,1.0,1.0
lightweight gas storage MOFs with low density,q3_lightweight_storage,47,LEA + GraphSAGE,4,qmof-13a76dd,Zn4C40H28N12O8,1|1|1|1,0.9173960253168174,0.882467980914969,0.01900433358340829,0.25673107788369565,0.889306631279467,81.58066699999722,3.309168,0.982716063,0.7285714285714285,1.0,1.0,1.0
lightweight gas storage MOFs with low density,q3_lightweight_storage,47,LEA + GraphSAGE,5,qmof-e566fbb,Zn2C36H22N6O8,1|1|1|1,0.9173960253168174,0.882467980914969,0.015052182145351823,0.2563490934189189,0.8892350936928863,81.58066699999722,2.93315,0.83426434,0.7285714285714285,1.0,1.0,1.0
lightweight gas storage MOFs with low density,q3_lightweight_storage,47,LEA + GAT,1,qmof-235f291,Ni2C24H16N8,1|1|1|1,0.9173960253168174,0.882467980914969,0.0,0.41374343425000004,0.9185996755737323,86.56375000001049,3.336142,0.870801372,0.7285714285714285,1.0,1.0,1.0
lightweight gas storage MOFs with low density,q3_lightweight_storage,47,LEA + GAT,2,qmof-13a76dd,Zn4C40H28N12O8,1|1|1|1,0.9173960253168174,0.882467980914969,0.01461054884391458,0.4066955434538043,0.9172906974808295,86.56375000001049,3.309168,0.982716063,0.7285714285714285,1.0,1.0,1.0
lightweight gas storage MOFs with low density,q3_lightweight_storage,47,LEA + GAT,3,qmof-e566fbb,Zn2C36H22N6O8,1|1|1|1,0.9173960253168174,0.882467980914969,0.0123384947530898,0.38600964091216217,0.9134449534198168,86.56375000001049,2.93315,0.83426434,0.7285714285714285,1.0,1.0,1.0
lightweight gas storage MOFs with low density,q3_lightweight_storage,47,LEA + GAT,4,qmof-cef46c3,Zn2C48H32N8O8,1|1|1|1,0.9173960253168174,0.882467980914969,0.01194176634097749,0.3846363647193877,0.9131894522669348,86.56375000001049,2.913296,0.7895211,0.7285714285714285,1.0,1.0,1.0
lightweight gas storage MOFs with low density,q3_lightweight_storage,47,LEA + GAT,5,qmof-a1a5849,Fe2C24H16N8,1|1|1|1,0.9173960253168174,0.882467980914969,0.014550668299126329,0.375382659,0.9114671798642818,86.56375000001049,2.75343,0.925170256,0.7285714285714285,1.0,1.0,1.0
lightweight gas storage MOFs with low density,q3_lightweight_storage,48,SemanticOnly,1,qmof-f7ee91d,Zn4C33H19N3O13,1|0|1|1,0.894446371519854,0.8720473443567199,0.0,,0.894446371519854,0.030791999989787655,,0.470456151,0.7285714285714285,0.0,1.0,1.0
lightweight gas storage MOFs with low density,q3_lightweight_storage,48,SemanticOnly,2,qmof-f5b881e,Zn2C40H16N2O14S2,1|0|1|1,0.894446371519854,0.8720473443567199,0.008274587247242714,,0.894446371519854,0.030791999989787655,,0.513835906,0.7285714285714285,0.0,1.0,1.0
lightweight gas storage MOFs with low density,q3_lightweight_storage,48,SemanticOnly,3,qmof-f1d3585,Al4C68H40O48S8,1|0|1|1,0.894446371519854,0.8720473443567199,0.03097068273172552,,0.894446371519854,0.030791999989787655,,0.838559012,0.7285714285714285,0.0,1.0,1.0
lightweight gas storage MOFs with low density,q3_lightweight_storage,48,SemanticOnly,4,qmof-ead1cf2,Zn8C104H56N8O32,1|0|1|1,0.894446371519854,0.8720473443567199,0.03142788150567942,,0.894446371519854,0.030791999989787655,,0.958655665,0.7285714285714285,0.0,1.0,1.0
lightweight gas storage MOFs with low density,q3_lightweight_storage,48,SemanticOnly,5,qmof-e651703,Al4C76H52N8O40,1|0|1|1,0.894446371519854,0.8720473443567199,0.021094609527647225,,0.894446371519854,0.030791999989787655,,0.756480419,0.7285714285714285,0.0,1.0,1.0
lightweight gas storage MOFs with low density,q3_lightweight_storage,48,WeightedSum,1,qmof-e566fbb,Zn2C36H22N6O8,1|1|1|1,0.9173960253168174,0.882467980914969,0.0,,0.9173960253168174,0.044457999990754615,2.93315,0.83426434,0.7285714285714285,1.0,1.0,1.0
lightweight gas storage MOFs with low density,q3_lightweight_storage,48,WeightedSum,2,qmof-cef46c3,Zn2C48H32N8O8,1|1|1|1,0.9173960253168174,0.882467980914969,0.007206297341252901,,0.9173960253168174,0.044457999990754615,2.913296,0.7895211,0.7285714285714285,1.0,1.0,1.0
lightweight gas storage MOFs with low density,q3_lightweight_storage,48,WeightedSum,3,qmof-c0f392b,Zn2C44H38N6O12,1|1|1|1,0.9173960253168174,0.882467980914969,0.012066926313604693,,0.9173960253168174,0.044457999990754615,2.464185,0.915527725,0.7285714285714285,1.0,1.0,1.0
lightweight gas storage MOFs with low density,q3_lightweight_storage,48,WeightedSum,4,qmof-ac6a77a,Zn4C76H44N8O16,1|1|1|1,0.9173960253168174,0.882467980914969,0.018368560155257573,,0.9173960253168174,0.044457999990754615,2.401359,0.82887956,0.7285714285714285,1.0,1.0,1.0
lightweight gas storage MOFs with low density,q3_lightweight_storage,48,WeightedSum,5,qmof-a1a5849,Fe2C24H16N8,1|1|1|1,0.9173960253168174,0.882467980914969,0.01962893153373782,,0.9173960253168174,0.044457999990754615,2.75343,0.925170256,0.7285714285714285,1.0,1.0,1.0
lightweight gas storage MOFs with low density,q3_lightweight_storage,48,TOPSIS,1,qmof-e566fbb,Zn2C36H22N6O8,1|1|1|1,0.9173960253168174,0.882467980914969,0.0,,0.9173960253168174,1.0112079999942125,2.93315,0.83426434,0.7285714285714285,1.0,1.0,1.0
lightweight gas storage MOFs with low density,q3_lightweight_storage,48,TOPSIS,2,qmof-cef46c3,Zn2C48H32N8O8,1|1|1|1,0.9173960253168174,0.882467980914969,0.007206297341252901,,0.9173960253168174,1.0112079999942125,2.913296,0.7895211,0.7285714285714285,1.0,1.0,1.0
lightweight gas storage MOFs with low density,q3_lightweight_storage,48,TOPSIS,3,qmof-c0f392b,Zn2C44H38N6O12,1|1|1|1,0.9173960253168174,0.882467980914969,0.012066926313604693,,0.9173960253168174,1.0112079999942125,2.464185,0.915527725,0.7285714285714285,1.0,1.0,1.0
lightweight gas storage MOFs with low density,q3_lightweight_storage,48,TOPSIS,4,qmof-ac6a77a,Zn4C76H44N8O16,1|1|1|1,0.9173960253168174,0.882467980914969,0.018368560155257573,,0.9173960253168174,1.0112079999942125,2.401359,0.82887956,0.7285714285714285,1.0,1.0,1.0
lightweight gas storage MOFs with low density,q3_lightweight_storage,48,TOPSIS,5,qmof-a1a5849,Fe2C24H16N8,1|1|1|1,0.9173960253168174,0.882467980914969,0.01962893153373782,,0.9173960253168174,1.0112079999942125,2.75343,0.925170256,0.7285714285714285,1.0,1.0,1.0
lightweight gas storage MOFs with low density,q3_lightweight_storage,48,ParetoCrowding,1,qmof-235f291,Ni2C24H16N8,1|1|1|1,0.9173960253168174,0.882467980914969,0.0,,0.9173960253168174,214.9224160000074,3.336142,0.870801372,0.7285714285714285,1.0,1.0,1.0
lightweight gas storage MOFs with low density,q3_lightweight_storage,48,ParetoCrowding,2,qmof-6656fa3,Zn16Br16C96F8H8O52S16,1|0|1|1,0.894446371519854,0.8720473443567199,0.05555785579064213,,0.894446371519854,214.9224160000074,,0.727950103,0.7285714285714285,0.0,1.0,1.0
lightweight gas storage MOFs with low density,q3_lightweight_storage,48,ParetoCrowding,3,qmof-a1a5849,Fe2C24H16N8,1|1|1|1,0.9173960253168174,0.882467980914969,0.033364876530774454,,0.9173960253168174,214.9224160000074,2.75343,0.925170256,0.7285714285714285,1.0,1.0,1.0
lightweight gas storage MOFs with low density,q3_lightweight_storage,48,ParetoCrowding,4,qmof-39e9da1,Zn4BrC14H7O13,1|0|1|1,0.894446371519854,0.8720473443567199,0.03612773036928131,,0.894446371519854,214.9224160000074,,0.782219153,0.7285714285714285,0.0,1.0,1.0
lightweight gas storage MOFs with low density,q3_lightweight_storage,48,ParetoCrowding,5,qmof-e467583,Zn2C22F8H4N2O8,1|0|1|1,0.894446371519854,0.8720473443567199,0.029596766343701057,,0.894446371519854,214.9224160000074,,0.577759057,0.7285714285714285,0.0,1.0,1.0
lightweight gas storage MOFs with low density,q3_lightweight_storage,48,Random,1,qmof-271c0b2,Zn8C96H72O26,1|0|1|1,0.894446371519854,0.8720473443567199,0.0,,0.894446371519854,0.046499999996285624,,0.358800247,0.7285714285714285,0.0,1.0,1.0
lightweight gas storage MOFs with low density,q3_lightweight_storage,48,Random,2,qmof-277f9e3,Al4C64H36O20,1|0|1|1,0.894446371519854,0.8720473443567199,0.02464196684169046,,0.894446371519854,0.046499999996285624,,0.664354922,0.7285714285714285,0.0,1.0,1.0
lightweight gas storage MOFs with low density,q3_lightweight_storage,48,Random,3,qmof-0bbddb3,Zn8C54F18H18O32,1|0|1|1,0.894446371519854,0.8720473443567199,0.02431062357676238,,0.894446371519854,0.046499999996285624,,0.768118478,0.7285714285714285,0.0,1.0,1.0
lightweight gas storage MOFs with low density,q3_lightweight_storage,48,Random,4,qmof-08a8daa,Zn2C52F10H14N12O28,1|0|1|1,0.894446371519854,0.8720473443567199,0.022330059365086533,,0.894446371519854,0.046499999996285624,,0.426298688,0.7285714285714285,0.0,1.0,1.0
lightweight gas storage MOFs with low density,q3_lightweight_storage,48,Random,5,qmof-9f8ac71,Zn8C160H96N8O32,1|0|1|1,0.894446371519854,0.8720473443567199,0.02550690609893202,,0.894446371519854,0.046499999996285624,,0.845183726,0.7285714285714285,0.0,1.0,1.0
lightweight gas storage MOFs with low density,q3_lightweight_storage,48,MMR,1,qmof-e566fbb,Zn2C36H22N6O8,1|1|1|1,0.9173960253168174,0.882467980914969,0.0,,0.9173960253168174,2117.401916999995,2.93315,0.83426434,0.7285714285714285,1.0,1.0,1.0
lightweight gas storage MOFs with low density,q3_lightweight_storage,48,MMR,2,qmof-ac6a77a,Zn4C76H44N8O16,1|1|1|1,0.9173960253168174,0.882467980914969,0.02314363319620626,,0.9173960253168174,2117.401916999995,2.401359,0.82887956,0.7285714285714285,1.0,1.0,1.0
lightweight gas storage MOFs with low density,q3_lightweight_storage,48,MMR,3,qmof-235f291,Ni2C24H16N8,1|1|1|1,0.9173960253168174,0.882467980914969,0.02421015953762226,,0.9173960253168174,2117.401916999995,3.336142,0.870801372,0.7285714285714285,1.0,1.0,1.0
lightweight gas storage MOFs with low density,q3_lightweight_storage,48,MMR,4,qmof-c0f392b,Zn2C44H38N6O12,1|1|1|1,0.9173960253168174,0.882467980914969,0.017688323423669192,,0.9173960253168174,2117.401916999995,2.464185,0.915527725,0.7285714285714285,1.0,1.0,1.0
lightweight gas storage MOFs with low density,q3_lightweight_storage,48,MMR,5,qmof-a1a5849,Fe2C24H16N8,1|1|1|1,0.9173960253168174,0.882467980914969,0.018288836471067552,,0.9173960253168174,2117.401916999995,2.75343,0.925170256,0.7285714285714285,1.0,1.0,1.0
lightweight gas storage MOFs with low density,q3_lightweight_storage,48,LEA,1,qmof-e566fbb,Zn2C36H22N6O8,1|1|1|1,0.9173960253168174,0.882467980914969,0.0,,1.0056428234083143,85.06287500000553,2.93315,0.83426434,0.7285714285714285,1.0,1.0,1.0
lightweight gas storage MOFs with low density,q3_lightweight_storage,48,LEA,2,qmof-235f291,Ni2C24H16N8,1|1|1|1,0.9173960253168174,0.882467980914969,0.014030653319682757,,0.959432175273973,85.06287500000553,3.336142,0.870801372,0.7285714285714285,1.0,1.0,1.0
lightweight gas storage MOFs with low density,q3_lightweight_storage,48,LEA,3,qmof-a1a5849,Fe2C24H16N8,1|1|1|1,0.9173960253168174,0.882467980914969,0.011853772244995238,,0.959285034537779,85.06287500000553,2.75343,0.925170256,0.7285714285714285,1.0,1.0,1.0
lightweight gas storage MOFs with low density,q3_lightweight_storage,48,LEA,4,qmof-ac6a77a,Zn4C76H44N8O16,1|1|1|1,0.9173960253168174,0.882467980914969,0.029244423748228582,,0.9588099611483141,85.06287500000553,2.401359,0.82887956,0.7285714285714285,1.0,1.0,1.0
lightweight gas storage MOFs with low density,q3_lightweight_storage,48,LEA,5,qmof-13a76dd,Zn4C40H28N12O8,1|1|1|1,0.9173960253168174,0.882467980914969,0.01691483423418043,,0.9585996767388129,85.06287500000553,3.309168,0.982716063,0.7285714285714285,1.0,1.0,1.0
lightweight gas storage MOFs with low density,q3_lightweight_storage,48,LEA no diversity,1,qmof-e566fbb,Zn2C36H22N6O8,1|1|1|1,0.9173960253168174,0.882467980914969,0.0,,1.0056428234083143,82.19237500000531,2.93315,0.83426434,0.7285714285714285,1.0,1.0,1.0
lightweight gas storage MOFs with low density,q3_lightweight_storage,48,LEA no diversity,2,qmof-235f291,Ni2C24H16N8,1|1|1|1,0.9173960253168174,0.882467980914969,0.014030653319682757,,0.9568953046399975,82.19237500000531,3.336142,0.870801372,0.7285714285714285,1.0,1.0,1.0
lightweight gas storage MOFs with low density,q3_lightweight_storage,48,LEA no diversity,3,qmof-a1a5849,Fe2C24H16N8,1|1|1|1,0.9173960253168174,0.882467980914969,0.011853772244995238,,0.9568470676618306,82.19237500000531,2.75343,0.925170256,0.7285714285714285,1.0,1.0,1.0
lightweight gas storage MOFs with low density,q3_lightweight_storage,48,LEA no diversity,4,qmof-ac6a77a,Zn4C76H44N8O16,1|1|1|1,0.9173960253168174,0.882467980914969,0.029244423748228582,,0.9566911059791738,82.19237500000531,2.401359,0.82887956,0.7285714285714285,1.0,1.0,1.0
lightweight gas storage MOFs with low density,q3_lightweight_storage,48,LEA no diversity,5,qmof-13a76dd,Zn4C40H28N12O8,1|1|1|1,0.9173960253168174,0.882467980914969,0.01691483423418043,,0.9566219650426372,82.19237500000531,3.309168,0.982716063,0.7285714285714285,1.0,1.0,1.0
lightweight gas storage MOFs with low density,q3_lightweight_storage,48,LEA no self-cleaning,1,qmof-e566fbb,Zn2C36H22N6O8,1|1|1|1,0.9173960253168174,0.882467980914969,0.0,,1.0056428234083143,83.58999999998673,2.93315,0.83426434,0.7285714285714285,1.0,1.0,1.0
lightweight gas storage MOFs with low density,q3_lightweight_storage,48,LEA no self-cleaning,2,qmof-235f291,Ni2C24H16N8,1|1|1|1,0.9173960253168174,0.882467980914969,0.014030653319682757,,0.959432175273973,83.58999999998673,3.336142,0.870801372,0.7285714285714285,1.0,1.0,1.0
lightweight gas storage MOFs with low density,q3_lightweight_storage,48,LEA no self-cleaning,3,qmof-a1a5849,Fe2C24H16N8,1|1|1|1,0.9173960253168174,0.882467980914969,0.011853772244995238,,0.959285034537779,83.58999999998673,2.75343,0.925170256,0.7285714285714285,1.0,1.0,1.0
lightweight gas storage MOFs with low density,q3_lightweight_storage,48,LEA no self-cleaning,4,qmof-ac6a77a,Zn4C76H44N8O16,1|1|1|1,0.9173960253168174,0.882467980914969,0.029244423748228582,,0.9588099611483141,83.58999999998673,2.401359,0.82887956,0.7285714285714285,1.0,1.0,1.0
lightweight gas storage MOFs with low density,q3_lightweight_storage,48,LEA no self-cleaning,5,qmof-13a76dd,Zn4C40H28N12O8,1|1|1|1,0.9173960253168174,0.882467980914969,0.01691483423418043,,0.9585996767388129,83.58999999998673,3.309168,0.982716063,0.7285714285714285,1.0,1.0,1.0
lightweight gas storage MOFs with low density,q3_lightweight_storage,48,GraphSAGE only,1,qmof-235f291,Ni2C24H16N8,1|1|1|1,0.9173960253168174,0.882467980914969,0.0,0.2626898971,0.9173960253168174,0.03850000001648368,3.336142,0.870801372,0.7285714285714285,1.0,1.0,1.0
lightweight gas storage MOFs with low density,q3_lightweight_storage,48,GraphSAGE only,2,qmof-a1a5849,Fe2C24H16N8,1|1|1|1,0.9173960253168174,0.882467980914969,0.011319438610969042,0.2586122308,0.9173960253168174,0.03850000001648368,2.75343,0.925170256,0.7285714285714285,1.0,1.0,1.0
lightweight gas storage MOFs with low density,q3_lightweight_storage,48,GraphSAGE only,3,qmof-ac6a77a,Zn4C76H44N8O16,1|1|1|1,0.9173960253168174,0.882467980914969,0.032294819024239745,0.2567529519189189,0.9173960253168174,0.03850000001648368,2.401359,0.82887956,0.7285714285714285,1.0,1.0,1.0
lightweight gas storage MOFs with low density,q3_lightweight_storage,48,GraphSAGE only,4,qmof-13a76dd,Zn4C40H28N12O8,1|1|1|1,0.9173960253168174,0.882467980914969,0.01900433358340829,0.25673107788369565,0.9173960253168174,0.03850000001648368,3.309168,0.982716063,0.7285714285714285,1.0,1.0,1.0
lightweight gas storage MOFs with low density,q3_lightweight_storage,48,GraphSAGE only,5,qmof-e566fbb,Zn2C36H22N6O8,1|1|1|1,0.9173960253168174,0.882467980914969,0.015052182145351823,0.2563490934189189,0.9173960253168174,0.03850000001648368,2.93315,0.83426434,0.7285714285714285,1.0,1.0,1.0
lightweight gas storage MOFs with low density,q3_lightweight_storage,48,GAT only,1,qmof-235f291,Ni2C24H16N8,1|1|1|1,0.9173960253168174,0.882467980914969,0.0,0.41374343425000004,0.9173960253168174,0.03383300000336931,3.336142,0.870801372,0.7285714285714285,1.0,1.0,1.0
lightweight gas storage MOFs with low density,q3_lightweight_storage,48,GAT only,2,qmof-13a76dd,Zn4C40H28N12O8,1|1|1|1,0.9173960253168174,0.882467980914969,0.01461054884391458,0.4066955434538043,0.9173960253168174,0.03383300000336931,3.309168,0.982716063,0.7285714285714285,1.0,1.0,1.0
lightweight gas storage MOFs with low density,q3_lightweight_storage,48,GAT only,3,qmof-e566fbb,Zn2C36H22N6O8,1|1|1|1,0.9173960253168174,0.882467980914969,0.0123384947530898,0.38600964091216217,0.9173960253168174,0.03383300000336931,2.93315,0.83426434,0.7285714285714285,1.0,1.0,1.0
lightweight gas storage MOFs with low density,q3_lightweight_storage,48,GAT only,4,qmof-cef46c3,Zn2C48H32N8O8,1|1|1|1,0.9173960253168174,0.882467980914969,0.01194176634097749,0.3846363647193877,0.9173960253168174,0.03383300000336931,2.913296,0.7895211,0.7285714285714285,1.0,1.0,1.0
lightweight gas storage MOFs with low density,q3_lightweight_storage,48,GAT only,5,qmof-a1a5849,Fe2C24H16N8,1|1|1|1,0.9173960253168174,0.882467980914969,0.014550668299126329,0.375382659,0.9173960253168174,0.03383300000336931,2.75343,0.925170256,0.7285714285714285,1.0,1.0,1.0
lightweight gas storage MOFs with low density,q3_lightweight_storage,48,LEA + GraphSAGE,1,qmof-235f291,Ni2C24H16N8,1|1|1|1,0.9173960253168174,0.882467980914969,0.0,0.2626898971,0.890422453604159,84.9686249999877,3.336142,0.870801372,0.7285714285714285,1.0,1.0,1.0
lightweight gas storage MOFs with low density,q3_lightweight_storage,48,LEA + GraphSAGE,2,qmof-a1a5849,Fe2C24H16N8,1|1|1|1,0.9173960253168174,0.882467980914969,0.011319438610969042,0.2586122308,0.8896589158338799,84.9686249999877,2.75343,0.925170256,0.7285714285714285,1.0,1.0,1.0
lightweight gas storage MOFs with low density,q3_lightweight_storage,48,LEA + GraphSAGE,3,qmof-ac6a77a,Zn4C76H44N8O16,1|1|1|1,0.9173960253168174,0.882467980914969,0.032294819024239745,0.2567529519189189,0.889310727790172,84.9686249999877,2.401359,0.82887956,0.7285714285714285,1.0,1.0,1.0
lightweight gas storage MOFs with low density,q3_lightweight_storage,48,LEA + GraphSAGE,4,qmof-13a76dd,Zn4C40H28N12O8,1|1|1|1,0.9173960253168174,0.882467980914969,0.01900433358340829,0.25673107788369565,0.889306631279467,84.9686249999877,3.309168,0.982716063,0.7285714285714285,1.0,1.0,1.0
lightweight gas storage MOFs with low density,q3_lightweight_storage,48,LEA + GraphSAGE,5,qmof-e566fbb,Zn2C36H22N6O8,1|1|1|1,0.9173960253168174,0.882467980914969,0.015052182145351823,0.2563490934189189,0.8892350936928863,84.9686249999877,2.93315,0.83426434,0.7285714285714285,1.0,1.0,1.0
lightweight gas storage MOFs with low density,q3_lightweight_storage,48,LEA + GAT,1,qmof-235f291,Ni2C24H16N8,1|1|1|1,0.9173960253168174,0.882467980914969,0.0,0.41374343425000004,0.9185996755737323,86.10487499998953,3.336142,0.870801372,0.7285714285714285,1.0,1.0,1.0
lightweight gas storage MOFs with low density,q3_lightweight_storage,48,LEA + GAT,2,qmof-13a76dd,Zn4C40H28N12O8,1|1|1|1,0.9173960253168174,0.882467980914969,0.01461054884391458,0.4066955434538043,0.9172906974808295,86.10487499998953,3.309168,0.982716063,0.7285714285714285,1.0,1.0,1.0
lightweight gas storage MOFs with low density,q3_lightweight_storage,48,LEA + GAT,3,qmof-e566fbb,Zn2C36H22N6O8,1|1|1|1,0.9173960253168174,0.882467980914969,0.0123384947530898,0.38600964091216217,0.9134449534198168,86.10487499998953,2.93315,0.83426434,0.7285714285714285,1.0,1.0,1.0
lightweight gas storage MOFs with low density,q3_lightweight_storage,48,LEA + GAT,4,qmof-cef46c3,Zn2C48H32N8O8,1|1|1|1,0.9173960253168174,0.882467980914969,0.01194176634097749,0.3846363647193877,0.9131894522669348,86.10487499998953,2.913296,0.7895211,0.7285714285714285,1.0,1.0,1.0
lightweight gas storage MOFs with low density,q3_lightweight_storage,48,LEA + GAT,5,qmof-a1a5849,Fe2C24H16N8,1|1|1|1,0.9173960253168174,0.882467980914969,0.014550668299126329,0.375382659,0.9114671798642818,86.10487499998953,2.75343,0.925170256,0.7285714285714285,1.0,1.0,1.0
lightweight gas storage MOFs with low density,q3_lightweight_storage,49,SemanticOnly,1,qmof-fea8031,Al2C18H14N4O10,1|0|1|1,0.894446371519854,0.8720473443567199,0.0,,0.894446371519854,0.04162499999438296,,0.899177113,0.7285714285714285,0.0,1.0,1.0
lightweight gas storage MOFs with low density,q3_lightweight_storage,49,SemanticOnly,2,qmof-fc7aafb,Al4C36FH15O20,1|0|1|1,0.894446371519854,0.8720473443567199,0.013856093756702517,,0.894446371519854,0.04162499999438296,,0.750742958,0.7285714285714285,0.0,1.0,1.0
lightweight gas storage MOFs with low density,q3_lightweight_storage,49,SemanticOnly,3,qmof-faede09,Zr6C48H24N12O32,1|0|1|1,0.894446371519854,0.8720473443567199,0.02024065895289881,,0.894446371519854,0.04162499999438296,,0.597621152,0.7285714285714285,0.0,1.0,1.0
lightweight gas storage MOFs with low density,q3_lightweight_storage,49,SemanticOnly,4,qmof-f6132be,Zn8C100H80N32,1|0|1|1,0.894446371519854,0.8720473443567199,0.039826921663611084,,0.894446371519854,0.04162499999438296,,0.726640009,0.7285714285714285,0.0,1.0,1.0
lightweight gas storage MOFs with low density,q3_lightweight_storage,49,SemanticOnly,5,qmof-f5af2da,Zn2C48H40N2O8,1|0|1|1,0.894446371519854,0.8720473443567199,0.022304546871159174,,0.894446371519854,0.04162499999438296,,0.641248261,0.7285714285714285,0.0,1.0,1.0
lightweight gas storage MOFs with low density,q3_lightweight_storage,49,WeightedSum,1,qmof-e566fbb,Zn2C36H22N6O8,1|1|1|1,0.9173960253168174,0.882467980914969,0.0,,0.9173960253168174,0.055833000004668065,2.93315,0.83426434,0.7285714285714285,1.0,1.0,1.0
lightweight gas storage MOFs with low density,q3_lightweight_storage,49,WeightedSum,2,qmof-cef46c3,Zn2C48H32N8O8,1|1|1|1,0.9173960253168174,0.882467980914969,0.007206297341252901,,0.9173960253168174,0.055833000004668065,2.913296,0.7895211,0.7285714285714285,1.0,1.0,1.0
lightweight gas storage MOFs with low density,q3_lightweight_storage,49,WeightedSum,3,qmof-c0f392b,Zn2C44H38N6O12,1|1|1|1,0.9173960253168174,0.882467980914969,0.012066926313604693,,0.9173960253168174,0.055833000004668065,2.464185,0.915527725,0.7285714285714285,1.0,1.0,1.0
lightweight gas storage MOFs with low density,q3_lightweight_storage,49,WeightedSum,4,qmof-ac6a77a,Zn4C76H44N8O16,1|1|1|1,0.9173960253168174,0.882467980914969,0.018368560155257573,,0.9173960253168174,0.055833000004668065,2.401359,0.82887956,0.7285714285714285,1.0,1.0,1.0
lightweight gas storage MOFs with low density,q3_lightweight_storage,49,WeightedSum,5,qmof-a1a5849,Fe2C24H16N8,1|1|1|1,0.9173960253168174,0.882467980914969,0.01962893153373782,,0.9173960253168174,0.055833000004668065,2.75343,0.925170256,0.7285714285714285,1.0,1.0,1.0
lightweight gas storage MOFs with low density,q3_lightweight_storage,49,TOPSIS,1,qmof-e566fbb,Zn2C36H22N6O8,1|1|1|1,0.9173960253168174,0.882467980914969,0.0,,0.9173960253168174,1.1081669999839505,2.93315,0.83426434,0.7285714285714285,1.0,1.0,1.0
lightweight gas storage MOFs with low density,q3_lightweight_storage,49,TOPSIS,2,qmof-cef46c3,Zn2C48H32N8O8,1|1|1|1,0.9173960253168174,0.882467980914969,0.007206297341252901,,0.9173960253168174,1.1081669999839505,2.913296,0.7895211,0.7285714285714285,1.0,1.0,1.0
lightweight gas storage MOFs with low density,q3_lightweight_storage,49,TOPSIS,3,qmof-c0f392b,Zn2C44H38N6O12,1|1|1|1,0.9173960253168174,0.882467980914969,0.012066926313604693,,0.9173960253168174,1.1081669999839505,2.464185,0.915527725,0.7285714285714285,1.0,1.0,1.0
lightweight gas storage MOFs with low density,q3_lightweight_storage,49,TOPSIS,4,qmof-ac6a77a,Zn4C76H44N8O16,1|1|1|1,0.9173960253168174,0.882467980914969,0.018368560155257573,,0.9173960253168174,1.1081669999839505,2.401359,0.82887956,0.7285714285714285,1.0,1.0,1.0
lightweight gas storage MOFs with low density,q3_lightweight_storage,49,TOPSIS,5,qmof-a1a5849,Fe2C24H16N8,1|1|1|1,0.9173960253168174,0.882467980914969,0.01962893153373782,,0.9173960253168174,1.1081669999839505,2.75343,0.925170256,0.7285714285714285,1.0,1.0,1.0
lightweight gas storage MOFs with low density,q3_lightweight_storage,49,ParetoCrowding,1,qmof-685167e,Zn16Br8C96Cl8H16O52S16,1|0|1|1,0.894446371519854,0.8720473443567199,0.0,,0.894446371519854,224.69949999998562,,0.655403276,0.7285714285714285,0.0,1.0,1.0
lightweight gas storage MOFs with low density,q3_lightweight_storage,49,ParetoCrowding,2,qmof-91a02c3,Cu12C36H24N52,1|0|1|1,0.894446371519854,0.8720473443567199,0.04386841128128607,,0.894446371519854,224.69949999998562,,0.291766825,0.7285714285714285,0.0,1.0,1.0
lightweight gas storage MOFs with low density,q3_lightweight_storage,49,ParetoCrowding,3,qmof-38c1bdc,Zn4C136H64N40,1|0|1|1,0.894446371519854,0.8720473443567199,0.0370036288478853,,0.894446371519854,224.69949999998562,,0.989696846,0.7285714285714285,0.0,1.0,1.0
lightweight gas storage MOFs with low density,q3_lightweight_storage,49,ParetoCrowding,4,qmof-da0d411,Zn8C112H56N32,1|0|1|1,0.894446371519854,0.8720473443567199,0.027670243263418215,,0.894446371519854,224.69949999998562,,0.362402184,0.7285714285714285,0.0,1.0,1.0
lightweight gas storage MOFs with low density,q3_lightweight_storage,49,ParetoCrowding,5,qmof-ef32174,Zn2C10FH7N2O8,1|0|1|1,0.894446371519854,0.8720473443567199,0.052764685574679046,,0.894446371519854,224.69949999998562,,0.939281971,0.7285714285714285,0.0,1.0,1.0
lightweight gas storage MOFs with low density,q3_lightweight_storage,49,Random,1,qmof-faede09,Zr6C48H24N12O32,1|0|1|1,0.894446371519854,0.8720473443567199,0.0,,0.894446371519854,0.04695900000228903,,0.597621152,0.7285714285714285,0.0,1.0,1.0
lightweight gas storage MOFs with low density,q3_lightweight_storage,49,Random,2,qmof-a372b4b,Cu4C96H56N8O16,1|0|1|1,0.894446371519854,0.8720473443567199,0.022880952572399735,,0.894446371519854,0.04695900000228903,,0.509304538,0.7285714285714285,0.0,1.0,1.0
lightweight gas storage MOFs with low density,q3_lightweight_storage,49,Random,3,qmof-bda2f7d,Zn8C72H78N6O26,1|0|1|1,0.894446371519854,0.8720473443567199,0.018480281721235923,,0.894446371519854,0.04695900000228903,,0.618023826,0.7285714285714285,0.0,1.0,1.0
lightweight gas storage MOFs with low density,q3_lightweight_storage,49,Random,4,qmof-ef32174,Zn2C10FH7N2O8,1|0|1|1,0.894446371519854,0.8720473443567199,0.04294093186067085,,0.894446371519854,0.04695900000228903,,0.939281971,0.7285714285714285,0.0,1.0,1.0
lightweight gas storage MOFs with low density,q3_lightweight_storage,49,Random,5,qmof-7fccc1f,Zn4C48H40N16O4,1|0|1|1,0.894446371519854,0.8720473443567199,0.025811240939543213,,0.894446371519854,0.04695900000228903,,0.954838788,0.7285714285714285,0.0,1.0,1.0
lightweight gas storage MOFs with low density,q3_lightweight_storage,49,MMR,1,qmof-cef46c3,Zn2C48H32N8O8,1|1|1|1,0.9173960253168174,0.882467980914969,0.0,,0.9173960253168174,2240.6648329999825,2.913296,0.7895211,0.7285714285714285,1.0,1.0,1.0
lightweight gas storage MOFs with low density,q3_lightweight_storage,49,MMR,2,qmof-235f291,Ni2C24H16N8,1|1|1|1,0.9173960253168174,0.882467980914969,0.018065800783527982,,0.9173960253168174,2240.6648329999825,3.336142,0.870801372,0.7285714285714285,1.0,1.0,1.0
lightweight gas storage MOFs with low density,q3_lightweight_storage,49,MMR,3,qmof-ac6a77a,Zn4C76H44N8O16,1|1|1|1,0.9173960253168174,0.882467980914969,0.025875682810848587,,0.9173960253168174,2240.6648329999825,2.401359,0.82887956,0.7285714285714285,1.0,1.0,1.0
lightweight gas storage MOFs with low density,q3_lightweight_storage,49,MMR,4,qmof-a1a5849,Fe2C24H16N8,1|1|1|1,0.9173960253168174,0.882467980914969,0.01939974325517896,,0.9173960253168174,2240.6648329999825,2.75343,0.925170256,0.7285714285714285,1.0,1.0,1.0
lightweight gas storage MOFs with low density,q3_lightweight_storage,49,MMR,5,qmof-c0f392b,Zn2C44H38N6O12,1|1|1|1,0.9173960253168174,0.882467980914969,0.01739443877487013,,0.9173960253168174,2240.6648329999825,2.464185,0.915527725,0.7285714285714285,1.0,1.0,1.0
lightweight gas storage MOFs with low density,q3_lightweight_storage,49,LEA,1,qmof-cef46c3,Zn2C48H32N8O8,1|1|1|1,0.9173960253168174,0.882467980914969,0.0,,1.0056428234083143,84.06954099999098,2.913296,0.7895211,0.7285714285714285,1.0,1.0,1.0
lightweight gas storage MOFs with low density,q3_lightweight_storage,49,LEA,2,qmof-235f291,Ni2C24H16N8,1|1|1|1,0.9173960253168174,0.882467980914969,0.018065800783527982,,0.9602749931523591,84.06954099999098,3.336142,0.870801372,0.7285714285714285,1.0,1.0,1.0
lightweight gas storage MOFs with low density,q3_lightweight_storage,49,LEA,3,qmof-a1a5849,Fe2C24H16N8,1|1|1|1,0.9173960253168174,0.882467980914969,0.013999628736309576,,0.960089770608281,84.06954099999098,2.75343,0.925170256,0.7285714285714285,1.0,1.0,1.0
lightweight gas storage MOFs with low density,q3_lightweight_storage,49,LEA,4,qmof-13a76dd,Zn4C40H28N12O8,1|1|1|1,0.9173960253168174,0.882467980914969,0.014326353195643632,,0.9587834813974964,84.06954099999098,3.309168,0.982716063,0.7285714285714285,1.0,1.0,1.0
lightweight gas storage MOFs with low density,q3_lightweight_storage,49,LEA,5,qmof-e566fbb,Zn2C36H22N6O8,1|1|1|1,0.9173960253168174,0.882467980914969,0.011067848181613485,,0.9587759566087372,84.06954099999098,2.93315,0.83426434,0.7285714285714285,1.0,1.0,1.0
lightweight gas storage MOFs with low density,q3_lightweight_storage,49,LEA no diversity,1,qmof-cef46c3,Zn2C48H32N8O8,1|1|1|1,0.9173960253168174,0.882467980914969,0.0,,1.0056428234083143,83.79124999999021,2.913296,0.7895211,0.7285714285714285,1.0,1.0,1.0
lightweight gas storage MOFs with low density,q3_lightweight_storage,49,LEA no diversity,2,qmof-235f291,Ni2C24H16N8,1|1|1|1,0.9173960253168174,0.882467980914969,0.018065800783527982,,0.95717098676362,83.79124999999021,3.336142,0.870801372,0.7285714285714285,1.0,1.0,1.0
lightweight gas storage MOFs with low density,q3_lightweight_storage,49,LEA no diversity,3,qmof-a1a5849,Fe2C24H16N8,1|1|1|1,0.9173960253168174,0.882467980914969,0.013999628736309576,,0.9571104914601044,83.79124999999021,2.75343,0.925170256,0.7285714285714285,1.0,1.0,1.0
lightweight gas storage MOFs with low density,q3_lightweight_storage,49,LEA no diversity,4,qmof-13a76dd,Zn4C40H28N12O8,1|1|1|1,0.9173960253168174,0.882467980914969,0.014326353195643632,,0.9566824031145501,83.79124999999021,3.309168,0.982716063,0.7285714285714285,1.0,1.0,1.0
lightweight gas storage MOFs with low density,q3_lightweight_storage,49,LEA no diversity,5,qmof-e566fbb,Zn2C36H22N6O8,1|1|1|1,0.9173960253168174,0.882467980914969,0.011067848181613485,,0.9566799298195204,83.79124999999021,2.93315,0.83426434,0.7285714285714285,1.0,1.0,1.0
lightweight gas storage MOFs with low density,q3_lightweight_storage,49,LEA no self-cleaning,1,qmof-cef46c3,Zn2C48H32N8O8,1|1|1|1,0.9173960253168174,0.882467980914969,0.0,,1.0056428234083143,90.68174999998746,2.913296,0.7895211,0.7285714285714285,1.0,1.0,1.0
lightweight gas storage MOFs with low density,q3_lightweight_storage,49,LEA no self-cleaning,2,qmof-235f291,Ni2C24H16N8,1|1|1|1,0.9173960253168174,0.882467980914969,0.018065800783527982,,0.9602749931523591,90.68174999998746,3.336142,0.870801372,0.7285714285714285,1.0,1.0,1.0
lightweight gas storage MOFs with low density,q3_lightweight_storage,49,LEA no self-cleaning,3,qmof-a1a5849,Fe2C24H16N8,1|1|1|1,0.9173960253168174,0.882467980914969,0.013999628736309576,,0.960089770608281,90.68174999998746,2.75343,0.925170256,0.7285714285714285,1.0,1.0,1.0
lightweight gas storage MOFs with low density,q3_lightweight_storage,49,LEA no self-cleaning,4,qmof-13a76dd,Zn4C40H28N12O8,1|1|1|1,0.9173960253168174,0.882467980914969,0.014326353195643632,,0.9587834813974964,90.68174999998746,3.309168,0.982716063,0.7285714285714285,1.0,1.0,1.0
lightweight gas storage MOFs with low density,q3_lightweight_storage,49,LEA no self-cleaning,5,qmof-e566fbb,Zn2C36H22N6O8,1|1|1|1,0.9173960253168174,0.882467980914969,0.011067848181613485,,0.9587759566087372,90.68174999998746,2.93315,0.83426434,0.7285714285714285,1.0,1.0,1.0
lightweight gas storage MOFs with low density,q3_lightweight_storage,49,GraphSAGE only,1,qmof-235f291,Ni2C24H16N8,1|1|1|1,0.9173960253168174,0.882467980914969,0.0,0.2626898971,0.9173960253168174,0.04341600001112056,3.336142,0.870801372,0.7285714285714285,1.0,1.0,1.0
lightweight gas storage MOFs with low density,q3_lightweight_storage,49,GraphSAGE only,2,qmof-a1a5849,Fe2C24H16N8,1|1|1|1,0.9173960253168174,0.882467980914969,0.011319438610969042,0.2586122308,0.9173960253168174,0.04341600001112056,2.75343,0.925170256,0.7285714285714285,1.0,1.0,1.0
lightweight gas storage MOFs with low density,q3_lightweight_storage,49,GraphSAGE only,3,qmof-ac6a77a,Zn4C76H44N8O16,1|1|1|1,0.9173960253168174,0.882467980914969,0.032294819024239745,0.2567529519189189,0.9173960253168174,0.04341600001112056,2.401359,0.82887956,0.7285714285714285,1.0,1.0,1.0
lightweight gas storage MOFs with low density,q3_lightweight_storage,49,GraphSAGE only,4,qmof-13a76dd,Zn4C40H28N12O8,1|1|1|1,0.9173960253168174,0.882467980914969,0.01900433358340829,0.25673107788369565,0.9173960253168174,0.04341600001112056,3.309168,0.982716063,0.7285714285714285,1.0,1.0,1.0
lightweight gas storage MOFs with low density,q3_lightweight_storage,49,GraphSAGE only,5,qmof-e566fbb,Zn2C36H22N6O8,1|1|1|1,0.9173960253168174,0.882467980914969,0.015052182145351823,0.2563490934189189,0.9173960253168174,0.04341600001112056,2.93315,0.83426434,0.7285714285714285,1.0,1.0,1.0
lightweight gas storage MOFs with low density,q3_lightweight_storage,49,GAT only,1,qmof-235f291,Ni2C24H16N8,1|1|1|1,0.9173960253168174,0.882467980914969,0.0,0.41374343425000004,0.9173960253168174,0.03424999999879219,3.336142,0.870801372,0.7285714285714285,1.0,1.0,1.0
lightweight gas storage MOFs with low density,q3_lightweight_storage,49,GAT only,2,qmof-13a76dd,Zn4C40H28N12O8,1|1|1|1,0.9173960253168174,0.882467980914969,0.01461054884391458,0.4066955434538043,0.9173960253168174,0.03424999999879219,3.309168,0.982716063,0.7285714285714285,1.0,1.0,1.0
lightweight gas storage MOFs with low density,q3_lightweight_storage,49,GAT only,3,qmof-e566fbb,Zn2C36H22N6O8,1|1|1|1,0.9173960253168174,0.882467980914969,0.0123384947530898,0.38600964091216217,0.9173960253168174,0.03424999999879219,2.93315,0.83426434,0.7285714285714285,1.0,1.0,1.0
lightweight gas storage MOFs with low density,q3_lightweight_storage,49,GAT only,4,qmof-cef46c3,Zn2C48H32N8O8,1|1|1|1,0.9173960253168174,0.882467980914969,0.01194176634097749,0.3846363647193877,0.9173960253168174,0.03424999999879219,2.913296,0.7895211,0.7285714285714285,1.0,1.0,1.0
lightweight gas storage MOFs with low density,q3_lightweight_storage,49,GAT only,5,qmof-a1a5849,Fe2C24H16N8,1|1|1|1,0.9173960253168174,0.882467980914969,0.014550668299126329,0.375382659,0.9173960253168174,0.03424999999879219,2.75343,0.925170256,0.7285714285714285,1.0,1.0,1.0
lightweight gas storage MOFs with low density,q3_lightweight_storage,49,LEA + GraphSAGE,1,qmof-235f291,Ni2C24H16N8,1|1|1|1,0.9173960253168174,0.882467980914969,0.0,0.2626898971,0.890422453604159,83.68162499999698,3.336142,0.870801372,0.7285714285714285,1.0,1.0,1.0
lightweight gas storage MOFs with low density,q3_lightweight_storage,49,LEA + GraphSAGE,2,qmof-a1a5849,Fe2C24H16N8,1|1|1|1,0.9173960253168174,0.882467980914969,0.011319438610969042,0.2586122308,0.8896589158338799,83.68162499999698,2.75343,0.925170256,0.7285714285714285,1.0,1.0,1.0
lightweight gas storage MOFs with low density,q3_lightweight_storage,49,LEA + GraphSAGE,3,qmof-ac6a77a,Zn4C76H44N8O16,1|1|1|1,0.9173960253168174,0.882467980914969,0.032294819024239745,0.2567529519189189,0.889310727790172,83.68162499999698,2.401359,0.82887956,0.7285714285714285,1.0,1.0,1.0
lightweight gas storage MOFs with low density,q3_lightweight_storage,49,LEA + GraphSAGE,4,qmof-13a76dd,Zn4C40H28N12O8,1|1|1|1,0.9173960253168174,0.882467980914969,0.01900433358340829,0.25673107788369565,0.889306631279467,83.68162499999698,3.309168,0.982716063,0.7285714285714285,1.0,1.0,1.0
lightweight gas storage MOFs with low density,q3_lightweight_storage,49,LEA + GraphSAGE,5,qmof-e566fbb,Zn2C36H22N6O8,1|1|1|1,0.9173960253168174,0.882467980914969,0.015052182145351823,0.2563490934189189,0.8892350936928863,83.68162499999698,2.93315,0.83426434,0.7285714285714285,1.0,1.0,1.0
lightweight gas storage MOFs with low density,q3_lightweight_storage,49,LEA + GAT,1,qmof-235f291,Ni2C24H16N8,1|1|1|1,0.9173960253168174,0.882467980914969,0.0,0.41374343425000004,0.9185996755737323,85.42087499998274,3.336142,0.870801372,0.7285714285714285,1.0,1.0,1.0
lightweight gas storage MOFs with low density,q3_lightweight_storage,49,LEA + GAT,2,qmof-13a76dd,Zn4C40H28N12O8,1|1|1|1,0.9173960253168174,0.882467980914969,0.01461054884391458,0.4066955434538043,0.9172906974808295,85.42087499998274,3.309168,0.982716063,0.7285714285714285,1.0,1.0,1.0
lightweight gas storage MOFs with low density,q3_lightweight_storage,49,LEA + GAT,3,qmof-e566fbb,Zn2C36H22N6O8,1|1|1|1,0.9173960253168174,0.882467980914969,0.0123384947530898,0.38600964091216217,0.9134449534198168,85.42087499998274,2.93315,0.83426434,0.7285714285714285,1.0,1.0,1.0
lightweight gas storage MOFs with low density,q3_lightweight_storage,49,LEA + GAT,4,qmof-cef46c3,Zn2C48H32N8O8,1|1|1|1,0.9173960253168174,0.882467980914969,0.01194176634097749,0.3846363647193877,0.9131894522669348,85.42087499998274,2.913296,0.7895211,0.7285714285714285,1.0,1.0,1.0
lightweight gas storage MOFs with low density,q3_lightweight_storage,49,LEA + GAT,5,qmof-a1a5849,Fe2C24H16N8,1|1|1|1,0.9173960253168174,0.882467980914969,0.014550668299126329,0.375382659,0.9114671798642818,85.42087499998274,2.75343,0.925170256,0.7285714285714285,1.0,1.0,1.0
lightweight gas storage MOFs with low density,q3_lightweight_storage,50,SemanticOnly,1,qmof-fb3f045,Zn8Br8C80H32O42,1|0|1|1,0.894446371519854,0.8720473443567199,0.0,,0.894446371519854,0.036249999993742676,,0.450390984,0.7285714285714285,0.0,1.0,1.0
lightweight gas storage MOFs with low density,q3_lightweight_storage,50,SemanticOnly,2,qmof-faede09,Zr6C48H24N12O32,1|0|1|1,0.894446371519854,0.8720473443567199,0.016897180714297536,,0.894446371519854,0.036249999993742676,,0.597621152,0.7285714285714285,0.0,1.0,1.0
lightweight gas storage MOFs with low density,q3_lightweight_storage,50,SemanticOnly,3,qmof-f7fa6b1,Zn4C46H36N16O2,1|0|1|1,0.894446371519854,0.8720473443567199,0.026749967070809476,,0.894446371519854,0.036249999993742676,,0.979531959,0.7285714285714285,0.0,1.0,1.0
lightweight gas storage MOFs with low density,q3_lightweight_storage,50,SemanticOnly,4,qmof-f55a288,Cu12C72H48N36,1|0|1|1,0.894446371519854,0.8720473443567199,0.027201075328966928,,0.894446371519854,0.036249999993742676,,0.179408873,0.7285714285714285,0.0,1.0,1.0
lightweight gas storage MOFs with low density,q3_lightweight_storage,50,SemanticOnly,5,qmof-f5008e0,Zn6C52H26O24,1|0|1|1,0.894446371519854,0.8720473443567199,0.02059409268811146,,0.894446371519854,0.036249999993742676,,0.45361886,0.7285714285714285,0.0,1.0,1.0
lightweight gas storage MOFs with low density,q3_lightweight_storage,50,WeightedSum,1,qmof-e566fbb,Zn2C36H22N6O8,1|1|1|1,0.9173960253168174,0.882467980914969,0.0,,0.9173960253168174,0.04812500000639375,2.93315,0.83426434,0.7285714285714285,1.0,1.0,1.0
lightweight gas storage MOFs with low density,q3_lightweight_storage,50,WeightedSum,2,qmof-cef46c3,Zn2C48H32N8O8,1|1|1|1,0.9173960253168174,0.882467980914969,0.007206297341252901,,0.9173960253168174,0.04812500000639375,2.913296,0.7895211,0.7285714285714285,1.0,1.0,1.0
lightweight gas storage MOFs with low density,q3_lightweight_storage,50,WeightedSum,3,qmof-c0f392b,Zn2C44H38N6O12,1|1|1|1,0.9173960253168174,0.882467980914969,0.012066926313604693,,0.9173960253168174,0.04812500000639375,2.464185,0.915527725,0.7285714285714285,1.0,1.0,1.0
lightweight gas storage MOFs with low density,q3_lightweight_storage,50,WeightedSum,4,qmof-ac6a77a,Zn4C76H44N8O16,1|1|1|1,0.9173960253168174,0.882467980914969,0.018368560155257573,,0.9173960253168174,0.04812500000639375,2.401359,0.82887956,0.7285714285714285,1.0,1.0,1.0
lightweight gas storage MOFs with low density,q3_lightweight_storage,50,WeightedSum,5,qmof-a1a5849,Fe2C24H16N8,1|1|1|1,0.9173960253168174,0.882467980914969,0.01962893153373782,,0.9173960253168174,0.04812500000639375,2.75343,0.925170256,0.7285714285714285,1.0,1.0,1.0
lightweight gas storage MOFs with low density,q3_lightweight_storage,50,TOPSIS,1,qmof-e566fbb,Zn2C36H22N6O8,1|1|1|1,0.9173960253168174,0.882467980914969,0.0,,0.9173960253168174,1.02362499998776,2.93315,0.83426434,0.7285714285714285,1.0,1.0,1.0
lightweight gas storage MOFs with low density,q3_lightweight_storage,50,TOPSIS,2,qmof-cef46c3,Zn2C48H32N8O8,1|1|1|1,0.9173960253168174,0.882467980914969,0.007206297341252901,,0.9173960253168174,1.02362499998776,2.913296,0.7895211,0.7285714285714285,1.0,1.0,1.0
lightweight gas storage MOFs with low density,q3_lightweight_storage,50,TOPSIS,3,qmof-c0f392b,Zn2C44H38N6O12,1|1|1|1,0.9173960253168174,0.882467980914969,0.012066926313604693,,0.9173960253168174,1.02362499998776,2.464185,0.915527725,0.7285714285714285,1.0,1.0,1.0
lightweight gas storage MOFs with low density,q3_lightweight_storage,50,TOPSIS,4,qmof-ac6a77a,Zn4C76H44N8O16,1|1|1|1,0.9173960253168174,0.882467980914969,0.018368560155257573,,0.9173960253168174,1.02362499998776,2.401359,0.82887956,0.7285714285714285,1.0,1.0,1.0
lightweight gas storage MOFs with low density,q3_lightweight_storage,50,TOPSIS,5,qmof-a1a5849,Fe2C24H16N8,1|1|1|1,0.9173960253168174,0.882467980914969,0.01962893153373782,,0.9173960253168174,1.02362499998776,2.75343,0.925170256,0.7285714285714285,1.0,1.0,1.0
lightweight gas storage MOFs with low density,q3_lightweight_storage,50,ParetoCrowding,1,qmof-8fdee46,Zn16C96Cl16H12N4O60S16,1|0|1|1,0.894446371519854,0.8720473443567199,0.0,,0.894446371519854,224.63633300000652,,0.632355374,0.7285714285714285,0.0,1.0,1.0
lightweight gas storage MOFs with low density,q3_lightweight_storage,50,ParetoCrowding,2,qmof-01be70a,Zn4C48F16N16,1|0|1|1,0.894446371519854,0.8720473443567199,0.04404281505845704,,0.894446371519854,224.63633300000652,,0.391569351,0.7285714285714285,0.0,1.0,1.0
lightweight gas storage MOFs with low density,q3_lightweight_storage,50,ParetoCrowding,3,qmof-235f291,Ni2C24H16N8,1|1|1|1,0.9173960253168174,0.882467980914969,0.04281190857596719,,0.9173960253168174,224.63633300000652,3.336142,0.870801372,0.7285714285714285,1.0,1.0,1.0
lightweight gas storage MOFs with low density,q3_lightweight_storage,50,ParetoCrowding,4,qmof-4c3f2da,Zn16C96Cl8H16N8O68S16,1|0|1|1,0.894446371519854,0.8720473443567199,0.03464728530847883,,0.894446371519854,224.63633300000652,,0.62306747,0.7285714285714285,0.0,1.0,1.0
lightweight gas storage MOFs with low density,q3_lightweight_storage,50,ParetoCrowding,5,qmof-386ffdd,Cu12C108H84N24,1|0|1|1,0.894446371519854,0.8720473443567199,0.04137357532008889,,0.894446371519854,224.63633300000652,,0.105495541,0.7285714285714285,0.0,1.0,1.0
lightweight gas storage MOFs with low density,q3_lightweight_storage,50,Random,1,qmof-3e52596,Zn16C96F16H16O56S16,1|0|1|1,0.894446371519854,0.8720473443567199,0.0,,0.894446371519854,0.052084000003560504,,0.575057638,0.7285714285714285,0.0,1.0,1.0
lightweight gas storage MOFs with low density,q3_lightweight_storage,50,Random,2,qmof-2e2ea03,Al6C88H48O28,1|0|1|1,0.894446371519854,0.8720473443567199,0.025348335529800217,,0.894446371519854,0.052084000003560504,,0.701191576,0.7285714285714285,0.0,1.0,1.0
lightweight gas storage MOFs with low density,q3_lightweight_storage,50,Random,3,qmof-cef46c3,Zn2C48H32N8O8,1|1|1|1,0.9173960253168174,0.882467980914969,0.033146837654799734,,0.9173960253168174,0.052084000003560504,2.913296,0.7895211,0.7285714285714285,1.0,1.0,1.0
lightweight gas storage MOFs with low density,q3_lightweight_storage,50,Random,4,qmof-89ecd19,CuC20F6H16N8Si,1|0|1|1,0.894446371519854,0.8720473443567199,0.037056043158482245,,0.894446371519854,0.052084000003560504,,0.689777012,0.7285714285714285,0.0,1.0,1.0
lightweight gas storage MOFs with low density,q3_lightweight_storage,50,Random,5,qmof-235f291,Ni2C24H16N8,1|1|1|1,0.9173960253168174,0.882467980914969,0.03312739530003465,,0.9173960253168174,0.052084000003560504,3.336142,0.870801372,0.7285714285714285,1.0,1.0,1.0
lightweight gas storage MOFs with low density,q3_lightweight_storage,50,MMR,1,qmof-a1a5849,Fe2C24H16N8,1|1|1|1,0.9173960253168174,0.882467980914969,0.0,,0.9173960253168174,2166.8867500000033,2.75343,0.925170256,0.7285714285714285,1.0,1.0,1.0
lightweight gas storage MOFs with low density,q3_lightweight_storage,50,MMR,2,qmof-ac6a77a,Zn4C76H44N8O16,1|1|1|1,0.9173960253168174,0.882467980914969,0.030199972292917723,,0.9173960253168174,2166.8867500000033,2.401359,0.82887956,0.7285714285714285,1.0,1.0,1.0
lightweight gas storage MOFs with low density,q3_lightweight_storage,50,MMR,3,qmof-13a76dd,Zn4C40H28N12O8,1|1|1|1,0.9173960253168174,0.882467980914969,0.021201225953155142,,0.9173960253168174,2166.8867500000033,3.309168,0.982716063,0.7285714285714285,1.0,1.0,1.0
lightweight gas storage MOFs with low density,q3_lightweight_storage,50,MMR,4,qmof-c0f392b,Zn2C44H38N6O12,1|1|1|1,0.9173960253168174,0.882467980914969,0.017196445679571768,,0.9173960253168174,2166.8867500000033,2.464185,0.915527725,0.7285714285714285,1.0,1.0,1.0
lightweight gas storage MOFs with low density,q3_lightweight_storage,50,MMR,5,qmof-235f291,Ni2C24H16N8,1|1|1|1,0.9173960253168174,0.882467980914969,0.021337456906993173,,0.9173960253168174,2166.8867500000033,3.336142,0.870801372,0.7285714285714285,1.0,1.0,1.0
lightweight gas storage MOFs with low density,q3_lightweight_storage,50,LEA,1,qmof-a1a5849,Fe2C24H16N8,1|1|1|1,0.9173960253168174,0.882467980914969,0.0,,1.0056428234083143,84.06408299998702,2.75343,0.925170256,0.7285714285714285,1.0,1.0,1.0
lightweight gas storage MOFs with low density,q3_lightweight_storage,50,LEA,2,qmof-235f291,Ni2C24H16N8,1|1|1|1,0.9173960253168174,0.882467980914969,0.011319438610969042,,0.9600895982633468,84.06408299998702,3.336142,0.870801372,0.7285714285714285,1.0,1.0,1.0
lightweight gas storage MOFs with low density,q3_lightweight_storage,50,LEA,3,qmof-13a76dd,Zn4C40H28N12O8,1|1|1|1,0.9173960253168174,0.882467980914969,0.016212929344389653,,0.9597049936196107,84.06408299998702,3.309168,0.982716063,0.7285714285714285,1.0,1.0,1.0
lightweight gas storage MOFs with low density,q3_lightweight_storage,50,LEA,4,qmof-e566fbb,Zn2C36H22N6O8,1|1|1|1,0.9173960253168174,0.882467980914969,0.012355031795067013,,0.9595468056365761,84.06408299998702,2.93315,0.83426434,0.7285714285714285,1.0,1.0,1.0
lightweight gas storage MOFs with low density,q3_lightweight_storage,50,LEA,5,qmof-ac6a77a,Zn4C76H44N8O16,1|1|1|1,0.9173960253168174,0.882467980914969,0.028080103326532827,,0.9594985481359845,84.06408299998702,2.401359,0.82887956,0.7285714285714285,1.0,1.0,1.0
lightweight gas storage MOFs with low density,q3_lightweight_storage,50,LEA no diversity,1,qmof-a1a5849,Fe2C24H16N8,1|1|1|1,0.9173960253168174,0.882467980914969,0.0,,1.0056428234083143,85.19712499997922,2.75343,0.925170256,0.7285714285714285,1.0,1.0,1.0
lightweight gas storage MOFs with low density,q3_lightweight_storage,50,LEA no diversity,2,qmof-235f291,Ni2C24H16N8,1|1|1|1,0.9173960253168174,0.882467980914969,0.011319438610969042,,0.95711043514708,85.19712499997922,3.336142,0.870801372,0.7285714285714285,1.0,1.0,1.0
lightweight gas storage MOFs with low density,q3_lightweight_storage,50,LEA no diversity,3,qmof-13a76dd,Zn4C40H28N12O8,1|1|1|1,0.9173960253168174,0.882467980914969,0.016212929344389653,,0.9569846575142131,85.19712499997922,3.309168,0.982716063,0.7285714285714285,1.0,1.0,1.0
lightweight gas storage MOFs with low density,q3_lightweight_storage,50,LEA no diversity,4,qmof-e566fbb,Zn2C36H22N6O8,1|1|1|1,0.9173960253168174,0.882467980914969,0.012355031795067013,,0.9569328615571968,85.19712499997922,2.93315,0.83426434,0.7285714285714285,1.0,1.0,1.0
lightweight gas storage MOFs with low density,q3_lightweight_storage,50,LEA no diversity,5,qmof-ac6a77a,Zn4C76H44N8O16,1|1|1|1,0.9173960253168174,0.882467980914969,0.028080103326532827,,0.9569170530837462,85.19712499997922,2.401359,0.82887956,0.7285714285714285,1.0,1.0,1.0
lightweight gas storage MOFs with low density,q3_lightweight_storage,50,LEA no self-cleaning,1,qmof-a1a5849,Fe2C24H16N8,1|1|1|1,0.9173960253168174,0.882467980914969,0.0,,1.0056428234083143,83.725625000028,2.75343,0.925170256,0.7285714285714285,1.0,1.0,1.0
lightweight gas storage MOFs with low density,q3_lightweight_storage,50,LEA no self-cleaning,2,qmof-235f291,Ni2C24H16N8,1|1|1|1,0.9173960253168174,0.882467980914969,0.011319438610969042,,0.9600895982633468,83.725625000028,3.336142,0.870801372,0.7285714285714285,1.0,1.0,1.0
lightweight gas storage MOFs with low density,q3_lightweight_storage,50,LEA no self-cleaning,3,qmof-13a76dd,Zn4C40H28N12O8,1|1|1|1,0.9173960253168174,0.882467980914969,0.016212929344389653,,0.9597049936196107,83.725625000028,3.309168,0.982716063,0.7285714285714285,1.0,1.0,1.0
lightweight gas storage MOFs with low density,q3_lightweight_storage,50,LEA no self-cleaning,4,qmof-e566fbb,Zn2C36H22N6O8,1|1|1|1,0.9173960253168174,0.882467980914969,0.012355031795067013,,0.9595468056365761,83.725625000028,2.93315,0.83426434,0.7285714285714285,1.0,1.0,1.0
lightweight gas storage MOFs with low density,q3_lightweight_storage,50,LEA no self-cleaning,5,qmof-ac6a77a,Zn4C76H44N8O16,1|1|1|1,0.9173960253168174,0.882467980914969,0.028080103326532827,,0.9594985481359845,83.725625000028,2.401359,0.82887956,0.7285714285714285,1.0,1.0,1.0
lightweight gas storage MOFs with low density,q3_lightweight_storage,50,GraphSAGE only,1,qmof-235f291,Ni2C24H16N8,1|1|1|1,0.9173960253168174,0.882467980914969,0.0,0.2626898971,0.9173960253168174,0.039874999998801286,3.336142,0.870801372,0.7285714285714285,1.0,1.0,1.0
lightweight gas storage MOFs with low density,q3_lightweight_storage,50,GraphSAGE only,2,qmof-a1a5849,Fe2C24H16N8,1|1|1|1,0.9173960253168174,0.882467980914969,0.011319438610969042,0.2586122308,0.9173960253168174,0.039874999998801286,2.75343,0.925170256,0.7285714285714285,1.0,1.0,1.0
lightweight gas storage MOFs with low density,q3_lightweight_storage,50,GraphSAGE only,3,qmof-ac6a77a,Zn4C76H44N8O16,1|1|1|1,0.9173960253168174,0.882467980914969,0.032294819024239745,0.2567529519189189,0.9173960253168174,0.039874999998801286,2.401359,0.82887956,0.7285714285714285,1.0,1.0,1.0
lightweight gas storage MOFs with low density,q3_lightweight_storage,50,GraphSAGE only,4,qmof-13a76dd,Zn4C40H28N12O8,1|1|1|1,0.9173960253168174,0.882467980914969,0.01900433358340829,0.25673107788369565,0.9173960253168174,0.039874999998801286,3.309168,0.982716063,0.7285714285714285,1.0,1.0,1.0
lightweight gas storage MOFs with low density,q3_lightweight_storage,50,GraphSAGE only,5,qmof-e566fbb,Zn2C36H22N6O8,1|1|1|1,0.9173960253168174,0.882467980914969,0.015052182145351823,0.2563490934189189,0.9173960253168174,0.039874999998801286,2.93315,0.83426434,0.7285714285714285,1.0,1.0,1.0
lightweight gas storage MOFs with low density,q3_lightweight_storage,50,GAT only,1,qmof-235f291,Ni2C24H16N8,1|1|1|1,0.9173960253168174,0.882467980914969,0.0,0.41374343425000004,0.9173960253168174,0.03595900000163965,3.336142,0.870801372,0.7285714285714285,1.0,1.0,1.0
lightweight gas storage MOFs with low density,q3_lightweight_storage,50,GAT only,2,qmof-13a76dd,Zn4C40H28N12O8,1|1|1|1,0.9173960253168174,0.882467980914969,0.01461054884391458,0.4066955434538043,0.9173960253168174,0.03595900000163965,3.309168,0.982716063,0.7285714285714285,1.0,1.0,1.0
lightweight gas storage MOFs with low density,q3_lightweight_storage,50,GAT only,3,qmof-e566fbb,Zn2C36H22N6O8,1|1|1|1,0.9173960253168174,0.882467980914969,0.0123384947530898,0.38600964091216217,0.9173960253168174,0.03595900000163965,2.93315,0.83426434,0.7285714285714285,1.0,1.0,1.0
lightweight gas storage MOFs with low density,q3_lightweight_storage,50,GAT only,4,qmof-cef46c3,Zn2C48H32N8O8,1|1|1|1,0.9173960253168174,0.882467980914969,0.01194176634097749,0.3846363647193877,0.9173960253168174,0.03595900000163965,2.913296,0.7895211,0.7285714285714285,1.0,1.0,1.0
lightweight gas storage MOFs with low density,q3_lightweight_storage,50,GAT only,5,qmof-a1a5849,Fe2C24H16N8,1|1|1|1,0.9173960253168174,0.882467980914969,0.014550668299126329,0.375382659,0.9173960253168174,0.03595900000163965,2.75343,0.925170256,0.7285714285714285,1.0,1.0,1.0
lightweight gas storage MOFs with low density,q3_lightweight_storage,50,LEA + GraphSAGE,1,qmof-235f291,Ni2C24H16N8,1|1|1|1,0.9173960253168174,0.882467980914969,0.0,0.2626898971,0.890422453604159,82.9155000000128,3.336142,0.870801372,0.7285714285714285,1.0,1.0,1.0
lightweight gas storage MOFs with low density,q3_lightweight_storage,50,LEA + GraphSAGE,2,qmof-a1a5849,Fe2C24H16N8,1|1|1|1,0.9173960253168174,0.882467980914969,0.011319438610969042,0.2586122308,0.8896589158338799,82.9155000000128,2.75343,0.925170256,0.7285714285714285,1.0,1.0,1.0
lightweight gas storage MOFs with low density,q3_lightweight_storage,50,LEA + GraphSAGE,3,qmof-ac6a77a,Zn4C76H44N8O16,1|1|1|1,0.9173960253168174,0.882467980914969,0.032294819024239745,0.2567529519189189,0.889310727790172,82.9155000000128,2.401359,0.82887956,0.7285714285714285,1.0,1.0,1.0
lightweight gas storage MOFs with low density,q3_lightweight_storage,50,LEA + GraphSAGE,4,qmof-13a76dd,Zn4C40H28N12O8,1|1|1|1,0.9173960253168174,0.882467980914969,0.01900433358340829,0.25673107788369565,0.889306631279467,82.9155000000128,3.309168,0.982716063,0.7285714285714285,1.0,1.0,1.0
lightweight gas storage MOFs with low density,q3_lightweight_storage,50,LEA + GraphSAGE,5,qmof-e566fbb,Zn2C36H22N6O8,1|1|1|1,0.9173960253168174,0.882467980914969,0.015052182145351823,0.2563490934189189,0.8892350936928863,82.9155000000128,2.93315,0.83426434,0.7285714285714285,1.0,1.0,1.0
lightweight gas storage MOFs with low density,q3_lightweight_storage,50,LEA + GAT,1,qmof-235f291,Ni2C24H16N8,1|1|1|1,0.9173960253168174,0.882467980914969,0.0,0.41374343425000004,0.9185996755737323,83.84291700002677,3.336142,0.870801372,0.7285714285714285,1.0,1.0,1.0
lightweight gas storage MOFs with low density,q3_lightweight_storage,50,LEA + GAT,2,qmof-13a76dd,Zn4C40H28N12O8,1|1|1|1,0.9173960253168174,0.882467980914969,0.01461054884391458,0.4066955434538043,0.9172906974808295,83.84291700002677,3.309168,0.982716063,0.7285714285714285,1.0,1.0,1.0
lightweight gas storage MOFs with low density,q3_lightweight_storage,50,LEA + GAT,3,qmof-e566fbb,Zn2C36H22N6O8,1|1|1|1,0.9173960253168174,0.882467980914969,0.0123384947530898,0.38600964091216217,0.9134449534198168,83.84291700002677,2.93315,0.83426434,0.7285714285714285,1.0,1.0,1.0
lightweight gas storage MOFs with low density,q3_lightweight_storage,50,LEA + GAT,4,qmof-cef46c3,Zn2C48H32N8O8,1|1|1|1,0.9173960253168174,0.882467980914969,0.01194176634097749,0.3846363647193877,0.9131894522669348,83.84291700002677,2.913296,0.7895211,0.7285714285714285,1.0,1.0,1.0
lightweight gas storage MOFs with low density,q3_lightweight_storage,50,LEA + GAT,5,qmof-a1a5849,Fe2C24H16N8,1|1|1|1,0.9173960253168174,0.882467980914969,0.014550668299126329,0.375382659,0.9114671798642818,83.84291700002677,2.75343,0.925170256,0.7285714285714285,1.0,1.0,1.0
lightweight gas storage MOFs with low density,q3_lightweight_storage,51,SemanticOnly,1,qmof-fffeb7b,Zn4C72Cl2F14H24N16,1|0|1|1,0.894446371519854,0.8720473443567199,0.0,,0.894446371519854,0.0313330000096812,,0.47822762,0.7285714285714285,0.0,1.0,1.0
lightweight gas storage MOFs with low density,q3_lightweight_storage,51,SemanticOnly,2,qmof-fb3f045,Zn8Br8C80H32O42,1|0|1|1,0.894446371519854,0.8720473443567199,0.021249778884164204,,0.894446371519854,0.0313330000096812,,0.450390984,0.7285714285714285,0.0,1.0,1.0
lightweight gas storage MOFs with low density,q3_lightweight_storage,51,SemanticOnly,3,qmof-fa61018,Al4C64H52N8O22,1|0|1|1,0.894446371519854,0.8720473443567199,0.017396897008739722,,0.894446371519854,0.0313330000096812,,0.588664798,0.7285714285714285,0.0,1.0,1.0
lightweight gas storage MOFs with low density,q3_lightweight_storage,51,SemanticOnly,4,qmof-f7ee91d,Zn4C33H19N3O13,1|0|1|1,0.894446371519854,0.8720473443567199,0.025776196604865173,,0.894446371519854,0.0313330000096812,,0.470456151,0.7285714285714285,0.0,1.0,1.0
lightweight gas storage MOFs with low density,q3_lightweight_storage,51,SemanticOnly,5,qmof-f633d9e,Ni4C80H56N8O18,1|0|1|1,0.894446371519854,0.8720473443567199,0.023244375915281505,,0.894446371519854,0.0313330000096812,,0.974678243,0.7285714285714285,0.0,1.0,1.0
lightweight gas storage MOFs with low density,q3_lightweight_storage,51,WeightedSum,1,qmof-e566fbb,Zn2C36H22N6O8,1|1|1|1,0.9173960253168174,0.882467980914969,0.0,,0.9173960253168174,0.04866699998729018,2.93315,0.83426434,0.7285714285714285,1.0,1.0,1.0
lightweight gas storage MOFs with low density,q3_lightweight_storage,51,WeightedSum,2,qmof-cef46c3,Zn2C48H32N8O8,1|1|1|1,0.9173960253168174,0.882467980914969,0.007206297341252901,,0.9173960253168174,0.04866699998729018,2.913296,0.7895211,0.7285714285714285,1.0,1.0,1.0
lightweight gas storage MOFs with low density,q3_lightweight_storage,51,WeightedSum,3,qmof-c0f392b,Zn2C44H38N6O12,1|1|1|1,0.9173960253168174,0.882467980914969,0.012066926313604693,,0.9173960253168174,0.04866699998729018,2.464185,0.915527725,0.7285714285714285,1.0,1.0,1.0
lightweight gas storage MOFs with low density,q3_lightweight_storage,51,WeightedSum,4,qmof-ac6a77a,Zn4C76H44N8O16,1|1|1|1,0.9173960253168174,0.882467980914969,0.018368560155257573,,0.9173960253168174,0.04866699998729018,2.401359,0.82887956,0.7285714285714285,1.0,1.0,1.0
lightweight gas storage MOFs with low density,q3_lightweight_storage,51,WeightedSum,5,qmof-a1a5849,Fe2C24H16N8,1|1|1|1,0.9173960253168174,0.882467980914969,0.01962893153373782,,0.9173960253168174,0.04866699998729018,2.75343,0.925170256,0.7285714285714285,1.0,1.0,1.0
lightweight gas storage MOFs with low density,q3_lightweight_storage,51,TOPSIS,1,qmof-e566fbb,Zn2C36H22N6O8,1|1|1|1,0.9173960253168174,0.882467980914969,0.0,,0.9173960253168174,1.0162499999921693,2.93315,0.83426434,0.7285714285714285,1.0,1.0,1.0
lightweight gas storage MOFs with low density,q3_lightweight_storage,51,TOPSIS,2,qmof-cef46c3,Zn2C48H32N8O8,1|1|1|1,0.9173960253168174,0.882467980914969,0.007206297341252901,,0.9173960253168174,1.0162499999921693,2.913296,0.7895211,0.7285714285714285,1.0,1.0,1.0
lightweight gas storage MOFs with low density,q3_lightweight_storage,51,TOPSIS,3,qmof-c0f392b,Zn2C44H38N6O12,1|1|1|1,0.9173960253168174,0.882467980914969,0.012066926313604693,,0.9173960253168174,1.0162499999921693,2.464185,0.915527725,0.7285714285714285,1.0,1.0,1.0
lightweight gas storage MOFs with low density,q3_lightweight_storage,51,TOPSIS,4,qmof-ac6a77a,Zn4C76H44N8O16,1|1|1|1,0.9173960253168174,0.882467980914969,0.018368560155257573,,0.9173960253168174,1.0162499999921693,2.401359,0.82887956,0.7285714285714285,1.0,1.0,1.0
lightweight gas storage MOFs with low density,q3_lightweight_storage,51,TOPSIS,5,qmof-a1a5849,Fe2C24H16N8,1|1|1|1,0.9173960253168174,0.882467980914969,0.01962893153373782,,0.9173960253168174,1.0162499999921693,2.75343,0.925170256,0.7285714285714285,1.0,1.0,1.0
lightweight gas storage MOFs with low density,q3_lightweight_storage,51,ParetoCrowding,1,qmof-50252e9,Cu12C60H36N64,1|0|1|1,0.894446371519854,0.8720473443567199,0.0,,0.894446371519854,223.42116699999792,,0.211570918,0.7285714285714285,0.0,1.0,1.0
lightweight gas storage MOFs with low density,q3_lightweight_storage,51,ParetoCrowding,2,qmof-9adf032,Zn16C96F16H24N8O52S16,1|0|1|1,0.894446371519854,0.8720473443567199,0.03452655248477437,,0.894446371519854,223.42116699999792,,0.582679377,0.7285714285714285,0.0,1.0,1.0
lightweight gas storage MOFs with low density,q3_lightweight_storage,51,ParetoCrowding,3,qmof-6801689,Zn16C96F16H16O60S16,1|0|1|1,0.894446371519854,0.8720473443567199,0.021055350455174735,,0.894446371519854,223.42116699999792,,0.584105083,0.7285714285714285,0.0,1.0,1.0
lightweight gas storage MOFs with low density,q3_lightweight_storage,51,ParetoCrowding,4,qmof-235f291,Ni2C24H16N8,1|1|1|1,0.9173960253168174,0.882467980914969,0.051202923344682426,,0.9173960253168174,223.42116699999792,3.336142,0.870801372,0.7285714285714285,1.0,1.0,1.0
lightweight gas storage MOFs with low density,q3_lightweight_storage,51,ParetoCrowding,5,qmof-a1a5849,Fe2C24H16N8,1|1|1|1,0.9173960253168174,0.882467980914969,0.04119505685313702,,0.9173960253168174,223.42116699999792,2.75343,0.925170256,0.7285714285714285,1.0,1.0,1.0
lightweight gas storage MOFs with low density,q3_lightweight_storage,51,Random,1,qmof-b2fa897,Zn4C81H32N14O38S2,1|0|1|1,0.894446371519854,0.8720473443567199,0.0,,0.894446371519854,0.05525000000261571,,0.392697003,0.7285714285714285,0.0,1.0,1.0
lightweight gas storage MOFs with low density,q3_lightweight_storage,51,Random,2,qmof-ac6a77a,Zn4C76H44N8O16,1|1|1|1,0.9173960253168174,0.882467980914969,0.020840379301327407,,0.9173960253168174,0.05525000000261571,2.401359,0.82887956,0.7285714285714285,1.0,1.0,1.0
lightweight gas storage MOFs with low density,q3_lightweight_storage,51,Random,3,qmof-890bde1,Al3C81F9H36O18,1|0|1|1,0.894446371519854,0.8720473443567199,0.017106512479736012,,0.894446371519854,0.05525000000261571,,0.956041595,0.7285714285714285,0.0,1.0,1.0
lightweight gas storage MOFs with low density,q3_lightweight_storage,51,Random,4,qmof-fffeb7b,Zn4C72Cl2F14H24N16,1|0|1|1,0.894446371519854,0.8720473443567199,0.019991918413673617,,0.894446371519854,0.05525000000261571,,0.47822762,0.7285714285714285,0.0,1.0,1.0
lightweight gas storage MOFs with low density,q3_lightweight_storage,51,Random,5,qmof-2d0fa88,Co4C72H52N12O16,1|0|1|1,0.894446371519854,0.8720473443567199,0.01532748953196574,,0.894446371519854,0.05525000000261571,,0.742365822,0.7285714285714285,0.0,1.0,1.0
lightweight gas storage MOFs with low density,q3_lightweight_storage,51,MMR,1,qmof-a1a5849,Fe2C24H16N8,1|1|1|1,0.9173960253168174,0.882467980914969,0.0,,0.9173960253168174,2136.146542000006,2.75343,0.925170256,0.7285714285714285,1.0,1.0,1.0
lightweight gas storage MOFs with low density,q3_lightweight_storage,51,MMR,2,qmof-ac6a77a,Zn4C76H44N8O16,1|1|1|1,0.9173960253168174,0.882467980914969,0.030199972292917723,,0.9173960253168174,2136.146542000006,2.401359,0.82887956,0.7285714285714285,1.0,1.0,1.0
lightweight gas storage MOFs with low density,q3_lightweight_storage,51,MMR,3,qmof-13a76dd,Zn4C40H28N12O8,1|1|1|1,0.9173960253168174,0.882467980914969,0.021201225953155142,,0.9173960253168174,2136.146542000006,3.309168,0.982716063,0.7285714285714285,1.0,1.0,1.0
lightweight gas storage MOFs with low density,q3_lightweight_storage,51,MMR,4,qmof-c0f392b,Zn2C44H38N6O12,1|1|1|1,0.9173960253168174,0.882467980914969,0.017196445679571768,,0.9173960253168174,2136.146542000006,2.464185,0.915527725,0.7285714285714285,1.0,1.0,1.0
lightweight gas storage MOFs with low density,q3_lightweight_storage,51,MMR,5,qmof-235f291,Ni2C24H16N8,1|1|1|1,0.9173960253168174,0.882467980914969,0.021337456906993173,,0.9173960253168174,2136.146542000006,3.336142,0.870801372,0.7285714285714285,1.0,1.0,1.0
lightweight gas storage MOFs with low density,q3_lightweight_storage,51,LEA,1,qmof-a1a5849,Fe2C24H16N8,1|1|1|1,0.9173960253168174,0.882467980914969,0.0,,1.0056428234083143,85.11691599997562,2.75343,0.925170256,0.7285714285714285,1.0,1.0,1.0
lightweight gas storage MOFs with low density,q3_lightweight_storage,51,LEA,2,qmof-235f291,Ni2C24H16N8,1|1|1|1,0.9173960253168174,0.882467980914969,0.011319438610969042,,0.959836250493435,85.11691599997562,3.336142,0.870801372,0.7285714285714285,1.0,1.0,1.0
lightweight gas storage MOFs with low density,q3_lightweight_storage,51,LEA,3,qmof-ac6a77a,Zn4C76H44N8O16,1|1|1|1,0.9173960253168174,0.882467980914969,0.032294819024239745,,0.9598010524063401,85.11691599997562,2.401359,0.82887956,0.7285714285714285,1.0,1.0,1.0
lightweight gas storage MOFs with low density,q3_lightweight_storage,51,LEA,4,qmof-c0f392b,Zn2C44H38N6O12,1|1|1|1,0.9173960253168174,0.882467980914969,0.019626116974106787,,0.9596561831454558,85.11691599997562,2.464185,0.915527725,0.7285714285714285,1.0,1.0,1.0
lightweight gas storage MOFs with low density,q3_lightweight_storage,51,LEA,5,qmof-13a76dd,Zn4C40H28N12O8,1|1|1|1,0.9173960253168174,0.882467980914969,0.018688540321036777,,0.9596401003714873,85.11691599997562,3.309168,0.982716063,0.7285714285714285,1.0,1.0,1.0
lightweight gas storage MOFs with low density,q3_lightweight_storage,51,LEA no diversity,1,qmof-a1a5849,Fe2C24H16N8,1|1|1|1,0.9173960253168174,0.882467980914969,0.0,,1.0056428234083143,85.21691600000736,2.75343,0.925170256,0.7285714285714285,1.0,1.0,1.0
lightweight gas storage MOFs with low density,q3_lightweight_storage,51,LEA no diversity,2,qmof-235f291,Ni2C24H16N8,1|1|1|1,0.9173960253168174,0.882467980914969,0.011319438610969042,,0.957027607203796,85.21691600000736,3.336142,0.870801372,0.7285714285714285,1.0,1.0,1.0
lightweight gas storage MOFs with low density,q3_lightweight_storage,51,LEA no diversity,3,qmof-ac6a77a,Zn4C76H44N8O16,1|1|1|1,0.9173960253168174,0.882467980914969,0.032294819024239745,,0.9570160922391269,85.21691600000736,2.401359,0.82887956,0.7285714285714285,1.0,1.0,1.0
lightweight gas storage MOFs with low density,q3_lightweight_storage,51,LEA no diversity,4,qmof-c0f392b,Zn2C44H38N6O12,1|1|1|1,0.9173960253168174,0.882467980914969,0.019626116974106787,,0.956968679310658,85.21691600000736,2.464185,0.915527725,0.7285714285714285,1.0,1.0,1.0
lightweight gas storage MOFs with low density,q3_lightweight_storage,51,LEA no diversity,5,qmof-13a76dd,Zn4C40H28N12O8,1|1|1|1,0.9173960253168174,0.882467980914969,0.018688540321036777,,0.9569634138104525,85.21691600000736,3.309168,0.982716063,0.7285714285714285,1.0,1.0,1.0
lightweight gas storage MOFs with low density,q3_lightweight_storage,51,LEA no self-cleaning,1,qmof-a1a5849,Fe2C24H16N8,1|1|1|1,0.9173960253168174,0.882467980914969,0.0,,1.0056428234083143,83.21720800000776,2.75343,0.925170256,0.7285714285714285,1.0,1.0,1.0
lightweight gas storage MOFs with low density,q3_lightweight_storage,51,LEA no self-cleaning,2,qmof-235f291,Ni2C24H16N8,1|1|1|1,0.9173960253168174,0.882467980914969,0.011319438610969042,,0.959836250493435,83.21720800000776,3.336142,0.870801372,0.7285714285714285,1.0,1.0,1.0
lightweight gas storage MOFs with low density,q3_lightweight_storage,51,LEA no self-cleaning,3,qmof-ac6a77a,Zn4C76H44N8O16,1|1|1|1,0.9173960253168174,0.882467980914969,0.032294819024239745,,0.9598010524063401,83.21720800000776,2.401359,0.82887956,0.7285714285714285,1.0,1.0,1.0
lightweight gas storage MOFs with low density,q3_lightweight_storage,51,LEA no self-cleaning,4,qmof-c0f392b,Zn2C44H38N6O12,1|1|1|1,0.9173960253168174,0.882467980914969,0.019626116974106787,,0.9596561831454558,83.21720800000776,2.464185,0.915527725,0.7285714285714285,1.0,1.0,1.0
lightweight gas storage MOFs with low density,q3_lightweight_storage,51,LEA no self-cleaning,5,qmof-13a76dd,Zn4C40H28N12O8,1|1|1|1,0.9173960253168174,0.882467980914969,0.018688540321036777,,0.9596401003714873,83.21720800000776,3.309168,0.982716063,0.7285714285714285,1.0,1.0,1.0
lightweight gas storage MOFs with low density,q3_lightweight_storage,51,GraphSAGE only,1,qmof-235f291,Ni2C24H16N8,1|1|1|1,0.9173960253168174,0.882467980914969,0.0,0.2626898971,0.9173960253168174,0.03904099997953381,3.336142,0.870801372,0.7285714285714285,1.0,1.0,1.0
lightweight gas storage MOFs with low density,q3_lightweight_storage,51,GraphSAGE only,2,qmof-a1a5849,Fe2C24H16N8,1|1|1|1,0.9173960253168174,0.882467980914969,0.011319438610969042,0.2586122308,0.9173960253168174,0.03904099997953381,2.75343,0.925170256,0.7285714285714285,1.0,1.0,1.0
lightweight gas storage MOFs with low density,q3_lightweight_storage,51,GraphSAGE only,3,qmof-ac6a77a,Zn4C76H44N8O16,1|1|1|1,0.9173960253168174,0.882467980914969,0.032294819024239745,0.2567529519189189,0.9173960253168174,0.03904099997953381,2.401359,0.82887956,0.7285714285714285,1.0,1.0,1.0
lightweight gas storage MOFs with low density,q3_lightweight_storage,51,GraphSAGE only,4,qmof-13a76dd,Zn4C40H28N12O8,1|1|1|1,0.9173960253168174,0.882467980914969,0.01900433358340829,0.25673107788369565,0.9173960253168174,0.03904099997953381,3.309168,0.982716063,0.7285714285714285,1.0,1.0,1.0
lightweight gas storage MOFs with low density,q3_lightweight_storage,51,GraphSAGE only,5,qmof-e566fbb,Zn2C36H22N6O8,1|1|1|1,0.9173960253168174,0.882467980914969,0.015052182145351823,0.2563490934189189,0.9173960253168174,0.03904099997953381,2.93315,0.83426434,0.7285714285714285,1.0,1.0,1.0
lightweight gas storage MOFs with low density,q3_lightweight_storage,51,GAT only,1,qmof-235f291,Ni2C24H16N8,1|1|1|1,0.9173960253168174,0.882467980914969,0.0,0.41374343425000004,0.9173960253168174,0.03433300000210693,3.336142,0.870801372,0.7285714285714285,1.0,1.0,1.0
lightweight gas storage MOFs with low density,q3_lightweight_storage,51,GAT only,2,qmof-13a76dd,Zn4C40H28N12O8,1|1|1|1,0.9173960253168174,0.882467980914969,0.01461054884391458,0.4066955434538043,0.9173960253168174,0.03433300000210693,3.309168,0.982716063,0.7285714285714285,1.0,1.0,1.0
lightweight gas storage MOFs with low density,q3_lightweight_storage,51,GAT only,3,qmof-e566fbb,Zn2C36H22N6O8,1|1|1|1,0.9173960253168174,0.882467980914969,0.0123384947530898,0.38600964091216217,0.9173960253168174,0.03433300000210693,2.93315,0.83426434,0.7285714285714285,1.0,1.0,1.0
lightweight gas storage MOFs with low density,q3_lightweight_storage,51,GAT only,4,qmof-cef46c3,Zn2C48H32N8O8,1|1|1|1,0.9173960253168174,0.882467980914969,0.01194176634097749,0.3846363647193877,0.9173960253168174,0.03433300000210693,2.913296,0.7895211,0.7285714285714285,1.0,1.0,1.0
lightweight gas storage MOFs with low density,q3_lightweight_storage,51,GAT only,5,qmof-a1a5849,Fe2C24H16N8,1|1|1|1,0.9173960253168174,0.882467980914969,0.014550668299126329,0.375382659,0.9173960253168174,0.03433300000210693,2.75343,0.925170256,0.7285714285714285,1.0,1.0,1.0
lightweight gas storage MOFs with low density,q3_lightweight_storage,51,LEA + GraphSAGE,1,qmof-235f291,Ni2C24H16N8,1|1|1|1,0.9173960253168174,0.882467980914969,0.0,0.2626898971,0.890422453604159,86.23562500000048,3.336142,0.870801372,0.7285714285714285,1.0,1.0,1.0
lightweight gas storage MOFs with low density,q3_lightweight_storage,51,LEA + GraphSAGE,2,qmof-a1a5849,Fe2C24H16N8,1|1|1|1,0.9173960253168174,0.882467980914969,0.011319438610969042,0.2586122308,0.8896589158338799,86.23562500000048,2.75343,0.925170256,0.7285714285714285,1.0,1.0,1.0
lightweight gas storage MOFs with low density,q3_lightweight_storage,51,LEA + GraphSAGE,3,qmof-ac6a77a,Zn4C76H44N8O16,1|1|1|1,0.9173960253168174,0.882467980914969,0.032294819024239745,0.2567529519189189,0.889310727790172,86.23562500000048,2.401359,0.82887956,0.7285714285714285,1.0,1.0,1.0
lightweight gas storage MOFs with low density,q3_lightweight_storage,51,LEA + GraphSAGE,4,qmof-13a76dd,Zn4C40H28N12O8,1|1|1|1,0.9173960253168174,0.882467980914969,0.01900433358340829,0.25673107788369565,0.889306631279467,86.23562500000048,3.309168,0.982716063,0.7285714285714285,1.0,1.0,1.0
lightweight gas storage MOFs with low density,q3_lightweight_storage,51,LEA + GraphSAGE,5,qmof-e566fbb,Zn2C36H22N6O8,1|1|1|1,0.9173960253168174,0.882467980914969,0.015052182145351823,0.2563490934189189,0.8892350936928863,86.23562500000048,2.93315,0.83426434,0.7285714285714285,1.0,1.0,1.0
lightweight gas storage MOFs with low density,q3_lightweight_storage,51,LEA + GAT,1,qmof-235f291,Ni2C24H16N8,1|1|1|1,0.9173960253168174,0.882467980914969,0.0,0.41374343425000004,0.9185996755737323,87.76520799997911,3.336142,0.870801372,0.7285714285714285,1.0,1.0,1.0
lightweight gas storage MOFs with low density,q3_lightweight_storage,51,LEA + GAT,2,qmof-13a76dd,Zn4C40H28N12O8,1|1|1|1,0.9173960253168174,0.882467980914969,0.01461054884391458,0.4066955434538043,0.9172906974808295,87.76520799997911,3.309168,0.982716063,0.7285714285714285,1.0,1.0,1.0
lightweight gas storage MOFs with low density,q3_lightweight_storage,51,LEA + GAT,3,qmof-e566fbb,Zn2C36H22N6O8,1|1|1|1,0.9173960253168174,0.882467980914969,0.0123384947530898,0.38600964091216217,0.9134449534198168,87.76520799997911,2.93315,0.83426434,0.7285714285714285,1.0,1.0,1.0
lightweight gas storage MOFs with low density,q3_lightweight_storage,51,LEA + GAT,4,qmof-cef46c3,Zn2C48H32N8O8,1|1|1|1,0.9173960253168174,0.882467980914969,0.01194176634097749,0.3846363647193877,0.9131894522669348,87.76520799997911,2.913296,0.7895211,0.7285714285714285,1.0,1.0,1.0
lightweight gas storage MOFs with low density,q3_lightweight_storage,51,LEA + GAT,5,qmof-a1a5849,Fe2C24H16N8,1|1|1|1,0.9173960253168174,0.882467980914969,0.014550668299126329,0.375382659,0.9114671798642818,87.76520799997911,2.75343,0.925170256,0.7285714285714285,1.0,1.0,1.0
balanced stable MOF candidates for general materials discovery,q4_balanced_discovery,42,SemanticOnly,1,qmof-fe36449,Cu2C22H26N10O8,1|1|1|1,0.747905,0.8613682936698823,0.0,,0.747905,0.031167000003051726,2.781366,1.768423472,0.65,1.0,0.7,0.7
balanced stable MOF candidates for general materials discovery,q4_balanced_discovery,42,SemanticOnly,2,qmof-fbd4fed,U2C46H38N2O14,1|1|1|1,0.747905,0.8613682936698823,0.0141718993866273,,0.747905,0.031167000003051726,2.874704,1.830099562,0.65,1.0,0.7,0.7
balanced stable MOF candidates for general materials discovery,q4_balanced_discovery,42,SemanticOnly,3,qmof-fbc9303,Zn2C44H36N8O12,1|1|1|1,0.747905,0.8613682936698823,0.030044083983015203,,0.747905,0.031167000003051726,1.5071,1.29968722,0.65,1.0,0.7,0.7
balanced stable MOF candidates for general materials discovery,q4_balanced_discovery,42,SemanticOnly,4,qmof-fb69b28,Nd2C14H20N6O28,1|1|1|1,0.747905,0.8613682936698823,0.026388547072267482,,0.747905,0.031167000003051726,2.785529,1.901409434,0.65,1.0,0.7,0.7
balanced stable MOF candidates for general materials discovery,q4_balanced_discovery,42,SemanticOnly,5,qmof-f914f9b,Sm2C44H30N4O16S4,1|1|1|1,0.747905,0.8613682936698823,0.021178011189744498,,0.747905,0.031167000003051726,3.14377,1.85995348,0.65,1.0,0.7,0.7
balanced stable MOF candidates for general materials discovery,q4_balanced_discovery,42,WeightedSum,1,qmof-e566fbb,Zn2C36H22N6O8,1|1|1|1,0.897905,0.8484455543377233,0.0,,0.897905,0.049665999995340826,2.93315,0.83426434,0.65,1.0,1.0,1.0
balanced stable MOF candidates for general materials discovery,q4_balanced_discovery,42,WeightedSum,2,qmof-cef46c3,Zn2C48H32N8O8,1|1|1|1,0.897905,0.8484455543377233,0.007206297341252901,,0.897905,0.049665999995340826,2.913296,0.7895211,0.65,1.0,1.0,1.0
balanced stable MOF candidates for general materials discovery,q4_balanced_discovery,42,WeightedSum,3,qmof-c0f392b,Zn2C44H38N6O12,1|1|1|1,0.897905,0.8484455543377233,0.012066926313604693,,0.897905,0.049665999995340826,2.464185,0.915527725,0.65,1.0,1.0,1.0
balanced stable MOF candidates for general materials discovery,q4_balanced_discovery,42,WeightedSum,4,qmof-ac6a77a,Zn4C76H44N8O16,1|1|1|1,0.897905,0.8484455543377233,0.018368560155257573,,0.897905,0.049665999995340826,2.401359,0.82887956,0.65,1.0,1.0,1.0
balanced stable MOF candidates for general materials discovery,q4_balanced_discovery,42,WeightedSum,5,qmof-a1a5849,Fe2C24H16N8,1|1|1|1,0.897905,0.8484455543377233,0.01962893153373782,,0.897905,0.049665999995340826,2.75343,0.925170256,0.65,1.0,1.0,1.0
balanced stable MOF candidates for general materials discovery,q4_balanced_discovery,42,TOPSIS,1,qmof-e566fbb,Zn2C36H22N6O8,1|1|1|1,0.897905,0.8484455543377233,0.0,,0.897905,1.062208999996983,2.93315,0.83426434,0.65,1.0,1.0,1.0
balanced stable MOF candidates for general materials discovery,q4_balanced_discovery,42,TOPSIS,2,qmof-cef46c3,Zn2C48H32N8O8,1|1|1|1,0.897905,0.8484455543377233,0.007206297341252901,,0.897905,1.062208999996983,2.913296,0.7895211,0.65,1.0,1.0,1.0
balanced stable MOF candidates for general materials discovery,q4_balanced_discovery,42,TOPSIS,3,qmof-c0f392b,Zn2C44H38N6O12,1|1|1|1,0.897905,0.8484455543377233,0.012066926313604693,,0.897905,1.062208999996983,2.464185,0.915527725,0.65,1.0,1.0,1.0
balanced stable MOF candidates for general materials discovery,q4_balanced_discovery,42,TOPSIS,4,qmof-ac6a77a,Zn4C76H44N8O16,1|1|1|1,0.897905,0.8484455543377233,0.018368560155257573,,0.897905,1.062208999996983,2.401359,0.82887956,0.65,1.0,1.0,1.0
balanced stable MOF candidates for general materials discovery,q4_balanced_discovery,42,TOPSIS,5,qmof-a1a5849,Fe2C24H16N8,1|1|1|1,0.897905,0.8484455543377233,0.01962893153373782,,0.897905,1.062208999996983,2.75343,0.925170256,0.65,1.0,1.0,1.0
balanced stable MOF candidates for general materials discovery,q4_balanced_discovery,42,ParetoCrowding,1,qmof-ac6a77a,Zn4C76H44N8O16,1|1|1|1,0.897905,0.8484455543377233,0.0,,0.897905,219.34237499999654,2.401359,0.82887956,0.65,1.0,1.0,1.0
balanced stable MOF candidates for general materials discovery,q4_balanced_discovery,42,ParetoCrowding,2,qmof-235f291,Ni2C24H16N8,1|1|1|1,0.897905,0.8484455543377233,0.034389665755561766,,0.897905,219.34237499999654,3.336142,0.870801372,0.65,1.0,1.0,1.0
balanced stable MOF candidates for general materials discovery,q4_balanced_discovery,42,ParetoCrowding,3,qmof-a1a5849,Fe2C24H16N8,1|1|1|1,0.897905,0.8484455543377233,0.020759705451943382,,0.897905,219.34237499999654,2.75343,0.925170256,0.65,1.0,1.0,1.0
balanced stable MOF candidates for general materials discovery,q4_balanced_discovery,42,ParetoCrowding,4,qmof-cef46c3,Zn2C48H32N8O8,1|1|1|1,0.897905,0.8484455543377233,0.01736910650377117,,0.897905,219.34237499999654,2.913296,0.7895211,0.65,1.0,1.0,1.0
balanced stable MOF candidates for general materials discovery,q4_balanced_discovery,42,ParetoCrowding,5,qmof-e566fbb,Zn2C36H22N6O8,1|1|1|1,0.897905,0.8484455543377233,0.014192172434040837,,0.897905,219.34237499999654,2.93315,0.83426434,0.65,1.0,1.0,1.0
balanced stable MOF candidates for general materials discovery,q4_balanced_discovery,42,Random,1,qmof-41cbe0b,CoC14H14N12O6,1|1|1|1,0.747905,0.8613682936698823,0.0,,0.747905,0.07545799999775227,3.186877,1.708960387,0.65,1.0,0.7,0.7
balanced stable MOF candidates for general materials discovery,q4_balanced_discovery,42,Random,2,qmof-dc7e5a3,Co6C24H12O18,1|1|1|1,0.747905,0.8613682936698823,0.026025414113284195,,0.747905,0.07545799999775227,2.932894,1.274869128,0.65,1.0,0.7,0.7
balanced stable MOF candidates for general materials discovery,q4_balanced_discovery,42,Random,3,qmof-507bad6,Zn4C52H48N16O24S4,1|1|1|1,0.747905,0.8613682936698823,0.03378405140691515,,0.747905,0.07545799999775227,3.161637,1.93636865,0.65,1.0,0.7,0.7
balanced stable MOF candidates for general materials discovery,q4_balanced_discovery,42,Random,4,qmof-c82daac,Al2Li2C40H46N6O4,1|1|1|1,0.793755,0.7809823066508096,0.036543679334859844,,0.793755,0.07545799999775227,4.047188,0.954866212,0.65,0.5,1.0,1.0
balanced stable MOF candidates for general materials discovery,q4_balanced_discovery,42,Random,5,qmof-e7477a4,CuC40Cl2H32N16O2,1|1|1|1,0.747905,0.8613682936698823,0.023717440236264386,,0.747905,0.07545799999775227,3.129303,1.557801707,0.65,1.0,0.7,0.7
balanced stable MOF candidates for general materials discovery,q4_balanced_discovery,42,MMR,1,qmof-13a76dd,Zn4C40H28N12O8,1|1|1|1,0.897905,0.8484455543377233,0.0,,0.897905,2210.6527500000084,3.309168,0.982716063,0.65,1.0,1.0,1.0
balanced stable MOF candidates for general materials discovery,q4_balanced_discovery,42,MMR,2,qmof-ac6a77a,Zn4C76H44N8O16,1|1|1|1,0.897905,0.8484455543377233,0.024587142061445556,,0.897905,2210.6527500000084,2.401359,0.82887956,0.65,1.0,1.0,1.0
balanced stable MOF candidates for general materials discovery,q4_balanced_discovery,42,MMR,3,qmof-a1a5849,Fe2C24H16N8,1|1|1|1,0.897905,0.8484455543377233,0.024007641068891222,,0.897905,2210.6527500000084,2.75343,0.925170256,0.65,1.0,1.0,1.0
balanced stable MOF candidates for general materials discovery,q4_balanced_discovery,42,MMR,4,qmof-c0f392b,Zn2C44H38N6O12,1|1|1|1,0.897905,0.8484455543377233,0.017196445679571768,,0.897905,2210.6527500000084,2.464185,0.915527725,0.65,1.0,1.0,1.0
balanced stable MOF candidates for general materials discovery,q4_balanced_discovery,42,MMR,5,qmof-235f291,Ni2C24H16N8,1|1|1|1,0.897905,0.8484455543377233,0.021337456906993173,,0.897905,2210.6527500000084,3.336142,0.870801372,0.65,1.0,1.0,1.0
balanced stable MOF candidates for general materials discovery,q4_balanced_discovery,42,LEA,1,qmof-13a76dd,Zn4C40H28N12O8,1|1|1|1,0.897905,0.8484455543377233,0.0,,0.9827495554337723,82.58899999998448,3.309168,0.982716063,0.65,1.0,1.0,1.0
balanced stable MOF candidates for general materials discovery,q4_balanced_discovery,42,LEA,2,qmof-ac6a77a,Zn4C76H44N8O16,1|1|1|1,0.897905,0.8484455543377233,0.024587142061445556,,0.9377260130523342,82.58899999998448,2.401359,0.82887956,0.65,1.0,1.0,1.0
balanced stable MOF candidates for general materials discovery,q4_balanced_discovery,42,LEA,3,qmof-235f291,Ni2C24H16N8,1|1|1|1,0.897905,0.8484455543377233,0.024500107299738172,,0.9375621953781739,82.58899999998448,3.336142,0.870801372,0.65,1.0,1.0,1.0
balanced stable MOF candidates for general materials discovery,q4_balanced_discovery,42,LEA,4,qmof-a1a5849,Fe2C24H16N8,1|1|1|1,0.897905,0.8484455543377233,0.01977824024958383,,0.9369784912054022,82.58899999998448,2.75343,0.925170256,0.65,1.0,1.0,1.0
balanced stable MOF candidates for general materials discovery,q4_balanced_discovery,42,LEA,5,qmof-cef46c3,Zn2C48H32N8O8,1|1|1|1,0.897905,0.8484455543377233,0.015665130102366275,,0.9368411727478696,82.58899999998448,2.913296,0.7895211,0.65,1.0,1.0,1.0
balanced stable MOF candidates for general materials discovery,q4_balanced_discovery,42,LEA no diversity,1,qmof-13a76dd,Zn4C40H28N12O8,1|1|1|1,0.897905,0.8484455543377233,0.0,,0.9827495554337723,82.77829200000042,3.309168,0.982716063,0.65,1.0,1.0,1.0
balanced stable MOF candidates for general materials discovery,q4_balanced_discovery,42,LEA no diversity,2,qmof-ac6a77a,Zn4C76H44N8O16,1|1|1|1,0.897905,0.8484455543377233,0.024587142061445556,,0.9343900312254925,82.77829200000042,2.401359,0.82887956,0.65,1.0,1.0,1.0
balanced stable MOF candidates for general materials discovery,q4_balanced_discovery,42,LEA no diversity,3,qmof-235f291,Ni2C24H16N8,1|1|1|1,0.897905,0.8484455543377233,0.024500107299738172,,0.9343366130647878,82.77829200000042,3.336142,0.870801372,0.65,1.0,1.0,1.0
balanced stable MOF candidates for general materials discovery,q4_balanced_discovery,42,LEA no diversity,4,qmof-a1a5849,Fe2C24H16N8,1|1|1|1,0.897905,0.8484455543377233,0.01977824024958383,,0.9341459539464376,82.77829200000042,2.75343,0.925170256,0.65,1.0,1.0,1.0
balanced stable MOF candidates for general materials discovery,q4_balanced_discovery,42,LEA no diversity,5,qmof-cef46c3,Zn2C48H32N8O8,1|1|1|1,0.897905,0.8484455543377233,0.015665130102366275,,0.9341010273994016,82.77829200000042,2.913296,0.7895211,0.65,1.0,1.0,1.0
balanced stable MOF candidates for general materials discovery,q4_balanced_discovery,42,LEA no self-cleaning,1,qmof-13a76dd,Zn4C40H28N12O8,1|1|1|1,0.897905,0.8484455543377233,0.0,,0.9827495554337723,86.33091699999795,3.309168,0.982716063,0.65,1.0,1.0,1.0
balanced stable MOF candidates for general materials discovery,q4_balanced_discovery,42,LEA no self-cleaning,2,qmof-ac6a77a,Zn4C76H44N8O16,1|1|1|1,0.897905,0.8484455543377233,0.024587142061445556,,0.9377260130523342,86.33091699999795,2.401359,0.82887956,0.65,1.0,1.0,1.0
balanced stable MOF candidates for general materials discovery,q4_balanced_discovery,42,LEA no self-cleaning,3,qmof-235f291,Ni2C24H16N8,1|1|1|1,0.897905,0.8484455543377233,0.024500107299738172,,0.9375621953781739,86.33091699999795,3.336142,0.870801372,0.65,1.0,1.0,1.0
balanced stable MOF candidates for general materials discovery,q4_balanced_discovery,42,LEA no self-cleaning,4,qmof-a1a5849,Fe2C24H16N8,1|1|1|1,0.897905,0.8484455543377233,0.01977824024958383,,0.9369784912054022,86.33091699999795,2.75343,0.925170256,0.65,1.0,1.0,1.0
balanced stable MOF candidates for general materials discovery,q4_balanced_discovery,42,LEA no self-cleaning,5,qmof-cef46c3,Zn2C48H32N8O8,1|1|1|1,0.897905,0.8484455543377233,0.015665130102366275,,0.9368411727478696,86.33091699999795,2.913296,0.7895211,0.65,1.0,1.0,1.0
balanced stable MOF candidates for general materials discovery,q4_balanced_discovery,42,GraphSAGE only,1,qmof-235f291,Ni2C24H16N8,1|1|1|1,0.897905,0.8484455543377233,0.0,0.2626898971,0.897905,0.03825000001711487,3.336142,0.870801372,0.65,1.0,1.0,1.0
balanced stable MOF candidates for general materials discovery,q4_balanced_discovery,42,GraphSAGE only,2,qmof-a1a5849,Fe2C24H16N8,1|1|1|1,0.897905,0.8484455543377233,0.011319438610969042,0.2586122308,0.897905,0.03825000001711487,2.75343,0.925170256,0.65,1.0,1.0,1.0
balanced stable MOF candidates for general materials discovery,q4_balanced_discovery,42,GraphSAGE only,3,qmof-ac6a77a,Zn4C76H44N8O16,1|1|1|1,0.897905,0.8484455543377233,0.032294819024239745,0.2567529519189189,0.897905,0.03825000001711487,2.401359,0.82887956,0.65,1.0,1.0,1.0
balanced stable MOF candidates for general materials discovery,q4_balanced_discovery,42,GraphSAGE only,4,qmof-13a76dd,Zn4C40H28N12O8,1|1|1|1,0.897905,0.8484455543377233,0.01900433358340829,0.25673107788369565,0.897905,0.03825000001711487,3.309168,0.982716063,0.65,1.0,1.0,1.0
balanced stable MOF candidates for general materials discovery,q4_balanced_discovery,42,GraphSAGE only,5,qmof-e566fbb,Zn2C36H22N6O8,1|1|1|1,0.897905,0.8484455543377233,0.015052182145351823,0.2563490934189189,0.897905,0.03825000001711487,2.93315,0.83426434,0.65,1.0,1.0,1.0
balanced stable MOF candidates for general materials discovery,q4_balanced_discovery,42,GAT only,1,qmof-235f291,Ni2C24H16N8,1|1|1|1,0.897905,0.8484455543377233,0.0,0.41374343425000004,0.897905,0.034415999976999956,3.336142,0.870801372,0.65,1.0,1.0,1.0
balanced stable MOF candidates for general materials discovery,q4_balanced_discovery,42,GAT only,2,qmof-13a76dd,Zn4C40H28N12O8,1|1|1|1,0.897905,0.8484455543377233,0.01461054884391458,0.4066955434538043,0.897905,0.034415999976999956,3.309168,0.982716063,0.65,1.0,1.0,1.0
balanced stable MOF candidates for general materials discovery,q4_balanced_discovery,42,GAT only,3,qmof-e566fbb,Zn2C36H22N6O8,1|1|1|1,0.897905,0.8484455543377233,0.0123384947530898,0.38600964091216217,0.897905,0.034415999976999956,2.93315,0.83426434,0.65,1.0,1.0,1.0
balanced stable MOF candidates for general materials discovery,q4_balanced_discovery,42,GAT only,4,qmof-cef46c3,Zn2C48H32N8O8,1|1|1|1,0.897905,0.8484455543377233,0.01194176634097749,0.3846363647193877,0.897905,0.034415999976999956,2.913296,0.7895211,0.65,1.0,1.0,1.0
balanced stable MOF candidates for general materials discovery,q4_balanced_discovery,42,GAT only,5,qmof-a1a5849,Fe2C24H16N8,1|1|1|1,0.897905,0.8484455543377233,0.014550668299126329,0.375382659,0.897905,0.034415999976999956,2.75343,0.925170256,0.65,1.0,1.0,1.0
balanced stable MOF candidates for general materials discovery,q4_balanced_discovery,42,LEA + GraphSAGE,1,qmof-235f291,Ni2C24H16N8,1|1|1|1,0.897905,0.8484455543377233,0.0,0.2626898971,0.8733079759657986,82.73283400001219,3.336142,0.870801372,0.65,1.0,1.0,1.0
balanced stable MOF candidates for general materials discovery,q4_balanced_discovery,42,LEA + GraphSAGE,2,qmof-a1a5849,Fe2C24H16N8,1|1|1|1,0.897905,0.8484455543377233,0.011319438610969042,0.2586122308,0.8725516083256909,82.73283400001219,2.75343,0.925170256,0.65,1.0,1.0,1.0
balanced stable MOF candidates for general materials discovery,q4_balanced_discovery,42,LEA + GraphSAGE,3,qmof-ac6a77a,Zn4C76H44N8O16,1|1|1|1,0.897905,0.8484455543377233,0.032294819024239745,0.2567529519189189,0.872206666446936,82.73283400001219,2.401359,0.82887956,0.65,1.0,1.0,1.0
balanced stable MOF candidates for general materials discovery,q4_balanced_discovery,42,LEA + GraphSAGE,4,qmof-13a76dd,Zn4C40H28N12O8,1|1|1|1,0.897905,0.8484455543377233,0.01900433358340829,0.25673107788369565,0.8722026080408567,82.73283400001219,3.309168,0.982716063,0.65,1.0,1.0,1.0
balanced stable MOF candidates for general materials discovery,q4_balanced_discovery,42,LEA + GraphSAGE,5,qmof-e566fbb,Zn2C36H22N6O8,1|1|1|1,0.897905,0.8484455543377233,0.015052182145351823,0.2563490934189189,0.8721317355511468,82.73283400001219,2.93315,0.83426434,0.65,1.0,1.0,1.0
balanced stable MOF candidates for general materials discovery,q4_balanced_discovery,42,LEA + GAT,1,qmof-235f291,Ni2C24H16N8,1|1|1|1,0.897905,0.8484455543377233,0.0,0.41374343425000004,0.9011610018922696,83.08116699998891,3.336142,0.870801372,0.65,1.0,1.0,1.0
balanced stable MOF candidates for general materials discovery,q4_balanced_discovery,42,LEA + GAT,2,qmof-13a76dd,Zn4C40H28N12O8,1|1|1|1,0.897905,0.8484455543377233,0.01461054884391458,0.4066955434538043,0.8998701210407752,83.08116699998891,3.309168,0.982716063,0.65,1.0,1.0,1.0
balanced stable MOF candidates for general materials discovery,q4_balanced_discovery,42,LEA + GAT,3,qmof-e566fbb,Zn2C36H22N6O8,1|1|1|1,0.897905,0.8484455543377233,0.0123384947530898,0.38600964091216217,0.8960755896858646,83.08116699998891,2.93315,0.83426434,0.65,1.0,1.0,1.0
balanced stable MOF candidates for general materials discovery,q4_balanced_discovery,42,LEA + GAT,4,qmof-cef46c3,Zn2C48H32N8O8,1|1|1|1,0.897905,0.8484455543377233,0.01194176634097749,0.3846363647193877,0.8958233909136354,83.08116699998891,2.913296,0.7895211,0.65,1.0,1.0,1.0
balanced stable MOF candidates for general materials discovery,q4_balanced_discovery,42,LEA + GAT,5,qmof-a1a5849,Fe2C24H16N8,1|1|1|1,0.897905,0.8484455543377233,0.014550668299126329,0.375382659,0.8941230652286947,83.08116699998891,2.75343,0.925170256,0.65,1.0,1.0,1.0
balanced stable MOF candidates for general materials discovery,q4_balanced_discovery,43,SemanticOnly,1,qmof-fcfab15,Zn2C48H36N8O12,1|1|1|1,0.747905,0.8613682936698823,0.0,,0.747905,0.03508300000021336,3.105757,1.544337866,0.65,1.0,0.7,0.7
balanced stable MOF candidates for general materials discovery,q4_balanced_discovery,43,SemanticOnly,2,qmof-fc7ce55,Cu2C22Cl4H20N4S4,1|1|1|1,0.747905,0.8613682936698823,0.024774970093718884,,0.747905,0.03508300000021336,2.876732,1.110326318,0.65,1.0,0.7,0.7
balanced stable MOF candidates for general materials discovery,q4_balanced_discovery,43,SemanticOnly,3,qmof-f7be768,Zn2C36H28N8O8,1|1|1|1,0.747905,0.8613682936698823,0.01485036509367135,,0.747905,0.03508300000021336,3.258308,1.56915922,0.65,1.0,0.7,0.7
balanced stable MOF candidates for general materials discovery,q4_balanced_discovery,43,SemanticOnly,4,qmof-f46187c,Cu4C56H36N12,1|1|1|1,0.747905,0.8613682936698823,0.02924696442180012,,0.747905,0.03508300000021336,1.89703,1.61655086,0.65,1.0,0.7,0.7
balanced stable MOF candidates for general materials discovery,q4_balanced_discovery,43,SemanticOnly,5,qmof-e789f6e,Zn2C60H44N6O16,1|1|1|1,0.747905,0.8613682936698823,0.021468714354821623,,0.747905,0.03508300000021336,3.462207,1.456138517,0.65,1.0,0.7,0.7
balanced stable MOF candidates for general materials discovery,q4_balanced_discovery,43,WeightedSum,1,qmof-e566fbb,Zn2C36H22N6O8,1|1|1|1,0.897905,0.8484455543377233,0.0,,0.897905,0.044208000019807514,2.93315,0.83426434,0.65,1.0,1.0,1.0
balanced stable MOF candidates for general materials discovery,q4_balanced_discovery,43,WeightedSum,2,qmof-cef46c3,Zn2C48H32N8O8,1|1|1|1,0.897905,0.8484455543377233,0.007206297341252901,,0.897905,0.044208000019807514,2.913296,0.7895211,0.65,1.0,1.0,1.0
balanced stable MOF candidates for general materials discovery,q4_balanced_discovery,43,WeightedSum,3,qmof-c0f392b,Zn2C44H38N6O12,1|1|1|1,0.897905,0.8484455543377233,0.012066926313604693,,0.897905,0.044208000019807514,2.464185,0.915527725,0.65,1.0,1.0,1.0
balanced stable MOF candidates for general materials discovery,q4_balanced_discovery,43,WeightedSum,4,qmof-ac6a77a,Zn4C76H44N8O16,1|1|1|1,0.897905,0.8484455543377233,0.018368560155257573,,0.897905,0.044208000019807514,2.401359,0.82887956,0.65,1.0,1.0,1.0
balanced stable MOF candidates for general materials discovery,q4_balanced_discovery,43,WeightedSum,5,qmof-a1a5849,Fe2C24H16N8,1|1|1|1,0.897905,0.8484455543377233,0.01962893153373782,,0.897905,0.044208000019807514,2.75343,0.925170256,0.65,1.0,1.0,1.0
balanced stable MOF candidates for general materials discovery,q4_balanced_discovery,43,TOPSIS,1,qmof-e566fbb,Zn2C36H22N6O8,1|1|1|1,0.897905,0.8484455543377233,0.0,,0.897905,1.0055420000014692,2.93315,0.83426434,0.65,1.0,1.0,1.0
balanced stable MOF candidates for general materials discovery,q4_balanced_discovery,43,TOPSIS,2,qmof-cef46c3,Zn2C48H32N8O8,1|1|1|1,0.897905,0.8484455543377233,0.007206297341252901,,0.897905,1.0055420000014692,2.913296,0.7895211,0.65,1.0,1.0,1.0
balanced stable MOF candidates for general materials discovery,q4_balanced_discovery,43,TOPSIS,3,qmof-c0f392b,Zn2C44H38N6O12,1|1|1|1,0.897905,0.8484455543377233,0.012066926313604693,,0.897905,1.0055420000014692,2.464185,0.915527725,0.65,1.0,1.0,1.0
balanced stable MOF candidates for general materials discovery,q4_balanced_discovery,43,TOPSIS,4,qmof-ac6a77a,Zn4C76H44N8O16,1|1|1|1,0.897905,0.8484455543377233,0.018368560155257573,,0.897905,1.0055420000014692,2.401359,0.82887956,0.65,1.0,1.0,1.0
balanced stable MOF candidates for general materials discovery,q4_balanced_discovery,43,TOPSIS,5,qmof-a1a5849,Fe2C24H16N8,1|1|1|1,0.897905,0.8484455543377233,0.01962893153373782,,0.897905,1.0055420000014692,2.75343,0.925170256,0.65,1.0,1.0,1.0
balanced stable MOF candidates for general materials discovery,q4_balanced_discovery,43,ParetoCrowding,1,qmof-ac6a77a,Zn4C76H44N8O16,1|1|1|1,0.897905,0.8484455543377233,0.0,,0.897905,228.63554200000635,2.401359,0.82887956,0.65,1.0,1.0,1.0
balanced stable MOF candidates for general materials discovery,q4_balanced_discovery,43,ParetoCrowding,2,qmof-235f291,Ni2C24H16N8,1|1|1|1,0.897905,0.8484455543377233,0.034389665755561766,,0.897905,228.63554200000635,3.336142,0.870801372,0.65,1.0,1.0,1.0
balanced stable MOF candidates for general materials discovery,q4_balanced_discovery,43,ParetoCrowding,3,qmof-a1a5849,Fe2C24H16N8,1|1|1|1,0.897905,0.8484455543377233,0.020759705451943382,,0.897905,228.63554200000635,2.75343,0.925170256,0.65,1.0,1.0,1.0
balanced stable MOF candidates for general materials discovery,q4_balanced_discovery,43,ParetoCrowding,4,qmof-cef46c3,Zn2C48H32N8O8,1|1|1|1,0.897905,0.8484455543377233,0.01736910650377117,,0.897905,228.63554200000635,2.913296,0.7895211,0.65,1.0,1.0,1.0
balanced stable MOF candidates for general materials discovery,q4_balanced_discovery,43,ParetoCrowding,5,qmof-e566fbb,Zn2C36H22N6O8,1|1|1|1,0.897905,0.8484455543377233,0.014192172434040837,,0.897905,228.63554200000635,2.93315,0.83426434,0.65,1.0,1.0,1.0
balanced stable MOF candidates for general materials discovery,q4_balanced_discovery,43,Random,1,qmof-817fdc2,Ni2C36H36N4O12P4,1|1|1|1,0.747905,0.8613682936698823,0.0,,0.747905,0.047249999994392056,3.368674,1.788940519,0.65,1.0,0.7,0.7
balanced stable MOF candidates for general materials discovery,q4_balanced_discovery,43,Random,2,qmof-206e25b,Cu2C10H8N6S2,1|1|1|1,0.747905,0.8613682936698823,0.029113267922083217,,0.747905,0.047249999994392056,2.547736,1.994440133,0.65,1.0,0.7,0.7
balanced stable MOF candidates for general materials discovery,q4_balanced_discovery,43,Random,3,qmof-cf35b6c,K2Ru2C44H38N8O12,1|1|1|1,0.747905,0.8613682936698823,0.021861964192955226,,0.747905,0.047249999994392056,2.557021,1.721295555,0.65,1.0,0.7,0.7
balanced stable MOF candidates for general materials discovery,q4_balanced_discovery,43,Random,4,qmof-f46187c,Cu4C56H36N12,1|1|1|1,0.747905,0.8613682936698823,0.027849006131321494,,0.747905,0.047249999994392056,1.89703,1.61655086,0.65,1.0,0.7,0.7
balanced stable MOF candidates for general materials discovery,q4_balanced_discovery,43,Random,5,qmof-a1a5849,Fe2C24H16N8,1|1|1|1,0.897905,0.8484455543377233,0.032722433504566203,,0.897905,0.047249999994392056,2.75343,0.925170256,0.65,1.0,1.0,1.0
balanced stable MOF candidates for general materials discovery,q4_balanced_discovery,43,MMR,1,qmof-a1a5849,Fe2C24H16N8,1|1|1|1,0.897905,0.8484455543377233,0.0,,0.897905,2038.9307920000022,2.75343,0.925170256,0.65,1.0,1.0,1.0
balanced stable MOF candidates for general materials discovery,q4_balanced_discovery,43,MMR,2,qmof-ac6a77a,Zn4C76H44N8O16,1|1|1|1,0.897905,0.8484455543377233,0.030199972292917723,,0.897905,2038.9307920000022,2.401359,0.82887956,0.65,1.0,1.0,1.0
balanced stable MOF candidates for general materials discovery,q4_balanced_discovery,43,MMR,3,qmof-13a76dd,Zn4C40H28N12O8,1|1|1|1,0.897905,0.8484455543377233,0.021201225953155142,,0.897905,2038.9307920000022,3.309168,0.982716063,0.65,1.0,1.0,1.0
balanced stable MOF candidates for general materials discovery,q4_balanced_discovery,43,MMR,4,qmof-c0f392b,Zn2C44H38N6O12,1|1|1|1,0.897905,0.8484455543377233,0.017196445679571768,,0.897905,2038.9307920000022,2.464185,0.915527725,0.65,1.0,1.0,1.0
balanced stable MOF candidates for general materials discovery,q4_balanced_discovery,43,MMR,5,qmof-235f291,Ni2C24H16N8,1|1|1|1,0.897905,0.8484455543377233,0.021337456906993173,,0.897905,2038.9307920000022,3.336142,0.870801372,0.65,1.0,1.0,1.0
balanced stable MOF candidates for general materials discovery,q4_balanced_discovery,43,LEA,1,qmof-a1a5849,Fe2C24H16N8,1|1|1|1,0.897905,0.8484455543377233,0.0,,0.9827495554337723,81.79629199997862,2.75343,0.925170256,0.65,1.0,1.0,1.0
balanced stable MOF candidates for general materials discovery,q4_balanced_discovery,43,LEA,2,qmof-ac6a77a,Zn4C76H44N8O16,1|1|1|1,0.897905,0.8484455543377233,0.030199972292917723,,0.9377334763335325,81.79629199997862,2.401359,0.82887956,0.65,1.0,1.0,1.0
balanced stable MOF candidates for general materials discovery,q4_balanced_discovery,43,LEA,3,qmof-c0f392b,Zn2C44H38N6O12,1|1|1|1,0.897905,0.8484455543377233,0.01692408825239653,,0.9368133612333855,81.79629199997862,2.464185,0.915527725,0.65,1.0,1.0,1.0
balanced stable MOF candidates for general materials discovery,q4_balanced_discovery,43,LEA,4,qmof-235f291,Ni2C24H16N8,1|1|1|1,0.897905,0.8484455543377233,0.02357975959468604,,0.9363987149411047,81.79629199997862,3.336142,0.870801372,0.65,1.0,1.0,1.0
balanced stable MOF candidates for general materials discovery,q4_balanced_discovery,43,LEA,5,qmof-cef46c3,Zn2C48H32N8O8,1|1|1|1,0.897905,0.8484455543377233,0.015701680922118415,,0.9363455347486893,81.79629199997862,2.913296,0.7895211,0.65,1.0,1.0,1.0
balanced stable MOF candidates for general materials discovery,q4_balanced_discovery,43,LEA no diversity,1,qmof-a1a5849,Fe2C24H16N8,1|1|1|1,0.897905,0.8484455543377233,0.0,,0.9827495554337723,80.47125000001643,2.75343,0.925170256,0.65,1.0,1.0,1.0
balanced stable MOF candidates for general materials discovery,q4_balanced_discovery,43,LEA no diversity,2,qmof-ac6a77a,Zn4C76H44N8O16,1|1|1|1,0.897905,0.8484455543377233,0.030199972292917723,,0.9343924639281498,80.47125000001643,2.401359,0.82887956,0.65,1.0,1.0,1.0
balanced stable MOF candidates for general materials discovery,q4_balanced_discovery,43,LEA no diversity,3,qmof-c0f392b,Zn2C44H38N6O12,1|1|1|1,0.897905,0.8484455543377233,0.01692408825239653,,0.9340919248915818,80.47125000001643,2.464185,0.915527725,0.65,1.0,1.0,1.0
balanced stable MOF candidates for general materials discovery,q4_balanced_discovery,43,LEA no diversity,4,qmof-235f291,Ni2C24H16N8,1|1|1|1,0.897905,0.8484455543377233,0.02357975959468604,,0.9339560782874223,80.47125000001643,3.336142,0.870801372,0.65,1.0,1.0,1.0
balanced stable MOF candidates for general materials discovery,q4_balanced_discovery,43,LEA no diversity,5,qmof-cef46c3,Zn2C48H32N8O8,1|1|1|1,0.897905,0.8484455543377233,0.015701680922118415,,0.933938636943882,80.47125000001643,2.913296,0.7895211,0.65,1.0,1.0,1.0
balanced stable MOF candidates for general materials discovery,q4_balanced_discovery,43,LEA no self-cleaning,1,qmof-a1a5849,Fe2C24H16N8,1|1|1|1,0.897905,0.8484455543377233,0.0,,0.9827495554337723,80.38541700000223,2.75343,0.925170256,0.65,1.0,1.0,1.0
balanced stable MOF candidates for general materials discovery,q4_balanced_discovery,43,LEA no self-cleaning,2,qmof-ac6a77a,Zn4C76H44N8O16,1|1|1|1,0.897905,0.8484455543377233,0.030199972292917723,,0.9377334763335325,80.38541700000223,2.401359,0.82887956,0.65,1.0,1.0,1.0
balanced stable MOF candidates for general materials discovery,q4_balanced_discovery,43,LEA no self-cleaning,3,qmof-c0f392b,Zn2C44H38N6O12,1|1|1|1,0.897905,0.8484455543377233,0.01692408825239653,,0.9368133612333855,80.38541700000223,2.464185,0.915527725,0.65,1.0,1.0,1.0
balanced stable MOF candidates for general materials discovery,q4_balanced_discovery,43,LEA no self-cleaning,4,qmof-235f291,Ni2C24H16N8,1|1|1|1,0.897905,0.8484455543377233,0.02357975959468604,,0.9363987149411047,80.38541700000223,3.336142,0.870801372,0.65,1.0,1.0,1.0
balanced stable MOF candidates for general materials discovery,q4_balanced_discovery,43,LEA no self-cleaning,5,qmof-cef46c3,Zn2C48H32N8O8,1|1|1|1,0.897905,0.8484455543377233,0.015701680922118415,,0.9363455347486893,80.38541700000223,2.913296,0.7895211,0.65,1.0,1.0,1.0
balanced stable MOF candidates for general materials discovery,q4_balanced_discovery,43,GraphSAGE only,1,qmof-235f291,Ni2C24H16N8,1|1|1|1,0.897905,0.8484455543377233,0.0,0.2626898971,0.897905,0.03691699998853437,3.336142,0.870801372,0.65,1.0,1.0,1.0
balanced stable MOF candidates for general materials discovery,q4_balanced_discovery,43,GraphSAGE only,2,qmof-a1a5849,Fe2C24H16N8,1|1|1|1,0.897905,0.8484455543377233,0.011319438610969042,0.2586122308,0.897905,0.03691699998853437,2.75343,0.925170256,0.65,1.0,1.0,1.0
balanced stable MOF candidates for general materials discovery,q4_balanced_discovery,43,GraphSAGE only,3,qmof-ac6a77a,Zn4C76H44N8O16,1|1|1|1,0.897905,0.8484455543377233,0.032294819024239745,0.2567529519189189,0.897905,0.03691699998853437,2.401359,0.82887956,0.65,1.0,1.0,1.0
balanced stable MOF candidates for general materials discovery,q4_balanced_discovery,43,GraphSAGE only,4,qmof-13a76dd,Zn4C40H28N12O8,1|1|1|1,0.897905,0.8484455543377233,0.01900433358340829,0.25673107788369565,0.897905,0.03691699998853437,3.309168,0.982716063,0.65,1.0,1.0,1.0
balanced stable MOF candidates for general materials discovery,q4_balanced_discovery,43,GraphSAGE only,5,qmof-e566fbb,Zn2C36H22N6O8,1|1|1|1,0.897905,0.8484455543377233,0.015052182145351823,0.2563490934189189,0.897905,0.03691699998853437,2.93315,0.83426434,0.65,1.0,1.0,1.0
balanced stable MOF candidates for general materials discovery,q4_balanced_discovery,43,GAT only,1,qmof-235f291,Ni2C24H16N8,1|1|1|1,0.897905,0.8484455543377233,0.0,0.41374343425000004,0.897905,0.03354200001126628,3.336142,0.870801372,0.65,1.0,1.0,1.0
balanced stable MOF candidates for general materials discovery,q4_balanced_discovery,43,GAT only,2,qmof-13a76dd,Zn4C40H28N12O8,1|1|1|1,0.897905,0.8484455543377233,0.01461054884391458,0.4066955434538043,0.897905,0.03354200001126628,3.309168,0.982716063,0.65,1.0,1.0,1.0
balanced stable MOF candidates for general materials discovery,q4_balanced_discovery,43,GAT only,3,qmof-e566fbb,Zn2C36H22N6O8,1|1|1|1,0.897905,0.8484455543377233,0.0123384947530898,0.38600964091216217,0.897905,0.03354200001126628,2.93315,0.83426434,0.65,1.0,1.0,1.0
balanced stable MOF candidates for general materials discovery,q4_balanced_discovery,43,GAT only,4,qmof-cef46c3,Zn2C48H32N8O8,1|1|1|1,0.897905,0.8484455543377233,0.01194176634097749,0.3846363647193877,0.897905,0.03354200001126628,2.913296,0.7895211,0.65,1.0,1.0,1.0
balanced stable MOF candidates for general materials discovery,q4_balanced_discovery,43,GAT only,5,qmof-a1a5849,Fe2C24H16N8,1|1|1|1,0.897905,0.8484455543377233,0.014550668299126329,0.375382659,0.897905,0.03354200001126628,2.75343,0.925170256,0.65,1.0,1.0,1.0
balanced stable MOF candidates for general materials discovery,q4_balanced_discovery,43,LEA + GraphSAGE,1,qmof-235f291,Ni2C24H16N8,1|1|1|1,0.897905,0.8484455543377233,0.0,0.2626898971,0.8733079759657986,80.07949999998232,3.336142,0.870801372,0.65,1.0,1.0,1.0
balanced stable MOF candidates for general materials discovery,q4_balanced_discovery,43,LEA + GraphSAGE,2,qmof-a1a5849,Fe2C24H16N8,1|1|1|1,0.897905,0.8484455543377233,0.011319438610969042,0.2586122308,0.8725516083256909,80.07949999998232,2.75343,0.925170256,0.65,1.0,1.0,1.0
balanced stable MOF candidates for general materials discovery,q4_balanced_discovery,43,LEA + GraphSAGE,3,qmof-ac6a77a,Zn4C76H44N8O16,1|1|1|1,0.897905,0.8484455543377233,0.032294819024239745,0.2567529519189189,0.872206666446936,80.07949999998232,2.401359,0.82887956,0.65,1.0,1.0,1.0
balanced stable MOF candidates for general materials discovery,q4_balanced_discovery,43,LEA + GraphSAGE,4,qmof-13a76dd,Zn4C40H28N12O8,1|1|1|1,0.897905,0.8484455543377233,0.01900433358340829,0.25673107788369565,0.8722026080408567,80.07949999998232,3.309168,0.982716063,0.65,1.0,1.0,1.0
balanced stable MOF candidates for general materials discovery,q4_balanced_discovery,43,LEA + GraphSAGE,5,qmof-e566fbb,Zn2C36H22N6O8,1|1|1|1,0.897905,0.8484455543377233,0.015052182145351823,0.2563490934189189,0.8721317355511468,80.07949999998232,2.93315,0.83426434,0.65,1.0,1.0,1.0
balanced stable MOF candidates for general materials discovery,q4_balanced_discovery,43,LEA + GAT,1,qmof-235f291,Ni2C24H16N8,1|1|1|1,0.897905,0.8484455543377233,0.0,0.41374343425000004,0.9011610018922696,83.03666599999815,3.336142,0.870801372,0.65,1.0,1.0,1.0
balanced stable MOF candidates for general materials discovery,q4_balanced_discovery,43,LEA + GAT,2,qmof-13a76dd,Zn4C40H28N12O8,1|1|1|1,0.897905,0.8484455543377233,0.01461054884391458,0.4066955434538043,0.8998701210407752,83.03666599999815,3.309168,0.982716063,0.65,1.0,1.0,1.0
balanced stable MOF candidates for general materials discovery,q4_balanced_discovery,43,LEA + GAT,3,qmof-e566fbb,Zn2C36H22N6O8,1|1|1|1,0.897905,0.8484455543377233,0.0123384947530898,0.38600964091216217,0.8960755896858646,83.03666599999815,2.93315,0.83426434,0.65,1.0,1.0,1.0
balanced stable MOF candidates for general materials discovery,q4_balanced_discovery,43,LEA + GAT,4,qmof-cef46c3,Zn2C48H32N8O8,1|1|1|1,0.897905,0.8484455543377233,0.01194176634097749,0.3846363647193877,0.8958233909136354,83.03666599999815,2.913296,0.7895211,0.65,1.0,1.0,1.0
balanced stable MOF candidates for general materials discovery,q4_balanced_discovery,43,LEA + GAT,5,qmof-a1a5849,Fe2C24H16N8,1|1|1|1,0.897905,0.8484455543377233,0.014550668299126329,0.375382659,0.8941230652286947,83.03666599999815,2.75343,0.925170256,0.65,1.0,1.0,1.0
balanced stable MOF candidates for general materials discovery,q4_balanced_discovery,44,SemanticOnly,1,qmof-fe0852c,Cd2C40Cl4H32N4O4,1|1|1|1,0.747905,0.8613682936698823,0.0,,0.747905,0.03108300001031239,3.243635,1.317737976,0.65,1.0,0.7,0.7
balanced stable MOF candidates for general materials discovery,q4_balanced_discovery,44,SemanticOnly,2,qmof-fb99880,Cu2C10Cl2H8N14,1|1|1|1,0.747905,0.8613682936698823,0.03393489246794223,,0.747905,0.03108300001031239,2.771778,1.900062215,0.65,1.0,0.7,0.7
balanced stable MOF candidates for general materials discovery,q4_balanced_discovery,44,SemanticOnly,3,qmof-fa0c5a7,Mn4C48H24O16,1|1|1|1,0.747905,0.8613682936698823,0.027638666785832756,,0.747905,0.03108300001031239,3.189239,1.840549994,0.65,1.0,0.7,0.7
balanced stable MOF candidates for general materials discovery,q4_balanced_discovery,44,SemanticOnly,4,qmof-f817326,MnC28H24N8O2S4,1|1|1|1,0.747905,0.8613682936698823,0.021752118113975944,,0.747905,0.03108300001031239,2.611263,1.406203617,0.65,1.0,0.7,0.7
balanced stable MOF candidates for general materials discovery,q4_balanced_discovery,44,SemanticOnly,5,qmof-f6a044d,Co2C28Cl4H12N8O8,1|1|1|1,0.747905,0.8613682936698823,0.03241463283107236,,0.747905,0.03108300001031239,1.573235,1.801880783,0.65,1.0,0.7,0.7
balanced stable MOF candidates for general materials discovery,q4_balanced_discovery,44,WeightedSum,1,qmof-e566fbb,Zn2C36H22N6O8,1|1|1|1,0.897905,0.8484455543377233,0.0,,0.897905,0.04487500001459921,2.93315,0.83426434,0.65,1.0,1.0,1.0
balanced stable MOF candidates for general materials discovery,q4_balanced_discovery,44,WeightedSum,2,qmof-cef46c3,Zn2C48H32N8O8,1|1|1|1,0.897905,0.8484455543377233,0.007206297341252901,,0.897905,0.04487500001459921,2.913296,0.7895211,0.65,1.0,1.0,1.0
balanced stable MOF candidates for general materials discovery,q4_balanced_discovery,44,WeightedSum,3,qmof-c0f392b,Zn2C44H38N6O12,1|1|1|1,0.897905,0.8484455543377233,0.012066926313604693,,0.897905,0.04487500001459921,2.464185,0.915527725,0.65,1.0,1.0,1.0
balanced stable MOF candidates for general materials discovery,q4_balanced_discovery,44,WeightedSum,4,qmof-ac6a77a,Zn4C76H44N8O16,1|1|1|1,0.897905,0.8484455543377233,0.018368560155257573,,0.897905,0.04487500001459921,2.401359,0.82887956,0.65,1.0,1.0,1.0
balanced stable MOF candidates for general materials discovery,q4_balanced_discovery,44,WeightedSum,5,qmof-a1a5849,Fe2C24H16N8,1|1|1|1,0.897905,0.8484455543377233,0.01962893153373782,,0.897905,0.04487500001459921,2.75343,0.925170256,0.65,1.0,1.0,1.0
balanced stable MOF candidates for general materials discovery,q4_balanced_discovery,44,TOPSIS,1,qmof-e566fbb,Zn2C36H22N6O8,1|1|1|1,0.897905,0.8484455543377233,0.0,,0.897905,0.9795830000030037,2.93315,0.83426434,0.65,1.0,1.0,1.0
balanced stable MOF candidates for general materials discovery,q4_balanced_discovery,44,TOPSIS,2,qmof-cef46c3,Zn2C48H32N8O8,1|1|1|1,0.897905,0.8484455543377233,0.007206297341252901,,0.897905,0.9795830000030037,2.913296,0.7895211,0.65,1.0,1.0,1.0
balanced stable MOF candidates for general materials discovery,q4_balanced_discovery,44,TOPSIS,3,qmof-c0f392b,Zn2C44H38N6O12,1|1|1|1,0.897905,0.8484455543377233,0.012066926313604693,,0.897905,0.9795830000030037,2.464185,0.915527725,0.65,1.0,1.0,1.0
balanced stable MOF candidates for general materials discovery,q4_balanced_discovery,44,TOPSIS,4,qmof-ac6a77a,Zn4C76H44N8O16,1|1|1|1,0.897905,0.8484455543377233,0.018368560155257573,,0.897905,0.9795830000030037,2.401359,0.82887956,0.65,1.0,1.0,1.0
balanced stable MOF candidates for general materials discovery,q4_balanced_discovery,44,TOPSIS,5,qmof-a1a5849,Fe2C24H16N8,1|1|1|1,0.897905,0.8484455543377233,0.01962893153373782,,0.897905,0.9795830000030037,2.75343,0.925170256,0.65,1.0,1.0,1.0
balanced stable MOF candidates for general materials discovery,q4_balanced_discovery,44,ParetoCrowding,1,qmof-ac6a77a,Zn4C76H44N8O16,1|1|1|1,0.897905,0.8484455543377233,0.0,,0.897905,207.0549579999863,2.401359,0.82887956,0.65,1.0,1.0,1.0
balanced stable MOF candidates for general materials discovery,q4_balanced_discovery,44,ParetoCrowding,2,qmof-235f291,Ni2C24H16N8,1|1|1|1,0.897905,0.8484455543377233,0.034389665755561766,,0.897905,207.0549579999863,3.336142,0.870801372,0.65,1.0,1.0,1.0
balanced stable MOF candidates for general materials discovery,q4_balanced_discovery,44,ParetoCrowding,3,qmof-a1a5849,Fe2C24H16N8,1|1|1|1,0.897905,0.8484455543377233,0.020759705451943382,,0.897905,207.0549579999863,2.75343,0.925170256,0.65,1.0,1.0,1.0
balanced stable MOF candidates for general materials discovery,q4_balanced_discovery,44,ParetoCrowding,4,qmof-cef46c3,Zn2C48H32N8O8,1|1|1|1,0.897905,0.8484455543377233,0.01736910650377117,,0.897905,207.0549579999863,2.913296,0.7895211,0.65,1.0,1.0,1.0
balanced stable MOF candidates for general materials discovery,q4_balanced_discovery,44,ParetoCrowding,5,qmof-e566fbb,Zn2C36H22N6O8,1|1|1|1,0.897905,0.8484455543377233,0.014192172434040837,,0.897905,207.0549579999863,2.93315,0.83426434,0.65,1.0,1.0,1.0
balanced stable MOF candidates for general materials discovery,q4_balanced_discovery,44,Random,1,qmof-c7cd5a3,Pb2C54H44N8O8,1|1|1|1,0.747905,0.8613682936698823,0.0,,0.747905,0.052541000002293003,2.976366,1.880995191,0.65,1.0,0.7,0.7
balanced stable MOF candidates for general materials discovery,q4_balanced_discovery,44,Random,2,qmof-f4d0642,Zn2C12H6N4O8,1|1|1|1,0.747905,0.8613682936698823,0.0298377085003054,,0.747905,0.052541000002293003,3.359948,1.833712471,0.65,1.0,0.7,0.7
balanced stable MOF candidates for general materials discovery,q4_balanced_discovery,44,Random,3,qmof-547262c,CoC32H26N10O6,1|1|1|1,0.747905,0.8613682936698823,0.019320649633185118,,0.747905,0.052541000002293003,3.483422,1.557403417,0.65,1.0,0.7,0.7
balanced stable MOF candidates for general materials discovery,q4_balanced_discovery,44,Random,4,qmof-cc4894a,Fe2Ni2C60H36N16O8,1|1|1|1,0.747905,0.8613682936698823,0.02780919218458651,,0.747905,0.052541000002293003,2.268126,1.550532287,0.65,1.0,0.7,0.7
balanced stable MOF candidates for general materials discovery,q4_balanced_discovery,44,Random,5,qmof-dc694ac,CuC18H16N6O12,1|1|1|1,0.747905,0.8613682936698823,0.02011627664030342,,0.747905,0.052541000002293003,2.939654,1.822464955,0.65,1.0,0.7,0.7
balanced stable MOF candidates for general materials discovery,q4_balanced_discovery,44,MMR,1,qmof-ac6a77a,Zn4C76H44N8O16,1|1|1|1,0.897905,0.8484455543377233,0.0,,0.897905,2127.421333000001,2.401359,0.82887956,0.65,1.0,1.0,1.0
balanced stable MOF candidates for general materials discovery,q4_balanced_discovery,44,MMR,2,qmof-235f291,Ni2C24H16N8,1|1|1|1,0.897905,0.8484455543377233,0.034389665755561766,,0.897905,2127.421333000001,3.336142,0.870801372,0.65,1.0,1.0,1.0
balanced stable MOF candidates for general materials discovery,q4_balanced_discovery,44,MMR,3,qmof-cef46c3,Zn2C48H32N8O8,1|1|1|1,0.897905,0.8484455543377233,0.017713750324831697,,0.897905,2127.421333000001,2.913296,0.7895211,0.65,1.0,1.0,1.0
balanced stable MOF candidates for general materials discovery,q4_balanced_discovery,44,MMR,4,qmof-a1a5849,Fe2C24H16N8,1|1|1|1,0.897905,0.8484455543377233,0.01939974325517896,,0.897905,2127.421333000001,2.75343,0.925170256,0.65,1.0,1.0,1.0
balanced stable MOF candidates for general materials discovery,q4_balanced_discovery,44,MMR,5,qmof-c0f392b,Zn2C44H38N6O12,1|1|1|1,0.897905,0.8484455543377233,0.01739443877487013,,0.897905,2127.421333000001,2.464185,0.915527725,0.65,1.0,1.0,1.0
balanced stable MOF candidates for general materials discovery,q4_balanced_discovery,44,LEA,1,qmof-ac6a77a,Zn4C76H44N8O16,1|1|1|1,0.897905,0.8484455543377233,0.0,,0.9827495554337723,83.43279099997858,2.401359,0.82887956,0.65,1.0,1.0,1.0
balanced stable MOF candidates for general materials discovery,q4_balanced_discovery,44,LEA,2,qmof-235f291,Ni2C24H16N8,1|1|1|1,0.897905,0.8484455543377233,0.034389665755561766,,0.9391632972403354,83.43279099997858,3.336142,0.870801372,0.65,1.0,1.0,1.0
balanced stable MOF candidates for general materials discovery,q4_balanced_discovery,44,LEA,3,qmof-a1a5849,Fe2C24H16N8,1|1|1|1,0.897905,0.8484455543377233,0.020759705451943382,,0.9390552945484092,83.43279099997858,2.75343,0.925170256,0.65,1.0,1.0,1.0
balanced stable MOF candidates for general materials discovery,q4_balanced_discovery,44,LEA,4,qmof-e566fbb,Zn2C36H22N6O8,1|1|1|1,0.897905,0.8484455543377233,0.01652079746497015,,0.9384675437277799,83.43279099997858,2.93315,0.83426434,0.65,1.0,1.0,1.0
balanced stable MOF candidates for general materials discovery,q4_balanced_discovery,44,LEA,5,qmof-13a76dd,Zn4C40H28N12O8,1|1|1|1,0.897905,0.8484455543377233,0.01691483423418043,,0.9381009430041349,83.43279099997858,3.309168,0.982716063,0.65,1.0,1.0,1.0
balanced stable MOF candidates for general materials discovery,q4_balanced_discovery,44,LEA no diversity,1,qmof-ac6a77a,Zn4C76H44N8O16,1|1|1|1,0.897905,0.8484455543377233,0.0,,0.9827495554337723,81.21675000001005,2.401359,0.82887956,0.65,1.0,1.0,1.0
balanced stable MOF candidates for general materials discovery,q4_balanced_discovery,44,LEA no diversity,2,qmof-235f291,Ni2C24H16N8,1|1|1|1,0.897905,0.8484455543377233,0.034389665755561766,,0.9348570013080976,81.21675000001005,3.336142,0.870801372,0.65,1.0,1.0,1.0
balanced stable MOF candidates for general materials discovery,q4_balanced_discovery,44,LEA no diversity,3,qmof-a1a5849,Fe2C24H16N8,1|1|1|1,0.897905,0.8484455543377233,0.020759705451943382,,0.934822017789977,81.21675000001005,2.75343,0.925170256,0.65,1.0,1.0,1.0
balanced stable MOF candidates for general materials discovery,q4_balanced_discovery,44,LEA no diversity,4,qmof-e566fbb,Zn2C36H22N6O8,1|1|1|1,0.897905,0.8484455543377233,0.01652079746497015,,0.9346313346891211,81.21675000001005,2.93315,0.83426434,0.65,1.0,1.0,1.0
balanced stable MOF candidates for general materials discovery,q4_balanced_discovery,44,LEA no diversity,5,qmof-13a76dd,Zn4C40H28N12O8,1|1|1|1,0.897905,0.8484455543377233,0.01691483423418043,,0.9345121399464151,81.21675000001005,3.309168,0.982716063,0.65,1.0,1.0,1.0
balanced stable MOF candidates for general materials discovery,q4_balanced_discovery,44,LEA no self-cleaning,1,qmof-ac6a77a,Zn4C76H44N8O16,1|1|1|1,0.897905,0.8484455543377233,0.0,,0.9827495554337723,81.23924999998167,2.401359,0.82887956,0.65,1.0,1.0,1.0
balanced stable MOF candidates for general materials discovery,q4_balanced_discovery,44,LEA no self-cleaning,2,qmof-235f291,Ni2C24H16N8,1|1|1|1,0.897905,0.8484455543377233,0.034389665755561766,,0.9391632972403354,81.23924999998167,3.336142,0.870801372,0.65,1.0,1.0,1.0
balanced stable MOF candidates for general materials discovery,q4_balanced_discovery,44,LEA no self-cleaning,3,qmof-a1a5849,Fe2C24H16N8,1|1|1|1,0.897905,0.8484455543377233,0.020759705451943382,,0.9390552945484092,81.23924999998167,2.75343,0.925170256,0.65,1.0,1.0,1.0
balanced stable MOF candidates for general materials discovery,q4_balanced_discovery,44,LEA no self-cleaning,4,qmof-e566fbb,Zn2C36H22N6O8,1|1|1|1,0.897905,0.8484455543377233,0.01652079746497015,,0.9384675437277799,81.23924999998167,2.93315,0.83426434,0.65,1.0,1.0,1.0
balanced stable MOF candidates for general materials discovery,q4_balanced_discovery,44,LEA no self-cleaning,5,qmof-13a76dd,Zn4C40H28N12O8,1|1|1|1,0.897905,0.8484455543377233,0.01691483423418043,,0.9381009430041349,81.23924999998167,3.309168,0.982716063,0.65,1.0,1.0,1.0
balanced stable MOF candidates for general materials discovery,q4_balanced_discovery,44,GraphSAGE only,1,qmof-235f291,Ni2C24H16N8,1|1|1|1,0.897905,0.8484455543377233,0.0,0.2626898971,0.897905,0.03654200000369201,3.336142,0.870801372,0.65,1.0,1.0,1.0
balanced stable MOF candidates for general materials discovery,q4_balanced_discovery,44,GraphSAGE only,2,qmof-a1a5849,Fe2C24H16N8,1|1|1|1,0.897905,0.8484455543377233,0.011319438610969042,0.2586122308,0.897905,0.03654200000369201,2.75343,0.925170256,0.65,1.0,1.0,1.0
balanced stable MOF candidates for general materials discovery,q4_balanced_discovery,44,GraphSAGE only,3,qmof-ac6a77a,Zn4C76H44N8O16,1|1|1|1,0.897905,0.8484455543377233,0.032294819024239745,0.2567529519189189,0.897905,0.03654200000369201,2.401359,0.82887956,0.65,1.0,1.0,1.0
balanced stable MOF candidates for general materials discovery,q4_balanced_discovery,44,GraphSAGE only,4,qmof-13a76dd,Zn4C40H28N12O8,1|1|1|1,0.897905,0.8484455543377233,0.01900433358340829,0.25673107788369565,0.897905,0.03654200000369201,3.309168,0.982716063,0.65,1.0,1.0,1.0
balanced stable MOF candidates for general materials discovery,q4_balanced_discovery,44,GraphSAGE only,5,qmof-e566fbb,Zn2C36H22N6O8,1|1|1|1,0.897905,0.8484455543377233,0.015052182145351823,0.2563490934189189,0.897905,0.03654200000369201,2.93315,0.83426434,0.65,1.0,1.0,1.0
balanced stable MOF candidates for general materials discovery,q4_balanced_discovery,44,GAT only,1,qmof-235f291,Ni2C24H16N8,1|1|1|1,0.897905,0.8484455543377233,0.0,0.41374343425000004,0.897905,0.03325000000131695,3.336142,0.870801372,0.65,1.0,1.0,1.0
balanced stable MOF candidates for general materials discovery,q4_balanced_discovery,44,GAT only,2,qmof-13a76dd,Zn4C40H28N12O8,1|1|1|1,0.897905,0.8484455543377233,0.01461054884391458,0.4066955434538043,0.897905,0.03325000000131695,3.309168,0.982716063,0.65,1.0,1.0,1.0
balanced stable MOF candidates for general materials discovery,q4_balanced_discovery,44,GAT only,3,qmof-e566fbb,Zn2C36H22N6O8,1|1|1|1,0.897905,0.8484455543377233,0.0123384947530898,0.38600964091216217,0.897905,0.03325000000131695,2.93315,0.83426434,0.65,1.0,1.0,1.0
balanced stable MOF candidates for general materials discovery,q4_balanced_discovery,44,GAT only,4,qmof-cef46c3,Zn2C48H32N8O8,1|1|1|1,0.897905,0.8484455543377233,0.01194176634097749,0.3846363647193877,0.897905,0.03325000000131695,2.913296,0.7895211,0.65,1.0,1.0,1.0
balanced stable MOF candidates for general materials discovery,q4_balanced_discovery,44,GAT only,5,qmof-a1a5849,Fe2C24H16N8,1|1|1|1,0.897905,0.8484455543377233,0.014550668299126329,0.375382659,0.897905,0.03325000000131695,2.75343,0.925170256,0.65,1.0,1.0,1.0
balanced stable MOF candidates for general materials discovery,q4_balanced_discovery,44,LEA + GraphSAGE,1,qmof-235f291,Ni2C24H16N8,1|1|1|1,0.897905,0.8484455543377233,0.0,0.2626898971,0.8733079759657986,84.21558300000243,3.336142,0.870801372,0.65,1.0,1.0,1.0
balanced stable MOF candidates for general materials discovery,q4_balanced_discovery,44,LEA + GraphSAGE,2,qmof-a1a5849,Fe2C24H16N8,1|1|1|1,0.897905,0.8484455543377233,0.011319438610969042,0.2586122308,0.8725516083256909,84.21558300000243,2.75343,0.925170256,0.65,1.0,1.0,1.0
balanced stable MOF candidates for general materials discovery,q4_balanced_discovery,44,LEA + GraphSAGE,3,qmof-ac6a77a,Zn4C76H44N8O16,1|1|1|1,0.897905,0.8484455543377233,0.032294819024239745,0.2567529519189189,0.872206666446936,84.21558300000243,2.401359,0.82887956,0.65,1.0,1.0,1.0
balanced stable MOF candidates for general materials discovery,q4_balanced_discovery,44,LEA + GraphSAGE,4,qmof-13a76dd,Zn4C40H28N12O8,1|1|1|1,0.897905,0.8484455543377233,0.01900433358340829,0.25673107788369565,0.8722026080408567,84.21558300000243,3.309168,0.982716063,0.65,1.0,1.0,1.0
balanced stable MOF candidates for general materials discovery,q4_balanced_discovery,44,LEA + GraphSAGE,5,qmof-e566fbb,Zn2C36H22N6O8,1|1|1|1,0.897905,0.8484455543377233,0.015052182145351823,0.2563490934189189,0.8721317355511468,84.21558300000243,2.93315,0.83426434,0.65,1.0,1.0,1.0
balanced stable MOF candidates for general materials discovery,q4_balanced_discovery,44,LEA + GAT,1,qmof-235f291,Ni2C24H16N8,1|1|1|1,0.897905,0.8484455543377233,0.0,0.41374343425000004,0.9011610018922696,86.72929200000112,3.336142,0.870801372,0.65,1.0,1.0,1.0
balanced stable MOF candidates for general materials discovery,q4_balanced_discovery,44,LEA + GAT,2,qmof-13a76dd,Zn4C40H28N12O8,1|1|1|1,0.897905,0.8484455543377233,0.01461054884391458,0.4066955434538043,0.8998701210407752,86.72929200000112,3.309168,0.982716063,0.65,1.0,1.0,1.0
balanced stable MOF candidates for general materials discovery,q4_balanced_discovery,44,LEA + GAT,3,qmof-e566fbb,Zn2C36H22N6O8,1|1|1|1,0.897905,0.8484455543377233,0.0123384947530898,0.38600964091216217,0.8960755896858646,86.72929200000112,2.93315,0.83426434,0.65,1.0,1.0,1.0
balanced stable MOF candidates for general materials discovery,q4_balanced_discovery,44,LEA + GAT,4,qmof-cef46c3,Zn2C48H32N8O8,1|1|1|1,0.897905,0.8484455543377233,0.01194176634097749,0.3846363647193877,0.8958233909136354,86.72929200000112,2.913296,0.7895211,0.65,1.0,1.0,1.0
balanced stable MOF candidates for general materials discovery,q4_balanced_discovery,44,LEA + GAT,5,qmof-a1a5849,Fe2C24H16N8,1|1|1|1,0.897905,0.8484455543377233,0.014550668299126329,0.375382659,0.8941230652286947,86.72929200000112,2.75343,0.925170256,0.65,1.0,1.0,1.0
balanced stable MOF candidates for general materials discovery,q4_balanced_discovery,45,SemanticOnly,1,qmof-fcd2fa6,Zn2C32Cl2H20N6O4,1|1|1|1,0.747905,0.8613682936698823,0.0,,0.747905,0.034040999992157595,3.429146,1.857717594,0.65,1.0,0.7,0.7
balanced stable MOF candidates for general materials discovery,q4_balanced_discovery,45,SemanticOnly,2,qmof-fc5343a,Cd2C48H36N8O12,1|1|1|1,0.747905,0.8613682936698823,0.0156684964433662,,0.747905,0.034040999992157595,3.124348,1.661271975,0.65,1.0,0.7,0.7
balanced stable MOF candidates for general materials discovery,q4_balanced_discovery,45,SemanticOnly,3,qmof-f9909c4,Cu6C72H48N24,1|1|1|1,0.747905,0.8613682936698823,0.028408233541931345,,0.747905,0.034040999992157595,2.363119,1.498605893,0.65,1.0,0.7,0.7
balanced stable MOF candidates for general materials discovery,q4_balanced_discovery,45,SemanticOnly,4,qmof-f5a8443,Cu4Br4C34H28N2P2,1|1|1|1,0.747905,0.8613682936698823,0.023120952867313704,,0.747905,0.034040999992157595,2.480035,1.948788846,0.65,1.0,0.7,0.7
balanced stable MOF candidates for general materials discovery,q4_balanced_discovery,45,SemanticOnly,5,qmof-f4cb7a6,Cu4C24H24N16,1|1|1|1,0.747905,0.8613682936698823,0.021531336816447807,,0.747905,0.034040999992157595,3.007004,1.833840637,0.65,1.0,0.7,0.7
balanced stable MOF candidates for general materials discovery,q4_balanced_discovery,45,WeightedSum,1,qmof-e566fbb,Zn2C36H22N6O8,1|1|1|1,0.897905,0.8484455543377233,0.0,,0.897905,0.04425000000196633,2.93315,0.83426434,0.65,1.0,1.0,1.0
balanced stable MOF candidates for general materials discovery,q4_balanced_discovery,45,WeightedSum,2,qmof-cef46c3,Zn2C48H32N8O8,1|1|1|1,0.897905,0.8484455543377233,0.007206297341252901,,0.897905,0.04425000000196633,2.913296,0.7895211,0.65,1.0,1.0,1.0
balanced stable MOF candidates for general materials discovery,q4_balanced_discovery,45,WeightedSum,3,qmof-c0f392b,Zn2C44H38N6O12,1|1|1|1,0.897905,0.8484455543377233,0.012066926313604693,,0.897905,0.04425000000196633,2.464185,0.915527725,0.65,1.0,1.0,1.0
balanced stable MOF candidates for general materials discovery,q4_balanced_discovery,45,WeightedSum,4,qmof-ac6a77a,Zn4C76H44N8O16,1|1|1|1,0.897905,0.8484455543377233,0.018368560155257573,,0.897905,0.04425000000196633,2.401359,0.82887956,0.65,1.0,1.0,1.0
balanced stable MOF candidates for general materials discovery,q4_balanced_discovery,45,WeightedSum,5,qmof-a1a5849,Fe2C24H16N8,1|1|1|1,0.897905,0.8484455543377233,0.01962893153373782,,0.897905,0.04425000000196633,2.75343,0.925170256,0.65,1.0,1.0,1.0
balanced stable MOF candidates for general materials discovery,q4_balanced_discovery,45,TOPSIS,1,qmof-e566fbb,Zn2C36H22N6O8,1|1|1|1,0.897905,0.8484455543377233,0.0,,0.897905,0.9793330000036349,2.93315,0.83426434,0.65,1.0,1.0,1.0
balanced stable MOF candidates for general materials discovery,q4_balanced_discovery,45,TOPSIS,2,qmof-cef46c3,Zn2C48H32N8O8,1|1|1|1,0.897905,0.8484455543377233,0.007206297341252901,,0.897905,0.9793330000036349,2.913296,0.7895211,0.65,1.0,1.0,1.0
balanced stable MOF candidates for general materials discovery,q4_balanced_discovery,45,TOPSIS,3,qmof-c0f392b,Zn2C44H38N6O12,1|1|1|1,0.897905,0.8484455543377233,0.012066926313604693,,0.897905,0.9793330000036349,2.464185,0.915527725,0.65,1.0,1.0,1.0
balanced stable MOF candidates for general materials discovery,q4_balanced_discovery,45,TOPSIS,4,qmof-ac6a77a,Zn4C76H44N8O16,1|1|1|1,0.897905,0.8484455543377233,0.018368560155257573,,0.897905,0.9793330000036349,2.401359,0.82887956,0.65,1.0,1.0,1.0
balanced stable MOF candidates for general materials discovery,q4_balanced_discovery,45,TOPSIS,5,qmof-a1a5849,Fe2C24H16N8,1|1|1|1,0.897905,0.8484455543377233,0.01962893153373782,,0.897905,0.9793330000036349,2.75343,0.925170256,0.65,1.0,1.0,1.0
balanced stable MOF candidates for general materials discovery,q4_balanced_discovery,45,ParetoCrowding,1,qmof-ac6a77a,Zn4C76H44N8O16,1|1|1|1,0.897905,0.8484455543377233,0.0,,0.897905,202.19704199999455,2.401359,0.82887956,0.65,1.0,1.0,1.0
balanced stable MOF candidates for general materials discovery,q4_balanced_discovery,45,ParetoCrowding,2,qmof-235f291,Ni2C24H16N8,1|1|1|1,0.897905,0.8484455543377233,0.034389665755561766,,0.897905,202.19704199999455,3.336142,0.870801372,0.65,1.0,1.0,1.0
balanced stable MOF candidates for general materials discovery,q4_balanced_discovery,45,ParetoCrowding,3,qmof-a1a5849,Fe2C24H16N8,1|1|1|1,0.897905,0.8484455543377233,0.020759705451943382,,0.897905,202.19704199999455,2.75343,0.925170256,0.65,1.0,1.0,1.0
balanced stable MOF candidates for general materials discovery,q4_balanced_discovery,45,ParetoCrowding,4,qmof-cef46c3,Zn2C48H32N8O8,1|1|1|1,0.897905,0.8484455543377233,0.01736910650377117,,0.897905,202.19704199999455,2.913296,0.7895211,0.65,1.0,1.0,1.0
balanced stable MOF candidates for general materials discovery,q4_balanced_discovery,45,ParetoCrowding,5,qmof-e566fbb,Zn2C36H22N6O8,1|1|1|1,0.897905,0.8484455543377233,0.014192172434040837,,0.897905,202.19704199999455,2.93315,0.83426434,0.65,1.0,1.0,1.0
balanced stable MOF candidates for general materials discovery,q4_balanced_discovery,45,Random,1,qmof-317089d,K2C34H44N6O12,1|1|1|1,0.747905,0.8613682936698823,0.0,,0.747905,0.04304099999785649,2.134918,1.478725531,0.65,1.0,0.7,0.7
balanced stable MOF candidates for general materials discovery,q4_balanced_discovery,45,Random,2,qmof-e05c142,Cu2C22Cl4H16N4O2,1|1|1|1,0.747905,0.8613682936698823,0.028337089994600956,,0.747905,0.04304099999785649,3.048689,1.893438425,0.65,1.0,0.7,0.7
balanced stable MOF candidates for general materials discovery,q4_balanced_discovery,45,Random,3,qmof-a1a5849,Fe2C24H16N8,1|1|1|1,0.897905,0.8484455543377233,0.030044225276726493,,0.897905,0.04304099999785649,2.75343,0.925170256,0.65,1.0,1.0,1.0
balanced stable MOF candidates for general materials discovery,q4_balanced_discovery,45,Random,4,qmof-edbe499,CuC26H22N6O6,1|1|1|1,0.747905,0.8613682936698823,0.01819830563161497,,0.747905,0.04304099999785649,2.878612,1.54123802,0.65,1.0,0.7,0.7
balanced stable MOF candidates for general materials discovery,q4_balanced_discovery,45,Random,5,qmof-66698de,Cu8C32H32N16,1|1|1|1,0.747905,0.8613682936698823,0.023387390881842482,,0.747905,0.04304099999785649,2.464564,1.946604641,0.65,1.0,0.7,0.7
balanced stable MOF candidates for general materials discovery,q4_balanced_discovery,45,MMR,1,qmof-cef46c3,Zn2C48H32N8O8,1|1|1|1,0.897905,0.8484455543377233,0.0,,0.897905,2080.940708000014,2.913296,0.7895211,0.65,1.0,1.0,1.0
balanced stable MOF candidates for general materials discovery,q4_balanced_discovery,45,MMR,2,qmof-235f291,Ni2C24H16N8,1|1|1|1,0.897905,0.8484455543377233,0.018065800783527982,,0.897905,2080.940708000014,3.336142,0.870801372,0.65,1.0,1.0,1.0
balanced stable MOF candidates for general materials discovery,q4_balanced_discovery,45,MMR,3,qmof-ac6a77a,Zn4C76H44N8O16,1|1|1|1,0.897905,0.8484455543377233,0.025875682810848587,,0.897905,2080.940708000014,2.401359,0.82887956,0.65,1.0,1.0,1.0
balanced stable MOF candidates for general materials discovery,q4_balanced_discovery,45,MMR,4,qmof-a1a5849,Fe2C24H16N8,1|1|1|1,0.897905,0.8484455543377233,0.01939974325517896,,0.897905,2080.940708000014,2.75343,0.925170256,0.65,1.0,1.0,1.0
balanced stable MOF candidates for general materials discovery,q4_balanced_discovery,45,MMR,5,qmof-c0f392b,Zn2C44H38N6O12,1|1|1|1,0.897905,0.8484455543377233,0.01739443877487013,,0.897905,2080.940708000014,2.464185,0.915527725,0.65,1.0,1.0,1.0
balanced stable MOF candidates for general materials discovery,q4_balanced_discovery,45,LEA,1,qmof-cef46c3,Zn2C48H32N8O8,1|1|1|1,0.897905,0.8484455543377233,0.0,,0.9827495554337723,84.00950000000762,2.913296,0.7895211,0.65,1.0,1.0,1.0
balanced stable MOF candidates for general materials discovery,q4_balanced_discovery,45,LEA,2,qmof-ac6a77a,Zn4C76H44N8O16,1|1|1|1,0.897905,0.8484455543377233,0.01736169986613541,,0.9375924956135127,84.00950000000762,2.401359,0.82887956,0.65,1.0,1.0,1.0
balanced stable MOF candidates for general materials discovery,q4_balanced_discovery,45,LEA,3,qmof-c0f392b,Zn2C44H38N6O12,1|1|1|1,0.897905,0.8484455543377233,0.012649875790295608,,0.9363604233243481,84.00950000000762,2.464185,0.915527725,0.65,1.0,1.0,1.0
balanced stable MOF candidates for general materials discovery,q4_balanced_discovery,45,LEA,4,qmof-a1a5849,Fe2C24H16N8,1|1|1|1,0.897905,0.8484455543377233,0.02204254008530995,,0.9360301759298706,84.00950000000762,2.75343,0.925170256,0.65,1.0,1.0,1.0
balanced stable MOF candidates for general materials discovery,q4_balanced_discovery,45,LEA,5,qmof-235f291,Ni2C24H16N8,1|1|1|1,0.897905,0.8484455543377233,0.022201269891896525,,0.9356581403502537,84.00950000000762,3.336142,0.870801372,0.65,1.0,1.0,1.0
balanced stable MOF candidates for general materials discovery,q4_balanced_discovery,45,LEA no diversity,1,qmof-cef46c3,Zn2C48H32N8O8,1|1|1|1,0.897905,0.8484455543377233,0.0,,0.9827495554337723,87.33020799999736,2.913296,0.7895211,0.65,1.0,1.0,1.0
balanced stable MOF candidates for general materials discovery,q4_balanced_discovery,45,LEA no diversity,2,qmof-ac6a77a,Zn4C76H44N8O16,1|1|1|1,0.897905,0.8484455543377233,0.01736169986613541,,0.9343464964524935,87.33020799999736,2.401359,0.82887956,0.65,1.0,1.0,1.0
balanced stable MOF candidates for general materials discovery,q4_balanced_discovery,45,LEA no diversity,3,qmof-c0f392b,Zn2C44H38N6O12,1|1|1|1,0.897905,0.8484455543377233,0.012649875790295608,,0.9339435203262997,87.33020799999736,2.464185,0.915527725,0.65,1.0,1.0,1.0
balanced stable MOF candidates for general materials discovery,q4_balanced_discovery,45,LEA no diversity,4,qmof-a1a5849,Fe2C24H16N8,1|1|1|1,0.897905,0.8484455543377233,0.02204254008530995,,0.9338351236109785,87.33020799999736,2.75343,0.925170256,0.65,1.0,1.0,1.0
balanced stable MOF candidates for general materials discovery,q4_balanced_discovery,45,LEA no diversity,5,qmof-235f291,Ni2C24H16N8,1|1|1|1,0.897905,0.8484455543377233,0.022201269891896525,,0.933712817302932,87.33020799999736,3.336142,0.870801372,0.65,1.0,1.0,1.0
balanced stable MOF candidates for general materials discovery,q4_balanced_discovery,45,LEA no self-cleaning,1,qmof-cef46c3,Zn2C48H32N8O8,1|1|1|1,0.897905,0.8484455543377233,0.0,,0.9827495554337723,86.11199999998576,2.913296,0.7895211,0.65,1.0,1.0,1.0
balanced stable MOF candidates for general materials discovery,q4_balanced_discovery,45,LEA no self-cleaning,2,qmof-ac6a77a,Zn4C76H44N8O16,1|1|1|1,0.897905,0.8484455543377233,0.01736169986613541,,0.9375924956135127,86.11199999998576,2.401359,0.82887956,0.65,1.0,1.0,1.0
balanced stable MOF candidates for general materials discovery,q4_balanced_discovery,45,LEA no self-cleaning,3,qmof-c0f392b,Zn2C44H38N6O12,1|1|1|1,0.897905,0.8484455543377233,0.012649875790295608,,0.9363604233243481,86.11199999998576,2.464185,0.915527725,0.65,1.0,1.0,1.0
balanced stable MOF candidates for general materials discovery,q4_balanced_discovery,45,LEA no self-cleaning,4,qmof-a1a5849,Fe2C24H16N8,1|1|1|1,0.897905,0.8484455543377233,0.02204254008530995,,0.9360301759298706,86.11199999998576,2.75343,0.925170256,0.65,1.0,1.0,1.0
balanced stable MOF candidates for general materials discovery,q4_balanced_discovery,45,LEA no self-cleaning,5,qmof-235f291,Ni2C24H16N8,1|1|1|1,0.897905,0.8484455543377233,0.022201269891896525,,0.9356581403502537,86.11199999998576,3.336142,0.870801372,0.65,1.0,1.0,1.0
balanced stable MOF candidates for general materials discovery,q4_balanced_discovery,45,GraphSAGE only,1,qmof-235f291,Ni2C24H16N8,1|1|1|1,0.897905,0.8484455543377233,0.0,0.2626898971,0.897905,0.03679099998521451,3.336142,0.870801372,0.65,1.0,1.0,1.0
balanced stable MOF candidates for general materials discovery,q4_balanced_discovery,45,GraphSAGE only,2,qmof-a1a5849,Fe2C24H16N8,1|1|1|1,0.897905,0.8484455543377233,0.011319438610969042,0.2586122308,0.897905,0.03679099998521451,2.75343,0.925170256,0.65,1.0,1.0,1.0
balanced stable MOF candidates for general materials discovery,q4_balanced_discovery,45,GraphSAGE only,3,qmof-ac6a77a,Zn4C76H44N8O16,1|1|1|1,0.897905,0.8484455543377233,0.032294819024239745,0.2567529519189189,0.897905,0.03679099998521451,2.401359,0.82887956,0.65,1.0,1.0,1.0
balanced stable MOF candidates for general materials discovery,q4_balanced_discovery,45,GraphSAGE only,4,qmof-13a76dd,Zn4C40H28N12O8,1|1|1|1,0.897905,0.8484455543377233,0.01900433358340829,0.25673107788369565,0.897905,0.03679099998521451,3.309168,0.982716063,0.65,1.0,1.0,1.0
balanced stable MOF candidates for general materials discovery,q4_balanced_discovery,45,GraphSAGE only,5,qmof-e566fbb,Zn2C36H22N6O8,1|1|1|1,0.897905,0.8484455543377233,0.015052182145351823,0.2563490934189189,0.897905,0.03679099998521451,2.93315,0.83426434,0.65,1.0,1.0,1.0
balanced stable MOF candidates for general materials discovery,q4_balanced_discovery,45,GAT only,1,qmof-235f291,Ni2C24H16N8,1|1|1|1,0.897905,0.8484455543377233,0.0,0.41374343425000004,0.897905,0.0333749999867905,3.336142,0.870801372,0.65,1.0,1.0,1.0
balanced stable MOF candidates for general materials discovery,q4_balanced_discovery,45,GAT only,2,qmof-13a76dd,Zn4C40H28N12O8,1|1|1|1,0.897905,0.8484455543377233,0.01461054884391458,0.4066955434538043,0.897905,0.0333749999867905,3.309168,0.982716063,0.65,1.0,1.0,1.0
balanced stable MOF candidates for general materials discovery,q4_balanced_discovery,45,GAT only,3,qmof-e566fbb,Zn2C36H22N6O8,1|1|1|1,0.897905,0.8484455543377233,0.0123384947530898,0.38600964091216217,0.897905,0.0333749999867905,2.93315,0.83426434,0.65,1.0,1.0,1.0
balanced stable MOF candidates for general materials discovery,q4_balanced_discovery,45,GAT only,4,qmof-cef46c3,Zn2C48H32N8O8,1|1|1|1,0.897905,0.8484455543377233,0.01194176634097749,0.3846363647193877,0.897905,0.0333749999867905,2.913296,0.7895211,0.65,1.0,1.0,1.0
balanced stable MOF candidates for general materials discovery,q4_balanced_discovery,45,GAT only,5,qmof-a1a5849,Fe2C24H16N8,1|1|1|1,0.897905,0.8484455543377233,0.014550668299126329,0.375382659,0.897905,0.0333749999867905,2.75343,0.925170256,0.65,1.0,1.0,1.0
balanced stable MOF candidates for general materials discovery,q4_balanced_discovery,45,LEA + GraphSAGE,1,qmof-235f291,Ni2C24H16N8,1|1|1|1,0.897905,0.8484455543377233,0.0,0.2626898971,0.8733079759657986,85.515958000002,3.336142,0.870801372,0.65,1.0,1.0,1.0
balanced stable MOF candidates for general materials discovery,q4_balanced_discovery,45,LEA + GraphSAGE,2,qmof-a1a5849,Fe2C24H16N8,1|1|1|1,0.897905,0.8484455543377233,0.011319438610969042,0.2586122308,0.8725516083256909,85.515958000002,2.75343,0.925170256,0.65,1.0,1.0,1.0
balanced stable MOF candidates for general materials discovery,q4_balanced_discovery,45,LEA + GraphSAGE,3,qmof-ac6a77a,Zn4C76H44N8O16,1|1|1|1,0.897905,0.8484455543377233,0.032294819024239745,0.2567529519189189,0.872206666446936,85.515958000002,2.401359,0.82887956,0.65,1.0,1.0,1.0
balanced stable MOF candidates for general materials discovery,q4_balanced_discovery,45,LEA + GraphSAGE,4,qmof-13a76dd,Zn4C40H28N12O8,1|1|1|1,0.897905,0.8484455543377233,0.01900433358340829,0.25673107788369565,0.8722026080408567,85.515958000002,3.309168,0.982716063,0.65,1.0,1.0,1.0
balanced stable MOF candidates for general materials discovery,q4_balanced_discovery,45,LEA + GraphSAGE,5,qmof-e566fbb,Zn2C36H22N6O8,1|1|1|1,0.897905,0.8484455543377233,0.015052182145351823,0.2563490934189189,0.8721317355511468,85.515958000002,2.93315,0.83426434,0.65,1.0,1.0,1.0
balanced stable MOF candidates for general materials discovery,q4_balanced_discovery,45,LEA + GAT,1,qmof-235f291,Ni2C24H16N8,1|1|1|1,0.897905,0.8484455543377233,0.0,0.41374343425000004,0.9011610018922696,83.8705829999924,3.336142,0.870801372,0.65,1.0,1.0,1.0
balanced stable MOF candidates for general materials discovery,q4_balanced_discovery,45,LEA + GAT,2,qmof-13a76dd,Zn4C40H28N12O8,1|1|1|1,0.897905,0.8484455543377233,0.01461054884391458,0.4066955434538043,0.8998701210407752,83.8705829999924,3.309168,0.982716063,0.65,1.0,1.0,1.0
balanced stable MOF candidates for general materials discovery,q4_balanced_discovery,45,LEA + GAT,3,qmof-e566fbb,Zn2C36H22N6O8,1|1|1|1,0.897905,0.8484455543377233,0.0123384947530898,0.38600964091216217,0.8960755896858646,83.8705829999924,2.93315,0.83426434,0.65,1.0,1.0,1.0
balanced stable MOF candidates for general materials discovery,q4_balanced_discovery,45,LEA + GAT,4,qmof-cef46c3,Zn2C48H32N8O8,1|1|1|1,0.897905,0.8484455543377233,0.01194176634097749,0.3846363647193877,0.8958233909136354,83.8705829999924,2.913296,0.7895211,0.65,1.0,1.0,1.0
balanced stable MOF candidates for general materials discovery,q4_balanced_discovery,45,LEA + GAT,5,qmof-a1a5849,Fe2C24H16N8,1|1|1|1,0.897905,0.8484455543377233,0.014550668299126329,0.375382659,0.8941230652286947,83.8705829999924,2.75343,0.925170256,0.65,1.0,1.0,1.0
balanced stable MOF candidates for general materials discovery,q4_balanced_discovery,46,SemanticOnly,1,qmof-fd1f953,Cu2C26H18N6O8,1|1|1|1,0.747905,0.8613682936698823,0.0,,0.747905,0.031042000017578175,2.532128,1.868987904,0.65,1.0,0.7,0.7
balanced stable MOF candidates for general materials discovery,q4_balanced_discovery,46,SemanticOnly,2,qmof-f837f30,CuC40H24N6O6,1|1|1|1,0.747905,0.8613682936698823,0.01461151635314715,,0.747905,0.031042000017578175,2.84042,1.493300786,0.65,1.0,0.7,0.7
balanced stable MOF candidates for general materials discovery,q4_balanced_discovery,46,SemanticOnly,3,qmof-f5c5269,Gd2C30H24N12O24,1|1|1|1,0.747905,0.8613682936698823,0.022552827517649275,,0.747905,0.031042000017578175,3.495222,1.839046498,0.65,1.0,0.7,0.7
balanced stable MOF candidates for general materials discovery,q4_balanced_discovery,46,SemanticOnly,4,qmof-f05d7d8,Ag4C56H48N12O28,1|1|1|1,0.747905,0.8613682936698823,0.02393348368400927,,0.747905,0.031042000017578175,3.040059,1.917972737,0.65,1.0,0.7,0.7
balanced stable MOF candidates for general materials discovery,q4_balanced_discovery,46,SemanticOnly,5,qmof-edd85aa,ZnC28H26N2O10S2,1|1|1|1,0.747905,0.8613682936698823,0.01707701565646932,,0.747905,0.031042000017578175,2.845507,1.669422351,0.65,1.0,0.7,0.7
balanced stable MOF candidates for general materials discovery,q4_balanced_discovery,46,WeightedSum,1,qmof-e566fbb,Zn2C36H22N6O8,1|1|1|1,0.897905,0.8484455543377233,0.0,,0.897905,0.04416699999865159,2.93315,0.83426434,0.65,1.0,1.0,1.0
balanced stable MOF candidates for general materials discovery,q4_balanced_discovery,46,WeightedSum,2,qmof-cef46c3,Zn2C48H32N8O8,1|1|1|1,0.897905,0.8484455543377233,0.007206297341252901,,0.897905,0.04416699999865159,2.913296,0.7895211,0.65,1.0,1.0,1.0
balanced stable MOF candidates for general materials discovery,q4_balanced_discovery,46,WeightedSum,3,qmof-c0f392b,Zn2C44H38N6O12,1|1|1|1,0.897905,0.8484455543377233,0.012066926313604693,,0.897905,0.04416699999865159,2.464185,0.915527725,0.65,1.0,1.0,1.0
balanced stable MOF candidates for general materials discovery,q4_balanced_discovery,46,WeightedSum,4,qmof-ac6a77a,Zn4C76H44N8O16,1|1|1|1,0.897905,0.8484455543377233,0.018368560155257573,,0.897905,0.04416699999865159,2.401359,0.82887956,0.65,1.0,1.0,1.0
balanced stable MOF candidates for general materials discovery,q4_balanced_discovery,46,WeightedSum,5,qmof-a1a5849,Fe2C24H16N8,1|1|1|1,0.897905,0.8484455543377233,0.01962893153373782,,0.897905,0.04416699999865159,2.75343,0.925170256,0.65,1.0,1.0,1.0
balanced stable MOF candidates for general materials discovery,q4_balanced_discovery,46,TOPSIS,1,qmof-e566fbb,Zn2C36H22N6O8,1|1|1|1,0.897905,0.8484455543377233,0.0,,0.897905,0.9903749999864431,2.93315,0.83426434,0.65,1.0,1.0,1.0
balanced stable MOF candidates for general materials discovery,q4_balanced_discovery,46,TOPSIS,2,qmof-cef46c3,Zn2C48H32N8O8,1|1|1|1,0.897905,0.8484455543377233,0.007206297341252901,,0.897905,0.9903749999864431,2.913296,0.7895211,0.65,1.0,1.0,1.0
balanced stable MOF candidates for general materials discovery,q4_balanced_discovery,46,TOPSIS,3,qmof-c0f392b,Zn2C44H38N6O12,1|1|1|1,0.897905,0.8484455543377233,0.012066926313604693,,0.897905,0.9903749999864431,2.464185,0.915527725,0.65,1.0,1.0,1.0
balanced stable MOF candidates for general materials discovery,q4_balanced_discovery,46,TOPSIS,4,qmof-ac6a77a,Zn4C76H44N8O16,1|1|1|1,0.897905,0.8484455543377233,0.018368560155257573,,0.897905,0.9903749999864431,2.401359,0.82887956,0.65,1.0,1.0,1.0
balanced stable MOF candidates for general materials discovery,q4_balanced_discovery,46,TOPSIS,5,qmof-a1a5849,Fe2C24H16N8,1|1|1|1,0.897905,0.8484455543377233,0.01962893153373782,,0.897905,0.9903749999864431,2.75343,0.925170256,0.65,1.0,1.0,1.0
balanced stable MOF candidates for general materials discovery,q4_balanced_discovery,46,ParetoCrowding,1,qmof-ac6a77a,Zn4C76H44N8O16,1|1|1|1,0.897905,0.8484455543377233,0.0,,0.897905,211.205791999987,2.401359,0.82887956,0.65,1.0,1.0,1.0
balanced stable MOF candidates for general materials discovery,q4_balanced_discovery,46,ParetoCrowding,2,qmof-235f291,Ni2C24H16N8,1|1|1|1,0.897905,0.8484455543377233,0.034389665755561766,,0.897905,211.205791999987,3.336142,0.870801372,0.65,1.0,1.0,1.0
balanced stable MOF candidates for general materials discovery,q4_balanced_discovery,46,ParetoCrowding,3,qmof-a1a5849,Fe2C24H16N8,1|1|1|1,0.897905,0.8484455543377233,0.020759705451943382,,0.897905,211.205791999987,2.75343,0.925170256,0.65,1.0,1.0,1.0
balanced stable MOF candidates for general materials discovery,q4_balanced_discovery,46,ParetoCrowding,4,qmof-cef46c3,Zn2C48H32N8O8,1|1|1|1,0.897905,0.8484455543377233,0.01736910650377117,,0.897905,211.205791999987,2.913296,0.7895211,0.65,1.0,1.0,1.0
balanced stable MOF candidates for general materials discovery,q4_balanced_discovery,46,ParetoCrowding,5,qmof-e566fbb,Zn2C36H22N6O8,1|1|1|1,0.897905,0.8484455543377233,0.014192172434040837,,0.897905,211.205791999987,2.93315,0.83426434,0.65,1.0,1.0,1.0
balanced stable MOF candidates for general materials discovery,q4_balanced_discovery,46,Random,1,qmof-d203083,Cd3C70Cl2H50N14O8,1|1|1|1,0.747905,0.8613682936698823,0.0,,0.747905,0.05029100000797371,3.402526,1.406723944,0.65,1.0,0.7,0.7
balanced stable MOF candidates for general materials discovery,q4_balanced_discovery,46,Random,2,qmof-2290d6d,Li4C12H12O12,1|1|1|1,0.747905,0.8613682936698823,0.04281248460746108,,0.747905,0.05029100000797371,2.397141,1.74780427,0.65,1.0,0.7,0.7
balanced stable MOF candidates for general materials discovery,q4_balanced_discovery,46,Random,3,qmof-6aa9860,CdC46H28N8O6,1|1|1|1,0.747905,0.8613682936698823,0.025192539125135575,,0.747905,0.05029100000797371,2.61821,1.681610758,0.65,1.0,0.7,0.7
balanced stable MOF candidates for general materials discovery,q4_balanced_discovery,46,Random,4,qmof-e951f69,Cu4C28Cl4H36N8S4,1|1|1|1,0.747905,0.8613682936698823,0.026714638865221147,,0.747905,0.05029100000797371,2.163566,1.902524839,0.65,1.0,0.7,0.7
balanced stable MOF candidates for general materials discovery,q4_balanced_discovery,46,Random,5,qmof-f05d7d8,Ag4C56H48N12O28,1|1|1|1,0.747905,0.8613682936698823,0.026530230669534586,,0.747905,0.05029100000797371,3.040059,1.917972737,0.65,1.0,0.7,0.7
balanced stable MOF candidates for general materials discovery,q4_balanced_discovery,46,MMR,1,qmof-e566fbb,Zn2C36H22N6O8,1|1|1|1,0.897905,0.8484455543377233,0.0,,0.897905,2058.771500000006,2.93315,0.83426434,0.65,1.0,1.0,1.0
balanced stable MOF candidates for general materials discovery,q4_balanced_discovery,46,MMR,2,qmof-ac6a77a,Zn4C76H44N8O16,1|1|1|1,0.897905,0.8484455543377233,0.02314363319620626,,0.897905,2058.771500000006,2.401359,0.82887956,0.65,1.0,1.0,1.0
balanced stable MOF candidates for general materials discovery,q4_balanced_discovery,46,MMR,3,qmof-235f291,Ni2C24H16N8,1|1|1|1,0.897905,0.8484455543377233,0.02421015953762226,,0.897905,2058.771500000006,3.336142,0.870801372,0.65,1.0,1.0,1.0
balanced stable MOF candidates for general materials discovery,q4_balanced_discovery,46,MMR,4,qmof-c0f392b,Zn2C44H38N6O12,1|1|1|1,0.897905,0.8484455543377233,0.017688323423669192,,0.897905,2058.771500000006,2.464185,0.915527725,0.65,1.0,1.0,1.0
balanced stable MOF candidates for general materials discovery,q4_balanced_discovery,46,MMR,5,qmof-a1a5849,Fe2C24H16N8,1|1|1|1,0.897905,0.8484455543377233,0.018288836471067552,,0.897905,2058.771500000006,2.75343,0.925170256,0.65,1.0,1.0,1.0
balanced stable MOF candidates for general materials discovery,q4_balanced_discovery,46,LEA,1,qmof-e566fbb,Zn2C36H22N6O8,1|1|1|1,0.897905,0.8484455543377233,0.0,,0.9827495554337723,87.1852919999867,2.93315,0.83426434,0.65,1.0,1.0,1.0
balanced stable MOF candidates for general materials discovery,q4_balanced_discovery,46,LEA,2,qmof-ac6a77a,Zn4C76H44N8O16,1|1|1|1,0.897905,0.8484455543377233,0.02314363319620626,,0.9385034290428416,87.1852919999867,2.401359,0.82887956,0.65,1.0,1.0,1.0
balanced stable MOF candidates for general materials discovery,q4_balanced_discovery,46,LEA,3,qmof-c0f392b,Zn2C44H38N6O12,1|1|1|1,0.897905,0.8484455543377233,0.01401739792674014,,0.9375979114825275,87.1852919999867,2.464185,0.915527725,0.65,1.0,1.0,1.0
balanced stable MOF candidates for general materials discovery,q4_balanced_discovery,46,LEA,4,qmof-a1a5849,Fe2C24H16N8,1|1|1|1,0.897905,0.8484455543377233,0.02061196909110039,,0.9374415285245143,87.1852919999867,2.75343,0.925170256,0.65,1.0,1.0,1.0
balanced stable MOF candidates for general materials discovery,q4_balanced_discovery,46,LEA,5,qmof-235f291,Ni2C24H16N8,1|1|1|1,0.897905,0.8484455543377233,0.021192483025935217,,0.9371927472140903,87.1852919999867,3.336142,0.870801372,0.65,1.0,1.0,1.0
balanced stable MOF candidates for general materials discovery,q4_balanced_discovery,46,LEA no diversity,1,qmof-e566fbb,Zn2C36H22N6O8,1|1|1|1,0.897905,0.8484455543377233,0.0,,0.9827495554337723,105.15025000000833,2.93315,0.83426434,0.65,1.0,1.0,1.0
balanced stable MOF candidates for general materials discovery,q4_balanced_discovery,46,LEA no diversity,2,qmof-ac6a77a,Zn4C76H44N8O16,1|1|1|1,0.897905,0.8484455543377233,0.02314363319620626,,0.9346429915688977,105.15025000000833,2.401359,0.82887956,0.65,1.0,1.0,1.0
balanced stable MOF candidates for general materials discovery,q4_balanced_discovery,46,LEA no diversity,3,qmof-c0f392b,Zn2C44H38N6O12,1|1|1|1,0.897905,0.8484455543377233,0.01401739792674014,,0.9343482628675924,105.15025000000833,2.464185,0.915527725,0.65,1.0,1.0,1.0
balanced stable MOF candidates for general materials discovery,q4_balanced_discovery,46,LEA no diversity,4,qmof-a1a5849,Fe2C24H16N8,1|1|1|1,0.897905,0.8484455543377233,0.02061196909110039,,0.9342972402344278,105.15025000000833,2.75343,0.925170256,0.65,1.0,1.0,1.0
balanced stable MOF candidates for general materials discovery,q4_balanced_discovery,46,LEA no diversity,5,qmof-235f291,Ni2C24H16N8,1|1|1|1,0.897905,0.8484455543377233,0.021192483025935217,,0.9342159964071085,105.15025000000833,3.336142,0.870801372,0.65,1.0,1.0,1.0
balanced stable MOF candidates for general materials discovery,q4_balanced_discovery,46,LEA no self-cleaning,1,qmof-e566fbb,Zn2C36H22N6O8,1|1|1|1,0.897905,0.8484455543377233,0.0,,0.9827495554337723,202.960915999995,2.93315,0.83426434,0.65,1.0,1.0,1.0
balanced stable MOF candidates for general materials discovery,q4_balanced_discovery,46,LEA no self-cleaning,2,qmof-ac6a77a,Zn4C76H44N8O16,1|1|1|1,0.897905,0.8484455543377233,0.02314363319620626,,0.9385034290428416,202.960915999995,2.401359,0.82887956,0.65,1.0,1.0,1.0
balanced stable MOF candidates for general materials discovery,q4_balanced_discovery,46,LEA no self-cleaning,3,qmof-c0f392b,Zn2C44H38N6O12,1|1|1|1,0.897905,0.8484455543377233,0.01401739792674014,,0.9375979114825275,202.960915999995,2.464185,0.915527725,0.65,1.0,1.0,1.0
balanced stable MOF candidates for general materials discovery,q4_balanced_discovery,46,LEA no self-cleaning,4,qmof-a1a5849,Fe2C24H16N8,1|1|1|1,0.897905,0.8484455543377233,0.02061196909110039,,0.9374415285245143,202.960915999995,2.75343,0.925170256,0.65,1.0,1.0,1.0
balanced stable MOF candidates for general materials discovery,q4_balanced_discovery,46,LEA no self-cleaning,5,qmof-235f291,Ni2C24H16N8,1|1|1|1,0.897905,0.8484455543377233,0.021192483025935217,,0.9371927472140903,202.960915999995,3.336142,0.870801372,0.65,1.0,1.0,1.0
balanced stable MOF candidates for general materials discovery,q4_balanced_discovery,46,GraphSAGE only,1,qmof-235f291,Ni2C24H16N8,1|1|1|1,0.897905,0.8484455543377233,0.0,0.2626898971,0.897905,0.04549999999881038,3.336142,0.870801372,0.65,1.0,1.0,1.0
balanced stable MOF candidates for general materials discovery,q4_balanced_discovery,46,GraphSAGE only,2,qmof-a1a5849,Fe2C24H16N8,1|1|1|1,0.897905,0.8484455543377233,0.011319438610969042,0.2586122308,0.897905,0.04549999999881038,2.75343,0.925170256,0.65,1.0,1.0,1.0
balanced stable MOF candidates for general materials discovery,q4_balanced_discovery,46,GraphSAGE only,3,qmof-ac6a77a,Zn4C76H44N8O16,1|1|1|1,0.897905,0.8484455543377233,0.032294819024239745,0.2567529519189189,0.897905,0.04549999999881038,2.401359,0.82887956,0.65,1.0,1.0,1.0
balanced stable MOF candidates for general materials discovery,q4_balanced_discovery,46,GraphSAGE only,4,qmof-13a76dd,Zn4C40H28N12O8,1|1|1|1,0.897905,0.8484455543377233,0.01900433358340829,0.25673107788369565,0.897905,0.04549999999881038,3.309168,0.982716063,0.65,1.0,1.0,1.0
balanced stable MOF candidates for general materials discovery,q4_balanced_discovery,46,GraphSAGE only,5,qmof-e566fbb,Zn2C36H22N6O8,1|1|1|1,0.897905,0.8484455543377233,0.015052182145351823,0.2563490934189189,0.897905,0.04549999999881038,2.93315,0.83426434,0.65,1.0,1.0,1.0
balanced stable MOF candidates for general materials discovery,q4_balanced_discovery,46,GAT only,1,qmof-235f291,Ni2C24H16N8,1|1|1|1,0.897905,0.8484455543377233,0.0,0.41374343425000004,0.897905,0.03795800000716554,3.336142,0.870801372,0.65,1.0,1.0,1.0
balanced stable MOF candidates for general materials discovery,q4_balanced_discovery,46,GAT only,2,qmof-13a76dd,Zn4C40H28N12O8,1|1|1|1,0.897905,0.8484455543377233,0.01461054884391458,0.4066955434538043,0.897905,0.03795800000716554,3.309168,0.982716063,0.65,1.0,1.0,1.0
balanced stable MOF candidates for general materials discovery,q4_balanced_discovery,46,GAT only,3,qmof-e566fbb,Zn2C36H22N6O8,1|1|1|1,0.897905,0.8484455543377233,0.0123384947530898,0.38600964091216217,0.897905,0.03795800000716554,2.93315,0.83426434,0.65,1.0,1.0,1.0
balanced stable MOF candidates for general materials discovery,q4_balanced_discovery,46,GAT only,4,qmof-cef46c3,Zn2C48H32N8O8,1|1|1|1,0.897905,0.8484455543377233,0.01194176634097749,0.3846363647193877,0.897905,0.03795800000716554,2.913296,0.7895211,0.65,1.0,1.0,1.0
balanced stable MOF candidates for general materials discovery,q4_balanced_discovery,46,GAT only,5,qmof-a1a5849,Fe2C24H16N8,1|1|1|1,0.897905,0.8484455543377233,0.014550668299126329,0.375382659,0.897905,0.03795800000716554,2.75343,0.925170256,0.65,1.0,1.0,1.0
balanced stable MOF candidates for general materials discovery,q4_balanced_discovery,46,LEA + GraphSAGE,1,qmof-235f291,Ni2C24H16N8,1|1|1|1,0.897905,0.8484455543377233,0.0,0.2626898971,0.8733079759657986,282.0710830000053,3.336142,0.870801372,0.65,1.0,1.0,1.0
balanced stable MOF candidates for general materials discovery,q4_balanced_discovery,46,LEA + GraphSAGE,2,qmof-a1a5849,Fe2C24H16N8,1|1|1|1,0.897905,0.8484455543377233,0.011319438610969042,0.2586122308,0.8725516083256909,282.0710830000053,2.75343,0.925170256,0.65,1.0,1.0,1.0
balanced stable MOF candidates for general materials discovery,q4_balanced_discovery,46,LEA + GraphSAGE,3,qmof-ac6a77a,Zn4C76H44N8O16,1|1|1|1,0.897905,0.8484455543377233,0.032294819024239745,0.2567529519189189,0.872206666446936,282.0710830000053,2.401359,0.82887956,0.65,1.0,1.0,1.0
balanced stable MOF candidates for general materials discovery,q4_balanced_discovery,46,LEA + GraphSAGE,4,qmof-13a76dd,Zn4C40H28N12O8,1|1|1|1,0.897905,0.8484455543377233,0.01900433358340829,0.25673107788369565,0.8722026080408567,282.0710830000053,3.309168,0.982716063,0.65,1.0,1.0,1.0
balanced stable MOF candidates for general materials discovery,q4_balanced_discovery,46,LEA + GraphSAGE,5,qmof-e566fbb,Zn2C36H22N6O8,1|1|1|1,0.897905,0.8484455543377233,0.015052182145351823,0.2563490934189189,0.8721317355511468,282.0710830000053,2.93315,0.83426434,0.65,1.0,1.0,1.0
balanced stable MOF candidates for general materials discovery,q4_balanced_discovery,46,LEA + GAT,1,qmof-235f291,Ni2C24H16N8,1|1|1|1,0.897905,0.8484455543377233,0.0,0.41374343425000004,0.9011610018922696,171.27962500001104,3.336142,0.870801372,0.65,1.0,1.0,1.0
balanced stable MOF candidates for general materials discovery,q4_balanced_discovery,46,LEA + GAT,2,qmof-13a76dd,Zn4C40H28N12O8,1|1|1|1,0.897905,0.8484455543377233,0.01461054884391458,0.4066955434538043,0.8998701210407752,171.27962500001104,3.309168,0.982716063,0.65,1.0,1.0,1.0
balanced stable MOF candidates for general materials discovery,q4_balanced_discovery,46,LEA + GAT,3,qmof-e566fbb,Zn2C36H22N6O8,1|1|1|1,0.897905,0.8484455543377233,0.0123384947530898,0.38600964091216217,0.8960755896858646,171.27962500001104,2.93315,0.83426434,0.65,1.0,1.0,1.0
balanced stable MOF candidates for general materials discovery,q4_balanced_discovery,46,LEA + GAT,4,qmof-cef46c3,Zn2C48H32N8O8,1|1|1|1,0.897905,0.8484455543377233,0.01194176634097749,0.3846363647193877,0.8958233909136354,171.27962500001104,2.913296,0.7895211,0.65,1.0,1.0,1.0
balanced stable MOF candidates for general materials discovery,q4_balanced_discovery,46,LEA + GAT,5,qmof-a1a5849,Fe2C24H16N8,1|1|1|1,0.897905,0.8484455543377233,0.014550668299126329,0.375382659,0.8941230652286947,171.27962500001104,2.75343,0.925170256,0.65,1.0,1.0,1.0
balanced stable MOF candidates for general materials discovery,q4_balanced_discovery,47,SemanticOnly,1,qmof-fd1f953,Cu2C26H18N6O8,1|1|1|1,0.747905,0.8613682936698823,0.0,,0.747905,0.03591699999105913,2.532128,1.868987904,0.65,1.0,0.7,0.7
balanced stable MOF candidates for general materials discovery,q4_balanced_discovery,47,SemanticOnly,2,qmof-fcfab15,Zn2C48H36N8O12,1|1|1|1,0.747905,0.8613682936698823,0.01972112351263781,,0.747905,0.03591699999105913,3.105757,1.544337866,0.65,1.0,0.7,0.7
balanced stable MOF candidates for general materials discovery,q4_balanced_discovery,47,SemanticOnly,3,qmof-f837f30,CuC40H24N6O6,1|1|1|1,0.747905,0.8613682936698823,0.012641051085480033,,0.747905,0.03591699999105913,2.84042,1.493300786,0.65,1.0,0.7,0.7
balanced stable MOF candidates for general materials discovery,q4_balanced_discovery,47,SemanticOnly,4,qmof-f5b47bc,Mn3C48H30N12O12,1|1|1|1,0.747905,0.8613682936698823,0.02380879107737285,,0.747905,0.03591699999105913,1.726978,1.570119757,0.65,1.0,0.7,0.7
balanced stable MOF candidates for general materials discovery,q4_balanced_discovery,47,SemanticOnly,5,qmof-edd39e3,Cu2C10H12N16,1|1|1|1,0.747905,0.8613682936698823,0.029727208504029115,,0.747905,0.03591699999105913,2.25578,1.809152162,0.65,1.0,0.7,0.7
balanced stable MOF candidates for general materials discovery,q4_balanced_discovery,47,WeightedSum,1,qmof-e566fbb,Zn2C36H22N6O8,1|1|1|1,0.897905,0.8484455543377233,0.0,,0.897905,0.0498329999913949,2.93315,0.83426434,0.65,1.0,1.0,1.0
balanced stable MOF candidates for general materials discovery,q4_balanced_discovery,47,WeightedSum,2,qmof-cef46c3,Zn2C48H32N8O8,1|1|1|1,0.897905,0.8484455543377233,0.007206297341252901,,0.897905,0.0498329999913949,2.913296,0.7895211,0.65,1.0,1.0,1.0
balanced stable MOF candidates for general materials discovery,q4_balanced_discovery,47,WeightedSum,3,qmof-c0f392b,Zn2C44H38N6O12,1|1|1|1,0.897905,0.8484455543377233,0.012066926313604693,,0.897905,0.0498329999913949,2.464185,0.915527725,0.65,1.0,1.0,1.0
balanced stable MOF candidates for general materials discovery,q4_balanced_discovery,47,WeightedSum,4,qmof-ac6a77a,Zn4C76H44N8O16,1|1|1|1,0.897905,0.8484455543377233,0.018368560155257573,,0.897905,0.0498329999913949,2.401359,0.82887956,0.65,1.0,1.0,1.0
balanced stable MOF candidates for general materials discovery,q4_balanced_discovery,47,WeightedSum,5,qmof-a1a5849,Fe2C24H16N8,1|1|1|1,0.897905,0.8484455543377233,0.01962893153373782,,0.897905,0.0498329999913949,2.75343,0.925170256,0.65,1.0,1.0,1.0
balanced stable MOF candidates for general materials discovery,q4_balanced_discovery,47,TOPSIS,1,qmof-e566fbb,Zn2C36H22N6O8,1|1|1|1,0.897905,0.8484455543377233,0.0,,0.897905,1.019334000005756,2.93315,0.83426434,0.65,1.0,1.0,1.0
balanced stable MOF candidates for general materials discovery,q4_balanced_discovery,47,TOPSIS,2,qmof-cef46c3,Zn2C48H32N8O8,1|1|1|1,0.897905,0.8484455543377233,0.007206297341252901,,0.897905,1.019334000005756,2.913296,0.7895211,0.65,1.0,1.0,1.0
balanced stable MOF candidates for general materials discovery,q4_balanced_discovery,47,TOPSIS,3,qmof-c0f392b,Zn2C44H38N6O12,1|1|1|1,0.897905,0.8484455543377233,0.012066926313604693,,0.897905,1.019334000005756,2.464185,0.915527725,0.65,1.0,1.0,1.0
balanced stable MOF candidates for general materials discovery,q4_balanced_discovery,47,TOPSIS,4,qmof-ac6a77a,Zn4C76H44N8O16,1|1|1|1,0.897905,0.8484455543377233,0.018368560155257573,,0.897905,1.019334000005756,2.401359,0.82887956,0.65,1.0,1.0,1.0
balanced stable MOF candidates for general materials discovery,q4_balanced_discovery,47,TOPSIS,5,qmof-a1a5849,Fe2C24H16N8,1|1|1|1,0.897905,0.8484455543377233,0.01962893153373782,,0.897905,1.019334000005756,2.75343,0.925170256,0.65,1.0,1.0,1.0
balanced stable MOF candidates for general materials discovery,q4_balanced_discovery,47,ParetoCrowding,1,qmof-ac6a77a,Zn4C76H44N8O16,1|1|1|1,0.897905,0.8484455543377233,0.0,,0.897905,218.73262500000124,2.401359,0.82887956,0.65,1.0,1.0,1.0
balanced stable MOF candidates for general materials discovery,q4_balanced_discovery,47,ParetoCrowding,2,qmof-235f291,Ni2C24H16N8,1|1|1|1,0.897905,0.8484455543377233,0.034389665755561766,,0.897905,218.73262500000124,3.336142,0.870801372,0.65,1.0,1.0,1.0
balanced stable MOF candidates for general materials discovery,q4_balanced_discovery,47,ParetoCrowding,3,qmof-a1a5849,Fe2C24H16N8,1|1|1|1,0.897905,0.8484455543377233,0.020759705451943382,,0.897905,218.73262500000124,2.75343,0.925170256,0.65,1.0,1.0,1.0
balanced stable MOF candidates for general materials discovery,q4_balanced_discovery,47,ParetoCrowding,4,qmof-cef46c3,Zn2C48H32N8O8,1|1|1|1,0.897905,0.8484455543377233,0.01736910650377117,,0.897905,218.73262500000124,2.913296,0.7895211,0.65,1.0,1.0,1.0
balanced stable MOF candidates for general materials discovery,q4_balanced_discovery,47,ParetoCrowding,5,qmof-e566fbb,Zn2C36H22N6O8,1|1|1|1,0.897905,0.8484455543377233,0.014192172434040837,,0.897905,218.73262500000124,2.93315,0.83426434,0.65,1.0,1.0,1.0
balanced stable MOF candidates for general materials discovery,q4_balanced_discovery,47,Random,1,qmof-be8828b,Ag4C44F12H48N8O20S12,1|1|1|1,0.747905,0.8613682936698823,0.0,,0.747905,0.046625000010180884,2.756952,1.960559198,0.65,1.0,0.7,0.7
balanced stable MOF candidates for general materials discovery,q4_balanced_discovery,47,Random,2,qmof-30918ed,Ag4C56F12H36N12O8,1|1|1|1,0.747905,0.8613682936698823,0.018336319467248112,,0.747905,0.046625000010180884,3.458022,1.99683396,0.65,1.0,0.7,0.7
balanced stable MOF candidates for general materials discovery,q4_balanced_discovery,47,Random,3,qmof-175a5d9,Fe6C42Cl6H12N18O12,1|1|1|1,0.793755,0.7809823066508096,0.04206955672623505,,0.793755,0.046625000010180884,3.544636,0.750832979,0.65,0.5,1.0,1.0
balanced stable MOF candidates for general materials discovery,q4_balanced_discovery,47,Random,4,qmof-df02179,Cu2C38H26N10O12,1|1|1|1,0.747905,0.8613682936698823,0.025754864744179536,,0.747905,0.046625000010180884,3.37416,1.528071897,0.65,1.0,0.7,0.7
balanced stable MOF candidates for general materials discovery,q4_balanced_discovery,47,Random,5,qmof-611dbd4,Cd2C38H24N16S4,1|1|1|1,0.747905,0.8613682936698823,0.022409305745732917,,0.747905,0.046625000010180884,3.322,1.693898595,0.65,1.0,0.7,0.7
balanced stable MOF candidates for general materials discovery,q4_balanced_discovery,47,MMR,1,qmof-a1a5849,Fe2C24H16N8,1|1|1|1,0.897905,0.8484455543377233,0.0,,0.897905,2122.014916000012,2.75343,0.925170256,0.65,1.0,1.0,1.0
balanced stable MOF candidates for general materials discovery,q4_balanced_discovery,47,MMR,2,qmof-ac6a77a,Zn4C76H44N8O16,1|1|1|1,0.897905,0.8484455543377233,0.030199972292917723,,0.897905,2122.014916000012,2.401359,0.82887956,0.65,1.0,1.0,1.0
balanced stable MOF candidates for general materials discovery,q4_balanced_discovery,47,MMR,3,qmof-13a76dd,Zn4C40H28N12O8,1|1|1|1,0.897905,0.8484455543377233,0.021201225953155142,,0.897905,2122.014916000012,3.309168,0.982716063,0.65,1.0,1.0,1.0
balanced stable MOF candidates for general materials discovery,q4_balanced_discovery,47,MMR,4,qmof-c0f392b,Zn2C44H38N6O12,1|1|1|1,0.897905,0.8484455543377233,0.017196445679571768,,0.897905,2122.014916000012,2.464185,0.915527725,0.65,1.0,1.0,1.0
balanced stable MOF candidates for general materials discovery,q4_balanced_discovery,47,MMR,5,qmof-235f291,Ni2C24H16N8,1|1|1|1,0.897905,0.8484455543377233,0.021337456906993173,,0.897905,2122.014916000012,3.336142,0.870801372,0.65,1.0,1.0,1.0
balanced stable MOF candidates for general materials discovery,q4_balanced_discovery,47,LEA,1,qmof-a1a5849,Fe2C24H16N8,1|1|1|1,0.897905,0.8484455543377233,0.0,,0.9827495554337723,84.33741700000041,2.75343,0.925170256,0.65,1.0,1.0,1.0
balanced stable MOF candidates for general materials discovery,q4_balanced_discovery,47,LEA,2,qmof-ac6a77a,Zn4C76H44N8O16,1|1|1|1,0.897905,0.8484455543377233,0.030199972292917723,,0.9375202473021443,84.33741700000041,2.401359,0.82887956,0.65,1.0,1.0,1.0
balanced stable MOF candidates for general materials discovery,q4_balanced_discovery,47,LEA,3,qmof-c0f392b,Zn2C44H38N6O12,1|1|1|1,0.897905,0.8484455543377233,0.01692408825239653,,0.936547164645148,84.33741700000041,2.464185,0.915527725,0.65,1.0,1.0,1.0
balanced stable MOF candidates for general materials discovery,q4_balanced_discovery,47,LEA,4,qmof-235f291,Ni2C24H16N8,1|1|1|1,0.897905,0.8484455543377233,0.02357975959468604,,0.9361477991081439,84.33741700000041,3.336142,0.870801372,0.65,1.0,1.0,1.0
balanced stable MOF candidates for general materials discovery,q4_balanced_discovery,47,LEA,5,qmof-cef46c3,Zn2C48H32N8O8,1|1|1|1,0.897905,0.8484455543377233,0.015701680922118415,,0.9360966660366965,84.33741700000041,2.913296,0.7895211,0.65,1.0,1.0,1.0
balanced stable MOF candidates for general materials discovery,q4_balanced_discovery,47,LEA no diversity,1,qmof-a1a5849,Fe2C24H16N8,1|1|1|1,0.897905,0.8484455543377233,0.0,,0.9827495554337723,85.17549999999119,2.75343,0.925170256,0.65,1.0,1.0,1.0
balanced stable MOF candidates for general materials discovery,q4_balanced_discovery,47,LEA no diversity,2,qmof-ac6a77a,Zn4C76H44N8O16,1|1|1|1,0.897905,0.8484455543377233,0.030199972292917723,,0.9343229281183438,85.17549999999119,2.401359,0.82887956,0.65,1.0,1.0,1.0
balanced stable MOF candidates for general materials discovery,q4_balanced_discovery,47,LEA no diversity,3,qmof-c0f392b,Zn2C44H38N6O12,1|1|1|1,0.897905,0.8484455543377233,0.01692408825239653,,0.9340047427112943,85.17549999999119,2.464185,0.915527725,0.65,1.0,1.0,1.0
balanced stable MOF candidates for general materials discovery,q4_balanced_discovery,47,LEA no diversity,4,qmof-235f291,Ni2C24H16N8,1|1|1|1,0.897905,0.8484455543377233,0.02357975959468604,,0.9338737494512942,85.17549999999119,3.336142,0.870801372,0.65,1.0,1.0,1.0
balanced stable MOF candidates for general materials discovery,q4_balanced_discovery,47,LEA no diversity,5,qmof-cef46c3,Zn2C48H32N8O8,1|1|1|1,0.897905,0.8484455543377233,0.015701680922118415,,0.9338569605691341,85.17549999999119,2.913296,0.7895211,0.65,1.0,1.0,1.0
balanced stable MOF candidates for general materials discovery,q4_balanced_discovery,47,LEA no self-cleaning,1,qmof-a1a5849,Fe2C24H16N8,1|1|1|1,0.897905,0.8484455543377233,0.0,,0.9827495554337723,82.57462500000656,2.75343,0.925170256,0.65,1.0,1.0,1.0
balanced stable MOF candidates for general materials discovery,q4_balanced_discovery,47,LEA no self-cleaning,2,qmof-ac6a77a,Zn4C76H44N8O16,1|1|1|1,0.897905,0.8484455543377233,0.030199972292917723,,0.9375202473021443,82.57462500000656,2.401359,0.82887956,0.65,1.0,1.0,1.0
balanced stable MOF candidates for general materials discovery,q4_balanced_discovery,47,LEA no self-cleaning,3,qmof-c0f392b,Zn2C44H38N6O12,1|1|1|1,0.897905,0.8484455543377233,0.01692408825239653,,0.936547164645148,82.57462500000656,2.464185,0.915527725,0.65,1.0,1.0,1.0
balanced stable MOF candidates for general materials discovery,q4_balanced_discovery,47,LEA no self-cleaning,4,qmof-235f291,Ni2C24H16N8,1|1|1|1,0.897905,0.8484455543377233,0.02357975959468604,,0.9361477991081439,82.57462500000656,3.336142,0.870801372,0.65,1.0,1.0,1.0
balanced stable MOF candidates for general materials discovery,q4_balanced_discovery,47,LEA no self-cleaning,5,qmof-cef46c3,Zn2C48H32N8O8,1|1|1|1,0.897905,0.8484455543377233,0.015701680922118415,,0.9360966660366965,82.57462500000656,2.913296,0.7895211,0.65,1.0,1.0,1.0
balanced stable MOF candidates for general materials discovery,q4_balanced_discovery,47,GraphSAGE only,1,qmof-235f291,Ni2C24H16N8,1|1|1|1,0.897905,0.8484455543377233,0.0,0.2626898971,0.897905,0.038291000009849085,3.336142,0.870801372,0.65,1.0,1.0,1.0
balanced stable MOF candidates for general materials discovery,q4_balanced_discovery,47,GraphSAGE only,2,qmof-a1a5849,Fe2C24H16N8,1|1|1|1,0.897905,0.8484455543377233,0.011319438610969042,0.2586122308,0.897905,0.038291000009849085,2.75343,0.925170256,0.65,1.0,1.0,1.0
balanced stable MOF candidates for general materials discovery,q4_balanced_discovery,47,GraphSAGE only,3,qmof-ac6a77a,Zn4C76H44N8O16,1|1|1|1,0.897905,0.8484455543377233,0.032294819024239745,0.2567529519189189,0.897905,0.038291000009849085,2.401359,0.82887956,0.65,1.0,1.0,1.0
balanced stable MOF candidates for general materials discovery,q4_balanced_discovery,47,GraphSAGE only,4,qmof-13a76dd,Zn4C40H28N12O8,1|1|1|1,0.897905,0.8484455543377233,0.01900433358340829,0.25673107788369565,0.897905,0.038291000009849085,3.309168,0.982716063,0.65,1.0,1.0,1.0
balanced stable MOF candidates for general materials discovery,q4_balanced_discovery,47,GraphSAGE only,5,qmof-e566fbb,Zn2C36H22N6O8,1|1|1|1,0.897905,0.8484455543377233,0.015052182145351823,0.2563490934189189,0.897905,0.038291000009849085,2.93315,0.83426434,0.65,1.0,1.0,1.0
balanced stable MOF candidates for general materials discovery,q4_balanced_discovery,47,GAT only,1,qmof-235f291,Ni2C24H16N8,1|1|1|1,0.897905,0.8484455543377233,0.0,0.41374343425000004,0.897905,0.03391699999610864,3.336142,0.870801372,0.65,1.0,1.0,1.0
balanced stable MOF candidates for general materials discovery,q4_balanced_discovery,47,GAT only,2,qmof-13a76dd,Zn4C40H28N12O8,1|1|1|1,0.897905,0.8484455543377233,0.01461054884391458,0.4066955434538043,0.897905,0.03391699999610864,3.309168,0.982716063,0.65,1.0,1.0,1.0
balanced stable MOF candidates for general materials discovery,q4_balanced_discovery,47,GAT only,3,qmof-e566fbb,Zn2C36H22N6O8,1|1|1|1,0.897905,0.8484455543377233,0.0123384947530898,0.38600964091216217,0.897905,0.03391699999610864,2.93315,0.83426434,0.65,1.0,1.0,1.0
balanced stable MOF candidates for general materials discovery,q4_balanced_discovery,47,GAT only,4,qmof-cef46c3,Zn2C48H32N8O8,1|1|1|1,0.897905,0.8484455543377233,0.01194176634097749,0.3846363647193877,0.897905,0.03391699999610864,2.913296,0.7895211,0.65,1.0,1.0,1.0
balanced stable MOF candidates for general materials discovery,q4_balanced_discovery,47,GAT only,5,qmof-a1a5849,Fe2C24H16N8,1|1|1|1,0.897905,0.8484455543377233,0.014550668299126329,0.375382659,0.897905,0.03391699999610864,2.75343,0.925170256,0.65,1.0,1.0,1.0
balanced stable MOF candidates for general materials discovery,q4_balanced_discovery,47,LEA + GraphSAGE,1,qmof-235f291,Ni2C24H16N8,1|1|1|1,0.897905,0.8484455543377233,0.0,0.2626898971,0.8733079759657986,81.09279199999264,3.336142,0.870801372,0.65,1.0,1.0,1.0
balanced stable MOF candidates for general materials discovery,q4_balanced_discovery,47,LEA + GraphSAGE,2,qmof-a1a5849,Fe2C24H16N8,1|1|1|1,0.897905,0.8484455543377233,0.011319438610969042,0.2586122308,0.8725516083256909,81.09279199999264,2.75343,0.925170256,0.65,1.0,1.0,1.0
balanced stable MOF candidates for general materials discovery,q4_balanced_discovery,47,LEA + GraphSAGE,3,qmof-ac6a77a,Zn4C76H44N8O16,1|1|1|1,0.897905,0.8484455543377233,0.032294819024239745,0.2567529519189189,0.872206666446936,81.09279199999264,2.401359,0.82887956,0.65,1.0,1.0,1.0
balanced stable MOF candidates for general materials discovery,q4_balanced_discovery,47,LEA + GraphSAGE,4,qmof-13a76dd,Zn4C40H28N12O8,1|1|1|1,0.897905,0.8484455543377233,0.01900433358340829,0.25673107788369565,0.8722026080408567,81.09279199999264,3.309168,0.982716063,0.65,1.0,1.0,1.0
balanced stable MOF candidates for general materials discovery,q4_balanced_discovery,47,LEA + GraphSAGE,5,qmof-e566fbb,Zn2C36H22N6O8,1|1|1|1,0.897905,0.8484455543377233,0.015052182145351823,0.2563490934189189,0.8721317355511468,81.09279199999264,2.93315,0.83426434,0.65,1.0,1.0,1.0
balanced stable MOF candidates for general materials discovery,q4_balanced_discovery,47,LEA + GAT,1,qmof-235f291,Ni2C24H16N8,1|1|1|1,0.897905,0.8484455543377233,0.0,0.41374343425000004,0.9011610018922696,80.30750000000353,3.336142,0.870801372,0.65,1.0,1.0,1.0
balanced stable MOF candidates for general materials discovery,q4_balanced_discovery,47,LEA + GAT,2,qmof-13a76dd,Zn4C40H28N12O8,1|1|1|1,0.897905,0.8484455543377233,0.01461054884391458,0.4066955434538043,0.8998701210407752,80.30750000000353,3.309168,0.982716063,0.65,1.0,1.0,1.0
balanced stable MOF candidates for general materials discovery,q4_balanced_discovery,47,LEA + GAT,3,qmof-e566fbb,Zn2C36H22N6O8,1|1|1|1,0.897905,0.8484455543377233,0.0123384947530898,0.38600964091216217,0.8960755896858646,80.30750000000353,2.93315,0.83426434,0.65,1.0,1.0,1.0
balanced stable MOF candidates for general materials discovery,q4_balanced_discovery,47,LEA + GAT,4,qmof-cef46c3,Zn2C48H32N8O8,1|1|1|1,0.897905,0.8484455543377233,0.01194176634097749,0.3846363647193877,0.8958233909136354,80.30750000000353,2.913296,0.7895211,0.65,1.0,1.0,1.0
balanced stable MOF candidates for general materials discovery,q4_balanced_discovery,47,LEA + GAT,5,qmof-a1a5849,Fe2C24H16N8,1|1|1|1,0.897905,0.8484455543377233,0.014550668299126329,0.375382659,0.8941230652286947,80.30750000000353,2.75343,0.925170256,0.65,1.0,1.0,1.0
balanced stable MOF candidates for general materials discovery,q4_balanced_discovery,48,SemanticOnly,1,qmof-f5c5269,Gd2C30H24N12O24,1|1|1|1,0.747905,0.8613682936698823,0.0,,0.747905,0.031041999989156466,3.495222,1.839046498,0.65,1.0,0.7,0.7
balanced stable MOF candidates for general materials discovery,q4_balanced_discovery,48,SemanticOnly,2,qmof-f522cce,Cu2C34H26N2O20S2,1|1|1|1,0.747905,0.8613682936698823,0.010599568816637579,,0.747905,0.031041999989156466,3.270794,1.84262288,0.65,1.0,0.7,0.7
balanced stable MOF candidates for general materials discovery,q4_balanced_discovery,48,SemanticOnly,3,qmof-f21d339,FePdC20H16N12S2,1|1|1|1,0.747905,0.8613682936698823,0.024588143752492526,,0.747905,0.031041999989156466,2.675887,1.720742331,0.65,1.0,0.7,0.7
balanced stable MOF candidates for general materials discovery,q4_balanced_discovery,48,SemanticOnly,4,qmof-ece521b,MnC26H22N4O6,1|1|1|1,0.747905,0.8613682936698823,0.019718032933582402,,0.747905,0.031041999989156466,2.528825,1.667384298,0.65,1.0,0.7,0.7
balanced stable MOF candidates for general materials discovery,q4_balanced_discovery,48,SemanticOnly,5,qmof-eb7c07e,Cu3C12H16N22,1|1|1|1,0.747905,0.8613682936698823,0.02696539036116963,,0.747905,0.031041999989156466,2.702677,1.945815431,0.65,1.0,0.7,0.7
balanced stable MOF candidates for general materials discovery,q4_balanced_discovery,48,WeightedSum,1,qmof-e566fbb,Zn2C36H22N6O8,1|1|1|1,0.897905,0.8484455543377233,0.0,,0.897905,0.04383300000654344,2.93315,0.83426434,0.65,1.0,1.0,1.0
balanced stable MOF candidates for general materials discovery,q4_balanced_discovery,48,WeightedSum,2,qmof-cef46c3,Zn2C48H32N8O8,1|1|1|1,0.897905,0.8484455543377233,0.007206297341252901,,0.897905,0.04383300000654344,2.913296,0.7895211,0.65,1.0,1.0,1.0
balanced stable MOF candidates for general materials discovery,q4_balanced_discovery,48,WeightedSum,3,qmof-c0f392b,Zn2C44H38N6O12,1|1|1|1,0.897905,0.8484455543377233,0.012066926313604693,,0.897905,0.04383300000654344,2.464185,0.915527725,0.65,1.0,1.0,1.0
balanced stable MOF candidates for general materials discovery,q4_balanced_discovery,48,WeightedSum,4,qmof-ac6a77a,Zn4C76H44N8O16,1|1|1|1,0.897905,0.8484455543377233,0.018368560155257573,,0.897905,0.04383300000654344,2.401359,0.82887956,0.65,1.0,1.0,1.0
balanced stable MOF candidates for general materials discovery,q4_balanced_discovery,48,WeightedSum,5,qmof-a1a5849,Fe2C24H16N8,1|1|1|1,0.897905,0.8484455543377233,0.01962893153373782,,0.897905,0.04383300000654344,2.75343,0.925170256,0.65,1.0,1.0,1.0
balanced stable MOF candidates for general materials discovery,q4_balanced_discovery,48,TOPSIS,1,qmof-e566fbb,Zn2C36H22N6O8,1|1|1|1,0.897905,0.8484455543377233,0.0,,0.897905,0.9994160000132979,2.93315,0.83426434,0.65,1.0,1.0,1.0
balanced stable MOF candidates for general materials discovery,q4_balanced_discovery,48,TOPSIS,2,qmof-cef46c3,Zn2C48H32N8O8,1|1|1|1,0.897905,0.8484455543377233,0.007206297341252901,,0.897905,0.9994160000132979,2.913296,0.7895211,0.65,1.0,1.0,1.0
balanced stable MOF candidates for general materials discovery,q4_balanced_discovery,48,TOPSIS,3,qmof-c0f392b,Zn2C44H38N6O12,1|1|1|1,0.897905,0.8484455543377233,0.012066926313604693,,0.897905,0.9994160000132979,2.464185,0.915527725,0.65,1.0,1.0,1.0
balanced stable MOF candidates for general materials discovery,q4_balanced_discovery,48,TOPSIS,4,qmof-ac6a77a,Zn4C76H44N8O16,1|1|1|1,0.897905,0.8484455543377233,0.018368560155257573,,0.897905,0.9994160000132979,2.401359,0.82887956,0.65,1.0,1.0,1.0
balanced stable MOF candidates for general materials discovery,q4_balanced_discovery,48,TOPSIS,5,qmof-a1a5849,Fe2C24H16N8,1|1|1|1,0.897905,0.8484455543377233,0.01962893153373782,,0.897905,0.9994160000132979,2.75343,0.925170256,0.65,1.0,1.0,1.0
balanced stable MOF candidates for general materials discovery,q4_balanced_discovery,48,ParetoCrowding,1,qmof-ac6a77a,Zn4C76H44N8O16,1|1|1|1,0.897905,0.8484455543377233,0.0,,0.897905,203.77820900000643,2.401359,0.82887956,0.65,1.0,1.0,1.0
balanced stable MOF candidates for general materials discovery,q4_balanced_discovery,48,ParetoCrowding,2,qmof-235f291,Ni2C24H16N8,1|1|1|1,0.897905,0.8484455543377233,0.034389665755561766,,0.897905,203.77820900000643,3.336142,0.870801372,0.65,1.0,1.0,1.0
balanced stable MOF candidates for general materials discovery,q4_balanced_discovery,48,ParetoCrowding,3,qmof-a1a5849,Fe2C24H16N8,1|1|1|1,0.897905,0.8484455543377233,0.020759705451943382,,0.897905,203.77820900000643,2.75343,0.925170256,0.65,1.0,1.0,1.0
balanced stable MOF candidates for general materials discovery,q4_balanced_discovery,48,ParetoCrowding,4,qmof-cef46c3,Zn2C48H32N8O8,1|1|1|1,0.897905,0.8484455543377233,0.01736910650377117,,0.897905,203.77820900000643,2.913296,0.7895211,0.65,1.0,1.0,1.0
balanced stable MOF candidates for general materials discovery,q4_balanced_discovery,48,ParetoCrowding,5,qmof-e566fbb,Zn2C36H22N6O8,1|1|1|1,0.897905,0.8484455543377233,0.014192172434040837,,0.897905,203.77820900000643,2.93315,0.83426434,0.65,1.0,1.0,1.0
balanced stable MOF candidates for general materials discovery,q4_balanced_discovery,48,Random,1,qmof-9324158,Ni4C28H48N8O16,1|1|1|1,0.747905,0.8613682936698823,0.0,,0.747905,0.043374999989964635,3.145485,1.773389172,0.65,1.0,0.7,0.7
balanced stable MOF candidates for general materials discovery,q4_balanced_discovery,48,Random,2,qmof-406ecbb,Cd3C46H28N14S6,1|1|1|1,0.747905,0.8613682936698823,0.018611675110846285,,0.747905,0.043374999989964635,3.026427,1.66361472,0.65,1.0,0.7,0.7
balanced stable MOF candidates for general materials discovery,q4_balanced_discovery,48,Random,3,qmof-c8783dd,Mn4C48H32N8O16,1|1|1|1,0.747905,0.8613682936698823,0.012458023502303506,,0.747905,0.043374999989964635,3.079142,1.790427065,0.65,1.0,0.7,0.7
balanced stable MOF candidates for general materials discovery,q4_balanced_discovery,48,Random,4,qmof-96efc84,Ni2V8C24H64N12O24,1|1|1|1,0.747905,0.8613682936698823,0.02052986885458682,,0.747905,0.043374999989964635,2.959006,1.969186049,0.65,1.0,0.7,0.7
balanced stable MOF candidates for general materials discovery,q4_balanced_discovery,48,Random,5,qmof-e7ba782,Cd2C40H30N2O12,1|1|1|1,0.747905,0.8613682936698823,0.01575077400664124,,0.747905,0.043374999989964635,3.348872,1.787124149,0.65,1.0,0.7,0.7
balanced stable MOF candidates for general materials discovery,q4_balanced_discovery,48,MMR,1,qmof-e566fbb,Zn2C36H22N6O8,1|1|1|1,0.897905,0.8484455543377233,0.0,,0.897905,2023.1351250000102,2.93315,0.83426434,0.65,1.0,1.0,1.0
balanced stable MOF candidates for general materials discovery,q4_balanced_discovery,48,MMR,2,qmof-ac6a77a,Zn4C76H44N8O16,1|1|1|1,0.897905,0.8484455543377233,0.02314363319620626,,0.897905,2023.1351250000102,2.401359,0.82887956,0.65,1.0,1.0,1.0
balanced stable MOF candidates for general materials discovery,q4_balanced_discovery,48,MMR,3,qmof-235f291,Ni2C24H16N8,1|1|1|1,0.897905,0.8484455543377233,0.02421015953762226,,0.897905,2023.1351250000102,3.336142,0.870801372,0.65,1.0,1.0,1.0
balanced stable MOF candidates for general materials discovery,q4_balanced_discovery,48,MMR,4,qmof-c0f392b,Zn2C44H38N6O12,1|1|1|1,0.897905,0.8484455543377233,0.017688323423669192,,0.897905,2023.1351250000102,2.464185,0.915527725,0.65,1.0,1.0,1.0
balanced stable MOF candidates for general materials discovery,q4_balanced_discovery,48,MMR,5,qmof-a1a5849,Fe2C24H16N8,1|1|1|1,0.897905,0.8484455543377233,0.018288836471067552,,0.897905,2023.1351250000102,2.75343,0.925170256,0.65,1.0,1.0,1.0
balanced stable MOF candidates for general materials discovery,q4_balanced_discovery,48,LEA,1,qmof-e566fbb,Zn2C36H22N6O8,1|1|1|1,0.897905,0.8484455543377233,0.0,,0.9827495554337723,81.97041700000796,2.93315,0.83426434,0.65,1.0,1.0,1.0
balanced stable MOF candidates for general materials discovery,q4_balanced_discovery,48,LEA,2,qmof-235f291,Ni2C24H16N8,1|1|1|1,0.897905,0.8484455543377233,0.014030653319682757,,0.9367289040439586,81.97041700000796,3.336142,0.870801372,0.65,1.0,1.0,1.0
balanced stable MOF candidates for general materials discovery,q4_balanced_discovery,48,LEA,3,qmof-ac6a77a,Zn4C76H44N8O16,1|1|1|1,0.897905,0.8484455543377233,0.02876664947588401,,0.936645488732743,81.97041700000796,2.401359,0.82887956,0.65,1.0,1.0,1.0
balanced stable MOF candidates for general materials discovery,q4_balanced_discovery,48,LEA,4,qmof-a1a5849,Fe2C24H16N8,1|1|1|1,0.897905,0.8484455543377233,0.0179691722609694,,0.9366315828652748,81.97041700000796,2.75343,0.925170256,0.65,1.0,1.0,1.0
balanced stable MOF candidates for general materials discovery,q4_balanced_discovery,48,LEA,5,qmof-c0f392b,Zn2C44H38N6O12,1|1|1|1,0.897905,0.8484455543377233,0.018078199843092398,,0.9361047262886184,81.97041700000796,2.464185,0.915527725,0.65,1.0,1.0,1.0
balanced stable MOF candidates for general materials discovery,q4_balanced_discovery,48,LEA no diversity,1,qmof-e566fbb,Zn2C36H22N6O8,1|1|1|1,0.897905,0.8484455543377233,0.0,,0.9827495554337723,80.63954200000012,2.93315,0.83426434,0.65,1.0,1.0,1.0
balanced stable MOF candidates for general materials discovery,q4_balanced_discovery,48,LEA no diversity,2,qmof-235f291,Ni2C24H16N8,1|1|1|1,0.897905,0.8484455543377233,0.014030653319682757,,0.9340642756415642,80.63954200000012,3.336142,0.870801372,0.65,1.0,1.0,1.0
balanced stable MOF candidates for general materials discovery,q4_balanced_discovery,48,LEA no diversity,3,qmof-ac6a77a,Zn4C76H44N8O16,1|1|1|1,0.897905,0.8484455543377233,0.02876664947588401,,0.9340369571071379,80.63954200000012,2.401359,0.82887956,0.65,1.0,1.0,1.0
balanced stable MOF candidates for general materials discovery,q4_balanced_discovery,48,LEA no diversity,4,qmof-a1a5849,Fe2C24H16N8,1|1|1|1,0.897905,0.8484455543377233,0.0179691722609694,,0.9340324019299661,80.63954200000012,2.75343,0.925170256,0.65,1.0,1.0,1.0
balanced stable MOF candidates for general materials discovery,q4_balanced_discovery,48,LEA no diversity,5,qmof-c0f392b,Zn2C44H38N6O12,1|1|1|1,0.897905,0.8484455543377233,0.018078199843092398,,0.9338596073056488,80.63954200000012,2.464185,0.915527725,0.65,1.0,1.0,1.0
balanced stable MOF candidates for general materials discovery,q4_balanced_discovery,48,LEA no self-cleaning,1,qmof-e566fbb,Zn2C36H22N6O8,1|1|1|1,0.897905,0.8484455543377233,0.0,,0.9827495554337723,80.60749999998507,2.93315,0.83426434,0.65,1.0,1.0,1.0
balanced stable MOF candidates for general materials discovery,q4_balanced_discovery,48,LEA no self-cleaning,2,qmof-235f291,Ni2C24H16N8,1|1|1|1,0.897905,0.8484455543377233,0.014030653319682757,,0.9367289040439586,80.60749999998507,3.336142,0.870801372,0.65,1.0,1.0,1.0
balanced stable MOF candidates for general materials discovery,q4_balanced_discovery,48,LEA no self-cleaning,3,qmof-ac6a77a,Zn4C76H44N8O16,1|1|1|1,0.897905,0.8484455543377233,0.02876664947588401,,0.936645488732743,80.60749999998507,2.401359,0.82887956,0.65,1.0,1.0,1.0
balanced stable MOF candidates for general materials discovery,q4_balanced_discovery,48,LEA no self-cleaning,4,qmof-a1a5849,Fe2C24H16N8,1|1|1|1,0.897905,0.8484455543377233,0.0179691722609694,,0.9366315828652748,80.60749999998507,2.75343,0.925170256,0.65,1.0,1.0,1.0
balanced stable MOF candidates for general materials discovery,q4_balanced_discovery,48,LEA no self-cleaning,5,qmof-c0f392b,Zn2C44H38N6O12,1|1|1|1,0.897905,0.8484455543377233,0.018078199843092398,,0.9361047262886184,80.60749999998507,2.464185,0.915527725,0.65,1.0,1.0,1.0
balanced stable MOF candidates for general materials discovery,q4_balanced_discovery,48,GraphSAGE only,1,qmof-235f291,Ni2C24H16N8,1|1|1|1,0.897905,0.8484455543377233,0.0,0.2626898971,0.897905,0.03812500000321961,3.336142,0.870801372,0.65,1.0,1.0,1.0
balanced stable MOF candidates for general materials discovery,q4_balanced_discovery,48,GraphSAGE only,2,qmof-a1a5849,Fe2C24H16N8,1|1|1|1,0.897905,0.8484455543377233,0.011319438610969042,0.2586122308,0.897905,0.03812500000321961,2.75343,0.925170256,0.65,1.0,1.0,1.0
balanced stable MOF candidates for general materials discovery,q4_balanced_discovery,48,GraphSAGE only,3,qmof-ac6a77a,Zn4C76H44N8O16,1|1|1|1,0.897905,0.8484455543377233,0.032294819024239745,0.2567529519189189,0.897905,0.03812500000321961,2.401359,0.82887956,0.65,1.0,1.0,1.0
balanced stable MOF candidates for general materials discovery,q4_balanced_discovery,48,GraphSAGE only,4,qmof-13a76dd,Zn4C40H28N12O8,1|1|1|1,0.897905,0.8484455543377233,0.01900433358340829,0.25673107788369565,0.897905,0.03812500000321961,3.309168,0.982716063,0.65,1.0,1.0,1.0
balanced stable MOF candidates for general materials discovery,q4_balanced_discovery,48,GraphSAGE only,5,qmof-e566fbb,Zn2C36H22N6O8,1|1|1|1,0.897905,0.8484455543377233,0.015052182145351823,0.2563490934189189,0.897905,0.03812500000321961,2.93315,0.83426434,0.65,1.0,1.0,1.0
balanced stable MOF candidates for general materials discovery,q4_balanced_discovery,48,GAT only,1,qmof-235f291,Ni2C24H16N8,1|1|1|1,0.897905,0.8484455543377233,0.0,0.41374343425000004,0.897905,0.03329100002247287,3.336142,0.870801372,0.65,1.0,1.0,1.0
balanced stable MOF candidates for general materials discovery,q4_balanced_discovery,48,GAT only,2,qmof-13a76dd,Zn4C40H28N12O8,1|1|1|1,0.897905,0.8484455543377233,0.01461054884391458,0.4066955434538043,0.897905,0.03329100002247287,3.309168,0.982716063,0.65,1.0,1.0,1.0
balanced stable MOF candidates for general materials discovery,q4_balanced_discovery,48,GAT only,3,qmof-e566fbb,Zn2C36H22N6O8,1|1|1|1,0.897905,0.8484455543377233,0.0123384947530898,0.38600964091216217,0.897905,0.03329100002247287,2.93315,0.83426434,0.65,1.0,1.0,1.0
balanced stable MOF candidates for general materials discovery,q4_balanced_discovery,48,GAT only,4,qmof-cef46c3,Zn2C48H32N8O8,1|1|1|1,0.897905,0.8484455543377233,0.01194176634097749,0.3846363647193877,0.897905,0.03329100002247287,2.913296,0.7895211,0.65,1.0,1.0,1.0
balanced stable MOF candidates for general materials discovery,q4_balanced_discovery,48,GAT only,5,qmof-a1a5849,Fe2C24H16N8,1|1|1|1,0.897905,0.8484455543377233,0.014550668299126329,0.375382659,0.897905,0.03329100002247287,2.75343,0.925170256,0.65,1.0,1.0,1.0
balanced stable MOF candidates for general materials discovery,q4_balanced_discovery,48,LEA + GraphSAGE,1,qmof-235f291,Ni2C24H16N8,1|1|1|1,0.897905,0.8484455543377233,0.0,0.2626898971,0.8733079759657986,80.01891700001806,3.336142,0.870801372,0.65,1.0,1.0,1.0
balanced stable MOF candidates for general materials discovery,q4_balanced_discovery,48,LEA + GraphSAGE,2,qmof-a1a5849,Fe2C24H16N8,1|1|1|1,0.897905,0.8484455543377233,0.011319438610969042,0.2586122308,0.8725516083256909,80.01891700001806,2.75343,0.925170256,0.65,1.0,1.0,1.0
balanced stable MOF candidates for general materials discovery,q4_balanced_discovery,48,LEA + GraphSAGE,3,qmof-ac6a77a,Zn4C76H44N8O16,1|1|1|1,0.897905,0.8484455543377233,0.032294819024239745,0.2567529519189189,0.872206666446936,80.01891700001806,2.401359,0.82887956,0.65,1.0,1.0,1.0
balanced stable MOF candidates for general materials discovery,q4_balanced_discovery,48,LEA + GraphSAGE,4,qmof-13a76dd,Zn4C40H28N12O8,1|1|1|1,0.897905,0.8484455543377233,0.01900433358340829,0.25673107788369565,0.8722026080408567,80.01891700001806,3.309168,0.982716063,0.65,1.0,1.0,1.0
balanced stable MOF candidates for general materials discovery,q4_balanced_discovery,48,LEA + GraphSAGE,5,qmof-e566fbb,Zn2C36H22N6O8,1|1|1|1,0.897905,0.8484455543377233,0.015052182145351823,0.2563490934189189,0.8721317355511468,80.01891700001806,2.93315,0.83426434,0.65,1.0,1.0,1.0
balanced stable MOF candidates for general materials discovery,q4_balanced_discovery,48,LEA + GAT,1,qmof-235f291,Ni2C24H16N8,1|1|1|1,0.897905,0.8484455543377233,0.0,0.41374343425000004,0.9011610018922696,80.07579200000237,3.336142,0.870801372,0.65,1.0,1.0,1.0
balanced stable MOF candidates for general materials discovery,q4_balanced_discovery,48,LEA + GAT,2,qmof-13a76dd,Zn4C40H28N12O8,1|1|1|1,0.897905,0.8484455543377233,0.01461054884391458,0.4066955434538043,0.8998701210407752,80.07579200000237,3.309168,0.982716063,0.65,1.0,1.0,1.0
balanced stable MOF candidates for general materials discovery,q4_balanced_discovery,48,LEA + GAT,3,qmof-e566fbb,Zn2C36H22N6O8,1|1|1|1,0.897905,0.8484455543377233,0.0123384947530898,0.38600964091216217,0.8960755896858646,80.07579200000237,2.93315,0.83426434,0.65,1.0,1.0,1.0
balanced stable MOF candidates for general materials discovery,q4_balanced_discovery,48,LEA + GAT,4,qmof-cef46c3,Zn2C48H32N8O8,1|1|1|1,0.897905,0.8484455543377233,0.01194176634097749,0.3846363647193877,0.8958233909136354,80.07579200000237,2.913296,0.7895211,0.65,1.0,1.0,1.0
balanced stable MOF candidates for general materials discovery,q4_balanced_discovery,48,LEA + GAT,5,qmof-a1a5849,Fe2C24H16N8,1|1|1|1,0.897905,0.8484455543377233,0.014550668299126329,0.375382659,0.8941230652286947,80.07579200000237,2.75343,0.925170256,0.65,1.0,1.0,1.0
balanced stable MOF candidates for general materials discovery,q4_balanced_discovery,49,SemanticOnly,1,qmof-fc79d47,Cu2C34H36I2N12,1|1|1|1,0.747905,0.8613682936698823,0.0,,0.747905,0.03000000000952241,2.588499,1.87774837,0.65,1.0,0.7,0.7
balanced stable MOF candidates for general materials discovery,q4_balanced_discovery,49,SemanticOnly,2,qmof-f87c9d1,CuC22H28N2O4,1|1|1|1,0.747905,0.8613682936698823,0.02308077206716957,,0.747905,0.03000000000952241,3.150305,1.304740826,0.65,1.0,0.7,0.7
balanced stable MOF candidates for general materials discovery,q4_balanced_discovery,49,SemanticOnly,3,qmof-efc86e6,Cd2C28H28N12S4,1|1|1|1,0.747905,0.8613682936698823,0.013307681393945744,,0.747905,0.03000000000952241,2.62946,1.712901294,0.65,1.0,0.7,0.7
balanced stable MOF candidates for general materials discovery,q4_balanced_discovery,49,SemanticOnly,4,qmof-eef474b,Cu2C16H12N24,1|1|1|1,0.747905,0.8613682936698823,0.027147083464449908,,0.747905,0.03000000000952241,2.996842,1.934407474,0.65,1.0,0.7,0.7
balanced stable MOF candidates for general materials discovery,q4_balanced_discovery,49,SemanticOnly,5,qmof-ece521b,MnC26H22N4O6,1|1|1|1,0.747905,0.8613682936698823,0.017343214768417402,,0.747905,0.03000000000952241,2.528825,1.667384298,0.65,1.0,0.7,0.7
balanced stable MOF candidates for general materials discovery,q4_balanced_discovery,49,WeightedSum,1,qmof-e566fbb,Zn2C36H22N6O8,1|1|1|1,0.897905,0.8484455543377233,0.0,,0.897905,0.044915999978911714,2.93315,0.83426434,0.65,1.0,1.0,1.0
balanced stable MOF candidates for general materials discovery,q4_balanced_discovery,49,WeightedSum,2,qmof-cef46c3,Zn2C48H32N8O8,1|1|1|1,0.897905,0.8484455543377233,0.007206297341252901,,0.897905,0.044915999978911714,2.913296,0.7895211,0.65,1.0,1.0,1.0
balanced stable MOF candidates for general materials discovery,q4_balanced_discovery,49,WeightedSum,3,qmof-c0f392b,Zn2C44H38N6O12,1|1|1|1,0.897905,0.8484455543377233,0.012066926313604693,,0.897905,0.044915999978911714,2.464185,0.915527725,0.65,1.0,1.0,1.0
balanced stable MOF candidates for general materials discovery,q4_balanced_discovery,49,WeightedSum,4,qmof-ac6a77a,Zn4C76H44N8O16,1|1|1|1,0.897905,0.8484455543377233,0.018368560155257573,,0.897905,0.044915999978911714,2.401359,0.82887956,0.65,1.0,1.0,1.0
balanced stable MOF candidates for general materials discovery,q4_balanced_discovery,49,WeightedSum,5,qmof-a1a5849,Fe2C24H16N8,1|1|1|1,0.897905,0.8484455543377233,0.01962893153373782,,0.897905,0.044915999978911714,2.75343,0.925170256,0.65,1.0,1.0,1.0
balanced stable MOF candidates for general materials discovery,q4_balanced_discovery,49,TOPSIS,1,qmof-e566fbb,Zn2C36H22N6O8,1|1|1|1,0.897905,0.8484455543377233,0.0,,0.897905,0.9615000000167129,2.93315,0.83426434,0.65,1.0,1.0,1.0
balanced stable MOF candidates for general materials discovery,q4_balanced_discovery,49,TOPSIS,2,qmof-cef46c3,Zn2C48H32N8O8,1|1|1|1,0.897905,0.8484455543377233,0.007206297341252901,,0.897905,0.9615000000167129,2.913296,0.7895211,0.65,1.0,1.0,1.0
balanced stable MOF candidates for general materials discovery,q4_balanced_discovery,49,TOPSIS,3,qmof-c0f392b,Zn2C44H38N6O12,1|1|1|1,0.897905,0.8484455543377233,0.012066926313604693,,0.897905,0.9615000000167129,2.464185,0.915527725,0.65,1.0,1.0,1.0
balanced stable MOF candidates for general materials discovery,q4_balanced_discovery,49,TOPSIS,4,qmof-ac6a77a,Zn4C76H44N8O16,1|1|1|1,0.897905,0.8484455543377233,0.018368560155257573,,0.897905,0.9615000000167129,2.401359,0.82887956,0.65,1.0,1.0,1.0
balanced stable MOF candidates for general materials discovery,q4_balanced_discovery,49,TOPSIS,5,qmof-a1a5849,Fe2C24H16N8,1|1|1|1,0.897905,0.8484455543377233,0.01962893153373782,,0.897905,0.9615000000167129,2.75343,0.925170256,0.65,1.0,1.0,1.0
balanced stable MOF candidates for general materials discovery,q4_balanced_discovery,49,ParetoCrowding,1,qmof-ac6a77a,Zn4C76H44N8O16,1|1|1|1,0.897905,0.8484455543377233,0.0,,0.897905,202.3307089999946,2.401359,0.82887956,0.65,1.0,1.0,1.0
balanced stable MOF candidates for general materials discovery,q4_balanced_discovery,49,ParetoCrowding,2,qmof-235f291,Ni2C24H16N8,1|1|1|1,0.897905,0.8484455543377233,0.034389665755561766,,0.897905,202.3307089999946,3.336142,0.870801372,0.65,1.0,1.0,1.0
balanced stable MOF candidates for general materials discovery,q4_balanced_discovery,49,ParetoCrowding,3,qmof-a1a5849,Fe2C24H16N8,1|1|1|1,0.897905,0.8484455543377233,0.020759705451943382,,0.897905,202.3307089999946,2.75343,0.925170256,0.65,1.0,1.0,1.0
balanced stable MOF candidates for general materials discovery,q4_balanced_discovery,49,ParetoCrowding,4,qmof-cef46c3,Zn2C48H32N8O8,1|1|1|1,0.897905,0.8484455543377233,0.01736910650377117,,0.897905,202.3307089999946,2.913296,0.7895211,0.65,1.0,1.0,1.0
balanced stable MOF candidates for general materials discovery,q4_balanced_discovery,49,ParetoCrowding,5,qmof-e566fbb,Zn2C36H22N6O8,1|1|1|1,0.897905,0.8484455543377233,0.014192172434040837,,0.897905,202.3307089999946,2.93315,0.83426434,0.65,1.0,1.0,1.0
balanced stable MOF candidates for general materials discovery,q4_balanced_discovery,49,Random,1,qmof-b7dbb38,Cu2C28Cl4H24N16,1|1|1|1,0.747905,0.8613682936698823,0.0,,0.747905,0.04333300000780582,3.301189,1.728543619,0.65,1.0,0.7,0.7
balanced stable MOF candidates for general materials discovery,q4_balanced_discovery,49,Random,2,qmof-a87a11c,Cd4C60H44N28O12,1|1|1|1,0.747905,0.8613682936698823,0.022859904476903073,,0.747905,0.04333300000780582,3.454983,1.949853815,0.65,1.0,0.7,0.7
balanced stable MOF candidates for general materials discovery,q4_balanced_discovery,49,Random,3,qmof-aabf74a,MnC6H12N8O4,1|1|1|1,0.747905,0.8613682936698823,0.03817320326240173,,0.747905,0.04333300000780582,2.006778,1.730127558,0.65,1.0,0.7,0.7
balanced stable MOF candidates for general materials discovery,q4_balanced_discovery,49,Random,4,qmof-2bc26d1,Cu4C16H20N36,1|1|1|1,0.747905,0.8613682936698823,0.031096266377346585,,0.747905,0.04333300000780582,2.050339,1.990770325,0.65,1.0,0.7,0.7
balanced stable MOF candidates for general materials discovery,q4_balanced_discovery,49,Random,5,qmof-78dd0b4,Ag2C34H30N8O10S2,1|1|1|1,0.747905,0.8613682936698823,0.02502337226077668,,0.747905,0.04333300000780582,3.174877,1.771506862,0.65,1.0,0.7,0.7
balanced stable MOF candidates for general materials discovery,q4_balanced_discovery,49,MMR,1,qmof-cef46c3,Zn2C48H32N8O8,1|1|1|1,0.897905,0.8484455543377233,0.0,,0.897905,2027.2678329999962,2.913296,0.7895211,0.65,1.0,1.0,1.0
balanced stable MOF candidates for general materials discovery,q4_balanced_discovery,49,MMR,2,qmof-235f291,Ni2C24H16N8,1|1|1|1,0.897905,0.8484455543377233,0.018065800783527982,,0.897905,2027.2678329999962,3.336142,0.870801372,0.65,1.0,1.0,1.0
balanced stable MOF candidates for general materials discovery,q4_balanced_discovery,49,MMR,3,qmof-ac6a77a,Zn4C76H44N8O16,1|1|1|1,0.897905,0.8484455543377233,0.025875682810848587,,0.897905,2027.2678329999962,2.401359,0.82887956,0.65,1.0,1.0,1.0
balanced stable MOF candidates for general materials discovery,q4_balanced_discovery,49,MMR,4,qmof-a1a5849,Fe2C24H16N8,1|1|1|1,0.897905,0.8484455543377233,0.01939974325517896,,0.897905,2027.2678329999962,2.75343,0.925170256,0.65,1.0,1.0,1.0
balanced stable MOF candidates for general materials discovery,q4_balanced_discovery,49,MMR,5,qmof-c0f392b,Zn2C44H38N6O12,1|1|1|1,0.897905,0.8484455543377233,0.01739443877487013,,0.897905,2027.2678329999962,2.464185,0.915527725,0.65,1.0,1.0,1.0
balanced stable MOF candidates for general materials discovery,q4_balanced_discovery,49,LEA,1,qmof-cef46c3,Zn2C48H32N8O8,1|1|1|1,0.897905,0.8484455543377233,0.0,,0.9827495554337723,82.08999999999378,2.913296,0.7895211,0.65,1.0,1.0,1.0
balanced stable MOF candidates for general materials discovery,q4_balanced_discovery,49,LEA,2,qmof-ac6a77a,Zn4C76H44N8O16,1|1|1|1,0.897905,0.8484455543377233,0.01736169986613541,,0.9373034094765987,82.08999999999378,2.401359,0.82887956,0.65,1.0,1.0,1.0
balanced stable MOF candidates for general materials discovery,q4_balanced_discovery,49,LEA,3,qmof-a1a5849,Fe2C24H16N8,1|1|1|1,0.897905,0.8484455543377233,0.023439895577283917,,0.9372834090122213,82.08999999999378,2.75343,0.925170256,0.65,1.0,1.0,1.0
balanced stable MOF candidates for general materials discovery,q4_balanced_discovery,49,LEA,4,qmof-235f291,Ni2C24H16N8,1|1|1|1,0.897905,0.8484455543377233,0.021258301716686263,,0.9369353389033286,82.08999999999378,3.336142,0.870801372,0.65,1.0,1.0,1.0
balanced stable MOF candidates for general materials discovery,q4_balanced_discovery,49,LEA,5,qmof-c0f392b,Zn2C44H38N6O12,1|1|1|1,0.897905,0.8484455543377233,0.01739443877487013,,0.9367389165972313,82.08999999999378,2.464185,0.915527725,0.65,1.0,1.0,1.0
balanced stable MOF candidates for general materials discovery,q4_balanced_discovery,49,LEA no diversity,1,qmof-cef46c3,Zn2C48H32N8O8,1|1|1|1,0.897905,0.8484455543377233,0.0,,0.9827495554337723,80.85387500000252,2.913296,0.7895211,0.65,1.0,1.0,1.0
balanced stable MOF candidates for general materials discovery,q4_balanced_discovery,49,LEA no diversity,2,qmof-ac6a77a,Zn4C76H44N8O16,1|1|1|1,0.897905,0.8484455543377233,0.01736169986613541,,0.9342521463957608,80.85387500000252,2.401359,0.82887956,0.65,1.0,1.0,1.0
balanced stable MOF candidates for general materials discovery,q4_balanced_discovery,49,LEA no diversity,3,qmof-a1a5849,Fe2C24H16N8,1|1|1|1,0.897905,0.8484455543377233,0.023439895577283917,,0.9342456141963382,80.85387500000252,2.75343,0.925170256,0.65,1.0,1.0,1.0
balanced stable MOF candidates for general materials discovery,q4_balanced_discovery,49,LEA no diversity,4,qmof-235f291,Ni2C24H16N8,1|1|1|1,0.897905,0.8484455543377233,0.021258301716686263,,0.9341318387958342,80.85387500000252,3.336142,0.870801372,0.65,1.0,1.0,1.0
balanced stable MOF candidates for general materials discovery,q4_balanced_discovery,49,LEA no diversity,5,qmof-c0f392b,Zn2C44H38N6O12,1|1|1|1,0.897905,0.8484455543377233,0.01739443877487013,,0.9340675540623966,80.85387500000252,2.464185,0.915527725,0.65,1.0,1.0,1.0
balanced stable MOF candidates for general materials discovery,q4_balanced_discovery,49,LEA no self-cleaning,1,qmof-cef46c3,Zn2C48H32N8O8,1|1|1|1,0.897905,0.8484455543377233,0.0,,0.9827495554337723,80.68295800001124,2.913296,0.7895211,0.65,1.0,1.0,1.0
balanced stable MOF candidates for general materials discovery,q4_balanced_discovery,49,LEA no self-cleaning,2,qmof-ac6a77a,Zn4C76H44N8O16,1|1|1|1,0.897905,0.8484455543377233,0.01736169986613541,,0.9373034094765987,80.68295800001124,2.401359,0.82887956,0.65,1.0,1.0,1.0
balanced stable MOF candidates for general materials discovery,q4_balanced_discovery,49,LEA no self-cleaning,3,qmof-a1a5849,Fe2C24H16N8,1|1|1|1,0.897905,0.8484455543377233,0.023439895577283917,,0.9372834090122213,80.68295800001124,2.75343,0.925170256,0.65,1.0,1.0,1.0
balanced stable MOF candidates for general materials discovery,q4_balanced_discovery,49,LEA no self-cleaning,4,qmof-235f291,Ni2C24H16N8,1|1|1|1,0.897905,0.8484455543377233,0.021258301716686263,,0.9369353389033286,80.68295800001124,3.336142,0.870801372,0.65,1.0,1.0,1.0
balanced stable MOF candidates for general materials discovery,q4_balanced_discovery,49,LEA no self-cleaning,5,qmof-c0f392b,Zn2C44H38N6O12,1|1|1|1,0.897905,0.8484455543377233,0.01739443877487013,,0.9367389165972313,80.68295800001124,2.464185,0.915527725,0.65,1.0,1.0,1.0
balanced stable MOF candidates for general materials discovery,q4_balanced_discovery,49,GraphSAGE only,1,qmof-235f291,Ni2C24H16N8,1|1|1|1,0.897905,0.8484455543377233,0.0,0.2626898971,0.897905,0.03679199997463911,3.336142,0.870801372,0.65,1.0,1.0,1.0
balanced stable MOF candidates for general materials discovery,q4_balanced_discovery,49,GraphSAGE only,2,qmof-a1a5849,Fe2C24H16N8,1|1|1|1,0.897905,0.8484455543377233,0.011319438610969042,0.2586122308,0.897905,0.03679199997463911,2.75343,0.925170256,0.65,1.0,1.0,1.0
balanced stable MOF candidates for general materials discovery,q4_balanced_discovery,49,GraphSAGE only,3,qmof-ac6a77a,Zn4C76H44N8O16,1|1|1|1,0.897905,0.8484455543377233,0.032294819024239745,0.2567529519189189,0.897905,0.03679199997463911,2.401359,0.82887956,0.65,1.0,1.0,1.0
balanced stable MOF candidates for general materials discovery,q4_balanced_discovery,49,GraphSAGE only,4,qmof-13a76dd,Zn4C40H28N12O8,1|1|1|1,0.897905,0.8484455543377233,0.01900433358340829,0.25673107788369565,0.897905,0.03679199997463911,3.309168,0.982716063,0.65,1.0,1.0,1.0
balanced stable MOF candidates for general materials discovery,q4_balanced_discovery,49,GraphSAGE only,5,qmof-e566fbb,Zn2C36H22N6O8,1|1|1|1,0.897905,0.8484455543377233,0.015052182145351823,0.2563490934189189,0.897905,0.03679199997463911,2.93315,0.83426434,0.65,1.0,1.0,1.0
balanced stable MOF candidates for general materials discovery,q4_balanced_discovery,49,GAT only,1,qmof-235f291,Ni2C24H16N8,1|1|1|1,0.897905,0.8484455543377233,0.0,0.41374343425000004,0.897905,0.03433300000210693,3.336142,0.870801372,0.65,1.0,1.0,1.0
balanced stable MOF candidates for general materials discovery,q4_balanced_discovery,49,GAT only,2,qmof-13a76dd,Zn4C40H28N12O8,1|1|1|1,0.897905,0.8484455543377233,0.01461054884391458,0.4066955434538043,0.897905,0.03433300000210693,3.309168,0.982716063,0.65,1.0,1.0,1.0
balanced stable MOF candidates for general materials discovery,q4_balanced_discovery,49,GAT only,3,qmof-e566fbb,Zn2C36H22N6O8,1|1|1|1,0.897905,0.8484455543377233,0.0123384947530898,0.38600964091216217,0.897905,0.03433300000210693,2.93315,0.83426434,0.65,1.0,1.0,1.0
balanced stable MOF candidates for general materials discovery,q4_balanced_discovery,49,GAT only,4,qmof-cef46c3,Zn2C48H32N8O8,1|1|1|1,0.897905,0.8484455543377233,0.01194176634097749,0.3846363647193877,0.897905,0.03433300000210693,2.913296,0.7895211,0.65,1.0,1.0,1.0
balanced stable MOF candidates for general materials discovery,q4_balanced_discovery,49,GAT only,5,qmof-a1a5849,Fe2C24H16N8,1|1|1|1,0.897905,0.8484455543377233,0.014550668299126329,0.375382659,0.897905,0.03433300000210693,2.75343,0.925170256,0.65,1.0,1.0,1.0
balanced stable MOF candidates for general materials discovery,q4_balanced_discovery,49,LEA + GraphSAGE,1,qmof-235f291,Ni2C24H16N8,1|1|1|1,0.897905,0.8484455543377233,0.0,0.2626898971,0.8733079759657986,80.27000000001294,3.336142,0.870801372,0.65,1.0,1.0,1.0
balanced stable MOF candidates for general materials discovery,q4_balanced_discovery,49,LEA + GraphSAGE,2,qmof-a1a5849,Fe2C24H16N8,1|1|1|1,0.897905,0.8484455543377233,0.011319438610969042,0.2586122308,0.8725516083256909,80.27000000001294,2.75343,0.925170256,0.65,1.0,1.0,1.0
balanced stable MOF candidates for general materials discovery,q4_balanced_discovery,49,LEA + GraphSAGE,3,qmof-ac6a77a,Zn4C76H44N8O16,1|1|1|1,0.897905,0.8484455543377233,0.032294819024239745,0.2567529519189189,0.872206666446936,80.27000000001294,2.401359,0.82887956,0.65,1.0,1.0,1.0
balanced stable MOF candidates for general materials discovery,q4_balanced_discovery,49,LEA + GraphSAGE,4,qmof-13a76dd,Zn4C40H28N12O8,1|1|1|1,0.897905,0.8484455543377233,0.01900433358340829,0.25673107788369565,0.8722026080408567,80.27000000001294,3.309168,0.982716063,0.65,1.0,1.0,1.0
balanced stable MOF candidates for general materials discovery,q4_balanced_discovery,49,LEA + GraphSAGE,5,qmof-e566fbb,Zn2C36H22N6O8,1|1|1|1,0.897905,0.8484455543377233,0.015052182145351823,0.2563490934189189,0.8721317355511468,80.27000000001294,2.93315,0.83426434,0.65,1.0,1.0,1.0
balanced stable MOF candidates for general materials discovery,q4_balanced_discovery,49,LEA + GAT,1,qmof-235f291,Ni2C24H16N8,1|1|1|1,0.897905,0.8484455543377233,0.0,0.41374343425000004,0.9011610018922696,80.0041250000163,3.336142,0.870801372,0.65,1.0,1.0,1.0
balanced stable MOF candidates for general materials discovery,q4_balanced_discovery,49,LEA + GAT,2,qmof-13a76dd,Zn4C40H28N12O8,1|1|1|1,0.897905,0.8484455543377233,0.01461054884391458,0.4066955434538043,0.8998701210407752,80.0041250000163,3.309168,0.982716063,0.65,1.0,1.0,1.0
balanced stable MOF candidates for general materials discovery,q4_balanced_discovery,49,LEA + GAT,3,qmof-e566fbb,Zn2C36H22N6O8,1|1|1|1,0.897905,0.8484455543377233,0.0123384947530898,0.38600964091216217,0.8960755896858646,80.0041250000163,2.93315,0.83426434,0.65,1.0,1.0,1.0
balanced stable MOF candidates for general materials discovery,q4_balanced_discovery,49,LEA + GAT,4,qmof-cef46c3,Zn2C48H32N8O8,1|1|1|1,0.897905,0.8484455543377233,0.01194176634097749,0.3846363647193877,0.8958233909136354,80.0041250000163,2.913296,0.7895211,0.65,1.0,1.0,1.0
balanced stable MOF candidates for general materials discovery,q4_balanced_discovery,49,LEA + GAT,5,qmof-a1a5849,Fe2C24H16N8,1|1|1|1,0.897905,0.8484455543377233,0.014550668299126329,0.375382659,0.8941230652286947,80.0041250000163,2.75343,0.925170256,0.65,1.0,1.0,1.0
balanced stable MOF candidates for general materials discovery,q4_balanced_discovery,50,SemanticOnly,1,qmof-fe66204,Ni2C36H56N4O8P4S10,1|1|1|1,0.747905,0.8613682936698823,0.0,,0.747905,0.031624999991208824,3.022739,1.578999837,0.65,1.0,0.7,0.7
balanced stable MOF candidates for general materials discovery,q4_balanced_discovery,50,SemanticOnly,2,qmof-fc79d47,Cu2C34H36I2N12,1|1|1|1,0.747905,0.8613682936698823,0.022680329722633338,,0.747905,0.031624999991208824,2.588499,1.87774837,0.65,1.0,0.7,0.7
balanced stable MOF candidates for general materials discovery,q4_balanced_discovery,50,SemanticOnly,3,qmof-f6f9b84,CoC12H10N10,1|1|1|1,0.747905,0.8613682936698823,0.030291206061489738,,0.747905,0.031624999991208824,3.270432,1.60268084,0.65,1.0,0.7,0.7
balanced stable MOF candidates for general materials discovery,q4_balanced_discovery,50,SemanticOnly,4,qmof-f429f3b,Cu3C8H18N12O6S2,1|1|1|1,0.747905,0.8613682936698823,0.02391511384961297,,0.747905,0.031624999991208824,2.822862,1.914333583,0.65,1.0,0.7,0.7
balanced stable MOF candidates for general materials discovery,q4_balanced_discovery,50,SemanticOnly,5,qmof-e566fbb,Zn2C36H22N6O8,1|1|1|1,0.897905,0.8484455543377233,0.03352423576311407,,0.897905,0.031624999991208824,2.93315,0.83426434,0.65,1.0,1.0,1.0
balanced stable MOF candidates for general materials discovery,q4_balanced_discovery,50,WeightedSum,1,qmof-e566fbb,Zn2C36H22N6O8,1|1|1|1,0.897905,0.8484455543377233,0.0,,0.897905,0.04400000000259752,2.93315,0.83426434,0.65,1.0,1.0,1.0
balanced stable MOF candidates for general materials discovery,q4_balanced_discovery,50,WeightedSum,2,qmof-cef46c3,Zn2C48H32N8O8,1|1|1|1,0.897905,0.8484455543377233,0.007206297341252901,,0.897905,0.04400000000259752,2.913296,0.7895211,0.65,1.0,1.0,1.0
balanced stable MOF candidates for general materials discovery,q4_balanced_discovery,50,WeightedSum,3,qmof-c0f392b,Zn2C44H38N6O12,1|1|1|1,0.897905,0.8484455543377233,0.012066926313604693,,0.897905,0.04400000000259752,2.464185,0.915527725,0.65,1.0,1.0,1.0
balanced stable MOF candidates for general materials discovery,q4_balanced_discovery,50,WeightedSum,4,qmof-ac6a77a,Zn4C76H44N8O16,1|1|1|1,0.897905,0.8484455543377233,0.018368560155257573,,0.897905,0.04400000000259752,2.401359,0.82887956,0.65,1.0,1.0,1.0
balanced stable MOF candidates for general materials discovery,q4_balanced_discovery,50,WeightedSum,5,qmof-a1a5849,Fe2C24H16N8,1|1|1|1,0.897905,0.8484455543377233,0.01962893153373782,,0.897905,0.04400000000259752,2.75343,0.925170256,0.65,1.0,1.0,1.0
balanced stable MOF candidates for general materials discovery,q4_balanced_discovery,50,TOPSIS,1,qmof-e566fbb,Zn2C36H22N6O8,1|1|1|1,0.897905,0.8484455543377233,0.0,,0.897905,0.9899160000088614,2.93315,0.83426434,0.65,1.0,1.0,1.0
balanced stable MOF candidates for general materials discovery,q4_balanced_discovery,50,TOPSIS,2,qmof-cef46c3,Zn2C48H32N8O8,1|1|1|1,0.897905,0.8484455543377233,0.007206297341252901,,0.897905,0.9899160000088614,2.913296,0.7895211,0.65,1.0,1.0,1.0
balanced stable MOF candidates for general materials discovery,q4_balanced_discovery,50,TOPSIS,3,qmof-c0f392b,Zn2C44H38N6O12,1|1|1|1,0.897905,0.8484455543377233,0.012066926313604693,,0.897905,0.9899160000088614,2.464185,0.915527725,0.65,1.0,1.0,1.0
balanced stable MOF candidates for general materials discovery,q4_balanced_discovery,50,TOPSIS,4,qmof-ac6a77a,Zn4C76H44N8O16,1|1|1|1,0.897905,0.8484455543377233,0.018368560155257573,,0.897905,0.9899160000088614,2.401359,0.82887956,0.65,1.0,1.0,1.0
balanced stable MOF candidates for general materials discovery,q4_balanced_discovery,50,TOPSIS,5,qmof-a1a5849,Fe2C24H16N8,1|1|1|1,0.897905,0.8484455543377233,0.01962893153373782,,0.897905,0.9899160000088614,2.75343,0.925170256,0.65,1.0,1.0,1.0
balanced stable MOF candidates for general materials discovery,q4_balanced_discovery,50,ParetoCrowding,1,qmof-ac6a77a,Zn4C76H44N8O16,1|1|1|1,0.897905,0.8484455543377233,0.0,,0.897905,202.87212499999896,2.401359,0.82887956,0.65,1.0,1.0,1.0
balanced stable MOF candidates for general materials discovery,q4_balanced_discovery,50,ParetoCrowding,2,qmof-235f291,Ni2C24H16N8,1|1|1|1,0.897905,0.8484455543377233,0.034389665755561766,,0.897905,202.87212499999896,3.336142,0.870801372,0.65,1.0,1.0,1.0
balanced stable MOF candidates for general materials discovery,q4_balanced_discovery,50,ParetoCrowding,3,qmof-a1a5849,Fe2C24H16N8,1|1|1|1,0.897905,0.8484455543377233,0.020759705451943382,,0.897905,202.87212499999896,2.75343,0.925170256,0.65,1.0,1.0,1.0
balanced stable MOF candidates for general materials discovery,q4_balanced_discovery,50,ParetoCrowding,4,qmof-cef46c3,Zn2C48H32N8O8,1|1|1|1,0.897905,0.8484455543377233,0.01736910650377117,,0.897905,202.87212499999896,2.913296,0.7895211,0.65,1.0,1.0,1.0
balanced stable MOF candidates for general materials discovery,q4_balanced_discovery,50,ParetoCrowding,5,qmof-e566fbb,Zn2C36H22N6O8,1|1|1|1,0.897905,0.8484455543377233,0.014192172434040837,,0.897905,202.87212499999896,2.93315,0.83426434,0.65,1.0,1.0,1.0
balanced stable MOF candidates for general materials discovery,q4_balanced_discovery,50,Random,1,qmof-915b8e1,FeZnC30F12H18N2O4S2,1|1|1|1,0.747905,0.8613682936698823,0.0,,0.747905,0.04387499998870226,2.947436,1.78953622,0.65,1.0,0.7,0.7
balanced stable MOF candidates for general materials discovery,q4_balanced_discovery,50,Random,2,qmof-7da8960,CoC16Cl6H16N2O6,1|1|1|1,0.747905,0.8613682936698823,0.016333103506307352,,0.747905,0.04387499998870226,3.030121,1.854985624,0.65,1.0,0.7,0.7
balanced stable MOF candidates for general materials discovery,q4_balanced_discovery,50,Random,3,qmof-cef46c3,Zn2C48H32N8O8,1|1|1|1,0.897905,0.8484455543377233,0.03620690650053915,,0.897905,0.04387499998870226,2.913296,0.7895211,0.65,1.0,1.0,1.0
balanced stable MOF candidates for general materials discovery,q4_balanced_discovery,50,Random,4,qmof-fe66204,Ni2C36H56N4O8P4S10,1|1|1|1,0.747905,0.8613682936698823,0.025344203594315138,,0.747905,0.04387499998870226,3.022739,1.578999837,0.65,1.0,0.7,0.7
balanced stable MOF candidates for general materials discovery,q4_balanced_discovery,50,Random,5,qmof-235f291,Ni2C24H16N8,1|1|1|1,0.897905,0.8484455543377233,0.03182413927671657,,0.897905,0.04387499998870226,3.336142,0.870801372,0.65,1.0,1.0,1.0
balanced stable MOF candidates for general materials discovery,q4_balanced_discovery,50,MMR,1,qmof-a1a5849,Fe2C24H16N8,1|1|1|1,0.897905,0.8484455543377233,0.0,,0.897905,2038.284209000011,2.75343,0.925170256,0.65,1.0,1.0,1.0
balanced stable MOF candidates for general materials discovery,q4_balanced_discovery,50,MMR,2,qmof-ac6a77a,Zn4C76H44N8O16,1|1|1|1,0.897905,0.8484455543377233,0.030199972292917723,,0.897905,2038.284209000011,2.401359,0.82887956,0.65,1.0,1.0,1.0
balanced stable MOF candidates for general materials discovery,q4_balanced_discovery,50,MMR,3,qmof-13a76dd,Zn4C40H28N12O8,1|1|1|1,0.897905,0.8484455543377233,0.021201225953155142,,0.897905,2038.284209000011,3.309168,0.982716063,0.65,1.0,1.0,1.0
balanced stable MOF candidates for general materials discovery,q4_balanced_discovery,50,MMR,4,qmof-c0f392b,Zn2C44H38N6O12,1|1|1|1,0.897905,0.8484455543377233,0.017196445679571768,,0.897905,2038.284209000011,2.464185,0.915527725,0.65,1.0,1.0,1.0
balanced stable MOF candidates for general materials discovery,q4_balanced_discovery,50,MMR,5,qmof-235f291,Ni2C24H16N8,1|1|1|1,0.897905,0.8484455543377233,0.021337456906993173,,0.897905,2038.284209000011,3.336142,0.870801372,0.65,1.0,1.0,1.0
balanced stable MOF candidates for general materials discovery,q4_balanced_discovery,50,LEA,1,qmof-a1a5849,Fe2C24H16N8,1|1|1|1,0.897905,0.8484455543377233,0.0,,0.9827495554337723,82.83645800000272,2.75343,0.925170256,0.65,1.0,1.0,1.0
balanced stable MOF candidates for general materials discovery,q4_balanced_discovery,50,LEA,2,qmof-ac6a77a,Zn4C76H44N8O16,1|1|1|1,0.897905,0.8484455543377233,0.030199972292917723,,0.938850180345645,82.83645800000272,2.401359,0.82887956,0.65,1.0,1.0,1.0
balanced stable MOF candidates for general materials discovery,q4_balanced_discovery,50,LEA,3,qmof-c0f392b,Zn2C44H38N6O12,1|1|1|1,0.897905,0.8484455543377233,0.01692408825239653,,0.9380840650281069,82.83645800000272,2.464185,0.915527725,0.65,1.0,1.0,1.0
balanced stable MOF candidates for general materials discovery,q4_balanced_discovery,50,LEA,4,qmof-cef46c3,Zn2C48H32N8O8,1|1|1|1,0.897905,0.8484455543377233,0.014913640968315227,,0.9376899282151515,82.83645800000272,2.913296,0.7895211,0.65,1.0,1.0,1.0
balanced stable MOF candidates for general materials discovery,q4_balanced_discovery,50,LEA,5,qmof-e566fbb,Zn2C36H22N6O8,1|1|1|1,0.897905,0.8484455543377233,0.014043121216632454,,0.9376136771222081,82.83645800000272,2.93315,0.83426434,0.65,1.0,1.0,1.0
balanced stable MOF candidates for general materials discovery,q4_balanced_discovery,50,LEA no diversity,1,qmof-a1a5849,Fe2C24H16N8,1|1|1|1,0.897905,0.8484455543377233,0.0,,0.9827495554337723,81.38987499998507,2.75343,0.925170256,0.65,1.0,1.0,1.0
balanced stable MOF candidates for general materials discovery,q4_balanced_discovery,50,LEA no diversity,2,qmof-ac6a77a,Zn4C76H44N8O16,1|1|1|1,0.897905,0.8484455543377233,0.030199972292917723,,0.9347555310072473,81.38987499998507,2.401359,0.82887956,0.65,1.0,1.0,1.0
balanced stable MOF candidates for general materials discovery,q4_balanced_discovery,50,LEA no diversity,3,qmof-c0f392b,Zn2C44H38N6O12,1|1|1|1,0.897905,0.8484455543377233,0.01692408825239653,,0.9345066475327348,81.38987499998507,2.464185,0.915527725,0.65,1.0,1.0,1.0
balanced stable MOF candidates for general materials discovery,q4_balanced_discovery,50,LEA no diversity,4,qmof-cef46c3,Zn2C48H32N8O8,1|1|1|1,0.897905,0.8484455543377233,0.014913640968315227,,0.9343782679860834,81.38987499998507,2.913296,0.7895211,0.65,1.0,1.0,1.0
balanced stable MOF candidates for general materials discovery,q4_balanced_discovery,50,LEA no diversity,5,qmof-e566fbb,Zn2C36H22N6O8,1|1|1|1,0.897905,0.8484455543377233,0.014043121216632454,,0.9343534046693394,81.38987499998507,2.93315,0.83426434,0.65,1.0,1.0,1.0
balanced stable MOF candidates for general materials discovery,q4_balanced_discovery,50,LEA no self-cleaning,1,qmof-a1a5849,Fe2C24H16N8,1|1|1|1,0.897905,0.8484455543377233,0.0,,0.9827495554337723,81.34720800001105,2.75343,0.925170256,0.65,1.0,1.0,1.0
balanced stable MOF candidates for general materials discovery,q4_balanced_discovery,50,LEA no self-cleaning,2,qmof-ac6a77a,Zn4C76H44N8O16,1|1|1|1,0.897905,0.8484455543377233,0.030199972292917723,,0.938850180345645,81.34720800001105,2.401359,0.82887956,0.65,1.0,1.0,1.0
balanced stable MOF candidates for general materials discovery,q4_balanced_discovery,50,LEA no self-cleaning,3,qmof-c0f392b,Zn2C44H38N6O12,1|1|1|1,0.897905,0.8484455543377233,0.01692408825239653,,0.9380840650281069,81.34720800001105,2.464185,0.915527725,0.65,1.0,1.0,1.0
balanced stable MOF candidates for general materials discovery,q4_balanced_discovery,50,LEA no self-cleaning,4,qmof-cef46c3,Zn2C48H32N8O8,1|1|1|1,0.897905,0.8484455543377233,0.014913640968315227,,0.9376899282151515,81.34720800001105,2.913296,0.7895211,0.65,1.0,1.0,1.0
balanced stable MOF candidates for general materials discovery,q4_balanced_discovery,50,LEA no self-cleaning,5,qmof-e566fbb,Zn2C36H22N6O8,1|1|1|1,0.897905,0.8484455543377233,0.014043121216632454,,0.9376136771222081,81.34720800001105,2.93315,0.83426434,0.65,1.0,1.0,1.0
balanced stable MOF candidates for general materials discovery,q4_balanced_discovery,50,GraphSAGE only,1,qmof-235f291,Ni2C24H16N8,1|1|1|1,0.897905,0.8484455543377233,0.0,0.2626898971,0.897905,0.036375000007637937,3.336142,0.870801372,0.65,1.0,1.0,1.0
balanced stable MOF candidates for general materials discovery,q4_balanced_discovery,50,GraphSAGE only,2,qmof-a1a5849,Fe2C24H16N8,1|1|1|1,0.897905,0.8484455543377233,0.011319438610969042,0.2586122308,0.897905,0.036375000007637937,2.75343,0.925170256,0.65,1.0,1.0,1.0
balanced stable MOF candidates for general materials discovery,q4_balanced_discovery,50,GraphSAGE only,3,qmof-ac6a77a,Zn4C76H44N8O16,1|1|1|1,0.897905,0.8484455543377233,0.032294819024239745,0.2567529519189189,0.897905,0.036375000007637937,2.401359,0.82887956,0.65,1.0,1.0,1.0
balanced stable MOF candidates for general materials discovery,q4_balanced_discovery,50,GraphSAGE only,4,qmof-13a76dd,Zn4C40H28N12O8,1|1|1|1,0.897905,0.8484455543377233,0.01900433358340829,0.25673107788369565,0.897905,0.036375000007637937,3.309168,0.982716063,0.65,1.0,1.0,1.0
balanced stable MOF candidates for general materials discovery,q4_balanced_discovery,50,GraphSAGE only,5,qmof-e566fbb,Zn2C36H22N6O8,1|1|1|1,0.897905,0.8484455543377233,0.015052182145351823,0.2563490934189189,0.897905,0.036375000007637937,2.93315,0.83426434,0.65,1.0,1.0,1.0
balanced stable MOF candidates for general materials discovery,q4_balanced_discovery,50,GAT only,1,qmof-235f291,Ni2C24H16N8,1|1|1|1,0.897905,0.8484455543377233,0.0,0.41374343425000004,0.897905,0.03258399999594985,3.336142,0.870801372,0.65,1.0,1.0,1.0
balanced stable MOF candidates for general materials discovery,q4_balanced_discovery,50,GAT only,2,qmof-13a76dd,Zn4C40H28N12O8,1|1|1|1,0.897905,0.8484455543377233,0.01461054884391458,0.4066955434538043,0.897905,0.03258399999594985,3.309168,0.982716063,0.65,1.0,1.0,1.0
balanced stable MOF candidates for general materials discovery,q4_balanced_discovery,50,GAT only,3,qmof-e566fbb,Zn2C36H22N6O8,1|1|1|1,0.897905,0.8484455543377233,0.0123384947530898,0.38600964091216217,0.897905,0.03258399999594985,2.93315,0.83426434,0.65,1.0,1.0,1.0
balanced stable MOF candidates for general materials discovery,q4_balanced_discovery,50,GAT only,4,qmof-cef46c3,Zn2C48H32N8O8,1|1|1|1,0.897905,0.8484455543377233,0.01194176634097749,0.3846363647193877,0.897905,0.03258399999594985,2.913296,0.7895211,0.65,1.0,1.0,1.0
balanced stable MOF candidates for general materials discovery,q4_balanced_discovery,50,GAT only,5,qmof-a1a5849,Fe2C24H16N8,1|1|1|1,0.897905,0.8484455543377233,0.014550668299126329,0.375382659,0.897905,0.03258399999594985,2.75343,0.925170256,0.65,1.0,1.0,1.0
balanced stable MOF candidates for general materials discovery,q4_balanced_discovery,50,LEA + GraphSAGE,1,qmof-235f291,Ni2C24H16N8,1|1|1|1,0.897905,0.8484455543377233,0.0,0.2626898971,0.8733079759657986,82.08037500000387,3.336142,0.870801372,0.65,1.0,1.0,1.0
balanced stable MOF candidates for general materials discovery,q4_balanced_discovery,50,LEA + GraphSAGE,2,qmof-a1a5849,Fe2C24H16N8,1|1|1|1,0.897905,0.8484455543377233,0.011319438610969042,0.2586122308,0.8725516083256909,82.08037500000387,2.75343,0.925170256,0.65,1.0,1.0,1.0
balanced stable MOF candidates for general materials discovery,q4_balanced_discovery,50,LEA + GraphSAGE,3,qmof-ac6a77a,Zn4C76H44N8O16,1|1|1|1,0.897905,0.8484455543377233,0.032294819024239745,0.2567529519189189,0.872206666446936,82.08037500000387,2.401359,0.82887956,0.65,1.0,1.0,1.0
balanced stable MOF candidates for general materials discovery,q4_balanced_discovery,50,LEA + GraphSAGE,4,qmof-13a76dd,Zn4C40H28N12O8,1|1|1|1,0.897905,0.8484455543377233,0.01900433358340829,0.25673107788369565,0.8722026080408567,82.08037500000387,3.309168,0.982716063,0.65,1.0,1.0,1.0
balanced stable MOF candidates for general materials discovery,q4_balanced_discovery,50,LEA + GraphSAGE,5,qmof-e566fbb,Zn2C36H22N6O8,1|1|1|1,0.897905,0.8484455543377233,0.015052182145351823,0.2563490934189189,0.8721317355511468,82.08037500000387,2.93315,0.83426434,0.65,1.0,1.0,1.0
balanced stable MOF candidates for general materials discovery,q4_balanced_discovery,50,LEA + GAT,1,qmof-235f291,Ni2C24H16N8,1|1|1|1,0.897905,0.8484455543377233,0.0,0.41374343425000004,0.9011610018922696,83.72620800000163,3.336142,0.870801372,0.65,1.0,1.0,1.0
balanced stable MOF candidates for general materials discovery,q4_balanced_discovery,50,LEA + GAT,2,qmof-13a76dd,Zn4C40H28N12O8,1|1|1|1,0.897905,0.8484455543377233,0.01461054884391458,0.4066955434538043,0.8998701210407752,83.72620800000163,3.309168,0.982716063,0.65,1.0,1.0,1.0
balanced stable MOF candidates for general materials discovery,q4_balanced_discovery,50,LEA + GAT,3,qmof-e566fbb,Zn2C36H22N6O8,1|1|1|1,0.897905,0.8484455543377233,0.0123384947530898,0.38600964091216217,0.8960755896858646,83.72620800000163,2.93315,0.83426434,0.65,1.0,1.0,1.0
balanced stable MOF candidates for general materials discovery,q4_balanced_discovery,50,LEA + GAT,4,qmof-cef46c3,Zn2C48H32N8O8,1|1|1|1,0.897905,0.8484455543377233,0.01194176634097749,0.3846363647193877,0.8958233909136354,83.72620800000163,2.913296,0.7895211,0.65,1.0,1.0,1.0
balanced stable MOF candidates for general materials discovery,q4_balanced_discovery,50,LEA + GAT,5,qmof-a1a5849,Fe2C24H16N8,1|1|1|1,0.897905,0.8484455543377233,0.014550668299126329,0.375382659,0.8941230652286947,83.72620800000163,2.75343,0.925170256,0.65,1.0,1.0,1.0
balanced stable MOF candidates for general materials discovery,q4_balanced_discovery,51,SemanticOnly,1,qmof-e566fbb,Zn2C36H22N6O8,1|1|1|1,0.897905,0.8484455543377233,0.0,,0.897905,0.03479099999026403,2.93315,0.83426434,0.65,1.0,1.0,1.0
balanced stable MOF candidates for general materials discovery,q4_balanced_discovery,51,SemanticOnly,2,qmof-e411eea,FeC22H20N6O2S2,1|1|1|1,0.747905,0.8613682936698823,0.02554340374963629,,0.747905,0.03479099999026403,2.364736,1.521804317,0.65,1.0,0.7,0.7
balanced stable MOF candidates for general materials discovery,q4_balanced_discovery,51,SemanticOnly,3,qmof-e3dcc4d,Zn6C48H60N24,1|1|1|1,0.793755,0.7809823066508096,0.057475289285789835,,0.793755,0.03479099999026403,5.279321,0.917677932,0.65,0.5,1.0,1.0
balanced stable MOF candidates for general materials discovery,q4_balanced_discovery,51,SemanticOnly,4,qmof-e2ab328,Cd2C26H26N6O4S4,1|1|1|1,0.747905,0.8613682936698823,0.034472583691746064,,0.747905,0.03479099999026403,2.988187,1.84046829,0.65,1.0,0.7,0.7
balanced stable MOF candidates for general materials discovery,q4_balanced_discovery,51,SemanticOnly,5,qmof-e203bf0,Cd4C48H28N8O8S4,1|1|1|1,0.747905,0.8613682936698823,0.031316647253839924,,0.747905,0.03479099999026403,3.35412,1.913006696,0.65,1.0,0.7,0.7
balanced stable MOF candidates for general materials discovery,q4_balanced_discovery,51,WeightedSum,1,qmof-e566fbb,Zn2C36H22N6O8,1|1|1|1,0.897905,0.8484455543377233,0.0,,0.897905,0.04620799998633629,2.93315,0.83426434,0.65,1.0,1.0,1.0
balanced stable MOF candidates for general materials discovery,q4_balanced_discovery,51,WeightedSum,2,qmof-cef46c3,Zn2C48H32N8O8,1|1|1|1,0.897905,0.8484455543377233,0.007206297341252901,,0.897905,0.04620799998633629,2.913296,0.7895211,0.65,1.0,1.0,1.0
balanced stable MOF candidates for general materials discovery,q4_balanced_discovery,51,WeightedSum,3,qmof-c0f392b,Zn2C44H38N6O12,1|1|1|1,0.897905,0.8484455543377233,0.012066926313604693,,0.897905,0.04620799998633629,2.464185,0.915527725,0.65,1.0,1.0,1.0
balanced stable MOF candidates for general materials discovery,q4_balanced_discovery,51,WeightedSum,4,qmof-ac6a77a,Zn4C76H44N8O16,1|1|1|1,0.897905,0.8484455543377233,0.018368560155257573,,0.897905,0.04620799998633629,2.401359,0.82887956,0.65,1.0,1.0,1.0
balanced stable MOF candidates for general materials discovery,q4_balanced_discovery,51,WeightedSum,5,qmof-a1a5849,Fe2C24H16N8,1|1|1|1,0.897905,0.8484455543377233,0.01962893153373782,,0.897905,0.04620799998633629,2.75343,0.925170256,0.65,1.0,1.0,1.0
balanced stable MOF candidates for general materials discovery,q4_balanced_discovery,51,TOPSIS,1,qmof-e566fbb,Zn2C36H22N6O8,1|1|1|1,0.897905,0.8484455543377233,0.0,,0.897905,1.001458000018829,2.93315,0.83426434,0.65,1.0,1.0,1.0
balanced stable MOF candidates for general materials discovery,q4_balanced_discovery,51,TOPSIS,2,qmof-cef46c3,Zn2C48H32N8O8,1|1|1|1,0.897905,0.8484455543377233,0.007206297341252901,,0.897905,1.001458000018829,2.913296,0.7895211,0.65,1.0,1.0,1.0
balanced stable MOF candidates for general materials discovery,q4_balanced_discovery,51,TOPSIS,3,qmof-c0f392b,Zn2C44H38N6O12,1|1|1|1,0.897905,0.8484455543377233,0.012066926313604693,,0.897905,1.001458000018829,2.464185,0.915527725,0.65,1.0,1.0,1.0
balanced stable MOF candidates for general materials discovery,q4_balanced_discovery,51,TOPSIS,4,qmof-ac6a77a,Zn4C76H44N8O16,1|1|1|1,0.897905,0.8484455543377233,0.018368560155257573,,0.897905,1.001458000018829,2.401359,0.82887956,0.65,1.0,1.0,1.0
balanced stable MOF candidates for general materials discovery,q4_balanced_discovery,51,TOPSIS,5,qmof-a1a5849,Fe2C24H16N8,1|1|1|1,0.897905,0.8484455543377233,0.01962893153373782,,0.897905,1.001458000018829,2.75343,0.925170256,0.65,1.0,1.0,1.0
balanced stable MOF candidates for general materials discovery,q4_balanced_discovery,51,ParetoCrowding,1,qmof-ac6a77a,Zn4C76H44N8O16,1|1|1|1,0.897905,0.8484455543377233,0.0,,0.897905,219.50395899997943,2.401359,0.82887956,0.65,1.0,1.0,1.0
balanced stable MOF candidates for general materials discovery,q4_balanced_discovery,51,ParetoCrowding,2,qmof-235f291,Ni2C24H16N8,1|1|1|1,0.897905,0.8484455543377233,0.034389665755561766,,0.897905,219.50395899997943,3.336142,0.870801372,0.65,1.0,1.0,1.0
balanced stable MOF candidates for general materials discovery,q4_balanced_discovery,51,ParetoCrowding,3,qmof-a1a5849,Fe2C24H16N8,1|1|1|1,0.897905,0.8484455543377233,0.020759705451943382,,0.897905,219.50395899997943,2.75343,0.925170256,0.65,1.0,1.0,1.0
balanced stable MOF candidates for general materials discovery,q4_balanced_discovery,51,ParetoCrowding,4,qmof-cef46c3,Zn2C48H32N8O8,1|1|1|1,0.897905,0.8484455543377233,0.01736910650377117,,0.897905,219.50395899997943,2.913296,0.7895211,0.65,1.0,1.0,1.0
balanced stable MOF candidates for general materials discovery,q4_balanced_discovery,51,ParetoCrowding,5,qmof-e566fbb,Zn2C36H22N6O8,1|1|1|1,0.897905,0.8484455543377233,0.014192172434040837,,0.897905,219.50395899997943,2.93315,0.83426434,0.65,1.0,1.0,1.0
balanced stable MOF candidates for general materials discovery,q4_balanced_discovery,51,Random,1,qmof-bdc19f7,Zn2C52H32N12O24,1|1|1|1,0.747905,0.8613682936698823,0.0,,0.747905,0.04587500001207445,2.854907,1.687752067,0.65,1.0,0.7,0.7
balanced stable MOF candidates for general materials discovery,q4_balanced_discovery,51,Random,2,qmof-ac6a77a,Zn4C76H44N8O16,1|1|1|1,0.897905,0.8484455543377233,0.028488633217403237,,0.897905,0.04587500001207445,2.401359,0.82887956,0.65,1.0,1.0,1.0
balanced stable MOF candidates for general materials discovery,q4_balanced_discovery,51,Random,3,qmof-8707b97,Cd2C52Cl4H40N12,1|1|1|1,0.747905,0.8613682936698823,0.023981880892039148,,0.747905,0.04587500001207445,3.409213,1.358253897,0.65,1.0,0.7,0.7
balanced stable MOF candidates for general materials discovery,q4_balanced_discovery,51,Random,4,qmof-3d5b416,Ba2C68H48O24,1|1|1|1,0.747905,0.8613682936698823,0.018560989478794886,,0.747905,0.04587500001207445,2.624821,1.403824148,0.65,1.0,0.7,0.7
balanced stable MOF candidates for general materials discovery,q4_balanced_discovery,51,Random,5,qmof-8f318ef,Zn4C52H44N8O20,1|1|1|1,0.747905,0.8613682936698823,0.01771955984911156,,0.747905,0.04587500001207445,3.297531,1.616121345,0.65,1.0,0.7,0.7
balanced stable MOF candidates for general materials discovery,q4_balanced_discovery,51,MMR,1,qmof-a1a5849,Fe2C24H16N8,1|1|1|1,0.897905,0.8484455543377233,0.0,,0.897905,2058.6594579999937,2.75343,0.925170256,0.65,1.0,1.0,1.0
balanced stable MOF candidates for general materials discovery,q4_balanced_discovery,51,MMR,2,qmof-ac6a77a,Zn4C76H44N8O16,1|1|1|1,0.897905,0.8484455543377233,0.030199972292917723,,0.897905,2058.6594579999937,2.401359,0.82887956,0.65,1.0,1.0,1.0
balanced stable MOF candidates for general materials discovery,q4_balanced_discovery,51,MMR,3,qmof-13a76dd,Zn4C40H28N12O8,1|1|1|1,0.897905,0.8484455543377233,0.021201225953155142,,0.897905,2058.6594579999937,3.309168,0.982716063,0.65,1.0,1.0,1.0
balanced stable MOF candidates for general materials discovery,q4_balanced_discovery,51,MMR,4,qmof-c0f392b,Zn2C44H38N6O12,1|1|1|1,0.897905,0.8484455543377233,0.017196445679571768,,0.897905,2058.6594579999937,2.464185,0.915527725,0.65,1.0,1.0,1.0
balanced stable MOF candidates for general materials discovery,q4_balanced_discovery,51,MMR,5,qmof-235f291,Ni2C24H16N8,1|1|1|1,0.897905,0.8484455543377233,0.021337456906993173,,0.897905,2058.6594579999937,3.336142,0.870801372,0.65,1.0,1.0,1.0
balanced stable MOF candidates for general materials discovery,q4_balanced_discovery,51,LEA,1,qmof-a1a5849,Fe2C24H16N8,1|1|1|1,0.897905,0.8484455543377233,0.0,,0.9827495554337723,81.4972500000124,2.75343,0.925170256,0.65,1.0,1.0,1.0
balanced stable MOF candidates for general materials discovery,q4_balanced_discovery,51,LEA,2,qmof-ac6a77a,Zn4C76H44N8O16,1|1|1|1,0.897905,0.8484455543377233,0.030199972292917723,,0.9376986264988802,81.4972500000124,2.401359,0.82887956,0.65,1.0,1.0,1.0
balanced stable MOF candidates for general materials discovery,q4_balanced_discovery,51,LEA,3,qmof-c0f392b,Zn2C44H38N6O12,1|1|1|1,0.897905,0.8484455543377233,0.01692408825239653,,0.9365248760155782,81.4972500000124,2.464185,0.915527725,0.65,1.0,1.0,1.0
balanced stable MOF candidates for general materials discovery,q4_balanced_discovery,51,LEA,4,qmof-cef46c3,Zn2C48H32N8O8,1|1|1|1,0.897905,0.8484455543377233,0.014913640968315227,,0.9361399280237255,81.4972500000124,2.913296,0.7895211,0.65,1.0,1.0,1.0
balanced stable MOF candidates for general materials discovery,q4_balanced_discovery,51,LEA,5,qmof-235f291,Ni2C24H16N8,1|1|1|1,0.897905,0.8484455543377233,0.022201269891896525,,0.9360026130926093,81.4972500000124,3.336142,0.870801372,0.65,1.0,1.0,1.0
balanced stable MOF candidates for general materials discovery,q4_balanced_discovery,51,LEA no diversity,1,qmof-a1a5849,Fe2C24H16N8,1|1|1|1,0.897905,0.8484455543377233,0.0,,0.9827495554337723,82.03445799998121,2.75343,0.925170256,0.65,1.0,1.0,1.0
balanced stable MOF candidates for general materials discovery,q4_balanced_discovery,51,LEA no diversity,2,qmof-ac6a77a,Zn4C76H44N8O16,1|1|1|1,0.897905,0.8484455543377233,0.030199972292917723,,0.9343811037023289,82.03445799998121,2.401359,0.82887956,0.65,1.0,1.0,1.0
balanced stable MOF candidates for general materials discovery,q4_balanced_discovery,51,LEA no diversity,3,qmof-c0f392b,Zn2C44H38N6O12,1|1|1|1,0.897905,0.8484455543377233,0.01692408825239653,,0.9339974381890133,82.03445799998121,2.464185,0.915527725,0.65,1.0,1.0,1.0
balanced stable MOF candidates for general materials discovery,q4_balanced_discovery,51,LEA no diversity,4,qmof-cef46c3,Zn2C48H32N8O8,1|1|1|1,0.897905,0.8484455543377233,0.014913640968315227,,0.9338711653347994,82.03445799998121,2.913296,0.7895211,0.65,1.0,1.0,1.0
balanced stable MOF candidates for general materials discovery,q4_balanced_discovery,51,LEA no diversity,5,qmof-235f291,Ni2C24H16N8,1|1|1|1,0.897905,0.8484455543377233,0.022201269891896525,,0.9338260693890639,82.03445799998121,3.336142,0.870801372,0.65,1.0,1.0,1.0
balanced stable MOF candidates for general materials discovery,q4_balanced_discovery,51,LEA no self-cleaning,1,qmof-a1a5849,Fe2C24H16N8,1|1|1|1,0.897905,0.8484455543377233,0.0,,0.9827495554337723,82.95470900000623,2.75343,0.925170256,0.65,1.0,1.0,1.0
balanced stable MOF candidates for general materials discovery,q4_balanced_discovery,51,LEA no self-cleaning,2,qmof-ac6a77a,Zn4C76H44N8O16,1|1|1|1,0.897905,0.8484455543377233,0.030199972292917723,,0.9376986264988802,82.95470900000623,2.401359,0.82887956,0.65,1.0,1.0,1.0
balanced stable MOF candidates for general materials discovery,q4_balanced_discovery,51,LEA no self-cleaning,3,qmof-c0f392b,Zn2C44H38N6O12,1|1|1|1,0.897905,0.8484455543377233,0.01692408825239653,,0.9365248760155782,82.95470900000623,2.464185,0.915527725,0.65,1.0,1.0,1.0
balanced stable MOF candidates for general materials discovery,q4_balanced_discovery,51,LEA no self-cleaning,4,qmof-cef46c3,Zn2C48H32N8O8,1|1|1|1,0.897905,0.8484455543377233,0.014913640968315227,,0.9361399280237255,82.95470900000623,2.913296,0.7895211,0.65,1.0,1.0,1.0
balanced stable MOF candidates for general materials discovery,q4_balanced_discovery,51,LEA no self-cleaning,5,qmof-235f291,Ni2C24H16N8,1|1|1|1,0.897905,0.8484455543377233,0.022201269891896525,,0.9360026130926093,82.95470900000623,3.336142,0.870801372,0.65,1.0,1.0,1.0
balanced stable MOF candidates for general materials discovery,q4_balanced_discovery,51,GraphSAGE only,1,qmof-235f291,Ni2C24H16N8,1|1|1|1,0.897905,0.8484455543377233,0.0,0.2626898971,0.897905,0.039125000000694854,3.336142,0.870801372,0.65,1.0,1.0,1.0
balanced stable MOF candidates for general materials discovery,q4_balanced_discovery,51,GraphSAGE only,2,qmof-a1a5849,Fe2C24H16N8,1|1|1|1,0.897905,0.8484455543377233,0.011319438610969042,0.2586122308,0.897905,0.039125000000694854,2.75343,0.925170256,0.65,1.0,1.0,1.0
balanced stable MOF candidates for general materials discovery,q4_balanced_discovery,51,GraphSAGE only,3,qmof-ac6a77a,Zn4C76H44N8O16,1|1|1|1,0.897905,0.8484455543377233,0.032294819024239745,0.2567529519189189,0.897905,0.039125000000694854,2.401359,0.82887956,0.65,1.0,1.0,1.0
balanced stable MOF candidates for general materials discovery,q4_balanced_discovery,51,GraphSAGE only,4,qmof-13a76dd,Zn4C40H28N12O8,1|1|1|1,0.897905,0.8484455543377233,0.01900433358340829,0.25673107788369565,0.897905,0.039125000000694854,3.309168,0.982716063,0.65,1.0,1.0,1.0
balanced stable MOF candidates for general materials discovery,q4_balanced_discovery,51,GraphSAGE only,5,qmof-e566fbb,Zn2C36H22N6O8,1|1|1|1,0.897905,0.8484455543377233,0.015052182145351823,0.2563490934189189,0.897905,0.039125000000694854,2.93315,0.83426434,0.65,1.0,1.0,1.0
balanced stable MOF candidates for general materials discovery,q4_balanced_discovery,51,GAT only,1,qmof-235f291,Ni2C24H16N8,1|1|1|1,0.897905,0.8484455543377233,0.0,0.41374343425000004,0.897905,0.03716600002690029,3.336142,0.870801372,0.65,1.0,1.0,1.0
balanced stable MOF candidates for general materials discovery,q4_balanced_discovery,51,GAT only,2,qmof-13a76dd,Zn4C40H28N12O8,1|1|1|1,0.897905,0.8484455543377233,0.01461054884391458,0.4066955434538043,0.897905,0.03716600002690029,3.309168,0.982716063,0.65,1.0,1.0,1.0
balanced stable MOF candidates for general materials discovery,q4_balanced_discovery,51,GAT only,3,qmof-e566fbb,Zn2C36H22N6O8,1|1|1|1,0.897905,0.8484455543377233,0.0123384947530898,0.38600964091216217,0.897905,0.03716600002690029,2.93315,0.83426434,0.65,1.0,1.0,1.0
balanced stable MOF candidates for general materials discovery,q4_balanced_discovery,51,GAT only,4,qmof-cef46c3,Zn2C48H32N8O8,1|1|1|1,0.897905,0.8484455543377233,0.01194176634097749,0.3846363647193877,0.897905,0.03716600002690029,2.913296,0.7895211,0.65,1.0,1.0,1.0
balanced stable MOF candidates for general materials discovery,q4_balanced_discovery,51,GAT only,5,qmof-a1a5849,Fe2C24H16N8,1|1|1|1,0.897905,0.8484455543377233,0.014550668299126329,0.375382659,0.897905,0.03716600002690029,2.75343,0.925170256,0.65,1.0,1.0,1.0
balanced stable MOF candidates for general materials discovery,q4_balanced_discovery,51,LEA + GraphSAGE,1,qmof-235f291,Ni2C24H16N8,1|1|1|1,0.897905,0.8484455543377233,0.0,0.2626898971,0.8733079759657986,81.37983399998916,3.336142,0.870801372,0.65,1.0,1.0,1.0
balanced stable MOF candidates for general materials discovery,q4_balanced_discovery,51,LEA + GraphSAGE,2,qmof-a1a5849,Fe2C24H16N8,1|1|1|1,0.897905,0.8484455543377233,0.011319438610969042,0.2586122308,0.8725516083256909,81.37983399998916,2.75343,0.925170256,0.65,1.0,1.0,1.0
balanced stable MOF candidates for general materials discovery,q4_balanced_discovery,51,LEA + GraphSAGE,3,qmof-ac6a77a,Zn4C76H44N8O16,1|1|1|1,0.897905,0.8484455543377233,0.032294819024239745,0.2567529519189189,0.872206666446936,81.37983399998916,2.401359,0.82887956,0.65,1.0,1.0,1.0
balanced stable MOF candidates for general materials discovery,q4_balanced_discovery,51,LEA + GraphSAGE,4,qmof-13a76dd,Zn4C40H28N12O8,1|1|1|1,0.897905,0.8484455543377233,0.01900433358340829,0.25673107788369565,0.8722026080408567,81.37983399998916,3.309168,0.982716063,0.65,1.0,1.0,1.0
balanced stable MOF candidates for general materials discovery,q4_balanced_discovery,51,LEA + GraphSAGE,5,qmof-e566fbb,Zn2C36H22N6O8,1|1|1|1,0.897905,0.8484455543377233,0.015052182145351823,0.2563490934189189,0.8721317355511468,81.37983399998916,2.93315,0.83426434,0.65,1.0,1.0,1.0
balanced stable MOF candidates for general materials discovery,q4_balanced_discovery,51,LEA + GAT,1,qmof-235f291,Ni2C24H16N8,1|1|1|1,0.897905,0.8484455543377233,0.0,0.41374343425000004,0.9011610018922696,82.10775000000581,3.336142,0.870801372,0.65,1.0,1.0,1.0
balanced stable MOF candidates for general materials discovery,q4_balanced_discovery,51,LEA + GAT,2,qmof-13a76dd,Zn4C40H28N12O8,1|1|1|1,0.897905,0.8484455543377233,0.01461054884391458,0.4066955434538043,0.8998701210407752,82.10775000000581,3.309168,0.982716063,0.65,1.0,1.0,1.0
balanced stable MOF candidates for general materials discovery,q4_balanced_discovery,51,LEA + GAT,3,qmof-e566fbb,Zn2C36H22N6O8,1|1|1|1,0.897905,0.8484455543377233,0.0123384947530898,0.38600964091216217,0.8960755896858646,82.10775000000581,2.93315,0.83426434,0.65,1.0,1.0,1.0
balanced stable MOF candidates for general materials discovery,q4_balanced_discovery,51,LEA + GAT,4,qmof-cef46c3,Zn2C48H32N8O8,1|1|1|1,0.897905,0.8484455543377233,0.01194176634097749,0.3846363647193877,0.8958233909136354,82.10775000000581,2.913296,0.7895211,0.65,1.0,1.0,1.0
balanced stable MOF candidates for general materials discovery,q4_balanced_discovery,51,LEA + GAT,5,qmof-a1a5849,Fe2C24H16N8,1|1|1|1,0.897905,0.8484455543377233,0.014550668299126329,0.375382659,0.8941230652286947,82.10775000000581,2.75343,0.925170256,0.65,1.0,1.0,1.0
wide band gap insulating MOFs with low density,q5_insulating_frameworks,42,SemanticOnly,1,qmof-fd27ae2,Cd2C40H32N16O4,1|1|1|1,0.66925,0.9028290809964216,0.0,,0.66925,0.03049999997983832,3.505134,1.744680123,0.755,0.5,0.7,0.7
wide band gap insulating MOFs with low density,q5_insulating_frameworks,42,SemanticOnly,2,qmof-fccf4ef,Cd4C52H32N4O18S4,1|1|1|1,0.66925,0.9028290809964216,0.016464597487712628,,0.66925,0.03049999997983832,3.817499,1.995562231,0.755,0.5,0.7,0.7
wide band gap insulating MOFs with low density,q5_insulating_frameworks,42,SemanticOnly,3,qmof-f5f710d,Li4C56H48N12O12,1|1|1|1,0.66925,0.9028290809964216,0.017494619021862605,,0.66925,0.03049999997983832,3.841302,1.455021018,0.755,0.5,0.7,0.7
wide band gap insulating MOFs with low density,q5_insulating_frameworks,42,SemanticOnly,4,qmof-f50d129,Zn4C40H52N4O40,1|1|1|1,0.66925,0.9028290809964216,0.020508775860643338,,0.66925,0.03049999997983832,4.087101,1.902434787,0.755,0.5,0.7,0.7
wide band gap insulating MOFs with low density,q5_insulating_frameworks,42,SemanticOnly,5,qmof-f4f5664,Cd4C64H40N32O4,1|1|1|1,0.66925,0.9028290809964216,0.01775117389083999,,0.66925,0.03049999997983832,3.915707,1.610548921,0.755,0.5,0.7,0.7
wide band gap insulating MOFs with low density,q5_insulating_frameworks,42,WeightedSum,1,qmof-e3dcc4d,Zn6C48H60N24,1|1|1|1,0.78925,0.7930768560552011,0.0,,0.78925,0.04475000000070395,5.279321,0.917677932,0.755,0.5,1.0,1.0
wide band gap insulating MOFs with low density,q5_insulating_frameworks,42,WeightedSum,2,qmof-c82daac,Al2Li2C40H46N6O4,1|1|1|1,0.78925,0.7930768560552011,0.028969146794849437,,0.78925,0.04475000000070395,4.047188,0.954866212,0.755,0.5,1.0,1.0
wide band gap insulating MOFs with low density,q5_insulating_frameworks,42,WeightedSum,3,qmof-b1cbe7a,Fe2C24H16N8,1|1|1|1,0.78925,0.7930768560552011,0.033572801739611455,,0.78925,0.04475000000070395,3.528396,0.685538233,0.755,0.5,1.0,1.0
wide band gap insulating MOFs with low density,q5_insulating_frameworks,42,WeightedSum,4,qmof-a2d95c3,Zn8C48H24O26,1|1|1|1,0.78925,0.7930768560552011,0.02924677289371737,,0.78925,0.04475000000070395,4.650938,0.57861881,0.755,0.5,1.0,1.0
wide band gap insulating MOFs with low density,q5_insulating_frameworks,42,WeightedSum,5,qmof-8deddd1,Zn6C42H18O18,1|1|1|1,0.78925,0.7930768560552011,0.027198422210623963,,0.78925,0.04475000000070395,3.550246,0.720023443,0.755,0.5,1.0,1.0
wide band gap insulating MOFs with low density,q5_insulating_frameworks,42,TOPSIS,1,qmof-e3dcc4d,Zn6C48H60N24,1|1|1|1,0.78925,0.7930768560552011,0.0,,0.78925,1.006875000001628,5.279321,0.917677932,0.755,0.5,1.0,1.0
wide band gap insulating MOFs with low density,q5_insulating_frameworks,42,TOPSIS,2,qmof-c82daac,Al2Li2C40H46N6O4,1|1|1|1,0.78925,0.7930768560552011,0.028969146794849437,,0.78925,1.006875000001628,4.047188,0.954866212,0.755,0.5,1.0,1.0
wide band gap insulating MOFs with low density,q5_insulating_frameworks,42,TOPSIS,3,qmof-b1cbe7a,Fe2C24H16N8,1|1|1|1,0.78925,0.7930768560552011,0.033572801739611455,,0.78925,1.006875000001628,3.528396,0.685538233,0.755,0.5,1.0,1.0
wide band gap insulating MOFs with low density,q5_insulating_frameworks,42,TOPSIS,4,qmof-a2d95c3,Zn8C48H24O26,1|1|1|1,0.78925,0.7930768560552011,0.02924677289371737,,0.78925,1.006875000001628,4.650938,0.57861881,0.755,0.5,1.0,1.0
wide band gap insulating MOFs with low density,q5_insulating_frameworks,42,TOPSIS,5,qmof-8deddd1,Zn6C42H18O18,1|1|1|1,0.78925,0.7930768560552011,0.027198422210623963,,0.78925,1.006875000001628,3.550246,0.720023443,0.755,0.5,1.0,1.0
wide band gap insulating MOFs with low density,q5_insulating_frameworks,42,ParetoCrowding,1,qmof-b1cbe7a,Fe2C24H16N8,1|1|1|1,0.78925,0.7930768560552011,0.0,,0.78925,208.37487500000407,3.528396,0.685538233,0.755,0.5,1.0,1.0
wide band gap insulating MOFs with low density,q5_insulating_frameworks,42,ParetoCrowding,2,qmof-a2d95c3,Zn8C48H24O26,1|1|1|1,0.78925,0.7930768560552011,0.03239239420527272,,0.78925,208.37487500000407,4.650938,0.57861881,0.755,0.5,1.0,1.0
wide band gap insulating MOFs with low density,q5_insulating_frameworks,42,ParetoCrowding,3,qmof-175a5d9,Fe6C42Cl6H12N18O12,1|1|1|1,0.78925,0.7930768560552011,0.025311591694601086,,0.78925,208.37487500000407,3.544636,0.750832979,0.755,0.5,1.0,1.0
wide band gap insulating MOFs with low density,q5_insulating_frameworks,42,ParetoCrowding,4,qmof-8deddd1,Zn6C42H18O18,1|1|1|1,0.78925,0.7930768560552011,0.019891985183736558,,0.78925,208.37487500000407,3.550246,0.720023443,0.755,0.5,1.0,1.0
wide band gap insulating MOFs with low density,q5_insulating_frameworks,42,ParetoCrowding,5,qmof-017128d,Zn6C48H60N24,1|1|1|1,0.78925,0.7930768560552011,0.03904025601971238,,0.78925,208.37487500000407,5.310987,0.913433658,0.755,0.5,1.0,1.0
wide band gap insulating MOFs with low density,q5_insulating_frameworks,42,Random,1,qmof-730d513,Zn4C40H28N12O20,1|1|1|1,0.66925,0.9028290809964216,0.0,,0.66925,0.042667000002438726,4.937026,1.913132077,0.755,0.5,0.7,0.7
wide band gap insulating MOFs with low density,q5_insulating_frameworks,42,Random,2,qmof-f5f710d,Li4C56H48N12O12,1|1|1|1,0.66925,0.9028290809964216,0.026904194547682635,,0.66925,0.042667000002438726,3.841302,1.455021018,0.755,0.5,0.7,0.7
wide band gap insulating MOFs with low density,q5_insulating_frameworks,42,Random,3,qmof-0338cb2,Cd4C36H24N24S8,1|1|1|1,0.66925,0.9028290809964216,0.023458261179822436,,0.66925,0.042667000002438726,3.801339,1.918631078,0.755,0.5,0.7,0.7
wide band gap insulating MOFs with low density,q5_insulating_frameworks,42,Random,4,qmof-4f9c014,Cu2C40H40N4O8,1|1|1|1,0.78925,0.7930768560552011,0.032958766471115786,,0.78925,0.042667000002438726,3.939544,0.784105616,0.755,0.5,1.0,1.0
wide band gap insulating MOFs with low density,q5_insulating_frameworks,42,Random,5,qmof-f50d129,Zn4C40H52N4O40,1|1|1|1,0.66925,0.9028290809964216,0.026463022939742214,,0.66925,0.042667000002438726,4.087101,1.902434787,0.755,0.5,0.7,0.7
wide band gap insulating MOFs with low density,q5_insulating_frameworks,42,MMR,1,qmof-4050181,Li4C28H32N4O8,1|1|1|1,0.78925,0.7930768560552011,0.0,,0.78925,2156.799707999994,5.066465,0.936198777,0.755,0.5,1.0,1.0
wide band gap insulating MOFs with low density,q5_insulating_frameworks,42,MMR,2,qmof-175a5d9,Fe6C42Cl6H12N18O12,1|1|1|1,0.78925,0.7930768560552011,0.035606772004795596,,0.78925,2156.799707999994,3.544636,0.750832979,0.755,0.5,1.0,1.0
wide band gap insulating MOFs with low density,q5_insulating_frameworks,42,MMR,3,qmof-694fdb2,Na4C52H80N4O8,1|1|1|1,0.78925,0.7930768560552011,0.033504909807012595,,0.78925,2156.799707999994,3.600195,0.918885408,0.755,0.5,1.0,1.0
wide band gap insulating MOFs with low density,q5_insulating_frameworks,42,MMR,4,qmof-b1cbe7a,Fe2C24H16N8,1|1|1|1,0.78925,0.7930768560552011,0.02975357519877146,,0.78925,2156.799707999994,3.528396,0.685538233,0.755,0.5,1.0,1.0
wide band gap insulating MOFs with low density,q5_insulating_frameworks,42,MMR,5,qmof-a2d95c3,Zn8C48H24O26,1|1|1|1,0.78925,0.7930768560552011,0.029339122020343753,,0.78925,2156.799707999994,4.650938,0.57861881,0.755,0.5,1.0,1.0
wide band gap insulating MOFs with low density,q5_insulating_frameworks,42,LEA,1,qmof-4050181,Li4C28H32N4O8,1|1|1|1,0.78925,0.7930768560552011,0.0,,0.8685576856055202,85.28866599999674,5.066465,0.936198777,0.755,0.5,1.0,1.0
wide band gap insulating MOFs with low density,q5_insulating_frameworks,42,LEA,2,qmof-b1cbe7a,Fe2C24H16N8,1|1|1|1,0.78925,0.7930768560552011,0.03357356573022447,,0.8247455050159711,85.28866599999674,3.528396,0.685538233,0.755,0.5,1.0,1.0
wide band gap insulating MOFs with low density,q5_insulating_frameworks,42,LEA,3,qmof-175a5d9,Fe6C42Cl6H12N18O12,1|1|1|1,0.78925,0.7930768560552011,0.029047750299154226,,0.8246797475283535,85.28866599999674,3.544636,0.750832979,0.755,0.5,1.0,1.0
wide band gap insulating MOFs with low density,q5_insulating_frameworks,42,LEA,4,qmof-8deddd1,Zn6C42H18O18,1|1|1|1,0.78925,0.7930768560552011,0.023510758113552837,,0.824550390036884,85.28866599999674,3.550246,0.720023443,0.755,0.5,1.0,1.0
wide band gap insulating MOFs with low density,q5_insulating_frameworks,42,LEA,5,qmof-694fdb2,Na4C52H80N4O8,1|1|1|1,0.78925,0.7930768560552011,0.03254760237173869,,0.8243926429524748,85.28866599999674,3.600195,0.918885408,0.755,0.5,1.0,1.0
wide band gap insulating MOFs with low density,q5_insulating_frameworks,42,LEA no diversity,1,qmof-4050181,Li4C28H32N4O8,1|1|1|1,0.78925,0.7930768560552011,0.0,,0.8685576856055202,84.70362499997464,5.066465,0.936198777,0.755,0.5,1.0,1.0
wide band gap insulating MOFs with low density,q5_insulating_frameworks,42,LEA no diversity,2,qmof-b1cbe7a,Fe2C24H16N8,1|1|1|1,0.78925,0.7930768560552011,0.03357356573022447,,0.8205919324684035,84.70362499997464,3.528396,0.685538233,0.755,0.5,1.0,1.0
wide band gap insulating MOFs with low density,q5_insulating_frameworks,42,LEA no diversity,3,qmof-175a5d9,Fe6C42Cl6H12N18O12,1|1|1|1,0.78925,0.7930768560552011,0.029047750299154226,,0.820570612798035,84.70362499997464,3.544636,0.750832979,0.755,0.5,1.0,1.0
wide band gap insulating MOFs with low density,q5_insulating_frameworks,42,LEA no diversity,4,qmof-8deddd1,Zn6C42H18O18,1|1|1|1,0.78925,0.7930768560552011,0.023510758113552837,,0.8205286542638027,84.70362499997464,3.550246,0.720023443,0.755,0.5,1.0,1.0
wide band gap insulating MOFs with low density,q5_insulating_frameworks,42,LEA no diversity,5,qmof-694fdb2,Na4C52H80N4O8,1|1|1|1,0.78925,0.7930768560552011,0.03254760237173869,,0.8204774537207168,84.70362499997464,3.600195,0.918885408,0.755,0.5,1.0,1.0
wide band gap insulating MOFs with low density,q5_insulating_frameworks,42,LEA no self-cleaning,1,qmof-4050181,Li4C28H32N4O8,1|1|1|1,0.78925,0.7930768560552011,0.0,,0.8685576856055202,85.67770799999153,5.066465,0.936198777,0.755,0.5,1.0,1.0
wide band gap insulating MOFs with low density,q5_insulating_frameworks,42,LEA no self-cleaning,2,qmof-b1cbe7a,Fe2C24H16N8,1|1|1|1,0.78925,0.7930768560552011,0.03357356573022447,,0.8247455050159711,85.67770799999153,3.528396,0.685538233,0.755,0.5,1.0,1.0
wide band gap insulating MOFs with low density,q5_insulating_frameworks,42,LEA no self-cleaning,3,qmof-175a5d9,Fe6C42Cl6H12N18O12,1|1|1|1,0.78925,0.7930768560552011,0.029047750299154226,,0.8246797475283535,85.67770799999153,3.544636,0.750832979,0.755,0.5,1.0,1.0
wide band gap insulating MOFs with low density,q5_insulating_frameworks,42,LEA no self-cleaning,4,qmof-8deddd1,Zn6C42H18O18,1|1|1|1,0.78925,0.7930768560552011,0.023510758113552837,,0.824550390036884,85.67770799999153,3.550246,0.720023443,0.755,0.5,1.0,1.0
wide band gap insulating MOFs with low density,q5_insulating_frameworks,42,LEA no self-cleaning,5,qmof-694fdb2,Na4C52H80N4O8,1|1|1|1,0.78925,0.7930768560552011,0.03254760237173869,,0.8243926429524748,85.67770799999153,3.600195,0.918885408,0.755,0.5,1.0,1.0
wide band gap insulating MOFs with low density,q5_insulating_frameworks,42,GraphSAGE only,1,qmof-a2d95c3,Zn8C48H24O26,1|1|1|1,0.78925,0.7930768560552011,0.0,0.30943377792924526,0.78925,0.03941599999279788,4.650938,0.57861881,0.755,0.5,1.0,1.0
wide band gap insulating MOFs with low density,q5_insulating_frameworks,42,GraphSAGE only,2,qmof-175a5d9,Fe6C42Cl6H12N18O12,1|1|1|1,0.78925,0.7930768560552011,0.02813445479568932,0.303062526575,0.78925,0.03941599999279788,3.544636,0.750832979,0.755,0.5,1.0,1.0
wide band gap insulating MOFs with low density,q5_insulating_frameworks,42,GraphSAGE only,3,qmof-8deddd1,Zn6C42H18O18,1|1|1|1,0.78925,0.7930768560552011,0.02034151149166709,0.295998241775,0.78925,0.03941599999279788,3.550246,0.720023443,0.755,0.5,1.0,1.0
wide band gap insulating MOFs with low density,q5_insulating_frameworks,42,GraphSAGE only,4,qmof-b1cbe7a,Fe2C24H16N8,1|1|1|1,0.78925,0.7930768560552011,0.024624685122220356,0.276584632525,0.78925,0.03941599999279788,3.528396,0.685538233,0.755,0.5,1.0,1.0
wide band gap insulating MOFs with low density,q5_insulating_frameworks,42,GraphSAGE only,5,qmof-4050181,Li4C28H32N4O8,1|1|1|1,0.78925,0.7930768560552011,0.031228069970359464,0.2666271969881579,0.78925,0.03941599999279788,5.066465,0.936198777,0.755,0.5,1.0,1.0
wide band gap insulating MOFs with low density,q5_insulating_frameworks,42,GAT only,1,qmof-a2d95c3,Zn8C48H24O26,1|1|1|1,0.78925,0.7930768560552011,0.0,0.5268548685259433,0.78925,0.03458300000147574,4.650938,0.57861881,0.755,0.5,1.0,1.0
wide band gap insulating MOFs with low density,q5_insulating_frameworks,42,GAT only,2,qmof-4050181,Li4C28H32N4O8,1|1|1|1,0.78925,0.7930768560552011,0.022121013280985487,0.5151717869638158,0.78925,0.03458300000147574,5.066465,0.936198777,0.755,0.5,1.0,1.0
wide band gap insulating MOFs with low density,q5_insulating_frameworks,42,GAT only,3,qmof-017128d,Zn6C48H60N24,1|1|1|1,0.78925,0.7930768560552011,0.024522805876265843,0.5124756137663043,0.78925,0.03458300000147574,5.310987,0.913433658,0.755,0.5,1.0,1.0
wide band gap insulating MOFs with low density,q5_insulating_frameworks,42,GAT only,4,qmof-e3dcc4d,Zn6C48H60N24,1|1|1|1,0.78925,0.7930768560552011,0.016439629562600946,0.5122103466413044,0.78925,0.03458300000147574,5.279321,0.917677932,0.755,0.5,1.0,1.0
wide band gap insulating MOFs with low density,q5_insulating_frameworks,42,GAT only,5,qmof-3133aaf,Zn4C64H48N8O16,1|1|1|1,0.78925,0.7930768560552011,0.02052665090323501,0.47370207373214285,0.78925,0.03458300000147574,4.523716,0.969248466,0.755,0.5,1.0,1.0
wide band gap insulating MOFs with low density,q5_insulating_frameworks,42,LEA + GraphSAGE,1,qmof-a2d95c3,Zn8C48H24O26,1|1|1|1,0.78925,0.7930768560552011,0.0,0.30943377792924526,0.7899010573620465,84.54737499999965,4.650938,0.57861881,0.755,0.5,1.0,1.0
wide band gap insulating MOFs with low density,q5_insulating_frameworks,42,LEA + GraphSAGE,2,qmof-175a5d9,Fe6C42Cl6H12N18O12,1|1|1|1,0.78925,0.7930768560552011,0.02813445479568932,0.303062526575,0.7887570424581453,84.54737499999965,3.544636,0.750832979,0.755,0.5,1.0,1.0
wide band gap insulating MOFs with low density,q5_insulating_frameworks,42,LEA + GraphSAGE,3,qmof-8deddd1,Zn6C42H18O18,1|1|1|1,0.78925,0.7930768560552011,0.02034151149166709,0.295998241775,0.7874873462928924,84.54737499999965,3.550246,0.720023443,0.755,0.5,1.0,1.0
wide band gap insulating MOFs with low density,q5_insulating_frameworks,42,LEA + GraphSAGE,4,qmof-b1cbe7a,Fe2C24H16N8,1|1|1|1,0.78925,0.7930768560552011,0.024624685122220356,0.276584632525,0.7839915610748575,84.54737499999965,3.528396,0.685538233,0.755,0.5,1.0,1.0
wide band gap insulating MOFs with low density,q5_insulating_frameworks,42,LEA + GraphSAGE,5,qmof-4050181,Li4C28H32N4O8,1|1|1|1,0.78925,0.7930768560552011,0.031228069970359464,0.2666271969881579,0.782194987154903,84.54737499999965,5.066465,0.936198777,0.755,0.5,1.0,1.0
wide band gap insulating MOFs with low density,q5_insulating_frameworks,42,LEA + GAT,1,qmof-a2d95c3,Zn8C48H24O26,1|1|1|1,0.78925,0.7930768560552011,0.0,0.5268548685259433,0.8281138708556041,85.72016700000518,4.650938,0.57861881,0.755,0.5,1.0,1.0
wide band gap insulating MOFs with low density,q5_insulating_frameworks,42,LEA + GAT,2,qmof-4050181,Li4C28H32N4O8,1|1|1|1,0.78925,0.7930768560552011,0.022121013280985487,0.5151717869638158,0.8261115610986894,85.72016700000518,5.066465,0.936198777,0.755,0.5,1.0,1.0
wide band gap insulating MOFs with low density,q5_insulating_frameworks,42,LEA + GAT,3,qmof-017128d,Zn6C48H60N24,1|1|1|1,0.78925,0.7930768560552011,0.024522805876265843,0.5124756137663043,0.8256484733951501,85.72016700000518,5.310987,0.913433658,0.755,0.5,1.0,1.0
wide band gap insulating MOFs with low density,q5_insulating_frameworks,42,LEA + GAT,4,qmof-e3dcc4d,Zn6C48H60N24,1|1|1|1,0.78925,0.7930768560552011,0.016439629562600946,0.5122103466413044,0.8256028917714294,85.72016700000518,5.279321,0.917677932,0.755,0.5,1.0,1.0
wide band gap insulating MOFs with low density,q5_insulating_frameworks,42,LEA + GAT,5,qmof-3133aaf,Zn4C64H48N8O16,1|1|1|1,0.78925,0.7930768560552011,0.02052665090323501,0.47370207373214285,0.8189493621036008,85.72016700000518,4.523716,0.969248466,0.755,0.5,1.0,1.0
wide band gap insulating MOFs with low density,q5_insulating_frameworks,43,SemanticOnly,1,qmof-f934fdc,K4C20H40N4O8S8,1|1|1|1,0.66925,0.9028290809964216,0.0,,0.66925,0.03416700002389916,3.679825,1.682708431,0.755,0.5,0.7,0.7
wide band gap insulating MOFs with low density,q5_insulating_frameworks,43,SemanticOnly,2,qmof-f771839,Co2C38H40N8O8,1|1|1|1,0.66925,0.9028290809964216,0.019506543852533444,,0.66925,0.03416700002389916,4.295336,1.401927433,0.755,0.5,0.7,0.7
wide band gap insulating MOFs with low density,q5_insulating_frameworks,43,SemanticOnly,3,qmof-f61d5ce,In4C32H16O20,1|1|1|1,0.66925,0.9028290809964216,0.02500140990927452,,0.66925,0.03416700002389916,4.433449,1.287779073,0.755,0.5,0.7,0.7
wide band gap insulating MOFs with low density,q5_insulating_frameworks,43,SemanticOnly,4,qmof-f4581c4,Mg4C8H24O24,1|1|1|1,0.66925,0.9028290809964216,0.05567298338079038,,0.66925,0.03416700002389916,6.790231,1.761847816,0.755,0.5,0.7,0.7
wide band gap insulating MOFs with low density,q5_insulating_frameworks,43,SemanticOnly,5,qmof-f0ae035,Zn4C48H32N24,1|1|1|1,0.66925,0.9028290809964216,0.031191211847120676,,0.66925,0.03416700002389916,4.672795,1.656614397,0.755,0.5,0.7,0.7
wide band gap insulating MOFs with low density,q5_insulating_frameworks,43,WeightedSum,1,qmof-e3dcc4d,Zn6C48H60N24,1|1|1|1,0.78925,0.7930768560552011,0.0,,0.78925,0.045666999994864454,5.279321,0.917677932,0.755,0.5,1.0,1.0
wide band gap insulating MOFs with low density,q5_insulating_frameworks,43,WeightedSum,2,qmof-c82daac,Al2Li2C40H46N6O4,1|1|1|1,0.78925,0.7930768560552011,0.028969146794849437,,0.78925,0.045666999994864454,4.047188,0.954866212,0.755,0.5,1.0,1.0
wide band gap insulating MOFs with low density,q5_insulating_frameworks,43,WeightedSum,3,qmof-b1cbe7a,Fe2C24H16N8,1|1|1|1,0.78925,0.7930768560552011,0.033572801739611455,,0.78925,0.045666999994864454,3.528396,0.685538233,0.755,0.5,1.0,1.0
wide band gap insulating MOFs with low density,q5_insulating_frameworks,43,WeightedSum,4,qmof-a2d95c3,Zn8C48H24O26,1|1|1|1,0.78925,0.7930768560552011,0.02924677289371737,,0.78925,0.045666999994864454,4.650938,0.57861881,0.755,0.5,1.0,1.0
wide band gap insulating MOFs with low density,q5_insulating_frameworks,43,WeightedSum,5,qmof-8deddd1,Zn6C42H18O18,1|1|1|1,0.78925,0.7930768560552011,0.027198422210623963,,0.78925,0.045666999994864454,3.550246,0.720023443,0.755,0.5,1.0,1.0
wide band gap insulating MOFs with low density,q5_insulating_frameworks,43,TOPSIS,1,qmof-e3dcc4d,Zn6C48H60N24,1|1|1|1,0.78925,0.7930768560552011,0.0,,0.78925,1.0034999999959382,5.279321,0.917677932,0.755,0.5,1.0,1.0
wide band gap insulating MOFs with low density,q5_insulating_frameworks,43,TOPSIS,2,qmof-c82daac,Al2Li2C40H46N6O4,1|1|1|1,0.78925,0.7930768560552011,0.028969146794849437,,0.78925,1.0034999999959382,4.047188,0.954866212,0.755,0.5,1.0,1.0
wide band gap insulating MOFs with low density,q5_insulating_frameworks,43,TOPSIS,3,qmof-b1cbe7a,Fe2C24H16N8,1|1|1|1,0.78925,0.7930768560552011,0.033572801739611455,,0.78925,1.0034999999959382,3.528396,0.685538233,0.755,0.5,1.0,1.0
wide band gap insulating MOFs with low density,q5_insulating_frameworks,43,TOPSIS,4,qmof-a2d95c3,Zn8C48H24O26,1|1|1|1,0.78925,0.7930768560552011,0.02924677289371737,,0.78925,1.0034999999959382,4.650938,0.57861881,0.755,0.5,1.0,1.0
wide band gap insulating MOFs with low density,q5_insulating_frameworks,43,TOPSIS,5,qmof-8deddd1,Zn6C42H18O18,1|1|1|1,0.78925,0.7930768560552011,0.027198422210623963,,0.78925,1.0034999999959382,3.550246,0.720023443,0.755,0.5,1.0,1.0
wide band gap insulating MOFs with low density,q5_insulating_frameworks,43,ParetoCrowding,1,qmof-b1cbe7a,Fe2C24H16N8,1|1|1|1,0.78925,0.7930768560552011,0.0,,0.78925,207.88416700000312,3.528396,0.685538233,0.755,0.5,1.0,1.0
wide band gap insulating MOFs with low density,q5_insulating_frameworks,43,ParetoCrowding,2,qmof-a2d95c3,Zn8C48H24O26,1|1|1|1,0.78925,0.7930768560552011,0.03239239420527272,,0.78925,207.88416700000312,4.650938,0.57861881,0.755,0.5,1.0,1.0
wide band gap insulating MOFs with low density,q5_insulating_frameworks,43,ParetoCrowding,3,qmof-175a5d9,Fe6C42Cl6H12N18O12,1|1|1|1,0.78925,0.7930768560552011,0.025311591694601086,,0.78925,207.88416700000312,3.544636,0.750832979,0.755,0.5,1.0,1.0
wide band gap insulating MOFs with low density,q5_insulating_frameworks,43,ParetoCrowding,4,qmof-8deddd1,Zn6C42H18O18,1|1|1|1,0.78925,0.7930768560552011,0.019891985183736558,,0.78925,207.88416700000312,3.550246,0.720023443,0.755,0.5,1.0,1.0
wide band gap insulating MOFs with low density,q5_insulating_frameworks,43,ParetoCrowding,5,qmof-017128d,Zn6C48H60N24,1|1|1|1,0.78925,0.7930768560552011,0.03904025601971238,,0.78925,207.88416700000312,5.310987,0.913433658,0.755,0.5,1.0,1.0
wide band gap insulating MOFs with low density,q5_insulating_frameworks,43,Random,1,qmof-96226c0,Zn4C28H36N28,1|1|1|1,0.66925,0.9028290809964216,0.0,,0.66925,0.043125000019017534,4.458005,1.646955141,0.755,0.5,0.7,0.7
wide band gap insulating MOFs with low density,q5_insulating_frameworks,43,Random,2,qmof-c5e9015,Na4C24H24N4O12S4,1|1|1|1,0.66925,0.9028290809964216,0.02187909407522317,,0.66925,0.043125000019017534,4.242872,1.67758272,0.755,0.5,0.7,0.7
wide band gap insulating MOFs with low density,q5_insulating_frameworks,43,Random,3,qmof-f771839,Co2C38H40N8O8,1|1|1|1,0.66925,0.9028290809964216,0.016064441407476836,,0.66925,0.043125000019017534,4.295336,1.401927433,0.755,0.5,0.7,0.7
wide band gap insulating MOFs with low density,q5_insulating_frameworks,43,Random,4,qmof-f934fdc,K4C20H40N4O8S8,1|1|1|1,0.66925,0.9028290809964216,0.02001321605542025,,0.66925,0.043125000019017534,3.679825,1.682708431,0.755,0.5,0.7,0.7
wide band gap insulating MOFs with low density,q5_insulating_frameworks,43,Random,5,qmof-19d3c65,Zn3C64H52N4O18,1|1|1|1,0.78925,0.7930768560552011,0.027793354659541226,,0.78925,0.043125000019017534,4.20432,0.972263976,0.755,0.5,1.0,1.0
wide band gap insulating MOFs with low density,q5_insulating_frameworks,43,MMR,1,qmof-19d3c65,Zn3C64H52N4O18,1|1|1|1,0.78925,0.7930768560552011,0.0,,0.78925,2120.9148330000007,4.20432,0.972263976,0.755,0.5,1.0,1.0
wide band gap insulating MOFs with low density,q5_insulating_frameworks,43,MMR,2,qmof-b1cbe7a,Fe2C24H16N8,1|1|1|1,0.78925,0.7930768560552011,0.03203645797983848,,0.78925,2120.9148330000007,3.528396,0.685538233,0.755,0.5,1.0,1.0
wide band gap insulating MOFs with low density,q5_insulating_frameworks,43,MMR,3,qmof-4050181,Li4C28H32N4O8,1|1|1|1,0.78925,0.7930768560552011,0.02959751103221562,,0.78925,2120.9148330000007,5.066465,0.936198777,0.755,0.5,1.0,1.0
wide band gap insulating MOFs with low density,q5_insulating_frameworks,43,MMR,4,qmof-175a5d9,Fe6C42Cl6H12N18O12,1|1|1|1,0.78925,0.7930768560552011,0.02823905328126186,,0.78925,2120.9148330000007,3.544636,0.750832979,0.755,0.5,1.0,1.0
wide band gap insulating MOFs with low density,q5_insulating_frameworks,43,MMR,5,qmof-a2d95c3,Zn8C48H24O26,1|1|1|1,0.78925,0.7930768560552011,0.026314861462630873,,0.78925,2120.9148330000007,4.650938,0.57861881,0.755,0.5,1.0,1.0
wide band gap insulating MOFs with low density,q5_insulating_frameworks,43,LEA,1,qmof-19d3c65,Zn3C64H52N4O18,1|1|1|1,0.78925,0.7930768560552011,0.0,,0.8685576856055202,85.21916600000168,4.20432,0.972263976,0.755,0.5,1.0,1.0
wide band gap insulating MOFs with low density,q5_insulating_frameworks,43,LEA,2,qmof-017128d,Zn6C48H60N24,1|1|1|1,0.78925,0.7930768560552011,0.025491433318362594,,0.8233687999500697,85.21916600000168,5.310987,0.913433658,0.755,0.5,1.0,1.0
wide band gap insulating MOFs with low density,q5_insulating_frameworks,43,LEA,3,qmof-e3dcc4d,Zn6C48H60N24,1|1|1|1,0.78925,0.7930768560552011,0.012804266566024012,,0.8233118757440983,85.21916600000168,5.279321,0.917677932,0.755,0.5,1.0,1.0
wide band gap insulating MOFs with low density,q5_insulating_frameworks,43,LEA,4,qmof-b1cbe7a,Fe2C24H16N8,1|1|1|1,0.78925,0.7930768560552011,0.03936447535496504,,0.8232670783467514,85.21916600000168,3.528396,0.685538233,0.755,0.5,1.0,1.0
wide band gap insulating MOFs with low density,q5_insulating_frameworks,43,LEA,5,qmof-175a5d9,Fe6C42Cl6H12N18O12,1|1|1|1,0.78925,0.7930768560552011,0.0332105132137095,,0.8231869039581073,85.21916600000168,3.544636,0.750832979,0.755,0.5,1.0,1.0
wide band gap insulating MOFs with low density,q5_insulating_frameworks,43,LEA no diversity,1,qmof-19d3c65,Zn3C64H52N4O18,1|1|1|1,0.78925,0.7930768560552011,0.0,,0.8685576856055202,84.080374999985,4.20432,0.972263976,0.755,0.5,1.0,1.0
wide band gap insulating MOFs with low density,q5_insulating_frameworks,43,LEA no diversity,2,qmof-017128d,Zn6C48H60N24,1|1|1|1,0.78925,0.7930768560552011,0.025491433318362594,,0.8201442455775558,84.080374999985,5.310987,0.913433658,0.755,0.5,1.0,1.0
wide band gap insulating MOFs with low density,q5_insulating_frameworks,43,LEA no diversity,3,qmof-e3dcc4d,Zn6C48H60N24,1|1|1|1,0.78925,0.7930768560552011,0.012804266566024012,,0.8201256741278151,84.080374999985,5.279321,0.917677932,0.755,0.5,1.0,1.0
wide band gap insulating MOFs with low density,q5_insulating_frameworks,43,LEA no diversity,4,qmof-b1cbe7a,Fe2C24H16N8,1|1|1|1,0.78925,0.7930768560552011,0.03936447535496504,,0.8201110556596382,84.080374999985,3.528396,0.685538233,0.755,0.5,1.0,1.0
wide band gap insulating MOFs with low density,q5_insulating_frameworks,43,LEA no diversity,5,qmof-175a5d9,Fe6C42Cl6H12N18O12,1|1|1|1,0.78925,0.7930768560552011,0.0332105132137095,,0.8200848854089123,84.080374999985,3.544636,0.750832979,0.755,0.5,1.0,1.0
wide band gap insulating MOFs with low density,q5_insulating_frameworks,43,LEA no self-cleaning,1,qmof-19d3c65,Zn3C64H52N4O18,1|1|1|1,0.78925,0.7930768560552011,0.0,,0.8685576856055202,81.7990420000001,4.20432,0.972263976,0.755,0.5,1.0,1.0
wide band gap insulating MOFs with low density,q5_insulating_frameworks,43,LEA no self-cleaning,2,qmof-017128d,Zn6C48H60N24,1|1|1|1,0.78925,0.7930768560552011,0.025491433318362594,,0.8233687999500697,81.7990420000001,5.310987,0.913433658,0.755,0.5,1.0,1.0
wide band gap insulating MOFs with low density,q5_insulating_frameworks,43,LEA no self-cleaning,3,qmof-e3dcc4d,Zn6C48H60N24,1|1|1|1,0.78925,0.7930768560552011,0.012804266566024012,,0.8233118757440983,81.7990420000001,5.279321,0.917677932,0.755,0.5,1.0,1.0
wide band gap insulating MOFs with low density,q5_insulating_frameworks,43,LEA no self-cleaning,4,qmof-b1cbe7a,Fe2C24H16N8,1|1|1|1,0.78925,0.7930768560552011,0.03936447535496504,,0.8232670783467514,81.7990420000001,3.528396,0.685538233,0.755,0.5,1.0,1.0
wide band gap insulating MOFs with low density,q5_insulating_frameworks,43,LEA no self-cleaning,5,qmof-175a5d9,Fe6C42Cl6H12N18O12,1|1|1|1,0.78925,0.7930768560552011,0.0332105132137095,,0.8231869039581073,81.7990420000001,3.544636,0.750832979,0.755,0.5,1.0,1.0
wide band gap insulating MOFs with low density,q5_insulating_frameworks,43,GraphSAGE only,1,qmof-a2d95c3,Zn8C48H24O26,1|1|1|1,0.78925,0.7930768560552011,0.0,0.30943377792924526,0.78925,0.03870900002311828,4.650938,0.57861881,0.755,0.5,1.0,1.0
wide band gap insulating MOFs with low density,q5_insulating_frameworks,43,GraphSAGE only,2,qmof-175a5d9,Fe6C42Cl6H12N18O12,1|1|1|1,0.78925,0.7930768560552011,0.02813445479568932,0.303062526575,0.78925,0.03870900002311828,3.544636,0.750832979,0.755,0.5,1.0,1.0
wide band gap insulating MOFs with low density,q5_insulating_frameworks,43,GraphSAGE only,3,qmof-8deddd1,Zn6C42H18O18,1|1|1|1,0.78925,0.7930768560552011,0.02034151149166709,0.295998241775,0.78925,0.03870900002311828,3.550246,0.720023443,0.755,0.5,1.0,1.0
wide band gap insulating MOFs with low density,q5_insulating_frameworks,43,GraphSAGE only,4,qmof-b1cbe7a,Fe2C24H16N8,1|1|1|1,0.78925,0.7930768560552011,0.024624685122220356,0.276584632525,0.78925,0.03870900002311828,3.528396,0.685538233,0.755,0.5,1.0,1.0
wide band gap insulating MOFs with low density,q5_insulating_frameworks,43,GraphSAGE only,5,qmof-4050181,Li4C28H32N4O8,1|1|1|1,0.78925,0.7930768560552011,0.031228069970359464,0.2666271969881579,0.78925,0.03870900002311828,5.066465,0.936198777,0.755,0.5,1.0,1.0
wide band gap insulating MOFs with low density,q5_insulating_frameworks,43,GAT only,1,qmof-a2d95c3,Zn8C48H24O26,1|1|1|1,0.78925,0.7930768560552011,0.0,0.5268548685259433,0.78925,0.03387500001394983,4.650938,0.57861881,0.755,0.5,1.0,1.0
wide band gap insulating MOFs with low density,q5_insulating_frameworks,43,GAT only,2,qmof-4050181,Li4C28H32N4O8,1|1|1|1,0.78925,0.7930768560552011,0.022121013280985487,0.5151717869638158,0.78925,0.03387500001394983,5.066465,0.936198777,0.755,0.5,1.0,1.0
wide band gap insulating MOFs with low density,q5_insulating_frameworks,43,GAT only,3,qmof-017128d,Zn6C48H60N24,1|1|1|1,0.78925,0.7930768560552011,0.024522805876265843,0.5124756137663043,0.78925,0.03387500001394983,5.310987,0.913433658,0.755,0.5,1.0,1.0
wide band gap insulating MOFs with low density,q5_insulating_frameworks,43,GAT only,4,qmof-e3dcc4d,Zn6C48H60N24,1|1|1|1,0.78925,0.7930768560552011,0.016439629562600946,0.5122103466413044,0.78925,0.03387500001394983,5.279321,0.917677932,0.755,0.5,1.0,1.0
wide band gap insulating MOFs with low density,q5_insulating_frameworks,43,GAT only,5,qmof-3133aaf,Zn4C64H48N8O16,1|1|1|1,0.78925,0.7930768560552011,0.02052665090323501,0.47370207373214285,0.78925,0.03387500001394983,4.523716,0.969248466,0.755,0.5,1.0,1.0
wide band gap insulating MOFs with low density,q5_insulating_frameworks,43,LEA + GraphSAGE,1,qmof-a2d95c3,Zn8C48H24O26,1|1|1|1,0.78925,0.7930768560552011,0.0,0.30943377792924526,0.7899010573620465,81.46141700001408,4.650938,0.57861881,0.755,0.5,1.0,1.0
wide band gap insulating MOFs with low density,q5_insulating_frameworks,43,LEA + GraphSAGE,2,qmof-175a5d9,Fe6C42Cl6H12N18O12,1|1|1|1,0.78925,0.7930768560552011,0.02813445479568932,0.303062526575,0.7887570424581453,81.46141700001408,3.544636,0.750832979,0.755,0.5,1.0,1.0
wide band gap insulating MOFs with low density,q5_insulating_frameworks,43,LEA + GraphSAGE,3,qmof-8deddd1,Zn6C42H18O18,1|1|1|1,0.78925,0.7930768560552011,0.02034151149166709,0.295998241775,0.7874873462928924,81.46141700001408,3.550246,0.720023443,0.755,0.5,1.0,1.0
wide band gap insulating MOFs with low density,q5_insulating_frameworks,43,LEA + GraphSAGE,4,qmof-b1cbe7a,Fe2C24H16N8,1|1|1|1,0.78925,0.7930768560552011,0.024624685122220356,0.276584632525,0.7839915610748575,81.46141700001408,3.528396,0.685538233,0.755,0.5,1.0,1.0
wide band gap insulating MOFs with low density,q5_insulating_frameworks,43,LEA + GraphSAGE,5,qmof-4050181,Li4C28H32N4O8,1|1|1|1,0.78925,0.7930768560552011,0.031228069970359464,0.2666271969881579,0.782194987154903,81.46141700001408,5.066465,0.936198777,0.755,0.5,1.0,1.0
wide band gap insulating MOFs with low density,q5_insulating_frameworks,43,LEA + GAT,1,qmof-a2d95c3,Zn8C48H24O26,1|1|1|1,0.78925,0.7930768560552011,0.0,0.5268548685259433,0.8281138708556041,82.8631669999993,4.650938,0.57861881,0.755,0.5,1.0,1.0
wide band gap insulating MOFs with low density,q5_insulating_frameworks,43,LEA + GAT,2,qmof-4050181,Li4C28H32N4O8,1|1|1|1,0.78925,0.7930768560552011,0.022121013280985487,0.5151717869638158,0.8261115610986894,82.8631669999993,5.066465,0.936198777,0.755,0.5,1.0,1.0
wide band gap insulating MOFs with low density,q5_insulating_frameworks,43,LEA + GAT,3,qmof-017128d,Zn6C48H60N24,1|1|1|1,0.78925,0.7930768560552011,0.024522805876265843,0.5124756137663043,0.8256484733951501,82.8631669999993,5.310987,0.913433658,0.755,0.5,1.0,1.0
wide band gap insulating MOFs with low density,q5_insulating_frameworks,43,LEA + GAT,4,qmof-e3dcc4d,Zn6C48H60N24,1|1|1|1,0.78925,0.7930768560552011,0.016439629562600946,0.5122103466413044,0.8256028917714294,82.8631669999993,5.279321,0.917677932,0.755,0.5,1.0,1.0
wide band gap insulating MOFs with low density,q5_insulating_frameworks,43,LEA + GAT,5,qmof-3133aaf,Zn4C64H48N8O16,1|1|1|1,0.78925,0.7930768560552011,0.02052665090323501,0.47370207373214285,0.8189493621036008,82.8631669999993,4.523716,0.969248466,0.755,0.5,1.0,1.0
wide band gap insulating MOFs with low density,q5_insulating_frameworks,44,SemanticOnly,1,qmof-ff6a634,Li2C46H58N2O6,1|1|1|1,0.66925,0.9028290809964216,0.0,,0.66925,0.07499999998117346,3.519878,1.235143727,0.755,0.5,0.7,0.7
wide band gap insulating MOFs with low density,q5_insulating_frameworks,44,SemanticOnly,2,qmof-feb06f2,Cu2C20H16N8O12,1|1|1|1,0.66925,0.9028290809964216,0.03093286427428944,,0.66925,0.07499999998117346,3.655573,1.931833854,0.755,0.5,0.7,0.7
wide band gap insulating MOFs with low density,q5_insulating_frameworks,44,SemanticOnly,3,qmof-fd5d0f6,Ca4C36H48O40,1|1|1|1,0.66925,0.9028290809964216,0.030753337503271548,,0.66925,0.07499999998117346,4.585452,1.773466367,0.755,0.5,0.7,0.7
wide band gap insulating MOFs with low density,q5_insulating_frameworks,44,SemanticOnly,4,qmof-f58baa7,Cd2C28H24N20,1|1|1|1,0.66925,0.9028290809964216,0.025904579766869214,,0.66925,0.07499999998117346,4.168024,1.746495513,0.755,0.5,0.7,0.7
wide band gap insulating MOFs with low density,q5_insulating_frameworks,44,SemanticOnly,5,qmof-f55c6c1,Mg4C20H24N8O24,1|1|1|1,0.66925,0.9028290809964216,0.031122018361700435,,0.66925,0.07499999998117346,5.230363,1.796465237,0.755,0.5,0.7,0.7
wide band gap insulating MOFs with low density,q5_insulating_frameworks,44,WeightedSum,1,qmof-e3dcc4d,Zn6C48H60N24,1|1|1|1,0.78925,0.7930768560552011,0.0,,0.78925,0.05829199997720025,5.279321,0.917677932,0.755,0.5,1.0,1.0
wide band gap insulating MOFs with low density,q5_insulating_frameworks,44,WeightedSum,2,qmof-c82daac,Al2Li2C40H46N6O4,1|1|1|1,0.78925,0.7930768560552011,0.028969146794849437,,0.78925,0.05829199997720025,4.047188,0.954866212,0.755,0.5,1.0,1.0
wide band gap insulating MOFs with low density,q5_insulating_frameworks,44,WeightedSum,3,qmof-b1cbe7a,Fe2C24H16N8,1|1|1|1,0.78925,0.7930768560552011,0.033572801739611455,,0.78925,0.05829199997720025,3.528396,0.685538233,0.755,0.5,1.0,1.0
wide band gap insulating MOFs with low density,q5_insulating_frameworks,44,WeightedSum,4,qmof-a2d95c3,Zn8C48H24O26,1|1|1|1,0.78925,0.7930768560552011,0.02924677289371737,,0.78925,0.05829199997720025,4.650938,0.57861881,0.755,0.5,1.0,1.0
wide band gap insulating MOFs with low density,q5_insulating_frameworks,44,WeightedSum,5,qmof-8deddd1,Zn6C42H18O18,1|1|1|1,0.78925,0.7930768560552011,0.027198422210623963,,0.78925,0.05829199997720025,3.550246,0.720023443,0.755,0.5,1.0,1.0
wide band gap insulating MOFs with low density,q5_insulating_frameworks,44,TOPSIS,1,qmof-e3dcc4d,Zn6C48H60N24,1|1|1|1,0.78925,0.7930768560552011,0.0,,0.78925,1.188541999994186,5.279321,0.917677932,0.755,0.5,1.0,1.0
wide band gap insulating MOFs with low density,q5_insulating_frameworks,44,TOPSIS,2,qmof-c82daac,Al2Li2C40H46N6O4,1|1|1|1,0.78925,0.7930768560552011,0.028969146794849437,,0.78925,1.188541999994186,4.047188,0.954866212,0.755,0.5,1.0,1.0
wide band gap insulating MOFs with low density,q5_insulating_frameworks,44,TOPSIS,3,qmof-b1cbe7a,Fe2C24H16N8,1|1|1|1,0.78925,0.7930768560552011,0.033572801739611455,,0.78925,1.188541999994186,3.528396,0.685538233,0.755,0.5,1.0,1.0
wide band gap insulating MOFs with low density,q5_insulating_frameworks,44,TOPSIS,4,qmof-a2d95c3,Zn8C48H24O26,1|1|1|1,0.78925,0.7930768560552011,0.02924677289371737,,0.78925,1.188541999994186,4.650938,0.57861881,0.755,0.5,1.0,1.0
wide band gap insulating MOFs with low density,q5_insulating_frameworks,44,TOPSIS,5,qmof-8deddd1,Zn6C42H18O18,1|1|1|1,0.78925,0.7930768560552011,0.027198422210623963,,0.78925,1.188541999994186,3.550246,0.720023443,0.755,0.5,1.0,1.0
wide band gap insulating MOFs with low density,q5_insulating_frameworks,44,ParetoCrowding,1,qmof-b1cbe7a,Fe2C24H16N8,1|1|1|1,0.78925,0.7930768560552011,0.0,,0.78925,220.17783300000815,3.528396,0.685538233,0.755,0.5,1.0,1.0
wide band gap insulating MOFs with low density,q5_insulating_frameworks,44,ParetoCrowding,2,qmof-a2d95c3,Zn8C48H24O26,1|1|1|1,0.78925,0.7930768560552011,0.03239239420527272,,0.78925,220.17783300000815,4.650938,0.57861881,0.755,0.5,1.0,1.0
wide band gap insulating MOFs with low density,q5_insulating_frameworks,44,ParetoCrowding,3,qmof-175a5d9,Fe6C42Cl6H12N18O12,1|1|1|1,0.78925,0.7930768560552011,0.025311591694601086,,0.78925,220.17783300000815,3.544636,0.750832979,0.755,0.5,1.0,1.0
wide band gap insulating MOFs with low density,q5_insulating_frameworks,44,ParetoCrowding,4,qmof-8deddd1,Zn6C42H18O18,1|1|1|1,0.78925,0.7930768560552011,0.019891985183736558,,0.78925,220.17783300000815,3.550246,0.720023443,0.755,0.5,1.0,1.0
wide band gap insulating MOFs with low density,q5_insulating_frameworks,44,ParetoCrowding,5,qmof-017128d,Zn6C48H60N24,1|1|1|1,0.78925,0.7930768560552011,0.03904025601971238,,0.78925,220.17783300000815,5.310987,0.913433658,0.755,0.5,1.0,1.0
wide band gap insulating MOFs with low density,q5_insulating_frameworks,44,Random,1,qmof-6d11fd4,Cu2C32H44N4O14,1|1|1|1,0.66925,0.9028290809964216,0.0,,0.66925,0.044707999990123426,3.853935,1.590572828,0.755,0.5,0.7,0.7
wide band gap insulating MOFs with low density,q5_insulating_frameworks,44,Random,2,qmof-e45b793,Ni2C32H36N8S4,1|1|1|1,0.66925,0.9028290809964216,0.011106562373694066,,0.66925,0.044707999990123426,3.794292,1.516657369,0.755,0.5,0.7,0.7
wide band gap insulating MOFs with low density,q5_insulating_frameworks,44,Random,3,qmof-6b45ff6,Cu2C32H32N4O8,1|1|1|1,0.66925,0.9028290809964216,0.00938671021214463,,0.66925,0.044707999990123426,3.909329,1.731302286,0.755,0.5,0.7,0.7
wide band gap insulating MOFs with low density,q5_insulating_frameworks,44,Random,4,qmof-1976a36,Zn3C32H32N2O12,1|1|1|1,0.66925,0.9028290809964216,0.007389107187665581,,0.66925,0.044707999990123426,3.897287,1.667097745,0.755,0.5,0.7,0.7
wide band gap insulating MOFs with low density,q5_insulating_frameworks,44,Random,5,qmof-ff6a634,Li2C46H58N2O6,1|1|1|1,0.66925,0.9028290809964216,0.017203509609707696,,0.66925,0.044707999990123426,3.519878,1.235143727,0.755,0.5,0.7,0.7
wide band gap insulating MOFs with low density,q5_insulating_frameworks,44,MMR,1,qmof-e3dcc4d,Zn6C48H60N24,1|1|1|1,0.78925,0.7930768560552011,0.0,,0.78925,2160.358207999991,5.279321,0.917677932,0.755,0.5,1.0,1.0
wide band gap insulating MOFs with low density,q5_insulating_frameworks,44,MMR,2,qmof-b1cbe7a,Fe2C24H16N8,1|1|1|1,0.78925,0.7930768560552011,0.04281348350482649,,0.78925,2160.358207999991,3.528396,0.685538233,0.755,0.5,1.0,1.0
wide band gap insulating MOFs with low density,q5_insulating_frameworks,44,MMR,3,qmof-694fdb2,Na4C52H80N4O8,1|1|1|1,0.78925,0.7930768560552011,0.03371980942744322,,0.78925,2160.358207999991,3.600195,0.918885408,0.755,0.5,1.0,1.0
wide band gap insulating MOFs with low density,q5_insulating_frameworks,44,MMR,4,qmof-a2d95c3,Zn8C48H24O26,1|1|1|1,0.78925,0.7930768560552011,0.031689670541385745,,0.78925,2160.358207999991,4.650938,0.57861881,0.755,0.5,1.0,1.0
wide band gap insulating MOFs with low density,q5_insulating_frameworks,44,MMR,5,qmof-175a5d9,Fe6C42Cl6H12N18O12,1|1|1|1,0.78925,0.7930768560552011,0.03094568091255562,,0.78925,2160.358207999991,3.544636,0.750832979,0.755,0.5,1.0,1.0
wide band gap insulating MOFs with low density,q5_insulating_frameworks,44,LEA,1,qmof-e3dcc4d,Zn6C48H60N24,1|1|1|1,0.78925,0.7930768560552011,0.0,,0.8685576856055202,87.26400000000467,5.279321,0.917677932,0.755,0.5,1.0,1.0
wide band gap insulating MOFs with low density,q5_insulating_frameworks,44,LEA,2,qmof-b1cbe7a,Fe2C24H16N8,1|1|1|1,0.78925,0.7930768560552011,0.04281348350482649,,0.8247727917576637,87.26400000000467,3.528396,0.685538233,0.755,0.5,1.0,1.0
wide band gap insulating MOFs with low density,q5_insulating_frameworks,44,LEA,3,qmof-8deddd1,Zn6C42H18O18,1|1|1|1,0.78925,0.7930768560552011,0.030610284412375587,,0.8245214071694072,87.26400000000467,3.550246,0.720023443,0.755,0.5,1.0,1.0
wide band gap insulating MOFs with low density,q5_insulating_frameworks,44,LEA,4,qmof-175a5d9,Fe6C42Cl6H12N18O12,1|1|1|1,0.78925,0.7930768560552011,0.02735426107293687,,0.8245178817734893,87.26400000000467,3.544636,0.750832979,0.755,0.5,1.0,1.0
wide band gap insulating MOFs with low density,q5_insulating_frameworks,44,LEA,5,qmof-694fdb2,Na4C52H80N4O8,1|1|1|1,0.78925,0.7930768560552011,0.03223391899957805,,0.8238577245156753,87.26400000000467,3.600195,0.918885408,0.755,0.5,1.0,1.0
wide band gap insulating MOFs with low density,q5_insulating_frameworks,44,LEA no diversity,1,qmof-e3dcc4d,Zn6C48H60N24,1|1|1|1,0.78925,0.7930768560552011,0.0,,0.8685576856055202,84.93000000001416,5.279321,0.917677932,0.755,0.5,1.0,1.0
wide band gap insulating MOFs with low density,q5_insulating_frameworks,44,LEA no diversity,2,qmof-b1cbe7a,Fe2C24H16N8,1|1|1|1,0.78925,0.7930768560552011,0.04281348350482649,,0.8206007774039875,84.93000000001416,3.528396,0.685538233,0.755,0.5,1.0,1.0
wide band gap insulating MOFs with low density,q5_insulating_frameworks,44,LEA no diversity,3,qmof-8deddd1,Zn6C42H18O18,1|1|1|1,0.78925,0.7930768560552011,0.030610284412375587,,0.8205192499523902,84.93000000001416,3.550246,0.720023443,0.755,0.5,1.0,1.0
wide band gap insulating MOFs with low density,q5_insulating_frameworks,44,LEA no diversity,4,qmof-175a5d9,Fe6C42Cl6H12N18O12,1|1|1|1,0.78925,0.7930768560552011,0.02735426107293687,,0.8205181059530879,84.93000000001416,3.544636,0.750832979,0.755,0.5,1.0,1.0
wide band gap insulating MOFs with low density,q5_insulating_frameworks,44,LEA no diversity,5,qmof-694fdb2,Na4C52H80N4O8,1|1|1|1,0.78925,0.7930768560552011,0.03223391899957805,,0.8203035589791533,84.93000000001416,3.600195,0.918885408,0.755,0.5,1.0,1.0
wide band gap insulating MOFs with low density,q5_insulating_frameworks,44,LEA no self-cleaning,1,qmof-e3dcc4d,Zn6C48H60N24,1|1|1|1,0.78925,0.7930768560552011,0.0,,0.8685576856055202,83.99429099998201,5.279321,0.917677932,0.755,0.5,1.0,1.0
wide band gap insulating MOFs with low density,q5_insulating_frameworks,44,LEA no self-cleaning,2,qmof-b1cbe7a,Fe2C24H16N8,1|1|1|1,0.78925,0.7930768560552011,0.04281348350482649,,0.8247727917576637,83.99429099998201,3.528396,0.685538233,0.755,0.5,1.0,1.0
wide band gap insulating MOFs with low density,q5_insulating_frameworks,44,LEA no self-cleaning,3,qmof-8deddd1,Zn6C42H18O18,1|1|1|1,0.78925,0.7930768560552011,0.030610284412375587,,0.8245214071694072,83.99429099998201,3.550246,0.720023443,0.755,0.5,1.0,1.0
wide band gap insulating MOFs with low density,q5_insulating_frameworks,44,LEA no self-cleaning,4,qmof-175a5d9,Fe6C42Cl6H12N18O12,1|1|1|1,0.78925,0.7930768560552011,0.02735426107293687,,0.8245178817734893,83.99429099998201,3.544636,0.750832979,0.755,0.5,1.0,1.0
wide band gap insulating MOFs with low density,q5_insulating_frameworks,44,LEA no self-cleaning,5,qmof-694fdb2,Na4C52H80N4O8,1|1|1|1,0.78925,0.7930768560552011,0.03223391899957805,,0.8238577245156753,83.99429099998201,3.600195,0.918885408,0.755,0.5,1.0,1.0
wide band gap insulating MOFs with low density,q5_insulating_frameworks,44,GraphSAGE only,1,qmof-a2d95c3,Zn8C48H24O26,1|1|1|1,0.78925,0.7930768560552011,0.0,0.30943377792924526,0.78925,0.03737500000511318,4.650938,0.57861881,0.755,0.5,1.0,1.0
wide band gap insulating MOFs with low density,q5_insulating_frameworks,44,GraphSAGE only,2,qmof-175a5d9,Fe6C42Cl6H12N18O12,1|1|1|1,0.78925,0.7930768560552011,0.02813445479568932,0.303062526575,0.78925,0.03737500000511318,3.544636,0.750832979,0.755,0.5,1.0,1.0
wide band gap insulating MOFs with low density,q5_insulating_frameworks,44,GraphSAGE only,3,qmof-8deddd1,Zn6C42H18O18,1|1|1|1,0.78925,0.7930768560552011,0.02034151149166709,0.295998241775,0.78925,0.03737500000511318,3.550246,0.720023443,0.755,0.5,1.0,1.0
wide band gap insulating MOFs with low density,q5_insulating_frameworks,44,GraphSAGE only,4,qmof-b1cbe7a,Fe2C24H16N8,1|1|1|1,0.78925,0.7930768560552011,0.024624685122220356,0.276584632525,0.78925,0.03737500000511318,3.528396,0.685538233,0.755,0.5,1.0,1.0
wide band gap insulating MOFs with low density,q5_insulating_frameworks,44,GraphSAGE only,5,qmof-4050181,Li4C28H32N4O8,1|1|1|1,0.78925,0.7930768560552011,0.031228069970359464,0.2666271969881579,0.78925,0.03737500000511318,5.066465,0.936198777,0.755,0.5,1.0,1.0
wide band gap insulating MOFs with low density,q5_insulating_frameworks,44,GAT only,1,qmof-a2d95c3,Zn8C48H24O26,1|1|1|1,0.78925,0.7930768560552011,0.0,0.5268548685259433,0.78925,0.03379200001063509,4.650938,0.57861881,0.755,0.5,1.0,1.0
wide band gap insulating MOFs with low density,q5_insulating_frameworks,44,GAT only,2,qmof-4050181,Li4C28H32N4O8,1|1|1|1,0.78925,0.7930768560552011,0.022121013280985487,0.5151717869638158,0.78925,0.03379200001063509,5.066465,0.936198777,0.755,0.5,1.0,1.0
wide band gap insulating MOFs with low density,q5_insulating_frameworks,44,GAT only,3,qmof-017128d,Zn6C48H60N24,1|1|1|1,0.78925,0.7930768560552011,0.024522805876265843,0.5124756137663043,0.78925,0.03379200001063509,5.310987,0.913433658,0.755,0.5,1.0,1.0
wide band gap insulating MOFs with low density,q5_insulating_frameworks,44,GAT only,4,qmof-e3dcc4d,Zn6C48H60N24,1|1|1|1,0.78925,0.7930768560552011,0.016439629562600946,0.5122103466413044,0.78925,0.03379200001063509,5.279321,0.917677932,0.755,0.5,1.0,1.0
wide band gap insulating MOFs with low density,q5_insulating_frameworks,44,GAT only,5,qmof-3133aaf,Zn4C64H48N8O16,1|1|1|1,0.78925,0.7930768560552011,0.02052665090323501,0.47370207373214285,0.78925,0.03379200001063509,4.523716,0.969248466,0.755,0.5,1.0,1.0
wide band gap insulating MOFs with low density,q5_insulating_frameworks,44,LEA + GraphSAGE,1,qmof-a2d95c3,Zn8C48H24O26,1|1|1|1,0.78925,0.7930768560552011,0.0,0.30943377792924526,0.7899010573620465,81.38345899999422,4.650938,0.57861881,0.755,0.5,1.0,1.0
wide band gap insulating MOFs with low density,q5_insulating_frameworks,44,LEA + GraphSAGE,2,qmof-175a5d9,Fe6C42Cl6H12N18O12,1|1|1|1,0.78925,0.7930768560552011,0.02813445479568932,0.303062526575,0.7887570424581453,81.38345899999422,3.544636,0.750832979,0.755,0.5,1.0,1.0
wide band gap insulating MOFs with low density,q5_insulating_frameworks,44,LEA + GraphSAGE,3,qmof-8deddd1,Zn6C42H18O18,1|1|1|1,0.78925,0.7930768560552011,0.02034151149166709,0.295998241775,0.7874873462928924,81.38345899999422,3.550246,0.720023443,0.755,0.5,1.0,1.0
wide band gap insulating MOFs with low density,q5_insulating_frameworks,44,LEA + GraphSAGE,4,qmof-b1cbe7a,Fe2C24H16N8,1|1|1|1,0.78925,0.7930768560552011,0.024624685122220356,0.276584632525,0.7839915610748575,81.38345899999422,3.528396,0.685538233,0.755,0.5,1.0,1.0
wide band gap insulating MOFs with low density,q5_insulating_frameworks,44,LEA + GraphSAGE,5,qmof-4050181,Li4C28H32N4O8,1|1|1|1,0.78925,0.7930768560552011,0.031228069970359464,0.2666271969881579,0.782194987154903,81.38345899999422,5.066465,0.936198777,0.755,0.5,1.0,1.0
wide band gap insulating MOFs with low density,q5_insulating_frameworks,44,LEA + GAT,1,qmof-a2d95c3,Zn8C48H24O26,1|1|1|1,0.78925,0.7930768560552011,0.0,0.5268548685259433,0.8281138708556041,79.6301670000048,4.650938,0.57861881,0.755,0.5,1.0,1.0
wide band gap insulating MOFs with low density,q5_insulating_frameworks,44,LEA + GAT,2,qmof-4050181,Li4C28H32N4O8,1|1|1|1,0.78925,0.7930768560552011,0.022121013280985487,0.5151717869638158,0.8261115610986894,79.6301670000048,5.066465,0.936198777,0.755,0.5,1.0,1.0
wide band gap insulating MOFs with low density,q5_insulating_frameworks,44,LEA + GAT,3,qmof-017128d,Zn6C48H60N24,1|1|1|1,0.78925,0.7930768560552011,0.024522805876265843,0.5124756137663043,0.8256484733951501,79.6301670000048,5.310987,0.913433658,0.755,0.5,1.0,1.0
wide band gap insulating MOFs with low density,q5_insulating_frameworks,44,LEA + GAT,4,qmof-e3dcc4d,Zn6C48H60N24,1|1|1|1,0.78925,0.7930768560552011,0.016439629562600946,0.5122103466413044,0.8256028917714294,79.6301670000048,5.279321,0.917677932,0.755,0.5,1.0,1.0
wide band gap insulating MOFs with low density,q5_insulating_frameworks,44,LEA + GAT,5,qmof-3133aaf,Zn4C64H48N8O16,1|1|1|1,0.78925,0.7930768560552011,0.02052665090323501,0.47370207373214285,0.8189493621036008,79.6301670000048,4.523716,0.969248466,0.755,0.5,1.0,1.0
wide band gap insulating MOFs with low density,q5_insulating_frameworks,45,SemanticOnly,1,qmof-ff08ff7,K4C16H8O8,1|1|1|1,0.66925,0.9028290809964216,0.0,,0.66925,0.036958999999114894,4.572055,1.816785287,0.755,0.5,0.7,0.7
wide band gap insulating MOFs with low density,q5_insulating_frameworks,45,SemanticOnly,2,qmof-fdb520d,Cd3C52H54N18O20S2,1|1|1|1,0.66925,0.9028290809964216,0.0368393700235218,,0.66925,0.036958999999114894,4.582349,1.719013153,0.755,0.5,0.7,0.7
wide band gap insulating MOFs with low density,q5_insulating_frameworks,45,SemanticOnly,3,qmof-faec724,Cd4C40H40N32O28,1|1|1|1,0.66925,0.9028290809964216,0.0301372558952775,,0.66925,0.036958999999114894,3.695211,1.839845535,0.755,0.5,0.7,0.7
wide band gap insulating MOFs with low density,q5_insulating_frameworks,45,SemanticOnly,4,qmof-f96785a,Zn2C36H36N8O10,1|1|1|1,0.66925,0.9028290809964216,0.023543800989440828,,0.66925,0.036958999999114894,4.741722,1.578911361,0.755,0.5,0.7,0.7
wide band gap insulating MOFs with low density,q5_insulating_frameworks,45,SemanticOnly,5,qmof-f771839,Co2C38H40N8O8,1|1|1|1,0.66925,0.9028290809964216,0.020855151029081948,,0.66925,0.036958999999114894,4.295336,1.401927433,0.755,0.5,0.7,0.7
wide band gap insulating MOFs with low density,q5_insulating_frameworks,45,WeightedSum,1,qmof-e3dcc4d,Zn6C48H60N24,1|1|1|1,0.78925,0.7930768560552011,0.0,,0.78925,0.049791999998660685,5.279321,0.917677932,0.755,0.5,1.0,1.0
wide band gap insulating MOFs with low density,q5_insulating_frameworks,45,WeightedSum,2,qmof-c82daac,Al2Li2C40H46N6O4,1|1|1|1,0.78925,0.7930768560552011,0.028969146794849437,,0.78925,0.049791999998660685,4.047188,0.954866212,0.755,0.5,1.0,1.0
wide band gap insulating MOFs with low density,q5_insulating_frameworks,45,WeightedSum,3,qmof-b1cbe7a,Fe2C24H16N8,1|1|1|1,0.78925,0.7930768560552011,0.033572801739611455,,0.78925,0.049791999998660685,3.528396,0.685538233,0.755,0.5,1.0,1.0
wide band gap insulating MOFs with low density,q5_insulating_frameworks,45,WeightedSum,4,qmof-a2d95c3,Zn8C48H24O26,1|1|1|1,0.78925,0.7930768560552011,0.02924677289371737,,0.78925,0.049791999998660685,4.650938,0.57861881,0.755,0.5,1.0,1.0
wide band gap insulating MOFs with low density,q5_insulating_frameworks,45,WeightedSum,5,qmof-8deddd1,Zn6C42H18O18,1|1|1|1,0.78925,0.7930768560552011,0.027198422210623963,,0.78925,0.049791999998660685,3.550246,0.720023443,0.755,0.5,1.0,1.0
wide band gap insulating MOFs with low density,q5_insulating_frameworks,45,TOPSIS,1,qmof-e3dcc4d,Zn6C48H60N24,1|1|1|1,0.78925,0.7930768560552011,0.0,,0.78925,1.1618750000081945,5.279321,0.917677932,0.755,0.5,1.0,1.0
wide band gap insulating MOFs with low density,q5_insulating_frameworks,45,TOPSIS,2,qmof-c82daac,Al2Li2C40H46N6O4,1|1|1|1,0.78925,0.7930768560552011,0.028969146794849437,,0.78925,1.1618750000081945,4.047188,0.954866212,0.755,0.5,1.0,1.0
wide band gap insulating MOFs with low density,q5_insulating_frameworks,45,TOPSIS,3,qmof-b1cbe7a,Fe2C24H16N8,1|1|1|1,0.78925,0.7930768560552011,0.033572801739611455,,0.78925,1.1618750000081945,3.528396,0.685538233,0.755,0.5,1.0,1.0
wide band gap insulating MOFs with low density,q5_insulating_frameworks,45,TOPSIS,4,qmof-a2d95c3,Zn8C48H24O26,1|1|1|1,0.78925,0.7930768560552011,0.02924677289371737,,0.78925,1.1618750000081945,4.650938,0.57861881,0.755,0.5,1.0,1.0
wide band gap insulating MOFs with low density,q5_insulating_frameworks,45,TOPSIS,5,qmof-8deddd1,Zn6C42H18O18,1|1|1|1,0.78925,0.7930768560552011,0.027198422210623963,,0.78925,1.1618750000081945,3.550246,0.720023443,0.755,0.5,1.0,1.0
wide band gap insulating MOFs with low density,q5_insulating_frameworks,45,ParetoCrowding,1,qmof-a2d95c3,Zn8C48H24O26,1|1|1|1,0.78925,0.7930768560552011,0.0,,0.78925,226.36045800001625,4.650938,0.57861881,0.755,0.5,1.0,1.0
wide band gap insulating MOFs with low density,q5_insulating_frameworks,45,ParetoCrowding,2,qmof-b1cbe7a,Fe2C24H16N8,1|1|1|1,0.78925,0.7930768560552011,0.03239239420527272,,0.78925,226.36045800001625,3.528396,0.685538233,0.755,0.5,1.0,1.0
wide band gap insulating MOFs with low density,q5_insulating_frameworks,45,ParetoCrowding,3,qmof-175a5d9,Fe6C42Cl6H12N18O12,1|1|1|1,0.78925,0.7930768560552011,0.025311591694601086,,0.78925,226.36045800001625,3.544636,0.750832979,0.755,0.5,1.0,1.0
wide band gap insulating MOFs with low density,q5_insulating_frameworks,45,ParetoCrowding,4,qmof-8deddd1,Zn6C42H18O18,1|1|1|1,0.78925,0.7930768560552011,0.019891985183736558,,0.78925,226.36045800001625,3.550246,0.720023443,0.755,0.5,1.0,1.0
wide band gap insulating MOFs with low density,q5_insulating_frameworks,45,ParetoCrowding,5,qmof-017128d,Zn6C48H60N24,1|1|1|1,0.78925,0.7930768560552011,0.03904025601971238,,0.78925,226.36045800001625,5.310987,0.913433658,0.755,0.5,1.0,1.0
wide band gap insulating MOFs with low density,q5_insulating_frameworks,45,Random,1,qmof-e7f8efa,Cd4C56H48N8O16,1|1|1|1,0.66925,0.9028290809964216,0.0,,0.66925,0.05333400000040456,3.68209,1.741521295,0.755,0.5,0.7,0.7
wide band gap insulating MOFs with low density,q5_insulating_frameworks,45,Random,2,qmof-78fa3cf,Ag4C48H12N24,1|1|1|1,0.66925,0.9028290809964216,0.024059664726392378,,0.66925,0.05333400000040456,3.669743,1.763516253,0.755,0.5,0.7,0.7
wide band gap insulating MOFs with low density,q5_insulating_frameworks,45,Random,3,qmof-4050181,Li4C28H32N4O8,1|1|1|1,0.78925,0.7930768560552011,0.04203947331661084,,0.78925,0.05333400000040456,5.066465,0.936198777,0.755,0.5,1.0,1.0
wide band gap insulating MOFs with low density,q5_insulating_frameworks,45,Random,4,qmof-cbb7574,Tb2C42H30O18,1|1|1|1,0.66925,0.9028290809964216,0.02568137147664751,,0.66925,0.05333400000040456,3.80596,1.874742967,0.755,0.5,0.7,0.7
wide band gap insulating MOFs with low density,q5_insulating_frameworks,45,Random,5,qmof-e6ca203,Zn4C56H52N8O20,1|1|1|1,0.66925,0.9028290809964216,0.022725448767569763,,0.66925,0.05333400000040456,3.554075,1.600464662,0.755,0.5,0.7,0.7
wide band gap insulating MOFs with low density,q5_insulating_frameworks,45,MMR,1,qmof-b1cbe7a,Fe2C24H16N8,1|1|1|1,0.78925,0.7930768560552011,0.0,,0.78925,2158.458875000008,3.528396,0.685538233,0.755,0.5,1.0,1.0
wide band gap insulating MOFs with low density,q5_insulating_frameworks,45,MMR,2,qmof-017128d,Zn6C48H60N24,1|1|1|1,0.78925,0.7930768560552011,0.04324348458023015,,0.78925,2158.458875000008,5.310987,0.913433658,0.755,0.5,1.0,1.0
wide band gap insulating MOFs with low density,q5_insulating_frameworks,45,MMR,3,qmof-694fdb2,Na4C52H80N4O8,1|1|1|1,0.78925,0.7930768560552011,0.03398922464185243,,0.78925,2158.458875000008,3.600195,0.918885408,0.755,0.5,1.0,1.0
wide band gap insulating MOFs with low density,q5_insulating_frameworks,45,MMR,4,qmof-a2d95c3,Zn8C48H24O26,1|1|1|1,0.78925,0.7930768560552011,0.031757743531036026,,0.78925,2158.458875000008,4.650938,0.57861881,0.755,0.5,1.0,1.0
wide band gap insulating MOFs with low density,q5_insulating_frameworks,45,MMR,5,qmof-175a5d9,Fe6C42Cl6H12N18O12,1|1|1|1,0.78925,0.7930768560552011,0.031055776307544084,,0.78925,2158.458875000008,3.544636,0.750832979,0.755,0.5,1.0,1.0
wide band gap insulating MOFs with low density,q5_insulating_frameworks,45,LEA,1,qmof-b1cbe7a,Fe2C24H16N8,1|1|1|1,0.78925,0.7930768560552011,0.0,,0.8685576856055202,83.58091700000614,3.528396,0.685538233,0.755,0.5,1.0,1.0
wide band gap insulating MOFs with low density,q5_insulating_frameworks,45,LEA,2,qmof-017128d,Zn6C48H60N24,1|1|1|1,0.78925,0.7930768560552011,0.04324348458023015,,0.8249512836926214,83.58091700000614,5.310987,0.913433658,0.755,0.5,1.0,1.0
wide band gap insulating MOFs with low density,q5_insulating_frameworks,45,LEA,3,qmof-e3dcc4d,Zn6C48H60N24,1|1|1|1,0.78925,0.7930768560552011,0.021706501110920914,,0.8248901052316683,83.58091700000614,5.279321,0.917677932,0.755,0.5,1.0,1.0
wide band gap insulating MOFs with low density,q5_insulating_frameworks,45,LEA,4,qmof-a2d95c3,Zn8C48H24O26,1|1|1|1,0.78925,0.7930768560552011,0.029510865471045866,,0.8243343918517128,83.58091700000614,4.650938,0.57861881,0.755,0.5,1.0,1.0
wide band gap insulating MOFs with low density,q5_insulating_frameworks,45,LEA,5,qmof-4050181,Li4C28H32N4O8,1|1|1|1,0.78925,0.7930768560552011,0.024329839631666066,,0.8241173529368456,83.58091700000614,5.066465,0.936198777,0.755,0.5,1.0,1.0
wide band gap insulating MOFs with low density,q5_insulating_frameworks,45,LEA no diversity,1,qmof-b1cbe7a,Fe2C24H16N8,1|1|1|1,0.78925,0.7930768560552011,0.0,,0.8685576856055202,84.46816700001136,3.528396,0.685538233,0.755,0.5,1.0,1.0
wide band gap insulating MOFs with low density,q5_insulating_frameworks,45,LEA no diversity,2,qmof-017128d,Zn6C48H60N24,1|1|1|1,0.78925,0.7930768560552011,0.04324348458023015,,0.8206586079695504,84.46816700001136,5.310987,0.913433658,0.755,0.5,1.0,1.0
wide band gap insulating MOFs with low density,q5_insulating_frameworks,45,LEA no diversity,3,qmof-e3dcc4d,Zn6C48H60N24,1|1|1|1,0.78925,0.7930768560552011,0.021706501110920914,,0.8206387917428968,84.46816700001136,5.279321,0.917677932,0.755,0.5,1.0,1.0
wide band gap insulating MOFs with low density,q5_insulating_frameworks,45,LEA no diversity,4,qmof-a2d95c3,Zn8C48H24O26,1|1|1|1,0.78925,0.7930768560552011,0.029510865471045866,,0.8204585376344546,84.46816700001136,4.650938,0.57861881,0.755,0.5,1.0,1.0
wide band gap insulating MOFs with low density,q5_insulating_frameworks,45,LEA no diversity,5,qmof-4050181,Li4C28H32N4O8,1|1|1|1,0.78925,0.7930768560552011,0.024329839631666066,,0.8203880135823309,84.46816700001136,5.066465,0.936198777,0.755,0.5,1.0,1.0
wide band gap insulating MOFs with low density,q5_insulating_frameworks,45,LEA no self-cleaning,1,qmof-b1cbe7a,Fe2C24H16N8,1|1|1|1,0.78925,0.7930768560552011,0.0,,0.8685576856055202,86.82433399999923,3.528396,0.685538233,0.755,0.5,1.0,1.0
wide band gap insulating MOFs with low density,q5_insulating_frameworks,45,LEA no self-cleaning,2,qmof-017128d,Zn6C48H60N24,1|1|1|1,0.78925,0.7930768560552011,0.04324348458023015,,0.8249512836926214,86.82433399999923,5.310987,0.913433658,0.755,0.5,1.0,1.0
wide band gap insulating MOFs with low density,q5_insulating_frameworks,45,LEA no self-cleaning,3,qmof-e3dcc4d,Zn6C48H60N24,1|1|1|1,0.78925,0.7930768560552011,0.021706501110920914,,0.8248901052316683,86.82433399999923,5.279321,0.917677932,0.755,0.5,1.0,1.0
wide band gap insulating MOFs with low density,q5_insulating_frameworks,45,LEA no self-cleaning,4,qmof-a2d95c3,Zn8C48H24O26,1|1|1|1,0.78925,0.7930768560552011,0.029510865471045866,,0.8243343918517128,86.82433399999923,4.650938,0.57861881,0.755,0.5,1.0,1.0
wide band gap insulating MOFs with low density,q5_insulating_frameworks,45,LEA no self-cleaning,5,qmof-4050181,Li4C28H32N4O8,1|1|1|1,0.78925,0.7930768560552011,0.024329839631666066,,0.8241173529368456,86.82433399999923,5.066465,0.936198777,0.755,0.5,1.0,1.0
wide band gap insulating MOFs with low density,q5_insulating_frameworks,45,GraphSAGE only,1,qmof-a2d95c3,Zn8C48H24O26,1|1|1|1,0.78925,0.7930768560552011,0.0,0.30943377792924526,0.78925,0.04512500001396802,4.650938,0.57861881,0.755,0.5,1.0,1.0
wide band gap insulating MOFs with low density,q5_insulating_frameworks,45,GraphSAGE only,2,qmof-175a5d9,Fe6C42Cl6H12N18O12,1|1|1|1,0.78925,0.7930768560552011,0.02813445479568932,0.303062526575,0.78925,0.04512500001396802,3.544636,0.750832979,0.755,0.5,1.0,1.0
wide band gap insulating MOFs with low density,q5_insulating_frameworks,45,GraphSAGE only,3,qmof-8deddd1,Zn6C42H18O18,1|1|1|1,0.78925,0.7930768560552011,0.02034151149166709,0.295998241775,0.78925,0.04512500001396802,3.550246,0.720023443,0.755,0.5,1.0,1.0
wide band gap insulating MOFs with low density,q5_insulating_frameworks,45,GraphSAGE only,4,qmof-b1cbe7a,Fe2C24H16N8,1|1|1|1,0.78925,0.7930768560552011,0.024624685122220356,0.276584632525,0.78925,0.04512500001396802,3.528396,0.685538233,0.755,0.5,1.0,1.0
wide band gap insulating MOFs with low density,q5_insulating_frameworks,45,GraphSAGE only,5,qmof-4050181,Li4C28H32N4O8,1|1|1|1,0.78925,0.7930768560552011,0.031228069970359464,0.2666271969881579,0.78925,0.04512500001396802,5.066465,0.936198777,0.755,0.5,1.0,1.0
wide band gap insulating MOFs with low density,q5_insulating_frameworks,45,GAT only,1,qmof-a2d95c3,Zn8C48H24O26,1|1|1|1,0.78925,0.7930768560552011,0.0,0.5268548685259433,0.78925,0.037916999986009614,4.650938,0.57861881,0.755,0.5,1.0,1.0
wide band gap insulating MOFs with low density,q5_insulating_frameworks,45,GAT only,2,qmof-4050181,Li4C28H32N4O8,1|1|1|1,0.78925,0.7930768560552011,0.022121013280985487,0.5151717869638158,0.78925,0.037916999986009614,5.066465,0.936198777,0.755,0.5,1.0,1.0
wide band gap insulating MOFs with low density,q5_insulating_frameworks,45,GAT only,3,qmof-017128d,Zn6C48H60N24,1|1|1|1,0.78925,0.7930768560552011,0.024522805876265843,0.5124756137663043,0.78925,0.037916999986009614,5.310987,0.913433658,0.755,0.5,1.0,1.0
wide band gap insulating MOFs with low density,q5_insulating_frameworks,45,GAT only,4,qmof-e3dcc4d,Zn6C48H60N24,1|1|1|1,0.78925,0.7930768560552011,0.016439629562600946,0.5122103466413044,0.78925,0.037916999986009614,5.279321,0.917677932,0.755,0.5,1.0,1.0
wide band gap insulating MOFs with low density,q5_insulating_frameworks,45,GAT only,5,qmof-3133aaf,Zn4C64H48N8O16,1|1|1|1,0.78925,0.7930768560552011,0.02052665090323501,0.47370207373214285,0.78925,0.037916999986009614,4.523716,0.969248466,0.755,0.5,1.0,1.0
wide band gap insulating MOFs with low density,q5_insulating_frameworks,45,LEA + GraphSAGE,1,qmof-a2d95c3,Zn8C48H24O26,1|1|1|1,0.78925,0.7930768560552011,0.0,0.30943377792924526,0.7899010573620465,85.33154200000581,4.650938,0.57861881,0.755,0.5,1.0,1.0
wide band gap insulating MOFs with low density,q5_insulating_frameworks,45,LEA + GraphSAGE,2,qmof-175a5d9,Fe6C42Cl6H12N18O12,1|1|1|1,0.78925,0.7930768560552011,0.02813445479568932,0.303062526575,0.7887570424581453,85.33154200000581,3.544636,0.750832979,0.755,0.5,1.0,1.0
wide band gap insulating MOFs with low density,q5_insulating_frameworks,45,LEA + GraphSAGE,3,qmof-8deddd1,Zn6C42H18O18,1|1|1|1,0.78925,0.7930768560552011,0.02034151149166709,0.295998241775,0.7874873462928924,85.33154200000581,3.550246,0.720023443,0.755,0.5,1.0,1.0
wide band gap insulating MOFs with low density,q5_insulating_frameworks,45,LEA + GraphSAGE,4,qmof-b1cbe7a,Fe2C24H16N8,1|1|1|1,0.78925,0.7930768560552011,0.024624685122220356,0.276584632525,0.7839915610748575,85.33154200000581,3.528396,0.685538233,0.755,0.5,1.0,1.0
wide band gap insulating MOFs with low density,q5_insulating_frameworks,45,LEA + GraphSAGE,5,qmof-4050181,Li4C28H32N4O8,1|1|1|1,0.78925,0.7930768560552011,0.031228069970359464,0.2666271969881579,0.782194987154903,85.33154200000581,5.066465,0.936198777,0.755,0.5,1.0,1.0
wide band gap insulating MOFs with low density,q5_insulating_frameworks,45,LEA + GAT,1,qmof-a2d95c3,Zn8C48H24O26,1|1|1|1,0.78925,0.7930768560552011,0.0,0.5268548685259433,0.8281138708556041,83.46091700002489,4.650938,0.57861881,0.755,0.5,1.0,1.0
wide band gap insulating MOFs with low density,q5_insulating_frameworks,45,LEA + GAT,2,qmof-4050181,Li4C28H32N4O8,1|1|1|1,0.78925,0.7930768560552011,0.022121013280985487,0.5151717869638158,0.8261115610986894,83.46091700002489,5.066465,0.936198777,0.755,0.5,1.0,1.0
wide band gap insulating MOFs with low density,q5_insulating_frameworks,45,LEA + GAT,3,qmof-017128d,Zn6C48H60N24,1|1|1|1,0.78925,0.7930768560552011,0.024522805876265843,0.5124756137663043,0.8256484733951501,83.46091700002489,5.310987,0.913433658,0.755,0.5,1.0,1.0
wide band gap insulating MOFs with low density,q5_insulating_frameworks,45,LEA + GAT,4,qmof-e3dcc4d,Zn6C48H60N24,1|1|1|1,0.78925,0.7930768560552011,0.016439629562600946,0.5122103466413044,0.8256028917714294,83.46091700002489,5.279321,0.917677932,0.755,0.5,1.0,1.0
wide band gap insulating MOFs with low density,q5_insulating_frameworks,45,LEA + GAT,5,qmof-3133aaf,Zn4C64H48N8O16,1|1|1|1,0.78925,0.7930768560552011,0.02052665090323501,0.47370207373214285,0.8189493621036008,83.46091700002489,4.523716,0.969248466,0.755,0.5,1.0,1.0
wide band gap insulating MOFs with low density,q5_insulating_frameworks,46,SemanticOnly,1,qmof-fdc53a4,Cd2C52H68N8O8,1|1|1|1,0.66925,0.9028290809964216,0.0,,0.66925,0.031167000003051726,5.008493,1.293524347,0.755,0.5,0.7,0.7
wide band gap insulating MOFs with low density,q5_insulating_frameworks,46,SemanticOnly,2,qmof-fbdd307,Cd4C28H56N16O16S8,1|1|1|1,0.66925,0.9028290809964216,0.02216504524582322,,0.66925,0.031167000003051726,4.88913,1.913880538,0.755,0.5,0.7,0.7
wide band gap insulating MOFs with low density,q5_insulating_frameworks,46,SemanticOnly,3,qmof-f6f5702,Zn2C22H20N8O14,1|1|1|1,0.66925,0.9028290809964216,0.0313720033653078,,0.66925,0.031167000003051726,3.963427,1.681298211,0.755,0.5,0.7,0.7
wide band gap insulating MOFs with low density,q5_insulating_frameworks,46,SemanticOnly,4,qmof-f61d5ce,In4C32H16O20,1|1|1|1,0.66925,0.9028290809964216,0.02822729230392786,,0.66925,0.031167000003051726,4.433449,1.287779073,0.755,0.5,0.7,0.7
wide band gap insulating MOFs with low density,q5_insulating_frameworks,46,SemanticOnly,5,qmof-f5464fc,Zn4C40H28N4O20,1|1|1|1,0.66925,0.9028290809964216,0.02580734757181544,,0.66925,0.031167000003051726,3.852627,1.980240268,0.755,0.5,0.7,0.7
wide band gap insulating MOFs with low density,q5_insulating_frameworks,46,WeightedSum,1,qmof-e3dcc4d,Zn6C48H60N24,1|1|1|1,0.78925,0.7930768560552011,0.0,,0.78925,0.045290999992175784,5.279321,0.917677932,0.755,0.5,1.0,1.0
wide band gap insulating MOFs with low density,q5_insulating_frameworks,46,WeightedSum,2,qmof-c82daac,Al2Li2C40H46N6O4,1|1|1|1,0.78925,0.7930768560552011,0.028969146794849437,,0.78925,0.045290999992175784,4.047188,0.954866212,0.755,0.5,1.0,1.0
wide band gap insulating MOFs with low density,q5_insulating_frameworks,46,WeightedSum,3,qmof-b1cbe7a,Fe2C24H16N8,1|1|1|1,0.78925,0.7930768560552011,0.033572801739611455,,0.78925,0.045290999992175784,3.528396,0.685538233,0.755,0.5,1.0,1.0
wide band gap insulating MOFs with low density,q5_insulating_frameworks,46,WeightedSum,4,qmof-a2d95c3,Zn8C48H24O26,1|1|1|1,0.78925,0.7930768560552011,0.02924677289371737,,0.78925,0.045290999992175784,4.650938,0.57861881,0.755,0.5,1.0,1.0
wide band gap insulating MOFs with low density,q5_insulating_frameworks,46,WeightedSum,5,qmof-8deddd1,Zn6C42H18O18,1|1|1|1,0.78925,0.7930768560552011,0.027198422210623963,,0.78925,0.045290999992175784,3.550246,0.720023443,0.755,0.5,1.0,1.0
wide band gap insulating MOFs with low density,q5_insulating_frameworks,46,TOPSIS,1,qmof-e3dcc4d,Zn6C48H60N24,1|1|1|1,0.78925,0.7930768560552011,0.0,,0.78925,0.9904169999970236,5.279321,0.917677932,0.755,0.5,1.0,1.0
wide band gap insulating MOFs with low density,q5_insulating_frameworks,46,TOPSIS,2,qmof-c82daac,Al2Li2C40H46N6O4,1|1|1|1,0.78925,0.7930768560552011,0.028969146794849437,,0.78925,0.9904169999970236,4.047188,0.954866212,0.755,0.5,1.0,1.0
wide band gap insulating MOFs with low density,q5_insulating_frameworks,46,TOPSIS,3,qmof-b1cbe7a,Fe2C24H16N8,1|1|1|1,0.78925,0.7930768560552011,0.033572801739611455,,0.78925,0.9904169999970236,3.528396,0.685538233,0.755,0.5,1.0,1.0
wide band gap insulating MOFs with low density,q5_insulating_frameworks,46,TOPSIS,4,qmof-a2d95c3,Zn8C48H24O26,1|1|1|1,0.78925,0.7930768560552011,0.02924677289371737,,0.78925,0.9904169999970236,4.650938,0.57861881,0.755,0.5,1.0,1.0
wide band gap insulating MOFs with low density,q5_insulating_frameworks,46,TOPSIS,5,qmof-8deddd1,Zn6C42H18O18,1|1|1|1,0.78925,0.7930768560552011,0.027198422210623963,,0.78925,0.9904169999970236,3.550246,0.720023443,0.755,0.5,1.0,1.0
wide band gap insulating MOFs with low density,q5_insulating_frameworks,46,ParetoCrowding,1,qmof-a2d95c3,Zn8C48H24O26,1|1|1|1,0.78925,0.7930768560552011,0.0,,0.78925,217.02691699999832,4.650938,0.57861881,0.755,0.5,1.0,1.0
wide band gap insulating MOFs with low density,q5_insulating_frameworks,46,ParetoCrowding,2,qmof-017128d,Zn6C48H60N24,1|1|1|1,0.78925,0.7930768560552011,0.028172210588407857,,0.78925,217.02691699999832,5.310987,0.913433658,0.755,0.5,1.0,1.0
wide band gap insulating MOFs with low density,q5_insulating_frameworks,46,ParetoCrowding,3,qmof-b1cbe7a,Fe2C24H16N8,1|1|1|1,0.78925,0.7930768560552011,0.03781793939275144,,0.78925,217.02691699999832,3.528396,0.685538233,0.755,0.5,1.0,1.0
wide band gap insulating MOFs with low density,q5_insulating_frameworks,46,ParetoCrowding,4,qmof-e3dcc4d,Zn6C48H60N24,1|1|1|1,0.78925,0.7930768560552011,0.023793664613766283,,0.78925,217.02691699999832,5.279321,0.917677932,0.755,0.5,1.0,1.0
wide band gap insulating MOFs with low density,q5_insulating_frameworks,46,ParetoCrowding,5,qmof-175a5d9,Fe6C42Cl6H12N18O12,1|1|1|1,0.78925,0.7930768560552011,0.03358871210126255,,0.78925,217.02691699999832,3.544636,0.750832979,0.755,0.5,1.0,1.0
wide band gap insulating MOFs with low density,q5_insulating_frameworks,46,Random,1,qmof-d385e80,Cu2C40H36N12O10,1|1|1|1,0.66925,0.9028290809964216,0.0,,0.66925,0.047375000008287316,4.022855,1.650882366,0.755,0.5,0.7,0.7
wide band gap insulating MOFs with low density,q5_insulating_frameworks,46,Random,2,qmof-6bc1eda,Zn2C34H28N16,1|1|1|1,0.66925,0.9028290809964216,0.01971631248320497,,0.66925,0.047375000008287316,4.838253,1.493647785,0.755,0.5,0.7,0.7
wide band gap insulating MOFs with low density,q5_insulating_frameworks,46,Random,3,qmof-d1115ca,Cu2C28H28N4O12,1|1|1|1,0.66925,0.9028290809964216,0.016892809845499117,,0.66925,0.047375000008287316,3.837814,1.635308069,0.755,0.5,0.7,0.7
wide band gap insulating MOFs with low density,q5_insulating_frameworks,46,Random,4,qmof-9d5b9ef,Cu2C32H32N8O8,1|1|1|1,0.66925,0.9028290809964216,0.012944445896635405,,0.66925,0.047375000008287316,3.70031,1.556096769,0.755,0.5,0.7,0.7
wide band gap insulating MOFs with low density,q5_insulating_frameworks,46,Random,5,qmof-0b3d138,Cu4C40H64N8O16,1|1|1|1,0.66925,0.9028290809964216,0.019644176239417416,,0.66925,0.047375000008287316,3.739812,1.642151116,0.755,0.5,0.7,0.7
wide band gap insulating MOFs with low density,q5_insulating_frameworks,46,MMR,1,qmof-4050181,Li4C28H32N4O8,1|1|1|1,0.78925,0.7930768560552011,0.0,,0.78925,2053.0789580000146,5.066465,0.936198777,0.755,0.5,1.0,1.0
wide band gap insulating MOFs with low density,q5_insulating_frameworks,46,MMR,2,qmof-175a5d9,Fe6C42Cl6H12N18O12,1|1|1|1,0.78925,0.7930768560552011,0.035606772004795596,,0.78925,2053.0789580000146,3.544636,0.750832979,0.755,0.5,1.0,1.0
wide band gap insulating MOFs with low density,q5_insulating_frameworks,46,MMR,3,qmof-694fdb2,Na4C52H80N4O8,1|1|1|1,0.78925,0.7930768560552011,0.033504909807012595,,0.78925,2053.0789580000146,3.600195,0.918885408,0.755,0.5,1.0,1.0
wide band gap insulating MOFs with low density,q5_insulating_frameworks,46,MMR,4,qmof-b1cbe7a,Fe2C24H16N8,1|1|1|1,0.78925,0.7930768560552011,0.02975357519877146,,0.78925,2053.0789580000146,3.528396,0.685538233,0.755,0.5,1.0,1.0
wide band gap insulating MOFs with low density,q5_insulating_frameworks,46,MMR,5,qmof-a2d95c3,Zn8C48H24O26,1|1|1|1,0.78925,0.7930768560552011,0.029339122020343753,,0.78925,2053.0789580000146,4.650938,0.57861881,0.755,0.5,1.0,1.0
wide band gap insulating MOFs with low density,q5_insulating_frameworks,46,LEA,1,qmof-4050181,Li4C28H32N4O8,1|1|1|1,0.78925,0.7930768560552011,0.0,,0.8685576856055202,80.67337500000349,5.066465,0.936198777,0.755,0.5,1.0,1.0
wide band gap insulating MOFs with low density,q5_insulating_frameworks,46,LEA,2,qmof-694fdb2,Na4C52H80N4O8,1|1|1|1,0.78925,0.7930768560552011,0.035495921070951945,,0.8239407111032849,80.67337500000349,3.600195,0.918885408,0.755,0.5,1.0,1.0
wide band gap insulating MOFs with low density,q5_insulating_frameworks,46,LEA,3,qmof-175a5d9,Fe6C42Cl6H12N18O12,1|1|1|1,0.78925,0.7930768560552011,0.033560335273934414,,0.8234804412424631,80.67337500000349,3.544636,0.750832979,0.755,0.5,1.0,1.0
wide band gap insulating MOFs with low density,q5_insulating_frameworks,46,LEA,4,qmof-b1cbe7a,Fe2C24H16N8,1|1|1|1,0.78925,0.7930768560552011,0.02975357519877146,,0.8233934833606071,80.67337500000349,3.528396,0.685538233,0.755,0.5,1.0,1.0
wide band gap insulating MOFs with low density,q5_insulating_frameworks,46,LEA,5,qmof-8deddd1,Zn6C42H18O18,1|1|1|1,0.78925,0.7930768560552011,0.025128608235252755,,0.8228636541648937,80.67337500000349,3.550246,0.720023443,0.755,0.5,1.0,1.0
wide band gap insulating MOFs with low density,q5_insulating_frameworks,46,LEA no diversity,1,qmof-4050181,Li4C28H32N4O8,1|1|1|1,0.78925,0.7930768560552011,0.0,,0.8685576856055202,80.33808299998668,5.066465,0.936198777,0.755,0.5,1.0,1.0
wide band gap insulating MOFs with low density,q5_insulating_frameworks,46,LEA no diversity,2,qmof-694fdb2,Na4C52H80N4O8,1|1|1|1,0.78925,0.7930768560552011,0.035495921070951945,,0.8203305645636016,80.33808299998668,3.600195,0.918885408,0.755,0.5,1.0,1.0
wide band gap insulating MOFs with low density,q5_insulating_frameworks,46,LEA no diversity,3,qmof-175a5d9,Fe6C42Cl6H12N18O12,1|1|1|1,0.78925,0.7930768560552011,0.033560335273934414,,0.8201806544720398,80.33808299998668,3.544636,0.750832979,0.755,0.5,1.0,1.0
wide band gap insulating MOFs with low density,q5_insulating_frameworks,46,LEA no diversity,4,qmof-b1cbe7a,Fe2C24H16N8,1|1|1|1,0.78925,0.7930768560552011,0.02975357519877146,,0.8201522970172233,80.33808299998668,3.528396,0.685538233,0.755,0.5,1.0,1.0
wide band gap insulating MOFs with low density,q5_insulating_frameworks,46,LEA no diversity,5,qmof-8deddd1,Zn6C42H18O18,1|1|1|1,0.78925,0.7930768560552011,0.025128608235252755,,0.8199792747451609,80.33808299998668,3.550246,0.720023443,0.755,0.5,1.0,1.0
wide band gap insulating MOFs with low density,q5_insulating_frameworks,46,LEA no self-cleaning,1,qmof-4050181,Li4C28H32N4O8,1|1|1|1,0.78925,0.7930768560552011,0.0,,0.8685576856055202,80.22495899999171,5.066465,0.936198777,0.755,0.5,1.0,1.0
wide band gap insulating MOFs with low density,q5_insulating_frameworks,46,LEA no self-cleaning,2,qmof-694fdb2,Na4C52H80N4O8,1|1|1|1,0.78925,0.7930768560552011,0.035495921070951945,,0.8239407111032849,80.22495899999171,3.600195,0.918885408,0.755,0.5,1.0,1.0
wide band gap insulating MOFs with low density,q5_insulating_frameworks,46,LEA no self-cleaning,3,qmof-175a5d9,Fe6C42Cl6H12N18O12,1|1|1|1,0.78925,0.7930768560552011,0.033560335273934414,,0.8234804412424631,80.22495899999171,3.544636,0.750832979,0.755,0.5,1.0,1.0
wide band gap insulating MOFs with low density,q5_insulating_frameworks,46,LEA no self-cleaning,4,qmof-b1cbe7a,Fe2C24H16N8,1|1|1|1,0.78925,0.7930768560552011,0.02975357519877146,,0.8233934833606071,80.22495899999171,3.528396,0.685538233,0.755,0.5,1.0,1.0
wide band gap insulating MOFs with low density,q5_insulating_frameworks,46,LEA no self-cleaning,5,qmof-8deddd1,Zn6C42H18O18,1|1|1|1,0.78925,0.7930768560552011,0.025128608235252755,,0.8228636541648937,80.22495899999171,3.550246,0.720023443,0.755,0.5,1.0,1.0
wide band gap insulating MOFs with low density,q5_insulating_frameworks,46,GraphSAGE only,1,qmof-a2d95c3,Zn8C48H24O26,1|1|1|1,0.78925,0.7930768560552011,0.0,0.30943377792924526,0.78925,0.03691599999910977,4.650938,0.57861881,0.755,0.5,1.0,1.0
wide band gap insulating MOFs with low density,q5_insulating_frameworks,46,GraphSAGE only,2,qmof-175a5d9,Fe6C42Cl6H12N18O12,1|1|1|1,0.78925,0.7930768560552011,0.02813445479568932,0.303062526575,0.78925,0.03691599999910977,3.544636,0.750832979,0.755,0.5,1.0,1.0
wide band gap insulating MOFs with low density,q5_insulating_frameworks,46,GraphSAGE only,3,qmof-8deddd1,Zn6C42H18O18,1|1|1|1,0.78925,0.7930768560552011,0.02034151149166709,0.295998241775,0.78925,0.03691599999910977,3.550246,0.720023443,0.755,0.5,1.0,1.0
wide band gap insulating MOFs with low density,q5_insulating_frameworks,46,GraphSAGE only,4,qmof-b1cbe7a,Fe2C24H16N8,1|1|1|1,0.78925,0.7930768560552011,0.024624685122220356,0.276584632525,0.78925,0.03691599999910977,3.528396,0.685538233,0.755,0.5,1.0,1.0
wide band gap insulating MOFs with low density,q5_insulating_frameworks,46,GraphSAGE only,5,qmof-4050181,Li4C28H32N4O8,1|1|1|1,0.78925,0.7930768560552011,0.031228069970359464,0.2666271969881579,0.78925,0.03691599999910977,5.066465,0.936198777,0.755,0.5,1.0,1.0
wide band gap insulating MOFs with low density,q5_insulating_frameworks,46,GAT only,1,qmof-a2d95c3,Zn8C48H24O26,1|1|1|1,0.78925,0.7930768560552011,0.0,0.5268548685259433,0.78925,0.033959000006689166,4.650938,0.57861881,0.755,0.5,1.0,1.0
wide band gap insulating MOFs with low density,q5_insulating_frameworks,46,GAT only,2,qmof-4050181,Li4C28H32N4O8,1|1|1|1,0.78925,0.7930768560552011,0.022121013280985487,0.5151717869638158,0.78925,0.033959000006689166,5.066465,0.936198777,0.755,0.5,1.0,1.0
wide band gap insulating MOFs with low density,q5_insulating_frameworks,46,GAT only,3,qmof-017128d,Zn6C48H60N24,1|1|1|1,0.78925,0.7930768560552011,0.024522805876265843,0.5124756137663043,0.78925,0.033959000006689166,5.310987,0.913433658,0.755,0.5,1.0,1.0
wide band gap insulating MOFs with low density,q5_insulating_frameworks,46,GAT only,4,qmof-e3dcc4d,Zn6C48H60N24,1|1|1|1,0.78925,0.7930768560552011,0.016439629562600946,0.5122103466413044,0.78925,0.033959000006689166,5.279321,0.917677932,0.755,0.5,1.0,1.0
wide band gap insulating MOFs with low density,q5_insulating_frameworks,46,GAT only,5,qmof-3133aaf,Zn4C64H48N8O16,1|1|1|1,0.78925,0.7930768560552011,0.02052665090323501,0.47370207373214285,0.78925,0.033959000006689166,4.523716,0.969248466,0.755,0.5,1.0,1.0
wide band gap insulating MOFs with low density,q5_insulating_frameworks,46,LEA + GraphSAGE,1,qmof-a2d95c3,Zn8C48H24O26,1|1|1|1,0.78925,0.7930768560552011,0.0,0.30943377792924526,0.7899010573620465,79.87149999999588,4.650938,0.57861881,0.755,0.5,1.0,1.0
wide band gap insulating MOFs with low density,q5_insulating_frameworks,46,LEA + GraphSAGE,2,qmof-175a5d9,Fe6C42Cl6H12N18O12,1|1|1|1,0.78925,0.7930768560552011,0.02813445479568932,0.303062526575,0.7887570424581453,79.87149999999588,3.544636,0.750832979,0.755,0.5,1.0,1.0
wide band gap insulating MOFs with low density,q5_insulating_frameworks,46,LEA + GraphSAGE,3,qmof-8deddd1,Zn6C42H18O18,1|1|1|1,0.78925,0.7930768560552011,0.02034151149166709,0.295998241775,0.7874873462928924,79.87149999999588,3.550246,0.720023443,0.755,0.5,1.0,1.0
wide band gap insulating MOFs with low density,q5_insulating_frameworks,46,LEA + GraphSAGE,4,qmof-b1cbe7a,Fe2C24H16N8,1|1|1|1,0.78925,0.7930768560552011,0.024624685122220356,0.276584632525,0.7839915610748575,79.87149999999588,3.528396,0.685538233,0.755,0.5,1.0,1.0
wide band gap insulating MOFs with low density,q5_insulating_frameworks,46,LEA + GraphSAGE,5,qmof-4050181,Li4C28H32N4O8,1|1|1|1,0.78925,0.7930768560552011,0.031228069970359464,0.2666271969881579,0.782194987154903,79.87149999999588,5.066465,0.936198777,0.755,0.5,1.0,1.0
wide band gap insulating MOFs with low density,q5_insulating_frameworks,46,LEA + GAT,1,qmof-a2d95c3,Zn8C48H24O26,1|1|1|1,0.78925,0.7930768560552011,0.0,0.5268548685259433,0.8281138708556041,79.68554200002131,4.650938,0.57861881,0.755,0.5,1.0,1.0
wide band gap insulating MOFs with low density,q5_insulating_frameworks,46,LEA + GAT,2,qmof-4050181,Li4C28H32N4O8,1|1|1|1,0.78925,0.7930768560552011,0.022121013280985487,0.5151717869638158,0.8261115610986894,79.68554200002131,5.066465,0.936198777,0.755,0.5,1.0,1.0
wide band gap insulating MOFs with low density,q5_insulating_frameworks,46,LEA + GAT,3,qmof-017128d,Zn6C48H60N24,1|1|1|1,0.78925,0.7930768560552011,0.024522805876265843,0.5124756137663043,0.8256484733951501,79.68554200002131,5.310987,0.913433658,0.755,0.5,1.0,1.0
wide band gap insulating MOFs with low density,q5_insulating_frameworks,46,LEA + GAT,4,qmof-e3dcc4d,Zn6C48H60N24,1|1|1|1,0.78925,0.7930768560552011,0.016439629562600946,0.5122103466413044,0.8256028917714294,79.68554200002131,5.279321,0.917677932,0.755,0.5,1.0,1.0
wide band gap insulating MOFs with low density,q5_insulating_frameworks,46,LEA + GAT,5,qmof-3133aaf,Zn4C64H48N8O16,1|1|1|1,0.78925,0.7930768560552011,0.02052665090323501,0.47370207373214285,0.8189493621036008,79.68554200002131,4.523716,0.969248466,0.755,0.5,1.0,1.0
wide band gap insulating MOFs with low density,q5_insulating_frameworks,47,SemanticOnly,1,qmof-ff1d9b8,Li4C48H76N8O4,1|1|1|1,0.66925,0.9028290809964216,0.0,,0.66925,0.03370799998947405,3.813185,1.211570977,0.755,0.5,0.7,0.7
wide band gap insulating MOFs with low density,q5_insulating_frameworks,47,SemanticOnly,2,qmof-f909d4e,Zn4C56H36N4O20,1|1|1|1,0.66925,0.9028290809964216,0.024944788962391357,,0.66925,0.03370799998947405,4.156505,1.766646191,0.755,0.5,0.7,0.7
wide band gap insulating MOFs with low density,q5_insulating_frameworks,47,SemanticOnly,3,qmof-f6ebd2b,Zn2C40H28N8O8,1|1|1|1,0.66925,0.9028290809964216,0.01847802419012616,,0.66925,0.03370799998947405,4.074979,1.689000204,0.755,0.5,0.7,0.7
wide band gap insulating MOFs with low density,q5_insulating_frameworks,47,SemanticOnly,4,qmof-ef21412,Zn2C50F2H44N6O14,1|1|1|1,0.66925,0.9028290809964216,0.013500882262984543,,0.66925,0.03370799998947405,3.960861,1.653524987,0.755,0.5,0.7,0.7
wide band gap insulating MOFs with low density,q5_insulating_frameworks,47,SemanticOnly,5,qmof-ee73557,CdC10Cl2H6N6S2,1|1|1|1,0.66925,0.9028290809964216,0.0340720161409832,,0.66925,0.03370799998947405,3.59358,1.924717059,0.755,0.5,0.7,0.7
wide band gap insulating MOFs with low density,q5_insulating_frameworks,47,WeightedSum,1,qmof-e3dcc4d,Zn6C48H60N24,1|1|1|1,0.78925,0.7930768560552011,0.0,,0.78925,0.04670900000292022,5.279321,0.917677932,0.755,0.5,1.0,1.0
wide band gap insulating MOFs with low density,q5_insulating_frameworks,47,WeightedSum,2,qmof-c82daac,Al2Li2C40H46N6O4,1|1|1|1,0.78925,0.7930768560552011,0.028969146794849437,,0.78925,0.04670900000292022,4.047188,0.954866212,0.755,0.5,1.0,1.0
wide band gap insulating MOFs with low density,q5_insulating_frameworks,47,WeightedSum,3,qmof-b1cbe7a,Fe2C24H16N8,1|1|1|1,0.78925,0.7930768560552011,0.033572801739611455,,0.78925,0.04670900000292022,3.528396,0.685538233,0.755,0.5,1.0,1.0
wide band gap insulating MOFs with low density,q5_insulating_frameworks,47,WeightedSum,4,qmof-a2d95c3,Zn8C48H24O26,1|1|1|1,0.78925,0.7930768560552011,0.02924677289371737,,0.78925,0.04670900000292022,4.650938,0.57861881,0.755,0.5,1.0,1.0
wide band gap insulating MOFs with low density,q5_insulating_frameworks,47,WeightedSum,5,qmof-8deddd1,Zn6C42H18O18,1|1|1|1,0.78925,0.7930768560552011,0.027198422210623963,,0.78925,0.04670900000292022,3.550246,0.720023443,0.755,0.5,1.0,1.0
wide band gap insulating MOFs with low density,q5_insulating_frameworks,47,TOPSIS,1,qmof-e3dcc4d,Zn6C48H60N24,1|1|1|1,0.78925,0.7930768560552011,0.0,,0.78925,1.1300419999997757,5.279321,0.917677932,0.755,0.5,1.0,1.0
wide band gap insulating MOFs with low density,q5_insulating_frameworks,47,TOPSIS,2,qmof-c82daac,Al2Li2C40H46N6O4,1|1|1|1,0.78925,0.7930768560552011,0.028969146794849437,,0.78925,1.1300419999997757,4.047188,0.954866212,0.755,0.5,1.0,1.0
wide band gap insulating MOFs with low density,q5_insulating_frameworks,47,TOPSIS,3,qmof-b1cbe7a,Fe2C24H16N8,1|1|1|1,0.78925,0.7930768560552011,0.033572801739611455,,0.78925,1.1300419999997757,3.528396,0.685538233,0.755,0.5,1.0,1.0
wide band gap insulating MOFs with low density,q5_insulating_frameworks,47,TOPSIS,4,qmof-a2d95c3,Zn8C48H24O26,1|1|1|1,0.78925,0.7930768560552011,0.02924677289371737,,0.78925,1.1300419999997757,4.650938,0.57861881,0.755,0.5,1.0,1.0
wide band gap insulating MOFs with low density,q5_insulating_frameworks,47,TOPSIS,5,qmof-8deddd1,Zn6C42H18O18,1|1|1|1,0.78925,0.7930768560552011,0.027198422210623963,,0.78925,1.1300419999997757,3.550246,0.720023443,0.755,0.5,1.0,1.0
wide band gap insulating MOFs with low density,q5_insulating_frameworks,47,ParetoCrowding,1,qmof-a2d95c3,Zn8C48H24O26,1|1|1|1,0.78925,0.7930768560552011,0.0,,0.78925,211.5721669999857,4.650938,0.57861881,0.755,0.5,1.0,1.0
wide band gap insulating MOFs with low density,q5_insulating_frameworks,47,ParetoCrowding,2,qmof-b1cbe7a,Fe2C24H16N8,1|1|1|1,0.78925,0.7930768560552011,0.03239239420527272,,0.78925,211.5721669999857,3.528396,0.685538233,0.755,0.5,1.0,1.0
wide band gap insulating MOFs with low density,q5_insulating_frameworks,47,ParetoCrowding,3,qmof-017128d,Zn6C48H60N24,1|1|1|1,0.78925,0.7930768560552011,0.035707847584319004,,0.78925,211.5721669999857,5.310987,0.913433658,0.755,0.5,1.0,1.0
wide band gap insulating MOFs with low density,q5_insulating_frameworks,47,ParetoCrowding,4,qmof-175a5d9,Fe6C42Cl6H12N18O12,1|1|1|1,0.78925,0.7930768560552011,0.030903068895701033,,0.78925,211.5721669999857,3.544636,0.750832979,0.755,0.5,1.0,1.0
wide band gap insulating MOFs with low density,q5_insulating_frameworks,47,ParetoCrowding,5,qmof-e3dcc4d,Zn6C48H60N24,1|1|1|1,0.78925,0.7930768560552011,0.028256658889811482,,0.78925,211.5721669999857,5.279321,0.917677932,0.755,0.5,1.0,1.0
wide band gap insulating MOFs with low density,q5_insulating_frameworks,47,Random,1,qmof-35d63dc,Zn4C48H38N42O2,1|1|1|1,0.66925,0.9028290809964216,0.0,,0.66925,0.04683299999896917,4.009753,1.777537269,0.755,0.5,0.7,0.7
wide band gap insulating MOFs with low density,q5_insulating_frameworks,47,Random,2,qmof-a4bad47,Cu2C12Cl2H14N4O6,1|1|1|1,0.66925,0.9028290809964216,0.032124594177563554,,0.66925,0.04683299999896917,3.609746,1.906718717,0.755,0.5,0.7,0.7
wide band gap insulating MOFs with low density,q5_insulating_frameworks,47,Random,3,qmof-3133aaf,Zn4C64H48N8O16,1|1|1|1,0.78925,0.7930768560552011,0.037608238184496934,,0.78925,0.04683299999896917,4.523716,0.969248466,0.755,0.5,1.0,1.0
wide band gap insulating MOFs with low density,q5_insulating_frameworks,47,Random,4,qmof-07585fa,Cd4C48H40N8O24,1|1|1|1,0.66925,0.9028290809964216,0.02461139948681249,,0.66925,0.04683299999896917,3.935562,1.869791661,0.755,0.5,0.7,0.7
wide band gap insulating MOFs with low density,q5_insulating_frameworks,47,Random,5,qmof-9c0d1a4,Ni6C42H24O30,1|1|1|1,0.66925,0.9028290809964216,0.024334050769155673,,0.66925,0.04683299999896917,3.868428,1.550949051,0.755,0.5,0.7,0.7
wide band gap insulating MOFs with low density,q5_insulating_frameworks,47,MMR,1,qmof-8deddd1,Zn6C42H18O18,1|1|1|1,0.78925,0.7930768560552011,0.0,,0.78925,2059.5140000000074,3.550246,0.720023443,0.755,0.5,1.0,1.0
wide band gap insulating MOFs with low density,q5_insulating_frameworks,47,MMR,2,qmof-017128d,Zn6C48H60N24,1|1|1|1,0.78925,0.7930768560552011,0.042659305612310586,,0.78925,2059.5140000000074,5.310987,0.913433658,0.755,0.5,1.0,1.0
wide band gap insulating MOFs with low density,q5_insulating_frameworks,47,MMR,3,qmof-694fdb2,Na4C52H80N4O8,1|1|1|1,0.78925,0.7930768560552011,0.03238108830574016,,0.78925,2059.5140000000074,3.600195,0.918885408,0.755,0.5,1.0,1.0
wide band gap insulating MOFs with low density,q5_insulating_frameworks,47,MMR,4,qmof-a2d95c3,Zn8C48H24O26,1|1|1|1,0.78925,0.7930768560552011,0.02854514882127295,,0.78925,2059.5140000000074,4.650938,0.57861881,0.755,0.5,1.0,1.0
wide band gap insulating MOFs with low density,q5_insulating_frameworks,47,MMR,5,qmof-4050181,Li4C28H32N4O8,1|1|1|1,0.78925,0.7930768560552011,0.02802531609537339,,0.78925,2059.5140000000074,5.066465,0.936198777,0.755,0.5,1.0,1.0
wide band gap insulating MOFs with low density,q5_insulating_frameworks,47,LEA,1,qmof-8deddd1,Zn6C42H18O18,1|1|1|1,0.78925,0.7930768560552011,0.0,,0.8685576856055202,82.33004100000585,3.550246,0.720023443,0.755,0.5,1.0,1.0
wide band gap insulating MOFs with low density,q5_insulating_frameworks,47,LEA,2,qmof-017128d,Zn6C48H60N24,1|1|1|1,0.78925,0.7930768560552011,0.042659305612310586,,0.8248195014306478,82.33004100000585,5.310987,0.913433658,0.755,0.5,1.0,1.0
wide band gap insulating MOFs with low density,q5_insulating_frameworks,47,LEA,3,qmof-e3dcc4d,Zn6C48H60N24,1|1|1|1,0.78925,0.7930768560552011,0.021413577486945504,,0.8247588651232594,82.33004100000585,5.279321,0.917677932,0.755,0.5,1.0,1.0
wide band gap insulating MOFs with low density,q5_insulating_frameworks,47,LEA,4,qmof-4050181,Li4C28H32N4O8,1|1|1|1,0.78925,0.7930768560552011,0.025078569460295543,,0.8241383802303827,82.33004100000585,5.066465,0.936198777,0.755,0.5,1.0,1.0
wide band gap insulating MOFs with low density,q5_insulating_frameworks,47,LEA,5,qmof-b1cbe7a,Fe2C24H16N8,1|1|1|1,0.78925,0.7930768560552011,0.03465586659578915,,0.8237115163734571,82.33004100000585,3.528396,0.685538233,0.755,0.5,1.0,1.0
wide band gap insulating MOFs with low density,q5_insulating_frameworks,47,LEA no diversity,1,qmof-8deddd1,Zn6C42H18O18,1|1|1|1,0.78925,0.7930768560552011,0.0,,0.8685576856055202,83.16554200001747,3.550246,0.720023443,0.755,0.5,1.0,1.0
wide band gap insulating MOFs with low density,q5_insulating_frameworks,47,LEA no diversity,2,qmof-017128d,Zn6C48H60N24,1|1|1|1,0.78925,0.7930768560552011,0.042659305612310586,,0.8206159156800289,83.16554200001747,5.310987,0.913433658,0.755,0.5,1.0,1.0
wide band gap insulating MOFs with low density,q5_insulating_frameworks,47,LEA no diversity,3,qmof-e3dcc4d,Zn6C48H60N24,1|1|1|1,0.78925,0.7930768560552011,0.021413577486945504,,0.820596263254698,83.16554200001747,5.279321,0.917677932,0.755,0.5,1.0,1.0
wide band gap insulating MOFs with low density,q5_insulating_frameworks,47,LEA no diversity,4,qmof-4050181,Li4C28H32N4O8,1|1|1|1,0.78925,0.7930768560552011,0.025078569460295543,,0.820394849187174,83.16554200001747,5.066465,0.936198777,0.755,0.5,1.0,1.0
wide band gap insulating MOFs with low density,q5_insulating_frameworks,47,LEA no diversity,5,qmof-b1cbe7a,Fe2C24H16N8,1|1|1|1,0.78925,0.7930768560552011,0.03465586659578915,,0.8202559549565221,83.16554200001747,3.528396,0.685538233,0.755,0.5,1.0,1.0
wide band gap insulating MOFs with low density,q5_insulating_frameworks,47,LEA no self-cleaning,1,qmof-8deddd1,Zn6C42H18O18,1|1|1|1,0.78925,0.7930768560552011,0.0,,0.8685576856055202,80.17841700001327,3.550246,0.720023443,0.755,0.5,1.0,1.0
wide band gap insulating MOFs with low density,q5_insulating_frameworks,47,LEA no self-cleaning,2,qmof-017128d,Zn6C48H60N24,1|1|1|1,0.78925,0.7930768560552011,0.042659305612310586,,0.8248195014306478,80.17841700001327,5.310987,0.913433658,0.755,0.5,1.0,1.0
wide band gap insulating MOFs with low density,q5_insulating_frameworks,47,LEA no self-cleaning,3,qmof-e3dcc4d,Zn6C48H60N24,1|1|1|1,0.78925,0.7930768560552011,0.021413577486945504,,0.8247588651232594,80.17841700001327,5.279321,0.917677932,0.755,0.5,1.0,1.0
wide band gap insulating MOFs with low density,q5_insulating_frameworks,47,LEA no self-cleaning,4,qmof-4050181,Li4C28H32N4O8,1|1|1|1,0.78925,0.7930768560552011,0.025078569460295543,,0.8241383802303827,80.17841700001327,5.066465,0.936198777,0.755,0.5,1.0,1.0
wide band gap insulating MOFs with low density,q5_insulating_frameworks,47,LEA no self-cleaning,5,qmof-b1cbe7a,Fe2C24H16N8,1|1|1|1,0.78925,0.7930768560552011,0.03465586659578915,,0.8237115163734571,80.17841700001327,3.528396,0.685538233,0.755,0.5,1.0,1.0
wide band gap insulating MOFs with low density,q5_insulating_frameworks,47,GraphSAGE only,1,qmof-a2d95c3,Zn8C48H24O26,1|1|1|1,0.78925,0.7930768560552011,0.0,0.30943377792924526,0.78925,0.03820800000653435,4.650938,0.57861881,0.755,0.5,1.0,1.0
wide band gap insulating MOFs with low density,q5_insulating_frameworks,47,GraphSAGE only,2,qmof-175a5d9,Fe6C42Cl6H12N18O12,1|1|1|1,0.78925,0.7930768560552011,0.02813445479568932,0.303062526575,0.78925,0.03820800000653435,3.544636,0.750832979,0.755,0.5,1.0,1.0
wide band gap insulating MOFs with low density,q5_insulating_frameworks,47,GraphSAGE only,3,qmof-8deddd1,Zn6C42H18O18,1|1|1|1,0.78925,0.7930768560552011,0.02034151149166709,0.295998241775,0.78925,0.03820800000653435,3.550246,0.720023443,0.755,0.5,1.0,1.0
wide band gap insulating MOFs with low density,q5_insulating_frameworks,47,GraphSAGE only,4,qmof-b1cbe7a,Fe2C24H16N8,1|1|1|1,0.78925,0.7930768560552011,0.024624685122220356,0.276584632525,0.78925,0.03820800000653435,3.528396,0.685538233,0.755,0.5,1.0,1.0
wide band gap insulating MOFs with low density,q5_insulating_frameworks,47,GraphSAGE only,5,qmof-4050181,Li4C28H32N4O8,1|1|1|1,0.78925,0.7930768560552011,0.031228069970359464,0.2666271969881579,0.78925,0.03820800000653435,5.066465,0.936198777,0.755,0.5,1.0,1.0
wide band gap insulating MOFs with low density,q5_insulating_frameworks,47,GAT only,1,qmof-a2d95c3,Zn8C48H24O26,1|1|1|1,0.78925,0.7930768560552011,0.0,0.5268548685259433,0.78925,0.034292000009372714,4.650938,0.57861881,0.755,0.5,1.0,1.0
wide band gap insulating MOFs with low density,q5_insulating_frameworks,47,GAT only,2,qmof-4050181,Li4C28H32N4O8,1|1|1|1,0.78925,0.7930768560552011,0.022121013280985487,0.5151717869638158,0.78925,0.034292000009372714,5.066465,0.936198777,0.755,0.5,1.0,1.0
wide band gap insulating MOFs with low density,q5_insulating_frameworks,47,GAT only,3,qmof-017128d,Zn6C48H60N24,1|1|1|1,0.78925,0.7930768560552011,0.024522805876265843,0.5124756137663043,0.78925,0.034292000009372714,5.310987,0.913433658,0.755,0.5,1.0,1.0
wide band gap insulating MOFs with low density,q5_insulating_frameworks,47,GAT only,4,qmof-e3dcc4d,Zn6C48H60N24,1|1|1|1,0.78925,0.7930768560552011,0.016439629562600946,0.5122103466413044,0.78925,0.034292000009372714,5.279321,0.917677932,0.755,0.5,1.0,1.0
wide band gap insulating MOFs with low density,q5_insulating_frameworks,47,GAT only,5,qmof-3133aaf,Zn4C64H48N8O16,1|1|1|1,0.78925,0.7930768560552011,0.02052665090323501,0.47370207373214285,0.78925,0.034292000009372714,4.523716,0.969248466,0.755,0.5,1.0,1.0
wide band gap insulating MOFs with low density,q5_insulating_frameworks,47,LEA + GraphSAGE,1,qmof-a2d95c3,Zn8C48H24O26,1|1|1|1,0.78925,0.7930768560552011,0.0,0.30943377792924526,0.7899010573620465,79.57374999998024,4.650938,0.57861881,0.755,0.5,1.0,1.0
wide band gap insulating MOFs with low density,q5_insulating_frameworks,47,LEA + GraphSAGE,2,qmof-175a5d9,Fe6C42Cl6H12N18O12,1|1|1|1,0.78925,0.7930768560552011,0.02813445479568932,0.303062526575,0.7887570424581453,79.57374999998024,3.544636,0.750832979,0.755,0.5,1.0,1.0
wide band gap insulating MOFs with low density,q5_insulating_frameworks,47,LEA + GraphSAGE,3,qmof-8deddd1,Zn6C42H18O18,1|1|1|1,0.78925,0.7930768560552011,0.02034151149166709,0.295998241775,0.7874873462928924,79.57374999998024,3.550246,0.720023443,0.755,0.5,1.0,1.0
wide band gap insulating MOFs with low density,q5_insulating_frameworks,47,LEA + GraphSAGE,4,qmof-b1cbe7a,Fe2C24H16N8,1|1|1|1,0.78925,0.7930768560552011,0.024624685122220356,0.276584632525,0.7839915610748575,79.57374999998024,3.528396,0.685538233,0.755,0.5,1.0,1.0
wide band gap insulating MOFs with low density,q5_insulating_frameworks,47,LEA + GraphSAGE,5,qmof-4050181,Li4C28H32N4O8,1|1|1|1,0.78925,0.7930768560552011,0.031228069970359464,0.2666271969881579,0.782194987154903,79.57374999998024,5.066465,0.936198777,0.755,0.5,1.0,1.0
wide band gap insulating MOFs with low density,q5_insulating_frameworks,47,LEA + GAT,1,qmof-a2d95c3,Zn8C48H24O26,1|1|1|1,0.78925,0.7930768560552011,0.0,0.5268548685259433,0.8281138708556041,79.4732500000066,4.650938,0.57861881,0.755,0.5,1.0,1.0
wide band gap insulating MOFs with low density,q5_insulating_frameworks,47,LEA + GAT,2,qmof-4050181,Li4C28H32N4O8,1|1|1|1,0.78925,0.7930768560552011,0.022121013280985487,0.5151717869638158,0.8261115610986894,79.4732500000066,5.066465,0.936198777,0.755,0.5,1.0,1.0
wide band gap insulating MOFs with low density,q5_insulating_frameworks,47,LEA + GAT,3,qmof-017128d,Zn6C48H60N24,1|1|1|1,0.78925,0.7930768560552011,0.024522805876265843,0.5124756137663043,0.8256484733951501,79.4732500000066,5.310987,0.913433658,0.755,0.5,1.0,1.0
wide band gap insulating MOFs with low density,q5_insulating_frameworks,47,LEA + GAT,4,qmof-e3dcc4d,Zn6C48H60N24,1|1|1|1,0.78925,0.7930768560552011,0.016439629562600946,0.5122103466413044,0.8256028917714294,79.4732500000066,5.279321,0.917677932,0.755,0.5,1.0,1.0
wide band gap insulating MOFs with low density,q5_insulating_frameworks,47,LEA + GAT,5,qmof-3133aaf,Zn4C64H48N8O16,1|1|1|1,0.78925,0.7930768560552011,0.02052665090323501,0.47370207373214285,0.8189493621036008,79.4732500000066,4.523716,0.969248466,0.755,0.5,1.0,1.0
wide band gap insulating MOFs with low density,q5_insulating_frameworks,48,SemanticOnly,1,qmof-f9e6ec3,Mn2C36H28N4O8,1|1|1|1,0.66925,0.9028290809964216,0.0,,0.66925,0.03000000000952241,3.525732,1.581081341,0.755,0.5,0.7,0.7
wide band gap insulating MOFs with low density,q5_insulating_frameworks,48,SemanticOnly,2,qmof-f91eaa7,Cu4C46Cl4H64N16,1|1|1|1,0.66925,0.9028290809964216,0.020859168450819383,,0.66925,0.03000000000952241,3.674814,1.383191456,0.755,0.5,0.7,0.7
wide band gap insulating MOFs with low density,q5_insulating_frameworks,48,SemanticOnly,3,qmof-f815bf7,Li2C20H44N4,1|1|1|1,0.66925,0.9028290809964216,0.02818640910064197,,0.66925,0.03000000000952241,4.377897,1.086053755,0.755,0.5,0.7,0.7
wide band gap insulating MOFs with low density,q5_insulating_frameworks,48,SemanticOnly,4,qmof-f7e01af,Mn4C28Cl4H28N8O16,1|1|1|1,0.66925,0.9028290809964216,0.028430527921158553,,0.66925,0.03000000000952241,4.366097,1.939311456,0.755,0.5,0.7,0.7
wide band gap insulating MOFs with low density,q5_insulating_frameworks,48,SemanticOnly,5,qmof-f790024,Ho2Zn2C52Cl2H32N4O22,1|1|1|1,0.66925,0.9028290809964216,0.026732706751117233,,0.66925,0.03000000000952241,4.309375,1.92710206,0.755,0.5,0.7,0.7
wide band gap insulating MOFs with low density,q5_insulating_frameworks,48,WeightedSum,1,qmof-e3dcc4d,Zn6C48H60N24,1|1|1|1,0.78925,0.7930768560552011,0.0,,0.78925,0.048582999994550846,5.279321,0.917677932,0.755,0.5,1.0,1.0
wide band gap insulating MOFs with low density,q5_insulating_frameworks,48,WeightedSum,2,qmof-c82daac,Al2Li2C40H46N6O4,1|1|1|1,0.78925,0.7930768560552011,0.028969146794849437,,0.78925,0.048582999994550846,4.047188,0.954866212,0.755,0.5,1.0,1.0
wide band gap insulating MOFs with low density,q5_insulating_frameworks,48,WeightedSum,3,qmof-b1cbe7a,Fe2C24H16N8,1|1|1|1,0.78925,0.7930768560552011,0.033572801739611455,,0.78925,0.048582999994550846,3.528396,0.685538233,0.755,0.5,1.0,1.0
wide band gap insulating MOFs with low density,q5_insulating_frameworks,48,WeightedSum,4,qmof-a2d95c3,Zn8C48H24O26,1|1|1|1,0.78925,0.7930768560552011,0.02924677289371737,,0.78925,0.048582999994550846,4.650938,0.57861881,0.755,0.5,1.0,1.0
wide band gap insulating MOFs with low density,q5_insulating_frameworks,48,WeightedSum,5,qmof-8deddd1,Zn6C42H18O18,1|1|1|1,0.78925,0.7930768560552011,0.027198422210623963,,0.78925,0.048582999994550846,3.550246,0.720023443,0.755,0.5,1.0,1.0
wide band gap insulating MOFs with low density,q5_insulating_frameworks,48,TOPSIS,1,qmof-e3dcc4d,Zn6C48H60N24,1|1|1|1,0.78925,0.7930768560552011,0.0,,0.78925,0.977833000007422,5.279321,0.917677932,0.755,0.5,1.0,1.0
wide band gap insulating MOFs with low density,q5_insulating_frameworks,48,TOPSIS,2,qmof-c82daac,Al2Li2C40H46N6O4,1|1|1|1,0.78925,0.7930768560552011,0.028969146794849437,,0.78925,0.977833000007422,4.047188,0.954866212,0.755,0.5,1.0,1.0
wide band gap insulating MOFs with low density,q5_insulating_frameworks,48,TOPSIS,3,qmof-b1cbe7a,Fe2C24H16N8,1|1|1|1,0.78925,0.7930768560552011,0.033572801739611455,,0.78925,0.977833000007422,3.528396,0.685538233,0.755,0.5,1.0,1.0
wide band gap insulating MOFs with low density,q5_insulating_frameworks,48,TOPSIS,4,qmof-a2d95c3,Zn8C48H24O26,1|1|1|1,0.78925,0.7930768560552011,0.02924677289371737,,0.78925,0.977833000007422,4.650938,0.57861881,0.755,0.5,1.0,1.0
wide band gap insulating MOFs with low density,q5_insulating_frameworks,48,TOPSIS,5,qmof-8deddd1,Zn6C42H18O18,1|1|1|1,0.78925,0.7930768560552011,0.027198422210623963,,0.78925,0.977833000007422,3.550246,0.720023443,0.755,0.5,1.0,1.0
wide band gap insulating MOFs with low density,q5_insulating_frameworks,48,ParetoCrowding,1,qmof-a2d95c3,Zn8C48H24O26,1|1|1|1,0.78925,0.7930768560552011,0.0,,0.78925,207.3643329999868,4.650938,0.57861881,0.755,0.5,1.0,1.0
wide band gap insulating MOFs with low density,q5_insulating_frameworks,48,ParetoCrowding,2,qmof-b1cbe7a,Fe2C24H16N8,1|1|1|1,0.78925,0.7930768560552011,0.03239239420527272,,0.78925,207.3643329999868,3.528396,0.685538233,0.755,0.5,1.0,1.0
wide band gap insulating MOFs with low density,q5_insulating_frameworks,48,ParetoCrowding,3,qmof-017128d,Zn6C48H60N24,1|1|1|1,0.78925,0.7930768560552011,0.035707847584319004,,0.78925,207.3643329999868,5.310987,0.913433658,0.755,0.5,1.0,1.0
wide band gap insulating MOFs with low density,q5_insulating_frameworks,48,ParetoCrowding,4,qmof-e3dcc4d,Zn6C48H60N24,1|1|1|1,0.78925,0.7930768560552011,0.023793664613766283,,0.78925,207.3643329999868,5.279321,0.917677932,0.755,0.5,1.0,1.0
wide band gap insulating MOFs with low density,q5_insulating_frameworks,48,ParetoCrowding,5,qmof-175a5d9,Fe6C42Cl6H12N18O12,1|1|1|1,0.78925,0.7930768560552011,0.03358871210126255,,0.78925,207.3643329999868,3.544636,0.750832979,0.755,0.5,1.0,1.0
wide band gap insulating MOFs with low density,q5_insulating_frameworks,48,Random,1,qmof-f91eaa7,Cu4C46Cl4H64N16,1|1|1|1,0.66925,0.9028290809964216,0.0,,0.66925,0.044207999991385805,3.674814,1.383191456,0.755,0.5,0.7,0.7
wide band gap insulating MOFs with low density,q5_insulating_frameworks,48,Random,2,qmof-f815bf7,Li2C20H44N4,1|1|1|1,0.66925,0.9028290809964216,0.02651608379438794,,0.66925,0.044207999991385805,4.377897,1.086053755,0.755,0.5,0.7,0.7
wide band gap insulating MOFs with low density,q5_insulating_frameworks,48,Random,3,qmof-2915b01,Zn4C60H52N4O20,1|1|1|1,0.66925,0.9028290809964216,0.026183006285331333,,0.66925,0.044207999991385805,3.676567,1.727486047,0.755,0.5,0.7,0.7
wide band gap insulating MOFs with low density,q5_insulating_frameworks,48,Random,4,qmof-e98c409,Cd2C64H56N8O8,1|1|1|1,0.66925,0.9028290809964216,0.024023382024696144,,0.66925,0.044207999991385805,4.684521,1.530655939,0.755,0.5,0.7,0.7
wide band gap insulating MOFs with low density,q5_insulating_frameworks,48,Random,5,qmof-1f7045e,NiC6H14N2O10,1|1|1|1,0.66925,0.9028290809964216,0.03801764473729481,,0.66925,0.044207999991385805,4.745532,1.828372124,0.755,0.5,0.7,0.7
wide band gap insulating MOFs with low density,q5_insulating_frameworks,48,MMR,1,qmof-175a5d9,Fe6C42Cl6H12N18O12,1|1|1|1,0.78925,0.7930768560552011,0.0,,0.78925,2312.108875000007,3.544636,0.750832979,0.755,0.5,1.0,1.0
wide band gap insulating MOFs with low density,q5_insulating_frameworks,48,MMR,2,qmof-017128d,Zn6C48H60N24,1|1|1|1,0.78925,0.7930768560552011,0.042086023297900926,,0.78925,2312.108875000007,5.310987,0.913433658,0.755,0.5,1.0,1.0
wide band gap insulating MOFs with low density,q5_insulating_frameworks,48,MMR,3,qmof-694fdb2,Na4C52H80N4O8,1|1|1|1,0.78925,0.7930768560552011,0.03314695827710052,,0.78925,2312.108875000007,3.600195,0.918885408,0.755,0.5,1.0,1.0
wide band gap insulating MOFs with low density,q5_insulating_frameworks,48,MMR,4,qmof-a2d95c3,Zn8C48H24O26,1|1|1|1,0.78925,0.7930768560552011,0.03033843039450822,,0.78925,2312.108875000007,4.650938,0.57861881,0.755,0.5,1.0,1.0
wide band gap insulating MOFs with low density,q5_insulating_frameworks,48,MMR,5,qmof-b1cbe7a,Fe2C24H16N8,1|1|1|1,0.78925,0.7930768560552011,0.032830759662898196,,0.78925,2312.108875000007,3.528396,0.685538233,0.755,0.5,1.0,1.0
wide band gap insulating MOFs with low density,q5_insulating_frameworks,48,LEA,1,qmof-175a5d9,Fe6C42Cl6H12N18O12,1|1|1|1,0.78925,0.7930768560552011,0.0,,0.8685576856055202,84.17829100000063,3.544636,0.750832979,0.755,0.5,1.0,1.0
wide band gap insulating MOFs with low density,q5_insulating_frameworks,48,LEA,2,qmof-017128d,Zn6C48H60N24,1|1|1|1,0.78925,0.7930768560552011,0.042086023297900926,,0.8239983778285134,84.17829100000063,5.310987,0.913433658,0.755,0.5,1.0,1.0
wide band gap insulating MOFs with low density,q5_insulating_frameworks,48,LEA,3,qmof-e3dcc4d,Zn6C48H60N24,1|1|1|1,0.78925,0.7930768560552011,0.021122580217481205,,0.8239333422840759,84.17829100000063,5.279321,0.917677932,0.755,0.5,1.0,1.0
wide band gap insulating MOFs with low density,q5_insulating_frameworks,48,LEA,4,qmof-4050181,Li4C28H32N4O8,1|1|1|1,0.78925,0.7930768560552011,0.02574385050674997,,0.8230942115584967,84.17829100000063,5.066465,0.936198777,0.755,0.5,1.0,1.0
wide band gap insulating MOFs with low density,q5_insulating_frameworks,48,LEA,5,qmof-a2d95c3,Zn8C48H24O26,1|1|1|1,0.78925,0.7930768560552011,0.026598917571134924,,0.823049472021584,84.17829100000063,4.650938,0.57861881,0.755,0.5,1.0,1.0
wide band gap insulating MOFs with low density,q5_insulating_frameworks,48,LEA no diversity,1,qmof-175a5d9,Fe6C42Cl6H12N18O12,1|1|1|1,0.78925,0.7930768560552011,0.0,,0.8685576856055202,82.45133299999452,3.544636,0.750832979,0.755,0.5,1.0,1.0
wide band gap insulating MOFs with low density,q5_insulating_frameworks,48,LEA no diversity,2,qmof-017128d,Zn6C48H60N24,1|1|1|1,0.78925,0.7930768560552011,0.042086023297900926,,0.8203493245256772,82.45133299999452,5.310987,0.913433658,0.755,0.5,1.0,1.0
wide band gap insulating MOFs with low density,q5_insulating_frameworks,48,LEA no diversity,3,qmof-e3dcc4d,Zn6C48H60N24,1|1|1|1,0.78925,0.7930768560552011,0.021122580217481205,,0.8203281670071165,82.45133299999452,5.279321,0.917677932,0.755,0.5,1.0,1.0
wide band gap insulating MOFs with low density,q5_insulating_frameworks,48,LEA no diversity,4,qmof-4050181,Li4C28H32N4O8,1|1|1|1,0.78925,0.7930768560552011,0.02574385050674997,,0.8200546172062789,82.45133299999452,5.066465,0.936198777,0.755,0.5,1.0,1.0
wide band gap insulating MOFs with low density,q5_insulating_frameworks,48,LEA no diversity,5,qmof-a2d95c3,Zn8C48H24O26,1|1|1|1,0.78925,0.7930768560552011,0.026598917571134924,,0.8200400031989138,82.45133299999452,4.650938,0.57861881,0.755,0.5,1.0,1.0
wide band gap insulating MOFs with low density,q5_insulating_frameworks,48,LEA no self-cleaning,1,qmof-175a5d9,Fe6C42Cl6H12N18O12,1|1|1|1,0.78925,0.7930768560552011,0.0,,0.8685576856055202,82.35249999998473,3.544636,0.750832979,0.755,0.5,1.0,1.0
wide band gap insulating MOFs with low density,q5_insulating_frameworks,48,LEA no self-cleaning,2,qmof-017128d,Zn6C48H60N24,1|1|1|1,0.78925,0.7930768560552011,0.042086023297900926,,0.8239983778285134,82.35249999998473,5.310987,0.913433658,0.755,0.5,1.0,1.0
wide band gap insulating MOFs with low density,q5_insulating_frameworks,48,LEA no self-cleaning,3,qmof-e3dcc4d,Zn6C48H60N24,1|1|1|1,0.78925,0.7930768560552011,0.021122580217481205,,0.8239333422840759,82.35249999998473,5.279321,0.917677932,0.755,0.5,1.0,1.0
wide band gap insulating MOFs with low density,q5_insulating_frameworks,48,LEA no self-cleaning,4,qmof-4050181,Li4C28H32N4O8,1|1|1|1,0.78925,0.7930768560552011,0.02574385050674997,,0.8230942115584967,82.35249999998473,5.066465,0.936198777,0.755,0.5,1.0,1.0
wide band gap insulating MOFs with low density,q5_insulating_frameworks,48,LEA no self-cleaning,5,qmof-a2d95c3,Zn8C48H24O26,1|1|1|1,0.78925,0.7930768560552011,0.026598917571134924,,0.823049472021584,82.35249999998473,4.650938,0.57861881,0.755,0.5,1.0,1.0
wide band gap insulating MOFs with low density,q5_insulating_frameworks,48,GraphSAGE only,1,qmof-a2d95c3,Zn8C48H24O26,1|1|1|1,0.78925,0.7930768560552011,0.0,0.30943377792924526,0.78925,0.03712500000574437,4.650938,0.57861881,0.755,0.5,1.0,1.0
wide band gap insulating MOFs with low density,q5_insulating_frameworks,48,GraphSAGE only,2,qmof-175a5d9,Fe6C42Cl6H12N18O12,1|1|1|1,0.78925,0.7930768560552011,0.02813445479568932,0.303062526575,0.78925,0.03712500000574437,3.544636,0.750832979,0.755,0.5,1.0,1.0
wide band gap insulating MOFs with low density,q5_insulating_frameworks,48,GraphSAGE only,3,qmof-8deddd1,Zn6C42H18O18,1|1|1|1,0.78925,0.7930768560552011,0.02034151149166709,0.295998241775,0.78925,0.03712500000574437,3.550246,0.720023443,0.755,0.5,1.0,1.0
wide band gap insulating MOFs with low density,q5_insulating_frameworks,48,GraphSAGE only,4,qmof-b1cbe7a,Fe2C24H16N8,1|1|1|1,0.78925,0.7930768560552011,0.024624685122220356,0.276584632525,0.78925,0.03712500000574437,3.528396,0.685538233,0.755,0.5,1.0,1.0
wide band gap insulating MOFs with low density,q5_insulating_frameworks,48,GraphSAGE only,5,qmof-4050181,Li4C28H32N4O8,1|1|1|1,0.78925,0.7930768560552011,0.031228069970359464,0.2666271969881579,0.78925,0.03712500000574437,5.066465,0.936198777,0.755,0.5,1.0,1.0
wide band gap insulating MOFs with low density,q5_insulating_frameworks,48,GAT only,1,qmof-a2d95c3,Zn8C48H24O26,1|1|1|1,0.78925,0.7930768560552011,0.0,0.5268548685259433,0.78925,0.03279200001315985,4.650938,0.57861881,0.755,0.5,1.0,1.0
wide band gap insulating MOFs with low density,q5_insulating_frameworks,48,GAT only,2,qmof-4050181,Li4C28H32N4O8,1|1|1|1,0.78925,0.7930768560552011,0.022121013280985487,0.5151717869638158,0.78925,0.03279200001315985,5.066465,0.936198777,0.755,0.5,1.0,1.0
wide band gap insulating MOFs with low density,q5_insulating_frameworks,48,GAT only,3,qmof-017128d,Zn6C48H60N24,1|1|1|1,0.78925,0.7930768560552011,0.024522805876265843,0.5124756137663043,0.78925,0.03279200001315985,5.310987,0.913433658,0.755,0.5,1.0,1.0
wide band gap insulating MOFs with low density,q5_insulating_frameworks,48,GAT only,4,qmof-e3dcc4d,Zn6C48H60N24,1|1|1|1,0.78925,0.7930768560552011,0.016439629562600946,0.5122103466413044,0.78925,0.03279200001315985,5.279321,0.917677932,0.755,0.5,1.0,1.0
wide band gap insulating MOFs with low density,q5_insulating_frameworks,48,GAT only,5,qmof-3133aaf,Zn4C64H48N8O16,1|1|1|1,0.78925,0.7930768560552011,0.02052665090323501,0.47370207373214285,0.78925,0.03279200001315985,4.523716,0.969248466,0.755,0.5,1.0,1.0
wide band gap insulating MOFs with low density,q5_insulating_frameworks,48,LEA + GraphSAGE,1,qmof-a2d95c3,Zn8C48H24O26,1|1|1|1,0.78925,0.7930768560552011,0.0,0.30943377792924526,0.7899010573620465,82.41812500000378,4.650938,0.57861881,0.755,0.5,1.0,1.0
wide band gap insulating MOFs with low density,q5_insulating_frameworks,48,LEA + GraphSAGE,2,qmof-175a5d9,Fe6C42Cl6H12N18O12,1|1|1|1,0.78925,0.7930768560552011,0.02813445479568932,0.303062526575,0.7887570424581453,82.41812500000378,3.544636,0.750832979,0.755,0.5,1.0,1.0
wide band gap insulating MOFs with low density,q5_insulating_frameworks,48,LEA + GraphSAGE,3,qmof-8deddd1,Zn6C42H18O18,1|1|1|1,0.78925,0.7930768560552011,0.02034151149166709,0.295998241775,0.7874873462928924,82.41812500000378,3.550246,0.720023443,0.755,0.5,1.0,1.0
wide band gap insulating MOFs with low density,q5_insulating_frameworks,48,LEA + GraphSAGE,4,qmof-b1cbe7a,Fe2C24H16N8,1|1|1|1,0.78925,0.7930768560552011,0.024624685122220356,0.276584632525,0.7839915610748575,82.41812500000378,3.528396,0.685538233,0.755,0.5,1.0,1.0
wide band gap insulating MOFs with low density,q5_insulating_frameworks,48,LEA + GraphSAGE,5,qmof-4050181,Li4C28H32N4O8,1|1|1|1,0.78925,0.7930768560552011,0.031228069970359464,0.2666271969881579,0.782194987154903,82.41812500000378,5.066465,0.936198777,0.755,0.5,1.0,1.0
wide band gap insulating MOFs with low density,q5_insulating_frameworks,48,LEA + GAT,1,qmof-a2d95c3,Zn8C48H24O26,1|1|1|1,0.78925,0.7930768560552011,0.0,0.5268548685259433,0.8281138708556041,83.6849579999921,4.650938,0.57861881,0.755,0.5,1.0,1.0
wide band gap insulating MOFs with low density,q5_insulating_frameworks,48,LEA + GAT,2,qmof-4050181,Li4C28H32N4O8,1|1|1|1,0.78925,0.7930768560552011,0.022121013280985487,0.5151717869638158,0.8261115610986894,83.6849579999921,5.066465,0.936198777,0.755,0.5,1.0,1.0
wide band gap insulating MOFs with low density,q5_insulating_frameworks,48,LEA + GAT,3,qmof-017128d,Zn6C48H60N24,1|1|1|1,0.78925,0.7930768560552011,0.024522805876265843,0.5124756137663043,0.8256484733951501,83.6849579999921,5.310987,0.913433658,0.755,0.5,1.0,1.0
wide band gap insulating MOFs with low density,q5_insulating_frameworks,48,LEA + GAT,4,qmof-e3dcc4d,Zn6C48H60N24,1|1|1|1,0.78925,0.7930768560552011,0.016439629562600946,0.5122103466413044,0.8256028917714294,83.6849579999921,5.279321,0.917677932,0.755,0.5,1.0,1.0
wide band gap insulating MOFs with low density,q5_insulating_frameworks,48,LEA + GAT,5,qmof-3133aaf,Zn4C64H48N8O16,1|1|1|1,0.78925,0.7930768560552011,0.02052665090323501,0.47370207373214285,0.8189493621036008,83.6849579999921,4.523716,0.969248466,0.755,0.5,1.0,1.0
wide band gap insulating MOFs with low density,q5_insulating_frameworks,49,SemanticOnly,1,qmof-fb12235,Zn4C24H24N16S24,1|1|1|1,0.66925,0.9028290809964216,0.0,,0.66925,0.03300000000194814,3.532606,1.891133304,0.755,0.5,0.7,0.7
wide band gap insulating MOFs with low density,q5_insulating_frameworks,49,SemanticOnly,2,qmof-faedf85,Zn2C42H26N4O14,1|1|1|1,0.66925,0.9028290809964216,0.025718747196571877,,0.66925,0.03300000000194814,3.727776,1.73997688,0.755,0.5,0.7,0.7
wide band gap insulating MOFs with low density,q5_insulating_frameworks,49,SemanticOnly,3,qmof-fa69f14,KNaB2C18H26N18S6,1|1|1|1,0.66925,0.9028290809964216,0.030306194896393454,,0.66925,0.03300000000194814,4.333459,1.26254842,0.755,0.5,0.7,0.7
wide band gap insulating MOFs with low density,q5_insulating_frameworks,49,SemanticOnly,4,qmof-f6ebd2b,Zn2C40H28N8O8,1|1|1|1,0.66925,0.9028290809964216,0.020073367626609887,,0.66925,0.03300000000194814,4.074979,1.689000204,0.755,0.5,0.7,0.7
wide band gap insulating MOFs with low density,q5_insulating_frameworks,49,SemanticOnly,5,qmof-f69b853,K4C28H20O4S4,1|1|1|1,0.66925,0.9028290809964216,0.02002064101624464,,0.66925,0.03300000000194814,3.621441,1.601720551,0.755,0.5,0.7,0.7
wide band gap insulating MOFs with low density,q5_insulating_frameworks,49,WeightedSum,1,qmof-e3dcc4d,Zn6C48H60N24,1|1|1|1,0.78925,0.7930768560552011,0.0,,0.78925,0.04533300000275631,5.279321,0.917677932,0.755,0.5,1.0,1.0
wide band gap insulating MOFs with low density,q5_insulating_frameworks,49,WeightedSum,2,qmof-c82daac,Al2Li2C40H46N6O4,1|1|1|1,0.78925,0.7930768560552011,0.028969146794849437,,0.78925,0.04533300000275631,4.047188,0.954866212,0.755,0.5,1.0,1.0
wide band gap insulating MOFs with low density,q5_insulating_frameworks,49,WeightedSum,3,qmof-b1cbe7a,Fe2C24H16N8,1|1|1|1,0.78925,0.7930768560552011,0.033572801739611455,,0.78925,0.04533300000275631,3.528396,0.685538233,0.755,0.5,1.0,1.0
wide band gap insulating MOFs with low density,q5_insulating_frameworks,49,WeightedSum,4,qmof-a2d95c3,Zn8C48H24O26,1|1|1|1,0.78925,0.7930768560552011,0.02924677289371737,,0.78925,0.04533300000275631,4.650938,0.57861881,0.755,0.5,1.0,1.0
wide band gap insulating MOFs with low density,q5_insulating_frameworks,49,WeightedSum,5,qmof-8deddd1,Zn6C42H18O18,1|1|1|1,0.78925,0.7930768560552011,0.027198422210623963,,0.78925,0.04533300000275631,3.550246,0.720023443,0.755,0.5,1.0,1.0
wide band gap insulating MOFs with low density,q5_insulating_frameworks,49,TOPSIS,1,qmof-e3dcc4d,Zn6C48H60N24,1|1|1|1,0.78925,0.7930768560552011,0.0,,0.78925,0.978416999998899,5.279321,0.917677932,0.755,0.5,1.0,1.0
wide band gap insulating MOFs with low density,q5_insulating_frameworks,49,TOPSIS,2,qmof-c82daac,Al2Li2C40H46N6O4,1|1|1|1,0.78925,0.7930768560552011,0.028969146794849437,,0.78925,0.978416999998899,4.047188,0.954866212,0.755,0.5,1.0,1.0
wide band gap insulating MOFs with low density,q5_insulating_frameworks,49,TOPSIS,3,qmof-b1cbe7a,Fe2C24H16N8,1|1|1|1,0.78925,0.7930768560552011,0.033572801739611455,,0.78925,0.978416999998899,3.528396,0.685538233,0.755,0.5,1.0,1.0
wide band gap insulating MOFs with low density,q5_insulating_frameworks,49,TOPSIS,4,qmof-a2d95c3,Zn8C48H24O26,1|1|1|1,0.78925,0.7930768560552011,0.02924677289371737,,0.78925,0.978416999998899,4.650938,0.57861881,0.755,0.5,1.0,1.0
wide band gap insulating MOFs with low density,q5_insulating_frameworks,49,TOPSIS,5,qmof-8deddd1,Zn6C42H18O18,1|1|1|1,0.78925,0.7930768560552011,0.027198422210623963,,0.78925,0.978416999998899,3.550246,0.720023443,0.755,0.5,1.0,1.0
wide band gap insulating MOFs with low density,q5_insulating_frameworks,49,ParetoCrowding,1,qmof-a2d95c3,Zn8C48H24O26,1|1|1|1,0.78925,0.7930768560552011,0.0,,0.78925,213.5950830000013,4.650938,0.57861881,0.755,0.5,1.0,1.0
wide band gap insulating MOFs with low density,q5_insulating_frameworks,49,ParetoCrowding,2,qmof-017128d,Zn6C48H60N24,1|1|1|1,0.78925,0.7930768560552011,0.028172210588407857,,0.78925,213.5950830000013,5.310987,0.913433658,0.755,0.5,1.0,1.0
wide band gap insulating MOFs with low density,q5_insulating_frameworks,49,ParetoCrowding,3,qmof-b1cbe7a,Fe2C24H16N8,1|1|1|1,0.78925,0.7930768560552011,0.03781793939275144,,0.78925,213.5950830000013,3.528396,0.685538233,0.755,0.5,1.0,1.0
wide band gap insulating MOFs with low density,q5_insulating_frameworks,49,ParetoCrowding,4,qmof-e3dcc4d,Zn6C48H60N24,1|1|1|1,0.78925,0.7930768560552011,0.023793664613766283,,0.78925,213.5950830000013,5.279321,0.917677932,0.755,0.5,1.0,1.0
wide band gap insulating MOFs with low density,q5_insulating_frameworks,49,ParetoCrowding,5,qmof-175a5d9,Fe6C42Cl6H12N18O12,1|1|1|1,0.78925,0.7930768560552011,0.03358871210126255,,0.78925,213.5950830000013,3.544636,0.750832979,0.755,0.5,1.0,1.0
wide band gap insulating MOFs with low density,q5_insulating_frameworks,49,Random,1,qmof-2fd988a,Zn2C44H36N24O12,1|1|1|1,0.66925,0.9028290809964216,0.0,,0.66925,0.047625000007656126,4.166791,1.567201591,0.755,0.5,0.7,0.7
wide band gap insulating MOFs with low density,q5_insulating_frameworks,49,Random,2,qmof-781d4d1,Cd2Fe2C62H60N8O10,1|1|1|1,0.66925,0.9028290809964216,0.014596634978723549,,0.66925,0.047625000007656126,4.157661,1.483464058,0.755,0.5,0.7,0.7
wide band gap insulating MOFs with low density,q5_insulating_frameworks,49,Random,3,qmof-57605e0,Zn2C44H52N8O12,1|1|1|1,0.66925,0.9028290809964216,0.012118046312603164,,0.66925,0.047625000007656126,4.104027,1.314274492,0.755,0.5,0.7,0.7
wide band gap insulating MOFs with low density,q5_insulating_frameworks,49,Random,4,qmof-4f2905b,CoC18H24N6O2S2,1|1|1|1,0.66925,0.9028290809964216,0.025252780090817484,,0.66925,0.047625000007656126,3.571197,1.430439826,0.755,0.5,0.7,0.7
wide band gap insulating MOFs with low density,q5_insulating_frameworks,49,Random,5,qmof-3288dd3,Cu4C28H32N8O16,1|1|1|1,0.66925,0.9028290809964216,0.019722745061191108,,0.66925,0.047625000007656126,3.956894,1.871743566,0.755,0.5,0.7,0.7
wide band gap insulating MOFs with low density,q5_insulating_frameworks,49,MMR,1,qmof-3133aaf,Zn4C64H48N8O16,1|1|1|1,0.78925,0.7930768560552011,0.0,,0.78925,2122.7959580000115,4.523716,0.969248466,0.755,0.5,1.0,1.0
wide band gap insulating MOFs with low density,q5_insulating_frameworks,49,MMR,2,qmof-b1cbe7a,Fe2C24H16N8,1|1|1|1,0.78925,0.7930768560552011,0.03406045792298626,,0.78925,2122.7959580000115,3.528396,0.685538233,0.755,0.5,1.0,1.0
wide band gap insulating MOFs with low density,q5_insulating_frameworks,49,MMR,3,qmof-175a5d9,Fe6C42Cl6H12N18O12,1|1|1|1,0.78925,0.7930768560552011,0.02542693492347272,,0.78925,2122.7959580000115,3.544636,0.750832979,0.755,0.5,1.0,1.0
wide band gap insulating MOFs with low density,q5_insulating_frameworks,49,MMR,4,qmof-694fdb2,Na4C52H80N4O8,1|1|1|1,0.78925,0.7930768560552011,0.028937477714860105,,0.78925,2122.7959580000115,3.600195,0.918885408,0.755,0.5,1.0,1.0
wide band gap insulating MOFs with low density,q5_insulating_frameworks,49,MMR,5,qmof-4050181,Li4C28H32N4O8,1|1|1|1,0.78925,0.7930768560552011,0.03166129564427871,,0.78925,2122.7959580000115,5.066465,0.936198777,0.755,0.5,1.0,1.0
wide band gap insulating MOFs with low density,q5_insulating_frameworks,49,LEA,1,qmof-3133aaf,Zn4C64H48N8O16,1|1|1|1,0.78925,0.7930768560552011,0.0,,0.8685576856055202,84.40279100000225,4.523716,0.969248466,0.755,0.5,1.0,1.0
wide band gap insulating MOFs with low density,q5_insulating_frameworks,49,LEA,2,qmof-b1cbe7a,Fe2C24H16N8,1|1|1|1,0.78925,0.7930768560552011,0.03406045792298626,,0.8237318624639638,84.40279100000225,3.528396,0.685538233,0.755,0.5,1.0,1.0
wide band gap insulating MOFs with low density,q5_insulating_frameworks,49,LEA,3,qmof-017128d,Zn6C48H60N24,1|1|1|1,0.78925,0.7930768560552011,0.03169566968274606,,0.8234252024112619,84.40279100000225,5.310987,0.913433658,0.755,0.5,1.0,1.0
wide band gap insulating MOFs with low density,q5_insulating_frameworks,49,LEA,4,qmof-e3dcc4d,Zn6C48H60N24,1|1|1|1,0.78925,0.7930768560552011,0.021042220052054753,,0.823359576042334,84.40279100000225,5.279321,0.917677932,0.755,0.5,1.0,1.0
wide band gap insulating MOFs with low density,q5_insulating_frameworks,49,LEA,5,qmof-175a5d9,Fe6C42Cl6H12N18O12,1|1|1|1,0.78925,0.7930768560552011,0.033646383715698364,,0.8232334247351124,84.40279100000225,3.544636,0.750832979,0.755,0.5,1.0,1.0
wide band gap insulating MOFs with low density,q5_insulating_frameworks,49,LEA no diversity,1,qmof-3133aaf,Zn4C64H48N8O16,1|1|1|1,0.78925,0.7930768560552011,0.0,,0.8685576856055202,82.75629199999912,4.523716,0.969248466,0.755,0.5,1.0,1.0
wide band gap insulating MOFs with low density,q5_insulating_frameworks,49,LEA no diversity,2,qmof-b1cbe7a,Fe2C24H16N8,1|1|1|1,0.78925,0.7930768560552011,0.03406045792298626,,0.8202625813520605,82.75629199999912,3.528396,0.685538233,0.755,0.5,1.0,1.0
wide band gap insulating MOFs with low density,q5_insulating_frameworks,49,LEA no diversity,3,qmof-017128d,Zn6C48H60N24,1|1|1|1,0.78925,0.7930768560552011,0.03169566968274606,,0.8201626420756182,82.75629199999912,5.310987,0.913433658,0.755,0.5,1.0,1.0
wide band gap insulating MOFs with low density,q5_insulating_frameworks,49,LEA no diversity,4,qmof-e3dcc4d,Zn6C48H60N24,1|1|1|1,0.78925,0.7930768560552011,0.021042220052054753,,0.8201412366151999,82.75629199999912,5.279321,0.917677932,0.755,0.5,1.0,1.0
wide band gap insulating MOFs with low density,q5_insulating_frameworks,49,LEA no diversity,5,qmof-175a5d9,Fe6C42Cl6H12N18O12,1|1|1|1,0.78925,0.7930768560552011,0.033646383715698364,,0.8201000717217309,82.75629199999912,3.544636,0.750832979,0.755,0.5,1.0,1.0
wide band gap insulating MOFs with low density,q5_insulating_frameworks,49,LEA no self-cleaning,1,qmof-3133aaf,Zn4C64H48N8O16,1|1|1|1,0.78925,0.7930768560552011,0.0,,0.8685576856055202,83.49945900002353,4.523716,0.969248466,0.755,0.5,1.0,1.0
wide band gap insulating MOFs with low density,q5_insulating_frameworks,49,LEA no self-cleaning,2,qmof-b1cbe7a,Fe2C24H16N8,1|1|1|1,0.78925,0.7930768560552011,0.03406045792298626,,0.8237318624639638,83.49945900002353,3.528396,0.685538233,0.755,0.5,1.0,1.0
wide band gap insulating MOFs with low density,q5_insulating_frameworks,49,LEA no self-cleaning,3,qmof-017128d,Zn6C48H60N24,1|1|1|1,0.78925,0.7930768560552011,0.03169566968274606,,0.8234252024112619,83.49945900002353,5.310987,0.913433658,0.755,0.5,1.0,1.0
wide band gap insulating MOFs with low density,q5_insulating_frameworks,49,LEA no self-cleaning,4,qmof-e3dcc4d,Zn6C48H60N24,1|1|1|1,0.78925,0.7930768560552011,0.021042220052054753,,0.823359576042334,83.49945900002353,5.279321,0.917677932,0.755,0.5,1.0,1.0
wide band gap insulating MOFs with low density,q5_insulating_frameworks,49,LEA no self-cleaning,5,qmof-175a5d9,Fe6C42Cl6H12N18O12,1|1|1|1,0.78925,0.7930768560552011,0.033646383715698364,,0.8232334247351124,83.49945900002353,3.544636,0.750832979,0.755,0.5,1.0,1.0
wide band gap insulating MOFs with low density,q5_insulating_frameworks,49,GraphSAGE only,1,qmof-a2d95c3,Zn8C48H24O26,1|1|1|1,0.78925,0.7930768560552011,0.0,0.30943377792924526,0.78925,0.036207999983162154,4.650938,0.57861881,0.755,0.5,1.0,1.0
wide band gap insulating MOFs with low density,q5_insulating_frameworks,49,GraphSAGE only,2,qmof-175a5d9,Fe6C42Cl6H12N18O12,1|1|1|1,0.78925,0.7930768560552011,0.02813445479568932,0.303062526575,0.78925,0.036207999983162154,3.544636,0.750832979,0.755,0.5,1.0,1.0
wide band gap insulating MOFs with low density,q5_insulating_frameworks,49,GraphSAGE only,3,qmof-8deddd1,Zn6C42H18O18,1|1|1|1,0.78925,0.7930768560552011,0.02034151149166709,0.295998241775,0.78925,0.036207999983162154,3.550246,0.720023443,0.755,0.5,1.0,1.0
wide band gap insulating MOFs with low density,q5_insulating_frameworks,49,GraphSAGE only,4,qmof-b1cbe7a,Fe2C24H16N8,1|1|1|1,0.78925,0.7930768560552011,0.024624685122220356,0.276584632525,0.78925,0.036207999983162154,3.528396,0.685538233,0.755,0.5,1.0,1.0
wide band gap insulating MOFs with low density,q5_insulating_frameworks,49,GraphSAGE only,5,qmof-4050181,Li4C28H32N4O8,1|1|1|1,0.78925,0.7930768560552011,0.031228069970359464,0.2666271969881579,0.78925,0.036207999983162154,5.066465,0.936198777,0.755,0.5,1.0,1.0
wide band gap insulating MOFs with low density,q5_insulating_frameworks,49,GAT only,1,qmof-a2d95c3,Zn8C48H24O26,1|1|1|1,0.78925,0.7930768560552011,0.0,0.5268548685259433,0.78925,0.033708000017895756,4.650938,0.57861881,0.755,0.5,1.0,1.0
wide band gap insulating MOFs with low density,q5_insulating_frameworks,49,GAT only,2,qmof-4050181,Li4C28H32N4O8,1|1|1|1,0.78925,0.7930768560552011,0.022121013280985487,0.5151717869638158,0.78925,0.033708000017895756,5.066465,0.936198777,0.755,0.5,1.0,1.0
wide band gap insulating MOFs with low density,q5_insulating_frameworks,49,GAT only,3,qmof-017128d,Zn6C48H60N24,1|1|1|1,0.78925,0.7930768560552011,0.024522805876265843,0.5124756137663043,0.78925,0.033708000017895756,5.310987,0.913433658,0.755,0.5,1.0,1.0
wide band gap insulating MOFs with low density,q5_insulating_frameworks,49,GAT only,4,qmof-e3dcc4d,Zn6C48H60N24,1|1|1|1,0.78925,0.7930768560552011,0.016439629562600946,0.5122103466413044,0.78925,0.033708000017895756,5.279321,0.917677932,0.755,0.5,1.0,1.0
wide band gap insulating MOFs with low density,q5_insulating_frameworks,49,GAT only,5,qmof-3133aaf,Zn4C64H48N8O16,1|1|1|1,0.78925,0.7930768560552011,0.02052665090323501,0.47370207373214285,0.78925,0.033708000017895756,4.523716,0.969248466,0.755,0.5,1.0,1.0
wide band gap insulating MOFs with low density,q5_insulating_frameworks,49,LEA + GraphSAGE,1,qmof-a2d95c3,Zn8C48H24O26,1|1|1|1,0.78925,0.7930768560552011,0.0,0.30943377792924526,0.7899010573620465,83.08970900000645,4.650938,0.57861881,0.755,0.5,1.0,1.0
wide band gap insulating MOFs with low density,q5_insulating_frameworks,49,LEA + GraphSAGE,2,qmof-175a5d9,Fe6C42Cl6H12N18O12,1|1|1|1,0.78925,0.7930768560552011,0.02813445479568932,0.303062526575,0.7887570424581453,83.08970900000645,3.544636,0.750832979,0.755,0.5,1.0,1.0
wide band gap insulating MOFs with low density,q5_insulating_frameworks,49,LEA + GraphSAGE,3,qmof-8deddd1,Zn6C42H18O18,1|1|1|1,0.78925,0.7930768560552011,0.02034151149166709,0.295998241775,0.7874873462928924,83.08970900000645,3.550246,0.720023443,0.755,0.5,1.0,1.0
wide band gap insulating MOFs with low density,q5_insulating_frameworks,49,LEA + GraphSAGE,4,qmof-b1cbe7a,Fe2C24H16N8,1|1|1|1,0.78925,0.7930768560552011,0.024624685122220356,0.276584632525,0.7839915610748575,83.08970900000645,3.528396,0.685538233,0.755,0.5,1.0,1.0
wide band gap insulating MOFs with low density,q5_insulating_frameworks,49,LEA + GraphSAGE,5,qmof-4050181,Li4C28H32N4O8,1|1|1|1,0.78925,0.7930768560552011,0.031228069970359464,0.2666271969881579,0.782194987154903,83.08970900000645,5.066465,0.936198777,0.755,0.5,1.0,1.0
wide band gap insulating MOFs with low density,q5_insulating_frameworks,49,LEA + GAT,1,qmof-a2d95c3,Zn8C48H24O26,1|1|1|1,0.78925,0.7930768560552011,0.0,0.5268548685259433,0.8281138708556041,83.30087499999195,4.650938,0.57861881,0.755,0.5,1.0,1.0
wide band gap insulating MOFs with low density,q5_insulating_frameworks,49,LEA + GAT,2,qmof-4050181,Li4C28H32N4O8,1|1|1|1,0.78925,0.7930768560552011,0.022121013280985487,0.5151717869638158,0.8261115610986894,83.30087499999195,5.066465,0.936198777,0.755,0.5,1.0,1.0
wide band gap insulating MOFs with low density,q5_insulating_frameworks,49,LEA + GAT,3,qmof-017128d,Zn6C48H60N24,1|1|1|1,0.78925,0.7930768560552011,0.024522805876265843,0.5124756137663043,0.8256484733951501,83.30087499999195,5.310987,0.913433658,0.755,0.5,1.0,1.0
wide band gap insulating MOFs with low density,q5_insulating_frameworks,49,LEA + GAT,4,qmof-e3dcc4d,Zn6C48H60N24,1|1|1|1,0.78925,0.7930768560552011,0.016439629562600946,0.5122103466413044,0.8256028917714294,83.30087499999195,5.279321,0.917677932,0.755,0.5,1.0,1.0
wide band gap insulating MOFs with low density,q5_insulating_frameworks,49,LEA + GAT,5,qmof-3133aaf,Zn4C64H48N8O16,1|1|1|1,0.78925,0.7930768560552011,0.02052665090323501,0.47370207373214285,0.8189493621036008,83.30087499999195,4.523716,0.969248466,0.755,0.5,1.0,1.0
wide band gap insulating MOFs with low density,q5_insulating_frameworks,50,SemanticOnly,1,qmof-fe49acf,Zn2C64H44N8O8,1|1|1|1,0.66925,0.9028290809964216,0.0,,0.66925,0.03216700000052697,4.212406,1.486133454,0.755,0.5,0.7,0.7
wide band gap insulating MOFs with low density,q5_insulating_frameworks,50,SemanticOnly,2,qmof-f730251,Cd2C28H24N2O10,1|1|1|1,0.66925,0.9028290809964216,0.019782184938727448,,0.66925,0.03216700000052697,4.563412,1.618365409,0.755,0.5,0.7,0.7
wide band gap insulating MOFs with low density,q5_insulating_frameworks,50,SemanticOnly,3,qmof-f69b853,K4C28H20O4S4,1|1|1|1,0.66925,0.9028290809964216,0.021644701142320366,,0.66925,0.03216700000052697,3.621441,1.601720551,0.755,0.5,0.7,0.7
wide band gap insulating MOFs with low density,q5_insulating_frameworks,50,SemanticOnly,4,qmof-f360972,Co2C18H28N4O12P4,1|1|1|1,0.66925,0.9028290809964216,0.02019625859014999,,0.66925,0.03216700000052697,3.915648,1.787219535,0.755,0.5,0.7,0.7
wide band gap insulating MOFs with low density,q5_insulating_frameworks,50,SemanticOnly,5,qmof-f24dae1,Cd2C24Cl4H16N8S4,1|1|1|1,0.66925,0.9028290809964216,0.02180072702345608,,0.66925,0.03216700000052697,4.484951,1.901854198,0.755,0.5,0.7,0.7
wide band gap insulating MOFs with low density,q5_insulating_frameworks,50,WeightedSum,1,qmof-e3dcc4d,Zn6C48H60N24,1|1|1|1,0.78925,0.7930768560552011,0.0,,0.78925,0.04583300000149393,5.279321,0.917677932,0.755,0.5,1.0,1.0
wide band gap insulating MOFs with low density,q5_insulating_frameworks,50,WeightedSum,2,qmof-c82daac,Al2Li2C40H46N6O4,1|1|1|1,0.78925,0.7930768560552011,0.028969146794849437,,0.78925,0.04583300000149393,4.047188,0.954866212,0.755,0.5,1.0,1.0
wide band gap insulating MOFs with low density,q5_insulating_frameworks,50,WeightedSum,3,qmof-b1cbe7a,Fe2C24H16N8,1|1|1|1,0.78925,0.7930768560552011,0.033572801739611455,,0.78925,0.04583300000149393,3.528396,0.685538233,0.755,0.5,1.0,1.0
wide band gap insulating MOFs with low density,q5_insulating_frameworks,50,WeightedSum,4,qmof-a2d95c3,Zn8C48H24O26,1|1|1|1,0.78925,0.7930768560552011,0.02924677289371737,,0.78925,0.04583300000149393,4.650938,0.57861881,0.755,0.5,1.0,1.0
wide band gap insulating MOFs with low density,q5_insulating_frameworks,50,WeightedSum,5,qmof-8deddd1,Zn6C42H18O18,1|1|1|1,0.78925,0.7930768560552011,0.027198422210623963,,0.78925,0.04583300000149393,3.550246,0.720023443,0.755,0.5,1.0,1.0
wide band gap insulating MOFs with low density,q5_insulating_frameworks,50,TOPSIS,1,qmof-e3dcc4d,Zn6C48H60N24,1|1|1|1,0.78925,0.7930768560552011,0.0,,0.78925,1.0002079999935631,5.279321,0.917677932,0.755,0.5,1.0,1.0
wide band gap insulating MOFs with low density,q5_insulating_frameworks,50,TOPSIS,2,qmof-c82daac,Al2Li2C40H46N6O4,1|1|1|1,0.78925,0.7930768560552011,0.028969146794849437,,0.78925,1.0002079999935631,4.047188,0.954866212,0.755,0.5,1.0,1.0
wide band gap insulating MOFs with low density,q5_insulating_frameworks,50,TOPSIS,3,qmof-b1cbe7a,Fe2C24H16N8,1|1|1|1,0.78925,0.7930768560552011,0.033572801739611455,,0.78925,1.0002079999935631,3.528396,0.685538233,0.755,0.5,1.0,1.0
wide band gap insulating MOFs with low density,q5_insulating_frameworks,50,TOPSIS,4,qmof-a2d95c3,Zn8C48H24O26,1|1|1|1,0.78925,0.7930768560552011,0.02924677289371737,,0.78925,1.0002079999935631,4.650938,0.57861881,0.755,0.5,1.0,1.0
wide band gap insulating MOFs with low density,q5_insulating_frameworks,50,TOPSIS,5,qmof-8deddd1,Zn6C42H18O18,1|1|1|1,0.78925,0.7930768560552011,0.027198422210623963,,0.78925,1.0002079999935631,3.550246,0.720023443,0.755,0.5,1.0,1.0
wide band gap insulating MOFs with low density,q5_insulating_frameworks,50,ParetoCrowding,1,qmof-b1cbe7a,Fe2C24H16N8,1|1|1|1,0.78925,0.7930768560552011,0.0,,0.78925,213.93416700001922,3.528396,0.685538233,0.755,0.5,1.0,1.0
wide band gap insulating MOFs with low density,q5_insulating_frameworks,50,ParetoCrowding,2,qmof-a2d95c3,Zn8C48H24O26,1|1|1|1,0.78925,0.7930768560552011,0.03239239420527272,,0.78925,213.93416700001922,4.650938,0.57861881,0.755,0.5,1.0,1.0
wide band gap insulating MOFs with low density,q5_insulating_frameworks,50,ParetoCrowding,3,qmof-8deddd1,Zn6C42H18O18,1|1|1|1,0.78925,0.7930768560552011,0.02087377132192949,,0.78925,213.93416700001922,3.550246,0.720023443,0.755,0.5,1.0,1.0
wide band gap insulating MOFs with low density,q5_insulating_frameworks,50,ParetoCrowding,4,qmof-175a5d9,Fe6C42Cl6H12N18O12,1|1|1|1,0.78925,0.7930768560552011,0.02285053209885095,,0.78925,213.93416700001922,3.544636,0.750832979,0.755,0.5,1.0,1.0
wide band gap insulating MOFs with low density,q5_insulating_frameworks,50,ParetoCrowding,5,qmof-017128d,Zn6C48H60N24,1|1|1|1,0.78925,0.7930768560552011,0.03904025601971238,,0.78925,213.93416700001922,5.310987,0.913433658,0.755,0.5,1.0,1.0
wide band gap insulating MOFs with low density,q5_insulating_frameworks,50,Random,1,qmof-8df56c1,Cd2C40H36N8O14,1|1|1|1,0.66925,0.9028290809964216,0.0,,0.66925,0.05308300001161115,4.057081,1.492741724,0.755,0.5,0.7,0.7
wide band gap insulating MOFs with low density,q5_insulating_frameworks,50,Random,2,qmof-1e98fe6,CuC14H10N12O4,1|1|1|1,0.66925,0.9028290809964216,0.02293918543903902,,0.66925,0.05308300001161115,3.808937,1.681733812,0.755,0.5,0.7,0.7
wide band gap insulating MOFs with low density,q5_insulating_frameworks,50,Random,3,qmof-a2d95c3,Zn8C48H24O26,1|1|1|1,0.78925,0.7930768560552011,0.04011899009599093,,0.78925,0.05308300001161115,4.650938,0.57861881,0.755,0.5,1.0,1.0
wide band gap insulating MOFs with low density,q5_insulating_frameworks,50,Random,4,qmof-310fe8a,Ag2C42H38N8O10S2,1|1|1|1,0.66925,0.9028290809964216,0.02480768227908586,,0.66925,0.05308300001161115,4.300109,1.719441401,0.755,0.5,0.7,0.7
wide band gap insulating MOFs with low density,q5_insulating_frameworks,50,Random,5,qmof-8deddd1,Zn6C42H18O18,1|1|1|1,0.78925,0.7930768560552011,0.03174154655506133,,0.78925,0.05308300001161115,3.550246,0.720023443,0.755,0.5,1.0,1.0
wide band gap insulating MOFs with low density,q5_insulating_frameworks,50,MMR,1,qmof-017128d,Zn6C48H60N24,1|1|1|1,0.78925,0.7930768560552011,0.0,,0.78925,2040.2179590000173,5.310987,0.913433658,0.755,0.5,1.0,1.0
wide band gap insulating MOFs with low density,q5_insulating_frameworks,50,MMR,2,qmof-b1cbe7a,Fe2C24H16N8,1|1|1|1,0.78925,0.7930768560552011,0.04324348458023015,,0.78925,2040.2179590000173,3.528396,0.685538233,0.755,0.5,1.0,1.0
wide band gap insulating MOFs with low density,q5_insulating_frameworks,50,MMR,3,qmof-694fdb2,Na4C52H80N4O8,1|1|1|1,0.78925,0.7930768560552011,0.03398922464185243,,0.78925,2040.2179590000173,3.600195,0.918885408,0.755,0.5,1.0,1.0
wide band gap insulating MOFs with low density,q5_insulating_frameworks,50,MMR,4,qmof-a2d95c3,Zn8C48H24O26,1|1|1|1,0.78925,0.7930768560552011,0.031757743531036026,,0.78925,2040.2179590000173,4.650938,0.57861881,0.755,0.5,1.0,1.0
wide band gap insulating MOFs with low density,q5_insulating_frameworks,50,MMR,5,qmof-175a5d9,Fe6C42Cl6H12N18O12,1|1|1|1,0.78925,0.7930768560552011,0.031055776307544084,,0.78925,2040.2179590000173,3.544636,0.750832979,0.755,0.5,1.0,1.0
wide band gap insulating MOFs with low density,q5_insulating_frameworks,50,LEA,1,qmof-017128d,Zn6C48H60N24,1|1|1|1,0.78925,0.7930768560552011,0.0,,0.8685576856055202,82.80095799997866,5.310987,0.913433658,0.755,0.5,1.0,1.0
wide band gap insulating MOFs with low density,q5_insulating_frameworks,50,LEA,2,qmof-b1cbe7a,Fe2C24H16N8,1|1|1|1,0.78925,0.7930768560552011,0.04324348458023015,,0.8247416540106132,82.80095799997866,3.528396,0.685538233,0.755,0.5,1.0,1.0
wide band gap insulating MOFs with low density,q5_insulating_frameworks,50,LEA,3,qmof-8deddd1,Zn6C42H18O18,1|1|1|1,0.78925,0.7930768560552011,0.030826119090093043,,0.8246349234085883,82.80095799997866,3.550246,0.720023443,0.755,0.5,1.0,1.0
wide band gap insulating MOFs with low density,q5_insulating_frameworks,50,LEA,4,qmof-175a5d9,Fe6C42Cl6H12N18O12,1|1|1|1,0.78925,0.7930768560552011,0.027501054932921487,,0.8242695756931497,82.80095799997866,3.544636,0.750832979,0.755,0.5,1.0,1.0
wide band gap insulating MOFs with low density,q5_insulating_frameworks,50,LEA,5,qmof-a2d95c3,Zn8C48H24O26,1|1|1|1,0.78925,0.7930768560552011,0.027863417416338347,,0.8241673515958113,82.80095799997866,4.650938,0.57861881,0.755,0.5,1.0,1.0
wide band gap insulating MOFs with low density,q5_insulating_frameworks,50,LEA no diversity,1,qmof-017128d,Zn6C48H60N24,1|1|1|1,0.78925,0.7930768560552011,0.0,,0.8685576856055202,85.93795800001658,5.310987,0.913433658,0.755,0.5,1.0,1.0
wide band gap insulating MOFs with low density,q5_insulating_frameworks,50,LEA no diversity,2,qmof-b1cbe7a,Fe2C24H16N8,1|1|1|1,0.78925,0.7930768560552011,0.04324348458023015,,0.8205906840849571,85.93795800001658,3.528396,0.685538233,0.755,0.5,1.0,1.0
wide band gap insulating MOFs with low density,q5_insulating_frameworks,50,LEA no diversity,3,qmof-8deddd1,Zn6C42H18O18,1|1|1|1,0.78925,0.7930768560552011,0.030826119090093043,,0.8205560764038491,85.93795800001658,3.550246,0.720023443,0.755,0.5,1.0,1.0
wide band gap insulating MOFs with low density,q5_insulating_frameworks,50,LEA no diversity,4,qmof-175a5d9,Fe6C42Cl6H12N18O12,1|1|1|1,0.78925,0.7930768560552011,0.027501054932921487,,0.8204374837479623,85.93795800001658,3.544636,0.750832979,0.755,0.5,1.0,1.0
wide band gap insulating MOFs with low density,q5_insulating_frameworks,50,LEA no diversity,5,qmof-a2d95c3,Zn8C48H24O26,1|1|1|1,0.78925,0.7930768560552011,0.027863417416338347,,0.8204042661981661,85.93795800001658,4.650938,0.57861881,0.755,0.5,1.0,1.0
wide band gap insulating MOFs with low density,q5_insulating_frameworks,50,LEA no self-cleaning,1,qmof-017128d,Zn6C48H60N24,1|1|1|1,0.78925,0.7930768560552011,0.0,,0.8685576856055202,80.32366599999818,5.310987,0.913433658,0.755,0.5,1.0,1.0
wide band gap insulating MOFs with low density,q5_insulating_frameworks,50,LEA no self-cleaning,2,qmof-b1cbe7a,Fe2C24H16N8,1|1|1|1,0.78925,0.7930768560552011,0.04324348458023015,,0.8247416540106132,80.32366599999818,3.528396,0.685538233,0.755,0.5,1.0,1.0
wide band gap insulating MOFs with low density,q5_insulating_frameworks,50,LEA no self-cleaning,3,qmof-8deddd1,Zn6C42H18O18,1|1|1|1,0.78925,0.7930768560552011,0.030826119090093043,,0.8246349234085883,80.32366599999818,3.550246,0.720023443,0.755,0.5,1.0,1.0
wide band gap insulating MOFs with low density,q5_insulating_frameworks,50,LEA no self-cleaning,4,qmof-175a5d9,Fe6C42Cl6H12N18O12,1|1|1|1,0.78925,0.7930768560552011,0.027501054932921487,,0.8242695756931497,80.32366599999818,3.544636,0.750832979,0.755,0.5,1.0,1.0
wide band gap insulating MOFs with low density,q5_insulating_frameworks,50,LEA no self-cleaning,5,qmof-a2d95c3,Zn8C48H24O26,1|1|1|1,0.78925,0.7930768560552011,0.027863417416338347,,0.8241673515958113,80.32366599999818,4.650938,0.57861881,0.755,0.5,1.0,1.0
wide band gap insulating MOFs with low density,q5_insulating_frameworks,50,GraphSAGE only,1,qmof-a2d95c3,Zn8C48H24O26,1|1|1|1,0.78925,0.7930768560552011,0.0,0.30943377792924526,0.78925,0.038165999995953825,4.650938,0.57861881,0.755,0.5,1.0,1.0
wide band gap insulating MOFs with low density,q5_insulating_frameworks,50,GraphSAGE only,2,qmof-175a5d9,Fe6C42Cl6H12N18O12,1|1|1|1,0.78925,0.7930768560552011,0.02813445479568932,0.303062526575,0.78925,0.038165999995953825,3.544636,0.750832979,0.755,0.5,1.0,1.0
wide band gap insulating MOFs with low density,q5_insulating_frameworks,50,GraphSAGE only,3,qmof-8deddd1,Zn6C42H18O18,1|1|1|1,0.78925,0.7930768560552011,0.02034151149166709,0.295998241775,0.78925,0.038165999995953825,3.550246,0.720023443,0.755,0.5,1.0,1.0
wide band gap insulating MOFs with low density,q5_insulating_frameworks,50,GraphSAGE only,4,qmof-b1cbe7a,Fe2C24H16N8,1|1|1|1,0.78925,0.7930768560552011,0.024624685122220356,0.276584632525,0.78925,0.038165999995953825,3.528396,0.685538233,0.755,0.5,1.0,1.0
wide band gap insulating MOFs with low density,q5_insulating_frameworks,50,GraphSAGE only,5,qmof-4050181,Li4C28H32N4O8,1|1|1|1,0.78925,0.7930768560552011,0.031228069970359464,0.2666271969881579,0.78925,0.038165999995953825,5.066465,0.936198777,0.755,0.5,1.0,1.0
wide band gap insulating MOFs with low density,q5_insulating_frameworks,50,GAT only,1,qmof-a2d95c3,Zn8C48H24O26,1|1|1|1,0.78925,0.7930768560552011,0.0,0.5268548685259433,0.78925,0.03408399999216272,4.650938,0.57861881,0.755,0.5,1.0,1.0
wide band gap insulating MOFs with low density,q5_insulating_frameworks,50,GAT only,2,qmof-4050181,Li4C28H32N4O8,1|1|1|1,0.78925,0.7930768560552011,0.022121013280985487,0.5151717869638158,0.78925,0.03408399999216272,5.066465,0.936198777,0.755,0.5,1.0,1.0
wide band gap insulating MOFs with low density,q5_insulating_frameworks,50,GAT only,3,qmof-017128d,Zn6C48H60N24,1|1|1|1,0.78925,0.7930768560552011,0.024522805876265843,0.5124756137663043,0.78925,0.03408399999216272,5.310987,0.913433658,0.755,0.5,1.0,1.0
wide band gap insulating MOFs with low density,q5_insulating_frameworks,50,GAT only,4,qmof-e3dcc4d,Zn6C48H60N24,1|1|1|1,0.78925,0.7930768560552011,0.016439629562600946,0.5122103466413044,0.78925,0.03408399999216272,5.279321,0.917677932,0.755,0.5,1.0,1.0
wide band gap insulating MOFs with low density,q5_insulating_frameworks,50,GAT only,5,qmof-3133aaf,Zn4C64H48N8O16,1|1|1|1,0.78925,0.7930768560552011,0.02052665090323501,0.47370207373214285,0.78925,0.03408399999216272,4.523716,0.969248466,0.755,0.5,1.0,1.0
wide band gap insulating MOFs with low density,q5_insulating_frameworks,50,LEA + GraphSAGE,1,qmof-a2d95c3,Zn8C48H24O26,1|1|1|1,0.78925,0.7930768560552011,0.0,0.30943377792924526,0.7899010573620465,80.08183300000837,4.650938,0.57861881,0.755,0.5,1.0,1.0
wide band gap insulating MOFs with low density,q5_insulating_frameworks,50,LEA + GraphSAGE,2,qmof-175a5d9,Fe6C42Cl6H12N18O12,1|1|1|1,0.78925,0.7930768560552011,0.02813445479568932,0.303062526575,0.7887570424581453,80.08183300000837,3.544636,0.750832979,0.755,0.5,1.0,1.0
wide band gap insulating MOFs with low density,q5_insulating_frameworks,50,LEA + GraphSAGE,3,qmof-8deddd1,Zn6C42H18O18,1|1|1|1,0.78925,0.7930768560552011,0.02034151149166709,0.295998241775,0.7874873462928924,80.08183300000837,3.550246,0.720023443,0.755,0.5,1.0,1.0
wide band gap insulating MOFs with low density,q5_insulating_frameworks,50,LEA + GraphSAGE,4,qmof-b1cbe7a,Fe2C24H16N8,1|1|1|1,0.78925,0.7930768560552011,0.024624685122220356,0.276584632525,0.7839915610748575,80.08183300000837,3.528396,0.685538233,0.755,0.5,1.0,1.0
wide band gap insulating MOFs with low density,q5_insulating_frameworks,50,LEA + GraphSAGE,5,qmof-4050181,Li4C28H32N4O8,1|1|1|1,0.78925,0.7930768560552011,0.031228069970359464,0.2666271969881579,0.782194987154903,80.08183300000837,5.066465,0.936198777,0.755,0.5,1.0,1.0
wide band gap insulating MOFs with low density,q5_insulating_frameworks,50,LEA + GAT,1,qmof-a2d95c3,Zn8C48H24O26,1|1|1|1,0.78925,0.7930768560552011,0.0,0.5268548685259433,0.8281138708556041,80.26458300000172,4.650938,0.57861881,0.755,0.5,1.0,1.0
wide band gap insulating MOFs with low density,q5_insulating_frameworks,50,LEA + GAT,2,qmof-4050181,Li4C28H32N4O8,1|1|1|1,0.78925,0.7930768560552011,0.022121013280985487,0.5151717869638158,0.8261115610986894,80.26458300000172,5.066465,0.936198777,0.755,0.5,1.0,1.0
wide band gap insulating MOFs with low density,q5_insulating_frameworks,50,LEA + GAT,3,qmof-017128d,Zn6C48H60N24,1|1|1|1,0.78925,0.7930768560552011,0.024522805876265843,0.5124756137663043,0.8256484733951501,80.26458300000172,5.310987,0.913433658,0.755,0.5,1.0,1.0
wide band gap insulating MOFs with low density,q5_insulating_frameworks,50,LEA + GAT,4,qmof-e3dcc4d,Zn6C48H60N24,1|1|1|1,0.78925,0.7930768560552011,0.016439629562600946,0.5122103466413044,0.8256028917714294,80.26458300000172,5.279321,0.917677932,0.755,0.5,1.0,1.0
wide band gap insulating MOFs with low density,q5_insulating_frameworks,50,LEA + GAT,5,qmof-3133aaf,Zn4C64H48N8O16,1|1|1|1,0.78925,0.7930768560552011,0.02052665090323501,0.47370207373214285,0.8189493621036008,80.26458300000172,4.523716,0.969248466,0.755,0.5,1.0,1.0
wide band gap insulating MOFs with low density,q5_insulating_frameworks,51,SemanticOnly,1,qmof-f96785a,Zn2C36H36N8O10,1|1|1|1,0.66925,0.9028290809964216,0.0,,0.66925,0.031124999992471203,4.741722,1.578911361,0.755,0.5,0.7,0.7
wide band gap insulating MOFs with low density,q5_insulating_frameworks,51,SemanticOnly,2,qmof-f6f314a,Cd2C36H32N8O8S6,1|1|1|1,0.66925,0.9028290809964216,0.018760076484617624,,0.66925,0.031124999992471203,3.856054,1.750076538,0.755,0.5,0.7,0.7
wide band gap insulating MOFs with low density,q5_insulating_frameworks,51,SemanticOnly,3,qmof-f689494,Cd4C56H40N16O12,1|1|1|1,0.66925,0.9028290809964216,0.01878918223765802,,0.66925,0.031124999992471203,3.955084,1.993375953,0.755,0.5,0.7,0.7
wide band gap insulating MOFs with low density,q5_insulating_frameworks,51,SemanticOnly,4,qmof-f441841,Cu2C32H28N4O12,1|1|1|1,0.66925,0.9028290809964216,0.016034426540059394,,0.66925,0.031124999992471203,3.720497,1.728310271,0.755,0.5,0.7,0.7
wide band gap insulating MOFs with low density,q5_insulating_frameworks,51,SemanticOnly,5,qmof-f32cf71,CdC36F8H24N6O6,1|1|1|1,0.66925,0.9028290809964216,0.01916760432702333,,0.66925,0.031124999992471203,4.601082,1.49416873,0.755,0.5,0.7,0.7
wide band gap insulating MOFs with low density,q5_insulating_frameworks,51,WeightedSum,1,qmof-e3dcc4d,Zn6C48H60N24,1|1|1|1,0.78925,0.7930768560552011,0.0,,0.78925,0.044459000008600924,5.279321,0.917677932,0.755,0.5,1.0,1.0
wide band gap insulating MOFs with low density,q5_insulating_frameworks,51,WeightedSum,2,qmof-c82daac,Al2Li2C40H46N6O4,1|1|1|1,0.78925,0.7930768560552011,0.028969146794849437,,0.78925,0.044459000008600924,4.047188,0.954866212,0.755,0.5,1.0,1.0
wide band gap insulating MOFs with low density,q5_insulating_frameworks,51,WeightedSum,3,qmof-b1cbe7a,Fe2C24H16N8,1|1|1|1,0.78925,0.7930768560552011,0.033572801739611455,,0.78925,0.044459000008600924,3.528396,0.685538233,0.755,0.5,1.0,1.0
wide band gap insulating MOFs with low density,q5_insulating_frameworks,51,WeightedSum,4,qmof-a2d95c3,Zn8C48H24O26,1|1|1|1,0.78925,0.7930768560552011,0.02924677289371737,,0.78925,0.044459000008600924,4.650938,0.57861881,0.755,0.5,1.0,1.0
wide band gap insulating MOFs with low density,q5_insulating_frameworks,51,WeightedSum,5,qmof-8deddd1,Zn6C42H18O18,1|1|1|1,0.78925,0.7930768560552011,0.027198422210623963,,0.78925,0.044459000008600924,3.550246,0.720023443,0.755,0.5,1.0,1.0
wide band gap insulating MOFs with low density,q5_insulating_frameworks,51,TOPSIS,1,qmof-e3dcc4d,Zn6C48H60N24,1|1|1|1,0.78925,0.7930768560552011,0.0,,0.78925,1.000457999992932,5.279321,0.917677932,0.755,0.5,1.0,1.0
wide band gap insulating MOFs with low density,q5_insulating_frameworks,51,TOPSIS,2,qmof-c82daac,Al2Li2C40H46N6O4,1|1|1|1,0.78925,0.7930768560552011,0.028969146794849437,,0.78925,1.000457999992932,4.047188,0.954866212,0.755,0.5,1.0,1.0
wide band gap insulating MOFs with low density,q5_insulating_frameworks,51,TOPSIS,3,qmof-b1cbe7a,Fe2C24H16N8,1|1|1|1,0.78925,0.7930768560552011,0.033572801739611455,,0.78925,1.000457999992932,3.528396,0.685538233,0.755,0.5,1.0,1.0
wide band gap insulating MOFs with low density,q5_insulating_frameworks,51,TOPSIS,4,qmof-a2d95c3,Zn8C48H24O26,1|1|1|1,0.78925,0.7930768560552011,0.02924677289371737,,0.78925,1.000457999992932,4.650938,0.57861881,0.755,0.5,1.0,1.0
wide band gap insulating MOFs with low density,q5_insulating_frameworks,51,TOPSIS,5,qmof-8deddd1,Zn6C42H18O18,1|1|1|1,0.78925,0.7930768560552011,0.027198422210623963,,0.78925,1.000457999992932,3.550246,0.720023443,0.755,0.5,1.0,1.0
wide band gap insulating MOFs with low density,q5_insulating_frameworks,51,ParetoCrowding,1,qmof-a2d95c3,Zn8C48H24O26,1|1|1|1,0.78925,0.7930768560552011,0.0,,0.78925,215.4102499999908,4.650938,0.57861881,0.755,0.5,1.0,1.0
wide band gap insulating MOFs with low density,q5_insulating_frameworks,51,ParetoCrowding,2,qmof-b1cbe7a,Fe2C24H16N8,1|1|1|1,0.78925,0.7930768560552011,0.03239239420527272,,0.78925,215.4102499999908,3.528396,0.685538233,0.755,0.5,1.0,1.0
wide band gap insulating MOFs with low density,q5_insulating_frameworks,51,ParetoCrowding,3,qmof-175a5d9,Fe6C42Cl6H12N18O12,1|1|1|1,0.78925,0.7930768560552011,0.025311591694601086,,0.78925,215.4102499999908,3.544636,0.750832979,0.755,0.5,1.0,1.0
wide band gap insulating MOFs with low density,q5_insulating_frameworks,51,ParetoCrowding,4,qmof-8deddd1,Zn6C42H18O18,1|1|1|1,0.78925,0.7930768560552011,0.019891985183736558,,0.78925,215.4102499999908,3.550246,0.720023443,0.755,0.5,1.0,1.0
wide band gap insulating MOFs with low density,q5_insulating_frameworks,51,ParetoCrowding,5,qmof-017128d,Zn6C48H60N24,1|1|1|1,0.78925,0.7930768560552011,0.03904025601971238,,0.78925,215.4102499999908,5.310987,0.913433658,0.755,0.5,1.0,1.0
wide band gap insulating MOFs with low density,q5_insulating_frameworks,51,Random,1,qmof-1102a03,Zn4C56H48N20O12,1|1|1|1,0.66925,0.9028290809964216,0.0,,0.66925,0.045540999991544595,3.890088,1.783481404,0.755,0.5,0.7,0.7
wide band gap insulating MOFs with low density,q5_insulating_frameworks,51,Random,2,qmof-017128d,Zn6C48H60N24,1|1|1|1,0.78925,0.7930768560552011,0.039119272124341076,,0.78925,0.045540999991544595,5.310987,0.913433658,0.755,0.5,1.0,1.0
wide band gap insulating MOFs with low density,q5_insulating_frameworks,51,Random,3,qmof-f689494,Cd4C56H40N16O12,1|1|1|1,0.66925,0.9028290809964216,0.0254719304467907,,0.66925,0.045540999991544595,3.955084,1.993375953,0.755,0.5,0.7,0.7
wide band gap insulating MOFs with low density,q5_insulating_frameworks,51,Random,4,qmof-ba852ff,Cd2C44H52I4N8,1|1|1|1,0.66925,0.9028290809964216,0.022327804611099122,,0.66925,0.045540999991544595,4.309753,1.904434339,0.755,0.5,0.7,0.7
wide band gap insulating MOFs with low density,q5_insulating_frameworks,51,Random,5,qmof-94dd3be,Zn2C28H24N4O8,1|1|1|1,0.66925,0.9028290809964216,0.02474643080706845,,0.66925,0.045540999991544595,4.255752,1.798806564,0.755,0.5,0.7,0.7
wide band gap insulating MOFs with low density,q5_insulating_frameworks,51,MMR,1,qmof-175a5d9,Fe6C42Cl6H12N18O12,1|1|1|1,0.78925,0.7930768560552011,0.0,,0.78925,2127.1924170000034,3.544636,0.750832979,0.755,0.5,1.0,1.0
wide band gap insulating MOFs with low density,q5_insulating_frameworks,51,MMR,2,qmof-017128d,Zn6C48H60N24,1|1|1|1,0.78925,0.7930768560552011,0.042086023297900926,,0.78925,2127.1924170000034,5.310987,0.913433658,0.755,0.5,1.0,1.0
wide band gap insulating MOFs with low density,q5_insulating_frameworks,51,MMR,3,qmof-694fdb2,Na4C52H80N4O8,1|1|1|1,0.78925,0.7930768560552011,0.03314695827710052,,0.78925,2127.1924170000034,3.600195,0.918885408,0.755,0.5,1.0,1.0
wide band gap insulating MOFs with low density,q5_insulating_frameworks,51,MMR,4,qmof-a2d95c3,Zn8C48H24O26,1|1|1|1,0.78925,0.7930768560552011,0.03033843039450822,,0.78925,2127.1924170000034,4.650938,0.57861881,0.755,0.5,1.0,1.0
wide band gap insulating MOFs with low density,q5_insulating_frameworks,51,MMR,5,qmof-b1cbe7a,Fe2C24H16N8,1|1|1|1,0.78925,0.7930768560552011,0.032830759662898196,,0.78925,2127.1924170000034,3.528396,0.685538233,0.755,0.5,1.0,1.0
wide band gap insulating MOFs with low density,q5_insulating_frameworks,51,LEA,1,qmof-175a5d9,Fe6C42Cl6H12N18O12,1|1|1|1,0.78925,0.7930768560552011,0.0,,0.8685576856055202,81.37837499998568,3.544636,0.750832979,0.755,0.5,1.0,1.0
wide band gap insulating MOFs with low density,q5_insulating_frameworks,51,LEA,2,qmof-017128d,Zn6C48H60N24,1|1|1|1,0.78925,0.7930768560552011,0.042086023297900926,,0.8251287848634321,81.37837499998568,5.310987,0.913433658,0.755,0.5,1.0,1.0
wide band gap insulating MOFs with low density,q5_insulating_frameworks,51,LEA,3,qmof-e3dcc4d,Zn6C48H60N24,1|1|1|1,0.78925,0.7930768560552011,0.021122580217481205,,0.8250693233886376,81.37837499998568,5.279321,0.917677932,0.755,0.5,1.0,1.0
wide band gap insulating MOFs with low density,q5_insulating_frameworks,51,LEA,4,qmof-a2d95c3,Zn8C48H24O26,1|1|1|1,0.78925,0.7930768560552011,0.02809155233451807,,0.8242723938271485,81.37837499998568,4.650938,0.57861881,0.755,0.5,1.0,1.0
wide band gap insulating MOFs with low density,q5_insulating_frameworks,51,LEA,5,qmof-694fdb2,Na4C52H80N4O8,1|1|1|1,0.78925,0.7930768560552011,0.03381093248398448,,0.8242335924451969,81.37837499998568,3.600195,0.918885408,0.755,0.5,1.0,1.0
wide band gap insulating MOFs with low density,q5_insulating_frameworks,51,LEA no diversity,1,qmof-175a5d9,Fe6C42Cl6H12N18O12,1|1|1|1,0.78925,0.7930768560552011,0.0,,0.8685576856055202,83.57591699996192,3.544636,0.750832979,0.755,0.5,1.0,1.0
wide band gap insulating MOFs with low density,q5_insulating_frameworks,51,LEA no diversity,2,qmof-017128d,Zn6C48H60N24,1|1|1|1,0.78925,0.7930768560552011,0.042086023297900926,,0.820716070753883,83.57591699996192,5.310987,0.913433658,0.755,0.5,1.0,1.0
wide band gap insulating MOFs with low density,q5_insulating_frameworks,51,LEA no diversity,3,qmof-e3dcc4d,Zn6C48H60N24,1|1|1|1,0.78925,0.7930768560552011,0.021122580217481205,,0.8206968263758433,83.57591699996192,5.279321,0.917677932,0.755,0.5,1.0,1.0
wide band gap insulating MOFs with low density,q5_insulating_frameworks,51,LEA no diversity,4,qmof-a2d95c3,Zn8C48H24O26,1|1|1|1,0.78925,0.7930768560552011,0.02809155233451807,,0.8204383992767303,83.57591699996192,4.650938,0.57861881,0.755,0.5,1.0,1.0
wide band gap insulating MOFs with low density,q5_insulating_frameworks,51,LEA no diversity,5,qmof-694fdb2,Na4C52H80N4O8,1|1|1|1,0.78925,0.7930768560552011,0.03381093248398448,,0.820425792816358,83.57591699996192,3.600195,0.918885408,0.755,0.5,1.0,1.0
wide band gap insulating MOFs with low density,q5_insulating_frameworks,51,LEA no self-cleaning,1,qmof-175a5d9,Fe6C42Cl6H12N18O12,1|1|1|1,0.78925,0.7930768560552011,0.0,,0.8685576856055202,84.79737499999374,3.544636,0.750832979,0.755,0.5,1.0,1.0
wide band gap insulating MOFs with low density,q5_insulating_frameworks,51,LEA no self-cleaning,2,qmof-017128d,Zn6C48H60N24,1|1|1|1,0.78925,0.7930768560552011,0.042086023297900926,,0.8251287848634321,84.79737499999374,5.310987,0.913433658,0.755,0.5,1.0,1.0
wide band gap insulating MOFs with low density,q5_insulating_frameworks,51,LEA no self-cleaning,3,qmof-e3dcc4d,Zn6C48H60N24,1|1|1|1,0.78925,0.7930768560552011,0.021122580217481205,,0.8250693233886376,84.79737499999374,5.279321,0.917677932,0.755,0.5,1.0,1.0
wide band gap insulating MOFs with low density,q5_insulating_frameworks,51,LEA no self-cleaning,4,qmof-a2d95c3,Zn8C48H24O26,1|1|1|1,0.78925,0.7930768560552011,0.02809155233451807,,0.8242723938271485,84.79737499999374,4.650938,0.57861881,0.755,0.5,1.0,1.0
wide band gap insulating MOFs with low density,q5_insulating_frameworks,51,LEA no self-cleaning,5,qmof-694fdb2,Na4C52H80N4O8,1|1|1|1,0.78925,0.7930768560552011,0.03381093248398448,,0.8242335924451969,84.79737499999374,3.600195,0.918885408,0.755,0.5,1.0,1.0
wide band gap insulating MOFs with low density,q5_insulating_frameworks,51,GraphSAGE only,1,qmof-a2d95c3,Zn8C48H24O26,1|1|1|1,0.78925,0.7930768560552011,0.0,0.30943377792924526,0.78925,0.03770899996879962,4.650938,0.57861881,0.755,0.5,1.0,1.0
wide band gap insulating MOFs with low density,q5_insulating_frameworks,51,GraphSAGE only,2,qmof-175a5d9,Fe6C42Cl6H12N18O12,1|1|1|1,0.78925,0.7930768560552011,0.02813445479568932,0.303062526575,0.78925,0.03770899996879962,3.544636,0.750832979,0.755,0.5,1.0,1.0
wide band gap insulating MOFs with low density,q5_insulating_frameworks,51,GraphSAGE only,3,qmof-8deddd1,Zn6C42H18O18,1|1|1|1,0.78925,0.7930768560552011,0.02034151149166709,0.295998241775,0.78925,0.03770899996879962,3.550246,0.720023443,0.755,0.5,1.0,1.0
wide band gap insulating MOFs with low density,q5_insulating_frameworks,51,GraphSAGE only,4,qmof-b1cbe7a,Fe2C24H16N8,1|1|1|1,0.78925,0.7930768560552011,0.024624685122220356,0.276584632525,0.78925,0.03770899996879962,3.528396,0.685538233,0.755,0.5,1.0,1.0
wide band gap insulating MOFs with low density,q5_insulating_frameworks,51,GraphSAGE only,5,qmof-4050181,Li4C28H32N4O8,1|1|1|1,0.78925,0.7930768560552011,0.031228069970359464,0.2666271969881579,0.78925,0.03770899996879962,5.066465,0.936198777,0.755,0.5,1.0,1.0
wide band gap insulating MOFs with low density,q5_insulating_frameworks,51,GAT only,1,qmof-a2d95c3,Zn8C48H24O26,1|1|1|1,0.78925,0.7930768560552011,0.0,0.5268548685259433,0.78925,0.03395800001726457,4.650938,0.57861881,0.755,0.5,1.0,1.0
wide band gap insulating MOFs with low density,q5_insulating_frameworks,51,GAT only,2,qmof-4050181,Li4C28H32N4O8,1|1|1|1,0.78925,0.7930768560552011,0.022121013280985487,0.5151717869638158,0.78925,0.03395800001726457,5.066465,0.936198777,0.755,0.5,1.0,1.0
wide band gap insulating MOFs with low density,q5_insulating_frameworks,51,GAT only,3,qmof-017128d,Zn6C48H60N24,1|1|1|1,0.78925,0.7930768560552011,0.024522805876265843,0.5124756137663043,0.78925,0.03395800001726457,5.310987,0.913433658,0.755,0.5,1.0,1.0
wide band gap insulating MOFs with low density,q5_insulating_frameworks,51,GAT only,4,qmof-e3dcc4d,Zn6C48H60N24,1|1|1|1,0.78925,0.7930768560552011,0.016439629562600946,0.5122103466413044,0.78925,0.03395800001726457,5.279321,0.917677932,0.755,0.5,1.0,1.0
wide band gap insulating MOFs with low density,q5_insulating_frameworks,51,GAT only,5,qmof-3133aaf,Zn4C64H48N8O16,1|1|1|1,0.78925,0.7930768560552011,0.02052665090323501,0.47370207373214285,0.78925,0.03395800001726457,4.523716,0.969248466,0.755,0.5,1.0,1.0
wide band gap insulating MOFs with low density,q5_insulating_frameworks,51,LEA + GraphSAGE,1,qmof-a2d95c3,Zn8C48H24O26,1|1|1|1,0.78925,0.7930768560552011,0.0,0.30943377792924526,0.7899010573620465,83.45504200002551,4.650938,0.57861881,0.755,0.5,1.0,1.0
wide band gap insulating MOFs with low density,q5_insulating_frameworks,51,LEA + GraphSAGE,2,qmof-175a5d9,Fe6C42Cl6H12N18O12,1|1|1|1,0.78925,0.7930768560552011,0.02813445479568932,0.303062526575,0.7887570424581453,83.45504200002551,3.544636,0.750832979,0.755,0.5,1.0,1.0
wide band gap insulating MOFs with low density,q5_insulating_frameworks,51,LEA + GraphSAGE,3,qmof-8deddd1,Zn6C42H18O18,1|1|1|1,0.78925,0.7930768560552011,0.02034151149166709,0.295998241775,0.7874873462928924,83.45504200002551,3.550246,0.720023443,0.755,0.5,1.0,1.0
wide band gap insulating MOFs with low density,q5_insulating_frameworks,51,LEA + GraphSAGE,4,qmof-b1cbe7a,Fe2C24H16N8,1|1|1|1,0.78925,0.7930768560552011,0.024624685122220356,0.276584632525,0.7839915610748575,83.45504200002551,3.528396,0.685538233,0.755,0.5,1.0,1.0
wide band gap insulating MOFs with low density,q5_insulating_frameworks,51,LEA + GraphSAGE,5,qmof-4050181,Li4C28H32N4O8,1|1|1|1,0.78925,0.7930768560552011,0.031228069970359464,0.2666271969881579,0.782194987154903,83.45504200002551,5.066465,0.936198777,0.755,0.5,1.0,1.0
wide band gap insulating MOFs with low density,q5_insulating_frameworks,51,LEA + GAT,1,qmof-a2d95c3,Zn8C48H24O26,1|1|1|1,0.78925,0.7930768560552011,0.0,0.5268548685259433,0.8281138708556041,82.78000000001384,4.650938,0.57861881,0.755,0.5,1.0,1.0
wide band gap insulating MOFs with low density,q5_insulating_frameworks,51,LEA + GAT,2,qmof-4050181,Li4C28H32N4O8,1|1|1|1,0.78925,0.7930768560552011,0.022121013280985487,0.5151717869638158,0.8261115610986894,82.78000000001384,5.066465,0.936198777,0.755,0.5,1.0,1.0
wide band gap insulating MOFs with low density,q5_insulating_frameworks,51,LEA + GAT,3,qmof-017128d,Zn6C48H60N24,1|1|1|1,0.78925,0.7930768560552011,0.024522805876265843,0.5124756137663043,0.8256484733951501,82.78000000001384,5.310987,0.913433658,0.755,0.5,1.0,1.0
wide band gap insulating MOFs with low density,q5_insulating_frameworks,51,LEA + GAT,4,qmof-e3dcc4d,Zn6C48H60N24,1|1|1|1,0.78925,0.7930768560552011,0.016439629562600946,0.5122103466413044,0.8256028917714294,82.78000000001384,5.279321,0.917677932,0.755,0.5,1.0,1.0
wide band gap insulating MOFs with low density,q5_insulating_frameworks,51,LEA + GAT,5,qmof-3133aaf,Zn4C64H48N8O16,1|1|1|1,0.78925,0.7930768560552011,0.02052665090323501,0.47370207373214285,0.8189493621036008,82.78000000001384,4.523716,0.969248466,0.755,0.5,1.0,1.0
