artifact,source_file,script,configuration,candidate_pool,query,seed,method,metric_definition,notes
aggregate_metrics.csv,artifacts/final_masked_protocol_before_diversity_revision/aggregate_metrics.csv,scripts/run_final_mask_aware_protocol.py,configs/final_mask_aware_protocol.json,shared pool100 where applicable,,,,masked active objective-score distance,preserved before diversity revision
candidate_pool_sensitivity.csv,artifacts/final_masked_protocol_before_diversity_revision/candidate_pool_sensitivity.csv,scripts/run_final_mask_aware_protocol.py,configs/final_mask_aware_protocol.json,shared pool100 where applicable,,,,masked active objective-score distance,preserved before diversity revision
q1_co2_adsorption_seed42_pool100.csv,artifacts/final_masked_protocol_before_diversity_revision/candidate_pools/q1_co2_adsorption_seed42_pool100.csv,scripts/run_final_mask_aware_protocol.py,configs/final_mask_aware_protocol.json,shared pool100 where applicable,,,,masked active objective-score distance,preserved before diversity revision
q1_co2_adsorption_seed43_pool100.csv,artifacts/final_masked_protocol_before_diversity_revision/candidate_pools/q1_co2_adsorption_seed43_pool100.csv,scripts/run_final_mask_aware_protocol.py,configs/final_mask_aware_protocol.json,shared pool100 where applicable,,,,masked active objective-score distance,preserved before diversity revision
q1_co2_adsorption_seed44_pool100.csv,artifacts/final_masked_protocol_before_diversity_revision/candidate_pools/q1_co2_adsorption_seed44_pool100.csv,scripts/run_final_mask_aware_protocol.py,configs/final_mask_aware_protocol.json,shared pool100 where applicable,,,,masked active objective-score distance,preserved before diversity revision
q1_co2_adsorption_seed45_pool100.csv,artifacts/final_masked_protocol_before_diversity_revision/candidate_pools/q1_co2_adsorption_seed45_pool100.csv,scripts/run_final_mask_aware_protocol.py,configs/final_mask_aware_protocol.json,shared pool100 where applicable,,,,masked active objective-score distance,preserved before diversity revision
q1_co2_adsorption_seed46_pool100.csv,artifacts/final_masked_protocol_before_diversity_revision/candidate_pools/q1_co2_adsorption_seed46_pool100.csv,scripts/run_final_mask_aware_protocol.py,configs/final_mask_aware_protocol.json,shared pool100 where applicable,,,,masked active objective-score distance,preserved before diversity revision
q1_co2_adsorption_seed47_pool100.csv,artifacts/final_masked_protocol_before_diversity_revision/candidate_pools/q1_co2_adsorption_seed47_pool100.csv,scripts/run_final_mask_aware_protocol.py,configs/final_mask_aware_protocol.json,shared pool100 where applicable,,,,masked active objective-score distance,preserved before diversity revision
q1_co2_adsorption_seed48_pool100.csv,artifacts/final_masked_protocol_before_diversity_revision/candidate_pools/q1_co2_adsorption_seed48_pool100.csv,scripts/run_final_mask_aware_protocol.py,configs/final_mask_aware_protocol.json,shared pool100 where applicable,,,,masked active objective-score distance,preserved before diversity revision
q1_co2_adsorption_seed49_pool100.csv,artifacts/final_masked_protocol_before_diversity_revision/candidate_pools/q1_co2_adsorption_seed49_pool100.csv,scripts/run_final_mask_aware_protocol.py,configs/final_mask_aware_protocol.json,shared pool100 where applicable,,,,masked active objective-score distance,preserved before diversity revision
q1_co2_adsorption_seed50_pool100.csv,artifacts/final_masked_protocol_before_diversity_revision/candidate_pools/q1_co2_adsorption_seed50_pool100.csv,scripts/run_final_mask_aware_protocol.py,configs/final_mask_aware_protocol.json,shared pool100 where applicable,,,,masked active objective-score distance,preserved before diversity revision
q1_co2_adsorption_seed51_pool100.csv,artifacts/final_masked_protocol_before_diversity_revision/candidate_pools/q1_co2_adsorption_seed51_pool100.csv,scripts/run_final_mask_aware_protocol.py,configs/final_mask_aware_protocol.json,shared pool100 where applicable,,,,masked active objective-score distance,preserved before diversity revision
q2_photocatalysis_seed42_pool100.csv,artifacts/final_masked_protocol_before_diversity_revision/candidate_pools/q2_photocatalysis_seed42_pool100.csv,scripts/run_final_mask_aware_protocol.py,configs/final_mask_aware_protocol.json,shared pool100 where applicable,,,,masked active objective-score distance,preserved before diversity revision
q2_photocatalysis_seed43_pool100.csv,artifacts/final_masked_protocol_before_diversity_revision/candidate_pools/q2_photocatalysis_seed43_pool100.csv,scripts/run_final_mask_aware_protocol.py,configs/final_mask_aware_protocol.json,shared pool100 where applicable,,,,masked active objective-score distance,preserved before diversity revision
q2_photocatalysis_seed44_pool100.csv,artifacts/final_masked_protocol_before_diversity_revision/candidate_pools/q2_photocatalysis_seed44_pool100.csv,scripts/run_final_mask_aware_protocol.py,configs/final_mask_aware_protocol.json,shared pool100 where applicable,,,,masked active objective-score distance,preserved before diversity revision
q2_photocatalysis_seed45_pool100.csv,artifacts/final_masked_protocol_before_diversity_revision/candidate_pools/q2_photocatalysis_seed45_pool100.csv,scripts/run_final_mask_aware_protocol.py,configs/final_mask_aware_protocol.json,shared pool100 where applicable,,,,masked active objective-score distance,preserved before diversity revision
q2_photocatalysis_seed46_pool100.csv,artifacts/final_masked_protocol_before_diversity_revision/candidate_pools/q2_photocatalysis_seed46_pool100.csv,scripts/run_final_mask_aware_protocol.py,configs/final_mask_aware_protocol.json,shared pool100 where applicable,,,,masked active objective-score distance,preserved before diversity revision
q2_photocatalysis_seed47_pool100.csv,artifacts/final_masked_protocol_before_diversity_revision/candidate_pools/q2_photocatalysis_seed47_pool100.csv,scripts/run_final_mask_aware_protocol.py,configs/final_mask_aware_protocol.json,shared pool100 where applicable,,,,masked active objective-score distance,preserved before diversity revision
q2_photocatalysis_seed48_pool100.csv,artifacts/final_masked_protocol_before_diversity_revision/candidate_pools/q2_photocatalysis_seed48_pool100.csv,scripts/run_final_mask_aware_protocol.py,configs/final_mask_aware_protocol.json,shared pool100 where applicable,,,,masked active objective-score distance,preserved before diversity revision
q2_photocatalysis_seed49_pool100.csv,artifacts/final_masked_protocol_before_diversity_revision/candidate_pools/q2_photocatalysis_seed49_pool100.csv,scripts/run_final_mask_aware_protocol.py,configs/final_mask_aware_protocol.json,shared pool100 where applicable,,,,masked active objective-score distance,preserved before diversity revision
q2_photocatalysis_seed50_pool100.csv,artifacts/final_masked_protocol_before_diversity_revision/candidate_pools/q2_photocatalysis_seed50_pool100.csv,scripts/run_final_mask_aware_protocol.py,configs/final_mask_aware_protocol.json,shared pool100 where applicable,,,,masked active objective-score distance,preserved before diversity revision
q2_photocatalysis_seed51_pool100.csv,artifacts/final_masked_protocol_before_diversity_revision/candidate_pools/q2_photocatalysis_seed51_pool100.csv,scripts/run_final_mask_aware_protocol.py,configs/final_mask_aware_protocol.json,shared pool100 where applicable,,,,masked active objective-score distance,preserved before diversity revision
q3_lightweight_storage_seed42_pool100.csv,artifacts/final_masked_protocol_before_diversity_revision/candidate_pools/q3_lightweight_storage_seed42_pool100.csv,scripts/run_final_mask_aware_protocol.py,configs/final_mask_aware_protocol.json,shared pool100 where applicable,,,,masked active objective-score distance,preserved before diversity revision
q3_lightweight_storage_seed43_pool100.csv,artifacts/final_masked_protocol_before_diversity_revision/candidate_pools/q3_lightweight_storage_seed43_pool100.csv,scripts/run_final_mask_aware_protocol.py,configs/final_mask_aware_protocol.json,shared pool100 where applicable,,,,masked active objective-score distance,preserved before diversity revision
q3_lightweight_storage_seed44_pool100.csv,artifacts/final_masked_protocol_before_diversity_revision/candidate_pools/q3_lightweight_storage_seed44_pool100.csv,scripts/run_final_mask_aware_protocol.py,configs/final_mask_aware_protocol.json,shared pool100 where applicable,,,,masked active objective-score distance,preserved before diversity revision
q3_lightweight_storage_seed45_pool100.csv,artifacts/final_masked_protocol_before_diversity_revision/candidate_pools/q3_lightweight_storage_seed45_pool100.csv,scripts/run_final_mask_aware_protocol.py,configs/final_mask_aware_protocol.json,shared pool100 where applicable,,,,masked active objective-score distance,preserved before diversity revision
q3_lightweight_storage_seed46_pool100.csv,artifacts/final_masked_protocol_before_diversity_revision/candidate_pools/q3_lightweight_storage_seed46_pool100.csv,scripts/run_final_mask_aware_protocol.py,configs/final_mask_aware_protocol.json,shared pool100 where applicable,,,,masked active objective-score distance,preserved before diversity revision
q3_lightweight_storage_seed47_pool100.csv,artifacts/final_masked_protocol_before_diversity_revision/candidate_pools/q3_lightweight_storage_seed47_pool100.csv,scripts/run_final_mask_aware_protocol.py,configs/final_mask_aware_protocol.json,shared pool100 where applicable,,,,masked active objective-score distance,preserved before diversity revision
q3_lightweight_storage_seed48_pool100.csv,artifacts/final_masked_protocol_before_diversity_revision/candidate_pools/q3_lightweight_storage_seed48_pool100.csv,scripts/run_final_mask_aware_protocol.py,configs/final_mask_aware_protocol.json,shared pool100 where applicable,,,,masked active objective-score distance,preserved before diversity revision
q3_lightweight_storage_seed49_pool100.csv,artifacts/final_masked_protocol_before_diversity_revision/candidate_pools/q3_lightweight_storage_seed49_pool100.csv,scripts/run_final_mask_aware_protocol.py,configs/final_mask_aware_protocol.json,shared pool100 where applicable,,,,masked active objective-score distance,preserved before diversity revision
q3_lightweight_storage_seed50_pool100.csv,artifacts/final_masked_protocol_before_diversity_revision/candidate_pools/q3_lightweight_storage_seed50_pool100.csv,scripts/run_final_mask_aware_protocol.py,configs/final_mask_aware_protocol.json,shared pool100 where applicable,,,,masked active objective-score distance,preserved before diversity revision
q3_lightweight_storage_seed51_pool100.csv,artifacts/final_masked_protocol_before_diversity_revision/candidate_pools/q3_lightweight_storage_seed51_pool100.csv,scripts/run_final_mask_aware_protocol.py,configs/final_mask_aware_protocol.json,shared pool100 where applicable,,,,masked active objective-score distance,preserved before diversity revision
q4_balanced_discovery_seed42_pool100.csv,artifacts/final_masked_protocol_before_diversity_revision/candidate_pools/q4_balanced_discovery_seed42_pool100.csv,scripts/run_final_mask_aware_protocol.py,configs/final_mask_aware_protocol.json,shared pool100 where applicable,,,,masked active objective-score distance,preserved before diversity revision
q4_balanced_discovery_seed43_pool100.csv,artifacts/final_masked_protocol_before_diversity_revision/candidate_pools/q4_balanced_discovery_seed43_pool100.csv,scripts/run_final_mask_aware_protocol.py,configs/final_mask_aware_protocol.json,shared pool100 where applicable,,,,masked active objective-score distance,preserved before diversity revision
q4_balanced_discovery_seed44_pool100.csv,artifacts/final_masked_protocol_before_diversity_revision/candidate_pools/q4_balanced_discovery_seed44_pool100.csv,scripts/run_final_mask_aware_protocol.py,configs/final_mask_aware_protocol.json,shared pool100 where applicable,,,,masked active objective-score distance,preserved before diversity revision
q4_balanced_discovery_seed45_pool100.csv,artifacts/final_masked_protocol_before_diversity_revision/candidate_pools/q4_balanced_discovery_seed45_pool100.csv,scripts/run_final_mask_aware_protocol.py,configs/final_mask_aware_protocol.json,shared pool100 where applicable,,,,masked active objective-score distance,preserved before diversity revision
q4_balanced_discovery_seed46_pool100.csv,artifacts/final_masked_protocol_before_diversity_revision/candidate_pools/q4_balanced_discovery_seed46_pool100.csv,scripts/run_final_mask_aware_protocol.py,configs/final_mask_aware_protocol.json,shared pool100 where applicable,,,,masked active objective-score distance,preserved before diversity revision
q4_balanced_discovery_seed47_pool100.csv,artifacts/final_masked_protocol_before_diversity_revision/candidate_pools/q4_balanced_discovery_seed47_pool100.csv,scripts/run_final_mask_aware_protocol.py,configs/final_mask_aware_protocol.json,shared pool100 where applicable,,,,masked active objective-score distance,preserved before diversity revision
q4_balanced_discovery_seed48_pool100.csv,artifacts/final_masked_protocol_before_diversity_revision/candidate_pools/q4_balanced_discovery_seed48_pool100.csv,scripts/run_final_mask_aware_protocol.py,configs/final_mask_aware_protocol.json,shared pool100 where applicable,,,,masked active objective-score distance,preserved before diversity revision
q4_balanced_discovery_seed49_pool100.csv,artifacts/final_masked_protocol_before_diversity_revision/candidate_pools/q4_balanced_discovery_seed49_pool100.csv,scripts/run_final_mask_aware_protocol.py,configs/final_mask_aware_protocol.json,shared pool100 where applicable,,,,masked active objective-score distance,preserved before diversity revision
q4_balanced_discovery_seed50_pool100.csv,artifacts/final_masked_protocol_before_diversity_revision/candidate_pools/q4_balanced_discovery_seed50_pool100.csv,scripts/run_final_mask_aware_protocol.py,configs/final_mask_aware_protocol.json,shared pool100 where applicable,,,,masked active objective-score distance,preserved before diversity revision
q4_balanced_discovery_seed51_pool100.csv,artifacts/final_masked_protocol_before_diversity_revision/candidate_pools/q4_balanced_discovery_seed51_pool100.csv,scripts/run_final_mask_aware_protocol.py,configs/final_mask_aware_protocol.json,shared pool100 where applicable,,,,masked active objective-score distance,preserved before diversity revision
q5_insulating_frameworks_seed42_pool100.csv,artifacts/final_masked_protocol_before_diversity_revision/candidate_pools/q5_insulating_frameworks_seed42_pool100.csv,scripts/run_final_mask_aware_protocol.py,configs/final_mask_aware_protocol.json,shared pool100 where applicable,,,,masked active objective-score distance,preserved before diversity revision
q5_insulating_frameworks_seed43_pool100.csv,artifacts/final_masked_protocol_before_diversity_revision/candidate_pools/q5_insulating_frameworks_seed43_pool100.csv,scripts/run_final_mask_aware_protocol.py,configs/final_mask_aware_protocol.json,shared pool100 where applicable,,,,masked active objective-score distance,preserved before diversity revision
q5_insulating_frameworks_seed44_pool100.csv,artifacts/final_masked_protocol_before_diversity_revision/candidate_pools/q5_insulating_frameworks_seed44_pool100.csv,scripts/run_final_mask_aware_protocol.py,configs/final_mask_aware_protocol.json,shared pool100 where applicable,,,,masked active objective-score distance,preserved before diversity revision
q5_insulating_frameworks_seed45_pool100.csv,artifacts/final_masked_protocol_before_diversity_revision/candidate_pools/q5_insulating_frameworks_seed45_pool100.csv,scripts/run_final_mask_aware_protocol.py,configs/final_mask_aware_protocol.json,shared pool100 where applicable,,,,masked active objective-score distance,preserved before diversity revision
q5_insulating_frameworks_seed46_pool100.csv,artifacts/final_masked_protocol_before_diversity_revision/candidate_pools/q5_insulating_frameworks_seed46_pool100.csv,scripts/run_final_mask_aware_protocol.py,configs/final_mask_aware_protocol.json,shared pool100 where applicable,,,,masked active objective-score distance,preserved before diversity revision
q5_insulating_frameworks_seed47_pool100.csv,artifacts/final_masked_protocol_before_diversity_revision/candidate_pools/q5_insulating_frameworks_seed47_pool100.csv,scripts/run_final_mask_aware_protocol.py,configs/final_mask_aware_protocol.json,shared pool100 where applicable,,,,masked active objective-score distance,preserved before diversity revision
q5_insulating_frameworks_seed48_pool100.csv,artifacts/final_masked_protocol_before_diversity_revision/candidate_pools/q5_insulating_frameworks_seed48_pool100.csv,scripts/run_final_mask_aware_protocol.py,configs/final_mask_aware_protocol.json,shared pool100 where applicable,,,,masked active objective-score distance,preserved before diversity revision
q5_insulating_frameworks_seed49_pool100.csv,artifacts/final_masked_protocol_before_diversity_revision/candidate_pools/q5_insulating_frameworks_seed49_pool100.csv,scripts/run_final_mask_aware_protocol.py,configs/final_mask_aware_protocol.json,shared pool100 where applicable,,,,masked active objective-score distance,preserved before diversity revision
q5_insulating_frameworks_seed50_pool100.csv,artifacts/final_masked_protocol_before_diversity_revision/candidate_pools/q5_insulating_frameworks_seed50_pool100.csv,scripts/run_final_mask_aware_protocol.py,configs/final_mask_aware_protocol.json,shared pool100 where applicable,,,,masked active objective-score distance,preserved before diversity revision
q5_insulating_frameworks_seed51_pool100.csv,artifacts/final_masked_protocol_before_diversity_revision/candidate_pools/q5_insulating_frameworks_seed51_pool100.csv,scripts/run_final_mask_aware_protocol.py,configs/final_mask_aware_protocol.json,shared pool100 where applicable,,,,masked active objective-score distance,preserved before diversity revision
clean_clone_validation.txt,artifacts/final_masked_protocol_before_diversity_revision/clean_clone_validation.txt,scripts/run_final_mask_aware_protocol.py,configs/final_mask_aware_protocol.json,shared pool100 where applicable,,,,masked active objective-score distance,preserved before diversity revision
environment.txt,artifacts/final_masked_protocol_before_diversity_revision/environment.txt,scripts/run_final_mask_aware_protocol.py,configs/final_mask_aware_protocol.json,shared pool100 where applicable,,,,masked active objective-score distance,preserved before diversity revision
figure_4_metric_comparison.png,artifacts/final_masked_protocol_before_diversity_revision/figures/figure_4_metric_comparison.png,scripts/run_final_mask_aware_protocol.py,configs/final_mask_aware_protocol.json,shared pool100 where applicable,,,,masked active objective-score distance,preserved before diversity revision
figure_5_runtime_log.png,artifacts/final_masked_protocol_before_diversity_revision/figures/figure_5_runtime_log.png,scripts/run_final_mask_aware_protocol.py,configs/final_mask_aware_protocol.json,shared pool100 where applicable,,,,masked active objective-score distance,preserved before diversity revision
figure_6_lea_convergence.png,artifacts/final_masked_protocol_before_diversity_revision/figures/figure_6_lea_convergence.png,scripts/run_final_mask_aware_protocol.py,configs/final_mask_aware_protocol.json,shared pool100 where applicable,,,,masked active objective-score distance,preserved before diversity revision
figure_7_active_objective_radar.png,artifacts/final_masked_protocol_before_diversity_revision/figures/figure_7_active_objective_radar.png,scripts/run_final_mask_aware_protocol.py,configs/final_mask_aware_protocol.json,shared pool100 where applicable,,,,masked active objective-score distance,preserved before diversity revision
figure_s_candidate_pool_sensitivity.png,artifacts/final_masked_protocol_before_diversity_revision/figures/figure_s_candidate_pool_sensitivity.png,scripts/run_final_mask_aware_protocol.py,configs/final_mask_aware_protocol.json,shared pool100 where applicable,,,,masked active objective-score distance,preserved before diversity revision
final_mask_aware_protocol.json,artifacts/final_masked_protocol_before_diversity_revision/final_mask_aware_protocol.json,scripts/run_final_mask_aware_protocol.py,configs/final_mask_aware_protocol.json,shared pool100 where applicable,,,,masked active objective-score distance,preserved before diversity revision
lea_convergence.csv,artifacts/final_masked_protocol_before_diversity_revision/lea_convergence.csv,scripts/run_final_mask_aware_protocol.py,configs/final_mask_aware_protocol.json,shared pool100 where applicable,,,,masked active objective-score distance,preserved before diversity revision
metrics_per_query_seed.csv,artifacts/final_masked_protocol_before_diversity_revision/metrics_per_query_seed.csv,scripts/run_final_mask_aware_protocol.py,configs/final_mask_aware_protocol.json,shared pool100 where applicable,,,,masked active objective-score distance,preserved before diversity revision
query_stratified_results.csv,artifacts/final_masked_protocol_before_diversity_revision/query_stratified_results.csv,scripts/run_final_mask_aware_protocol.py,configs/final_mask_aware_protocol.json,shared pool100 where applicable,,,,masked active objective-score distance,preserved before diversity revision
q1_co2_adsorption_seed42_GAT_only.csv,artifacts/final_masked_protocol_before_diversity_revision/rankings/q1_co2_adsorption_seed42_GAT_only.csv,scripts/run_final_mask_aware_protocol.py,configs/final_mask_aware_protocol.json,shared pool100 where applicable,,,,masked active objective-score distance,preserved before diversity revision
q1_co2_adsorption_seed42_GraphSAGE_only.csv,artifacts/final_masked_protocol_before_diversity_revision/rankings/q1_co2_adsorption_seed42_GraphSAGE_only.csv,scripts/run_final_mask_aware_protocol.py,configs/final_mask_aware_protocol.json,shared pool100 where applicable,,,,masked active objective-score distance,preserved before diversity revision
q1_co2_adsorption_seed42_LEA.csv,artifacts/final_masked_protocol_before_diversity_revision/rankings/q1_co2_adsorption_seed42_LEA.csv,scripts/run_final_mask_aware_protocol.py,configs/final_mask_aware_protocol.json,shared pool100 where applicable,,,,masked active objective-score distance,preserved before diversity revision
q1_co2_adsorption_seed42_LEA_no_diversity.csv,artifacts/final_masked_protocol_before_diversity_revision/rankings/q1_co2_adsorption_seed42_LEA_no_diversity.csv,scripts/run_final_mask_aware_protocol.py,configs/final_mask_aware_protocol.json,shared pool100 where applicable,,,,masked active objective-score distance,preserved before diversity revision
q1_co2_adsorption_seed42_LEA_no_self-cleaning.csv,artifacts/final_masked_protocol_before_diversity_revision/rankings/q1_co2_adsorption_seed42_LEA_no_self-cleaning.csv,scripts/run_final_mask_aware_protocol.py,configs/final_mask_aware_protocol.json,shared pool100 where applicable,,,,masked active objective-score distance,preserved before diversity revision
q1_co2_adsorption_seed42_LEA_plus_GAT.csv,artifacts/final_masked_protocol_before_diversity_revision/rankings/q1_co2_adsorption_seed42_LEA_plus_GAT.csv,scripts/run_final_mask_aware_protocol.py,configs/final_mask_aware_protocol.json,shared pool100 where applicable,,,,masked active objective-score distance,preserved before diversity revision
q1_co2_adsorption_seed42_LEA_plus_GraphSAGE.csv,artifacts/final_masked_protocol_before_diversity_revision/rankings/q1_co2_adsorption_seed42_LEA_plus_GraphSAGE.csv,scripts/run_final_mask_aware_protocol.py,configs/final_mask_aware_protocol.json,shared pool100 where applicable,,,,masked active objective-score distance,preserved before diversity revision
q1_co2_adsorption_seed42_MMR.csv,artifacts/final_masked_protocol_before_diversity_revision/rankings/q1_co2_adsorption_seed42_MMR.csv,scripts/run_final_mask_aware_protocol.py,configs/final_mask_aware_protocol.json,shared pool100 where applicable,,,,masked active objective-score distance,preserved before diversity revision
q1_co2_adsorption_seed42_ParetoCrowding.csv,artifacts/final_masked_protocol_before_diversity_revision/rankings/q1_co2_adsorption_seed42_ParetoCrowding.csv,scripts/run_final_mask_aware_protocol.py,configs/final_mask_aware_protocol.json,shared pool100 where applicable,,,,masked active objective-score distance,preserved before diversity revision
q1_co2_adsorption_seed42_Random.csv,artifacts/final_masked_protocol_before_diversity_revision/rankings/q1_co2_adsorption_seed42_Random.csv,scripts/run_final_mask_aware_protocol.py,configs/final_mask_aware_protocol.json,shared pool100 where applicable,,,,masked active objective-score distance,preserved before diversity revision
q1_co2_adsorption_seed42_SemanticOnly.csv,artifacts/final_masked_protocol_before_diversity_revision/rankings/q1_co2_adsorption_seed42_SemanticOnly.csv,scripts/run_final_mask_aware_protocol.py,configs/final_mask_aware_protocol.json,shared pool100 where applicable,,,,masked active objective-score distance,preserved before diversity revision
q1_co2_adsorption_seed42_TOPSIS.csv,artifacts/final_masked_protocol_before_diversity_revision/rankings/q1_co2_adsorption_seed42_TOPSIS.csv,scripts/run_final_mask_aware_protocol.py,configs/final_mask_aware_protocol.json,shared pool100 where applicable,,,,masked active objective-score distance,preserved before diversity revision
q1_co2_adsorption_seed42_WeightedSum.csv,artifacts/final_masked_protocol_before_diversity_revision/rankings/q1_co2_adsorption_seed42_WeightedSum.csv,scripts/run_final_mask_aware_protocol.py,configs/final_mask_aware_protocol.json,shared pool100 where applicable,,,,masked active objective-score distance,preserved before diversity revision
q1_co2_adsorption_seed43_GAT_only.csv,artifacts/final_masked_protocol_before_diversity_revision/rankings/q1_co2_adsorption_seed43_GAT_only.csv,scripts/run_final_mask_aware_protocol.py,configs/final_mask_aware_protocol.json,shared pool100 where applicable,,,,masked active objective-score distance,preserved before diversity revision
q1_co2_adsorption_seed43_GraphSAGE_only.csv,artifacts/final_masked_protocol_before_diversity_revision/rankings/q1_co2_adsorption_seed43_GraphSAGE_only.csv,scripts/run_final_mask_aware_protocol.py,configs/final_mask_aware_protocol.json,shared pool100 where applicable,,,,masked active objective-score distance,preserved before diversity revision
q1_co2_adsorption_seed43_LEA.csv,artifacts/final_masked_protocol_before_diversity_revision/rankings/q1_co2_adsorption_seed43_LEA.csv,scripts/run_final_mask_aware_protocol.py,configs/final_mask_aware_protocol.json,shared pool100 where applicable,,,,masked active objective-score distance,preserved before diversity revision
q1_co2_adsorption_seed43_LEA_no_diversity.csv,artifacts/final_masked_protocol_before_diversity_revision/rankings/q1_co2_adsorption_seed43_LEA_no_diversity.csv,scripts/run_final_mask_aware_protocol.py,configs/final_mask_aware_protocol.json,shared pool100 where applicable,,,,masked active objective-score distance,preserved before diversity revision
q1_co2_adsorption_seed43_LEA_no_self-cleaning.csv,artifacts/final_masked_protocol_before_diversity_revision/rankings/q1_co2_adsorption_seed43_LEA_no_self-cleaning.csv,scripts/run_final_mask_aware_protocol.py,configs/final_mask_aware_protocol.json,shared pool100 where applicable,,,,masked active objective-score distance,preserved before diversity revision
q1_co2_adsorption_seed43_LEA_plus_GAT.csv,artifacts/final_masked_protocol_before_diversity_revision/rankings/q1_co2_adsorption_seed43_LEA_plus_GAT.csv,scripts/run_final_mask_aware_protocol.py,configs/final_mask_aware_protocol.json,shared pool100 where applicable,,,,masked active objective-score distance,preserved before diversity revision
q1_co2_adsorption_seed43_LEA_plus_GraphSAGE.csv,artifacts/final_masked_protocol_before_diversity_revision/rankings/q1_co2_adsorption_seed43_LEA_plus_GraphSAGE.csv,scripts/run_final_mask_aware_protocol.py,configs/final_mask_aware_protocol.json,shared pool100 where applicable,,,,masked active objective-score distance,preserved before diversity revision
q1_co2_adsorption_seed43_MMR.csv,artifacts/final_masked_protocol_before_diversity_revision/rankings/q1_co2_adsorption_seed43_MMR.csv,scripts/run_final_mask_aware_protocol.py,configs/final_mask_aware_protocol.json,shared pool100 where applicable,,,,masked active objective-score distance,preserved before diversity revision
q1_co2_adsorption_seed43_ParetoCrowding.csv,artifacts/final_masked_protocol_before_diversity_revision/rankings/q1_co2_adsorption_seed43_ParetoCrowding.csv,scripts/run_final_mask_aware_protocol.py,configs/final_mask_aware_protocol.json,shared pool100 where applicable,,,,masked active objective-score distance,preserved before diversity revision
q1_co2_adsorption_seed43_Random.csv,artifacts/final_masked_protocol_before_diversity_revision/rankings/q1_co2_adsorption_seed43_Random.csv,scripts/run_final_mask_aware_protocol.py,configs/final_mask_aware_protocol.json,shared pool100 where applicable,,,,masked active objective-score distance,preserved before diversity revision
q1_co2_adsorption_seed43_SemanticOnly.csv,artifacts/final_masked_protocol_before_diversity_revision/rankings/q1_co2_adsorption_seed43_SemanticOnly.csv,scripts/run_final_mask_aware_protocol.py,configs/final_mask_aware_protocol.json,shared pool100 where applicable,,,,masked active objective-score distance,preserved before diversity revision
q1_co2_adsorption_seed43_TOPSIS.csv,artifacts/final_masked_protocol_before_diversity_revision/rankings/q1_co2_adsorption_seed43_TOPSIS.csv,scripts/run_final_mask_aware_protocol.py,configs/final_mask_aware_protocol.json,shared pool100 where applicable,,,,masked active objective-score distance,preserved before diversity revision
q1_co2_adsorption_seed43_WeightedSum.csv,artifacts/final_masked_protocol_before_diversity_revision/rankings/q1_co2_adsorption_seed43_WeightedSum.csv,scripts/run_final_mask_aware_protocol.py,configs/final_mask_aware_protocol.json,shared pool100 where applicable,,,,masked active objective-score distance,preserved before diversity revision
q1_co2_adsorption_seed44_GAT_only.csv,artifacts/final_masked_protocol_before_diversity_revision/rankings/q1_co2_adsorption_seed44_GAT_only.csv,scripts/run_final_mask_aware_protocol.py,configs/final_mask_aware_protocol.json,shared pool100 where applicable,,,,masked active objective-score distance,preserved before diversity revision
q1_co2_adsorption_seed44_GraphSAGE_only.csv,artifacts/final_masked_protocol_before_diversity_revision/rankings/q1_co2_adsorption_seed44_GraphSAGE_only.csv,scripts/run_final_mask_aware_protocol.py,configs/final_mask_aware_protocol.json,shared pool100 where applicable,,,,masked active objective-score distance,preserved before diversity revision
q1_co2_adsorption_seed44_LEA.csv,artifacts/final_masked_protocol_before_diversity_revision/rankings/q1_co2_adsorption_seed44_LEA.csv,scripts/run_final_mask_aware_protocol.py,configs/final_mask_aware_protocol.json,shared pool100 where applicable,,,,masked active objective-score distance,preserved before diversity revision
q1_co2_adsorption_seed44_LEA_no_diversity.csv,artifacts/final_masked_protocol_before_diversity_revision/rankings/q1_co2_adsorption_seed44_LEA_no_diversity.csv,scripts/run_final_mask_aware_protocol.py,configs/final_mask_aware_protocol.json,shared pool100 where applicable,,,,masked active objective-score distance,preserved before diversity revision
q1_co2_adsorption_seed44_LEA_no_self-cleaning.csv,artifacts/final_masked_protocol_before_diversity_revision/rankings/q1_co2_adsorption_seed44_LEA_no_self-cleaning.csv,scripts/run_final_mask_aware_protocol.py,configs/final_mask_aware_protocol.json,shared pool100 where applicable,,,,masked active objective-score distance,preserved before diversity revision
q1_co2_adsorption_seed44_LEA_plus_GAT.csv,artifacts/final_masked_protocol_before_diversity_revision/rankings/q1_co2_adsorption_seed44_LEA_plus_GAT.csv,scripts/run_final_mask_aware_protocol.py,configs/final_mask_aware_protocol.json,shared pool100 where applicable,,,,masked active objective-score distance,preserved before diversity revision
q1_co2_adsorption_seed44_LEA_plus_GraphSAGE.csv,artifacts/final_masked_protocol_before_diversity_revision/rankings/q1_co2_adsorption_seed44_LEA_plus_GraphSAGE.csv,scripts/run_final_mask_aware_protocol.py,configs/final_mask_aware_protocol.json,shared pool100 where applicable,,,,masked active objective-score distance,preserved before diversity revision
q1_co2_adsorption_seed44_MMR.csv,artifacts/final_masked_protocol_before_diversity_revision/rankings/q1_co2_adsorption_seed44_MMR.csv,scripts/run_final_mask_aware_protocol.py,configs/final_mask_aware_protocol.json,shared pool100 where applicable,,,,masked active objective-score distance,preserved before diversity revision
q1_co2_adsorption_seed44_ParetoCrowding.csv,artifacts/final_masked_protocol_before_diversity_revision/rankings/q1_co2_adsorption_seed44_ParetoCrowding.csv,scripts/run_final_mask_aware_protocol.py,configs/final_mask_aware_protocol.json,shared pool100 where applicable,,,,masked active objective-score distance,preserved before diversity revision
q1_co2_adsorption_seed44_Random.csv,artifacts/final_masked_protocol_before_diversity_revision/rankings/q1_co2_adsorption_seed44_Random.csv,scripts/run_final_mask_aware_protocol.py,configs/final_mask_aware_protocol.json,shared pool100 where applicable,,,,masked active objective-score distance,preserved before diversity revision
q1_co2_adsorption_seed44_SemanticOnly.csv,artifacts/final_masked_protocol_before_diversity_revision/rankings/q1_co2_adsorption_seed44_SemanticOnly.csv,scripts/run_final_mask_aware_protocol.py,configs/final_mask_aware_protocol.json,shared pool100 where applicable,,,,masked active objective-score distance,preserved before diversity revision
q1_co2_adsorption_seed44_TOPSIS.csv,artifacts/final_masked_protocol_before_diversity_revision/rankings/q1_co2_adsorption_seed44_TOPSIS.csv,scripts/run_final_mask_aware_protocol.py,configs/final_mask_aware_protocol.json,shared pool100 where applicable,,,,masked active objective-score distance,preserved before diversity revision
q1_co2_adsorption_seed44_WeightedSum.csv,artifacts/final_masked_protocol_before_diversity_revision/rankings/q1_co2_adsorption_seed44_WeightedSum.csv,scripts/run_final_mask_aware_protocol.py,configs/final_mask_aware_protocol.json,shared pool100 where applicable,,,,masked active objective-score distance,preserved before diversity revision
q1_co2_adsorption_seed45_GAT_only.csv,artifacts/final_masked_protocol_before_diversity_revision/rankings/q1_co2_adsorption_seed45_GAT_only.csv,scripts/run_final_mask_aware_protocol.py,configs/final_mask_aware_protocol.json,shared pool100 where applicable,,,,masked active objective-score distance,preserved before diversity revision
q1_co2_adsorption_seed45_GraphSAGE_only.csv,artifacts/final_masked_protocol_before_diversity_revision/rankings/q1_co2_adsorption_seed45_GraphSAGE_only.csv,scripts/run_final_mask_aware_protocol.py,configs/final_mask_aware_protocol.json,shared pool100 where applicable,,,,masked active objective-score distance,preserved before diversity revision
q1_co2_adsorption_seed45_LEA.csv,artifacts/final_masked_protocol_before_diversity_revision/rankings/q1_co2_adsorption_seed45_LEA.csv,scripts/run_final_mask_aware_protocol.py,configs/final_mask_aware_protocol.json,shared pool100 where applicable,,,,masked active objective-score distance,preserved before diversity revision
q1_co2_adsorption_seed45_LEA_no_diversity.csv,artifacts/final_masked_protocol_before_diversity_revision/rankings/q1_co2_adsorption_seed45_LEA_no_diversity.csv,scripts/run_final_mask_aware_protocol.py,configs/final_mask_aware_protocol.json,shared pool100 where applicable,,,,masked active objective-score distance,preserved before diversity revision
q1_co2_adsorption_seed45_LEA_no_self-cleaning.csv,artifacts/final_masked_protocol_before_diversity_revision/rankings/q1_co2_adsorption_seed45_LEA_no_self-cleaning.csv,scripts/run_final_mask_aware_protocol.py,configs/final_mask_aware_protocol.json,shared pool100 where applicable,,,,masked active objective-score distance,preserved before diversity revision
q1_co2_adsorption_seed45_LEA_plus_GAT.csv,artifacts/final_masked_protocol_before_diversity_revision/rankings/q1_co2_adsorption_seed45_LEA_plus_GAT.csv,scripts/run_final_mask_aware_protocol.py,configs/final_mask_aware_protocol.json,shared pool100 where applicable,,,,masked active objective-score distance,preserved before diversity revision
q1_co2_adsorption_seed45_LEA_plus_GraphSAGE.csv,artifacts/final_masked_protocol_before_diversity_revision/rankings/q1_co2_adsorption_seed45_LEA_plus_GraphSAGE.csv,scripts/run_final_mask_aware_protocol.py,configs/final_mask_aware_protocol.json,shared pool100 where applicable,,,,masked active objective-score distance,preserved before diversity revision
q1_co2_adsorption_seed45_MMR.csv,artifacts/final_masked_protocol_before_diversity_revision/rankings/q1_co2_adsorption_seed45_MMR.csv,scripts/run_final_mask_aware_protocol.py,configs/final_mask_aware_protocol.json,shared pool100 where applicable,,,,masked active objective-score distance,preserved before diversity revision
q1_co2_adsorption_seed45_ParetoCrowding.csv,artifacts/final_masked_protocol_before_diversity_revision/rankings/q1_co2_adsorption_seed45_ParetoCrowding.csv,scripts/run_final_mask_aware_protocol.py,configs/final_mask_aware_protocol.json,shared pool100 where applicable,,,,masked active objective-score distance,preserved before diversity revision
q1_co2_adsorption_seed45_Random.csv,artifacts/final_masked_protocol_before_diversity_revision/rankings/q1_co2_adsorption_seed45_Random.csv,scripts/run_final_mask_aware_protocol.py,configs/final_mask_aware_protocol.json,shared pool100 where applicable,,,,masked active objective-score distance,preserved before diversity revision
q1_co2_adsorption_seed45_SemanticOnly.csv,artifacts/final_masked_protocol_before_diversity_revision/rankings/q1_co2_adsorption_seed45_SemanticOnly.csv,scripts/run_final_mask_aware_protocol.py,configs/final_mask_aware_protocol.json,shared pool100 where applicable,,,,masked active objective-score distance,preserved before diversity revision
q1_co2_adsorption_seed45_TOPSIS.csv,artifacts/final_masked_protocol_before_diversity_revision/rankings/q1_co2_adsorption_seed45_TOPSIS.csv,scripts/run_final_mask_aware_protocol.py,configs/final_mask_aware_protocol.json,shared pool100 where applicable,,,,masked active objective-score distance,preserved before diversity revision
q1_co2_adsorption_seed45_WeightedSum.csv,artifacts/final_masked_protocol_before_diversity_revision/rankings/q1_co2_adsorption_seed45_WeightedSum.csv,scripts/run_final_mask_aware_protocol.py,configs/final_mask_aware_protocol.json,shared pool100 where applicable,,,,masked active objective-score distance,preserved before diversity revision
q1_co2_adsorption_seed46_GAT_only.csv,artifacts/final_masked_protocol_before_diversity_revision/rankings/q1_co2_adsorption_seed46_GAT_only.csv,scripts/run_final_mask_aware_protocol.py,configs/final_mask_aware_protocol.json,shared pool100 where applicable,,,,masked active objective-score distance,preserved before diversity revision
q1_co2_adsorption_seed46_GraphSAGE_only.csv,artifacts/final_masked_protocol_before_diversity_revision/rankings/q1_co2_adsorption_seed46_GraphSAGE_only.csv,scripts/run_final_mask_aware_protocol.py,configs/final_mask_aware_protocol.json,shared pool100 where applicable,,,,masked active objective-score distance,preserved before diversity revision
q1_co2_adsorption_seed46_LEA.csv,artifacts/final_masked_protocol_before_diversity_revision/rankings/q1_co2_adsorption_seed46_LEA.csv,scripts/run_final_mask_aware_protocol.py,configs/final_mask_aware_protocol.json,shared pool100 where applicable,,,,masked active objective-score distance,preserved before diversity revision
q1_co2_adsorption_seed46_LEA_no_diversity.csv,artifacts/final_masked_protocol_before_diversity_revision/rankings/q1_co2_adsorption_seed46_LEA_no_diversity.csv,scripts/run_final_mask_aware_protocol.py,configs/final_mask_aware_protocol.json,shared pool100 where applicable,,,,masked active objective-score distance,preserved before diversity revision
q1_co2_adsorption_seed46_LEA_no_self-cleaning.csv,artifacts/final_masked_protocol_before_diversity_revision/rankings/q1_co2_adsorption_seed46_LEA_no_self-cleaning.csv,scripts/run_final_mask_aware_protocol.py,configs/final_mask_aware_protocol.json,shared pool100 where applicable,,,,masked active objective-score distance,preserved before diversity revision
q1_co2_adsorption_seed46_LEA_plus_GAT.csv,artifacts/final_masked_protocol_before_diversity_revision/rankings/q1_co2_adsorption_seed46_LEA_plus_GAT.csv,scripts/run_final_mask_aware_protocol.py,configs/final_mask_aware_protocol.json,shared pool100 where applicable,,,,masked active objective-score distance,preserved before diversity revision
q1_co2_adsorption_seed46_LEA_plus_GraphSAGE.csv,artifacts/final_masked_protocol_before_diversity_revision/rankings/q1_co2_adsorption_seed46_LEA_plus_GraphSAGE.csv,scripts/run_final_mask_aware_protocol.py,configs/final_mask_aware_protocol.json,shared pool100 where applicable,,,,masked active objective-score distance,preserved before diversity revision
q1_co2_adsorption_seed46_MMR.csv,artifacts/final_masked_protocol_before_diversity_revision/rankings/q1_co2_adsorption_seed46_MMR.csv,scripts/run_final_mask_aware_protocol.py,configs/final_mask_aware_protocol.json,shared pool100 where applicable,,,,masked active objective-score distance,preserved before diversity revision
q1_co2_adsorption_seed46_ParetoCrowding.csv,artifacts/final_masked_protocol_before_diversity_revision/rankings/q1_co2_adsorption_seed46_ParetoCrowding.csv,scripts/run_final_mask_aware_protocol.py,configs/final_mask_aware_protocol.json,shared pool100 where applicable,,,,masked active objective-score distance,preserved before diversity revision
q1_co2_adsorption_seed46_Random.csv,artifacts/final_masked_protocol_before_diversity_revision/rankings/q1_co2_adsorption_seed46_Random.csv,scripts/run_final_mask_aware_protocol.py,configs/final_mask_aware_protocol.json,shared pool100 where applicable,,,,masked active objective-score distance,preserved before diversity revision
q1_co2_adsorption_seed46_SemanticOnly.csv,artifacts/final_masked_protocol_before_diversity_revision/rankings/q1_co2_adsorption_seed46_SemanticOnly.csv,scripts/run_final_mask_aware_protocol.py,configs/final_mask_aware_protocol.json,shared pool100 where applicable,,,,masked active objective-score distance,preserved before diversity revision
q1_co2_adsorption_seed46_TOPSIS.csv,artifacts/final_masked_protocol_before_diversity_revision/rankings/q1_co2_adsorption_seed46_TOPSIS.csv,scripts/run_final_mask_aware_protocol.py,configs/final_mask_aware_protocol.json,shared pool100 where applicable,,,,masked active objective-score distance,preserved before diversity revision
q1_co2_adsorption_seed46_WeightedSum.csv,artifacts/final_masked_protocol_before_diversity_revision/rankings/q1_co2_adsorption_seed46_WeightedSum.csv,scripts/run_final_mask_aware_protocol.py,configs/final_mask_aware_protocol.json,shared pool100 where applicable,,,,masked active objective-score distance,preserved before diversity revision
q1_co2_adsorption_seed47_GAT_only.csv,artifacts/final_masked_protocol_before_diversity_revision/rankings/q1_co2_adsorption_seed47_GAT_only.csv,scripts/run_final_mask_aware_protocol.py,configs/final_mask_aware_protocol.json,shared pool100 where applicable,,,,masked active objective-score distance,preserved before diversity revision
q1_co2_adsorption_seed47_GraphSAGE_only.csv,artifacts/final_masked_protocol_before_diversity_revision/rankings/q1_co2_adsorption_seed47_GraphSAGE_only.csv,scripts/run_final_mask_aware_protocol.py,configs/final_mask_aware_protocol.json,shared pool100 where applicable,,,,masked active objective-score distance,preserved before diversity revision
q1_co2_adsorption_seed47_LEA.csv,artifacts/final_masked_protocol_before_diversity_revision/rankings/q1_co2_adsorption_seed47_LEA.csv,scripts/run_final_mask_aware_protocol.py,configs/final_mask_aware_protocol.json,shared pool100 where applicable,,,,masked active objective-score distance,preserved before diversity revision
q1_co2_adsorption_seed47_LEA_no_diversity.csv,artifacts/final_masked_protocol_before_diversity_revision/rankings/q1_co2_adsorption_seed47_LEA_no_diversity.csv,scripts/run_final_mask_aware_protocol.py,configs/final_mask_aware_protocol.json,shared pool100 where applicable,,,,masked active objective-score distance,preserved before diversity revision
q1_co2_adsorption_seed47_LEA_no_self-cleaning.csv,artifacts/final_masked_protocol_before_diversity_revision/rankings/q1_co2_adsorption_seed47_LEA_no_self-cleaning.csv,scripts/run_final_mask_aware_protocol.py,configs/final_mask_aware_protocol.json,shared pool100 where applicable,,,,masked active objective-score distance,preserved before diversity revision
q1_co2_adsorption_seed47_LEA_plus_GAT.csv,artifacts/final_masked_protocol_before_diversity_revision/rankings/q1_co2_adsorption_seed47_LEA_plus_GAT.csv,scripts/run_final_mask_aware_protocol.py,configs/final_mask_aware_protocol.json,shared pool100 where applicable,,,,masked active objective-score distance,preserved before diversity revision
q1_co2_adsorption_seed47_LEA_plus_GraphSAGE.csv,artifacts/final_masked_protocol_before_diversity_revision/rankings/q1_co2_adsorption_seed47_LEA_plus_GraphSAGE.csv,scripts/run_final_mask_aware_protocol.py,configs/final_mask_aware_protocol.json,shared pool100 where applicable,,,,masked active objective-score distance,preserved before diversity revision
q1_co2_adsorption_seed47_MMR.csv,artifacts/final_masked_protocol_before_diversity_revision/rankings/q1_co2_adsorption_seed47_MMR.csv,scripts/run_final_mask_aware_protocol.py,configs/final_mask_aware_protocol.json,shared pool100 where applicable,,,,masked active objective-score distance,preserved before diversity revision
q1_co2_adsorption_seed47_ParetoCrowding.csv,artifacts/final_masked_protocol_before_diversity_revision/rankings/q1_co2_adsorption_seed47_ParetoCrowding.csv,scripts/run_final_mask_aware_protocol.py,configs/final_mask_aware_protocol.json,shared pool100 where applicable,,,,masked active objective-score distance,preserved before diversity revision
q1_co2_adsorption_seed47_Random.csv,artifacts/final_masked_protocol_before_diversity_revision/rankings/q1_co2_adsorption_seed47_Random.csv,scripts/run_final_mask_aware_protocol.py,configs/final_mask_aware_protocol.json,shared pool100 where applicable,,,,masked active objective-score distance,preserved before diversity revision
q1_co2_adsorption_seed47_SemanticOnly.csv,artifacts/final_masked_protocol_before_diversity_revision/rankings/q1_co2_adsorption_seed47_SemanticOnly.csv,scripts/run_final_mask_aware_protocol.py,configs/final_mask_aware_protocol.json,shared pool100 where applicable,,,,masked active objective-score distance,preserved before diversity revision
q1_co2_adsorption_seed47_TOPSIS.csv,artifacts/final_masked_protocol_before_diversity_revision/rankings/q1_co2_adsorption_seed47_TOPSIS.csv,scripts/run_final_mask_aware_protocol.py,configs/final_mask_aware_protocol.json,shared pool100 where applicable,,,,masked active objective-score distance,preserved before diversity revision
q1_co2_adsorption_seed47_WeightedSum.csv,artifacts/final_masked_protocol_before_diversity_revision/rankings/q1_co2_adsorption_seed47_WeightedSum.csv,scripts/run_final_mask_aware_protocol.py,configs/final_mask_aware_protocol.json,shared pool100 where applicable,,,,masked active objective-score distance,preserved before diversity revision
q1_co2_adsorption_seed48_GAT_only.csv,artifacts/final_masked_protocol_before_diversity_revision/rankings/q1_co2_adsorption_seed48_GAT_only.csv,scripts/run_final_mask_aware_protocol.py,configs/final_mask_aware_protocol.json,shared pool100 where applicable,,,,masked active objective-score distance,preserved before diversity revision
q1_co2_adsorption_seed48_GraphSAGE_only.csv,artifacts/final_masked_protocol_before_diversity_revision/rankings/q1_co2_adsorption_seed48_GraphSAGE_only.csv,scripts/run_final_mask_aware_protocol.py,configs/final_mask_aware_protocol.json,shared pool100 where applicable,,,,masked active objective-score distance,preserved before diversity revision
q1_co2_adsorption_seed48_LEA.csv,artifacts/final_masked_protocol_before_diversity_revision/rankings/q1_co2_adsorption_seed48_LEA.csv,scripts/run_final_mask_aware_protocol.py,configs/final_mask_aware_protocol.json,shared pool100 where applicable,,,,masked active objective-score distance,preserved before diversity revision
q1_co2_adsorption_seed48_LEA_no_diversity.csv,artifacts/final_masked_protocol_before_diversity_revision/rankings/q1_co2_adsorption_seed48_LEA_no_diversity.csv,scripts/run_final_mask_aware_protocol.py,configs/final_mask_aware_protocol.json,shared pool100 where applicable,,,,masked active objective-score distance,preserved before diversity revision
q1_co2_adsorption_seed48_LEA_no_self-cleaning.csv,artifacts/final_masked_protocol_before_diversity_revision/rankings/q1_co2_adsorption_seed48_LEA_no_self-cleaning.csv,scripts/run_final_mask_aware_protocol.py,configs/final_mask_aware_protocol.json,shared pool100 where applicable,,,,masked active objective-score distance,preserved before diversity revision
q1_co2_adsorption_seed48_LEA_plus_GAT.csv,artifacts/final_masked_protocol_before_diversity_revision/rankings/q1_co2_adsorption_seed48_LEA_plus_GAT.csv,scripts/run_final_mask_aware_protocol.py,configs/final_mask_aware_protocol.json,shared pool100 where applicable,,,,masked active objective-score distance,preserved before diversity revision
q1_co2_adsorption_seed48_LEA_plus_GraphSAGE.csv,artifacts/final_masked_protocol_before_diversity_revision/rankings/q1_co2_adsorption_seed48_LEA_plus_GraphSAGE.csv,scripts/run_final_mask_aware_protocol.py,configs/final_mask_aware_protocol.json,shared pool100 where applicable,,,,masked active objective-score distance,preserved before diversity revision
q1_co2_adsorption_seed48_MMR.csv,artifacts/final_masked_protocol_before_diversity_revision/rankings/q1_co2_adsorption_seed48_MMR.csv,scripts/run_final_mask_aware_protocol.py,configs/final_mask_aware_protocol.json,shared pool100 where applicable,,,,masked active objective-score distance,preserved before diversity revision
q1_co2_adsorption_seed48_ParetoCrowding.csv,artifacts/final_masked_protocol_before_diversity_revision/rankings/q1_co2_adsorption_seed48_ParetoCrowding.csv,scripts/run_final_mask_aware_protocol.py,configs/final_mask_aware_protocol.json,shared pool100 where applicable,,,,masked active objective-score distance,preserved before diversity revision
q1_co2_adsorption_seed48_Random.csv,artifacts/final_masked_protocol_before_diversity_revision/rankings/q1_co2_adsorption_seed48_Random.csv,scripts/run_final_mask_aware_protocol.py,configs/final_mask_aware_protocol.json,shared pool100 where applicable,,,,masked active objective-score distance,preserved before diversity revision
q1_co2_adsorption_seed48_SemanticOnly.csv,artifacts/final_masked_protocol_before_diversity_revision/rankings/q1_co2_adsorption_seed48_SemanticOnly.csv,scripts/run_final_mask_aware_protocol.py,configs/final_mask_aware_protocol.json,shared pool100 where applicable,,,,masked active objective-score distance,preserved before diversity revision
q1_co2_adsorption_seed48_TOPSIS.csv,artifacts/final_masked_protocol_before_diversity_revision/rankings/q1_co2_adsorption_seed48_TOPSIS.csv,scripts/run_final_mask_aware_protocol.py,configs/final_mask_aware_protocol.json,shared pool100 where applicable,,,,masked active objective-score distance,preserved before diversity revision
q1_co2_adsorption_seed48_WeightedSum.csv,artifacts/final_masked_protocol_before_diversity_revision/rankings/q1_co2_adsorption_seed48_WeightedSum.csv,scripts/run_final_mask_aware_protocol.py,configs/final_mask_aware_protocol.json,shared pool100 where applicable,,,,masked active objective-score distance,preserved before diversity revision
q1_co2_adsorption_seed49_GAT_only.csv,artifacts/final_masked_protocol_before_diversity_revision/rankings/q1_co2_adsorption_seed49_GAT_only.csv,scripts/run_final_mask_aware_protocol.py,configs/final_mask_aware_protocol.json,shared pool100 where applicable,,,,masked active objective-score distance,preserved before diversity revision
q1_co2_adsorption_seed49_GraphSAGE_only.csv,artifacts/final_masked_protocol_before_diversity_revision/rankings/q1_co2_adsorption_seed49_GraphSAGE_only.csv,scripts/run_final_mask_aware_protocol.py,configs/final_mask_aware_protocol.json,shared pool100 where applicable,,,,masked active objective-score distance,preserved before diversity revision
q1_co2_adsorption_seed49_LEA.csv,artifacts/final_masked_protocol_before_diversity_revision/rankings/q1_co2_adsorption_seed49_LEA.csv,scripts/run_final_mask_aware_protocol.py,configs/final_mask_aware_protocol.json,shared pool100 where applicable,,,,masked active objective-score distance,preserved before diversity revision
q1_co2_adsorption_seed49_LEA_no_diversity.csv,artifacts/final_masked_protocol_before_diversity_revision/rankings/q1_co2_adsorption_seed49_LEA_no_diversity.csv,scripts/run_final_mask_aware_protocol.py,configs/final_mask_aware_protocol.json,shared pool100 where applicable,,,,masked active objective-score distance,preserved before diversity revision
q1_co2_adsorption_seed49_LEA_no_self-cleaning.csv,artifacts/final_masked_protocol_before_diversity_revision/rankings/q1_co2_adsorption_seed49_LEA_no_self-cleaning.csv,scripts/run_final_mask_aware_protocol.py,configs/final_mask_aware_protocol.json,shared pool100 where applicable,,,,masked active objective-score distance,preserved before diversity revision
q1_co2_adsorption_seed49_LEA_plus_GAT.csv,artifacts/final_masked_protocol_before_diversity_revision/rankings/q1_co2_adsorption_seed49_LEA_plus_GAT.csv,scripts/run_final_mask_aware_protocol.py,configs/final_mask_aware_protocol.json,shared pool100 where applicable,,,,masked active objective-score distance,preserved before diversity revision
q1_co2_adsorption_seed49_LEA_plus_GraphSAGE.csv,artifacts/final_masked_protocol_before_diversity_revision/rankings/q1_co2_adsorption_seed49_LEA_plus_GraphSAGE.csv,scripts/run_final_mask_aware_protocol.py,configs/final_mask_aware_protocol.json,shared pool100 where applicable,,,,masked active objective-score distance,preserved before diversity revision
q1_co2_adsorption_seed49_MMR.csv,artifacts/final_masked_protocol_before_diversity_revision/rankings/q1_co2_adsorption_seed49_MMR.csv,scripts/run_final_mask_aware_protocol.py,configs/final_mask_aware_protocol.json,shared pool100 where applicable,,,,masked active objective-score distance,preserved before diversity revision
q1_co2_adsorption_seed49_ParetoCrowding.csv,artifacts/final_masked_protocol_before_diversity_revision/rankings/q1_co2_adsorption_seed49_ParetoCrowding.csv,scripts/run_final_mask_aware_protocol.py,configs/final_mask_aware_protocol.json,shared pool100 where applicable,,,,masked active objective-score distance,preserved before diversity revision
q1_co2_adsorption_seed49_Random.csv,artifacts/final_masked_protocol_before_diversity_revision/rankings/q1_co2_adsorption_seed49_Random.csv,scripts/run_final_mask_aware_protocol.py,configs/final_mask_aware_protocol.json,shared pool100 where applicable,,,,masked active objective-score distance,preserved before diversity revision
q1_co2_adsorption_seed49_SemanticOnly.csv,artifacts/final_masked_protocol_before_diversity_revision/rankings/q1_co2_adsorption_seed49_SemanticOnly.csv,scripts/run_final_mask_aware_protocol.py,configs/final_mask_aware_protocol.json,shared pool100 where applicable,,,,masked active objective-score distance,preserved before diversity revision
q1_co2_adsorption_seed49_TOPSIS.csv,artifacts/final_masked_protocol_before_diversity_revision/rankings/q1_co2_adsorption_seed49_TOPSIS.csv,scripts/run_final_mask_aware_protocol.py,configs/final_mask_aware_protocol.json,shared pool100 where applicable,,,,masked active objective-score distance,preserved before diversity revision
q1_co2_adsorption_seed49_WeightedSum.csv,artifacts/final_masked_protocol_before_diversity_revision/rankings/q1_co2_adsorption_seed49_WeightedSum.csv,scripts/run_final_mask_aware_protocol.py,configs/final_mask_aware_protocol.json,shared pool100 where applicable,,,,masked active objective-score distance,preserved before diversity revision
q1_co2_adsorption_seed50_GAT_only.csv,artifacts/final_masked_protocol_before_diversity_revision/rankings/q1_co2_adsorption_seed50_GAT_only.csv,scripts/run_final_mask_aware_protocol.py,configs/final_mask_aware_protocol.json,shared pool100 where applicable,,,,masked active objective-score distance,preserved before diversity revision
q1_co2_adsorption_seed50_GraphSAGE_only.csv,artifacts/final_masked_protocol_before_diversity_revision/rankings/q1_co2_adsorption_seed50_GraphSAGE_only.csv,scripts/run_final_mask_aware_protocol.py,configs/final_mask_aware_protocol.json,shared pool100 where applicable,,,,masked active objective-score distance,preserved before diversity revision
q1_co2_adsorption_seed50_LEA.csv,artifacts/final_masked_protocol_before_diversity_revision/rankings/q1_co2_adsorption_seed50_LEA.csv,scripts/run_final_mask_aware_protocol.py,configs/final_mask_aware_protocol.json,shared pool100 where applicable,,,,masked active objective-score distance,preserved before diversity revision
q1_co2_adsorption_seed50_LEA_no_diversity.csv,artifacts/final_masked_protocol_before_diversity_revision/rankings/q1_co2_adsorption_seed50_LEA_no_diversity.csv,scripts/run_final_mask_aware_protocol.py,configs/final_mask_aware_protocol.json,shared pool100 where applicable,,,,masked active objective-score distance,preserved before diversity revision
q1_co2_adsorption_seed50_LEA_no_self-cleaning.csv,artifacts/final_masked_protocol_before_diversity_revision/rankings/q1_co2_adsorption_seed50_LEA_no_self-cleaning.csv,scripts/run_final_mask_aware_protocol.py,configs/final_mask_aware_protocol.json,shared pool100 where applicable,,,,masked active objective-score distance,preserved before diversity revision
q1_co2_adsorption_seed50_LEA_plus_GAT.csv,artifacts/final_masked_protocol_before_diversity_revision/rankings/q1_co2_adsorption_seed50_LEA_plus_GAT.csv,scripts/run_final_mask_aware_protocol.py,configs/final_mask_aware_protocol.json,shared pool100 where applicable,,,,masked active objective-score distance,preserved before diversity revision
q1_co2_adsorption_seed50_LEA_plus_GraphSAGE.csv,artifacts/final_masked_protocol_before_diversity_revision/rankings/q1_co2_adsorption_seed50_LEA_plus_GraphSAGE.csv,scripts/run_final_mask_aware_protocol.py,configs/final_mask_aware_protocol.json,shared pool100 where applicable,,,,masked active objective-score distance,preserved before diversity revision
q1_co2_adsorption_seed50_MMR.csv,artifacts/final_masked_protocol_before_diversity_revision/rankings/q1_co2_adsorption_seed50_MMR.csv,scripts/run_final_mask_aware_protocol.py,configs/final_mask_aware_protocol.json,shared pool100 where applicable,,,,masked active objective-score distance,preserved before diversity revision
q1_co2_adsorption_seed50_ParetoCrowding.csv,artifacts/final_masked_protocol_before_diversity_revision/rankings/q1_co2_adsorption_seed50_ParetoCrowding.csv,scripts/run_final_mask_aware_protocol.py,configs/final_mask_aware_protocol.json,shared pool100 where applicable,,,,masked active objective-score distance,preserved before diversity revision
q1_co2_adsorption_seed50_Random.csv,artifacts/final_masked_protocol_before_diversity_revision/rankings/q1_co2_adsorption_seed50_Random.csv,scripts/run_final_mask_aware_protocol.py,configs/final_mask_aware_protocol.json,shared pool100 where applicable,,,,masked active objective-score distance,preserved before diversity revision
q1_co2_adsorption_seed50_SemanticOnly.csv,artifacts/final_masked_protocol_before_diversity_revision/rankings/q1_co2_adsorption_seed50_SemanticOnly.csv,scripts/run_final_mask_aware_protocol.py,configs/final_mask_aware_protocol.json,shared pool100 where applicable,,,,masked active objective-score distance,preserved before diversity revision
q1_co2_adsorption_seed50_TOPSIS.csv,artifacts/final_masked_protocol_before_diversity_revision/rankings/q1_co2_adsorption_seed50_TOPSIS.csv,scripts/run_final_mask_aware_protocol.py,configs/final_mask_aware_protocol.json,shared pool100 where applicable,,,,masked active objective-score distance,preserved before diversity revision
q1_co2_adsorption_seed50_WeightedSum.csv,artifacts/final_masked_protocol_before_diversity_revision/rankings/q1_co2_adsorption_seed50_WeightedSum.csv,scripts/run_final_mask_aware_protocol.py,configs/final_mask_aware_protocol.json,shared pool100 where applicable,,,,masked active objective-score distance,preserved before diversity revision
q1_co2_adsorption_seed51_GAT_only.csv,artifacts/final_masked_protocol_before_diversity_revision/rankings/q1_co2_adsorption_seed51_GAT_only.csv,scripts/run_final_mask_aware_protocol.py,configs/final_mask_aware_protocol.json,shared pool100 where applicable,,,,masked active objective-score distance,preserved before diversity revision
q1_co2_adsorption_seed51_GraphSAGE_only.csv,artifacts/final_masked_protocol_before_diversity_revision/rankings/q1_co2_adsorption_seed51_GraphSAGE_only.csv,scripts/run_final_mask_aware_protocol.py,configs/final_mask_aware_protocol.json,shared pool100 where applicable,,,,masked active objective-score distance,preserved before diversity revision
q1_co2_adsorption_seed51_LEA.csv,artifacts/final_masked_protocol_before_diversity_revision/rankings/q1_co2_adsorption_seed51_LEA.csv,scripts/run_final_mask_aware_protocol.py,configs/final_mask_aware_protocol.json,shared pool100 where applicable,,,,masked active objective-score distance,preserved before diversity revision
q1_co2_adsorption_seed51_LEA_no_diversity.csv,artifacts/final_masked_protocol_before_diversity_revision/rankings/q1_co2_adsorption_seed51_LEA_no_diversity.csv,scripts/run_final_mask_aware_protocol.py,configs/final_mask_aware_protocol.json,shared pool100 where applicable,,,,masked active objective-score distance,preserved before diversity revision
q1_co2_adsorption_seed51_LEA_no_self-cleaning.csv,artifacts/final_masked_protocol_before_diversity_revision/rankings/q1_co2_adsorption_seed51_LEA_no_self-cleaning.csv,scripts/run_final_mask_aware_protocol.py,configs/final_mask_aware_protocol.json,shared pool100 where applicable,,,,masked active objective-score distance,preserved before diversity revision
q1_co2_adsorption_seed51_LEA_plus_GAT.csv,artifacts/final_masked_protocol_before_diversity_revision/rankings/q1_co2_adsorption_seed51_LEA_plus_GAT.csv,scripts/run_final_mask_aware_protocol.py,configs/final_mask_aware_protocol.json,shared pool100 where applicable,,,,masked active objective-score distance,preserved before diversity revision
q1_co2_adsorption_seed51_LEA_plus_GraphSAGE.csv,artifacts/final_masked_protocol_before_diversity_revision/rankings/q1_co2_adsorption_seed51_LEA_plus_GraphSAGE.csv,scripts/run_final_mask_aware_protocol.py,configs/final_mask_aware_protocol.json,shared pool100 where applicable,,,,masked active objective-score distance,preserved before diversity revision
q1_co2_adsorption_seed51_MMR.csv,artifacts/final_masked_protocol_before_diversity_revision/rankings/q1_co2_adsorption_seed51_MMR.csv,scripts/run_final_mask_aware_protocol.py,configs/final_mask_aware_protocol.json,shared pool100 where applicable,,,,masked active objective-score distance,preserved before diversity revision
q1_co2_adsorption_seed51_ParetoCrowding.csv,artifacts/final_masked_protocol_before_diversity_revision/rankings/q1_co2_adsorption_seed51_ParetoCrowding.csv,scripts/run_final_mask_aware_protocol.py,configs/final_mask_aware_protocol.json,shared pool100 where applicable,,,,masked active objective-score distance,preserved before diversity revision
q1_co2_adsorption_seed51_Random.csv,artifacts/final_masked_protocol_before_diversity_revision/rankings/q1_co2_adsorption_seed51_Random.csv,scripts/run_final_mask_aware_protocol.py,configs/final_mask_aware_protocol.json,shared pool100 where applicable,,,,masked active objective-score distance,preserved before diversity revision
q1_co2_adsorption_seed51_SemanticOnly.csv,artifacts/final_masked_protocol_before_diversity_revision/rankings/q1_co2_adsorption_seed51_SemanticOnly.csv,scripts/run_final_mask_aware_protocol.py,configs/final_mask_aware_protocol.json,shared pool100 where applicable,,,,masked active objective-score distance,preserved before diversity revision
q1_co2_adsorption_seed51_TOPSIS.csv,artifacts/final_masked_protocol_before_diversity_revision/rankings/q1_co2_adsorption_seed51_TOPSIS.csv,scripts/run_final_mask_aware_protocol.py,configs/final_mask_aware_protocol.json,shared pool100 where applicable,,,,masked active objective-score distance,preserved before diversity revision
q1_co2_adsorption_seed51_WeightedSum.csv,artifacts/final_masked_protocol_before_diversity_revision/rankings/q1_co2_adsorption_seed51_WeightedSum.csv,scripts/run_final_mask_aware_protocol.py,configs/final_mask_aware_protocol.json,shared pool100 where applicable,,,,masked active objective-score distance,preserved before diversity revision
q2_photocatalysis_seed42_GAT_only.csv,artifacts/final_masked_protocol_before_diversity_revision/rankings/q2_photocatalysis_seed42_GAT_only.csv,scripts/run_final_mask_aware_protocol.py,configs/final_mask_aware_protocol.json,shared pool100 where applicable,,,,masked active objective-score distance,preserved before diversity revision
q2_photocatalysis_seed42_GraphSAGE_only.csv,artifacts/final_masked_protocol_before_diversity_revision/rankings/q2_photocatalysis_seed42_GraphSAGE_only.csv,scripts/run_final_mask_aware_protocol.py,configs/final_mask_aware_protocol.json,shared pool100 where applicable,,,,masked active objective-score distance,preserved before diversity revision
q2_photocatalysis_seed42_LEA.csv,artifacts/final_masked_protocol_before_diversity_revision/rankings/q2_photocatalysis_seed42_LEA.csv,scripts/run_final_mask_aware_protocol.py,configs/final_mask_aware_protocol.json,shared pool100 where applicable,,,,masked active objective-score distance,preserved before diversity revision
q2_photocatalysis_seed42_LEA_no_diversity.csv,artifacts/final_masked_protocol_before_diversity_revision/rankings/q2_photocatalysis_seed42_LEA_no_diversity.csv,scripts/run_final_mask_aware_protocol.py,configs/final_mask_aware_protocol.json,shared pool100 where applicable,,,,masked active objective-score distance,preserved before diversity revision
q2_photocatalysis_seed42_LEA_no_self-cleaning.csv,artifacts/final_masked_protocol_before_diversity_revision/rankings/q2_photocatalysis_seed42_LEA_no_self-cleaning.csv,scripts/run_final_mask_aware_protocol.py,configs/final_mask_aware_protocol.json,shared pool100 where applicable,,,,masked active objective-score distance,preserved before diversity revision
q2_photocatalysis_seed42_LEA_plus_GAT.csv,artifacts/final_masked_protocol_before_diversity_revision/rankings/q2_photocatalysis_seed42_LEA_plus_GAT.csv,scripts/run_final_mask_aware_protocol.py,configs/final_mask_aware_protocol.json,shared pool100 where applicable,,,,masked active objective-score distance,preserved before diversity revision
q2_photocatalysis_seed42_LEA_plus_GraphSAGE.csv,artifacts/final_masked_protocol_before_diversity_revision/rankings/q2_photocatalysis_seed42_LEA_plus_GraphSAGE.csv,scripts/run_final_mask_aware_protocol.py,configs/final_mask_aware_protocol.json,shared pool100 where applicable,,,,masked active objective-score distance,preserved before diversity revision
q2_photocatalysis_seed42_MMR.csv,artifacts/final_masked_protocol_before_diversity_revision/rankings/q2_photocatalysis_seed42_MMR.csv,scripts/run_final_mask_aware_protocol.py,configs/final_mask_aware_protocol.json,shared pool100 where applicable,,,,masked active objective-score distance,preserved before diversity revision
q2_photocatalysis_seed42_ParetoCrowding.csv,artifacts/final_masked_protocol_before_diversity_revision/rankings/q2_photocatalysis_seed42_ParetoCrowding.csv,scripts/run_final_mask_aware_protocol.py,configs/final_mask_aware_protocol.json,shared pool100 where applicable,,,,masked active objective-score distance,preserved before diversity revision
q2_photocatalysis_seed42_Random.csv,artifacts/final_masked_protocol_before_diversity_revision/rankings/q2_photocatalysis_seed42_Random.csv,scripts/run_final_mask_aware_protocol.py,configs/final_mask_aware_protocol.json,shared pool100 where applicable,,,,masked active objective-score distance,preserved before diversity revision
q2_photocatalysis_seed42_SemanticOnly.csv,artifacts/final_masked_protocol_before_diversity_revision/rankings/q2_photocatalysis_seed42_SemanticOnly.csv,scripts/run_final_mask_aware_protocol.py,configs/final_mask_aware_protocol.json,shared pool100 where applicable,,,,masked active objective-score distance,preserved before diversity revision
q2_photocatalysis_seed42_TOPSIS.csv,artifacts/final_masked_protocol_before_diversity_revision/rankings/q2_photocatalysis_seed42_TOPSIS.csv,scripts/run_final_mask_aware_protocol.py,configs/final_mask_aware_protocol.json,shared pool100 where applicable,,,,masked active objective-score distance,preserved before diversity revision
q2_photocatalysis_seed42_WeightedSum.csv,artifacts/final_masked_protocol_before_diversity_revision/rankings/q2_photocatalysis_seed42_WeightedSum.csv,scripts/run_final_mask_aware_protocol.py,configs/final_mask_aware_protocol.json,shared pool100 where applicable,,,,masked active objective-score distance,preserved before diversity revision
q2_photocatalysis_seed43_GAT_only.csv,artifacts/final_masked_protocol_before_diversity_revision/rankings/q2_photocatalysis_seed43_GAT_only.csv,scripts/run_final_mask_aware_protocol.py,configs/final_mask_aware_protocol.json,shared pool100 where applicable,,,,masked active objective-score distance,preserved before diversity revision
q2_photocatalysis_seed43_GraphSAGE_only.csv,artifacts/final_masked_protocol_before_diversity_revision/rankings/q2_photocatalysis_seed43_GraphSAGE_only.csv,scripts/run_final_mask_aware_protocol.py,configs/final_mask_aware_protocol.json,shared pool100 where applicable,,,,masked active objective-score distance,preserved before diversity revision
q2_photocatalysis_seed43_LEA.csv,artifacts/final_masked_protocol_before_diversity_revision/rankings/q2_photocatalysis_seed43_LEA.csv,scripts/run_final_mask_aware_protocol.py,configs/final_mask_aware_protocol.json,shared pool100 where applicable,,,,masked active objective-score distance,preserved before diversity revision
q2_photocatalysis_seed43_LEA_no_diversity.csv,artifacts/final_masked_protocol_before_diversity_revision/rankings/q2_photocatalysis_seed43_LEA_no_diversity.csv,scripts/run_final_mask_aware_protocol.py,configs/final_mask_aware_protocol.json,shared pool100 where applicable,,,,masked active objective-score distance,preserved before diversity revision
q2_photocatalysis_seed43_LEA_no_self-cleaning.csv,artifacts/final_masked_protocol_before_diversity_revision/rankings/q2_photocatalysis_seed43_LEA_no_self-cleaning.csv,scripts/run_final_mask_aware_protocol.py,configs/final_mask_aware_protocol.json,shared pool100 where applicable,,,,masked active objective-score distance,preserved before diversity revision
q2_photocatalysis_seed43_LEA_plus_GAT.csv,artifacts/final_masked_protocol_before_diversity_revision/rankings/q2_photocatalysis_seed43_LEA_plus_GAT.csv,scripts/run_final_mask_aware_protocol.py,configs/final_mask_aware_protocol.json,shared pool100 where applicable,,,,masked active objective-score distance,preserved before diversity revision
q2_photocatalysis_seed43_LEA_plus_GraphSAGE.csv,artifacts/final_masked_protocol_before_diversity_revision/rankings/q2_photocatalysis_seed43_LEA_plus_GraphSAGE.csv,scripts/run_final_mask_aware_protocol.py,configs/final_mask_aware_protocol.json,shared pool100 where applicable,,,,masked active objective-score distance,preserved before diversity revision
q2_photocatalysis_seed43_MMR.csv,artifacts/final_masked_protocol_before_diversity_revision/rankings/q2_photocatalysis_seed43_MMR.csv,scripts/run_final_mask_aware_protocol.py,configs/final_mask_aware_protocol.json,shared pool100 where applicable,,,,masked active objective-score distance,preserved before diversity revision
q2_photocatalysis_seed43_ParetoCrowding.csv,artifacts/final_masked_protocol_before_diversity_revision/rankings/q2_photocatalysis_seed43_ParetoCrowding.csv,scripts/run_final_mask_aware_protocol.py,configs/final_mask_aware_protocol.json,shared pool100 where applicable,,,,masked active objective-score distance,preserved before diversity revision
q2_photocatalysis_seed43_Random.csv,artifacts/final_masked_protocol_before_diversity_revision/rankings/q2_photocatalysis_seed43_Random.csv,scripts/run_final_mask_aware_protocol.py,configs/final_mask_aware_protocol.json,shared pool100 where applicable,,,,masked active objective-score distance,preserved before diversity revision
q2_photocatalysis_seed43_SemanticOnly.csv,artifacts/final_masked_protocol_before_diversity_revision/rankings/q2_photocatalysis_seed43_SemanticOnly.csv,scripts/run_final_mask_aware_protocol.py,configs/final_mask_aware_protocol.json,shared pool100 where applicable,,,,masked active objective-score distance,preserved before diversity revision
q2_photocatalysis_seed43_TOPSIS.csv,artifacts/final_masked_protocol_before_diversity_revision/rankings/q2_photocatalysis_seed43_TOPSIS.csv,scripts/run_final_mask_aware_protocol.py,configs/final_mask_aware_protocol.json,shared pool100 where applicable,,,,masked active objective-score distance,preserved before diversity revision
q2_photocatalysis_seed43_WeightedSum.csv,artifacts/final_masked_protocol_before_diversity_revision/rankings/q2_photocatalysis_seed43_WeightedSum.csv,scripts/run_final_mask_aware_protocol.py,configs/final_mask_aware_protocol.json,shared pool100 where applicable,,,,masked active objective-score distance,preserved before diversity revision
q2_photocatalysis_seed44_GAT_only.csv,artifacts/final_masked_protocol_before_diversity_revision/rankings/q2_photocatalysis_seed44_GAT_only.csv,scripts/run_final_mask_aware_protocol.py,configs/final_mask_aware_protocol.json,shared pool100 where applicable,,,,masked active objective-score distance,preserved before diversity revision
q2_photocatalysis_seed44_GraphSAGE_only.csv,artifacts/final_masked_protocol_before_diversity_revision/rankings/q2_photocatalysis_seed44_GraphSAGE_only.csv,scripts/run_final_mask_aware_protocol.py,configs/final_mask_aware_protocol.json,shared pool100 where applicable,,,,masked active objective-score distance,preserved before diversity revision
q2_photocatalysis_seed44_LEA.csv,artifacts/final_masked_protocol_before_diversity_revision/rankings/q2_photocatalysis_seed44_LEA.csv,scripts/run_final_mask_aware_protocol.py,configs/final_mask_aware_protocol.json,shared pool100 where applicable,,,,masked active objective-score distance,preserved before diversity revision
q2_photocatalysis_seed44_LEA_no_diversity.csv,artifacts/final_masked_protocol_before_diversity_revision/rankings/q2_photocatalysis_seed44_LEA_no_diversity.csv,scripts/run_final_mask_aware_protocol.py,configs/final_mask_aware_protocol.json,shared pool100 where applicable,,,,masked active objective-score distance,preserved before diversity revision
q2_photocatalysis_seed44_LEA_no_self-cleaning.csv,artifacts/final_masked_protocol_before_diversity_revision/rankings/q2_photocatalysis_seed44_LEA_no_self-cleaning.csv,scripts/run_final_mask_aware_protocol.py,configs/final_mask_aware_protocol.json,shared pool100 where applicable,,,,masked active objective-score distance,preserved before diversity revision
q2_photocatalysis_seed44_LEA_plus_GAT.csv,artifacts/final_masked_protocol_before_diversity_revision/rankings/q2_photocatalysis_seed44_LEA_plus_GAT.csv,scripts/run_final_mask_aware_protocol.py,configs/final_mask_aware_protocol.json,shared pool100 where applicable,,,,masked active objective-score distance,preserved before diversity revision
q2_photocatalysis_seed44_LEA_plus_GraphSAGE.csv,artifacts/final_masked_protocol_before_diversity_revision/rankings/q2_photocatalysis_seed44_LEA_plus_GraphSAGE.csv,scripts/run_final_mask_aware_protocol.py,configs/final_mask_aware_protocol.json,shared pool100 where applicable,,,,masked active objective-score distance,preserved before diversity revision
q2_photocatalysis_seed44_MMR.csv,artifacts/final_masked_protocol_before_diversity_revision/rankings/q2_photocatalysis_seed44_MMR.csv,scripts/run_final_mask_aware_protocol.py,configs/final_mask_aware_protocol.json,shared pool100 where applicable,,,,masked active objective-score distance,preserved before diversity revision
q2_photocatalysis_seed44_ParetoCrowding.csv,artifacts/final_masked_protocol_before_diversity_revision/rankings/q2_photocatalysis_seed44_ParetoCrowding.csv,scripts/run_final_mask_aware_protocol.py,configs/final_mask_aware_protocol.json,shared pool100 where applicable,,,,masked active objective-score distance,preserved before diversity revision
q2_photocatalysis_seed44_Random.csv,artifacts/final_masked_protocol_before_diversity_revision/rankings/q2_photocatalysis_seed44_Random.csv,scripts/run_final_mask_aware_protocol.py,configs/final_mask_aware_protocol.json,shared pool100 where applicable,,,,masked active objective-score distance,preserved before diversity revision
q2_photocatalysis_seed44_SemanticOnly.csv,artifacts/final_masked_protocol_before_diversity_revision/rankings/q2_photocatalysis_seed44_SemanticOnly.csv,scripts/run_final_mask_aware_protocol.py,configs/final_mask_aware_protocol.json,shared pool100 where applicable,,,,masked active objective-score distance,preserved before diversity revision
q2_photocatalysis_seed44_TOPSIS.csv,artifacts/final_masked_protocol_before_diversity_revision/rankings/q2_photocatalysis_seed44_TOPSIS.csv,scripts/run_final_mask_aware_protocol.py,configs/final_mask_aware_protocol.json,shared pool100 where applicable,,,,masked active objective-score distance,preserved before diversity revision
q2_photocatalysis_seed44_WeightedSum.csv,artifacts/final_masked_protocol_before_diversity_revision/rankings/q2_photocatalysis_seed44_WeightedSum.csv,scripts/run_final_mask_aware_protocol.py,configs/final_mask_aware_protocol.json,shared pool100 where applicable,,,,masked active objective-score distance,preserved before diversity revision
q2_photocatalysis_seed45_GAT_only.csv,artifacts/final_masked_protocol_before_diversity_revision/rankings/q2_photocatalysis_seed45_GAT_only.csv,scripts/run_final_mask_aware_protocol.py,configs/final_mask_aware_protocol.json,shared pool100 where applicable,,,,masked active objective-score distance,preserved before diversity revision
q2_photocatalysis_seed45_GraphSAGE_only.csv,artifacts/final_masked_protocol_before_diversity_revision/rankings/q2_photocatalysis_seed45_GraphSAGE_only.csv,scripts/run_final_mask_aware_protocol.py,configs/final_mask_aware_protocol.json,shared pool100 where applicable,,,,masked active objective-score distance,preserved before diversity revision
q2_photocatalysis_seed45_LEA.csv,artifacts/final_masked_protocol_before_diversity_revision/rankings/q2_photocatalysis_seed45_LEA.csv,scripts/run_final_mask_aware_protocol.py,configs/final_mask_aware_protocol.json,shared pool100 where applicable,,,,masked active objective-score distance,preserved before diversity revision
q2_photocatalysis_seed45_LEA_no_diversity.csv,artifacts/final_masked_protocol_before_diversity_revision/rankings/q2_photocatalysis_seed45_LEA_no_diversity.csv,scripts/run_final_mask_aware_protocol.py,configs/final_mask_aware_protocol.json,shared pool100 where applicable,,,,masked active objective-score distance,preserved before diversity revision
q2_photocatalysis_seed45_LEA_no_self-cleaning.csv,artifacts/final_masked_protocol_before_diversity_revision/rankings/q2_photocatalysis_seed45_LEA_no_self-cleaning.csv,scripts/run_final_mask_aware_protocol.py,configs/final_mask_aware_protocol.json,shared pool100 where applicable,,,,masked active objective-score distance,preserved before diversity revision
q2_photocatalysis_seed45_LEA_plus_GAT.csv,artifacts/final_masked_protocol_before_diversity_revision/rankings/q2_photocatalysis_seed45_LEA_plus_GAT.csv,scripts/run_final_mask_aware_protocol.py,configs/final_mask_aware_protocol.json,shared pool100 where applicable,,,,masked active objective-score distance,preserved before diversity revision
q2_photocatalysis_seed45_LEA_plus_GraphSAGE.csv,artifacts/final_masked_protocol_before_diversity_revision/rankings/q2_photocatalysis_seed45_LEA_plus_GraphSAGE.csv,scripts/run_final_mask_aware_protocol.py,configs/final_mask_aware_protocol.json,shared pool100 where applicable,,,,masked active objective-score distance,preserved before diversity revision
q2_photocatalysis_seed45_MMR.csv,artifacts/final_masked_protocol_before_diversity_revision/rankings/q2_photocatalysis_seed45_MMR.csv,scripts/run_final_mask_aware_protocol.py,configs/final_mask_aware_protocol.json,shared pool100 where applicable,,,,masked active objective-score distance,preserved before diversity revision
q2_photocatalysis_seed45_ParetoCrowding.csv,artifacts/final_masked_protocol_before_diversity_revision/rankings/q2_photocatalysis_seed45_ParetoCrowding.csv,scripts/run_final_mask_aware_protocol.py,configs/final_mask_aware_protocol.json,shared pool100 where applicable,,,,masked active objective-score distance,preserved before diversity revision
q2_photocatalysis_seed45_Random.csv,artifacts/final_masked_protocol_before_diversity_revision/rankings/q2_photocatalysis_seed45_Random.csv,scripts/run_final_mask_aware_protocol.py,configs/final_mask_aware_protocol.json,shared pool100 where applicable,,,,masked active objective-score distance,preserved before diversity revision
q2_photocatalysis_seed45_SemanticOnly.csv,artifacts/final_masked_protocol_before_diversity_revision/rankings/q2_photocatalysis_seed45_SemanticOnly.csv,scripts/run_final_mask_aware_protocol.py,configs/final_mask_aware_protocol.json,shared pool100 where applicable,,,,masked active objective-score distance,preserved before diversity revision
q2_photocatalysis_seed45_TOPSIS.csv,artifacts/final_masked_protocol_before_diversity_revision/rankings/q2_photocatalysis_seed45_TOPSIS.csv,scripts/run_final_mask_aware_protocol.py,configs/final_mask_aware_protocol.json,shared pool100 where applicable,,,,masked active objective-score distance,preserved before diversity revision
q2_photocatalysis_seed45_WeightedSum.csv,artifacts/final_masked_protocol_before_diversity_revision/rankings/q2_photocatalysis_seed45_WeightedSum.csv,scripts/run_final_mask_aware_protocol.py,configs/final_mask_aware_protocol.json,shared pool100 where applicable,,,,masked active objective-score distance,preserved before diversity revision
q2_photocatalysis_seed46_GAT_only.csv,artifacts/final_masked_protocol_before_diversity_revision/rankings/q2_photocatalysis_seed46_GAT_only.csv,scripts/run_final_mask_aware_protocol.py,configs/final_mask_aware_protocol.json,shared pool100 where applicable,,,,masked active objective-score distance,preserved before diversity revision
q2_photocatalysis_seed46_GraphSAGE_only.csv,artifacts/final_masked_protocol_before_diversity_revision/rankings/q2_photocatalysis_seed46_GraphSAGE_only.csv,scripts/run_final_mask_aware_protocol.py,configs/final_mask_aware_protocol.json,shared pool100 where applicable,,,,masked active objective-score distance,preserved before diversity revision
q2_photocatalysis_seed46_LEA.csv,artifacts/final_masked_protocol_before_diversity_revision/rankings/q2_photocatalysis_seed46_LEA.csv,scripts/run_final_mask_aware_protocol.py,configs/final_mask_aware_protocol.json,shared pool100 where applicable,,,,masked active objective-score distance,preserved before diversity revision
q2_photocatalysis_seed46_LEA_no_diversity.csv,artifacts/final_masked_protocol_before_diversity_revision/rankings/q2_photocatalysis_seed46_LEA_no_diversity.csv,scripts/run_final_mask_aware_protocol.py,configs/final_mask_aware_protocol.json,shared pool100 where applicable,,,,masked active objective-score distance,preserved before diversity revision
q2_photocatalysis_seed46_LEA_no_self-cleaning.csv,artifacts/final_masked_protocol_before_diversity_revision/rankings/q2_photocatalysis_seed46_LEA_no_self-cleaning.csv,scripts/run_final_mask_aware_protocol.py,configs/final_mask_aware_protocol.json,shared pool100 where applicable,,,,masked active objective-score distance,preserved before diversity revision
q2_photocatalysis_seed46_LEA_plus_GAT.csv,artifacts/final_masked_protocol_before_diversity_revision/rankings/q2_photocatalysis_seed46_LEA_plus_GAT.csv,scripts/run_final_mask_aware_protocol.py,configs/final_mask_aware_protocol.json,shared pool100 where applicable,,,,masked active objective-score distance,preserved before diversity revision
q2_photocatalysis_seed46_LEA_plus_GraphSAGE.csv,artifacts/final_masked_protocol_before_diversity_revision/rankings/q2_photocatalysis_seed46_LEA_plus_GraphSAGE.csv,scripts/run_final_mask_aware_protocol.py,configs/final_mask_aware_protocol.json,shared pool100 where applicable,,,,masked active objective-score distance,preserved before diversity revision
q2_photocatalysis_seed46_MMR.csv,artifacts/final_masked_protocol_before_diversity_revision/rankings/q2_photocatalysis_seed46_MMR.csv,scripts/run_final_mask_aware_protocol.py,configs/final_mask_aware_protocol.json,shared pool100 where applicable,,,,masked active objective-score distance,preserved before diversity revision
q2_photocatalysis_seed46_ParetoCrowding.csv,artifacts/final_masked_protocol_before_diversity_revision/rankings/q2_photocatalysis_seed46_ParetoCrowding.csv,scripts/run_final_mask_aware_protocol.py,configs/final_mask_aware_protocol.json,shared pool100 where applicable,,,,masked active objective-score distance,preserved before diversity revision
q2_photocatalysis_seed46_Random.csv,artifacts/final_masked_protocol_before_diversity_revision/rankings/q2_photocatalysis_seed46_Random.csv,scripts/run_final_mask_aware_protocol.py,configs/final_mask_aware_protocol.json,shared pool100 where applicable,,,,masked active objective-score distance,preserved before diversity revision
q2_photocatalysis_seed46_SemanticOnly.csv,artifacts/final_masked_protocol_before_diversity_revision/rankings/q2_photocatalysis_seed46_SemanticOnly.csv,scripts/run_final_mask_aware_protocol.py,configs/final_mask_aware_protocol.json,shared pool100 where applicable,,,,masked active objective-score distance,preserved before diversity revision
q2_photocatalysis_seed46_TOPSIS.csv,artifacts/final_masked_protocol_before_diversity_revision/rankings/q2_photocatalysis_seed46_TOPSIS.csv,scripts/run_final_mask_aware_protocol.py,configs/final_mask_aware_protocol.json,shared pool100 where applicable,,,,masked active objective-score distance,preserved before diversity revision
q2_photocatalysis_seed46_WeightedSum.csv,artifacts/final_masked_protocol_before_diversity_revision/rankings/q2_photocatalysis_seed46_WeightedSum.csv,scripts/run_final_mask_aware_protocol.py,configs/final_mask_aware_protocol.json,shared pool100 where applicable,,,,masked active objective-score distance,preserved before diversity revision
q2_photocatalysis_seed47_GAT_only.csv,artifacts/final_masked_protocol_before_diversity_revision/rankings/q2_photocatalysis_seed47_GAT_only.csv,scripts/run_final_mask_aware_protocol.py,configs/final_mask_aware_protocol.json,shared pool100 where applicable,,,,masked active objective-score distance,preserved before diversity revision
q2_photocatalysis_seed47_GraphSAGE_only.csv,artifacts/final_masked_protocol_before_diversity_revision/rankings/q2_photocatalysis_seed47_GraphSAGE_only.csv,scripts/run_final_mask_aware_protocol.py,configs/final_mask_aware_protocol.json,shared pool100 where applicable,,,,masked active objective-score distance,preserved before diversity revision
q2_photocatalysis_seed47_LEA.csv,artifacts/final_masked_protocol_before_diversity_revision/rankings/q2_photocatalysis_seed47_LEA.csv,scripts/run_final_mask_aware_protocol.py,configs/final_mask_aware_protocol.json,shared pool100 where applicable,,,,masked active objective-score distance,preserved before diversity revision
q2_photocatalysis_seed47_LEA_no_diversity.csv,artifacts/final_masked_protocol_before_diversity_revision/rankings/q2_photocatalysis_seed47_LEA_no_diversity.csv,scripts/run_final_mask_aware_protocol.py,configs/final_mask_aware_protocol.json,shared pool100 where applicable,,,,masked active objective-score distance,preserved before diversity revision
q2_photocatalysis_seed47_LEA_no_self-cleaning.csv,artifacts/final_masked_protocol_before_diversity_revision/rankings/q2_photocatalysis_seed47_LEA_no_self-cleaning.csv,scripts/run_final_mask_aware_protocol.py,configs/final_mask_aware_protocol.json,shared pool100 where applicable,,,,masked active objective-score distance,preserved before diversity revision
q2_photocatalysis_seed47_LEA_plus_GAT.csv,artifacts/final_masked_protocol_before_diversity_revision/rankings/q2_photocatalysis_seed47_LEA_plus_GAT.csv,scripts/run_final_mask_aware_protocol.py,configs/final_mask_aware_protocol.json,shared pool100 where applicable,,,,masked active objective-score distance,preserved before diversity revision
q2_photocatalysis_seed47_LEA_plus_GraphSAGE.csv,artifacts/final_masked_protocol_before_diversity_revision/rankings/q2_photocatalysis_seed47_LEA_plus_GraphSAGE.csv,scripts/run_final_mask_aware_protocol.py,configs/final_mask_aware_protocol.json,shared pool100 where applicable,,,,masked active objective-score distance,preserved before diversity revision
q2_photocatalysis_seed47_MMR.csv,artifacts/final_masked_protocol_before_diversity_revision/rankings/q2_photocatalysis_seed47_MMR.csv,scripts/run_final_mask_aware_protocol.py,configs/final_mask_aware_protocol.json,shared pool100 where applicable,,,,masked active objective-score distance,preserved before diversity revision
q2_photocatalysis_seed47_ParetoCrowding.csv,artifacts/final_masked_protocol_before_diversity_revision/rankings/q2_photocatalysis_seed47_ParetoCrowding.csv,scripts/run_final_mask_aware_protocol.py,configs/final_mask_aware_protocol.json,shared pool100 where applicable,,,,masked active objective-score distance,preserved before diversity revision
q2_photocatalysis_seed47_Random.csv,artifacts/final_masked_protocol_before_diversity_revision/rankings/q2_photocatalysis_seed47_Random.csv,scripts/run_final_mask_aware_protocol.py,configs/final_mask_aware_protocol.json,shared pool100 where applicable,,,,masked active objective-score distance,preserved before diversity revision
q2_photocatalysis_seed47_SemanticOnly.csv,artifacts/final_masked_protocol_before_diversity_revision/rankings/q2_photocatalysis_seed47_SemanticOnly.csv,scripts/run_final_mask_aware_protocol.py,configs/final_mask_aware_protocol.json,shared pool100 where applicable,,,,masked active objective-score distance,preserved before diversity revision
q2_photocatalysis_seed47_TOPSIS.csv,artifacts/final_masked_protocol_before_diversity_revision/rankings/q2_photocatalysis_seed47_TOPSIS.csv,scripts/run_final_mask_aware_protocol.py,configs/final_mask_aware_protocol.json,shared pool100 where applicable,,,,masked active objective-score distance,preserved before diversity revision
q2_photocatalysis_seed47_WeightedSum.csv,artifacts/final_masked_protocol_before_diversity_revision/rankings/q2_photocatalysis_seed47_WeightedSum.csv,scripts/run_final_mask_aware_protocol.py,configs/final_mask_aware_protocol.json,shared pool100 where applicable,,,,masked active objective-score distance,preserved before diversity revision
q2_photocatalysis_seed48_GAT_only.csv,artifacts/final_masked_protocol_before_diversity_revision/rankings/q2_photocatalysis_seed48_GAT_only.csv,scripts/run_final_mask_aware_protocol.py,configs/final_mask_aware_protocol.json,shared pool100 where applicable,,,,masked active objective-score distance,preserved before diversity revision
q2_photocatalysis_seed48_GraphSAGE_only.csv,artifacts/final_masked_protocol_before_diversity_revision/rankings/q2_photocatalysis_seed48_GraphSAGE_only.csv,scripts/run_final_mask_aware_protocol.py,configs/final_mask_aware_protocol.json,shared pool100 where applicable,,,,masked active objective-score distance,preserved before diversity revision
q2_photocatalysis_seed48_LEA.csv,artifacts/final_masked_protocol_before_diversity_revision/rankings/q2_photocatalysis_seed48_LEA.csv,scripts/run_final_mask_aware_protocol.py,configs/final_mask_aware_protocol.json,shared pool100 where applicable,,,,masked active objective-score distance,preserved before diversity revision
q2_photocatalysis_seed48_LEA_no_diversity.csv,artifacts/final_masked_protocol_before_diversity_revision/rankings/q2_photocatalysis_seed48_LEA_no_diversity.csv,scripts/run_final_mask_aware_protocol.py,configs/final_mask_aware_protocol.json,shared pool100 where applicable,,,,masked active objective-score distance,preserved before diversity revision
q2_photocatalysis_seed48_LEA_no_self-cleaning.csv,artifacts/final_masked_protocol_before_diversity_revision/rankings/q2_photocatalysis_seed48_LEA_no_self-cleaning.csv,scripts/run_final_mask_aware_protocol.py,configs/final_mask_aware_protocol.json,shared pool100 where applicable,,,,masked active objective-score distance,preserved before diversity revision
q2_photocatalysis_seed48_LEA_plus_GAT.csv,artifacts/final_masked_protocol_before_diversity_revision/rankings/q2_photocatalysis_seed48_LEA_plus_GAT.csv,scripts/run_final_mask_aware_protocol.py,configs/final_mask_aware_protocol.json,shared pool100 where applicable,,,,masked active objective-score distance,preserved before diversity revision
q2_photocatalysis_seed48_LEA_plus_GraphSAGE.csv,artifacts/final_masked_protocol_before_diversity_revision/rankings/q2_photocatalysis_seed48_LEA_plus_GraphSAGE.csv,scripts/run_final_mask_aware_protocol.py,configs/final_mask_aware_protocol.json,shared pool100 where applicable,,,,masked active objective-score distance,preserved before diversity revision
q2_photocatalysis_seed48_MMR.csv,artifacts/final_masked_protocol_before_diversity_revision/rankings/q2_photocatalysis_seed48_MMR.csv,scripts/run_final_mask_aware_protocol.py,configs/final_mask_aware_protocol.json,shared pool100 where applicable,,,,masked active objective-score distance,preserved before diversity revision
q2_photocatalysis_seed48_ParetoCrowding.csv,artifacts/final_masked_protocol_before_diversity_revision/rankings/q2_photocatalysis_seed48_ParetoCrowding.csv,scripts/run_final_mask_aware_protocol.py,configs/final_mask_aware_protocol.json,shared pool100 where applicable,,,,masked active objective-score distance,preserved before diversity revision
q2_photocatalysis_seed48_Random.csv,artifacts/final_masked_protocol_before_diversity_revision/rankings/q2_photocatalysis_seed48_Random.csv,scripts/run_final_mask_aware_protocol.py,configs/final_mask_aware_protocol.json,shared pool100 where applicable,,,,masked active objective-score distance,preserved before diversity revision
q2_photocatalysis_seed48_SemanticOnly.csv,artifacts/final_masked_protocol_before_diversity_revision/rankings/q2_photocatalysis_seed48_SemanticOnly.csv,scripts/run_final_mask_aware_protocol.py,configs/final_mask_aware_protocol.json,shared pool100 where applicable,,,,masked active objective-score distance,preserved before diversity revision
q2_photocatalysis_seed48_TOPSIS.csv,artifacts/final_masked_protocol_before_diversity_revision/rankings/q2_photocatalysis_seed48_TOPSIS.csv,scripts/run_final_mask_aware_protocol.py,configs/final_mask_aware_protocol.json,shared pool100 where applicable,,,,masked active objective-score distance,preserved before diversity revision
q2_photocatalysis_seed48_WeightedSum.csv,artifacts/final_masked_protocol_before_diversity_revision/rankings/q2_photocatalysis_seed48_WeightedSum.csv,scripts/run_final_mask_aware_protocol.py,configs/final_mask_aware_protocol.json,shared pool100 where applicable,,,,masked active objective-score distance,preserved before diversity revision
q2_photocatalysis_seed49_GAT_only.csv,artifacts/final_masked_protocol_before_diversity_revision/rankings/q2_photocatalysis_seed49_GAT_only.csv,scripts/run_final_mask_aware_protocol.py,configs/final_mask_aware_protocol.json,shared pool100 where applicable,,,,masked active objective-score distance,preserved before diversity revision
q2_photocatalysis_seed49_GraphSAGE_only.csv,artifacts/final_masked_protocol_before_diversity_revision/rankings/q2_photocatalysis_seed49_GraphSAGE_only.csv,scripts/run_final_mask_aware_protocol.py,configs/final_mask_aware_protocol.json,shared pool100 where applicable,,,,masked active objective-score distance,preserved before diversity revision
q2_photocatalysis_seed49_LEA.csv,artifacts/final_masked_protocol_before_diversity_revision/rankings/q2_photocatalysis_seed49_LEA.csv,scripts/run_final_mask_aware_protocol.py,configs/final_mask_aware_protocol.json,shared pool100 where applicable,,,,masked active objective-score distance,preserved before diversity revision
q2_photocatalysis_seed49_LEA_no_diversity.csv,artifacts/final_masked_protocol_before_diversity_revision/rankings/q2_photocatalysis_seed49_LEA_no_diversity.csv,scripts/run_final_mask_aware_protocol.py,configs/final_mask_aware_protocol.json,shared pool100 where applicable,,,,masked active objective-score distance,preserved before diversity revision
q2_photocatalysis_seed49_LEA_no_self-cleaning.csv,artifacts/final_masked_protocol_before_diversity_revision/rankings/q2_photocatalysis_seed49_LEA_no_self-cleaning.csv,scripts/run_final_mask_aware_protocol.py,configs/final_mask_aware_protocol.json,shared pool100 where applicable,,,,masked active objective-score distance,preserved before diversity revision
q2_photocatalysis_seed49_LEA_plus_GAT.csv,artifacts/final_masked_protocol_before_diversity_revision/rankings/q2_photocatalysis_seed49_LEA_plus_GAT.csv,scripts/run_final_mask_aware_protocol.py,configs/final_mask_aware_protocol.json,shared pool100 where applicable,,,,masked active objective-score distance,preserved before diversity revision
q2_photocatalysis_seed49_LEA_plus_GraphSAGE.csv,artifacts/final_masked_protocol_before_diversity_revision/rankings/q2_photocatalysis_seed49_LEA_plus_GraphSAGE.csv,scripts/run_final_mask_aware_protocol.py,configs/final_mask_aware_protocol.json,shared pool100 where applicable,,,,masked active objective-score distance,preserved before diversity revision
q2_photocatalysis_seed49_MMR.csv,artifacts/final_masked_protocol_before_diversity_revision/rankings/q2_photocatalysis_seed49_MMR.csv,scripts/run_final_mask_aware_protocol.py,configs/final_mask_aware_protocol.json,shared pool100 where applicable,,,,masked active objective-score distance,preserved before diversity revision
q2_photocatalysis_seed49_ParetoCrowding.csv,artifacts/final_masked_protocol_before_diversity_revision/rankings/q2_photocatalysis_seed49_ParetoCrowding.csv,scripts/run_final_mask_aware_protocol.py,configs/final_mask_aware_protocol.json,shared pool100 where applicable,,,,masked active objective-score distance,preserved before diversity revision
q2_photocatalysis_seed49_Random.csv,artifacts/final_masked_protocol_before_diversity_revision/rankings/q2_photocatalysis_seed49_Random.csv,scripts/run_final_mask_aware_protocol.py,configs/final_mask_aware_protocol.json,shared pool100 where applicable,,,,masked active objective-score distance,preserved before diversity revision
q2_photocatalysis_seed49_SemanticOnly.csv,artifacts/final_masked_protocol_before_diversity_revision/rankings/q2_photocatalysis_seed49_SemanticOnly.csv,scripts/run_final_mask_aware_protocol.py,configs/final_mask_aware_protocol.json,shared pool100 where applicable,,,,masked active objective-score distance,preserved before diversity revision
q2_photocatalysis_seed49_TOPSIS.csv,artifacts/final_masked_protocol_before_diversity_revision/rankings/q2_photocatalysis_seed49_TOPSIS.csv,scripts/run_final_mask_aware_protocol.py,configs/final_mask_aware_protocol.json,shared pool100 where applicable,,,,masked active objective-score distance,preserved before diversity revision
q2_photocatalysis_seed49_WeightedSum.csv,artifacts/final_masked_protocol_before_diversity_revision/rankings/q2_photocatalysis_seed49_WeightedSum.csv,scripts/run_final_mask_aware_protocol.py,configs/final_mask_aware_protocol.json,shared pool100 where applicable,,,,masked active objective-score distance,preserved before diversity revision
q2_photocatalysis_seed50_GAT_only.csv,artifacts/final_masked_protocol_before_diversity_revision/rankings/q2_photocatalysis_seed50_GAT_only.csv,scripts/run_final_mask_aware_protocol.py,configs/final_mask_aware_protocol.json,shared pool100 where applicable,,,,masked active objective-score distance,preserved before diversity revision
q2_photocatalysis_seed50_GraphSAGE_only.csv,artifacts/final_masked_protocol_before_diversity_revision/rankings/q2_photocatalysis_seed50_GraphSAGE_only.csv,scripts/run_final_mask_aware_protocol.py,configs/final_mask_aware_protocol.json,shared pool100 where applicable,,,,masked active objective-score distance,preserved before diversity revision
q2_photocatalysis_seed50_LEA.csv,artifacts/final_masked_protocol_before_diversity_revision/rankings/q2_photocatalysis_seed50_LEA.csv,scripts/run_final_mask_aware_protocol.py,configs/final_mask_aware_protocol.json,shared pool100 where applicable,,,,masked active objective-score distance,preserved before diversity revision
q2_photocatalysis_seed50_LEA_no_diversity.csv,artifacts/final_masked_protocol_before_diversity_revision/rankings/q2_photocatalysis_seed50_LEA_no_diversity.csv,scripts/run_final_mask_aware_protocol.py,configs/final_mask_aware_protocol.json,shared pool100 where applicable,,,,masked active objective-score distance,preserved before diversity revision
q2_photocatalysis_seed50_LEA_no_self-cleaning.csv,artifacts/final_masked_protocol_before_diversity_revision/rankings/q2_photocatalysis_seed50_LEA_no_self-cleaning.csv,scripts/run_final_mask_aware_protocol.py,configs/final_mask_aware_protocol.json,shared pool100 where applicable,,,,masked active objective-score distance,preserved before diversity revision
q2_photocatalysis_seed50_LEA_plus_GAT.csv,artifacts/final_masked_protocol_before_diversity_revision/rankings/q2_photocatalysis_seed50_LEA_plus_GAT.csv,scripts/run_final_mask_aware_protocol.py,configs/final_mask_aware_protocol.json,shared pool100 where applicable,,,,masked active objective-score distance,preserved before diversity revision
q2_photocatalysis_seed50_LEA_plus_GraphSAGE.csv,artifacts/final_masked_protocol_before_diversity_revision/rankings/q2_photocatalysis_seed50_LEA_plus_GraphSAGE.csv,scripts/run_final_mask_aware_protocol.py,configs/final_mask_aware_protocol.json,shared pool100 where applicable,,,,masked active objective-score distance,preserved before diversity revision
q2_photocatalysis_seed50_MMR.csv,artifacts/final_masked_protocol_before_diversity_revision/rankings/q2_photocatalysis_seed50_MMR.csv,scripts/run_final_mask_aware_protocol.py,configs/final_mask_aware_protocol.json,shared pool100 where applicable,,,,masked active objective-score distance,preserved before diversity revision
q2_photocatalysis_seed50_ParetoCrowding.csv,artifacts/final_masked_protocol_before_diversity_revision/rankings/q2_photocatalysis_seed50_ParetoCrowding.csv,scripts/run_final_mask_aware_protocol.py,configs/final_mask_aware_protocol.json,shared pool100 where applicable,,,,masked active objective-score distance,preserved before diversity revision
q2_photocatalysis_seed50_Random.csv,artifacts/final_masked_protocol_before_diversity_revision/rankings/q2_photocatalysis_seed50_Random.csv,scripts/run_final_mask_aware_protocol.py,configs/final_mask_aware_protocol.json,shared pool100 where applicable,,,,masked active objective-score distance,preserved before diversity revision
q2_photocatalysis_seed50_SemanticOnly.csv,artifacts/final_masked_protocol_before_diversity_revision/rankings/q2_photocatalysis_seed50_SemanticOnly.csv,scripts/run_final_mask_aware_protocol.py,configs/final_mask_aware_protocol.json,shared pool100 where applicable,,,,masked active objective-score distance,preserved before diversity revision
q2_photocatalysis_seed50_TOPSIS.csv,artifacts/final_masked_protocol_before_diversity_revision/rankings/q2_photocatalysis_seed50_TOPSIS.csv,scripts/run_final_mask_aware_protocol.py,configs/final_mask_aware_protocol.json,shared pool100 where applicable,,,,masked active objective-score distance,preserved before diversity revision
q2_photocatalysis_seed50_WeightedSum.csv,artifacts/final_masked_protocol_before_diversity_revision/rankings/q2_photocatalysis_seed50_WeightedSum.csv,scripts/run_final_mask_aware_protocol.py,configs/final_mask_aware_protocol.json,shared pool100 where applicable,,,,masked active objective-score distance,preserved before diversity revision
q2_photocatalysis_seed51_GAT_only.csv,artifacts/final_masked_protocol_before_diversity_revision/rankings/q2_photocatalysis_seed51_GAT_only.csv,scripts/run_final_mask_aware_protocol.py,configs/final_mask_aware_protocol.json,shared pool100 where applicable,,,,masked active objective-score distance,preserved before diversity revision
q2_photocatalysis_seed51_GraphSAGE_only.csv,artifacts/final_masked_protocol_before_diversity_revision/rankings/q2_photocatalysis_seed51_GraphSAGE_only.csv,scripts/run_final_mask_aware_protocol.py,configs/final_mask_aware_protocol.json,shared pool100 where applicable,,,,masked active objective-score distance,preserved before diversity revision
q2_photocatalysis_seed51_LEA.csv,artifacts/final_masked_protocol_before_diversity_revision/rankings/q2_photocatalysis_seed51_LEA.csv,scripts/run_final_mask_aware_protocol.py,configs/final_mask_aware_protocol.json,shared pool100 where applicable,,,,masked active objective-score distance,preserved before diversity revision
q2_photocatalysis_seed51_LEA_no_diversity.csv,artifacts/final_masked_protocol_before_diversity_revision/rankings/q2_photocatalysis_seed51_LEA_no_diversity.csv,scripts/run_final_mask_aware_protocol.py,configs/final_mask_aware_protocol.json,shared pool100 where applicable,,,,masked active objective-score distance,preserved before diversity revision
q2_photocatalysis_seed51_LEA_no_self-cleaning.csv,artifacts/final_masked_protocol_before_diversity_revision/rankings/q2_photocatalysis_seed51_LEA_no_self-cleaning.csv,scripts/run_final_mask_aware_protocol.py,configs/final_mask_aware_protocol.json,shared pool100 where applicable,,,,masked active objective-score distance,preserved before diversity revision
q2_photocatalysis_seed51_LEA_plus_GAT.csv,artifacts/final_masked_protocol_before_diversity_revision/rankings/q2_photocatalysis_seed51_LEA_plus_GAT.csv,scripts/run_final_mask_aware_protocol.py,configs/final_mask_aware_protocol.json,shared pool100 where applicable,,,,masked active objective-score distance,preserved before diversity revision
q2_photocatalysis_seed51_LEA_plus_GraphSAGE.csv,artifacts/final_masked_protocol_before_diversity_revision/rankings/q2_photocatalysis_seed51_LEA_plus_GraphSAGE.csv,scripts/run_final_mask_aware_protocol.py,configs/final_mask_aware_protocol.json,shared pool100 where applicable,,,,masked active objective-score distance,preserved before diversity revision
q2_photocatalysis_seed51_MMR.csv,artifacts/final_masked_protocol_before_diversity_revision/rankings/q2_photocatalysis_seed51_MMR.csv,scripts/run_final_mask_aware_protocol.py,configs/final_mask_aware_protocol.json,shared pool100 where applicable,,,,masked active objective-score distance,preserved before diversity revision
q2_photocatalysis_seed51_ParetoCrowding.csv,artifacts/final_masked_protocol_before_diversity_revision/rankings/q2_photocatalysis_seed51_ParetoCrowding.csv,scripts/run_final_mask_aware_protocol.py,configs/final_mask_aware_protocol.json,shared pool100 where applicable,,,,masked active objective-score distance,preserved before diversity revision
q2_photocatalysis_seed51_Random.csv,artifacts/final_masked_protocol_before_diversity_revision/rankings/q2_photocatalysis_seed51_Random.csv,scripts/run_final_mask_aware_protocol.py,configs/final_mask_aware_protocol.json,shared pool100 where applicable,,,,masked active objective-score distance,preserved before diversity revision
q2_photocatalysis_seed51_SemanticOnly.csv,artifacts/final_masked_protocol_before_diversity_revision/rankings/q2_photocatalysis_seed51_SemanticOnly.csv,scripts/run_final_mask_aware_protocol.py,configs/final_mask_aware_protocol.json,shared pool100 where applicable,,,,masked active objective-score distance,preserved before diversity revision
q2_photocatalysis_seed51_TOPSIS.csv,artifacts/final_masked_protocol_before_diversity_revision/rankings/q2_photocatalysis_seed51_TOPSIS.csv,scripts/run_final_mask_aware_protocol.py,configs/final_mask_aware_protocol.json,shared pool100 where applicable,,,,masked active objective-score distance,preserved before diversity revision
q2_photocatalysis_seed51_WeightedSum.csv,artifacts/final_masked_protocol_before_diversity_revision/rankings/q2_photocatalysis_seed51_WeightedSum.csv,scripts/run_final_mask_aware_protocol.py,configs/final_mask_aware_protocol.json,shared pool100 where applicable,,,,masked active objective-score distance,preserved before diversity revision
q3_lightweight_storage_seed42_GAT_only.csv,artifacts/final_masked_protocol_before_diversity_revision/rankings/q3_lightweight_storage_seed42_GAT_only.csv,scripts/run_final_mask_aware_protocol.py,configs/final_mask_aware_protocol.json,shared pool100 where applicable,,,,masked active objective-score distance,preserved before diversity revision
q3_lightweight_storage_seed42_GraphSAGE_only.csv,artifacts/final_masked_protocol_before_diversity_revision/rankings/q3_lightweight_storage_seed42_GraphSAGE_only.csv,scripts/run_final_mask_aware_protocol.py,configs/final_mask_aware_protocol.json,shared pool100 where applicable,,,,masked active objective-score distance,preserved before diversity revision
q3_lightweight_storage_seed42_LEA.csv,artifacts/final_masked_protocol_before_diversity_revision/rankings/q3_lightweight_storage_seed42_LEA.csv,scripts/run_final_mask_aware_protocol.py,configs/final_mask_aware_protocol.json,shared pool100 where applicable,,,,masked active objective-score distance,preserved before diversity revision
q3_lightweight_storage_seed42_LEA_no_diversity.csv,artifacts/final_masked_protocol_before_diversity_revision/rankings/q3_lightweight_storage_seed42_LEA_no_diversity.csv,scripts/run_final_mask_aware_protocol.py,configs/final_mask_aware_protocol.json,shared pool100 where applicable,,,,masked active objective-score distance,preserved before diversity revision
q3_lightweight_storage_seed42_LEA_no_self-cleaning.csv,artifacts/final_masked_protocol_before_diversity_revision/rankings/q3_lightweight_storage_seed42_LEA_no_self-cleaning.csv,scripts/run_final_mask_aware_protocol.py,configs/final_mask_aware_protocol.json,shared pool100 where applicable,,,,masked active objective-score distance,preserved before diversity revision
q3_lightweight_storage_seed42_LEA_plus_GAT.csv,artifacts/final_masked_protocol_before_diversity_revision/rankings/q3_lightweight_storage_seed42_LEA_plus_GAT.csv,scripts/run_final_mask_aware_protocol.py,configs/final_mask_aware_protocol.json,shared pool100 where applicable,,,,masked active objective-score distance,preserved before diversity revision
q3_lightweight_storage_seed42_LEA_plus_GraphSAGE.csv,artifacts/final_masked_protocol_before_diversity_revision/rankings/q3_lightweight_storage_seed42_LEA_plus_GraphSAGE.csv,scripts/run_final_mask_aware_protocol.py,configs/final_mask_aware_protocol.json,shared pool100 where applicable,,,,masked active objective-score distance,preserved before diversity revision
q3_lightweight_storage_seed42_MMR.csv,artifacts/final_masked_protocol_before_diversity_revision/rankings/q3_lightweight_storage_seed42_MMR.csv,scripts/run_final_mask_aware_protocol.py,configs/final_mask_aware_protocol.json,shared pool100 where applicable,,,,masked active objective-score distance,preserved before diversity revision
q3_lightweight_storage_seed42_ParetoCrowding.csv,artifacts/final_masked_protocol_before_diversity_revision/rankings/q3_lightweight_storage_seed42_ParetoCrowding.csv,scripts/run_final_mask_aware_protocol.py,configs/final_mask_aware_protocol.json,shared pool100 where applicable,,,,masked active objective-score distance,preserved before diversity revision
q3_lightweight_storage_seed42_Random.csv,artifacts/final_masked_protocol_before_diversity_revision/rankings/q3_lightweight_storage_seed42_Random.csv,scripts/run_final_mask_aware_protocol.py,configs/final_mask_aware_protocol.json,shared pool100 where applicable,,,,masked active objective-score distance,preserved before diversity revision
q3_lightweight_storage_seed42_SemanticOnly.csv,artifacts/final_masked_protocol_before_diversity_revision/rankings/q3_lightweight_storage_seed42_SemanticOnly.csv,scripts/run_final_mask_aware_protocol.py,configs/final_mask_aware_protocol.json,shared pool100 where applicable,,,,masked active objective-score distance,preserved before diversity revision
q3_lightweight_storage_seed42_TOPSIS.csv,artifacts/final_masked_protocol_before_diversity_revision/rankings/q3_lightweight_storage_seed42_TOPSIS.csv,scripts/run_final_mask_aware_protocol.py,configs/final_mask_aware_protocol.json,shared pool100 where applicable,,,,masked active objective-score distance,preserved before diversity revision
q3_lightweight_storage_seed42_WeightedSum.csv,artifacts/final_masked_protocol_before_diversity_revision/rankings/q3_lightweight_storage_seed42_WeightedSum.csv,scripts/run_final_mask_aware_protocol.py,configs/final_mask_aware_protocol.json,shared pool100 where applicable,,,,masked active objective-score distance,preserved before diversity revision
q3_lightweight_storage_seed43_GAT_only.csv,artifacts/final_masked_protocol_before_diversity_revision/rankings/q3_lightweight_storage_seed43_GAT_only.csv,scripts/run_final_mask_aware_protocol.py,configs/final_mask_aware_protocol.json,shared pool100 where applicable,,,,masked active objective-score distance,preserved before diversity revision
q3_lightweight_storage_seed43_GraphSAGE_only.csv,artifacts/final_masked_protocol_before_diversity_revision/rankings/q3_lightweight_storage_seed43_GraphSAGE_only.csv,scripts/run_final_mask_aware_protocol.py,configs/final_mask_aware_protocol.json,shared pool100 where applicable,,,,masked active objective-score distance,preserved before diversity revision
q3_lightweight_storage_seed43_LEA.csv,artifacts/final_masked_protocol_before_diversity_revision/rankings/q3_lightweight_storage_seed43_LEA.csv,scripts/run_final_mask_aware_protocol.py,configs/final_mask_aware_protocol.json,shared pool100 where applicable,,,,masked active objective-score distance,preserved before diversity revision
q3_lightweight_storage_seed43_LEA_no_diversity.csv,artifacts/final_masked_protocol_before_diversity_revision/rankings/q3_lightweight_storage_seed43_LEA_no_diversity.csv,scripts/run_final_mask_aware_protocol.py,configs/final_mask_aware_protocol.json,shared pool100 where applicable,,,,masked active objective-score distance,preserved before diversity revision
q3_lightweight_storage_seed43_LEA_no_self-cleaning.csv,artifacts/final_masked_protocol_before_diversity_revision/rankings/q3_lightweight_storage_seed43_LEA_no_self-cleaning.csv,scripts/run_final_mask_aware_protocol.py,configs/final_mask_aware_protocol.json,shared pool100 where applicable,,,,masked active objective-score distance,preserved before diversity revision
q3_lightweight_storage_seed43_LEA_plus_GAT.csv,artifacts/final_masked_protocol_before_diversity_revision/rankings/q3_lightweight_storage_seed43_LEA_plus_GAT.csv,scripts/run_final_mask_aware_protocol.py,configs/final_mask_aware_protocol.json,shared pool100 where applicable,,,,masked active objective-score distance,preserved before diversity revision
q3_lightweight_storage_seed43_LEA_plus_GraphSAGE.csv,artifacts/final_masked_protocol_before_diversity_revision/rankings/q3_lightweight_storage_seed43_LEA_plus_GraphSAGE.csv,scripts/run_final_mask_aware_protocol.py,configs/final_mask_aware_protocol.json,shared pool100 where applicable,,,,masked active objective-score distance,preserved before diversity revision
q3_lightweight_storage_seed43_MMR.csv,artifacts/final_masked_protocol_before_diversity_revision/rankings/q3_lightweight_storage_seed43_MMR.csv,scripts/run_final_mask_aware_protocol.py,configs/final_mask_aware_protocol.json,shared pool100 where applicable,,,,masked active objective-score distance,preserved before diversity revision
q3_lightweight_storage_seed43_ParetoCrowding.csv,artifacts/final_masked_protocol_before_diversity_revision/rankings/q3_lightweight_storage_seed43_ParetoCrowding.csv,scripts/run_final_mask_aware_protocol.py,configs/final_mask_aware_protocol.json,shared pool100 where applicable,,,,masked active objective-score distance,preserved before diversity revision
q3_lightweight_storage_seed43_Random.csv,artifacts/final_masked_protocol_before_diversity_revision/rankings/q3_lightweight_storage_seed43_Random.csv,scripts/run_final_mask_aware_protocol.py,configs/final_mask_aware_protocol.json,shared pool100 where applicable,,,,masked active objective-score distance,preserved before diversity revision
q3_lightweight_storage_seed43_SemanticOnly.csv,artifacts/final_masked_protocol_before_diversity_revision/rankings/q3_lightweight_storage_seed43_SemanticOnly.csv,scripts/run_final_mask_aware_protocol.py,configs/final_mask_aware_protocol.json,shared pool100 where applicable,,,,masked active objective-score distance,preserved before diversity revision
q3_lightweight_storage_seed43_TOPSIS.csv,artifacts/final_masked_protocol_before_diversity_revision/rankings/q3_lightweight_storage_seed43_TOPSIS.csv,scripts/run_final_mask_aware_protocol.py,configs/final_mask_aware_protocol.json,shared pool100 where applicable,,,,masked active objective-score distance,preserved before diversity revision
q3_lightweight_storage_seed43_WeightedSum.csv,artifacts/final_masked_protocol_before_diversity_revision/rankings/q3_lightweight_storage_seed43_WeightedSum.csv,scripts/run_final_mask_aware_protocol.py,configs/final_mask_aware_protocol.json,shared pool100 where applicable,,,,masked active objective-score distance,preserved before diversity revision
q3_lightweight_storage_seed44_GAT_only.csv,artifacts/final_masked_protocol_before_diversity_revision/rankings/q3_lightweight_storage_seed44_GAT_only.csv,scripts/run_final_mask_aware_protocol.py,configs/final_mask_aware_protocol.json,shared pool100 where applicable,,,,masked active objective-score distance,preserved before diversity revision
q3_lightweight_storage_seed44_GraphSAGE_only.csv,artifacts/final_masked_protocol_before_diversity_revision/rankings/q3_lightweight_storage_seed44_GraphSAGE_only.csv,scripts/run_final_mask_aware_protocol.py,configs/final_mask_aware_protocol.json,shared pool100 where applicable,,,,masked active objective-score distance,preserved before diversity revision
q3_lightweight_storage_seed44_LEA.csv,artifacts/final_masked_protocol_before_diversity_revision/rankings/q3_lightweight_storage_seed44_LEA.csv,scripts/run_final_mask_aware_protocol.py,configs/final_mask_aware_protocol.json,shared pool100 where applicable,,,,masked active objective-score distance,preserved before diversity revision
q3_lightweight_storage_seed44_LEA_no_diversity.csv,artifacts/final_masked_protocol_before_diversity_revision/rankings/q3_lightweight_storage_seed44_LEA_no_diversity.csv,scripts/run_final_mask_aware_protocol.py,configs/final_mask_aware_protocol.json,shared pool100 where applicable,,,,masked active objective-score distance,preserved before diversity revision
q3_lightweight_storage_seed44_LEA_no_self-cleaning.csv,artifacts/final_masked_protocol_before_diversity_revision/rankings/q3_lightweight_storage_seed44_LEA_no_self-cleaning.csv,scripts/run_final_mask_aware_protocol.py,configs/final_mask_aware_protocol.json,shared pool100 where applicable,,,,masked active objective-score distance,preserved before diversity revision
q3_lightweight_storage_seed44_LEA_plus_GAT.csv,artifacts/final_masked_protocol_before_diversity_revision/rankings/q3_lightweight_storage_seed44_LEA_plus_GAT.csv,scripts/run_final_mask_aware_protocol.py,configs/final_mask_aware_protocol.json,shared pool100 where applicable,,,,masked active objective-score distance,preserved before diversity revision
q3_lightweight_storage_seed44_LEA_plus_GraphSAGE.csv,artifacts/final_masked_protocol_before_diversity_revision/rankings/q3_lightweight_storage_seed44_LEA_plus_GraphSAGE.csv,scripts/run_final_mask_aware_protocol.py,configs/final_mask_aware_protocol.json,shared pool100 where applicable,,,,masked active objective-score distance,preserved before diversity revision
q3_lightweight_storage_seed44_MMR.csv,artifacts/final_masked_protocol_before_diversity_revision/rankings/q3_lightweight_storage_seed44_MMR.csv,scripts/run_final_mask_aware_protocol.py,configs/final_mask_aware_protocol.json,shared pool100 where applicable,,,,masked active objective-score distance,preserved before diversity revision
q3_lightweight_storage_seed44_ParetoCrowding.csv,artifacts/final_masked_protocol_before_diversity_revision/rankings/q3_lightweight_storage_seed44_ParetoCrowding.csv,scripts/run_final_mask_aware_protocol.py,configs/final_mask_aware_protocol.json,shared pool100 where applicable,,,,masked active objective-score distance,preserved before diversity revision
q3_lightweight_storage_seed44_Random.csv,artifacts/final_masked_protocol_before_diversity_revision/rankings/q3_lightweight_storage_seed44_Random.csv,scripts/run_final_mask_aware_protocol.py,configs/final_mask_aware_protocol.json,shared pool100 where applicable,,,,masked active objective-score distance,preserved before diversity revision
q3_lightweight_storage_seed44_SemanticOnly.csv,artifacts/final_masked_protocol_before_diversity_revision/rankings/q3_lightweight_storage_seed44_SemanticOnly.csv,scripts/run_final_mask_aware_protocol.py,configs/final_mask_aware_protocol.json,shared pool100 where applicable,,,,masked active objective-score distance,preserved before diversity revision
q3_lightweight_storage_seed44_TOPSIS.csv,artifacts/final_masked_protocol_before_diversity_revision/rankings/q3_lightweight_storage_seed44_TOPSIS.csv,scripts/run_final_mask_aware_protocol.py,configs/final_mask_aware_protocol.json,shared pool100 where applicable,,,,masked active objective-score distance,preserved before diversity revision
q3_lightweight_storage_seed44_WeightedSum.csv,artifacts/final_masked_protocol_before_diversity_revision/rankings/q3_lightweight_storage_seed44_WeightedSum.csv,scripts/run_final_mask_aware_protocol.py,configs/final_mask_aware_protocol.json,shared pool100 where applicable,,,,masked active objective-score distance,preserved before diversity revision
q3_lightweight_storage_seed45_GAT_only.csv,artifacts/final_masked_protocol_before_diversity_revision/rankings/q3_lightweight_storage_seed45_GAT_only.csv,scripts/run_final_mask_aware_protocol.py,configs/final_mask_aware_protocol.json,shared pool100 where applicable,,,,masked active objective-score distance,preserved before diversity revision
q3_lightweight_storage_seed45_GraphSAGE_only.csv,artifacts/final_masked_protocol_before_diversity_revision/rankings/q3_lightweight_storage_seed45_GraphSAGE_only.csv,scripts/run_final_mask_aware_protocol.py,configs/final_mask_aware_protocol.json,shared pool100 where applicable,,,,masked active objective-score distance,preserved before diversity revision
q3_lightweight_storage_seed45_LEA.csv,artifacts/final_masked_protocol_before_diversity_revision/rankings/q3_lightweight_storage_seed45_LEA.csv,scripts/run_final_mask_aware_protocol.py,configs/final_mask_aware_protocol.json,shared pool100 where applicable,,,,masked active objective-score distance,preserved before diversity revision
q3_lightweight_storage_seed45_LEA_no_diversity.csv,artifacts/final_masked_protocol_before_diversity_revision/rankings/q3_lightweight_storage_seed45_LEA_no_diversity.csv,scripts/run_final_mask_aware_protocol.py,configs/final_mask_aware_protocol.json,shared pool100 where applicable,,,,masked active objective-score distance,preserved before diversity revision
q3_lightweight_storage_seed45_LEA_no_self-cleaning.csv,artifacts/final_masked_protocol_before_diversity_revision/rankings/q3_lightweight_storage_seed45_LEA_no_self-cleaning.csv,scripts/run_final_mask_aware_protocol.py,configs/final_mask_aware_protocol.json,shared pool100 where applicable,,,,masked active objective-score distance,preserved before diversity revision
q3_lightweight_storage_seed45_LEA_plus_GAT.csv,artifacts/final_masked_protocol_before_diversity_revision/rankings/q3_lightweight_storage_seed45_LEA_plus_GAT.csv,scripts/run_final_mask_aware_protocol.py,configs/final_mask_aware_protocol.json,shared pool100 where applicable,,,,masked active objective-score distance,preserved before diversity revision
q3_lightweight_storage_seed45_LEA_plus_GraphSAGE.csv,artifacts/final_masked_protocol_before_diversity_revision/rankings/q3_lightweight_storage_seed45_LEA_plus_GraphSAGE.csv,scripts/run_final_mask_aware_protocol.py,configs/final_mask_aware_protocol.json,shared pool100 where applicable,,,,masked active objective-score distance,preserved before diversity revision
q3_lightweight_storage_seed45_MMR.csv,artifacts/final_masked_protocol_before_diversity_revision/rankings/q3_lightweight_storage_seed45_MMR.csv,scripts/run_final_mask_aware_protocol.py,configs/final_mask_aware_protocol.json,shared pool100 where applicable,,,,masked active objective-score distance,preserved before diversity revision
q3_lightweight_storage_seed45_ParetoCrowding.csv,artifacts/final_masked_protocol_before_diversity_revision/rankings/q3_lightweight_storage_seed45_ParetoCrowding.csv,scripts/run_final_mask_aware_protocol.py,configs/final_mask_aware_protocol.json,shared pool100 where applicable,,,,masked active objective-score distance,preserved before diversity revision
q3_lightweight_storage_seed45_Random.csv,artifacts/final_masked_protocol_before_diversity_revision/rankings/q3_lightweight_storage_seed45_Random.csv,scripts/run_final_mask_aware_protocol.py,configs/final_mask_aware_protocol.json,shared pool100 where applicable,,,,masked active objective-score distance,preserved before diversity revision
q3_lightweight_storage_seed45_SemanticOnly.csv,artifacts/final_masked_protocol_before_diversity_revision/rankings/q3_lightweight_storage_seed45_SemanticOnly.csv,scripts/run_final_mask_aware_protocol.py,configs/final_mask_aware_protocol.json,shared pool100 where applicable,,,,masked active objective-score distance,preserved before diversity revision
q3_lightweight_storage_seed45_TOPSIS.csv,artifacts/final_masked_protocol_before_diversity_revision/rankings/q3_lightweight_storage_seed45_TOPSIS.csv,scripts/run_final_mask_aware_protocol.py,configs/final_mask_aware_protocol.json,shared pool100 where applicable,,,,masked active objective-score distance,preserved before diversity revision
q3_lightweight_storage_seed45_WeightedSum.csv,artifacts/final_masked_protocol_before_diversity_revision/rankings/q3_lightweight_storage_seed45_WeightedSum.csv,scripts/run_final_mask_aware_protocol.py,configs/final_mask_aware_protocol.json,shared pool100 where applicable,,,,masked active objective-score distance,preserved before diversity revision
q3_lightweight_storage_seed46_GAT_only.csv,artifacts/final_masked_protocol_before_diversity_revision/rankings/q3_lightweight_storage_seed46_GAT_only.csv,scripts/run_final_mask_aware_protocol.py,configs/final_mask_aware_protocol.json,shared pool100 where applicable,,,,masked active objective-score distance,preserved before diversity revision
q3_lightweight_storage_seed46_GraphSAGE_only.csv,artifacts/final_masked_protocol_before_diversity_revision/rankings/q3_lightweight_storage_seed46_GraphSAGE_only.csv,scripts/run_final_mask_aware_protocol.py,configs/final_mask_aware_protocol.json,shared pool100 where applicable,,,,masked active objective-score distance,preserved before diversity revision
q3_lightweight_storage_seed46_LEA.csv,artifacts/final_masked_protocol_before_diversity_revision/rankings/q3_lightweight_storage_seed46_LEA.csv,scripts/run_final_mask_aware_protocol.py,configs/final_mask_aware_protocol.json,shared pool100 where applicable,,,,masked active objective-score distance,preserved before diversity revision
q3_lightweight_storage_seed46_LEA_no_diversity.csv,artifacts/final_masked_protocol_before_diversity_revision/rankings/q3_lightweight_storage_seed46_LEA_no_diversity.csv,scripts/run_final_mask_aware_protocol.py,configs/final_mask_aware_protocol.json,shared pool100 where applicable,,,,masked active objective-score distance,preserved before diversity revision
q3_lightweight_storage_seed46_LEA_no_self-cleaning.csv,artifacts/final_masked_protocol_before_diversity_revision/rankings/q3_lightweight_storage_seed46_LEA_no_self-cleaning.csv,scripts/run_final_mask_aware_protocol.py,configs/final_mask_aware_protocol.json,shared pool100 where applicable,,,,masked active objective-score distance,preserved before diversity revision
q3_lightweight_storage_seed46_LEA_plus_GAT.csv,artifacts/final_masked_protocol_before_diversity_revision/rankings/q3_lightweight_storage_seed46_LEA_plus_GAT.csv,scripts/run_final_mask_aware_protocol.py,configs/final_mask_aware_protocol.json,shared pool100 where applicable,,,,masked active objective-score distance,preserved before diversity revision
q3_lightweight_storage_seed46_LEA_plus_GraphSAGE.csv,artifacts/final_masked_protocol_before_diversity_revision/rankings/q3_lightweight_storage_seed46_LEA_plus_GraphSAGE.csv,scripts/run_final_mask_aware_protocol.py,configs/final_mask_aware_protocol.json,shared pool100 where applicable,,,,masked active objective-score distance,preserved before diversity revision
q3_lightweight_storage_seed46_MMR.csv,artifacts/final_masked_protocol_before_diversity_revision/rankings/q3_lightweight_storage_seed46_MMR.csv,scripts/run_final_mask_aware_protocol.py,configs/final_mask_aware_protocol.json,shared pool100 where applicable,,,,masked active objective-score distance,preserved before diversity revision
q3_lightweight_storage_seed46_ParetoCrowding.csv,artifacts/final_masked_protocol_before_diversity_revision/rankings/q3_lightweight_storage_seed46_ParetoCrowding.csv,scripts/run_final_mask_aware_protocol.py,configs/final_mask_aware_protocol.json,shared pool100 where applicable,,,,masked active objective-score distance,preserved before diversity revision
q3_lightweight_storage_seed46_Random.csv,artifacts/final_masked_protocol_before_diversity_revision/rankings/q3_lightweight_storage_seed46_Random.csv,scripts/run_final_mask_aware_protocol.py,configs/final_mask_aware_protocol.json,shared pool100 where applicable,,,,masked active objective-score distance,preserved before diversity revision
q3_lightweight_storage_seed46_SemanticOnly.csv,artifacts/final_masked_protocol_before_diversity_revision/rankings/q3_lightweight_storage_seed46_SemanticOnly.csv,scripts/run_final_mask_aware_protocol.py,configs/final_mask_aware_protocol.json,shared pool100 where applicable,,,,masked active objective-score distance,preserved before diversity revision
q3_lightweight_storage_seed46_TOPSIS.csv,artifacts/final_masked_protocol_before_diversity_revision/rankings/q3_lightweight_storage_seed46_TOPSIS.csv,scripts/run_final_mask_aware_protocol.py,configs/final_mask_aware_protocol.json,shared pool100 where applicable,,,,masked active objective-score distance,preserved before diversity revision
q3_lightweight_storage_seed46_WeightedSum.csv,artifacts/final_masked_protocol_before_diversity_revision/rankings/q3_lightweight_storage_seed46_WeightedSum.csv,scripts/run_final_mask_aware_protocol.py,configs/final_mask_aware_protocol.json,shared pool100 where applicable,,,,masked active objective-score distance,preserved before diversity revision
q3_lightweight_storage_seed47_GAT_only.csv,artifacts/final_masked_protocol_before_diversity_revision/rankings/q3_lightweight_storage_seed47_GAT_only.csv,scripts/run_final_mask_aware_protocol.py,configs/final_mask_aware_protocol.json,shared pool100 where applicable,,,,masked active objective-score distance,preserved before diversity revision
q3_lightweight_storage_seed47_GraphSAGE_only.csv,artifacts/final_masked_protocol_before_diversity_revision/rankings/q3_lightweight_storage_seed47_GraphSAGE_only.csv,scripts/run_final_mask_aware_protocol.py,configs/final_mask_aware_protocol.json,shared pool100 where applicable,,,,masked active objective-score distance,preserved before diversity revision
q3_lightweight_storage_seed47_LEA.csv,artifacts/final_masked_protocol_before_diversity_revision/rankings/q3_lightweight_storage_seed47_LEA.csv,scripts/run_final_mask_aware_protocol.py,configs/final_mask_aware_protocol.json,shared pool100 where applicable,,,,masked active objective-score distance,preserved before diversity revision
q3_lightweight_storage_seed47_LEA_no_diversity.csv,artifacts/final_masked_protocol_before_diversity_revision/rankings/q3_lightweight_storage_seed47_LEA_no_diversity.csv,scripts/run_final_mask_aware_protocol.py,configs/final_mask_aware_protocol.json,shared pool100 where applicable,,,,masked active objective-score distance,preserved before diversity revision
q3_lightweight_storage_seed47_LEA_no_self-cleaning.csv,artifacts/final_masked_protocol_before_diversity_revision/rankings/q3_lightweight_storage_seed47_LEA_no_self-cleaning.csv,scripts/run_final_mask_aware_protocol.py,configs/final_mask_aware_protocol.json,shared pool100 where applicable,,,,masked active objective-score distance,preserved before diversity revision
q3_lightweight_storage_seed47_LEA_plus_GAT.csv,artifacts/final_masked_protocol_before_diversity_revision/rankings/q3_lightweight_storage_seed47_LEA_plus_GAT.csv,scripts/run_final_mask_aware_protocol.py,configs/final_mask_aware_protocol.json,shared pool100 where applicable,,,,masked active objective-score distance,preserved before diversity revision
q3_lightweight_storage_seed47_LEA_plus_GraphSAGE.csv,artifacts/final_masked_protocol_before_diversity_revision/rankings/q3_lightweight_storage_seed47_LEA_plus_GraphSAGE.csv,scripts/run_final_mask_aware_protocol.py,configs/final_mask_aware_protocol.json,shared pool100 where applicable,,,,masked active objective-score distance,preserved before diversity revision
q3_lightweight_storage_seed47_MMR.csv,artifacts/final_masked_protocol_before_diversity_revision/rankings/q3_lightweight_storage_seed47_MMR.csv,scripts/run_final_mask_aware_protocol.py,configs/final_mask_aware_protocol.json,shared pool100 where applicable,,,,masked active objective-score distance,preserved before diversity revision
q3_lightweight_storage_seed47_ParetoCrowding.csv,artifacts/final_masked_protocol_before_diversity_revision/rankings/q3_lightweight_storage_seed47_ParetoCrowding.csv,scripts/run_final_mask_aware_protocol.py,configs/final_mask_aware_protocol.json,shared pool100 where applicable,,,,masked active objective-score distance,preserved before diversity revision
q3_lightweight_storage_seed47_Random.csv,artifacts/final_masked_protocol_before_diversity_revision/rankings/q3_lightweight_storage_seed47_Random.csv,scripts/run_final_mask_aware_protocol.py,configs/final_mask_aware_protocol.json,shared pool100 where applicable,,,,masked active objective-score distance,preserved before diversity revision
q3_lightweight_storage_seed47_SemanticOnly.csv,artifacts/final_masked_protocol_before_diversity_revision/rankings/q3_lightweight_storage_seed47_SemanticOnly.csv,scripts/run_final_mask_aware_protocol.py,configs/final_mask_aware_protocol.json,shared pool100 where applicable,,,,masked active objective-score distance,preserved before diversity revision
q3_lightweight_storage_seed47_TOPSIS.csv,artifacts/final_masked_protocol_before_diversity_revision/rankings/q3_lightweight_storage_seed47_TOPSIS.csv,scripts/run_final_mask_aware_protocol.py,configs/final_mask_aware_protocol.json,shared pool100 where applicable,,,,masked active objective-score distance,preserved before diversity revision
q3_lightweight_storage_seed47_WeightedSum.csv,artifacts/final_masked_protocol_before_diversity_revision/rankings/q3_lightweight_storage_seed47_WeightedSum.csv,scripts/run_final_mask_aware_protocol.py,configs/final_mask_aware_protocol.json,shared pool100 where applicable,,,,masked active objective-score distance,preserved before diversity revision
q3_lightweight_storage_seed48_GAT_only.csv,artifacts/final_masked_protocol_before_diversity_revision/rankings/q3_lightweight_storage_seed48_GAT_only.csv,scripts/run_final_mask_aware_protocol.py,configs/final_mask_aware_protocol.json,shared pool100 where applicable,,,,masked active objective-score distance,preserved before diversity revision
q3_lightweight_storage_seed48_GraphSAGE_only.csv,artifacts/final_masked_protocol_before_diversity_revision/rankings/q3_lightweight_storage_seed48_GraphSAGE_only.csv,scripts/run_final_mask_aware_protocol.py,configs/final_mask_aware_protocol.json,shared pool100 where applicable,,,,masked active objective-score distance,preserved before diversity revision
q3_lightweight_storage_seed48_LEA.csv,artifacts/final_masked_protocol_before_diversity_revision/rankings/q3_lightweight_storage_seed48_LEA.csv,scripts/run_final_mask_aware_protocol.py,configs/final_mask_aware_protocol.json,shared pool100 where applicable,,,,masked active objective-score distance,preserved before diversity revision
q3_lightweight_storage_seed48_LEA_no_diversity.csv,artifacts/final_masked_protocol_before_diversity_revision/rankings/q3_lightweight_storage_seed48_LEA_no_diversity.csv,scripts/run_final_mask_aware_protocol.py,configs/final_mask_aware_protocol.json,shared pool100 where applicable,,,,masked active objective-score distance,preserved before diversity revision
q3_lightweight_storage_seed48_LEA_no_self-cleaning.csv,artifacts/final_masked_protocol_before_diversity_revision/rankings/q3_lightweight_storage_seed48_LEA_no_self-cleaning.csv,scripts/run_final_mask_aware_protocol.py,configs/final_mask_aware_protocol.json,shared pool100 where applicable,,,,masked active objective-score distance,preserved before diversity revision
q3_lightweight_storage_seed48_LEA_plus_GAT.csv,artifacts/final_masked_protocol_before_diversity_revision/rankings/q3_lightweight_storage_seed48_LEA_plus_GAT.csv,scripts/run_final_mask_aware_protocol.py,configs/final_mask_aware_protocol.json,shared pool100 where applicable,,,,masked active objective-score distance,preserved before diversity revision
q3_lightweight_storage_seed48_LEA_plus_GraphSAGE.csv,artifacts/final_masked_protocol_before_diversity_revision/rankings/q3_lightweight_storage_seed48_LEA_plus_GraphSAGE.csv,scripts/run_final_mask_aware_protocol.py,configs/final_mask_aware_protocol.json,shared pool100 where applicable,,,,masked active objective-score distance,preserved before diversity revision
q3_lightweight_storage_seed48_MMR.csv,artifacts/final_masked_protocol_before_diversity_revision/rankings/q3_lightweight_storage_seed48_MMR.csv,scripts/run_final_mask_aware_protocol.py,configs/final_mask_aware_protocol.json,shared pool100 where applicable,,,,masked active objective-score distance,preserved before diversity revision
q3_lightweight_storage_seed48_ParetoCrowding.csv,artifacts/final_masked_protocol_before_diversity_revision/rankings/q3_lightweight_storage_seed48_ParetoCrowding.csv,scripts/run_final_mask_aware_protocol.py,configs/final_mask_aware_protocol.json,shared pool100 where applicable,,,,masked active objective-score distance,preserved before diversity revision
q3_lightweight_storage_seed48_Random.csv,artifacts/final_masked_protocol_before_diversity_revision/rankings/q3_lightweight_storage_seed48_Random.csv,scripts/run_final_mask_aware_protocol.py,configs/final_mask_aware_protocol.json,shared pool100 where applicable,,,,masked active objective-score distance,preserved before diversity revision
q3_lightweight_storage_seed48_SemanticOnly.csv,artifacts/final_masked_protocol_before_diversity_revision/rankings/q3_lightweight_storage_seed48_SemanticOnly.csv,scripts/run_final_mask_aware_protocol.py,configs/final_mask_aware_protocol.json,shared pool100 where applicable,,,,masked active objective-score distance,preserved before diversity revision
q3_lightweight_storage_seed48_TOPSIS.csv,artifacts/final_masked_protocol_before_diversity_revision/rankings/q3_lightweight_storage_seed48_TOPSIS.csv,scripts/run_final_mask_aware_protocol.py,configs/final_mask_aware_protocol.json,shared pool100 where applicable,,,,masked active objective-score distance,preserved before diversity revision
q3_lightweight_storage_seed48_WeightedSum.csv,artifacts/final_masked_protocol_before_diversity_revision/rankings/q3_lightweight_storage_seed48_WeightedSum.csv,scripts/run_final_mask_aware_protocol.py,configs/final_mask_aware_protocol.json,shared pool100 where applicable,,,,masked active objective-score distance,preserved before diversity revision
q3_lightweight_storage_seed49_GAT_only.csv,artifacts/final_masked_protocol_before_diversity_revision/rankings/q3_lightweight_storage_seed49_GAT_only.csv,scripts/run_final_mask_aware_protocol.py,configs/final_mask_aware_protocol.json,shared pool100 where applicable,,,,masked active objective-score distance,preserved before diversity revision
q3_lightweight_storage_seed49_GraphSAGE_only.csv,artifacts/final_masked_protocol_before_diversity_revision/rankings/q3_lightweight_storage_seed49_GraphSAGE_only.csv,scripts/run_final_mask_aware_protocol.py,configs/final_mask_aware_protocol.json,shared pool100 where applicable,,,,masked active objective-score distance,preserved before diversity revision
q3_lightweight_storage_seed49_LEA.csv,artifacts/final_masked_protocol_before_diversity_revision/rankings/q3_lightweight_storage_seed49_LEA.csv,scripts/run_final_mask_aware_protocol.py,configs/final_mask_aware_protocol.json,shared pool100 where applicable,,,,masked active objective-score distance,preserved before diversity revision
q3_lightweight_storage_seed49_LEA_no_diversity.csv,artifacts/final_masked_protocol_before_diversity_revision/rankings/q3_lightweight_storage_seed49_LEA_no_diversity.csv,scripts/run_final_mask_aware_protocol.py,configs/final_mask_aware_protocol.json,shared pool100 where applicable,,,,masked active objective-score distance,preserved before diversity revision
q3_lightweight_storage_seed49_LEA_no_self-cleaning.csv,artifacts/final_masked_protocol_before_diversity_revision/rankings/q3_lightweight_storage_seed49_LEA_no_self-cleaning.csv,scripts/run_final_mask_aware_protocol.py,configs/final_mask_aware_protocol.json,shared pool100 where applicable,,,,masked active objective-score distance,preserved before diversity revision
q3_lightweight_storage_seed49_LEA_plus_GAT.csv,artifacts/final_masked_protocol_before_diversity_revision/rankings/q3_lightweight_storage_seed49_LEA_plus_GAT.csv,scripts/run_final_mask_aware_protocol.py,configs/final_mask_aware_protocol.json,shared pool100 where applicable,,,,masked active objective-score distance,preserved before diversity revision
q3_lightweight_storage_seed49_LEA_plus_GraphSAGE.csv,artifacts/final_masked_protocol_before_diversity_revision/rankings/q3_lightweight_storage_seed49_LEA_plus_GraphSAGE.csv,scripts/run_final_mask_aware_protocol.py,configs/final_mask_aware_protocol.json,shared pool100 where applicable,,,,masked active objective-score distance,preserved before diversity revision
q3_lightweight_storage_seed49_MMR.csv,artifacts/final_masked_protocol_before_diversity_revision/rankings/q3_lightweight_storage_seed49_MMR.csv,scripts/run_final_mask_aware_protocol.py,configs/final_mask_aware_protocol.json,shared pool100 where applicable,,,,masked active objective-score distance,preserved before diversity revision
q3_lightweight_storage_seed49_ParetoCrowding.csv,artifacts/final_masked_protocol_before_diversity_revision/rankings/q3_lightweight_storage_seed49_ParetoCrowding.csv,scripts/run_final_mask_aware_protocol.py,configs/final_mask_aware_protocol.json,shared pool100 where applicable,,,,masked active objective-score distance,preserved before diversity revision
q3_lightweight_storage_seed49_Random.csv,artifacts/final_masked_protocol_before_diversity_revision/rankings/q3_lightweight_storage_seed49_Random.csv,scripts/run_final_mask_aware_protocol.py,configs/final_mask_aware_protocol.json,shared pool100 where applicable,,,,masked active objective-score distance,preserved before diversity revision
q3_lightweight_storage_seed49_SemanticOnly.csv,artifacts/final_masked_protocol_before_diversity_revision/rankings/q3_lightweight_storage_seed49_SemanticOnly.csv,scripts/run_final_mask_aware_protocol.py,configs/final_mask_aware_protocol.json,shared pool100 where applicable,,,,masked active objective-score distance,preserved before diversity revision
q3_lightweight_storage_seed49_TOPSIS.csv,artifacts/final_masked_protocol_before_diversity_revision/rankings/q3_lightweight_storage_seed49_TOPSIS.csv,scripts/run_final_mask_aware_protocol.py,configs/final_mask_aware_protocol.json,shared pool100 where applicable,,,,masked active objective-score distance,preserved before diversity revision
q3_lightweight_storage_seed49_WeightedSum.csv,artifacts/final_masked_protocol_before_diversity_revision/rankings/q3_lightweight_storage_seed49_WeightedSum.csv,scripts/run_final_mask_aware_protocol.py,configs/final_mask_aware_protocol.json,shared pool100 where applicable,,,,masked active objective-score distance,preserved before diversity revision
q3_lightweight_storage_seed50_GAT_only.csv,artifacts/final_masked_protocol_before_diversity_revision/rankings/q3_lightweight_storage_seed50_GAT_only.csv,scripts/run_final_mask_aware_protocol.py,configs/final_mask_aware_protocol.json,shared pool100 where applicable,,,,masked active objective-score distance,preserved before diversity revision
q3_lightweight_storage_seed50_GraphSAGE_only.csv,artifacts/final_masked_protocol_before_diversity_revision/rankings/q3_lightweight_storage_seed50_GraphSAGE_only.csv,scripts/run_final_mask_aware_protocol.py,configs/final_mask_aware_protocol.json,shared pool100 where applicable,,,,masked active objective-score distance,preserved before diversity revision
q3_lightweight_storage_seed50_LEA.csv,artifacts/final_masked_protocol_before_diversity_revision/rankings/q3_lightweight_storage_seed50_LEA.csv,scripts/run_final_mask_aware_protocol.py,configs/final_mask_aware_protocol.json,shared pool100 where applicable,,,,masked active objective-score distance,preserved before diversity revision
q3_lightweight_storage_seed50_LEA_no_diversity.csv,artifacts/final_masked_protocol_before_diversity_revision/rankings/q3_lightweight_storage_seed50_LEA_no_diversity.csv,scripts/run_final_mask_aware_protocol.py,configs/final_mask_aware_protocol.json,shared pool100 where applicable,,,,masked active objective-score distance,preserved before diversity revision
q3_lightweight_storage_seed50_LEA_no_self-cleaning.csv,artifacts/final_masked_protocol_before_diversity_revision/rankings/q3_lightweight_storage_seed50_LEA_no_self-cleaning.csv,scripts/run_final_mask_aware_protocol.py,configs/final_mask_aware_protocol.json,shared pool100 where applicable,,,,masked active objective-score distance,preserved before diversity revision
q3_lightweight_storage_seed50_LEA_plus_GAT.csv,artifacts/final_masked_protocol_before_diversity_revision/rankings/q3_lightweight_storage_seed50_LEA_plus_GAT.csv,scripts/run_final_mask_aware_protocol.py,configs/final_mask_aware_protocol.json,shared pool100 where applicable,,,,masked active objective-score distance,preserved before diversity revision
q3_lightweight_storage_seed50_LEA_plus_GraphSAGE.csv,artifacts/final_masked_protocol_before_diversity_revision/rankings/q3_lightweight_storage_seed50_LEA_plus_GraphSAGE.csv,scripts/run_final_mask_aware_protocol.py,configs/final_mask_aware_protocol.json,shared pool100 where applicable,,,,masked active objective-score distance,preserved before diversity revision
q3_lightweight_storage_seed50_MMR.csv,artifacts/final_masked_protocol_before_diversity_revision/rankings/q3_lightweight_storage_seed50_MMR.csv,scripts/run_final_mask_aware_protocol.py,configs/final_mask_aware_protocol.json,shared pool100 where applicable,,,,masked active objective-score distance,preserved before diversity revision
q3_lightweight_storage_seed50_ParetoCrowding.csv,artifacts/final_masked_protocol_before_diversity_revision/rankings/q3_lightweight_storage_seed50_ParetoCrowding.csv,scripts/run_final_mask_aware_protocol.py,configs/final_mask_aware_protocol.json,shared pool100 where applicable,,,,masked active objective-score distance,preserved before diversity revision
q3_lightweight_storage_seed50_Random.csv,artifacts/final_masked_protocol_before_diversity_revision/rankings/q3_lightweight_storage_seed50_Random.csv,scripts/run_final_mask_aware_protocol.py,configs/final_mask_aware_protocol.json,shared pool100 where applicable,,,,masked active objective-score distance,preserved before diversity revision
q3_lightweight_storage_seed50_SemanticOnly.csv,artifacts/final_masked_protocol_before_diversity_revision/rankings/q3_lightweight_storage_seed50_SemanticOnly.csv,scripts/run_final_mask_aware_protocol.py,configs/final_mask_aware_protocol.json,shared pool100 where applicable,,,,masked active objective-score distance,preserved before diversity revision
q3_lightweight_storage_seed50_TOPSIS.csv,artifacts/final_masked_protocol_before_diversity_revision/rankings/q3_lightweight_storage_seed50_TOPSIS.csv,scripts/run_final_mask_aware_protocol.py,configs/final_mask_aware_protocol.json,shared pool100 where applicable,,,,masked active objective-score distance,preserved before diversity revision
q3_lightweight_storage_seed50_WeightedSum.csv,artifacts/final_masked_protocol_before_diversity_revision/rankings/q3_lightweight_storage_seed50_WeightedSum.csv,scripts/run_final_mask_aware_protocol.py,configs/final_mask_aware_protocol.json,shared pool100 where applicable,,,,masked active objective-score distance,preserved before diversity revision
q3_lightweight_storage_seed51_GAT_only.csv,artifacts/final_masked_protocol_before_diversity_revision/rankings/q3_lightweight_storage_seed51_GAT_only.csv,scripts/run_final_mask_aware_protocol.py,configs/final_mask_aware_protocol.json,shared pool100 where applicable,,,,masked active objective-score distance,preserved before diversity revision
q3_lightweight_storage_seed51_GraphSAGE_only.csv,artifacts/final_masked_protocol_before_diversity_revision/rankings/q3_lightweight_storage_seed51_GraphSAGE_only.csv,scripts/run_final_mask_aware_protocol.py,configs/final_mask_aware_protocol.json,shared pool100 where applicable,,,,masked active objective-score distance,preserved before diversity revision
q3_lightweight_storage_seed51_LEA.csv,artifacts/final_masked_protocol_before_diversity_revision/rankings/q3_lightweight_storage_seed51_LEA.csv,scripts/run_final_mask_aware_protocol.py,configs/final_mask_aware_protocol.json,shared pool100 where applicable,,,,masked active objective-score distance,preserved before diversity revision
q3_lightweight_storage_seed51_LEA_no_diversity.csv,artifacts/final_masked_protocol_before_diversity_revision/rankings/q3_lightweight_storage_seed51_LEA_no_diversity.csv,scripts/run_final_mask_aware_protocol.py,configs/final_mask_aware_protocol.json,shared pool100 where applicable,,,,masked active objective-score distance,preserved before diversity revision
q3_lightweight_storage_seed51_LEA_no_self-cleaning.csv,artifacts/final_masked_protocol_before_diversity_revision/rankings/q3_lightweight_storage_seed51_LEA_no_self-cleaning.csv,scripts/run_final_mask_aware_protocol.py,configs/final_mask_aware_protocol.json,shared pool100 where applicable,,,,masked active objective-score distance,preserved before diversity revision
q3_lightweight_storage_seed51_LEA_plus_GAT.csv,artifacts/final_masked_protocol_before_diversity_revision/rankings/q3_lightweight_storage_seed51_LEA_plus_GAT.csv,scripts/run_final_mask_aware_protocol.py,configs/final_mask_aware_protocol.json,shared pool100 where applicable,,,,masked active objective-score distance,preserved before diversity revision
q3_lightweight_storage_seed51_LEA_plus_GraphSAGE.csv,artifacts/final_masked_protocol_before_diversity_revision/rankings/q3_lightweight_storage_seed51_LEA_plus_GraphSAGE.csv,scripts/run_final_mask_aware_protocol.py,configs/final_mask_aware_protocol.json,shared pool100 where applicable,,,,masked active objective-score distance,preserved before diversity revision
q3_lightweight_storage_seed51_MMR.csv,artifacts/final_masked_protocol_before_diversity_revision/rankings/q3_lightweight_storage_seed51_MMR.csv,scripts/run_final_mask_aware_protocol.py,configs/final_mask_aware_protocol.json,shared pool100 where applicable,,,,masked active objective-score distance,preserved before diversity revision
q3_lightweight_storage_seed51_ParetoCrowding.csv,artifacts/final_masked_protocol_before_diversity_revision/rankings/q3_lightweight_storage_seed51_ParetoCrowding.csv,scripts/run_final_mask_aware_protocol.py,configs/final_mask_aware_protocol.json,shared pool100 where applicable,,,,masked active objective-score distance,preserved before diversity revision
q3_lightweight_storage_seed51_Random.csv,artifacts/final_masked_protocol_before_diversity_revision/rankings/q3_lightweight_storage_seed51_Random.csv,scripts/run_final_mask_aware_protocol.py,configs/final_mask_aware_protocol.json,shared pool100 where applicable,,,,masked active objective-score distance,preserved before diversity revision
q3_lightweight_storage_seed51_SemanticOnly.csv,artifacts/final_masked_protocol_before_diversity_revision/rankings/q3_lightweight_storage_seed51_SemanticOnly.csv,scripts/run_final_mask_aware_protocol.py,configs/final_mask_aware_protocol.json,shared pool100 where applicable,,,,masked active objective-score distance,preserved before diversity revision
q3_lightweight_storage_seed51_TOPSIS.csv,artifacts/final_masked_protocol_before_diversity_revision/rankings/q3_lightweight_storage_seed51_TOPSIS.csv,scripts/run_final_mask_aware_protocol.py,configs/final_mask_aware_protocol.json,shared pool100 where applicable,,,,masked active objective-score distance,preserved before diversity revision
q3_lightweight_storage_seed51_WeightedSum.csv,artifacts/final_masked_protocol_before_diversity_revision/rankings/q3_lightweight_storage_seed51_WeightedSum.csv,scripts/run_final_mask_aware_protocol.py,configs/final_mask_aware_protocol.json,shared pool100 where applicable,,,,masked active objective-score distance,preserved before diversity revision
q4_balanced_discovery_seed42_GAT_only.csv,artifacts/final_masked_protocol_before_diversity_revision/rankings/q4_balanced_discovery_seed42_GAT_only.csv,scripts/run_final_mask_aware_protocol.py,configs/final_mask_aware_protocol.json,shared pool100 where applicable,,,,masked active objective-score distance,preserved before diversity revision
q4_balanced_discovery_seed42_GraphSAGE_only.csv,artifacts/final_masked_protocol_before_diversity_revision/rankings/q4_balanced_discovery_seed42_GraphSAGE_only.csv,scripts/run_final_mask_aware_protocol.py,configs/final_mask_aware_protocol.json,shared pool100 where applicable,,,,masked active objective-score distance,preserved before diversity revision
q4_balanced_discovery_seed42_LEA.csv,artifacts/final_masked_protocol_before_diversity_revision/rankings/q4_balanced_discovery_seed42_LEA.csv,scripts/run_final_mask_aware_protocol.py,configs/final_mask_aware_protocol.json,shared pool100 where applicable,,,,masked active objective-score distance,preserved before diversity revision
q4_balanced_discovery_seed42_LEA_no_diversity.csv,artifacts/final_masked_protocol_before_diversity_revision/rankings/q4_balanced_discovery_seed42_LEA_no_diversity.csv,scripts/run_final_mask_aware_protocol.py,configs/final_mask_aware_protocol.json,shared pool100 where applicable,,,,masked active objective-score distance,preserved before diversity revision
q4_balanced_discovery_seed42_LEA_no_self-cleaning.csv,artifacts/final_masked_protocol_before_diversity_revision/rankings/q4_balanced_discovery_seed42_LEA_no_self-cleaning.csv,scripts/run_final_mask_aware_protocol.py,configs/final_mask_aware_protocol.json,shared pool100 where applicable,,,,masked active objective-score distance,preserved before diversity revision
q4_balanced_discovery_seed42_LEA_plus_GAT.csv,artifacts/final_masked_protocol_before_diversity_revision/rankings/q4_balanced_discovery_seed42_LEA_plus_GAT.csv,scripts/run_final_mask_aware_protocol.py,configs/final_mask_aware_protocol.json,shared pool100 where applicable,,,,masked active objective-score distance,preserved before diversity revision
q4_balanced_discovery_seed42_LEA_plus_GraphSAGE.csv,artifacts/final_masked_protocol_before_diversity_revision/rankings/q4_balanced_discovery_seed42_LEA_plus_GraphSAGE.csv,scripts/run_final_mask_aware_protocol.py,configs/final_mask_aware_protocol.json,shared pool100 where applicable,,,,masked active objective-score distance,preserved before diversity revision
q4_balanced_discovery_seed42_MMR.csv,artifacts/final_masked_protocol_before_diversity_revision/rankings/q4_balanced_discovery_seed42_MMR.csv,scripts/run_final_mask_aware_protocol.py,configs/final_mask_aware_protocol.json,shared pool100 where applicable,,,,masked active objective-score distance,preserved before diversity revision
q4_balanced_discovery_seed42_ParetoCrowding.csv,artifacts/final_masked_protocol_before_diversity_revision/rankings/q4_balanced_discovery_seed42_ParetoCrowding.csv,scripts/run_final_mask_aware_protocol.py,configs/final_mask_aware_protocol.json,shared pool100 where applicable,,,,masked active objective-score distance,preserved before diversity revision
q4_balanced_discovery_seed42_Random.csv,artifacts/final_masked_protocol_before_diversity_revision/rankings/q4_balanced_discovery_seed42_Random.csv,scripts/run_final_mask_aware_protocol.py,configs/final_mask_aware_protocol.json,shared pool100 where applicable,,,,masked active objective-score distance,preserved before diversity revision
q4_balanced_discovery_seed42_SemanticOnly.csv,artifacts/final_masked_protocol_before_diversity_revision/rankings/q4_balanced_discovery_seed42_SemanticOnly.csv,scripts/run_final_mask_aware_protocol.py,configs/final_mask_aware_protocol.json,shared pool100 where applicable,,,,masked active objective-score distance,preserved before diversity revision
q4_balanced_discovery_seed42_TOPSIS.csv,artifacts/final_masked_protocol_before_diversity_revision/rankings/q4_balanced_discovery_seed42_TOPSIS.csv,scripts/run_final_mask_aware_protocol.py,configs/final_mask_aware_protocol.json,shared pool100 where applicable,,,,masked active objective-score distance,preserved before diversity revision
q4_balanced_discovery_seed42_WeightedSum.csv,artifacts/final_masked_protocol_before_diversity_revision/rankings/q4_balanced_discovery_seed42_WeightedSum.csv,scripts/run_final_mask_aware_protocol.py,configs/final_mask_aware_protocol.json,shared pool100 where applicable,,,,masked active objective-score distance,preserved before diversity revision
q4_balanced_discovery_seed43_GAT_only.csv,artifacts/final_masked_protocol_before_diversity_revision/rankings/q4_balanced_discovery_seed43_GAT_only.csv,scripts/run_final_mask_aware_protocol.py,configs/final_mask_aware_protocol.json,shared pool100 where applicable,,,,masked active objective-score distance,preserved before diversity revision
q4_balanced_discovery_seed43_GraphSAGE_only.csv,artifacts/final_masked_protocol_before_diversity_revision/rankings/q4_balanced_discovery_seed43_GraphSAGE_only.csv,scripts/run_final_mask_aware_protocol.py,configs/final_mask_aware_protocol.json,shared pool100 where applicable,,,,masked active objective-score distance,preserved before diversity revision
q4_balanced_discovery_seed43_LEA.csv,artifacts/final_masked_protocol_before_diversity_revision/rankings/q4_balanced_discovery_seed43_LEA.csv,scripts/run_final_mask_aware_protocol.py,configs/final_mask_aware_protocol.json,shared pool100 where applicable,,,,masked active objective-score distance,preserved before diversity revision
q4_balanced_discovery_seed43_LEA_no_diversity.csv,artifacts/final_masked_protocol_before_diversity_revision/rankings/q4_balanced_discovery_seed43_LEA_no_diversity.csv,scripts/run_final_mask_aware_protocol.py,configs/final_mask_aware_protocol.json,shared pool100 where applicable,,,,masked active objective-score distance,preserved before diversity revision
q4_balanced_discovery_seed43_LEA_no_self-cleaning.csv,artifacts/final_masked_protocol_before_diversity_revision/rankings/q4_balanced_discovery_seed43_LEA_no_self-cleaning.csv,scripts/run_final_mask_aware_protocol.py,configs/final_mask_aware_protocol.json,shared pool100 where applicable,,,,masked active objective-score distance,preserved before diversity revision
q4_balanced_discovery_seed43_LEA_plus_GAT.csv,artifacts/final_masked_protocol_before_diversity_revision/rankings/q4_balanced_discovery_seed43_LEA_plus_GAT.csv,scripts/run_final_mask_aware_protocol.py,configs/final_mask_aware_protocol.json,shared pool100 where applicable,,,,masked active objective-score distance,preserved before diversity revision
q4_balanced_discovery_seed43_LEA_plus_GraphSAGE.csv,artifacts/final_masked_protocol_before_diversity_revision/rankings/q4_balanced_discovery_seed43_LEA_plus_GraphSAGE.csv,scripts/run_final_mask_aware_protocol.py,configs/final_mask_aware_protocol.json,shared pool100 where applicable,,,,masked active objective-score distance,preserved before diversity revision
q4_balanced_discovery_seed43_MMR.csv,artifacts/final_masked_protocol_before_diversity_revision/rankings/q4_balanced_discovery_seed43_MMR.csv,scripts/run_final_mask_aware_protocol.py,configs/final_mask_aware_protocol.json,shared pool100 where applicable,,,,masked active objective-score distance,preserved before diversity revision
q4_balanced_discovery_seed43_ParetoCrowding.csv,artifacts/final_masked_protocol_before_diversity_revision/rankings/q4_balanced_discovery_seed43_ParetoCrowding.csv,scripts/run_final_mask_aware_protocol.py,configs/final_mask_aware_protocol.json,shared pool100 where applicable,,,,masked active objective-score distance,preserved before diversity revision
q4_balanced_discovery_seed43_Random.csv,artifacts/final_masked_protocol_before_diversity_revision/rankings/q4_balanced_discovery_seed43_Random.csv,scripts/run_final_mask_aware_protocol.py,configs/final_mask_aware_protocol.json,shared pool100 where applicable,,,,masked active objective-score distance,preserved before diversity revision
q4_balanced_discovery_seed43_SemanticOnly.csv,artifacts/final_masked_protocol_before_diversity_revision/rankings/q4_balanced_discovery_seed43_SemanticOnly.csv,scripts/run_final_mask_aware_protocol.py,configs/final_mask_aware_protocol.json,shared pool100 where applicable,,,,masked active objective-score distance,preserved before diversity revision
q4_balanced_discovery_seed43_TOPSIS.csv,artifacts/final_masked_protocol_before_diversity_revision/rankings/q4_balanced_discovery_seed43_TOPSIS.csv,scripts/run_final_mask_aware_protocol.py,configs/final_mask_aware_protocol.json,shared pool100 where applicable,,,,masked active objective-score distance,preserved before diversity revision
q4_balanced_discovery_seed43_WeightedSum.csv,artifacts/final_masked_protocol_before_diversity_revision/rankings/q4_balanced_discovery_seed43_WeightedSum.csv,scripts/run_final_mask_aware_protocol.py,configs/final_mask_aware_protocol.json,shared pool100 where applicable,,,,masked active objective-score distance,preserved before diversity revision
q4_balanced_discovery_seed44_GAT_only.csv,artifacts/final_masked_protocol_before_diversity_revision/rankings/q4_balanced_discovery_seed44_GAT_only.csv,scripts/run_final_mask_aware_protocol.py,configs/final_mask_aware_protocol.json,shared pool100 where applicable,,,,masked active objective-score distance,preserved before diversity revision
q4_balanced_discovery_seed44_GraphSAGE_only.csv,artifacts/final_masked_protocol_before_diversity_revision/rankings/q4_balanced_discovery_seed44_GraphSAGE_only.csv,scripts/run_final_mask_aware_protocol.py,configs/final_mask_aware_protocol.json,shared pool100 where applicable,,,,masked active objective-score distance,preserved before diversity revision
q4_balanced_discovery_seed44_LEA.csv,artifacts/final_masked_protocol_before_diversity_revision/rankings/q4_balanced_discovery_seed44_LEA.csv,scripts/run_final_mask_aware_protocol.py,configs/final_mask_aware_protocol.json,shared pool100 where applicable,,,,masked active objective-score distance,preserved before diversity revision
q4_balanced_discovery_seed44_LEA_no_diversity.csv,artifacts/final_masked_protocol_before_diversity_revision/rankings/q4_balanced_discovery_seed44_LEA_no_diversity.csv,scripts/run_final_mask_aware_protocol.py,configs/final_mask_aware_protocol.json,shared pool100 where applicable,,,,masked active objective-score distance,preserved before diversity revision
q4_balanced_discovery_seed44_LEA_no_self-cleaning.csv,artifacts/final_masked_protocol_before_diversity_revision/rankings/q4_balanced_discovery_seed44_LEA_no_self-cleaning.csv,scripts/run_final_mask_aware_protocol.py,configs/final_mask_aware_protocol.json,shared pool100 where applicable,,,,masked active objective-score distance,preserved before diversity revision
q4_balanced_discovery_seed44_LEA_plus_GAT.csv,artifacts/final_masked_protocol_before_diversity_revision/rankings/q4_balanced_discovery_seed44_LEA_plus_GAT.csv,scripts/run_final_mask_aware_protocol.py,configs/final_mask_aware_protocol.json,shared pool100 where applicable,,,,masked active objective-score distance,preserved before diversity revision
q4_balanced_discovery_seed44_LEA_plus_GraphSAGE.csv,artifacts/final_masked_protocol_before_diversity_revision/rankings/q4_balanced_discovery_seed44_LEA_plus_GraphSAGE.csv,scripts/run_final_mask_aware_protocol.py,configs/final_mask_aware_protocol.json,shared pool100 where applicable,,,,masked active objective-score distance,preserved before diversity revision
q4_balanced_discovery_seed44_MMR.csv,artifacts/final_masked_protocol_before_diversity_revision/rankings/q4_balanced_discovery_seed44_MMR.csv,scripts/run_final_mask_aware_protocol.py,configs/final_mask_aware_protocol.json,shared pool100 where applicable,,,,masked active objective-score distance,preserved before diversity revision
q4_balanced_discovery_seed44_ParetoCrowding.csv,artifacts/final_masked_protocol_before_diversity_revision/rankings/q4_balanced_discovery_seed44_ParetoCrowding.csv,scripts/run_final_mask_aware_protocol.py,configs/final_mask_aware_protocol.json,shared pool100 where applicable,,,,masked active objective-score distance,preserved before diversity revision
q4_balanced_discovery_seed44_Random.csv,artifacts/final_masked_protocol_before_diversity_revision/rankings/q4_balanced_discovery_seed44_Random.csv,scripts/run_final_mask_aware_protocol.py,configs/final_mask_aware_protocol.json,shared pool100 where applicable,,,,masked active objective-score distance,preserved before diversity revision
q4_balanced_discovery_seed44_SemanticOnly.csv,artifacts/final_masked_protocol_before_diversity_revision/rankings/q4_balanced_discovery_seed44_SemanticOnly.csv,scripts/run_final_mask_aware_protocol.py,configs/final_mask_aware_protocol.json,shared pool100 where applicable,,,,masked active objective-score distance,preserved before diversity revision
q4_balanced_discovery_seed44_TOPSIS.csv,artifacts/final_masked_protocol_before_diversity_revision/rankings/q4_balanced_discovery_seed44_TOPSIS.csv,scripts/run_final_mask_aware_protocol.py,configs/final_mask_aware_protocol.json,shared pool100 where applicable,,,,masked active objective-score distance,preserved before diversity revision
q4_balanced_discovery_seed44_WeightedSum.csv,artifacts/final_masked_protocol_before_diversity_revision/rankings/q4_balanced_discovery_seed44_WeightedSum.csv,scripts/run_final_mask_aware_protocol.py,configs/final_mask_aware_protocol.json,shared pool100 where applicable,,,,masked active objective-score distance,preserved before diversity revision
q4_balanced_discovery_seed45_GAT_only.csv,artifacts/final_masked_protocol_before_diversity_revision/rankings/q4_balanced_discovery_seed45_GAT_only.csv,scripts/run_final_mask_aware_protocol.py,configs/final_mask_aware_protocol.json,shared pool100 where applicable,,,,masked active objective-score distance,preserved before diversity revision
q4_balanced_discovery_seed45_GraphSAGE_only.csv,artifacts/final_masked_protocol_before_diversity_revision/rankings/q4_balanced_discovery_seed45_GraphSAGE_only.csv,scripts/run_final_mask_aware_protocol.py,configs/final_mask_aware_protocol.json,shared pool100 where applicable,,,,masked active objective-score distance,preserved before diversity revision
q4_balanced_discovery_seed45_LEA.csv,artifacts/final_masked_protocol_before_diversity_revision/rankings/q4_balanced_discovery_seed45_LEA.csv,scripts/run_final_mask_aware_protocol.py,configs/final_mask_aware_protocol.json,shared pool100 where applicable,,,,masked active objective-score distance,preserved before diversity revision
q4_balanced_discovery_seed45_LEA_no_diversity.csv,artifacts/final_masked_protocol_before_diversity_revision/rankings/q4_balanced_discovery_seed45_LEA_no_diversity.csv,scripts/run_final_mask_aware_protocol.py,configs/final_mask_aware_protocol.json,shared pool100 where applicable,,,,masked active objective-score distance,preserved before diversity revision
q4_balanced_discovery_seed45_LEA_no_self-cleaning.csv,artifacts/final_masked_protocol_before_diversity_revision/rankings/q4_balanced_discovery_seed45_LEA_no_self-cleaning.csv,scripts/run_final_mask_aware_protocol.py,configs/final_mask_aware_protocol.json,shared pool100 where applicable,,,,masked active objective-score distance,preserved before diversity revision
q4_balanced_discovery_seed45_LEA_plus_GAT.csv,artifacts/final_masked_protocol_before_diversity_revision/rankings/q4_balanced_discovery_seed45_LEA_plus_GAT.csv,scripts/run_final_mask_aware_protocol.py,configs/final_mask_aware_protocol.json,shared pool100 where applicable,,,,masked active objective-score distance,preserved before diversity revision
q4_balanced_discovery_seed45_LEA_plus_GraphSAGE.csv,artifacts/final_masked_protocol_before_diversity_revision/rankings/q4_balanced_discovery_seed45_LEA_plus_GraphSAGE.csv,scripts/run_final_mask_aware_protocol.py,configs/final_mask_aware_protocol.json,shared pool100 where applicable,,,,masked active objective-score distance,preserved before diversity revision
q4_balanced_discovery_seed45_MMR.csv,artifacts/final_masked_protocol_before_diversity_revision/rankings/q4_balanced_discovery_seed45_MMR.csv,scripts/run_final_mask_aware_protocol.py,configs/final_mask_aware_protocol.json,shared pool100 where applicable,,,,masked active objective-score distance,preserved before diversity revision
q4_balanced_discovery_seed45_ParetoCrowding.csv,artifacts/final_masked_protocol_before_diversity_revision/rankings/q4_balanced_discovery_seed45_ParetoCrowding.csv,scripts/run_final_mask_aware_protocol.py,configs/final_mask_aware_protocol.json,shared pool100 where applicable,,,,masked active objective-score distance,preserved before diversity revision
q4_balanced_discovery_seed45_Random.csv,artifacts/final_masked_protocol_before_diversity_revision/rankings/q4_balanced_discovery_seed45_Random.csv,scripts/run_final_mask_aware_protocol.py,configs/final_mask_aware_protocol.json,shared pool100 where applicable,,,,masked active objective-score distance,preserved before diversity revision
q4_balanced_discovery_seed45_SemanticOnly.csv,artifacts/final_masked_protocol_before_diversity_revision/rankings/q4_balanced_discovery_seed45_SemanticOnly.csv,scripts/run_final_mask_aware_protocol.py,configs/final_mask_aware_protocol.json,shared pool100 where applicable,,,,masked active objective-score distance,preserved before diversity revision
q4_balanced_discovery_seed45_TOPSIS.csv,artifacts/final_masked_protocol_before_diversity_revision/rankings/q4_balanced_discovery_seed45_TOPSIS.csv,scripts/run_final_mask_aware_protocol.py,configs/final_mask_aware_protocol.json,shared pool100 where applicable,,,,masked active objective-score distance,preserved before diversity revision
q4_balanced_discovery_seed45_WeightedSum.csv,artifacts/final_masked_protocol_before_diversity_revision/rankings/q4_balanced_discovery_seed45_WeightedSum.csv,scripts/run_final_mask_aware_protocol.py,configs/final_mask_aware_protocol.json,shared pool100 where applicable,,,,masked active objective-score distance,preserved before diversity revision
q4_balanced_discovery_seed46_GAT_only.csv,artifacts/final_masked_protocol_before_diversity_revision/rankings/q4_balanced_discovery_seed46_GAT_only.csv,scripts/run_final_mask_aware_protocol.py,configs/final_mask_aware_protocol.json,shared pool100 where applicable,,,,masked active objective-score distance,preserved before diversity revision
q4_balanced_discovery_seed46_GraphSAGE_only.csv,artifacts/final_masked_protocol_before_diversity_revision/rankings/q4_balanced_discovery_seed46_GraphSAGE_only.csv,scripts/run_final_mask_aware_protocol.py,configs/final_mask_aware_protocol.json,shared pool100 where applicable,,,,masked active objective-score distance,preserved before diversity revision
q4_balanced_discovery_seed46_LEA.csv,artifacts/final_masked_protocol_before_diversity_revision/rankings/q4_balanced_discovery_seed46_LEA.csv,scripts/run_final_mask_aware_protocol.py,configs/final_mask_aware_protocol.json,shared pool100 where applicable,,,,masked active objective-score distance,preserved before diversity revision
q4_balanced_discovery_seed46_LEA_no_diversity.csv,artifacts/final_masked_protocol_before_diversity_revision/rankings/q4_balanced_discovery_seed46_LEA_no_diversity.csv,scripts/run_final_mask_aware_protocol.py,configs/final_mask_aware_protocol.json,shared pool100 where applicable,,,,masked active objective-score distance,preserved before diversity revision
q4_balanced_discovery_seed46_LEA_no_self-cleaning.csv,artifacts/final_masked_protocol_before_diversity_revision/rankings/q4_balanced_discovery_seed46_LEA_no_self-cleaning.csv,scripts/run_final_mask_aware_protocol.py,configs/final_mask_aware_protocol.json,shared pool100 where applicable,,,,masked active objective-score distance,preserved before diversity revision
q4_balanced_discovery_seed46_LEA_plus_GAT.csv,artifacts/final_masked_protocol_before_diversity_revision/rankings/q4_balanced_discovery_seed46_LEA_plus_GAT.csv,scripts/run_final_mask_aware_protocol.py,configs/final_mask_aware_protocol.json,shared pool100 where applicable,,,,masked active objective-score distance,preserved before diversity revision
q4_balanced_discovery_seed46_LEA_plus_GraphSAGE.csv,artifacts/final_masked_protocol_before_diversity_revision/rankings/q4_balanced_discovery_seed46_LEA_plus_GraphSAGE.csv,scripts/run_final_mask_aware_protocol.py,configs/final_mask_aware_protocol.json,shared pool100 where applicable,,,,masked active objective-score distance,preserved before diversity revision
q4_balanced_discovery_seed46_MMR.csv,artifacts/final_masked_protocol_before_diversity_revision/rankings/q4_balanced_discovery_seed46_MMR.csv,scripts/run_final_mask_aware_protocol.py,configs/final_mask_aware_protocol.json,shared pool100 where applicable,,,,masked active objective-score distance,preserved before diversity revision
q4_balanced_discovery_seed46_ParetoCrowding.csv,artifacts/final_masked_protocol_before_diversity_revision/rankings/q4_balanced_discovery_seed46_ParetoCrowding.csv,scripts/run_final_mask_aware_protocol.py,configs/final_mask_aware_protocol.json,shared pool100 where applicable,,,,masked active objective-score distance,preserved before diversity revision
q4_balanced_discovery_seed46_Random.csv,artifacts/final_masked_protocol_before_diversity_revision/rankings/q4_balanced_discovery_seed46_Random.csv,scripts/run_final_mask_aware_protocol.py,configs/final_mask_aware_protocol.json,shared pool100 where applicable,,,,masked active objective-score distance,preserved before diversity revision
q4_balanced_discovery_seed46_SemanticOnly.csv,artifacts/final_masked_protocol_before_diversity_revision/rankings/q4_balanced_discovery_seed46_SemanticOnly.csv,scripts/run_final_mask_aware_protocol.py,configs/final_mask_aware_protocol.json,shared pool100 where applicable,,,,masked active objective-score distance,preserved before diversity revision
q4_balanced_discovery_seed46_TOPSIS.csv,artifacts/final_masked_protocol_before_diversity_revision/rankings/q4_balanced_discovery_seed46_TOPSIS.csv,scripts/run_final_mask_aware_protocol.py,configs/final_mask_aware_protocol.json,shared pool100 where applicable,,,,masked active objective-score distance,preserved before diversity revision
q4_balanced_discovery_seed46_WeightedSum.csv,artifacts/final_masked_protocol_before_diversity_revision/rankings/q4_balanced_discovery_seed46_WeightedSum.csv,scripts/run_final_mask_aware_protocol.py,configs/final_mask_aware_protocol.json,shared pool100 where applicable,,,,masked active objective-score distance,preserved before diversity revision
q4_balanced_discovery_seed47_GAT_only.csv,artifacts/final_masked_protocol_before_diversity_revision/rankings/q4_balanced_discovery_seed47_GAT_only.csv,scripts/run_final_mask_aware_protocol.py,configs/final_mask_aware_protocol.json,shared pool100 where applicable,,,,masked active objective-score distance,preserved before diversity revision
q4_balanced_discovery_seed47_GraphSAGE_only.csv,artifacts/final_masked_protocol_before_diversity_revision/rankings/q4_balanced_discovery_seed47_GraphSAGE_only.csv,scripts/run_final_mask_aware_protocol.py,configs/final_mask_aware_protocol.json,shared pool100 where applicable,,,,masked active objective-score distance,preserved before diversity revision
q4_balanced_discovery_seed47_LEA.csv,artifacts/final_masked_protocol_before_diversity_revision/rankings/q4_balanced_discovery_seed47_LEA.csv,scripts/run_final_mask_aware_protocol.py,configs/final_mask_aware_protocol.json,shared pool100 where applicable,,,,masked active objective-score distance,preserved before diversity revision
q4_balanced_discovery_seed47_LEA_no_diversity.csv,artifacts/final_masked_protocol_before_diversity_revision/rankings/q4_balanced_discovery_seed47_LEA_no_diversity.csv,scripts/run_final_mask_aware_protocol.py,configs/final_mask_aware_protocol.json,shared pool100 where applicable,,,,masked active objective-score distance,preserved before diversity revision
q4_balanced_discovery_seed47_LEA_no_self-cleaning.csv,artifacts/final_masked_protocol_before_diversity_revision/rankings/q4_balanced_discovery_seed47_LEA_no_self-cleaning.csv,scripts/run_final_mask_aware_protocol.py,configs/final_mask_aware_protocol.json,shared pool100 where applicable,,,,masked active objective-score distance,preserved before diversity revision
q4_balanced_discovery_seed47_LEA_plus_GAT.csv,artifacts/final_masked_protocol_before_diversity_revision/rankings/q4_balanced_discovery_seed47_LEA_plus_GAT.csv,scripts/run_final_mask_aware_protocol.py,configs/final_mask_aware_protocol.json,shared pool100 where applicable,,,,masked active objective-score distance,preserved before diversity revision
q4_balanced_discovery_seed47_LEA_plus_GraphSAGE.csv,artifacts/final_masked_protocol_before_diversity_revision/rankings/q4_balanced_discovery_seed47_LEA_plus_GraphSAGE.csv,scripts/run_final_mask_aware_protocol.py,configs/final_mask_aware_protocol.json,shared pool100 where applicable,,,,masked active objective-score distance,preserved before diversity revision
q4_balanced_discovery_seed47_MMR.csv,artifacts/final_masked_protocol_before_diversity_revision/rankings/q4_balanced_discovery_seed47_MMR.csv,scripts/run_final_mask_aware_protocol.py,configs/final_mask_aware_protocol.json,shared pool100 where applicable,,,,masked active objective-score distance,preserved before diversity revision
q4_balanced_discovery_seed47_ParetoCrowding.csv,artifacts/final_masked_protocol_before_diversity_revision/rankings/q4_balanced_discovery_seed47_ParetoCrowding.csv,scripts/run_final_mask_aware_protocol.py,configs/final_mask_aware_protocol.json,shared pool100 where applicable,,,,masked active objective-score distance,preserved before diversity revision
q4_balanced_discovery_seed47_Random.csv,artifacts/final_masked_protocol_before_diversity_revision/rankings/q4_balanced_discovery_seed47_Random.csv,scripts/run_final_mask_aware_protocol.py,configs/final_mask_aware_protocol.json,shared pool100 where applicable,,,,masked active objective-score distance,preserved before diversity revision
q4_balanced_discovery_seed47_SemanticOnly.csv,artifacts/final_masked_protocol_before_diversity_revision/rankings/q4_balanced_discovery_seed47_SemanticOnly.csv,scripts/run_final_mask_aware_protocol.py,configs/final_mask_aware_protocol.json,shared pool100 where applicable,,,,masked active objective-score distance,preserved before diversity revision
q4_balanced_discovery_seed47_TOPSIS.csv,artifacts/final_masked_protocol_before_diversity_revision/rankings/q4_balanced_discovery_seed47_TOPSIS.csv,scripts/run_final_mask_aware_protocol.py,configs/final_mask_aware_protocol.json,shared pool100 where applicable,,,,masked active objective-score distance,preserved before diversity revision
q4_balanced_discovery_seed47_WeightedSum.csv,artifacts/final_masked_protocol_before_diversity_revision/rankings/q4_balanced_discovery_seed47_WeightedSum.csv,scripts/run_final_mask_aware_protocol.py,configs/final_mask_aware_protocol.json,shared pool100 where applicable,,,,masked active objective-score distance,preserved before diversity revision
q4_balanced_discovery_seed48_GAT_only.csv,artifacts/final_masked_protocol_before_diversity_revision/rankings/q4_balanced_discovery_seed48_GAT_only.csv,scripts/run_final_mask_aware_protocol.py,configs/final_mask_aware_protocol.json,shared pool100 where applicable,,,,masked active objective-score distance,preserved before diversity revision
q4_balanced_discovery_seed48_GraphSAGE_only.csv,artifacts/final_masked_protocol_before_diversity_revision/rankings/q4_balanced_discovery_seed48_GraphSAGE_only.csv,scripts/run_final_mask_aware_protocol.py,configs/final_mask_aware_protocol.json,shared pool100 where applicable,,,,masked active objective-score distance,preserved before diversity revision
q4_balanced_discovery_seed48_LEA.csv,artifacts/final_masked_protocol_before_diversity_revision/rankings/q4_balanced_discovery_seed48_LEA.csv,scripts/run_final_mask_aware_protocol.py,configs/final_mask_aware_protocol.json,shared pool100 where applicable,,,,masked active objective-score distance,preserved before diversity revision
q4_balanced_discovery_seed48_LEA_no_diversity.csv,artifacts/final_masked_protocol_before_diversity_revision/rankings/q4_balanced_discovery_seed48_LEA_no_diversity.csv,scripts/run_final_mask_aware_protocol.py,configs/final_mask_aware_protocol.json,shared pool100 where applicable,,,,masked active objective-score distance,preserved before diversity revision
q4_balanced_discovery_seed48_LEA_no_self-cleaning.csv,artifacts/final_masked_protocol_before_diversity_revision/rankings/q4_balanced_discovery_seed48_LEA_no_self-cleaning.csv,scripts/run_final_mask_aware_protocol.py,configs/final_mask_aware_protocol.json,shared pool100 where applicable,,,,masked active objective-score distance,preserved before diversity revision
q4_balanced_discovery_seed48_LEA_plus_GAT.csv,artifacts/final_masked_protocol_before_diversity_revision/rankings/q4_balanced_discovery_seed48_LEA_plus_GAT.csv,scripts/run_final_mask_aware_protocol.py,configs/final_mask_aware_protocol.json,shared pool100 where applicable,,,,masked active objective-score distance,preserved before diversity revision
q4_balanced_discovery_seed48_LEA_plus_GraphSAGE.csv,artifacts/final_masked_protocol_before_diversity_revision/rankings/q4_balanced_discovery_seed48_LEA_plus_GraphSAGE.csv,scripts/run_final_mask_aware_protocol.py,configs/final_mask_aware_protocol.json,shared pool100 where applicable,,,,masked active objective-score distance,preserved before diversity revision
q4_balanced_discovery_seed48_MMR.csv,artifacts/final_masked_protocol_before_diversity_revision/rankings/q4_balanced_discovery_seed48_MMR.csv,scripts/run_final_mask_aware_protocol.py,configs/final_mask_aware_protocol.json,shared pool100 where applicable,,,,masked active objective-score distance,preserved before diversity revision
q4_balanced_discovery_seed48_ParetoCrowding.csv,artifacts/final_masked_protocol_before_diversity_revision/rankings/q4_balanced_discovery_seed48_ParetoCrowding.csv,scripts/run_final_mask_aware_protocol.py,configs/final_mask_aware_protocol.json,shared pool100 where applicable,,,,masked active objective-score distance,preserved before diversity revision
q4_balanced_discovery_seed48_Random.csv,artifacts/final_masked_protocol_before_diversity_revision/rankings/q4_balanced_discovery_seed48_Random.csv,scripts/run_final_mask_aware_protocol.py,configs/final_mask_aware_protocol.json,shared pool100 where applicable,,,,masked active objective-score distance,preserved before diversity revision
q4_balanced_discovery_seed48_SemanticOnly.csv,artifacts/final_masked_protocol_before_diversity_revision/rankings/q4_balanced_discovery_seed48_SemanticOnly.csv,scripts/run_final_mask_aware_protocol.py,configs/final_mask_aware_protocol.json,shared pool100 where applicable,,,,masked active objective-score distance,preserved before diversity revision
q4_balanced_discovery_seed48_TOPSIS.csv,artifacts/final_masked_protocol_before_diversity_revision/rankings/q4_balanced_discovery_seed48_TOPSIS.csv,scripts/run_final_mask_aware_protocol.py,configs/final_mask_aware_protocol.json,shared pool100 where applicable,,,,masked active objective-score distance,preserved before diversity revision
q4_balanced_discovery_seed48_WeightedSum.csv,artifacts/final_masked_protocol_before_diversity_revision/rankings/q4_balanced_discovery_seed48_WeightedSum.csv,scripts/run_final_mask_aware_protocol.py,configs/final_mask_aware_protocol.json,shared pool100 where applicable,,,,masked active objective-score distance,preserved before diversity revision
q4_balanced_discovery_seed49_GAT_only.csv,artifacts/final_masked_protocol_before_diversity_revision/rankings/q4_balanced_discovery_seed49_GAT_only.csv,scripts/run_final_mask_aware_protocol.py,configs/final_mask_aware_protocol.json,shared pool100 where applicable,,,,masked active objective-score distance,preserved before diversity revision
q4_balanced_discovery_seed49_GraphSAGE_only.csv,artifacts/final_masked_protocol_before_diversity_revision/rankings/q4_balanced_discovery_seed49_GraphSAGE_only.csv,scripts/run_final_mask_aware_protocol.py,configs/final_mask_aware_protocol.json,shared pool100 where applicable,,,,masked active objective-score distance,preserved before diversity revision
q4_balanced_discovery_seed49_LEA.csv,artifacts/final_masked_protocol_before_diversity_revision/rankings/q4_balanced_discovery_seed49_LEA.csv,scripts/run_final_mask_aware_protocol.py,configs/final_mask_aware_protocol.json,shared pool100 where applicable,,,,masked active objective-score distance,preserved before diversity revision
q4_balanced_discovery_seed49_LEA_no_diversity.csv,artifacts/final_masked_protocol_before_diversity_revision/rankings/q4_balanced_discovery_seed49_LEA_no_diversity.csv,scripts/run_final_mask_aware_protocol.py,configs/final_mask_aware_protocol.json,shared pool100 where applicable,,,,masked active objective-score distance,preserved before diversity revision
q4_balanced_discovery_seed49_LEA_no_self-cleaning.csv,artifacts/final_masked_protocol_before_diversity_revision/rankings/q4_balanced_discovery_seed49_LEA_no_self-cleaning.csv,scripts/run_final_mask_aware_protocol.py,configs/final_mask_aware_protocol.json,shared pool100 where applicable,,,,masked active objective-score distance,preserved before diversity revision
q4_balanced_discovery_seed49_LEA_plus_GAT.csv,artifacts/final_masked_protocol_before_diversity_revision/rankings/q4_balanced_discovery_seed49_LEA_plus_GAT.csv,scripts/run_final_mask_aware_protocol.py,configs/final_mask_aware_protocol.json,shared pool100 where applicable,,,,masked active objective-score distance,preserved before diversity revision
q4_balanced_discovery_seed49_LEA_plus_GraphSAGE.csv,artifacts/final_masked_protocol_before_diversity_revision/rankings/q4_balanced_discovery_seed49_LEA_plus_GraphSAGE.csv,scripts/run_final_mask_aware_protocol.py,configs/final_mask_aware_protocol.json,shared pool100 where applicable,,,,masked active objective-score distance,preserved before diversity revision
q4_balanced_discovery_seed49_MMR.csv,artifacts/final_masked_protocol_before_diversity_revision/rankings/q4_balanced_discovery_seed49_MMR.csv,scripts/run_final_mask_aware_protocol.py,configs/final_mask_aware_protocol.json,shared pool100 where applicable,,,,masked active objective-score distance,preserved before diversity revision
q4_balanced_discovery_seed49_ParetoCrowding.csv,artifacts/final_masked_protocol_before_diversity_revision/rankings/q4_balanced_discovery_seed49_ParetoCrowding.csv,scripts/run_final_mask_aware_protocol.py,configs/final_mask_aware_protocol.json,shared pool100 where applicable,,,,masked active objective-score distance,preserved before diversity revision
q4_balanced_discovery_seed49_Random.csv,artifacts/final_masked_protocol_before_diversity_revision/rankings/q4_balanced_discovery_seed49_Random.csv,scripts/run_final_mask_aware_protocol.py,configs/final_mask_aware_protocol.json,shared pool100 where applicable,,,,masked active objective-score distance,preserved before diversity revision
q4_balanced_discovery_seed49_SemanticOnly.csv,artifacts/final_masked_protocol_before_diversity_revision/rankings/q4_balanced_discovery_seed49_SemanticOnly.csv,scripts/run_final_mask_aware_protocol.py,configs/final_mask_aware_protocol.json,shared pool100 where applicable,,,,masked active objective-score distance,preserved before diversity revision
q4_balanced_discovery_seed49_TOPSIS.csv,artifacts/final_masked_protocol_before_diversity_revision/rankings/q4_balanced_discovery_seed49_TOPSIS.csv,scripts/run_final_mask_aware_protocol.py,configs/final_mask_aware_protocol.json,shared pool100 where applicable,,,,masked active objective-score distance,preserved before diversity revision
q4_balanced_discovery_seed49_WeightedSum.csv,artifacts/final_masked_protocol_before_diversity_revision/rankings/q4_balanced_discovery_seed49_WeightedSum.csv,scripts/run_final_mask_aware_protocol.py,configs/final_mask_aware_protocol.json,shared pool100 where applicable,,,,masked active objective-score distance,preserved before diversity revision
q4_balanced_discovery_seed50_GAT_only.csv,artifacts/final_masked_protocol_before_diversity_revision/rankings/q4_balanced_discovery_seed50_GAT_only.csv,scripts/run_final_mask_aware_protocol.py,configs/final_mask_aware_protocol.json,shared pool100 where applicable,,,,masked active objective-score distance,preserved before diversity revision
q4_balanced_discovery_seed50_GraphSAGE_only.csv,artifacts/final_masked_protocol_before_diversity_revision/rankings/q4_balanced_discovery_seed50_GraphSAGE_only.csv,scripts/run_final_mask_aware_protocol.py,configs/final_mask_aware_protocol.json,shared pool100 where applicable,,,,masked active objective-score distance,preserved before diversity revision
q4_balanced_discovery_seed50_LEA.csv,artifacts/final_masked_protocol_before_diversity_revision/rankings/q4_balanced_discovery_seed50_LEA.csv,scripts/run_final_mask_aware_protocol.py,configs/final_mask_aware_protocol.json,shared pool100 where applicable,,,,masked active objective-score distance,preserved before diversity revision
q4_balanced_discovery_seed50_LEA_no_diversity.csv,artifacts/final_masked_protocol_before_diversity_revision/rankings/q4_balanced_discovery_seed50_LEA_no_diversity.csv,scripts/run_final_mask_aware_protocol.py,configs/final_mask_aware_protocol.json,shared pool100 where applicable,,,,masked active objective-score distance,preserved before diversity revision
q4_balanced_discovery_seed50_LEA_no_self-cleaning.csv,artifacts/final_masked_protocol_before_diversity_revision/rankings/q4_balanced_discovery_seed50_LEA_no_self-cleaning.csv,scripts/run_final_mask_aware_protocol.py,configs/final_mask_aware_protocol.json,shared pool100 where applicable,,,,masked active objective-score distance,preserved before diversity revision
q4_balanced_discovery_seed50_LEA_plus_GAT.csv,artifacts/final_masked_protocol_before_diversity_revision/rankings/q4_balanced_discovery_seed50_LEA_plus_GAT.csv,scripts/run_final_mask_aware_protocol.py,configs/final_mask_aware_protocol.json,shared pool100 where applicable,,,,masked active objective-score distance,preserved before diversity revision
q4_balanced_discovery_seed50_LEA_plus_GraphSAGE.csv,artifacts/final_masked_protocol_before_diversity_revision/rankings/q4_balanced_discovery_seed50_LEA_plus_GraphSAGE.csv,scripts/run_final_mask_aware_protocol.py,configs/final_mask_aware_protocol.json,shared pool100 where applicable,,,,masked active objective-score distance,preserved before diversity revision
q4_balanced_discovery_seed50_MMR.csv,artifacts/final_masked_protocol_before_diversity_revision/rankings/q4_balanced_discovery_seed50_MMR.csv,scripts/run_final_mask_aware_protocol.py,configs/final_mask_aware_protocol.json,shared pool100 where applicable,,,,masked active objective-score distance,preserved before diversity revision
q4_balanced_discovery_seed50_ParetoCrowding.csv,artifacts/final_masked_protocol_before_diversity_revision/rankings/q4_balanced_discovery_seed50_ParetoCrowding.csv,scripts/run_final_mask_aware_protocol.py,configs/final_mask_aware_protocol.json,shared pool100 where applicable,,,,masked active objective-score distance,preserved before diversity revision
q4_balanced_discovery_seed50_Random.csv,artifacts/final_masked_protocol_before_diversity_revision/rankings/q4_balanced_discovery_seed50_Random.csv,scripts/run_final_mask_aware_protocol.py,configs/final_mask_aware_protocol.json,shared pool100 where applicable,,,,masked active objective-score distance,preserved before diversity revision
q4_balanced_discovery_seed50_SemanticOnly.csv,artifacts/final_masked_protocol_before_diversity_revision/rankings/q4_balanced_discovery_seed50_SemanticOnly.csv,scripts/run_final_mask_aware_protocol.py,configs/final_mask_aware_protocol.json,shared pool100 where applicable,,,,masked active objective-score distance,preserved before diversity revision
q4_balanced_discovery_seed50_TOPSIS.csv,artifacts/final_masked_protocol_before_diversity_revision/rankings/q4_balanced_discovery_seed50_TOPSIS.csv,scripts/run_final_mask_aware_protocol.py,configs/final_mask_aware_protocol.json,shared pool100 where applicable,,,,masked active objective-score distance,preserved before diversity revision
q4_balanced_discovery_seed50_WeightedSum.csv,artifacts/final_masked_protocol_before_diversity_revision/rankings/q4_balanced_discovery_seed50_WeightedSum.csv,scripts/run_final_mask_aware_protocol.py,configs/final_mask_aware_protocol.json,shared pool100 where applicable,,,,masked active objective-score distance,preserved before diversity revision
q4_balanced_discovery_seed51_GAT_only.csv,artifacts/final_masked_protocol_before_diversity_revision/rankings/q4_balanced_discovery_seed51_GAT_only.csv,scripts/run_final_mask_aware_protocol.py,configs/final_mask_aware_protocol.json,shared pool100 where applicable,,,,masked active objective-score distance,preserved before diversity revision
q4_balanced_discovery_seed51_GraphSAGE_only.csv,artifacts/final_masked_protocol_before_diversity_revision/rankings/q4_balanced_discovery_seed51_GraphSAGE_only.csv,scripts/run_final_mask_aware_protocol.py,configs/final_mask_aware_protocol.json,shared pool100 where applicable,,,,masked active objective-score distance,preserved before diversity revision
q4_balanced_discovery_seed51_LEA.csv,artifacts/final_masked_protocol_before_diversity_revision/rankings/q4_balanced_discovery_seed51_LEA.csv,scripts/run_final_mask_aware_protocol.py,configs/final_mask_aware_protocol.json,shared pool100 where applicable,,,,masked active objective-score distance,preserved before diversity revision
q4_balanced_discovery_seed51_LEA_no_diversity.csv,artifacts/final_masked_protocol_before_diversity_revision/rankings/q4_balanced_discovery_seed51_LEA_no_diversity.csv,scripts/run_final_mask_aware_protocol.py,configs/final_mask_aware_protocol.json,shared pool100 where applicable,,,,masked active objective-score distance,preserved before diversity revision
q4_balanced_discovery_seed51_LEA_no_self-cleaning.csv,artifacts/final_masked_protocol_before_diversity_revision/rankings/q4_balanced_discovery_seed51_LEA_no_self-cleaning.csv,scripts/run_final_mask_aware_protocol.py,configs/final_mask_aware_protocol.json,shared pool100 where applicable,,,,masked active objective-score distance,preserved before diversity revision
q4_balanced_discovery_seed51_LEA_plus_GAT.csv,artifacts/final_masked_protocol_before_diversity_revision/rankings/q4_balanced_discovery_seed51_LEA_plus_GAT.csv,scripts/run_final_mask_aware_protocol.py,configs/final_mask_aware_protocol.json,shared pool100 where applicable,,,,masked active objective-score distance,preserved before diversity revision
q4_balanced_discovery_seed51_LEA_plus_GraphSAGE.csv,artifacts/final_masked_protocol_before_diversity_revision/rankings/q4_balanced_discovery_seed51_LEA_plus_GraphSAGE.csv,scripts/run_final_mask_aware_protocol.py,configs/final_mask_aware_protocol.json,shared pool100 where applicable,,,,masked active objective-score distance,preserved before diversity revision
q4_balanced_discovery_seed51_MMR.csv,artifacts/final_masked_protocol_before_diversity_revision/rankings/q4_balanced_discovery_seed51_MMR.csv,scripts/run_final_mask_aware_protocol.py,configs/final_mask_aware_protocol.json,shared pool100 where applicable,,,,masked active objective-score distance,preserved before diversity revision
q4_balanced_discovery_seed51_ParetoCrowding.csv,artifacts/final_masked_protocol_before_diversity_revision/rankings/q4_balanced_discovery_seed51_ParetoCrowding.csv,scripts/run_final_mask_aware_protocol.py,configs/final_mask_aware_protocol.json,shared pool100 where applicable,,,,masked active objective-score distance,preserved before diversity revision
q4_balanced_discovery_seed51_Random.csv,artifacts/final_masked_protocol_before_diversity_revision/rankings/q4_balanced_discovery_seed51_Random.csv,scripts/run_final_mask_aware_protocol.py,configs/final_mask_aware_protocol.json,shared pool100 where applicable,,,,masked active objective-score distance,preserved before diversity revision
q4_balanced_discovery_seed51_SemanticOnly.csv,artifacts/final_masked_protocol_before_diversity_revision/rankings/q4_balanced_discovery_seed51_SemanticOnly.csv,scripts/run_final_mask_aware_protocol.py,configs/final_mask_aware_protocol.json,shared pool100 where applicable,,,,masked active objective-score distance,preserved before diversity revision
q4_balanced_discovery_seed51_TOPSIS.csv,artifacts/final_masked_protocol_before_diversity_revision/rankings/q4_balanced_discovery_seed51_TOPSIS.csv,scripts/run_final_mask_aware_protocol.py,configs/final_mask_aware_protocol.json,shared pool100 where applicable,,,,masked active objective-score distance,preserved before diversity revision
q4_balanced_discovery_seed51_WeightedSum.csv,artifacts/final_masked_protocol_before_diversity_revision/rankings/q4_balanced_discovery_seed51_WeightedSum.csv,scripts/run_final_mask_aware_protocol.py,configs/final_mask_aware_protocol.json,shared pool100 where applicable,,,,masked active objective-score distance,preserved before diversity revision
q5_insulating_frameworks_seed42_GAT_only.csv,artifacts/final_masked_protocol_before_diversity_revision/rankings/q5_insulating_frameworks_seed42_GAT_only.csv,scripts/run_final_mask_aware_protocol.py,configs/final_mask_aware_protocol.json,shared pool100 where applicable,,,,masked active objective-score distance,preserved before diversity revision
q5_insulating_frameworks_seed42_GraphSAGE_only.csv,artifacts/final_masked_protocol_before_diversity_revision/rankings/q5_insulating_frameworks_seed42_GraphSAGE_only.csv,scripts/run_final_mask_aware_protocol.py,configs/final_mask_aware_protocol.json,shared pool100 where applicable,,,,masked active objective-score distance,preserved before diversity revision
q5_insulating_frameworks_seed42_LEA.csv,artifacts/final_masked_protocol_before_diversity_revision/rankings/q5_insulating_frameworks_seed42_LEA.csv,scripts/run_final_mask_aware_protocol.py,configs/final_mask_aware_protocol.json,shared pool100 where applicable,,,,masked active objective-score distance,preserved before diversity revision
q5_insulating_frameworks_seed42_LEA_no_diversity.csv,artifacts/final_masked_protocol_before_diversity_revision/rankings/q5_insulating_frameworks_seed42_LEA_no_diversity.csv,scripts/run_final_mask_aware_protocol.py,configs/final_mask_aware_protocol.json,shared pool100 where applicable,,,,masked active objective-score distance,preserved before diversity revision
q5_insulating_frameworks_seed42_LEA_no_self-cleaning.csv,artifacts/final_masked_protocol_before_diversity_revision/rankings/q5_insulating_frameworks_seed42_LEA_no_self-cleaning.csv,scripts/run_final_mask_aware_protocol.py,configs/final_mask_aware_protocol.json,shared pool100 where applicable,,,,masked active objective-score distance,preserved before diversity revision
q5_insulating_frameworks_seed42_LEA_plus_GAT.csv,artifacts/final_masked_protocol_before_diversity_revision/rankings/q5_insulating_frameworks_seed42_LEA_plus_GAT.csv,scripts/run_final_mask_aware_protocol.py,configs/final_mask_aware_protocol.json,shared pool100 where applicable,,,,masked active objective-score distance,preserved before diversity revision
q5_insulating_frameworks_seed42_LEA_plus_GraphSAGE.csv,artifacts/final_masked_protocol_before_diversity_revision/rankings/q5_insulating_frameworks_seed42_LEA_plus_GraphSAGE.csv,scripts/run_final_mask_aware_protocol.py,configs/final_mask_aware_protocol.json,shared pool100 where applicable,,,,masked active objective-score distance,preserved before diversity revision
q5_insulating_frameworks_seed42_MMR.csv,artifacts/final_masked_protocol_before_diversity_revision/rankings/q5_insulating_frameworks_seed42_MMR.csv,scripts/run_final_mask_aware_protocol.py,configs/final_mask_aware_protocol.json,shared pool100 where applicable,,,,masked active objective-score distance,preserved before diversity revision
q5_insulating_frameworks_seed42_ParetoCrowding.csv,artifacts/final_masked_protocol_before_diversity_revision/rankings/q5_insulating_frameworks_seed42_ParetoCrowding.csv,scripts/run_final_mask_aware_protocol.py,configs/final_mask_aware_protocol.json,shared pool100 where applicable,,,,masked active objective-score distance,preserved before diversity revision
q5_insulating_frameworks_seed42_Random.csv,artifacts/final_masked_protocol_before_diversity_revision/rankings/q5_insulating_frameworks_seed42_Random.csv,scripts/run_final_mask_aware_protocol.py,configs/final_mask_aware_protocol.json,shared pool100 where applicable,,,,masked active objective-score distance,preserved before diversity revision
q5_insulating_frameworks_seed42_SemanticOnly.csv,artifacts/final_masked_protocol_before_diversity_revision/rankings/q5_insulating_frameworks_seed42_SemanticOnly.csv,scripts/run_final_mask_aware_protocol.py,configs/final_mask_aware_protocol.json,shared pool100 where applicable,,,,masked active objective-score distance,preserved before diversity revision
q5_insulating_frameworks_seed42_TOPSIS.csv,artifacts/final_masked_protocol_before_diversity_revision/rankings/q5_insulating_frameworks_seed42_TOPSIS.csv,scripts/run_final_mask_aware_protocol.py,configs/final_mask_aware_protocol.json,shared pool100 where applicable,,,,masked active objective-score distance,preserved before diversity revision
q5_insulating_frameworks_seed42_WeightedSum.csv,artifacts/final_masked_protocol_before_diversity_revision/rankings/q5_insulating_frameworks_seed42_WeightedSum.csv,scripts/run_final_mask_aware_protocol.py,configs/final_mask_aware_protocol.json,shared pool100 where applicable,,,,masked active objective-score distance,preserved before diversity revision
q5_insulating_frameworks_seed43_GAT_only.csv,artifacts/final_masked_protocol_before_diversity_revision/rankings/q5_insulating_frameworks_seed43_GAT_only.csv,scripts/run_final_mask_aware_protocol.py,configs/final_mask_aware_protocol.json,shared pool100 where applicable,,,,masked active objective-score distance,preserved before diversity revision
q5_insulating_frameworks_seed43_GraphSAGE_only.csv,artifacts/final_masked_protocol_before_diversity_revision/rankings/q5_insulating_frameworks_seed43_GraphSAGE_only.csv,scripts/run_final_mask_aware_protocol.py,configs/final_mask_aware_protocol.json,shared pool100 where applicable,,,,masked active objective-score distance,preserved before diversity revision
q5_insulating_frameworks_seed43_LEA.csv,artifacts/final_masked_protocol_before_diversity_revision/rankings/q5_insulating_frameworks_seed43_LEA.csv,scripts/run_final_mask_aware_protocol.py,configs/final_mask_aware_protocol.json,shared pool100 where applicable,,,,masked active objective-score distance,preserved before diversity revision
q5_insulating_frameworks_seed43_LEA_no_diversity.csv,artifacts/final_masked_protocol_before_diversity_revision/rankings/q5_insulating_frameworks_seed43_LEA_no_diversity.csv,scripts/run_final_mask_aware_protocol.py,configs/final_mask_aware_protocol.json,shared pool100 where applicable,,,,masked active objective-score distance,preserved before diversity revision
q5_insulating_frameworks_seed43_LEA_no_self-cleaning.csv,artifacts/final_masked_protocol_before_diversity_revision/rankings/q5_insulating_frameworks_seed43_LEA_no_self-cleaning.csv,scripts/run_final_mask_aware_protocol.py,configs/final_mask_aware_protocol.json,shared pool100 where applicable,,,,masked active objective-score distance,preserved before diversity revision
q5_insulating_frameworks_seed43_LEA_plus_GAT.csv,artifacts/final_masked_protocol_before_diversity_revision/rankings/q5_insulating_frameworks_seed43_LEA_plus_GAT.csv,scripts/run_final_mask_aware_protocol.py,configs/final_mask_aware_protocol.json,shared pool100 where applicable,,,,masked active objective-score distance,preserved before diversity revision
q5_insulating_frameworks_seed43_LEA_plus_GraphSAGE.csv,artifacts/final_masked_protocol_before_diversity_revision/rankings/q5_insulating_frameworks_seed43_LEA_plus_GraphSAGE.csv,scripts/run_final_mask_aware_protocol.py,configs/final_mask_aware_protocol.json,shared pool100 where applicable,,,,masked active objective-score distance,preserved before diversity revision
q5_insulating_frameworks_seed43_MMR.csv,artifacts/final_masked_protocol_before_diversity_revision/rankings/q5_insulating_frameworks_seed43_MMR.csv,scripts/run_final_mask_aware_protocol.py,configs/final_mask_aware_protocol.json,shared pool100 where applicable,,,,masked active objective-score distance,preserved before diversity revision
q5_insulating_frameworks_seed43_ParetoCrowding.csv,artifacts/final_masked_protocol_before_diversity_revision/rankings/q5_insulating_frameworks_seed43_ParetoCrowding.csv,scripts/run_final_mask_aware_protocol.py,configs/final_mask_aware_protocol.json,shared pool100 where applicable,,,,masked active objective-score distance,preserved before diversity revision
q5_insulating_frameworks_seed43_Random.csv,artifacts/final_masked_protocol_before_diversity_revision/rankings/q5_insulating_frameworks_seed43_Random.csv,scripts/run_final_mask_aware_protocol.py,configs/final_mask_aware_protocol.json,shared pool100 where applicable,,,,masked active objective-score distance,preserved before diversity revision
q5_insulating_frameworks_seed43_SemanticOnly.csv,artifacts/final_masked_protocol_before_diversity_revision/rankings/q5_insulating_frameworks_seed43_SemanticOnly.csv,scripts/run_final_mask_aware_protocol.py,configs/final_mask_aware_protocol.json,shared pool100 where applicable,,,,masked active objective-score distance,preserved before diversity revision
q5_insulating_frameworks_seed43_TOPSIS.csv,artifacts/final_masked_protocol_before_diversity_revision/rankings/q5_insulating_frameworks_seed43_TOPSIS.csv,scripts/run_final_mask_aware_protocol.py,configs/final_mask_aware_protocol.json,shared pool100 where applicable,,,,masked active objective-score distance,preserved before diversity revision
q5_insulating_frameworks_seed43_WeightedSum.csv,artifacts/final_masked_protocol_before_diversity_revision/rankings/q5_insulating_frameworks_seed43_WeightedSum.csv,scripts/run_final_mask_aware_protocol.py,configs/final_mask_aware_protocol.json,shared pool100 where applicable,,,,masked active objective-score distance,preserved before diversity revision
q5_insulating_frameworks_seed44_GAT_only.csv,artifacts/final_masked_protocol_before_diversity_revision/rankings/q5_insulating_frameworks_seed44_GAT_only.csv,scripts/run_final_mask_aware_protocol.py,configs/final_mask_aware_protocol.json,shared pool100 where applicable,,,,masked active objective-score distance,preserved before diversity revision
q5_insulating_frameworks_seed44_GraphSAGE_only.csv,artifacts/final_masked_protocol_before_diversity_revision/rankings/q5_insulating_frameworks_seed44_GraphSAGE_only.csv,scripts/run_final_mask_aware_protocol.py,configs/final_mask_aware_protocol.json,shared pool100 where applicable,,,,masked active objective-score distance,preserved before diversity revision
q5_insulating_frameworks_seed44_LEA.csv,artifacts/final_masked_protocol_before_diversity_revision/rankings/q5_insulating_frameworks_seed44_LEA.csv,scripts/run_final_mask_aware_protocol.py,configs/final_mask_aware_protocol.json,shared pool100 where applicable,,,,masked active objective-score distance,preserved before diversity revision
q5_insulating_frameworks_seed44_LEA_no_diversity.csv,artifacts/final_masked_protocol_before_diversity_revision/rankings/q5_insulating_frameworks_seed44_LEA_no_diversity.csv,scripts/run_final_mask_aware_protocol.py,configs/final_mask_aware_protocol.json,shared pool100 where applicable,,,,masked active objective-score distance,preserved before diversity revision
q5_insulating_frameworks_seed44_LEA_no_self-cleaning.csv,artifacts/final_masked_protocol_before_diversity_revision/rankings/q5_insulating_frameworks_seed44_LEA_no_self-cleaning.csv,scripts/run_final_mask_aware_protocol.py,configs/final_mask_aware_protocol.json,shared pool100 where applicable,,,,masked active objective-score distance,preserved before diversity revision
q5_insulating_frameworks_seed44_LEA_plus_GAT.csv,artifacts/final_masked_protocol_before_diversity_revision/rankings/q5_insulating_frameworks_seed44_LEA_plus_GAT.csv,scripts/run_final_mask_aware_protocol.py,configs/final_mask_aware_protocol.json,shared pool100 where applicable,,,,masked active objective-score distance,preserved before diversity revision
q5_insulating_frameworks_seed44_LEA_plus_GraphSAGE.csv,artifacts/final_masked_protocol_before_diversity_revision/rankings/q5_insulating_frameworks_seed44_LEA_plus_GraphSAGE.csv,scripts/run_final_mask_aware_protocol.py,configs/final_mask_aware_protocol.json,shared pool100 where applicable,,,,masked active objective-score distance,preserved before diversity revision
q5_insulating_frameworks_seed44_MMR.csv,artifacts/final_masked_protocol_before_diversity_revision/rankings/q5_insulating_frameworks_seed44_MMR.csv,scripts/run_final_mask_aware_protocol.py,configs/final_mask_aware_protocol.json,shared pool100 where applicable,,,,masked active objective-score distance,preserved before diversity revision
q5_insulating_frameworks_seed44_ParetoCrowding.csv,artifacts/final_masked_protocol_before_diversity_revision/rankings/q5_insulating_frameworks_seed44_ParetoCrowding.csv,scripts/run_final_mask_aware_protocol.py,configs/final_mask_aware_protocol.json,shared pool100 where applicable,,,,masked active objective-score distance,preserved before diversity revision
q5_insulating_frameworks_seed44_Random.csv,artifacts/final_masked_protocol_before_diversity_revision/rankings/q5_insulating_frameworks_seed44_Random.csv,scripts/run_final_mask_aware_protocol.py,configs/final_mask_aware_protocol.json,shared pool100 where applicable,,,,masked active objective-score distance,preserved before diversity revision
q5_insulating_frameworks_seed44_SemanticOnly.csv,artifacts/final_masked_protocol_before_diversity_revision/rankings/q5_insulating_frameworks_seed44_SemanticOnly.csv,scripts/run_final_mask_aware_protocol.py,configs/final_mask_aware_protocol.json,shared pool100 where applicable,,,,masked active objective-score distance,preserved before diversity revision
q5_insulating_frameworks_seed44_TOPSIS.csv,artifacts/final_masked_protocol_before_diversity_revision/rankings/q5_insulating_frameworks_seed44_TOPSIS.csv,scripts/run_final_mask_aware_protocol.py,configs/final_mask_aware_protocol.json,shared pool100 where applicable,,,,masked active objective-score distance,preserved before diversity revision
q5_insulating_frameworks_seed44_WeightedSum.csv,artifacts/final_masked_protocol_before_diversity_revision/rankings/q5_insulating_frameworks_seed44_WeightedSum.csv,scripts/run_final_mask_aware_protocol.py,configs/final_mask_aware_protocol.json,shared pool100 where applicable,,,,masked active objective-score distance,preserved before diversity revision
q5_insulating_frameworks_seed45_GAT_only.csv,artifacts/final_masked_protocol_before_diversity_revision/rankings/q5_insulating_frameworks_seed45_GAT_only.csv,scripts/run_final_mask_aware_protocol.py,configs/final_mask_aware_protocol.json,shared pool100 where applicable,,,,masked active objective-score distance,preserved before diversity revision
q5_insulating_frameworks_seed45_GraphSAGE_only.csv,artifacts/final_masked_protocol_before_diversity_revision/rankings/q5_insulating_frameworks_seed45_GraphSAGE_only.csv,scripts/run_final_mask_aware_protocol.py,configs/final_mask_aware_protocol.json,shared pool100 where applicable,,,,masked active objective-score distance,preserved before diversity revision
q5_insulating_frameworks_seed45_LEA.csv,artifacts/final_masked_protocol_before_diversity_revision/rankings/q5_insulating_frameworks_seed45_LEA.csv,scripts/run_final_mask_aware_protocol.py,configs/final_mask_aware_protocol.json,shared pool100 where applicable,,,,masked active objective-score distance,preserved before diversity revision
q5_insulating_frameworks_seed45_LEA_no_diversity.csv,artifacts/final_masked_protocol_before_diversity_revision/rankings/q5_insulating_frameworks_seed45_LEA_no_diversity.csv,scripts/run_final_mask_aware_protocol.py,configs/final_mask_aware_protocol.json,shared pool100 where applicable,,,,masked active objective-score distance,preserved before diversity revision
q5_insulating_frameworks_seed45_LEA_no_self-cleaning.csv,artifacts/final_masked_protocol_before_diversity_revision/rankings/q5_insulating_frameworks_seed45_LEA_no_self-cleaning.csv,scripts/run_final_mask_aware_protocol.py,configs/final_mask_aware_protocol.json,shared pool100 where applicable,,,,masked active objective-score distance,preserved before diversity revision
q5_insulating_frameworks_seed45_LEA_plus_GAT.csv,artifacts/final_masked_protocol_before_diversity_revision/rankings/q5_insulating_frameworks_seed45_LEA_plus_GAT.csv,scripts/run_final_mask_aware_protocol.py,configs/final_mask_aware_protocol.json,shared pool100 where applicable,,,,masked active objective-score distance,preserved before diversity revision
q5_insulating_frameworks_seed45_LEA_plus_GraphSAGE.csv,artifacts/final_masked_protocol_before_diversity_revision/rankings/q5_insulating_frameworks_seed45_LEA_plus_GraphSAGE.csv,scripts/run_final_mask_aware_protocol.py,configs/final_mask_aware_protocol.json,shared pool100 where applicable,,,,masked active objective-score distance,preserved before diversity revision
q5_insulating_frameworks_seed45_MMR.csv,artifacts/final_masked_protocol_before_diversity_revision/rankings/q5_insulating_frameworks_seed45_MMR.csv,scripts/run_final_mask_aware_protocol.py,configs/final_mask_aware_protocol.json,shared pool100 where applicable,,,,masked active objective-score distance,preserved before diversity revision
q5_insulating_frameworks_seed45_ParetoCrowding.csv,artifacts/final_masked_protocol_before_diversity_revision/rankings/q5_insulating_frameworks_seed45_ParetoCrowding.csv,scripts/run_final_mask_aware_protocol.py,configs/final_mask_aware_protocol.json,shared pool100 where applicable,,,,masked active objective-score distance,preserved before diversity revision
q5_insulating_frameworks_seed45_Random.csv,artifacts/final_masked_protocol_before_diversity_revision/rankings/q5_insulating_frameworks_seed45_Random.csv,scripts/run_final_mask_aware_protocol.py,configs/final_mask_aware_protocol.json,shared pool100 where applicable,,,,masked active objective-score distance,preserved before diversity revision
q5_insulating_frameworks_seed45_SemanticOnly.csv,artifacts/final_masked_protocol_before_diversity_revision/rankings/q5_insulating_frameworks_seed45_SemanticOnly.csv,scripts/run_final_mask_aware_protocol.py,configs/final_mask_aware_protocol.json,shared pool100 where applicable,,,,masked active objective-score distance,preserved before diversity revision
q5_insulating_frameworks_seed45_TOPSIS.csv,artifacts/final_masked_protocol_before_diversity_revision/rankings/q5_insulating_frameworks_seed45_TOPSIS.csv,scripts/run_final_mask_aware_protocol.py,configs/final_mask_aware_protocol.json,shared pool100 where applicable,,,,masked active objective-score distance,preserved before diversity revision
q5_insulating_frameworks_seed45_WeightedSum.csv,artifacts/final_masked_protocol_before_diversity_revision/rankings/q5_insulating_frameworks_seed45_WeightedSum.csv,scripts/run_final_mask_aware_protocol.py,configs/final_mask_aware_protocol.json,shared pool100 where applicable,,,,masked active objective-score distance,preserved before diversity revision
q5_insulating_frameworks_seed46_GAT_only.csv,artifacts/final_masked_protocol_before_diversity_revision/rankings/q5_insulating_frameworks_seed46_GAT_only.csv,scripts/run_final_mask_aware_protocol.py,configs/final_mask_aware_protocol.json,shared pool100 where applicable,,,,masked active objective-score distance,preserved before diversity revision
q5_insulating_frameworks_seed46_GraphSAGE_only.csv,artifacts/final_masked_protocol_before_diversity_revision/rankings/q5_insulating_frameworks_seed46_GraphSAGE_only.csv,scripts/run_final_mask_aware_protocol.py,configs/final_mask_aware_protocol.json,shared pool100 where applicable,,,,masked active objective-score distance,preserved before diversity revision
q5_insulating_frameworks_seed46_LEA.csv,artifacts/final_masked_protocol_before_diversity_revision/rankings/q5_insulating_frameworks_seed46_LEA.csv,scripts/run_final_mask_aware_protocol.py,configs/final_mask_aware_protocol.json,shared pool100 where applicable,,,,masked active objective-score distance,preserved before diversity revision
q5_insulating_frameworks_seed46_LEA_no_diversity.csv,artifacts/final_masked_protocol_before_diversity_revision/rankings/q5_insulating_frameworks_seed46_LEA_no_diversity.csv,scripts/run_final_mask_aware_protocol.py,configs/final_mask_aware_protocol.json,shared pool100 where applicable,,,,masked active objective-score distance,preserved before diversity revision
q5_insulating_frameworks_seed46_LEA_no_self-cleaning.csv,artifacts/final_masked_protocol_before_diversity_revision/rankings/q5_insulating_frameworks_seed46_LEA_no_self-cleaning.csv,scripts/run_final_mask_aware_protocol.py,configs/final_mask_aware_protocol.json,shared pool100 where applicable,,,,masked active objective-score distance,preserved before diversity revision
q5_insulating_frameworks_seed46_LEA_plus_GAT.csv,artifacts/final_masked_protocol_before_diversity_revision/rankings/q5_insulating_frameworks_seed46_LEA_plus_GAT.csv,scripts/run_final_mask_aware_protocol.py,configs/final_mask_aware_protocol.json,shared pool100 where applicable,,,,masked active objective-score distance,preserved before diversity revision
q5_insulating_frameworks_seed46_LEA_plus_GraphSAGE.csv,artifacts/final_masked_protocol_before_diversity_revision/rankings/q5_insulating_frameworks_seed46_LEA_plus_GraphSAGE.csv,scripts/run_final_mask_aware_protocol.py,configs/final_mask_aware_protocol.json,shared pool100 where applicable,,,,masked active objective-score distance,preserved before diversity revision
q5_insulating_frameworks_seed46_MMR.csv,artifacts/final_masked_protocol_before_diversity_revision/rankings/q5_insulating_frameworks_seed46_MMR.csv,scripts/run_final_mask_aware_protocol.py,configs/final_mask_aware_protocol.json,shared pool100 where applicable,,,,masked active objective-score distance,preserved before diversity revision
q5_insulating_frameworks_seed46_ParetoCrowding.csv,artifacts/final_masked_protocol_before_diversity_revision/rankings/q5_insulating_frameworks_seed46_ParetoCrowding.csv,scripts/run_final_mask_aware_protocol.py,configs/final_mask_aware_protocol.json,shared pool100 where applicable,,,,masked active objective-score distance,preserved before diversity revision
q5_insulating_frameworks_seed46_Random.csv,artifacts/final_masked_protocol_before_diversity_revision/rankings/q5_insulating_frameworks_seed46_Random.csv,scripts/run_final_mask_aware_protocol.py,configs/final_mask_aware_protocol.json,shared pool100 where applicable,,,,masked active objective-score distance,preserved before diversity revision
q5_insulating_frameworks_seed46_SemanticOnly.csv,artifacts/final_masked_protocol_before_diversity_revision/rankings/q5_insulating_frameworks_seed46_SemanticOnly.csv,scripts/run_final_mask_aware_protocol.py,configs/final_mask_aware_protocol.json,shared pool100 where applicable,,,,masked active objective-score distance,preserved before diversity revision
q5_insulating_frameworks_seed46_TOPSIS.csv,artifacts/final_masked_protocol_before_diversity_revision/rankings/q5_insulating_frameworks_seed46_TOPSIS.csv,scripts/run_final_mask_aware_protocol.py,configs/final_mask_aware_protocol.json,shared pool100 where applicable,,,,masked active objective-score distance,preserved before diversity revision
q5_insulating_frameworks_seed46_WeightedSum.csv,artifacts/final_masked_protocol_before_diversity_revision/rankings/q5_insulating_frameworks_seed46_WeightedSum.csv,scripts/run_final_mask_aware_protocol.py,configs/final_mask_aware_protocol.json,shared pool100 where applicable,,,,masked active objective-score distance,preserved before diversity revision
q5_insulating_frameworks_seed47_GAT_only.csv,artifacts/final_masked_protocol_before_diversity_revision/rankings/q5_insulating_frameworks_seed47_GAT_only.csv,scripts/run_final_mask_aware_protocol.py,configs/final_mask_aware_protocol.json,shared pool100 where applicable,,,,masked active objective-score distance,preserved before diversity revision
q5_insulating_frameworks_seed47_GraphSAGE_only.csv,artifacts/final_masked_protocol_before_diversity_revision/rankings/q5_insulating_frameworks_seed47_GraphSAGE_only.csv,scripts/run_final_mask_aware_protocol.py,configs/final_mask_aware_protocol.json,shared pool100 where applicable,,,,masked active objective-score distance,preserved before diversity revision
q5_insulating_frameworks_seed47_LEA.csv,artifacts/final_masked_protocol_before_diversity_revision/rankings/q5_insulating_frameworks_seed47_LEA.csv,scripts/run_final_mask_aware_protocol.py,configs/final_mask_aware_protocol.json,shared pool100 where applicable,,,,masked active objective-score distance,preserved before diversity revision
q5_insulating_frameworks_seed47_LEA_no_diversity.csv,artifacts/final_masked_protocol_before_diversity_revision/rankings/q5_insulating_frameworks_seed47_LEA_no_diversity.csv,scripts/run_final_mask_aware_protocol.py,configs/final_mask_aware_protocol.json,shared pool100 where applicable,,,,masked active objective-score distance,preserved before diversity revision
q5_insulating_frameworks_seed47_LEA_no_self-cleaning.csv,artifacts/final_masked_protocol_before_diversity_revision/rankings/q5_insulating_frameworks_seed47_LEA_no_self-cleaning.csv,scripts/run_final_mask_aware_protocol.py,configs/final_mask_aware_protocol.json,shared pool100 where applicable,,,,masked active objective-score distance,preserved before diversity revision
q5_insulating_frameworks_seed47_LEA_plus_GAT.csv,artifacts/final_masked_protocol_before_diversity_revision/rankings/q5_insulating_frameworks_seed47_LEA_plus_GAT.csv,scripts/run_final_mask_aware_protocol.py,configs/final_mask_aware_protocol.json,shared pool100 where applicable,,,,masked active objective-score distance,preserved before diversity revision
q5_insulating_frameworks_seed47_LEA_plus_GraphSAGE.csv,artifacts/final_masked_protocol_before_diversity_revision/rankings/q5_insulating_frameworks_seed47_LEA_plus_GraphSAGE.csv,scripts/run_final_mask_aware_protocol.py,configs/final_mask_aware_protocol.json,shared pool100 where applicable,,,,masked active objective-score distance,preserved before diversity revision
q5_insulating_frameworks_seed47_MMR.csv,artifacts/final_masked_protocol_before_diversity_revision/rankings/q5_insulating_frameworks_seed47_MMR.csv,scripts/run_final_mask_aware_protocol.py,configs/final_mask_aware_protocol.json,shared pool100 where applicable,,,,masked active objective-score distance,preserved before diversity revision
q5_insulating_frameworks_seed47_ParetoCrowding.csv,artifacts/final_masked_protocol_before_diversity_revision/rankings/q5_insulating_frameworks_seed47_ParetoCrowding.csv,scripts/run_final_mask_aware_protocol.py,configs/final_mask_aware_protocol.json,shared pool100 where applicable,,,,masked active objective-score distance,preserved before diversity revision
q5_insulating_frameworks_seed47_Random.csv,artifacts/final_masked_protocol_before_diversity_revision/rankings/q5_insulating_frameworks_seed47_Random.csv,scripts/run_final_mask_aware_protocol.py,configs/final_mask_aware_protocol.json,shared pool100 where applicable,,,,masked active objective-score distance,preserved before diversity revision
q5_insulating_frameworks_seed47_SemanticOnly.csv,artifacts/final_masked_protocol_before_diversity_revision/rankings/q5_insulating_frameworks_seed47_SemanticOnly.csv,scripts/run_final_mask_aware_protocol.py,configs/final_mask_aware_protocol.json,shared pool100 where applicable,,,,masked active objective-score distance,preserved before diversity revision
q5_insulating_frameworks_seed47_TOPSIS.csv,artifacts/final_masked_protocol_before_diversity_revision/rankings/q5_insulating_frameworks_seed47_TOPSIS.csv,scripts/run_final_mask_aware_protocol.py,configs/final_mask_aware_protocol.json,shared pool100 where applicable,,,,masked active objective-score distance,preserved before diversity revision
q5_insulating_frameworks_seed47_WeightedSum.csv,artifacts/final_masked_protocol_before_diversity_revision/rankings/q5_insulating_frameworks_seed47_WeightedSum.csv,scripts/run_final_mask_aware_protocol.py,configs/final_mask_aware_protocol.json,shared pool100 where applicable,,,,masked active objective-score distance,preserved before diversity revision
q5_insulating_frameworks_seed48_GAT_only.csv,artifacts/final_masked_protocol_before_diversity_revision/rankings/q5_insulating_frameworks_seed48_GAT_only.csv,scripts/run_final_mask_aware_protocol.py,configs/final_mask_aware_protocol.json,shared pool100 where applicable,,,,masked active objective-score distance,preserved before diversity revision
q5_insulating_frameworks_seed48_GraphSAGE_only.csv,artifacts/final_masked_protocol_before_diversity_revision/rankings/q5_insulating_frameworks_seed48_GraphSAGE_only.csv,scripts/run_final_mask_aware_protocol.py,configs/final_mask_aware_protocol.json,shared pool100 where applicable,,,,masked active objective-score distance,preserved before diversity revision
q5_insulating_frameworks_seed48_LEA.csv,artifacts/final_masked_protocol_before_diversity_revision/rankings/q5_insulating_frameworks_seed48_LEA.csv,scripts/run_final_mask_aware_protocol.py,configs/final_mask_aware_protocol.json,shared pool100 where applicable,,,,masked active objective-score distance,preserved before diversity revision
q5_insulating_frameworks_seed48_LEA_no_diversity.csv,artifacts/final_masked_protocol_before_diversity_revision/rankings/q5_insulating_frameworks_seed48_LEA_no_diversity.csv,scripts/run_final_mask_aware_protocol.py,configs/final_mask_aware_protocol.json,shared pool100 where applicable,,,,masked active objective-score distance,preserved before diversity revision
q5_insulating_frameworks_seed48_LEA_no_self-cleaning.csv,artifacts/final_masked_protocol_before_diversity_revision/rankings/q5_insulating_frameworks_seed48_LEA_no_self-cleaning.csv,scripts/run_final_mask_aware_protocol.py,configs/final_mask_aware_protocol.json,shared pool100 where applicable,,,,masked active objective-score distance,preserved before diversity revision
q5_insulating_frameworks_seed48_LEA_plus_GAT.csv,artifacts/final_masked_protocol_before_diversity_revision/rankings/q5_insulating_frameworks_seed48_LEA_plus_GAT.csv,scripts/run_final_mask_aware_protocol.py,configs/final_mask_aware_protocol.json,shared pool100 where applicable,,,,masked active objective-score distance,preserved before diversity revision
q5_insulating_frameworks_seed48_LEA_plus_GraphSAGE.csv,artifacts/final_masked_protocol_before_diversity_revision/rankings/q5_insulating_frameworks_seed48_LEA_plus_GraphSAGE.csv,scripts/run_final_mask_aware_protocol.py,configs/final_mask_aware_protocol.json,shared pool100 where applicable,,,,masked active objective-score distance,preserved before diversity revision
q5_insulating_frameworks_seed48_MMR.csv,artifacts/final_masked_protocol_before_diversity_revision/rankings/q5_insulating_frameworks_seed48_MMR.csv,scripts/run_final_mask_aware_protocol.py,configs/final_mask_aware_protocol.json,shared pool100 where applicable,,,,masked active objective-score distance,preserved before diversity revision
q5_insulating_frameworks_seed48_ParetoCrowding.csv,artifacts/final_masked_protocol_before_diversity_revision/rankings/q5_insulating_frameworks_seed48_ParetoCrowding.csv,scripts/run_final_mask_aware_protocol.py,configs/final_mask_aware_protocol.json,shared pool100 where applicable,,,,masked active objective-score distance,preserved before diversity revision
q5_insulating_frameworks_seed48_Random.csv,artifacts/final_masked_protocol_before_diversity_revision/rankings/q5_insulating_frameworks_seed48_Random.csv,scripts/run_final_mask_aware_protocol.py,configs/final_mask_aware_protocol.json,shared pool100 where applicable,,,,masked active objective-score distance,preserved before diversity revision
q5_insulating_frameworks_seed48_SemanticOnly.csv,artifacts/final_masked_protocol_before_diversity_revision/rankings/q5_insulating_frameworks_seed48_SemanticOnly.csv,scripts/run_final_mask_aware_protocol.py,configs/final_mask_aware_protocol.json,shared pool100 where applicable,,,,masked active objective-score distance,preserved before diversity revision
q5_insulating_frameworks_seed48_TOPSIS.csv,artifacts/final_masked_protocol_before_diversity_revision/rankings/q5_insulating_frameworks_seed48_TOPSIS.csv,scripts/run_final_mask_aware_protocol.py,configs/final_mask_aware_protocol.json,shared pool100 where applicable,,,,masked active objective-score distance,preserved before diversity revision
q5_insulating_frameworks_seed48_WeightedSum.csv,artifacts/final_masked_protocol_before_diversity_revision/rankings/q5_insulating_frameworks_seed48_WeightedSum.csv,scripts/run_final_mask_aware_protocol.py,configs/final_mask_aware_protocol.json,shared pool100 where applicable,,,,masked active objective-score distance,preserved before diversity revision
q5_insulating_frameworks_seed49_GAT_only.csv,artifacts/final_masked_protocol_before_diversity_revision/rankings/q5_insulating_frameworks_seed49_GAT_only.csv,scripts/run_final_mask_aware_protocol.py,configs/final_mask_aware_protocol.json,shared pool100 where applicable,,,,masked active objective-score distance,preserved before diversity revision
q5_insulating_frameworks_seed49_GraphSAGE_only.csv,artifacts/final_masked_protocol_before_diversity_revision/rankings/q5_insulating_frameworks_seed49_GraphSAGE_only.csv,scripts/run_final_mask_aware_protocol.py,configs/final_mask_aware_protocol.json,shared pool100 where applicable,,,,masked active objective-score distance,preserved before diversity revision
q5_insulating_frameworks_seed49_LEA.csv,artifacts/final_masked_protocol_before_diversity_revision/rankings/q5_insulating_frameworks_seed49_LEA.csv,scripts/run_final_mask_aware_protocol.py,configs/final_mask_aware_protocol.json,shared pool100 where applicable,,,,masked active objective-score distance,preserved before diversity revision
q5_insulating_frameworks_seed49_LEA_no_diversity.csv,artifacts/final_masked_protocol_before_diversity_revision/rankings/q5_insulating_frameworks_seed49_LEA_no_diversity.csv,scripts/run_final_mask_aware_protocol.py,configs/final_mask_aware_protocol.json,shared pool100 where applicable,,,,masked active objective-score distance,preserved before diversity revision
q5_insulating_frameworks_seed49_LEA_no_self-cleaning.csv,artifacts/final_masked_protocol_before_diversity_revision/rankings/q5_insulating_frameworks_seed49_LEA_no_self-cleaning.csv,scripts/run_final_mask_aware_protocol.py,configs/final_mask_aware_protocol.json,shared pool100 where applicable,,,,masked active objective-score distance,preserved before diversity revision
q5_insulating_frameworks_seed49_LEA_plus_GAT.csv,artifacts/final_masked_protocol_before_diversity_revision/rankings/q5_insulating_frameworks_seed49_LEA_plus_GAT.csv,scripts/run_final_mask_aware_protocol.py,configs/final_mask_aware_protocol.json,shared pool100 where applicable,,,,masked active objective-score distance,preserved before diversity revision
q5_insulating_frameworks_seed49_LEA_plus_GraphSAGE.csv,artifacts/final_masked_protocol_before_diversity_revision/rankings/q5_insulating_frameworks_seed49_LEA_plus_GraphSAGE.csv,scripts/run_final_mask_aware_protocol.py,configs/final_mask_aware_protocol.json,shared pool100 where applicable,,,,masked active objective-score distance,preserved before diversity revision
q5_insulating_frameworks_seed49_MMR.csv,artifacts/final_masked_protocol_before_diversity_revision/rankings/q5_insulating_frameworks_seed49_MMR.csv,scripts/run_final_mask_aware_protocol.py,configs/final_mask_aware_protocol.json,shared pool100 where applicable,,,,masked active objective-score distance,preserved before diversity revision
q5_insulating_frameworks_seed49_ParetoCrowding.csv,artifacts/final_masked_protocol_before_diversity_revision/rankings/q5_insulating_frameworks_seed49_ParetoCrowding.csv,scripts/run_final_mask_aware_protocol.py,configs/final_mask_aware_protocol.json,shared pool100 where applicable,,,,masked active objective-score distance,preserved before diversity revision
q5_insulating_frameworks_seed49_Random.csv,artifacts/final_masked_protocol_before_diversity_revision/rankings/q5_insulating_frameworks_seed49_Random.csv,scripts/run_final_mask_aware_protocol.py,configs/final_mask_aware_protocol.json,shared pool100 where applicable,,,,masked active objective-score distance,preserved before diversity revision
q5_insulating_frameworks_seed49_SemanticOnly.csv,artifacts/final_masked_protocol_before_diversity_revision/rankings/q5_insulating_frameworks_seed49_SemanticOnly.csv,scripts/run_final_mask_aware_protocol.py,configs/final_mask_aware_protocol.json,shared pool100 where applicable,,,,masked active objective-score distance,preserved before diversity revision
q5_insulating_frameworks_seed49_TOPSIS.csv,artifacts/final_masked_protocol_before_diversity_revision/rankings/q5_insulating_frameworks_seed49_TOPSIS.csv,scripts/run_final_mask_aware_protocol.py,configs/final_mask_aware_protocol.json,shared pool100 where applicable,,,,masked active objective-score distance,preserved before diversity revision
q5_insulating_frameworks_seed49_WeightedSum.csv,artifacts/final_masked_protocol_before_diversity_revision/rankings/q5_insulating_frameworks_seed49_WeightedSum.csv,scripts/run_final_mask_aware_protocol.py,configs/final_mask_aware_protocol.json,shared pool100 where applicable,,,,masked active objective-score distance,preserved before diversity revision
q5_insulating_frameworks_seed50_GAT_only.csv,artifacts/final_masked_protocol_before_diversity_revision/rankings/q5_insulating_frameworks_seed50_GAT_only.csv,scripts/run_final_mask_aware_protocol.py,configs/final_mask_aware_protocol.json,shared pool100 where applicable,,,,masked active objective-score distance,preserved before diversity revision
q5_insulating_frameworks_seed50_GraphSAGE_only.csv,artifacts/final_masked_protocol_before_diversity_revision/rankings/q5_insulating_frameworks_seed50_GraphSAGE_only.csv,scripts/run_final_mask_aware_protocol.py,configs/final_mask_aware_protocol.json,shared pool100 where applicable,,,,masked active objective-score distance,preserved before diversity revision
q5_insulating_frameworks_seed50_LEA.csv,artifacts/final_masked_protocol_before_diversity_revision/rankings/q5_insulating_frameworks_seed50_LEA.csv,scripts/run_final_mask_aware_protocol.py,configs/final_mask_aware_protocol.json,shared pool100 where applicable,,,,masked active objective-score distance,preserved before diversity revision
q5_insulating_frameworks_seed50_LEA_no_diversity.csv,artifacts/final_masked_protocol_before_diversity_revision/rankings/q5_insulating_frameworks_seed50_LEA_no_diversity.csv,scripts/run_final_mask_aware_protocol.py,configs/final_mask_aware_protocol.json,shared pool100 where applicable,,,,masked active objective-score distance,preserved before diversity revision
q5_insulating_frameworks_seed50_LEA_no_self-cleaning.csv,artifacts/final_masked_protocol_before_diversity_revision/rankings/q5_insulating_frameworks_seed50_LEA_no_self-cleaning.csv,scripts/run_final_mask_aware_protocol.py,configs/final_mask_aware_protocol.json,shared pool100 where applicable,,,,masked active objective-score distance,preserved before diversity revision
q5_insulating_frameworks_seed50_LEA_plus_GAT.csv,artifacts/final_masked_protocol_before_diversity_revision/rankings/q5_insulating_frameworks_seed50_LEA_plus_GAT.csv,scripts/run_final_mask_aware_protocol.py,configs/final_mask_aware_protocol.json,shared pool100 where applicable,,,,masked active objective-score distance,preserved before diversity revision
q5_insulating_frameworks_seed50_LEA_plus_GraphSAGE.csv,artifacts/final_masked_protocol_before_diversity_revision/rankings/q5_insulating_frameworks_seed50_LEA_plus_GraphSAGE.csv,scripts/run_final_mask_aware_protocol.py,configs/final_mask_aware_protocol.json,shared pool100 where applicable,,,,masked active objective-score distance,preserved before diversity revision
q5_insulating_frameworks_seed50_MMR.csv,artifacts/final_masked_protocol_before_diversity_revision/rankings/q5_insulating_frameworks_seed50_MMR.csv,scripts/run_final_mask_aware_protocol.py,configs/final_mask_aware_protocol.json,shared pool100 where applicable,,,,masked active objective-score distance,preserved before diversity revision
q5_insulating_frameworks_seed50_ParetoCrowding.csv,artifacts/final_masked_protocol_before_diversity_revision/rankings/q5_insulating_frameworks_seed50_ParetoCrowding.csv,scripts/run_final_mask_aware_protocol.py,configs/final_mask_aware_protocol.json,shared pool100 where applicable,,,,masked active objective-score distance,preserved before diversity revision
q5_insulating_frameworks_seed50_Random.csv,artifacts/final_masked_protocol_before_diversity_revision/rankings/q5_insulating_frameworks_seed50_Random.csv,scripts/run_final_mask_aware_protocol.py,configs/final_mask_aware_protocol.json,shared pool100 where applicable,,,,masked active objective-score distance,preserved before diversity revision
q5_insulating_frameworks_seed50_SemanticOnly.csv,artifacts/final_masked_protocol_before_diversity_revision/rankings/q5_insulating_frameworks_seed50_SemanticOnly.csv,scripts/run_final_mask_aware_protocol.py,configs/final_mask_aware_protocol.json,shared pool100 where applicable,,,,masked active objective-score distance,preserved before diversity revision
q5_insulating_frameworks_seed50_TOPSIS.csv,artifacts/final_masked_protocol_before_diversity_revision/rankings/q5_insulating_frameworks_seed50_TOPSIS.csv,scripts/run_final_mask_aware_protocol.py,configs/final_mask_aware_protocol.json,shared pool100 where applicable,,,,masked active objective-score distance,preserved before diversity revision
q5_insulating_frameworks_seed50_WeightedSum.csv,artifacts/final_masked_protocol_before_diversity_revision/rankings/q5_insulating_frameworks_seed50_WeightedSum.csv,scripts/run_final_mask_aware_protocol.py,configs/final_mask_aware_protocol.json,shared pool100 where applicable,,,,masked active objective-score distance,preserved before diversity revision
q5_insulating_frameworks_seed51_GAT_only.csv,artifacts/final_masked_protocol_before_diversity_revision/rankings/q5_insulating_frameworks_seed51_GAT_only.csv,scripts/run_final_mask_aware_protocol.py,configs/final_mask_aware_protocol.json,shared pool100 where applicable,,,,masked active objective-score distance,preserved before diversity revision
q5_insulating_frameworks_seed51_GraphSAGE_only.csv,artifacts/final_masked_protocol_before_diversity_revision/rankings/q5_insulating_frameworks_seed51_GraphSAGE_only.csv,scripts/run_final_mask_aware_protocol.py,configs/final_mask_aware_protocol.json,shared pool100 where applicable,,,,masked active objective-score distance,preserved before diversity revision
q5_insulating_frameworks_seed51_LEA.csv,artifacts/final_masked_protocol_before_diversity_revision/rankings/q5_insulating_frameworks_seed51_LEA.csv,scripts/run_final_mask_aware_protocol.py,configs/final_mask_aware_protocol.json,shared pool100 where applicable,,,,masked active objective-score distance,preserved before diversity revision
q5_insulating_frameworks_seed51_LEA_no_diversity.csv,artifacts/final_masked_protocol_before_diversity_revision/rankings/q5_insulating_frameworks_seed51_LEA_no_diversity.csv,scripts/run_final_mask_aware_protocol.py,configs/final_mask_aware_protocol.json,shared pool100 where applicable,,,,masked active objective-score distance,preserved before diversity revision
q5_insulating_frameworks_seed51_LEA_no_self-cleaning.csv,artifacts/final_masked_protocol_before_diversity_revision/rankings/q5_insulating_frameworks_seed51_LEA_no_self-cleaning.csv,scripts/run_final_mask_aware_protocol.py,configs/final_mask_aware_protocol.json,shared pool100 where applicable,,,,masked active objective-score distance,preserved before diversity revision
q5_insulating_frameworks_seed51_LEA_plus_GAT.csv,artifacts/final_masked_protocol_before_diversity_revision/rankings/q5_insulating_frameworks_seed51_LEA_plus_GAT.csv,scripts/run_final_mask_aware_protocol.py,configs/final_mask_aware_protocol.json,shared pool100 where applicable,,,,masked active objective-score distance,preserved before diversity revision
q5_insulating_frameworks_seed51_LEA_plus_GraphSAGE.csv,artifacts/final_masked_protocol_before_diversity_revision/rankings/q5_insulating_frameworks_seed51_LEA_plus_GraphSAGE.csv,scripts/run_final_mask_aware_protocol.py,configs/final_mask_aware_protocol.json,shared pool100 where applicable,,,,masked active objective-score distance,preserved before diversity revision
q5_insulating_frameworks_seed51_MMR.csv,artifacts/final_masked_protocol_before_diversity_revision/rankings/q5_insulating_frameworks_seed51_MMR.csv,scripts/run_final_mask_aware_protocol.py,configs/final_mask_aware_protocol.json,shared pool100 where applicable,,,,masked active objective-score distance,preserved before diversity revision
q5_insulating_frameworks_seed51_ParetoCrowding.csv,artifacts/final_masked_protocol_before_diversity_revision/rankings/q5_insulating_frameworks_seed51_ParetoCrowding.csv,scripts/run_final_mask_aware_protocol.py,configs/final_mask_aware_protocol.json,shared pool100 where applicable,,,,masked active objective-score distance,preserved before diversity revision
q5_insulating_frameworks_seed51_Random.csv,artifacts/final_masked_protocol_before_diversity_revision/rankings/q5_insulating_frameworks_seed51_Random.csv,scripts/run_final_mask_aware_protocol.py,configs/final_mask_aware_protocol.json,shared pool100 where applicable,,,,masked active objective-score distance,preserved before diversity revision
q5_insulating_frameworks_seed51_SemanticOnly.csv,artifacts/final_masked_protocol_before_diversity_revision/rankings/q5_insulating_frameworks_seed51_SemanticOnly.csv,scripts/run_final_mask_aware_protocol.py,configs/final_mask_aware_protocol.json,shared pool100 where applicable,,,,masked active objective-score distance,preserved before diversity revision
q5_insulating_frameworks_seed51_TOPSIS.csv,artifacts/final_masked_protocol_before_diversity_revision/rankings/q5_insulating_frameworks_seed51_TOPSIS.csv,scripts/run_final_mask_aware_protocol.py,configs/final_mask_aware_protocol.json,shared pool100 where applicable,,,,masked active objective-score distance,preserved before diversity revision
q5_insulating_frameworks_seed51_WeightedSum.csv,artifacts/final_masked_protocol_before_diversity_revision/rankings/q5_insulating_frameworks_seed51_WeightedSum.csv,scripts/run_final_mask_aware_protocol.py,configs/final_mask_aware_protocol.json,shared pool100 where applicable,,,,masked active objective-score distance,preserved before diversity revision
rankings_all_topk.csv,artifacts/final_masked_protocol_before_diversity_revision/rankings_all_topk.csv,scripts/run_final_mask_aware_protocol.py,configs/final_mask_aware_protocol.json,shared pool100 where applicable,,,,masked active objective-score distance,preserved before diversity revision
run_final_mask_aware_protocol.py,artifacts/final_masked_protocol_before_diversity_revision/run_final_mask_aware_protocol.py,scripts/run_final_mask_aware_protocol.py,configs/final_mask_aware_protocol.json,shared pool100 where applicable,,,,masked active objective-score distance,preserved before diversity revision
test_results.txt,artifacts/final_masked_protocol_before_diversity_revision/test_results.txt,scripts/run_final_mask_aware_protocol.py,configs/final_mask_aware_protocol.json,shared pool100 where applicable,,,,masked active objective-score distance,preserved before diversity revision
topk_overlap_analysis.csv,artifacts/final_masked_protocol_before_diversity_revision/topk_overlap_analysis.csv,scripts/run_final_mask_aware_protocol.py,configs/final_mask_aware_protocol.json,shared pool100 where applicable,,,,masked active objective-score distance,preserved before diversity revision
variance_decomposition.csv,artifacts/final_masked_protocol_before_diversity_revision/variance_decomposition.csv,scripts/run_final_mask_aware_protocol.py,configs/final_mask_aware_protocol.json,shared pool100 where applicable,,,,masked active objective-score distance,preserved before diversity revision
weighted_sum_vs_lea_no_diversity.csv,artifacts/final_masked_protocol_before_diversity_revision/weighted_sum_vs_lea_no_diversity.csv,scripts/run_final_mask_aware_protocol.py,configs/final_mask_aware_protocol.json,shared pool100 where applicable,,,,masked active objective-score distance,preserved before diversity revision
