query,seed,method,rank,qmof_id,formula,raw_density,raw_band_gap,raw_semantic_score,raw_stability_score,raw_graph_score,normalized_density_score,normalized_band_gap_score,normalized_semantic_score,normalized_stability_score,normalized_graph_score,availability_mask,active_objective_vector,pairwise_masked_distance,final_utility
stable porous MOFs for CO2 adsorption,42,GAT only,1,qmof-fd921b0,Co2C16H16N8O8,1.58214776,3.390441,0.7166666666666667,0.7,,0.7,1.0,0.7166666666666667,0.7,,1|1|1|1,0.7166666666666667|1.0|0.7|0.7,,0.7598757655234476
stable porous MOFs for CO2 adsorption,42,GAT only,2,qmof-ec84fcf,Co2C20H16N28,1.767424228,2.596155,0.7166666666666667,0.7,,0.7,1.0,0.7166666666666667,0.7,,1|1|1|1,0.7166666666666667|1.0|0.7|0.7,,0.7598757655234476
stable porous MOFs for CO2 adsorption,42,GAT only,3,qmof-0ea1d91,Co2C16H12N8O4,1.78772833,3.489909,0.7166666666666667,0.7,,0.7,1.0,0.7166666666666667,0.7,,1|1|1|1,0.7166666666666667|1.0|0.7|0.7,,0.7598757655234476
stable porous MOFs for CO2 adsorption,42,GAT only,4,qmof-403e9cb,Co2C24H32N4O18,1.697328907,3.469655,0.7166666666666667,0.7,,0.7,1.0,0.7166666666666667,0.7,,1|1|1|1,0.7166666666666667|1.0|0.7|0.7,,0.7598757655234476
stable porous MOFs for CO2 adsorption,42,GAT only,5,qmof-71748b1,Co2C34H26N10O10S6,1.740750274,3.369053,0.7166666666666667,0.7,,0.7,1.0,0.7166666666666667,0.7,,1|1|1|1,0.7166666666666667|1.0|0.7|0.7,,0.7598757655234476
stable porous MOFs for CO2 adsorption,42,GraphSAGE only,1,qmof-ec84fcf,Co2C20H16N28,1.767424228,2.596155,0.7166666666666667,0.7,,0.7,1.0,0.7166666666666667,0.7,,1|1|1|1,0.7166666666666667|1.0|0.7|0.7,,0.7598757655234476
stable porous MOFs for CO2 adsorption,42,GraphSAGE only,2,qmof-fd921b0,Co2C16H16N8O8,1.58214776,3.390441,0.7166666666666667,0.7,,0.7,1.0,0.7166666666666667,0.7,,1|1|1|1,0.7166666666666667|1.0|0.7|0.7,,0.7598757655234476
stable porous MOFs for CO2 adsorption,42,GraphSAGE only,3,qmof-275dcce,Co2Nd2C32H32N20O12,1.787505544,2.684298,0.7166666666666667,0.7,,0.7,1.0,0.7166666666666667,0.7,,1|1|1|1,0.7166666666666667|1.0|0.7|0.7,,0.7598757655234476
stable porous MOFs for CO2 adsorption,42,GraphSAGE only,4,qmof-0ea1d91,Co2C16H12N8O4,1.78772833,3.489909,0.7166666666666667,0.7,,0.7,1.0,0.7166666666666667,0.7,,1|1|1|1,0.7166666666666667|1.0|0.7|0.7,,0.7598757655234476
stable porous MOFs for CO2 adsorption,42,GraphSAGE only,5,qmof-f69d443,Co2C40H28N12O8,1.370451155,2.877886,0.7166666666666667,0.7,,0.7,1.0,0.7166666666666667,0.7,,1|1|1|1,0.7166666666666667|1.0|0.7|0.7,,0.7598757655234476
stable porous MOFs for CO2 adsorption,42,LEA,1,qmof-c8f0292,Co2C44H48N12O12,1.602088418,3.494605,0.7166666666666667,0.7,,0.7,1.0,0.7166666666666667,0.7,,1|1|1|1,0.7166666666666667|1.0|0.7|0.7,,0.8596077576279639
stable porous MOFs for CO2 adsorption,42,LEA,2,qmof-b0a3596,Co2C36H26N4O12,1.704727415,3.49187,0.7166666666666667,0.7,,0.7,1.0,0.7166666666666667,0.7,,1|1|1|1,0.7166666666666667|1.0|0.7|0.7,,0.8596077576279639
stable porous MOFs for CO2 adsorption,42,LEA,3,qmof-c631f72,Co2C42H28N8O16,1.65313731,3.280036,0.7166666666666667,0.7,,0.7,1.0,0.7166666666666667,0.7,,1|1|1|1,0.7166666666666667|1.0|0.7|0.7,,0.8596077576279639
stable porous MOFs for CO2 adsorption,42,LEA,4,qmof-b2fddf8,Co2C40H28N4O14S2,1.64642024,2.966635,0.7166666666666667,0.7,,0.7,1.0,0.7166666666666667,0.7,,1|1|1|1,0.7166666666666667|1.0|0.7|0.7,,0.8596077576279639
stable porous MOFs for CO2 adsorption,42,LEA,5,qmof-26c54ef,Co2C32H24N4O8,1.504454446,2.825171,0.7166666666666667,0.7,,0.7,1.0,0.7166666666666667,0.7,,1|1|1|1,0.7166666666666667|1.0|0.7|0.7,,0.8596077576279639
stable porous MOFs for CO2 adsorption,42,LEA no diversity,1,qmof-c8f0292,Co2C44H48N12O12,1.602088418,3.494605,0.7166666666666667,0.7,,0.7,1.0,0.7166666666666667,0.7,,1|1|1|1,0.7166666666666667|1.0|0.7|0.7,,0.847107757627964
stable porous MOFs for CO2 adsorption,42,LEA no diversity,2,qmof-b0a3596,Co2C36H26N4O12,1.704727415,3.49187,0.7166666666666667,0.7,,0.7,1.0,0.7166666666666667,0.7,,1|1|1|1,0.7166666666666667|1.0|0.7|0.7,,0.847107757627964
stable porous MOFs for CO2 adsorption,42,LEA no diversity,3,qmof-c631f72,Co2C42H28N8O16,1.65313731,3.280036,0.7166666666666667,0.7,,0.7,1.0,0.7166666666666667,0.7,,1|1|1|1,0.7166666666666667|1.0|0.7|0.7,,0.847107757627964
stable porous MOFs for CO2 adsorption,42,LEA no diversity,4,qmof-b2fddf8,Co2C40H28N4O14S2,1.64642024,2.966635,0.7166666666666667,0.7,,0.7,1.0,0.7166666666666667,0.7,,1|1|1|1,0.7166666666666667|1.0|0.7|0.7,,0.847107757627964
stable porous MOFs for CO2 adsorption,42,LEA no diversity,5,qmof-26c54ef,Co2C32H24N4O8,1.504454446,2.825171,0.7166666666666667,0.7,,0.7,1.0,0.7166666666666667,0.7,,1|1|1|1,0.7166666666666667|1.0|0.7|0.7,,0.847107757627964
stable porous MOFs for CO2 adsorption,42,LEA no self-cleaning,1,qmof-c8f0292,Co2C44H48N12O12,1.602088418,3.494605,0.7166666666666667,0.7,,0.7,1.0,0.7166666666666667,0.7,,1|1|1|1,0.7166666666666667|1.0|0.7|0.7,,0.8596077576279639
stable porous MOFs for CO2 adsorption,42,LEA no self-cleaning,2,qmof-b0a3596,Co2C36H26N4O12,1.704727415,3.49187,0.7166666666666667,0.7,,0.7,1.0,0.7166666666666667,0.7,,1|1|1|1,0.7166666666666667|1.0|0.7|0.7,,0.8596077576279639
stable porous MOFs for CO2 adsorption,42,LEA no self-cleaning,3,qmof-c631f72,Co2C42H28N8O16,1.65313731,3.280036,0.7166666666666667,0.7,,0.7,1.0,0.7166666666666667,0.7,,1|1|1|1,0.7166666666666667|1.0|0.7|0.7,,0.8596077576279639
stable porous MOFs for CO2 adsorption,42,LEA no self-cleaning,4,qmof-b2fddf8,Co2C40H28N4O14S2,1.64642024,2.966635,0.7166666666666667,0.7,,0.7,1.0,0.7166666666666667,0.7,,1|1|1|1,0.7166666666666667|1.0|0.7|0.7,,0.8596077576279639
stable porous MOFs for CO2 adsorption,42,LEA no self-cleaning,5,qmof-26c54ef,Co2C32H24N4O8,1.504454446,2.825171,0.7166666666666667,0.7,,0.7,1.0,0.7166666666666667,0.7,,1|1|1|1,0.7166666666666667|1.0|0.7|0.7,,0.8596077576279639
stable porous MOFs for CO2 adsorption,42,LEA + GAT,1,qmof-403e9cb,Co2C24H32N4O18,1.697328907,3.469655,0.7166666666666667,0.7,,0.7,1.0,0.7166666666666667,0.7,,1|1|1|1,0.7166666666666667|1.0|0.7|0.7,,0.8026215642690658
stable porous MOFs for CO2 adsorption,42,LEA + GAT,2,qmof-334586a,Co2C28H20N16S4,1.76521634,3.172952,0.7166666666666667,0.7,,0.7,1.0,0.7166666666666667,0.7,,1|1|1|1,0.7166666666666667|1.0|0.7|0.7,,0.7998268008232117
stable porous MOFs for CO2 adsorption,42,LEA + GAT,3,qmof-c0d0be0,Co2C28H20N4O12,1.717539182,3.369652,0.7166666666666667,0.7,,0.7,1.0,0.7166666666666667,0.7,,1|1|1|1,0.7166666666666667|1.0|0.7|0.7,,0.7991235226392746
stable porous MOFs for CO2 adsorption,42,LEA + GAT,4,qmof-9a1ecbc,Co2C28Cl4H24N8S6,1.797370089,3.409833,0.7166666666666667,0.7,,0.7,1.0,0.7166666666666667,0.7,,1|1|1|1,0.7166666666666667|1.0|0.7|0.7,,0.7990686014294625
stable porous MOFs for CO2 adsorption,42,LEA + GAT,5,qmof-d8703ab,Co2C24H24N8O8,1.778550968,3.365559,0.7166666666666667,0.7,,0.7,1.0,0.7166666666666667,0.7,,1|1|1|1,0.7166666666666667|1.0|0.7|0.7,,0.7983945980668068
stable porous MOFs for CO2 adsorption,42,LEA + GraphSAGE,1,qmof-275dcce,Co2Nd2C32H32N20O12,1.787505544,2.684298,0.7166666666666667,0.7,,0.7,1.0,0.7166666666666667,0.7,,1|1|1|1,0.7166666666666667|1.0|0.7|0.7,,0.7637722879648209
stable porous MOFs for CO2 adsorption,42,LEA + GraphSAGE,2,qmof-f69d443,Co2C40H28N12O8,1.370451155,2.877886,0.7166666666666667,0.7,,0.7,1.0,0.7166666666666667,0.7,,1|1|1|1,0.7166666666666667|1.0|0.7|0.7,,0.7627351641654968
stable porous MOFs for CO2 adsorption,42,LEA + GraphSAGE,3,qmof-68234b7,Co2C30H32N2O14,1.399169923,3.266102,0.7166666666666667,0.7,,0.7,1.0,0.7166666666666667,0.7,,1|1|1|1,0.7166666666666667|1.0|0.7|0.7,,0.7616688579320907
stable porous MOFs for CO2 adsorption,42,LEA + GraphSAGE,4,qmof-334586a,Co2C28H20N16S4,1.76521634,3.172952,0.7166666666666667,0.7,,0.7,1.0,0.7166666666666667,0.7,,1|1|1|1,0.7166666666666667|1.0|0.7|0.7,,0.761016596853733
stable porous MOFs for CO2 adsorption,42,LEA + GraphSAGE,5,qmof-403e9cb,Co2C24H32N4O18,1.697328907,3.469655,0.7166666666666667,0.7,,0.7,1.0,0.7166666666666667,0.7,,1|1|1|1,0.7166666666666667|1.0|0.7|0.7,,0.761000494658947
stable porous MOFs for CO2 adsorption,42,MMR,1,qmof-82fb334,Co2C22H16N4O10,1.772529929,2.753622,0.7166666666666667,0.7,,0.7,1.0,0.7166666666666667,0.7,,1|1|1|1,0.7166666666666667|1.0|0.7|0.7,,0.7598757655234476
stable porous MOFs for CO2 adsorption,42,MMR,2,qmof-6ad2d37,Co2C38H44N4O8,1.496281682,4.095506,0.7166666666666667,0.7,,0.7,0.5,0.7166666666666667,0.7,,1|1|1|1,0.7166666666666667|0.5|0.7|0.7,,0.6672850245975401
stable porous MOFs for CO2 adsorption,42,MMR,3,qmof-51d789e,Co2C16H24O12,1.634350468,3.034007,0.7166666666666667,0.7,,0.7,1.0,0.7166666666666667,0.7,,1|1|1|1,0.7166666666666667|1.0|0.7|0.7,,0.7598757655234476
stable porous MOFs for CO2 adsorption,42,MMR,4,qmof-275dcce,Co2Nd2C32H32N20O12,1.787505544,2.684298,0.7166666666666667,0.7,,0.7,1.0,0.7166666666666667,0.7,,1|1|1|1,0.7166666666666667|1.0|0.7|0.7,,0.7598757655234476
stable porous MOFs for CO2 adsorption,42,MMR,5,qmof-99810c8,Co2C46H34N4O14,1.652544913,2.887718,0.7166666666666667,0.7,,0.7,1.0,0.7166666666666667,0.7,,1|1|1|1,0.7166666666666667|1.0|0.7|0.7,,0.7598757655234476
stable porous MOFs for CO2 adsorption,42,ParetoCrowding,1,qmof-fd921b0,Co2C16H16N8O8,1.58214776,3.390441,0.7166666666666667,0.7,,0.7,1.0,0.7166666666666667,0.7,,1|1|1|1,0.7166666666666667|1.0|0.7|0.7,,0.7598757655234476
stable porous MOFs for CO2 adsorption,42,ParetoCrowding,2,qmof-f69d443,Co2C40H28N12O8,1.370451155,2.877886,0.7166666666666667,0.7,,0.7,1.0,0.7166666666666667,0.7,,1|1|1|1,0.7166666666666667|1.0|0.7|0.7,,0.7598757655234476
stable porous MOFs for CO2 adsorption,42,ParetoCrowding,3,qmof-f343390,Co2C34H22N6O8,1.790740334,3.060735,0.7166666666666667,0.7,,0.7,1.0,0.7166666666666667,0.7,,1|1|1|1,0.7166666666666667|1.0|0.7|0.7,,0.7598757655234476
stable porous MOFs for CO2 adsorption,42,ParetoCrowding,4,qmof-f2d872e,Co2C36H40N8O12,1.334171796,3.378082,0.7166666666666667,0.7,,0.7,1.0,0.7166666666666667,0.7,,1|1|1|1,0.7166666666666667|1.0|0.7|0.7,,0.7598757655234476
stable porous MOFs for CO2 adsorption,42,ParetoCrowding,5,qmof-f0c9af4,Co2C50H38N10O12,1.607919854,2.642464,0.7166666666666667,0.7,,0.7,1.0,0.7166666666666667,0.7,,1|1|1|1,0.7166666666666667|1.0|0.7|0.7,,0.7598757655234476
stable porous MOFs for CO2 adsorption,42,Random,1,qmof-4324443,Co2C30H22N4O10,1.798488446,3.439369,0.7166666666666667,0.7,,0.7,1.0,0.7166666666666667,0.7,,1|1|1|1,0.7166666666666667|1.0|0.7|0.7,,0.7598757655234476
stable porous MOFs for CO2 adsorption,42,Random,2,qmof-5533340,Co2C38H20N8O14,1.720487217,2.218596,0.7166666666666667,0.7,,0.7,1.0,0.7166666666666667,0.7,,1|1|1|1,0.7166666666666667|1.0|0.7|0.7,,0.7598757655234476
stable porous MOFs for CO2 adsorption,42,Random,3,qmof-3c5b84b,Co2C52Cl4H40N8O8,1.606651944,3.583374,0.7166666666666667,0.7,,0.7,0.5,0.7166666666666667,0.7,,1|1|1|1,0.7166666666666667|0.5|0.7|0.7,,0.6672850245975401
stable porous MOFs for CO2 adsorption,42,Random,4,qmof-79ff2bd,Co2C40H28N2O14,1.727911851,3.222612,0.7166666666666667,0.7,,0.7,1.0,0.7166666666666667,0.7,,1|1|1|1,0.7166666666666667|1.0|0.7|0.7,,0.7598757655234476
stable porous MOFs for CO2 adsorption,42,Random,5,qmof-b0a3596,Co2C36H26N4O12,1.704727415,3.49187,0.7166666666666667,0.7,,0.7,1.0,0.7166666666666667,0.7,,1|1|1|1,0.7166666666666667|1.0|0.7|0.7,,0.7598757655234476
stable porous MOFs for CO2 adsorption,42,SemanticOnly,1,qmof-fe6f735,Co2C58H64N8O12,1.418878739,4.292873,0.7166666666666667,0.7,,0.7,0.5,0.7166666666666667,0.7,,1|1|1|1,0.7166666666666667|0.5|0.7|0.7,,0.6672850245975401
stable porous MOFs for CO2 adsorption,42,SemanticOnly,2,qmof-fd921b0,Co2C16H16N8O8,1.58214776,3.390441,0.7166666666666667,0.7,,0.7,1.0,0.7166666666666667,0.7,,1|1|1|1,0.7166666666666667|1.0|0.7|0.7,,0.7598757655234476
stable porous MOFs for CO2 adsorption,42,SemanticOnly,3,qmof-f69d443,Co2C40H28N12O8,1.370451155,2.877886,0.7166666666666667,0.7,,0.7,1.0,0.7166666666666667,0.7,,1|1|1|1,0.7166666666666667|1.0|0.7|0.7,,0.7598757655234476
stable porous MOFs for CO2 adsorption,42,SemanticOnly,4,qmof-f47b0d0,Co2C20H16N20,1.747002045,4.598984,0.7166666666666667,0.7,,0.7,0.5,0.7166666666666667,0.7,,1|1|1|1,0.7166666666666667|0.5|0.7|0.7,,0.6672850245975401
stable porous MOFs for CO2 adsorption,42,SemanticOnly,5,qmof-f343390,Co2C34H22N6O8,1.790740334,3.060735,0.7166666666666667,0.7,,0.7,1.0,0.7166666666666667,0.7,,1|1|1|1,0.7166666666666667|1.0|0.7|0.7,,0.7598757655234476
stable porous MOFs for CO2 adsorption,42,TOPSIS,1,qmof-fd921b0,Co2C16H16N8O8,1.58214776,3.390441,0.7166666666666667,0.7,,0.7,1.0,0.7166666666666667,0.7,,1|1|1|1,0.7166666666666667|1.0|0.7|0.7,,0.7598757655234476
stable porous MOFs for CO2 adsorption,42,TOPSIS,2,qmof-f69d443,Co2C40H28N12O8,1.370451155,2.877886,0.7166666666666667,0.7,,0.7,1.0,0.7166666666666667,0.7,,1|1|1|1,0.7166666666666667|1.0|0.7|0.7,,0.7598757655234476
stable porous MOFs for CO2 adsorption,42,TOPSIS,3,qmof-f343390,Co2C34H22N6O8,1.790740334,3.060735,0.7166666666666667,0.7,,0.7,1.0,0.7166666666666667,0.7,,1|1|1|1,0.7166666666666667|1.0|0.7|0.7,,0.7598757655234476
stable porous MOFs for CO2 adsorption,42,TOPSIS,4,qmof-f2d872e,Co2C36H40N8O12,1.334171796,3.378082,0.7166666666666667,0.7,,0.7,1.0,0.7166666666666667,0.7,,1|1|1|1,0.7166666666666667|1.0|0.7|0.7,,0.7598757655234476
stable porous MOFs for CO2 adsorption,42,TOPSIS,5,qmof-f0c9af4,Co2C50H38N10O12,1.607919854,2.642464,0.7166666666666667,0.7,,0.7,1.0,0.7166666666666667,0.7,,1|1|1|1,0.7166666666666667|1.0|0.7|0.7,,0.7598757655234476
stable porous MOFs for CO2 adsorption,42,WeightedSum,1,qmof-fd921b0,Co2C16H16N8O8,1.58214776,3.390441,0.7166666666666667,0.7,,0.7,1.0,0.7166666666666667,0.7,,1|1|1|1,0.7166666666666667|1.0|0.7|0.7,,0.7598757655234476
stable porous MOFs for CO2 adsorption,42,WeightedSum,2,qmof-f69d443,Co2C40H28N12O8,1.370451155,2.877886,0.7166666666666667,0.7,,0.7,1.0,0.7166666666666667,0.7,,1|1|1|1,0.7166666666666667|1.0|0.7|0.7,,0.7598757655234476
stable porous MOFs for CO2 adsorption,42,WeightedSum,3,qmof-f343390,Co2C34H22N6O8,1.790740334,3.060735,0.7166666666666667,0.7,,0.7,1.0,0.7166666666666667,0.7,,1|1|1|1,0.7166666666666667|1.0|0.7|0.7,,0.7598757655234476
stable porous MOFs for CO2 adsorption,42,WeightedSum,4,qmof-f2d872e,Co2C36H40N8O12,1.334171796,3.378082,0.7166666666666667,0.7,,0.7,1.0,0.7166666666666667,0.7,,1|1|1|1,0.7166666666666667|1.0|0.7|0.7,,0.7598757655234476
stable porous MOFs for CO2 adsorption,42,WeightedSum,5,qmof-f0c9af4,Co2C50H38N10O12,1.607919854,2.642464,0.7166666666666667,0.7,,0.7,1.0,0.7166666666666667,0.7,,1|1|1|1,0.7166666666666667|1.0|0.7|0.7,,0.7598757655234476
stable porous MOFs for CO2 adsorption,43,GAT only,1,qmof-fd921b0,Co2C16H16N8O8,1.58214776,3.390441,0.7166666666666667,0.7,,0.7,1.0,0.7166666666666667,0.7,,1|1|1|1,0.7166666666666667|1.0|0.7|0.7,,0.7598757655234476
stable porous MOFs for CO2 adsorption,43,GAT only,2,qmof-ec84fcf,Co2C20H16N28,1.767424228,2.596155,0.7166666666666667,0.7,,0.7,1.0,0.7166666666666667,0.7,,1|1|1|1,0.7166666666666667|1.0|0.7|0.7,,0.7598757655234476
stable porous MOFs for CO2 adsorption,43,GAT only,3,qmof-0ea1d91,Co2C16H12N8O4,1.78772833,3.489909,0.7166666666666667,0.7,,0.7,1.0,0.7166666666666667,0.7,,1|1|1|1,0.7166666666666667|1.0|0.7|0.7,,0.7598757655234476
stable porous MOFs for CO2 adsorption,43,GAT only,4,qmof-403e9cb,Co2C24H32N4O18,1.697328907,3.469655,0.7166666666666667,0.7,,0.7,1.0,0.7166666666666667,0.7,,1|1|1|1,0.7166666666666667|1.0|0.7|0.7,,0.7598757655234476
stable porous MOFs for CO2 adsorption,43,GAT only,5,qmof-71748b1,Co2C34H26N10O10S6,1.740750274,3.369053,0.7166666666666667,0.7,,0.7,1.0,0.7166666666666667,0.7,,1|1|1|1,0.7166666666666667|1.0|0.7|0.7,,0.7598757655234476
stable porous MOFs for CO2 adsorption,43,GraphSAGE only,1,qmof-ec84fcf,Co2C20H16N28,1.767424228,2.596155,0.7166666666666667,0.7,,0.7,1.0,0.7166666666666667,0.7,,1|1|1|1,0.7166666666666667|1.0|0.7|0.7,,0.7598757655234476
stable porous MOFs for CO2 adsorption,43,GraphSAGE only,2,qmof-fd921b0,Co2C16H16N8O8,1.58214776,3.390441,0.7166666666666667,0.7,,0.7,1.0,0.7166666666666667,0.7,,1|1|1|1,0.7166666666666667|1.0|0.7|0.7,,0.7598757655234476
stable porous MOFs for CO2 adsorption,43,GraphSAGE only,3,qmof-275dcce,Co2Nd2C32H32N20O12,1.787505544,2.684298,0.7166666666666667,0.7,,0.7,1.0,0.7166666666666667,0.7,,1|1|1|1,0.7166666666666667|1.0|0.7|0.7,,0.7598757655234476
stable porous MOFs for CO2 adsorption,43,GraphSAGE only,4,qmof-0ea1d91,Co2C16H12N8O4,1.78772833,3.489909,0.7166666666666667,0.7,,0.7,1.0,0.7166666666666667,0.7,,1|1|1|1,0.7166666666666667|1.0|0.7|0.7,,0.7598757655234476
stable porous MOFs for CO2 adsorption,43,GraphSAGE only,5,qmof-f69d443,Co2C40H28N12O8,1.370451155,2.877886,0.7166666666666667,0.7,,0.7,1.0,0.7166666666666667,0.7,,1|1|1|1,0.7166666666666667|1.0|0.7|0.7,,0.7598757655234476
stable porous MOFs for CO2 adsorption,43,LEA,1,qmof-d976696,Co2C40H30N10O12S4,1.731777887,2.509891,0.7166666666666667,0.7,,0.7,1.0,0.7166666666666667,0.7,,1|1|1|1,0.7166666666666667|1.0|0.7|0.7,,0.8596077576279639
stable porous MOFs for CO2 adsorption,43,LEA,2,qmof-71748b1,Co2C34H26N10O10S6,1.740750274,3.369053,0.7166666666666667,0.7,,0.7,1.0,0.7166666666666667,0.7,,1|1|1|1,0.7166666666666667|1.0|0.7|0.7,,0.8596077576279639
stable porous MOFs for CO2 adsorption,43,LEA,3,qmof-b2bccba,Co2C42H32N4O12,1.669649743,2.789533,0.7166666666666667,0.7,,0.7,1.0,0.7166666666666667,0.7,,1|1|1|1,0.7166666666666667|1.0|0.7|0.7,,0.8596077576279639
stable porous MOFs for CO2 adsorption,43,LEA,4,qmof-eb2e363,Co2C44H38N10O8,1.557914602,3.122668,0.7166666666666667,0.7,,0.7,1.0,0.7166666666666667,0.7,,1|1|1|1,0.7166666666666667|1.0|0.7|0.7,,0.8596077576279639
stable porous MOFs for CO2 adsorption,43,LEA,5,qmof-1f0ad0a,Co2C44H40N4O16,1.656576851,3.426973,0.7166666666666667,0.7,,0.7,1.0,0.7166666666666667,0.7,,1|1|1|1,0.7166666666666667|1.0|0.7|0.7,,0.8596077576279639
stable porous MOFs for CO2 adsorption,43,LEA no diversity,1,qmof-d976696,Co2C40H30N10O12S4,1.731777887,2.509891,0.7166666666666667,0.7,,0.7,1.0,0.7166666666666667,0.7,,1|1|1|1,0.7166666666666667|1.0|0.7|0.7,,0.847107757627964
stable porous MOFs for CO2 adsorption,43,LEA no diversity,2,qmof-71748b1,Co2C34H26N10O10S6,1.740750274,3.369053,0.7166666666666667,0.7,,0.7,1.0,0.7166666666666667,0.7,,1|1|1|1,0.7166666666666667|1.0|0.7|0.7,,0.847107757627964
stable porous MOFs for CO2 adsorption,43,LEA no diversity,3,qmof-b2bccba,Co2C42H32N4O12,1.669649743,2.789533,0.7166666666666667,0.7,,0.7,1.0,0.7166666666666667,0.7,,1|1|1|1,0.7166666666666667|1.0|0.7|0.7,,0.847107757627964
stable porous MOFs for CO2 adsorption,43,LEA no diversity,4,qmof-eb2e363,Co2C44H38N10O8,1.557914602,3.122668,0.7166666666666667,0.7,,0.7,1.0,0.7166666666666667,0.7,,1|1|1|1,0.7166666666666667|1.0|0.7|0.7,,0.847107757627964
stable porous MOFs for CO2 adsorption,43,LEA no diversity,5,qmof-1f0ad0a,Co2C44H40N4O16,1.656576851,3.426973,0.7166666666666667,0.7,,0.7,1.0,0.7166666666666667,0.7,,1|1|1|1,0.7166666666666667|1.0|0.7|0.7,,0.847107757627964
stable porous MOFs for CO2 adsorption,43,LEA no self-cleaning,1,qmof-d976696,Co2C40H30N10O12S4,1.731777887,2.509891,0.7166666666666667,0.7,,0.7,1.0,0.7166666666666667,0.7,,1|1|1|1,0.7166666666666667|1.0|0.7|0.7,,0.8596077576279639
stable porous MOFs for CO2 adsorption,43,LEA no self-cleaning,2,qmof-71748b1,Co2C34H26N10O10S6,1.740750274,3.369053,0.7166666666666667,0.7,,0.7,1.0,0.7166666666666667,0.7,,1|1|1|1,0.7166666666666667|1.0|0.7|0.7,,0.8596077576279639
stable porous MOFs for CO2 adsorption,43,LEA no self-cleaning,3,qmof-b2bccba,Co2C42H32N4O12,1.669649743,2.789533,0.7166666666666667,0.7,,0.7,1.0,0.7166666666666667,0.7,,1|1|1|1,0.7166666666666667|1.0|0.7|0.7,,0.8596077576279639
stable porous MOFs for CO2 adsorption,43,LEA no self-cleaning,4,qmof-eb2e363,Co2C44H38N10O8,1.557914602,3.122668,0.7166666666666667,0.7,,0.7,1.0,0.7166666666666667,0.7,,1|1|1|1,0.7166666666666667|1.0|0.7|0.7,,0.8596077576279639
stable porous MOFs for CO2 adsorption,43,LEA no self-cleaning,5,qmof-1f0ad0a,Co2C44H40N4O16,1.656576851,3.426973,0.7166666666666667,0.7,,0.7,1.0,0.7166666666666667,0.7,,1|1|1|1,0.7166666666666667|1.0|0.7|0.7,,0.8596077576279639
stable porous MOFs for CO2 adsorption,43,LEA + GAT,1,qmof-fd921b0,Co2C16H16N8O8,1.58214776,3.390441,0.7166666666666667,0.7,,0.7,1.0,0.7166666666666667,0.7,,1|1|1|1,0.7166666666666667|1.0|0.7|0.7,,0.8078589275479316
stable porous MOFs for CO2 adsorption,43,LEA + GAT,2,qmof-ec84fcf,Co2C20H16N28,1.767424228,2.596155,0.7166666666666667,0.7,,0.7,1.0,0.7166666666666667,0.7,,1|1|1|1,0.7166666666666667|1.0|0.7|0.7,,0.8048956781625748
stable porous MOFs for CO2 adsorption,43,LEA + GAT,3,qmof-403e9cb,Co2C24H32N4O18,1.697328907,3.469655,0.7166666666666667,0.7,,0.7,1.0,0.7166666666666667,0.7,,1|1|1|1,0.7166666666666667|1.0|0.7|0.7,,0.8026215642690658
stable porous MOFs for CO2 adsorption,43,LEA + GAT,4,qmof-f2d872e,Co2C36H40N8O12,1.334171796,3.378082,0.7166666666666667,0.7,,0.7,1.0,0.7166666666666667,0.7,,1|1|1|1,0.7166666666666667|1.0|0.7|0.7,,0.8005177416838705
stable porous MOFs for CO2 adsorption,43,LEA + GAT,5,qmof-c0d0be0,Co2C28H20N4O12,1.717539182,3.369652,0.7166666666666667,0.7,,0.7,1.0,0.7166666666666667,0.7,,1|1|1|1,0.7166666666666667|1.0|0.7|0.7,,0.8000965524464845
stable porous MOFs for CO2 adsorption,43,LEA + GraphSAGE,1,qmof-ec84fcf,Co2C20H16N28,1.767424228,2.596155,0.7166666666666667,0.7,,0.7,1.0,0.7166666666666667,0.7,,1|1|1|1,0.7166666666666667|1.0|0.7|0.7,,0.7676090344786644
stable porous MOFs for CO2 adsorption,43,LEA + GraphSAGE,2,qmof-fd921b0,Co2C16H16N8O8,1.58214776,3.390441,0.7166666666666667,0.7,,0.7,1.0,0.7166666666666667,0.7,,1|1|1|1,0.7166666666666667|1.0|0.7|0.7,,0.76661696434021
stable porous MOFs for CO2 adsorption,43,LEA + GraphSAGE,3,qmof-275dcce,Co2Nd2C32H32N20O12,1.787505544,2.684298,0.7166666666666667,0.7,,0.7,1.0,0.7166666666666667,0.7,,1|1|1|1,0.7166666666666667|1.0|0.7|0.7,,0.7637722879648209
stable porous MOFs for CO2 adsorption,43,LEA + GraphSAGE,4,qmof-f2d872e,Co2C36H40N8O12,1.334171796,3.378082,0.7166666666666667,0.7,,0.7,1.0,0.7166666666666667,0.7,,1|1|1|1,0.7166666666666667|1.0|0.7|0.7,,0.7627635057549924
stable porous MOFs for CO2 adsorption,43,LEA + GraphSAGE,5,qmof-f69d443,Co2C40H28N12O8,1.370451155,2.877886,0.7166666666666667,0.7,,0.7,1.0,0.7166666666666667,0.7,,1|1|1|1,0.7166666666666667|1.0|0.7|0.7,,0.7627351641654968
stable porous MOFs for CO2 adsorption,43,MMR,1,qmof-54f7ee7,Co2K2C48H44N4O6,1.497174385,1.505111,0.7166666666666667,0.7,,0.7,1.0,0.7166666666666667,0.7,,1|1|1|1,0.7166666666666667|1.0|0.7|0.7,,0.7598757655234476
stable porous MOFs for CO2 adsorption,43,MMR,2,qmof-c49d30b,Co2C36H28N24,1.711108729,4.041136,0.7166666666666667,0.7,,0.7,0.5,0.7166666666666667,0.7,,1|1|1|1,0.7166666666666667|0.5|0.7|0.7,,0.6672850245975401
stable porous MOFs for CO2 adsorption,43,MMR,3,qmof-334586a,Co2C28H20N16S4,1.76521634,3.172952,0.7166666666666667,0.7,,0.7,1.0,0.7166666666666667,0.7,,1|1|1|1,0.7166666666666667|1.0|0.7|0.7,,0.7598757655234476
stable porous MOFs for CO2 adsorption,43,MMR,4,qmof-d8703ab,Co2C24H24N8O8,1.778550968,3.365559,0.7166666666666667,0.7,,0.7,1.0,0.7166666666666667,0.7,,1|1|1|1,0.7166666666666667|1.0|0.7|0.7,,0.7598757655234476
stable porous MOFs for CO2 adsorption,43,MMR,5,qmof-ec84fcf,Co2C20H16N28,1.767424228,2.596155,0.7166666666666667,0.7,,0.7,1.0,0.7166666666666667,0.7,,1|1|1|1,0.7166666666666667|1.0|0.7|0.7,,0.7598757655234476
stable porous MOFs for CO2 adsorption,43,ParetoCrowding,1,qmof-fd921b0,Co2C16H16N8O8,1.58214776,3.390441,0.7166666666666667,0.7,,0.7,1.0,0.7166666666666667,0.7,,1|1|1|1,0.7166666666666667|1.0|0.7|0.7,,0.7598757655234476
stable porous MOFs for CO2 adsorption,43,ParetoCrowding,2,qmof-f69d443,Co2C40H28N12O8,1.370451155,2.877886,0.7166666666666667,0.7,,0.7,1.0,0.7166666666666667,0.7,,1|1|1|1,0.7166666666666667|1.0|0.7|0.7,,0.7598757655234476
stable porous MOFs for CO2 adsorption,43,ParetoCrowding,3,qmof-f343390,Co2C34H22N6O8,1.790740334,3.060735,0.7166666666666667,0.7,,0.7,1.0,0.7166666666666667,0.7,,1|1|1|1,0.7166666666666667|1.0|0.7|0.7,,0.7598757655234476
stable porous MOFs for CO2 adsorption,43,ParetoCrowding,4,qmof-f2d872e,Co2C36H40N8O12,1.334171796,3.378082,0.7166666666666667,0.7,,0.7,1.0,0.7166666666666667,0.7,,1|1|1|1,0.7166666666666667|1.0|0.7|0.7,,0.7598757655234476
stable porous MOFs for CO2 adsorption,43,ParetoCrowding,5,qmof-f0c9af4,Co2C50H38N10O12,1.607919854,2.642464,0.7166666666666667,0.7,,0.7,1.0,0.7166666666666667,0.7,,1|1|1|1,0.7166666666666667|1.0|0.7|0.7,,0.7598757655234476
stable porous MOFs for CO2 adsorption,43,Random,1,qmof-57e6787,Co2C34H28N4O8,1.718108992,3.298084,0.7166666666666667,0.7,,0.7,1.0,0.7166666666666667,0.7,,1|1|1|1,0.7166666666666667|1.0|0.7|0.7,,0.7598757655234476
stable porous MOFs for CO2 adsorption,43,Random,2,qmof-c49d30b,Co2C36H28N24,1.711108729,4.041136,0.7166666666666667,0.7,,0.7,0.5,0.7166666666666667,0.7,,1|1|1|1,0.7166666666666667|0.5|0.7|0.7,,0.6672850245975401
stable porous MOFs for CO2 adsorption,43,Random,3,qmof-8fe6d7b,Co2C30H28N4O8,1.652852163,3.035327,0.7166666666666667,0.7,,0.7,1.0,0.7166666666666667,0.7,,1|1|1|1,0.7166666666666667|1.0|0.7|0.7,,0.7598757655234476
stable porous MOFs for CO2 adsorption,43,Random,4,qmof-0ea1d91,Co2C16H12N8O4,1.78772833,3.489909,0.7166666666666667,0.7,,0.7,1.0,0.7166666666666667,0.7,,1|1|1|1,0.7166666666666667|1.0|0.7|0.7,,0.7598757655234476
stable porous MOFs for CO2 adsorption,43,Random,5,qmof-54f7ee7,Co2K2C48H44N4O6,1.497174385,1.505111,0.7166666666666667,0.7,,0.7,1.0,0.7166666666666667,0.7,,1|1|1|1,0.7166666666666667|1.0|0.7|0.7,,0.7598757655234476
stable porous MOFs for CO2 adsorption,43,SemanticOnly,1,qmof-fe6f735,Co2C58H64N8O12,1.418878739,4.292873,0.7166666666666667,0.7,,0.7,0.5,0.7166666666666667,0.7,,1|1|1|1,0.7166666666666667|0.5|0.7|0.7,,0.6672850245975401
stable porous MOFs for CO2 adsorption,43,SemanticOnly,2,qmof-fd921b0,Co2C16H16N8O8,1.58214776,3.390441,0.7166666666666667,0.7,,0.7,1.0,0.7166666666666667,0.7,,1|1|1|1,0.7166666666666667|1.0|0.7|0.7,,0.7598757655234476
stable porous MOFs for CO2 adsorption,43,SemanticOnly,3,qmof-f771839,Co2C38H40N8O8,1.401927433,4.295336,0.7166666666666667,0.7,,0.7,0.5,0.7166666666666667,0.7,,1|1|1|1,0.7166666666666667|0.5|0.7|0.7,,0.6672850245975401
stable porous MOFs for CO2 adsorption,43,SemanticOnly,4,qmof-f69d443,Co2C40H28N12O8,1.370451155,2.877886,0.7166666666666667,0.7,,0.7,1.0,0.7166666666666667,0.7,,1|1|1|1,0.7166666666666667|1.0|0.7|0.7,,0.7598757655234476
stable porous MOFs for CO2 adsorption,43,SemanticOnly,5,qmof-f343390,Co2C34H22N6O8,1.790740334,3.060735,0.7166666666666667,0.7,,0.7,1.0,0.7166666666666667,0.7,,1|1|1|1,0.7166666666666667|1.0|0.7|0.7,,0.7598757655234476
stable porous MOFs for CO2 adsorption,43,TOPSIS,1,qmof-fd921b0,Co2C16H16N8O8,1.58214776,3.390441,0.7166666666666667,0.7,,0.7,1.0,0.7166666666666667,0.7,,1|1|1|1,0.7166666666666667|1.0|0.7|0.7,,0.7598757655234476
stable porous MOFs for CO2 adsorption,43,TOPSIS,2,qmof-f69d443,Co2C40H28N12O8,1.370451155,2.877886,0.7166666666666667,0.7,,0.7,1.0,0.7166666666666667,0.7,,1|1|1|1,0.7166666666666667|1.0|0.7|0.7,,0.7598757655234476
stable porous MOFs for CO2 adsorption,43,TOPSIS,3,qmof-f343390,Co2C34H22N6O8,1.790740334,3.060735,0.7166666666666667,0.7,,0.7,1.0,0.7166666666666667,0.7,,1|1|1|1,0.7166666666666667|1.0|0.7|0.7,,0.7598757655234476
stable porous MOFs for CO2 adsorption,43,TOPSIS,4,qmof-f2d872e,Co2C36H40N8O12,1.334171796,3.378082,0.7166666666666667,0.7,,0.7,1.0,0.7166666666666667,0.7,,1|1|1|1,0.7166666666666667|1.0|0.7|0.7,,0.7598757655234476
stable porous MOFs for CO2 adsorption,43,TOPSIS,5,qmof-f0c9af4,Co2C50H38N10O12,1.607919854,2.642464,0.7166666666666667,0.7,,0.7,1.0,0.7166666666666667,0.7,,1|1|1|1,0.7166666666666667|1.0|0.7|0.7,,0.7598757655234476
stable porous MOFs for CO2 adsorption,43,WeightedSum,1,qmof-fd921b0,Co2C16H16N8O8,1.58214776,3.390441,0.7166666666666667,0.7,,0.7,1.0,0.7166666666666667,0.7,,1|1|1|1,0.7166666666666667|1.0|0.7|0.7,,0.7598757655234476
stable porous MOFs for CO2 adsorption,43,WeightedSum,2,qmof-f69d443,Co2C40H28N12O8,1.370451155,2.877886,0.7166666666666667,0.7,,0.7,1.0,0.7166666666666667,0.7,,1|1|1|1,0.7166666666666667|1.0|0.7|0.7,,0.7598757655234476
stable porous MOFs for CO2 adsorption,43,WeightedSum,3,qmof-f343390,Co2C34H22N6O8,1.790740334,3.060735,0.7166666666666667,0.7,,0.7,1.0,0.7166666666666667,0.7,,1|1|1|1,0.7166666666666667|1.0|0.7|0.7,,0.7598757655234476
stable porous MOFs for CO2 adsorption,43,WeightedSum,4,qmof-f2d872e,Co2C36H40N8O12,1.334171796,3.378082,0.7166666666666667,0.7,,0.7,1.0,0.7166666666666667,0.7,,1|1|1|1,0.7166666666666667|1.0|0.7|0.7,,0.7598757655234476
stable porous MOFs for CO2 adsorption,43,WeightedSum,5,qmof-f0c9af4,Co2C50H38N10O12,1.607919854,2.642464,0.7166666666666667,0.7,,0.7,1.0,0.7166666666666667,0.7,,1|1|1|1,0.7166666666666667|1.0|0.7|0.7,,0.7598757655234476
stable porous MOFs for CO2 adsorption,44,GAT only,1,qmof-fd921b0,Co2C16H16N8O8,1.58214776,3.390441,0.7166666666666667,0.7,,0.7,1.0,0.7166666666666667,0.7,,1|1|1|1,0.7166666666666667|1.0|0.7|0.7,,0.7598757655234476
stable porous MOFs for CO2 adsorption,44,GAT only,2,qmof-ec84fcf,Co2C20H16N28,1.767424228,2.596155,0.7166666666666667,0.7,,0.7,1.0,0.7166666666666667,0.7,,1|1|1|1,0.7166666666666667|1.0|0.7|0.7,,0.7598757655234476
stable porous MOFs for CO2 adsorption,44,GAT only,3,qmof-0ea1d91,Co2C16H12N8O4,1.78772833,3.489909,0.7166666666666667,0.7,,0.7,1.0,0.7166666666666667,0.7,,1|1|1|1,0.7166666666666667|1.0|0.7|0.7,,0.7598757655234476
stable porous MOFs for CO2 adsorption,44,GAT only,4,qmof-403e9cb,Co2C24H32N4O18,1.697328907,3.469655,0.7166666666666667,0.7,,0.7,1.0,0.7166666666666667,0.7,,1|1|1|1,0.7166666666666667|1.0|0.7|0.7,,0.7598757655234476
stable porous MOFs for CO2 adsorption,44,GAT only,5,qmof-71748b1,Co2C34H26N10O10S6,1.740750274,3.369053,0.7166666666666667,0.7,,0.7,1.0,0.7166666666666667,0.7,,1|1|1|1,0.7166666666666667|1.0|0.7|0.7,,0.7598757655234476
stable porous MOFs for CO2 adsorption,44,GraphSAGE only,1,qmof-ec84fcf,Co2C20H16N28,1.767424228,2.596155,0.7166666666666667,0.7,,0.7,1.0,0.7166666666666667,0.7,,1|1|1|1,0.7166666666666667|1.0|0.7|0.7,,0.7598757655234476
stable porous MOFs for CO2 adsorption,44,GraphSAGE only,2,qmof-fd921b0,Co2C16H16N8O8,1.58214776,3.390441,0.7166666666666667,0.7,,0.7,1.0,0.7166666666666667,0.7,,1|1|1|1,0.7166666666666667|1.0|0.7|0.7,,0.7598757655234476
stable porous MOFs for CO2 adsorption,44,GraphSAGE only,3,qmof-275dcce,Co2Nd2C32H32N20O12,1.787505544,2.684298,0.7166666666666667,0.7,,0.7,1.0,0.7166666666666667,0.7,,1|1|1|1,0.7166666666666667|1.0|0.7|0.7,,0.7598757655234476
stable porous MOFs for CO2 adsorption,44,GraphSAGE only,4,qmof-0ea1d91,Co2C16H12N8O4,1.78772833,3.489909,0.7166666666666667,0.7,,0.7,1.0,0.7166666666666667,0.7,,1|1|1|1,0.7166666666666667|1.0|0.7|0.7,,0.7598757655234476
stable porous MOFs for CO2 adsorption,44,GraphSAGE only,5,qmof-f69d443,Co2C40H28N12O8,1.370451155,2.877886,0.7166666666666667,0.7,,0.7,1.0,0.7166666666666667,0.7,,1|1|1|1,0.7166666666666667|1.0|0.7|0.7,,0.7598757655234476
stable porous MOFs for CO2 adsorption,44,LEA,1,qmof-466d3a2,Co2C44Cl2H44N6O4,1.487445453,3.045598,0.7166666666666667,0.7,,0.7,1.0,0.7166666666666667,0.7,,1|1|1|1,0.7166666666666667|1.0|0.7|0.7,,0.8596077576279639
stable porous MOFs for CO2 adsorption,44,LEA,2,qmof-01f1640,Co2C28H20N8O8,1.64776998,1.942124,0.7166666666666667,0.7,,0.7,1.0,0.7166666666666667,0.7,,1|1|1|1,0.7166666666666667|1.0|0.7|0.7,,0.8596077576279639
stable porous MOFs for CO2 adsorption,44,LEA,3,qmof-e2b9aa4,Co2C38H26N10O8,1.656139225,3.431088,0.7166666666666667,0.7,,0.7,1.0,0.7166666666666667,0.7,,1|1|1|1,0.7166666666666667|1.0|0.7|0.7,,0.8596077576279639
stable porous MOFs for CO2 adsorption,44,LEA,4,qmof-1f0ad0a,Co2C44H40N4O16,1.656576851,3.426973,0.7166666666666667,0.7,,0.7,1.0,0.7166666666666667,0.7,,1|1|1|1,0.7166666666666667|1.0|0.7|0.7,,0.8596077576279639
stable porous MOFs for CO2 adsorption,44,LEA,5,qmof-0ea1d91,Co2C16H12N8O4,1.78772833,3.489909,0.7166666666666667,0.7,,0.7,1.0,0.7166666666666667,0.7,,1|1|1|1,0.7166666666666667|1.0|0.7|0.7,,0.8596077576279639
stable porous MOFs for CO2 adsorption,44,LEA no diversity,1,qmof-466d3a2,Co2C44Cl2H44N6O4,1.487445453,3.045598,0.7166666666666667,0.7,,0.7,1.0,0.7166666666666667,0.7,,1|1|1|1,0.7166666666666667|1.0|0.7|0.7,,0.847107757627964
stable porous MOFs for CO2 adsorption,44,LEA no diversity,2,qmof-01f1640,Co2C28H20N8O8,1.64776998,1.942124,0.7166666666666667,0.7,,0.7,1.0,0.7166666666666667,0.7,,1|1|1|1,0.7166666666666667|1.0|0.7|0.7,,0.847107757627964
stable porous MOFs for CO2 adsorption,44,LEA no diversity,3,qmof-e2b9aa4,Co2C38H26N10O8,1.656139225,3.431088,0.7166666666666667,0.7,,0.7,1.0,0.7166666666666667,0.7,,1|1|1|1,0.7166666666666667|1.0|0.7|0.7,,0.847107757627964
stable porous MOFs for CO2 adsorption,44,LEA no diversity,4,qmof-1f0ad0a,Co2C44H40N4O16,1.656576851,3.426973,0.7166666666666667,0.7,,0.7,1.0,0.7166666666666667,0.7,,1|1|1|1,0.7166666666666667|1.0|0.7|0.7,,0.847107757627964
stable porous MOFs for CO2 adsorption,44,LEA no diversity,5,qmof-0ea1d91,Co2C16H12N8O4,1.78772833,3.489909,0.7166666666666667,0.7,,0.7,1.0,0.7166666666666667,0.7,,1|1|1|1,0.7166666666666667|1.0|0.7|0.7,,0.847107757627964
stable porous MOFs for CO2 adsorption,44,LEA no self-cleaning,1,qmof-466d3a2,Co2C44Cl2H44N6O4,1.487445453,3.045598,0.7166666666666667,0.7,,0.7,1.0,0.7166666666666667,0.7,,1|1|1|1,0.7166666666666667|1.0|0.7|0.7,,0.8596077576279639
stable porous MOFs for CO2 adsorption,44,LEA no self-cleaning,2,qmof-01f1640,Co2C28H20N8O8,1.64776998,1.942124,0.7166666666666667,0.7,,0.7,1.0,0.7166666666666667,0.7,,1|1|1|1,0.7166666666666667|1.0|0.7|0.7,,0.8596077576279639
stable porous MOFs for CO2 adsorption,44,LEA no self-cleaning,3,qmof-e2b9aa4,Co2C38H26N10O8,1.656139225,3.431088,0.7166666666666667,0.7,,0.7,1.0,0.7166666666666667,0.7,,1|1|1|1,0.7166666666666667|1.0|0.7|0.7,,0.8596077576279639
stable porous MOFs for CO2 adsorption,44,LEA no self-cleaning,4,qmof-1f0ad0a,Co2C44H40N4O16,1.656576851,3.426973,0.7166666666666667,0.7,,0.7,1.0,0.7166666666666667,0.7,,1|1|1|1,0.7166666666666667|1.0|0.7|0.7,,0.8596077576279639
stable porous MOFs for CO2 adsorption,44,LEA no self-cleaning,5,qmof-0ea1d91,Co2C16H12N8O4,1.78772833,3.489909,0.7166666666666667,0.7,,0.7,1.0,0.7166666666666667,0.7,,1|1|1|1,0.7166666666666667|1.0|0.7|0.7,,0.8596077576279639
stable porous MOFs for CO2 adsorption,44,LEA + GAT,1,qmof-ec84fcf,Co2C20H16N28,1.767424228,2.596155,0.7166666666666667,0.7,,0.7,1.0,0.7166666666666667,0.7,,1|1|1|1,0.7166666666666667|1.0|0.7|0.7,,0.8048956781625748
stable porous MOFs for CO2 adsorption,44,LEA + GAT,2,qmof-403e9cb,Co2C24H32N4O18,1.697328907,3.469655,0.7166666666666667,0.7,,0.7,1.0,0.7166666666666667,0.7,,1|1|1|1,0.7166666666666667|1.0|0.7|0.7,,0.8026215642690658
stable porous MOFs for CO2 adsorption,44,LEA + GAT,3,qmof-f2d872e,Co2C36H40N8O12,1.334171796,3.378082,0.7166666666666667,0.7,,0.7,1.0,0.7166666666666667,0.7,,1|1|1|1,0.7166666666666667|1.0|0.7|0.7,,0.8001651311293244
stable porous MOFs for CO2 adsorption,44,LEA + GAT,4,qmof-334586a,Co2C28H20N16S4,1.76521634,3.172952,0.7166666666666667,0.7,,0.7,1.0,0.7166666666666667,0.7,,1|1|1|1,0.7166666666666667|1.0|0.7|0.7,,0.7998268008232117
stable porous MOFs for CO2 adsorption,44,LEA + GAT,5,qmof-c0d0be0,Co2C28H20N4O12,1.717539182,3.369652,0.7166666666666667,0.7,,0.7,1.0,0.7166666666666667,0.7,,1|1|1|1,0.7166666666666667|1.0|0.7|0.7,,0.7996945698279887
stable porous MOFs for CO2 adsorption,44,LEA + GraphSAGE,1,qmof-ec84fcf,Co2C20H16N28,1.767424228,2.596155,0.7166666666666667,0.7,,0.7,1.0,0.7166666666666667,0.7,,1|1|1|1,0.7166666666666667|1.0|0.7|0.7,,0.7676090344786644
stable porous MOFs for CO2 adsorption,44,LEA + GraphSAGE,2,qmof-f69d443,Co2C40H28N12O8,1.370451155,2.877886,0.7166666666666667,0.7,,0.7,1.0,0.7166666666666667,0.7,,1|1|1|1,0.7166666666666667|1.0|0.7|0.7,,0.7627351641654968
stable porous MOFs for CO2 adsorption,44,LEA + GraphSAGE,3,qmof-68234b7,Co2C30H32N2O14,1.399169923,3.266102,0.7166666666666667,0.7,,0.7,1.0,0.7166666666666667,0.7,,1|1|1|1,0.7166666666666667|1.0|0.7|0.7,,0.7616688579320907
stable porous MOFs for CO2 adsorption,44,LEA + GraphSAGE,4,qmof-01f1640,Co2C28H20N8O8,1.64776998,1.942124,0.7166666666666667,0.7,,0.7,1.0,0.7166666666666667,0.7,,1|1|1|1,0.7166666666666667|1.0|0.7|0.7,,0.7613370201550423
stable porous MOFs for CO2 adsorption,44,LEA + GraphSAGE,5,qmof-334586a,Co2C28H20N16S4,1.76521634,3.172952,0.7166666666666667,0.7,,0.7,1.0,0.7166666666666667,0.7,,1|1|1|1,0.7166666666666667|1.0|0.7|0.7,,0.761016596853733
stable porous MOFs for CO2 adsorption,44,MMR,1,qmof-a5ebf1c,Co2C28H20N6O10,1.788603861,3.242997,0.7166666666666667,0.7,,0.7,1.0,0.7166666666666667,0.7,,1|1|1|1,0.7166666666666667|1.0|0.7|0.7,,0.7598757655234476
stable porous MOFs for CO2 adsorption,44,MMR,2,qmof-7bea0fe,Co2C32H32N4O8,1.726900889,3.778308,0.7166666666666667,0.7,,0.7,0.5,0.7166666666666667,0.7,,1|1|1|1,0.7166666666666667|0.5|0.7|0.7,,0.6672850245975401
stable porous MOFs for CO2 adsorption,44,MMR,3,qmof-f343390,Co2C34H22N6O8,1.790740334,3.060735,0.7166666666666667,0.7,,0.7,1.0,0.7166666666666667,0.7,,1|1|1|1,0.7166666666666667|1.0|0.7|0.7,,0.7598757655234476
stable porous MOFs for CO2 adsorption,44,MMR,4,qmof-334586a,Co2C28H20N16S4,1.76521634,3.172952,0.7166666666666667,0.7,,0.7,1.0,0.7166666666666667,0.7,,1|1|1|1,0.7166666666666667|1.0|0.7|0.7,,0.7598757655234476
stable porous MOFs for CO2 adsorption,44,MMR,5,qmof-92f3405,Co2C32H34N4O8,1.507459004,3.41823,0.7166666666666667,0.7,,0.7,1.0,0.7166666666666667,0.7,,1|1|1|1,0.7166666666666667|1.0|0.7|0.7,,0.7598757655234476
stable porous MOFs for CO2 adsorption,44,ParetoCrowding,1,qmof-fd921b0,Co2C16H16N8O8,1.58214776,3.390441,0.7166666666666667,0.7,,0.7,1.0,0.7166666666666667,0.7,,1|1|1|1,0.7166666666666667|1.0|0.7|0.7,,0.7598757655234476
stable porous MOFs for CO2 adsorption,44,ParetoCrowding,2,qmof-f69d443,Co2C40H28N12O8,1.370451155,2.877886,0.7166666666666667,0.7,,0.7,1.0,0.7166666666666667,0.7,,1|1|1|1,0.7166666666666667|1.0|0.7|0.7,,0.7598757655234476
stable porous MOFs for CO2 adsorption,44,ParetoCrowding,3,qmof-f343390,Co2C34H22N6O8,1.790740334,3.060735,0.7166666666666667,0.7,,0.7,1.0,0.7166666666666667,0.7,,1|1|1|1,0.7166666666666667|1.0|0.7|0.7,,0.7598757655234476
stable porous MOFs for CO2 adsorption,44,ParetoCrowding,4,qmof-f2d872e,Co2C36H40N8O12,1.334171796,3.378082,0.7166666666666667,0.7,,0.7,1.0,0.7166666666666667,0.7,,1|1|1|1,0.7166666666666667|1.0|0.7|0.7,,0.7598757655234476
stable porous MOFs for CO2 adsorption,44,ParetoCrowding,5,qmof-f0c9af4,Co2C50H38N10O12,1.607919854,2.642464,0.7166666666666667,0.7,,0.7,1.0,0.7166666666666667,0.7,,1|1|1|1,0.7166666666666667|1.0|0.7|0.7,,0.7598757655234476
stable porous MOFs for CO2 adsorption,44,Random,1,qmof-b92e7e5,Co2C46H30N4O10,1.765661658,3.090608,0.7166666666666667,0.7,,0.7,1.0,0.7166666666666667,0.7,,1|1|1|1,0.7166666666666667|1.0|0.7|0.7,,0.7598757655234476
stable porous MOFs for CO2 adsorption,44,Random,2,qmof-3eba276,Co2C48H28N4O12S2,1.663508405,3.11041,0.7166666666666667,0.7,,0.7,1.0,0.7166666666666667,0.7,,1|1|1|1,0.7166666666666667|1.0|0.7|0.7,,0.7598757655234476
stable porous MOFs for CO2 adsorption,44,Random,3,qmof-3f10a21,Co2C44H36N8O8,1.545215391,4.462347,0.7166666666666667,0.7,,0.7,0.5,0.7166666666666667,0.7,,1|1|1|1,0.7166666666666667|0.5|0.7|0.7,,0.6672850245975401
stable porous MOFs for CO2 adsorption,44,Random,4,qmof-b78a98a,Co2C32H20N2O8,1.690505428,3.231363,0.7166666666666667,0.7,,0.7,1.0,0.7166666666666667,0.7,,1|1|1|1,0.7166666666666667|1.0|0.7|0.7,,0.7598757655234476
stable porous MOFs for CO2 adsorption,44,Random,5,qmof-2f1a847,Co2C66H48N4O12,1.563157733,3.171648,0.7166666666666667,0.7,,0.7,1.0,0.7166666666666667,0.7,,1|1|1|1,0.7166666666666667|1.0|0.7|0.7,,0.7598757655234476
stable porous MOFs for CO2 adsorption,44,SemanticOnly,1,qmof-fe6f735,Co2C58H64N8O12,1.418878739,4.292873,0.7166666666666667,0.7,,0.7,0.5,0.7166666666666667,0.7,,1|1|1|1,0.7166666666666667|0.5|0.7|0.7,,0.6672850245975401
stable porous MOFs for CO2 adsorption,44,SemanticOnly,2,qmof-fd921b0,Co2C16H16N8O8,1.58214776,3.390441,0.7166666666666667,0.7,,0.7,1.0,0.7166666666666667,0.7,,1|1|1|1,0.7166666666666667|1.0|0.7|0.7,,0.7598757655234476
stable porous MOFs for CO2 adsorption,44,SemanticOnly,3,qmof-f771839,Co2C38H40N8O8,1.401927433,4.295336,0.7166666666666667,0.7,,0.7,0.5,0.7166666666666667,0.7,,1|1|1|1,0.7166666666666667|0.5|0.7|0.7,,0.6672850245975401
stable porous MOFs for CO2 adsorption,44,SemanticOnly,4,qmof-f69d443,Co2C40H28N12O8,1.370451155,2.877886,0.7166666666666667,0.7,,0.7,1.0,0.7166666666666667,0.7,,1|1|1|1,0.7166666666666667|1.0|0.7|0.7,,0.7598757655234476
stable porous MOFs for CO2 adsorption,44,SemanticOnly,5,qmof-f343390,Co2C34H22N6O8,1.790740334,3.060735,0.7166666666666667,0.7,,0.7,1.0,0.7166666666666667,0.7,,1|1|1|1,0.7166666666666667|1.0|0.7|0.7,,0.7598757655234476
stable porous MOFs for CO2 adsorption,44,TOPSIS,1,qmof-fd921b0,Co2C16H16N8O8,1.58214776,3.390441,0.7166666666666667,0.7,,0.7,1.0,0.7166666666666667,0.7,,1|1|1|1,0.7166666666666667|1.0|0.7|0.7,,0.7598757655234476
stable porous MOFs for CO2 adsorption,44,TOPSIS,2,qmof-f69d443,Co2C40H28N12O8,1.370451155,2.877886,0.7166666666666667,0.7,,0.7,1.0,0.7166666666666667,0.7,,1|1|1|1,0.7166666666666667|1.0|0.7|0.7,,0.7598757655234476
stable porous MOFs for CO2 adsorption,44,TOPSIS,3,qmof-f343390,Co2C34H22N6O8,1.790740334,3.060735,0.7166666666666667,0.7,,0.7,1.0,0.7166666666666667,0.7,,1|1|1|1,0.7166666666666667|1.0|0.7|0.7,,0.7598757655234476
stable porous MOFs for CO2 adsorption,44,TOPSIS,4,qmof-f2d872e,Co2C36H40N8O12,1.334171796,3.378082,0.7166666666666667,0.7,,0.7,1.0,0.7166666666666667,0.7,,1|1|1|1,0.7166666666666667|1.0|0.7|0.7,,0.7598757655234476
stable porous MOFs for CO2 adsorption,44,TOPSIS,5,qmof-f0c9af4,Co2C50H38N10O12,1.607919854,2.642464,0.7166666666666667,0.7,,0.7,1.0,0.7166666666666667,0.7,,1|1|1|1,0.7166666666666667|1.0|0.7|0.7,,0.7598757655234476
stable porous MOFs for CO2 adsorption,44,WeightedSum,1,qmof-fd921b0,Co2C16H16N8O8,1.58214776,3.390441,0.7166666666666667,0.7,,0.7,1.0,0.7166666666666667,0.7,,1|1|1|1,0.7166666666666667|1.0|0.7|0.7,,0.7598757655234476
stable porous MOFs for CO2 adsorption,44,WeightedSum,2,qmof-f69d443,Co2C40H28N12O8,1.370451155,2.877886,0.7166666666666667,0.7,,0.7,1.0,0.7166666666666667,0.7,,1|1|1|1,0.7166666666666667|1.0|0.7|0.7,,0.7598757655234476
stable porous MOFs for CO2 adsorption,44,WeightedSum,3,qmof-f343390,Co2C34H22N6O8,1.790740334,3.060735,0.7166666666666667,0.7,,0.7,1.0,0.7166666666666667,0.7,,1|1|1|1,0.7166666666666667|1.0|0.7|0.7,,0.7598757655234476
stable porous MOFs for CO2 adsorption,44,WeightedSum,4,qmof-f2d872e,Co2C36H40N8O12,1.334171796,3.378082,0.7166666666666667,0.7,,0.7,1.0,0.7166666666666667,0.7,,1|1|1|1,0.7166666666666667|1.0|0.7|0.7,,0.7598757655234476
stable porous MOFs for CO2 adsorption,44,WeightedSum,5,qmof-f0c9af4,Co2C50H38N10O12,1.607919854,2.642464,0.7166666666666667,0.7,,0.7,1.0,0.7166666666666667,0.7,,1|1|1|1,0.7166666666666667|1.0|0.7|0.7,,0.7598757655234476
stable porous MOFs for CO2 adsorption,45,GAT only,1,qmof-fd921b0,Co2C16H16N8O8,1.58214776,3.390441,0.7166666666666667,0.7,,0.7,1.0,0.7166666666666667,0.7,,1|1|1|1,0.7166666666666667|1.0|0.7|0.7,,0.7598757655234476
stable porous MOFs for CO2 adsorption,45,GAT only,2,qmof-ec84fcf,Co2C20H16N28,1.767424228,2.596155,0.7166666666666667,0.7,,0.7,1.0,0.7166666666666667,0.7,,1|1|1|1,0.7166666666666667|1.0|0.7|0.7,,0.7598757655234476
stable porous MOFs for CO2 adsorption,45,GAT only,3,qmof-0ea1d91,Co2C16H12N8O4,1.78772833,3.489909,0.7166666666666667,0.7,,0.7,1.0,0.7166666666666667,0.7,,1|1|1|1,0.7166666666666667|1.0|0.7|0.7,,0.7598757655234476
stable porous MOFs for CO2 adsorption,45,GAT only,4,qmof-403e9cb,Co2C24H32N4O18,1.697328907,3.469655,0.7166666666666667,0.7,,0.7,1.0,0.7166666666666667,0.7,,1|1|1|1,0.7166666666666667|1.0|0.7|0.7,,0.7598757655234476
stable porous MOFs for CO2 adsorption,45,GAT only,5,qmof-71748b1,Co2C34H26N10O10S6,1.740750274,3.369053,0.7166666666666667,0.7,,0.7,1.0,0.7166666666666667,0.7,,1|1|1|1,0.7166666666666667|1.0|0.7|0.7,,0.7598757655234476
stable porous MOFs for CO2 adsorption,45,GraphSAGE only,1,qmof-ec84fcf,Co2C20H16N28,1.767424228,2.596155,0.7166666666666667,0.7,,0.7,1.0,0.7166666666666667,0.7,,1|1|1|1,0.7166666666666667|1.0|0.7|0.7,,0.7598757655234476
stable porous MOFs for CO2 adsorption,45,GraphSAGE only,2,qmof-fd921b0,Co2C16H16N8O8,1.58214776,3.390441,0.7166666666666667,0.7,,0.7,1.0,0.7166666666666667,0.7,,1|1|1|1,0.7166666666666667|1.0|0.7|0.7,,0.7598757655234476
stable porous MOFs for CO2 adsorption,45,GraphSAGE only,3,qmof-275dcce,Co2Nd2C32H32N20O12,1.787505544,2.684298,0.7166666666666667,0.7,,0.7,1.0,0.7166666666666667,0.7,,1|1|1|1,0.7166666666666667|1.0|0.7|0.7,,0.7598757655234476
stable porous MOFs for CO2 adsorption,45,GraphSAGE only,4,qmof-0ea1d91,Co2C16H12N8O4,1.78772833,3.489909,0.7166666666666667,0.7,,0.7,1.0,0.7166666666666667,0.7,,1|1|1|1,0.7166666666666667|1.0|0.7|0.7,,0.7598757655234476
stable porous MOFs for CO2 adsorption,45,GraphSAGE only,5,qmof-f69d443,Co2C40H28N12O8,1.370451155,2.877886,0.7166666666666667,0.7,,0.7,1.0,0.7166666666666667,0.7,,1|1|1|1,0.7166666666666667|1.0|0.7|0.7,,0.7598757655234476
stable porous MOFs for CO2 adsorption,45,LEA,1,qmof-f0c9af4,Co2C50H38N10O12,1.607919854,2.642464,0.7166666666666667,0.7,,0.7,1.0,0.7166666666666667,0.7,,1|1|1|1,0.7166666666666667|1.0|0.7|0.7,,0.8596077576279639
stable porous MOFs for CO2 adsorption,45,LEA,2,qmof-1f0ad0a,Co2C44H40N4O16,1.656576851,3.426973,0.7166666666666667,0.7,,0.7,1.0,0.7166666666666667,0.7,,1|1|1|1,0.7166666666666667|1.0|0.7|0.7,,0.8596077576279639
stable porous MOFs for CO2 adsorption,45,LEA,3,qmof-edd4ef0,Co2C40H28N4O10,1.693736717,2.966936,0.7166666666666667,0.7,,0.7,1.0,0.7166666666666667,0.7,,1|1|1|1,0.7166666666666667|1.0|0.7|0.7,,0.8596077576279639
stable porous MOFs for CO2 adsorption,45,LEA,4,qmof-466d3a2,Co2C44Cl2H44N6O4,1.487445453,3.045598,0.7166666666666667,0.7,,0.7,1.0,0.7166666666666667,0.7,,1|1|1|1,0.7166666666666667|1.0|0.7|0.7,,0.8596077576279639
stable porous MOFs for CO2 adsorption,45,LEA,5,qmof-fd921b0,Co2C16H16N8O8,1.58214776,3.390441,0.7166666666666667,0.7,,0.7,1.0,0.7166666666666667,0.7,,1|1|1|1,0.7166666666666667|1.0|0.7|0.7,,0.8596077576279639
stable porous MOFs for CO2 adsorption,45,LEA no diversity,1,qmof-f0c9af4,Co2C50H38N10O12,1.607919854,2.642464,0.7166666666666667,0.7,,0.7,1.0,0.7166666666666667,0.7,,1|1|1|1,0.7166666666666667|1.0|0.7|0.7,,0.847107757627964
stable porous MOFs for CO2 adsorption,45,LEA no diversity,2,qmof-1f0ad0a,Co2C44H40N4O16,1.656576851,3.426973,0.7166666666666667,0.7,,0.7,1.0,0.7166666666666667,0.7,,1|1|1|1,0.7166666666666667|1.0|0.7|0.7,,0.847107757627964
stable porous MOFs for CO2 adsorption,45,LEA no diversity,3,qmof-edd4ef0,Co2C40H28N4O10,1.693736717,2.966936,0.7166666666666667,0.7,,0.7,1.0,0.7166666666666667,0.7,,1|1|1|1,0.7166666666666667|1.0|0.7|0.7,,0.847107757627964
stable porous MOFs for CO2 adsorption,45,LEA no diversity,4,qmof-466d3a2,Co2C44Cl2H44N6O4,1.487445453,3.045598,0.7166666666666667,0.7,,0.7,1.0,0.7166666666666667,0.7,,1|1|1|1,0.7166666666666667|1.0|0.7|0.7,,0.847107757627964
stable porous MOFs for CO2 adsorption,45,LEA no diversity,5,qmof-fd921b0,Co2C16H16N8O8,1.58214776,3.390441,0.7166666666666667,0.7,,0.7,1.0,0.7166666666666667,0.7,,1|1|1|1,0.7166666666666667|1.0|0.7|0.7,,0.847107757627964
stable porous MOFs for CO2 adsorption,45,LEA no self-cleaning,1,qmof-f0c9af4,Co2C50H38N10O12,1.607919854,2.642464,0.7166666666666667,0.7,,0.7,1.0,0.7166666666666667,0.7,,1|1|1|1,0.7166666666666667|1.0|0.7|0.7,,0.8596077576279639
stable porous MOFs for CO2 adsorption,45,LEA no self-cleaning,2,qmof-1f0ad0a,Co2C44H40N4O16,1.656576851,3.426973,0.7166666666666667,0.7,,0.7,1.0,0.7166666666666667,0.7,,1|1|1|1,0.7166666666666667|1.0|0.7|0.7,,0.8596077576279639
stable porous MOFs for CO2 adsorption,45,LEA no self-cleaning,3,qmof-edd4ef0,Co2C40H28N4O10,1.693736717,2.966936,0.7166666666666667,0.7,,0.7,1.0,0.7166666666666667,0.7,,1|1|1|1,0.7166666666666667|1.0|0.7|0.7,,0.8596077576279639
stable porous MOFs for CO2 adsorption,45,LEA no self-cleaning,4,qmof-466d3a2,Co2C44Cl2H44N6O4,1.487445453,3.045598,0.7166666666666667,0.7,,0.7,1.0,0.7166666666666667,0.7,,1|1|1|1,0.7166666666666667|1.0|0.7|0.7,,0.8596077576279639
stable porous MOFs for CO2 adsorption,45,LEA no self-cleaning,5,qmof-fd921b0,Co2C16H16N8O8,1.58214776,3.390441,0.7166666666666667,0.7,,0.7,1.0,0.7166666666666667,0.7,,1|1|1|1,0.7166666666666667|1.0|0.7|0.7,,0.8596077576279639
stable porous MOFs for CO2 adsorption,45,LEA + GAT,1,qmof-ec84fcf,Co2C20H16N28,1.767424228,2.596155,0.7166666666666667,0.7,,0.7,1.0,0.7166666666666667,0.7,,1|1|1|1,0.7166666666666667|1.0|0.7|0.7,,0.8048956781625748
stable porous MOFs for CO2 adsorption,45,LEA + GAT,2,qmof-0ea1d91,Co2C16H12N8O4,1.78772833,3.489909,0.7166666666666667,0.7,,0.7,1.0,0.7166666666666667,0.7,,1|1|1|1,0.7166666666666667|1.0|0.7|0.7,,0.8045060217380524
stable porous MOFs for CO2 adsorption,45,LEA + GAT,3,qmof-334586a,Co2C28H20N16S4,1.76521634,3.172952,0.7166666666666667,0.7,,0.7,1.0,0.7166666666666667,0.7,,1|1|1|1,0.7166666666666667|1.0|0.7|0.7,,0.7998268008232117
stable porous MOFs for CO2 adsorption,45,LEA + GAT,4,qmof-9a1ecbc,Co2C28Cl4H24N8S6,1.797370089,3.409833,0.7166666666666667,0.7,,0.7,1.0,0.7166666666666667,0.7,,1|1|1|1,0.7166666666666667|1.0|0.7|0.7,,0.7997000931296497
stable porous MOFs for CO2 adsorption,45,LEA + GAT,5,qmof-f2d872e,Co2C36H40N8O12,1.334171796,3.378082,0.7166666666666667,0.7,,0.7,1.0,0.7166666666666667,0.7,,1|1|1|1,0.7166666666666667|1.0|0.7|0.7,,0.7996187701821327
stable porous MOFs for CO2 adsorption,45,LEA + GraphSAGE,1,qmof-ec84fcf,Co2C20H16N28,1.767424228,2.596155,0.7166666666666667,0.7,,0.7,1.0,0.7166666666666667,0.7,,1|1|1|1,0.7166666666666667|1.0|0.7|0.7,,0.7676090344786644
stable porous MOFs for CO2 adsorption,45,LEA + GraphSAGE,2,qmof-275dcce,Co2Nd2C32H32N20O12,1.787505544,2.684298,0.7166666666666667,0.7,,0.7,1.0,0.7166666666666667,0.7,,1|1|1|1,0.7166666666666667|1.0|0.7|0.7,,0.7637722879648209
stable porous MOFs for CO2 adsorption,45,LEA + GraphSAGE,3,qmof-0ea1d91,Co2C16H12N8O4,1.78772833,3.489909,0.7166666666666667,0.7,,0.7,1.0,0.7166666666666667,0.7,,1|1|1|1,0.7166666666666667|1.0|0.7|0.7,,0.763170625269413
stable porous MOFs for CO2 adsorption,45,LEA + GraphSAGE,4,qmof-f2d872e,Co2C36H40N8O12,1.334171796,3.378082,0.7166666666666667,0.7,,0.7,1.0,0.7166666666666667,0.7,,1|1|1|1,0.7166666666666667|1.0|0.7|0.7,,0.7621648117899895
stable porous MOFs for CO2 adsorption,45,LEA + GraphSAGE,5,qmof-68234b7,Co2C30H32N2O14,1.399169923,3.266102,0.7166666666666667,0.7,,0.7,1.0,0.7166666666666667,0.7,,1|1|1|1,0.7166666666666667|1.0|0.7|0.7,,0.7616688579320907
stable porous MOFs for CO2 adsorption,45,MMR,1,qmof-12ba7bc,Co2C46H28N8O12S4,1.708388658,3.142553,0.7166666666666667,0.7,,0.7,1.0,0.7166666666666667,0.7,,1|1|1|1,0.7166666666666667|1.0|0.7|0.7,,0.7598757655234476
stable porous MOFs for CO2 adsorption,45,MMR,2,qmof-7f04d5c,Co2C28Cl4H40N4O4S2,1.659490378,3.676922,0.7166666666666667,0.7,,0.7,0.5,0.7166666666666667,0.7,,1|1|1|1,0.7166666666666667|0.5|0.7|0.7,,0.6672850245975401
stable porous MOFs for CO2 adsorption,45,MMR,3,qmof-0ea1d91,Co2C16H12N8O4,1.78772833,3.489909,0.7166666666666667,0.7,,0.7,1.0,0.7166666666666667,0.7,,1|1|1|1,0.7166666666666667|1.0|0.7|0.7,,0.7598757655234476
stable porous MOFs for CO2 adsorption,45,MMR,4,qmof-01f1640,Co2C28H20N8O8,1.64776998,1.942124,0.7166666666666667,0.7,,0.7,1.0,0.7166666666666667,0.7,,1|1|1|1,0.7166666666666667|1.0|0.7|0.7,,0.7598757655234476
stable porous MOFs for CO2 adsorption,45,MMR,5,qmof-32457b4,Co2C46H32N8O10,1.566836939,2.692662,0.7166666666666667,0.7,,0.7,1.0,0.7166666666666667,0.7,,1|1|1|1,0.7166666666666667|1.0|0.7|0.7,,0.7598757655234476
stable porous MOFs for CO2 adsorption,45,ParetoCrowding,1,qmof-fd921b0,Co2C16H16N8O8,1.58214776,3.390441,0.7166666666666667,0.7,,0.7,1.0,0.7166666666666667,0.7,,1|1|1|1,0.7166666666666667|1.0|0.7|0.7,,0.7598757655234476
stable porous MOFs for CO2 adsorption,45,ParetoCrowding,2,qmof-f69d443,Co2C40H28N12O8,1.370451155,2.877886,0.7166666666666667,0.7,,0.7,1.0,0.7166666666666667,0.7,,1|1|1|1,0.7166666666666667|1.0|0.7|0.7,,0.7598757655234476
stable porous MOFs for CO2 adsorption,45,ParetoCrowding,3,qmof-f343390,Co2C34H22N6O8,1.790740334,3.060735,0.7166666666666667,0.7,,0.7,1.0,0.7166666666666667,0.7,,1|1|1|1,0.7166666666666667|1.0|0.7|0.7,,0.7598757655234476
stable porous MOFs for CO2 adsorption,45,ParetoCrowding,4,qmof-f2d872e,Co2C36H40N8O12,1.334171796,3.378082,0.7166666666666667,0.7,,0.7,1.0,0.7166666666666667,0.7,,1|1|1|1,0.7166666666666667|1.0|0.7|0.7,,0.7598757655234476
stable porous MOFs for CO2 adsorption,45,ParetoCrowding,5,qmof-f0c9af4,Co2C50H38N10O12,1.607919854,2.642464,0.7166666666666667,0.7,,0.7,1.0,0.7166666666666667,0.7,,1|1|1|1,0.7166666666666667|1.0|0.7|0.7,,0.7598757655234476
stable porous MOFs for CO2 adsorption,45,Random,1,qmof-60450dd,Co2C56H44N8O8,1.47312713,3.575322,0.7166666666666667,0.7,,0.7,0.5,0.7166666666666667,0.7,,1|1|1|1,0.7166666666666667|0.5|0.7|0.7,,0.6672850245975401
stable porous MOFs for CO2 adsorption,45,Random,2,qmof-bfae863,Co2Na2C48H36N10O8,1.604622998,2.244485,0.7166666666666667,0.7,,0.7,1.0,0.7166666666666667,0.7,,1|1|1|1,0.7166666666666667|1.0|0.7|0.7,,0.7598757655234476
stable porous MOFs for CO2 adsorption,45,Random,3,qmof-e2b9aa4,Co2C38H26N10O8,1.656139225,3.431088,0.7166666666666667,0.7,,0.7,1.0,0.7166666666666667,0.7,,1|1|1|1,0.7166666666666667|1.0|0.7|0.7,,0.7598757655234476
stable porous MOFs for CO2 adsorption,45,Random,4,qmof-466d3a2,Co2C44Cl2H44N6O4,1.487445453,3.045598,0.7166666666666667,0.7,,0.7,1.0,0.7166666666666667,0.7,,1|1|1|1,0.7166666666666667|1.0|0.7|0.7,,0.7598757655234476
stable porous MOFs for CO2 adsorption,45,Random,5,qmof-f343390,Co2C34H22N6O8,1.790740334,3.060735,0.7166666666666667,0.7,,0.7,1.0,0.7166666666666667,0.7,,1|1|1|1,0.7166666666666667|1.0|0.7|0.7,,0.7598757655234476
stable porous MOFs for CO2 adsorption,45,SemanticOnly,1,qmof-fd921b0,Co2C16H16N8O8,1.58214776,3.390441,0.7166666666666667,0.7,,0.7,1.0,0.7166666666666667,0.7,,1|1|1|1,0.7166666666666667|1.0|0.7|0.7,,0.7598757655234476
stable porous MOFs for CO2 adsorption,45,SemanticOnly,2,qmof-f771839,Co2C38H40N8O8,1.401927433,4.295336,0.7166666666666667,0.7,,0.7,0.5,0.7166666666666667,0.7,,1|1|1|1,0.7166666666666667|0.5|0.7|0.7,,0.6672850245975401
stable porous MOFs for CO2 adsorption,45,SemanticOnly,3,qmof-f69d443,Co2C40H28N12O8,1.370451155,2.877886,0.7166666666666667,0.7,,0.7,1.0,0.7166666666666667,0.7,,1|1|1|1,0.7166666666666667|1.0|0.7|0.7,,0.7598757655234476
stable porous MOFs for CO2 adsorption,45,SemanticOnly,4,qmof-f360972,Co2C18H28N4O12P4,1.787219535,3.915648,0.7166666666666667,0.7,,0.7,0.5,0.7166666666666667,0.7,,1|1|1|1,0.7166666666666667|0.5|0.7|0.7,,0.6672850245975401
stable porous MOFs for CO2 adsorption,45,SemanticOnly,5,qmof-f343390,Co2C34H22N6O8,1.790740334,3.060735,0.7166666666666667,0.7,,0.7,1.0,0.7166666666666667,0.7,,1|1|1|1,0.7166666666666667|1.0|0.7|0.7,,0.7598757655234476
stable porous MOFs for CO2 adsorption,45,TOPSIS,1,qmof-fd921b0,Co2C16H16N8O8,1.58214776,3.390441,0.7166666666666667,0.7,,0.7,1.0,0.7166666666666667,0.7,,1|1|1|1,0.7166666666666667|1.0|0.7|0.7,,0.7598757655234476
stable porous MOFs for CO2 adsorption,45,TOPSIS,2,qmof-f69d443,Co2C40H28N12O8,1.370451155,2.877886,0.7166666666666667,0.7,,0.7,1.0,0.7166666666666667,0.7,,1|1|1|1,0.7166666666666667|1.0|0.7|0.7,,0.7598757655234476
stable porous MOFs for CO2 adsorption,45,TOPSIS,3,qmof-f343390,Co2C34H22N6O8,1.790740334,3.060735,0.7166666666666667,0.7,,0.7,1.0,0.7166666666666667,0.7,,1|1|1|1,0.7166666666666667|1.0|0.7|0.7,,0.7598757655234476
stable porous MOFs for CO2 adsorption,45,TOPSIS,4,qmof-f2d872e,Co2C36H40N8O12,1.334171796,3.378082,0.7166666666666667,0.7,,0.7,1.0,0.7166666666666667,0.7,,1|1|1|1,0.7166666666666667|1.0|0.7|0.7,,0.7598757655234476
stable porous MOFs for CO2 adsorption,45,TOPSIS,5,qmof-f0c9af4,Co2C50H38N10O12,1.607919854,2.642464,0.7166666666666667,0.7,,0.7,1.0,0.7166666666666667,0.7,,1|1|1|1,0.7166666666666667|1.0|0.7|0.7,,0.7598757655234476
stable porous MOFs for CO2 adsorption,45,WeightedSum,1,qmof-fd921b0,Co2C16H16N8O8,1.58214776,3.390441,0.7166666666666667,0.7,,0.7,1.0,0.7166666666666667,0.7,,1|1|1|1,0.7166666666666667|1.0|0.7|0.7,,0.7598757655234476
stable porous MOFs for CO2 adsorption,45,WeightedSum,2,qmof-f69d443,Co2C40H28N12O8,1.370451155,2.877886,0.7166666666666667,0.7,,0.7,1.0,0.7166666666666667,0.7,,1|1|1|1,0.7166666666666667|1.0|0.7|0.7,,0.7598757655234476
stable porous MOFs for CO2 adsorption,45,WeightedSum,3,qmof-f343390,Co2C34H22N6O8,1.790740334,3.060735,0.7166666666666667,0.7,,0.7,1.0,0.7166666666666667,0.7,,1|1|1|1,0.7166666666666667|1.0|0.7|0.7,,0.7598757655234476
stable porous MOFs for CO2 adsorption,45,WeightedSum,4,qmof-f2d872e,Co2C36H40N8O12,1.334171796,3.378082,0.7166666666666667,0.7,,0.7,1.0,0.7166666666666667,0.7,,1|1|1|1,0.7166666666666667|1.0|0.7|0.7,,0.7598757655234476
stable porous MOFs for CO2 adsorption,45,WeightedSum,5,qmof-f0c9af4,Co2C50H38N10O12,1.607919854,2.642464,0.7166666666666667,0.7,,0.7,1.0,0.7166666666666667,0.7,,1|1|1|1,0.7166666666666667|1.0|0.7|0.7,,0.7598757655234476
stable porous MOFs for CO2 adsorption,46,GAT only,1,qmof-fd921b0,Co2C16H16N8O8,1.58214776,3.390441,0.7166666666666667,0.7,,0.7,1.0,0.7166666666666667,0.7,,1|1|1|1,0.7166666666666667|1.0|0.7|0.7,,0.7598757655234476
stable porous MOFs for CO2 adsorption,46,GAT only,2,qmof-ec84fcf,Co2C20H16N28,1.767424228,2.596155,0.7166666666666667,0.7,,0.7,1.0,0.7166666666666667,0.7,,1|1|1|1,0.7166666666666667|1.0|0.7|0.7,,0.7598757655234476
stable porous MOFs for CO2 adsorption,46,GAT only,3,qmof-0ea1d91,Co2C16H12N8O4,1.78772833,3.489909,0.7166666666666667,0.7,,0.7,1.0,0.7166666666666667,0.7,,1|1|1|1,0.7166666666666667|1.0|0.7|0.7,,0.7598757655234476
stable porous MOFs for CO2 adsorption,46,GAT only,4,qmof-403e9cb,Co2C24H32N4O18,1.697328907,3.469655,0.7166666666666667,0.7,,0.7,1.0,0.7166666666666667,0.7,,1|1|1|1,0.7166666666666667|1.0|0.7|0.7,,0.7598757655234476
stable porous MOFs for CO2 adsorption,46,GAT only,5,qmof-71748b1,Co2C34H26N10O10S6,1.740750274,3.369053,0.7166666666666667,0.7,,0.7,1.0,0.7166666666666667,0.7,,1|1|1|1,0.7166666666666667|1.0|0.7|0.7,,0.7598757655234476
stable porous MOFs for CO2 adsorption,46,GraphSAGE only,1,qmof-ec84fcf,Co2C20H16N28,1.767424228,2.596155,0.7166666666666667,0.7,,0.7,1.0,0.7166666666666667,0.7,,1|1|1|1,0.7166666666666667|1.0|0.7|0.7,,0.7598757655234476
stable porous MOFs for CO2 adsorption,46,GraphSAGE only,2,qmof-fd921b0,Co2C16H16N8O8,1.58214776,3.390441,0.7166666666666667,0.7,,0.7,1.0,0.7166666666666667,0.7,,1|1|1|1,0.7166666666666667|1.0|0.7|0.7,,0.7598757655234476
stable porous MOFs for CO2 adsorption,46,GraphSAGE only,3,qmof-275dcce,Co2Nd2C32H32N20O12,1.787505544,2.684298,0.7166666666666667,0.7,,0.7,1.0,0.7166666666666667,0.7,,1|1|1|1,0.7166666666666667|1.0|0.7|0.7,,0.7598757655234476
stable porous MOFs for CO2 adsorption,46,GraphSAGE only,4,qmof-0ea1d91,Co2C16H12N8O4,1.78772833,3.489909,0.7166666666666667,0.7,,0.7,1.0,0.7166666666666667,0.7,,1|1|1|1,0.7166666666666667|1.0|0.7|0.7,,0.7598757655234476
stable porous MOFs for CO2 adsorption,46,GraphSAGE only,5,qmof-f69d443,Co2C40H28N12O8,1.370451155,2.877886,0.7166666666666667,0.7,,0.7,1.0,0.7166666666666667,0.7,,1|1|1|1,0.7166666666666667|1.0|0.7|0.7,,0.7598757655234476
stable porous MOFs for CO2 adsorption,46,LEA,1,qmof-1ca4ac2,Co2Cu4Br4C30H60N6S12,1.689685123,2.866054,0.7166666666666667,0.7,,0.7,1.0,0.7166666666666667,0.7,,1|1|1|1,0.7166666666666667|1.0|0.7|0.7,,0.8596077576279639
stable porous MOFs for CO2 adsorption,46,LEA,2,qmof-c1d4910,Ag2Co2C52H68N4O16,1.591390503,3.401985,0.7166666666666667,0.7,,0.7,1.0,0.7166666666666667,0.7,,1|1|1|1,0.7166666666666667|1.0|0.7|0.7,,0.8596077576279639
stable porous MOFs for CO2 adsorption,46,LEA,3,qmof-8bbce0c,Co2C48H32N12O12,1.614965635,2.64074,0.7166666666666667,0.7,,0.7,1.0,0.7166666666666667,0.7,,1|1|1|1,0.7166666666666667|1.0|0.7|0.7,,0.8596077576279639
stable porous MOFs for CO2 adsorption,46,LEA,4,qmof-32457b4,Co2C46H32N8O10,1.566836939,2.692662,0.7166666666666667,0.7,,0.7,1.0,0.7166666666666667,0.7,,1|1|1|1,0.7166666666666667|1.0|0.7|0.7,,0.8596077576279639
stable porous MOFs for CO2 adsorption,46,LEA,5,qmof-6a9204c,Co2C40Cl4H28N4O8,1.759352827,3.097808,0.7166666666666667,0.7,,0.7,1.0,0.7166666666666667,0.7,,1|1|1|1,0.7166666666666667|1.0|0.7|0.7,,0.8596077576279639
stable porous MOFs for CO2 adsorption,46,LEA no diversity,1,qmof-1ca4ac2,Co2Cu4Br4C30H60N6S12,1.689685123,2.866054,0.7166666666666667,0.7,,0.7,1.0,0.7166666666666667,0.7,,1|1|1|1,0.7166666666666667|1.0|0.7|0.7,,0.847107757627964
stable porous MOFs for CO2 adsorption,46,LEA no diversity,2,qmof-c1d4910,Ag2Co2C52H68N4O16,1.591390503,3.401985,0.7166666666666667,0.7,,0.7,1.0,0.7166666666666667,0.7,,1|1|1|1,0.7166666666666667|1.0|0.7|0.7,,0.847107757627964
stable porous MOFs for CO2 adsorption,46,LEA no diversity,3,qmof-8bbce0c,Co2C48H32N12O12,1.614965635,2.64074,0.7166666666666667,0.7,,0.7,1.0,0.7166666666666667,0.7,,1|1|1|1,0.7166666666666667|1.0|0.7|0.7,,0.847107757627964
stable porous MOFs for CO2 adsorption,46,LEA no diversity,4,qmof-32457b4,Co2C46H32N8O10,1.566836939,2.692662,0.7166666666666667,0.7,,0.7,1.0,0.7166666666666667,0.7,,1|1|1|1,0.7166666666666667|1.0|0.7|0.7,,0.847107757627964
stable porous MOFs for CO2 adsorption,46,LEA no diversity,5,qmof-6a9204c,Co2C40Cl4H28N4O8,1.759352827,3.097808,0.7166666666666667,0.7,,0.7,1.0,0.7166666666666667,0.7,,1|1|1|1,0.7166666666666667|1.0|0.7|0.7,,0.847107757627964
stable porous MOFs for CO2 adsorption,46,LEA no self-cleaning,1,qmof-1ca4ac2,Co2Cu4Br4C30H60N6S12,1.689685123,2.866054,0.7166666666666667,0.7,,0.7,1.0,0.7166666666666667,0.7,,1|1|1|1,0.7166666666666667|1.0|0.7|0.7,,0.8596077576279639
stable porous MOFs for CO2 adsorption,46,LEA no self-cleaning,2,qmof-c1d4910,Ag2Co2C52H68N4O16,1.591390503,3.401985,0.7166666666666667,0.7,,0.7,1.0,0.7166666666666667,0.7,,1|1|1|1,0.7166666666666667|1.0|0.7|0.7,,0.8596077576279639
stable porous MOFs for CO2 adsorption,46,LEA no self-cleaning,3,qmof-8bbce0c,Co2C48H32N12O12,1.614965635,2.64074,0.7166666666666667,0.7,,0.7,1.0,0.7166666666666667,0.7,,1|1|1|1,0.7166666666666667|1.0|0.7|0.7,,0.8596077576279639
stable porous MOFs for CO2 adsorption,46,LEA no self-cleaning,4,qmof-32457b4,Co2C46H32N8O10,1.566836939,2.692662,0.7166666666666667,0.7,,0.7,1.0,0.7166666666666667,0.7,,1|1|1|1,0.7166666666666667|1.0|0.7|0.7,,0.8596077576279639
stable porous MOFs for CO2 adsorption,46,LEA no self-cleaning,5,qmof-6a9204c,Co2C40Cl4H28N4O8,1.759352827,3.097808,0.7166666666666667,0.7,,0.7,1.0,0.7166666666666667,0.7,,1|1|1|1,0.7166666666666667|1.0|0.7|0.7,,0.8596077576279639
stable porous MOFs for CO2 adsorption,46,LEA + GAT,1,qmof-fd921b0,Co2C16H16N8O8,1.58214776,3.390441,0.7166666666666667,0.7,,0.7,1.0,0.7166666666666667,0.7,,1|1|1|1,0.7166666666666667|1.0|0.7|0.7,,0.8078589275479316
stable porous MOFs for CO2 adsorption,46,LEA + GAT,2,qmof-ec84fcf,Co2C20H16N28,1.767424228,2.596155,0.7166666666666667,0.7,,0.7,1.0,0.7166666666666667,0.7,,1|1|1|1,0.7166666666666667|1.0|0.7|0.7,,0.8048956781625748
stable porous MOFs for CO2 adsorption,46,LEA + GAT,3,qmof-9a1ecbc,Co2C28Cl4H24N8S6,1.797370089,3.409833,0.7166666666666667,0.7,,0.7,1.0,0.7166666666666667,0.7,,1|1|1|1,0.7166666666666667|1.0|0.7|0.7,,0.7998542840592563
stable porous MOFs for CO2 adsorption,46,LEA + GAT,4,qmof-c0d0be0,Co2C28H20N4O12,1.717539182,3.369652,0.7166666666666667,0.7,,0.7,1.0,0.7166666666666667,0.7,,1|1|1|1,0.7166666666666667|1.0|0.7|0.7,,0.7991235226392746
stable porous MOFs for CO2 adsorption,46,LEA + GAT,5,qmof-c631f72,Co2C42H28N8O16,1.65313731,3.280036,0.7166666666666667,0.7,,0.7,1.0,0.7166666666666667,0.7,,1|1|1|1,0.7166666666666667|1.0|0.7|0.7,,0.7987278491258621
stable porous MOFs for CO2 adsorption,46,LEA + GraphSAGE,1,qmof-ec84fcf,Co2C20H16N28,1.767424228,2.596155,0.7166666666666667,0.7,,0.7,1.0,0.7166666666666667,0.7,,1|1|1|1,0.7166666666666667|1.0|0.7|0.7,,0.7676090344786644
stable porous MOFs for CO2 adsorption,46,LEA + GraphSAGE,2,qmof-fd921b0,Co2C16H16N8O8,1.58214776,3.390441,0.7166666666666667,0.7,,0.7,1.0,0.7166666666666667,0.7,,1|1|1|1,0.7166666666666667|1.0|0.7|0.7,,0.76661696434021
stable porous MOFs for CO2 adsorption,46,LEA + GraphSAGE,3,qmof-275dcce,Co2Nd2C32H32N20O12,1.787505544,2.684298,0.7166666666666667,0.7,,0.7,1.0,0.7166666666666667,0.7,,1|1|1|1,0.7166666666666667|1.0|0.7|0.7,,0.7637722879648209
stable porous MOFs for CO2 adsorption,46,LEA + GraphSAGE,4,qmof-0ea1d91,Co2C16H12N8O4,1.78772833,3.489909,0.7166666666666667,0.7,,0.7,1.0,0.7166666666666667,0.7,,1|1|1|1,0.7166666666666667|1.0|0.7|0.7,,0.7637655354104936
stable porous MOFs for CO2 adsorption,46,LEA + GraphSAGE,5,qmof-330a403,Co2C58F12H32N8O8S2,1.414912408,2.471348,0.7166666666666667,0.7,,0.7,1.0,0.7166666666666667,0.7,,1|1|1|1,0.7166666666666667|1.0|0.7|0.7,,0.7630880574695766
stable porous MOFs for CO2 adsorption,46,MMR,1,qmof-68234b7,Co2C30H32N2O14,1.399169923,3.266102,0.7166666666666667,0.7,,0.7,1.0,0.7166666666666667,0.7,,1|1|1|1,0.7166666666666667|1.0|0.7|0.7,,0.7598757655234476
stable porous MOFs for CO2 adsorption,46,MMR,2,qmof-f260694,Co2C24H24N12O4,1.450608165,3.683788,0.7166666666666667,0.7,,0.7,0.5,0.7166666666666667,0.7,,1|1|1|1,0.7166666666666667|0.5|0.7|0.7,,0.6672850245975401
stable porous MOFs for CO2 adsorption,46,MMR,3,qmof-a5ebf1c,Co2C28H20N6O10,1.788603861,3.242997,0.7166666666666667,0.7,,0.7,1.0,0.7166666666666667,0.7,,1|1|1|1,0.7166666666666667|1.0|0.7|0.7,,0.7598757655234476
stable porous MOFs for CO2 adsorption,46,MMR,4,qmof-d8703ab,Co2C24H24N8O8,1.778550968,3.365559,0.7166666666666667,0.7,,0.7,1.0,0.7166666666666667,0.7,,1|1|1|1,0.7166666666666667|1.0|0.7|0.7,,0.7598757655234476
stable porous MOFs for CO2 adsorption,46,MMR,5,qmof-12ba7bc,Co2C46H28N8O12S4,1.708388658,3.142553,0.7166666666666667,0.7,,0.7,1.0,0.7166666666666667,0.7,,1|1|1|1,0.7166666666666667|1.0|0.7|0.7,,0.7598757655234476
stable porous MOFs for CO2 adsorption,46,ParetoCrowding,1,qmof-fd921b0,Co2C16H16N8O8,1.58214776,3.390441,0.7166666666666667,0.7,,0.7,1.0,0.7166666666666667,0.7,,1|1|1|1,0.7166666666666667|1.0|0.7|0.7,,0.7598757655234476
stable porous MOFs for CO2 adsorption,46,ParetoCrowding,2,qmof-f69d443,Co2C40H28N12O8,1.370451155,2.877886,0.7166666666666667,0.7,,0.7,1.0,0.7166666666666667,0.7,,1|1|1|1,0.7166666666666667|1.0|0.7|0.7,,0.7598757655234476
stable porous MOFs for CO2 adsorption,46,ParetoCrowding,3,qmof-f343390,Co2C34H22N6O8,1.790740334,3.060735,0.7166666666666667,0.7,,0.7,1.0,0.7166666666666667,0.7,,1|1|1|1,0.7166666666666667|1.0|0.7|0.7,,0.7598757655234476
stable porous MOFs for CO2 adsorption,46,ParetoCrowding,4,qmof-f2d872e,Co2C36H40N8O12,1.334171796,3.378082,0.7166666666666667,0.7,,0.7,1.0,0.7166666666666667,0.7,,1|1|1|1,0.7166666666666667|1.0|0.7|0.7,,0.7598757655234476
stable porous MOFs for CO2 adsorption,46,ParetoCrowding,5,qmof-f0c9af4,Co2C50H38N10O12,1.607919854,2.642464,0.7166666666666667,0.7,,0.7,1.0,0.7166666666666667,0.7,,1|1|1|1,0.7166666666666667|1.0|0.7|0.7,,0.7598757655234476
stable porous MOFs for CO2 adsorption,46,Random,1,qmof-a2a9bf5,Co2C32H24O12,1.654834651,3.521155,0.7166666666666667,0.7,,0.7,0.5,0.7166666666666667,0.7,,1|1|1|1,0.7166666666666667|0.5|0.7|0.7,,0.6672850245975401
stable porous MOFs for CO2 adsorption,46,Random,2,qmof-87a7761,Co2C40H34N6O8,1.516654404,3.823466,0.7166666666666667,0.7,,0.7,0.5,0.7166666666666667,0.7,,1|1|1|1,0.7166666666666667|0.5|0.7|0.7,,0.6672850245975401
stable porous MOFs for CO2 adsorption,46,Random,3,qmof-d976696,Co2C40H30N10O12S4,1.731777887,2.509891,0.7166666666666667,0.7,,0.7,1.0,0.7166666666666667,0.7,,1|1|1|1,0.7166666666666667|1.0|0.7|0.7,,0.7598757655234476
stable porous MOFs for CO2 adsorption,46,Random,4,qmof-987c95e,Co2C28H24N20,1.701367832,3.932363,0.7166666666666667,0.7,,0.7,0.5,0.7166666666666667,0.7,,1|1|1|1,0.7166666666666667|0.5|0.7|0.7,,0.6672850245975401
stable porous MOFs for CO2 adsorption,46,Random,5,qmof-dbfc0f0,Co2C32H40N4O12,1.678153236,3.861136,0.7166666666666667,0.7,,0.7,0.5,0.7166666666666667,0.7,,1|1|1|1,0.7166666666666667|0.5|0.7|0.7,,0.6672850245975401
stable porous MOFs for CO2 adsorption,46,SemanticOnly,1,qmof-fd921b0,Co2C16H16N8O8,1.58214776,3.390441,0.7166666666666667,0.7,,0.7,1.0,0.7166666666666667,0.7,,1|1|1|1,0.7166666666666667|1.0|0.7|0.7,,0.7598757655234476
stable porous MOFs for CO2 adsorption,46,SemanticOnly,2,qmof-f69d443,Co2C40H28N12O8,1.370451155,2.877886,0.7166666666666667,0.7,,0.7,1.0,0.7166666666666667,0.7,,1|1|1|1,0.7166666666666667|1.0|0.7|0.7,,0.7598757655234476
stable porous MOFs for CO2 adsorption,46,SemanticOnly,3,qmof-f343390,Co2C34H22N6O8,1.790740334,3.060735,0.7166666666666667,0.7,,0.7,1.0,0.7166666666666667,0.7,,1|1|1|1,0.7166666666666667|1.0|0.7|0.7,,0.7598757655234476
stable porous MOFs for CO2 adsorption,46,SemanticOnly,4,qmof-f2d872e,Co2C36H40N8O12,1.334171796,3.378082,0.7166666666666667,0.7,,0.7,1.0,0.7166666666666667,0.7,,1|1|1|1,0.7166666666666667|1.0|0.7|0.7,,0.7598757655234476
stable porous MOFs for CO2 adsorption,46,SemanticOnly,5,qmof-f260694,Co2C24H24N12O4,1.450608165,3.683788,0.7166666666666667,0.7,,0.7,0.5,0.7166666666666667,0.7,,1|1|1|1,0.7166666666666667|0.5|0.7|0.7,,0.6672850245975401
stable porous MOFs for CO2 adsorption,46,TOPSIS,1,qmof-fd921b0,Co2C16H16N8O8,1.58214776,3.390441,0.7166666666666667,0.7,,0.7,1.0,0.7166666666666667,0.7,,1|1|1|1,0.7166666666666667|1.0|0.7|0.7,,0.7598757655234476
stable porous MOFs for CO2 adsorption,46,TOPSIS,2,qmof-f69d443,Co2C40H28N12O8,1.370451155,2.877886,0.7166666666666667,0.7,,0.7,1.0,0.7166666666666667,0.7,,1|1|1|1,0.7166666666666667|1.0|0.7|0.7,,0.7598757655234476
stable porous MOFs for CO2 adsorption,46,TOPSIS,3,qmof-f343390,Co2C34H22N6O8,1.790740334,3.060735,0.7166666666666667,0.7,,0.7,1.0,0.7166666666666667,0.7,,1|1|1|1,0.7166666666666667|1.0|0.7|0.7,,0.7598757655234476
stable porous MOFs for CO2 adsorption,46,TOPSIS,4,qmof-f2d872e,Co2C36H40N8O12,1.334171796,3.378082,0.7166666666666667,0.7,,0.7,1.0,0.7166666666666667,0.7,,1|1|1|1,0.7166666666666667|1.0|0.7|0.7,,0.7598757655234476
stable porous MOFs for CO2 adsorption,46,TOPSIS,5,qmof-f0c9af4,Co2C50H38N10O12,1.607919854,2.642464,0.7166666666666667,0.7,,0.7,1.0,0.7166666666666667,0.7,,1|1|1|1,0.7166666666666667|1.0|0.7|0.7,,0.7598757655234476
stable porous MOFs for CO2 adsorption,46,WeightedSum,1,qmof-fd921b0,Co2C16H16N8O8,1.58214776,3.390441,0.7166666666666667,0.7,,0.7,1.0,0.7166666666666667,0.7,,1|1|1|1,0.7166666666666667|1.0|0.7|0.7,,0.7598757655234476
stable porous MOFs for CO2 adsorption,46,WeightedSum,2,qmof-f69d443,Co2C40H28N12O8,1.370451155,2.877886,0.7166666666666667,0.7,,0.7,1.0,0.7166666666666667,0.7,,1|1|1|1,0.7166666666666667|1.0|0.7|0.7,,0.7598757655234476
stable porous MOFs for CO2 adsorption,46,WeightedSum,3,qmof-f343390,Co2C34H22N6O8,1.790740334,3.060735,0.7166666666666667,0.7,,0.7,1.0,0.7166666666666667,0.7,,1|1|1|1,0.7166666666666667|1.0|0.7|0.7,,0.7598757655234476
stable porous MOFs for CO2 adsorption,46,WeightedSum,4,qmof-f2d872e,Co2C36H40N8O12,1.334171796,3.378082,0.7166666666666667,0.7,,0.7,1.0,0.7166666666666667,0.7,,1|1|1|1,0.7166666666666667|1.0|0.7|0.7,,0.7598757655234476
stable porous MOFs for CO2 adsorption,46,WeightedSum,5,qmof-f0c9af4,Co2C50H38N10O12,1.607919854,2.642464,0.7166666666666667,0.7,,0.7,1.0,0.7166666666666667,0.7,,1|1|1|1,0.7166666666666667|1.0|0.7|0.7,,0.7598757655234476
stable porous MOFs for CO2 adsorption,47,GAT only,1,qmof-fd921b0,Co2C16H16N8O8,1.58214776,3.390441,0.7166666666666667,0.7,,0.7,1.0,0.7166666666666667,0.7,,1|1|1|1,0.7166666666666667|1.0|0.7|0.7,,0.7598757655234476
stable porous MOFs for CO2 adsorption,47,GAT only,2,qmof-ec84fcf,Co2C20H16N28,1.767424228,2.596155,0.7166666666666667,0.7,,0.7,1.0,0.7166666666666667,0.7,,1|1|1|1,0.7166666666666667|1.0|0.7|0.7,,0.7598757655234476
stable porous MOFs for CO2 adsorption,47,GAT only,3,qmof-0ea1d91,Co2C16H12N8O4,1.78772833,3.489909,0.7166666666666667,0.7,,0.7,1.0,0.7166666666666667,0.7,,1|1|1|1,0.7166666666666667|1.0|0.7|0.7,,0.7598757655234476
stable porous MOFs for CO2 adsorption,47,GAT only,4,qmof-403e9cb,Co2C24H32N4O18,1.697328907,3.469655,0.7166666666666667,0.7,,0.7,1.0,0.7166666666666667,0.7,,1|1|1|1,0.7166666666666667|1.0|0.7|0.7,,0.7598757655234476
stable porous MOFs for CO2 adsorption,47,GAT only,5,qmof-71748b1,Co2C34H26N10O10S6,1.740750274,3.369053,0.7166666666666667,0.7,,0.7,1.0,0.7166666666666667,0.7,,1|1|1|1,0.7166666666666667|1.0|0.7|0.7,,0.7598757655234476
stable porous MOFs for CO2 adsorption,47,GraphSAGE only,1,qmof-ec84fcf,Co2C20H16N28,1.767424228,2.596155,0.7166666666666667,0.7,,0.7,1.0,0.7166666666666667,0.7,,1|1|1|1,0.7166666666666667|1.0|0.7|0.7,,0.7598757655234476
stable porous MOFs for CO2 adsorption,47,GraphSAGE only,2,qmof-fd921b0,Co2C16H16N8O8,1.58214776,3.390441,0.7166666666666667,0.7,,0.7,1.0,0.7166666666666667,0.7,,1|1|1|1,0.7166666666666667|1.0|0.7|0.7,,0.7598757655234476
stable porous MOFs for CO2 adsorption,47,GraphSAGE only,3,qmof-275dcce,Co2Nd2C32H32N20O12,1.787505544,2.684298,0.7166666666666667,0.7,,0.7,1.0,0.7166666666666667,0.7,,1|1|1|1,0.7166666666666667|1.0|0.7|0.7,,0.7598757655234476
stable porous MOFs for CO2 adsorption,47,GraphSAGE only,4,qmof-0ea1d91,Co2C16H12N8O4,1.78772833,3.489909,0.7166666666666667,0.7,,0.7,1.0,0.7166666666666667,0.7,,1|1|1|1,0.7166666666666667|1.0|0.7|0.7,,0.7598757655234476
stable porous MOFs for CO2 adsorption,47,GraphSAGE only,5,qmof-f69d443,Co2C40H28N12O8,1.370451155,2.877886,0.7166666666666667,0.7,,0.7,1.0,0.7166666666666667,0.7,,1|1|1|1,0.7166666666666667|1.0|0.7|0.7,,0.7598757655234476
stable porous MOFs for CO2 adsorption,47,LEA,1,qmof-ba8d316,Co2C32H24O12,1.746231048,1.250046,0.7166666666666667,0.7,,0.7,1.0,0.7166666666666667,0.7,,1|1|1|1,0.7166666666666667|1.0|0.7|0.7,,0.8596077576279639
stable porous MOFs for CO2 adsorption,47,LEA,2,qmof-a5ebf1c,Co2C28H20N6O10,1.788603861,3.242997,0.7166666666666667,0.7,,0.7,1.0,0.7166666666666667,0.7,,1|1|1|1,0.7166666666666667|1.0|0.7|0.7,,0.8596077576279639
stable porous MOFs for CO2 adsorption,47,LEA,3,qmof-57e6787,Co2C34H28N4O8,1.718108992,3.298084,0.7166666666666667,0.7,,0.7,1.0,0.7166666666666667,0.7,,1|1|1|1,0.7166666666666667|1.0|0.7|0.7,,0.8596077576279639
stable porous MOFs for CO2 adsorption,47,LEA,4,qmof-26c54ef,Co2C32H24N4O8,1.504454446,2.825171,0.7166666666666667,0.7,,0.7,1.0,0.7166666666666667,0.7,,1|1|1|1,0.7166666666666667|1.0|0.7|0.7,,0.8596077576279639
stable porous MOFs for CO2 adsorption,47,LEA,5,qmof-f69d443,Co2C40H28N12O8,1.370451155,2.877886,0.7166666666666667,0.7,,0.7,1.0,0.7166666666666667,0.7,,1|1|1|1,0.7166666666666667|1.0|0.7|0.7,,0.8596077576279639
stable porous MOFs for CO2 adsorption,47,LEA no diversity,1,qmof-ba8d316,Co2C32H24O12,1.746231048,1.250046,0.7166666666666667,0.7,,0.7,1.0,0.7166666666666667,0.7,,1|1|1|1,0.7166666666666667|1.0|0.7|0.7,,0.847107757627964
stable porous MOFs for CO2 adsorption,47,LEA no diversity,2,qmof-a5ebf1c,Co2C28H20N6O10,1.788603861,3.242997,0.7166666666666667,0.7,,0.7,1.0,0.7166666666666667,0.7,,1|1|1|1,0.7166666666666667|1.0|0.7|0.7,,0.847107757627964
stable porous MOFs for CO2 adsorption,47,LEA no diversity,3,qmof-57e6787,Co2C34H28N4O8,1.718108992,3.298084,0.7166666666666667,0.7,,0.7,1.0,0.7166666666666667,0.7,,1|1|1|1,0.7166666666666667|1.0|0.7|0.7,,0.847107757627964
stable porous MOFs for CO2 adsorption,47,LEA no diversity,4,qmof-26c54ef,Co2C32H24N4O8,1.504454446,2.825171,0.7166666666666667,0.7,,0.7,1.0,0.7166666666666667,0.7,,1|1|1|1,0.7166666666666667|1.0|0.7|0.7,,0.847107757627964
stable porous MOFs for CO2 adsorption,47,LEA no diversity,5,qmof-f69d443,Co2C40H28N12O8,1.370451155,2.877886,0.7166666666666667,0.7,,0.7,1.0,0.7166666666666667,0.7,,1|1|1|1,0.7166666666666667|1.0|0.7|0.7,,0.847107757627964
stable porous MOFs for CO2 adsorption,47,LEA no self-cleaning,1,qmof-ba8d316,Co2C32H24O12,1.746231048,1.250046,0.7166666666666667,0.7,,0.7,1.0,0.7166666666666667,0.7,,1|1|1|1,0.7166666666666667|1.0|0.7|0.7,,0.8596077576279639
stable porous MOFs for CO2 adsorption,47,LEA no self-cleaning,2,qmof-a5ebf1c,Co2C28H20N6O10,1.788603861,3.242997,0.7166666666666667,0.7,,0.7,1.0,0.7166666666666667,0.7,,1|1|1|1,0.7166666666666667|1.0|0.7|0.7,,0.8596077576279639
stable porous MOFs for CO2 adsorption,47,LEA no self-cleaning,3,qmof-57e6787,Co2C34H28N4O8,1.718108992,3.298084,0.7166666666666667,0.7,,0.7,1.0,0.7166666666666667,0.7,,1|1|1|1,0.7166666666666667|1.0|0.7|0.7,,0.8596077576279639
stable porous MOFs for CO2 adsorption,47,LEA no self-cleaning,4,qmof-26c54ef,Co2C32H24N4O8,1.504454446,2.825171,0.7166666666666667,0.7,,0.7,1.0,0.7166666666666667,0.7,,1|1|1|1,0.7166666666666667|1.0|0.7|0.7,,0.8596077576279639
stable porous MOFs for CO2 adsorption,47,LEA no self-cleaning,5,qmof-f69d443,Co2C40H28N12O8,1.370451155,2.877886,0.7166666666666667,0.7,,0.7,1.0,0.7166666666666667,0.7,,1|1|1|1,0.7166666666666667|1.0|0.7|0.7,,0.8596077576279639
stable porous MOFs for CO2 adsorption,47,LEA + GAT,1,qmof-fd921b0,Co2C16H16N8O8,1.58214776,3.390441,0.7166666666666667,0.7,,0.7,1.0,0.7166666666666667,0.7,,1|1|1|1,0.7166666666666667|1.0|0.7|0.7,,0.8078589275479316
stable porous MOFs for CO2 adsorption,47,LEA + GAT,2,qmof-403e9cb,Co2C24H32N4O18,1.697328907,3.469655,0.7166666666666667,0.7,,0.7,1.0,0.7166666666666667,0.7,,1|1|1|1,0.7166666666666667|1.0|0.7|0.7,,0.8026215642690658
stable porous MOFs for CO2 adsorption,47,LEA + GAT,3,qmof-9a1ecbc,Co2C28Cl4H24N8S6,1.797370089,3.409833,0.7166666666666667,0.7,,0.7,1.0,0.7166666666666667,0.7,,1|1|1|1,0.7166666666666667|1.0|0.7|0.7,,0.7997340550180525
stable porous MOFs for CO2 adsorption,47,LEA + GAT,4,qmof-f2d872e,Co2C36H40N8O12,1.334171796,3.378082,0.7166666666666667,0.7,,0.7,1.0,0.7166666666666667,0.7,,1|1|1|1,0.7166666666666667|1.0|0.7|0.7,,0.7996187701821327
stable porous MOFs for CO2 adsorption,47,LEA + GAT,5,qmof-c0d0be0,Co2C28H20N4O12,1.717539182,3.369652,0.7166666666666667,0.7,,0.7,1.0,0.7166666666666667,0.7,,1|1|1|1,0.7166666666666667|1.0|0.7|0.7,,0.7991235226392746
stable porous MOFs for CO2 adsorption,47,LEA + GraphSAGE,1,qmof-fd921b0,Co2C16H16N8O8,1.58214776,3.390441,0.7166666666666667,0.7,,0.7,1.0,0.7166666666666667,0.7,,1|1|1|1,0.7166666666666667|1.0|0.7|0.7,,0.76661696434021
stable porous MOFs for CO2 adsorption,47,LEA + GraphSAGE,2,qmof-f69d443,Co2C40H28N12O8,1.370451155,2.877886,0.7166666666666667,0.7,,0.7,1.0,0.7166666666666667,0.7,,1|1|1|1,0.7166666666666667|1.0|0.7|0.7,,0.7631703925319016
stable porous MOFs for CO2 adsorption,47,LEA + GraphSAGE,3,qmof-330a403,Co2C58F12H32N8O8S2,1.414912408,2.471348,0.7166666666666667,0.7,,0.7,1.0,0.7166666666666667,0.7,,1|1|1|1,0.7166666666666667|1.0|0.7|0.7,,0.7628538250457495
stable porous MOFs for CO2 adsorption,47,LEA + GraphSAGE,4,qmof-f2d872e,Co2C36H40N8O12,1.334171796,3.378082,0.7166666666666667,0.7,,0.7,1.0,0.7166666666666667,0.7,,1|1|1|1,0.7166666666666667|1.0|0.7|0.7,,0.7621648117899895
stable porous MOFs for CO2 adsorption,47,LEA + GraphSAGE,5,qmof-68234b7,Co2C30H32N2O14,1.399169923,3.266102,0.7166666666666667,0.7,,0.7,1.0,0.7166666666666667,0.7,,1|1|1|1,0.7166666666666667|1.0|0.7|0.7,,0.7616688579320907
stable porous MOFs for CO2 adsorption,47,MMR,1,qmof-32457b4,Co2C46H32N8O10,1.566836939,2.692662,0.7166666666666667,0.7,,0.7,1.0,0.7166666666666667,0.7,,1|1|1|1,0.7166666666666667|1.0|0.7|0.7,,0.7598757655234476
stable porous MOFs for CO2 adsorption,47,MMR,2,qmof-8fa9c85,Co2C44Cl4H32N8O8,1.66281225,4.249642,0.7166666666666667,0.7,,0.7,0.5,0.7166666666666667,0.7,,1|1|1|1,0.7166666666666667|0.5|0.7|0.7,,0.6672850245975401
stable porous MOFs for CO2 adsorption,47,MMR,3,qmof-b2bccba,Co2C42H32N4O12,1.669649743,2.789533,0.7166666666666667,0.7,,0.7,1.0,0.7166666666666667,0.7,,1|1|1|1,0.7166666666666667|1.0|0.7|0.7,,0.7598757655234476
stable porous MOFs for CO2 adsorption,47,MMR,4,qmof-b2fddf8,Co2C40H28N4O14S2,1.64642024,2.966635,0.7166666666666667,0.7,,0.7,1.0,0.7166666666666667,0.7,,1|1|1|1,0.7166666666666667|1.0|0.7|0.7,,0.7598757655234476
stable porous MOFs for CO2 adsorption,47,MMR,5,qmof-68234b7,Co2C30H32N2O14,1.399169923,3.266102,0.7166666666666667,0.7,,0.7,1.0,0.7166666666666667,0.7,,1|1|1|1,0.7166666666666667|1.0|0.7|0.7,,0.7598757655234476
stable porous MOFs for CO2 adsorption,47,ParetoCrowding,1,qmof-fd921b0,Co2C16H16N8O8,1.58214776,3.390441,0.7166666666666667,0.7,,0.7,1.0,0.7166666666666667,0.7,,1|1|1|1,0.7166666666666667|1.0|0.7|0.7,,0.7598757655234476
stable porous MOFs for CO2 adsorption,47,ParetoCrowding,2,qmof-f69d443,Co2C40H28N12O8,1.370451155,2.877886,0.7166666666666667,0.7,,0.7,1.0,0.7166666666666667,0.7,,1|1|1|1,0.7166666666666667|1.0|0.7|0.7,,0.7598757655234476
stable porous MOFs for CO2 adsorption,47,ParetoCrowding,3,qmof-f343390,Co2C34H22N6O8,1.790740334,3.060735,0.7166666666666667,0.7,,0.7,1.0,0.7166666666666667,0.7,,1|1|1|1,0.7166666666666667|1.0|0.7|0.7,,0.7598757655234476
stable porous MOFs for CO2 adsorption,47,ParetoCrowding,4,qmof-f2d872e,Co2C36H40N8O12,1.334171796,3.378082,0.7166666666666667,0.7,,0.7,1.0,0.7166666666666667,0.7,,1|1|1|1,0.7166666666666667|1.0|0.7|0.7,,0.7598757655234476
stable porous MOFs for CO2 adsorption,47,ParetoCrowding,5,qmof-f0c9af4,Co2C50H38N10O12,1.607919854,2.642464,0.7166666666666667,0.7,,0.7,1.0,0.7166666666666667,0.7,,1|1|1|1,0.7166666666666667|1.0|0.7|0.7,,0.7598757655234476
stable porous MOFs for CO2 adsorption,47,Random,1,qmof-8bbce0c,Co2C48H32N12O12,1.614965635,2.64074,0.7166666666666667,0.7,,0.7,1.0,0.7166666666666667,0.7,,1|1|1|1,0.7166666666666667|1.0|0.7|0.7,,0.7598757655234476
stable porous MOFs for CO2 adsorption,47,Random,2,qmof-3f10a21,Co2C44H36N8O8,1.545215391,4.462347,0.7166666666666667,0.7,,0.7,0.5,0.7166666666666667,0.7,,1|1|1|1,0.7166666666666667|0.5|0.7|0.7,,0.6672850245975401
stable porous MOFs for CO2 adsorption,47,Random,3,qmof-1f0ad0a,Co2C44H40N4O16,1.656576851,3.426973,0.7166666666666667,0.7,,0.7,1.0,0.7166666666666667,0.7,,1|1|1|1,0.7166666666666667|1.0|0.7|0.7,,0.7598757655234476
stable porous MOFs for CO2 adsorption,47,Random,4,qmof-57e6787,Co2C34H28N4O8,1.718108992,3.298084,0.7166666666666667,0.7,,0.7,1.0,0.7166666666666667,0.7,,1|1|1|1,0.7166666666666667|1.0|0.7|0.7,,0.7598757655234476
stable porous MOFs for CO2 adsorption,47,Random,5,qmof-e268c52,Co2C28H24N8,1.39905003,3.826909,0.7166666666666667,0.7,,0.7,0.5,0.7166666666666667,0.7,,1|1|1|1,0.7166666666666667|0.5|0.7|0.7,,0.6672850245975401
stable porous MOFs for CO2 adsorption,47,SemanticOnly,1,qmof-fe6f735,Co2C58H64N8O12,1.418878739,4.292873,0.7166666666666667,0.7,,0.7,0.5,0.7166666666666667,0.7,,1|1|1|1,0.7166666666666667|0.5|0.7|0.7,,0.6672850245975401
stable porous MOFs for CO2 adsorption,47,SemanticOnly,2,qmof-fd921b0,Co2C16H16N8O8,1.58214776,3.390441,0.7166666666666667,0.7,,0.7,1.0,0.7166666666666667,0.7,,1|1|1|1,0.7166666666666667|1.0|0.7|0.7,,0.7598757655234476
stable porous MOFs for CO2 adsorption,47,SemanticOnly,3,qmof-f771839,Co2C38H40N8O8,1.401927433,4.295336,0.7166666666666667,0.7,,0.7,0.5,0.7166666666666667,0.7,,1|1|1|1,0.7166666666666667|0.5|0.7|0.7,,0.6672850245975401
stable porous MOFs for CO2 adsorption,47,SemanticOnly,4,qmof-f69d443,Co2C40H28N12O8,1.370451155,2.877886,0.7166666666666667,0.7,,0.7,1.0,0.7166666666666667,0.7,,1|1|1|1,0.7166666666666667|1.0|0.7|0.7,,0.7598757655234476
stable porous MOFs for CO2 adsorption,47,SemanticOnly,5,qmof-f343390,Co2C34H22N6O8,1.790740334,3.060735,0.7166666666666667,0.7,,0.7,1.0,0.7166666666666667,0.7,,1|1|1|1,0.7166666666666667|1.0|0.7|0.7,,0.7598757655234476
stable porous MOFs for CO2 adsorption,47,TOPSIS,1,qmof-fd921b0,Co2C16H16N8O8,1.58214776,3.390441,0.7166666666666667,0.7,,0.7,1.0,0.7166666666666667,0.7,,1|1|1|1,0.7166666666666667|1.0|0.7|0.7,,0.7598757655234476
stable porous MOFs for CO2 adsorption,47,TOPSIS,2,qmof-f69d443,Co2C40H28N12O8,1.370451155,2.877886,0.7166666666666667,0.7,,0.7,1.0,0.7166666666666667,0.7,,1|1|1|1,0.7166666666666667|1.0|0.7|0.7,,0.7598757655234476
stable porous MOFs for CO2 adsorption,47,TOPSIS,3,qmof-f343390,Co2C34H22N6O8,1.790740334,3.060735,0.7166666666666667,0.7,,0.7,1.0,0.7166666666666667,0.7,,1|1|1|1,0.7166666666666667|1.0|0.7|0.7,,0.7598757655234476
stable porous MOFs for CO2 adsorption,47,TOPSIS,4,qmof-f2d872e,Co2C36H40N8O12,1.334171796,3.378082,0.7166666666666667,0.7,,0.7,1.0,0.7166666666666667,0.7,,1|1|1|1,0.7166666666666667|1.0|0.7|0.7,,0.7598757655234476
stable porous MOFs for CO2 adsorption,47,TOPSIS,5,qmof-f0c9af4,Co2C50H38N10O12,1.607919854,2.642464,0.7166666666666667,0.7,,0.7,1.0,0.7166666666666667,0.7,,1|1|1|1,0.7166666666666667|1.0|0.7|0.7,,0.7598757655234476
stable porous MOFs for CO2 adsorption,47,WeightedSum,1,qmof-fd921b0,Co2C16H16N8O8,1.58214776,3.390441,0.7166666666666667,0.7,,0.7,1.0,0.7166666666666667,0.7,,1|1|1|1,0.7166666666666667|1.0|0.7|0.7,,0.7598757655234476
stable porous MOFs for CO2 adsorption,47,WeightedSum,2,qmof-f69d443,Co2C40H28N12O8,1.370451155,2.877886,0.7166666666666667,0.7,,0.7,1.0,0.7166666666666667,0.7,,1|1|1|1,0.7166666666666667|1.0|0.7|0.7,,0.7598757655234476
stable porous MOFs for CO2 adsorption,47,WeightedSum,3,qmof-f343390,Co2C34H22N6O8,1.790740334,3.060735,0.7166666666666667,0.7,,0.7,1.0,0.7166666666666667,0.7,,1|1|1|1,0.7166666666666667|1.0|0.7|0.7,,0.7598757655234476
stable porous MOFs for CO2 adsorption,47,WeightedSum,4,qmof-f2d872e,Co2C36H40N8O12,1.334171796,3.378082,0.7166666666666667,0.7,,0.7,1.0,0.7166666666666667,0.7,,1|1|1|1,0.7166666666666667|1.0|0.7|0.7,,0.7598757655234476
stable porous MOFs for CO2 adsorption,47,WeightedSum,5,qmof-f0c9af4,Co2C50H38N10O12,1.607919854,2.642464,0.7166666666666667,0.7,,0.7,1.0,0.7166666666666667,0.7,,1|1|1|1,0.7166666666666667|1.0|0.7|0.7,,0.7598757655234476
stable porous MOFs for CO2 adsorption,48,GAT only,1,qmof-fd921b0,Co2C16H16N8O8,1.58214776,3.390441,0.7166666666666667,0.7,,0.7,1.0,0.7166666666666667,0.7,,1|1|1|1,0.7166666666666667|1.0|0.7|0.7,,0.7598757655234476
stable porous MOFs for CO2 adsorption,48,GAT only,2,qmof-ec84fcf,Co2C20H16N28,1.767424228,2.596155,0.7166666666666667,0.7,,0.7,1.0,0.7166666666666667,0.7,,1|1|1|1,0.7166666666666667|1.0|0.7|0.7,,0.7598757655234476
stable porous MOFs for CO2 adsorption,48,GAT only,3,qmof-0ea1d91,Co2C16H12N8O4,1.78772833,3.489909,0.7166666666666667,0.7,,0.7,1.0,0.7166666666666667,0.7,,1|1|1|1,0.7166666666666667|1.0|0.7|0.7,,0.7598757655234476
stable porous MOFs for CO2 adsorption,48,GAT only,4,qmof-403e9cb,Co2C24H32N4O18,1.697328907,3.469655,0.7166666666666667,0.7,,0.7,1.0,0.7166666666666667,0.7,,1|1|1|1,0.7166666666666667|1.0|0.7|0.7,,0.7598757655234476
stable porous MOFs for CO2 adsorption,48,GAT only,5,qmof-71748b1,Co2C34H26N10O10S6,1.740750274,3.369053,0.7166666666666667,0.7,,0.7,1.0,0.7166666666666667,0.7,,1|1|1|1,0.7166666666666667|1.0|0.7|0.7,,0.7598757655234476
stable porous MOFs for CO2 adsorption,48,GraphSAGE only,1,qmof-ec84fcf,Co2C20H16N28,1.767424228,2.596155,0.7166666666666667,0.7,,0.7,1.0,0.7166666666666667,0.7,,1|1|1|1,0.7166666666666667|1.0|0.7|0.7,,0.7598757655234476
stable porous MOFs for CO2 adsorption,48,GraphSAGE only,2,qmof-fd921b0,Co2C16H16N8O8,1.58214776,3.390441,0.7166666666666667,0.7,,0.7,1.0,0.7166666666666667,0.7,,1|1|1|1,0.7166666666666667|1.0|0.7|0.7,,0.7598757655234476
stable porous MOFs for CO2 adsorption,48,GraphSAGE only,3,qmof-275dcce,Co2Nd2C32H32N20O12,1.787505544,2.684298,0.7166666666666667,0.7,,0.7,1.0,0.7166666666666667,0.7,,1|1|1|1,0.7166666666666667|1.0|0.7|0.7,,0.7598757655234476
stable porous MOFs for CO2 adsorption,48,GraphSAGE only,4,qmof-0ea1d91,Co2C16H12N8O4,1.78772833,3.489909,0.7166666666666667,0.7,,0.7,1.0,0.7166666666666667,0.7,,1|1|1|1,0.7166666666666667|1.0|0.7|0.7,,0.7598757655234476
stable porous MOFs for CO2 adsorption,48,GraphSAGE only,5,qmof-f69d443,Co2C40H28N12O8,1.370451155,2.877886,0.7166666666666667,0.7,,0.7,1.0,0.7166666666666667,0.7,,1|1|1|1,0.7166666666666667|1.0|0.7|0.7,,0.7598757655234476
stable porous MOFs for CO2 adsorption,48,LEA,1,qmof-4324443,Co2C30H22N4O10,1.798488446,3.439369,0.7166666666666667,0.7,,0.7,1.0,0.7166666666666667,0.7,,1|1|1|1,0.7166666666666667|1.0|0.7|0.7,,0.8596077576279639
stable porous MOFs for CO2 adsorption,48,LEA,2,qmof-3eba276,Co2C48H28N4O12S2,1.663508405,3.11041,0.7166666666666667,0.7,,0.7,1.0,0.7166666666666667,0.7,,1|1|1|1,0.7166666666666667|1.0|0.7|0.7,,0.8596077576279639
stable porous MOFs for CO2 adsorption,48,LEA,3,qmof-c8f0292,Co2C44H48N12O12,1.602088418,3.494605,0.7166666666666667,0.7,,0.7,1.0,0.7166666666666667,0.7,,1|1|1|1,0.7166666666666667|1.0|0.7|0.7,,0.8596077576279639
stable porous MOFs for CO2 adsorption,48,LEA,4,qmof-57e6787,Co2C34H28N4O8,1.718108992,3.298084,0.7166666666666667,0.7,,0.7,1.0,0.7166666666666667,0.7,,1|1|1|1,0.7166666666666667|1.0|0.7|0.7,,0.8596077576279639
stable porous MOFs for CO2 adsorption,48,LEA,5,qmof-fd921b0,Co2C16H16N8O8,1.58214776,3.390441,0.7166666666666667,0.7,,0.7,1.0,0.7166666666666667,0.7,,1|1|1|1,0.7166666666666667|1.0|0.7|0.7,,0.8596077576279639
stable porous MOFs for CO2 adsorption,48,LEA no diversity,1,qmof-4324443,Co2C30H22N4O10,1.798488446,3.439369,0.7166666666666667,0.7,,0.7,1.0,0.7166666666666667,0.7,,1|1|1|1,0.7166666666666667|1.0|0.7|0.7,,0.847107757627964
stable porous MOFs for CO2 adsorption,48,LEA no diversity,2,qmof-3eba276,Co2C48H28N4O12S2,1.663508405,3.11041,0.7166666666666667,0.7,,0.7,1.0,0.7166666666666667,0.7,,1|1|1|1,0.7166666666666667|1.0|0.7|0.7,,0.847107757627964
stable porous MOFs for CO2 adsorption,48,LEA no diversity,3,qmof-c8f0292,Co2C44H48N12O12,1.602088418,3.494605,0.7166666666666667,0.7,,0.7,1.0,0.7166666666666667,0.7,,1|1|1|1,0.7166666666666667|1.0|0.7|0.7,,0.847107757627964
stable porous MOFs for CO2 adsorption,48,LEA no diversity,4,qmof-57e6787,Co2C34H28N4O8,1.718108992,3.298084,0.7166666666666667,0.7,,0.7,1.0,0.7166666666666667,0.7,,1|1|1|1,0.7166666666666667|1.0|0.7|0.7,,0.847107757627964
stable porous MOFs for CO2 adsorption,48,LEA no diversity,5,qmof-fd921b0,Co2C16H16N8O8,1.58214776,3.390441,0.7166666666666667,0.7,,0.7,1.0,0.7166666666666667,0.7,,1|1|1|1,0.7166666666666667|1.0|0.7|0.7,,0.847107757627964
stable porous MOFs for CO2 adsorption,48,LEA no self-cleaning,1,qmof-4324443,Co2C30H22N4O10,1.798488446,3.439369,0.7166666666666667,0.7,,0.7,1.0,0.7166666666666667,0.7,,1|1|1|1,0.7166666666666667|1.0|0.7|0.7,,0.8596077576279639
stable porous MOFs for CO2 adsorption,48,LEA no self-cleaning,2,qmof-3eba276,Co2C48H28N4O12S2,1.663508405,3.11041,0.7166666666666667,0.7,,0.7,1.0,0.7166666666666667,0.7,,1|1|1|1,0.7166666666666667|1.0|0.7|0.7,,0.8596077576279639
stable porous MOFs for CO2 adsorption,48,LEA no self-cleaning,3,qmof-c8f0292,Co2C44H48N12O12,1.602088418,3.494605,0.7166666666666667,0.7,,0.7,1.0,0.7166666666666667,0.7,,1|1|1|1,0.7166666666666667|1.0|0.7|0.7,,0.8596077576279639
stable porous MOFs for CO2 adsorption,48,LEA no self-cleaning,4,qmof-57e6787,Co2C34H28N4O8,1.718108992,3.298084,0.7166666666666667,0.7,,0.7,1.0,0.7166666666666667,0.7,,1|1|1|1,0.7166666666666667|1.0|0.7|0.7,,0.8596077576279639
stable porous MOFs for CO2 adsorption,48,LEA no self-cleaning,5,qmof-fd921b0,Co2C16H16N8O8,1.58214776,3.390441,0.7166666666666667,0.7,,0.7,1.0,0.7166666666666667,0.7,,1|1|1|1,0.7166666666666667|1.0|0.7|0.7,,0.8596077576279639
stable porous MOFs for CO2 adsorption,48,LEA + GAT,1,qmof-0ea1d91,Co2C16H12N8O4,1.78772833,3.489909,0.7166666666666667,0.7,,0.7,1.0,0.7166666666666667,0.7,,1|1|1|1,0.7166666666666667|1.0|0.7|0.7,,0.8045060217380524
stable porous MOFs for CO2 adsorption,48,LEA + GAT,2,qmof-403e9cb,Co2C24H32N4O18,1.697328907,3.469655,0.7166666666666667,0.7,,0.7,1.0,0.7166666666666667,0.7,,1|1|1|1,0.7166666666666667|1.0|0.7|0.7,,0.8035790579393506
stable porous MOFs for CO2 adsorption,48,LEA + GAT,3,qmof-f2d872e,Co2C36H40N8O12,1.334171796,3.378082,0.7166666666666667,0.7,,0.7,1.0,0.7166666666666667,0.7,,1|1|1|1,0.7166666666666667|1.0|0.7|0.7,,0.8001261158846318
stable porous MOFs for CO2 adsorption,48,LEA + GAT,4,qmof-9a1ecbc,Co2C28Cl4H24N8S6,1.797370089,3.409833,0.7166666666666667,0.7,,0.7,1.0,0.7166666666666667,0.7,,1|1|1|1,0.7166666666666667|1.0|0.7|0.7,,0.7994991519022733
stable porous MOFs for CO2 adsorption,48,LEA + GAT,5,qmof-c631f72,Co2C42H28N8O16,1.65313731,3.280036,0.7166666666666667,0.7,,0.7,1.0,0.7166666666666667,0.7,,1|1|1|1,0.7166666666666667|1.0|0.7|0.7,,0.7991414232179522
stable porous MOFs for CO2 adsorption,48,LEA + GraphSAGE,1,qmof-275dcce,Co2Nd2C32H32N20O12,1.787505544,2.684298,0.7166666666666667,0.7,,0.7,1.0,0.7166666666666667,0.7,,1|1|1|1,0.7166666666666667|1.0|0.7|0.7,,0.7637722879648209
stable porous MOFs for CO2 adsorption,48,LEA + GraphSAGE,2,qmof-0ea1d91,Co2C16H12N8O4,1.78772833,3.489909,0.7166666666666667,0.7,,0.7,1.0,0.7166666666666667,0.7,,1|1|1|1,0.7166666666666667|1.0|0.7|0.7,,0.763170625269413
stable porous MOFs for CO2 adsorption,48,LEA + GraphSAGE,3,qmof-330a403,Co2C58F12H32N8O8S2,1.414912408,2.471348,0.7166666666666667,0.7,,0.7,1.0,0.7166666666666667,0.7,,1|1|1|1,0.7166666666666667|1.0|0.7|0.7,,0.7624587118625641
stable porous MOFs for CO2 adsorption,48,LEA + GraphSAGE,4,qmof-f2d872e,Co2C36H40N8O12,1.334171796,3.378082,0.7166666666666667,0.7,,0.7,1.0,0.7166666666666667,0.7,,1|1|1|1,0.7166666666666667|1.0|0.7|0.7,,0.7624248038278894
stable porous MOFs for CO2 adsorption,48,LEA + GraphSAGE,5,qmof-68234b7,Co2C30H32N2O14,1.399169923,3.266102,0.7166666666666667,0.7,,0.7,1.0,0.7166666666666667,0.7,,1|1|1|1,0.7166666666666667|1.0|0.7|0.7,,0.7619528294308111
stable porous MOFs for CO2 adsorption,48,MMR,1,qmof-c0d0be0,Co2C28H20N4O12,1.717539182,3.369652,0.7166666666666667,0.7,,0.7,1.0,0.7166666666666667,0.7,,1|1|1|1,0.7166666666666667|1.0|0.7|0.7,,0.7598757655234476
stable porous MOFs for CO2 adsorption,48,MMR,2,qmof-d06ef43,Co2C52H56N8O8,1.462550675,4.337562,0.7166666666666667,0.7,,0.7,0.5,0.7166666666666667,0.7,,1|1|1|1,0.7166666666666667|0.5|0.7|0.7,,0.6672850245975401
stable porous MOFs for CO2 adsorption,48,MMR,3,qmof-a5ebf1c,Co2C28H20N6O10,1.788603861,3.242997,0.7166666666666667,0.7,,0.7,1.0,0.7166666666666667,0.7,,1|1|1|1,0.7166666666666667|1.0|0.7|0.7,,0.7598757655234476
stable porous MOFs for CO2 adsorption,48,MMR,4,qmof-c11323c,Co2C40H32N4O8,1.402324029,3.474905,0.7166666666666667,0.7,,0.7,1.0,0.7166666666666667,0.7,,1|1|1|1,0.7166666666666667|1.0|0.7|0.7,,0.7598757655234476
stable porous MOFs for CO2 adsorption,48,MMR,5,qmof-0ea1d91,Co2C16H12N8O4,1.78772833,3.489909,0.7166666666666667,0.7,,0.7,1.0,0.7166666666666667,0.7,,1|1|1|1,0.7166666666666667|1.0|0.7|0.7,,0.7598757655234476
stable porous MOFs for CO2 adsorption,48,ParetoCrowding,1,qmof-fd921b0,Co2C16H16N8O8,1.58214776,3.390441,0.7166666666666667,0.7,,0.7,1.0,0.7166666666666667,0.7,,1|1|1|1,0.7166666666666667|1.0|0.7|0.7,,0.7598757655234476
stable porous MOFs for CO2 adsorption,48,ParetoCrowding,2,qmof-f69d443,Co2C40H28N12O8,1.370451155,2.877886,0.7166666666666667,0.7,,0.7,1.0,0.7166666666666667,0.7,,1|1|1|1,0.7166666666666667|1.0|0.7|0.7,,0.7598757655234476
stable porous MOFs for CO2 adsorption,48,ParetoCrowding,3,qmof-f343390,Co2C34H22N6O8,1.790740334,3.060735,0.7166666666666667,0.7,,0.7,1.0,0.7166666666666667,0.7,,1|1|1|1,0.7166666666666667|1.0|0.7|0.7,,0.7598757655234476
stable porous MOFs for CO2 adsorption,48,ParetoCrowding,4,qmof-f2d872e,Co2C36H40N8O12,1.334171796,3.378082,0.7166666666666667,0.7,,0.7,1.0,0.7166666666666667,0.7,,1|1|1|1,0.7166666666666667|1.0|0.7|0.7,,0.7598757655234476
stable porous MOFs for CO2 adsorption,48,ParetoCrowding,5,qmof-f0c9af4,Co2C50H38N10O12,1.607919854,2.642464,0.7166666666666667,0.7,,0.7,1.0,0.7166666666666667,0.7,,1|1|1|1,0.7166666666666667|1.0|0.7|0.7,,0.7598757655234476
stable porous MOFs for CO2 adsorption,48,Random,1,qmof-403e9cb,Co2C24H32N4O18,1.697328907,3.469655,0.7166666666666667,0.7,,0.7,1.0,0.7166666666666667,0.7,,1|1|1|1,0.7166666666666667|1.0|0.7|0.7,,0.7598757655234476
stable porous MOFs for CO2 adsorption,48,Random,2,qmof-f69d443,Co2C40H28N12O8,1.370451155,2.877886,0.7166666666666667,0.7,,0.7,1.0,0.7166666666666667,0.7,,1|1|1|1,0.7166666666666667|1.0|0.7|0.7,,0.7598757655234476
stable porous MOFs for CO2 adsorption,48,Random,3,qmof-334586a,Co2C28H20N16S4,1.76521634,3.172952,0.7166666666666667,0.7,,0.7,1.0,0.7166666666666667,0.7,,1|1|1|1,0.7166666666666667|1.0|0.7|0.7,,0.7598757655234476
stable porous MOFs for CO2 adsorption,48,Random,4,qmof-a5a6fa2,Co2C44H32N4O12,1.777795301,2.912484,0.7166666666666667,0.7,,0.7,1.0,0.7166666666666667,0.7,,1|1|1|1,0.7166666666666667|1.0|0.7|0.7,,0.7598757655234476
stable porous MOFs for CO2 adsorption,48,Random,5,qmof-68234b7,Co2C30H32N2O14,1.399169923,3.266102,0.7166666666666667,0.7,,0.7,1.0,0.7166666666666667,0.7,,1|1|1|1,0.7166666666666667|1.0|0.7|0.7,,0.7598757655234476
stable porous MOFs for CO2 adsorption,48,SemanticOnly,1,qmof-ff169e1,Co2C36H44N12O12S2,1.441361378,4.133949,0.7166666666666667,0.7,,0.7,0.5,0.7166666666666667,0.7,,1|1|1|1,0.7166666666666667|0.5|0.7|0.7,,0.6672850245975401
stable porous MOFs for CO2 adsorption,48,SemanticOnly,2,qmof-fd921b0,Co2C16H16N8O8,1.58214776,3.390441,0.7166666666666667,0.7,,0.7,1.0,0.7166666666666667,0.7,,1|1|1|1,0.7166666666666667|1.0|0.7|0.7,,0.7598757655234476
stable porous MOFs for CO2 adsorption,48,SemanticOnly,3,qmof-f69d443,Co2C40H28N12O8,1.370451155,2.877886,0.7166666666666667,0.7,,0.7,1.0,0.7166666666666667,0.7,,1|1|1|1,0.7166666666666667|1.0|0.7|0.7,,0.7598757655234476
stable porous MOFs for CO2 adsorption,48,SemanticOnly,4,qmof-f343390,Co2C34H22N6O8,1.790740334,3.060735,0.7166666666666667,0.7,,0.7,1.0,0.7166666666666667,0.7,,1|1|1|1,0.7166666666666667|1.0|0.7|0.7,,0.7598757655234476
stable porous MOFs for CO2 adsorption,48,SemanticOnly,5,qmof-f2d872e,Co2C36H40N8O12,1.334171796,3.378082,0.7166666666666667,0.7,,0.7,1.0,0.7166666666666667,0.7,,1|1|1|1,0.7166666666666667|1.0|0.7|0.7,,0.7598757655234476
stable porous MOFs for CO2 adsorption,48,TOPSIS,1,qmof-fd921b0,Co2C16H16N8O8,1.58214776,3.390441,0.7166666666666667,0.7,,0.7,1.0,0.7166666666666667,0.7,,1|1|1|1,0.7166666666666667|1.0|0.7|0.7,,0.7598757655234476
stable porous MOFs for CO2 adsorption,48,TOPSIS,2,qmof-f69d443,Co2C40H28N12O8,1.370451155,2.877886,0.7166666666666667,0.7,,0.7,1.0,0.7166666666666667,0.7,,1|1|1|1,0.7166666666666667|1.0|0.7|0.7,,0.7598757655234476
stable porous MOFs for CO2 adsorption,48,TOPSIS,3,qmof-f343390,Co2C34H22N6O8,1.790740334,3.060735,0.7166666666666667,0.7,,0.7,1.0,0.7166666666666667,0.7,,1|1|1|1,0.7166666666666667|1.0|0.7|0.7,,0.7598757655234476
stable porous MOFs for CO2 adsorption,48,TOPSIS,4,qmof-f2d872e,Co2C36H40N8O12,1.334171796,3.378082,0.7166666666666667,0.7,,0.7,1.0,0.7166666666666667,0.7,,1|1|1|1,0.7166666666666667|1.0|0.7|0.7,,0.7598757655234476
stable porous MOFs for CO2 adsorption,48,TOPSIS,5,qmof-f0c9af4,Co2C50H38N10O12,1.607919854,2.642464,0.7166666666666667,0.7,,0.7,1.0,0.7166666666666667,0.7,,1|1|1|1,0.7166666666666667|1.0|0.7|0.7,,0.7598757655234476
stable porous MOFs for CO2 adsorption,48,WeightedSum,1,qmof-fd921b0,Co2C16H16N8O8,1.58214776,3.390441,0.7166666666666667,0.7,,0.7,1.0,0.7166666666666667,0.7,,1|1|1|1,0.7166666666666667|1.0|0.7|0.7,,0.7598757655234476
stable porous MOFs for CO2 adsorption,48,WeightedSum,2,qmof-f69d443,Co2C40H28N12O8,1.370451155,2.877886,0.7166666666666667,0.7,,0.7,1.0,0.7166666666666667,0.7,,1|1|1|1,0.7166666666666667|1.0|0.7|0.7,,0.7598757655234476
stable porous MOFs for CO2 adsorption,48,WeightedSum,3,qmof-f343390,Co2C34H22N6O8,1.790740334,3.060735,0.7166666666666667,0.7,,0.7,1.0,0.7166666666666667,0.7,,1|1|1|1,0.7166666666666667|1.0|0.7|0.7,,0.7598757655234476
stable porous MOFs for CO2 adsorption,48,WeightedSum,4,qmof-f2d872e,Co2C36H40N8O12,1.334171796,3.378082,0.7166666666666667,0.7,,0.7,1.0,0.7166666666666667,0.7,,1|1|1|1,0.7166666666666667|1.0|0.7|0.7,,0.7598757655234476
stable porous MOFs for CO2 adsorption,48,WeightedSum,5,qmof-f0c9af4,Co2C50H38N10O12,1.607919854,2.642464,0.7166666666666667,0.7,,0.7,1.0,0.7166666666666667,0.7,,1|1|1|1,0.7166666666666667|1.0|0.7|0.7,,0.7598757655234476
stable porous MOFs for CO2 adsorption,49,GAT only,1,qmof-fd921b0,Co2C16H16N8O8,1.58214776,3.390441,0.7166666666666667,0.7,,0.7,1.0,0.7166666666666667,0.7,,1|1|1|1,0.7166666666666667|1.0|0.7|0.7,,0.7598757655234476
stable porous MOFs for CO2 adsorption,49,GAT only,2,qmof-ec84fcf,Co2C20H16N28,1.767424228,2.596155,0.7166666666666667,0.7,,0.7,1.0,0.7166666666666667,0.7,,1|1|1|1,0.7166666666666667|1.0|0.7|0.7,,0.7598757655234476
stable porous MOFs for CO2 adsorption,49,GAT only,3,qmof-0ea1d91,Co2C16H12N8O4,1.78772833,3.489909,0.7166666666666667,0.7,,0.7,1.0,0.7166666666666667,0.7,,1|1|1|1,0.7166666666666667|1.0|0.7|0.7,,0.7598757655234476
stable porous MOFs for CO2 adsorption,49,GAT only,4,qmof-403e9cb,Co2C24H32N4O18,1.697328907,3.469655,0.7166666666666667,0.7,,0.7,1.0,0.7166666666666667,0.7,,1|1|1|1,0.7166666666666667|1.0|0.7|0.7,,0.7598757655234476
stable porous MOFs for CO2 adsorption,49,GAT only,5,qmof-71748b1,Co2C34H26N10O10S6,1.740750274,3.369053,0.7166666666666667,0.7,,0.7,1.0,0.7166666666666667,0.7,,1|1|1|1,0.7166666666666667|1.0|0.7|0.7,,0.7598757655234476
stable porous MOFs for CO2 adsorption,49,GraphSAGE only,1,qmof-ec84fcf,Co2C20H16N28,1.767424228,2.596155,0.7166666666666667,0.7,,0.7,1.0,0.7166666666666667,0.7,,1|1|1|1,0.7166666666666667|1.0|0.7|0.7,,0.7598757655234476
stable porous MOFs for CO2 adsorption,49,GraphSAGE only,2,qmof-fd921b0,Co2C16H16N8O8,1.58214776,3.390441,0.7166666666666667,0.7,,0.7,1.0,0.7166666666666667,0.7,,1|1|1|1,0.7166666666666667|1.0|0.7|0.7,,0.7598757655234476
stable porous MOFs for CO2 adsorption,49,GraphSAGE only,3,qmof-275dcce,Co2Nd2C32H32N20O12,1.787505544,2.684298,0.7166666666666667,0.7,,0.7,1.0,0.7166666666666667,0.7,,1|1|1|1,0.7166666666666667|1.0|0.7|0.7,,0.7598757655234476
stable porous MOFs for CO2 adsorption,49,GraphSAGE only,4,qmof-0ea1d91,Co2C16H12N8O4,1.78772833,3.489909,0.7166666666666667,0.7,,0.7,1.0,0.7166666666666667,0.7,,1|1|1|1,0.7166666666666667|1.0|0.7|0.7,,0.7598757655234476
stable porous MOFs for CO2 adsorption,49,GraphSAGE only,5,qmof-f69d443,Co2C40H28N12O8,1.370451155,2.877886,0.7166666666666667,0.7,,0.7,1.0,0.7166666666666667,0.7,,1|1|1|1,0.7166666666666667|1.0|0.7|0.7,,0.7598757655234476
stable porous MOFs for CO2 adsorption,49,LEA,1,qmof-b2bccba,Co2C42H32N4O12,1.669649743,2.789533,0.7166666666666667,0.7,,0.7,1.0,0.7166666666666667,0.7,,1|1|1|1,0.7166666666666667|1.0|0.7|0.7,,0.8596077576279639
stable porous MOFs for CO2 adsorption,49,LEA,2,qmof-51d789e,Co2C16H24O12,1.634350468,3.034007,0.7166666666666667,0.7,,0.7,1.0,0.7166666666666667,0.7,,1|1|1|1,0.7166666666666667|1.0|0.7|0.7,,0.8596077576279639
stable porous MOFs for CO2 adsorption,49,LEA,3,qmof-57e6787,Co2C34H28N4O8,1.718108992,3.298084,0.7166666666666667,0.7,,0.7,1.0,0.7166666666666667,0.7,,1|1|1|1,0.7166666666666667|1.0|0.7|0.7,,0.8596077576279639
stable porous MOFs for CO2 adsorption,49,LEA,4,qmof-cb134eb,Co2C34H36N6O12,1.627058956,3.4962,0.7166666666666667,0.7,,0.7,1.0,0.7166666666666667,0.7,,1|1|1|1,0.7166666666666667|1.0|0.7|0.7,,0.8596077576279639
stable porous MOFs for CO2 adsorption,49,LEA,5,qmof-9a1ecbc,Co2C28Cl4H24N8S6,1.797370089,3.409833,0.7166666666666667,0.7,,0.7,1.0,0.7166666666666667,0.7,,1|1|1|1,0.7166666666666667|1.0|0.7|0.7,,0.8596077576279639
stable porous MOFs for CO2 adsorption,49,LEA no diversity,1,qmof-b2bccba,Co2C42H32N4O12,1.669649743,2.789533,0.7166666666666667,0.7,,0.7,1.0,0.7166666666666667,0.7,,1|1|1|1,0.7166666666666667|1.0|0.7|0.7,,0.847107757627964
stable porous MOFs for CO2 adsorption,49,LEA no diversity,2,qmof-51d789e,Co2C16H24O12,1.634350468,3.034007,0.7166666666666667,0.7,,0.7,1.0,0.7166666666666667,0.7,,1|1|1|1,0.7166666666666667|1.0|0.7|0.7,,0.847107757627964
stable porous MOFs for CO2 adsorption,49,LEA no diversity,3,qmof-57e6787,Co2C34H28N4O8,1.718108992,3.298084,0.7166666666666667,0.7,,0.7,1.0,0.7166666666666667,0.7,,1|1|1|1,0.7166666666666667|1.0|0.7|0.7,,0.847107757627964
stable porous MOFs for CO2 adsorption,49,LEA no diversity,4,qmof-cb134eb,Co2C34H36N6O12,1.627058956,3.4962,0.7166666666666667,0.7,,0.7,1.0,0.7166666666666667,0.7,,1|1|1|1,0.7166666666666667|1.0|0.7|0.7,,0.847107757627964
stable porous MOFs for CO2 adsorption,49,LEA no diversity,5,qmof-9a1ecbc,Co2C28Cl4H24N8S6,1.797370089,3.409833,0.7166666666666667,0.7,,0.7,1.0,0.7166666666666667,0.7,,1|1|1|1,0.7166666666666667|1.0|0.7|0.7,,0.847107757627964
stable porous MOFs for CO2 adsorption,49,LEA no self-cleaning,1,qmof-b2bccba,Co2C42H32N4O12,1.669649743,2.789533,0.7166666666666667,0.7,,0.7,1.0,0.7166666666666667,0.7,,1|1|1|1,0.7166666666666667|1.0|0.7|0.7,,0.8596077576279639
stable porous MOFs for CO2 adsorption,49,LEA no self-cleaning,2,qmof-51d789e,Co2C16H24O12,1.634350468,3.034007,0.7166666666666667,0.7,,0.7,1.0,0.7166666666666667,0.7,,1|1|1|1,0.7166666666666667|1.0|0.7|0.7,,0.8596077576279639
stable porous MOFs for CO2 adsorption,49,LEA no self-cleaning,3,qmof-57e6787,Co2C34H28N4O8,1.718108992,3.298084,0.7166666666666667,0.7,,0.7,1.0,0.7166666666666667,0.7,,1|1|1|1,0.7166666666666667|1.0|0.7|0.7,,0.8596077576279639
stable porous MOFs for CO2 adsorption,49,LEA no self-cleaning,4,qmof-cb134eb,Co2C34H36N6O12,1.627058956,3.4962,0.7166666666666667,0.7,,0.7,1.0,0.7166666666666667,0.7,,1|1|1|1,0.7166666666666667|1.0|0.7|0.7,,0.8596077576279639
stable porous MOFs for CO2 adsorption,49,LEA no self-cleaning,5,qmof-9a1ecbc,Co2C28Cl4H24N8S6,1.797370089,3.409833,0.7166666666666667,0.7,,0.7,1.0,0.7166666666666667,0.7,,1|1|1|1,0.7166666666666667|1.0|0.7|0.7,,0.8596077576279639
stable porous MOFs for CO2 adsorption,49,LEA + GAT,1,qmof-fd921b0,Co2C16H16N8O8,1.58214776,3.390441,0.7166666666666667,0.7,,0.7,1.0,0.7166666666666667,0.7,,1|1|1|1,0.7166666666666667|1.0|0.7|0.7,,0.8078589275479316
stable porous MOFs for CO2 adsorption,49,LEA + GAT,2,qmof-403e9cb,Co2C24H32N4O18,1.697328907,3.469655,0.7166666666666667,0.7,,0.7,1.0,0.7166666666666667,0.7,,1|1|1|1,0.7166666666666667|1.0|0.7|0.7,,0.8026215642690658
stable porous MOFs for CO2 adsorption,49,LEA + GAT,3,qmof-d8703ab,Co2C24H24N8O8,1.778550968,3.365559,0.7166666666666667,0.7,,0.7,1.0,0.7166666666666667,0.7,,1|1|1|1,0.7166666666666667|1.0|0.7|0.7,,0.7983945980668068
stable porous MOFs for CO2 adsorption,49,LEA + GAT,4,qmof-cb134eb,Co2C34H36N6O12,1.627058956,3.4962,0.7166666666666667,0.7,,0.7,1.0,0.7166666666666667,0.7,,1|1|1|1,0.7166666666666667|1.0|0.7|0.7,,0.7982789029367269
stable porous MOFs for CO2 adsorption,49,LEA + GAT,5,qmof-68234b7,Co2C30H32N2O14,1.399169923,3.266102,0.7166666666666667,0.7,,0.7,1.0,0.7166666666666667,0.7,,1|1|1|1,0.7166666666666667|1.0|0.7|0.7,,0.7977236345410347
stable porous MOFs for CO2 adsorption,49,LEA + GraphSAGE,1,qmof-fd921b0,Co2C16H16N8O8,1.58214776,3.390441,0.7166666666666667,0.7,,0.7,1.0,0.7166666666666667,0.7,,1|1|1|1,0.7166666666666667|1.0|0.7|0.7,,0.76661696434021
stable porous MOFs for CO2 adsorption,49,LEA + GraphSAGE,2,qmof-f69d443,Co2C40H28N12O8,1.370451155,2.877886,0.7166666666666667,0.7,,0.7,1.0,0.7166666666666667,0.7,,1|1|1|1,0.7166666666666667|1.0|0.7|0.7,,0.7627351641654968
stable porous MOFs for CO2 adsorption,49,LEA + GraphSAGE,3,qmof-68234b7,Co2C30H32N2O14,1.399169923,3.266102,0.7166666666666667,0.7,,0.7,1.0,0.7166666666666667,0.7,,1|1|1|1,0.7166666666666667|1.0|0.7|0.7,,0.7616688579320907
stable porous MOFs for CO2 adsorption,49,LEA + GraphSAGE,4,qmof-334586a,Co2C28H20N16S4,1.76521634,3.172952,0.7166666666666667,0.7,,0.7,1.0,0.7166666666666667,0.7,,1|1|1|1,0.7166666666666667|1.0|0.7|0.7,,0.7614348669536412
stable porous MOFs for CO2 adsorption,49,LEA + GraphSAGE,5,qmof-51d789e,Co2C16H24O12,1.634350468,3.034007,0.7166666666666667,0.7,,0.7,1.0,0.7166666666666667,0.7,,1|1|1|1,0.7166666666666667|1.0|0.7|0.7,,0.7614124354906381
stable porous MOFs for CO2 adsorption,49,MMR,1,qmof-a5ebf1c,Co2C28H20N6O10,1.788603861,3.242997,0.7166666666666667,0.7,,0.7,1.0,0.7166666666666667,0.7,,1|1|1|1,0.7166666666666667|1.0|0.7|0.7,,0.7598757655234476
stable porous MOFs for CO2 adsorption,49,MMR,2,qmof-4e8726d,Co2C28H26N12O8,1.66160355,3.736555,0.7166666666666667,0.7,,0.7,0.5,0.7166666666666667,0.7,,1|1|1|1,0.7166666666666667|0.5|0.7|0.7,,0.6672850245975401
stable porous MOFs for CO2 adsorption,49,MMR,3,qmof-38716ea,Co2C28H28N8O8,1.688881439,2.953484,0.7166666666666667,0.7,,0.7,1.0,0.7166666666666667,0.7,,1|1|1|1,0.7166666666666667|1.0|0.7|0.7,,0.7598757655234476
stable porous MOFs for CO2 adsorption,49,MMR,4,qmof-99810c8,Co2C46H34N4O14,1.652544913,2.887718,0.7166666666666667,0.7,,0.7,1.0,0.7166666666666667,0.7,,1|1|1|1,0.7166666666666667|1.0|0.7|0.7,,0.7598757655234476
stable porous MOFs for CO2 adsorption,49,MMR,5,qmof-f0c9af4,Co2C50H38N10O12,1.607919854,2.642464,0.7166666666666667,0.7,,0.7,1.0,0.7166666666666667,0.7,,1|1|1|1,0.7166666666666667|1.0|0.7|0.7,,0.7598757655234476
stable porous MOFs for CO2 adsorption,49,ParetoCrowding,1,qmof-fd921b0,Co2C16H16N8O8,1.58214776,3.390441,0.7166666666666667,0.7,,0.7,1.0,0.7166666666666667,0.7,,1|1|1|1,0.7166666666666667|1.0|0.7|0.7,,0.7598757655234476
stable porous MOFs for CO2 adsorption,49,ParetoCrowding,2,qmof-f69d443,Co2C40H28N12O8,1.370451155,2.877886,0.7166666666666667,0.7,,0.7,1.0,0.7166666666666667,0.7,,1|1|1|1,0.7166666666666667|1.0|0.7|0.7,,0.7598757655234476
stable porous MOFs for CO2 adsorption,49,ParetoCrowding,3,qmof-f343390,Co2C34H22N6O8,1.790740334,3.060735,0.7166666666666667,0.7,,0.7,1.0,0.7166666666666667,0.7,,1|1|1|1,0.7166666666666667|1.0|0.7|0.7,,0.7598757655234476
stable porous MOFs for CO2 adsorption,49,ParetoCrowding,4,qmof-f2d872e,Co2C36H40N8O12,1.334171796,3.378082,0.7166666666666667,0.7,,0.7,1.0,0.7166666666666667,0.7,,1|1|1|1,0.7166666666666667|1.0|0.7|0.7,,0.7598757655234476
stable porous MOFs for CO2 adsorption,49,ParetoCrowding,5,qmof-f0c9af4,Co2C50H38N10O12,1.607919854,2.642464,0.7166666666666667,0.7,,0.7,1.0,0.7166666666666667,0.7,,1|1|1|1,0.7166666666666667|1.0|0.7|0.7,,0.7598757655234476
stable porous MOFs for CO2 adsorption,49,Random,1,qmof-0ea1d91,Co2C16H12N8O4,1.78772833,3.489909,0.7166666666666667,0.7,,0.7,1.0,0.7166666666666667,0.7,,1|1|1|1,0.7166666666666667|1.0|0.7|0.7,,0.7598757655234476
stable porous MOFs for CO2 adsorption,49,Random,2,qmof-14eb177,Co2C44H36N8O8,1.411241713,3.496948,0.7166666666666667,0.7,,0.7,1.0,0.7166666666666667,0.7,,1|1|1|1,0.7166666666666667|1.0|0.7|0.7,,0.7598757655234476
stable porous MOFs for CO2 adsorption,49,Random,3,qmof-54f7ee7,Co2K2C48H44N4O6,1.497174385,1.505111,0.7166666666666667,0.7,,0.7,1.0,0.7166666666666667,0.7,,1|1|1|1,0.7166666666666667|1.0|0.7|0.7,,0.7598757655234476
stable porous MOFs for CO2 adsorption,49,Random,4,qmof-2ba0cce,Co2C24H26N2S4,1.580976593,3.202535,0.7166666666666667,0.7,,0.7,1.0,0.7166666666666667,0.7,,1|1|1|1,0.7166666666666667|1.0|0.7|0.7,,0.7598757655234476
stable porous MOFs for CO2 adsorption,49,Random,5,qmof-d8703ab,Co2C24H24N8O8,1.778550968,3.365559,0.7166666666666667,0.7,,0.7,1.0,0.7166666666666667,0.7,,1|1|1|1,0.7166666666666667|1.0|0.7|0.7,,0.7598757655234476
stable porous MOFs for CO2 adsorption,49,SemanticOnly,1,qmof-fd921b0,Co2C16H16N8O8,1.58214776,3.390441,0.7166666666666667,0.7,,0.7,1.0,0.7166666666666667,0.7,,1|1|1|1,0.7166666666666667|1.0|0.7|0.7,,0.7598757655234476
stable porous MOFs for CO2 adsorption,49,SemanticOnly,2,qmof-f69d443,Co2C40H28N12O8,1.370451155,2.877886,0.7166666666666667,0.7,,0.7,1.0,0.7166666666666667,0.7,,1|1|1|1,0.7166666666666667|1.0|0.7|0.7,,0.7598757655234476
stable porous MOFs for CO2 adsorption,49,SemanticOnly,3,qmof-f47b0d0,Co2C20H16N20,1.747002045,4.598984,0.7166666666666667,0.7,,0.7,0.5,0.7166666666666667,0.7,,1|1|1|1,0.7166666666666667|0.5|0.7|0.7,,0.6672850245975401
stable porous MOFs for CO2 adsorption,49,SemanticOnly,4,qmof-f360972,Co2C18H28N4O12P4,1.787219535,3.915648,0.7166666666666667,0.7,,0.7,0.5,0.7166666666666667,0.7,,1|1|1|1,0.7166666666666667|0.5|0.7|0.7,,0.6672850245975401
stable porous MOFs for CO2 adsorption,49,SemanticOnly,5,qmof-f343390,Co2C34H22N6O8,1.790740334,3.060735,0.7166666666666667,0.7,,0.7,1.0,0.7166666666666667,0.7,,1|1|1|1,0.7166666666666667|1.0|0.7|0.7,,0.7598757655234476
stable porous MOFs for CO2 adsorption,49,TOPSIS,1,qmof-fd921b0,Co2C16H16N8O8,1.58214776,3.390441,0.7166666666666667,0.7,,0.7,1.0,0.7166666666666667,0.7,,1|1|1|1,0.7166666666666667|1.0|0.7|0.7,,0.7598757655234476
stable porous MOFs for CO2 adsorption,49,TOPSIS,2,qmof-f69d443,Co2C40H28N12O8,1.370451155,2.877886,0.7166666666666667,0.7,,0.7,1.0,0.7166666666666667,0.7,,1|1|1|1,0.7166666666666667|1.0|0.7|0.7,,0.7598757655234476
stable porous MOFs for CO2 adsorption,49,TOPSIS,3,qmof-f343390,Co2C34H22N6O8,1.790740334,3.060735,0.7166666666666667,0.7,,0.7,1.0,0.7166666666666667,0.7,,1|1|1|1,0.7166666666666667|1.0|0.7|0.7,,0.7598757655234476
stable porous MOFs for CO2 adsorption,49,TOPSIS,4,qmof-f2d872e,Co2C36H40N8O12,1.334171796,3.378082,0.7166666666666667,0.7,,0.7,1.0,0.7166666666666667,0.7,,1|1|1|1,0.7166666666666667|1.0|0.7|0.7,,0.7598757655234476
stable porous MOFs for CO2 adsorption,49,TOPSIS,5,qmof-f0c9af4,Co2C50H38N10O12,1.607919854,2.642464,0.7166666666666667,0.7,,0.7,1.0,0.7166666666666667,0.7,,1|1|1|1,0.7166666666666667|1.0|0.7|0.7,,0.7598757655234476
stable porous MOFs for CO2 adsorption,49,WeightedSum,1,qmof-fd921b0,Co2C16H16N8O8,1.58214776,3.390441,0.7166666666666667,0.7,,0.7,1.0,0.7166666666666667,0.7,,1|1|1|1,0.7166666666666667|1.0|0.7|0.7,,0.7598757655234476
stable porous MOFs for CO2 adsorption,49,WeightedSum,2,qmof-f69d443,Co2C40H28N12O8,1.370451155,2.877886,0.7166666666666667,0.7,,0.7,1.0,0.7166666666666667,0.7,,1|1|1|1,0.7166666666666667|1.0|0.7|0.7,,0.7598757655234476
stable porous MOFs for CO2 adsorption,49,WeightedSum,3,qmof-f343390,Co2C34H22N6O8,1.790740334,3.060735,0.7166666666666667,0.7,,0.7,1.0,0.7166666666666667,0.7,,1|1|1|1,0.7166666666666667|1.0|0.7|0.7,,0.7598757655234476
stable porous MOFs for CO2 adsorption,49,WeightedSum,4,qmof-f2d872e,Co2C36H40N8O12,1.334171796,3.378082,0.7166666666666667,0.7,,0.7,1.0,0.7166666666666667,0.7,,1|1|1|1,0.7166666666666667|1.0|0.7|0.7,,0.7598757655234476
stable porous MOFs for CO2 adsorption,49,WeightedSum,5,qmof-f0c9af4,Co2C50H38N10O12,1.607919854,2.642464,0.7166666666666667,0.7,,0.7,1.0,0.7166666666666667,0.7,,1|1|1|1,0.7166666666666667|1.0|0.7|0.7,,0.7598757655234476
stable porous MOFs for CO2 adsorption,50,GAT only,1,qmof-fd921b0,Co2C16H16N8O8,1.58214776,3.390441,0.7166666666666667,0.7,,0.7,1.0,0.7166666666666667,0.7,,1|1|1|1,0.7166666666666667|1.0|0.7|0.7,,0.7598757655234476
stable porous MOFs for CO2 adsorption,50,GAT only,2,qmof-ec84fcf,Co2C20H16N28,1.767424228,2.596155,0.7166666666666667,0.7,,0.7,1.0,0.7166666666666667,0.7,,1|1|1|1,0.7166666666666667|1.0|0.7|0.7,,0.7598757655234476
stable porous MOFs for CO2 adsorption,50,GAT only,3,qmof-0ea1d91,Co2C16H12N8O4,1.78772833,3.489909,0.7166666666666667,0.7,,0.7,1.0,0.7166666666666667,0.7,,1|1|1|1,0.7166666666666667|1.0|0.7|0.7,,0.7598757655234476
stable porous MOFs for CO2 adsorption,50,GAT only,4,qmof-403e9cb,Co2C24H32N4O18,1.697328907,3.469655,0.7166666666666667,0.7,,0.7,1.0,0.7166666666666667,0.7,,1|1|1|1,0.7166666666666667|1.0|0.7|0.7,,0.7598757655234476
stable porous MOFs for CO2 adsorption,50,GAT only,5,qmof-71748b1,Co2C34H26N10O10S6,1.740750274,3.369053,0.7166666666666667,0.7,,0.7,1.0,0.7166666666666667,0.7,,1|1|1|1,0.7166666666666667|1.0|0.7|0.7,,0.7598757655234476
stable porous MOFs for CO2 adsorption,50,GraphSAGE only,1,qmof-ec84fcf,Co2C20H16N28,1.767424228,2.596155,0.7166666666666667,0.7,,0.7,1.0,0.7166666666666667,0.7,,1|1|1|1,0.7166666666666667|1.0|0.7|0.7,,0.7598757655234476
stable porous MOFs for CO2 adsorption,50,GraphSAGE only,2,qmof-fd921b0,Co2C16H16N8O8,1.58214776,3.390441,0.7166666666666667,0.7,,0.7,1.0,0.7166666666666667,0.7,,1|1|1|1,0.7166666666666667|1.0|0.7|0.7,,0.7598757655234476
stable porous MOFs for CO2 adsorption,50,GraphSAGE only,3,qmof-275dcce,Co2Nd2C32H32N20O12,1.787505544,2.684298,0.7166666666666667,0.7,,0.7,1.0,0.7166666666666667,0.7,,1|1|1|1,0.7166666666666667|1.0|0.7|0.7,,0.7598757655234476
stable porous MOFs for CO2 adsorption,50,GraphSAGE only,4,qmof-0ea1d91,Co2C16H12N8O4,1.78772833,3.489909,0.7166666666666667,0.7,,0.7,1.0,0.7166666666666667,0.7,,1|1|1|1,0.7166666666666667|1.0|0.7|0.7,,0.7598757655234476
stable porous MOFs for CO2 adsorption,50,GraphSAGE only,5,qmof-f69d443,Co2C40H28N12O8,1.370451155,2.877886,0.7166666666666667,0.7,,0.7,1.0,0.7166666666666667,0.7,,1|1|1|1,0.7166666666666667|1.0|0.7|0.7,,0.7598757655234476
stable porous MOFs for CO2 adsorption,50,LEA,1,qmof-f69d443,Co2C40H28N12O8,1.370451155,2.877886,0.7166666666666667,0.7,,0.7,1.0,0.7166666666666667,0.7,,1|1|1|1,0.7166666666666667|1.0|0.7|0.7,,0.8596077576279639
stable porous MOFs for CO2 adsorption,50,LEA,2,qmof-c1d4910,Ag2Co2C52H68N4O16,1.591390503,3.401985,0.7166666666666667,0.7,,0.7,1.0,0.7166666666666667,0.7,,1|1|1|1,0.7166666666666667|1.0|0.7|0.7,,0.8596077576279639
stable porous MOFs for CO2 adsorption,50,LEA,3,qmof-d976696,Co2C40H30N10O12S4,1.731777887,2.509891,0.7166666666666667,0.7,,0.7,1.0,0.7166666666666667,0.7,,1|1|1|1,0.7166666666666667|1.0|0.7|0.7,,0.8596077576279639
stable porous MOFs for CO2 adsorption,50,LEA,4,qmof-12ba7bc,Co2C46H28N8O12S4,1.708388658,3.142553,0.7166666666666667,0.7,,0.7,1.0,0.7166666666666667,0.7,,1|1|1|1,0.7166666666666667|1.0|0.7|0.7,,0.8596077576279639
stable porous MOFs for CO2 adsorption,50,LEA,5,qmof-71748b1,Co2C34H26N10O10S6,1.740750274,3.369053,0.7166666666666667,0.7,,0.7,1.0,0.7166666666666667,0.7,,1|1|1|1,0.7166666666666667|1.0|0.7|0.7,,0.8596077576279639
stable porous MOFs for CO2 adsorption,50,LEA no diversity,1,qmof-f69d443,Co2C40H28N12O8,1.370451155,2.877886,0.7166666666666667,0.7,,0.7,1.0,0.7166666666666667,0.7,,1|1|1|1,0.7166666666666667|1.0|0.7|0.7,,0.847107757627964
stable porous MOFs for CO2 adsorption,50,LEA no diversity,2,qmof-c1d4910,Ag2Co2C52H68N4O16,1.591390503,3.401985,0.7166666666666667,0.7,,0.7,1.0,0.7166666666666667,0.7,,1|1|1|1,0.7166666666666667|1.0|0.7|0.7,,0.847107757627964
stable porous MOFs for CO2 adsorption,50,LEA no diversity,3,qmof-d976696,Co2C40H30N10O12S4,1.731777887,2.509891,0.7166666666666667,0.7,,0.7,1.0,0.7166666666666667,0.7,,1|1|1|1,0.7166666666666667|1.0|0.7|0.7,,0.847107757627964
stable porous MOFs for CO2 adsorption,50,LEA no diversity,4,qmof-12ba7bc,Co2C46H28N8O12S4,1.708388658,3.142553,0.7166666666666667,0.7,,0.7,1.0,0.7166666666666667,0.7,,1|1|1|1,0.7166666666666667|1.0|0.7|0.7,,0.847107757627964
stable porous MOFs for CO2 adsorption,50,LEA no diversity,5,qmof-71748b1,Co2C34H26N10O10S6,1.740750274,3.369053,0.7166666666666667,0.7,,0.7,1.0,0.7166666666666667,0.7,,1|1|1|1,0.7166666666666667|1.0|0.7|0.7,,0.847107757627964
stable porous MOFs for CO2 adsorption,50,LEA no self-cleaning,1,qmof-f69d443,Co2C40H28N12O8,1.370451155,2.877886,0.7166666666666667,0.7,,0.7,1.0,0.7166666666666667,0.7,,1|1|1|1,0.7166666666666667|1.0|0.7|0.7,,0.8596077576279639
stable porous MOFs for CO2 adsorption,50,LEA no self-cleaning,2,qmof-c1d4910,Ag2Co2C52H68N4O16,1.591390503,3.401985,0.7166666666666667,0.7,,0.7,1.0,0.7166666666666667,0.7,,1|1|1|1,0.7166666666666667|1.0|0.7|0.7,,0.8596077576279639
stable porous MOFs for CO2 adsorption,50,LEA no self-cleaning,3,qmof-d976696,Co2C40H30N10O12S4,1.731777887,2.509891,0.7166666666666667,0.7,,0.7,1.0,0.7166666666666667,0.7,,1|1|1|1,0.7166666666666667|1.0|0.7|0.7,,0.8596077576279639
stable porous MOFs for CO2 adsorption,50,LEA no self-cleaning,4,qmof-12ba7bc,Co2C46H28N8O12S4,1.708388658,3.142553,0.7166666666666667,0.7,,0.7,1.0,0.7166666666666667,0.7,,1|1|1|1,0.7166666666666667|1.0|0.7|0.7,,0.8596077576279639
stable porous MOFs for CO2 adsorption,50,LEA no self-cleaning,5,qmof-71748b1,Co2C34H26N10O10S6,1.740750274,3.369053,0.7166666666666667,0.7,,0.7,1.0,0.7166666666666667,0.7,,1|1|1|1,0.7166666666666667|1.0|0.7|0.7,,0.8596077576279639
stable porous MOFs for CO2 adsorption,50,LEA + GAT,1,qmof-ec84fcf,Co2C20H16N28,1.767424228,2.596155,0.7166666666666667,0.7,,0.7,1.0,0.7166666666666667,0.7,,1|1|1|1,0.7166666666666667|1.0|0.7|0.7,,0.8048956781625748
stable porous MOFs for CO2 adsorption,50,LEA + GAT,2,qmof-0ea1d91,Co2C16H12N8O4,1.78772833,3.489909,0.7166666666666667,0.7,,0.7,1.0,0.7166666666666667,0.7,,1|1|1|1,0.7166666666666667|1.0|0.7|0.7,,0.8045060217380524
stable porous MOFs for CO2 adsorption,50,LEA + GAT,3,qmof-334586a,Co2C28H20N16S4,1.76521634,3.172952,0.7166666666666667,0.7,,0.7,1.0,0.7166666666666667,0.7,,1|1|1|1,0.7166666666666667|1.0|0.7|0.7,,0.7998268008232117
stable porous MOFs for CO2 adsorption,50,LEA + GAT,4,qmof-c0d0be0,Co2C28H20N4O12,1.717539182,3.369652,0.7166666666666667,0.7,,0.7,1.0,0.7166666666666667,0.7,,1|1|1|1,0.7166666666666667|1.0|0.7|0.7,,0.7991235226392746
stable porous MOFs for CO2 adsorption,50,LEA + GAT,5,qmof-9a1ecbc,Co2C28Cl4H24N8S6,1.797370089,3.409833,0.7166666666666667,0.7,,0.7,1.0,0.7166666666666667,0.7,,1|1|1|1,0.7166666666666667|1.0|0.7|0.7,,0.7990686014294625
stable porous MOFs for CO2 adsorption,50,LEA + GraphSAGE,1,qmof-ec84fcf,Co2C20H16N28,1.767424228,2.596155,0.7166666666666667,0.7,,0.7,1.0,0.7166666666666667,0.7,,1|1|1|1,0.7166666666666667|1.0|0.7|0.7,,0.7676090344786644
stable porous MOFs for CO2 adsorption,50,LEA + GraphSAGE,2,qmof-0ea1d91,Co2C16H12N8O4,1.78772833,3.489909,0.7166666666666667,0.7,,0.7,1.0,0.7166666666666667,0.7,,1|1|1|1,0.7166666666666667|1.0|0.7|0.7,,0.763170625269413
stable porous MOFs for CO2 adsorption,50,LEA + GraphSAGE,3,qmof-330a403,Co2C58F12H32N8O8S2,1.414912408,2.471348,0.7166666666666667,0.7,,0.7,1.0,0.7166666666666667,0.7,,1|1|1|1,0.7166666666666667|1.0|0.7|0.7,,0.7624587118625641
stable porous MOFs for CO2 adsorption,50,LEA + GraphSAGE,4,qmof-403e9cb,Co2C24H32N4O18,1.697328907,3.469655,0.7166666666666667,0.7,,0.7,1.0,0.7166666666666667,0.7,,1|1|1|1,0.7166666666666667|1.0|0.7|0.7,,0.7614970092196018
stable porous MOFs for CO2 adsorption,50,LEA + GraphSAGE,5,qmof-334586a,Co2C28H20N16S4,1.76521634,3.172952,0.7166666666666667,0.7,,0.7,1.0,0.7166666666666667,0.7,,1|1|1|1,0.7166666666666667|1.0|0.7|0.7,,0.761016596853733
stable porous MOFs for CO2 adsorption,50,MMR,1,qmof-50bd2e1,Co2C38H24N8O8,1.726229735,2.679862,0.7166666666666667,0.7,,0.7,1.0,0.7166666666666667,0.7,,1|1|1|1,0.7166666666666667|1.0|0.7|0.7,,0.7598757655234476
stable porous MOFs for CO2 adsorption,50,MMR,2,qmof-7a117a2,Co2C28H28N4O10S4,1.755126293,3.869165,0.7166666666666667,0.7,,0.7,0.5,0.7166666666666667,0.7,,1|1|1|1,0.7166666666666667|0.5|0.7|0.7,,0.6672850245975401
stable porous MOFs for CO2 adsorption,50,MMR,3,qmof-a5a6fa2,Co2C44H32N4O12,1.777795301,2.912484,0.7166666666666667,0.7,,0.7,1.0,0.7166666666666667,0.7,,1|1|1|1,0.7166666666666667|1.0|0.7|0.7,,0.7598757655234476
stable porous MOFs for CO2 adsorption,50,MMR,4,qmof-51d789e,Co2C16H24O12,1.634350468,3.034007,0.7166666666666667,0.7,,0.7,1.0,0.7166666666666667,0.7,,1|1|1|1,0.7166666666666667|1.0|0.7|0.7,,0.7598757655234476
stable porous MOFs for CO2 adsorption,50,MMR,5,qmof-334586a,Co2C28H20N16S4,1.76521634,3.172952,0.7166666666666667,0.7,,0.7,1.0,0.7166666666666667,0.7,,1|1|1|1,0.7166666666666667|1.0|0.7|0.7,,0.7598757655234476
stable porous MOFs for CO2 adsorption,50,ParetoCrowding,1,qmof-fd921b0,Co2C16H16N8O8,1.58214776,3.390441,0.7166666666666667,0.7,,0.7,1.0,0.7166666666666667,0.7,,1|1|1|1,0.7166666666666667|1.0|0.7|0.7,,0.7598757655234476
stable porous MOFs for CO2 adsorption,50,ParetoCrowding,2,qmof-f69d443,Co2C40H28N12O8,1.370451155,2.877886,0.7166666666666667,0.7,,0.7,1.0,0.7166666666666667,0.7,,1|1|1|1,0.7166666666666667|1.0|0.7|0.7,,0.7598757655234476
stable porous MOFs for CO2 adsorption,50,ParetoCrowding,3,qmof-f343390,Co2C34H22N6O8,1.790740334,3.060735,0.7166666666666667,0.7,,0.7,1.0,0.7166666666666667,0.7,,1|1|1|1,0.7166666666666667|1.0|0.7|0.7,,0.7598757655234476
stable porous MOFs for CO2 adsorption,50,ParetoCrowding,4,qmof-f2d872e,Co2C36H40N8O12,1.334171796,3.378082,0.7166666666666667,0.7,,0.7,1.0,0.7166666666666667,0.7,,1|1|1|1,0.7166666666666667|1.0|0.7|0.7,,0.7598757655234476
stable porous MOFs for CO2 adsorption,50,ParetoCrowding,5,qmof-f0c9af4,Co2C50H38N10O12,1.607919854,2.642464,0.7166666666666667,0.7,,0.7,1.0,0.7166666666666667,0.7,,1|1|1|1,0.7166666666666667|1.0|0.7|0.7,,0.7598757655234476
stable porous MOFs for CO2 adsorption,50,Random,1,qmof-3104826,Co2C42H32N4O8,1.533578262,2.712219,0.7166666666666667,0.7,,0.7,1.0,0.7166666666666667,0.7,,1|1|1|1,0.7166666666666667|1.0|0.7|0.7,,0.7598757655234476
stable porous MOFs for CO2 adsorption,50,Random,2,qmof-eb2e363,Co2C44H38N10O8,1.557914602,3.122668,0.7166666666666667,0.7,,0.7,1.0,0.7166666666666667,0.7,,1|1|1|1,0.7166666666666667|1.0|0.7|0.7,,0.7598757655234476
stable porous MOFs for CO2 adsorption,50,Random,3,qmof-2bd31fe,Co2C52H50N10O16,1.51385636,2.654597,0.7166666666666667,0.7,,0.7,1.0,0.7166666666666667,0.7,,1|1|1|1,0.7166666666666667|1.0|0.7|0.7,,0.7598757655234476
stable porous MOFs for CO2 adsorption,50,Random,4,qmof-d976696,Co2C40H30N10O12S4,1.731777887,2.509891,0.7166666666666667,0.7,,0.7,1.0,0.7166666666666667,0.7,,1|1|1|1,0.7166666666666667|1.0|0.7|0.7,,0.7598757655234476
stable porous MOFs for CO2 adsorption,50,Random,5,qmof-51d789e,Co2C16H24O12,1.634350468,3.034007,0.7166666666666667,0.7,,0.7,1.0,0.7166666666666667,0.7,,1|1|1|1,0.7166666666666667|1.0|0.7|0.7,,0.7598757655234476
stable porous MOFs for CO2 adsorption,50,SemanticOnly,1,qmof-fd921b0,Co2C16H16N8O8,1.58214776,3.390441,0.7166666666666667,0.7,,0.7,1.0,0.7166666666666667,0.7,,1|1|1|1,0.7166666666666667|1.0|0.7|0.7,,0.7598757655234476
stable porous MOFs for CO2 adsorption,50,SemanticOnly,2,qmof-f771839,Co2C38H40N8O8,1.401927433,4.295336,0.7166666666666667,0.7,,0.7,0.5,0.7166666666666667,0.7,,1|1|1|1,0.7166666666666667|0.5|0.7|0.7,,0.6672850245975401
stable porous MOFs for CO2 adsorption,50,SemanticOnly,3,qmof-f69d443,Co2C40H28N12O8,1.370451155,2.877886,0.7166666666666667,0.7,,0.7,1.0,0.7166666666666667,0.7,,1|1|1|1,0.7166666666666667|1.0|0.7|0.7,,0.7598757655234476
stable porous MOFs for CO2 adsorption,50,SemanticOnly,4,qmof-f47b0d0,Co2C20H16N20,1.747002045,4.598984,0.7166666666666667,0.7,,0.7,0.5,0.7166666666666667,0.7,,1|1|1|1,0.7166666666666667|0.5|0.7|0.7,,0.6672850245975401
stable porous MOFs for CO2 adsorption,50,SemanticOnly,5,qmof-f360972,Co2C18H28N4O12P4,1.787219535,3.915648,0.7166666666666667,0.7,,0.7,0.5,0.7166666666666667,0.7,,1|1|1|1,0.7166666666666667|0.5|0.7|0.7,,0.6672850245975401
stable porous MOFs for CO2 adsorption,50,TOPSIS,1,qmof-fd921b0,Co2C16H16N8O8,1.58214776,3.390441,0.7166666666666667,0.7,,0.7,1.0,0.7166666666666667,0.7,,1|1|1|1,0.7166666666666667|1.0|0.7|0.7,,0.7598757655234476
stable porous MOFs for CO2 adsorption,50,TOPSIS,2,qmof-f69d443,Co2C40H28N12O8,1.370451155,2.877886,0.7166666666666667,0.7,,0.7,1.0,0.7166666666666667,0.7,,1|1|1|1,0.7166666666666667|1.0|0.7|0.7,,0.7598757655234476
stable porous MOFs for CO2 adsorption,50,TOPSIS,3,qmof-f343390,Co2C34H22N6O8,1.790740334,3.060735,0.7166666666666667,0.7,,0.7,1.0,0.7166666666666667,0.7,,1|1|1|1,0.7166666666666667|1.0|0.7|0.7,,0.7598757655234476
stable porous MOFs for CO2 adsorption,50,TOPSIS,4,qmof-f2d872e,Co2C36H40N8O12,1.334171796,3.378082,0.7166666666666667,0.7,,0.7,1.0,0.7166666666666667,0.7,,1|1|1|1,0.7166666666666667|1.0|0.7|0.7,,0.7598757655234476
stable porous MOFs for CO2 adsorption,50,TOPSIS,5,qmof-f0c9af4,Co2C50H38N10O12,1.607919854,2.642464,0.7166666666666667,0.7,,0.7,1.0,0.7166666666666667,0.7,,1|1|1|1,0.7166666666666667|1.0|0.7|0.7,,0.7598757655234476
stable porous MOFs for CO2 adsorption,50,WeightedSum,1,qmof-fd921b0,Co2C16H16N8O8,1.58214776,3.390441,0.7166666666666667,0.7,,0.7,1.0,0.7166666666666667,0.7,,1|1|1|1,0.7166666666666667|1.0|0.7|0.7,,0.7598757655234476
stable porous MOFs for CO2 adsorption,50,WeightedSum,2,qmof-f69d443,Co2C40H28N12O8,1.370451155,2.877886,0.7166666666666667,0.7,,0.7,1.0,0.7166666666666667,0.7,,1|1|1|1,0.7166666666666667|1.0|0.7|0.7,,0.7598757655234476
stable porous MOFs for CO2 adsorption,50,WeightedSum,3,qmof-f343390,Co2C34H22N6O8,1.790740334,3.060735,0.7166666666666667,0.7,,0.7,1.0,0.7166666666666667,0.7,,1|1|1|1,0.7166666666666667|1.0|0.7|0.7,,0.7598757655234476
stable porous MOFs for CO2 adsorption,50,WeightedSum,4,qmof-f2d872e,Co2C36H40N8O12,1.334171796,3.378082,0.7166666666666667,0.7,,0.7,1.0,0.7166666666666667,0.7,,1|1|1|1,0.7166666666666667|1.0|0.7|0.7,,0.7598757655234476
stable porous MOFs for CO2 adsorption,50,WeightedSum,5,qmof-f0c9af4,Co2C50H38N10O12,1.607919854,2.642464,0.7166666666666667,0.7,,0.7,1.0,0.7166666666666667,0.7,,1|1|1|1,0.7166666666666667|1.0|0.7|0.7,,0.7598757655234476
stable porous MOFs for CO2 adsorption,51,GAT only,1,qmof-fd921b0,Co2C16H16N8O8,1.58214776,3.390441,0.7166666666666667,0.7,,0.7,1.0,0.7166666666666667,0.7,,1|1|1|1,0.7166666666666667|1.0|0.7|0.7,,0.7598757655234476
stable porous MOFs for CO2 adsorption,51,GAT only,2,qmof-ec84fcf,Co2C20H16N28,1.767424228,2.596155,0.7166666666666667,0.7,,0.7,1.0,0.7166666666666667,0.7,,1|1|1|1,0.7166666666666667|1.0|0.7|0.7,,0.7598757655234476
stable porous MOFs for CO2 adsorption,51,GAT only,3,qmof-0ea1d91,Co2C16H12N8O4,1.78772833,3.489909,0.7166666666666667,0.7,,0.7,1.0,0.7166666666666667,0.7,,1|1|1|1,0.7166666666666667|1.0|0.7|0.7,,0.7598757655234476
stable porous MOFs for CO2 adsorption,51,GAT only,4,qmof-403e9cb,Co2C24H32N4O18,1.697328907,3.469655,0.7166666666666667,0.7,,0.7,1.0,0.7166666666666667,0.7,,1|1|1|1,0.7166666666666667|1.0|0.7|0.7,,0.7598757655234476
stable porous MOFs for CO2 adsorption,51,GAT only,5,qmof-71748b1,Co2C34H26N10O10S6,1.740750274,3.369053,0.7166666666666667,0.7,,0.7,1.0,0.7166666666666667,0.7,,1|1|1|1,0.7166666666666667|1.0|0.7|0.7,,0.7598757655234476
stable porous MOFs for CO2 adsorption,51,GraphSAGE only,1,qmof-ec84fcf,Co2C20H16N28,1.767424228,2.596155,0.7166666666666667,0.7,,0.7,1.0,0.7166666666666667,0.7,,1|1|1|1,0.7166666666666667|1.0|0.7|0.7,,0.7598757655234476
stable porous MOFs for CO2 adsorption,51,GraphSAGE only,2,qmof-fd921b0,Co2C16H16N8O8,1.58214776,3.390441,0.7166666666666667,0.7,,0.7,1.0,0.7166666666666667,0.7,,1|1|1|1,0.7166666666666667|1.0|0.7|0.7,,0.7598757655234476
stable porous MOFs for CO2 adsorption,51,GraphSAGE only,3,qmof-275dcce,Co2Nd2C32H32N20O12,1.787505544,2.684298,0.7166666666666667,0.7,,0.7,1.0,0.7166666666666667,0.7,,1|1|1|1,0.7166666666666667|1.0|0.7|0.7,,0.7598757655234476
stable porous MOFs for CO2 adsorption,51,GraphSAGE only,4,qmof-0ea1d91,Co2C16H12N8O4,1.78772833,3.489909,0.7166666666666667,0.7,,0.7,1.0,0.7166666666666667,0.7,,1|1|1|1,0.7166666666666667|1.0|0.7|0.7,,0.7598757655234476
stable porous MOFs for CO2 adsorption,51,GraphSAGE only,5,qmof-f69d443,Co2C40H28N12O8,1.370451155,2.877886,0.7166666666666667,0.7,,0.7,1.0,0.7166666666666667,0.7,,1|1|1|1,0.7166666666666667|1.0|0.7|0.7,,0.7598757655234476
stable porous MOFs for CO2 adsorption,51,LEA,1,qmof-f2d872e,Co2C36H40N8O12,1.334171796,3.378082,0.7166666666666667,0.7,,0.7,1.0,0.7166666666666667,0.7,,1|1|1|1,0.7166666666666667|1.0|0.7|0.7,,0.8596077576279639
stable porous MOFs for CO2 adsorption,51,LEA,2,qmof-14eb177,Co2C44H36N8O8,1.411241713,3.496948,0.7166666666666667,0.7,,0.7,1.0,0.7166666666666667,0.7,,1|1|1|1,0.7166666666666667|1.0|0.7|0.7,,0.8596077576279639
stable porous MOFs for CO2 adsorption,51,LEA,3,qmof-38716ea,Co2C28H28N8O8,1.688881439,2.953484,0.7166666666666667,0.7,,0.7,1.0,0.7166666666666667,0.7,,1|1|1|1,0.7166666666666667|1.0|0.7|0.7,,0.8596077576279639
stable porous MOFs for CO2 adsorption,51,LEA,4,qmof-b78a98a,Co2C32H20N2O8,1.690505428,3.231363,0.7166666666666667,0.7,,0.7,1.0,0.7166666666666667,0.7,,1|1|1|1,0.7166666666666667|1.0|0.7|0.7,,0.8596077576279639
stable porous MOFs for CO2 adsorption,51,LEA,5,qmof-8bbce0c,Co2C48H32N12O12,1.614965635,2.64074,0.7166666666666667,0.7,,0.7,1.0,0.7166666666666667,0.7,,1|1|1|1,0.7166666666666667|1.0|0.7|0.7,,0.8596077576279639
stable porous MOFs for CO2 adsorption,51,LEA no diversity,1,qmof-f2d872e,Co2C36H40N8O12,1.334171796,3.378082,0.7166666666666667,0.7,,0.7,1.0,0.7166666666666667,0.7,,1|1|1|1,0.7166666666666667|1.0|0.7|0.7,,0.847107757627964
stable porous MOFs for CO2 adsorption,51,LEA no diversity,2,qmof-14eb177,Co2C44H36N8O8,1.411241713,3.496948,0.7166666666666667,0.7,,0.7,1.0,0.7166666666666667,0.7,,1|1|1|1,0.7166666666666667|1.0|0.7|0.7,,0.847107757627964
stable porous MOFs for CO2 adsorption,51,LEA no diversity,3,qmof-38716ea,Co2C28H28N8O8,1.688881439,2.953484,0.7166666666666667,0.7,,0.7,1.0,0.7166666666666667,0.7,,1|1|1|1,0.7166666666666667|1.0|0.7|0.7,,0.847107757627964
stable porous MOFs for CO2 adsorption,51,LEA no diversity,4,qmof-b78a98a,Co2C32H20N2O8,1.690505428,3.231363,0.7166666666666667,0.7,,0.7,1.0,0.7166666666666667,0.7,,1|1|1|1,0.7166666666666667|1.0|0.7|0.7,,0.847107757627964
stable porous MOFs for CO2 adsorption,51,LEA no diversity,5,qmof-8bbce0c,Co2C48H32N12O12,1.614965635,2.64074,0.7166666666666667,0.7,,0.7,1.0,0.7166666666666667,0.7,,1|1|1|1,0.7166666666666667|1.0|0.7|0.7,,0.847107757627964
stable porous MOFs for CO2 adsorption,51,LEA no self-cleaning,1,qmof-f2d872e,Co2C36H40N8O12,1.334171796,3.378082,0.7166666666666667,0.7,,0.7,1.0,0.7166666666666667,0.7,,1|1|1|1,0.7166666666666667|1.0|0.7|0.7,,0.8596077576279639
stable porous MOFs for CO2 adsorption,51,LEA no self-cleaning,2,qmof-14eb177,Co2C44H36N8O8,1.411241713,3.496948,0.7166666666666667,0.7,,0.7,1.0,0.7166666666666667,0.7,,1|1|1|1,0.7166666666666667|1.0|0.7|0.7,,0.8596077576279639
stable porous MOFs for CO2 adsorption,51,LEA no self-cleaning,3,qmof-38716ea,Co2C28H28N8O8,1.688881439,2.953484,0.7166666666666667,0.7,,0.7,1.0,0.7166666666666667,0.7,,1|1|1|1,0.7166666666666667|1.0|0.7|0.7,,0.8596077576279639
stable porous MOFs for CO2 adsorption,51,LEA no self-cleaning,4,qmof-b78a98a,Co2C32H20N2O8,1.690505428,3.231363,0.7166666666666667,0.7,,0.7,1.0,0.7166666666666667,0.7,,1|1|1|1,0.7166666666666667|1.0|0.7|0.7,,0.8596077576279639
stable porous MOFs for CO2 adsorption,51,LEA no self-cleaning,5,qmof-8bbce0c,Co2C48H32N12O12,1.614965635,2.64074,0.7166666666666667,0.7,,0.7,1.0,0.7166666666666667,0.7,,1|1|1|1,0.7166666666666667|1.0|0.7|0.7,,0.8596077576279639
stable porous MOFs for CO2 adsorption,51,LEA + GAT,1,qmof-fd921b0,Co2C16H16N8O8,1.58214776,3.390441,0.7166666666666667,0.7,,0.7,1.0,0.7166666666666667,0.7,,1|1|1|1,0.7166666666666667|1.0|0.7|0.7,,0.8078589275479316
stable porous MOFs for CO2 adsorption,51,LEA + GAT,2,qmof-ec84fcf,Co2C20H16N28,1.767424228,2.596155,0.7166666666666667,0.7,,0.7,1.0,0.7166666666666667,0.7,,1|1|1|1,0.7166666666666667|1.0|0.7|0.7,,0.8048956781625748
stable porous MOFs for CO2 adsorption,51,LEA + GAT,3,qmof-0ea1d91,Co2C16H12N8O4,1.78772833,3.489909,0.7166666666666667,0.7,,0.7,1.0,0.7166666666666667,0.7,,1|1|1|1,0.7166666666666667|1.0|0.7|0.7,,0.8045060217380524
stable porous MOFs for CO2 adsorption,51,LEA + GAT,4,qmof-e2b9aa4,Co2C38H26N10O8,1.656139225,3.431088,0.7166666666666667,0.7,,0.7,1.0,0.7166666666666667,0.7,,1|1|1|1,0.7166666666666667|1.0|0.7|0.7,,0.7989259282127023
stable porous MOFs for CO2 adsorption,51,LEA + GAT,5,qmof-d8703ab,Co2C24H24N8O8,1.778550968,3.365559,0.7166666666666667,0.7,,0.7,1.0,0.7166666666666667,0.7,,1|1|1|1,0.7166666666666667|1.0|0.7|0.7,,0.7983945980668068
stable porous MOFs for CO2 adsorption,51,LEA + GraphSAGE,1,qmof-ec84fcf,Co2C20H16N28,1.767424228,2.596155,0.7166666666666667,0.7,,0.7,1.0,0.7166666666666667,0.7,,1|1|1|1,0.7166666666666667|1.0|0.7|0.7,,0.7676090344786644
stable porous MOFs for CO2 adsorption,51,LEA + GraphSAGE,2,qmof-fd921b0,Co2C16H16N8O8,1.58214776,3.390441,0.7166666666666667,0.7,,0.7,1.0,0.7166666666666667,0.7,,1|1|1|1,0.7166666666666667|1.0|0.7|0.7,,0.76661696434021
stable porous MOFs for CO2 adsorption,51,LEA + GraphSAGE,3,qmof-0ea1d91,Co2C16H12N8O4,1.78772833,3.489909,0.7166666666666667,0.7,,0.7,1.0,0.7166666666666667,0.7,,1|1|1|1,0.7166666666666667|1.0|0.7|0.7,,0.763170625269413
stable porous MOFs for CO2 adsorption,51,LEA + GraphSAGE,4,qmof-f69d443,Co2C40H28N12O8,1.370451155,2.877886,0.7166666666666667,0.7,,0.7,1.0,0.7166666666666667,0.7,,1|1|1|1,0.7166666666666667|1.0|0.7|0.7,,0.7627351641654968
stable porous MOFs for CO2 adsorption,51,LEA + GraphSAGE,5,qmof-334586a,Co2C28H20N16S4,1.76521634,3.172952,0.7166666666666667,0.7,,0.7,1.0,0.7166666666666667,0.7,,1|1|1|1,0.7166666666666667|1.0|0.7|0.7,,0.7618255264125764
stable porous MOFs for CO2 adsorption,51,MMR,1,qmof-92f3405,Co2C32H34N4O8,1.507459004,3.41823,0.7166666666666667,0.7,,0.7,1.0,0.7166666666666667,0.7,,1|1|1|1,0.7166666666666667|1.0|0.7|0.7,,0.7598757655234476
stable porous MOFs for CO2 adsorption,51,MMR,2,qmof-c49d30b,Co2C36H28N24,1.711108729,4.041136,0.7166666666666667,0.7,,0.7,0.5,0.7166666666666667,0.7,,1|1|1|1,0.7166666666666667|0.5|0.7|0.7,,0.6672850245975401
stable porous MOFs for CO2 adsorption,51,MMR,3,qmof-2f1a847,Co2C66H48N4O12,1.563157733,3.171648,0.7166666666666667,0.7,,0.7,1.0,0.7166666666666667,0.7,,1|1|1|1,0.7166666666666667|1.0|0.7|0.7,,0.7598757655234476
stable porous MOFs for CO2 adsorption,51,MMR,4,qmof-6a9204c,Co2C40Cl4H28N4O8,1.759352827,3.097808,0.7166666666666667,0.7,,0.7,1.0,0.7166666666666667,0.7,,1|1|1|1,0.7166666666666667|1.0|0.7|0.7,,0.7598757655234476
stable porous MOFs for CO2 adsorption,51,MMR,5,qmof-99810c8,Co2C46H34N4O14,1.652544913,2.887718,0.7166666666666667,0.7,,0.7,1.0,0.7166666666666667,0.7,,1|1|1|1,0.7166666666666667|1.0|0.7|0.7,,0.7598757655234476
stable porous MOFs for CO2 adsorption,51,ParetoCrowding,1,qmof-fd921b0,Co2C16H16N8O8,1.58214776,3.390441,0.7166666666666667,0.7,,0.7,1.0,0.7166666666666667,0.7,,1|1|1|1,0.7166666666666667|1.0|0.7|0.7,,0.7598757655234476
stable porous MOFs for CO2 adsorption,51,ParetoCrowding,2,qmof-f69d443,Co2C40H28N12O8,1.370451155,2.877886,0.7166666666666667,0.7,,0.7,1.0,0.7166666666666667,0.7,,1|1|1|1,0.7166666666666667|1.0|0.7|0.7,,0.7598757655234476
stable porous MOFs for CO2 adsorption,51,ParetoCrowding,3,qmof-f343390,Co2C34H22N6O8,1.790740334,3.060735,0.7166666666666667,0.7,,0.7,1.0,0.7166666666666667,0.7,,1|1|1|1,0.7166666666666667|1.0|0.7|0.7,,0.7598757655234476
stable porous MOFs for CO2 adsorption,51,ParetoCrowding,4,qmof-f2d872e,Co2C36H40N8O12,1.334171796,3.378082,0.7166666666666667,0.7,,0.7,1.0,0.7166666666666667,0.7,,1|1|1|1,0.7166666666666667|1.0|0.7|0.7,,0.7598757655234476
stable porous MOFs for CO2 adsorption,51,ParetoCrowding,5,qmof-f0c9af4,Co2C50H38N10O12,1.607919854,2.642464,0.7166666666666667,0.7,,0.7,1.0,0.7166666666666667,0.7,,1|1|1|1,0.7166666666666667|1.0|0.7|0.7,,0.7598757655234476
stable porous MOFs for CO2 adsorption,51,Random,1,qmof-334586a,Co2C28H20N16S4,1.76521634,3.172952,0.7166666666666667,0.7,,0.7,1.0,0.7166666666666667,0.7,,1|1|1|1,0.7166666666666667|1.0|0.7|0.7,,0.7598757655234476
stable porous MOFs for CO2 adsorption,51,Random,2,qmof-6a9204c,Co2C40Cl4H28N4O8,1.759352827,3.097808,0.7166666666666667,0.7,,0.7,1.0,0.7166666666666667,0.7,,1|1|1|1,0.7166666666666667|1.0|0.7|0.7,,0.7598757655234476
stable porous MOFs for CO2 adsorption,51,Random,3,qmof-c0d0be0,Co2C28H20N4O12,1.717539182,3.369652,0.7166666666666667,0.7,,0.7,1.0,0.7166666666666667,0.7,,1|1|1|1,0.7166666666666667|1.0|0.7|0.7,,0.7598757655234476
stable porous MOFs for CO2 adsorption,51,Random,4,qmof-cd0f2d8,Co2C34H38N10O8,1.672342395,3.562051,0.7166666666666667,0.7,,0.7,0.5,0.7166666666666667,0.7,,1|1|1|1,0.7166666666666667|0.5|0.7|0.7,,0.6672850245975401
stable porous MOFs for CO2 adsorption,51,Random,5,qmof-72d8647,Co2C32H24N16O4,1.607043127,3.596613,0.7166666666666667,0.7,,0.7,0.5,0.7166666666666667,0.7,,1|1|1|1,0.7166666666666667|0.5|0.7|0.7,,0.6672850245975401
stable porous MOFs for CO2 adsorption,51,SemanticOnly,1,qmof-fe6f735,Co2C58H64N8O12,1.418878739,4.292873,0.7166666666666667,0.7,,0.7,0.5,0.7166666666666667,0.7,,1|1|1|1,0.7166666666666667|0.5|0.7|0.7,,0.6672850245975401
stable porous MOFs for CO2 adsorption,51,SemanticOnly,2,qmof-fd921b0,Co2C16H16N8O8,1.58214776,3.390441,0.7166666666666667,0.7,,0.7,1.0,0.7166666666666667,0.7,,1|1|1|1,0.7166666666666667|1.0|0.7|0.7,,0.7598757655234476
stable porous MOFs for CO2 adsorption,51,SemanticOnly,3,qmof-f69d443,Co2C40H28N12O8,1.370451155,2.877886,0.7166666666666667,0.7,,0.7,1.0,0.7166666666666667,0.7,,1|1|1|1,0.7166666666666667|1.0|0.7|0.7,,0.7598757655234476
stable porous MOFs for CO2 adsorption,51,SemanticOnly,4,qmof-f343390,Co2C34H22N6O8,1.790740334,3.060735,0.7166666666666667,0.7,,0.7,1.0,0.7166666666666667,0.7,,1|1|1|1,0.7166666666666667|1.0|0.7|0.7,,0.7598757655234476
stable porous MOFs for CO2 adsorption,51,SemanticOnly,5,qmof-f2d872e,Co2C36H40N8O12,1.334171796,3.378082,0.7166666666666667,0.7,,0.7,1.0,0.7166666666666667,0.7,,1|1|1|1,0.7166666666666667|1.0|0.7|0.7,,0.7598757655234476
stable porous MOFs for CO2 adsorption,51,TOPSIS,1,qmof-fd921b0,Co2C16H16N8O8,1.58214776,3.390441,0.7166666666666667,0.7,,0.7,1.0,0.7166666666666667,0.7,,1|1|1|1,0.7166666666666667|1.0|0.7|0.7,,0.7598757655234476
stable porous MOFs for CO2 adsorption,51,TOPSIS,2,qmof-f69d443,Co2C40H28N12O8,1.370451155,2.877886,0.7166666666666667,0.7,,0.7,1.0,0.7166666666666667,0.7,,1|1|1|1,0.7166666666666667|1.0|0.7|0.7,,0.7598757655234476
stable porous MOFs for CO2 adsorption,51,TOPSIS,3,qmof-f343390,Co2C34H22N6O8,1.790740334,3.060735,0.7166666666666667,0.7,,0.7,1.0,0.7166666666666667,0.7,,1|1|1|1,0.7166666666666667|1.0|0.7|0.7,,0.7598757655234476
stable porous MOFs for CO2 adsorption,51,TOPSIS,4,qmof-f2d872e,Co2C36H40N8O12,1.334171796,3.378082,0.7166666666666667,0.7,,0.7,1.0,0.7166666666666667,0.7,,1|1|1|1,0.7166666666666667|1.0|0.7|0.7,,0.7598757655234476
stable porous MOFs for CO2 adsorption,51,TOPSIS,5,qmof-f0c9af4,Co2C50H38N10O12,1.607919854,2.642464,0.7166666666666667,0.7,,0.7,1.0,0.7166666666666667,0.7,,1|1|1|1,0.7166666666666667|1.0|0.7|0.7,,0.7598757655234476
stable porous MOFs for CO2 adsorption,51,WeightedSum,1,qmof-fd921b0,Co2C16H16N8O8,1.58214776,3.390441,0.7166666666666667,0.7,,0.7,1.0,0.7166666666666667,0.7,,1|1|1|1,0.7166666666666667|1.0|0.7|0.7,,0.7598757655234476
stable porous MOFs for CO2 adsorption,51,WeightedSum,2,qmof-f69d443,Co2C40H28N12O8,1.370451155,2.877886,0.7166666666666667,0.7,,0.7,1.0,0.7166666666666667,0.7,,1|1|1|1,0.7166666666666667|1.0|0.7|0.7,,0.7598757655234476
stable porous MOFs for CO2 adsorption,51,WeightedSum,3,qmof-f343390,Co2C34H22N6O8,1.790740334,3.060735,0.7166666666666667,0.7,,0.7,1.0,0.7166666666666667,0.7,,1|1|1|1,0.7166666666666667|1.0|0.7|0.7,,0.7598757655234476
stable porous MOFs for CO2 adsorption,51,WeightedSum,4,qmof-f2d872e,Co2C36H40N8O12,1.334171796,3.378082,0.7166666666666667,0.7,,0.7,1.0,0.7166666666666667,0.7,,1|1|1|1,0.7166666666666667|1.0|0.7|0.7,,0.7598757655234476
stable porous MOFs for CO2 adsorption,51,WeightedSum,5,qmof-f0c9af4,Co2C50H38N10O12,1.607919854,2.642464,0.7166666666666667,0.7,,0.7,1.0,0.7166666666666667,0.7,,1|1|1|1,0.7166666666666667|1.0|0.7|0.7,,0.7598757655234476
photocatalytic MOFs with suitable band gaps,42,GAT only,1,qmof-13a76dd,Zn4C40H28N12O8,0.982716063,3.309168,0.6433333333333333,1.0,,1.0,1.0,0.6433333333333333,1.0,,1|1|1|1,0.6433333333333333|1.0|1.0|1.0,,0.8751665499999999
photocatalytic MOFs with suitable band gaps,42,GAT only,2,qmof-e566fbb,Zn2C36H22N6O8,0.83426434,2.93315,0.6433333333333333,1.0,,1.0,1.0,0.6433333333333333,1.0,,1|1|1|1,0.6433333333333333|1.0|1.0|1.0,,0.8751665499999999
photocatalytic MOFs with suitable band gaps,42,GAT only,3,qmof-cef46c3,Zn2C48H32N8O8,0.7895211,2.913296,0.6433333333333333,1.0,,1.0,1.0,0.6433333333333333,1.0,,1|1|1|1,0.6433333333333333|1.0|1.0|1.0,,0.8751665499999999
photocatalytic MOFs with suitable band gaps,42,GAT only,4,qmof-c0f392b,Zn2C44H38N6O12,0.915527725,2.464185,0.6433333333333333,1.0,,1.0,1.0,0.6433333333333333,1.0,,1|1|1|1,0.6433333333333333|1.0|1.0|1.0,,0.8751665499999999
photocatalytic MOFs with suitable band gaps,42,GAT only,5,qmof-ac6a77a,Zn4C76H44N8O16,0.82887956,2.401359,0.6433333333333333,1.0,,1.0,1.0,0.6433333333333333,1.0,,1|1|1|1,0.6433333333333333|1.0|1.0|1.0,,0.8751665499999999
photocatalytic MOFs with suitable band gaps,42,GraphSAGE only,1,qmof-13a76dd,Zn4C40H28N12O8,0.982716063,3.309168,0.6433333333333333,1.0,,1.0,1.0,0.6433333333333333,1.0,,1|1|1|1,0.6433333333333333|1.0|1.0|1.0,,0.8751665499999999
photocatalytic MOFs with suitable band gaps,42,GraphSAGE only,2,qmof-e566fbb,Zn2C36H22N6O8,0.83426434,2.93315,0.6433333333333333,1.0,,1.0,1.0,0.6433333333333333,1.0,,1|1|1|1,0.6433333333333333|1.0|1.0|1.0,,0.8751665499999999
photocatalytic MOFs with suitable band gaps,42,GraphSAGE only,3,qmof-ac6a77a,Zn4C76H44N8O16,0.82887956,2.401359,0.6433333333333333,1.0,,1.0,1.0,0.6433333333333333,1.0,,1|1|1|1,0.6433333333333333|1.0|1.0|1.0,,0.8751665499999999
photocatalytic MOFs with suitable band gaps,42,GraphSAGE only,4,qmof-cef46c3,Zn2C48H32N8O8,0.7895211,2.913296,0.6433333333333333,1.0,,1.0,1.0,0.6433333333333333,1.0,,1|1|1|1,0.6433333333333333|1.0|1.0|1.0,,0.8751665499999999
photocatalytic MOFs with suitable band gaps,42,GraphSAGE only,5,qmof-c0f392b,Zn2C44H38N6O12,0.915527725,2.464185,0.6433333333333333,1.0,,1.0,1.0,0.6433333333333333,1.0,,1|1|1|1,0.6433333333333333|1.0|1.0|1.0,,0.8751665499999999
photocatalytic MOFs with suitable band gaps,42,LEA,1,qmof-ac6a77a,Zn4C76H44N8O16,0.82887956,2.401359,0.6433333333333333,1.0,,1.0,1.0,0.6433333333333333,1.0,,1|1|1|1,0.6433333333333333|1.0|1.0|1.0,,0.9703290045261384
photocatalytic MOFs with suitable band gaps,42,LEA,2,qmof-c0f392b,Zn2C44H38N6O12,0.915527725,2.464185,0.6433333333333333,1.0,,1.0,1.0,0.6433333333333333,1.0,,1|1|1|1,0.6433333333333333|1.0|1.0|1.0,,0.9703290045261384
photocatalytic MOFs with suitable band gaps,42,LEA,3,qmof-cef46c3,Zn2C48H32N8O8,0.7895211,2.913296,0.6433333333333333,1.0,,1.0,1.0,0.6433333333333333,1.0,,1|1|1|1,0.6433333333333333|1.0|1.0|1.0,,0.9703290045261384
photocatalytic MOFs with suitable band gaps,42,LEA,4,qmof-e566fbb,Zn2C36H22N6O8,0.83426434,2.93315,0.6433333333333333,1.0,,1.0,1.0,0.6433333333333333,1.0,,1|1|1|1,0.6433333333333333|1.0|1.0|1.0,,0.9703290045261384
photocatalytic MOFs with suitable band gaps,42,LEA,5,qmof-13a76dd,Zn4C40H28N12O8,0.982716063,3.309168,0.6433333333333333,1.0,,1.0,1.0,0.6433333333333333,1.0,,1|1|1|1,0.6433333333333333|1.0|1.0|1.0,,0.9597224026918412
photocatalytic MOFs with suitable band gaps,42,LEA no diversity,1,qmof-ac6a77a,Zn4C76H44N8O16,0.82887956,2.401359,0.6433333333333333,1.0,,1.0,1.0,0.6433333333333333,1.0,,1|1|1|1,0.6433333333333333|1.0|1.0|1.0,,0.9597224026918412
photocatalytic MOFs with suitable band gaps,42,LEA no diversity,2,qmof-c0f392b,Zn2C44H38N6O12,0.915527725,2.464185,0.6433333333333333,1.0,,1.0,1.0,0.6433333333333333,1.0,,1|1|1|1,0.6433333333333333|1.0|1.0|1.0,,0.9597224026918412
photocatalytic MOFs with suitable band gaps,42,LEA no diversity,3,qmof-cef46c3,Zn2C48H32N8O8,0.7895211,2.913296,0.6433333333333333,1.0,,1.0,1.0,0.6433333333333333,1.0,,1|1|1|1,0.6433333333333333|1.0|1.0|1.0,,0.9597224026918412
photocatalytic MOFs with suitable band gaps,42,LEA no diversity,4,qmof-e566fbb,Zn2C36H22N6O8,0.83426434,2.93315,0.6433333333333333,1.0,,1.0,1.0,0.6433333333333333,1.0,,1|1|1|1,0.6433333333333333|1.0|1.0|1.0,,0.9597224026918412
photocatalytic MOFs with suitable band gaps,42,LEA no diversity,5,qmof-13a76dd,Zn4C40H28N12O8,0.982716063,3.309168,0.6433333333333333,1.0,,1.0,1.0,0.6433333333333333,1.0,,1|1|1|1,0.6433333333333333|1.0|1.0|1.0,,0.9597224026918412
photocatalytic MOFs with suitable band gaps,42,LEA no self-cleaning,1,qmof-ac6a77a,Zn4C76H44N8O16,0.82887956,2.401359,0.6433333333333333,1.0,,1.0,1.0,0.6433333333333333,1.0,,1|1|1|1,0.6433333333333333|1.0|1.0|1.0,,0.9703290045261384
photocatalytic MOFs with suitable band gaps,42,LEA no self-cleaning,2,qmof-c0f392b,Zn2C44H38N6O12,0.915527725,2.464185,0.6433333333333333,1.0,,1.0,1.0,0.6433333333333333,1.0,,1|1|1|1,0.6433333333333333|1.0|1.0|1.0,,0.9703290045261384
photocatalytic MOFs with suitable band gaps,42,LEA no self-cleaning,3,qmof-cef46c3,Zn2C48H32N8O8,0.7895211,2.913296,0.6433333333333333,1.0,,1.0,1.0,0.6433333333333333,1.0,,1|1|1|1,0.6433333333333333|1.0|1.0|1.0,,0.9703290045261384
photocatalytic MOFs with suitable band gaps,42,LEA no self-cleaning,4,qmof-e566fbb,Zn2C36H22N6O8,0.83426434,2.93315,0.6433333333333333,1.0,,1.0,1.0,0.6433333333333333,1.0,,1|1|1|1,0.6433333333333333|1.0|1.0|1.0,,0.9703290045261384
photocatalytic MOFs with suitable band gaps,42,LEA no self-cleaning,5,qmof-13a76dd,Zn4C40H28N12O8,0.982716063,3.309168,0.6433333333333333,1.0,,1.0,1.0,0.6433333333333333,1.0,,1|1|1|1,0.6433333333333333|1.0|1.0|1.0,,0.9597224026918412
photocatalytic MOFs with suitable band gaps,42,LEA + GAT,1,qmof-13a76dd,Zn4C40H28N12O8,0.982716063,3.309168,0.6433333333333333,1.0,,1.0,1.0,0.6433333333333333,1.0,,1|1|1|1,0.6433333333333333|1.0|1.0|1.0,,0.898240116238594
photocatalytic MOFs with suitable band gaps,42,LEA + GAT,2,qmof-e566fbb,Zn2C36H22N6O8,0.83426434,2.93315,0.6433333333333333,1.0,,1.0,1.0,0.6433333333333333,1.0,,1|1|1|1,0.6433333333333333|1.0|1.0|1.0,,0.8921995639801026
photocatalytic MOFs with suitable band gaps,42,LEA + GAT,3,qmof-cef46c3,Zn2C48H32N8O8,0.7895211,2.913296,0.6433333333333333,1.0,,1.0,1.0,0.6433333333333333,1.0,,1|1|1|1,0.6433333333333333|1.0|1.0|1.0,,0.8898313075304032
photocatalytic MOFs with suitable band gaps,42,LEA + GAT,4,qmof-c0f392b,Zn2C44H38N6O12,0.915527725,2.464185,0.6433333333333333,1.0,,1.0,1.0,0.6433333333333333,1.0,,1|1|1|1,0.6433333333333333|1.0|1.0|1.0,,0.8845047548413276
photocatalytic MOFs with suitable band gaps,42,LEA + GAT,5,qmof-ac6a77a,Zn4C76H44N8O16,0.82887956,2.401359,0.6433333333333333,1.0,,1.0,1.0,0.6433333333333333,1.0,,1|1|1|1,0.6433333333333333|1.0|1.0|1.0,,0.8842393606901169
photocatalytic MOFs with suitable band gaps,42,LEA + GraphSAGE,1,qmof-13a76dd,Zn4C40H28N12O8,0.982716063,3.309168,0.6433333333333333,1.0,,1.0,1.0,0.6433333333333333,1.0,,1|1|1|1,0.6433333333333333|1.0|1.0|1.0,,0.8628705084323883
photocatalytic MOFs with suitable band gaps,42,LEA + GraphSAGE,2,qmof-e566fbb,Zn2C36H22N6O8,0.83426434,2.93315,0.6433333333333333,1.0,,1.0,1.0,0.6433333333333333,1.0,,1|1|1|1,0.6433333333333333|1.0|1.0|1.0,,0.8614974915981293
photocatalytic MOFs with suitable band gaps,42,LEA + GraphSAGE,3,qmof-ac6a77a,Zn4C76H44N8O16,0.82887956,2.401359,0.6433333333333333,1.0,,1.0,1.0,0.6433333333333333,1.0,,1|1|1|1,0.6433333333333333|1.0|1.0|1.0,,0.8603233605623245
photocatalytic MOFs with suitable band gaps,42,LEA + GraphSAGE,4,qmof-cef46c3,Zn2C48H32N8O8,0.7895211,2.913296,0.6433333333333333,1.0,,1.0,1.0,0.6433333333333333,1.0,,1|1|1|1,0.6433333333333333|1.0|1.0|1.0,,0.8600636690855026
photocatalytic MOFs with suitable band gaps,42,LEA + GraphSAGE,5,qmof-c0f392b,Zn2C44H38N6O12,0.915527725,2.464185,0.6433333333333333,1.0,,1.0,1.0,0.6433333333333333,1.0,,1|1|1|1,0.6433333333333333|1.0|1.0|1.0,,0.858823013305664
photocatalytic MOFs with suitable band gaps,42,MMR,1,qmof-13a76dd,Zn4C40H28N12O8,0.982716063,3.309168,0.6433333333333333,1.0,,1.0,1.0,0.6433333333333333,1.0,,1|1|1|1,0.6433333333333333|1.0|1.0|1.0,,0.8751665499999999
photocatalytic MOFs with suitable band gaps,42,MMR,2,qmof-e566fbb,Zn2C36H22N6O8,0.83426434,2.93315,0.6433333333333333,1.0,,1.0,1.0,0.6433333333333333,1.0,,1|1|1|1,0.6433333333333333|1.0|1.0|1.0,,0.8751665499999999
photocatalytic MOFs with suitable band gaps,42,MMR,3,qmof-cef46c3,Zn2C48H32N8O8,0.7895211,2.913296,0.6433333333333333,1.0,,1.0,1.0,0.6433333333333333,1.0,,1|1|1|1,0.6433333333333333|1.0|1.0|1.0,,0.8751665499999999
photocatalytic MOFs with suitable band gaps,42,MMR,4,qmof-c0f392b,Zn2C44H38N6O12,0.915527725,2.464185,0.6433333333333333,1.0,,1.0,1.0,0.6433333333333333,1.0,,1|1|1|1,0.6433333333333333|1.0|1.0|1.0,,0.8751665499999999
photocatalytic MOFs with suitable band gaps,42,MMR,5,qmof-ac6a77a,Zn4C76H44N8O16,0.82887956,2.401359,0.6433333333333333,1.0,,1.0,1.0,0.6433333333333333,1.0,,1|1|1|1,0.6433333333333333|1.0|1.0|1.0,,0.8751665499999999
photocatalytic MOFs with suitable band gaps,42,ParetoCrowding,1,qmof-e566fbb,Zn2C36H22N6O8,0.83426434,2.93315,0.6433333333333333,1.0,,1.0,1.0,0.6433333333333333,1.0,,1|1|1|1,0.6433333333333333|1.0|1.0|1.0,,0.8751665499999999
photocatalytic MOFs with suitable band gaps,42,ParetoCrowding,2,qmof-cef46c3,Zn2C48H32N8O8,0.7895211,2.913296,0.6433333333333333,1.0,,1.0,1.0,0.6433333333333333,1.0,,1|1|1|1,0.6433333333333333|1.0|1.0|1.0,,0.8751665499999999
photocatalytic MOFs with suitable band gaps,42,ParetoCrowding,3,qmof-c0f392b,Zn2C44H38N6O12,0.915527725,2.464185,0.6433333333333333,1.0,,1.0,1.0,0.6433333333333333,1.0,,1|1|1|1,0.6433333333333333|1.0|1.0|1.0,,0.8751665499999999
photocatalytic MOFs with suitable band gaps,42,ParetoCrowding,4,qmof-ac6a77a,Zn4C76H44N8O16,0.82887956,2.401359,0.6433333333333333,1.0,,1.0,1.0,0.6433333333333333,1.0,,1|1|1|1,0.6433333333333333|1.0|1.0|1.0,,0.8751665499999999
photocatalytic MOFs with suitable band gaps,42,ParetoCrowding,5,qmof-13a76dd,Zn4C40H28N12O8,0.982716063,3.309168,0.6433333333333333,1.0,,1.0,1.0,0.6433333333333333,1.0,,1|1|1|1,0.6433333333333333|1.0|1.0|1.0,,0.8751665499999999
photocatalytic MOFs with suitable band gaps,42,Random,1,qmof-b0aae08,Cu2C30H30I2N12S6,1.958150027,2.820553,0.6433333333333333,0.7,,0.7,1.0,0.6433333333333333,0.7,,1|1|1|1,0.6433333333333333|1.0|0.7|0.7,,0.75516655
photocatalytic MOFs with suitable band gaps,42,Random,2,qmof-1e80f26,Cd2C68H52N8O8,1.440411124,3.488716,0.6433333333333333,0.7,,0.7,1.0,0.6433333333333333,0.7,,1|1|1|1,0.6433333333333333|1.0|0.7|0.7,,0.75516655
photocatalytic MOFs with suitable band gaps,42,Random,3,qmof-b792eba,CdC46H42N8O6S2,1.497328152,2.985777,0.6433333333333333,0.7,,0.7,1.0,0.6433333333333333,0.7,,1|1|1|1,0.6433333333333333|1.0|0.7|0.7,,0.75516655
photocatalytic MOFs with suitable band gaps,42,Random,4,qmof-6417424,Cu2C22Cl4H20N4S4,1.061456028,2.876975,0.6433333333333333,0.7,,0.7,1.0,0.6433333333333333,0.7,,1|1|1|1,0.6433333333333333|1.0|0.7|0.7,,0.75516655
photocatalytic MOFs with suitable band gaps,42,Random,5,qmof-c998a82,Cd2C38H30N4O12,1.84530304,3.20983,0.6433333333333333,0.7,,0.7,1.0,0.6433333333333333,0.7,,1|1|1|1,0.6433333333333333|1.0|0.7|0.7,,0.75516655
photocatalytic MOFs with suitable band gaps,42,SemanticOnly,1,qmof-fe36449,Cu2C22H26N10O8,1.768423472,2.781366,0.6433333333333333,0.7,,0.7,1.0,0.6433333333333333,0.7,,1|1|1|1,0.6433333333333333|1.0|0.7|0.7,,0.75516655
photocatalytic MOFs with suitable band gaps,42,SemanticOnly,2,qmof-fda4509,Cu2C28H20N20,1.778171248,2.658678,0.6433333333333333,0.7,,0.7,1.0,0.6433333333333333,0.7,,1|1|1|1,0.6433333333333333|1.0|0.7|0.7,,0.75516655
photocatalytic MOFs with suitable band gaps,42,SemanticOnly,3,qmof-fbc9303,Zn2C44H36N8O12,1.29968722,1.5071,0.6433333333333333,0.7,,0.7,1.0,0.6433333333333333,0.7,,1|1|1|1,0.6433333333333333|1.0|0.7|0.7,,0.75516655
photocatalytic MOFs with suitable band gaps,42,SemanticOnly,4,qmof-f6f5670,Cd2C64H56N8O16,1.453222864,3.228261,0.6433333333333333,0.7,,0.7,1.0,0.6433333333333333,0.7,,1|1|1|1,0.6433333333333333|1.0|0.7|0.7,,0.75516655
photocatalytic MOFs with suitable band gaps,42,SemanticOnly,5,qmof-f5690c7,CdC20H20N2O8,1.825067689,2.694597,0.6433333333333333,0.7,,0.7,1.0,0.6433333333333333,0.7,,1|1|1|1,0.6433333333333333|1.0|0.7|0.7,,0.75516655
photocatalytic MOFs with suitable band gaps,42,TOPSIS,1,qmof-e566fbb,Zn2C36H22N6O8,0.83426434,2.93315,0.6433333333333333,1.0,,1.0,1.0,0.6433333333333333,1.0,,1|1|1|1,0.6433333333333333|1.0|1.0|1.0,,0.8751665499999999
photocatalytic MOFs with suitable band gaps,42,TOPSIS,2,qmof-cef46c3,Zn2C48H32N8O8,0.7895211,2.913296,0.6433333333333333,1.0,,1.0,1.0,0.6433333333333333,1.0,,1|1|1|1,0.6433333333333333|1.0|1.0|1.0,,0.8751665499999999
photocatalytic MOFs with suitable band gaps,42,TOPSIS,3,qmof-c0f392b,Zn2C44H38N6O12,0.915527725,2.464185,0.6433333333333333,1.0,,1.0,1.0,0.6433333333333333,1.0,,1|1|1|1,0.6433333333333333|1.0|1.0|1.0,,0.8751665499999999
photocatalytic MOFs with suitable band gaps,42,TOPSIS,4,qmof-ac6a77a,Zn4C76H44N8O16,0.82887956,2.401359,0.6433333333333333,1.0,,1.0,1.0,0.6433333333333333,1.0,,1|1|1|1,0.6433333333333333|1.0|1.0|1.0,,0.8751665499999999
photocatalytic MOFs with suitable band gaps,42,TOPSIS,5,qmof-13a76dd,Zn4C40H28N12O8,0.982716063,3.309168,0.6433333333333333,1.0,,1.0,1.0,0.6433333333333333,1.0,,1|1|1|1,0.6433333333333333|1.0|1.0|1.0,,0.8751665499999999
photocatalytic MOFs with suitable band gaps,42,WeightedSum,1,qmof-e566fbb,Zn2C36H22N6O8,0.83426434,2.93315,0.6433333333333333,1.0,,1.0,1.0,0.6433333333333333,1.0,,1|1|1|1,0.6433333333333333|1.0|1.0|1.0,,0.8751665499999999
photocatalytic MOFs with suitable band gaps,42,WeightedSum,2,qmof-cef46c3,Zn2C48H32N8O8,0.7895211,2.913296,0.6433333333333333,1.0,,1.0,1.0,0.6433333333333333,1.0,,1|1|1|1,0.6433333333333333|1.0|1.0|1.0,,0.8751665499999999
photocatalytic MOFs with suitable band gaps,42,WeightedSum,3,qmof-c0f392b,Zn2C44H38N6O12,0.915527725,2.464185,0.6433333333333333,1.0,,1.0,1.0,0.6433333333333333,1.0,,1|1|1|1,0.6433333333333333|1.0|1.0|1.0,,0.8751665499999999
photocatalytic MOFs with suitable band gaps,42,WeightedSum,4,qmof-ac6a77a,Zn4C76H44N8O16,0.82887956,2.401359,0.6433333333333333,1.0,,1.0,1.0,0.6433333333333333,1.0,,1|1|1|1,0.6433333333333333|1.0|1.0|1.0,,0.8751665499999999
photocatalytic MOFs with suitable band gaps,42,WeightedSum,5,qmof-13a76dd,Zn4C40H28N12O8,0.982716063,3.309168,0.6433333333333333,1.0,,1.0,1.0,0.6433333333333333,1.0,,1|1|1|1,0.6433333333333333|1.0|1.0|1.0,,0.8751665499999999
photocatalytic MOFs with suitable band gaps,43,GAT only,1,qmof-13a76dd,Zn4C40H28N12O8,0.982716063,3.309168,0.6433333333333333,1.0,,1.0,1.0,0.6433333333333333,1.0,,1|1|1|1,0.6433333333333333|1.0|1.0|1.0,,0.8751665499999999
photocatalytic MOFs with suitable band gaps,43,GAT only,2,qmof-e566fbb,Zn2C36H22N6O8,0.83426434,2.93315,0.6433333333333333,1.0,,1.0,1.0,0.6433333333333333,1.0,,1|1|1|1,0.6433333333333333|1.0|1.0|1.0,,0.8751665499999999
photocatalytic MOFs with suitable band gaps,43,GAT only,3,qmof-cef46c3,Zn2C48H32N8O8,0.7895211,2.913296,0.6433333333333333,1.0,,1.0,1.0,0.6433333333333333,1.0,,1|1|1|1,0.6433333333333333|1.0|1.0|1.0,,0.8751665499999999
photocatalytic MOFs with suitable band gaps,43,GAT only,4,qmof-c0f392b,Zn2C44H38N6O12,0.915527725,2.464185,0.6433333333333333,1.0,,1.0,1.0,0.6433333333333333,1.0,,1|1|1|1,0.6433333333333333|1.0|1.0|1.0,,0.8751665499999999
photocatalytic MOFs with suitable band gaps,43,GAT only,5,qmof-ac6a77a,Zn4C76H44N8O16,0.82887956,2.401359,0.6433333333333333,1.0,,1.0,1.0,0.6433333333333333,1.0,,1|1|1|1,0.6433333333333333|1.0|1.0|1.0,,0.8751665499999999
photocatalytic MOFs with suitable band gaps,43,GraphSAGE only,1,qmof-13a76dd,Zn4C40H28N12O8,0.982716063,3.309168,0.6433333333333333,1.0,,1.0,1.0,0.6433333333333333,1.0,,1|1|1|1,0.6433333333333333|1.0|1.0|1.0,,0.8751665499999999
photocatalytic MOFs with suitable band gaps,43,GraphSAGE only,2,qmof-e566fbb,Zn2C36H22N6O8,0.83426434,2.93315,0.6433333333333333,1.0,,1.0,1.0,0.6433333333333333,1.0,,1|1|1|1,0.6433333333333333|1.0|1.0|1.0,,0.8751665499999999
photocatalytic MOFs with suitable band gaps,43,GraphSAGE only,3,qmof-ac6a77a,Zn4C76H44N8O16,0.82887956,2.401359,0.6433333333333333,1.0,,1.0,1.0,0.6433333333333333,1.0,,1|1|1|1,0.6433333333333333|1.0|1.0|1.0,,0.8751665499999999
photocatalytic MOFs with suitable band gaps,43,GraphSAGE only,4,qmof-cef46c3,Zn2C48H32N8O8,0.7895211,2.913296,0.6433333333333333,1.0,,1.0,1.0,0.6433333333333333,1.0,,1|1|1|1,0.6433333333333333|1.0|1.0|1.0,,0.8751665499999999
photocatalytic MOFs with suitable band gaps,43,GraphSAGE only,5,qmof-c0f392b,Zn2C44H38N6O12,0.915527725,2.464185,0.6433333333333333,1.0,,1.0,1.0,0.6433333333333333,1.0,,1|1|1|1,0.6433333333333333|1.0|1.0|1.0,,0.8751665499999999
photocatalytic MOFs with suitable band gaps,43,LEA,1,qmof-cef46c3,Zn2C48H32N8O8,0.7895211,2.913296,0.6433333333333333,1.0,,1.0,1.0,0.6433333333333333,1.0,,1|1|1|1,0.6433333333333333|1.0|1.0|1.0,,0.9703290045261384
photocatalytic MOFs with suitable band gaps,43,LEA,2,qmof-ac6a77a,Zn4C76H44N8O16,0.82887956,2.401359,0.6433333333333333,1.0,,1.0,1.0,0.6433333333333333,1.0,,1|1|1|1,0.6433333333333333|1.0|1.0|1.0,,0.9703290045261384
photocatalytic MOFs with suitable band gaps,43,LEA,3,qmof-13a76dd,Zn4C40H28N12O8,0.982716063,3.309168,0.6433333333333333,1.0,,1.0,1.0,0.6433333333333333,1.0,,1|1|1|1,0.6433333333333333|1.0|1.0|1.0,,0.9703290045261384
photocatalytic MOFs with suitable band gaps,43,LEA,4,qmof-e566fbb,Zn2C36H22N6O8,0.83426434,2.93315,0.6433333333333333,1.0,,1.0,1.0,0.6433333333333333,1.0,,1|1|1|1,0.6433333333333333|1.0|1.0|1.0,,0.9703290045261384
photocatalytic MOFs with suitable band gaps,43,LEA,5,qmof-c0f392b,Zn2C44H38N6O12,0.915527725,2.464185,0.6433333333333333,1.0,,1.0,1.0,0.6433333333333333,1.0,,1|1|1|1,0.6433333333333333|1.0|1.0|1.0,,0.9597224026918412
photocatalytic MOFs with suitable band gaps,43,LEA no diversity,1,qmof-cef46c3,Zn2C48H32N8O8,0.7895211,2.913296,0.6433333333333333,1.0,,1.0,1.0,0.6433333333333333,1.0,,1|1|1|1,0.6433333333333333|1.0|1.0|1.0,,0.9597224026918412
photocatalytic MOFs with suitable band gaps,43,LEA no diversity,2,qmof-ac6a77a,Zn4C76H44N8O16,0.82887956,2.401359,0.6433333333333333,1.0,,1.0,1.0,0.6433333333333333,1.0,,1|1|1|1,0.6433333333333333|1.0|1.0|1.0,,0.9597224026918412
photocatalytic MOFs with suitable band gaps,43,LEA no diversity,3,qmof-13a76dd,Zn4C40H28N12O8,0.982716063,3.309168,0.6433333333333333,1.0,,1.0,1.0,0.6433333333333333,1.0,,1|1|1|1,0.6433333333333333|1.0|1.0|1.0,,0.9597224026918412
photocatalytic MOFs with suitable band gaps,43,LEA no diversity,4,qmof-e566fbb,Zn2C36H22N6O8,0.83426434,2.93315,0.6433333333333333,1.0,,1.0,1.0,0.6433333333333333,1.0,,1|1|1|1,0.6433333333333333|1.0|1.0|1.0,,0.9597224026918412
photocatalytic MOFs with suitable band gaps,43,LEA no diversity,5,qmof-c0f392b,Zn2C44H38N6O12,0.915527725,2.464185,0.6433333333333333,1.0,,1.0,1.0,0.6433333333333333,1.0,,1|1|1|1,0.6433333333333333|1.0|1.0|1.0,,0.9597224026918412
photocatalytic MOFs with suitable band gaps,43,LEA no self-cleaning,1,qmof-cef46c3,Zn2C48H32N8O8,0.7895211,2.913296,0.6433333333333333,1.0,,1.0,1.0,0.6433333333333333,1.0,,1|1|1|1,0.6433333333333333|1.0|1.0|1.0,,0.9703290045261384
photocatalytic MOFs with suitable band gaps,43,LEA no self-cleaning,2,qmof-ac6a77a,Zn4C76H44N8O16,0.82887956,2.401359,0.6433333333333333,1.0,,1.0,1.0,0.6433333333333333,1.0,,1|1|1|1,0.6433333333333333|1.0|1.0|1.0,,0.9703290045261384
photocatalytic MOFs with suitable band gaps,43,LEA no self-cleaning,3,qmof-13a76dd,Zn4C40H28N12O8,0.982716063,3.309168,0.6433333333333333,1.0,,1.0,1.0,0.6433333333333333,1.0,,1|1|1|1,0.6433333333333333|1.0|1.0|1.0,,0.9703290045261384
photocatalytic MOFs with suitable band gaps,43,LEA no self-cleaning,4,qmof-e566fbb,Zn2C36H22N6O8,0.83426434,2.93315,0.6433333333333333,1.0,,1.0,1.0,0.6433333333333333,1.0,,1|1|1|1,0.6433333333333333|1.0|1.0|1.0,,0.9703290045261384
photocatalytic MOFs with suitable band gaps,43,LEA no self-cleaning,5,qmof-c0f392b,Zn2C44H38N6O12,0.915527725,2.464185,0.6433333333333333,1.0,,1.0,1.0,0.6433333333333333,1.0,,1|1|1|1,0.6433333333333333|1.0|1.0|1.0,,0.9597224026918412
photocatalytic MOFs with suitable band gaps,43,LEA + GAT,1,qmof-13a76dd,Zn4C40H28N12O8,0.982716063,3.309168,0.6433333333333333,1.0,,1.0,1.0,0.6433333333333333,1.0,,1|1|1|1,0.6433333333333333|1.0|1.0|1.0,,0.898240116238594
photocatalytic MOFs with suitable band gaps,43,LEA + GAT,2,qmof-e566fbb,Zn2C36H22N6O8,0.83426434,2.93315,0.6433333333333333,1.0,,1.0,1.0,0.6433333333333333,1.0,,1|1|1|1,0.6433333333333333|1.0|1.0|1.0,,0.8921995639801026
photocatalytic MOFs with suitable band gaps,43,LEA + GAT,3,qmof-cef46c3,Zn2C48H32N8O8,0.7895211,2.913296,0.6433333333333333,1.0,,1.0,1.0,0.6433333333333333,1.0,,1|1|1|1,0.6433333333333333|1.0|1.0|1.0,,0.8898313075304032
photocatalytic MOFs with suitable band gaps,43,LEA + GAT,4,qmof-c0f392b,Zn2C44H38N6O12,0.915527725,2.464185,0.6433333333333333,1.0,,1.0,1.0,0.6433333333333333,1.0,,1|1|1|1,0.6433333333333333|1.0|1.0|1.0,,0.8845047548413276
photocatalytic MOFs with suitable band gaps,43,LEA + GAT,5,qmof-ac6a77a,Zn4C76H44N8O16,0.82887956,2.401359,0.6433333333333333,1.0,,1.0,1.0,0.6433333333333333,1.0,,1|1|1|1,0.6433333333333333|1.0|1.0|1.0,,0.8842393606901169
photocatalytic MOFs with suitable band gaps,43,LEA + GraphSAGE,1,qmof-13a76dd,Zn4C40H28N12O8,0.982716063,3.309168,0.6433333333333333,1.0,,1.0,1.0,0.6433333333333333,1.0,,1|1|1|1,0.6433333333333333|1.0|1.0|1.0,,0.8628705084323883
photocatalytic MOFs with suitable band gaps,43,LEA + GraphSAGE,2,qmof-e566fbb,Zn2C36H22N6O8,0.83426434,2.93315,0.6433333333333333,1.0,,1.0,1.0,0.6433333333333333,1.0,,1|1|1|1,0.6433333333333333|1.0|1.0|1.0,,0.8614974915981293
photocatalytic MOFs with suitable band gaps,43,LEA + GraphSAGE,3,qmof-ac6a77a,Zn4C76H44N8O16,0.82887956,2.401359,0.6433333333333333,1.0,,1.0,1.0,0.6433333333333333,1.0,,1|1|1|1,0.6433333333333333|1.0|1.0|1.0,,0.8603233605623245
photocatalytic MOFs with suitable band gaps,43,LEA + GraphSAGE,4,qmof-cef46c3,Zn2C48H32N8O8,0.7895211,2.913296,0.6433333333333333,1.0,,1.0,1.0,0.6433333333333333,1.0,,1|1|1|1,0.6433333333333333|1.0|1.0|1.0,,0.8600636690855026
photocatalytic MOFs with suitable band gaps,43,LEA + GraphSAGE,5,qmof-c0f392b,Zn2C44H38N6O12,0.915527725,2.464185,0.6433333333333333,1.0,,1.0,1.0,0.6433333333333333,1.0,,1|1|1|1,0.6433333333333333|1.0|1.0|1.0,,0.858823013305664
photocatalytic MOFs with suitable band gaps,43,MMR,1,qmof-c0f392b,Zn2C44H38N6O12,0.915527725,2.464185,0.6433333333333333,1.0,,1.0,1.0,0.6433333333333333,1.0,,1|1|1|1,0.6433333333333333|1.0|1.0|1.0,,0.8751665499999999
photocatalytic MOFs with suitable band gaps,43,MMR,2,qmof-e566fbb,Zn2C36H22N6O8,0.83426434,2.93315,0.6433333333333333,1.0,,1.0,1.0,0.6433333333333333,1.0,,1|1|1|1,0.6433333333333333|1.0|1.0|1.0,,0.8751665499999999
photocatalytic MOFs with suitable band gaps,43,MMR,3,qmof-13a76dd,Zn4C40H28N12O8,0.982716063,3.309168,0.6433333333333333,1.0,,1.0,1.0,0.6433333333333333,1.0,,1|1|1|1,0.6433333333333333|1.0|1.0|1.0,,0.8751665499999999
photocatalytic MOFs with suitable band gaps,43,MMR,4,qmof-ac6a77a,Zn4C76H44N8O16,0.82887956,2.401359,0.6433333333333333,1.0,,1.0,1.0,0.6433333333333333,1.0,,1|1|1|1,0.6433333333333333|1.0|1.0|1.0,,0.8751665499999999
photocatalytic MOFs with suitable band gaps,43,MMR,5,qmof-cef46c3,Zn2C48H32N8O8,0.7895211,2.913296,0.6433333333333333,1.0,,1.0,1.0,0.6433333333333333,1.0,,1|1|1|1,0.6433333333333333|1.0|1.0|1.0,,0.8751665499999999
photocatalytic MOFs with suitable band gaps,43,ParetoCrowding,1,qmof-e566fbb,Zn2C36H22N6O8,0.83426434,2.93315,0.6433333333333333,1.0,,1.0,1.0,0.6433333333333333,1.0,,1|1|1|1,0.6433333333333333|1.0|1.0|1.0,,0.8751665499999999
photocatalytic MOFs with suitable band gaps,43,ParetoCrowding,2,qmof-cef46c3,Zn2C48H32N8O8,0.7895211,2.913296,0.6433333333333333,1.0,,1.0,1.0,0.6433333333333333,1.0,,1|1|1|1,0.6433333333333333|1.0|1.0|1.0,,0.8751665499999999
photocatalytic MOFs with suitable band gaps,43,ParetoCrowding,3,qmof-c0f392b,Zn2C44H38N6O12,0.915527725,2.464185,0.6433333333333333,1.0,,1.0,1.0,0.6433333333333333,1.0,,1|1|1|1,0.6433333333333333|1.0|1.0|1.0,,0.8751665499999999
photocatalytic MOFs with suitable band gaps,43,ParetoCrowding,4,qmof-ac6a77a,Zn4C76H44N8O16,0.82887956,2.401359,0.6433333333333333,1.0,,1.0,1.0,0.6433333333333333,1.0,,1|1|1|1,0.6433333333333333|1.0|1.0|1.0,,0.8751665499999999
photocatalytic MOFs with suitable band gaps,43,ParetoCrowding,5,qmof-13a76dd,Zn4C40H28N12O8,0.982716063,3.309168,0.6433333333333333,1.0,,1.0,1.0,0.6433333333333333,1.0,,1|1|1|1,0.6433333333333333|1.0|1.0|1.0,,0.8751665499999999
photocatalytic MOFs with suitable band gaps,43,Random,1,qmof-46ebf41,Cd4C60H52N12O16,1.74199834,3.462295,0.6433333333333333,0.7,,0.7,1.0,0.6433333333333333,0.7,,1|1|1|1,0.6433333333333333|1.0|0.7|0.7,,0.75516655
photocatalytic MOFs with suitable band gaps,43,Random,2,qmof-90d1dd5,Cd2C76H56N4O10,1.587059915,2.909205,0.6433333333333333,0.7,,0.7,1.0,0.6433333333333333,0.7,,1|1|1|1,0.6433333333333333|1.0|0.7|0.7,,0.75516655
photocatalytic MOFs with suitable band gaps,43,Random,3,qmof-29a7d04,Cu4C36Cl8H40N8O8,1.815349877,3.272401,0.6433333333333333,0.7,,0.7,1.0,0.6433333333333333,0.7,,1|1|1|1,0.6433333333333333|1.0|0.7|0.7,,0.75516655
photocatalytic MOFs with suitable band gaps,43,Random,4,qmof-e789f6e,Zn2C60H44N6O16,1.456138517,3.462207,0.6433333333333333,0.7,,0.7,1.0,0.6433333333333333,0.7,,1|1|1|1,0.6433333333333333|1.0|0.7|0.7,,0.75516655
photocatalytic MOFs with suitable band gaps,43,Random,5,qmof-c0f392b,Zn2C44H38N6O12,0.915527725,2.464185,0.6433333333333333,1.0,,1.0,1.0,0.6433333333333333,1.0,,1|1|1|1,0.6433333333333333|1.0|1.0|1.0,,0.8751665499999999
photocatalytic MOFs with suitable band gaps,43,SemanticOnly,1,qmof-fcfab15,Zn2C48H36N8O12,1.544337866,3.105757,0.6433333333333333,0.7,,0.7,1.0,0.6433333333333333,0.7,,1|1|1|1,0.6433333333333333|1.0|0.7|0.7,,0.75516655
photocatalytic MOFs with suitable band gaps,43,SemanticOnly,2,qmof-fc7ce55,Cu2C22Cl4H20N4S4,1.110326318,2.876732,0.6433333333333333,0.7,,0.7,1.0,0.6433333333333333,0.7,,1|1|1|1,0.6433333333333333|1.0|0.7|0.7,,0.75516655
photocatalytic MOFs with suitable band gaps,43,SemanticOnly,3,qmof-f7be768,Zn2C36H28N8O8,1.56915922,3.258308,0.6433333333333333,0.7,,0.7,1.0,0.6433333333333333,0.7,,1|1|1|1,0.6433333333333333|1.0|0.7|0.7,,0.75516655
photocatalytic MOFs with suitable band gaps,43,SemanticOnly,4,qmof-f4d0642,Zn2C12H6N4O8,1.833712471,3.359948,0.6433333333333333,0.7,,0.7,1.0,0.6433333333333333,0.7,,1|1|1|1,0.6433333333333333|1.0|0.7|0.7,,0.75516655
photocatalytic MOFs with suitable band gaps,43,SemanticOnly,5,qmof-f46187c,Cu4C56H36N12,1.61655086,1.89703,0.6433333333333333,0.7,,0.7,1.0,0.6433333333333333,0.7,,1|1|1|1,0.6433333333333333|1.0|0.7|0.7,,0.75516655
photocatalytic MOFs with suitable band gaps,43,TOPSIS,1,qmof-e566fbb,Zn2C36H22N6O8,0.83426434,2.93315,0.6433333333333333,1.0,,1.0,1.0,0.6433333333333333,1.0,,1|1|1|1,0.6433333333333333|1.0|1.0|1.0,,0.8751665499999999
photocatalytic MOFs with suitable band gaps,43,TOPSIS,2,qmof-cef46c3,Zn2C48H32N8O8,0.7895211,2.913296,0.6433333333333333,1.0,,1.0,1.0,0.6433333333333333,1.0,,1|1|1|1,0.6433333333333333|1.0|1.0|1.0,,0.8751665499999999
photocatalytic MOFs with suitable band gaps,43,TOPSIS,3,qmof-c0f392b,Zn2C44H38N6O12,0.915527725,2.464185,0.6433333333333333,1.0,,1.0,1.0,0.6433333333333333,1.0,,1|1|1|1,0.6433333333333333|1.0|1.0|1.0,,0.8751665499999999
photocatalytic MOFs with suitable band gaps,43,TOPSIS,4,qmof-ac6a77a,Zn4C76H44N8O16,0.82887956,2.401359,0.6433333333333333,1.0,,1.0,1.0,0.6433333333333333,1.0,,1|1|1|1,0.6433333333333333|1.0|1.0|1.0,,0.8751665499999999
photocatalytic MOFs with suitable band gaps,43,TOPSIS,5,qmof-13a76dd,Zn4C40H28N12O8,0.982716063,3.309168,0.6433333333333333,1.0,,1.0,1.0,0.6433333333333333,1.0,,1|1|1|1,0.6433333333333333|1.0|1.0|1.0,,0.8751665499999999
photocatalytic MOFs with suitable band gaps,43,WeightedSum,1,qmof-e566fbb,Zn2C36H22N6O8,0.83426434,2.93315,0.6433333333333333,1.0,,1.0,1.0,0.6433333333333333,1.0,,1|1|1|1,0.6433333333333333|1.0|1.0|1.0,,0.8751665499999999
photocatalytic MOFs with suitable band gaps,43,WeightedSum,2,qmof-cef46c3,Zn2C48H32N8O8,0.7895211,2.913296,0.6433333333333333,1.0,,1.0,1.0,0.6433333333333333,1.0,,1|1|1|1,0.6433333333333333|1.0|1.0|1.0,,0.8751665499999999
photocatalytic MOFs with suitable band gaps,43,WeightedSum,3,qmof-c0f392b,Zn2C44H38N6O12,0.915527725,2.464185,0.6433333333333333,1.0,,1.0,1.0,0.6433333333333333,1.0,,1|1|1|1,0.6433333333333333|1.0|1.0|1.0,,0.8751665499999999
photocatalytic MOFs with suitable band gaps,43,WeightedSum,4,qmof-ac6a77a,Zn4C76H44N8O16,0.82887956,2.401359,0.6433333333333333,1.0,,1.0,1.0,0.6433333333333333,1.0,,1|1|1|1,0.6433333333333333|1.0|1.0|1.0,,0.8751665499999999
photocatalytic MOFs with suitable band gaps,43,WeightedSum,5,qmof-13a76dd,Zn4C40H28N12O8,0.982716063,3.309168,0.6433333333333333,1.0,,1.0,1.0,0.6433333333333333,1.0,,1|1|1|1,0.6433333333333333|1.0|1.0|1.0,,0.8751665499999999
photocatalytic MOFs with suitable band gaps,44,GAT only,1,qmof-13a76dd,Zn4C40H28N12O8,0.982716063,3.309168,0.6433333333333333,1.0,,1.0,1.0,0.6433333333333333,1.0,,1|1|1|1,0.6433333333333333|1.0|1.0|1.0,,0.8751665499999999
photocatalytic MOFs with suitable band gaps,44,GAT only,2,qmof-e566fbb,Zn2C36H22N6O8,0.83426434,2.93315,0.6433333333333333,1.0,,1.0,1.0,0.6433333333333333,1.0,,1|1|1|1,0.6433333333333333|1.0|1.0|1.0,,0.8751665499999999
photocatalytic MOFs with suitable band gaps,44,GAT only,3,qmof-cef46c3,Zn2C48H32N8O8,0.7895211,2.913296,0.6433333333333333,1.0,,1.0,1.0,0.6433333333333333,1.0,,1|1|1|1,0.6433333333333333|1.0|1.0|1.0,,0.8751665499999999
photocatalytic MOFs with suitable band gaps,44,GAT only,4,qmof-c0f392b,Zn2C44H38N6O12,0.915527725,2.464185,0.6433333333333333,1.0,,1.0,1.0,0.6433333333333333,1.0,,1|1|1|1,0.6433333333333333|1.0|1.0|1.0,,0.8751665499999999
photocatalytic MOFs with suitable band gaps,44,GAT only,5,qmof-ac6a77a,Zn4C76H44N8O16,0.82887956,2.401359,0.6433333333333333,1.0,,1.0,1.0,0.6433333333333333,1.0,,1|1|1|1,0.6433333333333333|1.0|1.0|1.0,,0.8751665499999999
photocatalytic MOFs with suitable band gaps,44,GraphSAGE only,1,qmof-13a76dd,Zn4C40H28N12O8,0.982716063,3.309168,0.6433333333333333,1.0,,1.0,1.0,0.6433333333333333,1.0,,1|1|1|1,0.6433333333333333|1.0|1.0|1.0,,0.8751665499999999
photocatalytic MOFs with suitable band gaps,44,GraphSAGE only,2,qmof-e566fbb,Zn2C36H22N6O8,0.83426434,2.93315,0.6433333333333333,1.0,,1.0,1.0,0.6433333333333333,1.0,,1|1|1|1,0.6433333333333333|1.0|1.0|1.0,,0.8751665499999999
photocatalytic MOFs with suitable band gaps,44,GraphSAGE only,3,qmof-ac6a77a,Zn4C76H44N8O16,0.82887956,2.401359,0.6433333333333333,1.0,,1.0,1.0,0.6433333333333333,1.0,,1|1|1|1,0.6433333333333333|1.0|1.0|1.0,,0.8751665499999999
photocatalytic MOFs with suitable band gaps,44,GraphSAGE only,4,qmof-cef46c3,Zn2C48H32N8O8,0.7895211,2.913296,0.6433333333333333,1.0,,1.0,1.0,0.6433333333333333,1.0,,1|1|1|1,0.6433333333333333|1.0|1.0|1.0,,0.8751665499999999
photocatalytic MOFs with suitable band gaps,44,GraphSAGE only,5,qmof-c0f392b,Zn2C44H38N6O12,0.915527725,2.464185,0.6433333333333333,1.0,,1.0,1.0,0.6433333333333333,1.0,,1|1|1|1,0.6433333333333333|1.0|1.0|1.0,,0.8751665499999999
photocatalytic MOFs with suitable band gaps,44,LEA,1,qmof-13a76dd,Zn4C40H28N12O8,0.982716063,3.309168,0.6433333333333333,1.0,,1.0,1.0,0.6433333333333333,1.0,,1|1|1|1,0.6433333333333333|1.0|1.0|1.0,,0.9703290045261384
photocatalytic MOFs with suitable band gaps,44,LEA,2,qmof-c0f392b,Zn2C44H38N6O12,0.915527725,2.464185,0.6433333333333333,1.0,,1.0,1.0,0.6433333333333333,1.0,,1|1|1|1,0.6433333333333333|1.0|1.0|1.0,,0.9703290045261384
photocatalytic MOFs with suitable band gaps,44,LEA,3,qmof-cef46c3,Zn2C48H32N8O8,0.7895211,2.913296,0.6433333333333333,1.0,,1.0,1.0,0.6433333333333333,1.0,,1|1|1|1,0.6433333333333333|1.0|1.0|1.0,,0.9703290045261384
photocatalytic MOFs with suitable band gaps,44,LEA,4,qmof-e566fbb,Zn2C36H22N6O8,0.83426434,2.93315,0.6433333333333333,1.0,,1.0,1.0,0.6433333333333333,1.0,,1|1|1|1,0.6433333333333333|1.0|1.0|1.0,,0.9703290045261384
photocatalytic MOFs with suitable band gaps,44,LEA,5,qmof-ac6a77a,Zn4C76H44N8O16,0.82887956,2.401359,0.6433333333333333,1.0,,1.0,1.0,0.6433333333333333,1.0,,1|1|1|1,0.6433333333333333|1.0|1.0|1.0,,0.9597224026918412
photocatalytic MOFs with suitable band gaps,44,LEA no diversity,1,qmof-13a76dd,Zn4C40H28N12O8,0.982716063,3.309168,0.6433333333333333,1.0,,1.0,1.0,0.6433333333333333,1.0,,1|1|1|1,0.6433333333333333|1.0|1.0|1.0,,0.9597224026918412
photocatalytic MOFs with suitable band gaps,44,LEA no diversity,2,qmof-c0f392b,Zn2C44H38N6O12,0.915527725,2.464185,0.6433333333333333,1.0,,1.0,1.0,0.6433333333333333,1.0,,1|1|1|1,0.6433333333333333|1.0|1.0|1.0,,0.9597224026918412
photocatalytic MOFs with suitable band gaps,44,LEA no diversity,3,qmof-cef46c3,Zn2C48H32N8O8,0.7895211,2.913296,0.6433333333333333,1.0,,1.0,1.0,0.6433333333333333,1.0,,1|1|1|1,0.6433333333333333|1.0|1.0|1.0,,0.9597224026918412
photocatalytic MOFs with suitable band gaps,44,LEA no diversity,4,qmof-e566fbb,Zn2C36H22N6O8,0.83426434,2.93315,0.6433333333333333,1.0,,1.0,1.0,0.6433333333333333,1.0,,1|1|1|1,0.6433333333333333|1.0|1.0|1.0,,0.9597224026918412
photocatalytic MOFs with suitable band gaps,44,LEA no diversity,5,qmof-ac6a77a,Zn4C76H44N8O16,0.82887956,2.401359,0.6433333333333333,1.0,,1.0,1.0,0.6433333333333333,1.0,,1|1|1|1,0.6433333333333333|1.0|1.0|1.0,,0.9597224026918412
photocatalytic MOFs with suitable band gaps,44,LEA no self-cleaning,1,qmof-13a76dd,Zn4C40H28N12O8,0.982716063,3.309168,0.6433333333333333,1.0,,1.0,1.0,0.6433333333333333,1.0,,1|1|1|1,0.6433333333333333|1.0|1.0|1.0,,0.9703290045261384
photocatalytic MOFs with suitable band gaps,44,LEA no self-cleaning,2,qmof-c0f392b,Zn2C44H38N6O12,0.915527725,2.464185,0.6433333333333333,1.0,,1.0,1.0,0.6433333333333333,1.0,,1|1|1|1,0.6433333333333333|1.0|1.0|1.0,,0.9703290045261384
photocatalytic MOFs with suitable band gaps,44,LEA no self-cleaning,3,qmof-cef46c3,Zn2C48H32N8O8,0.7895211,2.913296,0.6433333333333333,1.0,,1.0,1.0,0.6433333333333333,1.0,,1|1|1|1,0.6433333333333333|1.0|1.0|1.0,,0.9703290045261384
photocatalytic MOFs with suitable band gaps,44,LEA no self-cleaning,4,qmof-e566fbb,Zn2C36H22N6O8,0.83426434,2.93315,0.6433333333333333,1.0,,1.0,1.0,0.6433333333333333,1.0,,1|1|1|1,0.6433333333333333|1.0|1.0|1.0,,0.9703290045261384
photocatalytic MOFs with suitable band gaps,44,LEA no self-cleaning,5,qmof-ac6a77a,Zn4C76H44N8O16,0.82887956,2.401359,0.6433333333333333,1.0,,1.0,1.0,0.6433333333333333,1.0,,1|1|1|1,0.6433333333333333|1.0|1.0|1.0,,0.9597224026918412
photocatalytic MOFs with suitable band gaps,44,LEA + GAT,1,qmof-13a76dd,Zn4C40H28N12O8,0.982716063,3.309168,0.6433333333333333,1.0,,1.0,1.0,0.6433333333333333,1.0,,1|1|1|1,0.6433333333333333|1.0|1.0|1.0,,0.898240116238594
photocatalytic MOFs with suitable band gaps,44,LEA + GAT,2,qmof-e566fbb,Zn2C36H22N6O8,0.83426434,2.93315,0.6433333333333333,1.0,,1.0,1.0,0.6433333333333333,1.0,,1|1|1|1,0.6433333333333333|1.0|1.0|1.0,,0.8921995639801026
photocatalytic MOFs with suitable band gaps,44,LEA + GAT,3,qmof-cef46c3,Zn2C48H32N8O8,0.7895211,2.913296,0.6433333333333333,1.0,,1.0,1.0,0.6433333333333333,1.0,,1|1|1|1,0.6433333333333333|1.0|1.0|1.0,,0.8898313075304032
photocatalytic MOFs with suitable band gaps,44,LEA + GAT,4,qmof-c0f392b,Zn2C44H38N6O12,0.915527725,2.464185,0.6433333333333333,1.0,,1.0,1.0,0.6433333333333333,1.0,,1|1|1|1,0.6433333333333333|1.0|1.0|1.0,,0.8845047548413276
photocatalytic MOFs with suitable band gaps,44,LEA + GAT,5,qmof-ac6a77a,Zn4C76H44N8O16,0.82887956,2.401359,0.6433333333333333,1.0,,1.0,1.0,0.6433333333333333,1.0,,1|1|1|1,0.6433333333333333|1.0|1.0|1.0,,0.8842393606901169
photocatalytic MOFs with suitable band gaps,44,LEA + GraphSAGE,1,qmof-13a76dd,Zn4C40H28N12O8,0.982716063,3.309168,0.6433333333333333,1.0,,1.0,1.0,0.6433333333333333,1.0,,1|1|1|1,0.6433333333333333|1.0|1.0|1.0,,0.8628705084323883
photocatalytic MOFs with suitable band gaps,44,LEA + GraphSAGE,2,qmof-e566fbb,Zn2C36H22N6O8,0.83426434,2.93315,0.6433333333333333,1.0,,1.0,1.0,0.6433333333333333,1.0,,1|1|1|1,0.6433333333333333|1.0|1.0|1.0,,0.8614974915981293
photocatalytic MOFs with suitable band gaps,44,LEA + GraphSAGE,3,qmof-ac6a77a,Zn4C76H44N8O16,0.82887956,2.401359,0.6433333333333333,1.0,,1.0,1.0,0.6433333333333333,1.0,,1|1|1|1,0.6433333333333333|1.0|1.0|1.0,,0.8603233605623245
photocatalytic MOFs with suitable band gaps,44,LEA + GraphSAGE,4,qmof-cef46c3,Zn2C48H32N8O8,0.7895211,2.913296,0.6433333333333333,1.0,,1.0,1.0,0.6433333333333333,1.0,,1|1|1|1,0.6433333333333333|1.0|1.0|1.0,,0.8600636690855026
photocatalytic MOFs with suitable band gaps,44,LEA + GraphSAGE,5,qmof-c0f392b,Zn2C44H38N6O12,0.915527725,2.464185,0.6433333333333333,1.0,,1.0,1.0,0.6433333333333333,1.0,,1|1|1|1,0.6433333333333333|1.0|1.0|1.0,,0.858823013305664
photocatalytic MOFs with suitable band gaps,44,MMR,1,qmof-ac6a77a,Zn4C76H44N8O16,0.82887956,2.401359,0.6433333333333333,1.0,,1.0,1.0,0.6433333333333333,1.0,,1|1|1|1,0.6433333333333333|1.0|1.0|1.0,,0.8751665499999999
photocatalytic MOFs with suitable band gaps,44,MMR,2,qmof-e566fbb,Zn2C36H22N6O8,0.83426434,2.93315,0.6433333333333333,1.0,,1.0,1.0,0.6433333333333333,1.0,,1|1|1|1,0.6433333333333333|1.0|1.0|1.0,,0.8751665499999999
photocatalytic MOFs with suitable band gaps,44,MMR,3,qmof-cef46c3,Zn2C48H32N8O8,0.7895211,2.913296,0.6433333333333333,1.0,,1.0,1.0,0.6433333333333333,1.0,,1|1|1|1,0.6433333333333333|1.0|1.0|1.0,,0.8751665499999999
photocatalytic MOFs with suitable band gaps,44,MMR,4,qmof-c0f392b,Zn2C44H38N6O12,0.915527725,2.464185,0.6433333333333333,1.0,,1.0,1.0,0.6433333333333333,1.0,,1|1|1|1,0.6433333333333333|1.0|1.0|1.0,,0.8751665499999999
photocatalytic MOFs with suitable band gaps,44,MMR,5,qmof-13a76dd,Zn4C40H28N12O8,0.982716063,3.309168,0.6433333333333333,1.0,,1.0,1.0,0.6433333333333333,1.0,,1|1|1|1,0.6433333333333333|1.0|1.0|1.0,,0.8751665499999999
photocatalytic MOFs with suitable band gaps,44,ParetoCrowding,1,qmof-e566fbb,Zn2C36H22N6O8,0.83426434,2.93315,0.6433333333333333,1.0,,1.0,1.0,0.6433333333333333,1.0,,1|1|1|1,0.6433333333333333|1.0|1.0|1.0,,0.8751665499999999
photocatalytic MOFs with suitable band gaps,44,ParetoCrowding,2,qmof-cef46c3,Zn2C48H32N8O8,0.7895211,2.913296,0.6433333333333333,1.0,,1.0,1.0,0.6433333333333333,1.0,,1|1|1|1,0.6433333333333333|1.0|1.0|1.0,,0.8751665499999999
photocatalytic MOFs with suitable band gaps,44,ParetoCrowding,3,qmof-c0f392b,Zn2C44H38N6O12,0.915527725,2.464185,0.6433333333333333,1.0,,1.0,1.0,0.6433333333333333,1.0,,1|1|1|1,0.6433333333333333|1.0|1.0|1.0,,0.8751665499999999
photocatalytic MOFs with suitable band gaps,44,ParetoCrowding,4,qmof-ac6a77a,Zn4C76H44N8O16,0.82887956,2.401359,0.6433333333333333,1.0,,1.0,1.0,0.6433333333333333,1.0,,1|1|1|1,0.6433333333333333|1.0|1.0|1.0,,0.8751665499999999
photocatalytic MOFs with suitable band gaps,44,ParetoCrowding,5,qmof-13a76dd,Zn4C40H28N12O8,0.982716063,3.309168,0.6433333333333333,1.0,,1.0,1.0,0.6433333333333333,1.0,,1|1|1|1,0.6433333333333333|1.0|1.0|1.0,,0.8751665499999999
photocatalytic MOFs with suitable band gaps,44,Random,1,qmof-14b1175,Zn2C36H36N4O12P4,1.726900553,3.351649,0.6433333333333333,0.7,,0.7,1.0,0.6433333333333333,0.7,,1|1|1|1,0.6433333333333333|1.0|0.7|0.7,,0.75516655
photocatalytic MOFs with suitable band gaps,44,Random,2,qmof-67719b6,Cd2C48H40N12O16S4,1.680727512,3.331556,0.6433333333333333,0.7,,0.7,1.0,0.6433333333333333,0.7,,1|1|1|1,0.6433333333333333|1.0|0.7|0.7,,0.75516655
photocatalytic MOFs with suitable band gaps,44,Random,3,qmof-042f5d3,Zn4C60H40N16O12,1.79023459,2.956015,0.6433333333333333,0.7,,0.7,1.0,0.6433333333333333,0.7,,1|1|1|1,0.6433333333333333|1.0|0.7|0.7,,0.75516655
photocatalytic MOFs with suitable band gaps,44,Random,4,qmof-99d6026,Cu2C54Cl4H52N12O4S2,1.419417628,2.999905,0.6433333333333333,0.7,,0.7,1.0,0.6433333333333333,0.7,,1|1|1|1,0.6433333333333333|1.0|0.7|0.7,,0.75516655
photocatalytic MOFs with suitable band gaps,44,Random,5,qmof-178416a,Cu4C36H28N28,1.748077639,2.644142,0.6433333333333333,0.7,,0.7,1.0,0.6433333333333333,0.7,,1|1|1|1,0.6433333333333333|1.0|0.7|0.7,,0.75516655
photocatalytic MOFs with suitable band gaps,44,SemanticOnly,1,qmof-fed171f,Cu2C34H32I2N8,1.942910225,3.140349,0.6433333333333333,0.7,,0.7,1.0,0.6433333333333333,0.7,,1|1|1|1,0.6433333333333333|1.0|0.7|0.7,,0.75516655
photocatalytic MOFs with suitable band gaps,44,SemanticOnly,2,qmof-fe0852c,Cd2C40Cl4H32N4O4,1.317737976,3.243635,0.6433333333333333,0.7,,0.7,1.0,0.6433333333333333,0.7,,1|1|1|1,0.6433333333333333|1.0|0.7|0.7,,0.75516655
photocatalytic MOFs with suitable band gaps,44,SemanticOnly,3,qmof-fb99880,Cu2C10Cl2H8N14,1.900062215,2.771778,0.6433333333333333,0.7,,0.7,1.0,0.6433333333333333,0.7,,1|1|1|1,0.6433333333333333|1.0|0.7|0.7,,0.75516655
photocatalytic MOFs with suitable band gaps,44,SemanticOnly,4,qmof-f6329bc,Cu3C20H8N22,1.77973192,3.094512,0.6433333333333333,0.7,,0.7,1.0,0.6433333333333333,0.7,,1|1|1|1,0.6433333333333333|1.0|0.7|0.7,,0.75516655
photocatalytic MOFs with suitable band gaps,44,SemanticOnly,5,qmof-f5690c7,CdC20H20N2O8,1.825067689,2.694597,0.6433333333333333,0.7,,0.7,1.0,0.6433333333333333,0.7,,1|1|1|1,0.6433333333333333|1.0|0.7|0.7,,0.75516655
photocatalytic MOFs with suitable band gaps,44,TOPSIS,1,qmof-e566fbb,Zn2C36H22N6O8,0.83426434,2.93315,0.6433333333333333,1.0,,1.0,1.0,0.6433333333333333,1.0,,1|1|1|1,0.6433333333333333|1.0|1.0|1.0,,0.8751665499999999
photocatalytic MOFs with suitable band gaps,44,TOPSIS,2,qmof-cef46c3,Zn2C48H32N8O8,0.7895211,2.913296,0.6433333333333333,1.0,,1.0,1.0,0.6433333333333333,1.0,,1|1|1|1,0.6433333333333333|1.0|1.0|1.0,,0.8751665499999999
photocatalytic MOFs with suitable band gaps,44,TOPSIS,3,qmof-c0f392b,Zn2C44H38N6O12,0.915527725,2.464185,0.6433333333333333,1.0,,1.0,1.0,0.6433333333333333,1.0,,1|1|1|1,0.6433333333333333|1.0|1.0|1.0,,0.8751665499999999
photocatalytic MOFs with suitable band gaps,44,TOPSIS,4,qmof-ac6a77a,Zn4C76H44N8O16,0.82887956,2.401359,0.6433333333333333,1.0,,1.0,1.0,0.6433333333333333,1.0,,1|1|1|1,0.6433333333333333|1.0|1.0|1.0,,0.8751665499999999
photocatalytic MOFs with suitable band gaps,44,TOPSIS,5,qmof-13a76dd,Zn4C40H28N12O8,0.982716063,3.309168,0.6433333333333333,1.0,,1.0,1.0,0.6433333333333333,1.0,,1|1|1|1,0.6433333333333333|1.0|1.0|1.0,,0.8751665499999999
photocatalytic MOFs with suitable band gaps,44,WeightedSum,1,qmof-e566fbb,Zn2C36H22N6O8,0.83426434,2.93315,0.6433333333333333,1.0,,1.0,1.0,0.6433333333333333,1.0,,1|1|1|1,0.6433333333333333|1.0|1.0|1.0,,0.8751665499999999
photocatalytic MOFs with suitable band gaps,44,WeightedSum,2,qmof-cef46c3,Zn2C48H32N8O8,0.7895211,2.913296,0.6433333333333333,1.0,,1.0,1.0,0.6433333333333333,1.0,,1|1|1|1,0.6433333333333333|1.0|1.0|1.0,,0.8751665499999999
photocatalytic MOFs with suitable band gaps,44,WeightedSum,3,qmof-c0f392b,Zn2C44H38N6O12,0.915527725,2.464185,0.6433333333333333,1.0,,1.0,1.0,0.6433333333333333,1.0,,1|1|1|1,0.6433333333333333|1.0|1.0|1.0,,0.8751665499999999
photocatalytic MOFs with suitable band gaps,44,WeightedSum,4,qmof-ac6a77a,Zn4C76H44N8O16,0.82887956,2.401359,0.6433333333333333,1.0,,1.0,1.0,0.6433333333333333,1.0,,1|1|1|1,0.6433333333333333|1.0|1.0|1.0,,0.8751665499999999
photocatalytic MOFs with suitable band gaps,44,WeightedSum,5,qmof-13a76dd,Zn4C40H28N12O8,0.982716063,3.309168,0.6433333333333333,1.0,,1.0,1.0,0.6433333333333333,1.0,,1|1|1|1,0.6433333333333333|1.0|1.0|1.0,,0.8751665499999999
photocatalytic MOFs with suitable band gaps,45,GAT only,1,qmof-13a76dd,Zn4C40H28N12O8,0.982716063,3.309168,0.6433333333333333,1.0,,1.0,1.0,0.6433333333333333,1.0,,1|1|1|1,0.6433333333333333|1.0|1.0|1.0,,0.8751665499999999
photocatalytic MOFs with suitable band gaps,45,GAT only,2,qmof-e566fbb,Zn2C36H22N6O8,0.83426434,2.93315,0.6433333333333333,1.0,,1.0,1.0,0.6433333333333333,1.0,,1|1|1|1,0.6433333333333333|1.0|1.0|1.0,,0.8751665499999999
photocatalytic MOFs with suitable band gaps,45,GAT only,3,qmof-cef46c3,Zn2C48H32N8O8,0.7895211,2.913296,0.6433333333333333,1.0,,1.0,1.0,0.6433333333333333,1.0,,1|1|1|1,0.6433333333333333|1.0|1.0|1.0,,0.8751665499999999
photocatalytic MOFs with suitable band gaps,45,GAT only,4,qmof-c0f392b,Zn2C44H38N6O12,0.915527725,2.464185,0.6433333333333333,1.0,,1.0,1.0,0.6433333333333333,1.0,,1|1|1|1,0.6433333333333333|1.0|1.0|1.0,,0.8751665499999999
photocatalytic MOFs with suitable band gaps,45,GAT only,5,qmof-ac6a77a,Zn4C76H44N8O16,0.82887956,2.401359,0.6433333333333333,1.0,,1.0,1.0,0.6433333333333333,1.0,,1|1|1|1,0.6433333333333333|1.0|1.0|1.0,,0.8751665499999999
photocatalytic MOFs with suitable band gaps,45,GraphSAGE only,1,qmof-13a76dd,Zn4C40H28N12O8,0.982716063,3.309168,0.6433333333333333,1.0,,1.0,1.0,0.6433333333333333,1.0,,1|1|1|1,0.6433333333333333|1.0|1.0|1.0,,0.8751665499999999
photocatalytic MOFs with suitable band gaps,45,GraphSAGE only,2,qmof-e566fbb,Zn2C36H22N6O8,0.83426434,2.93315,0.6433333333333333,1.0,,1.0,1.0,0.6433333333333333,1.0,,1|1|1|1,0.6433333333333333|1.0|1.0|1.0,,0.8751665499999999
photocatalytic MOFs with suitable band gaps,45,GraphSAGE only,3,qmof-ac6a77a,Zn4C76H44N8O16,0.82887956,2.401359,0.6433333333333333,1.0,,1.0,1.0,0.6433333333333333,1.0,,1|1|1|1,0.6433333333333333|1.0|1.0|1.0,,0.8751665499999999
photocatalytic MOFs with suitable band gaps,45,GraphSAGE only,4,qmof-cef46c3,Zn2C48H32N8O8,0.7895211,2.913296,0.6433333333333333,1.0,,1.0,1.0,0.6433333333333333,1.0,,1|1|1|1,0.6433333333333333|1.0|1.0|1.0,,0.8751665499999999
photocatalytic MOFs with suitable band gaps,45,GraphSAGE only,5,qmof-c0f392b,Zn2C44H38N6O12,0.915527725,2.464185,0.6433333333333333,1.0,,1.0,1.0,0.6433333333333333,1.0,,1|1|1|1,0.6433333333333333|1.0|1.0|1.0,,0.8751665499999999
photocatalytic MOFs with suitable band gaps,45,LEA,1,qmof-ac6a77a,Zn4C76H44N8O16,0.82887956,2.401359,0.6433333333333333,1.0,,1.0,1.0,0.6433333333333333,1.0,,1|1|1|1,0.6433333333333333|1.0|1.0|1.0,,0.9703290045261384
photocatalytic MOFs with suitable band gaps,45,LEA,2,qmof-c0f392b,Zn2C44H38N6O12,0.915527725,2.464185,0.6433333333333333,1.0,,1.0,1.0,0.6433333333333333,1.0,,1|1|1|1,0.6433333333333333|1.0|1.0|1.0,,0.9703290045261384
photocatalytic MOFs with suitable band gaps,45,LEA,3,qmof-13a76dd,Zn4C40H28N12O8,0.982716063,3.309168,0.6433333333333333,1.0,,1.0,1.0,0.6433333333333333,1.0,,1|1|1|1,0.6433333333333333|1.0|1.0|1.0,,0.9703290045261384
photocatalytic MOFs with suitable band gaps,45,LEA,4,qmof-e566fbb,Zn2C36H22N6O8,0.83426434,2.93315,0.6433333333333333,1.0,,1.0,1.0,0.6433333333333333,1.0,,1|1|1|1,0.6433333333333333|1.0|1.0|1.0,,0.9703290045261384
photocatalytic MOFs with suitable band gaps,45,LEA,5,qmof-cef46c3,Zn2C48H32N8O8,0.7895211,2.913296,0.6433333333333333,1.0,,1.0,1.0,0.6433333333333333,1.0,,1|1|1|1,0.6433333333333333|1.0|1.0|1.0,,0.9597224026918412
photocatalytic MOFs with suitable band gaps,45,LEA no diversity,1,qmof-ac6a77a,Zn4C76H44N8O16,0.82887956,2.401359,0.6433333333333333,1.0,,1.0,1.0,0.6433333333333333,1.0,,1|1|1|1,0.6433333333333333|1.0|1.0|1.0,,0.9597224026918412
photocatalytic MOFs with suitable band gaps,45,LEA no diversity,2,qmof-c0f392b,Zn2C44H38N6O12,0.915527725,2.464185,0.6433333333333333,1.0,,1.0,1.0,0.6433333333333333,1.0,,1|1|1|1,0.6433333333333333|1.0|1.0|1.0,,0.9597224026918412
photocatalytic MOFs with suitable band gaps,45,LEA no diversity,3,qmof-13a76dd,Zn4C40H28N12O8,0.982716063,3.309168,0.6433333333333333,1.0,,1.0,1.0,0.6433333333333333,1.0,,1|1|1|1,0.6433333333333333|1.0|1.0|1.0,,0.9597224026918412
photocatalytic MOFs with suitable band gaps,45,LEA no diversity,4,qmof-e566fbb,Zn2C36H22N6O8,0.83426434,2.93315,0.6433333333333333,1.0,,1.0,1.0,0.6433333333333333,1.0,,1|1|1|1,0.6433333333333333|1.0|1.0|1.0,,0.9597224026918412
photocatalytic MOFs with suitable band gaps,45,LEA no diversity,5,qmof-cef46c3,Zn2C48H32N8O8,0.7895211,2.913296,0.6433333333333333,1.0,,1.0,1.0,0.6433333333333333,1.0,,1|1|1|1,0.6433333333333333|1.0|1.0|1.0,,0.9597224026918412
photocatalytic MOFs with suitable band gaps,45,LEA no self-cleaning,1,qmof-ac6a77a,Zn4C76H44N8O16,0.82887956,2.401359,0.6433333333333333,1.0,,1.0,1.0,0.6433333333333333,1.0,,1|1|1|1,0.6433333333333333|1.0|1.0|1.0,,0.9703290045261384
photocatalytic MOFs with suitable band gaps,45,LEA no self-cleaning,2,qmof-c0f392b,Zn2C44H38N6O12,0.915527725,2.464185,0.6433333333333333,1.0,,1.0,1.0,0.6433333333333333,1.0,,1|1|1|1,0.6433333333333333|1.0|1.0|1.0,,0.9703290045261384
photocatalytic MOFs with suitable band gaps,45,LEA no self-cleaning,3,qmof-13a76dd,Zn4C40H28N12O8,0.982716063,3.309168,0.6433333333333333,1.0,,1.0,1.0,0.6433333333333333,1.0,,1|1|1|1,0.6433333333333333|1.0|1.0|1.0,,0.9703290045261384
photocatalytic MOFs with suitable band gaps,45,LEA no self-cleaning,4,qmof-e566fbb,Zn2C36H22N6O8,0.83426434,2.93315,0.6433333333333333,1.0,,1.0,1.0,0.6433333333333333,1.0,,1|1|1|1,0.6433333333333333|1.0|1.0|1.0,,0.9703290045261384
photocatalytic MOFs with suitable band gaps,45,LEA no self-cleaning,5,qmof-cef46c3,Zn2C48H32N8O8,0.7895211,2.913296,0.6433333333333333,1.0,,1.0,1.0,0.6433333333333333,1.0,,1|1|1|1,0.6433333333333333|1.0|1.0|1.0,,0.9597224026918412
photocatalytic MOFs with suitable band gaps,45,LEA + GAT,1,qmof-13a76dd,Zn4C40H28N12O8,0.982716063,3.309168,0.6433333333333333,1.0,,1.0,1.0,0.6433333333333333,1.0,,1|1|1|1,0.6433333333333333|1.0|1.0|1.0,,0.898240116238594
photocatalytic MOFs with suitable band gaps,45,LEA + GAT,2,qmof-e566fbb,Zn2C36H22N6O8,0.83426434,2.93315,0.6433333333333333,1.0,,1.0,1.0,0.6433333333333333,1.0,,1|1|1|1,0.6433333333333333|1.0|1.0|1.0,,0.8921995639801026
photocatalytic MOFs with suitable band gaps,45,LEA + GAT,3,qmof-cef46c3,Zn2C48H32N8O8,0.7895211,2.913296,0.6433333333333333,1.0,,1.0,1.0,0.6433333333333333,1.0,,1|1|1|1,0.6433333333333333|1.0|1.0|1.0,,0.8898313075304032
photocatalytic MOFs with suitable band gaps,45,LEA + GAT,4,qmof-c0f392b,Zn2C44H38N6O12,0.915527725,2.464185,0.6433333333333333,1.0,,1.0,1.0,0.6433333333333333,1.0,,1|1|1|1,0.6433333333333333|1.0|1.0|1.0,,0.8845047548413276
photocatalytic MOFs with suitable band gaps,45,LEA + GAT,5,qmof-ac6a77a,Zn4C76H44N8O16,0.82887956,2.401359,0.6433333333333333,1.0,,1.0,1.0,0.6433333333333333,1.0,,1|1|1|1,0.6433333333333333|1.0|1.0|1.0,,0.8842393606901169
photocatalytic MOFs with suitable band gaps,45,LEA + GraphSAGE,1,qmof-13a76dd,Zn4C40H28N12O8,0.982716063,3.309168,0.6433333333333333,1.0,,1.0,1.0,0.6433333333333333,1.0,,1|1|1|1,0.6433333333333333|1.0|1.0|1.0,,0.8628705084323883
photocatalytic MOFs with suitable band gaps,45,LEA + GraphSAGE,2,qmof-e566fbb,Zn2C36H22N6O8,0.83426434,2.93315,0.6433333333333333,1.0,,1.0,1.0,0.6433333333333333,1.0,,1|1|1|1,0.6433333333333333|1.0|1.0|1.0,,0.8614974915981293
photocatalytic MOFs with suitable band gaps,45,LEA + GraphSAGE,3,qmof-ac6a77a,Zn4C76H44N8O16,0.82887956,2.401359,0.6433333333333333,1.0,,1.0,1.0,0.6433333333333333,1.0,,1|1|1|1,0.6433333333333333|1.0|1.0|1.0,,0.8603233605623245
photocatalytic MOFs with suitable band gaps,45,LEA + GraphSAGE,4,qmof-cef46c3,Zn2C48H32N8O8,0.7895211,2.913296,0.6433333333333333,1.0,,1.0,1.0,0.6433333333333333,1.0,,1|1|1|1,0.6433333333333333|1.0|1.0|1.0,,0.8600636690855026
photocatalytic MOFs with suitable band gaps,45,LEA + GraphSAGE,5,qmof-c0f392b,Zn2C44H38N6O12,0.915527725,2.464185,0.6433333333333333,1.0,,1.0,1.0,0.6433333333333333,1.0,,1|1|1|1,0.6433333333333333|1.0|1.0|1.0,,0.858823013305664
photocatalytic MOFs with suitable band gaps,45,MMR,1,qmof-cef46c3,Zn2C48H32N8O8,0.7895211,2.913296,0.6433333333333333,1.0,,1.0,1.0,0.6433333333333333,1.0,,1|1|1|1,0.6433333333333333|1.0|1.0|1.0,,0.8751665499999999
photocatalytic MOFs with suitable band gaps,45,MMR,2,qmof-e566fbb,Zn2C36H22N6O8,0.83426434,2.93315,0.6433333333333333,1.0,,1.0,1.0,0.6433333333333333,1.0,,1|1|1|1,0.6433333333333333|1.0|1.0|1.0,,0.8751665499999999
photocatalytic MOFs with suitable band gaps,45,MMR,3,qmof-13a76dd,Zn4C40H28N12O8,0.982716063,3.309168,0.6433333333333333,1.0,,1.0,1.0,0.6433333333333333,1.0,,1|1|1|1,0.6433333333333333|1.0|1.0|1.0,,0.8751665499999999
photocatalytic MOFs with suitable band gaps,45,MMR,4,qmof-c0f392b,Zn2C44H38N6O12,0.915527725,2.464185,0.6433333333333333,1.0,,1.0,1.0,0.6433333333333333,1.0,,1|1|1|1,0.6433333333333333|1.0|1.0|1.0,,0.8751665499999999
photocatalytic MOFs with suitable band gaps,45,MMR,5,qmof-ac6a77a,Zn4C76H44N8O16,0.82887956,2.401359,0.6433333333333333,1.0,,1.0,1.0,0.6433333333333333,1.0,,1|1|1|1,0.6433333333333333|1.0|1.0|1.0,,0.8751665499999999
photocatalytic MOFs with suitable band gaps,45,ParetoCrowding,1,qmof-e566fbb,Zn2C36H22N6O8,0.83426434,2.93315,0.6433333333333333,1.0,,1.0,1.0,0.6433333333333333,1.0,,1|1|1|1,0.6433333333333333|1.0|1.0|1.0,,0.8751665499999999
photocatalytic MOFs with suitable band gaps,45,ParetoCrowding,2,qmof-cef46c3,Zn2C48H32N8O8,0.7895211,2.913296,0.6433333333333333,1.0,,1.0,1.0,0.6433333333333333,1.0,,1|1|1|1,0.6433333333333333|1.0|1.0|1.0,,0.8751665499999999
photocatalytic MOFs with suitable band gaps,45,ParetoCrowding,3,qmof-c0f392b,Zn2C44H38N6O12,0.915527725,2.464185,0.6433333333333333,1.0,,1.0,1.0,0.6433333333333333,1.0,,1|1|1|1,0.6433333333333333|1.0|1.0|1.0,,0.8751665499999999
photocatalytic MOFs with suitable band gaps,45,ParetoCrowding,4,qmof-ac6a77a,Zn4C76H44N8O16,0.82887956,2.401359,0.6433333333333333,1.0,,1.0,1.0,0.6433333333333333,1.0,,1|1|1|1,0.6433333333333333|1.0|1.0|1.0,,0.8751665499999999
photocatalytic MOFs with suitable band gaps,45,ParetoCrowding,5,qmof-13a76dd,Zn4C40H28N12O8,0.982716063,3.309168,0.6433333333333333,1.0,,1.0,1.0,0.6433333333333333,1.0,,1|1|1|1,0.6433333333333333|1.0|1.0|1.0,,0.8751665499999999
photocatalytic MOFs with suitable band gaps,45,Random,1,qmof-e99706f,Zn3C42H28N4O16,1.793272755,3.08432,0.6433333333333333,0.7,,0.7,1.0,0.6433333333333333,0.7,,1|1|1|1,0.6433333333333333|1.0|0.7|0.7,,0.75516655
photocatalytic MOFs with suitable band gaps,45,Random,2,qmof-afcfed2,Zn2C36H28N4O8,1.440108583,2.980595,0.6433333333333333,0.7,,0.7,1.0,0.6433333333333333,0.7,,1|1|1|1,0.6433333333333333|1.0|0.7|0.7,,0.75516655
photocatalytic MOFs with suitable band gaps,45,Random,3,qmof-ba1edaa,Zn2C32H20O16,1.846057273,3.173971,0.6433333333333333,0.7,,0.7,1.0,0.6433333333333333,0.7,,1|1|1|1,0.6433333333333333|1.0|0.7|0.7,,0.75516655
photocatalytic MOFs with suitable band gaps,45,Random,4,qmof-63270e1,Cd2C44H24N12O8,1.87381103,2.902873,0.6433333333333333,0.7,,0.7,1.0,0.6433333333333333,0.7,,1|1|1|1,0.6433333333333333|1.0|0.7|0.7,,0.75516655
photocatalytic MOFs with suitable band gaps,45,Random,5,qmof-8efdd0d,Zn2C26Cl2H16N6O6S2,1.915538103,2.488619,0.6433333333333333,0.7,,0.7,1.0,0.6433333333333333,0.7,,1|1|1|1,0.6433333333333333|1.0|0.7|0.7,,0.75516655
photocatalytic MOFs with suitable band gaps,45,SemanticOnly,1,qmof-fcfab15,Zn2C48H36N8O12,1.544337866,3.105757,0.6433333333333333,0.7,,0.7,1.0,0.6433333333333333,0.7,,1|1|1|1,0.6433333333333333|1.0|0.7|0.7,,0.75516655
photocatalytic MOFs with suitable band gaps,45,SemanticOnly,2,qmof-fcd2fa6,Zn2C32Cl2H20N6O4,1.857717594,3.429146,0.6433333333333333,0.7,,0.7,1.0,0.6433333333333333,0.7,,1|1|1|1,0.6433333333333333|1.0|0.7|0.7,,0.75516655
photocatalytic MOFs with suitable band gaps,45,SemanticOnly,3,qmof-fc5343a,Cd2C48H36N8O12,1.661271975,3.124348,0.6433333333333333,0.7,,0.7,1.0,0.6433333333333333,0.7,,1|1|1|1,0.6433333333333333|1.0|0.7|0.7,,0.75516655
photocatalytic MOFs with suitable band gaps,45,SemanticOnly,4,qmof-f9909c4,Cu6C72H48N24,1.498605893,2.363119,0.6433333333333333,0.7,,0.7,1.0,0.6433333333333333,0.7,,1|1|1|1,0.6433333333333333|1.0|0.7|0.7,,0.75516655
photocatalytic MOFs with suitable band gaps,45,SemanticOnly,5,qmof-f6b0222,Cu3C12H20N22O2,1.81870187,2.541575,0.6433333333333333,0.7,,0.7,1.0,0.6433333333333333,0.7,,1|1|1|1,0.6433333333333333|1.0|0.7|0.7,,0.75516655
photocatalytic MOFs with suitable band gaps,45,TOPSIS,1,qmof-e566fbb,Zn2C36H22N6O8,0.83426434,2.93315,0.6433333333333333,1.0,,1.0,1.0,0.6433333333333333,1.0,,1|1|1|1,0.6433333333333333|1.0|1.0|1.0,,0.8751665499999999
photocatalytic MOFs with suitable band gaps,45,TOPSIS,2,qmof-cef46c3,Zn2C48H32N8O8,0.7895211,2.913296,0.6433333333333333,1.0,,1.0,1.0,0.6433333333333333,1.0,,1|1|1|1,0.6433333333333333|1.0|1.0|1.0,,0.8751665499999999
photocatalytic MOFs with suitable band gaps,45,TOPSIS,3,qmof-c0f392b,Zn2C44H38N6O12,0.915527725,2.464185,0.6433333333333333,1.0,,1.0,1.0,0.6433333333333333,1.0,,1|1|1|1,0.6433333333333333|1.0|1.0|1.0,,0.8751665499999999
photocatalytic MOFs with suitable band gaps,45,TOPSIS,4,qmof-ac6a77a,Zn4C76H44N8O16,0.82887956,2.401359,0.6433333333333333,1.0,,1.0,1.0,0.6433333333333333,1.0,,1|1|1|1,0.6433333333333333|1.0|1.0|1.0,,0.8751665499999999
photocatalytic MOFs with suitable band gaps,45,TOPSIS,5,qmof-13a76dd,Zn4C40H28N12O8,0.982716063,3.309168,0.6433333333333333,1.0,,1.0,1.0,0.6433333333333333,1.0,,1|1|1|1,0.6433333333333333|1.0|1.0|1.0,,0.8751665499999999
photocatalytic MOFs with suitable band gaps,45,WeightedSum,1,qmof-e566fbb,Zn2C36H22N6O8,0.83426434,2.93315,0.6433333333333333,1.0,,1.0,1.0,0.6433333333333333,1.0,,1|1|1|1,0.6433333333333333|1.0|1.0|1.0,,0.8751665499999999
photocatalytic MOFs with suitable band gaps,45,WeightedSum,2,qmof-cef46c3,Zn2C48H32N8O8,0.7895211,2.913296,0.6433333333333333,1.0,,1.0,1.0,0.6433333333333333,1.0,,1|1|1|1,0.6433333333333333|1.0|1.0|1.0,,0.8751665499999999
photocatalytic MOFs with suitable band gaps,45,WeightedSum,3,qmof-c0f392b,Zn2C44H38N6O12,0.915527725,2.464185,0.6433333333333333,1.0,,1.0,1.0,0.6433333333333333,1.0,,1|1|1|1,0.6433333333333333|1.0|1.0|1.0,,0.8751665499999999
photocatalytic MOFs with suitable band gaps,45,WeightedSum,4,qmof-ac6a77a,Zn4C76H44N8O16,0.82887956,2.401359,0.6433333333333333,1.0,,1.0,1.0,0.6433333333333333,1.0,,1|1|1|1,0.6433333333333333|1.0|1.0|1.0,,0.8751665499999999
photocatalytic MOFs with suitable band gaps,45,WeightedSum,5,qmof-13a76dd,Zn4C40H28N12O8,0.982716063,3.309168,0.6433333333333333,1.0,,1.0,1.0,0.6433333333333333,1.0,,1|1|1|1,0.6433333333333333|1.0|1.0|1.0,,0.8751665499999999
photocatalytic MOFs with suitable band gaps,46,GAT only,1,qmof-13a76dd,Zn4C40H28N12O8,0.982716063,3.309168,0.6433333333333333,1.0,,1.0,1.0,0.6433333333333333,1.0,,1|1|1|1,0.6433333333333333|1.0|1.0|1.0,,0.8751665499999999
photocatalytic MOFs with suitable band gaps,46,GAT only,2,qmof-e566fbb,Zn2C36H22N6O8,0.83426434,2.93315,0.6433333333333333,1.0,,1.0,1.0,0.6433333333333333,1.0,,1|1|1|1,0.6433333333333333|1.0|1.0|1.0,,0.8751665499999999
photocatalytic MOFs with suitable band gaps,46,GAT only,3,qmof-cef46c3,Zn2C48H32N8O8,0.7895211,2.913296,0.6433333333333333,1.0,,1.0,1.0,0.6433333333333333,1.0,,1|1|1|1,0.6433333333333333|1.0|1.0|1.0,,0.8751665499999999
photocatalytic MOFs with suitable band gaps,46,GAT only,4,qmof-c0f392b,Zn2C44H38N6O12,0.915527725,2.464185,0.6433333333333333,1.0,,1.0,1.0,0.6433333333333333,1.0,,1|1|1|1,0.6433333333333333|1.0|1.0|1.0,,0.8751665499999999
photocatalytic MOFs with suitable band gaps,46,GAT only,5,qmof-ac6a77a,Zn4C76H44N8O16,0.82887956,2.401359,0.6433333333333333,1.0,,1.0,1.0,0.6433333333333333,1.0,,1|1|1|1,0.6433333333333333|1.0|1.0|1.0,,0.8751665499999999
photocatalytic MOFs with suitable band gaps,46,GraphSAGE only,1,qmof-13a76dd,Zn4C40H28N12O8,0.982716063,3.309168,0.6433333333333333,1.0,,1.0,1.0,0.6433333333333333,1.0,,1|1|1|1,0.6433333333333333|1.0|1.0|1.0,,0.8751665499999999
photocatalytic MOFs with suitable band gaps,46,GraphSAGE only,2,qmof-e566fbb,Zn2C36H22N6O8,0.83426434,2.93315,0.6433333333333333,1.0,,1.0,1.0,0.6433333333333333,1.0,,1|1|1|1,0.6433333333333333|1.0|1.0|1.0,,0.8751665499999999
photocatalytic MOFs with suitable band gaps,46,GraphSAGE only,3,qmof-ac6a77a,Zn4C76H44N8O16,0.82887956,2.401359,0.6433333333333333,1.0,,1.0,1.0,0.6433333333333333,1.0,,1|1|1|1,0.6433333333333333|1.0|1.0|1.0,,0.8751665499999999
photocatalytic MOFs with suitable band gaps,46,GraphSAGE only,4,qmof-cef46c3,Zn2C48H32N8O8,0.7895211,2.913296,0.6433333333333333,1.0,,1.0,1.0,0.6433333333333333,1.0,,1|1|1|1,0.6433333333333333|1.0|1.0|1.0,,0.8751665499999999
photocatalytic MOFs with suitable band gaps,46,GraphSAGE only,5,qmof-c0f392b,Zn2C44H38N6O12,0.915527725,2.464185,0.6433333333333333,1.0,,1.0,1.0,0.6433333333333333,1.0,,1|1|1|1,0.6433333333333333|1.0|1.0|1.0,,0.8751665499999999
photocatalytic MOFs with suitable band gaps,46,LEA,1,qmof-ac6a77a,Zn4C76H44N8O16,0.82887956,2.401359,0.6433333333333333,1.0,,1.0,1.0,0.6433333333333333,1.0,,1|1|1|1,0.6433333333333333|1.0|1.0|1.0,,0.9703290045261384
photocatalytic MOFs with suitable band gaps,46,LEA,2,qmof-cef46c3,Zn2C48H32N8O8,0.7895211,2.913296,0.6433333333333333,1.0,,1.0,1.0,0.6433333333333333,1.0,,1|1|1|1,0.6433333333333333|1.0|1.0|1.0,,0.9703290045261384
photocatalytic MOFs with suitable band gaps,46,LEA,3,qmof-c0f392b,Zn2C44H38N6O12,0.915527725,2.464185,0.6433333333333333,1.0,,1.0,1.0,0.6433333333333333,1.0,,1|1|1|1,0.6433333333333333|1.0|1.0|1.0,,0.9703290045261384
photocatalytic MOFs with suitable band gaps,46,LEA,4,qmof-13a76dd,Zn4C40H28N12O8,0.982716063,3.309168,0.6433333333333333,1.0,,1.0,1.0,0.6433333333333333,1.0,,1|1|1|1,0.6433333333333333|1.0|1.0|1.0,,0.9703290045261384
photocatalytic MOFs with suitable band gaps,46,LEA,5,qmof-e566fbb,Zn2C36H22N6O8,0.83426434,2.93315,0.6433333333333333,1.0,,1.0,1.0,0.6433333333333333,1.0,,1|1|1|1,0.6433333333333333|1.0|1.0|1.0,,0.9597224026918412
photocatalytic MOFs with suitable band gaps,46,LEA no diversity,1,qmof-ac6a77a,Zn4C76H44N8O16,0.82887956,2.401359,0.6433333333333333,1.0,,1.0,1.0,0.6433333333333333,1.0,,1|1|1|1,0.6433333333333333|1.0|1.0|1.0,,0.9597224026918412
photocatalytic MOFs with suitable band gaps,46,LEA no diversity,2,qmof-cef46c3,Zn2C48H32N8O8,0.7895211,2.913296,0.6433333333333333,1.0,,1.0,1.0,0.6433333333333333,1.0,,1|1|1|1,0.6433333333333333|1.0|1.0|1.0,,0.9597224026918412
photocatalytic MOFs with suitable band gaps,46,LEA no diversity,3,qmof-c0f392b,Zn2C44H38N6O12,0.915527725,2.464185,0.6433333333333333,1.0,,1.0,1.0,0.6433333333333333,1.0,,1|1|1|1,0.6433333333333333|1.0|1.0|1.0,,0.9597224026918412
photocatalytic MOFs with suitable band gaps,46,LEA no diversity,4,qmof-13a76dd,Zn4C40H28N12O8,0.982716063,3.309168,0.6433333333333333,1.0,,1.0,1.0,0.6433333333333333,1.0,,1|1|1|1,0.6433333333333333|1.0|1.0|1.0,,0.9597224026918412
photocatalytic MOFs with suitable band gaps,46,LEA no diversity,5,qmof-e566fbb,Zn2C36H22N6O8,0.83426434,2.93315,0.6433333333333333,1.0,,1.0,1.0,0.6433333333333333,1.0,,1|1|1|1,0.6433333333333333|1.0|1.0|1.0,,0.9597224026918412
photocatalytic MOFs with suitable band gaps,46,LEA no self-cleaning,1,qmof-ac6a77a,Zn4C76H44N8O16,0.82887956,2.401359,0.6433333333333333,1.0,,1.0,1.0,0.6433333333333333,1.0,,1|1|1|1,0.6433333333333333|1.0|1.0|1.0,,0.9703290045261384
photocatalytic MOFs with suitable band gaps,46,LEA no self-cleaning,2,qmof-cef46c3,Zn2C48H32N8O8,0.7895211,2.913296,0.6433333333333333,1.0,,1.0,1.0,0.6433333333333333,1.0,,1|1|1|1,0.6433333333333333|1.0|1.0|1.0,,0.9703290045261384
photocatalytic MOFs with suitable band gaps,46,LEA no self-cleaning,3,qmof-c0f392b,Zn2C44H38N6O12,0.915527725,2.464185,0.6433333333333333,1.0,,1.0,1.0,0.6433333333333333,1.0,,1|1|1|1,0.6433333333333333|1.0|1.0|1.0,,0.9703290045261384
photocatalytic MOFs with suitable band gaps,46,LEA no self-cleaning,4,qmof-13a76dd,Zn4C40H28N12O8,0.982716063,3.309168,0.6433333333333333,1.0,,1.0,1.0,0.6433333333333333,1.0,,1|1|1|1,0.6433333333333333|1.0|1.0|1.0,,0.9703290045261384
photocatalytic MOFs with suitable band gaps,46,LEA no self-cleaning,5,qmof-e566fbb,Zn2C36H22N6O8,0.83426434,2.93315,0.6433333333333333,1.0,,1.0,1.0,0.6433333333333333,1.0,,1|1|1|1,0.6433333333333333|1.0|1.0|1.0,,0.9597224026918412
photocatalytic MOFs with suitable band gaps,46,LEA + GAT,1,qmof-13a76dd,Zn4C40H28N12O8,0.982716063,3.309168,0.6433333333333333,1.0,,1.0,1.0,0.6433333333333333,1.0,,1|1|1|1,0.6433333333333333|1.0|1.0|1.0,,0.898240116238594
photocatalytic MOFs with suitable band gaps,46,LEA + GAT,2,qmof-e566fbb,Zn2C36H22N6O8,0.83426434,2.93315,0.6433333333333333,1.0,,1.0,1.0,0.6433333333333333,1.0,,1|1|1|1,0.6433333333333333|1.0|1.0|1.0,,0.8921995639801026
photocatalytic MOFs with suitable band gaps,46,LEA + GAT,3,qmof-cef46c3,Zn2C48H32N8O8,0.7895211,2.913296,0.6433333333333333,1.0,,1.0,1.0,0.6433333333333333,1.0,,1|1|1|1,0.6433333333333333|1.0|1.0|1.0,,0.8898313075304032
photocatalytic MOFs with suitable band gaps,46,LEA + GAT,4,qmof-c0f392b,Zn2C44H38N6O12,0.915527725,2.464185,0.6433333333333333,1.0,,1.0,1.0,0.6433333333333333,1.0,,1|1|1|1,0.6433333333333333|1.0|1.0|1.0,,0.8845047548413276
photocatalytic MOFs with suitable band gaps,46,LEA + GAT,5,qmof-ac6a77a,Zn4C76H44N8O16,0.82887956,2.401359,0.6433333333333333,1.0,,1.0,1.0,0.6433333333333333,1.0,,1|1|1|1,0.6433333333333333|1.0|1.0|1.0,,0.8842393606901169
photocatalytic MOFs with suitable band gaps,46,LEA + GraphSAGE,1,qmof-13a76dd,Zn4C40H28N12O8,0.982716063,3.309168,0.6433333333333333,1.0,,1.0,1.0,0.6433333333333333,1.0,,1|1|1|1,0.6433333333333333|1.0|1.0|1.0,,0.8628705084323883
photocatalytic MOFs with suitable band gaps,46,LEA + GraphSAGE,2,qmof-e566fbb,Zn2C36H22N6O8,0.83426434,2.93315,0.6433333333333333,1.0,,1.0,1.0,0.6433333333333333,1.0,,1|1|1|1,0.6433333333333333|1.0|1.0|1.0,,0.8614974915981293
photocatalytic MOFs with suitable band gaps,46,LEA + GraphSAGE,3,qmof-ac6a77a,Zn4C76H44N8O16,0.82887956,2.401359,0.6433333333333333,1.0,,1.0,1.0,0.6433333333333333,1.0,,1|1|1|1,0.6433333333333333|1.0|1.0|1.0,,0.8603233605623245
photocatalytic MOFs with suitable band gaps,46,LEA + GraphSAGE,4,qmof-cef46c3,Zn2C48H32N8O8,0.7895211,2.913296,0.6433333333333333,1.0,,1.0,1.0,0.6433333333333333,1.0,,1|1|1|1,0.6433333333333333|1.0|1.0|1.0,,0.8600636690855026
photocatalytic MOFs with suitable band gaps,46,LEA + GraphSAGE,5,qmof-c0f392b,Zn2C44H38N6O12,0.915527725,2.464185,0.6433333333333333,1.0,,1.0,1.0,0.6433333333333333,1.0,,1|1|1|1,0.6433333333333333|1.0|1.0|1.0,,0.858823013305664
photocatalytic MOFs with suitable band gaps,46,MMR,1,qmof-e566fbb,Zn2C36H22N6O8,0.83426434,2.93315,0.6433333333333333,1.0,,1.0,1.0,0.6433333333333333,1.0,,1|1|1|1,0.6433333333333333|1.0|1.0|1.0,,0.8751665499999999
photocatalytic MOFs with suitable band gaps,46,MMR,2,qmof-13a76dd,Zn4C40H28N12O8,0.982716063,3.309168,0.6433333333333333,1.0,,1.0,1.0,0.6433333333333333,1.0,,1|1|1|1,0.6433333333333333|1.0|1.0|1.0,,0.8751665499999999
photocatalytic MOFs with suitable band gaps,46,MMR,3,qmof-c0f392b,Zn2C44H38N6O12,0.915527725,2.464185,0.6433333333333333,1.0,,1.0,1.0,0.6433333333333333,1.0,,1|1|1|1,0.6433333333333333|1.0|1.0|1.0,,0.8751665499999999
photocatalytic MOFs with suitable band gaps,46,MMR,4,qmof-cef46c3,Zn2C48H32N8O8,0.7895211,2.913296,0.6433333333333333,1.0,,1.0,1.0,0.6433333333333333,1.0,,1|1|1|1,0.6433333333333333|1.0|1.0|1.0,,0.8751665499999999
photocatalytic MOFs with suitable band gaps,46,MMR,5,qmof-ac6a77a,Zn4C76H44N8O16,0.82887956,2.401359,0.6433333333333333,1.0,,1.0,1.0,0.6433333333333333,1.0,,1|1|1|1,0.6433333333333333|1.0|1.0|1.0,,0.8751665499999999
photocatalytic MOFs with suitable band gaps,46,ParetoCrowding,1,qmof-e566fbb,Zn2C36H22N6O8,0.83426434,2.93315,0.6433333333333333,1.0,,1.0,1.0,0.6433333333333333,1.0,,1|1|1|1,0.6433333333333333|1.0|1.0|1.0,,0.8751665499999999
photocatalytic MOFs with suitable band gaps,46,ParetoCrowding,2,qmof-cef46c3,Zn2C48H32N8O8,0.7895211,2.913296,0.6433333333333333,1.0,,1.0,1.0,0.6433333333333333,1.0,,1|1|1|1,0.6433333333333333|1.0|1.0|1.0,,0.8751665499999999
photocatalytic MOFs with suitable band gaps,46,ParetoCrowding,3,qmof-c0f392b,Zn2C44H38N6O12,0.915527725,2.464185,0.6433333333333333,1.0,,1.0,1.0,0.6433333333333333,1.0,,1|1|1|1,0.6433333333333333|1.0|1.0|1.0,,0.8751665499999999
photocatalytic MOFs with suitable band gaps,46,ParetoCrowding,4,qmof-ac6a77a,Zn4C76H44N8O16,0.82887956,2.401359,0.6433333333333333,1.0,,1.0,1.0,0.6433333333333333,1.0,,1|1|1|1,0.6433333333333333|1.0|1.0|1.0,,0.8751665499999999
photocatalytic MOFs with suitable band gaps,46,ParetoCrowding,5,qmof-13a76dd,Zn4C40H28N12O8,0.982716063,3.309168,0.6433333333333333,1.0,,1.0,1.0,0.6433333333333333,1.0,,1|1|1|1,0.6433333333333333|1.0|1.0|1.0,,0.8751665499999999
photocatalytic MOFs with suitable band gaps,46,Random,1,qmof-1a901aa,Cd2C26H22N6O14,1.993047842,2.611235,0.6433333333333333,0.7,,0.7,1.0,0.6433333333333333,0.7,,1|1|1|1,0.6433333333333333|1.0|0.7|0.7,,0.75516655
photocatalytic MOFs with suitable band gaps,46,Random,2,qmof-1547f0e,Cu2C50H44I2N4P2,1.618035866,1.861861,0.6433333333333333,0.7,,0.7,1.0,0.6433333333333333,0.7,,1|1|1|1,0.6433333333333333|1.0|0.7|0.7,,0.75516655
photocatalytic MOFs with suitable band gaps,46,Random,3,qmof-a457b47,Cd2C24Cl2H22N10O4,1.809445487,1.34542,0.6433333333333333,0.7,,0.7,1.0,0.6433333333333333,0.7,,1|1|1|1,0.6433333333333333|1.0|0.7|0.7,,0.75516655
photocatalytic MOFs with suitable band gaps,46,Random,4,qmof-9fa0d98,Cu4C28H16N16O4,1.811535811,2.451271,0.6433333333333333,0.7,,0.7,1.0,0.6433333333333333,0.7,,1|1|1|1,0.6433333333333333|1.0|0.7|0.7,,0.75516655
photocatalytic MOFs with suitable band gaps,46,Random,5,qmof-5e9a520,Cu6C18H24N24O18,1.832865192,3.084819,0.6433333333333333,0.7,,0.7,1.0,0.6433333333333333,0.7,,1|1|1|1,0.6433333333333333|1.0|0.7|0.7,,0.75516655
photocatalytic MOFs with suitable band gaps,46,SemanticOnly,1,qmof-fed171f,Cu2C34H32I2N8,1.942910225,3.140349,0.6433333333333333,0.7,,0.7,1.0,0.6433333333333333,0.7,,1|1|1|1,0.6433333333333333|1.0|0.7|0.7,,0.75516655
photocatalytic MOFs with suitable band gaps,46,SemanticOnly,2,qmof-fd1f953,Cu2C26H18N6O8,1.868987904,2.532128,0.6433333333333333,0.7,,0.7,1.0,0.6433333333333333,0.7,,1|1|1|1,0.6433333333333333|1.0|0.7|0.7,,0.75516655
photocatalytic MOFs with suitable band gaps,46,SemanticOnly,3,qmof-f839aa6,Cu2C30H24N8O10S2,1.626782066,3.058718,0.6433333333333333,0.7,,0.7,1.0,0.6433333333333333,0.7,,1|1|1|1,0.6433333333333333|1.0|0.7|0.7,,0.75516655
photocatalytic MOFs with suitable band gaps,46,SemanticOnly,4,qmof-f837f30,CuC40H24N6O6,1.493300786,2.84042,0.6433333333333333,0.7,,0.7,1.0,0.6433333333333333,0.7,,1|1|1|1,0.6433333333333333|1.0|0.7|0.7,,0.75516655
photocatalytic MOFs with suitable band gaps,46,SemanticOnly,5,qmof-f7ad9cd,Cu2C16Cl4H24N12,1.72952347,3.427395,0.6433333333333333,0.7,,0.7,1.0,0.6433333333333333,0.7,,1|1|1|1,0.6433333333333333|1.0|0.7|0.7,,0.75516655
photocatalytic MOFs with suitable band gaps,46,TOPSIS,1,qmof-e566fbb,Zn2C36H22N6O8,0.83426434,2.93315,0.6433333333333333,1.0,,1.0,1.0,0.6433333333333333,1.0,,1|1|1|1,0.6433333333333333|1.0|1.0|1.0,,0.8751665499999999
photocatalytic MOFs with suitable band gaps,46,TOPSIS,2,qmof-cef46c3,Zn2C48H32N8O8,0.7895211,2.913296,0.6433333333333333,1.0,,1.0,1.0,0.6433333333333333,1.0,,1|1|1|1,0.6433333333333333|1.0|1.0|1.0,,0.8751665499999999
photocatalytic MOFs with suitable band gaps,46,TOPSIS,3,qmof-c0f392b,Zn2C44H38N6O12,0.915527725,2.464185,0.6433333333333333,1.0,,1.0,1.0,0.6433333333333333,1.0,,1|1|1|1,0.6433333333333333|1.0|1.0|1.0,,0.8751665499999999
photocatalytic MOFs with suitable band gaps,46,TOPSIS,4,qmof-ac6a77a,Zn4C76H44N8O16,0.82887956,2.401359,0.6433333333333333,1.0,,1.0,1.0,0.6433333333333333,1.0,,1|1|1|1,0.6433333333333333|1.0|1.0|1.0,,0.8751665499999999
photocatalytic MOFs with suitable band gaps,46,TOPSIS,5,qmof-13a76dd,Zn4C40H28N12O8,0.982716063,3.309168,0.6433333333333333,1.0,,1.0,1.0,0.6433333333333333,1.0,,1|1|1|1,0.6433333333333333|1.0|1.0|1.0,,0.8751665499999999
photocatalytic MOFs with suitable band gaps,46,WeightedSum,1,qmof-e566fbb,Zn2C36H22N6O8,0.83426434,2.93315,0.6433333333333333,1.0,,1.0,1.0,0.6433333333333333,1.0,,1|1|1|1,0.6433333333333333|1.0|1.0|1.0,,0.8751665499999999
photocatalytic MOFs with suitable band gaps,46,WeightedSum,2,qmof-cef46c3,Zn2C48H32N8O8,0.7895211,2.913296,0.6433333333333333,1.0,,1.0,1.0,0.6433333333333333,1.0,,1|1|1|1,0.6433333333333333|1.0|1.0|1.0,,0.8751665499999999
photocatalytic MOFs with suitable band gaps,46,WeightedSum,3,qmof-c0f392b,Zn2C44H38N6O12,0.915527725,2.464185,0.6433333333333333,1.0,,1.0,1.0,0.6433333333333333,1.0,,1|1|1|1,0.6433333333333333|1.0|1.0|1.0,,0.8751665499999999
photocatalytic MOFs with suitable band gaps,46,WeightedSum,4,qmof-ac6a77a,Zn4C76H44N8O16,0.82887956,2.401359,0.6433333333333333,1.0,,1.0,1.0,0.6433333333333333,1.0,,1|1|1|1,0.6433333333333333|1.0|1.0|1.0,,0.8751665499999999
photocatalytic MOFs with suitable band gaps,46,WeightedSum,5,qmof-13a76dd,Zn4C40H28N12O8,0.982716063,3.309168,0.6433333333333333,1.0,,1.0,1.0,0.6433333333333333,1.0,,1|1|1|1,0.6433333333333333|1.0|1.0|1.0,,0.8751665499999999
photocatalytic MOFs with suitable band gaps,47,GAT only,1,qmof-13a76dd,Zn4C40H28N12O8,0.982716063,3.309168,0.6433333333333333,1.0,,1.0,1.0,0.6433333333333333,1.0,,1|1|1|1,0.6433333333333333|1.0|1.0|1.0,,0.8751665499999999
photocatalytic MOFs with suitable band gaps,47,GAT only,2,qmof-e566fbb,Zn2C36H22N6O8,0.83426434,2.93315,0.6433333333333333,1.0,,1.0,1.0,0.6433333333333333,1.0,,1|1|1|1,0.6433333333333333|1.0|1.0|1.0,,0.8751665499999999
photocatalytic MOFs with suitable band gaps,47,GAT only,3,qmof-cef46c3,Zn2C48H32N8O8,0.7895211,2.913296,0.6433333333333333,1.0,,1.0,1.0,0.6433333333333333,1.0,,1|1|1|1,0.6433333333333333|1.0|1.0|1.0,,0.8751665499999999
photocatalytic MOFs with suitable band gaps,47,GAT only,4,qmof-c0f392b,Zn2C44H38N6O12,0.915527725,2.464185,0.6433333333333333,1.0,,1.0,1.0,0.6433333333333333,1.0,,1|1|1|1,0.6433333333333333|1.0|1.0|1.0,,0.8751665499999999
photocatalytic MOFs with suitable band gaps,47,GAT only,5,qmof-ac6a77a,Zn4C76H44N8O16,0.82887956,2.401359,0.6433333333333333,1.0,,1.0,1.0,0.6433333333333333,1.0,,1|1|1|1,0.6433333333333333|1.0|1.0|1.0,,0.8751665499999999
photocatalytic MOFs with suitable band gaps,47,GraphSAGE only,1,qmof-13a76dd,Zn4C40H28N12O8,0.982716063,3.309168,0.6433333333333333,1.0,,1.0,1.0,0.6433333333333333,1.0,,1|1|1|1,0.6433333333333333|1.0|1.0|1.0,,0.8751665499999999
photocatalytic MOFs with suitable band gaps,47,GraphSAGE only,2,qmof-e566fbb,Zn2C36H22N6O8,0.83426434,2.93315,0.6433333333333333,1.0,,1.0,1.0,0.6433333333333333,1.0,,1|1|1|1,0.6433333333333333|1.0|1.0|1.0,,0.8751665499999999
photocatalytic MOFs with suitable band gaps,47,GraphSAGE only,3,qmof-ac6a77a,Zn4C76H44N8O16,0.82887956,2.401359,0.6433333333333333,1.0,,1.0,1.0,0.6433333333333333,1.0,,1|1|1|1,0.6433333333333333|1.0|1.0|1.0,,0.8751665499999999
photocatalytic MOFs with suitable band gaps,47,GraphSAGE only,4,qmof-cef46c3,Zn2C48H32N8O8,0.7895211,2.913296,0.6433333333333333,1.0,,1.0,1.0,0.6433333333333333,1.0,,1|1|1|1,0.6433333333333333|1.0|1.0|1.0,,0.8751665499999999
photocatalytic MOFs with suitable band gaps,47,GraphSAGE only,5,qmof-c0f392b,Zn2C44H38N6O12,0.915527725,2.464185,0.6433333333333333,1.0,,1.0,1.0,0.6433333333333333,1.0,,1|1|1|1,0.6433333333333333|1.0|1.0|1.0,,0.8751665499999999
photocatalytic MOFs with suitable band gaps,47,LEA,1,qmof-c0f392b,Zn2C44H38N6O12,0.915527725,2.464185,0.6433333333333333,1.0,,1.0,1.0,0.6433333333333333,1.0,,1|1|1|1,0.6433333333333333|1.0|1.0|1.0,,0.9703290045261384
photocatalytic MOFs with suitable band gaps,47,LEA,2,qmof-e566fbb,Zn2C36H22N6O8,0.83426434,2.93315,0.6433333333333333,1.0,,1.0,1.0,0.6433333333333333,1.0,,1|1|1|1,0.6433333333333333|1.0|1.0|1.0,,0.9703290045261384
photocatalytic MOFs with suitable band gaps,47,LEA,3,qmof-cef46c3,Zn2C48H32N8O8,0.7895211,2.913296,0.6433333333333333,1.0,,1.0,1.0,0.6433333333333333,1.0,,1|1|1|1,0.6433333333333333|1.0|1.0|1.0,,0.9703290045261384
photocatalytic MOFs with suitable band gaps,47,LEA,4,qmof-ac6a77a,Zn4C76H44N8O16,0.82887956,2.401359,0.6433333333333333,1.0,,1.0,1.0,0.6433333333333333,1.0,,1|1|1|1,0.6433333333333333|1.0|1.0|1.0,,0.9703290045261384
photocatalytic MOFs with suitable band gaps,47,LEA,5,qmof-13a76dd,Zn4C40H28N12O8,0.982716063,3.309168,0.6433333333333333,1.0,,1.0,1.0,0.6433333333333333,1.0,,1|1|1|1,0.6433333333333333|1.0|1.0|1.0,,0.9597224026918412
photocatalytic MOFs with suitable band gaps,47,LEA no diversity,1,qmof-c0f392b,Zn2C44H38N6O12,0.915527725,2.464185,0.6433333333333333,1.0,,1.0,1.0,0.6433333333333333,1.0,,1|1|1|1,0.6433333333333333|1.0|1.0|1.0,,0.9597224026918412
photocatalytic MOFs with suitable band gaps,47,LEA no diversity,2,qmof-e566fbb,Zn2C36H22N6O8,0.83426434,2.93315,0.6433333333333333,1.0,,1.0,1.0,0.6433333333333333,1.0,,1|1|1|1,0.6433333333333333|1.0|1.0|1.0,,0.9597224026918412
photocatalytic MOFs with suitable band gaps,47,LEA no diversity,3,qmof-cef46c3,Zn2C48H32N8O8,0.7895211,2.913296,0.6433333333333333,1.0,,1.0,1.0,0.6433333333333333,1.0,,1|1|1|1,0.6433333333333333|1.0|1.0|1.0,,0.9597224026918412
photocatalytic MOFs with suitable band gaps,47,LEA no diversity,4,qmof-ac6a77a,Zn4C76H44N8O16,0.82887956,2.401359,0.6433333333333333,1.0,,1.0,1.0,0.6433333333333333,1.0,,1|1|1|1,0.6433333333333333|1.0|1.0|1.0,,0.9597224026918412
photocatalytic MOFs with suitable band gaps,47,LEA no diversity,5,qmof-13a76dd,Zn4C40H28N12O8,0.982716063,3.309168,0.6433333333333333,1.0,,1.0,1.0,0.6433333333333333,1.0,,1|1|1|1,0.6433333333333333|1.0|1.0|1.0,,0.9597224026918412
photocatalytic MOFs with suitable band gaps,47,LEA no self-cleaning,1,qmof-c0f392b,Zn2C44H38N6O12,0.915527725,2.464185,0.6433333333333333,1.0,,1.0,1.0,0.6433333333333333,1.0,,1|1|1|1,0.6433333333333333|1.0|1.0|1.0,,0.9703290045261384
photocatalytic MOFs with suitable band gaps,47,LEA no self-cleaning,2,qmof-e566fbb,Zn2C36H22N6O8,0.83426434,2.93315,0.6433333333333333,1.0,,1.0,1.0,0.6433333333333333,1.0,,1|1|1|1,0.6433333333333333|1.0|1.0|1.0,,0.9703290045261384
photocatalytic MOFs with suitable band gaps,47,LEA no self-cleaning,3,qmof-cef46c3,Zn2C48H32N8O8,0.7895211,2.913296,0.6433333333333333,1.0,,1.0,1.0,0.6433333333333333,1.0,,1|1|1|1,0.6433333333333333|1.0|1.0|1.0,,0.9703290045261384
photocatalytic MOFs with suitable band gaps,47,LEA no self-cleaning,4,qmof-ac6a77a,Zn4C76H44N8O16,0.82887956,2.401359,0.6433333333333333,1.0,,1.0,1.0,0.6433333333333333,1.0,,1|1|1|1,0.6433333333333333|1.0|1.0|1.0,,0.9703290045261384
photocatalytic MOFs with suitable band gaps,47,LEA no self-cleaning,5,qmof-13a76dd,Zn4C40H28N12O8,0.982716063,3.309168,0.6433333333333333,1.0,,1.0,1.0,0.6433333333333333,1.0,,1|1|1|1,0.6433333333333333|1.0|1.0|1.0,,0.9597224026918412
photocatalytic MOFs with suitable band gaps,47,LEA + GAT,1,qmof-13a76dd,Zn4C40H28N12O8,0.982716063,3.309168,0.6433333333333333,1.0,,1.0,1.0,0.6433333333333333,1.0,,1|1|1|1,0.6433333333333333|1.0|1.0|1.0,,0.898240116238594
photocatalytic MOFs with suitable band gaps,47,LEA + GAT,2,qmof-e566fbb,Zn2C36H22N6O8,0.83426434,2.93315,0.6433333333333333,1.0,,1.0,1.0,0.6433333333333333,1.0,,1|1|1|1,0.6433333333333333|1.0|1.0|1.0,,0.8921995639801026
photocatalytic MOFs with suitable band gaps,47,LEA + GAT,3,qmof-cef46c3,Zn2C48H32N8O8,0.7895211,2.913296,0.6433333333333333,1.0,,1.0,1.0,0.6433333333333333,1.0,,1|1|1|1,0.6433333333333333|1.0|1.0|1.0,,0.8898313075304032
photocatalytic MOFs with suitable band gaps,47,LEA + GAT,4,qmof-c0f392b,Zn2C44H38N6O12,0.915527725,2.464185,0.6433333333333333,1.0,,1.0,1.0,0.6433333333333333,1.0,,1|1|1|1,0.6433333333333333|1.0|1.0|1.0,,0.8845047548413276
photocatalytic MOFs with suitable band gaps,47,LEA + GAT,5,qmof-ac6a77a,Zn4C76H44N8O16,0.82887956,2.401359,0.6433333333333333,1.0,,1.0,1.0,0.6433333333333333,1.0,,1|1|1|1,0.6433333333333333|1.0|1.0|1.0,,0.8842393606901169
photocatalytic MOFs with suitable band gaps,47,LEA + GraphSAGE,1,qmof-13a76dd,Zn4C40H28N12O8,0.982716063,3.309168,0.6433333333333333,1.0,,1.0,1.0,0.6433333333333333,1.0,,1|1|1|1,0.6433333333333333|1.0|1.0|1.0,,0.8628705084323883
photocatalytic MOFs with suitable band gaps,47,LEA + GraphSAGE,2,qmof-e566fbb,Zn2C36H22N6O8,0.83426434,2.93315,0.6433333333333333,1.0,,1.0,1.0,0.6433333333333333,1.0,,1|1|1|1,0.6433333333333333|1.0|1.0|1.0,,0.8614974915981293
photocatalytic MOFs with suitable band gaps,47,LEA + GraphSAGE,3,qmof-ac6a77a,Zn4C76H44N8O16,0.82887956,2.401359,0.6433333333333333,1.0,,1.0,1.0,0.6433333333333333,1.0,,1|1|1|1,0.6433333333333333|1.0|1.0|1.0,,0.8603233605623245
photocatalytic MOFs with suitable band gaps,47,LEA + GraphSAGE,4,qmof-cef46c3,Zn2C48H32N8O8,0.7895211,2.913296,0.6433333333333333,1.0,,1.0,1.0,0.6433333333333333,1.0,,1|1|1|1,0.6433333333333333|1.0|1.0|1.0,,0.8600636690855026
photocatalytic MOFs with suitable band gaps,47,LEA + GraphSAGE,5,qmof-c0f392b,Zn2C44H38N6O12,0.915527725,2.464185,0.6433333333333333,1.0,,1.0,1.0,0.6433333333333333,1.0,,1|1|1|1,0.6433333333333333|1.0|1.0|1.0,,0.858823013305664
photocatalytic MOFs with suitable band gaps,47,MMR,1,qmof-13a76dd,Zn4C40H28N12O8,0.982716063,3.309168,0.6433333333333333,1.0,,1.0,1.0,0.6433333333333333,1.0,,1|1|1|1,0.6433333333333333|1.0|1.0|1.0,,0.8751665499999999
photocatalytic MOFs with suitable band gaps,47,MMR,2,qmof-ac6a77a,Zn4C76H44N8O16,0.82887956,2.401359,0.6433333333333333,1.0,,1.0,1.0,0.6433333333333333,1.0,,1|1|1|1,0.6433333333333333|1.0|1.0|1.0,,0.8751665499999999
photocatalytic MOFs with suitable band gaps,47,MMR,3,qmof-cef46c3,Zn2C48H32N8O8,0.7895211,2.913296,0.6433333333333333,1.0,,1.0,1.0,0.6433333333333333,1.0,,1|1|1|1,0.6433333333333333|1.0|1.0|1.0,,0.8751665499999999
photocatalytic MOFs with suitable band gaps,47,MMR,4,qmof-e566fbb,Zn2C36H22N6O8,0.83426434,2.93315,0.6433333333333333,1.0,,1.0,1.0,0.6433333333333333,1.0,,1|1|1|1,0.6433333333333333|1.0|1.0|1.0,,0.8751665499999999
photocatalytic MOFs with suitable band gaps,47,MMR,5,qmof-c0f392b,Zn2C44H38N6O12,0.915527725,2.464185,0.6433333333333333,1.0,,1.0,1.0,0.6433333333333333,1.0,,1|1|1|1,0.6433333333333333|1.0|1.0|1.0,,0.8751665499999999
photocatalytic MOFs with suitable band gaps,47,ParetoCrowding,1,qmof-e566fbb,Zn2C36H22N6O8,0.83426434,2.93315,0.6433333333333333,1.0,,1.0,1.0,0.6433333333333333,1.0,,1|1|1|1,0.6433333333333333|1.0|1.0|1.0,,0.8751665499999999
photocatalytic MOFs with suitable band gaps,47,ParetoCrowding,2,qmof-cef46c3,Zn2C48H32N8O8,0.7895211,2.913296,0.6433333333333333,1.0,,1.0,1.0,0.6433333333333333,1.0,,1|1|1|1,0.6433333333333333|1.0|1.0|1.0,,0.8751665499999999
photocatalytic MOFs with suitable band gaps,47,ParetoCrowding,3,qmof-c0f392b,Zn2C44H38N6O12,0.915527725,2.464185,0.6433333333333333,1.0,,1.0,1.0,0.6433333333333333,1.0,,1|1|1|1,0.6433333333333333|1.0|1.0|1.0,,0.8751665499999999
photocatalytic MOFs with suitable band gaps,47,ParetoCrowding,4,qmof-ac6a77a,Zn4C76H44N8O16,0.82887956,2.401359,0.6433333333333333,1.0,,1.0,1.0,0.6433333333333333,1.0,,1|1|1|1,0.6433333333333333|1.0|1.0|1.0,,0.8751665499999999
photocatalytic MOFs with suitable band gaps,47,ParetoCrowding,5,qmof-13a76dd,Zn4C40H28N12O8,0.982716063,3.309168,0.6433333333333333,1.0,,1.0,1.0,0.6433333333333333,1.0,,1|1|1|1,0.6433333333333333|1.0|1.0|1.0,,0.8751665499999999
photocatalytic MOFs with suitable band gaps,47,Random,1,qmof-8ccd876,Cu2C16Cl4H12N16,1.917751718,3.383301,0.6433333333333333,0.7,,0.7,1.0,0.6433333333333333,0.7,,1|1|1|1,0.6433333333333333|1.0|0.7|0.7,,0.75516655
photocatalytic MOFs with suitable band gaps,47,Random,2,qmof-ba1edaa,Zn2C32H20O16,1.846057273,3.173971,0.6433333333333333,0.7,,0.7,1.0,0.6433333333333333,0.7,,1|1|1|1,0.6433333333333333|1.0|0.7|0.7,,0.75516655
photocatalytic MOFs with suitable band gaps,47,Random,3,qmof-fcfab15,Zn2C48H36N8O12,1.544337866,3.105757,0.6433333333333333,0.7,,0.7,1.0,0.6433333333333333,0.7,,1|1|1|1,0.6433333333333333|1.0|0.7|0.7,,0.75516655
photocatalytic MOFs with suitable band gaps,47,Random,4,qmof-5bdb017,Zn6C44H44N24O24S4,1.99058821,2.492125,0.6433333333333333,0.7,,0.7,1.0,0.6433333333333333,0.7,,1|1|1|1,0.6433333333333333|1.0|0.7|0.7,,0.75516655
photocatalytic MOFs with suitable band gaps,47,Random,5,qmof-4d2d076,Cu4C56H40N8O12,1.804269,1.094519,0.6433333333333333,0.7,,0.7,1.0,0.6433333333333333,0.7,,1|1|1|1,0.6433333333333333|1.0|0.7|0.7,,0.75516655
photocatalytic MOFs with suitable band gaps,47,SemanticOnly,1,qmof-fd1f953,Cu2C26H18N6O8,1.868987904,2.532128,0.6433333333333333,0.7,,0.7,1.0,0.6433333333333333,0.7,,1|1|1|1,0.6433333333333333|1.0|0.7|0.7,,0.75516655
photocatalytic MOFs with suitable band gaps,47,SemanticOnly,2,qmof-fcfab15,Zn2C48H36N8O12,1.544337866,3.105757,0.6433333333333333,0.7,,0.7,1.0,0.6433333333333333,0.7,,1|1|1|1,0.6433333333333333|1.0|0.7|0.7,,0.75516655
photocatalytic MOFs with suitable band gaps,47,SemanticOnly,3,qmof-fbbaa9a,Zn2C44H36N4O8,1.463154202,3.080504,0.6433333333333333,0.7,,0.7,1.0,0.6433333333333333,0.7,,1|1|1|1,0.6433333333333333|1.0|0.7|0.7,,0.75516655
photocatalytic MOFs with suitable band gaps,47,SemanticOnly,4,qmof-f837f30,CuC40H24N6O6,1.493300786,2.84042,0.6433333333333333,0.7,,0.7,1.0,0.6433333333333333,0.7,,1|1|1|1,0.6433333333333333|1.0|0.7|0.7,,0.75516655
photocatalytic MOFs with suitable band gaps,47,SemanticOnly,5,qmof-f5dbc93,Cd2C52F12H32N4O12,1.743653025,2.878806,0.6433333333333333,0.7,,0.7,1.0,0.6433333333333333,0.7,,1|1|1|1,0.6433333333333333|1.0|0.7|0.7,,0.75516655
photocatalytic MOFs with suitable band gaps,47,TOPSIS,1,qmof-e566fbb,Zn2C36H22N6O8,0.83426434,2.93315,0.6433333333333333,1.0,,1.0,1.0,0.6433333333333333,1.0,,1|1|1|1,0.6433333333333333|1.0|1.0|1.0,,0.8751665499999999
photocatalytic MOFs with suitable band gaps,47,TOPSIS,2,qmof-cef46c3,Zn2C48H32N8O8,0.7895211,2.913296,0.6433333333333333,1.0,,1.0,1.0,0.6433333333333333,1.0,,1|1|1|1,0.6433333333333333|1.0|1.0|1.0,,0.8751665499999999
photocatalytic MOFs with suitable band gaps,47,TOPSIS,3,qmof-c0f392b,Zn2C44H38N6O12,0.915527725,2.464185,0.6433333333333333,1.0,,1.0,1.0,0.6433333333333333,1.0,,1|1|1|1,0.6433333333333333|1.0|1.0|1.0,,0.8751665499999999
photocatalytic MOFs with suitable band gaps,47,TOPSIS,4,qmof-ac6a77a,Zn4C76H44N8O16,0.82887956,2.401359,0.6433333333333333,1.0,,1.0,1.0,0.6433333333333333,1.0,,1|1|1|1,0.6433333333333333|1.0|1.0|1.0,,0.8751665499999999
photocatalytic MOFs with suitable band gaps,47,TOPSIS,5,qmof-13a76dd,Zn4C40H28N12O8,0.982716063,3.309168,0.6433333333333333,1.0,,1.0,1.0,0.6433333333333333,1.0,,1|1|1|1,0.6433333333333333|1.0|1.0|1.0,,0.8751665499999999
photocatalytic MOFs with suitable band gaps,47,WeightedSum,1,qmof-e566fbb,Zn2C36H22N6O8,0.83426434,2.93315,0.6433333333333333,1.0,,1.0,1.0,0.6433333333333333,1.0,,1|1|1|1,0.6433333333333333|1.0|1.0|1.0,,0.8751665499999999
photocatalytic MOFs with suitable band gaps,47,WeightedSum,2,qmof-cef46c3,Zn2C48H32N8O8,0.7895211,2.913296,0.6433333333333333,1.0,,1.0,1.0,0.6433333333333333,1.0,,1|1|1|1,0.6433333333333333|1.0|1.0|1.0,,0.8751665499999999
photocatalytic MOFs with suitable band gaps,47,WeightedSum,3,qmof-c0f392b,Zn2C44H38N6O12,0.915527725,2.464185,0.6433333333333333,1.0,,1.0,1.0,0.6433333333333333,1.0,,1|1|1|1,0.6433333333333333|1.0|1.0|1.0,,0.8751665499999999
photocatalytic MOFs with suitable band gaps,47,WeightedSum,4,qmof-ac6a77a,Zn4C76H44N8O16,0.82887956,2.401359,0.6433333333333333,1.0,,1.0,1.0,0.6433333333333333,1.0,,1|1|1|1,0.6433333333333333|1.0|1.0|1.0,,0.8751665499999999
photocatalytic MOFs with suitable band gaps,47,WeightedSum,5,qmof-13a76dd,Zn4C40H28N12O8,0.982716063,3.309168,0.6433333333333333,1.0,,1.0,1.0,0.6433333333333333,1.0,,1|1|1|1,0.6433333333333333|1.0|1.0|1.0,,0.8751665499999999
photocatalytic MOFs with suitable band gaps,48,GAT only,1,qmof-13a76dd,Zn4C40H28N12O8,0.982716063,3.309168,0.6433333333333333,1.0,,1.0,1.0,0.6433333333333333,1.0,,1|1|1|1,0.6433333333333333|1.0|1.0|1.0,,0.8751665499999999
photocatalytic MOFs with suitable band gaps,48,GAT only,2,qmof-e566fbb,Zn2C36H22N6O8,0.83426434,2.93315,0.6433333333333333,1.0,,1.0,1.0,0.6433333333333333,1.0,,1|1|1|1,0.6433333333333333|1.0|1.0|1.0,,0.8751665499999999
photocatalytic MOFs with suitable band gaps,48,GAT only,3,qmof-cef46c3,Zn2C48H32N8O8,0.7895211,2.913296,0.6433333333333333,1.0,,1.0,1.0,0.6433333333333333,1.0,,1|1|1|1,0.6433333333333333|1.0|1.0|1.0,,0.8751665499999999
photocatalytic MOFs with suitable band gaps,48,GAT only,4,qmof-c0f392b,Zn2C44H38N6O12,0.915527725,2.464185,0.6433333333333333,1.0,,1.0,1.0,0.6433333333333333,1.0,,1|1|1|1,0.6433333333333333|1.0|1.0|1.0,,0.8751665499999999
photocatalytic MOFs with suitable band gaps,48,GAT only,5,qmof-ac6a77a,Zn4C76H44N8O16,0.82887956,2.401359,0.6433333333333333,1.0,,1.0,1.0,0.6433333333333333,1.0,,1|1|1|1,0.6433333333333333|1.0|1.0|1.0,,0.8751665499999999
photocatalytic MOFs with suitable band gaps,48,GraphSAGE only,1,qmof-13a76dd,Zn4C40H28N12O8,0.982716063,3.309168,0.6433333333333333,1.0,,1.0,1.0,0.6433333333333333,1.0,,1|1|1|1,0.6433333333333333|1.0|1.0|1.0,,0.8751665499999999
photocatalytic MOFs with suitable band gaps,48,GraphSAGE only,2,qmof-e566fbb,Zn2C36H22N6O8,0.83426434,2.93315,0.6433333333333333,1.0,,1.0,1.0,0.6433333333333333,1.0,,1|1|1|1,0.6433333333333333|1.0|1.0|1.0,,0.8751665499999999
photocatalytic MOFs with suitable band gaps,48,GraphSAGE only,3,qmof-ac6a77a,Zn4C76H44N8O16,0.82887956,2.401359,0.6433333333333333,1.0,,1.0,1.0,0.6433333333333333,1.0,,1|1|1|1,0.6433333333333333|1.0|1.0|1.0,,0.8751665499999999
photocatalytic MOFs with suitable band gaps,48,GraphSAGE only,4,qmof-cef46c3,Zn2C48H32N8O8,0.7895211,2.913296,0.6433333333333333,1.0,,1.0,1.0,0.6433333333333333,1.0,,1|1|1|1,0.6433333333333333|1.0|1.0|1.0,,0.8751665499999999
photocatalytic MOFs with suitable band gaps,48,GraphSAGE only,5,qmof-c0f392b,Zn2C44H38N6O12,0.915527725,2.464185,0.6433333333333333,1.0,,1.0,1.0,0.6433333333333333,1.0,,1|1|1|1,0.6433333333333333|1.0|1.0|1.0,,0.8751665499999999
photocatalytic MOFs with suitable band gaps,48,LEA,1,qmof-c0f392b,Zn2C44H38N6O12,0.915527725,2.464185,0.6433333333333333,1.0,,1.0,1.0,0.6433333333333333,1.0,,1|1|1|1,0.6433333333333333|1.0|1.0|1.0,,0.9703290045261384
photocatalytic MOFs with suitable band gaps,48,LEA,2,qmof-ac6a77a,Zn4C76H44N8O16,0.82887956,2.401359,0.6433333333333333,1.0,,1.0,1.0,0.6433333333333333,1.0,,1|1|1|1,0.6433333333333333|1.0|1.0|1.0,,0.9703290045261384
photocatalytic MOFs with suitable band gaps,48,LEA,3,qmof-13a76dd,Zn4C40H28N12O8,0.982716063,3.309168,0.6433333333333333,1.0,,1.0,1.0,0.6433333333333333,1.0,,1|1|1|1,0.6433333333333333|1.0|1.0|1.0,,0.9703290045261384
photocatalytic MOFs with suitable band gaps,48,LEA,4,qmof-cef46c3,Zn2C48H32N8O8,0.7895211,2.913296,0.6433333333333333,1.0,,1.0,1.0,0.6433333333333333,1.0,,1|1|1|1,0.6433333333333333|1.0|1.0|1.0,,0.9703290045261384
photocatalytic MOFs with suitable band gaps,48,LEA,5,qmof-e566fbb,Zn2C36H22N6O8,0.83426434,2.93315,0.6433333333333333,1.0,,1.0,1.0,0.6433333333333333,1.0,,1|1|1|1,0.6433333333333333|1.0|1.0|1.0,,0.9597224026918412
photocatalytic MOFs with suitable band gaps,48,LEA no diversity,1,qmof-c0f392b,Zn2C44H38N6O12,0.915527725,2.464185,0.6433333333333333,1.0,,1.0,1.0,0.6433333333333333,1.0,,1|1|1|1,0.6433333333333333|1.0|1.0|1.0,,0.9597224026918412
photocatalytic MOFs with suitable band gaps,48,LEA no diversity,2,qmof-ac6a77a,Zn4C76H44N8O16,0.82887956,2.401359,0.6433333333333333,1.0,,1.0,1.0,0.6433333333333333,1.0,,1|1|1|1,0.6433333333333333|1.0|1.0|1.0,,0.9597224026918412
photocatalytic MOFs with suitable band gaps,48,LEA no diversity,3,qmof-13a76dd,Zn4C40H28N12O8,0.982716063,3.309168,0.6433333333333333,1.0,,1.0,1.0,0.6433333333333333,1.0,,1|1|1|1,0.6433333333333333|1.0|1.0|1.0,,0.9597224026918412
photocatalytic MOFs with suitable band gaps,48,LEA no diversity,4,qmof-cef46c3,Zn2C48H32N8O8,0.7895211,2.913296,0.6433333333333333,1.0,,1.0,1.0,0.6433333333333333,1.0,,1|1|1|1,0.6433333333333333|1.0|1.0|1.0,,0.9597224026918412
photocatalytic MOFs with suitable band gaps,48,LEA no diversity,5,qmof-e566fbb,Zn2C36H22N6O8,0.83426434,2.93315,0.6433333333333333,1.0,,1.0,1.0,0.6433333333333333,1.0,,1|1|1|1,0.6433333333333333|1.0|1.0|1.0,,0.9597224026918412
photocatalytic MOFs with suitable band gaps,48,LEA no self-cleaning,1,qmof-c0f392b,Zn2C44H38N6O12,0.915527725,2.464185,0.6433333333333333,1.0,,1.0,1.0,0.6433333333333333,1.0,,1|1|1|1,0.6433333333333333|1.0|1.0|1.0,,0.9703290045261384
photocatalytic MOFs with suitable band gaps,48,LEA no self-cleaning,2,qmof-ac6a77a,Zn4C76H44N8O16,0.82887956,2.401359,0.6433333333333333,1.0,,1.0,1.0,0.6433333333333333,1.0,,1|1|1|1,0.6433333333333333|1.0|1.0|1.0,,0.9703290045261384
photocatalytic MOFs with suitable band gaps,48,LEA no self-cleaning,3,qmof-13a76dd,Zn4C40H28N12O8,0.982716063,3.309168,0.6433333333333333,1.0,,1.0,1.0,0.6433333333333333,1.0,,1|1|1|1,0.6433333333333333|1.0|1.0|1.0,,0.9703290045261384
photocatalytic MOFs with suitable band gaps,48,LEA no self-cleaning,4,qmof-cef46c3,Zn2C48H32N8O8,0.7895211,2.913296,0.6433333333333333,1.0,,1.0,1.0,0.6433333333333333,1.0,,1|1|1|1,0.6433333333333333|1.0|1.0|1.0,,0.9703290045261384
photocatalytic MOFs with suitable band gaps,48,LEA no self-cleaning,5,qmof-e566fbb,Zn2C36H22N6O8,0.83426434,2.93315,0.6433333333333333,1.0,,1.0,1.0,0.6433333333333333,1.0,,1|1|1|1,0.6433333333333333|1.0|1.0|1.0,,0.9597224026918412
photocatalytic MOFs with suitable band gaps,48,LEA + GAT,1,qmof-13a76dd,Zn4C40H28N12O8,0.982716063,3.309168,0.6433333333333333,1.0,,1.0,1.0,0.6433333333333333,1.0,,1|1|1|1,0.6433333333333333|1.0|1.0|1.0,,0.898240116238594
photocatalytic MOFs with suitable band gaps,48,LEA + GAT,2,qmof-e566fbb,Zn2C36H22N6O8,0.83426434,2.93315,0.6433333333333333,1.0,,1.0,1.0,0.6433333333333333,1.0,,1|1|1|1,0.6433333333333333|1.0|1.0|1.0,,0.8921995639801026
photocatalytic MOFs with suitable band gaps,48,LEA + GAT,3,qmof-cef46c3,Zn2C48H32N8O8,0.7895211,2.913296,0.6433333333333333,1.0,,1.0,1.0,0.6433333333333333,1.0,,1|1|1|1,0.6433333333333333|1.0|1.0|1.0,,0.8898313075304032
photocatalytic MOFs with suitable band gaps,48,LEA + GAT,4,qmof-c0f392b,Zn2C44H38N6O12,0.915527725,2.464185,0.6433333333333333,1.0,,1.0,1.0,0.6433333333333333,1.0,,1|1|1|1,0.6433333333333333|1.0|1.0|1.0,,0.8845047548413276
photocatalytic MOFs with suitable band gaps,48,LEA + GAT,5,qmof-ac6a77a,Zn4C76H44N8O16,0.82887956,2.401359,0.6433333333333333,1.0,,1.0,1.0,0.6433333333333333,1.0,,1|1|1|1,0.6433333333333333|1.0|1.0|1.0,,0.8842393606901169
photocatalytic MOFs with suitable band gaps,48,LEA + GraphSAGE,1,qmof-13a76dd,Zn4C40H28N12O8,0.982716063,3.309168,0.6433333333333333,1.0,,1.0,1.0,0.6433333333333333,1.0,,1|1|1|1,0.6433333333333333|1.0|1.0|1.0,,0.8628705084323883
photocatalytic MOFs with suitable band gaps,48,LEA + GraphSAGE,2,qmof-e566fbb,Zn2C36H22N6O8,0.83426434,2.93315,0.6433333333333333,1.0,,1.0,1.0,0.6433333333333333,1.0,,1|1|1|1,0.6433333333333333|1.0|1.0|1.0,,0.8614974915981293
photocatalytic MOFs with suitable band gaps,48,LEA + GraphSAGE,3,qmof-ac6a77a,Zn4C76H44N8O16,0.82887956,2.401359,0.6433333333333333,1.0,,1.0,1.0,0.6433333333333333,1.0,,1|1|1|1,0.6433333333333333|1.0|1.0|1.0,,0.8603233605623245
photocatalytic MOFs with suitable band gaps,48,LEA + GraphSAGE,4,qmof-cef46c3,Zn2C48H32N8O8,0.7895211,2.913296,0.6433333333333333,1.0,,1.0,1.0,0.6433333333333333,1.0,,1|1|1|1,0.6433333333333333|1.0|1.0|1.0,,0.8600636690855026
photocatalytic MOFs with suitable band gaps,48,LEA + GraphSAGE,5,qmof-c0f392b,Zn2C44H38N6O12,0.915527725,2.464185,0.6433333333333333,1.0,,1.0,1.0,0.6433333333333333,1.0,,1|1|1|1,0.6433333333333333|1.0|1.0|1.0,,0.858823013305664
photocatalytic MOFs with suitable band gaps,48,MMR,1,qmof-e566fbb,Zn2C36H22N6O8,0.83426434,2.93315,0.6433333333333333,1.0,,1.0,1.0,0.6433333333333333,1.0,,1|1|1|1,0.6433333333333333|1.0|1.0|1.0,,0.8751665499999999
photocatalytic MOFs with suitable band gaps,48,MMR,2,qmof-cef46c3,Zn2C48H32N8O8,0.7895211,2.913296,0.6433333333333333,1.0,,1.0,1.0,0.6433333333333333,1.0,,1|1|1|1,0.6433333333333333|1.0|1.0|1.0,,0.8751665499999999
photocatalytic MOFs with suitable band gaps,48,MMR,3,qmof-13a76dd,Zn4C40H28N12O8,0.982716063,3.309168,0.6433333333333333,1.0,,1.0,1.0,0.6433333333333333,1.0,,1|1|1|1,0.6433333333333333|1.0|1.0|1.0,,0.8751665499999999
photocatalytic MOFs with suitable band gaps,48,MMR,4,qmof-ac6a77a,Zn4C76H44N8O16,0.82887956,2.401359,0.6433333333333333,1.0,,1.0,1.0,0.6433333333333333,1.0,,1|1|1|1,0.6433333333333333|1.0|1.0|1.0,,0.8751665499999999
photocatalytic MOFs with suitable band gaps,48,MMR,5,qmof-c0f392b,Zn2C44H38N6O12,0.915527725,2.464185,0.6433333333333333,1.0,,1.0,1.0,0.6433333333333333,1.0,,1|1|1|1,0.6433333333333333|1.0|1.0|1.0,,0.8751665499999999
photocatalytic MOFs with suitable band gaps,48,ParetoCrowding,1,qmof-e566fbb,Zn2C36H22N6O8,0.83426434,2.93315,0.6433333333333333,1.0,,1.0,1.0,0.6433333333333333,1.0,,1|1|1|1,0.6433333333333333|1.0|1.0|1.0,,0.8751665499999999
photocatalytic MOFs with suitable band gaps,48,ParetoCrowding,2,qmof-cef46c3,Zn2C48H32N8O8,0.7895211,2.913296,0.6433333333333333,1.0,,1.0,1.0,0.6433333333333333,1.0,,1|1|1|1,0.6433333333333333|1.0|1.0|1.0,,0.8751665499999999
photocatalytic MOFs with suitable band gaps,48,ParetoCrowding,3,qmof-c0f392b,Zn2C44H38N6O12,0.915527725,2.464185,0.6433333333333333,1.0,,1.0,1.0,0.6433333333333333,1.0,,1|1|1|1,0.6433333333333333|1.0|1.0|1.0,,0.8751665499999999
photocatalytic MOFs with suitable band gaps,48,ParetoCrowding,4,qmof-ac6a77a,Zn4C76H44N8O16,0.82887956,2.401359,0.6433333333333333,1.0,,1.0,1.0,0.6433333333333333,1.0,,1|1|1|1,0.6433333333333333|1.0|1.0|1.0,,0.8751665499999999
photocatalytic MOFs with suitable band gaps,48,ParetoCrowding,5,qmof-13a76dd,Zn4C40H28N12O8,0.982716063,3.309168,0.6433333333333333,1.0,,1.0,1.0,0.6433333333333333,1.0,,1|1|1|1,0.6433333333333333|1.0|1.0|1.0,,0.8751665499999999
photocatalytic MOFs with suitable band gaps,48,Random,1,qmof-95dc237,ZnC36H30N8O10,1.510993694,2.676038,0.6433333333333333,0.7,,0.7,1.0,0.6433333333333333,0.7,,1|1|1|1,0.6433333333333333|1.0|0.7|0.7,,0.75516655
photocatalytic MOFs with suitable band gaps,48,Random,2,qmof-6f21ecc,Zn4C68H40N8O12,1.289280769,2.655248,0.6433333333333333,0.7,,0.7,1.0,0.6433333333333333,0.7,,1|1|1|1,0.6433333333333333|1.0|0.7|0.7,,0.75516655
photocatalytic MOFs with suitable band gaps,48,Random,3,qmof-a7de9ff,Cu2C44H48N4O8,1.338864134,3.273972,0.6433333333333333,0.7,,0.7,1.0,0.6433333333333333,0.7,,1|1|1|1,0.6433333333333333|1.0|0.7|0.7,,0.75516655
photocatalytic MOFs with suitable band gaps,48,Random,4,qmof-f522cce,Cu2C34H26N2O20S2,1.84262288,3.270794,0.6433333333333333,0.7,,0.7,1.0,0.6433333333333333,0.7,,1|1|1|1,0.6433333333333333|1.0|0.7|0.7,,0.75516655
photocatalytic MOFs with suitable band gaps,48,Random,5,qmof-d14d764,Zn2C50H38N6O12,1.553609614,2.780664,0.6433333333333333,0.7,,0.7,1.0,0.6433333333333333,0.7,,1|1|1|1,0.6433333333333333|1.0|0.7|0.7,,0.75516655
photocatalytic MOFs with suitable band gaps,48,SemanticOnly,1,qmof-fe8ea01,Zn2C40H36N8O8,1.637189196,3.249137,0.6433333333333333,0.7,,0.7,1.0,0.6433333333333333,0.7,,1|1|1|1,0.6433333333333333|1.0|0.7|0.7,,0.75516655
photocatalytic MOFs with suitable band gaps,48,SemanticOnly,2,qmof-fc77380,Cu2C28H32N12S4,1.566151657,3.17955,0.6433333333333333,0.7,,0.7,1.0,0.6433333333333333,0.7,,1|1|1|1,0.6433333333333333|1.0|0.7|0.7,,0.75516655
photocatalytic MOFs with suitable band gaps,48,SemanticOnly,3,qmof-f7fed86,Cu2C22H26N10O8,1.619705439,2.906202,0.6433333333333333,0.7,,0.7,1.0,0.6433333333333333,0.7,,1|1|1|1,0.6433333333333333|1.0|0.7|0.7,,0.75516655
photocatalytic MOFs with suitable band gaps,48,SemanticOnly,4,qmof-f5de41a,Zn2C20H24N4O10,1.474113097,2.933746,0.6433333333333333,0.7,,0.7,1.0,0.6433333333333333,0.7,,1|1|1|1,0.6433333333333333|1.0|0.7|0.7,,0.75516655
photocatalytic MOFs with suitable band gaps,48,SemanticOnly,5,qmof-f522cce,Cu2C34H26N2O20S2,1.84262288,3.270794,0.6433333333333333,0.7,,0.7,1.0,0.6433333333333333,0.7,,1|1|1|1,0.6433333333333333|1.0|0.7|0.7,,0.75516655
photocatalytic MOFs with suitable band gaps,48,TOPSIS,1,qmof-e566fbb,Zn2C36H22N6O8,0.83426434,2.93315,0.6433333333333333,1.0,,1.0,1.0,0.6433333333333333,1.0,,1|1|1|1,0.6433333333333333|1.0|1.0|1.0,,0.8751665499999999
photocatalytic MOFs with suitable band gaps,48,TOPSIS,2,qmof-cef46c3,Zn2C48H32N8O8,0.7895211,2.913296,0.6433333333333333,1.0,,1.0,1.0,0.6433333333333333,1.0,,1|1|1|1,0.6433333333333333|1.0|1.0|1.0,,0.8751665499999999
photocatalytic MOFs with suitable band gaps,48,TOPSIS,3,qmof-c0f392b,Zn2C44H38N6O12,0.915527725,2.464185,0.6433333333333333,1.0,,1.0,1.0,0.6433333333333333,1.0,,1|1|1|1,0.6433333333333333|1.0|1.0|1.0,,0.8751665499999999
photocatalytic MOFs with suitable band gaps,48,TOPSIS,4,qmof-ac6a77a,Zn4C76H44N8O16,0.82887956,2.401359,0.6433333333333333,1.0,,1.0,1.0,0.6433333333333333,1.0,,1|1|1|1,0.6433333333333333|1.0|1.0|1.0,,0.8751665499999999
photocatalytic MOFs with suitable band gaps,48,TOPSIS,5,qmof-13a76dd,Zn4C40H28N12O8,0.982716063,3.309168,0.6433333333333333,1.0,,1.0,1.0,0.6433333333333333,1.0,,1|1|1|1,0.6433333333333333|1.0|1.0|1.0,,0.8751665499999999
photocatalytic MOFs with suitable band gaps,48,WeightedSum,1,qmof-e566fbb,Zn2C36H22N6O8,0.83426434,2.93315,0.6433333333333333,1.0,,1.0,1.0,0.6433333333333333,1.0,,1|1|1|1,0.6433333333333333|1.0|1.0|1.0,,0.8751665499999999
photocatalytic MOFs with suitable band gaps,48,WeightedSum,2,qmof-cef46c3,Zn2C48H32N8O8,0.7895211,2.913296,0.6433333333333333,1.0,,1.0,1.0,0.6433333333333333,1.0,,1|1|1|1,0.6433333333333333|1.0|1.0|1.0,,0.8751665499999999
photocatalytic MOFs with suitable band gaps,48,WeightedSum,3,qmof-c0f392b,Zn2C44H38N6O12,0.915527725,2.464185,0.6433333333333333,1.0,,1.0,1.0,0.6433333333333333,1.0,,1|1|1|1,0.6433333333333333|1.0|1.0|1.0,,0.8751665499999999
photocatalytic MOFs with suitable band gaps,48,WeightedSum,4,qmof-ac6a77a,Zn4C76H44N8O16,0.82887956,2.401359,0.6433333333333333,1.0,,1.0,1.0,0.6433333333333333,1.0,,1|1|1|1,0.6433333333333333|1.0|1.0|1.0,,0.8751665499999999
photocatalytic MOFs with suitable band gaps,48,WeightedSum,5,qmof-13a76dd,Zn4C40H28N12O8,0.982716063,3.309168,0.6433333333333333,1.0,,1.0,1.0,0.6433333333333333,1.0,,1|1|1|1,0.6433333333333333|1.0|1.0|1.0,,0.8751665499999999
photocatalytic MOFs with suitable band gaps,49,GAT only,1,qmof-13a76dd,Zn4C40H28N12O8,0.982716063,3.309168,0.6433333333333333,1.0,,1.0,1.0,0.6433333333333333,1.0,,1|1|1|1,0.6433333333333333|1.0|1.0|1.0,,0.8751665499999999
photocatalytic MOFs with suitable band gaps,49,GAT only,2,qmof-e566fbb,Zn2C36H22N6O8,0.83426434,2.93315,0.6433333333333333,1.0,,1.0,1.0,0.6433333333333333,1.0,,1|1|1|1,0.6433333333333333|1.0|1.0|1.0,,0.8751665499999999
photocatalytic MOFs with suitable band gaps,49,GAT only,3,qmof-cef46c3,Zn2C48H32N8O8,0.7895211,2.913296,0.6433333333333333,1.0,,1.0,1.0,0.6433333333333333,1.0,,1|1|1|1,0.6433333333333333|1.0|1.0|1.0,,0.8751665499999999
photocatalytic MOFs with suitable band gaps,49,GAT only,4,qmof-c0f392b,Zn2C44H38N6O12,0.915527725,2.464185,0.6433333333333333,1.0,,1.0,1.0,0.6433333333333333,1.0,,1|1|1|1,0.6433333333333333|1.0|1.0|1.0,,0.8751665499999999
photocatalytic MOFs with suitable band gaps,49,GAT only,5,qmof-ac6a77a,Zn4C76H44N8O16,0.82887956,2.401359,0.6433333333333333,1.0,,1.0,1.0,0.6433333333333333,1.0,,1|1|1|1,0.6433333333333333|1.0|1.0|1.0,,0.8751665499999999
photocatalytic MOFs with suitable band gaps,49,GraphSAGE only,1,qmof-13a76dd,Zn4C40H28N12O8,0.982716063,3.309168,0.6433333333333333,1.0,,1.0,1.0,0.6433333333333333,1.0,,1|1|1|1,0.6433333333333333|1.0|1.0|1.0,,0.8751665499999999
photocatalytic MOFs with suitable band gaps,49,GraphSAGE only,2,qmof-e566fbb,Zn2C36H22N6O8,0.83426434,2.93315,0.6433333333333333,1.0,,1.0,1.0,0.6433333333333333,1.0,,1|1|1|1,0.6433333333333333|1.0|1.0|1.0,,0.8751665499999999
photocatalytic MOFs with suitable band gaps,49,GraphSAGE only,3,qmof-ac6a77a,Zn4C76H44N8O16,0.82887956,2.401359,0.6433333333333333,1.0,,1.0,1.0,0.6433333333333333,1.0,,1|1|1|1,0.6433333333333333|1.0|1.0|1.0,,0.8751665499999999
photocatalytic MOFs with suitable band gaps,49,GraphSAGE only,4,qmof-cef46c3,Zn2C48H32N8O8,0.7895211,2.913296,0.6433333333333333,1.0,,1.0,1.0,0.6433333333333333,1.0,,1|1|1|1,0.6433333333333333|1.0|1.0|1.0,,0.8751665499999999
photocatalytic MOFs with suitable band gaps,49,GraphSAGE only,5,qmof-c0f392b,Zn2C44H38N6O12,0.915527725,2.464185,0.6433333333333333,1.0,,1.0,1.0,0.6433333333333333,1.0,,1|1|1|1,0.6433333333333333|1.0|1.0|1.0,,0.8751665499999999
photocatalytic MOFs with suitable band gaps,49,LEA,1,qmof-ac6a77a,Zn4C76H44N8O16,0.82887956,2.401359,0.6433333333333333,1.0,,1.0,1.0,0.6433333333333333,1.0,,1|1|1|1,0.6433333333333333|1.0|1.0|1.0,,0.9703290045261384
photocatalytic MOFs with suitable band gaps,49,LEA,2,qmof-c0f392b,Zn2C44H38N6O12,0.915527725,2.464185,0.6433333333333333,1.0,,1.0,1.0,0.6433333333333333,1.0,,1|1|1|1,0.6433333333333333|1.0|1.0|1.0,,0.9703290045261384
photocatalytic MOFs with suitable band gaps,49,LEA,3,qmof-e566fbb,Zn2C36H22N6O8,0.83426434,2.93315,0.6433333333333333,1.0,,1.0,1.0,0.6433333333333333,1.0,,1|1|1|1,0.6433333333333333|1.0|1.0|1.0,,0.9703290045261384
photocatalytic MOFs with suitable band gaps,49,LEA,4,qmof-13a76dd,Zn4C40H28N12O8,0.982716063,3.309168,0.6433333333333333,1.0,,1.0,1.0,0.6433333333333333,1.0,,1|1|1|1,0.6433333333333333|1.0|1.0|1.0,,0.9703290045261384
photocatalytic MOFs with suitable band gaps,49,LEA,5,qmof-cef46c3,Zn2C48H32N8O8,0.7895211,2.913296,0.6433333333333333,1.0,,1.0,1.0,0.6433333333333333,1.0,,1|1|1|1,0.6433333333333333|1.0|1.0|1.0,,0.9597224026918412
photocatalytic MOFs with suitable band gaps,49,LEA no diversity,1,qmof-ac6a77a,Zn4C76H44N8O16,0.82887956,2.401359,0.6433333333333333,1.0,,1.0,1.0,0.6433333333333333,1.0,,1|1|1|1,0.6433333333333333|1.0|1.0|1.0,,0.9597224026918412
photocatalytic MOFs with suitable band gaps,49,LEA no diversity,2,qmof-c0f392b,Zn2C44H38N6O12,0.915527725,2.464185,0.6433333333333333,1.0,,1.0,1.0,0.6433333333333333,1.0,,1|1|1|1,0.6433333333333333|1.0|1.0|1.0,,0.9597224026918412
photocatalytic MOFs with suitable band gaps,49,LEA no diversity,3,qmof-e566fbb,Zn2C36H22N6O8,0.83426434,2.93315,0.6433333333333333,1.0,,1.0,1.0,0.6433333333333333,1.0,,1|1|1|1,0.6433333333333333|1.0|1.0|1.0,,0.9597224026918412
photocatalytic MOFs with suitable band gaps,49,LEA no diversity,4,qmof-13a76dd,Zn4C40H28N12O8,0.982716063,3.309168,0.6433333333333333,1.0,,1.0,1.0,0.6433333333333333,1.0,,1|1|1|1,0.6433333333333333|1.0|1.0|1.0,,0.9597224026918412
photocatalytic MOFs with suitable band gaps,49,LEA no diversity,5,qmof-cef46c3,Zn2C48H32N8O8,0.7895211,2.913296,0.6433333333333333,1.0,,1.0,1.0,0.6433333333333333,1.0,,1|1|1|1,0.6433333333333333|1.0|1.0|1.0,,0.9597224026918412
photocatalytic MOFs with suitable band gaps,49,LEA no self-cleaning,1,qmof-ac6a77a,Zn4C76H44N8O16,0.82887956,2.401359,0.6433333333333333,1.0,,1.0,1.0,0.6433333333333333,1.0,,1|1|1|1,0.6433333333333333|1.0|1.0|1.0,,0.9703290045261384
photocatalytic MOFs with suitable band gaps,49,LEA no self-cleaning,2,qmof-c0f392b,Zn2C44H38N6O12,0.915527725,2.464185,0.6433333333333333,1.0,,1.0,1.0,0.6433333333333333,1.0,,1|1|1|1,0.6433333333333333|1.0|1.0|1.0,,0.9703290045261384
photocatalytic MOFs with suitable band gaps,49,LEA no self-cleaning,3,qmof-e566fbb,Zn2C36H22N6O8,0.83426434,2.93315,0.6433333333333333,1.0,,1.0,1.0,0.6433333333333333,1.0,,1|1|1|1,0.6433333333333333|1.0|1.0|1.0,,0.9703290045261384
photocatalytic MOFs with suitable band gaps,49,LEA no self-cleaning,4,qmof-13a76dd,Zn4C40H28N12O8,0.982716063,3.309168,0.6433333333333333,1.0,,1.0,1.0,0.6433333333333333,1.0,,1|1|1|1,0.6433333333333333|1.0|1.0|1.0,,0.9703290045261384
photocatalytic MOFs with suitable band gaps,49,LEA no self-cleaning,5,qmof-cef46c3,Zn2C48H32N8O8,0.7895211,2.913296,0.6433333333333333,1.0,,1.0,1.0,0.6433333333333333,1.0,,1|1|1|1,0.6433333333333333|1.0|1.0|1.0,,0.9597224026918412
photocatalytic MOFs with suitable band gaps,49,LEA + GAT,1,qmof-13a76dd,Zn4C40H28N12O8,0.982716063,3.309168,0.6433333333333333,1.0,,1.0,1.0,0.6433333333333333,1.0,,1|1|1|1,0.6433333333333333|1.0|1.0|1.0,,0.898240116238594
photocatalytic MOFs with suitable band gaps,49,LEA + GAT,2,qmof-e566fbb,Zn2C36H22N6O8,0.83426434,2.93315,0.6433333333333333,1.0,,1.0,1.0,0.6433333333333333,1.0,,1|1|1|1,0.6433333333333333|1.0|1.0|1.0,,0.8921995639801026
photocatalytic MOFs with suitable band gaps,49,LEA + GAT,3,qmof-cef46c3,Zn2C48H32N8O8,0.7895211,2.913296,0.6433333333333333,1.0,,1.0,1.0,0.6433333333333333,1.0,,1|1|1|1,0.6433333333333333|1.0|1.0|1.0,,0.8898313075304032
photocatalytic MOFs with suitable band gaps,49,LEA + GAT,4,qmof-c0f392b,Zn2C44H38N6O12,0.915527725,2.464185,0.6433333333333333,1.0,,1.0,1.0,0.6433333333333333,1.0,,1|1|1|1,0.6433333333333333|1.0|1.0|1.0,,0.8845047548413276
photocatalytic MOFs with suitable band gaps,49,LEA + GAT,5,qmof-ac6a77a,Zn4C76H44N8O16,0.82887956,2.401359,0.6433333333333333,1.0,,1.0,1.0,0.6433333333333333,1.0,,1|1|1|1,0.6433333333333333|1.0|1.0|1.0,,0.8842393606901169
photocatalytic MOFs with suitable band gaps,49,LEA + GraphSAGE,1,qmof-13a76dd,Zn4C40H28N12O8,0.982716063,3.309168,0.6433333333333333,1.0,,1.0,1.0,0.6433333333333333,1.0,,1|1|1|1,0.6433333333333333|1.0|1.0|1.0,,0.8628705084323883
photocatalytic MOFs with suitable band gaps,49,LEA + GraphSAGE,2,qmof-e566fbb,Zn2C36H22N6O8,0.83426434,2.93315,0.6433333333333333,1.0,,1.0,1.0,0.6433333333333333,1.0,,1|1|1|1,0.6433333333333333|1.0|1.0|1.0,,0.8614974915981293
photocatalytic MOFs with suitable band gaps,49,LEA + GraphSAGE,3,qmof-ac6a77a,Zn4C76H44N8O16,0.82887956,2.401359,0.6433333333333333,1.0,,1.0,1.0,0.6433333333333333,1.0,,1|1|1|1,0.6433333333333333|1.0|1.0|1.0,,0.8603233605623245
photocatalytic MOFs with suitable band gaps,49,LEA + GraphSAGE,4,qmof-cef46c3,Zn2C48H32N8O8,0.7895211,2.913296,0.6433333333333333,1.0,,1.0,1.0,0.6433333333333333,1.0,,1|1|1|1,0.6433333333333333|1.0|1.0|1.0,,0.8600636690855026
photocatalytic MOFs with suitable band gaps,49,LEA + GraphSAGE,5,qmof-c0f392b,Zn2C44H38N6O12,0.915527725,2.464185,0.6433333333333333,1.0,,1.0,1.0,0.6433333333333333,1.0,,1|1|1|1,0.6433333333333333|1.0|1.0|1.0,,0.858823013305664
photocatalytic MOFs with suitable band gaps,49,MMR,1,qmof-cef46c3,Zn2C48H32N8O8,0.7895211,2.913296,0.6433333333333333,1.0,,1.0,1.0,0.6433333333333333,1.0,,1|1|1|1,0.6433333333333333|1.0|1.0|1.0,,0.8751665499999999
photocatalytic MOFs with suitable band gaps,49,MMR,2,qmof-13a76dd,Zn4C40H28N12O8,0.982716063,3.309168,0.6433333333333333,1.0,,1.0,1.0,0.6433333333333333,1.0,,1|1|1|1,0.6433333333333333|1.0|1.0|1.0,,0.8751665499999999
photocatalytic MOFs with suitable band gaps,49,MMR,3,qmof-e566fbb,Zn2C36H22N6O8,0.83426434,2.93315,0.6433333333333333,1.0,,1.0,1.0,0.6433333333333333,1.0,,1|1|1|1,0.6433333333333333|1.0|1.0|1.0,,0.8751665499999999
photocatalytic MOFs with suitable band gaps,49,MMR,4,qmof-c0f392b,Zn2C44H38N6O12,0.915527725,2.464185,0.6433333333333333,1.0,,1.0,1.0,0.6433333333333333,1.0,,1|1|1|1,0.6433333333333333|1.0|1.0|1.0,,0.8751665499999999
photocatalytic MOFs with suitable band gaps,49,MMR,5,qmof-ac6a77a,Zn4C76H44N8O16,0.82887956,2.401359,0.6433333333333333,1.0,,1.0,1.0,0.6433333333333333,1.0,,1|1|1|1,0.6433333333333333|1.0|1.0|1.0,,0.8751665499999999
photocatalytic MOFs with suitable band gaps,49,ParetoCrowding,1,qmof-e566fbb,Zn2C36H22N6O8,0.83426434,2.93315,0.6433333333333333,1.0,,1.0,1.0,0.6433333333333333,1.0,,1|1|1|1,0.6433333333333333|1.0|1.0|1.0,,0.8751665499999999
photocatalytic MOFs with suitable band gaps,49,ParetoCrowding,2,qmof-cef46c3,Zn2C48H32N8O8,0.7895211,2.913296,0.6433333333333333,1.0,,1.0,1.0,0.6433333333333333,1.0,,1|1|1|1,0.6433333333333333|1.0|1.0|1.0,,0.8751665499999999
photocatalytic MOFs with suitable band gaps,49,ParetoCrowding,3,qmof-c0f392b,Zn2C44H38N6O12,0.915527725,2.464185,0.6433333333333333,1.0,,1.0,1.0,0.6433333333333333,1.0,,1|1|1|1,0.6433333333333333|1.0|1.0|1.0,,0.8751665499999999
photocatalytic MOFs with suitable band gaps,49,ParetoCrowding,4,qmof-ac6a77a,Zn4C76H44N8O16,0.82887956,2.401359,0.6433333333333333,1.0,,1.0,1.0,0.6433333333333333,1.0,,1|1|1|1,0.6433333333333333|1.0|1.0|1.0,,0.8751665499999999
photocatalytic MOFs with suitable band gaps,49,ParetoCrowding,5,qmof-13a76dd,Zn4C40H28N12O8,0.982716063,3.309168,0.6433333333333333,1.0,,1.0,1.0,0.6433333333333333,1.0,,1|1|1|1,0.6433333333333333|1.0|1.0|1.0,,0.8751665499999999
photocatalytic MOFs with suitable band gaps,49,Random,1,qmof-10c7c3c,Cu2C24H24N6O10S2,1.641117449,3.393888,0.6433333333333333,0.7,,0.7,1.0,0.6433333333333333,0.7,,1|1|1|1,0.6433333333333333|1.0|0.7|0.7,,0.75516655
photocatalytic MOFs with suitable band gaps,49,Random,2,qmof-504b878,Zn4C28Cl4H40N16O4,1.719371117,3.457218,0.6433333333333333,0.7,,0.7,1.0,0.6433333333333333,0.7,,1|1|1|1,0.6433333333333333|1.0|0.7|0.7,,0.75516655
photocatalytic MOFs with suitable band gaps,49,Random,3,qmof-eef474b,Cu2C16H12N24,1.934407474,2.996842,0.6433333333333333,0.7,,0.7,1.0,0.6433333333333333,0.7,,1|1|1|1,0.6433333333333333|1.0|0.7|0.7,,0.75516655
photocatalytic MOFs with suitable band gaps,49,Random,4,qmof-342ad08,CuC4Cl2H10N10,1.980756107,3.191382,0.6433333333333333,0.7,,0.7,1.0,0.6433333333333333,0.7,,1|1|1|1,0.6433333333333333|1.0|0.7|0.7,,0.75516655
photocatalytic MOFs with suitable band gaps,49,Random,5,qmof-405a87b,Cu2C20H14N6O8,1.959726284,3.490494,0.6433333333333333,0.7,,0.7,1.0,0.6433333333333333,0.7,,1|1|1|1,0.6433333333333333|1.0|0.7|0.7,,0.75516655
photocatalytic MOFs with suitable band gaps,49,SemanticOnly,1,qmof-fc79d47,Cu2C34H36I2N12,1.87774837,2.588499,0.6433333333333333,0.7,,0.7,1.0,0.6433333333333333,0.7,,1|1|1|1,0.6433333333333333|1.0|0.7|0.7,,0.75516655
photocatalytic MOFs with suitable band gaps,49,SemanticOnly,2,qmof-f87c9d1,CuC22H28N2O4,1.304740826,3.150305,0.6433333333333333,0.7,,0.7,1.0,0.6433333333333333,0.7,,1|1|1|1,0.6433333333333333|1.0|0.7|0.7,,0.75516655
photocatalytic MOFs with suitable band gaps,49,SemanticOnly,3,qmof-f429f3b,Cu3C8H18N12O6S2,1.914333583,2.822862,0.6433333333333333,0.7,,0.7,1.0,0.6433333333333333,0.7,,1|1|1|1,0.6433333333333333|1.0|0.7|0.7,,0.75516655
photocatalytic MOFs with suitable band gaps,49,SemanticOnly,4,qmof-f41b6c6,Cd2C52H56N4O8P4S8,1.687803923,3.002481,0.6433333333333333,0.7,,0.7,1.0,0.6433333333333333,0.7,,1|1|1|1,0.6433333333333333|1.0|0.7|0.7,,0.75516655
photocatalytic MOFs with suitable band gaps,49,SemanticOnly,5,qmof-efc86e6,Cd2C28H28N12S4,1.712901294,2.62946,0.6433333333333333,0.7,,0.7,1.0,0.6433333333333333,0.7,,1|1|1|1,0.6433333333333333|1.0|0.7|0.7,,0.75516655
photocatalytic MOFs with suitable band gaps,49,TOPSIS,1,qmof-e566fbb,Zn2C36H22N6O8,0.83426434,2.93315,0.6433333333333333,1.0,,1.0,1.0,0.6433333333333333,1.0,,1|1|1|1,0.6433333333333333|1.0|1.0|1.0,,0.8751665499999999
photocatalytic MOFs with suitable band gaps,49,TOPSIS,2,qmof-cef46c3,Zn2C48H32N8O8,0.7895211,2.913296,0.6433333333333333,1.0,,1.0,1.0,0.6433333333333333,1.0,,1|1|1|1,0.6433333333333333|1.0|1.0|1.0,,0.8751665499999999
photocatalytic MOFs with suitable band gaps,49,TOPSIS,3,qmof-c0f392b,Zn2C44H38N6O12,0.915527725,2.464185,0.6433333333333333,1.0,,1.0,1.0,0.6433333333333333,1.0,,1|1|1|1,0.6433333333333333|1.0|1.0|1.0,,0.8751665499999999
photocatalytic MOFs with suitable band gaps,49,TOPSIS,4,qmof-ac6a77a,Zn4C76H44N8O16,0.82887956,2.401359,0.6433333333333333,1.0,,1.0,1.0,0.6433333333333333,1.0,,1|1|1|1,0.6433333333333333|1.0|1.0|1.0,,0.8751665499999999
photocatalytic MOFs with suitable band gaps,49,TOPSIS,5,qmof-13a76dd,Zn4C40H28N12O8,0.982716063,3.309168,0.6433333333333333,1.0,,1.0,1.0,0.6433333333333333,1.0,,1|1|1|1,0.6433333333333333|1.0|1.0|1.0,,0.8751665499999999
photocatalytic MOFs with suitable band gaps,49,WeightedSum,1,qmof-e566fbb,Zn2C36H22N6O8,0.83426434,2.93315,0.6433333333333333,1.0,,1.0,1.0,0.6433333333333333,1.0,,1|1|1|1,0.6433333333333333|1.0|1.0|1.0,,0.8751665499999999
photocatalytic MOFs with suitable band gaps,49,WeightedSum,2,qmof-cef46c3,Zn2C48H32N8O8,0.7895211,2.913296,0.6433333333333333,1.0,,1.0,1.0,0.6433333333333333,1.0,,1|1|1|1,0.6433333333333333|1.0|1.0|1.0,,0.8751665499999999
photocatalytic MOFs with suitable band gaps,49,WeightedSum,3,qmof-c0f392b,Zn2C44H38N6O12,0.915527725,2.464185,0.6433333333333333,1.0,,1.0,1.0,0.6433333333333333,1.0,,1|1|1|1,0.6433333333333333|1.0|1.0|1.0,,0.8751665499999999
photocatalytic MOFs with suitable band gaps,49,WeightedSum,4,qmof-ac6a77a,Zn4C76H44N8O16,0.82887956,2.401359,0.6433333333333333,1.0,,1.0,1.0,0.6433333333333333,1.0,,1|1|1|1,0.6433333333333333|1.0|1.0|1.0,,0.8751665499999999
photocatalytic MOFs with suitable band gaps,49,WeightedSum,5,qmof-13a76dd,Zn4C40H28N12O8,0.982716063,3.309168,0.6433333333333333,1.0,,1.0,1.0,0.6433333333333333,1.0,,1|1|1|1,0.6433333333333333|1.0|1.0|1.0,,0.8751665499999999
photocatalytic MOFs with suitable band gaps,50,GAT only,1,qmof-13a76dd,Zn4C40H28N12O8,0.982716063,3.309168,0.6433333333333333,1.0,,1.0,1.0,0.6433333333333333,1.0,,1|1|1|1,0.6433333333333333|1.0|1.0|1.0,,0.8751665499999999
photocatalytic MOFs with suitable band gaps,50,GAT only,2,qmof-e566fbb,Zn2C36H22N6O8,0.83426434,2.93315,0.6433333333333333,1.0,,1.0,1.0,0.6433333333333333,1.0,,1|1|1|1,0.6433333333333333|1.0|1.0|1.0,,0.8751665499999999
photocatalytic MOFs with suitable band gaps,50,GAT only,3,qmof-cef46c3,Zn2C48H32N8O8,0.7895211,2.913296,0.6433333333333333,1.0,,1.0,1.0,0.6433333333333333,1.0,,1|1|1|1,0.6433333333333333|1.0|1.0|1.0,,0.8751665499999999
photocatalytic MOFs with suitable band gaps,50,GAT only,4,qmof-c0f392b,Zn2C44H38N6O12,0.915527725,2.464185,0.6433333333333333,1.0,,1.0,1.0,0.6433333333333333,1.0,,1|1|1|1,0.6433333333333333|1.0|1.0|1.0,,0.8751665499999999
photocatalytic MOFs with suitable band gaps,50,GAT only,5,qmof-ac6a77a,Zn4C76H44N8O16,0.82887956,2.401359,0.6433333333333333,1.0,,1.0,1.0,0.6433333333333333,1.0,,1|1|1|1,0.6433333333333333|1.0|1.0|1.0,,0.8751665499999999
photocatalytic MOFs with suitable band gaps,50,GraphSAGE only,1,qmof-13a76dd,Zn4C40H28N12O8,0.982716063,3.309168,0.6433333333333333,1.0,,1.0,1.0,0.6433333333333333,1.0,,1|1|1|1,0.6433333333333333|1.0|1.0|1.0,,0.8751665499999999
photocatalytic MOFs with suitable band gaps,50,GraphSAGE only,2,qmof-e566fbb,Zn2C36H22N6O8,0.83426434,2.93315,0.6433333333333333,1.0,,1.0,1.0,0.6433333333333333,1.0,,1|1|1|1,0.6433333333333333|1.0|1.0|1.0,,0.8751665499999999
photocatalytic MOFs with suitable band gaps,50,GraphSAGE only,3,qmof-ac6a77a,Zn4C76H44N8O16,0.82887956,2.401359,0.6433333333333333,1.0,,1.0,1.0,0.6433333333333333,1.0,,1|1|1|1,0.6433333333333333|1.0|1.0|1.0,,0.8751665499999999
photocatalytic MOFs with suitable band gaps,50,GraphSAGE only,4,qmof-cef46c3,Zn2C48H32N8O8,0.7895211,2.913296,0.6433333333333333,1.0,,1.0,1.0,0.6433333333333333,1.0,,1|1|1|1,0.6433333333333333|1.0|1.0|1.0,,0.8751665499999999
photocatalytic MOFs with suitable band gaps,50,GraphSAGE only,5,qmof-c0f392b,Zn2C44H38N6O12,0.915527725,2.464185,0.6433333333333333,1.0,,1.0,1.0,0.6433333333333333,1.0,,1|1|1|1,0.6433333333333333|1.0|1.0|1.0,,0.8751665499999999
photocatalytic MOFs with suitable band gaps,50,LEA,1,qmof-cef46c3,Zn2C48H32N8O8,0.7895211,2.913296,0.6433333333333333,1.0,,1.0,1.0,0.6433333333333333,1.0,,1|1|1|1,0.6433333333333333|1.0|1.0|1.0,,0.9703290045261384
photocatalytic MOFs with suitable band gaps,50,LEA,2,qmof-e566fbb,Zn2C36H22N6O8,0.83426434,2.93315,0.6433333333333333,1.0,,1.0,1.0,0.6433333333333333,1.0,,1|1|1|1,0.6433333333333333|1.0|1.0|1.0,,0.9703290045261384
photocatalytic MOFs with suitable band gaps,50,LEA,3,qmof-ac6a77a,Zn4C76H44N8O16,0.82887956,2.401359,0.6433333333333333,1.0,,1.0,1.0,0.6433333333333333,1.0,,1|1|1|1,0.6433333333333333|1.0|1.0|1.0,,0.9703290045261384
photocatalytic MOFs with suitable band gaps,50,LEA,4,qmof-c0f392b,Zn2C44H38N6O12,0.915527725,2.464185,0.6433333333333333,1.0,,1.0,1.0,0.6433333333333333,1.0,,1|1|1|1,0.6433333333333333|1.0|1.0|1.0,,0.9703290045261384
photocatalytic MOFs with suitable band gaps,50,LEA,5,qmof-13a76dd,Zn4C40H28N12O8,0.982716063,3.309168,0.6433333333333333,1.0,,1.0,1.0,0.6433333333333333,1.0,,1|1|1|1,0.6433333333333333|1.0|1.0|1.0,,0.9597224026918412
photocatalytic MOFs with suitable band gaps,50,LEA no diversity,1,qmof-cef46c3,Zn2C48H32N8O8,0.7895211,2.913296,0.6433333333333333,1.0,,1.0,1.0,0.6433333333333333,1.0,,1|1|1|1,0.6433333333333333|1.0|1.0|1.0,,0.9597224026918412
photocatalytic MOFs with suitable band gaps,50,LEA no diversity,2,qmof-e566fbb,Zn2C36H22N6O8,0.83426434,2.93315,0.6433333333333333,1.0,,1.0,1.0,0.6433333333333333,1.0,,1|1|1|1,0.6433333333333333|1.0|1.0|1.0,,0.9597224026918412
photocatalytic MOFs with suitable band gaps,50,LEA no diversity,3,qmof-ac6a77a,Zn4C76H44N8O16,0.82887956,2.401359,0.6433333333333333,1.0,,1.0,1.0,0.6433333333333333,1.0,,1|1|1|1,0.6433333333333333|1.0|1.0|1.0,,0.9597224026918412
photocatalytic MOFs with suitable band gaps,50,LEA no diversity,4,qmof-c0f392b,Zn2C44H38N6O12,0.915527725,2.464185,0.6433333333333333,1.0,,1.0,1.0,0.6433333333333333,1.0,,1|1|1|1,0.6433333333333333|1.0|1.0|1.0,,0.9597224026918412
photocatalytic MOFs with suitable band gaps,50,LEA no diversity,5,qmof-13a76dd,Zn4C40H28N12O8,0.982716063,3.309168,0.6433333333333333,1.0,,1.0,1.0,0.6433333333333333,1.0,,1|1|1|1,0.6433333333333333|1.0|1.0|1.0,,0.9597224026918412
photocatalytic MOFs with suitable band gaps,50,LEA no self-cleaning,1,qmof-cef46c3,Zn2C48H32N8O8,0.7895211,2.913296,0.6433333333333333,1.0,,1.0,1.0,0.6433333333333333,1.0,,1|1|1|1,0.6433333333333333|1.0|1.0|1.0,,0.9703290045261384
photocatalytic MOFs with suitable band gaps,50,LEA no self-cleaning,2,qmof-e566fbb,Zn2C36H22N6O8,0.83426434,2.93315,0.6433333333333333,1.0,,1.0,1.0,0.6433333333333333,1.0,,1|1|1|1,0.6433333333333333|1.0|1.0|1.0,,0.9703290045261384
photocatalytic MOFs with suitable band gaps,50,LEA no self-cleaning,3,qmof-ac6a77a,Zn4C76H44N8O16,0.82887956,2.401359,0.6433333333333333,1.0,,1.0,1.0,0.6433333333333333,1.0,,1|1|1|1,0.6433333333333333|1.0|1.0|1.0,,0.9703290045261384
photocatalytic MOFs with suitable band gaps,50,LEA no self-cleaning,4,qmof-c0f392b,Zn2C44H38N6O12,0.915527725,2.464185,0.6433333333333333,1.0,,1.0,1.0,0.6433333333333333,1.0,,1|1|1|1,0.6433333333333333|1.0|1.0|1.0,,0.9703290045261384
photocatalytic MOFs with suitable band gaps,50,LEA no self-cleaning,5,qmof-13a76dd,Zn4C40H28N12O8,0.982716063,3.309168,0.6433333333333333,1.0,,1.0,1.0,0.6433333333333333,1.0,,1|1|1|1,0.6433333333333333|1.0|1.0|1.0,,0.9597224026918412
photocatalytic MOFs with suitable band gaps,50,LEA + GAT,1,qmof-13a76dd,Zn4C40H28N12O8,0.982716063,3.309168,0.6433333333333333,1.0,,1.0,1.0,0.6433333333333333,1.0,,1|1|1|1,0.6433333333333333|1.0|1.0|1.0,,0.898240116238594
photocatalytic MOFs with suitable band gaps,50,LEA + GAT,2,qmof-e566fbb,Zn2C36H22N6O8,0.83426434,2.93315,0.6433333333333333,1.0,,1.0,1.0,0.6433333333333333,1.0,,1|1|1|1,0.6433333333333333|1.0|1.0|1.0,,0.8921995639801026
photocatalytic MOFs with suitable band gaps,50,LEA + GAT,3,qmof-cef46c3,Zn2C48H32N8O8,0.7895211,2.913296,0.6433333333333333,1.0,,1.0,1.0,0.6433333333333333,1.0,,1|1|1|1,0.6433333333333333|1.0|1.0|1.0,,0.8898313075304032
photocatalytic MOFs with suitable band gaps,50,LEA + GAT,4,qmof-c0f392b,Zn2C44H38N6O12,0.915527725,2.464185,0.6433333333333333,1.0,,1.0,1.0,0.6433333333333333,1.0,,1|1|1|1,0.6433333333333333|1.0|1.0|1.0,,0.8845047548413276
photocatalytic MOFs with suitable band gaps,50,LEA + GAT,5,qmof-ac6a77a,Zn4C76H44N8O16,0.82887956,2.401359,0.6433333333333333,1.0,,1.0,1.0,0.6433333333333333,1.0,,1|1|1|1,0.6433333333333333|1.0|1.0|1.0,,0.8842393606901169
photocatalytic MOFs with suitable band gaps,50,LEA + GraphSAGE,1,qmof-13a76dd,Zn4C40H28N12O8,0.982716063,3.309168,0.6433333333333333,1.0,,1.0,1.0,0.6433333333333333,1.0,,1|1|1|1,0.6433333333333333|1.0|1.0|1.0,,0.8628705084323883
photocatalytic MOFs with suitable band gaps,50,LEA + GraphSAGE,2,qmof-e566fbb,Zn2C36H22N6O8,0.83426434,2.93315,0.6433333333333333,1.0,,1.0,1.0,0.6433333333333333,1.0,,1|1|1|1,0.6433333333333333|1.0|1.0|1.0,,0.8614974915981293
photocatalytic MOFs with suitable band gaps,50,LEA + GraphSAGE,3,qmof-ac6a77a,Zn4C76H44N8O16,0.82887956,2.401359,0.6433333333333333,1.0,,1.0,1.0,0.6433333333333333,1.0,,1|1|1|1,0.6433333333333333|1.0|1.0|1.0,,0.8603233605623245
photocatalytic MOFs with suitable band gaps,50,LEA + GraphSAGE,4,qmof-cef46c3,Zn2C48H32N8O8,0.7895211,2.913296,0.6433333333333333,1.0,,1.0,1.0,0.6433333333333333,1.0,,1|1|1|1,0.6433333333333333|1.0|1.0|1.0,,0.8600636690855026
photocatalytic MOFs with suitable band gaps,50,LEA + GraphSAGE,5,qmof-c0f392b,Zn2C44H38N6O12,0.915527725,2.464185,0.6433333333333333,1.0,,1.0,1.0,0.6433333333333333,1.0,,1|1|1|1,0.6433333333333333|1.0|1.0|1.0,,0.858823013305664
photocatalytic MOFs with suitable band gaps,50,MMR,1,qmof-13a76dd,Zn4C40H28N12O8,0.982716063,3.309168,0.6433333333333333,1.0,,1.0,1.0,0.6433333333333333,1.0,,1|1|1|1,0.6433333333333333|1.0|1.0|1.0,,0.8751665499999999
photocatalytic MOFs with suitable band gaps,50,MMR,2,qmof-c0f392b,Zn2C44H38N6O12,0.915527725,2.464185,0.6433333333333333,1.0,,1.0,1.0,0.6433333333333333,1.0,,1|1|1|1,0.6433333333333333|1.0|1.0|1.0,,0.8751665499999999
photocatalytic MOFs with suitable band gaps,50,MMR,3,qmof-ac6a77a,Zn4C76H44N8O16,0.82887956,2.401359,0.6433333333333333,1.0,,1.0,1.0,0.6433333333333333,1.0,,1|1|1|1,0.6433333333333333|1.0|1.0|1.0,,0.8751665499999999
photocatalytic MOFs with suitable band gaps,50,MMR,4,qmof-e566fbb,Zn2C36H22N6O8,0.83426434,2.93315,0.6433333333333333,1.0,,1.0,1.0,0.6433333333333333,1.0,,1|1|1|1,0.6433333333333333|1.0|1.0|1.0,,0.8751665499999999
photocatalytic MOFs with suitable band gaps,50,MMR,5,qmof-cef46c3,Zn2C48H32N8O8,0.7895211,2.913296,0.6433333333333333,1.0,,1.0,1.0,0.6433333333333333,1.0,,1|1|1|1,0.6433333333333333|1.0|1.0|1.0,,0.8751665499999999
photocatalytic MOFs with suitable band gaps,50,ParetoCrowding,1,qmof-e566fbb,Zn2C36H22N6O8,0.83426434,2.93315,0.6433333333333333,1.0,,1.0,1.0,0.6433333333333333,1.0,,1|1|1|1,0.6433333333333333|1.0|1.0|1.0,,0.8751665499999999
photocatalytic MOFs with suitable band gaps,50,ParetoCrowding,2,qmof-cef46c3,Zn2C48H32N8O8,0.7895211,2.913296,0.6433333333333333,1.0,,1.0,1.0,0.6433333333333333,1.0,,1|1|1|1,0.6433333333333333|1.0|1.0|1.0,,0.8751665499999999
photocatalytic MOFs with suitable band gaps,50,ParetoCrowding,3,qmof-c0f392b,Zn2C44H38N6O12,0.915527725,2.464185,0.6433333333333333,1.0,,1.0,1.0,0.6433333333333333,1.0,,1|1|1|1,0.6433333333333333|1.0|1.0|1.0,,0.8751665499999999
photocatalytic MOFs with suitable band gaps,50,ParetoCrowding,4,qmof-ac6a77a,Zn4C76H44N8O16,0.82887956,2.401359,0.6433333333333333,1.0,,1.0,1.0,0.6433333333333333,1.0,,1|1|1|1,0.6433333333333333|1.0|1.0|1.0,,0.8751665499999999
photocatalytic MOFs with suitable band gaps,50,ParetoCrowding,5,qmof-13a76dd,Zn4C40H28N12O8,0.982716063,3.309168,0.6433333333333333,1.0,,1.0,1.0,0.6433333333333333,1.0,,1|1|1|1,0.6433333333333333|1.0|1.0|1.0,,0.8751665499999999
photocatalytic MOFs with suitable band gaps,50,Random,1,qmof-bde105e,Cu2C28H28N2O14,1.683299987,3.249678,0.6433333333333333,0.7,,0.7,1.0,0.6433333333333333,0.7,,1|1|1|1,0.6433333333333333|1.0|0.7|0.7,,0.75516655
photocatalytic MOFs with suitable band gaps,50,Random,2,qmof-95de001,Cu4C24H56N32,1.612193063,3.006564,0.6433333333333333,0.7,,0.7,1.0,0.6433333333333333,0.7,,1|1|1|1,0.6433333333333333|1.0|0.7|0.7,,0.75516655
photocatalytic MOFs with suitable band gaps,50,Random,3,qmof-bc0218e,CdC16H18N4O6,1.693468035,3.029014,0.6433333333333333,0.7,,0.7,1.0,0.6433333333333333,0.7,,1|1|1|1,0.6433333333333333|1.0|0.7|0.7,,0.75516655
photocatalytic MOFs with suitable band gaps,50,Random,4,qmof-579321e,Cu2C24Cl4H18N6S2,1.92941625,1.82433,0.6433333333333333,0.7,,0.7,1.0,0.6433333333333333,0.7,,1|1|1|1,0.6433333333333333|1.0|0.7|0.7,,0.75516655
photocatalytic MOFs with suitable band gaps,50,Random,5,qmof-ac6a77a,Zn4C76H44N8O16,0.82887956,2.401359,0.6433333333333333,1.0,,1.0,1.0,0.6433333333333333,1.0,,1|1|1|1,0.6433333333333333|1.0|1.0|1.0,,0.8751665499999999
photocatalytic MOFs with suitable band gaps,50,SemanticOnly,1,qmof-fc79d47,Cu2C34H36I2N12,1.87774837,2.588499,0.6433333333333333,0.7,,0.7,1.0,0.6433333333333333,0.7,,1|1|1|1,0.6433333333333333|1.0|0.7|0.7,,0.75516655
photocatalytic MOFs with suitable band gaps,50,SemanticOnly,2,qmof-f9c2a3d,ZnC27H20N6O12,1.730824719,3.478306,0.6433333333333333,0.7,,0.7,1.0,0.6433333333333333,0.7,,1|1|1|1,0.6433333333333333|1.0|0.7|0.7,,0.75516655
photocatalytic MOFs with suitable band gaps,50,SemanticOnly,3,qmof-f77560d,Cu2Br4C34H40O2S4,1.996199298,1.84028,0.6433333333333333,0.7,,0.7,1.0,0.6433333333333333,0.7,,1|1|1|1,0.6433333333333333|1.0|0.7|0.7,,0.75516655
photocatalytic MOFs with suitable band gaps,50,SemanticOnly,4,qmof-f429f3b,Cu3C8H18N12O6S2,1.914333583,2.822862,0.6433333333333333,0.7,,0.7,1.0,0.6433333333333333,0.7,,1|1|1|1,0.6433333333333333|1.0|0.7|0.7,,0.75516655
photocatalytic MOFs with suitable band gaps,50,SemanticOnly,5,qmof-ee8c30a,Cu4La4C56H32N8O32,1.99883052,2.942853,0.6433333333333333,0.7,,0.7,1.0,0.6433333333333333,0.7,,1|1|1|1,0.6433333333333333|1.0|0.7|0.7,,0.75516655
photocatalytic MOFs with suitable band gaps,50,TOPSIS,1,qmof-e566fbb,Zn2C36H22N6O8,0.83426434,2.93315,0.6433333333333333,1.0,,1.0,1.0,0.6433333333333333,1.0,,1|1|1|1,0.6433333333333333|1.0|1.0|1.0,,0.8751665499999999
photocatalytic MOFs with suitable band gaps,50,TOPSIS,2,qmof-cef46c3,Zn2C48H32N8O8,0.7895211,2.913296,0.6433333333333333,1.0,,1.0,1.0,0.6433333333333333,1.0,,1|1|1|1,0.6433333333333333|1.0|1.0|1.0,,0.8751665499999999
photocatalytic MOFs with suitable band gaps,50,TOPSIS,3,qmof-c0f392b,Zn2C44H38N6O12,0.915527725,2.464185,0.6433333333333333,1.0,,1.0,1.0,0.6433333333333333,1.0,,1|1|1|1,0.6433333333333333|1.0|1.0|1.0,,0.8751665499999999
photocatalytic MOFs with suitable band gaps,50,TOPSIS,4,qmof-ac6a77a,Zn4C76H44N8O16,0.82887956,2.401359,0.6433333333333333,1.0,,1.0,1.0,0.6433333333333333,1.0,,1|1|1|1,0.6433333333333333|1.0|1.0|1.0,,0.8751665499999999
photocatalytic MOFs with suitable band gaps,50,TOPSIS,5,qmof-13a76dd,Zn4C40H28N12O8,0.982716063,3.309168,0.6433333333333333,1.0,,1.0,1.0,0.6433333333333333,1.0,,1|1|1|1,0.6433333333333333|1.0|1.0|1.0,,0.8751665499999999
photocatalytic MOFs with suitable band gaps,50,WeightedSum,1,qmof-e566fbb,Zn2C36H22N6O8,0.83426434,2.93315,0.6433333333333333,1.0,,1.0,1.0,0.6433333333333333,1.0,,1|1|1|1,0.6433333333333333|1.0|1.0|1.0,,0.8751665499999999
photocatalytic MOFs with suitable band gaps,50,WeightedSum,2,qmof-cef46c3,Zn2C48H32N8O8,0.7895211,2.913296,0.6433333333333333,1.0,,1.0,1.0,0.6433333333333333,1.0,,1|1|1|1,0.6433333333333333|1.0|1.0|1.0,,0.8751665499999999
photocatalytic MOFs with suitable band gaps,50,WeightedSum,3,qmof-c0f392b,Zn2C44H38N6O12,0.915527725,2.464185,0.6433333333333333,1.0,,1.0,1.0,0.6433333333333333,1.0,,1|1|1|1,0.6433333333333333|1.0|1.0|1.0,,0.8751665499999999
photocatalytic MOFs with suitable band gaps,50,WeightedSum,4,qmof-ac6a77a,Zn4C76H44N8O16,0.82887956,2.401359,0.6433333333333333,1.0,,1.0,1.0,0.6433333333333333,1.0,,1|1|1|1,0.6433333333333333|1.0|1.0|1.0,,0.8751665499999999
photocatalytic MOFs with suitable band gaps,50,WeightedSum,5,qmof-13a76dd,Zn4C40H28N12O8,0.982716063,3.309168,0.6433333333333333,1.0,,1.0,1.0,0.6433333333333333,1.0,,1|1|1|1,0.6433333333333333|1.0|1.0|1.0,,0.8751665499999999
photocatalytic MOFs with suitable band gaps,51,GAT only,1,qmof-13a76dd,Zn4C40H28N12O8,0.982716063,3.309168,0.6433333333333333,1.0,,1.0,1.0,0.6433333333333333,1.0,,1|1|1|1,0.6433333333333333|1.0|1.0|1.0,,0.8751665499999999
photocatalytic MOFs with suitable band gaps,51,GAT only,2,qmof-e566fbb,Zn2C36H22N6O8,0.83426434,2.93315,0.6433333333333333,1.0,,1.0,1.0,0.6433333333333333,1.0,,1|1|1|1,0.6433333333333333|1.0|1.0|1.0,,0.8751665499999999
photocatalytic MOFs with suitable band gaps,51,GAT only,3,qmof-cef46c3,Zn2C48H32N8O8,0.7895211,2.913296,0.6433333333333333,1.0,,1.0,1.0,0.6433333333333333,1.0,,1|1|1|1,0.6433333333333333|1.0|1.0|1.0,,0.8751665499999999
photocatalytic MOFs with suitable band gaps,51,GAT only,4,qmof-c0f392b,Zn2C44H38N6O12,0.915527725,2.464185,0.6433333333333333,1.0,,1.0,1.0,0.6433333333333333,1.0,,1|1|1|1,0.6433333333333333|1.0|1.0|1.0,,0.8751665499999999
photocatalytic MOFs with suitable band gaps,51,GAT only,5,qmof-ac6a77a,Zn4C76H44N8O16,0.82887956,2.401359,0.6433333333333333,1.0,,1.0,1.0,0.6433333333333333,1.0,,1|1|1|1,0.6433333333333333|1.0|1.0|1.0,,0.8751665499999999
photocatalytic MOFs with suitable band gaps,51,GraphSAGE only,1,qmof-13a76dd,Zn4C40H28N12O8,0.982716063,3.309168,0.6433333333333333,1.0,,1.0,1.0,0.6433333333333333,1.0,,1|1|1|1,0.6433333333333333|1.0|1.0|1.0,,0.8751665499999999
photocatalytic MOFs with suitable band gaps,51,GraphSAGE only,2,qmof-e566fbb,Zn2C36H22N6O8,0.83426434,2.93315,0.6433333333333333,1.0,,1.0,1.0,0.6433333333333333,1.0,,1|1|1|1,0.6433333333333333|1.0|1.0|1.0,,0.8751665499999999
photocatalytic MOFs with suitable band gaps,51,GraphSAGE only,3,qmof-ac6a77a,Zn4C76H44N8O16,0.82887956,2.401359,0.6433333333333333,1.0,,1.0,1.0,0.6433333333333333,1.0,,1|1|1|1,0.6433333333333333|1.0|1.0|1.0,,0.8751665499999999
photocatalytic MOFs with suitable band gaps,51,GraphSAGE only,4,qmof-cef46c3,Zn2C48H32N8O8,0.7895211,2.913296,0.6433333333333333,1.0,,1.0,1.0,0.6433333333333333,1.0,,1|1|1|1,0.6433333333333333|1.0|1.0|1.0,,0.8751665499999999
photocatalytic MOFs with suitable band gaps,51,GraphSAGE only,5,qmof-c0f392b,Zn2C44H38N6O12,0.915527725,2.464185,0.6433333333333333,1.0,,1.0,1.0,0.6433333333333333,1.0,,1|1|1|1,0.6433333333333333|1.0|1.0|1.0,,0.8751665499999999
photocatalytic MOFs with suitable band gaps,51,LEA,1,qmof-c0f392b,Zn2C44H38N6O12,0.915527725,2.464185,0.6433333333333333,1.0,,1.0,1.0,0.6433333333333333,1.0,,1|1|1|1,0.6433333333333333|1.0|1.0|1.0,,0.9703290045261384
photocatalytic MOFs with suitable band gaps,51,LEA,2,qmof-cef46c3,Zn2C48H32N8O8,0.7895211,2.913296,0.6433333333333333,1.0,,1.0,1.0,0.6433333333333333,1.0,,1|1|1|1,0.6433333333333333|1.0|1.0|1.0,,0.9703290045261384
photocatalytic MOFs with suitable band gaps,51,LEA,3,qmof-e566fbb,Zn2C36H22N6O8,0.83426434,2.93315,0.6433333333333333,1.0,,1.0,1.0,0.6433333333333333,1.0,,1|1|1|1,0.6433333333333333|1.0|1.0|1.0,,0.9703290045261384
photocatalytic MOFs with suitable band gaps,51,LEA,4,qmof-ac6a77a,Zn4C76H44N8O16,0.82887956,2.401359,0.6433333333333333,1.0,,1.0,1.0,0.6433333333333333,1.0,,1|1|1|1,0.6433333333333333|1.0|1.0|1.0,,0.9703290045261384
photocatalytic MOFs with suitable band gaps,51,LEA,5,qmof-13a76dd,Zn4C40H28N12O8,0.982716063,3.309168,0.6433333333333333,1.0,,1.0,1.0,0.6433333333333333,1.0,,1|1|1|1,0.6433333333333333|1.0|1.0|1.0,,0.9597224026918412
photocatalytic MOFs with suitable band gaps,51,LEA no diversity,1,qmof-c0f392b,Zn2C44H38N6O12,0.915527725,2.464185,0.6433333333333333,1.0,,1.0,1.0,0.6433333333333333,1.0,,1|1|1|1,0.6433333333333333|1.0|1.0|1.0,,0.9597224026918412
photocatalytic MOFs with suitable band gaps,51,LEA no diversity,2,qmof-cef46c3,Zn2C48H32N8O8,0.7895211,2.913296,0.6433333333333333,1.0,,1.0,1.0,0.6433333333333333,1.0,,1|1|1|1,0.6433333333333333|1.0|1.0|1.0,,0.9597224026918412
photocatalytic MOFs with suitable band gaps,51,LEA no diversity,3,qmof-e566fbb,Zn2C36H22N6O8,0.83426434,2.93315,0.6433333333333333,1.0,,1.0,1.0,0.6433333333333333,1.0,,1|1|1|1,0.6433333333333333|1.0|1.0|1.0,,0.9597224026918412
photocatalytic MOFs with suitable band gaps,51,LEA no diversity,4,qmof-ac6a77a,Zn4C76H44N8O16,0.82887956,2.401359,0.6433333333333333,1.0,,1.0,1.0,0.6433333333333333,1.0,,1|1|1|1,0.6433333333333333|1.0|1.0|1.0,,0.9597224026918412
photocatalytic MOFs with suitable band gaps,51,LEA no diversity,5,qmof-13a76dd,Zn4C40H28N12O8,0.982716063,3.309168,0.6433333333333333,1.0,,1.0,1.0,0.6433333333333333,1.0,,1|1|1|1,0.6433333333333333|1.0|1.0|1.0,,0.9597224026918412
photocatalytic MOFs with suitable band gaps,51,LEA no self-cleaning,1,qmof-c0f392b,Zn2C44H38N6O12,0.915527725,2.464185,0.6433333333333333,1.0,,1.0,1.0,0.6433333333333333,1.0,,1|1|1|1,0.6433333333333333|1.0|1.0|1.0,,0.9703290045261384
photocatalytic MOFs with suitable band gaps,51,LEA no self-cleaning,2,qmof-cef46c3,Zn2C48H32N8O8,0.7895211,2.913296,0.6433333333333333,1.0,,1.0,1.0,0.6433333333333333,1.0,,1|1|1|1,0.6433333333333333|1.0|1.0|1.0,,0.9703290045261384
photocatalytic MOFs with suitable band gaps,51,LEA no self-cleaning,3,qmof-e566fbb,Zn2C36H22N6O8,0.83426434,2.93315,0.6433333333333333,1.0,,1.0,1.0,0.6433333333333333,1.0,,1|1|1|1,0.6433333333333333|1.0|1.0|1.0,,0.9703290045261384
photocatalytic MOFs with suitable band gaps,51,LEA no self-cleaning,4,qmof-ac6a77a,Zn4C76H44N8O16,0.82887956,2.401359,0.6433333333333333,1.0,,1.0,1.0,0.6433333333333333,1.0,,1|1|1|1,0.6433333333333333|1.0|1.0|1.0,,0.9703290045261384
photocatalytic MOFs with suitable band gaps,51,LEA no self-cleaning,5,qmof-13a76dd,Zn4C40H28N12O8,0.982716063,3.309168,0.6433333333333333,1.0,,1.0,1.0,0.6433333333333333,1.0,,1|1|1|1,0.6433333333333333|1.0|1.0|1.0,,0.9597224026918412
photocatalytic MOFs with suitable band gaps,51,LEA + GAT,1,qmof-13a76dd,Zn4C40H28N12O8,0.982716063,3.309168,0.6433333333333333,1.0,,1.0,1.0,0.6433333333333333,1.0,,1|1|1|1,0.6433333333333333|1.0|1.0|1.0,,0.898240116238594
photocatalytic MOFs with suitable band gaps,51,LEA + GAT,2,qmof-e566fbb,Zn2C36H22N6O8,0.83426434,2.93315,0.6433333333333333,1.0,,1.0,1.0,0.6433333333333333,1.0,,1|1|1|1,0.6433333333333333|1.0|1.0|1.0,,0.8921995639801026
photocatalytic MOFs with suitable band gaps,51,LEA + GAT,3,qmof-cef46c3,Zn2C48H32N8O8,0.7895211,2.913296,0.6433333333333333,1.0,,1.0,1.0,0.6433333333333333,1.0,,1|1|1|1,0.6433333333333333|1.0|1.0|1.0,,0.8898313075304032
photocatalytic MOFs with suitable band gaps,51,LEA + GAT,4,qmof-c0f392b,Zn2C44H38N6O12,0.915527725,2.464185,0.6433333333333333,1.0,,1.0,1.0,0.6433333333333333,1.0,,1|1|1|1,0.6433333333333333|1.0|1.0|1.0,,0.8845047548413276
photocatalytic MOFs with suitable band gaps,51,LEA + GAT,5,qmof-ac6a77a,Zn4C76H44N8O16,0.82887956,2.401359,0.6433333333333333,1.0,,1.0,1.0,0.6433333333333333,1.0,,1|1|1|1,0.6433333333333333|1.0|1.0|1.0,,0.8842393606901169
photocatalytic MOFs with suitable band gaps,51,LEA + GraphSAGE,1,qmof-13a76dd,Zn4C40H28N12O8,0.982716063,3.309168,0.6433333333333333,1.0,,1.0,1.0,0.6433333333333333,1.0,,1|1|1|1,0.6433333333333333|1.0|1.0|1.0,,0.8628705084323883
photocatalytic MOFs with suitable band gaps,51,LEA + GraphSAGE,2,qmof-e566fbb,Zn2C36H22N6O8,0.83426434,2.93315,0.6433333333333333,1.0,,1.0,1.0,0.6433333333333333,1.0,,1|1|1|1,0.6433333333333333|1.0|1.0|1.0,,0.8614974915981293
photocatalytic MOFs with suitable band gaps,51,LEA + GraphSAGE,3,qmof-ac6a77a,Zn4C76H44N8O16,0.82887956,2.401359,0.6433333333333333,1.0,,1.0,1.0,0.6433333333333333,1.0,,1|1|1|1,0.6433333333333333|1.0|1.0|1.0,,0.8603233605623245
photocatalytic MOFs with suitable band gaps,51,LEA + GraphSAGE,4,qmof-cef46c3,Zn2C48H32N8O8,0.7895211,2.913296,0.6433333333333333,1.0,,1.0,1.0,0.6433333333333333,1.0,,1|1|1|1,0.6433333333333333|1.0|1.0|1.0,,0.8600636690855026
photocatalytic MOFs with suitable band gaps,51,LEA + GraphSAGE,5,qmof-c0f392b,Zn2C44H38N6O12,0.915527725,2.464185,0.6433333333333333,1.0,,1.0,1.0,0.6433333333333333,1.0,,1|1|1|1,0.6433333333333333|1.0|1.0|1.0,,0.858823013305664
photocatalytic MOFs with suitable band gaps,51,MMR,1,qmof-13a76dd,Zn4C40H28N12O8,0.982716063,3.309168,0.6433333333333333,1.0,,1.0,1.0,0.6433333333333333,1.0,,1|1|1|1,0.6433333333333333|1.0|1.0|1.0,,0.8751665499999999
photocatalytic MOFs with suitable band gaps,51,MMR,2,qmof-ac6a77a,Zn4C76H44N8O16,0.82887956,2.401359,0.6433333333333333,1.0,,1.0,1.0,0.6433333333333333,1.0,,1|1|1|1,0.6433333333333333|1.0|1.0|1.0,,0.8751665499999999
photocatalytic MOFs with suitable band gaps,51,MMR,3,qmof-e566fbb,Zn2C36H22N6O8,0.83426434,2.93315,0.6433333333333333,1.0,,1.0,1.0,0.6433333333333333,1.0,,1|1|1|1,0.6433333333333333|1.0|1.0|1.0,,0.8751665499999999
photocatalytic MOFs with suitable band gaps,51,MMR,4,qmof-cef46c3,Zn2C48H32N8O8,0.7895211,2.913296,0.6433333333333333,1.0,,1.0,1.0,0.6433333333333333,1.0,,1|1|1|1,0.6433333333333333|1.0|1.0|1.0,,0.8751665499999999
photocatalytic MOFs with suitable band gaps,51,MMR,5,qmof-c0f392b,Zn2C44H38N6O12,0.915527725,2.464185,0.6433333333333333,1.0,,1.0,1.0,0.6433333333333333,1.0,,1|1|1|1,0.6433333333333333|1.0|1.0|1.0,,0.8751665499999999
photocatalytic MOFs with suitable band gaps,51,ParetoCrowding,1,qmof-e566fbb,Zn2C36H22N6O8,0.83426434,2.93315,0.6433333333333333,1.0,,1.0,1.0,0.6433333333333333,1.0,,1|1|1|1,0.6433333333333333|1.0|1.0|1.0,,0.8751665499999999
photocatalytic MOFs with suitable band gaps,51,ParetoCrowding,2,qmof-cef46c3,Zn2C48H32N8O8,0.7895211,2.913296,0.6433333333333333,1.0,,1.0,1.0,0.6433333333333333,1.0,,1|1|1|1,0.6433333333333333|1.0|1.0|1.0,,0.8751665499999999
photocatalytic MOFs with suitable band gaps,51,ParetoCrowding,3,qmof-c0f392b,Zn2C44H38N6O12,0.915527725,2.464185,0.6433333333333333,1.0,,1.0,1.0,0.6433333333333333,1.0,,1|1|1|1,0.6433333333333333|1.0|1.0|1.0,,0.8751665499999999
photocatalytic MOFs with suitable band gaps,51,ParetoCrowding,4,qmof-ac6a77a,Zn4C76H44N8O16,0.82887956,2.401359,0.6433333333333333,1.0,,1.0,1.0,0.6433333333333333,1.0,,1|1|1|1,0.6433333333333333|1.0|1.0|1.0,,0.8751665499999999
photocatalytic MOFs with suitable band gaps,51,ParetoCrowding,5,qmof-13a76dd,Zn4C40H28N12O8,0.982716063,3.309168,0.6433333333333333,1.0,,1.0,1.0,0.6433333333333333,1.0,,1|1|1|1,0.6433333333333333|1.0|1.0|1.0,,0.8751665499999999
photocatalytic MOFs with suitable band gaps,51,Random,1,qmof-add50d6,Cd2C64H56N4O8S8,1.654795548,3.345886,0.6433333333333333,0.7,,0.7,1.0,0.6433333333333333,0.7,,1|1|1|1,0.6433333333333333|1.0|0.7|0.7,,0.75516655
photocatalytic MOFs with suitable band gaps,51,Random,2,qmof-e566fbb,Zn2C36H22N6O8,0.83426434,2.93315,0.6433333333333333,1.0,,1.0,1.0,0.6433333333333333,1.0,,1|1|1|1,0.6433333333333333|1.0|1.0|1.0,,0.8751665499999999
photocatalytic MOFs with suitable band gaps,51,Random,3,qmof-67a153c,Zn4C52H36N12O16S4,1.680840043,2.972207,0.6433333333333333,0.7,,0.7,1.0,0.6433333333333333,0.7,,1|1|1|1,0.6433333333333333|1.0|0.7|0.7,,0.75516655
photocatalytic MOFs with suitable band gaps,51,Random,4,qmof-a6c2dc0,Cu4C18H22N30,1.903560919,2.934213,0.6433333333333333,0.7,,0.7,1.0,0.6433333333333333,0.7,,1|1|1|1,0.6433333333333333|1.0|0.7|0.7,,0.75516655
photocatalytic MOFs with suitable band gaps,51,Random,5,qmof-1275871,Cu2C16H16N2O10,1.777869242,3.266828,0.6433333333333333,0.7,,0.7,1.0,0.6433333333333333,0.7,,1|1|1|1,0.6433333333333333|1.0|0.7|0.7,,0.75516655
photocatalytic MOFs with suitable band gaps,51,SemanticOnly,1,qmof-fcef258,CdC22H12N14O2S2,1.865289775,3.156677,0.6433333333333333,0.7,,0.7,1.0,0.6433333333333333,0.7,,1|1|1|1,0.6433333333333333|1.0|0.7|0.7,,0.75516655
photocatalytic MOFs with suitable band gaps,51,SemanticOnly,2,qmof-f667b4f,Cu4C20H12N8,1.989658223,2.903376,0.6433333333333333,0.7,,0.7,1.0,0.6433333333333333,0.7,,1|1|1|1,0.6433333333333333|1.0|0.7|0.7,,0.75516655
photocatalytic MOFs with suitable band gaps,51,SemanticOnly,3,qmof-ee705c4,CuC18H26N4O8S2,1.709711117,2.785035,0.6433333333333333,0.7,,0.7,1.0,0.6433333333333333,0.7,,1|1|1|1,0.6433333333333333|1.0|0.7|0.7,,0.75516655
photocatalytic MOFs with suitable band gaps,51,SemanticOnly,4,qmof-ee02e1d,Cu2V2C32F2H28N6O12P2,1.92462827,2.446337,0.6433333333333333,0.7,,0.7,1.0,0.6433333333333333,0.7,,1|1|1|1,0.6433333333333333|1.0|0.7|0.7,,0.75516655
photocatalytic MOFs with suitable band gaps,51,SemanticOnly,5,qmof-e8cc479,Cd2C24H16N16,1.94234503,3.336391,0.6433333333333333,0.7,,0.7,1.0,0.6433333333333333,0.7,,1|1|1|1,0.6433333333333333|1.0|0.7|0.7,,0.75516655
photocatalytic MOFs with suitable band gaps,51,TOPSIS,1,qmof-e566fbb,Zn2C36H22N6O8,0.83426434,2.93315,0.6433333333333333,1.0,,1.0,1.0,0.6433333333333333,1.0,,1|1|1|1,0.6433333333333333|1.0|1.0|1.0,,0.8751665499999999
photocatalytic MOFs with suitable band gaps,51,TOPSIS,2,qmof-cef46c3,Zn2C48H32N8O8,0.7895211,2.913296,0.6433333333333333,1.0,,1.0,1.0,0.6433333333333333,1.0,,1|1|1|1,0.6433333333333333|1.0|1.0|1.0,,0.8751665499999999
photocatalytic MOFs with suitable band gaps,51,TOPSIS,3,qmof-c0f392b,Zn2C44H38N6O12,0.915527725,2.464185,0.6433333333333333,1.0,,1.0,1.0,0.6433333333333333,1.0,,1|1|1|1,0.6433333333333333|1.0|1.0|1.0,,0.8751665499999999
photocatalytic MOFs with suitable band gaps,51,TOPSIS,4,qmof-ac6a77a,Zn4C76H44N8O16,0.82887956,2.401359,0.6433333333333333,1.0,,1.0,1.0,0.6433333333333333,1.0,,1|1|1|1,0.6433333333333333|1.0|1.0|1.0,,0.8751665499999999
photocatalytic MOFs with suitable band gaps,51,TOPSIS,5,qmof-13a76dd,Zn4C40H28N12O8,0.982716063,3.309168,0.6433333333333333,1.0,,1.0,1.0,0.6433333333333333,1.0,,1|1|1|1,0.6433333333333333|1.0|1.0|1.0,,0.8751665499999999
photocatalytic MOFs with suitable band gaps,51,WeightedSum,1,qmof-e566fbb,Zn2C36H22N6O8,0.83426434,2.93315,0.6433333333333333,1.0,,1.0,1.0,0.6433333333333333,1.0,,1|1|1|1,0.6433333333333333|1.0|1.0|1.0,,0.8751665499999999
photocatalytic MOFs with suitable band gaps,51,WeightedSum,2,qmof-cef46c3,Zn2C48H32N8O8,0.7895211,2.913296,0.6433333333333333,1.0,,1.0,1.0,0.6433333333333333,1.0,,1|1|1|1,0.6433333333333333|1.0|1.0|1.0,,0.8751665499999999
photocatalytic MOFs with suitable band gaps,51,WeightedSum,3,qmof-c0f392b,Zn2C44H38N6O12,0.915527725,2.464185,0.6433333333333333,1.0,,1.0,1.0,0.6433333333333333,1.0,,1|1|1|1,0.6433333333333333|1.0|1.0|1.0,,0.8751665499999999
photocatalytic MOFs with suitable band gaps,51,WeightedSum,4,qmof-ac6a77a,Zn4C76H44N8O16,0.82887956,2.401359,0.6433333333333333,1.0,,1.0,1.0,0.6433333333333333,1.0,,1|1|1|1,0.6433333333333333|1.0|1.0|1.0,,0.8751665499999999
photocatalytic MOFs with suitable band gaps,51,WeightedSum,5,qmof-13a76dd,Zn4C40H28N12O8,0.982716063,3.309168,0.6433333333333333,1.0,,1.0,1.0,0.6433333333333333,1.0,,1|1|1|1,0.6433333333333333|1.0|1.0|1.0,,0.8751665499999999
lightweight gas storage MOFs with low density,42,GAT only,1,qmof-13a76dd,Zn4C40H28N12O8,0.982716063,3.309168,0.7285714285714285,1.0,,1.0,1.0,0.7285714285714285,1.0,,1|1|1|1,0.7285714285714285|1.0|1.0|1.0,,0.9173958948894889
lightweight gas storage MOFs with low density,42,GAT only,2,qmof-235f291,Ni2C24H16N8,0.870801372,3.336142,0.7285714285714285,1.0,,1.0,1.0,0.7285714285714285,1.0,,1|1|1|1,0.7285714285714285|1.0|1.0|1.0,,0.9173958948894889
lightweight gas storage MOFs with low density,42,GAT only,3,qmof-e566fbb,Zn2C36H22N6O8,0.83426434,2.93315,0.7285714285714285,1.0,,1.0,1.0,0.7285714285714285,1.0,,1|1|1|1,0.7285714285714285|1.0|1.0|1.0,,0.9173958948894889
lightweight gas storage MOFs with low density,42,GAT only,4,qmof-cef46c3,Zn2C48H32N8O8,0.7895211,2.913296,0.7285714285714285,1.0,,1.0,1.0,0.7285714285714285,1.0,,1|1|1|1,0.7285714285714285|1.0|1.0|1.0,,0.9173958948894889
lightweight gas storage MOFs with low density,42,GAT only,5,qmof-a1a5849,Fe2C24H16N8,0.925170256,2.75343,0.7285714285714285,1.0,,1.0,1.0,0.7285714285714285,1.0,,1|1|1|1,0.7285714285714285|1.0|1.0|1.0,,0.9173958948894889
lightweight gas storage MOFs with low density,42,GraphSAGE only,1,qmof-13a76dd,Zn4C40H28N12O8,0.982716063,3.309168,0.7285714285714285,1.0,,1.0,1.0,0.7285714285714285,1.0,,1|1|1|1,0.7285714285714285|1.0|1.0|1.0,,0.9173958948894889
lightweight gas storage MOFs with low density,42,GraphSAGE only,2,qmof-e566fbb,Zn2C36H22N6O8,0.83426434,2.93315,0.7285714285714285,1.0,,1.0,1.0,0.7285714285714285,1.0,,1|1|1|1,0.7285714285714285|1.0|1.0|1.0,,0.9173958948894889
lightweight gas storage MOFs with low density,42,GraphSAGE only,3,qmof-235f291,Ni2C24H16N8,0.870801372,3.336142,0.7285714285714285,1.0,,1.0,1.0,0.7285714285714285,1.0,,1|1|1|1,0.7285714285714285|1.0|1.0|1.0,,0.9173958948894889
lightweight gas storage MOFs with low density,42,GraphSAGE only,4,qmof-a1a5849,Fe2C24H16N8,0.925170256,2.75343,0.7285714285714285,1.0,,1.0,1.0,0.7285714285714285,1.0,,1|1|1|1,0.7285714285714285|1.0|1.0|1.0,,0.9173958948894889
lightweight gas storage MOFs with low density,42,GraphSAGE only,5,qmof-ac6a77a,Zn4C76H44N8O16,0.82887956,2.401359,0.7285714285714285,1.0,,1.0,1.0,0.7285714285714285,1.0,,1|1|1|1,0.7285714285714285|1.0|1.0|1.0,,0.9173958948894889
lightweight gas storage MOFs with low density,42,LEA,1,qmof-ac6a77a,Zn4C76H44N8O16,0.82887956,2.401359,0.7285714285714285,1.0,,1.0,1.0,0.7285714285714285,1.0,,1|1|1|1,0.7285714285714285|1.0|1.0|1.0,,1.0056426696479321
lightweight gas storage MOFs with low density,42,LEA,2,qmof-235f291,Ni2C24H16N8,0.870801372,3.336142,0.7285714285714285,1.0,,1.0,1.0,0.7285714285714285,1.0,,1|1|1|1,0.7285714285714285|1.0|1.0|1.0,,1.0056426696479321
lightweight gas storage MOFs with low density,42,LEA,3,qmof-c0f392b,Zn2C44H38N6O12,0.915527725,2.464185,0.7285714285714285,1.0,,1.0,1.0,0.7285714285714285,1.0,,1|1|1|1,0.7285714285714285|1.0|1.0|1.0,,1.0056426696479321
lightweight gas storage MOFs with low density,42,LEA,4,qmof-a1a5849,Fe2C24H16N8,0.925170256,2.75343,0.7285714285714285,1.0,,1.0,1.0,0.7285714285714285,1.0,,1|1|1|1,0.7285714285714285|1.0|1.0|1.0,,1.0056426696479321
lightweight gas storage MOFs with low density,42,LEA,5,qmof-cef46c3,Zn2C48H32N8O8,0.7895211,2.913296,0.7285714285714285,1.0,,1.0,1.0,0.7285714285714285,1.0,,1|1|1|1,0.7285714285714285|1.0|1.0|1.0,,1.0056426696479321
lightweight gas storage MOFs with low density,42,LEA no diversity,1,qmof-ac6a77a,Zn4C76H44N8O16,0.82887956,2.401359,0.7285714285714285,1.0,,1.0,1.0,0.7285714285714285,1.0,,1|1|1|1,0.7285714285714285|1.0|1.0|1.0,,1.0056426696479321
lightweight gas storage MOFs with low density,42,LEA no diversity,2,qmof-235f291,Ni2C24H16N8,0.870801372,3.336142,0.7285714285714285,1.0,,1.0,1.0,0.7285714285714285,1.0,,1|1|1|1,0.7285714285714285|1.0|1.0|1.0,,1.0056426696479321
lightweight gas storage MOFs with low density,42,LEA no diversity,3,qmof-c0f392b,Zn2C44H38N6O12,0.915527725,2.464185,0.7285714285714285,1.0,,1.0,1.0,0.7285714285714285,1.0,,1|1|1|1,0.7285714285714285|1.0|1.0|1.0,,1.0056426696479321
lightweight gas storage MOFs with low density,42,LEA no diversity,4,qmof-a1a5849,Fe2C24H16N8,0.925170256,2.75343,0.7285714285714285,1.0,,1.0,1.0,0.7285714285714285,1.0,,1|1|1|1,0.7285714285714285|1.0|1.0|1.0,,1.0056426696479321
lightweight gas storage MOFs with low density,42,LEA no diversity,5,qmof-cef46c3,Zn2C48H32N8O8,0.7895211,2.913296,0.7285714285714285,1.0,,1.0,1.0,0.7285714285714285,1.0,,1|1|1|1,0.7285714285714285|1.0|1.0|1.0,,1.0056426696479321
lightweight gas storage MOFs with low density,42,LEA no self-cleaning,1,qmof-ac6a77a,Zn4C76H44N8O16,0.82887956,2.401359,0.7285714285714285,1.0,,1.0,1.0,0.7285714285714285,1.0,,1|1|1|1,0.7285714285714285|1.0|1.0|1.0,,1.0056426696479321
lightweight gas storage MOFs with low density,42,LEA no self-cleaning,2,qmof-235f291,Ni2C24H16N8,0.870801372,3.336142,0.7285714285714285,1.0,,1.0,1.0,0.7285714285714285,1.0,,1|1|1|1,0.7285714285714285|1.0|1.0|1.0,,1.0056426696479321
lightweight gas storage MOFs with low density,42,LEA no self-cleaning,3,qmof-c0f392b,Zn2C44H38N6O12,0.915527725,2.464185,0.7285714285714285,1.0,,1.0,1.0,0.7285714285714285,1.0,,1|1|1|1,0.7285714285714285|1.0|1.0|1.0,,1.0056426696479321
lightweight gas storage MOFs with low density,42,LEA no self-cleaning,4,qmof-a1a5849,Fe2C24H16N8,0.925170256,2.75343,0.7285714285714285,1.0,,1.0,1.0,0.7285714285714285,1.0,,1|1|1|1,0.7285714285714285|1.0|1.0|1.0,,1.0056426696479321
lightweight gas storage MOFs with low density,42,LEA no self-cleaning,5,qmof-cef46c3,Zn2C48H32N8O8,0.7895211,2.913296,0.7285714285714285,1.0,,1.0,1.0,0.7285714285714285,1.0,,1|1|1|1,0.7285714285714285|1.0|1.0|1.0,,1.0056426696479321
lightweight gas storage MOFs with low density,42,LEA + GAT,1,qmof-13a76dd,Zn4C40H28N12O8,0.982716063,3.309168,0.7285714285714285,1.0,,1.0,1.0,0.7285714285714285,1.0,,1|1|1|1,0.7285714285714285|1.0|1.0|1.0,,0.935387821495533
lightweight gas storage MOFs with low density,42,LEA + GAT,2,qmof-235f291,Ni2C24H16N8,0.870801372,3.336142,0.7285714285714285,1.0,,1.0,1.0,0.7285714285714285,1.0,,1|1|1|1,0.7285714285714285|1.0|1.0|1.0,,0.9319272711873055
lightweight gas storage MOFs with low density,42,LEA + GAT,3,qmof-e566fbb,Zn2C36H22N6O8,0.83426434,2.93315,0.7285714285714285,1.0,,1.0,1.0,0.7285714285714285,1.0,,1|1|1|1,0.7285714285714285|1.0|1.0|1.0,,0.9292323172092438
lightweight gas storage MOFs with low density,42,LEA + GAT,4,qmof-cef46c3,Zn2C48H32N8O8,0.7895211,2.913296,0.7285714285714285,1.0,,1.0,1.0,0.7285714285714285,1.0,,1|1|1|1,0.7285714285714285|1.0|1.0|1.0,,0.9268218696117401
lightweight gas storage MOFs with low density,42,LEA + GAT,5,qmof-a1a5849,Fe2C24H16N8,0.925170256,2.75343,0.7285714285714285,1.0,,1.0,1.0,0.7285714285714285,1.0,,1|1|1|1,0.7285714285714285|1.0|1.0|1.0,,0.9248372703790665
lightweight gas storage MOFs with low density,42,LEA + GraphSAGE,1,qmof-13a76dd,Zn4C40H28N12O8,0.982716063,3.309168,0.7285714285714285,1.0,,1.0,1.0,0.7285714285714285,1.0,,1|1|1|1,0.7285714285714285|1.0|1.0|1.0,,0.8994731545448303
lightweight gas storage MOFs with low density,42,LEA + GraphSAGE,2,qmof-e566fbb,Zn2C36H22N6O8,0.83426434,2.93315,0.7285714285714285,1.0,,1.0,1.0,0.7285714285714285,1.0,,1|1|1|1,0.7285714285714285|1.0|1.0|1.0,,0.8980841308832168
lightweight gas storage MOFs with low density,42,LEA + GraphSAGE,3,qmof-235f291,Ni2C24H16N8,0.870801372,3.336142,0.7285714285714285,1.0,,1.0,1.0,0.7285714285714285,1.0,,1|1|1|1,0.7285714285714285|1.0|1.0|1.0,,0.8979054361581802
lightweight gas storage MOFs with low density,42,LEA + GraphSAGE,4,qmof-a1a5849,Fe2C24H16N8,0.925170256,2.75343,0.7285714285714285,1.0,,1.0,1.0,0.7285714285714285,1.0,,1|1|1|1,0.7285714285714285|1.0|1.0|1.0,,0.8971431761980057
lightweight gas storage MOFs with low density,42,LEA + GraphSAGE,5,qmof-ac6a77a,Zn4C76H44N8O16,0.82887956,2.401359,0.7285714285714285,1.0,,1.0,1.0,0.7285714285714285,1.0,,1|1|1|1,0.7285714285714285|1.0|1.0|1.0,,0.8968965470790863
lightweight gas storage MOFs with low density,42,MMR,1,qmof-13a76dd,Zn4C40H28N12O8,0.982716063,3.309168,0.7285714285714285,1.0,,1.0,1.0,0.7285714285714285,1.0,,1|1|1|1,0.7285714285714285|1.0|1.0|1.0,,0.9173958948894889
lightweight gas storage MOFs with low density,42,MMR,2,qmof-e566fbb,Zn2C36H22N6O8,0.83426434,2.93315,0.7285714285714285,1.0,,1.0,1.0,0.7285714285714285,1.0,,1|1|1|1,0.7285714285714285|1.0|1.0|1.0,,0.9173958948894889
lightweight gas storage MOFs with low density,42,MMR,3,qmof-cef46c3,Zn2C48H32N8O8,0.7895211,2.913296,0.7285714285714285,1.0,,1.0,1.0,0.7285714285714285,1.0,,1|1|1|1,0.7285714285714285|1.0|1.0|1.0,,0.9173958948894889
lightweight gas storage MOFs with low density,42,MMR,4,qmof-a1a5849,Fe2C24H16N8,0.925170256,2.75343,0.7285714285714285,1.0,,1.0,1.0,0.7285714285714285,1.0,,1|1|1|1,0.7285714285714285|1.0|1.0|1.0,,0.9173958948894889
lightweight gas storage MOFs with low density,42,MMR,5,qmof-c0f392b,Zn2C44H38N6O12,0.915527725,2.464185,0.7285714285714285,1.0,,1.0,1.0,0.7285714285714285,1.0,,1|1|1|1,0.7285714285714285|1.0|1.0|1.0,,0.9173958948894889
lightweight gas storage MOFs with low density,42,ParetoCrowding,1,qmof-e566fbb,Zn2C36H22N6O8,0.83426434,2.93315,0.7285714285714285,1.0,,1.0,1.0,0.7285714285714285,1.0,,1|1|1|1,0.7285714285714285|1.0|1.0|1.0,,0.9173958948894889
lightweight gas storage MOFs with low density,42,ParetoCrowding,2,qmof-cef46c3,Zn2C48H32N8O8,0.7895211,2.913296,0.7285714285714285,1.0,,1.0,1.0,0.7285714285714285,1.0,,1|1|1|1,0.7285714285714285|1.0|1.0|1.0,,0.9173958948894889
lightweight gas storage MOFs with low density,42,ParetoCrowding,3,qmof-c0f392b,Zn2C44H38N6O12,0.915527725,2.464185,0.7285714285714285,1.0,,1.0,1.0,0.7285714285714285,1.0,,1|1|1|1,0.7285714285714285|1.0|1.0|1.0,,0.9173958948894889
lightweight gas storage MOFs with low density,42,ParetoCrowding,4,qmof-ac6a77a,Zn4C76H44N8O16,0.82887956,2.401359,0.7285714285714285,1.0,,1.0,1.0,0.7285714285714285,1.0,,1|1|1|1,0.7285714285714285|1.0|1.0|1.0,,0.9173958948894889
lightweight gas storage MOFs with low density,42,ParetoCrowding,5,qmof-a1a5849,Fe2C24H16N8,0.925170256,2.75343,0.7285714285714285,1.0,,1.0,1.0,0.7285714285714285,1.0,,1|1|1|1,0.7285714285714285|1.0|1.0|1.0,,0.9173958948894889
lightweight gas storage MOFs with low density,42,Random,1,qmof-8c2e3e2,Zn4Br8C96F8H36N4O16,0.553038798,,0.7285714285714285,1.0,,1.0,0.0,0.7285714285714285,1.0,,1|0|1|1,0.7285714285714285|0.0|1.0|1.0,,0.8944462048562299
lightweight gas storage MOFs with low density,42,Random,2,qmof-5ec1870,Zr6C88Cl4H38N10O52,0.938490385,,0.7285714285714285,1.0,,1.0,0.0,0.7285714285714285,1.0,,1|0|1|1,0.7285714285714285|0.0|1.0|1.0,,0.8944462048562299
lightweight gas storage MOFs with low density,42,Random,3,qmof-74d6dbe,Zn4C68H44N12O16,0.86127672,,0.7285714285714285,1.0,,1.0,0.0,0.7285714285714285,1.0,,1|0|1|1,0.7285714285714285|0.0|1.0|1.0,,0.8944462048562299
lightweight gas storage MOFs with low density,42,Random,4,qmof-14332ab,Zn8C70Cl6H36O29,0.794627551,,0.7285714285714285,1.0,,1.0,0.0,0.7285714285714285,1.0,,1|0|1|1,0.7285714285714285|0.0|1.0|1.0,,0.8944462048562299
lightweight gas storage MOFs with low density,42,Random,5,qmof-d038f1b,AlC48H27O12,0.681506966,,0.7285714285714285,1.0,,1.0,0.0,0.7285714285714285,1.0,,1|0|1|1,0.7285714285714285|0.0|1.0|1.0,,0.8944462048562299
lightweight gas storage MOFs with low density,42,SemanticOnly,1,qmof-ff091c1,Al4Br2C36H13N3O20,0.74023469,,0.7285714285714285,1.0,,1.0,0.0,0.7285714285714285,1.0,,1|0|1|1,0.7285714285714285|0.0|1.0|1.0,,0.8944462048562299
lightweight gas storage MOFs with low density,42,SemanticOnly,2,qmof-fde6499,Zn16C96F4H36N8O52S16,0.553145476,,0.7285714285714285,1.0,,1.0,0.0,0.7285714285714285,1.0,,1|0|1|1,0.7285714285714285|0.0|1.0|1.0,,0.8944462048562299
lightweight gas storage MOFs with low density,42,SemanticOnly,3,qmof-fbe14b0,Zr6C92H62N10O40,0.847421382,,0.7285714285714285,1.0,,1.0,0.0,0.7285714285714285,1.0,,1|0|1|1,0.7285714285714285|0.0|1.0|1.0,,0.8944462048562299
lightweight gas storage MOFs with low density,42,SemanticOnly,4,qmof-fa666a1,Zn2C52H34N2O8,0.43042892,,0.7285714285714285,1.0,,1.0,0.0,0.7285714285714285,1.0,,1|0|1|1,0.7285714285714285|0.0|1.0|1.0,,0.8944462048562299
lightweight gas storage MOFs with low density,42,SemanticOnly,5,qmof-f82b5e3,Zn4Br8C76F24H8O16,0.472428446,,0.7285714285714285,1.0,,1.0,0.0,0.7285714285714285,1.0,,1|0|1|1,0.7285714285714285|0.0|1.0|1.0,,0.8944462048562299
lightweight gas storage MOFs with low density,42,TOPSIS,1,qmof-e566fbb,Zn2C36H22N6O8,0.83426434,2.93315,0.7285714285714285,1.0,,1.0,1.0,0.7285714285714285,1.0,,1|1|1|1,0.7285714285714285|1.0|1.0|1.0,,0.9173958948894889
lightweight gas storage MOFs with low density,42,TOPSIS,2,qmof-cef46c3,Zn2C48H32N8O8,0.7895211,2.913296,0.7285714285714285,1.0,,1.0,1.0,0.7285714285714285,1.0,,1|1|1|1,0.7285714285714285|1.0|1.0|1.0,,0.9173958948894889
lightweight gas storage MOFs with low density,42,TOPSIS,3,qmof-c0f392b,Zn2C44H38N6O12,0.915527725,2.464185,0.7285714285714285,1.0,,1.0,1.0,0.7285714285714285,1.0,,1|1|1|1,0.7285714285714285|1.0|1.0|1.0,,0.9173958948894889
lightweight gas storage MOFs with low density,42,TOPSIS,4,qmof-ac6a77a,Zn4C76H44N8O16,0.82887956,2.401359,0.7285714285714285,1.0,,1.0,1.0,0.7285714285714285,1.0,,1|1|1|1,0.7285714285714285|1.0|1.0|1.0,,0.9173958948894889
lightweight gas storage MOFs with low density,42,TOPSIS,5,qmof-a1a5849,Fe2C24H16N8,0.925170256,2.75343,0.7285714285714285,1.0,,1.0,1.0,0.7285714285714285,1.0,,1|1|1|1,0.7285714285714285|1.0|1.0|1.0,,0.9173958948894889
lightweight gas storage MOFs with low density,42,WeightedSum,1,qmof-e566fbb,Zn2C36H22N6O8,0.83426434,2.93315,0.7285714285714285,1.0,,1.0,1.0,0.7285714285714285,1.0,,1|1|1|1,0.7285714285714285|1.0|1.0|1.0,,0.9173958948894889
lightweight gas storage MOFs with low density,42,WeightedSum,2,qmof-cef46c3,Zn2C48H32N8O8,0.7895211,2.913296,0.7285714285714285,1.0,,1.0,1.0,0.7285714285714285,1.0,,1|1|1|1,0.7285714285714285|1.0|1.0|1.0,,0.9173958948894889
lightweight gas storage MOFs with low density,42,WeightedSum,3,qmof-c0f392b,Zn2C44H38N6O12,0.915527725,2.464185,0.7285714285714285,1.0,,1.0,1.0,0.7285714285714285,1.0,,1|1|1|1,0.7285714285714285|1.0|1.0|1.0,,0.9173958948894889
lightweight gas storage MOFs with low density,42,WeightedSum,4,qmof-ac6a77a,Zn4C76H44N8O16,0.82887956,2.401359,0.7285714285714285,1.0,,1.0,1.0,0.7285714285714285,1.0,,1|1|1|1,0.7285714285714285|1.0|1.0|1.0,,0.9173958948894889
lightweight gas storage MOFs with low density,42,WeightedSum,5,qmof-a1a5849,Fe2C24H16N8,0.925170256,2.75343,0.7285714285714285,1.0,,1.0,1.0,0.7285714285714285,1.0,,1|1|1|1,0.7285714285714285|1.0|1.0|1.0,,0.9173958948894889
lightweight gas storage MOFs with low density,43,GAT only,1,qmof-13a76dd,Zn4C40H28N12O8,0.982716063,3.309168,0.7285714285714285,1.0,,1.0,1.0,0.7285714285714285,1.0,,1|1|1|1,0.7285714285714285|1.0|1.0|1.0,,0.9173958948894889
lightweight gas storage MOFs with low density,43,GAT only,2,qmof-235f291,Ni2C24H16N8,0.870801372,3.336142,0.7285714285714285,1.0,,1.0,1.0,0.7285714285714285,1.0,,1|1|1|1,0.7285714285714285|1.0|1.0|1.0,,0.9173958948894889
lightweight gas storage MOFs with low density,43,GAT only,3,qmof-e566fbb,Zn2C36H22N6O8,0.83426434,2.93315,0.7285714285714285,1.0,,1.0,1.0,0.7285714285714285,1.0,,1|1|1|1,0.7285714285714285|1.0|1.0|1.0,,0.9173958948894889
lightweight gas storage MOFs with low density,43,GAT only,4,qmof-cef46c3,Zn2C48H32N8O8,0.7895211,2.913296,0.7285714285714285,1.0,,1.0,1.0,0.7285714285714285,1.0,,1|1|1|1,0.7285714285714285|1.0|1.0|1.0,,0.9173958948894889
lightweight gas storage MOFs with low density,43,GAT only,5,qmof-a1a5849,Fe2C24H16N8,0.925170256,2.75343,0.7285714285714285,1.0,,1.0,1.0,0.7285714285714285,1.0,,1|1|1|1,0.7285714285714285|1.0|1.0|1.0,,0.9173958948894889
lightweight gas storage MOFs with low density,43,GraphSAGE only,1,qmof-13a76dd,Zn4C40H28N12O8,0.982716063,3.309168,0.7285714285714285,1.0,,1.0,1.0,0.7285714285714285,1.0,,1|1|1|1,0.7285714285714285|1.0|1.0|1.0,,0.9173958948894889
lightweight gas storage MOFs with low density,43,GraphSAGE only,2,qmof-e566fbb,Zn2C36H22N6O8,0.83426434,2.93315,0.7285714285714285,1.0,,1.0,1.0,0.7285714285714285,1.0,,1|1|1|1,0.7285714285714285|1.0|1.0|1.0,,0.9173958948894889
lightweight gas storage MOFs with low density,43,GraphSAGE only,3,qmof-235f291,Ni2C24H16N8,0.870801372,3.336142,0.7285714285714285,1.0,,1.0,1.0,0.7285714285714285,1.0,,1|1|1|1,0.7285714285714285|1.0|1.0|1.0,,0.9173958948894889
lightweight gas storage MOFs with low density,43,GraphSAGE only,4,qmof-a1a5849,Fe2C24H16N8,0.925170256,2.75343,0.7285714285714285,1.0,,1.0,1.0,0.7285714285714285,1.0,,1|1|1|1,0.7285714285714285|1.0|1.0|1.0,,0.9173958948894889
lightweight gas storage MOFs with low density,43,GraphSAGE only,5,qmof-ac6a77a,Zn4C76H44N8O16,0.82887956,2.401359,0.7285714285714285,1.0,,1.0,1.0,0.7285714285714285,1.0,,1|1|1|1,0.7285714285714285|1.0|1.0|1.0,,0.9173958948894889
lightweight gas storage MOFs with low density,43,LEA,1,qmof-cef46c3,Zn2C48H32N8O8,0.7895211,2.913296,0.7285714285714285,1.0,,1.0,1.0,0.7285714285714285,1.0,,1|1|1|1,0.7285714285714285|1.0|1.0|1.0,,1.0056426696479321
lightweight gas storage MOFs with low density,43,LEA,2,qmof-ac6a77a,Zn4C76H44N8O16,0.82887956,2.401359,0.7285714285714285,1.0,,1.0,1.0,0.7285714285714285,1.0,,1|1|1|1,0.7285714285714285|1.0|1.0|1.0,,1.0056426696479321
lightweight gas storage MOFs with low density,43,LEA,3,qmof-13a76dd,Zn4C40H28N12O8,0.982716063,3.309168,0.7285714285714285,1.0,,1.0,1.0,0.7285714285714285,1.0,,1|1|1|1,0.7285714285714285|1.0|1.0|1.0,,1.0056426696479321
lightweight gas storage MOFs with low density,43,LEA,4,qmof-235f291,Ni2C24H16N8,0.870801372,3.336142,0.7285714285714285,1.0,,1.0,1.0,0.7285714285714285,1.0,,1|1|1|1,0.7285714285714285|1.0|1.0|1.0,,1.0056426696479321
lightweight gas storage MOFs with low density,43,LEA,5,qmof-e566fbb,Zn2C36H22N6O8,0.83426434,2.93315,0.7285714285714285,1.0,,1.0,1.0,0.7285714285714285,1.0,,1|1|1|1,0.7285714285714285|1.0|1.0|1.0,,1.0056426696479321
lightweight gas storage MOFs with low density,43,LEA no diversity,1,qmof-cef46c3,Zn2C48H32N8O8,0.7895211,2.913296,0.7285714285714285,1.0,,1.0,1.0,0.7285714285714285,1.0,,1|1|1|1,0.7285714285714285|1.0|1.0|1.0,,1.0056426696479321
lightweight gas storage MOFs with low density,43,LEA no diversity,2,qmof-ac6a77a,Zn4C76H44N8O16,0.82887956,2.401359,0.7285714285714285,1.0,,1.0,1.0,0.7285714285714285,1.0,,1|1|1|1,0.7285714285714285|1.0|1.0|1.0,,1.0056426696479321
lightweight gas storage MOFs with low density,43,LEA no diversity,3,qmof-13a76dd,Zn4C40H28N12O8,0.982716063,3.309168,0.7285714285714285,1.0,,1.0,1.0,0.7285714285714285,1.0,,1|1|1|1,0.7285714285714285|1.0|1.0|1.0,,1.0056426696479321
lightweight gas storage MOFs with low density,43,LEA no diversity,4,qmof-235f291,Ni2C24H16N8,0.870801372,3.336142,0.7285714285714285,1.0,,1.0,1.0,0.7285714285714285,1.0,,1|1|1|1,0.7285714285714285|1.0|1.0|1.0,,1.0056426696479321
lightweight gas storage MOFs with low density,43,LEA no diversity,5,qmof-e566fbb,Zn2C36H22N6O8,0.83426434,2.93315,0.7285714285714285,1.0,,1.0,1.0,0.7285714285714285,1.0,,1|1|1|1,0.7285714285714285|1.0|1.0|1.0,,1.0056426696479321
lightweight gas storage MOFs with low density,43,LEA no self-cleaning,1,qmof-cef46c3,Zn2C48H32N8O8,0.7895211,2.913296,0.7285714285714285,1.0,,1.0,1.0,0.7285714285714285,1.0,,1|1|1|1,0.7285714285714285|1.0|1.0|1.0,,1.0056426696479321
lightweight gas storage MOFs with low density,43,LEA no self-cleaning,2,qmof-ac6a77a,Zn4C76H44N8O16,0.82887956,2.401359,0.7285714285714285,1.0,,1.0,1.0,0.7285714285714285,1.0,,1|1|1|1,0.7285714285714285|1.0|1.0|1.0,,1.0056426696479321
lightweight gas storage MOFs with low density,43,LEA no self-cleaning,3,qmof-13a76dd,Zn4C40H28N12O8,0.982716063,3.309168,0.7285714285714285,1.0,,1.0,1.0,0.7285714285714285,1.0,,1|1|1|1,0.7285714285714285|1.0|1.0|1.0,,1.0056426696479321
lightweight gas storage MOFs with low density,43,LEA no self-cleaning,4,qmof-235f291,Ni2C24H16N8,0.870801372,3.336142,0.7285714285714285,1.0,,1.0,1.0,0.7285714285714285,1.0,,1|1|1|1,0.7285714285714285|1.0|1.0|1.0,,1.0056426696479321
lightweight gas storage MOFs with low density,43,LEA no self-cleaning,5,qmof-e566fbb,Zn2C36H22N6O8,0.83426434,2.93315,0.7285714285714285,1.0,,1.0,1.0,0.7285714285714285,1.0,,1|1|1|1,0.7285714285714285|1.0|1.0|1.0,,1.0056426696479321
lightweight gas storage MOFs with low density,43,LEA + GAT,1,qmof-13a76dd,Zn4C40H28N12O8,0.982716063,3.309168,0.7285714285714285,1.0,,1.0,1.0,0.7285714285714285,1.0,,1|1|1|1,0.7285714285714285|1.0|1.0|1.0,,0.935387821495533
lightweight gas storage MOFs with low density,43,LEA + GAT,2,qmof-235f291,Ni2C24H16N8,0.870801372,3.336142,0.7285714285714285,1.0,,1.0,1.0,0.7285714285714285,1.0,,1|1|1|1,0.7285714285714285|1.0|1.0|1.0,,0.9319272711873055
lightweight gas storage MOFs with low density,43,LEA + GAT,3,qmof-e566fbb,Zn2C36H22N6O8,0.83426434,2.93315,0.7285714285714285,1.0,,1.0,1.0,0.7285714285714285,1.0,,1|1|1|1,0.7285714285714285|1.0|1.0|1.0,,0.9292323172092438
lightweight gas storage MOFs with low density,43,LEA + GAT,4,qmof-cef46c3,Zn2C48H32N8O8,0.7895211,2.913296,0.7285714285714285,1.0,,1.0,1.0,0.7285714285714285,1.0,,1|1|1|1,0.7285714285714285|1.0|1.0|1.0,,0.9268218696117401
lightweight gas storage MOFs with low density,43,LEA + GAT,5,qmof-a1a5849,Fe2C24H16N8,0.925170256,2.75343,0.7285714285714285,1.0,,1.0,1.0,0.7285714285714285,1.0,,1|1|1|1,0.7285714285714285|1.0|1.0|1.0,,0.9248372703790665
lightweight gas storage MOFs with low density,43,LEA + GraphSAGE,1,qmof-13a76dd,Zn4C40H28N12O8,0.982716063,3.309168,0.7285714285714285,1.0,,1.0,1.0,0.7285714285714285,1.0,,1|1|1|1,0.7285714285714285|1.0|1.0|1.0,,0.8994731545448303
lightweight gas storage MOFs with low density,43,LEA + GraphSAGE,2,qmof-e566fbb,Zn2C36H22N6O8,0.83426434,2.93315,0.7285714285714285,1.0,,1.0,1.0,0.7285714285714285,1.0,,1|1|1|1,0.7285714285714285|1.0|1.0|1.0,,0.8980841308832168
lightweight gas storage MOFs with low density,43,LEA + GraphSAGE,3,qmof-235f291,Ni2C24H16N8,0.870801372,3.336142,0.7285714285714285,1.0,,1.0,1.0,0.7285714285714285,1.0,,1|1|1|1,0.7285714285714285|1.0|1.0|1.0,,0.8979054361581802
lightweight gas storage MOFs with low density,43,LEA + GraphSAGE,4,qmof-a1a5849,Fe2C24H16N8,0.925170256,2.75343,0.7285714285714285,1.0,,1.0,1.0,0.7285714285714285,1.0,,1|1|1|1,0.7285714285714285|1.0|1.0|1.0,,0.8971431761980057
lightweight gas storage MOFs with low density,43,LEA + GraphSAGE,5,qmof-ac6a77a,Zn4C76H44N8O16,0.82887956,2.401359,0.7285714285714285,1.0,,1.0,1.0,0.7285714285714285,1.0,,1|1|1|1,0.7285714285714285|1.0|1.0|1.0,,0.8968965470790863
lightweight gas storage MOFs with low density,43,MMR,1,qmof-a1a5849,Fe2C24H16N8,0.925170256,2.75343,0.7285714285714285,1.0,,1.0,1.0,0.7285714285714285,1.0,,1|1|1|1,0.7285714285714285|1.0|1.0|1.0,,0.9173958948894889
lightweight gas storage MOFs with low density,43,MMR,2,qmof-c0f392b,Zn2C44H38N6O12,0.915527725,2.464185,0.7285714285714285,1.0,,1.0,1.0,0.7285714285714285,1.0,,1|1|1|1,0.7285714285714285|1.0|1.0|1.0,,0.9173958948894889
lightweight gas storage MOFs with low density,43,MMR,3,qmof-e566fbb,Zn2C36H22N6O8,0.83426434,2.93315,0.7285714285714285,1.0,,1.0,1.0,0.7285714285714285,1.0,,1|1|1|1,0.7285714285714285|1.0|1.0|1.0,,0.9173958948894889
lightweight gas storage MOFs with low density,43,MMR,4,qmof-235f291,Ni2C24H16N8,0.870801372,3.336142,0.7285714285714285,1.0,,1.0,1.0,0.7285714285714285,1.0,,1|1|1|1,0.7285714285714285|1.0|1.0|1.0,,0.9173958948894889
lightweight gas storage MOFs with low density,43,MMR,5,qmof-13a76dd,Zn4C40H28N12O8,0.982716063,3.309168,0.7285714285714285,1.0,,1.0,1.0,0.7285714285714285,1.0,,1|1|1|1,0.7285714285714285|1.0|1.0|1.0,,0.9173958948894889
lightweight gas storage MOFs with low density,43,ParetoCrowding,1,qmof-e566fbb,Zn2C36H22N6O8,0.83426434,2.93315,0.7285714285714285,1.0,,1.0,1.0,0.7285714285714285,1.0,,1|1|1|1,0.7285714285714285|1.0|1.0|1.0,,0.9173958948894889
lightweight gas storage MOFs with low density,43,ParetoCrowding,2,qmof-cef46c3,Zn2C48H32N8O8,0.7895211,2.913296,0.7285714285714285,1.0,,1.0,1.0,0.7285714285714285,1.0,,1|1|1|1,0.7285714285714285|1.0|1.0|1.0,,0.9173958948894889
lightweight gas storage MOFs with low density,43,ParetoCrowding,3,qmof-c0f392b,Zn2C44H38N6O12,0.915527725,2.464185,0.7285714285714285,1.0,,1.0,1.0,0.7285714285714285,1.0,,1|1|1|1,0.7285714285714285|1.0|1.0|1.0,,0.9173958948894889
lightweight gas storage MOFs with low density,43,ParetoCrowding,4,qmof-ac6a77a,Zn4C76H44N8O16,0.82887956,2.401359,0.7285714285714285,1.0,,1.0,1.0,0.7285714285714285,1.0,,1|1|1|1,0.7285714285714285|1.0|1.0|1.0,,0.9173958948894889
lightweight gas storage MOFs with low density,43,ParetoCrowding,5,qmof-a1a5849,Fe2C24H16N8,0.925170256,2.75343,0.7285714285714285,1.0,,1.0,1.0,0.7285714285714285,1.0,,1|1|1|1,0.7285714285714285|1.0|1.0|1.0,,0.9173958948894889
lightweight gas storage MOFs with low density,43,Random,1,qmof-34626db,Cu12C108H84N24,0.166148304,,0.7285714285714285,1.0,,1.0,0.0,0.7285714285714285,1.0,,1|0|1|1,0.7285714285714285|0.0|1.0|1.0,,0.8944462048562299
lightweight gas storage MOFs with low density,43,Random,2,qmof-9642661,Al4C32F4H8O20S8,0.929871853,,0.7285714285714285,1.0,,1.0,0.0,0.7285714285714285,1.0,,1|0|1|1,0.7285714285714285|0.0|1.0|1.0,,0.8944462048562299
lightweight gas storage MOFs with low density,43,Random,3,qmof-97d5d0e,Zn2C66H32N4O12,0.240953128,,0.7285714285714285,1.0,,1.0,0.0,0.7285714285714285,1.0,,1|0|1|1,0.7285714285714285|0.0|1.0|1.0,,0.8944462048562299
lightweight gas storage MOFs with low density,43,Random,4,qmof-7af11ed,Al4C28ClH9N2O24,0.736004085,,0.7285714285714285,1.0,,1.0,0.0,0.7285714285714285,1.0,,1|0|1|1,0.7285714285714285|0.0|1.0|1.0,,0.8944462048562299
lightweight gas storage MOFs with low density,43,Random,5,qmof-a1a5849,Fe2C24H16N8,0.925170256,2.75343,0.7285714285714285,1.0,,1.0,1.0,0.7285714285714285,1.0,,1|1|1|1,0.7285714285714285|1.0|1.0|1.0,,0.9173958948894889
lightweight gas storage MOFs with low density,43,SemanticOnly,1,qmof-f7fa6b1,Zn4C46H36N16O2,0.979531959,,0.7285714285714285,1.0,,1.0,0.0,0.7285714285714285,1.0,,1|0|1|1,0.7285714285714285|0.0|1.0|1.0,,0.8944462048562299
lightweight gas storage MOFs with low density,43,SemanticOnly,2,qmof-f1c514f,Zn16C112Cl4F16H36O52S8,0.647411247,,0.7285714285714285,1.0,,1.0,0.0,0.7285714285714285,1.0,,1|0|1|1,0.7285714285714285|0.0|1.0|1.0,,0.8944462048562299
lightweight gas storage MOFs with low density,43,SemanticOnly,3,qmof-eeaea8a,Al2C72H24O60,0.969624937,,0.7285714285714285,1.0,,1.0,0.0,0.7285714285714285,1.0,,1|0|1|1,0.7285714285714285|0.0|1.0|1.0,,0.8944462048562299
lightweight gas storage MOFs with low density,43,SemanticOnly,4,qmof-eeabd2e,Zn2C54H40N2O16,0.577929972,,0.7285714285714285,1.0,,1.0,0.0,0.7285714285714285,1.0,,1|0|1|1,0.7285714285714285|0.0|1.0|1.0,,0.8944462048562299
lightweight gas storage MOFs with low density,43,SemanticOnly,5,qmof-ed20cf9,Al2C42Cl12H12N6O12,0.782897864,,0.7285714285714285,1.0,,1.0,0.0,0.7285714285714285,1.0,,1|0|1|1,0.7285714285714285|0.0|1.0|1.0,,0.8944462048562299
lightweight gas storage MOFs with low density,43,TOPSIS,1,qmof-e566fbb,Zn2C36H22N6O8,0.83426434,2.93315,0.7285714285714285,1.0,,1.0,1.0,0.7285714285714285,1.0,,1|1|1|1,0.7285714285714285|1.0|1.0|1.0,,0.9173958948894889
lightweight gas storage MOFs with low density,43,TOPSIS,2,qmof-cef46c3,Zn2C48H32N8O8,0.7895211,2.913296,0.7285714285714285,1.0,,1.0,1.0,0.7285714285714285,1.0,,1|1|1|1,0.7285714285714285|1.0|1.0|1.0,,0.9173958948894889
lightweight gas storage MOFs with low density,43,TOPSIS,3,qmof-c0f392b,Zn2C44H38N6O12,0.915527725,2.464185,0.7285714285714285,1.0,,1.0,1.0,0.7285714285714285,1.0,,1|1|1|1,0.7285714285714285|1.0|1.0|1.0,,0.9173958948894889
lightweight gas storage MOFs with low density,43,TOPSIS,4,qmof-ac6a77a,Zn4C76H44N8O16,0.82887956,2.401359,0.7285714285714285,1.0,,1.0,1.0,0.7285714285714285,1.0,,1|1|1|1,0.7285714285714285|1.0|1.0|1.0,,0.9173958948894889
lightweight gas storage MOFs with low density,43,TOPSIS,5,qmof-a1a5849,Fe2C24H16N8,0.925170256,2.75343,0.7285714285714285,1.0,,1.0,1.0,0.7285714285714285,1.0,,1|1|1|1,0.7285714285714285|1.0|1.0|1.0,,0.9173958948894889
lightweight gas storage MOFs with low density,43,WeightedSum,1,qmof-e566fbb,Zn2C36H22N6O8,0.83426434,2.93315,0.7285714285714285,1.0,,1.0,1.0,0.7285714285714285,1.0,,1|1|1|1,0.7285714285714285|1.0|1.0|1.0,,0.9173958948894889
lightweight gas storage MOFs with low density,43,WeightedSum,2,qmof-cef46c3,Zn2C48H32N8O8,0.7895211,2.913296,0.7285714285714285,1.0,,1.0,1.0,0.7285714285714285,1.0,,1|1|1|1,0.7285714285714285|1.0|1.0|1.0,,0.9173958948894889
lightweight gas storage MOFs with low density,43,WeightedSum,3,qmof-c0f392b,Zn2C44H38N6O12,0.915527725,2.464185,0.7285714285714285,1.0,,1.0,1.0,0.7285714285714285,1.0,,1|1|1|1,0.7285714285714285|1.0|1.0|1.0,,0.9173958948894889
lightweight gas storage MOFs with low density,43,WeightedSum,4,qmof-ac6a77a,Zn4C76H44N8O16,0.82887956,2.401359,0.7285714285714285,1.0,,1.0,1.0,0.7285714285714285,1.0,,1|1|1|1,0.7285714285714285|1.0|1.0|1.0,,0.9173958948894889
lightweight gas storage MOFs with low density,43,WeightedSum,5,qmof-a1a5849,Fe2C24H16N8,0.925170256,2.75343,0.7285714285714285,1.0,,1.0,1.0,0.7285714285714285,1.0,,1|1|1|1,0.7285714285714285|1.0|1.0|1.0,,0.9173958948894889
lightweight gas storage MOFs with low density,44,GAT only,1,qmof-13a76dd,Zn4C40H28N12O8,0.982716063,3.309168,0.7285714285714285,1.0,,1.0,1.0,0.7285714285714285,1.0,,1|1|1|1,0.7285714285714285|1.0|1.0|1.0,,0.9173958948894889
lightweight gas storage MOFs with low density,44,GAT only,2,qmof-235f291,Ni2C24H16N8,0.870801372,3.336142,0.7285714285714285,1.0,,1.0,1.0,0.7285714285714285,1.0,,1|1|1|1,0.7285714285714285|1.0|1.0|1.0,,0.9173958948894889
lightweight gas storage MOFs with low density,44,GAT only,3,qmof-e566fbb,Zn2C36H22N6O8,0.83426434,2.93315,0.7285714285714285,1.0,,1.0,1.0,0.7285714285714285,1.0,,1|1|1|1,0.7285714285714285|1.0|1.0|1.0,,0.9173958948894889
lightweight gas storage MOFs with low density,44,GAT only,4,qmof-cef46c3,Zn2C48H32N8O8,0.7895211,2.913296,0.7285714285714285,1.0,,1.0,1.0,0.7285714285714285,1.0,,1|1|1|1,0.7285714285714285|1.0|1.0|1.0,,0.9173958948894889
lightweight gas storage MOFs with low density,44,GAT only,5,qmof-a1a5849,Fe2C24H16N8,0.925170256,2.75343,0.7285714285714285,1.0,,1.0,1.0,0.7285714285714285,1.0,,1|1|1|1,0.7285714285714285|1.0|1.0|1.0,,0.9173958948894889
lightweight gas storage MOFs with low density,44,GraphSAGE only,1,qmof-13a76dd,Zn4C40H28N12O8,0.982716063,3.309168,0.7285714285714285,1.0,,1.0,1.0,0.7285714285714285,1.0,,1|1|1|1,0.7285714285714285|1.0|1.0|1.0,,0.9173958948894889
lightweight gas storage MOFs with low density,44,GraphSAGE only,2,qmof-e566fbb,Zn2C36H22N6O8,0.83426434,2.93315,0.7285714285714285,1.0,,1.0,1.0,0.7285714285714285,1.0,,1|1|1|1,0.7285714285714285|1.0|1.0|1.0,,0.9173958948894889
lightweight gas storage MOFs with low density,44,GraphSAGE only,3,qmof-235f291,Ni2C24H16N8,0.870801372,3.336142,0.7285714285714285,1.0,,1.0,1.0,0.7285714285714285,1.0,,1|1|1|1,0.7285714285714285|1.0|1.0|1.0,,0.9173958948894889
lightweight gas storage MOFs with low density,44,GraphSAGE only,4,qmof-a1a5849,Fe2C24H16N8,0.925170256,2.75343,0.7285714285714285,1.0,,1.0,1.0,0.7285714285714285,1.0,,1|1|1|1,0.7285714285714285|1.0|1.0|1.0,,0.9173958948894889
lightweight gas storage MOFs with low density,44,GraphSAGE only,5,qmof-ac6a77a,Zn4C76H44N8O16,0.82887956,2.401359,0.7285714285714285,1.0,,1.0,1.0,0.7285714285714285,1.0,,1|1|1|1,0.7285714285714285|1.0|1.0|1.0,,0.9173958948894889
lightweight gas storage MOFs with low density,44,LEA,1,qmof-13a76dd,Zn4C40H28N12O8,0.982716063,3.309168,0.7285714285714285,1.0,,1.0,1.0,0.7285714285714285,1.0,,1|1|1|1,0.7285714285714285|1.0|1.0|1.0,,1.0056426696479321
lightweight gas storage MOFs with low density,44,LEA,2,qmof-a1a5849,Fe2C24H16N8,0.925170256,2.75343,0.7285714285714285,1.0,,1.0,1.0,0.7285714285714285,1.0,,1|1|1|1,0.7285714285714285|1.0|1.0|1.0,,1.0056426696479321
lightweight gas storage MOFs with low density,44,LEA,3,qmof-235f291,Ni2C24H16N8,0.870801372,3.336142,0.7285714285714285,1.0,,1.0,1.0,0.7285714285714285,1.0,,1|1|1|1,0.7285714285714285|1.0|1.0|1.0,,1.0056426696479321
lightweight gas storage MOFs with low density,44,LEA,4,qmof-c0f392b,Zn2C44H38N6O12,0.915527725,2.464185,0.7285714285714285,1.0,,1.0,1.0,0.7285714285714285,1.0,,1|1|1|1,0.7285714285714285|1.0|1.0|1.0,,1.0056426696479321
lightweight gas storage MOFs with low density,44,LEA,5,qmof-cef46c3,Zn2C48H32N8O8,0.7895211,2.913296,0.7285714285714285,1.0,,1.0,1.0,0.7285714285714285,1.0,,1|1|1|1,0.7285714285714285|1.0|1.0|1.0,,1.0056426696479321
lightweight gas storage MOFs with low density,44,LEA no diversity,1,qmof-13a76dd,Zn4C40H28N12O8,0.982716063,3.309168,0.7285714285714285,1.0,,1.0,1.0,0.7285714285714285,1.0,,1|1|1|1,0.7285714285714285|1.0|1.0|1.0,,1.0056426696479321
lightweight gas storage MOFs with low density,44,LEA no diversity,2,qmof-a1a5849,Fe2C24H16N8,0.925170256,2.75343,0.7285714285714285,1.0,,1.0,1.0,0.7285714285714285,1.0,,1|1|1|1,0.7285714285714285|1.0|1.0|1.0,,1.0056426696479321
lightweight gas storage MOFs with low density,44,LEA no diversity,3,qmof-235f291,Ni2C24H16N8,0.870801372,3.336142,0.7285714285714285,1.0,,1.0,1.0,0.7285714285714285,1.0,,1|1|1|1,0.7285714285714285|1.0|1.0|1.0,,1.0056426696479321
lightweight gas storage MOFs with low density,44,LEA no diversity,4,qmof-c0f392b,Zn2C44H38N6O12,0.915527725,2.464185,0.7285714285714285,1.0,,1.0,1.0,0.7285714285714285,1.0,,1|1|1|1,0.7285714285714285|1.0|1.0|1.0,,1.0056426696479321
lightweight gas storage MOFs with low density,44,LEA no diversity,5,qmof-cef46c3,Zn2C48H32N8O8,0.7895211,2.913296,0.7285714285714285,1.0,,1.0,1.0,0.7285714285714285,1.0,,1|1|1|1,0.7285714285714285|1.0|1.0|1.0,,1.0056426696479321
lightweight gas storage MOFs with low density,44,LEA no self-cleaning,1,qmof-13a76dd,Zn4C40H28N12O8,0.982716063,3.309168,0.7285714285714285,1.0,,1.0,1.0,0.7285714285714285,1.0,,1|1|1|1,0.7285714285714285|1.0|1.0|1.0,,1.0056426696479321
lightweight gas storage MOFs with low density,44,LEA no self-cleaning,2,qmof-a1a5849,Fe2C24H16N8,0.925170256,2.75343,0.7285714285714285,1.0,,1.0,1.0,0.7285714285714285,1.0,,1|1|1|1,0.7285714285714285|1.0|1.0|1.0,,1.0056426696479321
lightweight gas storage MOFs with low density,44,LEA no self-cleaning,3,qmof-235f291,Ni2C24H16N8,0.870801372,3.336142,0.7285714285714285,1.0,,1.0,1.0,0.7285714285714285,1.0,,1|1|1|1,0.7285714285714285|1.0|1.0|1.0,,1.0056426696479321
lightweight gas storage MOFs with low density,44,LEA no self-cleaning,4,qmof-c0f392b,Zn2C44H38N6O12,0.915527725,2.464185,0.7285714285714285,1.0,,1.0,1.0,0.7285714285714285,1.0,,1|1|1|1,0.7285714285714285|1.0|1.0|1.0,,1.0056426696479321
lightweight gas storage MOFs with low density,44,LEA no self-cleaning,5,qmof-cef46c3,Zn2C48H32N8O8,0.7895211,2.913296,0.7285714285714285,1.0,,1.0,1.0,0.7285714285714285,1.0,,1|1|1|1,0.7285714285714285|1.0|1.0|1.0,,1.0056426696479321
lightweight gas storage MOFs with low density,44,LEA + GAT,1,qmof-13a76dd,Zn4C40H28N12O8,0.982716063,3.309168,0.7285714285714285,1.0,,1.0,1.0,0.7285714285714285,1.0,,1|1|1|1,0.7285714285714285|1.0|1.0|1.0,,0.935387821495533
lightweight gas storage MOFs with low density,44,LEA + GAT,2,qmof-235f291,Ni2C24H16N8,0.870801372,3.336142,0.7285714285714285,1.0,,1.0,1.0,0.7285714285714285,1.0,,1|1|1|1,0.7285714285714285|1.0|1.0|1.0,,0.9319272711873055
lightweight gas storage MOFs with low density,44,LEA + GAT,3,qmof-e566fbb,Zn2C36H22N6O8,0.83426434,2.93315,0.7285714285714285,1.0,,1.0,1.0,0.7285714285714285,1.0,,1|1|1|1,0.7285714285714285|1.0|1.0|1.0,,0.9292323172092438
lightweight gas storage MOFs with low density,44,LEA + GAT,4,qmof-cef46c3,Zn2C48H32N8O8,0.7895211,2.913296,0.7285714285714285,1.0,,1.0,1.0,0.7285714285714285,1.0,,1|1|1|1,0.7285714285714285|1.0|1.0|1.0,,0.9268218696117401
lightweight gas storage MOFs with low density,44,LEA + GAT,5,qmof-a1a5849,Fe2C24H16N8,0.925170256,2.75343,0.7285714285714285,1.0,,1.0,1.0,0.7285714285714285,1.0,,1|1|1|1,0.7285714285714285|1.0|1.0|1.0,,0.9248372703790665
lightweight gas storage MOFs with low density,44,LEA + GraphSAGE,1,qmof-13a76dd,Zn4C40H28N12O8,0.982716063,3.309168,0.7285714285714285,1.0,,1.0,1.0,0.7285714285714285,1.0,,1|1|1|1,0.7285714285714285|1.0|1.0|1.0,,0.8994731545448303
lightweight gas storage MOFs with low density,44,LEA + GraphSAGE,2,qmof-e566fbb,Zn2C36H22N6O8,0.83426434,2.93315,0.7285714285714285,1.0,,1.0,1.0,0.7285714285714285,1.0,,1|1|1|1,0.7285714285714285|1.0|1.0|1.0,,0.8980841308832168
lightweight gas storage MOFs with low density,44,LEA + GraphSAGE,3,qmof-235f291,Ni2C24H16N8,0.870801372,3.336142,0.7285714285714285,1.0,,1.0,1.0,0.7285714285714285,1.0,,1|1|1|1,0.7285714285714285|1.0|1.0|1.0,,0.8979054361581802
lightweight gas storage MOFs with low density,44,LEA + GraphSAGE,4,qmof-a1a5849,Fe2C24H16N8,0.925170256,2.75343,0.7285714285714285,1.0,,1.0,1.0,0.7285714285714285,1.0,,1|1|1|1,0.7285714285714285|1.0|1.0|1.0,,0.8971431761980057
lightweight gas storage MOFs with low density,44,LEA + GraphSAGE,5,qmof-ac6a77a,Zn4C76H44N8O16,0.82887956,2.401359,0.7285714285714285,1.0,,1.0,1.0,0.7285714285714285,1.0,,1|1|1|1,0.7285714285714285|1.0|1.0|1.0,,0.8968965470790863
lightweight gas storage MOFs with low density,44,MMR,1,qmof-ac6a77a,Zn4C76H44N8O16,0.82887956,2.401359,0.7285714285714285,1.0,,1.0,1.0,0.7285714285714285,1.0,,1|1|1|1,0.7285714285714285|1.0|1.0|1.0,,0.9173958948894889
lightweight gas storage MOFs with low density,44,MMR,2,qmof-e566fbb,Zn2C36H22N6O8,0.83426434,2.93315,0.7285714285714285,1.0,,1.0,1.0,0.7285714285714285,1.0,,1|1|1|1,0.7285714285714285|1.0|1.0|1.0,,0.9173958948894889
lightweight gas storage MOFs with low density,44,MMR,3,qmof-cef46c3,Zn2C48H32N8O8,0.7895211,2.913296,0.7285714285714285,1.0,,1.0,1.0,0.7285714285714285,1.0,,1|1|1|1,0.7285714285714285|1.0|1.0|1.0,,0.9173958948894889
lightweight gas storage MOFs with low density,44,MMR,4,qmof-c0f392b,Zn2C44H38N6O12,0.915527725,2.464185,0.7285714285714285,1.0,,1.0,1.0,0.7285714285714285,1.0,,1|1|1|1,0.7285714285714285|1.0|1.0|1.0,,0.9173958948894889
lightweight gas storage MOFs with low density,44,MMR,5,qmof-235f291,Ni2C24H16N8,0.870801372,3.336142,0.7285714285714285,1.0,,1.0,1.0,0.7285714285714285,1.0,,1|1|1|1,0.7285714285714285|1.0|1.0|1.0,,0.9173958948894889
lightweight gas storage MOFs with low density,44,ParetoCrowding,1,qmof-e566fbb,Zn2C36H22N6O8,0.83426434,2.93315,0.7285714285714285,1.0,,1.0,1.0,0.7285714285714285,1.0,,1|1|1|1,0.7285714285714285|1.0|1.0|1.0,,0.9173958948894889
lightweight gas storage MOFs with low density,44,ParetoCrowding,2,qmof-cef46c3,Zn2C48H32N8O8,0.7895211,2.913296,0.7285714285714285,1.0,,1.0,1.0,0.7285714285714285,1.0,,1|1|1|1,0.7285714285714285|1.0|1.0|1.0,,0.9173958948894889
lightweight gas storage MOFs with low density,44,ParetoCrowding,3,qmof-c0f392b,Zn2C44H38N6O12,0.915527725,2.464185,0.7285714285714285,1.0,,1.0,1.0,0.7285714285714285,1.0,,1|1|1|1,0.7285714285714285|1.0|1.0|1.0,,0.9173958948894889
lightweight gas storage MOFs with low density,44,ParetoCrowding,4,qmof-ac6a77a,Zn4C76H44N8O16,0.82887956,2.401359,0.7285714285714285,1.0,,1.0,1.0,0.7285714285714285,1.0,,1|1|1|1,0.7285714285714285|1.0|1.0|1.0,,0.9173958948894889
lightweight gas storage MOFs with low density,44,ParetoCrowding,5,qmof-a1a5849,Fe2C24H16N8,0.925170256,2.75343,0.7285714285714285,1.0,,1.0,1.0,0.7285714285714285,1.0,,1|1|1|1,0.7285714285714285|1.0|1.0|1.0,,0.9173958948894889
lightweight gas storage MOFs with low density,44,Random,1,qmof-a758683,Al6C96H48N4O28,0.872969488,,0.7285714285714285,1.0,,1.0,0.0,0.7285714285714285,1.0,,1|0|1|1,0.7285714285714285|0.0|1.0|1.0,,0.8944462048562299
lightweight gas storage MOFs with low density,44,Random,2,qmof-2846d73,Zn2C50H48N2O24,0.78687741,,0.7285714285714285,1.0,,1.0,0.0,0.7285714285714285,1.0,,1|0|1|1,0.7285714285714285|0.0|1.0|1.0,,0.8944462048562299
lightweight gas storage MOFs with low density,44,Random,3,qmof-e2065ab,Zn16Br16C96H16O64S20,0.75964398,,0.7285714285714285,1.0,,1.0,0.0,0.7285714285714285,1.0,,1|0|1|1,0.7285714285714285|0.0|1.0|1.0,,0.8944462048562299
lightweight gas storage MOFs with low density,44,Random,4,qmof-735264a,Zn4C65F5H40N5O13,0.521366623,,0.7285714285714285,1.0,,1.0,0.0,0.7285714285714285,1.0,,1|0|1|1,0.7285714285714285|0.0|1.0|1.0,,0.8944462048562299
lightweight gas storage MOFs with low density,44,Random,5,qmof-847d3d6,Zn8C42H18N6O26,0.589129038,,0.7285714285714285,1.0,,1.0,0.0,0.7285714285714285,1.0,,1|0|1|1,0.7285714285714285|0.0|1.0|1.0,,0.8944462048562299
lightweight gas storage MOFs with low density,44,SemanticOnly,1,qmof-fec62ce,Al2C48Cl6H24O12,0.628097294,,0.7285714285714285,1.0,,1.0,0.0,0.7285714285714285,1.0,,1|0|1|1,0.7285714285714285|0.0|1.0|1.0,,0.8944462048562299
lightweight gas storage MOFs with low density,44,SemanticOnly,2,qmof-fd22223,Zn6C43H38O33S3,0.505827448,,0.7285714285714285,1.0,,1.0,0.0,0.7285714285714285,1.0,,1|0|1|1,0.7285714285714285|0.0|1.0|1.0,,0.8944462048562299
lightweight gas storage MOFs with low density,44,SemanticOnly,3,qmof-fcdce3e,Zn4C79F2H52N16,0.367352455,,0.7285714285714285,1.0,,1.0,0.0,0.7285714285714285,1.0,,1|0|1|1,0.7285714285714285|0.0|1.0|1.0,,0.8944462048562299
lightweight gas storage MOFs with low density,44,SemanticOnly,4,qmof-faf6c2b,Cu12C184H112N8O52,0.57491331,,0.7285714285714285,1.0,,1.0,0.0,0.7285714285714285,1.0,,1|0|1|1,0.7285714285714285|0.0|1.0|1.0,,0.8944462048562299
lightweight gas storage MOFs with low density,44,SemanticOnly,5,qmof-fa0f884,Zn8C96H64N8O42,0.415579421,,0.7285714285714285,1.0,,1.0,0.0,0.7285714285714285,1.0,,1|0|1|1,0.7285714285714285|0.0|1.0|1.0,,0.8944462048562299
lightweight gas storage MOFs with low density,44,TOPSIS,1,qmof-e566fbb,Zn2C36H22N6O8,0.83426434,2.93315,0.7285714285714285,1.0,,1.0,1.0,0.7285714285714285,1.0,,1|1|1|1,0.7285714285714285|1.0|1.0|1.0,,0.9173958948894889
lightweight gas storage MOFs with low density,44,TOPSIS,2,qmof-cef46c3,Zn2C48H32N8O8,0.7895211,2.913296,0.7285714285714285,1.0,,1.0,1.0,0.7285714285714285,1.0,,1|1|1|1,0.7285714285714285|1.0|1.0|1.0,,0.9173958948894889
lightweight gas storage MOFs with low density,44,TOPSIS,3,qmof-c0f392b,Zn2C44H38N6O12,0.915527725,2.464185,0.7285714285714285,1.0,,1.0,1.0,0.7285714285714285,1.0,,1|1|1|1,0.7285714285714285|1.0|1.0|1.0,,0.9173958948894889
lightweight gas storage MOFs with low density,44,TOPSIS,4,qmof-ac6a77a,Zn4C76H44N8O16,0.82887956,2.401359,0.7285714285714285,1.0,,1.0,1.0,0.7285714285714285,1.0,,1|1|1|1,0.7285714285714285|1.0|1.0|1.0,,0.9173958948894889
lightweight gas storage MOFs with low density,44,TOPSIS,5,qmof-a1a5849,Fe2C24H16N8,0.925170256,2.75343,0.7285714285714285,1.0,,1.0,1.0,0.7285714285714285,1.0,,1|1|1|1,0.7285714285714285|1.0|1.0|1.0,,0.9173958948894889
lightweight gas storage MOFs with low density,44,WeightedSum,1,qmof-e566fbb,Zn2C36H22N6O8,0.83426434,2.93315,0.7285714285714285,1.0,,1.0,1.0,0.7285714285714285,1.0,,1|1|1|1,0.7285714285714285|1.0|1.0|1.0,,0.9173958948894889
lightweight gas storage MOFs with low density,44,WeightedSum,2,qmof-cef46c3,Zn2C48H32N8O8,0.7895211,2.913296,0.7285714285714285,1.0,,1.0,1.0,0.7285714285714285,1.0,,1|1|1|1,0.7285714285714285|1.0|1.0|1.0,,0.9173958948894889
lightweight gas storage MOFs with low density,44,WeightedSum,3,qmof-c0f392b,Zn2C44H38N6O12,0.915527725,2.464185,0.7285714285714285,1.0,,1.0,1.0,0.7285714285714285,1.0,,1|1|1|1,0.7285714285714285|1.0|1.0|1.0,,0.9173958948894889
lightweight gas storage MOFs with low density,44,WeightedSum,4,qmof-ac6a77a,Zn4C76H44N8O16,0.82887956,2.401359,0.7285714285714285,1.0,,1.0,1.0,0.7285714285714285,1.0,,1|1|1|1,0.7285714285714285|1.0|1.0|1.0,,0.9173958948894889
lightweight gas storage MOFs with low density,44,WeightedSum,5,qmof-a1a5849,Fe2C24H16N8,0.925170256,2.75343,0.7285714285714285,1.0,,1.0,1.0,0.7285714285714285,1.0,,1|1|1|1,0.7285714285714285|1.0|1.0|1.0,,0.9173958948894889
lightweight gas storage MOFs with low density,45,GAT only,1,qmof-13a76dd,Zn4C40H28N12O8,0.982716063,3.309168,0.7285714285714285,1.0,,1.0,1.0,0.7285714285714285,1.0,,1|1|1|1,0.7285714285714285|1.0|1.0|1.0,,0.9173958948894889
lightweight gas storage MOFs with low density,45,GAT only,2,qmof-235f291,Ni2C24H16N8,0.870801372,3.336142,0.7285714285714285,1.0,,1.0,1.0,0.7285714285714285,1.0,,1|1|1|1,0.7285714285714285|1.0|1.0|1.0,,0.9173958948894889
lightweight gas storage MOFs with low density,45,GAT only,3,qmof-e566fbb,Zn2C36H22N6O8,0.83426434,2.93315,0.7285714285714285,1.0,,1.0,1.0,0.7285714285714285,1.0,,1|1|1|1,0.7285714285714285|1.0|1.0|1.0,,0.9173958948894889
lightweight gas storage MOFs with low density,45,GAT only,4,qmof-cef46c3,Zn2C48H32N8O8,0.7895211,2.913296,0.7285714285714285,1.0,,1.0,1.0,0.7285714285714285,1.0,,1|1|1|1,0.7285714285714285|1.0|1.0|1.0,,0.9173958948894889
lightweight gas storage MOFs with low density,45,GAT only,5,qmof-a1a5849,Fe2C24H16N8,0.925170256,2.75343,0.7285714285714285,1.0,,1.0,1.0,0.7285714285714285,1.0,,1|1|1|1,0.7285714285714285|1.0|1.0|1.0,,0.9173958948894889
lightweight gas storage MOFs with low density,45,GraphSAGE only,1,qmof-13a76dd,Zn4C40H28N12O8,0.982716063,3.309168,0.7285714285714285,1.0,,1.0,1.0,0.7285714285714285,1.0,,1|1|1|1,0.7285714285714285|1.0|1.0|1.0,,0.9173958948894889
lightweight gas storage MOFs with low density,45,GraphSAGE only,2,qmof-e566fbb,Zn2C36H22N6O8,0.83426434,2.93315,0.7285714285714285,1.0,,1.0,1.0,0.7285714285714285,1.0,,1|1|1|1,0.7285714285714285|1.0|1.0|1.0,,0.9173958948894889
lightweight gas storage MOFs with low density,45,GraphSAGE only,3,qmof-235f291,Ni2C24H16N8,0.870801372,3.336142,0.7285714285714285,1.0,,1.0,1.0,0.7285714285714285,1.0,,1|1|1|1,0.7285714285714285|1.0|1.0|1.0,,0.9173958948894889
lightweight gas storage MOFs with low density,45,GraphSAGE only,4,qmof-a1a5849,Fe2C24H16N8,0.925170256,2.75343,0.7285714285714285,1.0,,1.0,1.0,0.7285714285714285,1.0,,1|1|1|1,0.7285714285714285|1.0|1.0|1.0,,0.9173958948894889
lightweight gas storage MOFs with low density,45,GraphSAGE only,5,qmof-ac6a77a,Zn4C76H44N8O16,0.82887956,2.401359,0.7285714285714285,1.0,,1.0,1.0,0.7285714285714285,1.0,,1|1|1|1,0.7285714285714285|1.0|1.0|1.0,,0.9173958948894889
lightweight gas storage MOFs with low density,45,LEA,1,qmof-a1a5849,Fe2C24H16N8,0.925170256,2.75343,0.7285714285714285,1.0,,1.0,1.0,0.7285714285714285,1.0,,1|1|1|1,0.7285714285714285|1.0|1.0|1.0,,1.0056426696479321
lightweight gas storage MOFs with low density,45,LEA,2,qmof-ac6a77a,Zn4C76H44N8O16,0.82887956,2.401359,0.7285714285714285,1.0,,1.0,1.0,0.7285714285714285,1.0,,1|1|1|1,0.7285714285714285|1.0|1.0|1.0,,1.0056426696479321
lightweight gas storage MOFs with low density,45,LEA,3,qmof-c0f392b,Zn2C44H38N6O12,0.915527725,2.464185,0.7285714285714285,1.0,,1.0,1.0,0.7285714285714285,1.0,,1|1|1|1,0.7285714285714285|1.0|1.0|1.0,,1.0056426696479321
lightweight gas storage MOFs with low density,45,LEA,4,qmof-13a76dd,Zn4C40H28N12O8,0.982716063,3.309168,0.7285714285714285,1.0,,1.0,1.0,0.7285714285714285,1.0,,1|1|1|1,0.7285714285714285|1.0|1.0|1.0,,1.0056426696479321
lightweight gas storage MOFs with low density,45,LEA,5,qmof-235f291,Ni2C24H16N8,0.870801372,3.336142,0.7285714285714285,1.0,,1.0,1.0,0.7285714285714285,1.0,,1|1|1|1,0.7285714285714285|1.0|1.0|1.0,,1.0056426696479321
lightweight gas storage MOFs with low density,45,LEA no diversity,1,qmof-a1a5849,Fe2C24H16N8,0.925170256,2.75343,0.7285714285714285,1.0,,1.0,1.0,0.7285714285714285,1.0,,1|1|1|1,0.7285714285714285|1.0|1.0|1.0,,1.0056426696479321
lightweight gas storage MOFs with low density,45,LEA no diversity,2,qmof-ac6a77a,Zn4C76H44N8O16,0.82887956,2.401359,0.7285714285714285,1.0,,1.0,1.0,0.7285714285714285,1.0,,1|1|1|1,0.7285714285714285|1.0|1.0|1.0,,1.0056426696479321
lightweight gas storage MOFs with low density,45,LEA no diversity,3,qmof-c0f392b,Zn2C44H38N6O12,0.915527725,2.464185,0.7285714285714285,1.0,,1.0,1.0,0.7285714285714285,1.0,,1|1|1|1,0.7285714285714285|1.0|1.0|1.0,,1.0056426696479321
lightweight gas storage MOFs with low density,45,LEA no diversity,4,qmof-13a76dd,Zn4C40H28N12O8,0.982716063,3.309168,0.7285714285714285,1.0,,1.0,1.0,0.7285714285714285,1.0,,1|1|1|1,0.7285714285714285|1.0|1.0|1.0,,1.0056426696479321
lightweight gas storage MOFs with low density,45,LEA no diversity,5,qmof-235f291,Ni2C24H16N8,0.870801372,3.336142,0.7285714285714285,1.0,,1.0,1.0,0.7285714285714285,1.0,,1|1|1|1,0.7285714285714285|1.0|1.0|1.0,,1.0056426696479321
lightweight gas storage MOFs with low density,45,LEA no self-cleaning,1,qmof-a1a5849,Fe2C24H16N8,0.925170256,2.75343,0.7285714285714285,1.0,,1.0,1.0,0.7285714285714285,1.0,,1|1|1|1,0.7285714285714285|1.0|1.0|1.0,,1.0056426696479321
lightweight gas storage MOFs with low density,45,LEA no self-cleaning,2,qmof-ac6a77a,Zn4C76H44N8O16,0.82887956,2.401359,0.7285714285714285,1.0,,1.0,1.0,0.7285714285714285,1.0,,1|1|1|1,0.7285714285714285|1.0|1.0|1.0,,1.0056426696479321
lightweight gas storage MOFs with low density,45,LEA no self-cleaning,3,qmof-c0f392b,Zn2C44H38N6O12,0.915527725,2.464185,0.7285714285714285,1.0,,1.0,1.0,0.7285714285714285,1.0,,1|1|1|1,0.7285714285714285|1.0|1.0|1.0,,1.0056426696479321
lightweight gas storage MOFs with low density,45,LEA no self-cleaning,4,qmof-13a76dd,Zn4C40H28N12O8,0.982716063,3.309168,0.7285714285714285,1.0,,1.0,1.0,0.7285714285714285,1.0,,1|1|1|1,0.7285714285714285|1.0|1.0|1.0,,1.0056426696479321
lightweight gas storage MOFs with low density,45,LEA no self-cleaning,5,qmof-235f291,Ni2C24H16N8,0.870801372,3.336142,0.7285714285714285,1.0,,1.0,1.0,0.7285714285714285,1.0,,1|1|1|1,0.7285714285714285|1.0|1.0|1.0,,1.0056426696479321
lightweight gas storage MOFs with low density,45,LEA + GAT,1,qmof-13a76dd,Zn4C40H28N12O8,0.982716063,3.309168,0.7285714285714285,1.0,,1.0,1.0,0.7285714285714285,1.0,,1|1|1|1,0.7285714285714285|1.0|1.0|1.0,,0.935387821495533
lightweight gas storage MOFs with low density,45,LEA + GAT,2,qmof-235f291,Ni2C24H16N8,0.870801372,3.336142,0.7285714285714285,1.0,,1.0,1.0,0.7285714285714285,1.0,,1|1|1|1,0.7285714285714285|1.0|1.0|1.0,,0.9319272711873055
lightweight gas storage MOFs with low density,45,LEA + GAT,3,qmof-e566fbb,Zn2C36H22N6O8,0.83426434,2.93315,0.7285714285714285,1.0,,1.0,1.0,0.7285714285714285,1.0,,1|1|1|1,0.7285714285714285|1.0|1.0|1.0,,0.9292323172092438
lightweight gas storage MOFs with low density,45,LEA + GAT,4,qmof-cef46c3,Zn2C48H32N8O8,0.7895211,2.913296,0.7285714285714285,1.0,,1.0,1.0,0.7285714285714285,1.0,,1|1|1|1,0.7285714285714285|1.0|1.0|1.0,,0.9268218696117401
lightweight gas storage MOFs with low density,45,LEA + GAT,5,qmof-a1a5849,Fe2C24H16N8,0.925170256,2.75343,0.7285714285714285,1.0,,1.0,1.0,0.7285714285714285,1.0,,1|1|1|1,0.7285714285714285|1.0|1.0|1.0,,0.9248372703790665
lightweight gas storage MOFs with low density,45,LEA + GraphSAGE,1,qmof-13a76dd,Zn4C40H28N12O8,0.982716063,3.309168,0.7285714285714285,1.0,,1.0,1.0,0.7285714285714285,1.0,,1|1|1|1,0.7285714285714285|1.0|1.0|1.0,,0.8994731545448303
lightweight gas storage MOFs with low density,45,LEA + GraphSAGE,2,qmof-e566fbb,Zn2C36H22N6O8,0.83426434,2.93315,0.7285714285714285,1.0,,1.0,1.0,0.7285714285714285,1.0,,1|1|1|1,0.7285714285714285|1.0|1.0|1.0,,0.8980841308832168
lightweight gas storage MOFs with low density,45,LEA + GraphSAGE,3,qmof-235f291,Ni2C24H16N8,0.870801372,3.336142,0.7285714285714285,1.0,,1.0,1.0,0.7285714285714285,1.0,,1|1|1|1,0.7285714285714285|1.0|1.0|1.0,,0.8979054361581802
lightweight gas storage MOFs with low density,45,LEA + GraphSAGE,4,qmof-a1a5849,Fe2C24H16N8,0.925170256,2.75343,0.7285714285714285,1.0,,1.0,1.0,0.7285714285714285,1.0,,1|1|1|1,0.7285714285714285|1.0|1.0|1.0,,0.8971431761980057
lightweight gas storage MOFs with low density,45,LEA + GraphSAGE,5,qmof-ac6a77a,Zn4C76H44N8O16,0.82887956,2.401359,0.7285714285714285,1.0,,1.0,1.0,0.7285714285714285,1.0,,1|1|1|1,0.7285714285714285|1.0|1.0|1.0,,0.8968965470790863
lightweight gas storage MOFs with low density,45,MMR,1,qmof-cef46c3,Zn2C48H32N8O8,0.7895211,2.913296,0.7285714285714285,1.0,,1.0,1.0,0.7285714285714285,1.0,,1|1|1|1,0.7285714285714285|1.0|1.0|1.0,,0.9173958948894889
lightweight gas storage MOFs with low density,45,MMR,2,qmof-e566fbb,Zn2C36H22N6O8,0.83426434,2.93315,0.7285714285714285,1.0,,1.0,1.0,0.7285714285714285,1.0,,1|1|1|1,0.7285714285714285|1.0|1.0|1.0,,0.9173958948894889
lightweight gas storage MOFs with low density,45,MMR,3,qmof-235f291,Ni2C24H16N8,0.870801372,3.336142,0.7285714285714285,1.0,,1.0,1.0,0.7285714285714285,1.0,,1|1|1|1,0.7285714285714285|1.0|1.0|1.0,,0.9173958948894889
lightweight gas storage MOFs with low density,45,MMR,4,qmof-13a76dd,Zn4C40H28N12O8,0.982716063,3.309168,0.7285714285714285,1.0,,1.0,1.0,0.7285714285714285,1.0,,1|1|1|1,0.7285714285714285|1.0|1.0|1.0,,0.9173958948894889
lightweight gas storage MOFs with low density,45,MMR,5,qmof-c0f392b,Zn2C44H38N6O12,0.915527725,2.464185,0.7285714285714285,1.0,,1.0,1.0,0.7285714285714285,1.0,,1|1|1|1,0.7285714285714285|1.0|1.0|1.0,,0.9173958948894889
lightweight gas storage MOFs with low density,45,ParetoCrowding,1,qmof-e566fbb,Zn2C36H22N6O8,0.83426434,2.93315,0.7285714285714285,1.0,,1.0,1.0,0.7285714285714285,1.0,,1|1|1|1,0.7285714285714285|1.0|1.0|1.0,,0.9173958948894889
lightweight gas storage MOFs with low density,45,ParetoCrowding,2,qmof-cef46c3,Zn2C48H32N8O8,0.7895211,2.913296,0.7285714285714285,1.0,,1.0,1.0,0.7285714285714285,1.0,,1|1|1|1,0.7285714285714285|1.0|1.0|1.0,,0.9173958948894889
lightweight gas storage MOFs with low density,45,ParetoCrowding,3,qmof-c0f392b,Zn2C44H38N6O12,0.915527725,2.464185,0.7285714285714285,1.0,,1.0,1.0,0.7285714285714285,1.0,,1|1|1|1,0.7285714285714285|1.0|1.0|1.0,,0.9173958948894889
lightweight gas storage MOFs with low density,45,ParetoCrowding,4,qmof-ac6a77a,Zn4C76H44N8O16,0.82887956,2.401359,0.7285714285714285,1.0,,1.0,1.0,0.7285714285714285,1.0,,1|1|1|1,0.7285714285714285|1.0|1.0|1.0,,0.9173958948894889
lightweight gas storage MOFs with low density,45,ParetoCrowding,5,qmof-a1a5849,Fe2C24H16N8,0.925170256,2.75343,0.7285714285714285,1.0,,1.0,1.0,0.7285714285714285,1.0,,1|1|1|1,0.7285714285714285|1.0|1.0|1.0,,0.9173958948894889
lightweight gas storage MOFs with low density,45,Random,1,qmof-9797bb7,Zn3C98H68N6O14,0.925784688,,0.7285714285714285,1.0,,1.0,0.0,0.7285714285714285,1.0,,1|0|1|1,0.7285714285714285|0.0|1.0|1.0,,0.8944462048562299
lightweight gas storage MOFs with low density,45,Random,2,qmof-a4d3297,Zn6C56H25I9O24,0.846844241,,0.7285714285714285,1.0,,1.0,0.0,0.7285714285714285,1.0,,1|0|1|1,0.7285714285714285|0.0|1.0|1.0,,0.8944462048562299
lightweight gas storage MOFs with low density,45,Random,3,qmof-a1a5849,Fe2C24H16N8,0.925170256,2.75343,0.7285714285714285,1.0,,1.0,1.0,0.7285714285714285,1.0,,1|1|1|1,0.7285714285714285|1.0|1.0|1.0,,0.9173958948894889
lightweight gas storage MOFs with low density,45,Random,4,qmof-8516e22,Al2C42H24N6O36,0.775183104,,0.7285714285714285,1.0,,1.0,0.0,0.7285714285714285,1.0,,1|0|1|1,0.7285714285714285|0.0|1.0|1.0,,0.8944462048562299
lightweight gas storage MOFs with low density,45,Random,5,qmof-7e0c32f,Al4C80F8H76N8O44,0.876351562,,0.7285714285714285,1.0,,1.0,0.0,0.7285714285714285,1.0,,1|0|1|1,0.7285714285714285|0.0|1.0|1.0,,0.8944462048562299
lightweight gas storage MOFs with low density,45,SemanticOnly,1,qmof-ff970f0,Zn4C83H45N23,0.463219967,,0.7285714285714285,1.0,,1.0,0.0,0.7285714285714285,1.0,,1|0|1|1,0.7285714285714285|0.0|1.0|1.0,,0.8944462048562299
lightweight gas storage MOFs with low density,45,SemanticOnly,2,qmof-fe6118d,Zn2C36H8N10O24,0.424164172,,0.7285714285714285,1.0,,1.0,0.0,0.7285714285714285,1.0,,1|0|1|1,0.7285714285714285|0.0|1.0|1.0,,0.8944462048562299
lightweight gas storage MOFs with low density,45,SemanticOnly,3,qmof-fa666a1,Zn2C52H34N2O8,0.43042892,,0.7285714285714285,1.0,,1.0,0.0,0.7285714285714285,1.0,,1|0|1|1,0.7285714285714285|0.0|1.0|1.0,,0.8944462048562299
lightweight gas storage MOFs with low density,45,SemanticOnly,4,qmof-f4d2cb4,Al2C48F24O12,0.729530442,,0.7285714285714285,1.0,,1.0,0.0,0.7285714285714285,1.0,,1|0|1|1,0.7285714285714285|0.0|1.0|1.0,,0.8944462048562299
lightweight gas storage MOFs with low density,45,SemanticOnly,5,qmof-f36f74c,Zn16Br8C112H48O52S8,0.685054769,,0.7285714285714285,1.0,,1.0,0.0,0.7285714285714285,1.0,,1|0|1|1,0.7285714285714285|0.0|1.0|1.0,,0.8944462048562299
lightweight gas storage MOFs with low density,45,TOPSIS,1,qmof-e566fbb,Zn2C36H22N6O8,0.83426434,2.93315,0.7285714285714285,1.0,,1.0,1.0,0.7285714285714285,1.0,,1|1|1|1,0.7285714285714285|1.0|1.0|1.0,,0.9173958948894889
lightweight gas storage MOFs with low density,45,TOPSIS,2,qmof-cef46c3,Zn2C48H32N8O8,0.7895211,2.913296,0.7285714285714285,1.0,,1.0,1.0,0.7285714285714285,1.0,,1|1|1|1,0.7285714285714285|1.0|1.0|1.0,,0.9173958948894889
lightweight gas storage MOFs with low density,45,TOPSIS,3,qmof-c0f392b,Zn2C44H38N6O12,0.915527725,2.464185,0.7285714285714285,1.0,,1.0,1.0,0.7285714285714285,1.0,,1|1|1|1,0.7285714285714285|1.0|1.0|1.0,,0.9173958948894889
lightweight gas storage MOFs with low density,45,TOPSIS,4,qmof-ac6a77a,Zn4C76H44N8O16,0.82887956,2.401359,0.7285714285714285,1.0,,1.0,1.0,0.7285714285714285,1.0,,1|1|1|1,0.7285714285714285|1.0|1.0|1.0,,0.9173958948894889
lightweight gas storage MOFs with low density,45,TOPSIS,5,qmof-a1a5849,Fe2C24H16N8,0.925170256,2.75343,0.7285714285714285,1.0,,1.0,1.0,0.7285714285714285,1.0,,1|1|1|1,0.7285714285714285|1.0|1.0|1.0,,0.9173958948894889
lightweight gas storage MOFs with low density,45,WeightedSum,1,qmof-e566fbb,Zn2C36H22N6O8,0.83426434,2.93315,0.7285714285714285,1.0,,1.0,1.0,0.7285714285714285,1.0,,1|1|1|1,0.7285714285714285|1.0|1.0|1.0,,0.9173958948894889
lightweight gas storage MOFs with low density,45,WeightedSum,2,qmof-cef46c3,Zn2C48H32N8O8,0.7895211,2.913296,0.7285714285714285,1.0,,1.0,1.0,0.7285714285714285,1.0,,1|1|1|1,0.7285714285714285|1.0|1.0|1.0,,0.9173958948894889
lightweight gas storage MOFs with low density,45,WeightedSum,3,qmof-c0f392b,Zn2C44H38N6O12,0.915527725,2.464185,0.7285714285714285,1.0,,1.0,1.0,0.7285714285714285,1.0,,1|1|1|1,0.7285714285714285|1.0|1.0|1.0,,0.9173958948894889
lightweight gas storage MOFs with low density,45,WeightedSum,4,qmof-ac6a77a,Zn4C76H44N8O16,0.82887956,2.401359,0.7285714285714285,1.0,,1.0,1.0,0.7285714285714285,1.0,,1|1|1|1,0.7285714285714285|1.0|1.0|1.0,,0.9173958948894889
lightweight gas storage MOFs with low density,45,WeightedSum,5,qmof-a1a5849,Fe2C24H16N8,0.925170256,2.75343,0.7285714285714285,1.0,,1.0,1.0,0.7285714285714285,1.0,,1|1|1|1,0.7285714285714285|1.0|1.0|1.0,,0.9173958948894889
lightweight gas storage MOFs with low density,46,GAT only,1,qmof-13a76dd,Zn4C40H28N12O8,0.982716063,3.309168,0.7285714285714285,1.0,,1.0,1.0,0.7285714285714285,1.0,,1|1|1|1,0.7285714285714285|1.0|1.0|1.0,,0.9173958948894889
lightweight gas storage MOFs with low density,46,GAT only,2,qmof-235f291,Ni2C24H16N8,0.870801372,3.336142,0.7285714285714285,1.0,,1.0,1.0,0.7285714285714285,1.0,,1|1|1|1,0.7285714285714285|1.0|1.0|1.0,,0.9173958948894889
lightweight gas storage MOFs with low density,46,GAT only,3,qmof-e566fbb,Zn2C36H22N6O8,0.83426434,2.93315,0.7285714285714285,1.0,,1.0,1.0,0.7285714285714285,1.0,,1|1|1|1,0.7285714285714285|1.0|1.0|1.0,,0.9173958948894889
lightweight gas storage MOFs with low density,46,GAT only,4,qmof-cef46c3,Zn2C48H32N8O8,0.7895211,2.913296,0.7285714285714285,1.0,,1.0,1.0,0.7285714285714285,1.0,,1|1|1|1,0.7285714285714285|1.0|1.0|1.0,,0.9173958948894889
lightweight gas storage MOFs with low density,46,GAT only,5,qmof-a1a5849,Fe2C24H16N8,0.925170256,2.75343,0.7285714285714285,1.0,,1.0,1.0,0.7285714285714285,1.0,,1|1|1|1,0.7285714285714285|1.0|1.0|1.0,,0.9173958948894889
lightweight gas storage MOFs with low density,46,GraphSAGE only,1,qmof-91a02c3,Cu12C36H24N52,0.291766825,,0.7285714285714285,1.0,,1.0,0.0,0.7285714285714285,1.0,,1|0|1|1,0.7285714285714285|0.0|1.0|1.0,,0.8944462048562299
lightweight gas storage MOFs with low density,46,GraphSAGE only,2,qmof-d856602,Cu12C60H24N72Si3,0.26108434,,0.7285714285714285,1.0,,1.0,0.0,0.7285714285714285,1.0,,1|0|1|1,0.7285714285714285|0.0|1.0|1.0,,0.8944462048562299
lightweight gas storage MOFs with low density,46,GraphSAGE only,3,qmof-13a76dd,Zn4C40H28N12O8,0.982716063,3.309168,0.7285714285714285,1.0,,1.0,1.0,0.7285714285714285,1.0,,1|1|1|1,0.7285714285714285|1.0|1.0|1.0,,0.9173958948894889
lightweight gas storage MOFs with low density,46,GraphSAGE only,4,qmof-e566fbb,Zn2C36H22N6O8,0.83426434,2.93315,0.7285714285714285,1.0,,1.0,1.0,0.7285714285714285,1.0,,1|1|1|1,0.7285714285714285|1.0|1.0|1.0,,0.9173958948894889
lightweight gas storage MOFs with low density,46,GraphSAGE only,5,qmof-235f291,Ni2C24H16N8,0.870801372,3.336142,0.7285714285714285,1.0,,1.0,1.0,0.7285714285714285,1.0,,1|1|1|1,0.7285714285714285|1.0|1.0|1.0,,0.9173958948894889
lightweight gas storage MOFs with low density,46,LEA,1,qmof-ac6a77a,Zn4C76H44N8O16,0.82887956,2.401359,0.7285714285714285,1.0,,1.0,1.0,0.7285714285714285,1.0,,1|1|1|1,0.7285714285714285|1.0|1.0|1.0,,1.0056426696479321
lightweight gas storage MOFs with low density,46,LEA,2,qmof-a1a5849,Fe2C24H16N8,0.925170256,2.75343,0.7285714285714285,1.0,,1.0,1.0,0.7285714285714285,1.0,,1|1|1|1,0.7285714285714285|1.0|1.0|1.0,,1.0056426696479321
lightweight gas storage MOFs with low density,46,LEA,3,qmof-cef46c3,Zn2C48H32N8O8,0.7895211,2.913296,0.7285714285714285,1.0,,1.0,1.0,0.7285714285714285,1.0,,1|1|1|1,0.7285714285714285|1.0|1.0|1.0,,1.0056426696479321
lightweight gas storage MOFs with low density,46,LEA,4,qmof-c0f392b,Zn2C44H38N6O12,0.915527725,2.464185,0.7285714285714285,1.0,,1.0,1.0,0.7285714285714285,1.0,,1|1|1|1,0.7285714285714285|1.0|1.0|1.0,,1.0056426696479321
lightweight gas storage MOFs with low density,46,LEA,5,qmof-13a76dd,Zn4C40H28N12O8,0.982716063,3.309168,0.7285714285714285,1.0,,1.0,1.0,0.7285714285714285,1.0,,1|1|1|1,0.7285714285714285|1.0|1.0|1.0,,1.0056426696479321
lightweight gas storage MOFs with low density,46,LEA no diversity,1,qmof-ac6a77a,Zn4C76H44N8O16,0.82887956,2.401359,0.7285714285714285,1.0,,1.0,1.0,0.7285714285714285,1.0,,1|1|1|1,0.7285714285714285|1.0|1.0|1.0,,1.0056426696479321
lightweight gas storage MOFs with low density,46,LEA no diversity,2,qmof-a1a5849,Fe2C24H16N8,0.925170256,2.75343,0.7285714285714285,1.0,,1.0,1.0,0.7285714285714285,1.0,,1|1|1|1,0.7285714285714285|1.0|1.0|1.0,,1.0056426696479321
lightweight gas storage MOFs with low density,46,LEA no diversity,3,qmof-cef46c3,Zn2C48H32N8O8,0.7895211,2.913296,0.7285714285714285,1.0,,1.0,1.0,0.7285714285714285,1.0,,1|1|1|1,0.7285714285714285|1.0|1.0|1.0,,1.0056426696479321
lightweight gas storage MOFs with low density,46,LEA no diversity,4,qmof-c0f392b,Zn2C44H38N6O12,0.915527725,2.464185,0.7285714285714285,1.0,,1.0,1.0,0.7285714285714285,1.0,,1|1|1|1,0.7285714285714285|1.0|1.0|1.0,,1.0056426696479321
lightweight gas storage MOFs with low density,46,LEA no diversity,5,qmof-13a76dd,Zn4C40H28N12O8,0.982716063,3.309168,0.7285714285714285,1.0,,1.0,1.0,0.7285714285714285,1.0,,1|1|1|1,0.7285714285714285|1.0|1.0|1.0,,1.0056426696479321
lightweight gas storage MOFs with low density,46,LEA no self-cleaning,1,qmof-ac6a77a,Zn4C76H44N8O16,0.82887956,2.401359,0.7285714285714285,1.0,,1.0,1.0,0.7285714285714285,1.0,,1|1|1|1,0.7285714285714285|1.0|1.0|1.0,,1.0056426696479321
lightweight gas storage MOFs with low density,46,LEA no self-cleaning,2,qmof-a1a5849,Fe2C24H16N8,0.925170256,2.75343,0.7285714285714285,1.0,,1.0,1.0,0.7285714285714285,1.0,,1|1|1|1,0.7285714285714285|1.0|1.0|1.0,,1.0056426696479321
lightweight gas storage MOFs with low density,46,LEA no self-cleaning,3,qmof-cef46c3,Zn2C48H32N8O8,0.7895211,2.913296,0.7285714285714285,1.0,,1.0,1.0,0.7285714285714285,1.0,,1|1|1|1,0.7285714285714285|1.0|1.0|1.0,,1.0056426696479321
lightweight gas storage MOFs with low density,46,LEA no self-cleaning,4,qmof-c0f392b,Zn2C44H38N6O12,0.915527725,2.464185,0.7285714285714285,1.0,,1.0,1.0,0.7285714285714285,1.0,,1|1|1|1,0.7285714285714285|1.0|1.0|1.0,,1.0056426696479321
lightweight gas storage MOFs with low density,46,LEA no self-cleaning,5,qmof-13a76dd,Zn4C40H28N12O8,0.982716063,3.309168,0.7285714285714285,1.0,,1.0,1.0,0.7285714285714285,1.0,,1|1|1|1,0.7285714285714285|1.0|1.0|1.0,,1.0056426696479321
lightweight gas storage MOFs with low density,46,LEA + GAT,1,qmof-13a76dd,Zn4C40H28N12O8,0.982716063,3.309168,0.7285714285714285,1.0,,1.0,1.0,0.7285714285714285,1.0,,1|1|1|1,0.7285714285714285|1.0|1.0|1.0,,0.935387821495533
lightweight gas storage MOFs with low density,46,LEA + GAT,2,qmof-235f291,Ni2C24H16N8,0.870801372,3.336142,0.7285714285714285,1.0,,1.0,1.0,0.7285714285714285,1.0,,1|1|1|1,0.7285714285714285|1.0|1.0|1.0,,0.9319272711873055
lightweight gas storage MOFs with low density,46,LEA + GAT,3,qmof-e566fbb,Zn2C36H22N6O8,0.83426434,2.93315,0.7285714285714285,1.0,,1.0,1.0,0.7285714285714285,1.0,,1|1|1|1,0.7285714285714285|1.0|1.0|1.0,,0.9292323172092438
lightweight gas storage MOFs with low density,46,LEA + GAT,4,qmof-cef46c3,Zn2C48H32N8O8,0.7895211,2.913296,0.7285714285714285,1.0,,1.0,1.0,0.7285714285714285,1.0,,1|1|1|1,0.7285714285714285|1.0|1.0|1.0,,0.9268218696117401
lightweight gas storage MOFs with low density,46,LEA + GAT,5,qmof-a1a5849,Fe2C24H16N8,0.925170256,2.75343,0.7285714285714285,1.0,,1.0,1.0,0.7285714285714285,1.0,,1|1|1|1,0.7285714285714285|1.0|1.0|1.0,,0.9248372703790665
lightweight gas storage MOFs with low density,46,LEA + GraphSAGE,1,qmof-13a76dd,Zn4C40H28N12O8,0.982716063,3.309168,0.7285714285714285,1.0,,1.0,1.0,0.7285714285714285,1.0,,1|1|1|1,0.7285714285714285|1.0|1.0|1.0,,0.8994731545448303
lightweight gas storage MOFs with low density,46,LEA + GraphSAGE,2,qmof-e566fbb,Zn2C36H22N6O8,0.83426434,2.93315,0.7285714285714285,1.0,,1.0,1.0,0.7285714285714285,1.0,,1|1|1|1,0.7285714285714285|1.0|1.0|1.0,,0.8980841308832168
lightweight gas storage MOFs with low density,46,LEA + GraphSAGE,3,qmof-235f291,Ni2C24H16N8,0.870801372,3.336142,0.7285714285714285,1.0,,1.0,1.0,0.7285714285714285,1.0,,1|1|1|1,0.7285714285714285|1.0|1.0|1.0,,0.8979054361581802
lightweight gas storage MOFs with low density,46,LEA + GraphSAGE,4,qmof-a1a5849,Fe2C24H16N8,0.925170256,2.75343,0.7285714285714285,1.0,,1.0,1.0,0.7285714285714285,1.0,,1|1|1|1,0.7285714285714285|1.0|1.0|1.0,,0.8971431761980057
lightweight gas storage MOFs with low density,46,LEA + GraphSAGE,5,qmof-ac6a77a,Zn4C76H44N8O16,0.82887956,2.401359,0.7285714285714285,1.0,,1.0,1.0,0.7285714285714285,1.0,,1|1|1|1,0.7285714285714285|1.0|1.0|1.0,,0.8968965470790863
lightweight gas storage MOFs with low density,46,MMR,1,qmof-e566fbb,Zn2C36H22N6O8,0.83426434,2.93315,0.7285714285714285,1.0,,1.0,1.0,0.7285714285714285,1.0,,1|1|1|1,0.7285714285714285|1.0|1.0|1.0,,0.9173958948894889
lightweight gas storage MOFs with low density,46,MMR,2,qmof-235f291,Ni2C24H16N8,0.870801372,3.336142,0.7285714285714285,1.0,,1.0,1.0,0.7285714285714285,1.0,,1|1|1|1,0.7285714285714285|1.0|1.0|1.0,,0.9173958948894889
lightweight gas storage MOFs with low density,46,MMR,3,qmof-13a76dd,Zn4C40H28N12O8,0.982716063,3.309168,0.7285714285714285,1.0,,1.0,1.0,0.7285714285714285,1.0,,1|1|1|1,0.7285714285714285|1.0|1.0|1.0,,0.9173958948894889
lightweight gas storage MOFs with low density,46,MMR,4,qmof-c0f392b,Zn2C44H38N6O12,0.915527725,2.464185,0.7285714285714285,1.0,,1.0,1.0,0.7285714285714285,1.0,,1|1|1|1,0.7285714285714285|1.0|1.0|1.0,,0.9173958948894889
lightweight gas storage MOFs with low density,46,MMR,5,qmof-cef46c3,Zn2C48H32N8O8,0.7895211,2.913296,0.7285714285714285,1.0,,1.0,1.0,0.7285714285714285,1.0,,1|1|1|1,0.7285714285714285|1.0|1.0|1.0,,0.9173958948894889
lightweight gas storage MOFs with low density,46,ParetoCrowding,1,qmof-e566fbb,Zn2C36H22N6O8,0.83426434,2.93315,0.7285714285714285,1.0,,1.0,1.0,0.7285714285714285,1.0,,1|1|1|1,0.7285714285714285|1.0|1.0|1.0,,0.9173958948894889
lightweight gas storage MOFs with low density,46,ParetoCrowding,2,qmof-cef46c3,Zn2C48H32N8O8,0.7895211,2.913296,0.7285714285714285,1.0,,1.0,1.0,0.7285714285714285,1.0,,1|1|1|1,0.7285714285714285|1.0|1.0|1.0,,0.9173958948894889
lightweight gas storage MOFs with low density,46,ParetoCrowding,3,qmof-c0f392b,Zn2C44H38N6O12,0.915527725,2.464185,0.7285714285714285,1.0,,1.0,1.0,0.7285714285714285,1.0,,1|1|1|1,0.7285714285714285|1.0|1.0|1.0,,0.9173958948894889
lightweight gas storage MOFs with low density,46,ParetoCrowding,4,qmof-ac6a77a,Zn4C76H44N8O16,0.82887956,2.401359,0.7285714285714285,1.0,,1.0,1.0,0.7285714285714285,1.0,,1|1|1|1,0.7285714285714285|1.0|1.0|1.0,,0.9173958948894889
lightweight gas storage MOFs with low density,46,ParetoCrowding,5,qmof-a1a5849,Fe2C24H16N8,0.925170256,2.75343,0.7285714285714285,1.0,,1.0,1.0,0.7285714285714285,1.0,,1|1|1|1,0.7285714285714285|1.0|1.0|1.0,,0.9173958948894889
lightweight gas storage MOFs with low density,46,Random,1,qmof-fc98c57,Hf6C60H4N18O32,0.946083882,,0.7285714285714285,1.0,,1.0,0.0,0.7285714285714285,1.0,,1|0|1|1,0.7285714285714285|0.0|1.0|1.0,,0.8944462048562299
lightweight gas storage MOFs with low density,46,Random,2,qmof-a4d3459,Zn2C82H98N2O10,0.602913842,,0.7285714285714285,1.0,,1.0,0.0,0.7285714285714285,1.0,,1|0|1|1,0.7285714285714285|0.0|1.0|1.0,,0.8944462048562299
lightweight gas storage MOFs with low density,46,Random,3,qmof-7ccc745,AlC45F3H24O6,0.647995766,,0.7285714285714285,1.0,,1.0,0.0,0.7285714285714285,1.0,,1|0|1|1,0.7285714285714285|0.0|1.0|1.0,,0.8944462048562299
lightweight gas storage MOFs with low density,46,Random,4,qmof-677bee0,Al4C56FH31N8O20,0.647962577,,0.7285714285714285,1.0,,1.0,0.0,0.7285714285714285,1.0,,1|0|1|1,0.7285714285714285|0.0|1.0|1.0,,0.8944462048562299
lightweight gas storage MOFs with low density,46,Random,5,qmof-624efee,Cu12C84H48N36,0.224582075,,0.7285714285714285,1.0,,1.0,0.0,0.7285714285714285,1.0,,1|0|1|1,0.7285714285714285|0.0|1.0|1.0,,0.8944462048562299
lightweight gas storage MOFs with low density,46,SemanticOnly,1,qmof-fc98c57,Hf6C60H4N18O32,0.946083882,,0.7285714285714285,1.0,,1.0,0.0,0.7285714285714285,1.0,,1|0|1|1,0.7285714285714285|0.0|1.0|1.0,,0.8944462048562299
lightweight gas storage MOFs with low density,46,SemanticOnly,2,qmof-fbe14b0,Zr6C92H62N10O40,0.847421382,,0.7285714285714285,1.0,,1.0,0.0,0.7285714285714285,1.0,,1|0|1|1,0.7285714285714285|0.0|1.0|1.0,,0.8944462048562299
lightweight gas storage MOFs with low density,46,SemanticOnly,3,qmof-fb15c25,Cu6C78H42O30,0.547780195,,0.7285714285714285,1.0,,1.0,0.0,0.7285714285714285,1.0,,1|0|1|1,0.7285714285714285|0.0|1.0|1.0,,0.8944462048562299
lightweight gas storage MOFs with low density,46,SemanticOnly,4,qmof-f85760f,Zn16Br4C96H44N16O52S16,0.606488559,,0.7285714285714285,1.0,,1.0,0.0,0.7285714285714285,1.0,,1|0|1|1,0.7285714285714285|0.0|1.0|1.0,,0.8944462048562299
lightweight gas storage MOFs with low density,46,SemanticOnly,5,qmof-f2e78b9,Al2C22H14N2O14,0.80407144,,0.7285714285714285,1.0,,1.0,0.0,0.7285714285714285,1.0,,1|0|1|1,0.7285714285714285|0.0|1.0|1.0,,0.8944462048562299
lightweight gas storage MOFs with low density,46,TOPSIS,1,qmof-e566fbb,Zn2C36H22N6O8,0.83426434,2.93315,0.7285714285714285,1.0,,1.0,1.0,0.7285714285714285,1.0,,1|1|1|1,0.7285714285714285|1.0|1.0|1.0,,0.9173958948894889
lightweight gas storage MOFs with low density,46,TOPSIS,2,qmof-cef46c3,Zn2C48H32N8O8,0.7895211,2.913296,0.7285714285714285,1.0,,1.0,1.0,0.7285714285714285,1.0,,1|1|1|1,0.7285714285714285|1.0|1.0|1.0,,0.9173958948894889
lightweight gas storage MOFs with low density,46,TOPSIS,3,qmof-c0f392b,Zn2C44H38N6O12,0.915527725,2.464185,0.7285714285714285,1.0,,1.0,1.0,0.7285714285714285,1.0,,1|1|1|1,0.7285714285714285|1.0|1.0|1.0,,0.9173958948894889
lightweight gas storage MOFs with low density,46,TOPSIS,4,qmof-ac6a77a,Zn4C76H44N8O16,0.82887956,2.401359,0.7285714285714285,1.0,,1.0,1.0,0.7285714285714285,1.0,,1|1|1|1,0.7285714285714285|1.0|1.0|1.0,,0.9173958948894889
lightweight gas storage MOFs with low density,46,TOPSIS,5,qmof-a1a5849,Fe2C24H16N8,0.925170256,2.75343,0.7285714285714285,1.0,,1.0,1.0,0.7285714285714285,1.0,,1|1|1|1,0.7285714285714285|1.0|1.0|1.0,,0.9173958948894889
lightweight gas storage MOFs with low density,46,WeightedSum,1,qmof-e566fbb,Zn2C36H22N6O8,0.83426434,2.93315,0.7285714285714285,1.0,,1.0,1.0,0.7285714285714285,1.0,,1|1|1|1,0.7285714285714285|1.0|1.0|1.0,,0.9173958948894889
lightweight gas storage MOFs with low density,46,WeightedSum,2,qmof-cef46c3,Zn2C48H32N8O8,0.7895211,2.913296,0.7285714285714285,1.0,,1.0,1.0,0.7285714285714285,1.0,,1|1|1|1,0.7285714285714285|1.0|1.0|1.0,,0.9173958948894889
lightweight gas storage MOFs with low density,46,WeightedSum,3,qmof-c0f392b,Zn2C44H38N6O12,0.915527725,2.464185,0.7285714285714285,1.0,,1.0,1.0,0.7285714285714285,1.0,,1|1|1|1,0.7285714285714285|1.0|1.0|1.0,,0.9173958948894889
lightweight gas storage MOFs with low density,46,WeightedSum,4,qmof-ac6a77a,Zn4C76H44N8O16,0.82887956,2.401359,0.7285714285714285,1.0,,1.0,1.0,0.7285714285714285,1.0,,1|1|1|1,0.7285714285714285|1.0|1.0|1.0,,0.9173958948894889
lightweight gas storage MOFs with low density,46,WeightedSum,5,qmof-a1a5849,Fe2C24H16N8,0.925170256,2.75343,0.7285714285714285,1.0,,1.0,1.0,0.7285714285714285,1.0,,1|1|1|1,0.7285714285714285|1.0|1.0|1.0,,0.9173958948894889
lightweight gas storage MOFs with low density,47,GAT only,1,qmof-13a76dd,Zn4C40H28N12O8,0.982716063,3.309168,0.7285714285714285,1.0,,1.0,1.0,0.7285714285714285,1.0,,1|1|1|1,0.7285714285714285|1.0|1.0|1.0,,0.9173958948894889
lightweight gas storage MOFs with low density,47,GAT only,2,qmof-235f291,Ni2C24H16N8,0.870801372,3.336142,0.7285714285714285,1.0,,1.0,1.0,0.7285714285714285,1.0,,1|1|1|1,0.7285714285714285|1.0|1.0|1.0,,0.9173958948894889
lightweight gas storage MOFs with low density,47,GAT only,3,qmof-e566fbb,Zn2C36H22N6O8,0.83426434,2.93315,0.7285714285714285,1.0,,1.0,1.0,0.7285714285714285,1.0,,1|1|1|1,0.7285714285714285|1.0|1.0|1.0,,0.9173958948894889
lightweight gas storage MOFs with low density,47,GAT only,4,qmof-cef46c3,Zn2C48H32N8O8,0.7895211,2.913296,0.7285714285714285,1.0,,1.0,1.0,0.7285714285714285,1.0,,1|1|1|1,0.7285714285714285|1.0|1.0|1.0,,0.9173958948894889
lightweight gas storage MOFs with low density,47,GAT only,5,qmof-a1a5849,Fe2C24H16N8,0.925170256,2.75343,0.7285714285714285,1.0,,1.0,1.0,0.7285714285714285,1.0,,1|1|1|1,0.7285714285714285|1.0|1.0|1.0,,0.9173958948894889
lightweight gas storage MOFs with low density,47,GraphSAGE only,1,qmof-13a76dd,Zn4C40H28N12O8,0.982716063,3.309168,0.7285714285714285,1.0,,1.0,1.0,0.7285714285714285,1.0,,1|1|1|1,0.7285714285714285|1.0|1.0|1.0,,0.9173958948894889
lightweight gas storage MOFs with low density,47,GraphSAGE only,2,qmof-e566fbb,Zn2C36H22N6O8,0.83426434,2.93315,0.7285714285714285,1.0,,1.0,1.0,0.7285714285714285,1.0,,1|1|1|1,0.7285714285714285|1.0|1.0|1.0,,0.9173958948894889
lightweight gas storage MOFs with low density,47,GraphSAGE only,3,qmof-235f291,Ni2C24H16N8,0.870801372,3.336142,0.7285714285714285,1.0,,1.0,1.0,0.7285714285714285,1.0,,1|1|1|1,0.7285714285714285|1.0|1.0|1.0,,0.9173958948894889
lightweight gas storage MOFs with low density,47,GraphSAGE only,4,qmof-eadd46d,Zn16C96F16N16O84S16,0.682386491,,0.7285714285714285,1.0,,1.0,0.0,0.7285714285714285,1.0,,1|0|1|1,0.7285714285714285|0.0|1.0|1.0,,0.8944462048562299
lightweight gas storage MOFs with low density,47,GraphSAGE only,5,qmof-a1a5849,Fe2C24H16N8,0.925170256,2.75343,0.7285714285714285,1.0,,1.0,1.0,0.7285714285714285,1.0,,1|1|1|1,0.7285714285714285|1.0|1.0|1.0,,0.9173958948894889
lightweight gas storage MOFs with low density,47,LEA,1,qmof-c0f392b,Zn2C44H38N6O12,0.915527725,2.464185,0.7285714285714285,1.0,,1.0,1.0,0.7285714285714285,1.0,,1|1|1|1,0.7285714285714285|1.0|1.0|1.0,,1.0056426696479321
lightweight gas storage MOFs with low density,47,LEA,2,qmof-235f291,Ni2C24H16N8,0.870801372,3.336142,0.7285714285714285,1.0,,1.0,1.0,0.7285714285714285,1.0,,1|1|1|1,0.7285714285714285|1.0|1.0|1.0,,1.0056426696479321
lightweight gas storage MOFs with low density,47,LEA,3,qmof-e566fbb,Zn2C36H22N6O8,0.83426434,2.93315,0.7285714285714285,1.0,,1.0,1.0,0.7285714285714285,1.0,,1|1|1|1,0.7285714285714285|1.0|1.0|1.0,,1.0056426696479321
lightweight gas storage MOFs with low density,47,LEA,4,qmof-cef46c3,Zn2C48H32N8O8,0.7895211,2.913296,0.7285714285714285,1.0,,1.0,1.0,0.7285714285714285,1.0,,1|1|1|1,0.7285714285714285|1.0|1.0|1.0,,1.0056426696479321
lightweight gas storage MOFs with low density,47,LEA,5,qmof-ac6a77a,Zn4C76H44N8O16,0.82887956,2.401359,0.7285714285714285,1.0,,1.0,1.0,0.7285714285714285,1.0,,1|1|1|1,0.7285714285714285|1.0|1.0|1.0,,1.0056426696479321
lightweight gas storage MOFs with low density,47,LEA no diversity,1,qmof-c0f392b,Zn2C44H38N6O12,0.915527725,2.464185,0.7285714285714285,1.0,,1.0,1.0,0.7285714285714285,1.0,,1|1|1|1,0.7285714285714285|1.0|1.0|1.0,,1.0056426696479321
lightweight gas storage MOFs with low density,47,LEA no diversity,2,qmof-235f291,Ni2C24H16N8,0.870801372,3.336142,0.7285714285714285,1.0,,1.0,1.0,0.7285714285714285,1.0,,1|1|1|1,0.7285714285714285|1.0|1.0|1.0,,1.0056426696479321
lightweight gas storage MOFs with low density,47,LEA no diversity,3,qmof-e566fbb,Zn2C36H22N6O8,0.83426434,2.93315,0.7285714285714285,1.0,,1.0,1.0,0.7285714285714285,1.0,,1|1|1|1,0.7285714285714285|1.0|1.0|1.0,,1.0056426696479321
lightweight gas storage MOFs with low density,47,LEA no diversity,4,qmof-cef46c3,Zn2C48H32N8O8,0.7895211,2.913296,0.7285714285714285,1.0,,1.0,1.0,0.7285714285714285,1.0,,1|1|1|1,0.7285714285714285|1.0|1.0|1.0,,1.0056426696479321
lightweight gas storage MOFs with low density,47,LEA no diversity,5,qmof-ac6a77a,Zn4C76H44N8O16,0.82887956,2.401359,0.7285714285714285,1.0,,1.0,1.0,0.7285714285714285,1.0,,1|1|1|1,0.7285714285714285|1.0|1.0|1.0,,1.0056426696479321
lightweight gas storage MOFs with low density,47,LEA no self-cleaning,1,qmof-c0f392b,Zn2C44H38N6O12,0.915527725,2.464185,0.7285714285714285,1.0,,1.0,1.0,0.7285714285714285,1.0,,1|1|1|1,0.7285714285714285|1.0|1.0|1.0,,1.0056426696479321
lightweight gas storage MOFs with low density,47,LEA no self-cleaning,2,qmof-235f291,Ni2C24H16N8,0.870801372,3.336142,0.7285714285714285,1.0,,1.0,1.0,0.7285714285714285,1.0,,1|1|1|1,0.7285714285714285|1.0|1.0|1.0,,1.0056426696479321
lightweight gas storage MOFs with low density,47,LEA no self-cleaning,3,qmof-e566fbb,Zn2C36H22N6O8,0.83426434,2.93315,0.7285714285714285,1.0,,1.0,1.0,0.7285714285714285,1.0,,1|1|1|1,0.7285714285714285|1.0|1.0|1.0,,1.0056426696479321
lightweight gas storage MOFs with low density,47,LEA no self-cleaning,4,qmof-cef46c3,Zn2C48H32N8O8,0.7895211,2.913296,0.7285714285714285,1.0,,1.0,1.0,0.7285714285714285,1.0,,1|1|1|1,0.7285714285714285|1.0|1.0|1.0,,1.0056426696479321
lightweight gas storage MOFs with low density,47,LEA no self-cleaning,5,qmof-ac6a77a,Zn4C76H44N8O16,0.82887956,2.401359,0.7285714285714285,1.0,,1.0,1.0,0.7285714285714285,1.0,,1|1|1|1,0.7285714285714285|1.0|1.0|1.0,,1.0056426696479321
lightweight gas storage MOFs with low density,47,LEA + GAT,1,qmof-13a76dd,Zn4C40H28N12O8,0.982716063,3.309168,0.7285714285714285,1.0,,1.0,1.0,0.7285714285714285,1.0,,1|1|1|1,0.7285714285714285|1.0|1.0|1.0,,0.935387821495533
lightweight gas storage MOFs with low density,47,LEA + GAT,2,qmof-235f291,Ni2C24H16N8,0.870801372,3.336142,0.7285714285714285,1.0,,1.0,1.0,0.7285714285714285,1.0,,1|1|1|1,0.7285714285714285|1.0|1.0|1.0,,0.9319272711873055
lightweight gas storage MOFs with low density,47,LEA + GAT,3,qmof-e566fbb,Zn2C36H22N6O8,0.83426434,2.93315,0.7285714285714285,1.0,,1.0,1.0,0.7285714285714285,1.0,,1|1|1|1,0.7285714285714285|1.0|1.0|1.0,,0.9292323172092438
lightweight gas storage MOFs with low density,47,LEA + GAT,4,qmof-cef46c3,Zn2C48H32N8O8,0.7895211,2.913296,0.7285714285714285,1.0,,1.0,1.0,0.7285714285714285,1.0,,1|1|1|1,0.7285714285714285|1.0|1.0|1.0,,0.9268218696117401
lightweight gas storage MOFs with low density,47,LEA + GAT,5,qmof-a1a5849,Fe2C24H16N8,0.925170256,2.75343,0.7285714285714285,1.0,,1.0,1.0,0.7285714285714285,1.0,,1|1|1|1,0.7285714285714285|1.0|1.0|1.0,,0.9248372703790665
lightweight gas storage MOFs with low density,47,LEA + GraphSAGE,1,qmof-13a76dd,Zn4C40H28N12O8,0.982716063,3.309168,0.7285714285714285,1.0,,1.0,1.0,0.7285714285714285,1.0,,1|1|1|1,0.7285714285714285|1.0|1.0|1.0,,0.8994731545448303
lightweight gas storage MOFs with low density,47,LEA + GraphSAGE,2,qmof-e566fbb,Zn2C36H22N6O8,0.83426434,2.93315,0.7285714285714285,1.0,,1.0,1.0,0.7285714285714285,1.0,,1|1|1|1,0.7285714285714285|1.0|1.0|1.0,,0.8980841308832168
lightweight gas storage MOFs with low density,47,LEA + GraphSAGE,3,qmof-235f291,Ni2C24H16N8,0.870801372,3.336142,0.7285714285714285,1.0,,1.0,1.0,0.7285714285714285,1.0,,1|1|1|1,0.7285714285714285|1.0|1.0|1.0,,0.8979054361581802
lightweight gas storage MOFs with low density,47,LEA + GraphSAGE,4,qmof-a1a5849,Fe2C24H16N8,0.925170256,2.75343,0.7285714285714285,1.0,,1.0,1.0,0.7285714285714285,1.0,,1|1|1|1,0.7285714285714285|1.0|1.0|1.0,,0.8971431761980057
lightweight gas storage MOFs with low density,47,LEA + GraphSAGE,5,qmof-ac6a77a,Zn4C76H44N8O16,0.82887956,2.401359,0.7285714285714285,1.0,,1.0,1.0,0.7285714285714285,1.0,,1|1|1|1,0.7285714285714285|1.0|1.0|1.0,,0.8968965470790863
lightweight gas storage MOFs with low density,47,MMR,1,qmof-a1a5849,Fe2C24H16N8,0.925170256,2.75343,0.7285714285714285,1.0,,1.0,1.0,0.7285714285714285,1.0,,1|1|1|1,0.7285714285714285|1.0|1.0|1.0,,0.9173958948894889
lightweight gas storage MOFs with low density,47,MMR,2,qmof-13a76dd,Zn4C40H28N12O8,0.982716063,3.309168,0.7285714285714285,1.0,,1.0,1.0,0.7285714285714285,1.0,,1|1|1|1,0.7285714285714285|1.0|1.0|1.0,,0.9173958948894889
lightweight gas storage MOFs with low density,47,MMR,3,qmof-ac6a77a,Zn4C76H44N8O16,0.82887956,2.401359,0.7285714285714285,1.0,,1.0,1.0,0.7285714285714285,1.0,,1|1|1|1,0.7285714285714285|1.0|1.0|1.0,,0.9173958948894889
lightweight gas storage MOFs with low density,47,MMR,4,qmof-cef46c3,Zn2C48H32N8O8,0.7895211,2.913296,0.7285714285714285,1.0,,1.0,1.0,0.7285714285714285,1.0,,1|1|1|1,0.7285714285714285|1.0|1.0|1.0,,0.9173958948894889
lightweight gas storage MOFs with low density,47,MMR,5,qmof-e566fbb,Zn2C36H22N6O8,0.83426434,2.93315,0.7285714285714285,1.0,,1.0,1.0,0.7285714285714285,1.0,,1|1|1|1,0.7285714285714285|1.0|1.0|1.0,,0.9173958948894889
lightweight gas storage MOFs with low density,47,ParetoCrowding,1,qmof-e566fbb,Zn2C36H22N6O8,0.83426434,2.93315,0.7285714285714285,1.0,,1.0,1.0,0.7285714285714285,1.0,,1|1|1|1,0.7285714285714285|1.0|1.0|1.0,,0.9173958948894889
lightweight gas storage MOFs with low density,47,ParetoCrowding,2,qmof-cef46c3,Zn2C48H32N8O8,0.7895211,2.913296,0.7285714285714285,1.0,,1.0,1.0,0.7285714285714285,1.0,,1|1|1|1,0.7285714285714285|1.0|1.0|1.0,,0.9173958948894889
lightweight gas storage MOFs with low density,47,ParetoCrowding,3,qmof-c0f392b,Zn2C44H38N6O12,0.915527725,2.464185,0.7285714285714285,1.0,,1.0,1.0,0.7285714285714285,1.0,,1|1|1|1,0.7285714285714285|1.0|1.0|1.0,,0.9173958948894889
lightweight gas storage MOFs with low density,47,ParetoCrowding,4,qmof-ac6a77a,Zn4C76H44N8O16,0.82887956,2.401359,0.7285714285714285,1.0,,1.0,1.0,0.7285714285714285,1.0,,1|1|1|1,0.7285714285714285|1.0|1.0|1.0,,0.9173958948894889
lightweight gas storage MOFs with low density,47,ParetoCrowding,5,qmof-a1a5849,Fe2C24H16N8,0.925170256,2.75343,0.7285714285714285,1.0,,1.0,1.0,0.7285714285714285,1.0,,1|1|1|1,0.7285714285714285|1.0|1.0|1.0,,0.9173958948894889
lightweight gas storage MOFs with low density,47,Random,1,qmof-7fe12e1,Zn4C41H22O14,0.369667502,,0.7285714285714285,1.0,,1.0,0.0,0.7285714285714285,1.0,,1|0|1|1,0.7285714285714285|0.0|1.0|1.0,,0.8944462048562299
lightweight gas storage MOFs with low density,47,Random,2,qmof-452ad60,Zn16C96H28N4O68S16,0.570837566,,0.7285714285714285,1.0,,1.0,0.0,0.7285714285714285,1.0,,1|0|1|1,0.7285714285714285|0.0|1.0|1.0,,0.8944462048562299
lightweight gas storage MOFs with low density,47,Random,3,qmof-fa61018,Al4C64H52N8O22,0.588664798,,0.7285714285714285,1.0,,1.0,0.0,0.7285714285714285,1.0,,1|0|1|1,0.7285714285714285|0.0|1.0|1.0,,0.8944462048562299
lightweight gas storage MOFs with low density,47,Random,4,qmof-8f0fcd4,Zn2C44H20N2O16,0.453882587,,0.7285714285714285,1.0,,1.0,0.0,0.7285714285714285,1.0,,1|0|1|1,0.7285714285714285|0.0|1.0|1.0,,0.8944462048562299
lightweight gas storage MOFs with low density,47,Random,5,qmof-16137ec,Zn4C82H54N4O16,0.663366146,,0.7285714285714285,1.0,,1.0,0.0,0.7285714285714285,1.0,,1|0|1|1,0.7285714285714285|0.0|1.0|1.0,,0.8944462048562299
lightweight gas storage MOFs with low density,47,SemanticOnly,1,qmof-fd3b276,Zn2C38Cl2H20N2O8,0.427132446,,0.7285714285714285,1.0,,1.0,0.0,0.7285714285714285,1.0,,1|0|1|1,0.7285714285714285|0.0|1.0|1.0,,0.8944462048562299
lightweight gas storage MOFs with low density,47,SemanticOnly,2,qmof-fcd9e5c,Zn2C46F5H23N4O12,0.684381003,,0.7285714285714285,1.0,,1.0,0.0,0.7285714285714285,1.0,,1|0|1|1,0.7285714285714285|0.0|1.0|1.0,,0.8944462048562299
lightweight gas storage MOFs with low density,47,SemanticOnly,3,qmof-fa61018,Al4C64H52N8O22,0.588664798,,0.7285714285714285,1.0,,1.0,0.0,0.7285714285714285,1.0,,1|0|1|1,0.7285714285714285|0.0|1.0|1.0,,0.8944462048562299
lightweight gas storage MOFs with low density,47,SemanticOnly,4,qmof-fa46fe8,Al4C100Cl6H90N4O28,0.728719378,,0.7285714285714285,1.0,,1.0,0.0,0.7285714285714285,1.0,,1|0|1|1,0.7285714285714285|0.0|1.0|1.0,,0.8944462048562299
lightweight gas storage MOFs with low density,47,SemanticOnly,5,qmof-f81a30b,Zn4C78H36O22,0.337585554,,0.7285714285714285,1.0,,1.0,0.0,0.7285714285714285,1.0,,1|0|1|1,0.7285714285714285|0.0|1.0|1.0,,0.8944462048562299
lightweight gas storage MOFs with low density,47,TOPSIS,1,qmof-e566fbb,Zn2C36H22N6O8,0.83426434,2.93315,0.7285714285714285,1.0,,1.0,1.0,0.7285714285714285,1.0,,1|1|1|1,0.7285714285714285|1.0|1.0|1.0,,0.9173958948894889
lightweight gas storage MOFs with low density,47,TOPSIS,2,qmof-cef46c3,Zn2C48H32N8O8,0.7895211,2.913296,0.7285714285714285,1.0,,1.0,1.0,0.7285714285714285,1.0,,1|1|1|1,0.7285714285714285|1.0|1.0|1.0,,0.9173958948894889
lightweight gas storage MOFs with low density,47,TOPSIS,3,qmof-c0f392b,Zn2C44H38N6O12,0.915527725,2.464185,0.7285714285714285,1.0,,1.0,1.0,0.7285714285714285,1.0,,1|1|1|1,0.7285714285714285|1.0|1.0|1.0,,0.9173958948894889
lightweight gas storage MOFs with low density,47,TOPSIS,4,qmof-ac6a77a,Zn4C76H44N8O16,0.82887956,2.401359,0.7285714285714285,1.0,,1.0,1.0,0.7285714285714285,1.0,,1|1|1|1,0.7285714285714285|1.0|1.0|1.0,,0.9173958948894889
lightweight gas storage MOFs with low density,47,TOPSIS,5,qmof-a1a5849,Fe2C24H16N8,0.925170256,2.75343,0.7285714285714285,1.0,,1.0,1.0,0.7285714285714285,1.0,,1|1|1|1,0.7285714285714285|1.0|1.0|1.0,,0.9173958948894889
lightweight gas storage MOFs with low density,47,WeightedSum,1,qmof-e566fbb,Zn2C36H22N6O8,0.83426434,2.93315,0.7285714285714285,1.0,,1.0,1.0,0.7285714285714285,1.0,,1|1|1|1,0.7285714285714285|1.0|1.0|1.0,,0.9173958948894889
lightweight gas storage MOFs with low density,47,WeightedSum,2,qmof-cef46c3,Zn2C48H32N8O8,0.7895211,2.913296,0.7285714285714285,1.0,,1.0,1.0,0.7285714285714285,1.0,,1|1|1|1,0.7285714285714285|1.0|1.0|1.0,,0.9173958948894889
lightweight gas storage MOFs with low density,47,WeightedSum,3,qmof-c0f392b,Zn2C44H38N6O12,0.915527725,2.464185,0.7285714285714285,1.0,,1.0,1.0,0.7285714285714285,1.0,,1|1|1|1,0.7285714285714285|1.0|1.0|1.0,,0.9173958948894889
lightweight gas storage MOFs with low density,47,WeightedSum,4,qmof-ac6a77a,Zn4C76H44N8O16,0.82887956,2.401359,0.7285714285714285,1.0,,1.0,1.0,0.7285714285714285,1.0,,1|1|1|1,0.7285714285714285|1.0|1.0|1.0,,0.9173958948894889
lightweight gas storage MOFs with low density,47,WeightedSum,5,qmof-a1a5849,Fe2C24H16N8,0.925170256,2.75343,0.7285714285714285,1.0,,1.0,1.0,0.7285714285714285,1.0,,1|1|1|1,0.7285714285714285|1.0|1.0|1.0,,0.9173958948894889
lightweight gas storage MOFs with low density,48,GAT only,1,qmof-13a76dd,Zn4C40H28N12O8,0.982716063,3.309168,0.7285714285714285,1.0,,1.0,1.0,0.7285714285714285,1.0,,1|1|1|1,0.7285714285714285|1.0|1.0|1.0,,0.9173958948894889
lightweight gas storage MOFs with low density,48,GAT only,2,qmof-235f291,Ni2C24H16N8,0.870801372,3.336142,0.7285714285714285,1.0,,1.0,1.0,0.7285714285714285,1.0,,1|1|1|1,0.7285714285714285|1.0|1.0|1.0,,0.9173958948894889
lightweight gas storage MOFs with low density,48,GAT only,3,qmof-e566fbb,Zn2C36H22N6O8,0.83426434,2.93315,0.7285714285714285,1.0,,1.0,1.0,0.7285714285714285,1.0,,1|1|1|1,0.7285714285714285|1.0|1.0|1.0,,0.9173958948894889
lightweight gas storage MOFs with low density,48,GAT only,4,qmof-cef46c3,Zn2C48H32N8O8,0.7895211,2.913296,0.7285714285714285,1.0,,1.0,1.0,0.7285714285714285,1.0,,1|1|1|1,0.7285714285714285|1.0|1.0|1.0,,0.9173958948894889
lightweight gas storage MOFs with low density,48,GAT only,5,qmof-a1a5849,Fe2C24H16N8,0.925170256,2.75343,0.7285714285714285,1.0,,1.0,1.0,0.7285714285714285,1.0,,1|1|1|1,0.7285714285714285|1.0|1.0|1.0,,0.9173958948894889
lightweight gas storage MOFs with low density,48,GraphSAGE only,1,qmof-13a76dd,Zn4C40H28N12O8,0.982716063,3.309168,0.7285714285714285,1.0,,1.0,1.0,0.7285714285714285,1.0,,1|1|1|1,0.7285714285714285|1.0|1.0|1.0,,0.9173958948894889
lightweight gas storage MOFs with low density,48,GraphSAGE only,2,qmof-e566fbb,Zn2C36H22N6O8,0.83426434,2.93315,0.7285714285714285,1.0,,1.0,1.0,0.7285714285714285,1.0,,1|1|1|1,0.7285714285714285|1.0|1.0|1.0,,0.9173958948894889
lightweight gas storage MOFs with low density,48,GraphSAGE only,3,qmof-235f291,Ni2C24H16N8,0.870801372,3.336142,0.7285714285714285,1.0,,1.0,1.0,0.7285714285714285,1.0,,1|1|1|1,0.7285714285714285|1.0|1.0|1.0,,0.9173958948894889
lightweight gas storage MOFs with low density,48,GraphSAGE only,4,qmof-a1a5849,Fe2C24H16N8,0.925170256,2.75343,0.7285714285714285,1.0,,1.0,1.0,0.7285714285714285,1.0,,1|1|1|1,0.7285714285714285|1.0|1.0|1.0,,0.9173958948894889
lightweight gas storage MOFs with low density,48,GraphSAGE only,5,qmof-ac6a77a,Zn4C76H44N8O16,0.82887956,2.401359,0.7285714285714285,1.0,,1.0,1.0,0.7285714285714285,1.0,,1|1|1|1,0.7285714285714285|1.0|1.0|1.0,,0.9173958948894889
lightweight gas storage MOFs with low density,48,LEA,1,qmof-c0f392b,Zn2C44H38N6O12,0.915527725,2.464185,0.7285714285714285,1.0,,1.0,1.0,0.7285714285714285,1.0,,1|1|1|1,0.7285714285714285|1.0|1.0|1.0,,1.0056426696479321
lightweight gas storage MOFs with low density,48,LEA,2,qmof-ac6a77a,Zn4C76H44N8O16,0.82887956,2.401359,0.7285714285714285,1.0,,1.0,1.0,0.7285714285714285,1.0,,1|1|1|1,0.7285714285714285|1.0|1.0|1.0,,1.0056426696479321
lightweight gas storage MOFs with low density,48,LEA,3,qmof-13a76dd,Zn4C40H28N12O8,0.982716063,3.309168,0.7285714285714285,1.0,,1.0,1.0,0.7285714285714285,1.0,,1|1|1|1,0.7285714285714285|1.0|1.0|1.0,,1.0056426696479321
lightweight gas storage MOFs with low density,48,LEA,4,qmof-235f291,Ni2C24H16N8,0.870801372,3.336142,0.7285714285714285,1.0,,1.0,1.0,0.7285714285714285,1.0,,1|1|1|1,0.7285714285714285|1.0|1.0|1.0,,1.0056426696479321
lightweight gas storage MOFs with low density,48,LEA,5,qmof-cef46c3,Zn2C48H32N8O8,0.7895211,2.913296,0.7285714285714285,1.0,,1.0,1.0,0.7285714285714285,1.0,,1|1|1|1,0.7285714285714285|1.0|1.0|1.0,,1.0056426696479321
lightweight gas storage MOFs with low density,48,LEA no diversity,1,qmof-c0f392b,Zn2C44H38N6O12,0.915527725,2.464185,0.7285714285714285,1.0,,1.0,1.0,0.7285714285714285,1.0,,1|1|1|1,0.7285714285714285|1.0|1.0|1.0,,1.0056426696479321
lightweight gas storage MOFs with low density,48,LEA no diversity,2,qmof-ac6a77a,Zn4C76H44N8O16,0.82887956,2.401359,0.7285714285714285,1.0,,1.0,1.0,0.7285714285714285,1.0,,1|1|1|1,0.7285714285714285|1.0|1.0|1.0,,1.0056426696479321
lightweight gas storage MOFs with low density,48,LEA no diversity,3,qmof-13a76dd,Zn4C40H28N12O8,0.982716063,3.309168,0.7285714285714285,1.0,,1.0,1.0,0.7285714285714285,1.0,,1|1|1|1,0.7285714285714285|1.0|1.0|1.0,,1.0056426696479321
lightweight gas storage MOFs with low density,48,LEA no diversity,4,qmof-235f291,Ni2C24H16N8,0.870801372,3.336142,0.7285714285714285,1.0,,1.0,1.0,0.7285714285714285,1.0,,1|1|1|1,0.7285714285714285|1.0|1.0|1.0,,1.0056426696479321
lightweight gas storage MOFs with low density,48,LEA no diversity,5,qmof-cef46c3,Zn2C48H32N8O8,0.7895211,2.913296,0.7285714285714285,1.0,,1.0,1.0,0.7285714285714285,1.0,,1|1|1|1,0.7285714285714285|1.0|1.0|1.0,,1.0056426696479321
lightweight gas storage MOFs with low density,48,LEA no self-cleaning,1,qmof-c0f392b,Zn2C44H38N6O12,0.915527725,2.464185,0.7285714285714285,1.0,,1.0,1.0,0.7285714285714285,1.0,,1|1|1|1,0.7285714285714285|1.0|1.0|1.0,,1.0056426696479321
lightweight gas storage MOFs with low density,48,LEA no self-cleaning,2,qmof-ac6a77a,Zn4C76H44N8O16,0.82887956,2.401359,0.7285714285714285,1.0,,1.0,1.0,0.7285714285714285,1.0,,1|1|1|1,0.7285714285714285|1.0|1.0|1.0,,1.0056426696479321
lightweight gas storage MOFs with low density,48,LEA no self-cleaning,3,qmof-13a76dd,Zn4C40H28N12O8,0.982716063,3.309168,0.7285714285714285,1.0,,1.0,1.0,0.7285714285714285,1.0,,1|1|1|1,0.7285714285714285|1.0|1.0|1.0,,1.0056426696479321
lightweight gas storage MOFs with low density,48,LEA no self-cleaning,4,qmof-235f291,Ni2C24H16N8,0.870801372,3.336142,0.7285714285714285,1.0,,1.0,1.0,0.7285714285714285,1.0,,1|1|1|1,0.7285714285714285|1.0|1.0|1.0,,1.0056426696479321
lightweight gas storage MOFs with low density,48,LEA no self-cleaning,5,qmof-cef46c3,Zn2C48H32N8O8,0.7895211,2.913296,0.7285714285714285,1.0,,1.0,1.0,0.7285714285714285,1.0,,1|1|1|1,0.7285714285714285|1.0|1.0|1.0,,1.0056426696479321
lightweight gas storage MOFs with low density,48,LEA + GAT,1,qmof-13a76dd,Zn4C40H28N12O8,0.982716063,3.309168,0.7285714285714285,1.0,,1.0,1.0,0.7285714285714285,1.0,,1|1|1|1,0.7285714285714285|1.0|1.0|1.0,,0.935387821495533
lightweight gas storage MOFs with low density,48,LEA + GAT,2,qmof-235f291,Ni2C24H16N8,0.870801372,3.336142,0.7285714285714285,1.0,,1.0,1.0,0.7285714285714285,1.0,,1|1|1|1,0.7285714285714285|1.0|1.0|1.0,,0.9319272711873055
lightweight gas storage MOFs with low density,48,LEA + GAT,3,qmof-e566fbb,Zn2C36H22N6O8,0.83426434,2.93315,0.7285714285714285,1.0,,1.0,1.0,0.7285714285714285,1.0,,1|1|1|1,0.7285714285714285|1.0|1.0|1.0,,0.9292323172092438
lightweight gas storage MOFs with low density,48,LEA + GAT,4,qmof-cef46c3,Zn2C48H32N8O8,0.7895211,2.913296,0.7285714285714285,1.0,,1.0,1.0,0.7285714285714285,1.0,,1|1|1|1,0.7285714285714285|1.0|1.0|1.0,,0.9268218696117401
lightweight gas storage MOFs with low density,48,LEA + GAT,5,qmof-a1a5849,Fe2C24H16N8,0.925170256,2.75343,0.7285714285714285,1.0,,1.0,1.0,0.7285714285714285,1.0,,1|1|1|1,0.7285714285714285|1.0|1.0|1.0,,0.9248372703790665
lightweight gas storage MOFs with low density,48,LEA + GraphSAGE,1,qmof-13a76dd,Zn4C40H28N12O8,0.982716063,3.309168,0.7285714285714285,1.0,,1.0,1.0,0.7285714285714285,1.0,,1|1|1|1,0.7285714285714285|1.0|1.0|1.0,,0.8994731545448303
lightweight gas storage MOFs with low density,48,LEA + GraphSAGE,2,qmof-e566fbb,Zn2C36H22N6O8,0.83426434,2.93315,0.7285714285714285,1.0,,1.0,1.0,0.7285714285714285,1.0,,1|1|1|1,0.7285714285714285|1.0|1.0|1.0,,0.8980841308832168
lightweight gas storage MOFs with low density,48,LEA + GraphSAGE,3,qmof-235f291,Ni2C24H16N8,0.870801372,3.336142,0.7285714285714285,1.0,,1.0,1.0,0.7285714285714285,1.0,,1|1|1|1,0.7285714285714285|1.0|1.0|1.0,,0.8979054361581802
lightweight gas storage MOFs with low density,48,LEA + GraphSAGE,4,qmof-a1a5849,Fe2C24H16N8,0.925170256,2.75343,0.7285714285714285,1.0,,1.0,1.0,0.7285714285714285,1.0,,1|1|1|1,0.7285714285714285|1.0|1.0|1.0,,0.8971431761980057
lightweight gas storage MOFs with low density,48,LEA + GraphSAGE,5,qmof-ac6a77a,Zn4C76H44N8O16,0.82887956,2.401359,0.7285714285714285,1.0,,1.0,1.0,0.7285714285714285,1.0,,1|1|1|1,0.7285714285714285|1.0|1.0|1.0,,0.8968965470790863
lightweight gas storage MOFs with low density,48,MMR,1,qmof-e566fbb,Zn2C36H22N6O8,0.83426434,2.93315,0.7285714285714285,1.0,,1.0,1.0,0.7285714285714285,1.0,,1|1|1|1,0.7285714285714285|1.0|1.0|1.0,,0.9173958948894889
lightweight gas storage MOFs with low density,48,MMR,2,qmof-a1a5849,Fe2C24H16N8,0.925170256,2.75343,0.7285714285714285,1.0,,1.0,1.0,0.7285714285714285,1.0,,1|1|1|1,0.7285714285714285|1.0|1.0|1.0,,0.9173958948894889
lightweight gas storage MOFs with low density,48,MMR,3,qmof-cef46c3,Zn2C48H32N8O8,0.7895211,2.913296,0.7285714285714285,1.0,,1.0,1.0,0.7285714285714285,1.0,,1|1|1|1,0.7285714285714285|1.0|1.0|1.0,,0.9173958948894889
lightweight gas storage MOFs with low density,48,MMR,4,qmof-235f291,Ni2C24H16N8,0.870801372,3.336142,0.7285714285714285,1.0,,1.0,1.0,0.7285714285714285,1.0,,1|1|1|1,0.7285714285714285|1.0|1.0|1.0,,0.9173958948894889
lightweight gas storage MOFs with low density,48,MMR,5,qmof-13a76dd,Zn4C40H28N12O8,0.982716063,3.309168,0.7285714285714285,1.0,,1.0,1.0,0.7285714285714285,1.0,,1|1|1|1,0.7285714285714285|1.0|1.0|1.0,,0.9173958948894889
lightweight gas storage MOFs with low density,48,ParetoCrowding,1,qmof-e566fbb,Zn2C36H22N6O8,0.83426434,2.93315,0.7285714285714285,1.0,,1.0,1.0,0.7285714285714285,1.0,,1|1|1|1,0.7285714285714285|1.0|1.0|1.0,,0.9173958948894889
lightweight gas storage MOFs with low density,48,ParetoCrowding,2,qmof-cef46c3,Zn2C48H32N8O8,0.7895211,2.913296,0.7285714285714285,1.0,,1.0,1.0,0.7285714285714285,1.0,,1|1|1|1,0.7285714285714285|1.0|1.0|1.0,,0.9173958948894889
lightweight gas storage MOFs with low density,48,ParetoCrowding,3,qmof-c0f392b,Zn2C44H38N6O12,0.915527725,2.464185,0.7285714285714285,1.0,,1.0,1.0,0.7285714285714285,1.0,,1|1|1|1,0.7285714285714285|1.0|1.0|1.0,,0.9173958948894889
lightweight gas storage MOFs with low density,48,ParetoCrowding,4,qmof-ac6a77a,Zn4C76H44N8O16,0.82887956,2.401359,0.7285714285714285,1.0,,1.0,1.0,0.7285714285714285,1.0,,1|1|1|1,0.7285714285714285|1.0|1.0|1.0,,0.9173958948894889
lightweight gas storage MOFs with low density,48,ParetoCrowding,5,qmof-a1a5849,Fe2C24H16N8,0.925170256,2.75343,0.7285714285714285,1.0,,1.0,1.0,0.7285714285714285,1.0,,1|1|1|1,0.7285714285714285|1.0|1.0|1.0,,0.9173958948894889
lightweight gas storage MOFs with low density,48,Random,1,qmof-271c0b2,Zn8C96H72O26,0.358800247,,0.7285714285714285,1.0,,1.0,0.0,0.7285714285714285,1.0,,1|0|1|1,0.7285714285714285|0.0|1.0|1.0,,0.8944462048562299
lightweight gas storage MOFs with low density,48,Random,2,qmof-277f9e3,Al4C64H36O20,0.664354922,,0.7285714285714285,1.0,,1.0,0.0,0.7285714285714285,1.0,,1|0|1|1,0.7285714285714285|0.0|1.0|1.0,,0.8944462048562299
lightweight gas storage MOFs with low density,48,Random,3,qmof-0bbddb3,Zn8C54F18H18O32,0.768118478,,0.7285714285714285,1.0,,1.0,0.0,0.7285714285714285,1.0,,1|0|1|1,0.7285714285714285|0.0|1.0|1.0,,0.8944462048562299
lightweight gas storage MOFs with low density,48,Random,4,qmof-08a8daa,Zn2C52F10H14N12O28,0.426298688,,0.7285714285714285,1.0,,1.0,0.0,0.7285714285714285,1.0,,1|0|1|1,0.7285714285714285|0.0|1.0|1.0,,0.8944462048562299
lightweight gas storage MOFs with low density,48,Random,5,qmof-9f8ac71,Zn8C160H96N8O32,0.845183726,,0.7285714285714285,1.0,,1.0,0.0,0.7285714285714285,1.0,,1|0|1|1,0.7285714285714285|0.0|1.0|1.0,,0.8944462048562299
lightweight gas storage MOFs with low density,48,SemanticOnly,1,qmof-f7ee91d,Zn4C33H19N3O13,0.470456151,,0.7285714285714285,1.0,,1.0,0.0,0.7285714285714285,1.0,,1|0|1|1,0.7285714285714285|0.0|1.0|1.0,,0.8944462048562299
lightweight gas storage MOFs with low density,48,SemanticOnly,2,qmof-f5b881e,Zn2C40H16N2O14S2,0.513835906,,0.7285714285714285,1.0,,1.0,0.0,0.7285714285714285,1.0,,1|0|1|1,0.7285714285714285|0.0|1.0|1.0,,0.8944462048562299
lightweight gas storage MOFs with low density,48,SemanticOnly,3,qmof-f1d3585,Al4C68H40O48S8,0.838559012,,0.7285714285714285,1.0,,1.0,0.0,0.7285714285714285,1.0,,1|0|1|1,0.7285714285714285|0.0|1.0|1.0,,0.8944462048562299
lightweight gas storage MOFs with low density,48,SemanticOnly,4,qmof-ead1cf2,Zn8C104H56N8O32,0.958655665,,0.7285714285714285,1.0,,1.0,0.0,0.7285714285714285,1.0,,1|0|1|1,0.7285714285714285|0.0|1.0|1.0,,0.8944462048562299
lightweight gas storage MOFs with low density,48,SemanticOnly,5,qmof-e651703,Al4C76H52N8O40,0.756480419,,0.7285714285714285,1.0,,1.0,0.0,0.7285714285714285,1.0,,1|0|1|1,0.7285714285714285|0.0|1.0|1.0,,0.8944462048562299
lightweight gas storage MOFs with low density,48,TOPSIS,1,qmof-e566fbb,Zn2C36H22N6O8,0.83426434,2.93315,0.7285714285714285,1.0,,1.0,1.0,0.7285714285714285,1.0,,1|1|1|1,0.7285714285714285|1.0|1.0|1.0,,0.9173958948894889
lightweight gas storage MOFs with low density,48,TOPSIS,2,qmof-cef46c3,Zn2C48H32N8O8,0.7895211,2.913296,0.7285714285714285,1.0,,1.0,1.0,0.7285714285714285,1.0,,1|1|1|1,0.7285714285714285|1.0|1.0|1.0,,0.9173958948894889
lightweight gas storage MOFs with low density,48,TOPSIS,3,qmof-c0f392b,Zn2C44H38N6O12,0.915527725,2.464185,0.7285714285714285,1.0,,1.0,1.0,0.7285714285714285,1.0,,1|1|1|1,0.7285714285714285|1.0|1.0|1.0,,0.9173958948894889
lightweight gas storage MOFs with low density,48,TOPSIS,4,qmof-ac6a77a,Zn4C76H44N8O16,0.82887956,2.401359,0.7285714285714285,1.0,,1.0,1.0,0.7285714285714285,1.0,,1|1|1|1,0.7285714285714285|1.0|1.0|1.0,,0.9173958948894889
lightweight gas storage MOFs with low density,48,TOPSIS,5,qmof-a1a5849,Fe2C24H16N8,0.925170256,2.75343,0.7285714285714285,1.0,,1.0,1.0,0.7285714285714285,1.0,,1|1|1|1,0.7285714285714285|1.0|1.0|1.0,,0.9173958948894889
lightweight gas storage MOFs with low density,48,WeightedSum,1,qmof-e566fbb,Zn2C36H22N6O8,0.83426434,2.93315,0.7285714285714285,1.0,,1.0,1.0,0.7285714285714285,1.0,,1|1|1|1,0.7285714285714285|1.0|1.0|1.0,,0.9173958948894889
lightweight gas storage MOFs with low density,48,WeightedSum,2,qmof-cef46c3,Zn2C48H32N8O8,0.7895211,2.913296,0.7285714285714285,1.0,,1.0,1.0,0.7285714285714285,1.0,,1|1|1|1,0.7285714285714285|1.0|1.0|1.0,,0.9173958948894889
lightweight gas storage MOFs with low density,48,WeightedSum,3,qmof-c0f392b,Zn2C44H38N6O12,0.915527725,2.464185,0.7285714285714285,1.0,,1.0,1.0,0.7285714285714285,1.0,,1|1|1|1,0.7285714285714285|1.0|1.0|1.0,,0.9173958948894889
lightweight gas storage MOFs with low density,48,WeightedSum,4,qmof-ac6a77a,Zn4C76H44N8O16,0.82887956,2.401359,0.7285714285714285,1.0,,1.0,1.0,0.7285714285714285,1.0,,1|1|1|1,0.7285714285714285|1.0|1.0|1.0,,0.9173958948894889
lightweight gas storage MOFs with low density,48,WeightedSum,5,qmof-a1a5849,Fe2C24H16N8,0.925170256,2.75343,0.7285714285714285,1.0,,1.0,1.0,0.7285714285714285,1.0,,1|1|1|1,0.7285714285714285|1.0|1.0|1.0,,0.9173958948894889
lightweight gas storage MOFs with low density,49,GAT only,1,qmof-13a76dd,Zn4C40H28N12O8,0.982716063,3.309168,0.7285714285714285,1.0,,1.0,1.0,0.7285714285714285,1.0,,1|1|1|1,0.7285714285714285|1.0|1.0|1.0,,0.9173958948894889
lightweight gas storage MOFs with low density,49,GAT only,2,qmof-235f291,Ni2C24H16N8,0.870801372,3.336142,0.7285714285714285,1.0,,1.0,1.0,0.7285714285714285,1.0,,1|1|1|1,0.7285714285714285|1.0|1.0|1.0,,0.9173958948894889
lightweight gas storage MOFs with low density,49,GAT only,3,qmof-e566fbb,Zn2C36H22N6O8,0.83426434,2.93315,0.7285714285714285,1.0,,1.0,1.0,0.7285714285714285,1.0,,1|1|1|1,0.7285714285714285|1.0|1.0|1.0,,0.9173958948894889
lightweight gas storage MOFs with low density,49,GAT only,4,qmof-cef46c3,Zn2C48H32N8O8,0.7895211,2.913296,0.7285714285714285,1.0,,1.0,1.0,0.7285714285714285,1.0,,1|1|1|1,0.7285714285714285|1.0|1.0|1.0,,0.9173958948894889
lightweight gas storage MOFs with low density,49,GAT only,5,qmof-a1a5849,Fe2C24H16N8,0.925170256,2.75343,0.7285714285714285,1.0,,1.0,1.0,0.7285714285714285,1.0,,1|1|1|1,0.7285714285714285|1.0|1.0|1.0,,0.9173958948894889
lightweight gas storage MOFs with low density,49,GraphSAGE only,1,qmof-91a02c3,Cu12C36H24N52,0.291766825,,0.7285714285714285,1.0,,1.0,0.0,0.7285714285714285,1.0,,1|0|1|1,0.7285714285714285|0.0|1.0|1.0,,0.8944462048562299
lightweight gas storage MOFs with low density,49,GraphSAGE only,2,qmof-13a76dd,Zn4C40H28N12O8,0.982716063,3.309168,0.7285714285714285,1.0,,1.0,1.0,0.7285714285714285,1.0,,1|1|1|1,0.7285714285714285|1.0|1.0|1.0,,0.9173958948894889
lightweight gas storage MOFs with low density,49,GraphSAGE only,3,qmof-e566fbb,Zn2C36H22N6O8,0.83426434,2.93315,0.7285714285714285,1.0,,1.0,1.0,0.7285714285714285,1.0,,1|1|1|1,0.7285714285714285|1.0|1.0|1.0,,0.9173958948894889
lightweight gas storage MOFs with low density,49,GraphSAGE only,4,qmof-235f291,Ni2C24H16N8,0.870801372,3.336142,0.7285714285714285,1.0,,1.0,1.0,0.7285714285714285,1.0,,1|1|1|1,0.7285714285714285|1.0|1.0|1.0,,0.9173958948894889
lightweight gas storage MOFs with low density,49,GraphSAGE only,5,qmof-a1a5849,Fe2C24H16N8,0.925170256,2.75343,0.7285714285714285,1.0,,1.0,1.0,0.7285714285714285,1.0,,1|1|1|1,0.7285714285714285|1.0|1.0|1.0,,0.9173958948894889
lightweight gas storage MOFs with low density,49,LEA,1,qmof-ac6a77a,Zn4C76H44N8O16,0.82887956,2.401359,0.7285714285714285,1.0,,1.0,1.0,0.7285714285714285,1.0,,1|1|1|1,0.7285714285714285|1.0|1.0|1.0,,1.0056426696479321
lightweight gas storage MOFs with low density,49,LEA,2,qmof-c0f392b,Zn2C44H38N6O12,0.915527725,2.464185,0.7285714285714285,1.0,,1.0,1.0,0.7285714285714285,1.0,,1|1|1|1,0.7285714285714285|1.0|1.0|1.0,,1.0056426696479321
lightweight gas storage MOFs with low density,49,LEA,3,qmof-e566fbb,Zn2C36H22N6O8,0.83426434,2.93315,0.7285714285714285,1.0,,1.0,1.0,0.7285714285714285,1.0,,1|1|1|1,0.7285714285714285|1.0|1.0|1.0,,1.0056426696479321
lightweight gas storage MOFs with low density,49,LEA,4,qmof-235f291,Ni2C24H16N8,0.870801372,3.336142,0.7285714285714285,1.0,,1.0,1.0,0.7285714285714285,1.0,,1|1|1|1,0.7285714285714285|1.0|1.0|1.0,,1.0056426696479321
lightweight gas storage MOFs with low density,49,LEA,5,qmof-a1a5849,Fe2C24H16N8,0.925170256,2.75343,0.7285714285714285,1.0,,1.0,1.0,0.7285714285714285,1.0,,1|1|1|1,0.7285714285714285|1.0|1.0|1.0,,1.0056426696479321
lightweight gas storage MOFs with low density,49,LEA no diversity,1,qmof-ac6a77a,Zn4C76H44N8O16,0.82887956,2.401359,0.7285714285714285,1.0,,1.0,1.0,0.7285714285714285,1.0,,1|1|1|1,0.7285714285714285|1.0|1.0|1.0,,1.0056426696479321
lightweight gas storage MOFs with low density,49,LEA no diversity,2,qmof-c0f392b,Zn2C44H38N6O12,0.915527725,2.464185,0.7285714285714285,1.0,,1.0,1.0,0.7285714285714285,1.0,,1|1|1|1,0.7285714285714285|1.0|1.0|1.0,,1.0056426696479321
lightweight gas storage MOFs with low density,49,LEA no diversity,3,qmof-e566fbb,Zn2C36H22N6O8,0.83426434,2.93315,0.7285714285714285,1.0,,1.0,1.0,0.7285714285714285,1.0,,1|1|1|1,0.7285714285714285|1.0|1.0|1.0,,1.0056426696479321
lightweight gas storage MOFs with low density,49,LEA no diversity,4,qmof-235f291,Ni2C24H16N8,0.870801372,3.336142,0.7285714285714285,1.0,,1.0,1.0,0.7285714285714285,1.0,,1|1|1|1,0.7285714285714285|1.0|1.0|1.0,,1.0056426696479321
lightweight gas storage MOFs with low density,49,LEA no diversity,5,qmof-a1a5849,Fe2C24H16N8,0.925170256,2.75343,0.7285714285714285,1.0,,1.0,1.0,0.7285714285714285,1.0,,1|1|1|1,0.7285714285714285|1.0|1.0|1.0,,1.0056426696479321
lightweight gas storage MOFs with low density,49,LEA no self-cleaning,1,qmof-ac6a77a,Zn4C76H44N8O16,0.82887956,2.401359,0.7285714285714285,1.0,,1.0,1.0,0.7285714285714285,1.0,,1|1|1|1,0.7285714285714285|1.0|1.0|1.0,,1.0056426696479321
lightweight gas storage MOFs with low density,49,LEA no self-cleaning,2,qmof-c0f392b,Zn2C44H38N6O12,0.915527725,2.464185,0.7285714285714285,1.0,,1.0,1.0,0.7285714285714285,1.0,,1|1|1|1,0.7285714285714285|1.0|1.0|1.0,,1.0056426696479321
lightweight gas storage MOFs with low density,49,LEA no self-cleaning,3,qmof-e566fbb,Zn2C36H22N6O8,0.83426434,2.93315,0.7285714285714285,1.0,,1.0,1.0,0.7285714285714285,1.0,,1|1|1|1,0.7285714285714285|1.0|1.0|1.0,,1.0056426696479321
lightweight gas storage MOFs with low density,49,LEA no self-cleaning,4,qmof-235f291,Ni2C24H16N8,0.870801372,3.336142,0.7285714285714285,1.0,,1.0,1.0,0.7285714285714285,1.0,,1|1|1|1,0.7285714285714285|1.0|1.0|1.0,,1.0056426696479321
lightweight gas storage MOFs with low density,49,LEA no self-cleaning,5,qmof-a1a5849,Fe2C24H16N8,0.925170256,2.75343,0.7285714285714285,1.0,,1.0,1.0,0.7285714285714285,1.0,,1|1|1|1,0.7285714285714285|1.0|1.0|1.0,,1.0056426696479321
lightweight gas storage MOFs with low density,49,LEA + GAT,1,qmof-13a76dd,Zn4C40H28N12O8,0.982716063,3.309168,0.7285714285714285,1.0,,1.0,1.0,0.7285714285714285,1.0,,1|1|1|1,0.7285714285714285|1.0|1.0|1.0,,0.935387821495533
lightweight gas storage MOFs with low density,49,LEA + GAT,2,qmof-235f291,Ni2C24H16N8,0.870801372,3.336142,0.7285714285714285,1.0,,1.0,1.0,0.7285714285714285,1.0,,1|1|1|1,0.7285714285714285|1.0|1.0|1.0,,0.9319272711873055
lightweight gas storage MOFs with low density,49,LEA + GAT,3,qmof-e566fbb,Zn2C36H22N6O8,0.83426434,2.93315,0.7285714285714285,1.0,,1.0,1.0,0.7285714285714285,1.0,,1|1|1|1,0.7285714285714285|1.0|1.0|1.0,,0.9292323172092438
lightweight gas storage MOFs with low density,49,LEA + GAT,4,qmof-cef46c3,Zn2C48H32N8O8,0.7895211,2.913296,0.7285714285714285,1.0,,1.0,1.0,0.7285714285714285,1.0,,1|1|1|1,0.7285714285714285|1.0|1.0|1.0,,0.9268218696117401
lightweight gas storage MOFs with low density,49,LEA + GAT,5,qmof-a1a5849,Fe2C24H16N8,0.925170256,2.75343,0.7285714285714285,1.0,,1.0,1.0,0.7285714285714285,1.0,,1|1|1|1,0.7285714285714285|1.0|1.0|1.0,,0.9248372703790665
lightweight gas storage MOFs with low density,49,LEA + GraphSAGE,1,qmof-13a76dd,Zn4C40H28N12O8,0.982716063,3.309168,0.7285714285714285,1.0,,1.0,1.0,0.7285714285714285,1.0,,1|1|1|1,0.7285714285714285|1.0|1.0|1.0,,0.8994731545448303
lightweight gas storage MOFs with low density,49,LEA + GraphSAGE,2,qmof-e566fbb,Zn2C36H22N6O8,0.83426434,2.93315,0.7285714285714285,1.0,,1.0,1.0,0.7285714285714285,1.0,,1|1|1|1,0.7285714285714285|1.0|1.0|1.0,,0.8980841308832168
lightweight gas storage MOFs with low density,49,LEA + GraphSAGE,3,qmof-235f291,Ni2C24H16N8,0.870801372,3.336142,0.7285714285714285,1.0,,1.0,1.0,0.7285714285714285,1.0,,1|1|1|1,0.7285714285714285|1.0|1.0|1.0,,0.8979054361581802
lightweight gas storage MOFs with low density,49,LEA + GraphSAGE,4,qmof-a1a5849,Fe2C24H16N8,0.925170256,2.75343,0.7285714285714285,1.0,,1.0,1.0,0.7285714285714285,1.0,,1|1|1|1,0.7285714285714285|1.0|1.0|1.0,,0.8971431761980057
lightweight gas storage MOFs with low density,49,LEA + GraphSAGE,5,qmof-ac6a77a,Zn4C76H44N8O16,0.82887956,2.401359,0.7285714285714285,1.0,,1.0,1.0,0.7285714285714285,1.0,,1|1|1|1,0.7285714285714285|1.0|1.0|1.0,,0.8968965470790863
lightweight gas storage MOFs with low density,49,MMR,1,qmof-cef46c3,Zn2C48H32N8O8,0.7895211,2.913296,0.7285714285714285,1.0,,1.0,1.0,0.7285714285714285,1.0,,1|1|1|1,0.7285714285714285|1.0|1.0|1.0,,0.9173958948894889
lightweight gas storage MOFs with low density,49,MMR,2,qmof-13a76dd,Zn4C40H28N12O8,0.982716063,3.309168,0.7285714285714285,1.0,,1.0,1.0,0.7285714285714285,1.0,,1|1|1|1,0.7285714285714285|1.0|1.0|1.0,,0.9173958948894889
lightweight gas storage MOFs with low density,49,MMR,3,qmof-a1a5849,Fe2C24H16N8,0.925170256,2.75343,0.7285714285714285,1.0,,1.0,1.0,0.7285714285714285,1.0,,1|1|1|1,0.7285714285714285|1.0|1.0|1.0,,0.9173958948894889
lightweight gas storage MOFs with low density,49,MMR,4,qmof-235f291,Ni2C24H16N8,0.870801372,3.336142,0.7285714285714285,1.0,,1.0,1.0,0.7285714285714285,1.0,,1|1|1|1,0.7285714285714285|1.0|1.0|1.0,,0.9173958948894889
lightweight gas storage MOFs with low density,49,MMR,5,qmof-e566fbb,Zn2C36H22N6O8,0.83426434,2.93315,0.7285714285714285,1.0,,1.0,1.0,0.7285714285714285,1.0,,1|1|1|1,0.7285714285714285|1.0|1.0|1.0,,0.9173958948894889
lightweight gas storage MOFs with low density,49,ParetoCrowding,1,qmof-e566fbb,Zn2C36H22N6O8,0.83426434,2.93315,0.7285714285714285,1.0,,1.0,1.0,0.7285714285714285,1.0,,1|1|1|1,0.7285714285714285|1.0|1.0|1.0,,0.9173958948894889
lightweight gas storage MOFs with low density,49,ParetoCrowding,2,qmof-cef46c3,Zn2C48H32N8O8,0.7895211,2.913296,0.7285714285714285,1.0,,1.0,1.0,0.7285714285714285,1.0,,1|1|1|1,0.7285714285714285|1.0|1.0|1.0,,0.9173958948894889
lightweight gas storage MOFs with low density,49,ParetoCrowding,3,qmof-c0f392b,Zn2C44H38N6O12,0.915527725,2.464185,0.7285714285714285,1.0,,1.0,1.0,0.7285714285714285,1.0,,1|1|1|1,0.7285714285714285|1.0|1.0|1.0,,0.9173958948894889
lightweight gas storage MOFs with low density,49,ParetoCrowding,4,qmof-ac6a77a,Zn4C76H44N8O16,0.82887956,2.401359,0.7285714285714285,1.0,,1.0,1.0,0.7285714285714285,1.0,,1|1|1|1,0.7285714285714285|1.0|1.0|1.0,,0.9173958948894889
lightweight gas storage MOFs with low density,49,ParetoCrowding,5,qmof-a1a5849,Fe2C24H16N8,0.925170256,2.75343,0.7285714285714285,1.0,,1.0,1.0,0.7285714285714285,1.0,,1|1|1|1,0.7285714285714285|1.0|1.0|1.0,,0.9173958948894889
lightweight gas storage MOFs with low density,49,Random,1,qmof-faede09,Zr6C48H24N12O32,0.597621152,,0.7285714285714285,1.0,,1.0,0.0,0.7285714285714285,1.0,,1|0|1|1,0.7285714285714285|0.0|1.0|1.0,,0.8944462048562299
lightweight gas storage MOFs with low density,49,Random,2,qmof-a372b4b,Cu4C96H56N8O16,0.509304538,,0.7285714285714285,1.0,,1.0,0.0,0.7285714285714285,1.0,,1|0|1|1,0.7285714285714285|0.0|1.0|1.0,,0.8944462048562299
lightweight gas storage MOFs with low density,49,Random,3,qmof-bda2f7d,Zn8C72H78N6O26,0.618023826,,0.7285714285714285,1.0,,1.0,0.0,0.7285714285714285,1.0,,1|0|1|1,0.7285714285714285|0.0|1.0|1.0,,0.8944462048562299
lightweight gas storage MOFs with low density,49,Random,4,qmof-ef32174,Zn2C10FH7N2O8,0.939281971,,0.7285714285714285,1.0,,1.0,0.0,0.7285714285714285,1.0,,1|0|1|1,0.7285714285714285|0.0|1.0|1.0,,0.8944462048562299
lightweight gas storage MOFs with low density,49,Random,5,qmof-7fccc1f,Zn4C48H40N16O4,0.954838788,,0.7285714285714285,1.0,,1.0,0.0,0.7285714285714285,1.0,,1|0|1|1,0.7285714285714285|0.0|1.0|1.0,,0.8944462048562299
lightweight gas storage MOFs with low density,49,SemanticOnly,1,qmof-fea8031,Al2C18H14N4O10,0.899177113,,0.7285714285714285,1.0,,1.0,0.0,0.7285714285714285,1.0,,1|0|1|1,0.7285714285714285|0.0|1.0|1.0,,0.8944462048562299
lightweight gas storage MOFs with low density,49,SemanticOnly,2,qmof-fc7aafb,Al4C36FH15O20,0.750742958,,0.7285714285714285,1.0,,1.0,0.0,0.7285714285714285,1.0,,1|0|1|1,0.7285714285714285|0.0|1.0|1.0,,0.8944462048562299
lightweight gas storage MOFs with low density,49,SemanticOnly,3,qmof-faede09,Zr6C48H24N12O32,0.597621152,,0.7285714285714285,1.0,,1.0,0.0,0.7285714285714285,1.0,,1|0|1|1,0.7285714285714285|0.0|1.0|1.0,,0.8944462048562299
lightweight gas storage MOFs with low density,49,SemanticOnly,4,qmof-f6132be,Zn8C100H80N32,0.726640009,,0.7285714285714285,1.0,,1.0,0.0,0.7285714285714285,1.0,,1|0|1|1,0.7285714285714285|0.0|1.0|1.0,,0.8944462048562299
lightweight gas storage MOFs with low density,49,SemanticOnly,5,qmof-f5af2da,Zn2C48H40N2O8,0.641248261,,0.7285714285714285,1.0,,1.0,0.0,0.7285714285714285,1.0,,1|0|1|1,0.7285714285714285|0.0|1.0|1.0,,0.8944462048562299
lightweight gas storage MOFs with low density,49,TOPSIS,1,qmof-e566fbb,Zn2C36H22N6O8,0.83426434,2.93315,0.7285714285714285,1.0,,1.0,1.0,0.7285714285714285,1.0,,1|1|1|1,0.7285714285714285|1.0|1.0|1.0,,0.9173958948894889
lightweight gas storage MOFs with low density,49,TOPSIS,2,qmof-cef46c3,Zn2C48H32N8O8,0.7895211,2.913296,0.7285714285714285,1.0,,1.0,1.0,0.7285714285714285,1.0,,1|1|1|1,0.7285714285714285|1.0|1.0|1.0,,0.9173958948894889
lightweight gas storage MOFs with low density,49,TOPSIS,3,qmof-c0f392b,Zn2C44H38N6O12,0.915527725,2.464185,0.7285714285714285,1.0,,1.0,1.0,0.7285714285714285,1.0,,1|1|1|1,0.7285714285714285|1.0|1.0|1.0,,0.9173958948894889
lightweight gas storage MOFs with low density,49,TOPSIS,4,qmof-ac6a77a,Zn4C76H44N8O16,0.82887956,2.401359,0.7285714285714285,1.0,,1.0,1.0,0.7285714285714285,1.0,,1|1|1|1,0.7285714285714285|1.0|1.0|1.0,,0.9173958948894889
lightweight gas storage MOFs with low density,49,TOPSIS,5,qmof-a1a5849,Fe2C24H16N8,0.925170256,2.75343,0.7285714285714285,1.0,,1.0,1.0,0.7285714285714285,1.0,,1|1|1|1,0.7285714285714285|1.0|1.0|1.0,,0.9173958948894889
lightweight gas storage MOFs with low density,49,WeightedSum,1,qmof-e566fbb,Zn2C36H22N6O8,0.83426434,2.93315,0.7285714285714285,1.0,,1.0,1.0,0.7285714285714285,1.0,,1|1|1|1,0.7285714285714285|1.0|1.0|1.0,,0.9173958948894889
lightweight gas storage MOFs with low density,49,WeightedSum,2,qmof-cef46c3,Zn2C48H32N8O8,0.7895211,2.913296,0.7285714285714285,1.0,,1.0,1.0,0.7285714285714285,1.0,,1|1|1|1,0.7285714285714285|1.0|1.0|1.0,,0.9173958948894889
lightweight gas storage MOFs with low density,49,WeightedSum,3,qmof-c0f392b,Zn2C44H38N6O12,0.915527725,2.464185,0.7285714285714285,1.0,,1.0,1.0,0.7285714285714285,1.0,,1|1|1|1,0.7285714285714285|1.0|1.0|1.0,,0.9173958948894889
lightweight gas storage MOFs with low density,49,WeightedSum,4,qmof-ac6a77a,Zn4C76H44N8O16,0.82887956,2.401359,0.7285714285714285,1.0,,1.0,1.0,0.7285714285714285,1.0,,1|1|1|1,0.7285714285714285|1.0|1.0|1.0,,0.9173958948894889
lightweight gas storage MOFs with low density,49,WeightedSum,5,qmof-a1a5849,Fe2C24H16N8,0.925170256,2.75343,0.7285714285714285,1.0,,1.0,1.0,0.7285714285714285,1.0,,1|1|1|1,0.7285714285714285|1.0|1.0|1.0,,0.9173958948894889
lightweight gas storage MOFs with low density,50,GAT only,1,qmof-13a76dd,Zn4C40H28N12O8,0.982716063,3.309168,0.7285714285714285,1.0,,1.0,1.0,0.7285714285714285,1.0,,1|1|1|1,0.7285714285714285|1.0|1.0|1.0,,0.9173958948894889
lightweight gas storage MOFs with low density,50,GAT only,2,qmof-235f291,Ni2C24H16N8,0.870801372,3.336142,0.7285714285714285,1.0,,1.0,1.0,0.7285714285714285,1.0,,1|1|1|1,0.7285714285714285|1.0|1.0|1.0,,0.9173958948894889
lightweight gas storage MOFs with low density,50,GAT only,3,qmof-e566fbb,Zn2C36H22N6O8,0.83426434,2.93315,0.7285714285714285,1.0,,1.0,1.0,0.7285714285714285,1.0,,1|1|1|1,0.7285714285714285|1.0|1.0|1.0,,0.9173958948894889
lightweight gas storage MOFs with low density,50,GAT only,4,qmof-cef46c3,Zn2C48H32N8O8,0.7895211,2.913296,0.7285714285714285,1.0,,1.0,1.0,0.7285714285714285,1.0,,1|1|1|1,0.7285714285714285|1.0|1.0|1.0,,0.9173958948894889
lightweight gas storage MOFs with low density,50,GAT only,5,qmof-a1a5849,Fe2C24H16N8,0.925170256,2.75343,0.7285714285714285,1.0,,1.0,1.0,0.7285714285714285,1.0,,1|1|1|1,0.7285714285714285|1.0|1.0|1.0,,0.9173958948894889
lightweight gas storage MOFs with low density,50,GraphSAGE only,1,qmof-13a76dd,Zn4C40H28N12O8,0.982716063,3.309168,0.7285714285714285,1.0,,1.0,1.0,0.7285714285714285,1.0,,1|1|1|1,0.7285714285714285|1.0|1.0|1.0,,0.9173958948894889
lightweight gas storage MOFs with low density,50,GraphSAGE only,2,qmof-e566fbb,Zn2C36H22N6O8,0.83426434,2.93315,0.7285714285714285,1.0,,1.0,1.0,0.7285714285714285,1.0,,1|1|1|1,0.7285714285714285|1.0|1.0|1.0,,0.9173958948894889
lightweight gas storage MOFs with low density,50,GraphSAGE only,3,qmof-235f291,Ni2C24H16N8,0.870801372,3.336142,0.7285714285714285,1.0,,1.0,1.0,0.7285714285714285,1.0,,1|1|1|1,0.7285714285714285|1.0|1.0|1.0,,0.9173958948894889
lightweight gas storage MOFs with low density,50,GraphSAGE only,4,qmof-a1a5849,Fe2C24H16N8,0.925170256,2.75343,0.7285714285714285,1.0,,1.0,1.0,0.7285714285714285,1.0,,1|1|1|1,0.7285714285714285|1.0|1.0|1.0,,0.9173958948894889
lightweight gas storage MOFs with low density,50,GraphSAGE only,5,qmof-ac6a77a,Zn4C76H44N8O16,0.82887956,2.401359,0.7285714285714285,1.0,,1.0,1.0,0.7285714285714285,1.0,,1|1|1|1,0.7285714285714285|1.0|1.0|1.0,,0.9173958948894889
lightweight gas storage MOFs with low density,50,LEA,1,qmof-cef46c3,Zn2C48H32N8O8,0.7895211,2.913296,0.7285714285714285,1.0,,1.0,1.0,0.7285714285714285,1.0,,1|1|1|1,0.7285714285714285|1.0|1.0|1.0,,1.0056426696479321
lightweight gas storage MOFs with low density,50,LEA,2,qmof-e566fbb,Zn2C36H22N6O8,0.83426434,2.93315,0.7285714285714285,1.0,,1.0,1.0,0.7285714285714285,1.0,,1|1|1|1,0.7285714285714285|1.0|1.0|1.0,,1.0056426696479321
lightweight gas storage MOFs with low density,50,LEA,3,qmof-ac6a77a,Zn4C76H44N8O16,0.82887956,2.401359,0.7285714285714285,1.0,,1.0,1.0,0.7285714285714285,1.0,,1|1|1|1,0.7285714285714285|1.0|1.0|1.0,,1.0056426696479321
lightweight gas storage MOFs with low density,50,LEA,4,qmof-c0f392b,Zn2C44H38N6O12,0.915527725,2.464185,0.7285714285714285,1.0,,1.0,1.0,0.7285714285714285,1.0,,1|1|1|1,0.7285714285714285|1.0|1.0|1.0,,1.0056426696479321
lightweight gas storage MOFs with low density,50,LEA,5,qmof-235f291,Ni2C24H16N8,0.870801372,3.336142,0.7285714285714285,1.0,,1.0,1.0,0.7285714285714285,1.0,,1|1|1|1,0.7285714285714285|1.0|1.0|1.0,,1.0056426696479321
lightweight gas storage MOFs with low density,50,LEA no diversity,1,qmof-cef46c3,Zn2C48H32N8O8,0.7895211,2.913296,0.7285714285714285,1.0,,1.0,1.0,0.7285714285714285,1.0,,1|1|1|1,0.7285714285714285|1.0|1.0|1.0,,1.0056426696479321
lightweight gas storage MOFs with low density,50,LEA no diversity,2,qmof-e566fbb,Zn2C36H22N6O8,0.83426434,2.93315,0.7285714285714285,1.0,,1.0,1.0,0.7285714285714285,1.0,,1|1|1|1,0.7285714285714285|1.0|1.0|1.0,,1.0056426696479321
lightweight gas storage MOFs with low density,50,LEA no diversity,3,qmof-ac6a77a,Zn4C76H44N8O16,0.82887956,2.401359,0.7285714285714285,1.0,,1.0,1.0,0.7285714285714285,1.0,,1|1|1|1,0.7285714285714285|1.0|1.0|1.0,,1.0056426696479321
lightweight gas storage MOFs with low density,50,LEA no diversity,4,qmof-c0f392b,Zn2C44H38N6O12,0.915527725,2.464185,0.7285714285714285,1.0,,1.0,1.0,0.7285714285714285,1.0,,1|1|1|1,0.7285714285714285|1.0|1.0|1.0,,1.0056426696479321
lightweight gas storage MOFs with low density,50,LEA no diversity,5,qmof-235f291,Ni2C24H16N8,0.870801372,3.336142,0.7285714285714285,1.0,,1.0,1.0,0.7285714285714285,1.0,,1|1|1|1,0.7285714285714285|1.0|1.0|1.0,,1.0056426696479321
lightweight gas storage MOFs with low density,50,LEA no self-cleaning,1,qmof-cef46c3,Zn2C48H32N8O8,0.7895211,2.913296,0.7285714285714285,1.0,,1.0,1.0,0.7285714285714285,1.0,,1|1|1|1,0.7285714285714285|1.0|1.0|1.0,,1.0056426696479321
lightweight gas storage MOFs with low density,50,LEA no self-cleaning,2,qmof-e566fbb,Zn2C36H22N6O8,0.83426434,2.93315,0.7285714285714285,1.0,,1.0,1.0,0.7285714285714285,1.0,,1|1|1|1,0.7285714285714285|1.0|1.0|1.0,,1.0056426696479321
lightweight gas storage MOFs with low density,50,LEA no self-cleaning,3,qmof-ac6a77a,Zn4C76H44N8O16,0.82887956,2.401359,0.7285714285714285,1.0,,1.0,1.0,0.7285714285714285,1.0,,1|1|1|1,0.7285714285714285|1.0|1.0|1.0,,1.0056426696479321
lightweight gas storage MOFs with low density,50,LEA no self-cleaning,4,qmof-c0f392b,Zn2C44H38N6O12,0.915527725,2.464185,0.7285714285714285,1.0,,1.0,1.0,0.7285714285714285,1.0,,1|1|1|1,0.7285714285714285|1.0|1.0|1.0,,1.0056426696479321
lightweight gas storage MOFs with low density,50,LEA no self-cleaning,5,qmof-235f291,Ni2C24H16N8,0.870801372,3.336142,0.7285714285714285,1.0,,1.0,1.0,0.7285714285714285,1.0,,1|1|1|1,0.7285714285714285|1.0|1.0|1.0,,1.0056426696479321
lightweight gas storage MOFs with low density,50,LEA + GAT,1,qmof-13a76dd,Zn4C40H28N12O8,0.982716063,3.309168,0.7285714285714285,1.0,,1.0,1.0,0.7285714285714285,1.0,,1|1|1|1,0.7285714285714285|1.0|1.0|1.0,,0.935387821495533
lightweight gas storage MOFs with low density,50,LEA + GAT,2,qmof-235f291,Ni2C24H16N8,0.870801372,3.336142,0.7285714285714285,1.0,,1.0,1.0,0.7285714285714285,1.0,,1|1|1|1,0.7285714285714285|1.0|1.0|1.0,,0.9319272711873055
lightweight gas storage MOFs with low density,50,LEA + GAT,3,qmof-e566fbb,Zn2C36H22N6O8,0.83426434,2.93315,0.7285714285714285,1.0,,1.0,1.0,0.7285714285714285,1.0,,1|1|1|1,0.7285714285714285|1.0|1.0|1.0,,0.9292323172092438
lightweight gas storage MOFs with low density,50,LEA + GAT,4,qmof-cef46c3,Zn2C48H32N8O8,0.7895211,2.913296,0.7285714285714285,1.0,,1.0,1.0,0.7285714285714285,1.0,,1|1|1|1,0.7285714285714285|1.0|1.0|1.0,,0.9268218696117401
lightweight gas storage MOFs with low density,50,LEA + GAT,5,qmof-a1a5849,Fe2C24H16N8,0.925170256,2.75343,0.7285714285714285,1.0,,1.0,1.0,0.7285714285714285,1.0,,1|1|1|1,0.7285714285714285|1.0|1.0|1.0,,0.9248372703790665
lightweight gas storage MOFs with low density,50,LEA + GraphSAGE,1,qmof-13a76dd,Zn4C40H28N12O8,0.982716063,3.309168,0.7285714285714285,1.0,,1.0,1.0,0.7285714285714285,1.0,,1|1|1|1,0.7285714285714285|1.0|1.0|1.0,,0.8994731545448303
lightweight gas storage MOFs with low density,50,LEA + GraphSAGE,2,qmof-e566fbb,Zn2C36H22N6O8,0.83426434,2.93315,0.7285714285714285,1.0,,1.0,1.0,0.7285714285714285,1.0,,1|1|1|1,0.7285714285714285|1.0|1.0|1.0,,0.8980841308832168
lightweight gas storage MOFs with low density,50,LEA + GraphSAGE,3,qmof-235f291,Ni2C24H16N8,0.870801372,3.336142,0.7285714285714285,1.0,,1.0,1.0,0.7285714285714285,1.0,,1|1|1|1,0.7285714285714285|1.0|1.0|1.0,,0.8979054361581802
lightweight gas storage MOFs with low density,50,LEA + GraphSAGE,4,qmof-a1a5849,Fe2C24H16N8,0.925170256,2.75343,0.7285714285714285,1.0,,1.0,1.0,0.7285714285714285,1.0,,1|1|1|1,0.7285714285714285|1.0|1.0|1.0,,0.8971431761980057
lightweight gas storage MOFs with low density,50,LEA + GraphSAGE,5,qmof-ac6a77a,Zn4C76H44N8O16,0.82887956,2.401359,0.7285714285714285,1.0,,1.0,1.0,0.7285714285714285,1.0,,1|1|1|1,0.7285714285714285|1.0|1.0|1.0,,0.8968965470790863
lightweight gas storage MOFs with low density,50,MMR,1,qmof-a1a5849,Fe2C24H16N8,0.925170256,2.75343,0.7285714285714285,1.0,,1.0,1.0,0.7285714285714285,1.0,,1|1|1|1,0.7285714285714285|1.0|1.0|1.0,,0.9173958948894889
lightweight gas storage MOFs with low density,50,MMR,2,qmof-13a76dd,Zn4C40H28N12O8,0.982716063,3.309168,0.7285714285714285,1.0,,1.0,1.0,0.7285714285714285,1.0,,1|1|1|1,0.7285714285714285|1.0|1.0|1.0,,0.9173958948894889
lightweight gas storage MOFs with low density,50,MMR,3,qmof-235f291,Ni2C24H16N8,0.870801372,3.336142,0.7285714285714285,1.0,,1.0,1.0,0.7285714285714285,1.0,,1|1|1|1,0.7285714285714285|1.0|1.0|1.0,,0.9173958948894889
lightweight gas storage MOFs with low density,50,MMR,4,qmof-c0f392b,Zn2C44H38N6O12,0.915527725,2.464185,0.7285714285714285,1.0,,1.0,1.0,0.7285714285714285,1.0,,1|1|1|1,0.7285714285714285|1.0|1.0|1.0,,0.9173958948894889
lightweight gas storage MOFs with low density,50,MMR,5,qmof-ac6a77a,Zn4C76H44N8O16,0.82887956,2.401359,0.7285714285714285,1.0,,1.0,1.0,0.7285714285714285,1.0,,1|1|1|1,0.7285714285714285|1.0|1.0|1.0,,0.9173958948894889
lightweight gas storage MOFs with low density,50,ParetoCrowding,1,qmof-e566fbb,Zn2C36H22N6O8,0.83426434,2.93315,0.7285714285714285,1.0,,1.0,1.0,0.7285714285714285,1.0,,1|1|1|1,0.7285714285714285|1.0|1.0|1.0,,0.9173958948894889
lightweight gas storage MOFs with low density,50,ParetoCrowding,2,qmof-cef46c3,Zn2C48H32N8O8,0.7895211,2.913296,0.7285714285714285,1.0,,1.0,1.0,0.7285714285714285,1.0,,1|1|1|1,0.7285714285714285|1.0|1.0|1.0,,0.9173958948894889
lightweight gas storage MOFs with low density,50,ParetoCrowding,3,qmof-c0f392b,Zn2C44H38N6O12,0.915527725,2.464185,0.7285714285714285,1.0,,1.0,1.0,0.7285714285714285,1.0,,1|1|1|1,0.7285714285714285|1.0|1.0|1.0,,0.9173958948894889
lightweight gas storage MOFs with low density,50,ParetoCrowding,4,qmof-ac6a77a,Zn4C76H44N8O16,0.82887956,2.401359,0.7285714285714285,1.0,,1.0,1.0,0.7285714285714285,1.0,,1|1|1|1,0.7285714285714285|1.0|1.0|1.0,,0.9173958948894889
lightweight gas storage MOFs with low density,50,ParetoCrowding,5,qmof-a1a5849,Fe2C24H16N8,0.925170256,2.75343,0.7285714285714285,1.0,,1.0,1.0,0.7285714285714285,1.0,,1|1|1|1,0.7285714285714285|1.0|1.0|1.0,,0.9173958948894889
lightweight gas storage MOFs with low density,50,Random,1,qmof-3e52596,Zn16C96F16H16O56S16,0.575057638,,0.7285714285714285,1.0,,1.0,0.0,0.7285714285714285,1.0,,1|0|1|1,0.7285714285714285|0.0|1.0|1.0,,0.8944462048562299
lightweight gas storage MOFs with low density,50,Random,2,qmof-2e2ea03,Al6C88H48O28,0.701191576,,0.7285714285714285,1.0,,1.0,0.0,0.7285714285714285,1.0,,1|0|1|1,0.7285714285714285|0.0|1.0|1.0,,0.8944462048562299
lightweight gas storage MOFs with low density,50,Random,3,qmof-cef46c3,Zn2C48H32N8O8,0.7895211,2.913296,0.7285714285714285,1.0,,1.0,1.0,0.7285714285714285,1.0,,1|1|1|1,0.7285714285714285|1.0|1.0|1.0,,0.9173958948894889
lightweight gas storage MOFs with low density,50,Random,4,qmof-89ecd19,CuC20F6H16N8Si,0.689777012,,0.7285714285714285,1.0,,1.0,0.0,0.7285714285714285,1.0,,1|0|1|1,0.7285714285714285|0.0|1.0|1.0,,0.8944462048562299
lightweight gas storage MOFs with low density,50,Random,5,qmof-235f291,Ni2C24H16N8,0.870801372,3.336142,0.7285714285714285,1.0,,1.0,1.0,0.7285714285714285,1.0,,1|1|1|1,0.7285714285714285|1.0|1.0|1.0,,0.9173958948894889
lightweight gas storage MOFs with low density,50,SemanticOnly,1,qmof-fb3f045,Zn8Br8C80H32O42,0.450390984,,0.7285714285714285,1.0,,1.0,0.0,0.7285714285714285,1.0,,1|0|1|1,0.7285714285714285|0.0|1.0|1.0,,0.8944462048562299
lightweight gas storage MOFs with low density,50,SemanticOnly,2,qmof-faede09,Zr6C48H24N12O32,0.597621152,,0.7285714285714285,1.0,,1.0,0.0,0.7285714285714285,1.0,,1|0|1|1,0.7285714285714285|0.0|1.0|1.0,,0.8944462048562299
lightweight gas storage MOFs with low density,50,SemanticOnly,3,qmof-f7fa6b1,Zn4C46H36N16O2,0.979531959,,0.7285714285714285,1.0,,1.0,0.0,0.7285714285714285,1.0,,1|0|1|1,0.7285714285714285|0.0|1.0|1.0,,0.8944462048562299
lightweight gas storage MOFs with low density,50,SemanticOnly,4,qmof-f55a288,Cu12C72H48N36,0.179408873,,0.7285714285714285,1.0,,1.0,0.0,0.7285714285714285,1.0,,1|0|1|1,0.7285714285714285|0.0|1.0|1.0,,0.8944462048562299
lightweight gas storage MOFs with low density,50,SemanticOnly,5,qmof-f5008e0,Zn6C52H26O24,0.45361886,,0.7285714285714285,1.0,,1.0,0.0,0.7285714285714285,1.0,,1|0|1|1,0.7285714285714285|0.0|1.0|1.0,,0.8944462048562299
lightweight gas storage MOFs with low density,50,TOPSIS,1,qmof-e566fbb,Zn2C36H22N6O8,0.83426434,2.93315,0.7285714285714285,1.0,,1.0,1.0,0.7285714285714285,1.0,,1|1|1|1,0.7285714285714285|1.0|1.0|1.0,,0.9173958948894889
lightweight gas storage MOFs with low density,50,TOPSIS,2,qmof-cef46c3,Zn2C48H32N8O8,0.7895211,2.913296,0.7285714285714285,1.0,,1.0,1.0,0.7285714285714285,1.0,,1|1|1|1,0.7285714285714285|1.0|1.0|1.0,,0.9173958948894889
lightweight gas storage MOFs with low density,50,TOPSIS,3,qmof-c0f392b,Zn2C44H38N6O12,0.915527725,2.464185,0.7285714285714285,1.0,,1.0,1.0,0.7285714285714285,1.0,,1|1|1|1,0.7285714285714285|1.0|1.0|1.0,,0.9173958948894889
lightweight gas storage MOFs with low density,50,TOPSIS,4,qmof-ac6a77a,Zn4C76H44N8O16,0.82887956,2.401359,0.7285714285714285,1.0,,1.0,1.0,0.7285714285714285,1.0,,1|1|1|1,0.7285714285714285|1.0|1.0|1.0,,0.9173958948894889
lightweight gas storage MOFs with low density,50,TOPSIS,5,qmof-a1a5849,Fe2C24H16N8,0.925170256,2.75343,0.7285714285714285,1.0,,1.0,1.0,0.7285714285714285,1.0,,1|1|1|1,0.7285714285714285|1.0|1.0|1.0,,0.9173958948894889
lightweight gas storage MOFs with low density,50,WeightedSum,1,qmof-e566fbb,Zn2C36H22N6O8,0.83426434,2.93315,0.7285714285714285,1.0,,1.0,1.0,0.7285714285714285,1.0,,1|1|1|1,0.7285714285714285|1.0|1.0|1.0,,0.9173958948894889
lightweight gas storage MOFs with low density,50,WeightedSum,2,qmof-cef46c3,Zn2C48H32N8O8,0.7895211,2.913296,0.7285714285714285,1.0,,1.0,1.0,0.7285714285714285,1.0,,1|1|1|1,0.7285714285714285|1.0|1.0|1.0,,0.9173958948894889
lightweight gas storage MOFs with low density,50,WeightedSum,3,qmof-c0f392b,Zn2C44H38N6O12,0.915527725,2.464185,0.7285714285714285,1.0,,1.0,1.0,0.7285714285714285,1.0,,1|1|1|1,0.7285714285714285|1.0|1.0|1.0,,0.9173958948894889
lightweight gas storage MOFs with low density,50,WeightedSum,4,qmof-ac6a77a,Zn4C76H44N8O16,0.82887956,2.401359,0.7285714285714285,1.0,,1.0,1.0,0.7285714285714285,1.0,,1|1|1|1,0.7285714285714285|1.0|1.0|1.0,,0.9173958948894889
lightweight gas storage MOFs with low density,50,WeightedSum,5,qmof-a1a5849,Fe2C24H16N8,0.925170256,2.75343,0.7285714285714285,1.0,,1.0,1.0,0.7285714285714285,1.0,,1|1|1|1,0.7285714285714285|1.0|1.0|1.0,,0.9173958948894889
lightweight gas storage MOFs with low density,51,GAT only,1,qmof-13a76dd,Zn4C40H28N12O8,0.982716063,3.309168,0.7285714285714285,1.0,,1.0,1.0,0.7285714285714285,1.0,,1|1|1|1,0.7285714285714285|1.0|1.0|1.0,,0.9173958948894889
lightweight gas storage MOFs with low density,51,GAT only,2,qmof-235f291,Ni2C24H16N8,0.870801372,3.336142,0.7285714285714285,1.0,,1.0,1.0,0.7285714285714285,1.0,,1|1|1|1,0.7285714285714285|1.0|1.0|1.0,,0.9173958948894889
lightweight gas storage MOFs with low density,51,GAT only,3,qmof-e566fbb,Zn2C36H22N6O8,0.83426434,2.93315,0.7285714285714285,1.0,,1.0,1.0,0.7285714285714285,1.0,,1|1|1|1,0.7285714285714285|1.0|1.0|1.0,,0.9173958948894889
lightweight gas storage MOFs with low density,51,GAT only,4,qmof-cef46c3,Zn2C48H32N8O8,0.7895211,2.913296,0.7285714285714285,1.0,,1.0,1.0,0.7285714285714285,1.0,,1|1|1|1,0.7285714285714285|1.0|1.0|1.0,,0.9173958948894889
lightweight gas storage MOFs with low density,51,GAT only,5,qmof-a1a5849,Fe2C24H16N8,0.925170256,2.75343,0.7285714285714285,1.0,,1.0,1.0,0.7285714285714285,1.0,,1|1|1|1,0.7285714285714285|1.0|1.0|1.0,,0.9173958948894889
lightweight gas storage MOFs with low density,51,GraphSAGE only,1,qmof-13a76dd,Zn4C40H28N12O8,0.982716063,3.309168,0.7285714285714285,1.0,,1.0,1.0,0.7285714285714285,1.0,,1|1|1|1,0.7285714285714285|1.0|1.0|1.0,,0.9173958948894889
lightweight gas storage MOFs with low density,51,GraphSAGE only,2,qmof-e566fbb,Zn2C36H22N6O8,0.83426434,2.93315,0.7285714285714285,1.0,,1.0,1.0,0.7285714285714285,1.0,,1|1|1|1,0.7285714285714285|1.0|1.0|1.0,,0.9173958948894889
lightweight gas storage MOFs with low density,51,GraphSAGE only,3,qmof-235f291,Ni2C24H16N8,0.870801372,3.336142,0.7285714285714285,1.0,,1.0,1.0,0.7285714285714285,1.0,,1|1|1|1,0.7285714285714285|1.0|1.0|1.0,,0.9173958948894889
lightweight gas storage MOFs with low density,51,GraphSAGE only,4,qmof-a1a5849,Fe2C24H16N8,0.925170256,2.75343,0.7285714285714285,1.0,,1.0,1.0,0.7285714285714285,1.0,,1|1|1|1,0.7285714285714285|1.0|1.0|1.0,,0.9173958948894889
lightweight gas storage MOFs with low density,51,GraphSAGE only,5,qmof-ac6a77a,Zn4C76H44N8O16,0.82887956,2.401359,0.7285714285714285,1.0,,1.0,1.0,0.7285714285714285,1.0,,1|1|1|1,0.7285714285714285|1.0|1.0|1.0,,0.9173958948894889
lightweight gas storage MOFs with low density,51,LEA,1,qmof-c0f392b,Zn2C44H38N6O12,0.915527725,2.464185,0.7285714285714285,1.0,,1.0,1.0,0.7285714285714285,1.0,,1|1|1|1,0.7285714285714285|1.0|1.0|1.0,,1.0056426696479321
lightweight gas storage MOFs with low density,51,LEA,2,qmof-235f291,Ni2C24H16N8,0.870801372,3.336142,0.7285714285714285,1.0,,1.0,1.0,0.7285714285714285,1.0,,1|1|1|1,0.7285714285714285|1.0|1.0|1.0,,1.0056426696479321
lightweight gas storage MOFs with low density,51,LEA,3,qmof-cef46c3,Zn2C48H32N8O8,0.7895211,2.913296,0.7285714285714285,1.0,,1.0,1.0,0.7285714285714285,1.0,,1|1|1|1,0.7285714285714285|1.0|1.0|1.0,,1.0056426696479321
lightweight gas storage MOFs with low density,51,LEA,4,qmof-e566fbb,Zn2C36H22N6O8,0.83426434,2.93315,0.7285714285714285,1.0,,1.0,1.0,0.7285714285714285,1.0,,1|1|1|1,0.7285714285714285|1.0|1.0|1.0,,1.0056426696479321
lightweight gas storage MOFs with low density,51,LEA,5,qmof-ac6a77a,Zn4C76H44N8O16,0.82887956,2.401359,0.7285714285714285,1.0,,1.0,1.0,0.7285714285714285,1.0,,1|1|1|1,0.7285714285714285|1.0|1.0|1.0,,1.0056426696479321
lightweight gas storage MOFs with low density,51,LEA no diversity,1,qmof-c0f392b,Zn2C44H38N6O12,0.915527725,2.464185,0.7285714285714285,1.0,,1.0,1.0,0.7285714285714285,1.0,,1|1|1|1,0.7285714285714285|1.0|1.0|1.0,,1.0056426696479321
lightweight gas storage MOFs with low density,51,LEA no diversity,2,qmof-235f291,Ni2C24H16N8,0.870801372,3.336142,0.7285714285714285,1.0,,1.0,1.0,0.7285714285714285,1.0,,1|1|1|1,0.7285714285714285|1.0|1.0|1.0,,1.0056426696479321
lightweight gas storage MOFs with low density,51,LEA no diversity,3,qmof-cef46c3,Zn2C48H32N8O8,0.7895211,2.913296,0.7285714285714285,1.0,,1.0,1.0,0.7285714285714285,1.0,,1|1|1|1,0.7285714285714285|1.0|1.0|1.0,,1.0056426696479321
lightweight gas storage MOFs with low density,51,LEA no diversity,4,qmof-e566fbb,Zn2C36H22N6O8,0.83426434,2.93315,0.7285714285714285,1.0,,1.0,1.0,0.7285714285714285,1.0,,1|1|1|1,0.7285714285714285|1.0|1.0|1.0,,1.0056426696479321
lightweight gas storage MOFs with low density,51,LEA no diversity,5,qmof-ac6a77a,Zn4C76H44N8O16,0.82887956,2.401359,0.7285714285714285,1.0,,1.0,1.0,0.7285714285714285,1.0,,1|1|1|1,0.7285714285714285|1.0|1.0|1.0,,1.0056426696479321
lightweight gas storage MOFs with low density,51,LEA no self-cleaning,1,qmof-c0f392b,Zn2C44H38N6O12,0.915527725,2.464185,0.7285714285714285,1.0,,1.0,1.0,0.7285714285714285,1.0,,1|1|1|1,0.7285714285714285|1.0|1.0|1.0,,1.0056426696479321
lightweight gas storage MOFs with low density,51,LEA no self-cleaning,2,qmof-235f291,Ni2C24H16N8,0.870801372,3.336142,0.7285714285714285,1.0,,1.0,1.0,0.7285714285714285,1.0,,1|1|1|1,0.7285714285714285|1.0|1.0|1.0,,1.0056426696479321
lightweight gas storage MOFs with low density,51,LEA no self-cleaning,3,qmof-cef46c3,Zn2C48H32N8O8,0.7895211,2.913296,0.7285714285714285,1.0,,1.0,1.0,0.7285714285714285,1.0,,1|1|1|1,0.7285714285714285|1.0|1.0|1.0,,1.0056426696479321
lightweight gas storage MOFs with low density,51,LEA no self-cleaning,4,qmof-e566fbb,Zn2C36H22N6O8,0.83426434,2.93315,0.7285714285714285,1.0,,1.0,1.0,0.7285714285714285,1.0,,1|1|1|1,0.7285714285714285|1.0|1.0|1.0,,1.0056426696479321
lightweight gas storage MOFs with low density,51,LEA no self-cleaning,5,qmof-ac6a77a,Zn4C76H44N8O16,0.82887956,2.401359,0.7285714285714285,1.0,,1.0,1.0,0.7285714285714285,1.0,,1|1|1|1,0.7285714285714285|1.0|1.0|1.0,,1.0056426696479321
lightweight gas storage MOFs with low density,51,LEA + GAT,1,qmof-13a76dd,Zn4C40H28N12O8,0.982716063,3.309168,0.7285714285714285,1.0,,1.0,1.0,0.7285714285714285,1.0,,1|1|1|1,0.7285714285714285|1.0|1.0|1.0,,0.935387821495533
lightweight gas storage MOFs with low density,51,LEA + GAT,2,qmof-235f291,Ni2C24H16N8,0.870801372,3.336142,0.7285714285714285,1.0,,1.0,1.0,0.7285714285714285,1.0,,1|1|1|1,0.7285714285714285|1.0|1.0|1.0,,0.9319272711873055
lightweight gas storage MOFs with low density,51,LEA + GAT,3,qmof-e566fbb,Zn2C36H22N6O8,0.83426434,2.93315,0.7285714285714285,1.0,,1.0,1.0,0.7285714285714285,1.0,,1|1|1|1,0.7285714285714285|1.0|1.0|1.0,,0.9292323172092438
lightweight gas storage MOFs with low density,51,LEA + GAT,4,qmof-cef46c3,Zn2C48H32N8O8,0.7895211,2.913296,0.7285714285714285,1.0,,1.0,1.0,0.7285714285714285,1.0,,1|1|1|1,0.7285714285714285|1.0|1.0|1.0,,0.9268218696117401
lightweight gas storage MOFs with low density,51,LEA + GAT,5,qmof-a1a5849,Fe2C24H16N8,0.925170256,2.75343,0.7285714285714285,1.0,,1.0,1.0,0.7285714285714285,1.0,,1|1|1|1,0.7285714285714285|1.0|1.0|1.0,,0.9248372703790665
lightweight gas storage MOFs with low density,51,LEA + GraphSAGE,1,qmof-13a76dd,Zn4C40H28N12O8,0.982716063,3.309168,0.7285714285714285,1.0,,1.0,1.0,0.7285714285714285,1.0,,1|1|1|1,0.7285714285714285|1.0|1.0|1.0,,0.8994731545448303
lightweight gas storage MOFs with low density,51,LEA + GraphSAGE,2,qmof-e566fbb,Zn2C36H22N6O8,0.83426434,2.93315,0.7285714285714285,1.0,,1.0,1.0,0.7285714285714285,1.0,,1|1|1|1,0.7285714285714285|1.0|1.0|1.0,,0.8980841308832168
lightweight gas storage MOFs with low density,51,LEA + GraphSAGE,3,qmof-235f291,Ni2C24H16N8,0.870801372,3.336142,0.7285714285714285,1.0,,1.0,1.0,0.7285714285714285,1.0,,1|1|1|1,0.7285714285714285|1.0|1.0|1.0,,0.8979054361581802
lightweight gas storage MOFs with low density,51,LEA + GraphSAGE,4,qmof-a1a5849,Fe2C24H16N8,0.925170256,2.75343,0.7285714285714285,1.0,,1.0,1.0,0.7285714285714285,1.0,,1|1|1|1,0.7285714285714285|1.0|1.0|1.0,,0.8971431761980057
lightweight gas storage MOFs with low density,51,LEA + GraphSAGE,5,qmof-ac6a77a,Zn4C76H44N8O16,0.82887956,2.401359,0.7285714285714285,1.0,,1.0,1.0,0.7285714285714285,1.0,,1|1|1|1,0.7285714285714285|1.0|1.0|1.0,,0.8968965470790863
lightweight gas storage MOFs with low density,51,MMR,1,qmof-a1a5849,Fe2C24H16N8,0.925170256,2.75343,0.7285714285714285,1.0,,1.0,1.0,0.7285714285714285,1.0,,1|1|1|1,0.7285714285714285|1.0|1.0|1.0,,0.9173958948894889
lightweight gas storage MOFs with low density,51,MMR,2,qmof-13a76dd,Zn4C40H28N12O8,0.982716063,3.309168,0.7285714285714285,1.0,,1.0,1.0,0.7285714285714285,1.0,,1|1|1|1,0.7285714285714285|1.0|1.0|1.0,,0.9173958948894889
lightweight gas storage MOFs with low density,51,MMR,3,qmof-ac6a77a,Zn4C76H44N8O16,0.82887956,2.401359,0.7285714285714285,1.0,,1.0,1.0,0.7285714285714285,1.0,,1|1|1|1,0.7285714285714285|1.0|1.0|1.0,,0.9173958948894889
lightweight gas storage MOFs with low density,51,MMR,4,qmof-e566fbb,Zn2C36H22N6O8,0.83426434,2.93315,0.7285714285714285,1.0,,1.0,1.0,0.7285714285714285,1.0,,1|1|1|1,0.7285714285714285|1.0|1.0|1.0,,0.9173958948894889
lightweight gas storage MOFs with low density,51,MMR,5,qmof-cef46c3,Zn2C48H32N8O8,0.7895211,2.913296,0.7285714285714285,1.0,,1.0,1.0,0.7285714285714285,1.0,,1|1|1|1,0.7285714285714285|1.0|1.0|1.0,,0.9173958948894889
lightweight gas storage MOFs with low density,51,ParetoCrowding,1,qmof-e566fbb,Zn2C36H22N6O8,0.83426434,2.93315,0.7285714285714285,1.0,,1.0,1.0,0.7285714285714285,1.0,,1|1|1|1,0.7285714285714285|1.0|1.0|1.0,,0.9173958948894889
lightweight gas storage MOFs with low density,51,ParetoCrowding,2,qmof-cef46c3,Zn2C48H32N8O8,0.7895211,2.913296,0.7285714285714285,1.0,,1.0,1.0,0.7285714285714285,1.0,,1|1|1|1,0.7285714285714285|1.0|1.0|1.0,,0.9173958948894889
lightweight gas storage MOFs with low density,51,ParetoCrowding,3,qmof-c0f392b,Zn2C44H38N6O12,0.915527725,2.464185,0.7285714285714285,1.0,,1.0,1.0,0.7285714285714285,1.0,,1|1|1|1,0.7285714285714285|1.0|1.0|1.0,,0.9173958948894889
lightweight gas storage MOFs with low density,51,ParetoCrowding,4,qmof-ac6a77a,Zn4C76H44N8O16,0.82887956,2.401359,0.7285714285714285,1.0,,1.0,1.0,0.7285714285714285,1.0,,1|1|1|1,0.7285714285714285|1.0|1.0|1.0,,0.9173958948894889
lightweight gas storage MOFs with low density,51,ParetoCrowding,5,qmof-a1a5849,Fe2C24H16N8,0.925170256,2.75343,0.7285714285714285,1.0,,1.0,1.0,0.7285714285714285,1.0,,1|1|1|1,0.7285714285714285|1.0|1.0|1.0,,0.9173958948894889
lightweight gas storage MOFs with low density,51,Random,1,qmof-b2fa897,Zn4C81H32N14O38S2,0.392697003,,0.7285714285714285,1.0,,1.0,0.0,0.7285714285714285,1.0,,1|0|1|1,0.7285714285714285|0.0|1.0|1.0,,0.8944462048562299
lightweight gas storage MOFs with low density,51,Random,2,qmof-ac6a77a,Zn4C76H44N8O16,0.82887956,2.401359,0.7285714285714285,1.0,,1.0,1.0,0.7285714285714285,1.0,,1|1|1|1,0.7285714285714285|1.0|1.0|1.0,,0.9173958948894889
lightweight gas storage MOFs with low density,51,Random,3,qmof-890bde1,Al3C81F9H36O18,0.956041595,,0.7285714285714285,1.0,,1.0,0.0,0.7285714285714285,1.0,,1|0|1|1,0.7285714285714285|0.0|1.0|1.0,,0.8944462048562299
lightweight gas storage MOFs with low density,51,Random,4,qmof-fffeb7b,Zn4C72Cl2F14H24N16,0.47822762,,0.7285714285714285,1.0,,1.0,0.0,0.7285714285714285,1.0,,1|0|1|1,0.7285714285714285|0.0|1.0|1.0,,0.8944462048562299
lightweight gas storage MOFs with low density,51,Random,5,qmof-2d0fa88,Co4C72H52N12O16,0.742365822,,0.7285714285714285,1.0,,1.0,0.0,0.7285714285714285,1.0,,1|0|1|1,0.7285714285714285|0.0|1.0|1.0,,0.8944462048562299
lightweight gas storage MOFs with low density,51,SemanticOnly,1,qmof-fffeb7b,Zn4C72Cl2F14H24N16,0.47822762,,0.7285714285714285,1.0,,1.0,0.0,0.7285714285714285,1.0,,1|0|1|1,0.7285714285714285|0.0|1.0|1.0,,0.8944462048562299
lightweight gas storage MOFs with low density,51,SemanticOnly,2,qmof-fb3f045,Zn8Br8C80H32O42,0.450390984,,0.7285714285714285,1.0,,1.0,0.0,0.7285714285714285,1.0,,1|0|1|1,0.7285714285714285|0.0|1.0|1.0,,0.8944462048562299
lightweight gas storage MOFs with low density,51,SemanticOnly,3,qmof-fa61018,Al4C64H52N8O22,0.588664798,,0.7285714285714285,1.0,,1.0,0.0,0.7285714285714285,1.0,,1|0|1|1,0.7285714285714285|0.0|1.0|1.0,,0.8944462048562299
lightweight gas storage MOFs with low density,51,SemanticOnly,4,qmof-f7ee91d,Zn4C33H19N3O13,0.470456151,,0.7285714285714285,1.0,,1.0,0.0,0.7285714285714285,1.0,,1|0|1|1,0.7285714285714285|0.0|1.0|1.0,,0.8944462048562299
lightweight gas storage MOFs with low density,51,SemanticOnly,5,qmof-f633d9e,Ni4C80H56N8O18,0.974678243,,0.7285714285714285,1.0,,1.0,0.0,0.7285714285714285,1.0,,1|0|1|1,0.7285714285714285|0.0|1.0|1.0,,0.8944462048562299
lightweight gas storage MOFs with low density,51,TOPSIS,1,qmof-e566fbb,Zn2C36H22N6O8,0.83426434,2.93315,0.7285714285714285,1.0,,1.0,1.0,0.7285714285714285,1.0,,1|1|1|1,0.7285714285714285|1.0|1.0|1.0,,0.9173958948894889
lightweight gas storage MOFs with low density,51,TOPSIS,2,qmof-cef46c3,Zn2C48H32N8O8,0.7895211,2.913296,0.7285714285714285,1.0,,1.0,1.0,0.7285714285714285,1.0,,1|1|1|1,0.7285714285714285|1.0|1.0|1.0,,0.9173958948894889
lightweight gas storage MOFs with low density,51,TOPSIS,3,qmof-c0f392b,Zn2C44H38N6O12,0.915527725,2.464185,0.7285714285714285,1.0,,1.0,1.0,0.7285714285714285,1.0,,1|1|1|1,0.7285714285714285|1.0|1.0|1.0,,0.9173958948894889
lightweight gas storage MOFs with low density,51,TOPSIS,4,qmof-ac6a77a,Zn4C76H44N8O16,0.82887956,2.401359,0.7285714285714285,1.0,,1.0,1.0,0.7285714285714285,1.0,,1|1|1|1,0.7285714285714285|1.0|1.0|1.0,,0.9173958948894889
lightweight gas storage MOFs with low density,51,TOPSIS,5,qmof-a1a5849,Fe2C24H16N8,0.925170256,2.75343,0.7285714285714285,1.0,,1.0,1.0,0.7285714285714285,1.0,,1|1|1|1,0.7285714285714285|1.0|1.0|1.0,,0.9173958948894889
lightweight gas storage MOFs with low density,51,WeightedSum,1,qmof-e566fbb,Zn2C36H22N6O8,0.83426434,2.93315,0.7285714285714285,1.0,,1.0,1.0,0.7285714285714285,1.0,,1|1|1|1,0.7285714285714285|1.0|1.0|1.0,,0.9173958948894889
lightweight gas storage MOFs with low density,51,WeightedSum,2,qmof-cef46c3,Zn2C48H32N8O8,0.7895211,2.913296,0.7285714285714285,1.0,,1.0,1.0,0.7285714285714285,1.0,,1|1|1|1,0.7285714285714285|1.0|1.0|1.0,,0.9173958948894889
lightweight gas storage MOFs with low density,51,WeightedSum,3,qmof-c0f392b,Zn2C44H38N6O12,0.915527725,2.464185,0.7285714285714285,1.0,,1.0,1.0,0.7285714285714285,1.0,,1|1|1|1,0.7285714285714285|1.0|1.0|1.0,,0.9173958948894889
lightweight gas storage MOFs with low density,51,WeightedSum,4,qmof-ac6a77a,Zn4C76H44N8O16,0.82887956,2.401359,0.7285714285714285,1.0,,1.0,1.0,0.7285714285714285,1.0,,1|1|1|1,0.7285714285714285|1.0|1.0|1.0,,0.9173958948894889
lightweight gas storage MOFs with low density,51,WeightedSum,5,qmof-a1a5849,Fe2C24H16N8,0.925170256,2.75343,0.7285714285714285,1.0,,1.0,1.0,0.7285714285714285,1.0,,1|1|1|1,0.7285714285714285|1.0|1.0|1.0,,0.9173958948894889
balanced stable MOF candidates for general materials discovery,42,GAT only,1,qmof-13a76dd,Zn4C40H28N12O8,0.982716063,3.309168,0.65,1.0,,1.0,1.0,0.65,1.0,,1|1|1|1,0.65|1.0|1.0|1.0,,0.897905
balanced stable MOF candidates for general materials discovery,42,GAT only,2,qmof-235f291,Ni2C24H16N8,0.870801372,3.336142,0.65,1.0,,1.0,1.0,0.65,1.0,,1|1|1|1,0.65|1.0|1.0|1.0,,0.897905
balanced stable MOF candidates for general materials discovery,42,GAT only,3,qmof-e566fbb,Zn2C36H22N6O8,0.83426434,2.93315,0.65,1.0,,1.0,1.0,0.65,1.0,,1|1|1|1,0.65|1.0|1.0|1.0,,0.897905
balanced stable MOF candidates for general materials discovery,42,GAT only,4,qmof-cef46c3,Zn2C48H32N8O8,0.7895211,2.913296,0.65,1.0,,1.0,1.0,0.65,1.0,,1|1|1|1,0.65|1.0|1.0|1.0,,0.897905
balanced stable MOF candidates for general materials discovery,42,GAT only,5,qmof-a1a5849,Fe2C24H16N8,0.925170256,2.75343,0.65,1.0,,1.0,1.0,0.65,1.0,,1|1|1|1,0.65|1.0|1.0|1.0,,0.897905
balanced stable MOF candidates for general materials discovery,42,GraphSAGE only,1,qmof-13a76dd,Zn4C40H28N12O8,0.982716063,3.309168,0.65,1.0,,1.0,1.0,0.65,1.0,,1|1|1|1,0.65|1.0|1.0|1.0,,0.897905
balanced stable MOF candidates for general materials discovery,42,GraphSAGE only,2,qmof-e566fbb,Zn2C36H22N6O8,0.83426434,2.93315,0.65,1.0,,1.0,1.0,0.65,1.0,,1|1|1|1,0.65|1.0|1.0|1.0,,0.897905
balanced stable MOF candidates for general materials discovery,42,GraphSAGE only,3,qmof-235f291,Ni2C24H16N8,0.870801372,3.336142,0.65,1.0,,1.0,1.0,0.65,1.0,,1|1|1|1,0.65|1.0|1.0|1.0,,0.897905
balanced stable MOF candidates for general materials discovery,42,GraphSAGE only,4,qmof-a1a5849,Fe2C24H16N8,0.925170256,2.75343,0.65,1.0,,1.0,1.0,0.65,1.0,,1|1|1|1,0.65|1.0|1.0|1.0,,0.897905
balanced stable MOF candidates for general materials discovery,42,GraphSAGE only,5,qmof-ac6a77a,Zn4C76H44N8O16,0.82887956,2.401359,0.65,1.0,,1.0,1.0,0.65,1.0,,1|1|1|1,0.65|1.0|1.0|1.0,,0.897905
balanced stable MOF candidates for general materials discovery,42,LEA,1,qmof-ac6a77a,Zn4C76H44N8O16,0.82887956,2.401359,0.65,1.0,,1.0,1.0,0.65,1.0,,1|1|1|1,0.65|1.0|1.0|1.0,,0.9981539472937584
balanced stable MOF candidates for general materials discovery,42,LEA,2,qmof-235f291,Ni2C24H16N8,0.870801372,3.336142,0.65,1.0,,1.0,1.0,0.65,1.0,,1|1|1|1,0.65|1.0|1.0|1.0,,0.9981539472937584
balanced stable MOF candidates for general materials discovery,42,LEA,3,qmof-c0f392b,Zn2C44H38N6O12,0.915527725,2.464185,0.65,1.0,,1.0,1.0,0.65,1.0,,1|1|1|1,0.65|1.0|1.0|1.0,,0.9981539472937584
balanced stable MOF candidates for general materials discovery,42,LEA,4,qmof-a1a5849,Fe2C24H16N8,0.925170256,2.75343,0.65,1.0,,1.0,1.0,0.65,1.0,,1|1|1|1,0.65|1.0|1.0|1.0,,0.9981539472937584
balanced stable MOF candidates for general materials discovery,42,LEA,5,qmof-cef46c3,Zn2C48H32N8O8,0.7895211,2.913296,0.65,1.0,,1.0,1.0,0.65,1.0,,1|1|1|1,0.65|1.0|1.0|1.0,,0.9981539472937584
balanced stable MOF candidates for general materials discovery,42,LEA no diversity,1,qmof-ac6a77a,Zn4C76H44N8O16,0.82887956,2.401359,0.65,1.0,,1.0,1.0,0.65,1.0,,1|1|1|1,0.65|1.0|1.0|1.0,,0.9827495455741883
balanced stable MOF candidates for general materials discovery,42,LEA no diversity,2,qmof-235f291,Ni2C24H16N8,0.870801372,3.336142,0.65,1.0,,1.0,1.0,0.65,1.0,,1|1|1|1,0.65|1.0|1.0|1.0,,0.9827495455741883
balanced stable MOF candidates for general materials discovery,42,LEA no diversity,3,qmof-c0f392b,Zn2C44H38N6O12,0.915527725,2.464185,0.65,1.0,,1.0,1.0,0.65,1.0,,1|1|1|1,0.65|1.0|1.0|1.0,,0.9827495455741883
balanced stable MOF candidates for general materials discovery,42,LEA no diversity,4,qmof-a1a5849,Fe2C24H16N8,0.925170256,2.75343,0.65,1.0,,1.0,1.0,0.65,1.0,,1|1|1|1,0.65|1.0|1.0|1.0,,0.9827495455741883
balanced stable MOF candidates for general materials discovery,42,LEA no diversity,5,qmof-cef46c3,Zn2C48H32N8O8,0.7895211,2.913296,0.65,1.0,,1.0,1.0,0.65,1.0,,1|1|1|1,0.65|1.0|1.0|1.0,,0.9827495455741883
balanced stable MOF candidates for general materials discovery,42,LEA no self-cleaning,1,qmof-ac6a77a,Zn4C76H44N8O16,0.82887956,2.401359,0.65,1.0,,1.0,1.0,0.65,1.0,,1|1|1|1,0.65|1.0|1.0|1.0,,0.9981539472937584
balanced stable MOF candidates for general materials discovery,42,LEA no self-cleaning,2,qmof-235f291,Ni2C24H16N8,0.870801372,3.336142,0.65,1.0,,1.0,1.0,0.65,1.0,,1|1|1|1,0.65|1.0|1.0|1.0,,0.9981539472937584
balanced stable MOF candidates for general materials discovery,42,LEA no self-cleaning,3,qmof-c0f392b,Zn2C44H38N6O12,0.915527725,2.464185,0.65,1.0,,1.0,1.0,0.65,1.0,,1|1|1|1,0.65|1.0|1.0|1.0,,0.9981539472937584
balanced stable MOF candidates for general materials discovery,42,LEA no self-cleaning,4,qmof-a1a5849,Fe2C24H16N8,0.925170256,2.75343,0.65,1.0,,1.0,1.0,0.65,1.0,,1|1|1|1,0.65|1.0|1.0|1.0,,0.9981539472937584
balanced stable MOF candidates for general materials discovery,42,LEA no self-cleaning,5,qmof-cef46c3,Zn2C48H32N8O8,0.7895211,2.913296,0.65,1.0,,1.0,1.0,0.65,1.0,,1|1|1|1,0.65|1.0|1.0|1.0,,0.9981539472937584
balanced stable MOF candidates for general materials discovery,42,LEA + GAT,1,qmof-13a76dd,Zn4C40H28N12O8,0.982716063,3.309168,0.65,1.0,,1.0,1.0,0.65,1.0,,1|1|1|1,0.65|1.0|1.0|1.0,,0.9176828220486641
balanced stable MOF candidates for general materials discovery,42,LEA + GAT,2,qmof-235f291,Ni2C24H16N8,0.870801372,3.336142,0.65,1.0,,1.0,1.0,0.65,1.0,,1|1|1|1,0.65|1.0|1.0|1.0,,0.9142828613519669
balanced stable MOF candidates for general materials discovery,42,LEA + GAT,3,qmof-e566fbb,Zn2C36H22N6O8,0.83426434,2.93315,0.65,1.0,,1.0,1.0,0.65,1.0,,1|1|1|1,0.65|1.0|1.0|1.0,,0.9116329237818718
balanced stable MOF candidates for general materials discovery,42,LEA + GAT,4,qmof-cef46c3,Zn2C48H32N8O8,0.7895211,2.913296,0.65,1.0,,1.0,1.0,0.65,1.0,,1|1|1|1,0.65|1.0|1.0|1.0,,0.9092612117528915
balanced stable MOF candidates for general materials discovery,42,LEA + GAT,5,qmof-a1a5849,Fe2C24H16N8,0.925170256,2.75343,0.65,1.0,,1.0,1.0,0.65,1.0,,1|1|1|1,0.65|1.0|1.0|1.0,,0.9073074638843537
balanced stable MOF candidates for general materials discovery,42,LEA + GraphSAGE,1,qmof-13a76dd,Zn4C40H28N12O8,0.982716063,3.309168,0.65,1.0,,1.0,1.0,0.65,1.0,,1|1|1|1,0.65|1.0|1.0|1.0,,0.8822680234909057
balanced stable MOF candidates for general materials discovery,42,LEA + GraphSAGE,2,qmof-e566fbb,Zn2C36H22N6O8,0.83426434,2.93315,0.65,1.0,,1.0,1.0,0.65,1.0,,1|1|1|1,0.65|1.0|1.0|1.0,,0.8808936446905136
balanced stable MOF candidates for general materials discovery,42,LEA + GraphSAGE,3,qmof-235f291,Ni2C24H16N8,0.870801372,3.336142,0.65,1.0,,1.0,1.0,0.65,1.0,,1|1|1|1,0.65|1.0|1.0|1.0,,0.8807168185710907
balanced stable MOF candidates for general materials discovery,42,LEA + GraphSAGE,4,qmof-a1a5849,Fe2C24H16N8,0.925170256,2.75343,0.65,1.0,,1.0,1.0,0.65,1.0,,1|1|1|1,0.65|1.0|1.0|1.0,,0.8799624621868134
balanced stable MOF candidates for general materials discovery,42,LEA + GraphSAGE,5,qmof-ac6a77a,Zn4C76H44N8O16,0.82887956,2.401359,0.65,1.0,,1.0,1.0,0.65,1.0,,1|1|1|1,0.65|1.0|1.0|1.0,,0.8797183722257614
balanced stable MOF candidates for general materials discovery,42,MMR,1,qmof-13a76dd,Zn4C40H28N12O8,0.982716063,3.309168,0.65,1.0,,1.0,1.0,0.65,1.0,,1|1|1|1,0.65|1.0|1.0|1.0,,0.897905
balanced stable MOF candidates for general materials discovery,42,MMR,2,qmof-12544e7,MnC32H44N2O4,0.975222481,0.54935,0.65,1.0,,1.0,0.5,0.65,1.0,,1|1|1|1,0.65|0.5|1.0|1.0,,0.793755
balanced stable MOF candidates for general materials discovery,42,MMR,3,qmof-e566fbb,Zn2C36H22N6O8,0.83426434,2.93315,0.65,1.0,,1.0,1.0,0.65,1.0,,1|1|1|1,0.65|1.0|1.0|1.0,,0.897905
balanced stable MOF candidates for general materials discovery,42,MMR,4,qmof-cef46c3,Zn2C48H32N8O8,0.7895211,2.913296,0.65,1.0,,1.0,1.0,0.65,1.0,,1|1|1|1,0.65|1.0|1.0|1.0,,0.897905
balanced stable MOF candidates for general materials discovery,42,MMR,5,qmof-a1a5849,Fe2C24H16N8,0.925170256,2.75343,0.65,1.0,,1.0,1.0,0.65,1.0,,1|1|1|1,0.65|1.0|1.0|1.0,,0.897905
balanced stable MOF candidates for general materials discovery,42,ParetoCrowding,1,qmof-e566fbb,Zn2C36H22N6O8,0.83426434,2.93315,0.65,1.0,,1.0,1.0,0.65,1.0,,1|1|1|1,0.65|1.0|1.0|1.0,,0.897905
balanced stable MOF candidates for general materials discovery,42,ParetoCrowding,2,qmof-cef46c3,Zn2C48H32N8O8,0.7895211,2.913296,0.65,1.0,,1.0,1.0,0.65,1.0,,1|1|1|1,0.65|1.0|1.0|1.0,,0.897905
balanced stable MOF candidates for general materials discovery,42,ParetoCrowding,3,qmof-c0f392b,Zn2C44H38N6O12,0.915527725,2.464185,0.65,1.0,,1.0,1.0,0.65,1.0,,1|1|1|1,0.65|1.0|1.0|1.0,,0.897905
balanced stable MOF candidates for general materials discovery,42,ParetoCrowding,4,qmof-ac6a77a,Zn4C76H44N8O16,0.82887956,2.401359,0.65,1.0,,1.0,1.0,0.65,1.0,,1|1|1|1,0.65|1.0|1.0|1.0,,0.897905
balanced stable MOF candidates for general materials discovery,42,ParetoCrowding,5,qmof-a1a5849,Fe2C24H16N8,0.925170256,2.75343,0.65,1.0,,1.0,1.0,0.65,1.0,,1|1|1|1,0.65|1.0|1.0|1.0,,0.897905
balanced stable MOF candidates for general materials discovery,42,Random,1,qmof-41cbe0b,CoC14H14N12O6,1.708960387,3.186877,0.65,0.7,,0.7,1.0,0.65,0.7,,1|1|1|1,0.65|1.0|0.7|0.7,,0.747905
balanced stable MOF candidates for general materials discovery,42,Random,2,qmof-dc7e5a3,Co6C24H12O18,1.274869128,2.932894,0.65,0.7,,0.7,1.0,0.65,0.7,,1|1|1|1,0.65|1.0|0.7|0.7,,0.747905
balanced stable MOF candidates for general materials discovery,42,Random,3,qmof-507bad6,Zn4C52H48N16O24S4,1.93636865,3.161637,0.65,0.7,,0.7,1.0,0.65,0.7,,1|1|1|1,0.65|1.0|0.7|0.7,,0.747905
balanced stable MOF candidates for general materials discovery,42,Random,4,qmof-c82daac,Al2Li2C40H46N6O4,0.954866212,4.047188,0.65,1.0,,1.0,0.5,0.65,1.0,,1|1|1|1,0.65|0.5|1.0|1.0,,0.793755
balanced stable MOF candidates for general materials discovery,42,Random,5,qmof-e7477a4,CuC40Cl2H32N16O2,1.557801707,3.129303,0.65,0.7,,0.7,1.0,0.65,0.7,,1|1|1|1,0.65|1.0|0.7|0.7,,0.747905
balanced stable MOF candidates for general materials discovery,42,SemanticOnly,1,qmof-fe36449,Cu2C22H26N10O8,1.768423472,2.781366,0.65,0.7,,0.7,1.0,0.65,0.7,,1|1|1|1,0.65|1.0|0.7|0.7,,0.747905
balanced stable MOF candidates for general materials discovery,42,SemanticOnly,2,qmof-fbd4fed,U2C46H38N2O14,1.830099562,2.874704,0.65,0.7,,0.7,1.0,0.65,0.7,,1|1|1|1,0.65|1.0|0.7|0.7,,0.747905
balanced stable MOF candidates for general materials discovery,42,SemanticOnly,3,qmof-fbc9303,Zn2C44H36N8O12,1.29968722,1.5071,0.65,0.7,,0.7,1.0,0.65,0.7,,1|1|1|1,0.65|1.0|0.7|0.7,,0.747905
balanced stable MOF candidates for general materials discovery,42,SemanticOnly,4,qmof-fb69b28,Nd2C14H20N6O28,1.901409434,2.785529,0.65,0.7,,0.7,1.0,0.65,0.7,,1|1|1|1,0.65|1.0|0.7|0.7,,0.747905
balanced stable MOF candidates for general materials discovery,42,SemanticOnly,5,qmof-f914f9b,Sm2C44H30N4O16S4,1.85995348,3.14377,0.65,0.7,,0.7,1.0,0.65,0.7,,1|1|1|1,0.65|1.0|0.7|0.7,,0.747905
balanced stable MOF candidates for general materials discovery,42,TOPSIS,1,qmof-e566fbb,Zn2C36H22N6O8,0.83426434,2.93315,0.65,1.0,,1.0,1.0,0.65,1.0,,1|1|1|1,0.65|1.0|1.0|1.0,,0.897905
balanced stable MOF candidates for general materials discovery,42,TOPSIS,2,qmof-cef46c3,Zn2C48H32N8O8,0.7895211,2.913296,0.65,1.0,,1.0,1.0,0.65,1.0,,1|1|1|1,0.65|1.0|1.0|1.0,,0.897905
balanced stable MOF candidates for general materials discovery,42,TOPSIS,3,qmof-c0f392b,Zn2C44H38N6O12,0.915527725,2.464185,0.65,1.0,,1.0,1.0,0.65,1.0,,1|1|1|1,0.65|1.0|1.0|1.0,,0.897905
balanced stable MOF candidates for general materials discovery,42,TOPSIS,4,qmof-ac6a77a,Zn4C76H44N8O16,0.82887956,2.401359,0.65,1.0,,1.0,1.0,0.65,1.0,,1|1|1|1,0.65|1.0|1.0|1.0,,0.897905
balanced stable MOF candidates for general materials discovery,42,TOPSIS,5,qmof-a1a5849,Fe2C24H16N8,0.925170256,2.75343,0.65,1.0,,1.0,1.0,0.65,1.0,,1|1|1|1,0.65|1.0|1.0|1.0,,0.897905
balanced stable MOF candidates for general materials discovery,42,WeightedSum,1,qmof-e566fbb,Zn2C36H22N6O8,0.83426434,2.93315,0.65,1.0,,1.0,1.0,0.65,1.0,,1|1|1|1,0.65|1.0|1.0|1.0,,0.897905
balanced stable MOF candidates for general materials discovery,42,WeightedSum,2,qmof-cef46c3,Zn2C48H32N8O8,0.7895211,2.913296,0.65,1.0,,1.0,1.0,0.65,1.0,,1|1|1|1,0.65|1.0|1.0|1.0,,0.897905
balanced stable MOF candidates for general materials discovery,42,WeightedSum,3,qmof-c0f392b,Zn2C44H38N6O12,0.915527725,2.464185,0.65,1.0,,1.0,1.0,0.65,1.0,,1|1|1|1,0.65|1.0|1.0|1.0,,0.897905
balanced stable MOF candidates for general materials discovery,42,WeightedSum,4,qmof-ac6a77a,Zn4C76H44N8O16,0.82887956,2.401359,0.65,1.0,,1.0,1.0,0.65,1.0,,1|1|1|1,0.65|1.0|1.0|1.0,,0.897905
balanced stable MOF candidates for general materials discovery,42,WeightedSum,5,qmof-a1a5849,Fe2C24H16N8,0.925170256,2.75343,0.65,1.0,,1.0,1.0,0.65,1.0,,1|1|1|1,0.65|1.0|1.0|1.0,,0.897905
balanced stable MOF candidates for general materials discovery,43,GAT only,1,qmof-13a76dd,Zn4C40H28N12O8,0.982716063,3.309168,0.65,1.0,,1.0,1.0,0.65,1.0,,1|1|1|1,0.65|1.0|1.0|1.0,,0.897905
balanced stable MOF candidates for general materials discovery,43,GAT only,2,qmof-235f291,Ni2C24H16N8,0.870801372,3.336142,0.65,1.0,,1.0,1.0,0.65,1.0,,1|1|1|1,0.65|1.0|1.0|1.0,,0.897905
balanced stable MOF candidates for general materials discovery,43,GAT only,3,qmof-e566fbb,Zn2C36H22N6O8,0.83426434,2.93315,0.65,1.0,,1.0,1.0,0.65,1.0,,1|1|1|1,0.65|1.0|1.0|1.0,,0.897905
balanced stable MOF candidates for general materials discovery,43,GAT only,4,qmof-cef46c3,Zn2C48H32N8O8,0.7895211,2.913296,0.65,1.0,,1.0,1.0,0.65,1.0,,1|1|1|1,0.65|1.0|1.0|1.0,,0.897905
balanced stable MOF candidates for general materials discovery,43,GAT only,5,qmof-a1a5849,Fe2C24H16N8,0.925170256,2.75343,0.65,1.0,,1.0,1.0,0.65,1.0,,1|1|1|1,0.65|1.0|1.0|1.0,,0.897905
balanced stable MOF candidates for general materials discovery,43,GraphSAGE only,1,qmof-13a76dd,Zn4C40H28N12O8,0.982716063,3.309168,0.65,1.0,,1.0,1.0,0.65,1.0,,1|1|1|1,0.65|1.0|1.0|1.0,,0.897905
balanced stable MOF candidates for general materials discovery,43,GraphSAGE only,2,qmof-e566fbb,Zn2C36H22N6O8,0.83426434,2.93315,0.65,1.0,,1.0,1.0,0.65,1.0,,1|1|1|1,0.65|1.0|1.0|1.0,,0.897905
balanced stable MOF candidates for general materials discovery,43,GraphSAGE only,3,qmof-235f291,Ni2C24H16N8,0.870801372,3.336142,0.65,1.0,,1.0,1.0,0.65,1.0,,1|1|1|1,0.65|1.0|1.0|1.0,,0.897905
balanced stable MOF candidates for general materials discovery,43,GraphSAGE only,4,qmof-a1a5849,Fe2C24H16N8,0.925170256,2.75343,0.65,1.0,,1.0,1.0,0.65,1.0,,1|1|1|1,0.65|1.0|1.0|1.0,,0.897905
balanced stable MOF candidates for general materials discovery,43,GraphSAGE only,5,qmof-ac6a77a,Zn4C76H44N8O16,0.82887956,2.401359,0.65,1.0,,1.0,1.0,0.65,1.0,,1|1|1|1,0.65|1.0|1.0|1.0,,0.897905
balanced stable MOF candidates for general materials discovery,43,LEA,1,qmof-cef46c3,Zn2C48H32N8O8,0.7895211,2.913296,0.65,1.0,,1.0,1.0,0.65,1.0,,1|1|1|1,0.65|1.0|1.0|1.0,,0.9981539472937584
balanced stable MOF candidates for general materials discovery,43,LEA,2,qmof-ac6a77a,Zn4C76H44N8O16,0.82887956,2.401359,0.65,1.0,,1.0,1.0,0.65,1.0,,1|1|1|1,0.65|1.0|1.0|1.0,,0.9981539472937584
balanced stable MOF candidates for general materials discovery,43,LEA,3,qmof-13a76dd,Zn4C40H28N12O8,0.982716063,3.309168,0.65,1.0,,1.0,1.0,0.65,1.0,,1|1|1|1,0.65|1.0|1.0|1.0,,0.9981539472937584
balanced stable MOF candidates for general materials discovery,43,LEA,4,qmof-235f291,Ni2C24H16N8,0.870801372,3.336142,0.65,1.0,,1.0,1.0,0.65,1.0,,1|1|1|1,0.65|1.0|1.0|1.0,,0.9981539472937584
balanced stable MOF candidates for general materials discovery,43,LEA,5,qmof-e566fbb,Zn2C36H22N6O8,0.83426434,2.93315,0.65,1.0,,1.0,1.0,0.65,1.0,,1|1|1|1,0.65|1.0|1.0|1.0,,0.9981539472937584
balanced stable MOF candidates for general materials discovery,43,LEA no diversity,1,qmof-cef46c3,Zn2C48H32N8O8,0.7895211,2.913296,0.65,1.0,,1.0,1.0,0.65,1.0,,1|1|1|1,0.65|1.0|1.0|1.0,,0.9827495455741883
balanced stable MOF candidates for general materials discovery,43,LEA no diversity,2,qmof-ac6a77a,Zn4C76H44N8O16,0.82887956,2.401359,0.65,1.0,,1.0,1.0,0.65,1.0,,1|1|1|1,0.65|1.0|1.0|1.0,,0.9827495455741883
balanced stable MOF candidates for general materials discovery,43,LEA no diversity,3,qmof-13a76dd,Zn4C40H28N12O8,0.982716063,3.309168,0.65,1.0,,1.0,1.0,0.65,1.0,,1|1|1|1,0.65|1.0|1.0|1.0,,0.9827495455741883
balanced stable MOF candidates for general materials discovery,43,LEA no diversity,4,qmof-235f291,Ni2C24H16N8,0.870801372,3.336142,0.65,1.0,,1.0,1.0,0.65,1.0,,1|1|1|1,0.65|1.0|1.0|1.0,,0.9827495455741883
balanced stable MOF candidates for general materials discovery,43,LEA no diversity,5,qmof-e566fbb,Zn2C36H22N6O8,0.83426434,2.93315,0.65,1.0,,1.0,1.0,0.65,1.0,,1|1|1|1,0.65|1.0|1.0|1.0,,0.9827495455741883
balanced stable MOF candidates for general materials discovery,43,LEA no self-cleaning,1,qmof-cef46c3,Zn2C48H32N8O8,0.7895211,2.913296,0.65,1.0,,1.0,1.0,0.65,1.0,,1|1|1|1,0.65|1.0|1.0|1.0,,0.9981539472937584
balanced stable MOF candidates for general materials discovery,43,LEA no self-cleaning,2,qmof-ac6a77a,Zn4C76H44N8O16,0.82887956,2.401359,0.65,1.0,,1.0,1.0,0.65,1.0,,1|1|1|1,0.65|1.0|1.0|1.0,,0.9981539472937584
balanced stable MOF candidates for general materials discovery,43,LEA no self-cleaning,3,qmof-13a76dd,Zn4C40H28N12O8,0.982716063,3.309168,0.65,1.0,,1.0,1.0,0.65,1.0,,1|1|1|1,0.65|1.0|1.0|1.0,,0.9981539472937584
balanced stable MOF candidates for general materials discovery,43,LEA no self-cleaning,4,qmof-235f291,Ni2C24H16N8,0.870801372,3.336142,0.65,1.0,,1.0,1.0,0.65,1.0,,1|1|1|1,0.65|1.0|1.0|1.0,,0.9981539472937584
balanced stable MOF candidates for general materials discovery,43,LEA no self-cleaning,5,qmof-e566fbb,Zn2C36H22N6O8,0.83426434,2.93315,0.65,1.0,,1.0,1.0,0.65,1.0,,1|1|1|1,0.65|1.0|1.0|1.0,,0.9981539472937584
balanced stable MOF candidates for general materials discovery,43,LEA + GAT,1,qmof-13a76dd,Zn4C40H28N12O8,0.982716063,3.309168,0.65,1.0,,1.0,1.0,0.65,1.0,,1|1|1|1,0.65|1.0|1.0|1.0,,0.9176828220486641
balanced stable MOF candidates for general materials discovery,43,LEA + GAT,2,qmof-235f291,Ni2C24H16N8,0.870801372,3.336142,0.65,1.0,,1.0,1.0,0.65,1.0,,1|1|1|1,0.65|1.0|1.0|1.0,,0.9142828613519669
balanced stable MOF candidates for general materials discovery,43,LEA + GAT,3,qmof-e566fbb,Zn2C36H22N6O8,0.83426434,2.93315,0.65,1.0,,1.0,1.0,0.65,1.0,,1|1|1|1,0.65|1.0|1.0|1.0,,0.9116329237818718
balanced stable MOF candidates for general materials discovery,43,LEA + GAT,4,qmof-cef46c3,Zn2C48H32N8O8,0.7895211,2.913296,0.65,1.0,,1.0,1.0,0.65,1.0,,1|1|1|1,0.65|1.0|1.0|1.0,,0.9092612117528915
balanced stable MOF candidates for general materials discovery,43,LEA + GAT,5,qmof-a1a5849,Fe2C24H16N8,0.925170256,2.75343,0.65,1.0,,1.0,1.0,0.65,1.0,,1|1|1|1,0.65|1.0|1.0|1.0,,0.9073074638843537
balanced stable MOF candidates for general materials discovery,43,LEA + GraphSAGE,1,qmof-13a76dd,Zn4C40H28N12O8,0.982716063,3.309168,0.65,1.0,,1.0,1.0,0.65,1.0,,1|1|1|1,0.65|1.0|1.0|1.0,,0.8822680234909057
balanced stable MOF candidates for general materials discovery,43,LEA + GraphSAGE,2,qmof-e566fbb,Zn2C36H22N6O8,0.83426434,2.93315,0.65,1.0,,1.0,1.0,0.65,1.0,,1|1|1|1,0.65|1.0|1.0|1.0,,0.8808936446905136
balanced stable MOF candidates for general materials discovery,43,LEA + GraphSAGE,3,qmof-235f291,Ni2C24H16N8,0.870801372,3.336142,0.65,1.0,,1.0,1.0,0.65,1.0,,1|1|1|1,0.65|1.0|1.0|1.0,,0.8807168185710907
balanced stable MOF candidates for general materials discovery,43,LEA + GraphSAGE,4,qmof-a1a5849,Fe2C24H16N8,0.925170256,2.75343,0.65,1.0,,1.0,1.0,0.65,1.0,,1|1|1|1,0.65|1.0|1.0|1.0,,0.8799624621868134
balanced stable MOF candidates for general materials discovery,43,LEA + GraphSAGE,5,qmof-ac6a77a,Zn4C76H44N8O16,0.82887956,2.401359,0.65,1.0,,1.0,1.0,0.65,1.0,,1|1|1|1,0.65|1.0|1.0|1.0,,0.8797183722257614
balanced stable MOF candidates for general materials discovery,43,MMR,1,qmof-a1a5849,Fe2C24H16N8,0.925170256,2.75343,0.65,1.0,,1.0,1.0,0.65,1.0,,1|1|1|1,0.65|1.0|1.0|1.0,,0.897905
balanced stable MOF candidates for general materials discovery,43,MMR,2,qmof-19d3c65,Zn3C64H52N4O18,0.972263976,4.20432,0.65,1.0,,1.0,0.5,0.65,1.0,,1|1|1|1,0.65|0.5|1.0|1.0,,0.793755
balanced stable MOF candidates for general materials discovery,43,MMR,3,qmof-c0f392b,Zn2C44H38N6O12,0.915527725,2.464185,0.65,1.0,,1.0,1.0,0.65,1.0,,1|1|1|1,0.65|1.0|1.0|1.0,,0.897905
balanced stable MOF candidates for general materials discovery,43,MMR,4,qmof-e566fbb,Zn2C36H22N6O8,0.83426434,2.93315,0.65,1.0,,1.0,1.0,0.65,1.0,,1|1|1|1,0.65|1.0|1.0|1.0,,0.897905
balanced stable MOF candidates for general materials discovery,43,MMR,5,qmof-235f291,Ni2C24H16N8,0.870801372,3.336142,0.65,1.0,,1.0,1.0,0.65,1.0,,1|1|1|1,0.65|1.0|1.0|1.0,,0.897905
balanced stable MOF candidates for general materials discovery,43,ParetoCrowding,1,qmof-e566fbb,Zn2C36H22N6O8,0.83426434,2.93315,0.65,1.0,,1.0,1.0,0.65,1.0,,1|1|1|1,0.65|1.0|1.0|1.0,,0.897905
balanced stable MOF candidates for general materials discovery,43,ParetoCrowding,2,qmof-cef46c3,Zn2C48H32N8O8,0.7895211,2.913296,0.65,1.0,,1.0,1.0,0.65,1.0,,1|1|1|1,0.65|1.0|1.0|1.0,,0.897905
balanced stable MOF candidates for general materials discovery,43,ParetoCrowding,3,qmof-c0f392b,Zn2C44H38N6O12,0.915527725,2.464185,0.65,1.0,,1.0,1.0,0.65,1.0,,1|1|1|1,0.65|1.0|1.0|1.0,,0.897905
balanced stable MOF candidates for general materials discovery,43,ParetoCrowding,4,qmof-ac6a77a,Zn4C76H44N8O16,0.82887956,2.401359,0.65,1.0,,1.0,1.0,0.65,1.0,,1|1|1|1,0.65|1.0|1.0|1.0,,0.897905
balanced stable MOF candidates for general materials discovery,43,ParetoCrowding,5,qmof-a1a5849,Fe2C24H16N8,0.925170256,2.75343,0.65,1.0,,1.0,1.0,0.65,1.0,,1|1|1|1,0.65|1.0|1.0|1.0,,0.897905
balanced stable MOF candidates for general materials discovery,43,Random,1,qmof-817fdc2,Ni2C36H36N4O12P4,1.788940519,3.368674,0.65,0.7,,0.7,1.0,0.65,0.7,,1|1|1|1,0.65|1.0|0.7|0.7,,0.747905
balanced stable MOF candidates for general materials discovery,43,Random,2,qmof-206e25b,Cu2C10H8N6S2,1.994440133,2.547736,0.65,0.7,,0.7,1.0,0.65,0.7,,1|1|1|1,0.65|1.0|0.7|0.7,,0.747905
balanced stable MOF candidates for general materials discovery,43,Random,3,qmof-cf35b6c,K2Ru2C44H38N8O12,1.721295555,2.557021,0.65,0.7,,0.7,1.0,0.65,0.7,,1|1|1|1,0.65|1.0|0.7|0.7,,0.747905
balanced stable MOF candidates for general materials discovery,43,Random,4,qmof-f46187c,Cu4C56H36N12,1.61655086,1.89703,0.65,0.7,,0.7,1.0,0.65,0.7,,1|1|1|1,0.65|1.0|0.7|0.7,,0.747905
balanced stable MOF candidates for general materials discovery,43,Random,5,qmof-a1a5849,Fe2C24H16N8,0.925170256,2.75343,0.65,1.0,,1.0,1.0,0.65,1.0,,1|1|1|1,0.65|1.0|1.0|1.0,,0.897905
balanced stable MOF candidates for general materials discovery,43,SemanticOnly,1,qmof-fcfab15,Zn2C48H36N8O12,1.544337866,3.105757,0.65,0.7,,0.7,1.0,0.65,0.7,,1|1|1|1,0.65|1.0|0.7|0.7,,0.747905
balanced stable MOF candidates for general materials discovery,43,SemanticOnly,2,qmof-fc7ce55,Cu2C22Cl4H20N4S4,1.110326318,2.876732,0.65,0.7,,0.7,1.0,0.65,0.7,,1|1|1|1,0.65|1.0|0.7|0.7,,0.747905
balanced stable MOF candidates for general materials discovery,43,SemanticOnly,3,qmof-f7be768,Zn2C36H28N8O8,1.56915922,3.258308,0.65,0.7,,0.7,1.0,0.65,0.7,,1|1|1|1,0.65|1.0|0.7|0.7,,0.747905
balanced stable MOF candidates for general materials discovery,43,SemanticOnly,4,qmof-f46187c,Cu4C56H36N12,1.61655086,1.89703,0.65,0.7,,0.7,1.0,0.65,0.7,,1|1|1|1,0.65|1.0|0.7|0.7,,0.747905
balanced stable MOF candidates for general materials discovery,43,SemanticOnly,5,qmof-e789f6e,Zn2C60H44N6O16,1.456138517,3.462207,0.65,0.7,,0.7,1.0,0.65,0.7,,1|1|1|1,0.65|1.0|0.7|0.7,,0.747905
balanced stable MOF candidates for general materials discovery,43,TOPSIS,1,qmof-e566fbb,Zn2C36H22N6O8,0.83426434,2.93315,0.65,1.0,,1.0,1.0,0.65,1.0,,1|1|1|1,0.65|1.0|1.0|1.0,,0.897905
balanced stable MOF candidates for general materials discovery,43,TOPSIS,2,qmof-cef46c3,Zn2C48H32N8O8,0.7895211,2.913296,0.65,1.0,,1.0,1.0,0.65,1.0,,1|1|1|1,0.65|1.0|1.0|1.0,,0.897905
balanced stable MOF candidates for general materials discovery,43,TOPSIS,3,qmof-c0f392b,Zn2C44H38N6O12,0.915527725,2.464185,0.65,1.0,,1.0,1.0,0.65,1.0,,1|1|1|1,0.65|1.0|1.0|1.0,,0.897905
balanced stable MOF candidates for general materials discovery,43,TOPSIS,4,qmof-ac6a77a,Zn4C76H44N8O16,0.82887956,2.401359,0.65,1.0,,1.0,1.0,0.65,1.0,,1|1|1|1,0.65|1.0|1.0|1.0,,0.897905
balanced stable MOF candidates for general materials discovery,43,TOPSIS,5,qmof-a1a5849,Fe2C24H16N8,0.925170256,2.75343,0.65,1.0,,1.0,1.0,0.65,1.0,,1|1|1|1,0.65|1.0|1.0|1.0,,0.897905
balanced stable MOF candidates for general materials discovery,43,WeightedSum,1,qmof-e566fbb,Zn2C36H22N6O8,0.83426434,2.93315,0.65,1.0,,1.0,1.0,0.65,1.0,,1|1|1|1,0.65|1.0|1.0|1.0,,0.897905
balanced stable MOF candidates for general materials discovery,43,WeightedSum,2,qmof-cef46c3,Zn2C48H32N8O8,0.7895211,2.913296,0.65,1.0,,1.0,1.0,0.65,1.0,,1|1|1|1,0.65|1.0|1.0|1.0,,0.897905
balanced stable MOF candidates for general materials discovery,43,WeightedSum,3,qmof-c0f392b,Zn2C44H38N6O12,0.915527725,2.464185,0.65,1.0,,1.0,1.0,0.65,1.0,,1|1|1|1,0.65|1.0|1.0|1.0,,0.897905
balanced stable MOF candidates for general materials discovery,43,WeightedSum,4,qmof-ac6a77a,Zn4C76H44N8O16,0.82887956,2.401359,0.65,1.0,,1.0,1.0,0.65,1.0,,1|1|1|1,0.65|1.0|1.0|1.0,,0.897905
balanced stable MOF candidates for general materials discovery,43,WeightedSum,5,qmof-a1a5849,Fe2C24H16N8,0.925170256,2.75343,0.65,1.0,,1.0,1.0,0.65,1.0,,1|1|1|1,0.65|1.0|1.0|1.0,,0.897905
balanced stable MOF candidates for general materials discovery,44,GAT only,1,qmof-13a76dd,Zn4C40H28N12O8,0.982716063,3.309168,0.65,1.0,,1.0,1.0,0.65,1.0,,1|1|1|1,0.65|1.0|1.0|1.0,,0.897905
balanced stable MOF candidates for general materials discovery,44,GAT only,2,qmof-235f291,Ni2C24H16N8,0.870801372,3.336142,0.65,1.0,,1.0,1.0,0.65,1.0,,1|1|1|1,0.65|1.0|1.0|1.0,,0.897905
balanced stable MOF candidates for general materials discovery,44,GAT only,3,qmof-e566fbb,Zn2C36H22N6O8,0.83426434,2.93315,0.65,1.0,,1.0,1.0,0.65,1.0,,1|1|1|1,0.65|1.0|1.0|1.0,,0.897905
balanced stable MOF candidates for general materials discovery,44,GAT only,4,qmof-cef46c3,Zn2C48H32N8O8,0.7895211,2.913296,0.65,1.0,,1.0,1.0,0.65,1.0,,1|1|1|1,0.65|1.0|1.0|1.0,,0.897905
balanced stable MOF candidates for general materials discovery,44,GAT only,5,qmof-a1a5849,Fe2C24H16N8,0.925170256,2.75343,0.65,1.0,,1.0,1.0,0.65,1.0,,1|1|1|1,0.65|1.0|1.0|1.0,,0.897905
balanced stable MOF candidates for general materials discovery,44,GraphSAGE only,1,qmof-13a76dd,Zn4C40H28N12O8,0.982716063,3.309168,0.65,1.0,,1.0,1.0,0.65,1.0,,1|1|1|1,0.65|1.0|1.0|1.0,,0.897905
balanced stable MOF candidates for general materials discovery,44,GraphSAGE only,2,qmof-e566fbb,Zn2C36H22N6O8,0.83426434,2.93315,0.65,1.0,,1.0,1.0,0.65,1.0,,1|1|1|1,0.65|1.0|1.0|1.0,,0.897905
balanced stable MOF candidates for general materials discovery,44,GraphSAGE only,3,qmof-235f291,Ni2C24H16N8,0.870801372,3.336142,0.65,1.0,,1.0,1.0,0.65,1.0,,1|1|1|1,0.65|1.0|1.0|1.0,,0.897905
balanced stable MOF candidates for general materials discovery,44,GraphSAGE only,4,qmof-a1a5849,Fe2C24H16N8,0.925170256,2.75343,0.65,1.0,,1.0,1.0,0.65,1.0,,1|1|1|1,0.65|1.0|1.0|1.0,,0.897905
balanced stable MOF candidates for general materials discovery,44,GraphSAGE only,5,qmof-ac6a77a,Zn4C76H44N8O16,0.82887956,2.401359,0.65,1.0,,1.0,1.0,0.65,1.0,,1|1|1|1,0.65|1.0|1.0|1.0,,0.897905
balanced stable MOF candidates for general materials discovery,44,LEA,1,qmof-13a76dd,Zn4C40H28N12O8,0.982716063,3.309168,0.65,1.0,,1.0,1.0,0.65,1.0,,1|1|1|1,0.65|1.0|1.0|1.0,,0.9981539472937584
balanced stable MOF candidates for general materials discovery,44,LEA,2,qmof-a1a5849,Fe2C24H16N8,0.925170256,2.75343,0.65,1.0,,1.0,1.0,0.65,1.0,,1|1|1|1,0.65|1.0|1.0|1.0,,0.9981539472937584
balanced stable MOF candidates for general materials discovery,44,LEA,3,qmof-235f291,Ni2C24H16N8,0.870801372,3.336142,0.65,1.0,,1.0,1.0,0.65,1.0,,1|1|1|1,0.65|1.0|1.0|1.0,,0.9981539472937584
balanced stable MOF candidates for general materials discovery,44,LEA,4,qmof-c0f392b,Zn2C44H38N6O12,0.915527725,2.464185,0.65,1.0,,1.0,1.0,0.65,1.0,,1|1|1|1,0.65|1.0|1.0|1.0,,0.9981539472937584
balanced stable MOF candidates for general materials discovery,44,LEA,5,qmof-cef46c3,Zn2C48H32N8O8,0.7895211,2.913296,0.65,1.0,,1.0,1.0,0.65,1.0,,1|1|1|1,0.65|1.0|1.0|1.0,,0.9981539472937584
balanced stable MOF candidates for general materials discovery,44,LEA no diversity,1,qmof-13a76dd,Zn4C40H28N12O8,0.982716063,3.309168,0.65,1.0,,1.0,1.0,0.65,1.0,,1|1|1|1,0.65|1.0|1.0|1.0,,0.9827495455741883
balanced stable MOF candidates for general materials discovery,44,LEA no diversity,2,qmof-a1a5849,Fe2C24H16N8,0.925170256,2.75343,0.65,1.0,,1.0,1.0,0.65,1.0,,1|1|1|1,0.65|1.0|1.0|1.0,,0.9827495455741883
balanced stable MOF candidates for general materials discovery,44,LEA no diversity,3,qmof-235f291,Ni2C24H16N8,0.870801372,3.336142,0.65,1.0,,1.0,1.0,0.65,1.0,,1|1|1|1,0.65|1.0|1.0|1.0,,0.9827495455741883
balanced stable MOF candidates for general materials discovery,44,LEA no diversity,4,qmof-c0f392b,Zn2C44H38N6O12,0.915527725,2.464185,0.65,1.0,,1.0,1.0,0.65,1.0,,1|1|1|1,0.65|1.0|1.0|1.0,,0.9827495455741883
balanced stable MOF candidates for general materials discovery,44,LEA no diversity,5,qmof-cef46c3,Zn2C48H32N8O8,0.7895211,2.913296,0.65,1.0,,1.0,1.0,0.65,1.0,,1|1|1|1,0.65|1.0|1.0|1.0,,0.9827495455741883
balanced stable MOF candidates for general materials discovery,44,LEA no self-cleaning,1,qmof-13a76dd,Zn4C40H28N12O8,0.982716063,3.309168,0.65,1.0,,1.0,1.0,0.65,1.0,,1|1|1|1,0.65|1.0|1.0|1.0,,0.9981539472937584
balanced stable MOF candidates for general materials discovery,44,LEA no self-cleaning,2,qmof-a1a5849,Fe2C24H16N8,0.925170256,2.75343,0.65,1.0,,1.0,1.0,0.65,1.0,,1|1|1|1,0.65|1.0|1.0|1.0,,0.9981539472937584
balanced stable MOF candidates for general materials discovery,44,LEA no self-cleaning,3,qmof-235f291,Ni2C24H16N8,0.870801372,3.336142,0.65,1.0,,1.0,1.0,0.65,1.0,,1|1|1|1,0.65|1.0|1.0|1.0,,0.9981539472937584
balanced stable MOF candidates for general materials discovery,44,LEA no self-cleaning,4,qmof-c0f392b,Zn2C44H38N6O12,0.915527725,2.464185,0.65,1.0,,1.0,1.0,0.65,1.0,,1|1|1|1,0.65|1.0|1.0|1.0,,0.9981539472937584
balanced stable MOF candidates for general materials discovery,44,LEA no self-cleaning,5,qmof-cef46c3,Zn2C48H32N8O8,0.7895211,2.913296,0.65,1.0,,1.0,1.0,0.65,1.0,,1|1|1|1,0.65|1.0|1.0|1.0,,0.9981539472937584
balanced stable MOF candidates for general materials discovery,44,LEA + GAT,1,qmof-13a76dd,Zn4C40H28N12O8,0.982716063,3.309168,0.65,1.0,,1.0,1.0,0.65,1.0,,1|1|1|1,0.65|1.0|1.0|1.0,,0.9176828220486641
balanced stable MOF candidates for general materials discovery,44,LEA + GAT,2,qmof-235f291,Ni2C24H16N8,0.870801372,3.336142,0.65,1.0,,1.0,1.0,0.65,1.0,,1|1|1|1,0.65|1.0|1.0|1.0,,0.9142828613519669
balanced stable MOF candidates for general materials discovery,44,LEA + GAT,3,qmof-e566fbb,Zn2C36H22N6O8,0.83426434,2.93315,0.65,1.0,,1.0,1.0,0.65,1.0,,1|1|1|1,0.65|1.0|1.0|1.0,,0.9116329237818718
balanced stable MOF candidates for general materials discovery,44,LEA + GAT,4,qmof-cef46c3,Zn2C48H32N8O8,0.7895211,2.913296,0.65,1.0,,1.0,1.0,0.65,1.0,,1|1|1|1,0.65|1.0|1.0|1.0,,0.9092612117528915
balanced stable MOF candidates for general materials discovery,44,LEA + GAT,5,qmof-a1a5849,Fe2C24H16N8,0.925170256,2.75343,0.65,1.0,,1.0,1.0,0.65,1.0,,1|1|1|1,0.65|1.0|1.0|1.0,,0.9073074638843537
balanced stable MOF candidates for general materials discovery,44,LEA + GraphSAGE,1,qmof-13a76dd,Zn4C40H28N12O8,0.982716063,3.309168,0.65,1.0,,1.0,1.0,0.65,1.0,,1|1|1|1,0.65|1.0|1.0|1.0,,0.8822680234909057
balanced stable MOF candidates for general materials discovery,44,LEA + GraphSAGE,2,qmof-e566fbb,Zn2C36H22N6O8,0.83426434,2.93315,0.65,1.0,,1.0,1.0,0.65,1.0,,1|1|1|1,0.65|1.0|1.0|1.0,,0.8808936446905136
balanced stable MOF candidates for general materials discovery,44,LEA + GraphSAGE,3,qmof-235f291,Ni2C24H16N8,0.870801372,3.336142,0.65,1.0,,1.0,1.0,0.65,1.0,,1|1|1|1,0.65|1.0|1.0|1.0,,0.8807168185710907
balanced stable MOF candidates for general materials discovery,44,LEA + GraphSAGE,4,qmof-a1a5849,Fe2C24H16N8,0.925170256,2.75343,0.65,1.0,,1.0,1.0,0.65,1.0,,1|1|1|1,0.65|1.0|1.0|1.0,,0.8799624621868134
balanced stable MOF candidates for general materials discovery,44,LEA + GraphSAGE,5,qmof-ac6a77a,Zn4C76H44N8O16,0.82887956,2.401359,0.65,1.0,,1.0,1.0,0.65,1.0,,1|1|1|1,0.65|1.0|1.0|1.0,,0.8797183722257614
balanced stable MOF candidates for general materials discovery,44,MMR,1,qmof-ac6a77a,Zn4C76H44N8O16,0.82887956,2.401359,0.65,1.0,,1.0,1.0,0.65,1.0,,1|1|1|1,0.65|1.0|1.0|1.0,,0.897905
balanced stable MOF candidates for general materials discovery,44,MMR,2,qmof-e3dcc4d,Zn6C48H60N24,0.917677932,5.279321,0.65,1.0,,1.0,0.5,0.65,1.0,,1|1|1|1,0.65|0.5|1.0|1.0,,0.793755
balanced stable MOF candidates for general materials discovery,44,MMR,3,qmof-e566fbb,Zn2C36H22N6O8,0.83426434,2.93315,0.65,1.0,,1.0,1.0,0.65,1.0,,1|1|1|1,0.65|1.0|1.0|1.0,,0.897905
balanced stable MOF candidates for general materials discovery,44,MMR,4,qmof-cef46c3,Zn2C48H32N8O8,0.7895211,2.913296,0.65,1.0,,1.0,1.0,0.65,1.0,,1|1|1|1,0.65|1.0|1.0|1.0,,0.897905
balanced stable MOF candidates for general materials discovery,44,MMR,5,qmof-c0f392b,Zn2C44H38N6O12,0.915527725,2.464185,0.65,1.0,,1.0,1.0,0.65,1.0,,1|1|1|1,0.65|1.0|1.0|1.0,,0.897905
balanced stable MOF candidates for general materials discovery,44,ParetoCrowding,1,qmof-e566fbb,Zn2C36H22N6O8,0.83426434,2.93315,0.65,1.0,,1.0,1.0,0.65,1.0,,1|1|1|1,0.65|1.0|1.0|1.0,,0.897905
balanced stable MOF candidates for general materials discovery,44,ParetoCrowding,2,qmof-cef46c3,Zn2C48H32N8O8,0.7895211,2.913296,0.65,1.0,,1.0,1.0,0.65,1.0,,1|1|1|1,0.65|1.0|1.0|1.0,,0.897905
balanced stable MOF candidates for general materials discovery,44,ParetoCrowding,3,qmof-c0f392b,Zn2C44H38N6O12,0.915527725,2.464185,0.65,1.0,,1.0,1.0,0.65,1.0,,1|1|1|1,0.65|1.0|1.0|1.0,,0.897905
balanced stable MOF candidates for general materials discovery,44,ParetoCrowding,4,qmof-ac6a77a,Zn4C76H44N8O16,0.82887956,2.401359,0.65,1.0,,1.0,1.0,0.65,1.0,,1|1|1|1,0.65|1.0|1.0|1.0,,0.897905
balanced stable MOF candidates for general materials discovery,44,ParetoCrowding,5,qmof-a1a5849,Fe2C24H16N8,0.925170256,2.75343,0.65,1.0,,1.0,1.0,0.65,1.0,,1|1|1|1,0.65|1.0|1.0|1.0,,0.897905
balanced stable MOF candidates for general materials discovery,44,Random,1,qmof-c7cd5a3,Pb2C54H44N8O8,1.880995191,2.976366,0.65,0.7,,0.7,1.0,0.65,0.7,,1|1|1|1,0.65|1.0|0.7|0.7,,0.747905
balanced stable MOF candidates for general materials discovery,44,Random,2,qmof-f4d0642,Zn2C12H6N4O8,1.833712471,3.359948,0.65,0.7,,0.7,1.0,0.65,0.7,,1|1|1|1,0.65|1.0|0.7|0.7,,0.747905
balanced stable MOF candidates for general materials discovery,44,Random,3,qmof-547262c,CoC32H26N10O6,1.557403417,3.483422,0.65,0.7,,0.7,1.0,0.65,0.7,,1|1|1|1,0.65|1.0|0.7|0.7,,0.747905
balanced stable MOF candidates for general materials discovery,44,Random,4,qmof-cc4894a,Fe2Ni2C60H36N16O8,1.550532287,2.268126,0.65,0.7,,0.7,1.0,0.65,0.7,,1|1|1|1,0.65|1.0|0.7|0.7,,0.747905
balanced stable MOF candidates for general materials discovery,44,Random,5,qmof-dc694ac,CuC18H16N6O12,1.822464955,2.939654,0.65,0.7,,0.7,1.0,0.65,0.7,,1|1|1|1,0.65|1.0|0.7|0.7,,0.747905
balanced stable MOF candidates for general materials discovery,44,SemanticOnly,1,qmof-fe0852c,Cd2C40Cl4H32N4O4,1.317737976,3.243635,0.65,0.7,,0.7,1.0,0.65,0.7,,1|1|1|1,0.65|1.0|0.7|0.7,,0.747905
balanced stable MOF candidates for general materials discovery,44,SemanticOnly,2,qmof-fb99880,Cu2C10Cl2H8N14,1.900062215,2.771778,0.65,0.7,,0.7,1.0,0.65,0.7,,1|1|1|1,0.65|1.0|0.7|0.7,,0.747905
balanced stable MOF candidates for general materials discovery,44,SemanticOnly,3,qmof-fa0c5a7,Mn4C48H24O16,1.840549994,3.189239,0.65,0.7,,0.7,1.0,0.65,0.7,,1|1|1|1,0.65|1.0|0.7|0.7,,0.747905
balanced stable MOF candidates for general materials discovery,44,SemanticOnly,4,qmof-f817326,MnC28H24N8O2S4,1.406203617,2.611263,0.65,0.7,,0.7,1.0,0.65,0.7,,1|1|1|1,0.65|1.0|0.7|0.7,,0.747905
balanced stable MOF candidates for general materials discovery,44,SemanticOnly,5,qmof-f6a044d,Co2C28Cl4H12N8O8,1.801880783,1.573235,0.65,0.7,,0.7,1.0,0.65,0.7,,1|1|1|1,0.65|1.0|0.7|0.7,,0.747905
balanced stable MOF candidates for general materials discovery,44,TOPSIS,1,qmof-e566fbb,Zn2C36H22N6O8,0.83426434,2.93315,0.65,1.0,,1.0,1.0,0.65,1.0,,1|1|1|1,0.65|1.0|1.0|1.0,,0.897905
balanced stable MOF candidates for general materials discovery,44,TOPSIS,2,qmof-cef46c3,Zn2C48H32N8O8,0.7895211,2.913296,0.65,1.0,,1.0,1.0,0.65,1.0,,1|1|1|1,0.65|1.0|1.0|1.0,,0.897905
balanced stable MOF candidates for general materials discovery,44,TOPSIS,3,qmof-c0f392b,Zn2C44H38N6O12,0.915527725,2.464185,0.65,1.0,,1.0,1.0,0.65,1.0,,1|1|1|1,0.65|1.0|1.0|1.0,,0.897905
balanced stable MOF candidates for general materials discovery,44,TOPSIS,4,qmof-ac6a77a,Zn4C76H44N8O16,0.82887956,2.401359,0.65,1.0,,1.0,1.0,0.65,1.0,,1|1|1|1,0.65|1.0|1.0|1.0,,0.897905
balanced stable MOF candidates for general materials discovery,44,TOPSIS,5,qmof-a1a5849,Fe2C24H16N8,0.925170256,2.75343,0.65,1.0,,1.0,1.0,0.65,1.0,,1|1|1|1,0.65|1.0|1.0|1.0,,0.897905
balanced stable MOF candidates for general materials discovery,44,WeightedSum,1,qmof-e566fbb,Zn2C36H22N6O8,0.83426434,2.93315,0.65,1.0,,1.0,1.0,0.65,1.0,,1|1|1|1,0.65|1.0|1.0|1.0,,0.897905
balanced stable MOF candidates for general materials discovery,44,WeightedSum,2,qmof-cef46c3,Zn2C48H32N8O8,0.7895211,2.913296,0.65,1.0,,1.0,1.0,0.65,1.0,,1|1|1|1,0.65|1.0|1.0|1.0,,0.897905
balanced stable MOF candidates for general materials discovery,44,WeightedSum,3,qmof-c0f392b,Zn2C44H38N6O12,0.915527725,2.464185,0.65,1.0,,1.0,1.0,0.65,1.0,,1|1|1|1,0.65|1.0|1.0|1.0,,0.897905
balanced stable MOF candidates for general materials discovery,44,WeightedSum,4,qmof-ac6a77a,Zn4C76H44N8O16,0.82887956,2.401359,0.65,1.0,,1.0,1.0,0.65,1.0,,1|1|1|1,0.65|1.0|1.0|1.0,,0.897905
balanced stable MOF candidates for general materials discovery,44,WeightedSum,5,qmof-a1a5849,Fe2C24H16N8,0.925170256,2.75343,0.65,1.0,,1.0,1.0,0.65,1.0,,1|1|1|1,0.65|1.0|1.0|1.0,,0.897905
balanced stable MOF candidates for general materials discovery,45,GAT only,1,qmof-13a76dd,Zn4C40H28N12O8,0.982716063,3.309168,0.65,1.0,,1.0,1.0,0.65,1.0,,1|1|1|1,0.65|1.0|1.0|1.0,,0.897905
balanced stable MOF candidates for general materials discovery,45,GAT only,2,qmof-235f291,Ni2C24H16N8,0.870801372,3.336142,0.65,1.0,,1.0,1.0,0.65,1.0,,1|1|1|1,0.65|1.0|1.0|1.0,,0.897905
balanced stable MOF candidates for general materials discovery,45,GAT only,3,qmof-e566fbb,Zn2C36H22N6O8,0.83426434,2.93315,0.65,1.0,,1.0,1.0,0.65,1.0,,1|1|1|1,0.65|1.0|1.0|1.0,,0.897905
balanced stable MOF candidates for general materials discovery,45,GAT only,4,qmof-cef46c3,Zn2C48H32N8O8,0.7895211,2.913296,0.65,1.0,,1.0,1.0,0.65,1.0,,1|1|1|1,0.65|1.0|1.0|1.0,,0.897905
balanced stable MOF candidates for general materials discovery,45,GAT only,5,qmof-a1a5849,Fe2C24H16N8,0.925170256,2.75343,0.65,1.0,,1.0,1.0,0.65,1.0,,1|1|1|1,0.65|1.0|1.0|1.0,,0.897905
balanced stable MOF candidates for general materials discovery,45,GraphSAGE only,1,qmof-13a76dd,Zn4C40H28N12O8,0.982716063,3.309168,0.65,1.0,,1.0,1.0,0.65,1.0,,1|1|1|1,0.65|1.0|1.0|1.0,,0.897905
balanced stable MOF candidates for general materials discovery,45,GraphSAGE only,2,qmof-e566fbb,Zn2C36H22N6O8,0.83426434,2.93315,0.65,1.0,,1.0,1.0,0.65,1.0,,1|1|1|1,0.65|1.0|1.0|1.0,,0.897905
balanced stable MOF candidates for general materials discovery,45,GraphSAGE only,3,qmof-235f291,Ni2C24H16N8,0.870801372,3.336142,0.65,1.0,,1.0,1.0,0.65,1.0,,1|1|1|1,0.65|1.0|1.0|1.0,,0.897905
balanced stable MOF candidates for general materials discovery,45,GraphSAGE only,4,qmof-a1a5849,Fe2C24H16N8,0.925170256,2.75343,0.65,1.0,,1.0,1.0,0.65,1.0,,1|1|1|1,0.65|1.0|1.0|1.0,,0.897905
balanced stable MOF candidates for general materials discovery,45,GraphSAGE only,5,qmof-ac6a77a,Zn4C76H44N8O16,0.82887956,2.401359,0.65,1.0,,1.0,1.0,0.65,1.0,,1|1|1|1,0.65|1.0|1.0|1.0,,0.897905
balanced stable MOF candidates for general materials discovery,45,LEA,1,qmof-a1a5849,Fe2C24H16N8,0.925170256,2.75343,0.65,1.0,,1.0,1.0,0.65,1.0,,1|1|1|1,0.65|1.0|1.0|1.0,,0.9981539472937584
balanced stable MOF candidates for general materials discovery,45,LEA,2,qmof-ac6a77a,Zn4C76H44N8O16,0.82887956,2.401359,0.65,1.0,,1.0,1.0,0.65,1.0,,1|1|1|1,0.65|1.0|1.0|1.0,,0.9981539472937584
balanced stable MOF candidates for general materials discovery,45,LEA,3,qmof-c0f392b,Zn2C44H38N6O12,0.915527725,2.464185,0.65,1.0,,1.0,1.0,0.65,1.0,,1|1|1|1,0.65|1.0|1.0|1.0,,0.9981539472937584
balanced stable MOF candidates for general materials discovery,45,LEA,4,qmof-13a76dd,Zn4C40H28N12O8,0.982716063,3.309168,0.65,1.0,,1.0,1.0,0.65,1.0,,1|1|1|1,0.65|1.0|1.0|1.0,,0.9981539472937584
balanced stable MOF candidates for general materials discovery,45,LEA,5,qmof-235f291,Ni2C24H16N8,0.870801372,3.336142,0.65,1.0,,1.0,1.0,0.65,1.0,,1|1|1|1,0.65|1.0|1.0|1.0,,0.9981539472937584
balanced stable MOF candidates for general materials discovery,45,LEA no diversity,1,qmof-a1a5849,Fe2C24H16N8,0.925170256,2.75343,0.65,1.0,,1.0,1.0,0.65,1.0,,1|1|1|1,0.65|1.0|1.0|1.0,,0.9827495455741883
balanced stable MOF candidates for general materials discovery,45,LEA no diversity,2,qmof-ac6a77a,Zn4C76H44N8O16,0.82887956,2.401359,0.65,1.0,,1.0,1.0,0.65,1.0,,1|1|1|1,0.65|1.0|1.0|1.0,,0.9827495455741883
balanced stable MOF candidates for general materials discovery,45,LEA no diversity,3,qmof-c0f392b,Zn2C44H38N6O12,0.915527725,2.464185,0.65,1.0,,1.0,1.0,0.65,1.0,,1|1|1|1,0.65|1.0|1.0|1.0,,0.9827495455741883
balanced stable MOF candidates for general materials discovery,45,LEA no diversity,4,qmof-13a76dd,Zn4C40H28N12O8,0.982716063,3.309168,0.65,1.0,,1.0,1.0,0.65,1.0,,1|1|1|1,0.65|1.0|1.0|1.0,,0.9827495455741883
balanced stable MOF candidates for general materials discovery,45,LEA no diversity,5,qmof-235f291,Ni2C24H16N8,0.870801372,3.336142,0.65,1.0,,1.0,1.0,0.65,1.0,,1|1|1|1,0.65|1.0|1.0|1.0,,0.9827495455741883
balanced stable MOF candidates for general materials discovery,45,LEA no self-cleaning,1,qmof-a1a5849,Fe2C24H16N8,0.925170256,2.75343,0.65,1.0,,1.0,1.0,0.65,1.0,,1|1|1|1,0.65|1.0|1.0|1.0,,0.9981539472937584
balanced stable MOF candidates for general materials discovery,45,LEA no self-cleaning,2,qmof-ac6a77a,Zn4C76H44N8O16,0.82887956,2.401359,0.65,1.0,,1.0,1.0,0.65,1.0,,1|1|1|1,0.65|1.0|1.0|1.0,,0.9981539472937584
balanced stable MOF candidates for general materials discovery,45,LEA no self-cleaning,3,qmof-c0f392b,Zn2C44H38N6O12,0.915527725,2.464185,0.65,1.0,,1.0,1.0,0.65,1.0,,1|1|1|1,0.65|1.0|1.0|1.0,,0.9981539472937584
balanced stable MOF candidates for general materials discovery,45,LEA no self-cleaning,4,qmof-13a76dd,Zn4C40H28N12O8,0.982716063,3.309168,0.65,1.0,,1.0,1.0,0.65,1.0,,1|1|1|1,0.65|1.0|1.0|1.0,,0.9981539472937584
balanced stable MOF candidates for general materials discovery,45,LEA no self-cleaning,5,qmof-235f291,Ni2C24H16N8,0.870801372,3.336142,0.65,1.0,,1.0,1.0,0.65,1.0,,1|1|1|1,0.65|1.0|1.0|1.0,,0.9981539472937584
balanced stable MOF candidates for general materials discovery,45,LEA + GAT,1,qmof-13a76dd,Zn4C40H28N12O8,0.982716063,3.309168,0.65,1.0,,1.0,1.0,0.65,1.0,,1|1|1|1,0.65|1.0|1.0|1.0,,0.9176828220486641
balanced stable MOF candidates for general materials discovery,45,LEA + GAT,2,qmof-235f291,Ni2C24H16N8,0.870801372,3.336142,0.65,1.0,,1.0,1.0,0.65,1.0,,1|1|1|1,0.65|1.0|1.0|1.0,,0.9142828613519669
balanced stable MOF candidates for general materials discovery,45,LEA + GAT,3,qmof-e566fbb,Zn2C36H22N6O8,0.83426434,2.93315,0.65,1.0,,1.0,1.0,0.65,1.0,,1|1|1|1,0.65|1.0|1.0|1.0,,0.9116329237818718
balanced stable MOF candidates for general materials discovery,45,LEA + GAT,4,qmof-cef46c3,Zn2C48H32N8O8,0.7895211,2.913296,0.65,1.0,,1.0,1.0,0.65,1.0,,1|1|1|1,0.65|1.0|1.0|1.0,,0.9092612117528915
balanced stable MOF candidates for general materials discovery,45,LEA + GAT,5,qmof-a1a5849,Fe2C24H16N8,0.925170256,2.75343,0.65,1.0,,1.0,1.0,0.65,1.0,,1|1|1|1,0.65|1.0|1.0|1.0,,0.9073074638843537
balanced stable MOF candidates for general materials discovery,45,LEA + GraphSAGE,1,qmof-13a76dd,Zn4C40H28N12O8,0.982716063,3.309168,0.65,1.0,,1.0,1.0,0.65,1.0,,1|1|1|1,0.65|1.0|1.0|1.0,,0.8822680234909057
balanced stable MOF candidates for general materials discovery,45,LEA + GraphSAGE,2,qmof-e566fbb,Zn2C36H22N6O8,0.83426434,2.93315,0.65,1.0,,1.0,1.0,0.65,1.0,,1|1|1|1,0.65|1.0|1.0|1.0,,0.8808936446905136
balanced stable MOF candidates for general materials discovery,45,LEA + GraphSAGE,3,qmof-235f291,Ni2C24H16N8,0.870801372,3.336142,0.65,1.0,,1.0,1.0,0.65,1.0,,1|1|1|1,0.65|1.0|1.0|1.0,,0.8807168185710907
balanced stable MOF candidates for general materials discovery,45,LEA + GraphSAGE,4,qmof-a1a5849,Fe2C24H16N8,0.925170256,2.75343,0.65,1.0,,1.0,1.0,0.65,1.0,,1|1|1|1,0.65|1.0|1.0|1.0,,0.8799624621868134
balanced stable MOF candidates for general materials discovery,45,LEA + GraphSAGE,5,qmof-ac6a77a,Zn4C76H44N8O16,0.82887956,2.401359,0.65,1.0,,1.0,1.0,0.65,1.0,,1|1|1|1,0.65|1.0|1.0|1.0,,0.8797183722257614
balanced stable MOF candidates for general materials discovery,45,MMR,1,qmof-cef46c3,Zn2C48H32N8O8,0.7895211,2.913296,0.65,1.0,,1.0,1.0,0.65,1.0,,1|1|1|1,0.65|1.0|1.0|1.0,,0.897905
balanced stable MOF candidates for general materials discovery,45,MMR,2,qmof-b1cbe7a,Fe2C24H16N8,0.685538233,3.528396,0.65,1.0,,1.0,0.5,0.65,1.0,,1|1|1|1,0.65|0.5|1.0|1.0,,0.793755
balanced stable MOF candidates for general materials discovery,45,MMR,3,qmof-e566fbb,Zn2C36H22N6O8,0.83426434,2.93315,0.65,1.0,,1.0,1.0,0.65,1.0,,1|1|1|1,0.65|1.0|1.0|1.0,,0.897905
balanced stable MOF candidates for general materials discovery,45,MMR,4,qmof-235f291,Ni2C24H16N8,0.870801372,3.336142,0.65,1.0,,1.0,1.0,0.65,1.0,,1|1|1|1,0.65|1.0|1.0|1.0,,0.897905
balanced stable MOF candidates for general materials discovery,45,MMR,5,qmof-13a76dd,Zn4C40H28N12O8,0.982716063,3.309168,0.65,1.0,,1.0,1.0,0.65,1.0,,1|1|1|1,0.65|1.0|1.0|1.0,,0.897905
balanced stable MOF candidates for general materials discovery,45,ParetoCrowding,1,qmof-e566fbb,Zn2C36H22N6O8,0.83426434,2.93315,0.65,1.0,,1.0,1.0,0.65,1.0,,1|1|1|1,0.65|1.0|1.0|1.0,,0.897905
balanced stable MOF candidates for general materials discovery,45,ParetoCrowding,2,qmof-cef46c3,Zn2C48H32N8O8,0.7895211,2.913296,0.65,1.0,,1.0,1.0,0.65,1.0,,1|1|1|1,0.65|1.0|1.0|1.0,,0.897905
balanced stable MOF candidates for general materials discovery,45,ParetoCrowding,3,qmof-c0f392b,Zn2C44H38N6O12,0.915527725,2.464185,0.65,1.0,,1.0,1.0,0.65,1.0,,1|1|1|1,0.65|1.0|1.0|1.0,,0.897905
balanced stable MOF candidates for general materials discovery,45,ParetoCrowding,4,qmof-ac6a77a,Zn4C76H44N8O16,0.82887956,2.401359,0.65,1.0,,1.0,1.0,0.65,1.0,,1|1|1|1,0.65|1.0|1.0|1.0,,0.897905
balanced stable MOF candidates for general materials discovery,45,ParetoCrowding,5,qmof-a1a5849,Fe2C24H16N8,0.925170256,2.75343,0.65,1.0,,1.0,1.0,0.65,1.0,,1|1|1|1,0.65|1.0|1.0|1.0,,0.897905
balanced stable MOF candidates for general materials discovery,45,Random,1,qmof-317089d,K2C34H44N6O12,1.478725531,2.134918,0.65,0.7,,0.7,1.0,0.65,0.7,,1|1|1|1,0.65|1.0|0.7|0.7,,0.747905
balanced stable MOF candidates for general materials discovery,45,Random,2,qmof-e05c142,Cu2C22Cl4H16N4O2,1.893438425,3.048689,0.65,0.7,,0.7,1.0,0.65,0.7,,1|1|1|1,0.65|1.0|0.7|0.7,,0.747905
balanced stable MOF candidates for general materials discovery,45,Random,3,qmof-a1a5849,Fe2C24H16N8,0.925170256,2.75343,0.65,1.0,,1.0,1.0,0.65,1.0,,1|1|1|1,0.65|1.0|1.0|1.0,,0.897905
balanced stable MOF candidates for general materials discovery,45,Random,4,qmof-edbe499,CuC26H22N6O6,1.54123802,2.878612,0.65,0.7,,0.7,1.0,0.65,0.7,,1|1|1|1,0.65|1.0|0.7|0.7,,0.747905
balanced stable MOF candidates for general materials discovery,45,Random,5,qmof-66698de,Cu8C32H32N16,1.946604641,2.464564,0.65,0.7,,0.7,1.0,0.65,0.7,,1|1|1|1,0.65|1.0|0.7|0.7,,0.747905
balanced stable MOF candidates for general materials discovery,45,SemanticOnly,1,qmof-fcd2fa6,Zn2C32Cl2H20N6O4,1.857717594,3.429146,0.65,0.7,,0.7,1.0,0.65,0.7,,1|1|1|1,0.65|1.0|0.7|0.7,,0.747905
balanced stable MOF candidates for general materials discovery,45,SemanticOnly,2,qmof-fc5343a,Cd2C48H36N8O12,1.661271975,3.124348,0.65,0.7,,0.7,1.0,0.65,0.7,,1|1|1|1,0.65|1.0|0.7|0.7,,0.747905
balanced stable MOF candidates for general materials discovery,45,SemanticOnly,3,qmof-f9909c4,Cu6C72H48N24,1.498605893,2.363119,0.65,0.7,,0.7,1.0,0.65,0.7,,1|1|1|1,0.65|1.0|0.7|0.7,,0.747905
balanced stable MOF candidates for general materials discovery,45,SemanticOnly,4,qmof-f5a8443,Cu4Br4C34H28N2P2,1.948788846,2.480035,0.65,0.7,,0.7,1.0,0.65,0.7,,1|1|1|1,0.65|1.0|0.7|0.7,,0.747905
balanced stable MOF candidates for general materials discovery,45,SemanticOnly,5,qmof-f4cb7a6,Cu4C24H24N16,1.833840637,3.007004,0.65,0.7,,0.7,1.0,0.65,0.7,,1|1|1|1,0.65|1.0|0.7|0.7,,0.747905
balanced stable MOF candidates for general materials discovery,45,TOPSIS,1,qmof-e566fbb,Zn2C36H22N6O8,0.83426434,2.93315,0.65,1.0,,1.0,1.0,0.65,1.0,,1|1|1|1,0.65|1.0|1.0|1.0,,0.897905
balanced stable MOF candidates for general materials discovery,45,TOPSIS,2,qmof-cef46c3,Zn2C48H32N8O8,0.7895211,2.913296,0.65,1.0,,1.0,1.0,0.65,1.0,,1|1|1|1,0.65|1.0|1.0|1.0,,0.897905
balanced stable MOF candidates for general materials discovery,45,TOPSIS,3,qmof-c0f392b,Zn2C44H38N6O12,0.915527725,2.464185,0.65,1.0,,1.0,1.0,0.65,1.0,,1|1|1|1,0.65|1.0|1.0|1.0,,0.897905
balanced stable MOF candidates for general materials discovery,45,TOPSIS,4,qmof-ac6a77a,Zn4C76H44N8O16,0.82887956,2.401359,0.65,1.0,,1.0,1.0,0.65,1.0,,1|1|1|1,0.65|1.0|1.0|1.0,,0.897905
balanced stable MOF candidates for general materials discovery,45,TOPSIS,5,qmof-a1a5849,Fe2C24H16N8,0.925170256,2.75343,0.65,1.0,,1.0,1.0,0.65,1.0,,1|1|1|1,0.65|1.0|1.0|1.0,,0.897905
balanced stable MOF candidates for general materials discovery,45,WeightedSum,1,qmof-e566fbb,Zn2C36H22N6O8,0.83426434,2.93315,0.65,1.0,,1.0,1.0,0.65,1.0,,1|1|1|1,0.65|1.0|1.0|1.0,,0.897905
balanced stable MOF candidates for general materials discovery,45,WeightedSum,2,qmof-cef46c3,Zn2C48H32N8O8,0.7895211,2.913296,0.65,1.0,,1.0,1.0,0.65,1.0,,1|1|1|1,0.65|1.0|1.0|1.0,,0.897905
balanced stable MOF candidates for general materials discovery,45,WeightedSum,3,qmof-c0f392b,Zn2C44H38N6O12,0.915527725,2.464185,0.65,1.0,,1.0,1.0,0.65,1.0,,1|1|1|1,0.65|1.0|1.0|1.0,,0.897905
balanced stable MOF candidates for general materials discovery,45,WeightedSum,4,qmof-ac6a77a,Zn4C76H44N8O16,0.82887956,2.401359,0.65,1.0,,1.0,1.0,0.65,1.0,,1|1|1|1,0.65|1.0|1.0|1.0,,0.897905
balanced stable MOF candidates for general materials discovery,45,WeightedSum,5,qmof-a1a5849,Fe2C24H16N8,0.925170256,2.75343,0.65,1.0,,1.0,1.0,0.65,1.0,,1|1|1|1,0.65|1.0|1.0|1.0,,0.897905
balanced stable MOF candidates for general materials discovery,46,GAT only,1,qmof-13a76dd,Zn4C40H28N12O8,0.982716063,3.309168,0.65,1.0,,1.0,1.0,0.65,1.0,,1|1|1|1,0.65|1.0|1.0|1.0,,0.897905
balanced stable MOF candidates for general materials discovery,46,GAT only,2,qmof-235f291,Ni2C24H16N8,0.870801372,3.336142,0.65,1.0,,1.0,1.0,0.65,1.0,,1|1|1|1,0.65|1.0|1.0|1.0,,0.897905
balanced stable MOF candidates for general materials discovery,46,GAT only,3,qmof-e566fbb,Zn2C36H22N6O8,0.83426434,2.93315,0.65,1.0,,1.0,1.0,0.65,1.0,,1|1|1|1,0.65|1.0|1.0|1.0,,0.897905
balanced stable MOF candidates for general materials discovery,46,GAT only,4,qmof-cef46c3,Zn2C48H32N8O8,0.7895211,2.913296,0.65,1.0,,1.0,1.0,0.65,1.0,,1|1|1|1,0.65|1.0|1.0|1.0,,0.897905
balanced stable MOF candidates for general materials discovery,46,GAT only,5,qmof-a1a5849,Fe2C24H16N8,0.925170256,2.75343,0.65,1.0,,1.0,1.0,0.65,1.0,,1|1|1|1,0.65|1.0|1.0|1.0,,0.897905
balanced stable MOF candidates for general materials discovery,46,GraphSAGE only,1,qmof-13a76dd,Zn4C40H28N12O8,0.982716063,3.309168,0.65,1.0,,1.0,1.0,0.65,1.0,,1|1|1|1,0.65|1.0|1.0|1.0,,0.897905
balanced stable MOF candidates for general materials discovery,46,GraphSAGE only,2,qmof-e566fbb,Zn2C36H22N6O8,0.83426434,2.93315,0.65,1.0,,1.0,1.0,0.65,1.0,,1|1|1|1,0.65|1.0|1.0|1.0,,0.897905
balanced stable MOF candidates for general materials discovery,46,GraphSAGE only,3,qmof-235f291,Ni2C24H16N8,0.870801372,3.336142,0.65,1.0,,1.0,1.0,0.65,1.0,,1|1|1|1,0.65|1.0|1.0|1.0,,0.897905
balanced stable MOF candidates for general materials discovery,46,GraphSAGE only,4,qmof-a1a5849,Fe2C24H16N8,0.925170256,2.75343,0.65,1.0,,1.0,1.0,0.65,1.0,,1|1|1|1,0.65|1.0|1.0|1.0,,0.897905
balanced stable MOF candidates for general materials discovery,46,GraphSAGE only,5,qmof-ac6a77a,Zn4C76H44N8O16,0.82887956,2.401359,0.65,1.0,,1.0,1.0,0.65,1.0,,1|1|1|1,0.65|1.0|1.0|1.0,,0.897905
balanced stable MOF candidates for general materials discovery,46,LEA,1,qmof-ac6a77a,Zn4C76H44N8O16,0.82887956,2.401359,0.65,1.0,,1.0,1.0,0.65,1.0,,1|1|1|1,0.65|1.0|1.0|1.0,,0.9981539472937584
balanced stable MOF candidates for general materials discovery,46,LEA,2,qmof-a1a5849,Fe2C24H16N8,0.925170256,2.75343,0.65,1.0,,1.0,1.0,0.65,1.0,,1|1|1|1,0.65|1.0|1.0|1.0,,0.9981539472937584
balanced stable MOF candidates for general materials discovery,46,LEA,3,qmof-cef46c3,Zn2C48H32N8O8,0.7895211,2.913296,0.65,1.0,,1.0,1.0,0.65,1.0,,1|1|1|1,0.65|1.0|1.0|1.0,,0.9981539472937584
balanced stable MOF candidates for general materials discovery,46,LEA,4,qmof-c0f392b,Zn2C44H38N6O12,0.915527725,2.464185,0.65,1.0,,1.0,1.0,0.65,1.0,,1|1|1|1,0.65|1.0|1.0|1.0,,0.9981539472937584
balanced stable MOF candidates for general materials discovery,46,LEA,5,qmof-13a76dd,Zn4C40H28N12O8,0.982716063,3.309168,0.65,1.0,,1.0,1.0,0.65,1.0,,1|1|1|1,0.65|1.0|1.0|1.0,,0.9981539472937584
balanced stable MOF candidates for general materials discovery,46,LEA no diversity,1,qmof-ac6a77a,Zn4C76H44N8O16,0.82887956,2.401359,0.65,1.0,,1.0,1.0,0.65,1.0,,1|1|1|1,0.65|1.0|1.0|1.0,,0.9827495455741883
balanced stable MOF candidates for general materials discovery,46,LEA no diversity,2,qmof-a1a5849,Fe2C24H16N8,0.925170256,2.75343,0.65,1.0,,1.0,1.0,0.65,1.0,,1|1|1|1,0.65|1.0|1.0|1.0,,0.9827495455741883
balanced stable MOF candidates for general materials discovery,46,LEA no diversity,3,qmof-cef46c3,Zn2C48H32N8O8,0.7895211,2.913296,0.65,1.0,,1.0,1.0,0.65,1.0,,1|1|1|1,0.65|1.0|1.0|1.0,,0.9827495455741883
balanced stable MOF candidates for general materials discovery,46,LEA no diversity,4,qmof-c0f392b,Zn2C44H38N6O12,0.915527725,2.464185,0.65,1.0,,1.0,1.0,0.65,1.0,,1|1|1|1,0.65|1.0|1.0|1.0,,0.9827495455741883
balanced stable MOF candidates for general materials discovery,46,LEA no diversity,5,qmof-13a76dd,Zn4C40H28N12O8,0.982716063,3.309168,0.65,1.0,,1.0,1.0,0.65,1.0,,1|1|1|1,0.65|1.0|1.0|1.0,,0.9827495455741883
balanced stable MOF candidates for general materials discovery,46,LEA no self-cleaning,1,qmof-ac6a77a,Zn4C76H44N8O16,0.82887956,2.401359,0.65,1.0,,1.0,1.0,0.65,1.0,,1|1|1|1,0.65|1.0|1.0|1.0,,0.9981539472937584
balanced stable MOF candidates for general materials discovery,46,LEA no self-cleaning,2,qmof-a1a5849,Fe2C24H16N8,0.925170256,2.75343,0.65,1.0,,1.0,1.0,0.65,1.0,,1|1|1|1,0.65|1.0|1.0|1.0,,0.9981539472937584
balanced stable MOF candidates for general materials discovery,46,LEA no self-cleaning,3,qmof-cef46c3,Zn2C48H32N8O8,0.7895211,2.913296,0.65,1.0,,1.0,1.0,0.65,1.0,,1|1|1|1,0.65|1.0|1.0|1.0,,0.9981539472937584
balanced stable MOF candidates for general materials discovery,46,LEA no self-cleaning,4,qmof-c0f392b,Zn2C44H38N6O12,0.915527725,2.464185,0.65,1.0,,1.0,1.0,0.65,1.0,,1|1|1|1,0.65|1.0|1.0|1.0,,0.9981539472937584
balanced stable MOF candidates for general materials discovery,46,LEA no self-cleaning,5,qmof-13a76dd,Zn4C40H28N12O8,0.982716063,3.309168,0.65,1.0,,1.0,1.0,0.65,1.0,,1|1|1|1,0.65|1.0|1.0|1.0,,0.9981539472937584
balanced stable MOF candidates for general materials discovery,46,LEA + GAT,1,qmof-13a76dd,Zn4C40H28N12O8,0.982716063,3.309168,0.65,1.0,,1.0,1.0,0.65,1.0,,1|1|1|1,0.65|1.0|1.0|1.0,,0.9176828220486641
balanced stable MOF candidates for general materials discovery,46,LEA + GAT,2,qmof-235f291,Ni2C24H16N8,0.870801372,3.336142,0.65,1.0,,1.0,1.0,0.65,1.0,,1|1|1|1,0.65|1.0|1.0|1.0,,0.9142828613519669
balanced stable MOF candidates for general materials discovery,46,LEA + GAT,3,qmof-e566fbb,Zn2C36H22N6O8,0.83426434,2.93315,0.65,1.0,,1.0,1.0,0.65,1.0,,1|1|1|1,0.65|1.0|1.0|1.0,,0.9116329237818718
balanced stable MOF candidates for general materials discovery,46,LEA + GAT,4,qmof-cef46c3,Zn2C48H32N8O8,0.7895211,2.913296,0.65,1.0,,1.0,1.0,0.65,1.0,,1|1|1|1,0.65|1.0|1.0|1.0,,0.9092612117528915
balanced stable MOF candidates for general materials discovery,46,LEA + GAT,5,qmof-a1a5849,Fe2C24H16N8,0.925170256,2.75343,0.65,1.0,,1.0,1.0,0.65,1.0,,1|1|1|1,0.65|1.0|1.0|1.0,,0.9073074638843537
balanced stable MOF candidates for general materials discovery,46,LEA + GraphSAGE,1,qmof-13a76dd,Zn4C40H28N12O8,0.982716063,3.309168,0.65,1.0,,1.0,1.0,0.65,1.0,,1|1|1|1,0.65|1.0|1.0|1.0,,0.8822680234909057
balanced stable MOF candidates for general materials discovery,46,LEA + GraphSAGE,2,qmof-e566fbb,Zn2C36H22N6O8,0.83426434,2.93315,0.65,1.0,,1.0,1.0,0.65,1.0,,1|1|1|1,0.65|1.0|1.0|1.0,,0.8808936446905136
balanced stable MOF candidates for general materials discovery,46,LEA + GraphSAGE,3,qmof-235f291,Ni2C24H16N8,0.870801372,3.336142,0.65,1.0,,1.0,1.0,0.65,1.0,,1|1|1|1,0.65|1.0|1.0|1.0,,0.8807168185710907
balanced stable MOF candidates for general materials discovery,46,LEA + GraphSAGE,4,qmof-a1a5849,Fe2C24H16N8,0.925170256,2.75343,0.65,1.0,,1.0,1.0,0.65,1.0,,1|1|1|1,0.65|1.0|1.0|1.0,,0.8799624621868134
balanced stable MOF candidates for general materials discovery,46,LEA + GraphSAGE,5,qmof-ac6a77a,Zn4C76H44N8O16,0.82887956,2.401359,0.65,1.0,,1.0,1.0,0.65,1.0,,1|1|1|1,0.65|1.0|1.0|1.0,,0.8797183722257614
balanced stable MOF candidates for general materials discovery,46,MMR,1,qmof-e566fbb,Zn2C36H22N6O8,0.83426434,2.93315,0.65,1.0,,1.0,1.0,0.65,1.0,,1|1|1|1,0.65|1.0|1.0|1.0,,0.897905
balanced stable MOF candidates for general materials discovery,46,MMR,2,qmof-4050181,Li4C28H32N4O8,0.936198777,5.066465,0.65,1.0,,1.0,0.5,0.65,1.0,,1|1|1|1,0.65|0.5|1.0|1.0,,0.793755
balanced stable MOF candidates for general materials discovery,46,MMR,3,qmof-235f291,Ni2C24H16N8,0.870801372,3.336142,0.65,1.0,,1.0,1.0,0.65,1.0,,1|1|1|1,0.65|1.0|1.0|1.0,,0.897905
balanced stable MOF candidates for general materials discovery,46,MMR,4,qmof-13a76dd,Zn4C40H28N12O8,0.982716063,3.309168,0.65,1.0,,1.0,1.0,0.65,1.0,,1|1|1|1,0.65|1.0|1.0|1.0,,0.897905
balanced stable MOF candidates for general materials discovery,46,MMR,5,qmof-c0f392b,Zn2C44H38N6O12,0.915527725,2.464185,0.65,1.0,,1.0,1.0,0.65,1.0,,1|1|1|1,0.65|1.0|1.0|1.0,,0.897905
balanced stable MOF candidates for general materials discovery,46,ParetoCrowding,1,qmof-e566fbb,Zn2C36H22N6O8,0.83426434,2.93315,0.65,1.0,,1.0,1.0,0.65,1.0,,1|1|1|1,0.65|1.0|1.0|1.0,,0.897905
balanced stable MOF candidates for general materials discovery,46,ParetoCrowding,2,qmof-cef46c3,Zn2C48H32N8O8,0.7895211,2.913296,0.65,1.0,,1.0,1.0,0.65,1.0,,1|1|1|1,0.65|1.0|1.0|1.0,,0.897905
balanced stable MOF candidates for general materials discovery,46,ParetoCrowding,3,qmof-c0f392b,Zn2C44H38N6O12,0.915527725,2.464185,0.65,1.0,,1.0,1.0,0.65,1.0,,1|1|1|1,0.65|1.0|1.0|1.0,,0.897905
balanced stable MOF candidates for general materials discovery,46,ParetoCrowding,4,qmof-ac6a77a,Zn4C76H44N8O16,0.82887956,2.401359,0.65,1.0,,1.0,1.0,0.65,1.0,,1|1|1|1,0.65|1.0|1.0|1.0,,0.897905
balanced stable MOF candidates for general materials discovery,46,ParetoCrowding,5,qmof-a1a5849,Fe2C24H16N8,0.925170256,2.75343,0.65,1.0,,1.0,1.0,0.65,1.0,,1|1|1|1,0.65|1.0|1.0|1.0,,0.897905
balanced stable MOF candidates for general materials discovery,46,Random,1,qmof-d203083,Cd3C70Cl2H50N14O8,1.406723944,3.402526,0.65,0.7,,0.7,1.0,0.65,0.7,,1|1|1|1,0.65|1.0|0.7|0.7,,0.747905
balanced stable MOF candidates for general materials discovery,46,Random,2,qmof-2290d6d,Li4C12H12O12,1.74780427,2.397141,0.65,0.7,,0.7,1.0,0.65,0.7,,1|1|1|1,0.65|1.0|0.7|0.7,,0.747905
balanced stable MOF candidates for general materials discovery,46,Random,3,qmof-6aa9860,CdC46H28N8O6,1.681610758,2.61821,0.65,0.7,,0.7,1.0,0.65,0.7,,1|1|1|1,0.65|1.0|0.7|0.7,,0.747905
balanced stable MOF candidates for general materials discovery,46,Random,4,qmof-e951f69,Cu4C28Cl4H36N8S4,1.902524839,2.163566,0.65,0.7,,0.7,1.0,0.65,0.7,,1|1|1|1,0.65|1.0|0.7|0.7,,0.747905
balanced stable MOF candidates for general materials discovery,46,Random,5,qmof-f05d7d8,Ag4C56H48N12O28,1.917972737,3.040059,0.65,0.7,,0.7,1.0,0.65,0.7,,1|1|1|1,0.65|1.0|0.7|0.7,,0.747905
balanced stable MOF candidates for general materials discovery,46,SemanticOnly,1,qmof-fd1f953,Cu2C26H18N6O8,1.868987904,2.532128,0.65,0.7,,0.7,1.0,0.65,0.7,,1|1|1|1,0.65|1.0|0.7|0.7,,0.747905
balanced stable MOF candidates for general materials discovery,46,SemanticOnly,2,qmof-f837f30,CuC40H24N6O6,1.493300786,2.84042,0.65,0.7,,0.7,1.0,0.65,0.7,,1|1|1|1,0.65|1.0|0.7|0.7,,0.747905
balanced stable MOF candidates for general materials discovery,46,SemanticOnly,3,qmof-f5c5269,Gd2C30H24N12O24,1.839046498,3.495222,0.65,0.7,,0.7,1.0,0.65,0.7,,1|1|1|1,0.65|1.0|0.7|0.7,,0.747905
balanced stable MOF candidates for general materials discovery,46,SemanticOnly,4,qmof-f05d7d8,Ag4C56H48N12O28,1.917972737,3.040059,0.65,0.7,,0.7,1.0,0.65,0.7,,1|1|1|1,0.65|1.0|0.7|0.7,,0.747905
balanced stable MOF candidates for general materials discovery,46,SemanticOnly,5,qmof-edd85aa,ZnC28H26N2O10S2,1.669422351,2.845507,0.65,0.7,,0.7,1.0,0.65,0.7,,1|1|1|1,0.65|1.0|0.7|0.7,,0.747905
balanced stable MOF candidates for general materials discovery,46,TOPSIS,1,qmof-e566fbb,Zn2C36H22N6O8,0.83426434,2.93315,0.65,1.0,,1.0,1.0,0.65,1.0,,1|1|1|1,0.65|1.0|1.0|1.0,,0.897905
balanced stable MOF candidates for general materials discovery,46,TOPSIS,2,qmof-cef46c3,Zn2C48H32N8O8,0.7895211,2.913296,0.65,1.0,,1.0,1.0,0.65,1.0,,1|1|1|1,0.65|1.0|1.0|1.0,,0.897905
balanced stable MOF candidates for general materials discovery,46,TOPSIS,3,qmof-c0f392b,Zn2C44H38N6O12,0.915527725,2.464185,0.65,1.0,,1.0,1.0,0.65,1.0,,1|1|1|1,0.65|1.0|1.0|1.0,,0.897905
balanced stable MOF candidates for general materials discovery,46,TOPSIS,4,qmof-ac6a77a,Zn4C76H44N8O16,0.82887956,2.401359,0.65,1.0,,1.0,1.0,0.65,1.0,,1|1|1|1,0.65|1.0|1.0|1.0,,0.897905
balanced stable MOF candidates for general materials discovery,46,TOPSIS,5,qmof-a1a5849,Fe2C24H16N8,0.925170256,2.75343,0.65,1.0,,1.0,1.0,0.65,1.0,,1|1|1|1,0.65|1.0|1.0|1.0,,0.897905
balanced stable MOF candidates for general materials discovery,46,WeightedSum,1,qmof-e566fbb,Zn2C36H22N6O8,0.83426434,2.93315,0.65,1.0,,1.0,1.0,0.65,1.0,,1|1|1|1,0.65|1.0|1.0|1.0,,0.897905
balanced stable MOF candidates for general materials discovery,46,WeightedSum,2,qmof-cef46c3,Zn2C48H32N8O8,0.7895211,2.913296,0.65,1.0,,1.0,1.0,0.65,1.0,,1|1|1|1,0.65|1.0|1.0|1.0,,0.897905
balanced stable MOF candidates for general materials discovery,46,WeightedSum,3,qmof-c0f392b,Zn2C44H38N6O12,0.915527725,2.464185,0.65,1.0,,1.0,1.0,0.65,1.0,,1|1|1|1,0.65|1.0|1.0|1.0,,0.897905
balanced stable MOF candidates for general materials discovery,46,WeightedSum,4,qmof-ac6a77a,Zn4C76H44N8O16,0.82887956,2.401359,0.65,1.0,,1.0,1.0,0.65,1.0,,1|1|1|1,0.65|1.0|1.0|1.0,,0.897905
balanced stable MOF candidates for general materials discovery,46,WeightedSum,5,qmof-a1a5849,Fe2C24H16N8,0.925170256,2.75343,0.65,1.0,,1.0,1.0,0.65,1.0,,1|1|1|1,0.65|1.0|1.0|1.0,,0.897905
balanced stable MOF candidates for general materials discovery,47,GAT only,1,qmof-13a76dd,Zn4C40H28N12O8,0.982716063,3.309168,0.65,1.0,,1.0,1.0,0.65,1.0,,1|1|1|1,0.65|1.0|1.0|1.0,,0.897905
balanced stable MOF candidates for general materials discovery,47,GAT only,2,qmof-235f291,Ni2C24H16N8,0.870801372,3.336142,0.65,1.0,,1.0,1.0,0.65,1.0,,1|1|1|1,0.65|1.0|1.0|1.0,,0.897905
balanced stable MOF candidates for general materials discovery,47,GAT only,3,qmof-e566fbb,Zn2C36H22N6O8,0.83426434,2.93315,0.65,1.0,,1.0,1.0,0.65,1.0,,1|1|1|1,0.65|1.0|1.0|1.0,,0.897905
balanced stable MOF candidates for general materials discovery,47,GAT only,4,qmof-cef46c3,Zn2C48H32N8O8,0.7895211,2.913296,0.65,1.0,,1.0,1.0,0.65,1.0,,1|1|1|1,0.65|1.0|1.0|1.0,,0.897905
balanced stable MOF candidates for general materials discovery,47,GAT only,5,qmof-a1a5849,Fe2C24H16N8,0.925170256,2.75343,0.65,1.0,,1.0,1.0,0.65,1.0,,1|1|1|1,0.65|1.0|1.0|1.0,,0.897905
balanced stable MOF candidates for general materials discovery,47,GraphSAGE only,1,qmof-13a76dd,Zn4C40H28N12O8,0.982716063,3.309168,0.65,1.0,,1.0,1.0,0.65,1.0,,1|1|1|1,0.65|1.0|1.0|1.0,,0.897905
balanced stable MOF candidates for general materials discovery,47,GraphSAGE only,2,qmof-e566fbb,Zn2C36H22N6O8,0.83426434,2.93315,0.65,1.0,,1.0,1.0,0.65,1.0,,1|1|1|1,0.65|1.0|1.0|1.0,,0.897905
balanced stable MOF candidates for general materials discovery,47,GraphSAGE only,3,qmof-235f291,Ni2C24H16N8,0.870801372,3.336142,0.65,1.0,,1.0,1.0,0.65,1.0,,1|1|1|1,0.65|1.0|1.0|1.0,,0.897905
balanced stable MOF candidates for general materials discovery,47,GraphSAGE only,4,qmof-a1a5849,Fe2C24H16N8,0.925170256,2.75343,0.65,1.0,,1.0,1.0,0.65,1.0,,1|1|1|1,0.65|1.0|1.0|1.0,,0.897905
balanced stable MOF candidates for general materials discovery,47,GraphSAGE only,5,qmof-ac6a77a,Zn4C76H44N8O16,0.82887956,2.401359,0.65,1.0,,1.0,1.0,0.65,1.0,,1|1|1|1,0.65|1.0|1.0|1.0,,0.897905
balanced stable MOF candidates for general materials discovery,47,LEA,1,qmof-c0f392b,Zn2C44H38N6O12,0.915527725,2.464185,0.65,1.0,,1.0,1.0,0.65,1.0,,1|1|1|1,0.65|1.0|1.0|1.0,,0.9981539472937584
balanced stable MOF candidates for general materials discovery,47,LEA,2,qmof-235f291,Ni2C24H16N8,0.870801372,3.336142,0.65,1.0,,1.0,1.0,0.65,1.0,,1|1|1|1,0.65|1.0|1.0|1.0,,0.9981539472937584
balanced stable MOF candidates for general materials discovery,47,LEA,3,qmof-e566fbb,Zn2C36H22N6O8,0.83426434,2.93315,0.65,1.0,,1.0,1.0,0.65,1.0,,1|1|1|1,0.65|1.0|1.0|1.0,,0.9981539472937584
balanced stable MOF candidates for general materials discovery,47,LEA,4,qmof-cef46c3,Zn2C48H32N8O8,0.7895211,2.913296,0.65,1.0,,1.0,1.0,0.65,1.0,,1|1|1|1,0.65|1.0|1.0|1.0,,0.9981539472937584
balanced stable MOF candidates for general materials discovery,47,LEA,5,qmof-ac6a77a,Zn4C76H44N8O16,0.82887956,2.401359,0.65,1.0,,1.0,1.0,0.65,1.0,,1|1|1|1,0.65|1.0|1.0|1.0,,0.9981539472937584
balanced stable MOF candidates for general materials discovery,47,LEA no diversity,1,qmof-c0f392b,Zn2C44H38N6O12,0.915527725,2.464185,0.65,1.0,,1.0,1.0,0.65,1.0,,1|1|1|1,0.65|1.0|1.0|1.0,,0.9827495455741883
balanced stable MOF candidates for general materials discovery,47,LEA no diversity,2,qmof-235f291,Ni2C24H16N8,0.870801372,3.336142,0.65,1.0,,1.0,1.0,0.65,1.0,,1|1|1|1,0.65|1.0|1.0|1.0,,0.9827495455741883
balanced stable MOF candidates for general materials discovery,47,LEA no diversity,3,qmof-e566fbb,Zn2C36H22N6O8,0.83426434,2.93315,0.65,1.0,,1.0,1.0,0.65,1.0,,1|1|1|1,0.65|1.0|1.0|1.0,,0.9827495455741883
balanced stable MOF candidates for general materials discovery,47,LEA no diversity,4,qmof-cef46c3,Zn2C48H32N8O8,0.7895211,2.913296,0.65,1.0,,1.0,1.0,0.65,1.0,,1|1|1|1,0.65|1.0|1.0|1.0,,0.9827495455741883
balanced stable MOF candidates for general materials discovery,47,LEA no diversity,5,qmof-ac6a77a,Zn4C76H44N8O16,0.82887956,2.401359,0.65,1.0,,1.0,1.0,0.65,1.0,,1|1|1|1,0.65|1.0|1.0|1.0,,0.9827495455741883
balanced stable MOF candidates for general materials discovery,47,LEA no self-cleaning,1,qmof-c0f392b,Zn2C44H38N6O12,0.915527725,2.464185,0.65,1.0,,1.0,1.0,0.65,1.0,,1|1|1|1,0.65|1.0|1.0|1.0,,0.9981539472937584
balanced stable MOF candidates for general materials discovery,47,LEA no self-cleaning,2,qmof-235f291,Ni2C24H16N8,0.870801372,3.336142,0.65,1.0,,1.0,1.0,0.65,1.0,,1|1|1|1,0.65|1.0|1.0|1.0,,0.9981539472937584
balanced stable MOF candidates for general materials discovery,47,LEA no self-cleaning,3,qmof-e566fbb,Zn2C36H22N6O8,0.83426434,2.93315,0.65,1.0,,1.0,1.0,0.65,1.0,,1|1|1|1,0.65|1.0|1.0|1.0,,0.9981539472937584
balanced stable MOF candidates for general materials discovery,47,LEA no self-cleaning,4,qmof-cef46c3,Zn2C48H32N8O8,0.7895211,2.913296,0.65,1.0,,1.0,1.0,0.65,1.0,,1|1|1|1,0.65|1.0|1.0|1.0,,0.9981539472937584
balanced stable MOF candidates for general materials discovery,47,LEA no self-cleaning,5,qmof-ac6a77a,Zn4C76H44N8O16,0.82887956,2.401359,0.65,1.0,,1.0,1.0,0.65,1.0,,1|1|1|1,0.65|1.0|1.0|1.0,,0.9981539472937584
balanced stable MOF candidates for general materials discovery,47,LEA + GAT,1,qmof-13a76dd,Zn4C40H28N12O8,0.982716063,3.309168,0.65,1.0,,1.0,1.0,0.65,1.0,,1|1|1|1,0.65|1.0|1.0|1.0,,0.9176828220486641
balanced stable MOF candidates for general materials discovery,47,LEA + GAT,2,qmof-235f291,Ni2C24H16N8,0.870801372,3.336142,0.65,1.0,,1.0,1.0,0.65,1.0,,1|1|1|1,0.65|1.0|1.0|1.0,,0.9142828613519669
balanced stable MOF candidates for general materials discovery,47,LEA + GAT,3,qmof-e566fbb,Zn2C36H22N6O8,0.83426434,2.93315,0.65,1.0,,1.0,1.0,0.65,1.0,,1|1|1|1,0.65|1.0|1.0|1.0,,0.9116329237818718
balanced stable MOF candidates for general materials discovery,47,LEA + GAT,4,qmof-cef46c3,Zn2C48H32N8O8,0.7895211,2.913296,0.65,1.0,,1.0,1.0,0.65,1.0,,1|1|1|1,0.65|1.0|1.0|1.0,,0.9092612117528915
balanced stable MOF candidates for general materials discovery,47,LEA + GAT,5,qmof-a1a5849,Fe2C24H16N8,0.925170256,2.75343,0.65,1.0,,1.0,1.0,0.65,1.0,,1|1|1|1,0.65|1.0|1.0|1.0,,0.9073074638843537
balanced stable MOF candidates for general materials discovery,47,LEA + GraphSAGE,1,qmof-13a76dd,Zn4C40H28N12O8,0.982716063,3.309168,0.65,1.0,,1.0,1.0,0.65,1.0,,1|1|1|1,0.65|1.0|1.0|1.0,,0.8822680234909057
balanced stable MOF candidates for general materials discovery,47,LEA + GraphSAGE,2,qmof-e566fbb,Zn2C36H22N6O8,0.83426434,2.93315,0.65,1.0,,1.0,1.0,0.65,1.0,,1|1|1|1,0.65|1.0|1.0|1.0,,0.8808936446905136
balanced stable MOF candidates for general materials discovery,47,LEA + GraphSAGE,3,qmof-235f291,Ni2C24H16N8,0.870801372,3.336142,0.65,1.0,,1.0,1.0,0.65,1.0,,1|1|1|1,0.65|1.0|1.0|1.0,,0.8807168185710907
balanced stable MOF candidates for general materials discovery,47,LEA + GraphSAGE,4,qmof-a1a5849,Fe2C24H16N8,0.925170256,2.75343,0.65,1.0,,1.0,1.0,0.65,1.0,,1|1|1|1,0.65|1.0|1.0|1.0,,0.8799624621868134
balanced stable MOF candidates for general materials discovery,47,LEA + GraphSAGE,5,qmof-ac6a77a,Zn4C76H44N8O16,0.82887956,2.401359,0.65,1.0,,1.0,1.0,0.65,1.0,,1|1|1|1,0.65|1.0|1.0|1.0,,0.8797183722257614
balanced stable MOF candidates for general materials discovery,47,MMR,1,qmof-a1a5849,Fe2C24H16N8,0.925170256,2.75343,0.65,1.0,,1.0,1.0,0.65,1.0,,1|1|1|1,0.65|1.0|1.0|1.0,,0.897905
balanced stable MOF candidates for general materials discovery,47,MMR,2,qmof-8deddd1,Zn6C42H18O18,0.720023443,3.550246,0.65,1.0,,1.0,0.5,0.65,1.0,,1|1|1|1,0.65|0.5|1.0|1.0,,0.793755
balanced stable MOF candidates for general materials discovery,47,MMR,3,qmof-13a76dd,Zn4C40H28N12O8,0.982716063,3.309168,0.65,1.0,,1.0,1.0,0.65,1.0,,1|1|1|1,0.65|1.0|1.0|1.0,,0.897905
balanced stable MOF candidates for general materials discovery,47,MMR,4,qmof-ac6a77a,Zn4C76H44N8O16,0.82887956,2.401359,0.65,1.0,,1.0,1.0,0.65,1.0,,1|1|1|1,0.65|1.0|1.0|1.0,,0.897905
balanced stable MOF candidates for general materials discovery,47,MMR,5,qmof-cef46c3,Zn2C48H32N8O8,0.7895211,2.913296,0.65,1.0,,1.0,1.0,0.65,1.0,,1|1|1|1,0.65|1.0|1.0|1.0,,0.897905
balanced stable MOF candidates for general materials discovery,47,ParetoCrowding,1,qmof-e566fbb,Zn2C36H22N6O8,0.83426434,2.93315,0.65,1.0,,1.0,1.0,0.65,1.0,,1|1|1|1,0.65|1.0|1.0|1.0,,0.897905
balanced stable MOF candidates for general materials discovery,47,ParetoCrowding,2,qmof-cef46c3,Zn2C48H32N8O8,0.7895211,2.913296,0.65,1.0,,1.0,1.0,0.65,1.0,,1|1|1|1,0.65|1.0|1.0|1.0,,0.897905
balanced stable MOF candidates for general materials discovery,47,ParetoCrowding,3,qmof-c0f392b,Zn2C44H38N6O12,0.915527725,2.464185,0.65,1.0,,1.0,1.0,0.65,1.0,,1|1|1|1,0.65|1.0|1.0|1.0,,0.897905
balanced stable MOF candidates for general materials discovery,47,ParetoCrowding,4,qmof-ac6a77a,Zn4C76H44N8O16,0.82887956,2.401359,0.65,1.0,,1.0,1.0,0.65,1.0,,1|1|1|1,0.65|1.0|1.0|1.0,,0.897905
balanced stable MOF candidates for general materials discovery,47,ParetoCrowding,5,qmof-a1a5849,Fe2C24H16N8,0.925170256,2.75343,0.65,1.0,,1.0,1.0,0.65,1.0,,1|1|1|1,0.65|1.0|1.0|1.0,,0.897905
balanced stable MOF candidates for general materials discovery,47,Random,1,qmof-be8828b,Ag4C44F12H48N8O20S12,1.960559198,2.756952,0.65,0.7,,0.7,1.0,0.65,0.7,,1|1|1|1,0.65|1.0|0.7|0.7,,0.747905
balanced stable MOF candidates for general materials discovery,47,Random,2,qmof-30918ed,Ag4C56F12H36N12O8,1.99683396,3.458022,0.65,0.7,,0.7,1.0,0.65,0.7,,1|1|1|1,0.65|1.0|0.7|0.7,,0.747905
balanced stable MOF candidates for general materials discovery,47,Random,3,qmof-175a5d9,Fe6C42Cl6H12N18O12,0.750832979,3.544636,0.65,1.0,,1.0,0.5,0.65,1.0,,1|1|1|1,0.65|0.5|1.0|1.0,,0.793755
balanced stable MOF candidates for general materials discovery,47,Random,4,qmof-df02179,Cu2C38H26N10O12,1.528071897,3.37416,0.65,0.7,,0.7,1.0,0.65,0.7,,1|1|1|1,0.65|1.0|0.7|0.7,,0.747905
balanced stable MOF candidates for general materials discovery,47,Random,5,qmof-611dbd4,Cd2C38H24N16S4,1.693898595,3.322,0.65,0.7,,0.7,1.0,0.65,0.7,,1|1|1|1,0.65|1.0|0.7|0.7,,0.747905
balanced stable MOF candidates for general materials discovery,47,SemanticOnly,1,qmof-fd1f953,Cu2C26H18N6O8,1.868987904,2.532128,0.65,0.7,,0.7,1.0,0.65,0.7,,1|1|1|1,0.65|1.0|0.7|0.7,,0.747905
balanced stable MOF candidates for general materials discovery,47,SemanticOnly,2,qmof-fcfab15,Zn2C48H36N8O12,1.544337866,3.105757,0.65,0.7,,0.7,1.0,0.65,0.7,,1|1|1|1,0.65|1.0|0.7|0.7,,0.747905
balanced stable MOF candidates for general materials discovery,47,SemanticOnly,3,qmof-f837f30,CuC40H24N6O6,1.493300786,2.84042,0.65,0.7,,0.7,1.0,0.65,0.7,,1|1|1|1,0.65|1.0|0.7|0.7,,0.747905
balanced stable MOF candidates for general materials discovery,47,SemanticOnly,4,qmof-f5b47bc,Mn3C48H30N12O12,1.570119757,1.726978,0.65,0.7,,0.7,1.0,0.65,0.7,,1|1|1|1,0.65|1.0|0.7|0.7,,0.747905
balanced stable MOF candidates for general materials discovery,47,SemanticOnly,5,qmof-edd39e3,Cu2C10H12N16,1.809152162,2.25578,0.65,0.7,,0.7,1.0,0.65,0.7,,1|1|1|1,0.65|1.0|0.7|0.7,,0.747905
balanced stable MOF candidates for general materials discovery,47,TOPSIS,1,qmof-e566fbb,Zn2C36H22N6O8,0.83426434,2.93315,0.65,1.0,,1.0,1.0,0.65,1.0,,1|1|1|1,0.65|1.0|1.0|1.0,,0.897905
balanced stable MOF candidates for general materials discovery,47,TOPSIS,2,qmof-cef46c3,Zn2C48H32N8O8,0.7895211,2.913296,0.65,1.0,,1.0,1.0,0.65,1.0,,1|1|1|1,0.65|1.0|1.0|1.0,,0.897905
balanced stable MOF candidates for general materials discovery,47,TOPSIS,3,qmof-c0f392b,Zn2C44H38N6O12,0.915527725,2.464185,0.65,1.0,,1.0,1.0,0.65,1.0,,1|1|1|1,0.65|1.0|1.0|1.0,,0.897905
balanced stable MOF candidates for general materials discovery,47,TOPSIS,4,qmof-ac6a77a,Zn4C76H44N8O16,0.82887956,2.401359,0.65,1.0,,1.0,1.0,0.65,1.0,,1|1|1|1,0.65|1.0|1.0|1.0,,0.897905
balanced stable MOF candidates for general materials discovery,47,TOPSIS,5,qmof-a1a5849,Fe2C24H16N8,0.925170256,2.75343,0.65,1.0,,1.0,1.0,0.65,1.0,,1|1|1|1,0.65|1.0|1.0|1.0,,0.897905
balanced stable MOF candidates for general materials discovery,47,WeightedSum,1,qmof-e566fbb,Zn2C36H22N6O8,0.83426434,2.93315,0.65,1.0,,1.0,1.0,0.65,1.0,,1|1|1|1,0.65|1.0|1.0|1.0,,0.897905
balanced stable MOF candidates for general materials discovery,47,WeightedSum,2,qmof-cef46c3,Zn2C48H32N8O8,0.7895211,2.913296,0.65,1.0,,1.0,1.0,0.65,1.0,,1|1|1|1,0.65|1.0|1.0|1.0,,0.897905
balanced stable MOF candidates for general materials discovery,47,WeightedSum,3,qmof-c0f392b,Zn2C44H38N6O12,0.915527725,2.464185,0.65,1.0,,1.0,1.0,0.65,1.0,,1|1|1|1,0.65|1.0|1.0|1.0,,0.897905
balanced stable MOF candidates for general materials discovery,47,WeightedSum,4,qmof-ac6a77a,Zn4C76H44N8O16,0.82887956,2.401359,0.65,1.0,,1.0,1.0,0.65,1.0,,1|1|1|1,0.65|1.0|1.0|1.0,,0.897905
balanced stable MOF candidates for general materials discovery,47,WeightedSum,5,qmof-a1a5849,Fe2C24H16N8,0.925170256,2.75343,0.65,1.0,,1.0,1.0,0.65,1.0,,1|1|1|1,0.65|1.0|1.0|1.0,,0.897905
balanced stable MOF candidates for general materials discovery,48,GAT only,1,qmof-13a76dd,Zn4C40H28N12O8,0.982716063,3.309168,0.65,1.0,,1.0,1.0,0.65,1.0,,1|1|1|1,0.65|1.0|1.0|1.0,,0.897905
balanced stable MOF candidates for general materials discovery,48,GAT only,2,qmof-235f291,Ni2C24H16N8,0.870801372,3.336142,0.65,1.0,,1.0,1.0,0.65,1.0,,1|1|1|1,0.65|1.0|1.0|1.0,,0.897905
balanced stable MOF candidates for general materials discovery,48,GAT only,3,qmof-e566fbb,Zn2C36H22N6O8,0.83426434,2.93315,0.65,1.0,,1.0,1.0,0.65,1.0,,1|1|1|1,0.65|1.0|1.0|1.0,,0.897905
balanced stable MOF candidates for general materials discovery,48,GAT only,4,qmof-cef46c3,Zn2C48H32N8O8,0.7895211,2.913296,0.65,1.0,,1.0,1.0,0.65,1.0,,1|1|1|1,0.65|1.0|1.0|1.0,,0.897905
balanced stable MOF candidates for general materials discovery,48,GAT only,5,qmof-a1a5849,Fe2C24H16N8,0.925170256,2.75343,0.65,1.0,,1.0,1.0,0.65,1.0,,1|1|1|1,0.65|1.0|1.0|1.0,,0.897905
balanced stable MOF candidates for general materials discovery,48,GraphSAGE only,1,qmof-13a76dd,Zn4C40H28N12O8,0.982716063,3.309168,0.65,1.0,,1.0,1.0,0.65,1.0,,1|1|1|1,0.65|1.0|1.0|1.0,,0.897905
balanced stable MOF candidates for general materials discovery,48,GraphSAGE only,2,qmof-e566fbb,Zn2C36H22N6O8,0.83426434,2.93315,0.65,1.0,,1.0,1.0,0.65,1.0,,1|1|1|1,0.65|1.0|1.0|1.0,,0.897905
balanced stable MOF candidates for general materials discovery,48,GraphSAGE only,3,qmof-235f291,Ni2C24H16N8,0.870801372,3.336142,0.65,1.0,,1.0,1.0,0.65,1.0,,1|1|1|1,0.65|1.0|1.0|1.0,,0.897905
balanced stable MOF candidates for general materials discovery,48,GraphSAGE only,4,qmof-a1a5849,Fe2C24H16N8,0.925170256,2.75343,0.65,1.0,,1.0,1.0,0.65,1.0,,1|1|1|1,0.65|1.0|1.0|1.0,,0.897905
balanced stable MOF candidates for general materials discovery,48,GraphSAGE only,5,qmof-ac6a77a,Zn4C76H44N8O16,0.82887956,2.401359,0.65,1.0,,1.0,1.0,0.65,1.0,,1|1|1|1,0.65|1.0|1.0|1.0,,0.897905
balanced stable MOF candidates for general materials discovery,48,LEA,1,qmof-c0f392b,Zn2C44H38N6O12,0.915527725,2.464185,0.65,1.0,,1.0,1.0,0.65,1.0,,1|1|1|1,0.65|1.0|1.0|1.0,,0.9981539472937584
balanced stable MOF candidates for general materials discovery,48,LEA,2,qmof-ac6a77a,Zn4C76H44N8O16,0.82887956,2.401359,0.65,1.0,,1.0,1.0,0.65,1.0,,1|1|1|1,0.65|1.0|1.0|1.0,,0.9981539472937584
balanced stable MOF candidates for general materials discovery,48,LEA,3,qmof-13a76dd,Zn4C40H28N12O8,0.982716063,3.309168,0.65,1.0,,1.0,1.0,0.65,1.0,,1|1|1|1,0.65|1.0|1.0|1.0,,0.9981539472937584
balanced stable MOF candidates for general materials discovery,48,LEA,4,qmof-235f291,Ni2C24H16N8,0.870801372,3.336142,0.65,1.0,,1.0,1.0,0.65,1.0,,1|1|1|1,0.65|1.0|1.0|1.0,,0.9981539472937584
balanced stable MOF candidates for general materials discovery,48,LEA,5,qmof-cef46c3,Zn2C48H32N8O8,0.7895211,2.913296,0.65,1.0,,1.0,1.0,0.65,1.0,,1|1|1|1,0.65|1.0|1.0|1.0,,0.9981539472937584
balanced stable MOF candidates for general materials discovery,48,LEA no diversity,1,qmof-c0f392b,Zn2C44H38N6O12,0.915527725,2.464185,0.65,1.0,,1.0,1.0,0.65,1.0,,1|1|1|1,0.65|1.0|1.0|1.0,,0.9827495455741883
balanced stable MOF candidates for general materials discovery,48,LEA no diversity,2,qmof-ac6a77a,Zn4C76H44N8O16,0.82887956,2.401359,0.65,1.0,,1.0,1.0,0.65,1.0,,1|1|1|1,0.65|1.0|1.0|1.0,,0.9827495455741883
balanced stable MOF candidates for general materials discovery,48,LEA no diversity,3,qmof-13a76dd,Zn4C40H28N12O8,0.982716063,3.309168,0.65,1.0,,1.0,1.0,0.65,1.0,,1|1|1|1,0.65|1.0|1.0|1.0,,0.9827495455741883
balanced stable MOF candidates for general materials discovery,48,LEA no diversity,4,qmof-235f291,Ni2C24H16N8,0.870801372,3.336142,0.65,1.0,,1.0,1.0,0.65,1.0,,1|1|1|1,0.65|1.0|1.0|1.0,,0.9827495455741883
balanced stable MOF candidates for general materials discovery,48,LEA no diversity,5,qmof-cef46c3,Zn2C48H32N8O8,0.7895211,2.913296,0.65,1.0,,1.0,1.0,0.65,1.0,,1|1|1|1,0.65|1.0|1.0|1.0,,0.9827495455741883
balanced stable MOF candidates for general materials discovery,48,LEA no self-cleaning,1,qmof-c0f392b,Zn2C44H38N6O12,0.915527725,2.464185,0.65,1.0,,1.0,1.0,0.65,1.0,,1|1|1|1,0.65|1.0|1.0|1.0,,0.9981539472937584
balanced stable MOF candidates for general materials discovery,48,LEA no self-cleaning,2,qmof-ac6a77a,Zn4C76H44N8O16,0.82887956,2.401359,0.65,1.0,,1.0,1.0,0.65,1.0,,1|1|1|1,0.65|1.0|1.0|1.0,,0.9981539472937584
balanced stable MOF candidates for general materials discovery,48,LEA no self-cleaning,3,qmof-13a76dd,Zn4C40H28N12O8,0.982716063,3.309168,0.65,1.0,,1.0,1.0,0.65,1.0,,1|1|1|1,0.65|1.0|1.0|1.0,,0.9981539472937584
balanced stable MOF candidates for general materials discovery,48,LEA no self-cleaning,4,qmof-235f291,Ni2C24H16N8,0.870801372,3.336142,0.65,1.0,,1.0,1.0,0.65,1.0,,1|1|1|1,0.65|1.0|1.0|1.0,,0.9981539472937584
balanced stable MOF candidates for general materials discovery,48,LEA no self-cleaning,5,qmof-cef46c3,Zn2C48H32N8O8,0.7895211,2.913296,0.65,1.0,,1.0,1.0,0.65,1.0,,1|1|1|1,0.65|1.0|1.0|1.0,,0.9981539472937584
balanced stable MOF candidates for general materials discovery,48,LEA + GAT,1,qmof-13a76dd,Zn4C40H28N12O8,0.982716063,3.309168,0.65,1.0,,1.0,1.0,0.65,1.0,,1|1|1|1,0.65|1.0|1.0|1.0,,0.9176828220486641
balanced stable MOF candidates for general materials discovery,48,LEA + GAT,2,qmof-235f291,Ni2C24H16N8,0.870801372,3.336142,0.65,1.0,,1.0,1.0,0.65,1.0,,1|1|1|1,0.65|1.0|1.0|1.0,,0.9142828613519669
balanced stable MOF candidates for general materials discovery,48,LEA + GAT,3,qmof-e566fbb,Zn2C36H22N6O8,0.83426434,2.93315,0.65,1.0,,1.0,1.0,0.65,1.0,,1|1|1|1,0.65|1.0|1.0|1.0,,0.9116329237818718
balanced stable MOF candidates for general materials discovery,48,LEA + GAT,4,qmof-cef46c3,Zn2C48H32N8O8,0.7895211,2.913296,0.65,1.0,,1.0,1.0,0.65,1.0,,1|1|1|1,0.65|1.0|1.0|1.0,,0.9092612117528915
balanced stable MOF candidates for general materials discovery,48,LEA + GAT,5,qmof-a1a5849,Fe2C24H16N8,0.925170256,2.75343,0.65,1.0,,1.0,1.0,0.65,1.0,,1|1|1|1,0.65|1.0|1.0|1.0,,0.9073074638843537
balanced stable MOF candidates for general materials discovery,48,LEA + GraphSAGE,1,qmof-13a76dd,Zn4C40H28N12O8,0.982716063,3.309168,0.65,1.0,,1.0,1.0,0.65,1.0,,1|1|1|1,0.65|1.0|1.0|1.0,,0.8822680234909057
balanced stable MOF candidates for general materials discovery,48,LEA + GraphSAGE,2,qmof-e566fbb,Zn2C36H22N6O8,0.83426434,2.93315,0.65,1.0,,1.0,1.0,0.65,1.0,,1|1|1|1,0.65|1.0|1.0|1.0,,0.8808936446905136
balanced stable MOF candidates for general materials discovery,48,LEA + GraphSAGE,3,qmof-235f291,Ni2C24H16N8,0.870801372,3.336142,0.65,1.0,,1.0,1.0,0.65,1.0,,1|1|1|1,0.65|1.0|1.0|1.0,,0.8807168185710907
balanced stable MOF candidates for general materials discovery,48,LEA + GraphSAGE,4,qmof-a1a5849,Fe2C24H16N8,0.925170256,2.75343,0.65,1.0,,1.0,1.0,0.65,1.0,,1|1|1|1,0.65|1.0|1.0|1.0,,0.8799624621868134
balanced stable MOF candidates for general materials discovery,48,LEA + GraphSAGE,5,qmof-ac6a77a,Zn4C76H44N8O16,0.82887956,2.401359,0.65,1.0,,1.0,1.0,0.65,1.0,,1|1|1|1,0.65|1.0|1.0|1.0,,0.8797183722257614
balanced stable MOF candidates for general materials discovery,48,MMR,1,qmof-e566fbb,Zn2C36H22N6O8,0.83426434,2.93315,0.65,1.0,,1.0,1.0,0.65,1.0,,1|1|1|1,0.65|1.0|1.0|1.0,,0.897905
balanced stable MOF candidates for general materials discovery,48,MMR,2,qmof-175a5d9,Fe6C42Cl6H12N18O12,0.750832979,3.544636,0.65,1.0,,1.0,0.5,0.65,1.0,,1|1|1|1,0.65|0.5|1.0|1.0,,0.793755
balanced stable MOF candidates for general materials discovery,48,MMR,3,qmof-a1a5849,Fe2C24H16N8,0.925170256,2.75343,0.65,1.0,,1.0,1.0,0.65,1.0,,1|1|1|1,0.65|1.0|1.0|1.0,,0.897905
balanced stable MOF candidates for general materials discovery,48,MMR,4,qmof-cef46c3,Zn2C48H32N8O8,0.7895211,2.913296,0.65,1.0,,1.0,1.0,0.65,1.0,,1|1|1|1,0.65|1.0|1.0|1.0,,0.897905
balanced stable MOF candidates for general materials discovery,48,MMR,5,qmof-235f291,Ni2C24H16N8,0.870801372,3.336142,0.65,1.0,,1.0,1.0,0.65,1.0,,1|1|1|1,0.65|1.0|1.0|1.0,,0.897905
balanced stable MOF candidates for general materials discovery,48,ParetoCrowding,1,qmof-e566fbb,Zn2C36H22N6O8,0.83426434,2.93315,0.65,1.0,,1.0,1.0,0.65,1.0,,1|1|1|1,0.65|1.0|1.0|1.0,,0.897905
balanced stable MOF candidates for general materials discovery,48,ParetoCrowding,2,qmof-cef46c3,Zn2C48H32N8O8,0.7895211,2.913296,0.65,1.0,,1.0,1.0,0.65,1.0,,1|1|1|1,0.65|1.0|1.0|1.0,,0.897905
balanced stable MOF candidates for general materials discovery,48,ParetoCrowding,3,qmof-c0f392b,Zn2C44H38N6O12,0.915527725,2.464185,0.65,1.0,,1.0,1.0,0.65,1.0,,1|1|1|1,0.65|1.0|1.0|1.0,,0.897905
balanced stable MOF candidates for general materials discovery,48,ParetoCrowding,4,qmof-ac6a77a,Zn4C76H44N8O16,0.82887956,2.401359,0.65,1.0,,1.0,1.0,0.65,1.0,,1|1|1|1,0.65|1.0|1.0|1.0,,0.897905
balanced stable MOF candidates for general materials discovery,48,ParetoCrowding,5,qmof-a1a5849,Fe2C24H16N8,0.925170256,2.75343,0.65,1.0,,1.0,1.0,0.65,1.0,,1|1|1|1,0.65|1.0|1.0|1.0,,0.897905
balanced stable MOF candidates for general materials discovery,48,Random,1,qmof-9324158,Ni4C28H48N8O16,1.773389172,3.145485,0.65,0.7,,0.7,1.0,0.65,0.7,,1|1|1|1,0.65|1.0|0.7|0.7,,0.747905
balanced stable MOF candidates for general materials discovery,48,Random,2,qmof-406ecbb,Cd3C46H28N14S6,1.66361472,3.026427,0.65,0.7,,0.7,1.0,0.65,0.7,,1|1|1|1,0.65|1.0|0.7|0.7,,0.747905
balanced stable MOF candidates for general materials discovery,48,Random,3,qmof-c8783dd,Mn4C48H32N8O16,1.790427065,3.079142,0.65,0.7,,0.7,1.0,0.65,0.7,,1|1|1|1,0.65|1.0|0.7|0.7,,0.747905
balanced stable MOF candidates for general materials discovery,48,Random,4,qmof-96efc84,Ni2V8C24H64N12O24,1.969186049,2.959006,0.65,0.7,,0.7,1.0,0.65,0.7,,1|1|1|1,0.65|1.0|0.7|0.7,,0.747905
balanced stable MOF candidates for general materials discovery,48,Random,5,qmof-e7ba782,Cd2C40H30N2O12,1.787124149,3.348872,0.65,0.7,,0.7,1.0,0.65,0.7,,1|1|1|1,0.65|1.0|0.7|0.7,,0.747905
balanced stable MOF candidates for general materials discovery,48,SemanticOnly,1,qmof-f5c5269,Gd2C30H24N12O24,1.839046498,3.495222,0.65,0.7,,0.7,1.0,0.65,0.7,,1|1|1|1,0.65|1.0|0.7|0.7,,0.747905
balanced stable MOF candidates for general materials discovery,48,SemanticOnly,2,qmof-f522cce,Cu2C34H26N2O20S2,1.84262288,3.270794,0.65,0.7,,0.7,1.0,0.65,0.7,,1|1|1|1,0.65|1.0|0.7|0.7,,0.747905
balanced stable MOF candidates for general materials discovery,48,SemanticOnly,3,qmof-f21d339,FePdC20H16N12S2,1.720742331,2.675887,0.65,0.7,,0.7,1.0,0.65,0.7,,1|1|1|1,0.65|1.0|0.7|0.7,,0.747905
balanced stable MOF candidates for general materials discovery,48,SemanticOnly,4,qmof-ece521b,MnC26H22N4O6,1.667384298,2.528825,0.65,0.7,,0.7,1.0,0.65,0.7,,1|1|1|1,0.65|1.0|0.7|0.7,,0.747905
balanced stable MOF candidates for general materials discovery,48,SemanticOnly,5,qmof-eb7c07e,Cu3C12H16N22,1.945815431,2.702677,0.65,0.7,,0.7,1.0,0.65,0.7,,1|1|1|1,0.65|1.0|0.7|0.7,,0.747905
balanced stable MOF candidates for general materials discovery,48,TOPSIS,1,qmof-e566fbb,Zn2C36H22N6O8,0.83426434,2.93315,0.65,1.0,,1.0,1.0,0.65,1.0,,1|1|1|1,0.65|1.0|1.0|1.0,,0.897905
balanced stable MOF candidates for general materials discovery,48,TOPSIS,2,qmof-cef46c3,Zn2C48H32N8O8,0.7895211,2.913296,0.65,1.0,,1.0,1.0,0.65,1.0,,1|1|1|1,0.65|1.0|1.0|1.0,,0.897905
balanced stable MOF candidates for general materials discovery,48,TOPSIS,3,qmof-c0f392b,Zn2C44H38N6O12,0.915527725,2.464185,0.65,1.0,,1.0,1.0,0.65,1.0,,1|1|1|1,0.65|1.0|1.0|1.0,,0.897905
balanced stable MOF candidates for general materials discovery,48,TOPSIS,4,qmof-ac6a77a,Zn4C76H44N8O16,0.82887956,2.401359,0.65,1.0,,1.0,1.0,0.65,1.0,,1|1|1|1,0.65|1.0|1.0|1.0,,0.897905
balanced stable MOF candidates for general materials discovery,48,TOPSIS,5,qmof-a1a5849,Fe2C24H16N8,0.925170256,2.75343,0.65,1.0,,1.0,1.0,0.65,1.0,,1|1|1|1,0.65|1.0|1.0|1.0,,0.897905
balanced stable MOF candidates for general materials discovery,48,WeightedSum,1,qmof-e566fbb,Zn2C36H22N6O8,0.83426434,2.93315,0.65,1.0,,1.0,1.0,0.65,1.0,,1|1|1|1,0.65|1.0|1.0|1.0,,0.897905
balanced stable MOF candidates for general materials discovery,48,WeightedSum,2,qmof-cef46c3,Zn2C48H32N8O8,0.7895211,2.913296,0.65,1.0,,1.0,1.0,0.65,1.0,,1|1|1|1,0.65|1.0|1.0|1.0,,0.897905
balanced stable MOF candidates for general materials discovery,48,WeightedSum,3,qmof-c0f392b,Zn2C44H38N6O12,0.915527725,2.464185,0.65,1.0,,1.0,1.0,0.65,1.0,,1|1|1|1,0.65|1.0|1.0|1.0,,0.897905
balanced stable MOF candidates for general materials discovery,48,WeightedSum,4,qmof-ac6a77a,Zn4C76H44N8O16,0.82887956,2.401359,0.65,1.0,,1.0,1.0,0.65,1.0,,1|1|1|1,0.65|1.0|1.0|1.0,,0.897905
balanced stable MOF candidates for general materials discovery,48,WeightedSum,5,qmof-a1a5849,Fe2C24H16N8,0.925170256,2.75343,0.65,1.0,,1.0,1.0,0.65,1.0,,1|1|1|1,0.65|1.0|1.0|1.0,,0.897905
balanced stable MOF candidates for general materials discovery,49,GAT only,1,qmof-13a76dd,Zn4C40H28N12O8,0.982716063,3.309168,0.65,1.0,,1.0,1.0,0.65,1.0,,1|1|1|1,0.65|1.0|1.0|1.0,,0.897905
balanced stable MOF candidates for general materials discovery,49,GAT only,2,qmof-235f291,Ni2C24H16N8,0.870801372,3.336142,0.65,1.0,,1.0,1.0,0.65,1.0,,1|1|1|1,0.65|1.0|1.0|1.0,,0.897905
balanced stable MOF candidates for general materials discovery,49,GAT only,3,qmof-e566fbb,Zn2C36H22N6O8,0.83426434,2.93315,0.65,1.0,,1.0,1.0,0.65,1.0,,1|1|1|1,0.65|1.0|1.0|1.0,,0.897905
balanced stable MOF candidates for general materials discovery,49,GAT only,4,qmof-cef46c3,Zn2C48H32N8O8,0.7895211,2.913296,0.65,1.0,,1.0,1.0,0.65,1.0,,1|1|1|1,0.65|1.0|1.0|1.0,,0.897905
balanced stable MOF candidates for general materials discovery,49,GAT only,5,qmof-a1a5849,Fe2C24H16N8,0.925170256,2.75343,0.65,1.0,,1.0,1.0,0.65,1.0,,1|1|1|1,0.65|1.0|1.0|1.0,,0.897905
balanced stable MOF candidates for general materials discovery,49,GraphSAGE only,1,qmof-13a76dd,Zn4C40H28N12O8,0.982716063,3.309168,0.65,1.0,,1.0,1.0,0.65,1.0,,1|1|1|1,0.65|1.0|1.0|1.0,,0.897905
balanced stable MOF candidates for general materials discovery,49,GraphSAGE only,2,qmof-e566fbb,Zn2C36H22N6O8,0.83426434,2.93315,0.65,1.0,,1.0,1.0,0.65,1.0,,1|1|1|1,0.65|1.0|1.0|1.0,,0.897905
balanced stable MOF candidates for general materials discovery,49,GraphSAGE only,3,qmof-235f291,Ni2C24H16N8,0.870801372,3.336142,0.65,1.0,,1.0,1.0,0.65,1.0,,1|1|1|1,0.65|1.0|1.0|1.0,,0.897905
balanced stable MOF candidates for general materials discovery,49,GraphSAGE only,4,qmof-a1a5849,Fe2C24H16N8,0.925170256,2.75343,0.65,1.0,,1.0,1.0,0.65,1.0,,1|1|1|1,0.65|1.0|1.0|1.0,,0.897905
balanced stable MOF candidates for general materials discovery,49,GraphSAGE only,5,qmof-ac6a77a,Zn4C76H44N8O16,0.82887956,2.401359,0.65,1.0,,1.0,1.0,0.65,1.0,,1|1|1|1,0.65|1.0|1.0|1.0,,0.897905
balanced stable MOF candidates for general materials discovery,49,LEA,1,qmof-ac6a77a,Zn4C76H44N8O16,0.82887956,2.401359,0.65,1.0,,1.0,1.0,0.65,1.0,,1|1|1|1,0.65|1.0|1.0|1.0,,0.9981539472937584
balanced stable MOF candidates for general materials discovery,49,LEA,2,qmof-c0f392b,Zn2C44H38N6O12,0.915527725,2.464185,0.65,1.0,,1.0,1.0,0.65,1.0,,1|1|1|1,0.65|1.0|1.0|1.0,,0.9981539472937584
balanced stable MOF candidates for general materials discovery,49,LEA,3,qmof-e566fbb,Zn2C36H22N6O8,0.83426434,2.93315,0.65,1.0,,1.0,1.0,0.65,1.0,,1|1|1|1,0.65|1.0|1.0|1.0,,0.9981539472937584
balanced stable MOF candidates for general materials discovery,49,LEA,4,qmof-235f291,Ni2C24H16N8,0.870801372,3.336142,0.65,1.0,,1.0,1.0,0.65,1.0,,1|1|1|1,0.65|1.0|1.0|1.0,,0.9981539472937584
balanced stable MOF candidates for general materials discovery,49,LEA,5,qmof-a1a5849,Fe2C24H16N8,0.925170256,2.75343,0.65,1.0,,1.0,1.0,0.65,1.0,,1|1|1|1,0.65|1.0|1.0|1.0,,0.9981539472937584
balanced stable MOF candidates for general materials discovery,49,LEA no diversity,1,qmof-ac6a77a,Zn4C76H44N8O16,0.82887956,2.401359,0.65,1.0,,1.0,1.0,0.65,1.0,,1|1|1|1,0.65|1.0|1.0|1.0,,0.9827495455741883
balanced stable MOF candidates for general materials discovery,49,LEA no diversity,2,qmof-c0f392b,Zn2C44H38N6O12,0.915527725,2.464185,0.65,1.0,,1.0,1.0,0.65,1.0,,1|1|1|1,0.65|1.0|1.0|1.0,,0.9827495455741883
balanced stable MOF candidates for general materials discovery,49,LEA no diversity,3,qmof-e566fbb,Zn2C36H22N6O8,0.83426434,2.93315,0.65,1.0,,1.0,1.0,0.65,1.0,,1|1|1|1,0.65|1.0|1.0|1.0,,0.9827495455741883
balanced stable MOF candidates for general materials discovery,49,LEA no diversity,4,qmof-235f291,Ni2C24H16N8,0.870801372,3.336142,0.65,1.0,,1.0,1.0,0.65,1.0,,1|1|1|1,0.65|1.0|1.0|1.0,,0.9827495455741883
balanced stable MOF candidates for general materials discovery,49,LEA no diversity,5,qmof-a1a5849,Fe2C24H16N8,0.925170256,2.75343,0.65,1.0,,1.0,1.0,0.65,1.0,,1|1|1|1,0.65|1.0|1.0|1.0,,0.9827495455741883
balanced stable MOF candidates for general materials discovery,49,LEA no self-cleaning,1,qmof-ac6a77a,Zn4C76H44N8O16,0.82887956,2.401359,0.65,1.0,,1.0,1.0,0.65,1.0,,1|1|1|1,0.65|1.0|1.0|1.0,,0.9981539472937584
balanced stable MOF candidates for general materials discovery,49,LEA no self-cleaning,2,qmof-c0f392b,Zn2C44H38N6O12,0.915527725,2.464185,0.65,1.0,,1.0,1.0,0.65,1.0,,1|1|1|1,0.65|1.0|1.0|1.0,,0.9981539472937584
balanced stable MOF candidates for general materials discovery,49,LEA no self-cleaning,3,qmof-e566fbb,Zn2C36H22N6O8,0.83426434,2.93315,0.65,1.0,,1.0,1.0,0.65,1.0,,1|1|1|1,0.65|1.0|1.0|1.0,,0.9981539472937584
balanced stable MOF candidates for general materials discovery,49,LEA no self-cleaning,4,qmof-235f291,Ni2C24H16N8,0.870801372,3.336142,0.65,1.0,,1.0,1.0,0.65,1.0,,1|1|1|1,0.65|1.0|1.0|1.0,,0.9981539472937584
balanced stable MOF candidates for general materials discovery,49,LEA no self-cleaning,5,qmof-a1a5849,Fe2C24H16N8,0.925170256,2.75343,0.65,1.0,,1.0,1.0,0.65,1.0,,1|1|1|1,0.65|1.0|1.0|1.0,,0.9981539472937584
balanced stable MOF candidates for general materials discovery,49,LEA + GAT,1,qmof-13a76dd,Zn4C40H28N12O8,0.982716063,3.309168,0.65,1.0,,1.0,1.0,0.65,1.0,,1|1|1|1,0.65|1.0|1.0|1.0,,0.9176828220486641
balanced stable MOF candidates for general materials discovery,49,LEA + GAT,2,qmof-235f291,Ni2C24H16N8,0.870801372,3.336142,0.65,1.0,,1.0,1.0,0.65,1.0,,1|1|1|1,0.65|1.0|1.0|1.0,,0.9142828613519669
balanced stable MOF candidates for general materials discovery,49,LEA + GAT,3,qmof-e566fbb,Zn2C36H22N6O8,0.83426434,2.93315,0.65,1.0,,1.0,1.0,0.65,1.0,,1|1|1|1,0.65|1.0|1.0|1.0,,0.9116329237818718
balanced stable MOF candidates for general materials discovery,49,LEA + GAT,4,qmof-cef46c3,Zn2C48H32N8O8,0.7895211,2.913296,0.65,1.0,,1.0,1.0,0.65,1.0,,1|1|1|1,0.65|1.0|1.0|1.0,,0.9092612117528915
balanced stable MOF candidates for general materials discovery,49,LEA + GAT,5,qmof-a1a5849,Fe2C24H16N8,0.925170256,2.75343,0.65,1.0,,1.0,1.0,0.65,1.0,,1|1|1|1,0.65|1.0|1.0|1.0,,0.9073074638843537
balanced stable MOF candidates for general materials discovery,49,LEA + GraphSAGE,1,qmof-13a76dd,Zn4C40H28N12O8,0.982716063,3.309168,0.65,1.0,,1.0,1.0,0.65,1.0,,1|1|1|1,0.65|1.0|1.0|1.0,,0.8822680234909057
balanced stable MOF candidates for general materials discovery,49,LEA + GraphSAGE,2,qmof-e566fbb,Zn2C36H22N6O8,0.83426434,2.93315,0.65,1.0,,1.0,1.0,0.65,1.0,,1|1|1|1,0.65|1.0|1.0|1.0,,0.8808936446905136
balanced stable MOF candidates for general materials discovery,49,LEA + GraphSAGE,3,qmof-235f291,Ni2C24H16N8,0.870801372,3.336142,0.65,1.0,,1.0,1.0,0.65,1.0,,1|1|1|1,0.65|1.0|1.0|1.0,,0.8807168185710907
balanced stable MOF candidates for general materials discovery,49,LEA + GraphSAGE,4,qmof-a1a5849,Fe2C24H16N8,0.925170256,2.75343,0.65,1.0,,1.0,1.0,0.65,1.0,,1|1|1|1,0.65|1.0|1.0|1.0,,0.8799624621868134
balanced stable MOF candidates for general materials discovery,49,LEA + GraphSAGE,5,qmof-ac6a77a,Zn4C76H44N8O16,0.82887956,2.401359,0.65,1.0,,1.0,1.0,0.65,1.0,,1|1|1|1,0.65|1.0|1.0|1.0,,0.8797183722257614
balanced stable MOF candidates for general materials discovery,49,MMR,1,qmof-cef46c3,Zn2C48H32N8O8,0.7895211,2.913296,0.65,1.0,,1.0,1.0,0.65,1.0,,1|1|1|1,0.65|1.0|1.0|1.0,,0.897905
balanced stable MOF candidates for general materials discovery,49,MMR,2,qmof-3133aaf,Zn4C64H48N8O16,0.969248466,4.523716,0.65,1.0,,1.0,0.5,0.65,1.0,,1|1|1|1,0.65|0.5|1.0|1.0,,0.793755
balanced stable MOF candidates for general materials discovery,49,MMR,3,qmof-13a76dd,Zn4C40H28N12O8,0.982716063,3.309168,0.65,1.0,,1.0,1.0,0.65,1.0,,1|1|1|1,0.65|1.0|1.0|1.0,,0.897905
balanced stable MOF candidates for general materials discovery,49,MMR,4,qmof-a1a5849,Fe2C24H16N8,0.925170256,2.75343,0.65,1.0,,1.0,1.0,0.65,1.0,,1|1|1|1,0.65|1.0|1.0|1.0,,0.897905
balanced stable MOF candidates for general materials discovery,49,MMR,5,qmof-235f291,Ni2C24H16N8,0.870801372,3.336142,0.65,1.0,,1.0,1.0,0.65,1.0,,1|1|1|1,0.65|1.0|1.0|1.0,,0.897905
balanced stable MOF candidates for general materials discovery,49,ParetoCrowding,1,qmof-e566fbb,Zn2C36H22N6O8,0.83426434,2.93315,0.65,1.0,,1.0,1.0,0.65,1.0,,1|1|1|1,0.65|1.0|1.0|1.0,,0.897905
balanced stable MOF candidates for general materials discovery,49,ParetoCrowding,2,qmof-cef46c3,Zn2C48H32N8O8,0.7895211,2.913296,0.65,1.0,,1.0,1.0,0.65,1.0,,1|1|1|1,0.65|1.0|1.0|1.0,,0.897905
balanced stable MOF candidates for general materials discovery,49,ParetoCrowding,3,qmof-c0f392b,Zn2C44H38N6O12,0.915527725,2.464185,0.65,1.0,,1.0,1.0,0.65,1.0,,1|1|1|1,0.65|1.0|1.0|1.0,,0.897905
balanced stable MOF candidates for general materials discovery,49,ParetoCrowding,4,qmof-ac6a77a,Zn4C76H44N8O16,0.82887956,2.401359,0.65,1.0,,1.0,1.0,0.65,1.0,,1|1|1|1,0.65|1.0|1.0|1.0,,0.897905
balanced stable MOF candidates for general materials discovery,49,ParetoCrowding,5,qmof-a1a5849,Fe2C24H16N8,0.925170256,2.75343,0.65,1.0,,1.0,1.0,0.65,1.0,,1|1|1|1,0.65|1.0|1.0|1.0,,0.897905
balanced stable MOF candidates for general materials discovery,49,Random,1,qmof-b7dbb38,Cu2C28Cl4H24N16,1.728543619,3.301189,0.65,0.7,,0.7,1.0,0.65,0.7,,1|1|1|1,0.65|1.0|0.7|0.7,,0.747905
balanced stable MOF candidates for general materials discovery,49,Random,2,qmof-a87a11c,Cd4C60H44N28O12,1.949853815,3.454983,0.65,0.7,,0.7,1.0,0.65,0.7,,1|1|1|1,0.65|1.0|0.7|0.7,,0.747905
balanced stable MOF candidates for general materials discovery,49,Random,3,qmof-aabf74a,MnC6H12N8O4,1.730127558,2.006778,0.65,0.7,,0.7,1.0,0.65,0.7,,1|1|1|1,0.65|1.0|0.7|0.7,,0.747905
balanced stable MOF candidates for general materials discovery,49,Random,4,qmof-2bc26d1,Cu4C16H20N36,1.990770325,2.050339,0.65,0.7,,0.7,1.0,0.65,0.7,,1|1|1|1,0.65|1.0|0.7|0.7,,0.747905
balanced stable MOF candidates for general materials discovery,49,Random,5,qmof-78dd0b4,Ag2C34H30N8O10S2,1.771506862,3.174877,0.65,0.7,,0.7,1.0,0.65,0.7,,1|1|1|1,0.65|1.0|0.7|0.7,,0.747905
balanced stable MOF candidates for general materials discovery,49,SemanticOnly,1,qmof-fc79d47,Cu2C34H36I2N12,1.87774837,2.588499,0.65,0.7,,0.7,1.0,0.65,0.7,,1|1|1|1,0.65|1.0|0.7|0.7,,0.747905
balanced stable MOF candidates for general materials discovery,49,SemanticOnly,2,qmof-f87c9d1,CuC22H28N2O4,1.304740826,3.150305,0.65,0.7,,0.7,1.0,0.65,0.7,,1|1|1|1,0.65|1.0|0.7|0.7,,0.747905
balanced stable MOF candidates for general materials discovery,49,SemanticOnly,3,qmof-efc86e6,Cd2C28H28N12S4,1.712901294,2.62946,0.65,0.7,,0.7,1.0,0.65,0.7,,1|1|1|1,0.65|1.0|0.7|0.7,,0.747905
balanced stable MOF candidates for general materials discovery,49,SemanticOnly,4,qmof-eef474b,Cu2C16H12N24,1.934407474,2.996842,0.65,0.7,,0.7,1.0,0.65,0.7,,1|1|1|1,0.65|1.0|0.7|0.7,,0.747905
balanced stable MOF candidates for general materials discovery,49,SemanticOnly,5,qmof-ece521b,MnC26H22N4O6,1.667384298,2.528825,0.65,0.7,,0.7,1.0,0.65,0.7,,1|1|1|1,0.65|1.0|0.7|0.7,,0.747905
balanced stable MOF candidates for general materials discovery,49,TOPSIS,1,qmof-e566fbb,Zn2C36H22N6O8,0.83426434,2.93315,0.65,1.0,,1.0,1.0,0.65,1.0,,1|1|1|1,0.65|1.0|1.0|1.0,,0.897905
balanced stable MOF candidates for general materials discovery,49,TOPSIS,2,qmof-cef46c3,Zn2C48H32N8O8,0.7895211,2.913296,0.65,1.0,,1.0,1.0,0.65,1.0,,1|1|1|1,0.65|1.0|1.0|1.0,,0.897905
balanced stable MOF candidates for general materials discovery,49,TOPSIS,3,qmof-c0f392b,Zn2C44H38N6O12,0.915527725,2.464185,0.65,1.0,,1.0,1.0,0.65,1.0,,1|1|1|1,0.65|1.0|1.0|1.0,,0.897905
balanced stable MOF candidates for general materials discovery,49,TOPSIS,4,qmof-ac6a77a,Zn4C76H44N8O16,0.82887956,2.401359,0.65,1.0,,1.0,1.0,0.65,1.0,,1|1|1|1,0.65|1.0|1.0|1.0,,0.897905
balanced stable MOF candidates for general materials discovery,49,TOPSIS,5,qmof-a1a5849,Fe2C24H16N8,0.925170256,2.75343,0.65,1.0,,1.0,1.0,0.65,1.0,,1|1|1|1,0.65|1.0|1.0|1.0,,0.897905
balanced stable MOF candidates for general materials discovery,49,WeightedSum,1,qmof-e566fbb,Zn2C36H22N6O8,0.83426434,2.93315,0.65,1.0,,1.0,1.0,0.65,1.0,,1|1|1|1,0.65|1.0|1.0|1.0,,0.897905
balanced stable MOF candidates for general materials discovery,49,WeightedSum,2,qmof-cef46c3,Zn2C48H32N8O8,0.7895211,2.913296,0.65,1.0,,1.0,1.0,0.65,1.0,,1|1|1|1,0.65|1.0|1.0|1.0,,0.897905
balanced stable MOF candidates for general materials discovery,49,WeightedSum,3,qmof-c0f392b,Zn2C44H38N6O12,0.915527725,2.464185,0.65,1.0,,1.0,1.0,0.65,1.0,,1|1|1|1,0.65|1.0|1.0|1.0,,0.897905
balanced stable MOF candidates for general materials discovery,49,WeightedSum,4,qmof-ac6a77a,Zn4C76H44N8O16,0.82887956,2.401359,0.65,1.0,,1.0,1.0,0.65,1.0,,1|1|1|1,0.65|1.0|1.0|1.0,,0.897905
balanced stable MOF candidates for general materials discovery,49,WeightedSum,5,qmof-a1a5849,Fe2C24H16N8,0.925170256,2.75343,0.65,1.0,,1.0,1.0,0.65,1.0,,1|1|1|1,0.65|1.0|1.0|1.0,,0.897905
balanced stable MOF candidates for general materials discovery,50,GAT only,1,qmof-13a76dd,Zn4C40H28N12O8,0.982716063,3.309168,0.65,1.0,,1.0,1.0,0.65,1.0,,1|1|1|1,0.65|1.0|1.0|1.0,,0.897905
balanced stable MOF candidates for general materials discovery,50,GAT only,2,qmof-235f291,Ni2C24H16N8,0.870801372,3.336142,0.65,1.0,,1.0,1.0,0.65,1.0,,1|1|1|1,0.65|1.0|1.0|1.0,,0.897905
balanced stable MOF candidates for general materials discovery,50,GAT only,3,qmof-e566fbb,Zn2C36H22N6O8,0.83426434,2.93315,0.65,1.0,,1.0,1.0,0.65,1.0,,1|1|1|1,0.65|1.0|1.0|1.0,,0.897905
balanced stable MOF candidates for general materials discovery,50,GAT only,4,qmof-cef46c3,Zn2C48H32N8O8,0.7895211,2.913296,0.65,1.0,,1.0,1.0,0.65,1.0,,1|1|1|1,0.65|1.0|1.0|1.0,,0.897905
balanced stable MOF candidates for general materials discovery,50,GAT only,5,qmof-a1a5849,Fe2C24H16N8,0.925170256,2.75343,0.65,1.0,,1.0,1.0,0.65,1.0,,1|1|1|1,0.65|1.0|1.0|1.0,,0.897905
balanced stable MOF candidates for general materials discovery,50,GraphSAGE only,1,qmof-13a76dd,Zn4C40H28N12O8,0.982716063,3.309168,0.65,1.0,,1.0,1.0,0.65,1.0,,1|1|1|1,0.65|1.0|1.0|1.0,,0.897905
balanced stable MOF candidates for general materials discovery,50,GraphSAGE only,2,qmof-e566fbb,Zn2C36H22N6O8,0.83426434,2.93315,0.65,1.0,,1.0,1.0,0.65,1.0,,1|1|1|1,0.65|1.0|1.0|1.0,,0.897905
balanced stable MOF candidates for general materials discovery,50,GraphSAGE only,3,qmof-235f291,Ni2C24H16N8,0.870801372,3.336142,0.65,1.0,,1.0,1.0,0.65,1.0,,1|1|1|1,0.65|1.0|1.0|1.0,,0.897905
balanced stable MOF candidates for general materials discovery,50,GraphSAGE only,4,qmof-a1a5849,Fe2C24H16N8,0.925170256,2.75343,0.65,1.0,,1.0,1.0,0.65,1.0,,1|1|1|1,0.65|1.0|1.0|1.0,,0.897905
balanced stable MOF candidates for general materials discovery,50,GraphSAGE only,5,qmof-ac6a77a,Zn4C76H44N8O16,0.82887956,2.401359,0.65,1.0,,1.0,1.0,0.65,1.0,,1|1|1|1,0.65|1.0|1.0|1.0,,0.897905
balanced stable MOF candidates for general materials discovery,50,LEA,1,qmof-cef46c3,Zn2C48H32N8O8,0.7895211,2.913296,0.65,1.0,,1.0,1.0,0.65,1.0,,1|1|1|1,0.65|1.0|1.0|1.0,,0.9981539472937584
balanced stable MOF candidates for general materials discovery,50,LEA,2,qmof-e566fbb,Zn2C36H22N6O8,0.83426434,2.93315,0.65,1.0,,1.0,1.0,0.65,1.0,,1|1|1|1,0.65|1.0|1.0|1.0,,0.9981539472937584
balanced stable MOF candidates for general materials discovery,50,LEA,3,qmof-ac6a77a,Zn4C76H44N8O16,0.82887956,2.401359,0.65,1.0,,1.0,1.0,0.65,1.0,,1|1|1|1,0.65|1.0|1.0|1.0,,0.9981539472937584
balanced stable MOF candidates for general materials discovery,50,LEA,4,qmof-c0f392b,Zn2C44H38N6O12,0.915527725,2.464185,0.65,1.0,,1.0,1.0,0.65,1.0,,1|1|1|1,0.65|1.0|1.0|1.0,,0.9981539472937584
balanced stable MOF candidates for general materials discovery,50,LEA,5,qmof-235f291,Ni2C24H16N8,0.870801372,3.336142,0.65,1.0,,1.0,1.0,0.65,1.0,,1|1|1|1,0.65|1.0|1.0|1.0,,0.9981539472937584
balanced stable MOF candidates for general materials discovery,50,LEA no diversity,1,qmof-cef46c3,Zn2C48H32N8O8,0.7895211,2.913296,0.65,1.0,,1.0,1.0,0.65,1.0,,1|1|1|1,0.65|1.0|1.0|1.0,,0.9827495455741883
balanced stable MOF candidates for general materials discovery,50,LEA no diversity,2,qmof-e566fbb,Zn2C36H22N6O8,0.83426434,2.93315,0.65,1.0,,1.0,1.0,0.65,1.0,,1|1|1|1,0.65|1.0|1.0|1.0,,0.9827495455741883
balanced stable MOF candidates for general materials discovery,50,LEA no diversity,3,qmof-ac6a77a,Zn4C76H44N8O16,0.82887956,2.401359,0.65,1.0,,1.0,1.0,0.65,1.0,,1|1|1|1,0.65|1.0|1.0|1.0,,0.9827495455741883
balanced stable MOF candidates for general materials discovery,50,LEA no diversity,4,qmof-c0f392b,Zn2C44H38N6O12,0.915527725,2.464185,0.65,1.0,,1.0,1.0,0.65,1.0,,1|1|1|1,0.65|1.0|1.0|1.0,,0.9827495455741883
balanced stable MOF candidates for general materials discovery,50,LEA no diversity,5,qmof-235f291,Ni2C24H16N8,0.870801372,3.336142,0.65,1.0,,1.0,1.0,0.65,1.0,,1|1|1|1,0.65|1.0|1.0|1.0,,0.9827495455741883
balanced stable MOF candidates for general materials discovery,50,LEA no self-cleaning,1,qmof-cef46c3,Zn2C48H32N8O8,0.7895211,2.913296,0.65,1.0,,1.0,1.0,0.65,1.0,,1|1|1|1,0.65|1.0|1.0|1.0,,0.9981539472937584
balanced stable MOF candidates for general materials discovery,50,LEA no self-cleaning,2,qmof-e566fbb,Zn2C36H22N6O8,0.83426434,2.93315,0.65,1.0,,1.0,1.0,0.65,1.0,,1|1|1|1,0.65|1.0|1.0|1.0,,0.9981539472937584
balanced stable MOF candidates for general materials discovery,50,LEA no self-cleaning,3,qmof-ac6a77a,Zn4C76H44N8O16,0.82887956,2.401359,0.65,1.0,,1.0,1.0,0.65,1.0,,1|1|1|1,0.65|1.0|1.0|1.0,,0.9981539472937584
balanced stable MOF candidates for general materials discovery,50,LEA no self-cleaning,4,qmof-c0f392b,Zn2C44H38N6O12,0.915527725,2.464185,0.65,1.0,,1.0,1.0,0.65,1.0,,1|1|1|1,0.65|1.0|1.0|1.0,,0.9981539472937584
balanced stable MOF candidates for general materials discovery,50,LEA no self-cleaning,5,qmof-235f291,Ni2C24H16N8,0.870801372,3.336142,0.65,1.0,,1.0,1.0,0.65,1.0,,1|1|1|1,0.65|1.0|1.0|1.0,,0.9981539472937584
balanced stable MOF candidates for general materials discovery,50,LEA + GAT,1,qmof-13a76dd,Zn4C40H28N12O8,0.982716063,3.309168,0.65,1.0,,1.0,1.0,0.65,1.0,,1|1|1|1,0.65|1.0|1.0|1.0,,0.9176828220486641
balanced stable MOF candidates for general materials discovery,50,LEA + GAT,2,qmof-235f291,Ni2C24H16N8,0.870801372,3.336142,0.65,1.0,,1.0,1.0,0.65,1.0,,1|1|1|1,0.65|1.0|1.0|1.0,,0.9142828613519669
balanced stable MOF candidates for general materials discovery,50,LEA + GAT,3,qmof-e566fbb,Zn2C36H22N6O8,0.83426434,2.93315,0.65,1.0,,1.0,1.0,0.65,1.0,,1|1|1|1,0.65|1.0|1.0|1.0,,0.9116329237818718
balanced stable MOF candidates for general materials discovery,50,LEA + GAT,4,qmof-cef46c3,Zn2C48H32N8O8,0.7895211,2.913296,0.65,1.0,,1.0,1.0,0.65,1.0,,1|1|1|1,0.65|1.0|1.0|1.0,,0.9092612117528915
balanced stable MOF candidates for general materials discovery,50,LEA + GAT,5,qmof-a1a5849,Fe2C24H16N8,0.925170256,2.75343,0.65,1.0,,1.0,1.0,0.65,1.0,,1|1|1|1,0.65|1.0|1.0|1.0,,0.9073074638843537
balanced stable MOF candidates for general materials discovery,50,LEA + GraphSAGE,1,qmof-13a76dd,Zn4C40H28N12O8,0.982716063,3.309168,0.65,1.0,,1.0,1.0,0.65,1.0,,1|1|1|1,0.65|1.0|1.0|1.0,,0.8822680234909057
balanced stable MOF candidates for general materials discovery,50,LEA + GraphSAGE,2,qmof-e566fbb,Zn2C36H22N6O8,0.83426434,2.93315,0.65,1.0,,1.0,1.0,0.65,1.0,,1|1|1|1,0.65|1.0|1.0|1.0,,0.8808936446905136
balanced stable MOF candidates for general materials discovery,50,LEA + GraphSAGE,3,qmof-235f291,Ni2C24H16N8,0.870801372,3.336142,0.65,1.0,,1.0,1.0,0.65,1.0,,1|1|1|1,0.65|1.0|1.0|1.0,,0.8807168185710907
balanced stable MOF candidates for general materials discovery,50,LEA + GraphSAGE,4,qmof-a1a5849,Fe2C24H16N8,0.925170256,2.75343,0.65,1.0,,1.0,1.0,0.65,1.0,,1|1|1|1,0.65|1.0|1.0|1.0,,0.8799624621868134
balanced stable MOF candidates for general materials discovery,50,LEA + GraphSAGE,5,qmof-ac6a77a,Zn4C76H44N8O16,0.82887956,2.401359,0.65,1.0,,1.0,1.0,0.65,1.0,,1|1|1|1,0.65|1.0|1.0|1.0,,0.8797183722257614
balanced stable MOF candidates for general materials discovery,50,MMR,1,qmof-a1a5849,Fe2C24H16N8,0.925170256,2.75343,0.65,1.0,,1.0,1.0,0.65,1.0,,1|1|1|1,0.65|1.0|1.0|1.0,,0.897905
balanced stable MOF candidates for general materials discovery,50,MMR,2,qmof-017128d,Zn6C48H60N24,0.913433658,5.310987,0.65,1.0,,1.0,0.5,0.65,1.0,,1|1|1|1,0.65|0.5|1.0|1.0,,0.793755
balanced stable MOF candidates for general materials discovery,50,MMR,3,qmof-13a76dd,Zn4C40H28N12O8,0.982716063,3.309168,0.65,1.0,,1.0,1.0,0.65,1.0,,1|1|1|1,0.65|1.0|1.0|1.0,,0.897905
balanced stable MOF candidates for general materials discovery,50,MMR,4,qmof-235f291,Ni2C24H16N8,0.870801372,3.336142,0.65,1.0,,1.0,1.0,0.65,1.0,,1|1|1|1,0.65|1.0|1.0|1.0,,0.897905
balanced stable MOF candidates for general materials discovery,50,MMR,5,qmof-c0f392b,Zn2C44H38N6O12,0.915527725,2.464185,0.65,1.0,,1.0,1.0,0.65,1.0,,1|1|1|1,0.65|1.0|1.0|1.0,,0.897905
balanced stable MOF candidates for general materials discovery,50,ParetoCrowding,1,qmof-e566fbb,Zn2C36H22N6O8,0.83426434,2.93315,0.65,1.0,,1.0,1.0,0.65,1.0,,1|1|1|1,0.65|1.0|1.0|1.0,,0.897905
balanced stable MOF candidates for general materials discovery,50,ParetoCrowding,2,qmof-cef46c3,Zn2C48H32N8O8,0.7895211,2.913296,0.65,1.0,,1.0,1.0,0.65,1.0,,1|1|1|1,0.65|1.0|1.0|1.0,,0.897905
balanced stable MOF candidates for general materials discovery,50,ParetoCrowding,3,qmof-c0f392b,Zn2C44H38N6O12,0.915527725,2.464185,0.65,1.0,,1.0,1.0,0.65,1.0,,1|1|1|1,0.65|1.0|1.0|1.0,,0.897905
balanced stable MOF candidates for general materials discovery,50,ParetoCrowding,4,qmof-ac6a77a,Zn4C76H44N8O16,0.82887956,2.401359,0.65,1.0,,1.0,1.0,0.65,1.0,,1|1|1|1,0.65|1.0|1.0|1.0,,0.897905
balanced stable MOF candidates for general materials discovery,50,ParetoCrowding,5,qmof-a1a5849,Fe2C24H16N8,0.925170256,2.75343,0.65,1.0,,1.0,1.0,0.65,1.0,,1|1|1|1,0.65|1.0|1.0|1.0,,0.897905
balanced stable MOF candidates for general materials discovery,50,Random,1,qmof-915b8e1,FeZnC30F12H18N2O4S2,1.78953622,2.947436,0.65,0.7,,0.7,1.0,0.65,0.7,,1|1|1|1,0.65|1.0|0.7|0.7,,0.747905
balanced stable MOF candidates for general materials discovery,50,Random,2,qmof-7da8960,CoC16Cl6H16N2O6,1.854985624,3.030121,0.65,0.7,,0.7,1.0,0.65,0.7,,1|1|1|1,0.65|1.0|0.7|0.7,,0.747905
balanced stable MOF candidates for general materials discovery,50,Random,3,qmof-cef46c3,Zn2C48H32N8O8,0.7895211,2.913296,0.65,1.0,,1.0,1.0,0.65,1.0,,1|1|1|1,0.65|1.0|1.0|1.0,,0.897905
balanced stable MOF candidates for general materials discovery,50,Random,4,qmof-fe66204,Ni2C36H56N4O8P4S10,1.578999837,3.022739,0.65,0.7,,0.7,1.0,0.65,0.7,,1|1|1|1,0.65|1.0|0.7|0.7,,0.747905
balanced stable MOF candidates for general materials discovery,50,Random,5,qmof-235f291,Ni2C24H16N8,0.870801372,3.336142,0.65,1.0,,1.0,1.0,0.65,1.0,,1|1|1|1,0.65|1.0|1.0|1.0,,0.897905
balanced stable MOF candidates for general materials discovery,50,SemanticOnly,1,qmof-fe66204,Ni2C36H56N4O8P4S10,1.578999837,3.022739,0.65,0.7,,0.7,1.0,0.65,0.7,,1|1|1|1,0.65|1.0|0.7|0.7,,0.747905
balanced stable MOF candidates for general materials discovery,50,SemanticOnly,2,qmof-fc79d47,Cu2C34H36I2N12,1.87774837,2.588499,0.65,0.7,,0.7,1.0,0.65,0.7,,1|1|1|1,0.65|1.0|0.7|0.7,,0.747905
balanced stable MOF candidates for general materials discovery,50,SemanticOnly,3,qmof-f6f9b84,CoC12H10N10,1.60268084,3.270432,0.65,0.7,,0.7,1.0,0.65,0.7,,1|1|1|1,0.65|1.0|0.7|0.7,,0.747905
balanced stable MOF candidates for general materials discovery,50,SemanticOnly,4,qmof-f429f3b,Cu3C8H18N12O6S2,1.914333583,2.822862,0.65,0.7,,0.7,1.0,0.65,0.7,,1|1|1|1,0.65|1.0|0.7|0.7,,0.747905
balanced stable MOF candidates for general materials discovery,50,SemanticOnly,5,qmof-e566fbb,Zn2C36H22N6O8,0.83426434,2.93315,0.65,1.0,,1.0,1.0,0.65,1.0,,1|1|1|1,0.65|1.0|1.0|1.0,,0.897905
balanced stable MOF candidates for general materials discovery,50,TOPSIS,1,qmof-e566fbb,Zn2C36H22N6O8,0.83426434,2.93315,0.65,1.0,,1.0,1.0,0.65,1.0,,1|1|1|1,0.65|1.0|1.0|1.0,,0.897905
balanced stable MOF candidates for general materials discovery,50,TOPSIS,2,qmof-cef46c3,Zn2C48H32N8O8,0.7895211,2.913296,0.65,1.0,,1.0,1.0,0.65,1.0,,1|1|1|1,0.65|1.0|1.0|1.0,,0.897905
balanced stable MOF candidates for general materials discovery,50,TOPSIS,3,qmof-c0f392b,Zn2C44H38N6O12,0.915527725,2.464185,0.65,1.0,,1.0,1.0,0.65,1.0,,1|1|1|1,0.65|1.0|1.0|1.0,,0.897905
balanced stable MOF candidates for general materials discovery,50,TOPSIS,4,qmof-ac6a77a,Zn4C76H44N8O16,0.82887956,2.401359,0.65,1.0,,1.0,1.0,0.65,1.0,,1|1|1|1,0.65|1.0|1.0|1.0,,0.897905
balanced stable MOF candidates for general materials discovery,50,TOPSIS,5,qmof-a1a5849,Fe2C24H16N8,0.925170256,2.75343,0.65,1.0,,1.0,1.0,0.65,1.0,,1|1|1|1,0.65|1.0|1.0|1.0,,0.897905
balanced stable MOF candidates for general materials discovery,50,WeightedSum,1,qmof-e566fbb,Zn2C36H22N6O8,0.83426434,2.93315,0.65,1.0,,1.0,1.0,0.65,1.0,,1|1|1|1,0.65|1.0|1.0|1.0,,0.897905
balanced stable MOF candidates for general materials discovery,50,WeightedSum,2,qmof-cef46c3,Zn2C48H32N8O8,0.7895211,2.913296,0.65,1.0,,1.0,1.0,0.65,1.0,,1|1|1|1,0.65|1.0|1.0|1.0,,0.897905
balanced stable MOF candidates for general materials discovery,50,WeightedSum,3,qmof-c0f392b,Zn2C44H38N6O12,0.915527725,2.464185,0.65,1.0,,1.0,1.0,0.65,1.0,,1|1|1|1,0.65|1.0|1.0|1.0,,0.897905
balanced stable MOF candidates for general materials discovery,50,WeightedSum,4,qmof-ac6a77a,Zn4C76H44N8O16,0.82887956,2.401359,0.65,1.0,,1.0,1.0,0.65,1.0,,1|1|1|1,0.65|1.0|1.0|1.0,,0.897905
balanced stable MOF candidates for general materials discovery,50,WeightedSum,5,qmof-a1a5849,Fe2C24H16N8,0.925170256,2.75343,0.65,1.0,,1.0,1.0,0.65,1.0,,1|1|1|1,0.65|1.0|1.0|1.0,,0.897905
balanced stable MOF candidates for general materials discovery,51,GAT only,1,qmof-13a76dd,Zn4C40H28N12O8,0.982716063,3.309168,0.65,1.0,,1.0,1.0,0.65,1.0,,1|1|1|1,0.65|1.0|1.0|1.0,,0.897905
balanced stable MOF candidates for general materials discovery,51,GAT only,2,qmof-235f291,Ni2C24H16N8,0.870801372,3.336142,0.65,1.0,,1.0,1.0,0.65,1.0,,1|1|1|1,0.65|1.0|1.0|1.0,,0.897905
balanced stable MOF candidates for general materials discovery,51,GAT only,3,qmof-e566fbb,Zn2C36H22N6O8,0.83426434,2.93315,0.65,1.0,,1.0,1.0,0.65,1.0,,1|1|1|1,0.65|1.0|1.0|1.0,,0.897905
balanced stable MOF candidates for general materials discovery,51,GAT only,4,qmof-cef46c3,Zn2C48H32N8O8,0.7895211,2.913296,0.65,1.0,,1.0,1.0,0.65,1.0,,1|1|1|1,0.65|1.0|1.0|1.0,,0.897905
balanced stable MOF candidates for general materials discovery,51,GAT only,5,qmof-a1a5849,Fe2C24H16N8,0.925170256,2.75343,0.65,1.0,,1.0,1.0,0.65,1.0,,1|1|1|1,0.65|1.0|1.0|1.0,,0.897905
balanced stable MOF candidates for general materials discovery,51,GraphSAGE only,1,qmof-13a76dd,Zn4C40H28N12O8,0.982716063,3.309168,0.65,1.0,,1.0,1.0,0.65,1.0,,1|1|1|1,0.65|1.0|1.0|1.0,,0.897905
balanced stable MOF candidates for general materials discovery,51,GraphSAGE only,2,qmof-e566fbb,Zn2C36H22N6O8,0.83426434,2.93315,0.65,1.0,,1.0,1.0,0.65,1.0,,1|1|1|1,0.65|1.0|1.0|1.0,,0.897905
balanced stable MOF candidates for general materials discovery,51,GraphSAGE only,3,qmof-235f291,Ni2C24H16N8,0.870801372,3.336142,0.65,1.0,,1.0,1.0,0.65,1.0,,1|1|1|1,0.65|1.0|1.0|1.0,,0.897905
balanced stable MOF candidates for general materials discovery,51,GraphSAGE only,4,qmof-a1a5849,Fe2C24H16N8,0.925170256,2.75343,0.65,1.0,,1.0,1.0,0.65,1.0,,1|1|1|1,0.65|1.0|1.0|1.0,,0.897905
balanced stable MOF candidates for general materials discovery,51,GraphSAGE only,5,qmof-ac6a77a,Zn4C76H44N8O16,0.82887956,2.401359,0.65,1.0,,1.0,1.0,0.65,1.0,,1|1|1|1,0.65|1.0|1.0|1.0,,0.897905
balanced stable MOF candidates for general materials discovery,51,LEA,1,qmof-c0f392b,Zn2C44H38N6O12,0.915527725,2.464185,0.65,1.0,,1.0,1.0,0.65,1.0,,1|1|1|1,0.65|1.0|1.0|1.0,,0.9981539472937584
balanced stable MOF candidates for general materials discovery,51,LEA,2,qmof-235f291,Ni2C24H16N8,0.870801372,3.336142,0.65,1.0,,1.0,1.0,0.65,1.0,,1|1|1|1,0.65|1.0|1.0|1.0,,0.9981539472937584
balanced stable MOF candidates for general materials discovery,51,LEA,3,qmof-cef46c3,Zn2C48H32N8O8,0.7895211,2.913296,0.65,1.0,,1.0,1.0,0.65,1.0,,1|1|1|1,0.65|1.0|1.0|1.0,,0.9981539472937584
balanced stable MOF candidates for general materials discovery,51,LEA,4,qmof-e566fbb,Zn2C36H22N6O8,0.83426434,2.93315,0.65,1.0,,1.0,1.0,0.65,1.0,,1|1|1|1,0.65|1.0|1.0|1.0,,0.9981539472937584
balanced stable MOF candidates for general materials discovery,51,LEA,5,qmof-ac6a77a,Zn4C76H44N8O16,0.82887956,2.401359,0.65,1.0,,1.0,1.0,0.65,1.0,,1|1|1|1,0.65|1.0|1.0|1.0,,0.9981539472937584
balanced stable MOF candidates for general materials discovery,51,LEA no diversity,1,qmof-c0f392b,Zn2C44H38N6O12,0.915527725,2.464185,0.65,1.0,,1.0,1.0,0.65,1.0,,1|1|1|1,0.65|1.0|1.0|1.0,,0.9827495455741883
balanced stable MOF candidates for general materials discovery,51,LEA no diversity,2,qmof-235f291,Ni2C24H16N8,0.870801372,3.336142,0.65,1.0,,1.0,1.0,0.65,1.0,,1|1|1|1,0.65|1.0|1.0|1.0,,0.9827495455741883
balanced stable MOF candidates for general materials discovery,51,LEA no diversity,3,qmof-cef46c3,Zn2C48H32N8O8,0.7895211,2.913296,0.65,1.0,,1.0,1.0,0.65,1.0,,1|1|1|1,0.65|1.0|1.0|1.0,,0.9827495455741883
balanced stable MOF candidates for general materials discovery,51,LEA no diversity,4,qmof-e566fbb,Zn2C36H22N6O8,0.83426434,2.93315,0.65,1.0,,1.0,1.0,0.65,1.0,,1|1|1|1,0.65|1.0|1.0|1.0,,0.9827495455741883
balanced stable MOF candidates for general materials discovery,51,LEA no diversity,5,qmof-ac6a77a,Zn4C76H44N8O16,0.82887956,2.401359,0.65,1.0,,1.0,1.0,0.65,1.0,,1|1|1|1,0.65|1.0|1.0|1.0,,0.9827495455741883
balanced stable MOF candidates for general materials discovery,51,LEA no self-cleaning,1,qmof-c0f392b,Zn2C44H38N6O12,0.915527725,2.464185,0.65,1.0,,1.0,1.0,0.65,1.0,,1|1|1|1,0.65|1.0|1.0|1.0,,0.9981539472937584
balanced stable MOF candidates for general materials discovery,51,LEA no self-cleaning,2,qmof-235f291,Ni2C24H16N8,0.870801372,3.336142,0.65,1.0,,1.0,1.0,0.65,1.0,,1|1|1|1,0.65|1.0|1.0|1.0,,0.9981539472937584
balanced stable MOF candidates for general materials discovery,51,LEA no self-cleaning,3,qmof-cef46c3,Zn2C48H32N8O8,0.7895211,2.913296,0.65,1.0,,1.0,1.0,0.65,1.0,,1|1|1|1,0.65|1.0|1.0|1.0,,0.9981539472937584
balanced stable MOF candidates for general materials discovery,51,LEA no self-cleaning,4,qmof-e566fbb,Zn2C36H22N6O8,0.83426434,2.93315,0.65,1.0,,1.0,1.0,0.65,1.0,,1|1|1|1,0.65|1.0|1.0|1.0,,0.9981539472937584
balanced stable MOF candidates for general materials discovery,51,LEA no self-cleaning,5,qmof-ac6a77a,Zn4C76H44N8O16,0.82887956,2.401359,0.65,1.0,,1.0,1.0,0.65,1.0,,1|1|1|1,0.65|1.0|1.0|1.0,,0.9981539472937584
balanced stable MOF candidates for general materials discovery,51,LEA + GAT,1,qmof-13a76dd,Zn4C40H28N12O8,0.982716063,3.309168,0.65,1.0,,1.0,1.0,0.65,1.0,,1|1|1|1,0.65|1.0|1.0|1.0,,0.9176828220486641
balanced stable MOF candidates for general materials discovery,51,LEA + GAT,2,qmof-235f291,Ni2C24H16N8,0.870801372,3.336142,0.65,1.0,,1.0,1.0,0.65,1.0,,1|1|1|1,0.65|1.0|1.0|1.0,,0.9142828613519669
balanced stable MOF candidates for general materials discovery,51,LEA + GAT,3,qmof-e566fbb,Zn2C36H22N6O8,0.83426434,2.93315,0.65,1.0,,1.0,1.0,0.65,1.0,,1|1|1|1,0.65|1.0|1.0|1.0,,0.9116329237818718
balanced stable MOF candidates for general materials discovery,51,LEA + GAT,4,qmof-cef46c3,Zn2C48H32N8O8,0.7895211,2.913296,0.65,1.0,,1.0,1.0,0.65,1.0,,1|1|1|1,0.65|1.0|1.0|1.0,,0.9092612117528915
balanced stable MOF candidates for general materials discovery,51,LEA + GAT,5,qmof-a1a5849,Fe2C24H16N8,0.925170256,2.75343,0.65,1.0,,1.0,1.0,0.65,1.0,,1|1|1|1,0.65|1.0|1.0|1.0,,0.9073074638843537
balanced stable MOF candidates for general materials discovery,51,LEA + GraphSAGE,1,qmof-13a76dd,Zn4C40H28N12O8,0.982716063,3.309168,0.65,1.0,,1.0,1.0,0.65,1.0,,1|1|1|1,0.65|1.0|1.0|1.0,,0.8822680234909057
balanced stable MOF candidates for general materials discovery,51,LEA + GraphSAGE,2,qmof-e566fbb,Zn2C36H22N6O8,0.83426434,2.93315,0.65,1.0,,1.0,1.0,0.65,1.0,,1|1|1|1,0.65|1.0|1.0|1.0,,0.8808936446905136
balanced stable MOF candidates for general materials discovery,51,LEA + GraphSAGE,3,qmof-235f291,Ni2C24H16N8,0.870801372,3.336142,0.65,1.0,,1.0,1.0,0.65,1.0,,1|1|1|1,0.65|1.0|1.0|1.0,,0.8807168185710907
balanced stable MOF candidates for general materials discovery,51,LEA + GraphSAGE,4,qmof-a1a5849,Fe2C24H16N8,0.925170256,2.75343,0.65,1.0,,1.0,1.0,0.65,1.0,,1|1|1|1,0.65|1.0|1.0|1.0,,0.8799624621868134
balanced stable MOF candidates for general materials discovery,51,LEA + GraphSAGE,5,qmof-ac6a77a,Zn4C76H44N8O16,0.82887956,2.401359,0.65,1.0,,1.0,1.0,0.65,1.0,,1|1|1|1,0.65|1.0|1.0|1.0,,0.8797183722257614
balanced stable MOF candidates for general materials discovery,51,MMR,1,qmof-a1a5849,Fe2C24H16N8,0.925170256,2.75343,0.65,1.0,,1.0,1.0,0.65,1.0,,1|1|1|1,0.65|1.0|1.0|1.0,,0.897905
balanced stable MOF candidates for general materials discovery,51,MMR,2,qmof-175a5d9,Fe6C42Cl6H12N18O12,0.750832979,3.544636,0.65,1.0,,1.0,0.5,0.65,1.0,,1|1|1|1,0.65|0.5|1.0|1.0,,0.793755
balanced stable MOF candidates for general materials discovery,51,MMR,3,qmof-13a76dd,Zn4C40H28N12O8,0.982716063,3.309168,0.65,1.0,,1.0,1.0,0.65,1.0,,1|1|1|1,0.65|1.0|1.0|1.0,,0.897905
balanced stable MOF candidates for general materials discovery,51,MMR,4,qmof-ac6a77a,Zn4C76H44N8O16,0.82887956,2.401359,0.65,1.0,,1.0,1.0,0.65,1.0,,1|1|1|1,0.65|1.0|1.0|1.0,,0.897905
balanced stable MOF candidates for general materials discovery,51,MMR,5,qmof-e566fbb,Zn2C36H22N6O8,0.83426434,2.93315,0.65,1.0,,1.0,1.0,0.65,1.0,,1|1|1|1,0.65|1.0|1.0|1.0,,0.897905
balanced stable MOF candidates for general materials discovery,51,ParetoCrowding,1,qmof-e566fbb,Zn2C36H22N6O8,0.83426434,2.93315,0.65,1.0,,1.0,1.0,0.65,1.0,,1|1|1|1,0.65|1.0|1.0|1.0,,0.897905
balanced stable MOF candidates for general materials discovery,51,ParetoCrowding,2,qmof-cef46c3,Zn2C48H32N8O8,0.7895211,2.913296,0.65,1.0,,1.0,1.0,0.65,1.0,,1|1|1|1,0.65|1.0|1.0|1.0,,0.897905
balanced stable MOF candidates for general materials discovery,51,ParetoCrowding,3,qmof-c0f392b,Zn2C44H38N6O12,0.915527725,2.464185,0.65,1.0,,1.0,1.0,0.65,1.0,,1|1|1|1,0.65|1.0|1.0|1.0,,0.897905
balanced stable MOF candidates for general materials discovery,51,ParetoCrowding,4,qmof-ac6a77a,Zn4C76H44N8O16,0.82887956,2.401359,0.65,1.0,,1.0,1.0,0.65,1.0,,1|1|1|1,0.65|1.0|1.0|1.0,,0.897905
balanced stable MOF candidates for general materials discovery,51,ParetoCrowding,5,qmof-a1a5849,Fe2C24H16N8,0.925170256,2.75343,0.65,1.0,,1.0,1.0,0.65,1.0,,1|1|1|1,0.65|1.0|1.0|1.0,,0.897905
balanced stable MOF candidates for general materials discovery,51,Random,1,qmof-bdc19f7,Zn2C52H32N12O24,1.687752067,2.854907,0.65,0.7,,0.7,1.0,0.65,0.7,,1|1|1|1,0.65|1.0|0.7|0.7,,0.747905
balanced stable MOF candidates for general materials discovery,51,Random,2,qmof-ac6a77a,Zn4C76H44N8O16,0.82887956,2.401359,0.65,1.0,,1.0,1.0,0.65,1.0,,1|1|1|1,0.65|1.0|1.0|1.0,,0.897905
balanced stable MOF candidates for general materials discovery,51,Random,3,qmof-8707b97,Cd2C52Cl4H40N12,1.358253897,3.409213,0.65,0.7,,0.7,1.0,0.65,0.7,,1|1|1|1,0.65|1.0|0.7|0.7,,0.747905
balanced stable MOF candidates for general materials discovery,51,Random,4,qmof-3d5b416,Ba2C68H48O24,1.403824148,2.624821,0.65,0.7,,0.7,1.0,0.65,0.7,,1|1|1|1,0.65|1.0|0.7|0.7,,0.747905
balanced stable MOF candidates for general materials discovery,51,Random,5,qmof-8f318ef,Zn4C52H44N8O20,1.616121345,3.297531,0.65,0.7,,0.7,1.0,0.65,0.7,,1|1|1|1,0.65|1.0|0.7|0.7,,0.747905
balanced stable MOF candidates for general materials discovery,51,SemanticOnly,1,qmof-e566fbb,Zn2C36H22N6O8,0.83426434,2.93315,0.65,1.0,,1.0,1.0,0.65,1.0,,1|1|1|1,0.65|1.0|1.0|1.0,,0.897905
balanced stable MOF candidates for general materials discovery,51,SemanticOnly,2,qmof-e411eea,FeC22H20N6O2S2,1.521804317,2.364736,0.65,0.7,,0.7,1.0,0.65,0.7,,1|1|1|1,0.65|1.0|0.7|0.7,,0.747905
balanced stable MOF candidates for general materials discovery,51,SemanticOnly,3,qmof-e3dcc4d,Zn6C48H60N24,0.917677932,5.279321,0.65,1.0,,1.0,0.5,0.65,1.0,,1|1|1|1,0.65|0.5|1.0|1.0,,0.793755
balanced stable MOF candidates for general materials discovery,51,SemanticOnly,4,qmof-e2ab328,Cd2C26H26N6O4S4,1.84046829,2.988187,0.65,0.7,,0.7,1.0,0.65,0.7,,1|1|1|1,0.65|1.0|0.7|0.7,,0.747905
balanced stable MOF candidates for general materials discovery,51,SemanticOnly,5,qmof-e203bf0,Cd4C48H28N8O8S4,1.913006696,3.35412,0.65,0.7,,0.7,1.0,0.65,0.7,,1|1|1|1,0.65|1.0|0.7|0.7,,0.747905
balanced stable MOF candidates for general materials discovery,51,TOPSIS,1,qmof-e566fbb,Zn2C36H22N6O8,0.83426434,2.93315,0.65,1.0,,1.0,1.0,0.65,1.0,,1|1|1|1,0.65|1.0|1.0|1.0,,0.897905
balanced stable MOF candidates for general materials discovery,51,TOPSIS,2,qmof-cef46c3,Zn2C48H32N8O8,0.7895211,2.913296,0.65,1.0,,1.0,1.0,0.65,1.0,,1|1|1|1,0.65|1.0|1.0|1.0,,0.897905
balanced stable MOF candidates for general materials discovery,51,TOPSIS,3,qmof-c0f392b,Zn2C44H38N6O12,0.915527725,2.464185,0.65,1.0,,1.0,1.0,0.65,1.0,,1|1|1|1,0.65|1.0|1.0|1.0,,0.897905
balanced stable MOF candidates for general materials discovery,51,TOPSIS,4,qmof-ac6a77a,Zn4C76H44N8O16,0.82887956,2.401359,0.65,1.0,,1.0,1.0,0.65,1.0,,1|1|1|1,0.65|1.0|1.0|1.0,,0.897905
balanced stable MOF candidates for general materials discovery,51,TOPSIS,5,qmof-a1a5849,Fe2C24H16N8,0.925170256,2.75343,0.65,1.0,,1.0,1.0,0.65,1.0,,1|1|1|1,0.65|1.0|1.0|1.0,,0.897905
balanced stable MOF candidates for general materials discovery,51,WeightedSum,1,qmof-e566fbb,Zn2C36H22N6O8,0.83426434,2.93315,0.65,1.0,,1.0,1.0,0.65,1.0,,1|1|1|1,0.65|1.0|1.0|1.0,,0.897905
balanced stable MOF candidates for general materials discovery,51,WeightedSum,2,qmof-cef46c3,Zn2C48H32N8O8,0.7895211,2.913296,0.65,1.0,,1.0,1.0,0.65,1.0,,1|1|1|1,0.65|1.0|1.0|1.0,,0.897905
balanced stable MOF candidates for general materials discovery,51,WeightedSum,3,qmof-c0f392b,Zn2C44H38N6O12,0.915527725,2.464185,0.65,1.0,,1.0,1.0,0.65,1.0,,1|1|1|1,0.65|1.0|1.0|1.0,,0.897905
balanced stable MOF candidates for general materials discovery,51,WeightedSum,4,qmof-ac6a77a,Zn4C76H44N8O16,0.82887956,2.401359,0.65,1.0,,1.0,1.0,0.65,1.0,,1|1|1|1,0.65|1.0|1.0|1.0,,0.897905
balanced stable MOF candidates for general materials discovery,51,WeightedSum,5,qmof-a1a5849,Fe2C24H16N8,0.925170256,2.75343,0.65,1.0,,1.0,1.0,0.65,1.0,,1|1|1|1,0.65|1.0|1.0|1.0,,0.897905
wide band gap insulating MOFs with low density,42,GAT only,1,qmof-a2d95c3,Zn8C48H24O26,0.57861881,4.650938,0.755,1.0,,1.0,0.5,0.755,1.0,,1|1|1|1,0.755|0.5|1.0|1.0,,0.78925
wide band gap insulating MOFs with low density,42,GAT only,2,qmof-175a5d9,Fe6C42Cl6H12N18O12,0.750832979,3.544636,0.755,1.0,,1.0,0.5,0.755,1.0,,1|1|1|1,0.755|0.5|1.0|1.0,,0.78925
wide band gap insulating MOFs with low density,42,GAT only,3,qmof-017128d,Zn6C48H60N24,0.913433658,5.310987,0.755,1.0,,1.0,0.5,0.755,1.0,,1|1|1|1,0.755|0.5|1.0|1.0,,0.78925
wide band gap insulating MOFs with low density,42,GAT only,4,qmof-e3dcc4d,Zn6C48H60N24,0.917677932,5.279321,0.755,1.0,,1.0,0.5,0.755,1.0,,1|1|1|1,0.755|0.5|1.0|1.0,,0.78925
wide band gap insulating MOFs with low density,42,GAT only,5,qmof-4050181,Li4C28H32N4O8,0.936198777,5.066465,0.755,1.0,,1.0,0.5,0.755,1.0,,1|1|1|1,0.755|0.5|1.0|1.0,,0.78925
wide band gap insulating MOFs with low density,42,GraphSAGE only,1,qmof-175a5d9,Fe6C42Cl6H12N18O12,0.750832979,3.544636,0.755,1.0,,1.0,0.5,0.755,1.0,,1|1|1|1,0.755|0.5|1.0|1.0,,0.78925
wide band gap insulating MOFs with low density,42,GraphSAGE only,2,qmof-a2d95c3,Zn8C48H24O26,0.57861881,4.650938,0.755,1.0,,1.0,0.5,0.755,1.0,,1|1|1|1,0.755|0.5|1.0|1.0,,0.78925
wide band gap insulating MOFs with low density,42,GraphSAGE only,3,qmof-8deddd1,Zn6C42H18O18,0.720023443,3.550246,0.755,1.0,,1.0,0.5,0.755,1.0,,1|1|1|1,0.755|0.5|1.0|1.0,,0.78925
wide band gap insulating MOFs with low density,42,GraphSAGE only,4,qmof-b1cbe7a,Fe2C24H16N8,0.685538233,3.528396,0.755,1.0,,1.0,0.5,0.755,1.0,,1|1|1|1,0.755|0.5|1.0|1.0,,0.78925
wide band gap insulating MOFs with low density,42,GraphSAGE only,5,qmof-4050181,Li4C28H32N4O8,0.936198777,5.066465,0.755,1.0,,1.0,0.5,0.755,1.0,,1|1|1|1,0.755|0.5|1.0|1.0,,0.78925
wide band gap insulating MOFs with low density,42,LEA,1,qmof-e3dcc4d,Zn6C48H60N24,0.917677932,5.279321,0.755,1.0,,1.0,0.5,0.755,1.0,,1|1|1|1,0.755|0.5|1.0|1.0,,0.879164244234562
wide band gap insulating MOFs with low density,42,LEA,2,qmof-b1cbe7a,Fe2C24H16N8,0.685538233,3.528396,0.755,1.0,,1.0,0.5,0.755,1.0,,1|1|1|1,0.755|0.5|1.0|1.0,,0.879164244234562
wide band gap insulating MOFs with low density,42,LEA,3,qmof-4f9c014,Cu2C40H40N4O8,0.784105616,3.939544,0.755,1.0,,1.0,0.5,0.755,1.0,,1|1|1|1,0.755|0.5|1.0|1.0,,0.879164244234562
wide band gap insulating MOFs with low density,42,LEA,4,qmof-017128d,Zn6C48H60N24,0.913433658,5.310987,0.755,1.0,,1.0,0.5,0.755,1.0,,1|1|1|1,0.755|0.5|1.0|1.0,,0.879164244234562
wide band gap insulating MOFs with low density,42,LEA,5,qmof-8deddd1,Zn6C42H18O18,0.720023443,3.550246,0.755,1.0,,1.0,0.5,0.755,1.0,,1|1|1|1,0.755|0.5|1.0|1.0,,0.879164244234562
wide band gap insulating MOFs with low density,42,LEA no diversity,1,qmof-e3dcc4d,Zn6C48H60N24,0.917677932,5.279321,0.755,1.0,,1.0,0.5,0.755,1.0,,1|1|1|1,0.755|0.5|1.0|1.0,,0.8685576424002648
wide band gap insulating MOFs with low density,42,LEA no diversity,2,qmof-b1cbe7a,Fe2C24H16N8,0.685538233,3.528396,0.755,1.0,,1.0,0.5,0.755,1.0,,1|1|1|1,0.755|0.5|1.0|1.0,,0.8685576424002648
wide band gap insulating MOFs with low density,42,LEA no diversity,3,qmof-4f9c014,Cu2C40H40N4O8,0.784105616,3.939544,0.755,1.0,,1.0,0.5,0.755,1.0,,1|1|1|1,0.755|0.5|1.0|1.0,,0.8685576424002648
wide band gap insulating MOFs with low density,42,LEA no diversity,4,qmof-017128d,Zn6C48H60N24,0.913433658,5.310987,0.755,1.0,,1.0,0.5,0.755,1.0,,1|1|1|1,0.755|0.5|1.0|1.0,,0.8685576424002648
wide band gap insulating MOFs with low density,42,LEA no diversity,5,qmof-8deddd1,Zn6C42H18O18,0.720023443,3.550246,0.755,1.0,,1.0,0.5,0.755,1.0,,1|1|1|1,0.755|0.5|1.0|1.0,,0.8685576424002648
wide band gap insulating MOFs with low density,42,LEA no self-cleaning,1,qmof-e3dcc4d,Zn6C48H60N24,0.917677932,5.279321,0.755,1.0,,1.0,0.5,0.755,1.0,,1|1|1|1,0.755|0.5|1.0|1.0,,0.879164244234562
wide band gap insulating MOFs with low density,42,LEA no self-cleaning,2,qmof-b1cbe7a,Fe2C24H16N8,0.685538233,3.528396,0.755,1.0,,1.0,0.5,0.755,1.0,,1|1|1|1,0.755|0.5|1.0|1.0,,0.879164244234562
wide band gap insulating MOFs with low density,42,LEA no self-cleaning,3,qmof-4f9c014,Cu2C40H40N4O8,0.784105616,3.939544,0.755,1.0,,1.0,0.5,0.755,1.0,,1|1|1|1,0.755|0.5|1.0|1.0,,0.879164244234562
wide band gap insulating MOFs with low density,42,LEA no self-cleaning,4,qmof-017128d,Zn6C48H60N24,0.913433658,5.310987,0.755,1.0,,1.0,0.5,0.755,1.0,,1|1|1|1,0.755|0.5|1.0|1.0,,0.879164244234562
wide band gap insulating MOFs with low density,42,LEA no self-cleaning,5,qmof-8deddd1,Zn6C42H18O18,0.720023443,3.550246,0.755,1.0,,1.0,0.5,0.755,1.0,,1|1|1|1,0.755|0.5|1.0|1.0,,0.879164244234562
wide band gap insulating MOFs with low density,42,LEA + GAT,1,qmof-a2d95c3,Zn8C48H24O26,0.57861881,4.650938,0.755,1.0,,1.0,0.5,0.755,1.0,,1|1|1|1,0.755|0.5|1.0|1.0,,0.8466384366154671
wide band gap insulating MOFs with low density,42,LEA + GAT,2,qmof-175a5d9,Fe6C42Cl6H12N18O12,0.750832979,3.544636,0.755,1.0,,1.0,0.5,0.755,1.0,,1|1|1|1,0.755|0.5|1.0|1.0,,0.8425757512450218
wide band gap insulating MOFs with low density,42,LEA + GAT,3,qmof-017128d,Zn6C48H60N24,0.913433658,5.310987,0.755,1.0,,1.0,0.5,0.755,1.0,,1|1|1|1,0.755|0.5|1.0|1.0,,0.8389274954795838
wide band gap insulating MOFs with low density,42,LEA + GAT,4,qmof-e3dcc4d,Zn6C48H60N24,0.917677932,5.279321,0.755,1.0,,1.0,0.5,0.755,1.0,,1|1|1|1,0.755|0.5|1.0|1.0,,0.8388831362128257
wide band gap insulating MOFs with low density,42,LEA + GAT,5,qmof-4050181,Li4C28H32N4O8,0.936198777,5.066465,0.755,1.0,,1.0,0.5,0.755,1.0,,1|1|1|1,0.755|0.5|1.0|1.0,,0.8381716832518578
wide band gap insulating MOFs with low density,42,LEA + GraphSAGE,1,qmof-175a5d9,Fe6C42Cl6H12N18O12,0.750832979,3.544636,0.755,1.0,,1.0,0.5,0.755,1.0,,1|1|1|1,0.755|0.5|1.0|1.0,,0.8027046889066696
wide band gap insulating MOFs with low density,42,LEA + GraphSAGE,2,qmof-a2d95c3,Zn8C48H24O26,0.57861881,4.650938,0.755,1.0,,1.0,0.5,0.755,1.0,,1|1|1|1,0.755|0.5|1.0|1.0,,0.8008528977632523
wide band gap insulating MOFs with low density,42,LEA + GraphSAGE,3,qmof-8deddd1,Zn6C42H18O18,0.720023443,3.550246,0.755,1.0,,1.0,0.5,0.755,1.0,,1|1|1|1,0.755|0.5|1.0|1.0,,0.7970820188522338
wide band gap insulating MOFs with low density,42,LEA + GraphSAGE,4,qmof-b1cbe7a,Fe2C24H16N8,0.685538233,3.528396,0.755,1.0,,1.0,0.5,0.755,1.0,,1|1|1|1,0.755|0.5|1.0|1.0,,0.7911838114261627
wide band gap insulating MOFs with low density,42,LEA + GraphSAGE,5,qmof-4050181,Li4C28H32N4O8,0.936198777,5.066465,0.755,1.0,,1.0,0.5,0.755,1.0,,1|1|1|1,0.755|0.5|1.0|1.0,,0.7893027365207672
wide band gap insulating MOFs with low density,42,MMR,1,qmof-4050181,Li4C28H32N4O8,0.936198777,5.066465,0.755,1.0,,1.0,0.5,0.755,1.0,,1|1|1|1,0.755|0.5|1.0|1.0,,0.78925
wide band gap insulating MOFs with low density,42,MMR,2,qmof-c82daac,Al2Li2C40H46N6O4,0.954866212,4.047188,0.755,1.0,,1.0,0.5,0.755,1.0,,1|1|1|1,0.755|0.5|1.0|1.0,,0.78925
wide band gap insulating MOFs with low density,42,MMR,3,qmof-3133aaf,Zn4C64H48N8O16,0.969248466,4.523716,0.755,1.0,,1.0,0.5,0.755,1.0,,1|1|1|1,0.755|0.5|1.0|1.0,,0.78925
wide band gap insulating MOFs with low density,42,MMR,4,qmof-175a5d9,Fe6C42Cl6H12N18O12,0.750832979,3.544636,0.755,1.0,,1.0,0.5,0.755,1.0,,1|1|1|1,0.755|0.5|1.0|1.0,,0.78925
wide band gap insulating MOFs with low density,42,MMR,5,qmof-19d3c65,Zn3C64H52N4O18,0.972263976,4.20432,0.755,1.0,,1.0,0.5,0.755,1.0,,1|1|1|1,0.755|0.5|1.0|1.0,,0.78925
wide band gap insulating MOFs with low density,42,ParetoCrowding,1,qmof-e3dcc4d,Zn6C48H60N24,0.917677932,5.279321,0.755,1.0,,1.0,0.5,0.755,1.0,,1|1|1|1,0.755|0.5|1.0|1.0,,0.78925
wide band gap insulating MOFs with low density,42,ParetoCrowding,2,qmof-c82daac,Al2Li2C40H46N6O4,0.954866212,4.047188,0.755,1.0,,1.0,0.5,0.755,1.0,,1|1|1|1,0.755|0.5|1.0|1.0,,0.78925
wide band gap insulating MOFs with low density,42,ParetoCrowding,3,qmof-b1cbe7a,Fe2C24H16N8,0.685538233,3.528396,0.755,1.0,,1.0,0.5,0.755,1.0,,1|1|1|1,0.755|0.5|1.0|1.0,,0.78925
wide band gap insulating MOFs with low density,42,ParetoCrowding,4,qmof-a2d95c3,Zn8C48H24O26,0.57861881,4.650938,0.755,1.0,,1.0,0.5,0.755,1.0,,1|1|1|1,0.755|0.5|1.0|1.0,,0.78925
wide band gap insulating MOFs with low density,42,ParetoCrowding,5,qmof-8deddd1,Zn6C42H18O18,0.720023443,3.550246,0.755,1.0,,1.0,0.5,0.755,1.0,,1|1|1|1,0.755|0.5|1.0|1.0,,0.78925
wide band gap insulating MOFs with low density,42,Random,1,qmof-730d513,Zn4C40H28N12O20,1.913132077,4.937026,0.755,0.7,,0.7,0.5,0.755,0.7,,1|1|1|1,0.755|0.5|0.7|0.7,,0.66925
wide band gap insulating MOFs with low density,42,Random,2,qmof-f5f710d,Li4C56H48N12O12,1.455021018,3.841302,0.755,0.7,,0.7,0.5,0.755,0.7,,1|1|1|1,0.755|0.5|0.7|0.7,,0.66925
wide band gap insulating MOFs with low density,42,Random,3,qmof-0338cb2,Cd4C36H24N24S8,1.918631078,3.801339,0.755,0.7,,0.7,0.5,0.755,0.7,,1|1|1|1,0.755|0.5|0.7|0.7,,0.66925
wide band gap insulating MOFs with low density,42,Random,4,qmof-4f9c014,Cu2C40H40N4O8,0.784105616,3.939544,0.755,1.0,,1.0,0.5,0.755,1.0,,1|1|1|1,0.755|0.5|1.0|1.0,,0.78925
wide band gap insulating MOFs with low density,42,Random,5,qmof-f50d129,Zn4C40H52N4O40,1.902434787,4.087101,0.755,0.7,,0.7,0.5,0.755,0.7,,1|1|1|1,0.755|0.5|0.7|0.7,,0.66925
wide band gap insulating MOFs with low density,42,SemanticOnly,1,qmof-fd27ae2,Cd2C40H32N16O4,1.744680123,3.505134,0.755,0.7,,0.7,0.5,0.755,0.7,,1|1|1|1,0.755|0.5|0.7|0.7,,0.66925
wide band gap insulating MOFs with low density,42,SemanticOnly,2,qmof-fccf4ef,Cd4C52H32N4O18S4,1.995562231,3.817499,0.755,0.7,,0.7,0.5,0.755,0.7,,1|1|1|1,0.755|0.5|0.7|0.7,,0.66925
wide band gap insulating MOFs with low density,42,SemanticOnly,3,qmof-f5f710d,Li4C56H48N12O12,1.455021018,3.841302,0.755,0.7,,0.7,0.5,0.755,0.7,,1|1|1|1,0.755|0.5|0.7|0.7,,0.66925
wide band gap insulating MOFs with low density,42,SemanticOnly,4,qmof-f50d129,Zn4C40H52N4O40,1.902434787,4.087101,0.755,0.7,,0.7,0.5,0.755,0.7,,1|1|1|1,0.755|0.5|0.7|0.7,,0.66925
wide band gap insulating MOFs with low density,42,SemanticOnly,5,qmof-f4f5664,Cd4C64H40N32O4,1.610548921,3.915707,0.755,0.7,,0.7,0.5,0.755,0.7,,1|1|1|1,0.755|0.5|0.7|0.7,,0.66925
wide band gap insulating MOFs with low density,42,TOPSIS,1,qmof-e3dcc4d,Zn6C48H60N24,0.917677932,5.279321,0.755,1.0,,1.0,0.5,0.755,1.0,,1|1|1|1,0.755|0.5|1.0|1.0,,0.78925
wide band gap insulating MOFs with low density,42,TOPSIS,2,qmof-c82daac,Al2Li2C40H46N6O4,0.954866212,4.047188,0.755,1.0,,1.0,0.5,0.755,1.0,,1|1|1|1,0.755|0.5|1.0|1.0,,0.78925
wide band gap insulating MOFs with low density,42,TOPSIS,3,qmof-b1cbe7a,Fe2C24H16N8,0.685538233,3.528396,0.755,1.0,,1.0,0.5,0.755,1.0,,1|1|1|1,0.755|0.5|1.0|1.0,,0.78925
wide band gap insulating MOFs with low density,42,TOPSIS,4,qmof-a2d95c3,Zn8C48H24O26,0.57861881,4.650938,0.755,1.0,,1.0,0.5,0.755,1.0,,1|1|1|1,0.755|0.5|1.0|1.0,,0.78925
wide band gap insulating MOFs with low density,42,TOPSIS,5,qmof-8deddd1,Zn6C42H18O18,0.720023443,3.550246,0.755,1.0,,1.0,0.5,0.755,1.0,,1|1|1|1,0.755|0.5|1.0|1.0,,0.78925
wide band gap insulating MOFs with low density,42,WeightedSum,1,qmof-e3dcc4d,Zn6C48H60N24,0.917677932,5.279321,0.755,1.0,,1.0,0.5,0.755,1.0,,1|1|1|1,0.755|0.5|1.0|1.0,,0.78925
wide band gap insulating MOFs with low density,42,WeightedSum,2,qmof-c82daac,Al2Li2C40H46N6O4,0.954866212,4.047188,0.755,1.0,,1.0,0.5,0.755,1.0,,1|1|1|1,0.755|0.5|1.0|1.0,,0.78925
wide band gap insulating MOFs with low density,42,WeightedSum,3,qmof-b1cbe7a,Fe2C24H16N8,0.685538233,3.528396,0.755,1.0,,1.0,0.5,0.755,1.0,,1|1|1|1,0.755|0.5|1.0|1.0,,0.78925
wide band gap insulating MOFs with low density,42,WeightedSum,4,qmof-a2d95c3,Zn8C48H24O26,0.57861881,4.650938,0.755,1.0,,1.0,0.5,0.755,1.0,,1|1|1|1,0.755|0.5|1.0|1.0,,0.78925
wide band gap insulating MOFs with low density,42,WeightedSum,5,qmof-8deddd1,Zn6C42H18O18,0.720023443,3.550246,0.755,1.0,,1.0,0.5,0.755,1.0,,1|1|1|1,0.755|0.5|1.0|1.0,,0.78925
wide band gap insulating MOFs with low density,43,GAT only,1,qmof-a2d95c3,Zn8C48H24O26,0.57861881,4.650938,0.755,1.0,,1.0,0.5,0.755,1.0,,1|1|1|1,0.755|0.5|1.0|1.0,,0.78925
wide band gap insulating MOFs with low density,43,GAT only,2,qmof-175a5d9,Fe6C42Cl6H12N18O12,0.750832979,3.544636,0.755,1.0,,1.0,0.5,0.755,1.0,,1|1|1|1,0.755|0.5|1.0|1.0,,0.78925
wide band gap insulating MOFs with low density,43,GAT only,3,qmof-017128d,Zn6C48H60N24,0.913433658,5.310987,0.755,1.0,,1.0,0.5,0.755,1.0,,1|1|1|1,0.755|0.5|1.0|1.0,,0.78925
wide band gap insulating MOFs with low density,43,GAT only,4,qmof-e3dcc4d,Zn6C48H60N24,0.917677932,5.279321,0.755,1.0,,1.0,0.5,0.755,1.0,,1|1|1|1,0.755|0.5|1.0|1.0,,0.78925
wide band gap insulating MOFs with low density,43,GAT only,5,qmof-4050181,Li4C28H32N4O8,0.936198777,5.066465,0.755,1.0,,1.0,0.5,0.755,1.0,,1|1|1|1,0.755|0.5|1.0|1.0,,0.78925
wide band gap insulating MOFs with low density,43,GraphSAGE only,1,qmof-175a5d9,Fe6C42Cl6H12N18O12,0.750832979,3.544636,0.755,1.0,,1.0,0.5,0.755,1.0,,1|1|1|1,0.755|0.5|1.0|1.0,,0.78925
wide band gap insulating MOFs with low density,43,GraphSAGE only,2,qmof-a2d95c3,Zn8C48H24O26,0.57861881,4.650938,0.755,1.0,,1.0,0.5,0.755,1.0,,1|1|1|1,0.755|0.5|1.0|1.0,,0.78925
wide band gap insulating MOFs with low density,43,GraphSAGE only,3,qmof-8deddd1,Zn6C42H18O18,0.720023443,3.550246,0.755,1.0,,1.0,0.5,0.755,1.0,,1|1|1|1,0.755|0.5|1.0|1.0,,0.78925
wide band gap insulating MOFs with low density,43,GraphSAGE only,4,qmof-b1cbe7a,Fe2C24H16N8,0.685538233,3.528396,0.755,1.0,,1.0,0.5,0.755,1.0,,1|1|1|1,0.755|0.5|1.0|1.0,,0.78925
wide band gap insulating MOFs with low density,43,GraphSAGE only,5,qmof-4050181,Li4C28H32N4O8,0.936198777,5.066465,0.755,1.0,,1.0,0.5,0.755,1.0,,1|1|1|1,0.755|0.5|1.0|1.0,,0.78925
wide band gap insulating MOFs with low density,43,LEA,1,qmof-b1cbe7a,Fe2C24H16N8,0.685538233,3.528396,0.755,1.0,,1.0,0.5,0.755,1.0,,1|1|1|1,0.755|0.5|1.0|1.0,,0.879164244234562
wide band gap insulating MOFs with low density,43,LEA,2,qmof-3133aaf,Zn4C64H48N8O16,0.969248466,4.523716,0.755,1.0,,1.0,0.5,0.755,1.0,,1|1|1|1,0.755|0.5|1.0|1.0,,0.879164244234562
wide band gap insulating MOFs with low density,43,LEA,3,qmof-694fdb2,Na4C52H80N4O8,0.918885408,3.600195,0.755,1.0,,1.0,0.5,0.755,1.0,,1|1|1|1,0.755|0.5|1.0|1.0,,0.879164244234562
wide band gap insulating MOFs with low density,43,LEA,4,qmof-8deddd1,Zn6C42H18O18,0.720023443,3.550246,0.755,1.0,,1.0,0.5,0.755,1.0,,1|1|1|1,0.755|0.5|1.0|1.0,,0.879164244234562
wide band gap insulating MOFs with low density,43,LEA,5,qmof-175a5d9,Fe6C42Cl6H12N18O12,0.750832979,3.544636,0.755,1.0,,1.0,0.5,0.755,1.0,,1|1|1|1,0.755|0.5|1.0|1.0,,0.879164244234562
wide band gap insulating MOFs with low density,43,LEA no diversity,1,qmof-b1cbe7a,Fe2C24H16N8,0.685538233,3.528396,0.755,1.0,,1.0,0.5,0.755,1.0,,1|1|1|1,0.755|0.5|1.0|1.0,,0.8685576424002648
wide band gap insulating MOFs with low density,43,LEA no diversity,2,qmof-3133aaf,Zn4C64H48N8O16,0.969248466,4.523716,0.755,1.0,,1.0,0.5,0.755,1.0,,1|1|1|1,0.755|0.5|1.0|1.0,,0.8685576424002648
wide band gap insulating MOFs with low density,43,LEA no diversity,3,qmof-694fdb2,Na4C52H80N4O8,0.918885408,3.600195,0.755,1.0,,1.0,0.5,0.755,1.0,,1|1|1|1,0.755|0.5|1.0|1.0,,0.8685576424002648
wide band gap insulating MOFs with low density,43,LEA no diversity,4,qmof-8deddd1,Zn6C42H18O18,0.720023443,3.550246,0.755,1.0,,1.0,0.5,0.755,1.0,,1|1|1|1,0.755|0.5|1.0|1.0,,0.8685576424002648
wide band gap insulating MOFs with low density,43,LEA no diversity,5,qmof-175a5d9,Fe6C42Cl6H12N18O12,0.750832979,3.544636,0.755,1.0,,1.0,0.5,0.755,1.0,,1|1|1|1,0.755|0.5|1.0|1.0,,0.8685576424002648
wide band gap insulating MOFs with low density,43,LEA no self-cleaning,1,qmof-b1cbe7a,Fe2C24H16N8,0.685538233,3.528396,0.755,1.0,,1.0,0.5,0.755,1.0,,1|1|1|1,0.755|0.5|1.0|1.0,,0.879164244234562
wide band gap insulating MOFs with low density,43,LEA no self-cleaning,2,qmof-3133aaf,Zn4C64H48N8O16,0.969248466,4.523716,0.755,1.0,,1.0,0.5,0.755,1.0,,1|1|1|1,0.755|0.5|1.0|1.0,,0.879164244234562
wide band gap insulating MOFs with low density,43,LEA no self-cleaning,3,qmof-694fdb2,Na4C52H80N4O8,0.918885408,3.600195,0.755,1.0,,1.0,0.5,0.755,1.0,,1|1|1|1,0.755|0.5|1.0|1.0,,0.879164244234562
wide band gap insulating MOFs with low density,43,LEA no self-cleaning,4,qmof-8deddd1,Zn6C42H18O18,0.720023443,3.550246,0.755,1.0,,1.0,0.5,0.755,1.0,,1|1|1|1,0.755|0.5|1.0|1.0,,0.879164244234562
wide band gap insulating MOFs with low density,43,LEA no self-cleaning,5,qmof-175a5d9,Fe6C42Cl6H12N18O12,0.750832979,3.544636,0.755,1.0,,1.0,0.5,0.755,1.0,,1|1|1|1,0.755|0.5|1.0|1.0,,0.879164244234562
wide band gap insulating MOFs with low density,43,LEA + GAT,1,qmof-a2d95c3,Zn8C48H24O26,0.57861881,4.650938,0.755,1.0,,1.0,0.5,0.755,1.0,,1|1|1|1,0.755|0.5|1.0|1.0,,0.8466384366154671
wide band gap insulating MOFs with low density,43,LEA + GAT,2,qmof-175a5d9,Fe6C42Cl6H12N18O12,0.750832979,3.544636,0.755,1.0,,1.0,0.5,0.755,1.0,,1|1|1|1,0.755|0.5|1.0|1.0,,0.8425757512450218
wide band gap insulating MOFs with low density,43,LEA + GAT,3,qmof-017128d,Zn6C48H60N24,0.913433658,5.310987,0.755,1.0,,1.0,0.5,0.755,1.0,,1|1|1|1,0.755|0.5|1.0|1.0,,0.8389274954795838
wide band gap insulating MOFs with low density,43,LEA + GAT,4,qmof-e3dcc4d,Zn6C48H60N24,0.917677932,5.279321,0.755,1.0,,1.0,0.5,0.755,1.0,,1|1|1|1,0.755|0.5|1.0|1.0,,0.8388831362128257
wide band gap insulating MOFs with low density,43,LEA + GAT,5,qmof-4050181,Li4C28H32N4O8,0.936198777,5.066465,0.755,1.0,,1.0,0.5,0.755,1.0,,1|1|1|1,0.755|0.5|1.0|1.0,,0.8381716832518578
wide band gap insulating MOFs with low density,43,LEA + GraphSAGE,1,qmof-175a5d9,Fe6C42Cl6H12N18O12,0.750832979,3.544636,0.755,1.0,,1.0,0.5,0.755,1.0,,1|1|1|1,0.755|0.5|1.0|1.0,,0.8027046889066696
wide band gap insulating MOFs with low density,43,LEA + GraphSAGE,2,qmof-a2d95c3,Zn8C48H24O26,0.57861881,4.650938,0.755,1.0,,1.0,0.5,0.755,1.0,,1|1|1|1,0.755|0.5|1.0|1.0,,0.8008528977632523
wide band gap insulating MOFs with low density,43,LEA + GraphSAGE,3,qmof-8deddd1,Zn6C42H18O18,0.720023443,3.550246,0.755,1.0,,1.0,0.5,0.755,1.0,,1|1|1|1,0.755|0.5|1.0|1.0,,0.7970820188522338
wide band gap insulating MOFs with low density,43,LEA + GraphSAGE,4,qmof-b1cbe7a,Fe2C24H16N8,0.685538233,3.528396,0.755,1.0,,1.0,0.5,0.755,1.0,,1|1|1|1,0.755|0.5|1.0|1.0,,0.7911838114261627
wide band gap insulating MOFs with low density,43,LEA + GraphSAGE,5,qmof-4050181,Li4C28H32N4O8,0.936198777,5.066465,0.755,1.0,,1.0,0.5,0.755,1.0,,1|1|1|1,0.755|0.5|1.0|1.0,,0.7893027365207672
wide band gap insulating MOFs with low density,43,MMR,1,qmof-19d3c65,Zn3C64H52N4O18,0.972263976,4.20432,0.755,1.0,,1.0,0.5,0.755,1.0,,1|1|1|1,0.755|0.5|1.0|1.0,,0.78925
wide band gap insulating MOFs with low density,43,MMR,2,qmof-e3dcc4d,Zn6C48H60N24,0.917677932,5.279321,0.755,1.0,,1.0,0.5,0.755,1.0,,1|1|1|1,0.755|0.5|1.0|1.0,,0.78925
wide band gap insulating MOFs with low density,43,MMR,3,qmof-4050181,Li4C28H32N4O8,0.936198777,5.066465,0.755,1.0,,1.0,0.5,0.755,1.0,,1|1|1|1,0.755|0.5|1.0|1.0,,0.78925
wide band gap insulating MOFs with low density,43,MMR,4,qmof-017128d,Zn6C48H60N24,0.913433658,5.310987,0.755,1.0,,1.0,0.5,0.755,1.0,,1|1|1|1,0.755|0.5|1.0|1.0,,0.78925
wide band gap insulating MOFs with low density,43,MMR,5,qmof-a2d95c3,Zn8C48H24O26,0.57861881,4.650938,0.755,1.0,,1.0,0.5,0.755,1.0,,1|1|1|1,0.755|0.5|1.0|1.0,,0.78925
wide band gap insulating MOFs with low density,43,ParetoCrowding,1,qmof-e3dcc4d,Zn6C48H60N24,0.917677932,5.279321,0.755,1.0,,1.0,0.5,0.755,1.0,,1|1|1|1,0.755|0.5|1.0|1.0,,0.78925
wide band gap insulating MOFs with low density,43,ParetoCrowding,2,qmof-c82daac,Al2Li2C40H46N6O4,0.954866212,4.047188,0.755,1.0,,1.0,0.5,0.755,1.0,,1|1|1|1,0.755|0.5|1.0|1.0,,0.78925
wide band gap insulating MOFs with low density,43,ParetoCrowding,3,qmof-b1cbe7a,Fe2C24H16N8,0.685538233,3.528396,0.755,1.0,,1.0,0.5,0.755,1.0,,1|1|1|1,0.755|0.5|1.0|1.0,,0.78925
wide band gap insulating MOFs with low density,43,ParetoCrowding,4,qmof-a2d95c3,Zn8C48H24O26,0.57861881,4.650938,0.755,1.0,,1.0,0.5,0.755,1.0,,1|1|1|1,0.755|0.5|1.0|1.0,,0.78925
wide band gap insulating MOFs with low density,43,ParetoCrowding,5,qmof-8deddd1,Zn6C42H18O18,0.720023443,3.550246,0.755,1.0,,1.0,0.5,0.755,1.0,,1|1|1|1,0.755|0.5|1.0|1.0,,0.78925
wide band gap insulating MOFs with low density,43,Random,1,qmof-96226c0,Zn4C28H36N28,1.646955141,4.458005,0.755,0.7,,0.7,0.5,0.755,0.7,,1|1|1|1,0.755|0.5|0.7|0.7,,0.66925
wide band gap insulating MOFs with low density,43,Random,2,qmof-c5e9015,Na4C24H24N4O12S4,1.67758272,4.242872,0.755,0.7,,0.7,0.5,0.755,0.7,,1|1|1|1,0.755|0.5|0.7|0.7,,0.66925
wide band gap insulating MOFs with low density,43,Random,3,qmof-f771839,Co2C38H40N8O8,1.401927433,4.295336,0.755,0.7,,0.7,0.5,0.755,0.7,,1|1|1|1,0.755|0.5|0.7|0.7,,0.66925
wide band gap insulating MOFs with low density,43,Random,4,qmof-f934fdc,K4C20H40N4O8S8,1.682708431,3.679825,0.755,0.7,,0.7,0.5,0.755,0.7,,1|1|1|1,0.755|0.5|0.7|0.7,,0.66925
wide band gap insulating MOFs with low density,43,Random,5,qmof-19d3c65,Zn3C64H52N4O18,0.972263976,4.20432,0.755,1.0,,1.0,0.5,0.755,1.0,,1|1|1|1,0.755|0.5|1.0|1.0,,0.78925
wide band gap insulating MOFs with low density,43,SemanticOnly,1,qmof-f934fdc,K4C20H40N4O8S8,1.682708431,3.679825,0.755,0.7,,0.7,0.5,0.755,0.7,,1|1|1|1,0.755|0.5|0.7|0.7,,0.66925
wide band gap insulating MOFs with low density,43,SemanticOnly,2,qmof-f771839,Co2C38H40N8O8,1.401927433,4.295336,0.755,0.7,,0.7,0.5,0.755,0.7,,1|1|1|1,0.755|0.5|0.7|0.7,,0.66925
wide band gap insulating MOFs with low density,43,SemanticOnly,3,qmof-f61d5ce,In4C32H16O20,1.287779073,4.433449,0.755,0.7,,0.7,0.5,0.755,0.7,,1|1|1|1,0.755|0.5|0.7|0.7,,0.66925
wide band gap insulating MOFs with low density,43,SemanticOnly,4,qmof-f4581c4,Mg4C8H24O24,1.761847816,6.790231,0.755,0.7,,0.7,0.5,0.755,0.7,,1|1|1|1,0.755|0.5|0.7|0.7,,0.66925
wide band gap insulating MOFs with low density,43,SemanticOnly,5,qmof-f0ae035,Zn4C48H32N24,1.656614397,4.672795,0.755,0.7,,0.7,0.5,0.755,0.7,,1|1|1|1,0.755|0.5|0.7|0.7,,0.66925
wide band gap insulating MOFs with low density,43,TOPSIS,1,qmof-e3dcc4d,Zn6C48H60N24,0.917677932,5.279321,0.755,1.0,,1.0,0.5,0.755,1.0,,1|1|1|1,0.755|0.5|1.0|1.0,,0.78925
wide band gap insulating MOFs with low density,43,TOPSIS,2,qmof-c82daac,Al2Li2C40H46N6O4,0.954866212,4.047188,0.755,1.0,,1.0,0.5,0.755,1.0,,1|1|1|1,0.755|0.5|1.0|1.0,,0.78925
wide band gap insulating MOFs with low density,43,TOPSIS,3,qmof-b1cbe7a,Fe2C24H16N8,0.685538233,3.528396,0.755,1.0,,1.0,0.5,0.755,1.0,,1|1|1|1,0.755|0.5|1.0|1.0,,0.78925
wide band gap insulating MOFs with low density,43,TOPSIS,4,qmof-a2d95c3,Zn8C48H24O26,0.57861881,4.650938,0.755,1.0,,1.0,0.5,0.755,1.0,,1|1|1|1,0.755|0.5|1.0|1.0,,0.78925
wide band gap insulating MOFs with low density,43,TOPSIS,5,qmof-8deddd1,Zn6C42H18O18,0.720023443,3.550246,0.755,1.0,,1.0,0.5,0.755,1.0,,1|1|1|1,0.755|0.5|1.0|1.0,,0.78925
wide band gap insulating MOFs with low density,43,WeightedSum,1,qmof-e3dcc4d,Zn6C48H60N24,0.917677932,5.279321,0.755,1.0,,1.0,0.5,0.755,1.0,,1|1|1|1,0.755|0.5|1.0|1.0,,0.78925
wide band gap insulating MOFs with low density,43,WeightedSum,2,qmof-c82daac,Al2Li2C40H46N6O4,0.954866212,4.047188,0.755,1.0,,1.0,0.5,0.755,1.0,,1|1|1|1,0.755|0.5|1.0|1.0,,0.78925
wide band gap insulating MOFs with low density,43,WeightedSum,3,qmof-b1cbe7a,Fe2C24H16N8,0.685538233,3.528396,0.755,1.0,,1.0,0.5,0.755,1.0,,1|1|1|1,0.755|0.5|1.0|1.0,,0.78925
wide band gap insulating MOFs with low density,43,WeightedSum,4,qmof-a2d95c3,Zn8C48H24O26,0.57861881,4.650938,0.755,1.0,,1.0,0.5,0.755,1.0,,1|1|1|1,0.755|0.5|1.0|1.0,,0.78925
wide band gap insulating MOFs with low density,43,WeightedSum,5,qmof-8deddd1,Zn6C42H18O18,0.720023443,3.550246,0.755,1.0,,1.0,0.5,0.755,1.0,,1|1|1|1,0.755|0.5|1.0|1.0,,0.78925
wide band gap insulating MOFs with low density,44,GAT only,1,qmof-a2d95c3,Zn8C48H24O26,0.57861881,4.650938,0.755,1.0,,1.0,0.5,0.755,1.0,,1|1|1|1,0.755|0.5|1.0|1.0,,0.78925
wide band gap insulating MOFs with low density,44,GAT only,2,qmof-175a5d9,Fe6C42Cl6H12N18O12,0.750832979,3.544636,0.755,1.0,,1.0,0.5,0.755,1.0,,1|1|1|1,0.755|0.5|1.0|1.0,,0.78925
wide band gap insulating MOFs with low density,44,GAT only,3,qmof-017128d,Zn6C48H60N24,0.913433658,5.310987,0.755,1.0,,1.0,0.5,0.755,1.0,,1|1|1|1,0.755|0.5|1.0|1.0,,0.78925
wide band gap insulating MOFs with low density,44,GAT only,4,qmof-e3dcc4d,Zn6C48H60N24,0.917677932,5.279321,0.755,1.0,,1.0,0.5,0.755,1.0,,1|1|1|1,0.755|0.5|1.0|1.0,,0.78925
wide band gap insulating MOFs with low density,44,GAT only,5,qmof-4050181,Li4C28H32N4O8,0.936198777,5.066465,0.755,1.0,,1.0,0.5,0.755,1.0,,1|1|1|1,0.755|0.5|1.0|1.0,,0.78925
wide band gap insulating MOFs with low density,44,GraphSAGE only,1,qmof-175a5d9,Fe6C42Cl6H12N18O12,0.750832979,3.544636,0.755,1.0,,1.0,0.5,0.755,1.0,,1|1|1|1,0.755|0.5|1.0|1.0,,0.78925
wide band gap insulating MOFs with low density,44,GraphSAGE only,2,qmof-a2d95c3,Zn8C48H24O26,0.57861881,4.650938,0.755,1.0,,1.0,0.5,0.755,1.0,,1|1|1|1,0.755|0.5|1.0|1.0,,0.78925
wide band gap insulating MOFs with low density,44,GraphSAGE only,3,qmof-8deddd1,Zn6C42H18O18,0.720023443,3.550246,0.755,1.0,,1.0,0.5,0.755,1.0,,1|1|1|1,0.755|0.5|1.0|1.0,,0.78925
wide band gap insulating MOFs with low density,44,GraphSAGE only,4,qmof-b1cbe7a,Fe2C24H16N8,0.685538233,3.528396,0.755,1.0,,1.0,0.5,0.755,1.0,,1|1|1|1,0.755|0.5|1.0|1.0,,0.78925
wide band gap insulating MOFs with low density,44,GraphSAGE only,5,qmof-4050181,Li4C28H32N4O8,0.936198777,5.066465,0.755,1.0,,1.0,0.5,0.755,1.0,,1|1|1|1,0.755|0.5|1.0|1.0,,0.78925
wide band gap insulating MOFs with low density,44,LEA,1,qmof-8deddd1,Zn6C42H18O18,0.720023443,3.550246,0.755,1.0,,1.0,0.5,0.755,1.0,,1|1|1|1,0.755|0.5|1.0|1.0,,0.879164244234562
wide band gap insulating MOFs with low density,44,LEA,2,qmof-694fdb2,Na4C52H80N4O8,0.918885408,3.600195,0.755,1.0,,1.0,0.5,0.755,1.0,,1|1|1|1,0.755|0.5|1.0|1.0,,0.879164244234562
wide band gap insulating MOFs with low density,44,LEA,3,qmof-b1cbe7a,Fe2C24H16N8,0.685538233,3.528396,0.755,1.0,,1.0,0.5,0.755,1.0,,1|1|1|1,0.755|0.5|1.0|1.0,,0.879164244234562
wide band gap insulating MOFs with low density,44,LEA,4,qmof-4f9c014,Cu2C40H40N4O8,0.784105616,3.939544,0.755,1.0,,1.0,0.5,0.755,1.0,,1|1|1|1,0.755|0.5|1.0|1.0,,0.879164244234562
wide band gap insulating MOFs with low density,44,LEA,5,qmof-3133aaf,Zn4C64H48N8O16,0.969248466,4.523716,0.755,1.0,,1.0,0.5,0.755,1.0,,1|1|1|1,0.755|0.5|1.0|1.0,,0.879164244234562
wide band gap insulating MOFs with low density,44,LEA no diversity,1,qmof-8deddd1,Zn6C42H18O18,0.720023443,3.550246,0.755,1.0,,1.0,0.5,0.755,1.0,,1|1|1|1,0.755|0.5|1.0|1.0,,0.8685576424002648
wide band gap insulating MOFs with low density,44,LEA no diversity,2,qmof-694fdb2,Na4C52H80N4O8,0.918885408,3.600195,0.755,1.0,,1.0,0.5,0.755,1.0,,1|1|1|1,0.755|0.5|1.0|1.0,,0.8685576424002648
wide band gap insulating MOFs with low density,44,LEA no diversity,3,qmof-b1cbe7a,Fe2C24H16N8,0.685538233,3.528396,0.755,1.0,,1.0,0.5,0.755,1.0,,1|1|1|1,0.755|0.5|1.0|1.0,,0.8685576424002648
wide band gap insulating MOFs with low density,44,LEA no diversity,4,qmof-4f9c014,Cu2C40H40N4O8,0.784105616,3.939544,0.755,1.0,,1.0,0.5,0.755,1.0,,1|1|1|1,0.755|0.5|1.0|1.0,,0.8685576424002648
wide band gap insulating MOFs with low density,44,LEA no diversity,5,qmof-3133aaf,Zn4C64H48N8O16,0.969248466,4.523716,0.755,1.0,,1.0,0.5,0.755,1.0,,1|1|1|1,0.755|0.5|1.0|1.0,,0.8685576424002648
wide band gap insulating MOFs with low density,44,LEA no self-cleaning,1,qmof-8deddd1,Zn6C42H18O18,0.720023443,3.550246,0.755,1.0,,1.0,0.5,0.755,1.0,,1|1|1|1,0.755|0.5|1.0|1.0,,0.879164244234562
wide band gap insulating MOFs with low density,44,LEA no self-cleaning,2,qmof-694fdb2,Na4C52H80N4O8,0.918885408,3.600195,0.755,1.0,,1.0,0.5,0.755,1.0,,1|1|1|1,0.755|0.5|1.0|1.0,,0.879164244234562
wide band gap insulating MOFs with low density,44,LEA no self-cleaning,3,qmof-b1cbe7a,Fe2C24H16N8,0.685538233,3.528396,0.755,1.0,,1.0,0.5,0.755,1.0,,1|1|1|1,0.755|0.5|1.0|1.0,,0.879164244234562
wide band gap insulating MOFs with low density,44,LEA no self-cleaning,4,qmof-4f9c014,Cu2C40H40N4O8,0.784105616,3.939544,0.755,1.0,,1.0,0.5,0.755,1.0,,1|1|1|1,0.755|0.5|1.0|1.0,,0.879164244234562
wide band gap insulating MOFs with low density,44,LEA no self-cleaning,5,qmof-3133aaf,Zn4C64H48N8O16,0.969248466,4.523716,0.755,1.0,,1.0,0.5,0.755,1.0,,1|1|1|1,0.755|0.5|1.0|1.0,,0.879164244234562
wide band gap insulating MOFs with low density,44,LEA + GAT,1,qmof-a2d95c3,Zn8C48H24O26,0.57861881,4.650938,0.755,1.0,,1.0,0.5,0.755,1.0,,1|1|1|1,0.755|0.5|1.0|1.0,,0.8466384366154671
wide band gap insulating MOFs with low density,44,LEA + GAT,2,qmof-175a5d9,Fe6C42Cl6H12N18O12,0.750832979,3.544636,0.755,1.0,,1.0,0.5,0.755,1.0,,1|1|1|1,0.755|0.5|1.0|1.0,,0.8425757512450218
wide band gap insulating MOFs with low density,44,LEA + GAT,3,qmof-017128d,Zn6C48H60N24,0.913433658,5.310987,0.755,1.0,,1.0,0.5,0.755,1.0,,1|1|1|1,0.755|0.5|1.0|1.0,,0.8389274954795838
wide band gap insulating MOFs with low density,44,LEA + GAT,4,qmof-e3dcc4d,Zn6C48H60N24,0.917677932,5.279321,0.755,1.0,,1.0,0.5,0.755,1.0,,1|1|1|1,0.755|0.5|1.0|1.0,,0.8388831362128257
wide band gap insulating MOFs with low density,44,LEA + GAT,5,qmof-4050181,Li4C28H32N4O8,0.936198777,5.066465,0.755,1.0,,1.0,0.5,0.755,1.0,,1|1|1|1,0.755|0.5|1.0|1.0,,0.8381716832518578
wide band gap insulating MOFs with low density,44,LEA + GraphSAGE,1,qmof-175a5d9,Fe6C42Cl6H12N18O12,0.750832979,3.544636,0.755,1.0,,1.0,0.5,0.755,1.0,,1|1|1|1,0.755|0.5|1.0|1.0,,0.8027046889066696
wide band gap insulating MOFs with low density,44,LEA + GraphSAGE,2,qmof-a2d95c3,Zn8C48H24O26,0.57861881,4.650938,0.755,1.0,,1.0,0.5,0.755,1.0,,1|1|1|1,0.755|0.5|1.0|1.0,,0.8008528977632523
wide band gap insulating MOFs with low density,44,LEA + GraphSAGE,3,qmof-8deddd1,Zn6C42H18O18,0.720023443,3.550246,0.755,1.0,,1.0,0.5,0.755,1.0,,1|1|1|1,0.755|0.5|1.0|1.0,,0.7970820188522338
wide band gap insulating MOFs with low density,44,LEA + GraphSAGE,4,qmof-b1cbe7a,Fe2C24H16N8,0.685538233,3.528396,0.755,1.0,,1.0,0.5,0.755,1.0,,1|1|1|1,0.755|0.5|1.0|1.0,,0.7911838114261627
wide band gap insulating MOFs with low density,44,LEA + GraphSAGE,5,qmof-4050181,Li4C28H32N4O8,0.936198777,5.066465,0.755,1.0,,1.0,0.5,0.755,1.0,,1|1|1|1,0.755|0.5|1.0|1.0,,0.7893027365207672
wide band gap insulating MOFs with low density,44,MMR,1,qmof-e3dcc4d,Zn6C48H60N24,0.917677932,5.279321,0.755,1.0,,1.0,0.5,0.755,1.0,,1|1|1|1,0.755|0.5|1.0|1.0,,0.78925
wide band gap insulating MOFs with low density,44,MMR,2,qmof-19d3c65,Zn3C64H52N4O18,0.972263976,4.20432,0.755,1.0,,1.0,0.5,0.755,1.0,,1|1|1|1,0.755|0.5|1.0|1.0,,0.78925
wide band gap insulating MOFs with low density,44,MMR,3,qmof-017128d,Zn6C48H60N24,0.913433658,5.310987,0.755,1.0,,1.0,0.5,0.755,1.0,,1|1|1|1,0.755|0.5|1.0|1.0,,0.78925
wide band gap insulating MOFs with low density,44,MMR,4,qmof-a2d95c3,Zn8C48H24O26,0.57861881,4.650938,0.755,1.0,,1.0,0.5,0.755,1.0,,1|1|1|1,0.755|0.5|1.0|1.0,,0.78925
wide band gap insulating MOFs with low density,44,MMR,5,qmof-4050181,Li4C28H32N4O8,0.936198777,5.066465,0.755,1.0,,1.0,0.5,0.755,1.0,,1|1|1|1,0.755|0.5|1.0|1.0,,0.78925
wide band gap insulating MOFs with low density,44,ParetoCrowding,1,qmof-e3dcc4d,Zn6C48H60N24,0.917677932,5.279321,0.755,1.0,,1.0,0.5,0.755,1.0,,1|1|1|1,0.755|0.5|1.0|1.0,,0.78925
wide band gap insulating MOFs with low density,44,ParetoCrowding,2,qmof-c82daac,Al2Li2C40H46N6O4,0.954866212,4.047188,0.755,1.0,,1.0,0.5,0.755,1.0,,1|1|1|1,0.755|0.5|1.0|1.0,,0.78925
wide band gap insulating MOFs with low density,44,ParetoCrowding,3,qmof-b1cbe7a,Fe2C24H16N8,0.685538233,3.528396,0.755,1.0,,1.0,0.5,0.755,1.0,,1|1|1|1,0.755|0.5|1.0|1.0,,0.78925
wide band gap insulating MOFs with low density,44,ParetoCrowding,4,qmof-a2d95c3,Zn8C48H24O26,0.57861881,4.650938,0.755,1.0,,1.0,0.5,0.755,1.0,,1|1|1|1,0.755|0.5|1.0|1.0,,0.78925
wide band gap insulating MOFs with low density,44,ParetoCrowding,5,qmof-8deddd1,Zn6C42H18O18,0.720023443,3.550246,0.755,1.0,,1.0,0.5,0.755,1.0,,1|1|1|1,0.755|0.5|1.0|1.0,,0.78925
wide band gap insulating MOFs with low density,44,Random,1,qmof-6d11fd4,Cu2C32H44N4O14,1.590572828,3.853935,0.755,0.7,,0.7,0.5,0.755,0.7,,1|1|1|1,0.755|0.5|0.7|0.7,,0.66925
wide band gap insulating MOFs with low density,44,Random,2,qmof-e45b793,Ni2C32H36N8S4,1.516657369,3.794292,0.755,0.7,,0.7,0.5,0.755,0.7,,1|1|1|1,0.755|0.5|0.7|0.7,,0.66925
wide band gap insulating MOFs with low density,44,Random,3,qmof-6b45ff6,Cu2C32H32N4O8,1.731302286,3.909329,0.755,0.7,,0.7,0.5,0.755,0.7,,1|1|1|1,0.755|0.5|0.7|0.7,,0.66925
wide band gap insulating MOFs with low density,44,Random,4,qmof-1976a36,Zn3C32H32N2O12,1.667097745,3.897287,0.755,0.7,,0.7,0.5,0.755,0.7,,1|1|1|1,0.755|0.5|0.7|0.7,,0.66925
wide band gap insulating MOFs with low density,44,Random,5,qmof-ff6a634,Li2C46H58N2O6,1.235143727,3.519878,0.755,0.7,,0.7,0.5,0.755,0.7,,1|1|1|1,0.755|0.5|0.7|0.7,,0.66925
wide band gap insulating MOFs with low density,44,SemanticOnly,1,qmof-ff6a634,Li2C46H58N2O6,1.235143727,3.519878,0.755,0.7,,0.7,0.5,0.755,0.7,,1|1|1|1,0.755|0.5|0.7|0.7,,0.66925
wide band gap insulating MOFs with low density,44,SemanticOnly,2,qmof-feb06f2,Cu2C20H16N8O12,1.931833854,3.655573,0.755,0.7,,0.7,0.5,0.755,0.7,,1|1|1|1,0.755|0.5|0.7|0.7,,0.66925
wide band gap insulating MOFs with low density,44,SemanticOnly,3,qmof-fd5d0f6,Ca4C36H48O40,1.773466367,4.585452,0.755,0.7,,0.7,0.5,0.755,0.7,,1|1|1|1,0.755|0.5|0.7|0.7,,0.66925
wide band gap insulating MOFs with low density,44,SemanticOnly,4,qmof-f58baa7,Cd2C28H24N20,1.746495513,4.168024,0.755,0.7,,0.7,0.5,0.755,0.7,,1|1|1|1,0.755|0.5|0.7|0.7,,0.66925
wide band gap insulating MOFs with low density,44,SemanticOnly,5,qmof-f55c6c1,Mg4C20H24N8O24,1.796465237,5.230363,0.755,0.7,,0.7,0.5,0.755,0.7,,1|1|1|1,0.755|0.5|0.7|0.7,,0.66925
wide band gap insulating MOFs with low density,44,TOPSIS,1,qmof-e3dcc4d,Zn6C48H60N24,0.917677932,5.279321,0.755,1.0,,1.0,0.5,0.755,1.0,,1|1|1|1,0.755|0.5|1.0|1.0,,0.78925
wide band gap insulating MOFs with low density,44,TOPSIS,2,qmof-c82daac,Al2Li2C40H46N6O4,0.954866212,4.047188,0.755,1.0,,1.0,0.5,0.755,1.0,,1|1|1|1,0.755|0.5|1.0|1.0,,0.78925
wide band gap insulating MOFs with low density,44,TOPSIS,3,qmof-b1cbe7a,Fe2C24H16N8,0.685538233,3.528396,0.755,1.0,,1.0,0.5,0.755,1.0,,1|1|1|1,0.755|0.5|1.0|1.0,,0.78925
wide band gap insulating MOFs with low density,44,TOPSIS,4,qmof-a2d95c3,Zn8C48H24O26,0.57861881,4.650938,0.755,1.0,,1.0,0.5,0.755,1.0,,1|1|1|1,0.755|0.5|1.0|1.0,,0.78925
wide band gap insulating MOFs with low density,44,TOPSIS,5,qmof-8deddd1,Zn6C42H18O18,0.720023443,3.550246,0.755,1.0,,1.0,0.5,0.755,1.0,,1|1|1|1,0.755|0.5|1.0|1.0,,0.78925
wide band gap insulating MOFs with low density,44,WeightedSum,1,qmof-e3dcc4d,Zn6C48H60N24,0.917677932,5.279321,0.755,1.0,,1.0,0.5,0.755,1.0,,1|1|1|1,0.755|0.5|1.0|1.0,,0.78925
wide band gap insulating MOFs with low density,44,WeightedSum,2,qmof-c82daac,Al2Li2C40H46N6O4,0.954866212,4.047188,0.755,1.0,,1.0,0.5,0.755,1.0,,1|1|1|1,0.755|0.5|1.0|1.0,,0.78925
wide band gap insulating MOFs with low density,44,WeightedSum,3,qmof-b1cbe7a,Fe2C24H16N8,0.685538233,3.528396,0.755,1.0,,1.0,0.5,0.755,1.0,,1|1|1|1,0.755|0.5|1.0|1.0,,0.78925
wide band gap insulating MOFs with low density,44,WeightedSum,4,qmof-a2d95c3,Zn8C48H24O26,0.57861881,4.650938,0.755,1.0,,1.0,0.5,0.755,1.0,,1|1|1|1,0.755|0.5|1.0|1.0,,0.78925
wide band gap insulating MOFs with low density,44,WeightedSum,5,qmof-8deddd1,Zn6C42H18O18,0.720023443,3.550246,0.755,1.0,,1.0,0.5,0.755,1.0,,1|1|1|1,0.755|0.5|1.0|1.0,,0.78925
wide band gap insulating MOFs with low density,45,GAT only,1,qmof-a2d95c3,Zn8C48H24O26,0.57861881,4.650938,0.755,1.0,,1.0,0.5,0.755,1.0,,1|1|1|1,0.755|0.5|1.0|1.0,,0.78925
wide band gap insulating MOFs with low density,45,GAT only,2,qmof-175a5d9,Fe6C42Cl6H12N18O12,0.750832979,3.544636,0.755,1.0,,1.0,0.5,0.755,1.0,,1|1|1|1,0.755|0.5|1.0|1.0,,0.78925
wide band gap insulating MOFs with low density,45,GAT only,3,qmof-017128d,Zn6C48H60N24,0.913433658,5.310987,0.755,1.0,,1.0,0.5,0.755,1.0,,1|1|1|1,0.755|0.5|1.0|1.0,,0.78925
wide band gap insulating MOFs with low density,45,GAT only,4,qmof-e3dcc4d,Zn6C48H60N24,0.917677932,5.279321,0.755,1.0,,1.0,0.5,0.755,1.0,,1|1|1|1,0.755|0.5|1.0|1.0,,0.78925
wide band gap insulating MOFs with low density,45,GAT only,5,qmof-4050181,Li4C28H32N4O8,0.936198777,5.066465,0.755,1.0,,1.0,0.5,0.755,1.0,,1|1|1|1,0.755|0.5|1.0|1.0,,0.78925
wide band gap insulating MOFs with low density,45,GraphSAGE only,1,qmof-175a5d9,Fe6C42Cl6H12N18O12,0.750832979,3.544636,0.755,1.0,,1.0,0.5,0.755,1.0,,1|1|1|1,0.755|0.5|1.0|1.0,,0.78925
wide band gap insulating MOFs with low density,45,GraphSAGE only,2,qmof-a2d95c3,Zn8C48H24O26,0.57861881,4.650938,0.755,1.0,,1.0,0.5,0.755,1.0,,1|1|1|1,0.755|0.5|1.0|1.0,,0.78925
wide band gap insulating MOFs with low density,45,GraphSAGE only,3,qmof-8deddd1,Zn6C42H18O18,0.720023443,3.550246,0.755,1.0,,1.0,0.5,0.755,1.0,,1|1|1|1,0.755|0.5|1.0|1.0,,0.78925
wide band gap insulating MOFs with low density,45,GraphSAGE only,4,qmof-b1cbe7a,Fe2C24H16N8,0.685538233,3.528396,0.755,1.0,,1.0,0.5,0.755,1.0,,1|1|1|1,0.755|0.5|1.0|1.0,,0.78925
wide band gap insulating MOFs with low density,45,GraphSAGE only,5,qmof-4050181,Li4C28H32N4O8,0.936198777,5.066465,0.755,1.0,,1.0,0.5,0.755,1.0,,1|1|1|1,0.755|0.5|1.0|1.0,,0.78925
wide band gap insulating MOFs with low density,45,LEA,1,qmof-19d3c65,Zn3C64H52N4O18,0.972263976,4.20432,0.755,1.0,,1.0,0.5,0.755,1.0,,1|1|1|1,0.755|0.5|1.0|1.0,,0.879164244234562
wide band gap insulating MOFs with low density,45,LEA,2,qmof-175a5d9,Fe6C42Cl6H12N18O12,0.750832979,3.544636,0.755,1.0,,1.0,0.5,0.755,1.0,,1|1|1|1,0.755|0.5|1.0|1.0,,0.879164244234562
wide band gap insulating MOFs with low density,45,LEA,3,qmof-e3dcc4d,Zn6C48H60N24,0.917677932,5.279321,0.755,1.0,,1.0,0.5,0.755,1.0,,1|1|1|1,0.755|0.5|1.0|1.0,,0.879164244234562
wide band gap insulating MOFs with low density,45,LEA,4,qmof-017128d,Zn6C48H60N24,0.913433658,5.310987,0.755,1.0,,1.0,0.5,0.755,1.0,,1|1|1|1,0.755|0.5|1.0|1.0,,0.879164244234562
wide band gap insulating MOFs with low density,45,LEA,5,qmof-c82daac,Al2Li2C40H46N6O4,0.954866212,4.047188,0.755,1.0,,1.0,0.5,0.755,1.0,,1|1|1|1,0.755|0.5|1.0|1.0,,0.879164244234562
wide band gap insulating MOFs with low density,45,LEA no diversity,1,qmof-19d3c65,Zn3C64H52N4O18,0.972263976,4.20432,0.755,1.0,,1.0,0.5,0.755,1.0,,1|1|1|1,0.755|0.5|1.0|1.0,,0.8685576424002648
wide band gap insulating MOFs with low density,45,LEA no diversity,2,qmof-175a5d9,Fe6C42Cl6H12N18O12,0.750832979,3.544636,0.755,1.0,,1.0,0.5,0.755,1.0,,1|1|1|1,0.755|0.5|1.0|1.0,,0.8685576424002648
wide band gap insulating MOFs with low density,45,LEA no diversity,3,qmof-e3dcc4d,Zn6C48H60N24,0.917677932,5.279321,0.755,1.0,,1.0,0.5,0.755,1.0,,1|1|1|1,0.755|0.5|1.0|1.0,,0.8685576424002648
wide band gap insulating MOFs with low density,45,LEA no diversity,4,qmof-017128d,Zn6C48H60N24,0.913433658,5.310987,0.755,1.0,,1.0,0.5,0.755,1.0,,1|1|1|1,0.755|0.5|1.0|1.0,,0.8685576424002648
wide band gap insulating MOFs with low density,45,LEA no diversity,5,qmof-c82daac,Al2Li2C40H46N6O4,0.954866212,4.047188,0.755,1.0,,1.0,0.5,0.755,1.0,,1|1|1|1,0.755|0.5|1.0|1.0,,0.8685576424002648
wide band gap insulating MOFs with low density,45,LEA no self-cleaning,1,qmof-19d3c65,Zn3C64H52N4O18,0.972263976,4.20432,0.755,1.0,,1.0,0.5,0.755,1.0,,1|1|1|1,0.755|0.5|1.0|1.0,,0.879164244234562
wide band gap insulating MOFs with low density,45,LEA no self-cleaning,2,qmof-175a5d9,Fe6C42Cl6H12N18O12,0.750832979,3.544636,0.755,1.0,,1.0,0.5,0.755,1.0,,1|1|1|1,0.755|0.5|1.0|1.0,,0.879164244234562
wide band gap insulating MOFs with low density,45,LEA no self-cleaning,3,qmof-e3dcc4d,Zn6C48H60N24,0.917677932,5.279321,0.755,1.0,,1.0,0.5,0.755,1.0,,1|1|1|1,0.755|0.5|1.0|1.0,,0.879164244234562
wide band gap insulating MOFs with low density,45,LEA no self-cleaning,4,qmof-017128d,Zn6C48H60N24,0.913433658,5.310987,0.755,1.0,,1.0,0.5,0.755,1.0,,1|1|1|1,0.755|0.5|1.0|1.0,,0.879164244234562
wide band gap insulating MOFs with low density,45,LEA no self-cleaning,5,qmof-c82daac,Al2Li2C40H46N6O4,0.954866212,4.047188,0.755,1.0,,1.0,0.5,0.755,1.0,,1|1|1|1,0.755|0.5|1.0|1.0,,0.879164244234562
wide band gap insulating MOFs with low density,45,LEA + GAT,1,qmof-a2d95c3,Zn8C48H24O26,0.57861881,4.650938,0.755,1.0,,1.0,0.5,0.755,1.0,,1|1|1|1,0.755|0.5|1.0|1.0,,0.8466384366154671
wide band gap insulating MOFs with low density,45,LEA + GAT,2,qmof-175a5d9,Fe6C42Cl6H12N18O12,0.750832979,3.544636,0.755,1.0,,1.0,0.5,0.755,1.0,,1|1|1|1,0.755|0.5|1.0|1.0,,0.8425757512450218
wide band gap insulating MOFs with low density,45,LEA + GAT,3,qmof-017128d,Zn6C48H60N24,0.913433658,5.310987,0.755,1.0,,1.0,0.5,0.755,1.0,,1|1|1|1,0.755|0.5|1.0|1.0,,0.8389274954795838
wide band gap insulating MOFs with low density,45,LEA + GAT,4,qmof-e3dcc4d,Zn6C48H60N24,0.917677932,5.279321,0.755,1.0,,1.0,0.5,0.755,1.0,,1|1|1|1,0.755|0.5|1.0|1.0,,0.8388831362128257
wide band gap insulating MOFs with low density,45,LEA + GAT,5,qmof-4050181,Li4C28H32N4O8,0.936198777,5.066465,0.755,1.0,,1.0,0.5,0.755,1.0,,1|1|1|1,0.755|0.5|1.0|1.0,,0.8381716832518578
wide band gap insulating MOFs with low density,45,LEA + GraphSAGE,1,qmof-175a5d9,Fe6C42Cl6H12N18O12,0.750832979,3.544636,0.755,1.0,,1.0,0.5,0.755,1.0,,1|1|1|1,0.755|0.5|1.0|1.0,,0.8027046889066696
wide band gap insulating MOFs with low density,45,LEA + GraphSAGE,2,qmof-a2d95c3,Zn8C48H24O26,0.57861881,4.650938,0.755,1.0,,1.0,0.5,0.755,1.0,,1|1|1|1,0.755|0.5|1.0|1.0,,0.8008528977632523
wide band gap insulating MOFs with low density,45,LEA + GraphSAGE,3,qmof-8deddd1,Zn6C42H18O18,0.720023443,3.550246,0.755,1.0,,1.0,0.5,0.755,1.0,,1|1|1|1,0.755|0.5|1.0|1.0,,0.7970820188522338
wide band gap insulating MOFs with low density,45,LEA + GraphSAGE,4,qmof-b1cbe7a,Fe2C24H16N8,0.685538233,3.528396,0.755,1.0,,1.0,0.5,0.755,1.0,,1|1|1|1,0.755|0.5|1.0|1.0,,0.7911838114261627
wide band gap insulating MOFs with low density,45,LEA + GraphSAGE,5,qmof-4050181,Li4C28H32N4O8,0.936198777,5.066465,0.755,1.0,,1.0,0.5,0.755,1.0,,1|1|1|1,0.755|0.5|1.0|1.0,,0.7893027365207672
wide band gap insulating MOFs with low density,45,MMR,1,qmof-b1cbe7a,Fe2C24H16N8,0.685538233,3.528396,0.755,1.0,,1.0,0.5,0.755,1.0,,1|1|1|1,0.755|0.5|1.0|1.0,,0.78925
wide band gap insulating MOFs with low density,45,MMR,2,qmof-3133aaf,Zn4C64H48N8O16,0.969248466,4.523716,0.755,1.0,,1.0,0.5,0.755,1.0,,1|1|1|1,0.755|0.5|1.0|1.0,,0.78925
wide band gap insulating MOFs with low density,45,MMR,3,qmof-4f9c014,Cu2C40H40N4O8,0.784105616,3.939544,0.755,1.0,,1.0,0.5,0.755,1.0,,1|1|1|1,0.755|0.5|1.0|1.0,,0.78925
wide band gap insulating MOFs with low density,45,MMR,4,qmof-a2d95c3,Zn8C48H24O26,0.57861881,4.650938,0.755,1.0,,1.0,0.5,0.755,1.0,,1|1|1|1,0.755|0.5|1.0|1.0,,0.78925
wide band gap insulating MOFs with low density,45,MMR,5,qmof-694fdb2,Na4C52H80N4O8,0.918885408,3.600195,0.755,1.0,,1.0,0.5,0.755,1.0,,1|1|1|1,0.755|0.5|1.0|1.0,,0.78925
wide band gap insulating MOFs with low density,45,ParetoCrowding,1,qmof-e3dcc4d,Zn6C48H60N24,0.917677932,5.279321,0.755,1.0,,1.0,0.5,0.755,1.0,,1|1|1|1,0.755|0.5|1.0|1.0,,0.78925
wide band gap insulating MOFs with low density,45,ParetoCrowding,2,qmof-c82daac,Al2Li2C40H46N6O4,0.954866212,4.047188,0.755,1.0,,1.0,0.5,0.755,1.0,,1|1|1|1,0.755|0.5|1.0|1.0,,0.78925
wide band gap insulating MOFs with low density,45,ParetoCrowding,3,qmof-b1cbe7a,Fe2C24H16N8,0.685538233,3.528396,0.755,1.0,,1.0,0.5,0.755,1.0,,1|1|1|1,0.755|0.5|1.0|1.0,,0.78925
wide band gap insulating MOFs with low density,45,ParetoCrowding,4,qmof-a2d95c3,Zn8C48H24O26,0.57861881,4.650938,0.755,1.0,,1.0,0.5,0.755,1.0,,1|1|1|1,0.755|0.5|1.0|1.0,,0.78925
wide band gap insulating MOFs with low density,45,ParetoCrowding,5,qmof-8deddd1,Zn6C42H18O18,0.720023443,3.550246,0.755,1.0,,1.0,0.5,0.755,1.0,,1|1|1|1,0.755|0.5|1.0|1.0,,0.78925
wide band gap insulating MOFs with low density,45,Random,1,qmof-e7f8efa,Cd4C56H48N8O16,1.741521295,3.68209,0.755,0.7,,0.7,0.5,0.755,0.7,,1|1|1|1,0.755|0.5|0.7|0.7,,0.66925
wide band gap insulating MOFs with low density,45,Random,2,qmof-78fa3cf,Ag4C48H12N24,1.763516253,3.669743,0.755,0.7,,0.7,0.5,0.755,0.7,,1|1|1|1,0.755|0.5|0.7|0.7,,0.66925
wide band gap insulating MOFs with low density,45,Random,3,qmof-4050181,Li4C28H32N4O8,0.936198777,5.066465,0.755,1.0,,1.0,0.5,0.755,1.0,,1|1|1|1,0.755|0.5|1.0|1.0,,0.78925
wide band gap insulating MOFs with low density,45,Random,4,qmof-cbb7574,Tb2C42H30O18,1.874742967,3.80596,0.755,0.7,,0.7,0.5,0.755,0.7,,1|1|1|1,0.755|0.5|0.7|0.7,,0.66925
wide band gap insulating MOFs with low density,45,Random,5,qmof-e6ca203,Zn4C56H52N8O20,1.600464662,3.554075,0.755,0.7,,0.7,0.5,0.755,0.7,,1|1|1|1,0.755|0.5|0.7|0.7,,0.66925
wide band gap insulating MOFs with low density,45,SemanticOnly,1,qmof-ff08ff7,K4C16H8O8,1.816785287,4.572055,0.755,0.7,,0.7,0.5,0.755,0.7,,1|1|1|1,0.755|0.5|0.7|0.7,,0.66925
wide band gap insulating MOFs with low density,45,SemanticOnly,2,qmof-fdb520d,Cd3C52H54N18O20S2,1.719013153,4.582349,0.755,0.7,,0.7,0.5,0.755,0.7,,1|1|1|1,0.755|0.5|0.7|0.7,,0.66925
wide band gap insulating MOFs with low density,45,SemanticOnly,3,qmof-faec724,Cd4C40H40N32O28,1.839845535,3.695211,0.755,0.7,,0.7,0.5,0.755,0.7,,1|1|1|1,0.755|0.5|0.7|0.7,,0.66925
wide band gap insulating MOFs with low density,45,SemanticOnly,4,qmof-f96785a,Zn2C36H36N8O10,1.578911361,4.741722,0.755,0.7,,0.7,0.5,0.755,0.7,,1|1|1|1,0.755|0.5|0.7|0.7,,0.66925
wide band gap insulating MOFs with low density,45,SemanticOnly,5,qmof-f771839,Co2C38H40N8O8,1.401927433,4.295336,0.755,0.7,,0.7,0.5,0.755,0.7,,1|1|1|1,0.755|0.5|0.7|0.7,,0.66925
wide band gap insulating MOFs with low density,45,TOPSIS,1,qmof-e3dcc4d,Zn6C48H60N24,0.917677932,5.279321,0.755,1.0,,1.0,0.5,0.755,1.0,,1|1|1|1,0.755|0.5|1.0|1.0,,0.78925
wide band gap insulating MOFs with low density,45,TOPSIS,2,qmof-c82daac,Al2Li2C40H46N6O4,0.954866212,4.047188,0.755,1.0,,1.0,0.5,0.755,1.0,,1|1|1|1,0.755|0.5|1.0|1.0,,0.78925
wide band gap insulating MOFs with low density,45,TOPSIS,3,qmof-b1cbe7a,Fe2C24H16N8,0.685538233,3.528396,0.755,1.0,,1.0,0.5,0.755,1.0,,1|1|1|1,0.755|0.5|1.0|1.0,,0.78925
wide band gap insulating MOFs with low density,45,TOPSIS,4,qmof-a2d95c3,Zn8C48H24O26,0.57861881,4.650938,0.755,1.0,,1.0,0.5,0.755,1.0,,1|1|1|1,0.755|0.5|1.0|1.0,,0.78925
wide band gap insulating MOFs with low density,45,TOPSIS,5,qmof-8deddd1,Zn6C42H18O18,0.720023443,3.550246,0.755,1.0,,1.0,0.5,0.755,1.0,,1|1|1|1,0.755|0.5|1.0|1.0,,0.78925
wide band gap insulating MOFs with low density,45,WeightedSum,1,qmof-e3dcc4d,Zn6C48H60N24,0.917677932,5.279321,0.755,1.0,,1.0,0.5,0.755,1.0,,1|1|1|1,0.755|0.5|1.0|1.0,,0.78925
wide band gap insulating MOFs with low density,45,WeightedSum,2,qmof-c82daac,Al2Li2C40H46N6O4,0.954866212,4.047188,0.755,1.0,,1.0,0.5,0.755,1.0,,1|1|1|1,0.755|0.5|1.0|1.0,,0.78925
wide band gap insulating MOFs with low density,45,WeightedSum,3,qmof-b1cbe7a,Fe2C24H16N8,0.685538233,3.528396,0.755,1.0,,1.0,0.5,0.755,1.0,,1|1|1|1,0.755|0.5|1.0|1.0,,0.78925
wide band gap insulating MOFs with low density,45,WeightedSum,4,qmof-a2d95c3,Zn8C48H24O26,0.57861881,4.650938,0.755,1.0,,1.0,0.5,0.755,1.0,,1|1|1|1,0.755|0.5|1.0|1.0,,0.78925
wide band gap insulating MOFs with low density,45,WeightedSum,5,qmof-8deddd1,Zn6C42H18O18,0.720023443,3.550246,0.755,1.0,,1.0,0.5,0.755,1.0,,1|1|1|1,0.755|0.5|1.0|1.0,,0.78925
wide band gap insulating MOFs with low density,46,GAT only,1,qmof-a2d95c3,Zn8C48H24O26,0.57861881,4.650938,0.755,1.0,,1.0,0.5,0.755,1.0,,1|1|1|1,0.755|0.5|1.0|1.0,,0.78925
wide band gap insulating MOFs with low density,46,GAT only,2,qmof-175a5d9,Fe6C42Cl6H12N18O12,0.750832979,3.544636,0.755,1.0,,1.0,0.5,0.755,1.0,,1|1|1|1,0.755|0.5|1.0|1.0,,0.78925
wide band gap insulating MOFs with low density,46,GAT only,3,qmof-017128d,Zn6C48H60N24,0.913433658,5.310987,0.755,1.0,,1.0,0.5,0.755,1.0,,1|1|1|1,0.755|0.5|1.0|1.0,,0.78925
wide band gap insulating MOFs with low density,46,GAT only,4,qmof-e3dcc4d,Zn6C48H60N24,0.917677932,5.279321,0.755,1.0,,1.0,0.5,0.755,1.0,,1|1|1|1,0.755|0.5|1.0|1.0,,0.78925
wide band gap insulating MOFs with low density,46,GAT only,5,qmof-4050181,Li4C28H32N4O8,0.936198777,5.066465,0.755,1.0,,1.0,0.5,0.755,1.0,,1|1|1|1,0.755|0.5|1.0|1.0,,0.78925
wide band gap insulating MOFs with low density,46,GraphSAGE only,1,qmof-175a5d9,Fe6C42Cl6H12N18O12,0.750832979,3.544636,0.755,1.0,,1.0,0.5,0.755,1.0,,1|1|1|1,0.755|0.5|1.0|1.0,,0.78925
wide band gap insulating MOFs with low density,46,GraphSAGE only,2,qmof-a2d95c3,Zn8C48H24O26,0.57861881,4.650938,0.755,1.0,,1.0,0.5,0.755,1.0,,1|1|1|1,0.755|0.5|1.0|1.0,,0.78925
wide band gap insulating MOFs with low density,46,GraphSAGE only,3,qmof-8deddd1,Zn6C42H18O18,0.720023443,3.550246,0.755,1.0,,1.0,0.5,0.755,1.0,,1|1|1|1,0.755|0.5|1.0|1.0,,0.78925
wide band gap insulating MOFs with low density,46,GraphSAGE only,4,qmof-b1cbe7a,Fe2C24H16N8,0.685538233,3.528396,0.755,1.0,,1.0,0.5,0.755,1.0,,1|1|1|1,0.755|0.5|1.0|1.0,,0.78925
wide band gap insulating MOFs with low density,46,GraphSAGE only,5,qmof-4050181,Li4C28H32N4O8,0.936198777,5.066465,0.755,1.0,,1.0,0.5,0.755,1.0,,1|1|1|1,0.755|0.5|1.0|1.0,,0.78925
wide band gap insulating MOFs with low density,46,LEA,1,qmof-694fdb2,Na4C52H80N4O8,0.918885408,3.600195,0.755,1.0,,1.0,0.5,0.755,1.0,,1|1|1|1,0.755|0.5|1.0|1.0,,0.879164244234562
wide band gap insulating MOFs with low density,46,LEA,2,qmof-8deddd1,Zn6C42H18O18,0.720023443,3.550246,0.755,1.0,,1.0,0.5,0.755,1.0,,1|1|1|1,0.755|0.5|1.0|1.0,,0.879164244234562
wide band gap insulating MOFs with low density,46,LEA,3,qmof-a2d95c3,Zn8C48H24O26,0.57861881,4.650938,0.755,1.0,,1.0,0.5,0.755,1.0,,1|1|1|1,0.755|0.5|1.0|1.0,,0.879164244234562
wide band gap insulating MOFs with low density,46,LEA,4,qmof-c82daac,Al2Li2C40H46N6O4,0.954866212,4.047188,0.755,1.0,,1.0,0.5,0.755,1.0,,1|1|1|1,0.755|0.5|1.0|1.0,,0.879164244234562
wide band gap insulating MOFs with low density,46,LEA,5,qmof-175a5d9,Fe6C42Cl6H12N18O12,0.750832979,3.544636,0.755,1.0,,1.0,0.5,0.755,1.0,,1|1|1|1,0.755|0.5|1.0|1.0,,0.879164244234562
wide band gap insulating MOFs with low density,46,LEA no diversity,1,qmof-694fdb2,Na4C52H80N4O8,0.918885408,3.600195,0.755,1.0,,1.0,0.5,0.755,1.0,,1|1|1|1,0.755|0.5|1.0|1.0,,0.8685576424002648
wide band gap insulating MOFs with low density,46,LEA no diversity,2,qmof-8deddd1,Zn6C42H18O18,0.720023443,3.550246,0.755,1.0,,1.0,0.5,0.755,1.0,,1|1|1|1,0.755|0.5|1.0|1.0,,0.8685576424002648
wide band gap insulating MOFs with low density,46,LEA no diversity,3,qmof-a2d95c3,Zn8C48H24O26,0.57861881,4.650938,0.755,1.0,,1.0,0.5,0.755,1.0,,1|1|1|1,0.755|0.5|1.0|1.0,,0.8685576424002648
wide band gap insulating MOFs with low density,46,LEA no diversity,4,qmof-c82daac,Al2Li2C40H46N6O4,0.954866212,4.047188,0.755,1.0,,1.0,0.5,0.755,1.0,,1|1|1|1,0.755|0.5|1.0|1.0,,0.8685576424002648
wide band gap insulating MOFs with low density,46,LEA no diversity,5,qmof-175a5d9,Fe6C42Cl6H12N18O12,0.750832979,3.544636,0.755,1.0,,1.0,0.5,0.755,1.0,,1|1|1|1,0.755|0.5|1.0|1.0,,0.8685576424002648
wide band gap insulating MOFs with low density,46,LEA no self-cleaning,1,qmof-694fdb2,Na4C52H80N4O8,0.918885408,3.600195,0.755,1.0,,1.0,0.5,0.755,1.0,,1|1|1|1,0.755|0.5|1.0|1.0,,0.879164244234562
wide band gap insulating MOFs with low density,46,LEA no self-cleaning,2,qmof-8deddd1,Zn6C42H18O18,0.720023443,3.550246,0.755,1.0,,1.0,0.5,0.755,1.0,,1|1|1|1,0.755|0.5|1.0|1.0,,0.879164244234562
wide band gap insulating MOFs with low density,46,LEA no self-cleaning,3,qmof-a2d95c3,Zn8C48H24O26,0.57861881,4.650938,0.755,1.0,,1.0,0.5,0.755,1.0,,1|1|1|1,0.755|0.5|1.0|1.0,,0.879164244234562
wide band gap insulating MOFs with low density,46,LEA no self-cleaning,4,qmof-c82daac,Al2Li2C40H46N6O4,0.954866212,4.047188,0.755,1.0,,1.0,0.5,0.755,1.0,,1|1|1|1,0.755|0.5|1.0|1.0,,0.879164244234562
wide band gap insulating MOFs with low density,46,LEA no self-cleaning,5,qmof-175a5d9,Fe6C42Cl6H12N18O12,0.750832979,3.544636,0.755,1.0,,1.0,0.5,0.755,1.0,,1|1|1|1,0.755|0.5|1.0|1.0,,0.879164244234562
wide band gap insulating MOFs with low density,46,LEA + GAT,1,qmof-a2d95c3,Zn8C48H24O26,0.57861881,4.650938,0.755,1.0,,1.0,0.5,0.755,1.0,,1|1|1|1,0.755|0.5|1.0|1.0,,0.8466384366154671
wide band gap insulating MOFs with low density,46,LEA + GAT,2,qmof-175a5d9,Fe6C42Cl6H12N18O12,0.750832979,3.544636,0.755,1.0,,1.0,0.5,0.755,1.0,,1|1|1|1,0.755|0.5|1.0|1.0,,0.8425757512450218
wide band gap insulating MOFs with low density,46,LEA + GAT,3,qmof-017128d,Zn6C48H60N24,0.913433658,5.310987,0.755,1.0,,1.0,0.5,0.755,1.0,,1|1|1|1,0.755|0.5|1.0|1.0,,0.8389274954795838
wide band gap insulating MOFs with low density,46,LEA + GAT,4,qmof-e3dcc4d,Zn6C48H60N24,0.917677932,5.279321,0.755,1.0,,1.0,0.5,0.755,1.0,,1|1|1|1,0.755|0.5|1.0|1.0,,0.8388831362128257
wide band gap insulating MOFs with low density,46,LEA + GAT,5,qmof-4050181,Li4C28H32N4O8,0.936198777,5.066465,0.755,1.0,,1.0,0.5,0.755,1.0,,1|1|1|1,0.755|0.5|1.0|1.0,,0.8381716832518578
wide band gap insulating MOFs with low density,46,LEA + GraphSAGE,1,qmof-175a5d9,Fe6C42Cl6H12N18O12,0.750832979,3.544636,0.755,1.0,,1.0,0.5,0.755,1.0,,1|1|1|1,0.755|0.5|1.0|1.0,,0.8027046889066696
wide band gap insulating MOFs with low density,46,LEA + GraphSAGE,2,qmof-a2d95c3,Zn8C48H24O26,0.57861881,4.650938,0.755,1.0,,1.0,0.5,0.755,1.0,,1|1|1|1,0.755|0.5|1.0|1.0,,0.8008528977632523
wide band gap insulating MOFs with low density,46,LEA + GraphSAGE,3,qmof-8deddd1,Zn6C42H18O18,0.720023443,3.550246,0.755,1.0,,1.0,0.5,0.755,1.0,,1|1|1|1,0.755|0.5|1.0|1.0,,0.7970820188522338
wide band gap insulating MOFs with low density,46,LEA + GraphSAGE,4,qmof-b1cbe7a,Fe2C24H16N8,0.685538233,3.528396,0.755,1.0,,1.0,0.5,0.755,1.0,,1|1|1|1,0.755|0.5|1.0|1.0,,0.7911838114261627
wide band gap insulating MOFs with low density,46,LEA + GraphSAGE,5,qmof-4050181,Li4C28H32N4O8,0.936198777,5.066465,0.755,1.0,,1.0,0.5,0.755,1.0,,1|1|1|1,0.755|0.5|1.0|1.0,,0.7893027365207672
wide band gap insulating MOFs with low density,46,MMR,1,qmof-4050181,Li4C28H32N4O8,0.936198777,5.066465,0.755,1.0,,1.0,0.5,0.755,1.0,,1|1|1|1,0.755|0.5|1.0|1.0,,0.78925
wide band gap insulating MOFs with low density,46,MMR,2,qmof-3133aaf,Zn4C64H48N8O16,0.969248466,4.523716,0.755,1.0,,1.0,0.5,0.755,1.0,,1|1|1|1,0.755|0.5|1.0|1.0,,0.78925
wide band gap insulating MOFs with low density,46,MMR,3,qmof-017128d,Zn6C48H60N24,0.913433658,5.310987,0.755,1.0,,1.0,0.5,0.755,1.0,,1|1|1|1,0.755|0.5|1.0|1.0,,0.78925
wide band gap insulating MOFs with low density,46,MMR,4,qmof-4f9c014,Cu2C40H40N4O8,0.784105616,3.939544,0.755,1.0,,1.0,0.5,0.755,1.0,,1|1|1|1,0.755|0.5|1.0|1.0,,0.78925
wide band gap insulating MOFs with low density,46,MMR,5,qmof-b1cbe7a,Fe2C24H16N8,0.685538233,3.528396,0.755,1.0,,1.0,0.5,0.755,1.0,,1|1|1|1,0.755|0.5|1.0|1.0,,0.78925
wide band gap insulating MOFs with low density,46,ParetoCrowding,1,qmof-e3dcc4d,Zn6C48H60N24,0.917677932,5.279321,0.755,1.0,,1.0,0.5,0.755,1.0,,1|1|1|1,0.755|0.5|1.0|1.0,,0.78925
wide band gap insulating MOFs with low density,46,ParetoCrowding,2,qmof-c82daac,Al2Li2C40H46N6O4,0.954866212,4.047188,0.755,1.0,,1.0,0.5,0.755,1.0,,1|1|1|1,0.755|0.5|1.0|1.0,,0.78925
wide band gap insulating MOFs with low density,46,ParetoCrowding,3,qmof-b1cbe7a,Fe2C24H16N8,0.685538233,3.528396,0.755,1.0,,1.0,0.5,0.755,1.0,,1|1|1|1,0.755|0.5|1.0|1.0,,0.78925
wide band gap insulating MOFs with low density,46,ParetoCrowding,4,qmof-a2d95c3,Zn8C48H24O26,0.57861881,4.650938,0.755,1.0,,1.0,0.5,0.755,1.0,,1|1|1|1,0.755|0.5|1.0|1.0,,0.78925
wide band gap insulating MOFs with low density,46,ParetoCrowding,5,qmof-8deddd1,Zn6C42H18O18,0.720023443,3.550246,0.755,1.0,,1.0,0.5,0.755,1.0,,1|1|1|1,0.755|0.5|1.0|1.0,,0.78925
wide band gap insulating MOFs with low density,46,Random,1,qmof-d385e80,Cu2C40H36N12O10,1.650882366,4.022855,0.755,0.7,,0.7,0.5,0.755,0.7,,1|1|1|1,0.755|0.5|0.7|0.7,,0.66925
wide band gap insulating MOFs with low density,46,Random,2,qmof-6bc1eda,Zn2C34H28N16,1.493647785,4.838253,0.755,0.7,,0.7,0.5,0.755,0.7,,1|1|1|1,0.755|0.5|0.7|0.7,,0.66925
wide band gap insulating MOFs with low density,46,Random,3,qmof-d1115ca,Cu2C28H28N4O12,1.635308069,3.837814,0.755,0.7,,0.7,0.5,0.755,0.7,,1|1|1|1,0.755|0.5|0.7|0.7,,0.66925
wide band gap insulating MOFs with low density,46,Random,4,qmof-9d5b9ef,Cu2C32H32N8O8,1.556096769,3.70031,0.755,0.7,,0.7,0.5,0.755,0.7,,1|1|1|1,0.755|0.5|0.7|0.7,,0.66925
wide band gap insulating MOFs with low density,46,Random,5,qmof-0b3d138,Cu4C40H64N8O16,1.642151116,3.739812,0.755,0.7,,0.7,0.5,0.755,0.7,,1|1|1|1,0.755|0.5|0.7|0.7,,0.66925
wide band gap insulating MOFs with low density,46,SemanticOnly,1,qmof-fdc53a4,Cd2C52H68N8O8,1.293524347,5.008493,0.755,0.7,,0.7,0.5,0.755,0.7,,1|1|1|1,0.755|0.5|0.7|0.7,,0.66925
wide band gap insulating MOFs with low density,46,SemanticOnly,2,qmof-fbdd307,Cd4C28H56N16O16S8,1.913880538,4.88913,0.755,0.7,,0.7,0.5,0.755,0.7,,1|1|1|1,0.755|0.5|0.7|0.7,,0.66925
wide band gap insulating MOFs with low density,46,SemanticOnly,3,qmof-f6f5702,Zn2C22H20N8O14,1.681298211,3.963427,0.755,0.7,,0.7,0.5,0.755,0.7,,1|1|1|1,0.755|0.5|0.7|0.7,,0.66925
wide band gap insulating MOFs with low density,46,SemanticOnly,4,qmof-f61d5ce,In4C32H16O20,1.287779073,4.433449,0.755,0.7,,0.7,0.5,0.755,0.7,,1|1|1|1,0.755|0.5|0.7|0.7,,0.66925
wide band gap insulating MOFs with low density,46,SemanticOnly,5,qmof-f5464fc,Zn4C40H28N4O20,1.980240268,3.852627,0.755,0.7,,0.7,0.5,0.755,0.7,,1|1|1|1,0.755|0.5|0.7|0.7,,0.66925
wide band gap insulating MOFs with low density,46,TOPSIS,1,qmof-e3dcc4d,Zn6C48H60N24,0.917677932,5.279321,0.755,1.0,,1.0,0.5,0.755,1.0,,1|1|1|1,0.755|0.5|1.0|1.0,,0.78925
wide band gap insulating MOFs with low density,46,TOPSIS,2,qmof-c82daac,Al2Li2C40H46N6O4,0.954866212,4.047188,0.755,1.0,,1.0,0.5,0.755,1.0,,1|1|1|1,0.755|0.5|1.0|1.0,,0.78925
wide band gap insulating MOFs with low density,46,TOPSIS,3,qmof-b1cbe7a,Fe2C24H16N8,0.685538233,3.528396,0.755,1.0,,1.0,0.5,0.755,1.0,,1|1|1|1,0.755|0.5|1.0|1.0,,0.78925
wide band gap insulating MOFs with low density,46,TOPSIS,4,qmof-a2d95c3,Zn8C48H24O26,0.57861881,4.650938,0.755,1.0,,1.0,0.5,0.755,1.0,,1|1|1|1,0.755|0.5|1.0|1.0,,0.78925
wide band gap insulating MOFs with low density,46,TOPSIS,5,qmof-8deddd1,Zn6C42H18O18,0.720023443,3.550246,0.755,1.0,,1.0,0.5,0.755,1.0,,1|1|1|1,0.755|0.5|1.0|1.0,,0.78925
wide band gap insulating MOFs with low density,46,WeightedSum,1,qmof-e3dcc4d,Zn6C48H60N24,0.917677932,5.279321,0.755,1.0,,1.0,0.5,0.755,1.0,,1|1|1|1,0.755|0.5|1.0|1.0,,0.78925
wide band gap insulating MOFs with low density,46,WeightedSum,2,qmof-c82daac,Al2Li2C40H46N6O4,0.954866212,4.047188,0.755,1.0,,1.0,0.5,0.755,1.0,,1|1|1|1,0.755|0.5|1.0|1.0,,0.78925
wide band gap insulating MOFs with low density,46,WeightedSum,3,qmof-b1cbe7a,Fe2C24H16N8,0.685538233,3.528396,0.755,1.0,,1.0,0.5,0.755,1.0,,1|1|1|1,0.755|0.5|1.0|1.0,,0.78925
wide band gap insulating MOFs with low density,46,WeightedSum,4,qmof-a2d95c3,Zn8C48H24O26,0.57861881,4.650938,0.755,1.0,,1.0,0.5,0.755,1.0,,1|1|1|1,0.755|0.5|1.0|1.0,,0.78925
wide band gap insulating MOFs with low density,46,WeightedSum,5,qmof-8deddd1,Zn6C42H18O18,0.720023443,3.550246,0.755,1.0,,1.0,0.5,0.755,1.0,,1|1|1|1,0.755|0.5|1.0|1.0,,0.78925
wide band gap insulating MOFs with low density,47,GAT only,1,qmof-a2d95c3,Zn8C48H24O26,0.57861881,4.650938,0.755,1.0,,1.0,0.5,0.755,1.0,,1|1|1|1,0.755|0.5|1.0|1.0,,0.78925
wide band gap insulating MOFs with low density,47,GAT only,2,qmof-175a5d9,Fe6C42Cl6H12N18O12,0.750832979,3.544636,0.755,1.0,,1.0,0.5,0.755,1.0,,1|1|1|1,0.755|0.5|1.0|1.0,,0.78925
wide band gap insulating MOFs with low density,47,GAT only,3,qmof-017128d,Zn6C48H60N24,0.913433658,5.310987,0.755,1.0,,1.0,0.5,0.755,1.0,,1|1|1|1,0.755|0.5|1.0|1.0,,0.78925
wide band gap insulating MOFs with low density,47,GAT only,4,qmof-e3dcc4d,Zn6C48H60N24,0.917677932,5.279321,0.755,1.0,,1.0,0.5,0.755,1.0,,1|1|1|1,0.755|0.5|1.0|1.0,,0.78925
wide band gap insulating MOFs with low density,47,GAT only,5,qmof-4050181,Li4C28H32N4O8,0.936198777,5.066465,0.755,1.0,,1.0,0.5,0.755,1.0,,1|1|1|1,0.755|0.5|1.0|1.0,,0.78925
wide band gap insulating MOFs with low density,47,GraphSAGE only,1,qmof-175a5d9,Fe6C42Cl6H12N18O12,0.750832979,3.544636,0.755,1.0,,1.0,0.5,0.755,1.0,,1|1|1|1,0.755|0.5|1.0|1.0,,0.78925
wide band gap insulating MOFs with low density,47,GraphSAGE only,2,qmof-a2d95c3,Zn8C48H24O26,0.57861881,4.650938,0.755,1.0,,1.0,0.5,0.755,1.0,,1|1|1|1,0.755|0.5|1.0|1.0,,0.78925
wide band gap insulating MOFs with low density,47,GraphSAGE only,3,qmof-8deddd1,Zn6C42H18O18,0.720023443,3.550246,0.755,1.0,,1.0,0.5,0.755,1.0,,1|1|1|1,0.755|0.5|1.0|1.0,,0.78925
wide band gap insulating MOFs with low density,47,GraphSAGE only,4,qmof-b1cbe7a,Fe2C24H16N8,0.685538233,3.528396,0.755,1.0,,1.0,0.5,0.755,1.0,,1|1|1|1,0.755|0.5|1.0|1.0,,0.78925
wide band gap insulating MOFs with low density,47,GraphSAGE only,5,qmof-4050181,Li4C28H32N4O8,0.936198777,5.066465,0.755,1.0,,1.0,0.5,0.755,1.0,,1|1|1|1,0.755|0.5|1.0|1.0,,0.78925
wide band gap insulating MOFs with low density,47,LEA,1,qmof-3133aaf,Zn4C64H48N8O16,0.969248466,4.523716,0.755,1.0,,1.0,0.5,0.755,1.0,,1|1|1|1,0.755|0.5|1.0|1.0,,0.879164244234562
wide band gap insulating MOFs with low density,47,LEA,2,qmof-694fdb2,Na4C52H80N4O8,0.918885408,3.600195,0.755,1.0,,1.0,0.5,0.755,1.0,,1|1|1|1,0.755|0.5|1.0|1.0,,0.879164244234562
wide band gap insulating MOFs with low density,47,LEA,3,qmof-19d3c65,Zn3C64H52N4O18,0.972263976,4.20432,0.755,1.0,,1.0,0.5,0.755,1.0,,1|1|1|1,0.755|0.5|1.0|1.0,,0.879164244234562
wide band gap insulating MOFs with low density,47,LEA,4,qmof-e3dcc4d,Zn6C48H60N24,0.917677932,5.279321,0.755,1.0,,1.0,0.5,0.755,1.0,,1|1|1|1,0.755|0.5|1.0|1.0,,0.879164244234562
wide band gap insulating MOFs with low density,47,LEA,5,qmof-a2d95c3,Zn8C48H24O26,0.57861881,4.650938,0.755,1.0,,1.0,0.5,0.755,1.0,,1|1|1|1,0.755|0.5|1.0|1.0,,0.879164244234562
wide band gap insulating MOFs with low density,47,LEA no diversity,1,qmof-3133aaf,Zn4C64H48N8O16,0.969248466,4.523716,0.755,1.0,,1.0,0.5,0.755,1.0,,1|1|1|1,0.755|0.5|1.0|1.0,,0.8685576424002648
wide band gap insulating MOFs with low density,47,LEA no diversity,2,qmof-694fdb2,Na4C52H80N4O8,0.918885408,3.600195,0.755,1.0,,1.0,0.5,0.755,1.0,,1|1|1|1,0.755|0.5|1.0|1.0,,0.8685576424002648
wide band gap insulating MOFs with low density,47,LEA no diversity,3,qmof-19d3c65,Zn3C64H52N4O18,0.972263976,4.20432,0.755,1.0,,1.0,0.5,0.755,1.0,,1|1|1|1,0.755|0.5|1.0|1.0,,0.8685576424002648
wide band gap insulating MOFs with low density,47,LEA no diversity,4,qmof-e3dcc4d,Zn6C48H60N24,0.917677932,5.279321,0.755,1.0,,1.0,0.5,0.755,1.0,,1|1|1|1,0.755|0.5|1.0|1.0,,0.8685576424002648
wide band gap insulating MOFs with low density,47,LEA no diversity,5,qmof-a2d95c3,Zn8C48H24O26,0.57861881,4.650938,0.755,1.0,,1.0,0.5,0.755,1.0,,1|1|1|1,0.755|0.5|1.0|1.0,,0.8685576424002648
wide band gap insulating MOFs with low density,47,LEA no self-cleaning,1,qmof-3133aaf,Zn4C64H48N8O16,0.969248466,4.523716,0.755,1.0,,1.0,0.5,0.755,1.0,,1|1|1|1,0.755|0.5|1.0|1.0,,0.879164244234562
wide band gap insulating MOFs with low density,47,LEA no self-cleaning,2,qmof-694fdb2,Na4C52H80N4O8,0.918885408,3.600195,0.755,1.0,,1.0,0.5,0.755,1.0,,1|1|1|1,0.755|0.5|1.0|1.0,,0.879164244234562
wide band gap insulating MOFs with low density,47,LEA no self-cleaning,3,qmof-19d3c65,Zn3C64H52N4O18,0.972263976,4.20432,0.755,1.0,,1.0,0.5,0.755,1.0,,1|1|1|1,0.755|0.5|1.0|1.0,,0.879164244234562
wide band gap insulating MOFs with low density,47,LEA no self-cleaning,4,qmof-e3dcc4d,Zn6C48H60N24,0.917677932,5.279321,0.755,1.0,,1.0,0.5,0.755,1.0,,1|1|1|1,0.755|0.5|1.0|1.0,,0.879164244234562
wide band gap insulating MOFs with low density,47,LEA no self-cleaning,5,qmof-a2d95c3,Zn8C48H24O26,0.57861881,4.650938,0.755,1.0,,1.0,0.5,0.755,1.0,,1|1|1|1,0.755|0.5|1.0|1.0,,0.879164244234562
wide band gap insulating MOFs with low density,47,LEA + GAT,1,qmof-a2d95c3,Zn8C48H24O26,0.57861881,4.650938,0.755,1.0,,1.0,0.5,0.755,1.0,,1|1|1|1,0.755|0.5|1.0|1.0,,0.8466384366154671
wide band gap insulating MOFs with low density,47,LEA + GAT,2,qmof-175a5d9,Fe6C42Cl6H12N18O12,0.750832979,3.544636,0.755,1.0,,1.0,0.5,0.755,1.0,,1|1|1|1,0.755|0.5|1.0|1.0,,0.8425757512450218
wide band gap insulating MOFs with low density,47,LEA + GAT,3,qmof-017128d,Zn6C48H60N24,0.913433658,5.310987,0.755,1.0,,1.0,0.5,0.755,1.0,,1|1|1|1,0.755|0.5|1.0|1.0,,0.8389274954795838
wide band gap insulating MOFs with low density,47,LEA + GAT,4,qmof-e3dcc4d,Zn6C48H60N24,0.917677932,5.279321,0.755,1.0,,1.0,0.5,0.755,1.0,,1|1|1|1,0.755|0.5|1.0|1.0,,0.8388831362128257
wide band gap insulating MOFs with low density,47,LEA + GAT,5,qmof-4050181,Li4C28H32N4O8,0.936198777,5.066465,0.755,1.0,,1.0,0.5,0.755,1.0,,1|1|1|1,0.755|0.5|1.0|1.0,,0.8381716832518578
wide band gap insulating MOFs with low density,47,LEA + GraphSAGE,1,qmof-175a5d9,Fe6C42Cl6H12N18O12,0.750832979,3.544636,0.755,1.0,,1.0,0.5,0.755,1.0,,1|1|1|1,0.755|0.5|1.0|1.0,,0.8027046889066696
wide band gap insulating MOFs with low density,47,LEA + GraphSAGE,2,qmof-a2d95c3,Zn8C48H24O26,0.57861881,4.650938,0.755,1.0,,1.0,0.5,0.755,1.0,,1|1|1|1,0.755|0.5|1.0|1.0,,0.8008528977632523
wide band gap insulating MOFs with low density,47,LEA + GraphSAGE,3,qmof-8deddd1,Zn6C42H18O18,0.720023443,3.550246,0.755,1.0,,1.0,0.5,0.755,1.0,,1|1|1|1,0.755|0.5|1.0|1.0,,0.7970820188522338
wide band gap insulating MOFs with low density,47,LEA + GraphSAGE,4,qmof-b1cbe7a,Fe2C24H16N8,0.685538233,3.528396,0.755,1.0,,1.0,0.5,0.755,1.0,,1|1|1|1,0.755|0.5|1.0|1.0,,0.7911838114261627
wide band gap insulating MOFs with low density,47,LEA + GraphSAGE,5,qmof-4050181,Li4C28H32N4O8,0.936198777,5.066465,0.755,1.0,,1.0,0.5,0.755,1.0,,1|1|1|1,0.755|0.5|1.0|1.0,,0.7893027365207672
wide band gap insulating MOFs with low density,47,MMR,1,qmof-8deddd1,Zn6C42H18O18,0.720023443,3.550246,0.755,1.0,,1.0,0.5,0.755,1.0,,1|1|1|1,0.755|0.5|1.0|1.0,,0.78925
wide band gap insulating MOFs with low density,47,MMR,2,qmof-b1cbe7a,Fe2C24H16N8,0.685538233,3.528396,0.755,1.0,,1.0,0.5,0.755,1.0,,1|1|1|1,0.755|0.5|1.0|1.0,,0.78925
wide band gap insulating MOFs with low density,47,MMR,3,qmof-017128d,Zn6C48H60N24,0.913433658,5.310987,0.755,1.0,,1.0,0.5,0.755,1.0,,1|1|1|1,0.755|0.5|1.0|1.0,,0.78925
wide band gap insulating MOFs with low density,47,MMR,4,qmof-c82daac,Al2Li2C40H46N6O4,0.954866212,4.047188,0.755,1.0,,1.0,0.5,0.755,1.0,,1|1|1|1,0.755|0.5|1.0|1.0,,0.78925
wide band gap insulating MOFs with low density,47,MMR,5,qmof-175a5d9,Fe6C42Cl6H12N18O12,0.750832979,3.544636,0.755,1.0,,1.0,0.5,0.755,1.0,,1|1|1|1,0.755|0.5|1.0|1.0,,0.78925
wide band gap insulating MOFs with low density,47,ParetoCrowding,1,qmof-e3dcc4d,Zn6C48H60N24,0.917677932,5.279321,0.755,1.0,,1.0,0.5,0.755,1.0,,1|1|1|1,0.755|0.5|1.0|1.0,,0.78925
wide band gap insulating MOFs with low density,47,ParetoCrowding,2,qmof-c82daac,Al2Li2C40H46N6O4,0.954866212,4.047188,0.755,1.0,,1.0,0.5,0.755,1.0,,1|1|1|1,0.755|0.5|1.0|1.0,,0.78925
wide band gap insulating MOFs with low density,47,ParetoCrowding,3,qmof-b1cbe7a,Fe2C24H16N8,0.685538233,3.528396,0.755,1.0,,1.0,0.5,0.755,1.0,,1|1|1|1,0.755|0.5|1.0|1.0,,0.78925
wide band gap insulating MOFs with low density,47,ParetoCrowding,4,qmof-a2d95c3,Zn8C48H24O26,0.57861881,4.650938,0.755,1.0,,1.0,0.5,0.755,1.0,,1|1|1|1,0.755|0.5|1.0|1.0,,0.78925
wide band gap insulating MOFs with low density,47,ParetoCrowding,5,qmof-8deddd1,Zn6C42H18O18,0.720023443,3.550246,0.755,1.0,,1.0,0.5,0.755,1.0,,1|1|1|1,0.755|0.5|1.0|1.0,,0.78925
wide band gap insulating MOFs with low density,47,Random,1,qmof-35d63dc,Zn4C48H38N42O2,1.777537269,4.009753,0.755,0.7,,0.7,0.5,0.755,0.7,,1|1|1|1,0.755|0.5|0.7|0.7,,0.66925
wide band gap insulating MOFs with low density,47,Random,2,qmof-a4bad47,Cu2C12Cl2H14N4O6,1.906718717,3.609746,0.755,0.7,,0.7,0.5,0.755,0.7,,1|1|1|1,0.755|0.5|0.7|0.7,,0.66925
wide band gap insulating MOFs with low density,47,Random,3,qmof-3133aaf,Zn4C64H48N8O16,0.969248466,4.523716,0.755,1.0,,1.0,0.5,0.755,1.0,,1|1|1|1,0.755|0.5|1.0|1.0,,0.78925
wide band gap insulating MOFs with low density,47,Random,4,qmof-07585fa,Cd4C48H40N8O24,1.869791661,3.935562,0.755,0.7,,0.7,0.5,0.755,0.7,,1|1|1|1,0.755|0.5|0.7|0.7,,0.66925
wide band gap insulating MOFs with low density,47,Random,5,qmof-9c0d1a4,Ni6C42H24O30,1.550949051,3.868428,0.755,0.7,,0.7,0.5,0.755,0.7,,1|1|1|1,0.755|0.5|0.7|0.7,,0.66925
wide band gap insulating MOFs with low density,47,SemanticOnly,1,qmof-ff1d9b8,Li4C48H76N8O4,1.211570977,3.813185,0.755,0.7,,0.7,0.5,0.755,0.7,,1|1|1|1,0.755|0.5|0.7|0.7,,0.66925
wide band gap insulating MOFs with low density,47,SemanticOnly,2,qmof-f909d4e,Zn4C56H36N4O20,1.766646191,4.156505,0.755,0.7,,0.7,0.5,0.755,0.7,,1|1|1|1,0.755|0.5|0.7|0.7,,0.66925
wide band gap insulating MOFs with low density,47,SemanticOnly,3,qmof-f6ebd2b,Zn2C40H28N8O8,1.689000204,4.074979,0.755,0.7,,0.7,0.5,0.755,0.7,,1|1|1|1,0.755|0.5|0.7|0.7,,0.66925
wide band gap insulating MOFs with low density,47,SemanticOnly,4,qmof-ef21412,Zn2C50F2H44N6O14,1.653524987,3.960861,0.755,0.7,,0.7,0.5,0.755,0.7,,1|1|1|1,0.755|0.5|0.7|0.7,,0.66925
wide band gap insulating MOFs with low density,47,SemanticOnly,5,qmof-ee73557,CdC10Cl2H6N6S2,1.924717059,3.59358,0.755,0.7,,0.7,0.5,0.755,0.7,,1|1|1|1,0.755|0.5|0.7|0.7,,0.66925
wide band gap insulating MOFs with low density,47,TOPSIS,1,qmof-e3dcc4d,Zn6C48H60N24,0.917677932,5.279321,0.755,1.0,,1.0,0.5,0.755,1.0,,1|1|1|1,0.755|0.5|1.0|1.0,,0.78925
wide band gap insulating MOFs with low density,47,TOPSIS,2,qmof-c82daac,Al2Li2C40H46N6O4,0.954866212,4.047188,0.755,1.0,,1.0,0.5,0.755,1.0,,1|1|1|1,0.755|0.5|1.0|1.0,,0.78925
wide band gap insulating MOFs with low density,47,TOPSIS,3,qmof-b1cbe7a,Fe2C24H16N8,0.685538233,3.528396,0.755,1.0,,1.0,0.5,0.755,1.0,,1|1|1|1,0.755|0.5|1.0|1.0,,0.78925
wide band gap insulating MOFs with low density,47,TOPSIS,4,qmof-a2d95c3,Zn8C48H24O26,0.57861881,4.650938,0.755,1.0,,1.0,0.5,0.755,1.0,,1|1|1|1,0.755|0.5|1.0|1.0,,0.78925
wide band gap insulating MOFs with low density,47,TOPSIS,5,qmof-8deddd1,Zn6C42H18O18,0.720023443,3.550246,0.755,1.0,,1.0,0.5,0.755,1.0,,1|1|1|1,0.755|0.5|1.0|1.0,,0.78925
wide band gap insulating MOFs with low density,47,WeightedSum,1,qmof-e3dcc4d,Zn6C48H60N24,0.917677932,5.279321,0.755,1.0,,1.0,0.5,0.755,1.0,,1|1|1|1,0.755|0.5|1.0|1.0,,0.78925
wide band gap insulating MOFs with low density,47,WeightedSum,2,qmof-c82daac,Al2Li2C40H46N6O4,0.954866212,4.047188,0.755,1.0,,1.0,0.5,0.755,1.0,,1|1|1|1,0.755|0.5|1.0|1.0,,0.78925
wide band gap insulating MOFs with low density,47,WeightedSum,3,qmof-b1cbe7a,Fe2C24H16N8,0.685538233,3.528396,0.755,1.0,,1.0,0.5,0.755,1.0,,1|1|1|1,0.755|0.5|1.0|1.0,,0.78925
wide band gap insulating MOFs with low density,47,WeightedSum,4,qmof-a2d95c3,Zn8C48H24O26,0.57861881,4.650938,0.755,1.0,,1.0,0.5,0.755,1.0,,1|1|1|1,0.755|0.5|1.0|1.0,,0.78925
wide band gap insulating MOFs with low density,47,WeightedSum,5,qmof-8deddd1,Zn6C42H18O18,0.720023443,3.550246,0.755,1.0,,1.0,0.5,0.755,1.0,,1|1|1|1,0.755|0.5|1.0|1.0,,0.78925
wide band gap insulating MOFs with low density,48,GAT only,1,qmof-a2d95c3,Zn8C48H24O26,0.57861881,4.650938,0.755,1.0,,1.0,0.5,0.755,1.0,,1|1|1|1,0.755|0.5|1.0|1.0,,0.78925
wide band gap insulating MOFs with low density,48,GAT only,2,qmof-175a5d9,Fe6C42Cl6H12N18O12,0.750832979,3.544636,0.755,1.0,,1.0,0.5,0.755,1.0,,1|1|1|1,0.755|0.5|1.0|1.0,,0.78925
wide band gap insulating MOFs with low density,48,GAT only,3,qmof-017128d,Zn6C48H60N24,0.913433658,5.310987,0.755,1.0,,1.0,0.5,0.755,1.0,,1|1|1|1,0.755|0.5|1.0|1.0,,0.78925
wide band gap insulating MOFs with low density,48,GAT only,4,qmof-e3dcc4d,Zn6C48H60N24,0.917677932,5.279321,0.755,1.0,,1.0,0.5,0.755,1.0,,1|1|1|1,0.755|0.5|1.0|1.0,,0.78925
wide band gap insulating MOFs with low density,48,GAT only,5,qmof-4050181,Li4C28H32N4O8,0.936198777,5.066465,0.755,1.0,,1.0,0.5,0.755,1.0,,1|1|1|1,0.755|0.5|1.0|1.0,,0.78925
wide band gap insulating MOFs with low density,48,GraphSAGE only,1,qmof-175a5d9,Fe6C42Cl6H12N18O12,0.750832979,3.544636,0.755,1.0,,1.0,0.5,0.755,1.0,,1|1|1|1,0.755|0.5|1.0|1.0,,0.78925
wide band gap insulating MOFs with low density,48,GraphSAGE only,2,qmof-a2d95c3,Zn8C48H24O26,0.57861881,4.650938,0.755,1.0,,1.0,0.5,0.755,1.0,,1|1|1|1,0.755|0.5|1.0|1.0,,0.78925
wide band gap insulating MOFs with low density,48,GraphSAGE only,3,qmof-8deddd1,Zn6C42H18O18,0.720023443,3.550246,0.755,1.0,,1.0,0.5,0.755,1.0,,1|1|1|1,0.755|0.5|1.0|1.0,,0.78925
wide band gap insulating MOFs with low density,48,GraphSAGE only,4,qmof-b1cbe7a,Fe2C24H16N8,0.685538233,3.528396,0.755,1.0,,1.0,0.5,0.755,1.0,,1|1|1|1,0.755|0.5|1.0|1.0,,0.78925
wide band gap insulating MOFs with low density,48,GraphSAGE only,5,qmof-4050181,Li4C28H32N4O8,0.936198777,5.066465,0.755,1.0,,1.0,0.5,0.755,1.0,,1|1|1|1,0.755|0.5|1.0|1.0,,0.78925
wide band gap insulating MOFs with low density,48,LEA,1,qmof-c82daac,Al2Li2C40H46N6O4,0.954866212,4.047188,0.755,1.0,,1.0,0.5,0.755,1.0,,1|1|1|1,0.755|0.5|1.0|1.0,,0.879164244234562
wide band gap insulating MOFs with low density,48,LEA,2,qmof-3133aaf,Zn4C64H48N8O16,0.969248466,4.523716,0.755,1.0,,1.0,0.5,0.755,1.0,,1|1|1|1,0.755|0.5|1.0|1.0,,0.879164244234562
wide band gap insulating MOFs with low density,48,LEA,3,qmof-19d3c65,Zn3C64H52N4O18,0.972263976,4.20432,0.755,1.0,,1.0,0.5,0.755,1.0,,1|1|1|1,0.755|0.5|1.0|1.0,,0.879164244234562
wide band gap insulating MOFs with low density,48,LEA,4,qmof-4050181,Li4C28H32N4O8,0.936198777,5.066465,0.755,1.0,,1.0,0.5,0.755,1.0,,1|1|1|1,0.755|0.5|1.0|1.0,,0.879164244234562
wide band gap insulating MOFs with low density,48,LEA,5,qmof-b1cbe7a,Fe2C24H16N8,0.685538233,3.528396,0.755,1.0,,1.0,0.5,0.755,1.0,,1|1|1|1,0.755|0.5|1.0|1.0,,0.879164244234562
wide band gap insulating MOFs with low density,48,LEA no diversity,1,qmof-c82daac,Al2Li2C40H46N6O4,0.954866212,4.047188,0.755,1.0,,1.0,0.5,0.755,1.0,,1|1|1|1,0.755|0.5|1.0|1.0,,0.8685576424002648
wide band gap insulating MOFs with low density,48,LEA no diversity,2,qmof-3133aaf,Zn4C64H48N8O16,0.969248466,4.523716,0.755,1.0,,1.0,0.5,0.755,1.0,,1|1|1|1,0.755|0.5|1.0|1.0,,0.8685576424002648
wide band gap insulating MOFs with low density,48,LEA no diversity,3,qmof-19d3c65,Zn3C64H52N4O18,0.972263976,4.20432,0.755,1.0,,1.0,0.5,0.755,1.0,,1|1|1|1,0.755|0.5|1.0|1.0,,0.8685576424002648
wide band gap insulating MOFs with low density,48,LEA no diversity,4,qmof-4050181,Li4C28H32N4O8,0.936198777,5.066465,0.755,1.0,,1.0,0.5,0.755,1.0,,1|1|1|1,0.755|0.5|1.0|1.0,,0.8685576424002648
wide band gap insulating MOFs with low density,48,LEA no diversity,5,qmof-b1cbe7a,Fe2C24H16N8,0.685538233,3.528396,0.755,1.0,,1.0,0.5,0.755,1.0,,1|1|1|1,0.755|0.5|1.0|1.0,,0.8685576424002648
wide band gap insulating MOFs with low density,48,LEA no self-cleaning,1,qmof-c82daac,Al2Li2C40H46N6O4,0.954866212,4.047188,0.755,1.0,,1.0,0.5,0.755,1.0,,1|1|1|1,0.755|0.5|1.0|1.0,,0.879164244234562
wide band gap insulating MOFs with low density,48,LEA no self-cleaning,2,qmof-3133aaf,Zn4C64H48N8O16,0.969248466,4.523716,0.755,1.0,,1.0,0.5,0.755,1.0,,1|1|1|1,0.755|0.5|1.0|1.0,,0.879164244234562
wide band gap insulating MOFs with low density,48,LEA no self-cleaning,3,qmof-19d3c65,Zn3C64H52N4O18,0.972263976,4.20432,0.755,1.0,,1.0,0.5,0.755,1.0,,1|1|1|1,0.755|0.5|1.0|1.0,,0.879164244234562
wide band gap insulating MOFs with low density,48,LEA no self-cleaning,4,qmof-4050181,Li4C28H32N4O8,0.936198777,5.066465,0.755,1.0,,1.0,0.5,0.755,1.0,,1|1|1|1,0.755|0.5|1.0|1.0,,0.879164244234562
wide band gap insulating MOFs with low density,48,LEA no self-cleaning,5,qmof-b1cbe7a,Fe2C24H16N8,0.685538233,3.528396,0.755,1.0,,1.0,0.5,0.755,1.0,,1|1|1|1,0.755|0.5|1.0|1.0,,0.879164244234562
wide band gap insulating MOFs with low density,48,LEA + GAT,1,qmof-a2d95c3,Zn8C48H24O26,0.57861881,4.650938,0.755,1.0,,1.0,0.5,0.755,1.0,,1|1|1|1,0.755|0.5|1.0|1.0,,0.8466384366154671
wide band gap insulating MOFs with low density,48,LEA + GAT,2,qmof-175a5d9,Fe6C42Cl6H12N18O12,0.750832979,3.544636,0.755,1.0,,1.0,0.5,0.755,1.0,,1|1|1|1,0.755|0.5|1.0|1.0,,0.8425757512450218
wide band gap insulating MOFs with low density,48,LEA + GAT,3,qmof-017128d,Zn6C48H60N24,0.913433658,5.310987,0.755,1.0,,1.0,0.5,0.755,1.0,,1|1|1|1,0.755|0.5|1.0|1.0,,0.8389274954795838
wide band gap insulating MOFs with low density,48,LEA + GAT,4,qmof-e3dcc4d,Zn6C48H60N24,0.917677932,5.279321,0.755,1.0,,1.0,0.5,0.755,1.0,,1|1|1|1,0.755|0.5|1.0|1.0,,0.8388831362128257
wide band gap insulating MOFs with low density,48,LEA + GAT,5,qmof-4050181,Li4C28H32N4O8,0.936198777,5.066465,0.755,1.0,,1.0,0.5,0.755,1.0,,1|1|1|1,0.755|0.5|1.0|1.0,,0.8381716832518578
wide band gap insulating MOFs with low density,48,LEA + GraphSAGE,1,qmof-175a5d9,Fe6C42Cl6H12N18O12,0.750832979,3.544636,0.755,1.0,,1.0,0.5,0.755,1.0,,1|1|1|1,0.755|0.5|1.0|1.0,,0.8027046889066696
wide band gap insulating MOFs with low density,48,LEA + GraphSAGE,2,qmof-a2d95c3,Zn8C48H24O26,0.57861881,4.650938,0.755,1.0,,1.0,0.5,0.755,1.0,,1|1|1|1,0.755|0.5|1.0|1.0,,0.8008528977632523
wide band gap insulating MOFs with low density,48,LEA + GraphSAGE,3,qmof-8deddd1,Zn6C42H18O18,0.720023443,3.550246,0.755,1.0,,1.0,0.5,0.755,1.0,,1|1|1|1,0.755|0.5|1.0|1.0,,0.7970820188522338
wide band gap insulating MOFs with low density,48,LEA + GraphSAGE,4,qmof-b1cbe7a,Fe2C24H16N8,0.685538233,3.528396,0.755,1.0,,1.0,0.5,0.755,1.0,,1|1|1|1,0.755|0.5|1.0|1.0,,0.7911838114261627
wide band gap insulating MOFs with low density,48,LEA + GraphSAGE,5,qmof-4050181,Li4C28H32N4O8,0.936198777,5.066465,0.755,1.0,,1.0,0.5,0.755,1.0,,1|1|1|1,0.755|0.5|1.0|1.0,,0.7893027365207672
wide band gap insulating MOFs with low density,48,MMR,1,qmof-175a5d9,Fe6C42Cl6H12N18O12,0.750832979,3.544636,0.755,1.0,,1.0,0.5,0.755,1.0,,1|1|1|1,0.755|0.5|1.0|1.0,,0.78925
wide band gap insulating MOFs with low density,48,MMR,2,qmof-017128d,Zn6C48H60N24,0.913433658,5.310987,0.755,1.0,,1.0,0.5,0.755,1.0,,1|1|1|1,0.755|0.5|1.0|1.0,,0.78925
wide band gap insulating MOFs with low density,48,MMR,3,qmof-694fdb2,Na4C52H80N4O8,0.918885408,3.600195,0.755,1.0,,1.0,0.5,0.755,1.0,,1|1|1|1,0.755|0.5|1.0|1.0,,0.78925
wide band gap insulating MOFs with low density,48,MMR,4,qmof-8deddd1,Zn6C42H18O18,0.720023443,3.550246,0.755,1.0,,1.0,0.5,0.755,1.0,,1|1|1|1,0.755|0.5|1.0|1.0,,0.78925
wide band gap insulating MOFs with low density,48,MMR,5,qmof-e3dcc4d,Zn6C48H60N24,0.917677932,5.279321,0.755,1.0,,1.0,0.5,0.755,1.0,,1|1|1|1,0.755|0.5|1.0|1.0,,0.78925
wide band gap insulating MOFs with low density,48,ParetoCrowding,1,qmof-e3dcc4d,Zn6C48H60N24,0.917677932,5.279321,0.755,1.0,,1.0,0.5,0.755,1.0,,1|1|1|1,0.755|0.5|1.0|1.0,,0.78925
wide band gap insulating MOFs with low density,48,ParetoCrowding,2,qmof-c82daac,Al2Li2C40H46N6O4,0.954866212,4.047188,0.755,1.0,,1.0,0.5,0.755,1.0,,1|1|1|1,0.755|0.5|1.0|1.0,,0.78925
wide band gap insulating MOFs with low density,48,ParetoCrowding,3,qmof-b1cbe7a,Fe2C24H16N8,0.685538233,3.528396,0.755,1.0,,1.0,0.5,0.755,1.0,,1|1|1|1,0.755|0.5|1.0|1.0,,0.78925
wide band gap insulating MOFs with low density,48,ParetoCrowding,4,qmof-a2d95c3,Zn8C48H24O26,0.57861881,4.650938,0.755,1.0,,1.0,0.5,0.755,1.0,,1|1|1|1,0.755|0.5|1.0|1.0,,0.78925
wide band gap insulating MOFs with low density,48,ParetoCrowding,5,qmof-8deddd1,Zn6C42H18O18,0.720023443,3.550246,0.755,1.0,,1.0,0.5,0.755,1.0,,1|1|1|1,0.755|0.5|1.0|1.0,,0.78925
wide band gap insulating MOFs with low density,48,Random,1,qmof-f91eaa7,Cu4C46Cl4H64N16,1.383191456,3.674814,0.755,0.7,,0.7,0.5,0.755,0.7,,1|1|1|1,0.755|0.5|0.7|0.7,,0.66925
wide band gap insulating MOFs with low density,48,Random,2,qmof-f815bf7,Li2C20H44N4,1.086053755,4.377897,0.755,0.7,,0.7,0.5,0.755,0.7,,1|1|1|1,0.755|0.5|0.7|0.7,,0.66925
wide band gap insulating MOFs with low density,48,Random,3,qmof-2915b01,Zn4C60H52N4O20,1.727486047,3.676567,0.755,0.7,,0.7,0.5,0.755,0.7,,1|1|1|1,0.755|0.5|0.7|0.7,,0.66925
wide band gap insulating MOFs with low density,48,Random,4,qmof-e98c409,Cd2C64H56N8O8,1.530655939,4.684521,0.755,0.7,,0.7,0.5,0.755,0.7,,1|1|1|1,0.755|0.5|0.7|0.7,,0.66925
wide band gap insulating MOFs with low density,48,Random,5,qmof-1f7045e,NiC6H14N2O10,1.828372124,4.745532,0.755,0.7,,0.7,0.5,0.755,0.7,,1|1|1|1,0.755|0.5|0.7|0.7,,0.66925
wide band gap insulating MOFs with low density,48,SemanticOnly,1,qmof-f9e6ec3,Mn2C36H28N4O8,1.581081341,3.525732,0.755,0.7,,0.7,0.5,0.755,0.7,,1|1|1|1,0.755|0.5|0.7|0.7,,0.66925
wide band gap insulating MOFs with low density,48,SemanticOnly,2,qmof-f91eaa7,Cu4C46Cl4H64N16,1.383191456,3.674814,0.755,0.7,,0.7,0.5,0.755,0.7,,1|1|1|1,0.755|0.5|0.7|0.7,,0.66925
wide band gap insulating MOFs with low density,48,SemanticOnly,3,qmof-f815bf7,Li2C20H44N4,1.086053755,4.377897,0.755,0.7,,0.7,0.5,0.755,0.7,,1|1|1|1,0.755|0.5|0.7|0.7,,0.66925
wide band gap insulating MOFs with low density,48,SemanticOnly,4,qmof-f7e01af,Mn4C28Cl4H28N8O16,1.939311456,4.366097,0.755,0.7,,0.7,0.5,0.755,0.7,,1|1|1|1,0.755|0.5|0.7|0.7,,0.66925
wide band gap insulating MOFs with low density,48,SemanticOnly,5,qmof-f790024,Ho2Zn2C52Cl2H32N4O22,1.92710206,4.309375,0.755,0.7,,0.7,0.5,0.755,0.7,,1|1|1|1,0.755|0.5|0.7|0.7,,0.66925
wide band gap insulating MOFs with low density,48,TOPSIS,1,qmof-e3dcc4d,Zn6C48H60N24,0.917677932,5.279321,0.755,1.0,,1.0,0.5,0.755,1.0,,1|1|1|1,0.755|0.5|1.0|1.0,,0.78925
wide band gap insulating MOFs with low density,48,TOPSIS,2,qmof-c82daac,Al2Li2C40H46N6O4,0.954866212,4.047188,0.755,1.0,,1.0,0.5,0.755,1.0,,1|1|1|1,0.755|0.5|1.0|1.0,,0.78925
wide band gap insulating MOFs with low density,48,TOPSIS,3,qmof-b1cbe7a,Fe2C24H16N8,0.685538233,3.528396,0.755,1.0,,1.0,0.5,0.755,1.0,,1|1|1|1,0.755|0.5|1.0|1.0,,0.78925
wide band gap insulating MOFs with low density,48,TOPSIS,4,qmof-a2d95c3,Zn8C48H24O26,0.57861881,4.650938,0.755,1.0,,1.0,0.5,0.755,1.0,,1|1|1|1,0.755|0.5|1.0|1.0,,0.78925
wide band gap insulating MOFs with low density,48,TOPSIS,5,qmof-8deddd1,Zn6C42H18O18,0.720023443,3.550246,0.755,1.0,,1.0,0.5,0.755,1.0,,1|1|1|1,0.755|0.5|1.0|1.0,,0.78925
wide band gap insulating MOFs with low density,48,WeightedSum,1,qmof-e3dcc4d,Zn6C48H60N24,0.917677932,5.279321,0.755,1.0,,1.0,0.5,0.755,1.0,,1|1|1|1,0.755|0.5|1.0|1.0,,0.78925
wide band gap insulating MOFs with low density,48,WeightedSum,2,qmof-c82daac,Al2Li2C40H46N6O4,0.954866212,4.047188,0.755,1.0,,1.0,0.5,0.755,1.0,,1|1|1|1,0.755|0.5|1.0|1.0,,0.78925
wide band gap insulating MOFs with low density,48,WeightedSum,3,qmof-b1cbe7a,Fe2C24H16N8,0.685538233,3.528396,0.755,1.0,,1.0,0.5,0.755,1.0,,1|1|1|1,0.755|0.5|1.0|1.0,,0.78925
wide band gap insulating MOFs with low density,48,WeightedSum,4,qmof-a2d95c3,Zn8C48H24O26,0.57861881,4.650938,0.755,1.0,,1.0,0.5,0.755,1.0,,1|1|1|1,0.755|0.5|1.0|1.0,,0.78925
wide band gap insulating MOFs with low density,48,WeightedSum,5,qmof-8deddd1,Zn6C42H18O18,0.720023443,3.550246,0.755,1.0,,1.0,0.5,0.755,1.0,,1|1|1|1,0.755|0.5|1.0|1.0,,0.78925
wide band gap insulating MOFs with low density,49,GAT only,1,qmof-a2d95c3,Zn8C48H24O26,0.57861881,4.650938,0.755,1.0,,1.0,0.5,0.755,1.0,,1|1|1|1,0.755|0.5|1.0|1.0,,0.78925
wide band gap insulating MOFs with low density,49,GAT only,2,qmof-175a5d9,Fe6C42Cl6H12N18O12,0.750832979,3.544636,0.755,1.0,,1.0,0.5,0.755,1.0,,1|1|1|1,0.755|0.5|1.0|1.0,,0.78925
wide band gap insulating MOFs with low density,49,GAT only,3,qmof-017128d,Zn6C48H60N24,0.913433658,5.310987,0.755,1.0,,1.0,0.5,0.755,1.0,,1|1|1|1,0.755|0.5|1.0|1.0,,0.78925
wide band gap insulating MOFs with low density,49,GAT only,4,qmof-e3dcc4d,Zn6C48H60N24,0.917677932,5.279321,0.755,1.0,,1.0,0.5,0.755,1.0,,1|1|1|1,0.755|0.5|1.0|1.0,,0.78925
wide band gap insulating MOFs with low density,49,GAT only,5,qmof-4050181,Li4C28H32N4O8,0.936198777,5.066465,0.755,1.0,,1.0,0.5,0.755,1.0,,1|1|1|1,0.755|0.5|1.0|1.0,,0.78925
wide band gap insulating MOFs with low density,49,GraphSAGE only,1,qmof-175a5d9,Fe6C42Cl6H12N18O12,0.750832979,3.544636,0.755,1.0,,1.0,0.5,0.755,1.0,,1|1|1|1,0.755|0.5|1.0|1.0,,0.78925
wide band gap insulating MOFs with low density,49,GraphSAGE only,2,qmof-a2d95c3,Zn8C48H24O26,0.57861881,4.650938,0.755,1.0,,1.0,0.5,0.755,1.0,,1|1|1|1,0.755|0.5|1.0|1.0,,0.78925
wide band gap insulating MOFs with low density,49,GraphSAGE only,3,qmof-8deddd1,Zn6C42H18O18,0.720023443,3.550246,0.755,1.0,,1.0,0.5,0.755,1.0,,1|1|1|1,0.755|0.5|1.0|1.0,,0.78925
wide band gap insulating MOFs with low density,49,GraphSAGE only,4,qmof-b1cbe7a,Fe2C24H16N8,0.685538233,3.528396,0.755,1.0,,1.0,0.5,0.755,1.0,,1|1|1|1,0.755|0.5|1.0|1.0,,0.78925
wide band gap insulating MOFs with low density,49,GraphSAGE only,5,qmof-4050181,Li4C28H32N4O8,0.936198777,5.066465,0.755,1.0,,1.0,0.5,0.755,1.0,,1|1|1|1,0.755|0.5|1.0|1.0,,0.78925
wide band gap insulating MOFs with low density,49,LEA,1,qmof-4f9c014,Cu2C40H40N4O8,0.784105616,3.939544,0.755,1.0,,1.0,0.5,0.755,1.0,,1|1|1|1,0.755|0.5|1.0|1.0,,0.879164244234562
wide band gap insulating MOFs with low density,49,LEA,2,qmof-694fdb2,Na4C52H80N4O8,0.918885408,3.600195,0.755,1.0,,1.0,0.5,0.755,1.0,,1|1|1|1,0.755|0.5|1.0|1.0,,0.879164244234562
wide band gap insulating MOFs with low density,49,LEA,3,qmof-b1cbe7a,Fe2C24H16N8,0.685538233,3.528396,0.755,1.0,,1.0,0.5,0.755,1.0,,1|1|1|1,0.755|0.5|1.0|1.0,,0.879164244234562
wide band gap insulating MOFs with low density,49,LEA,4,qmof-175a5d9,Fe6C42Cl6H12N18O12,0.750832979,3.544636,0.755,1.0,,1.0,0.5,0.755,1.0,,1|1|1|1,0.755|0.5|1.0|1.0,,0.879164244234562
wide band gap insulating MOFs with low density,49,LEA,5,qmof-c82daac,Al2Li2C40H46N6O4,0.954866212,4.047188,0.755,1.0,,1.0,0.5,0.755,1.0,,1|1|1|1,0.755|0.5|1.0|1.0,,0.879164244234562
wide band gap insulating MOFs with low density,49,LEA no diversity,1,qmof-4f9c014,Cu2C40H40N4O8,0.784105616,3.939544,0.755,1.0,,1.0,0.5,0.755,1.0,,1|1|1|1,0.755|0.5|1.0|1.0,,0.8685576424002648
wide band gap insulating MOFs with low density,49,LEA no diversity,2,qmof-694fdb2,Na4C52H80N4O8,0.918885408,3.600195,0.755,1.0,,1.0,0.5,0.755,1.0,,1|1|1|1,0.755|0.5|1.0|1.0,,0.8685576424002648
wide band gap insulating MOFs with low density,49,LEA no diversity,3,qmof-b1cbe7a,Fe2C24H16N8,0.685538233,3.528396,0.755,1.0,,1.0,0.5,0.755,1.0,,1|1|1|1,0.755|0.5|1.0|1.0,,0.8685576424002648
wide band gap insulating MOFs with low density,49,LEA no diversity,4,qmof-175a5d9,Fe6C42Cl6H12N18O12,0.750832979,3.544636,0.755,1.0,,1.0,0.5,0.755,1.0,,1|1|1|1,0.755|0.5|1.0|1.0,,0.8685576424002648
wide band gap insulating MOFs with low density,49,LEA no diversity,5,qmof-c82daac,Al2Li2C40H46N6O4,0.954866212,4.047188,0.755,1.0,,1.0,0.5,0.755,1.0,,1|1|1|1,0.755|0.5|1.0|1.0,,0.8685576424002648
wide band gap insulating MOFs with low density,49,LEA no self-cleaning,1,qmof-4f9c014,Cu2C40H40N4O8,0.784105616,3.939544,0.755,1.0,,1.0,0.5,0.755,1.0,,1|1|1|1,0.755|0.5|1.0|1.0,,0.879164244234562
wide band gap insulating MOFs with low density,49,LEA no self-cleaning,2,qmof-694fdb2,Na4C52H80N4O8,0.918885408,3.600195,0.755,1.0,,1.0,0.5,0.755,1.0,,1|1|1|1,0.755|0.5|1.0|1.0,,0.879164244234562
wide band gap insulating MOFs with low density,49,LEA no self-cleaning,3,qmof-b1cbe7a,Fe2C24H16N8,0.685538233,3.528396,0.755,1.0,,1.0,0.5,0.755,1.0,,1|1|1|1,0.755|0.5|1.0|1.0,,0.879164244234562
wide band gap insulating MOFs with low density,49,LEA no self-cleaning,4,qmof-175a5d9,Fe6C42Cl6H12N18O12,0.750832979,3.544636,0.755,1.0,,1.0,0.5,0.755,1.0,,1|1|1|1,0.755|0.5|1.0|1.0,,0.879164244234562
wide band gap insulating MOFs with low density,49,LEA no self-cleaning,5,qmof-c82daac,Al2Li2C40H46N6O4,0.954866212,4.047188,0.755,1.0,,1.0,0.5,0.755,1.0,,1|1|1|1,0.755|0.5|1.0|1.0,,0.879164244234562
wide band gap insulating MOFs with low density,49,LEA + GAT,1,qmof-a2d95c3,Zn8C48H24O26,0.57861881,4.650938,0.755,1.0,,1.0,0.5,0.755,1.0,,1|1|1|1,0.755|0.5|1.0|1.0,,0.8466384366154671
wide band gap insulating MOFs with low density,49,LEA + GAT,2,qmof-175a5d9,Fe6C42Cl6H12N18O12,0.750832979,3.544636,0.755,1.0,,1.0,0.5,0.755,1.0,,1|1|1|1,0.755|0.5|1.0|1.0,,0.8425757512450218
wide band gap insulating MOFs with low density,49,LEA + GAT,3,qmof-017128d,Zn6C48H60N24,0.913433658,5.310987,0.755,1.0,,1.0,0.5,0.755,1.0,,1|1|1|1,0.755|0.5|1.0|1.0,,0.8389274954795838
wide band gap insulating MOFs with low density,49,LEA + GAT,4,qmof-e3dcc4d,Zn6C48H60N24,0.917677932,5.279321,0.755,1.0,,1.0,0.5,0.755,1.0,,1|1|1|1,0.755|0.5|1.0|1.0,,0.8388831362128257
wide band gap insulating MOFs with low density,49,LEA + GAT,5,qmof-4050181,Li4C28H32N4O8,0.936198777,5.066465,0.755,1.0,,1.0,0.5,0.755,1.0,,1|1|1|1,0.755|0.5|1.0|1.0,,0.8381716832518578
wide band gap insulating MOFs with low density,49,LEA + GraphSAGE,1,qmof-175a5d9,Fe6C42Cl6H12N18O12,0.750832979,3.544636,0.755,1.0,,1.0,0.5,0.755,1.0,,1|1|1|1,0.755|0.5|1.0|1.0,,0.8027046889066696
wide band gap insulating MOFs with low density,49,LEA + GraphSAGE,2,qmof-a2d95c3,Zn8C48H24O26,0.57861881,4.650938,0.755,1.0,,1.0,0.5,0.755,1.0,,1|1|1|1,0.755|0.5|1.0|1.0,,0.8008528977632523
wide band gap insulating MOFs with low density,49,LEA + GraphSAGE,3,qmof-8deddd1,Zn6C42H18O18,0.720023443,3.550246,0.755,1.0,,1.0,0.5,0.755,1.0,,1|1|1|1,0.755|0.5|1.0|1.0,,0.7970820188522338
wide band gap insulating MOFs with low density,49,LEA + GraphSAGE,4,qmof-b1cbe7a,Fe2C24H16N8,0.685538233,3.528396,0.755,1.0,,1.0,0.5,0.755,1.0,,1|1|1|1,0.755|0.5|1.0|1.0,,0.7911838114261627
wide band gap insulating MOFs with low density,49,LEA + GraphSAGE,5,qmof-4050181,Li4C28H32N4O8,0.936198777,5.066465,0.755,1.0,,1.0,0.5,0.755,1.0,,1|1|1|1,0.755|0.5|1.0|1.0,,0.7893027365207672
wide band gap insulating MOFs with low density,49,MMR,1,qmof-3133aaf,Zn4C64H48N8O16,0.969248466,4.523716,0.755,1.0,,1.0,0.5,0.755,1.0,,1|1|1|1,0.755|0.5|1.0|1.0,,0.78925
wide band gap insulating MOFs with low density,49,MMR,2,qmof-e3dcc4d,Zn6C48H60N24,0.917677932,5.279321,0.755,1.0,,1.0,0.5,0.755,1.0,,1|1|1|1,0.755|0.5|1.0|1.0,,0.78925
wide band gap insulating MOFs with low density,49,MMR,3,qmof-017128d,Zn6C48H60N24,0.913433658,5.310987,0.755,1.0,,1.0,0.5,0.755,1.0,,1|1|1|1,0.755|0.5|1.0|1.0,,0.78925
wide band gap insulating MOFs with low density,49,MMR,4,qmof-4050181,Li4C28H32N4O8,0.936198777,5.066465,0.755,1.0,,1.0,0.5,0.755,1.0,,1|1|1|1,0.755|0.5|1.0|1.0,,0.78925
wide band gap insulating MOFs with low density,49,MMR,5,qmof-19d3c65,Zn3C64H52N4O18,0.972263976,4.20432,0.755,1.0,,1.0,0.5,0.755,1.0,,1|1|1|1,0.755|0.5|1.0|1.0,,0.78925
wide band gap insulating MOFs with low density,49,ParetoCrowding,1,qmof-e3dcc4d,Zn6C48H60N24,0.917677932,5.279321,0.755,1.0,,1.0,0.5,0.755,1.0,,1|1|1|1,0.755|0.5|1.0|1.0,,0.78925
wide band gap insulating MOFs with low density,49,ParetoCrowding,2,qmof-c82daac,Al2Li2C40H46N6O4,0.954866212,4.047188,0.755,1.0,,1.0,0.5,0.755,1.0,,1|1|1|1,0.755|0.5|1.0|1.0,,0.78925
wide band gap insulating MOFs with low density,49,ParetoCrowding,3,qmof-b1cbe7a,Fe2C24H16N8,0.685538233,3.528396,0.755,1.0,,1.0,0.5,0.755,1.0,,1|1|1|1,0.755|0.5|1.0|1.0,,0.78925
wide band gap insulating MOFs with low density,49,ParetoCrowding,4,qmof-a2d95c3,Zn8C48H24O26,0.57861881,4.650938,0.755,1.0,,1.0,0.5,0.755,1.0,,1|1|1|1,0.755|0.5|1.0|1.0,,0.78925
wide band gap insulating MOFs with low density,49,ParetoCrowding,5,qmof-8deddd1,Zn6C42H18O18,0.720023443,3.550246,0.755,1.0,,1.0,0.5,0.755,1.0,,1|1|1|1,0.755|0.5|1.0|1.0,,0.78925
wide band gap insulating MOFs with low density,49,Random,1,qmof-2fd988a,Zn2C44H36N24O12,1.567201591,4.166791,0.755,0.7,,0.7,0.5,0.755,0.7,,1|1|1|1,0.755|0.5|0.7|0.7,,0.66925
wide band gap insulating MOFs with low density,49,Random,2,qmof-781d4d1,Cd2Fe2C62H60N8O10,1.483464058,4.157661,0.755,0.7,,0.7,0.5,0.755,0.7,,1|1|1|1,0.755|0.5|0.7|0.7,,0.66925
wide band gap insulating MOFs with low density,49,Random,3,qmof-57605e0,Zn2C44H52N8O12,1.314274492,4.104027,0.755,0.7,,0.7,0.5,0.755,0.7,,1|1|1|1,0.755|0.5|0.7|0.7,,0.66925
wide band gap insulating MOFs with low density,49,Random,4,qmof-4f2905b,CoC18H24N6O2S2,1.430439826,3.571197,0.755,0.7,,0.7,0.5,0.755,0.7,,1|1|1|1,0.755|0.5|0.7|0.7,,0.66925
wide band gap insulating MOFs with low density,49,Random,5,qmof-3288dd3,Cu4C28H32N8O16,1.871743566,3.956894,0.755,0.7,,0.7,0.5,0.755,0.7,,1|1|1|1,0.755|0.5|0.7|0.7,,0.66925
wide band gap insulating MOFs with low density,49,SemanticOnly,1,qmof-fb12235,Zn4C24H24N16S24,1.891133304,3.532606,0.755,0.7,,0.7,0.5,0.755,0.7,,1|1|1|1,0.755|0.5|0.7|0.7,,0.66925
wide band gap insulating MOFs with low density,49,SemanticOnly,2,qmof-faedf85,Zn2C42H26N4O14,1.73997688,3.727776,0.755,0.7,,0.7,0.5,0.755,0.7,,1|1|1|1,0.755|0.5|0.7|0.7,,0.66925
wide band gap insulating MOFs with low density,49,SemanticOnly,3,qmof-fa69f14,KNaB2C18H26N18S6,1.26254842,4.333459,0.755,0.7,,0.7,0.5,0.755,0.7,,1|1|1|1,0.755|0.5|0.7|0.7,,0.66925
wide band gap insulating MOFs with low density,49,SemanticOnly,4,qmof-f6ebd2b,Zn2C40H28N8O8,1.689000204,4.074979,0.755,0.7,,0.7,0.5,0.755,0.7,,1|1|1|1,0.755|0.5|0.7|0.7,,0.66925
wide band gap insulating MOFs with low density,49,SemanticOnly,5,qmof-f69b853,K4C28H20O4S4,1.601720551,3.621441,0.755,0.7,,0.7,0.5,0.755,0.7,,1|1|1|1,0.755|0.5|0.7|0.7,,0.66925
wide band gap insulating MOFs with low density,49,TOPSIS,1,qmof-e3dcc4d,Zn6C48H60N24,0.917677932,5.279321,0.755,1.0,,1.0,0.5,0.755,1.0,,1|1|1|1,0.755|0.5|1.0|1.0,,0.78925
wide band gap insulating MOFs with low density,49,TOPSIS,2,qmof-c82daac,Al2Li2C40H46N6O4,0.954866212,4.047188,0.755,1.0,,1.0,0.5,0.755,1.0,,1|1|1|1,0.755|0.5|1.0|1.0,,0.78925
wide band gap insulating MOFs with low density,49,TOPSIS,3,qmof-b1cbe7a,Fe2C24H16N8,0.685538233,3.528396,0.755,1.0,,1.0,0.5,0.755,1.0,,1|1|1|1,0.755|0.5|1.0|1.0,,0.78925
wide band gap insulating MOFs with low density,49,TOPSIS,4,qmof-a2d95c3,Zn8C48H24O26,0.57861881,4.650938,0.755,1.0,,1.0,0.5,0.755,1.0,,1|1|1|1,0.755|0.5|1.0|1.0,,0.78925
wide band gap insulating MOFs with low density,49,TOPSIS,5,qmof-8deddd1,Zn6C42H18O18,0.720023443,3.550246,0.755,1.0,,1.0,0.5,0.755,1.0,,1|1|1|1,0.755|0.5|1.0|1.0,,0.78925
wide band gap insulating MOFs with low density,49,WeightedSum,1,qmof-e3dcc4d,Zn6C48H60N24,0.917677932,5.279321,0.755,1.0,,1.0,0.5,0.755,1.0,,1|1|1|1,0.755|0.5|1.0|1.0,,0.78925
wide band gap insulating MOFs with low density,49,WeightedSum,2,qmof-c82daac,Al2Li2C40H46N6O4,0.954866212,4.047188,0.755,1.0,,1.0,0.5,0.755,1.0,,1|1|1|1,0.755|0.5|1.0|1.0,,0.78925
wide band gap insulating MOFs with low density,49,WeightedSum,3,qmof-b1cbe7a,Fe2C24H16N8,0.685538233,3.528396,0.755,1.0,,1.0,0.5,0.755,1.0,,1|1|1|1,0.755|0.5|1.0|1.0,,0.78925
wide band gap insulating MOFs with low density,49,WeightedSum,4,qmof-a2d95c3,Zn8C48H24O26,0.57861881,4.650938,0.755,1.0,,1.0,0.5,0.755,1.0,,1|1|1|1,0.755|0.5|1.0|1.0,,0.78925
wide band gap insulating MOFs with low density,49,WeightedSum,5,qmof-8deddd1,Zn6C42H18O18,0.720023443,3.550246,0.755,1.0,,1.0,0.5,0.755,1.0,,1|1|1|1,0.755|0.5|1.0|1.0,,0.78925
wide band gap insulating MOFs with low density,50,GAT only,1,qmof-a2d95c3,Zn8C48H24O26,0.57861881,4.650938,0.755,1.0,,1.0,0.5,0.755,1.0,,1|1|1|1,0.755|0.5|1.0|1.0,,0.78925
wide band gap insulating MOFs with low density,50,GAT only,2,qmof-175a5d9,Fe6C42Cl6H12N18O12,0.750832979,3.544636,0.755,1.0,,1.0,0.5,0.755,1.0,,1|1|1|1,0.755|0.5|1.0|1.0,,0.78925
wide band gap insulating MOFs with low density,50,GAT only,3,qmof-017128d,Zn6C48H60N24,0.913433658,5.310987,0.755,1.0,,1.0,0.5,0.755,1.0,,1|1|1|1,0.755|0.5|1.0|1.0,,0.78925
wide band gap insulating MOFs with low density,50,GAT only,4,qmof-e3dcc4d,Zn6C48H60N24,0.917677932,5.279321,0.755,1.0,,1.0,0.5,0.755,1.0,,1|1|1|1,0.755|0.5|1.0|1.0,,0.78925
wide band gap insulating MOFs with low density,50,GAT only,5,qmof-4050181,Li4C28H32N4O8,0.936198777,5.066465,0.755,1.0,,1.0,0.5,0.755,1.0,,1|1|1|1,0.755|0.5|1.0|1.0,,0.78925
wide band gap insulating MOFs with low density,50,GraphSAGE only,1,qmof-175a5d9,Fe6C42Cl6H12N18O12,0.750832979,3.544636,0.755,1.0,,1.0,0.5,0.755,1.0,,1|1|1|1,0.755|0.5|1.0|1.0,,0.78925
wide band gap insulating MOFs with low density,50,GraphSAGE only,2,qmof-a2d95c3,Zn8C48H24O26,0.57861881,4.650938,0.755,1.0,,1.0,0.5,0.755,1.0,,1|1|1|1,0.755|0.5|1.0|1.0,,0.78925
wide band gap insulating MOFs with low density,50,GraphSAGE only,3,qmof-8deddd1,Zn6C42H18O18,0.720023443,3.550246,0.755,1.0,,1.0,0.5,0.755,1.0,,1|1|1|1,0.755|0.5|1.0|1.0,,0.78925
wide band gap insulating MOFs with low density,50,GraphSAGE only,4,qmof-b1cbe7a,Fe2C24H16N8,0.685538233,3.528396,0.755,1.0,,1.0,0.5,0.755,1.0,,1|1|1|1,0.755|0.5|1.0|1.0,,0.78925
wide band gap insulating MOFs with low density,50,GraphSAGE only,5,qmof-4050181,Li4C28H32N4O8,0.936198777,5.066465,0.755,1.0,,1.0,0.5,0.755,1.0,,1|1|1|1,0.755|0.5|1.0|1.0,,0.78925
wide band gap insulating MOFs with low density,50,LEA,1,qmof-e3dcc4d,Zn6C48H60N24,0.917677932,5.279321,0.755,1.0,,1.0,0.5,0.755,1.0,,1|1|1|1,0.755|0.5|1.0|1.0,,0.879164244234562
wide band gap insulating MOFs with low density,50,LEA,2,qmof-3133aaf,Zn4C64H48N8O16,0.969248466,4.523716,0.755,1.0,,1.0,0.5,0.755,1.0,,1|1|1|1,0.755|0.5|1.0|1.0,,0.879164244234562
wide band gap insulating MOFs with low density,50,LEA,3,qmof-694fdb2,Na4C52H80N4O8,0.918885408,3.600195,0.755,1.0,,1.0,0.5,0.755,1.0,,1|1|1|1,0.755|0.5|1.0|1.0,,0.879164244234562
wide band gap insulating MOFs with low density,50,LEA,4,qmof-4050181,Li4C28H32N4O8,0.936198777,5.066465,0.755,1.0,,1.0,0.5,0.755,1.0,,1|1|1|1,0.755|0.5|1.0|1.0,,0.879164244234562
wide band gap insulating MOFs with low density,50,LEA,5,qmof-4f9c014,Cu2C40H40N4O8,0.784105616,3.939544,0.755,1.0,,1.0,0.5,0.755,1.0,,1|1|1|1,0.755|0.5|1.0|1.0,,0.879164244234562
wide band gap insulating MOFs with low density,50,LEA no diversity,1,qmof-e3dcc4d,Zn6C48H60N24,0.917677932,5.279321,0.755,1.0,,1.0,0.5,0.755,1.0,,1|1|1|1,0.755|0.5|1.0|1.0,,0.8685576424002648
wide band gap insulating MOFs with low density,50,LEA no diversity,2,qmof-3133aaf,Zn4C64H48N8O16,0.969248466,4.523716,0.755,1.0,,1.0,0.5,0.755,1.0,,1|1|1|1,0.755|0.5|1.0|1.0,,0.8685576424002648
wide band gap insulating MOFs with low density,50,LEA no diversity,3,qmof-694fdb2,Na4C52H80N4O8,0.918885408,3.600195,0.755,1.0,,1.0,0.5,0.755,1.0,,1|1|1|1,0.755|0.5|1.0|1.0,,0.8685576424002648
wide band gap insulating MOFs with low density,50,LEA no diversity,4,qmof-4050181,Li4C28H32N4O8,0.936198777,5.066465,0.755,1.0,,1.0,0.5,0.755,1.0,,1|1|1|1,0.755|0.5|1.0|1.0,,0.8685576424002648
wide band gap insulating MOFs with low density,50,LEA no diversity,5,qmof-4f9c014,Cu2C40H40N4O8,0.784105616,3.939544,0.755,1.0,,1.0,0.5,0.755,1.0,,1|1|1|1,0.755|0.5|1.0|1.0,,0.8685576424002648
wide band gap insulating MOFs with low density,50,LEA no self-cleaning,1,qmof-e3dcc4d,Zn6C48H60N24,0.917677932,5.279321,0.755,1.0,,1.0,0.5,0.755,1.0,,1|1|1|1,0.755|0.5|1.0|1.0,,0.879164244234562
wide band gap insulating MOFs with low density,50,LEA no self-cleaning,2,qmof-3133aaf,Zn4C64H48N8O16,0.969248466,4.523716,0.755,1.0,,1.0,0.5,0.755,1.0,,1|1|1|1,0.755|0.5|1.0|1.0,,0.879164244234562
wide band gap insulating MOFs with low density,50,LEA no self-cleaning,3,qmof-694fdb2,Na4C52H80N4O8,0.918885408,3.600195,0.755,1.0,,1.0,0.5,0.755,1.0,,1|1|1|1,0.755|0.5|1.0|1.0,,0.879164244234562
wide band gap insulating MOFs with low density,50,LEA no self-cleaning,4,qmof-4050181,Li4C28H32N4O8,0.936198777,5.066465,0.755,1.0,,1.0,0.5,0.755,1.0,,1|1|1|1,0.755|0.5|1.0|1.0,,0.879164244234562
wide band gap insulating MOFs with low density,50,LEA no self-cleaning,5,qmof-4f9c014,Cu2C40H40N4O8,0.784105616,3.939544,0.755,1.0,,1.0,0.5,0.755,1.0,,1|1|1|1,0.755|0.5|1.0|1.0,,0.879164244234562
wide band gap insulating MOFs with low density,50,LEA + GAT,1,qmof-a2d95c3,Zn8C48H24O26,0.57861881,4.650938,0.755,1.0,,1.0,0.5,0.755,1.0,,1|1|1|1,0.755|0.5|1.0|1.0,,0.8466384366154671
wide band gap insulating MOFs with low density,50,LEA + GAT,2,qmof-175a5d9,Fe6C42Cl6H12N18O12,0.750832979,3.544636,0.755,1.0,,1.0,0.5,0.755,1.0,,1|1|1|1,0.755|0.5|1.0|1.0,,0.8425757512450218
wide band gap insulating MOFs with low density,50,LEA + GAT,3,qmof-017128d,Zn6C48H60N24,0.913433658,5.310987,0.755,1.0,,1.0,0.5,0.755,1.0,,1|1|1|1,0.755|0.5|1.0|1.0,,0.8389274954795838
wide band gap insulating MOFs with low density,50,LEA + GAT,4,qmof-e3dcc4d,Zn6C48H60N24,0.917677932,5.279321,0.755,1.0,,1.0,0.5,0.755,1.0,,1|1|1|1,0.755|0.5|1.0|1.0,,0.8388831362128257
wide band gap insulating MOFs with low density,50,LEA + GAT,5,qmof-4050181,Li4C28H32N4O8,0.936198777,5.066465,0.755,1.0,,1.0,0.5,0.755,1.0,,1|1|1|1,0.755|0.5|1.0|1.0,,0.8381716832518578
wide band gap insulating MOFs with low density,50,LEA + GraphSAGE,1,qmof-175a5d9,Fe6C42Cl6H12N18O12,0.750832979,3.544636,0.755,1.0,,1.0,0.5,0.755,1.0,,1|1|1|1,0.755|0.5|1.0|1.0,,0.8027046889066696
wide band gap insulating MOFs with low density,50,LEA + GraphSAGE,2,qmof-a2d95c3,Zn8C48H24O26,0.57861881,4.650938,0.755,1.0,,1.0,0.5,0.755,1.0,,1|1|1|1,0.755|0.5|1.0|1.0,,0.8008528977632523
wide band gap insulating MOFs with low density,50,LEA + GraphSAGE,3,qmof-8deddd1,Zn6C42H18O18,0.720023443,3.550246,0.755,1.0,,1.0,0.5,0.755,1.0,,1|1|1|1,0.755|0.5|1.0|1.0,,0.7970820188522338
wide band gap insulating MOFs with low density,50,LEA + GraphSAGE,4,qmof-b1cbe7a,Fe2C24H16N8,0.685538233,3.528396,0.755,1.0,,1.0,0.5,0.755,1.0,,1|1|1|1,0.755|0.5|1.0|1.0,,0.7911838114261627
wide band gap insulating MOFs with low density,50,LEA + GraphSAGE,5,qmof-4050181,Li4C28H32N4O8,0.936198777,5.066465,0.755,1.0,,1.0,0.5,0.755,1.0,,1|1|1|1,0.755|0.5|1.0|1.0,,0.7893027365207672
wide band gap insulating MOFs with low density,50,MMR,1,qmof-017128d,Zn6C48H60N24,0.913433658,5.310987,0.755,1.0,,1.0,0.5,0.755,1.0,,1|1|1|1,0.755|0.5|1.0|1.0,,0.78925
wide band gap insulating MOFs with low density,50,MMR,2,qmof-b1cbe7a,Fe2C24H16N8,0.685538233,3.528396,0.755,1.0,,1.0,0.5,0.755,1.0,,1|1|1|1,0.755|0.5|1.0|1.0,,0.78925
wide band gap insulating MOFs with low density,50,MMR,3,qmof-8deddd1,Zn6C42H18O18,0.720023443,3.550246,0.755,1.0,,1.0,0.5,0.755,1.0,,1|1|1|1,0.755|0.5|1.0|1.0,,0.78925
wide band gap insulating MOFs with low density,50,MMR,4,qmof-19d3c65,Zn3C64H52N4O18,0.972263976,4.20432,0.755,1.0,,1.0,0.5,0.755,1.0,,1|1|1|1,0.755|0.5|1.0|1.0,,0.78925
wide band gap insulating MOFs with low density,50,MMR,5,qmof-c82daac,Al2Li2C40H46N6O4,0.954866212,4.047188,0.755,1.0,,1.0,0.5,0.755,1.0,,1|1|1|1,0.755|0.5|1.0|1.0,,0.78925
wide band gap insulating MOFs with low density,50,ParetoCrowding,1,qmof-e3dcc4d,Zn6C48H60N24,0.917677932,5.279321,0.755,1.0,,1.0,0.5,0.755,1.0,,1|1|1|1,0.755|0.5|1.0|1.0,,0.78925
wide band gap insulating MOFs with low density,50,ParetoCrowding,2,qmof-c82daac,Al2Li2C40H46N6O4,0.954866212,4.047188,0.755,1.0,,1.0,0.5,0.755,1.0,,1|1|1|1,0.755|0.5|1.0|1.0,,0.78925
wide band gap insulating MOFs with low density,50,ParetoCrowding,3,qmof-b1cbe7a,Fe2C24H16N8,0.685538233,3.528396,0.755,1.0,,1.0,0.5,0.755,1.0,,1|1|1|1,0.755|0.5|1.0|1.0,,0.78925
wide band gap insulating MOFs with low density,50,ParetoCrowding,4,qmof-a2d95c3,Zn8C48H24O26,0.57861881,4.650938,0.755,1.0,,1.0,0.5,0.755,1.0,,1|1|1|1,0.755|0.5|1.0|1.0,,0.78925
wide band gap insulating MOFs with low density,50,ParetoCrowding,5,qmof-8deddd1,Zn6C42H18O18,0.720023443,3.550246,0.755,1.0,,1.0,0.5,0.755,1.0,,1|1|1|1,0.755|0.5|1.0|1.0,,0.78925
wide band gap insulating MOFs with low density,50,Random,1,qmof-8df56c1,Cd2C40H36N8O14,1.492741724,4.057081,0.755,0.7,,0.7,0.5,0.755,0.7,,1|1|1|1,0.755|0.5|0.7|0.7,,0.66925
wide band gap insulating MOFs with low density,50,Random,2,qmof-1e98fe6,CuC14H10N12O4,1.681733812,3.808937,0.755,0.7,,0.7,0.5,0.755,0.7,,1|1|1|1,0.755|0.5|0.7|0.7,,0.66925
wide band gap insulating MOFs with low density,50,Random,3,qmof-a2d95c3,Zn8C48H24O26,0.57861881,4.650938,0.755,1.0,,1.0,0.5,0.755,1.0,,1|1|1|1,0.755|0.5|1.0|1.0,,0.78925
wide band gap insulating MOFs with low density,50,Random,4,qmof-310fe8a,Ag2C42H38N8O10S2,1.719441401,4.300109,0.755,0.7,,0.7,0.5,0.755,0.7,,1|1|1|1,0.755|0.5|0.7|0.7,,0.66925
wide band gap insulating MOFs with low density,50,Random,5,qmof-8deddd1,Zn6C42H18O18,0.720023443,3.550246,0.755,1.0,,1.0,0.5,0.755,1.0,,1|1|1|1,0.755|0.5|1.0|1.0,,0.78925
wide band gap insulating MOFs with low density,50,SemanticOnly,1,qmof-fe49acf,Zn2C64H44N8O8,1.486133454,4.212406,0.755,0.7,,0.7,0.5,0.755,0.7,,1|1|1|1,0.755|0.5|0.7|0.7,,0.66925
wide band gap insulating MOFs with low density,50,SemanticOnly,2,qmof-f730251,Cd2C28H24N2O10,1.618365409,4.563412,0.755,0.7,,0.7,0.5,0.755,0.7,,1|1|1|1,0.755|0.5|0.7|0.7,,0.66925
wide band gap insulating MOFs with low density,50,SemanticOnly,3,qmof-f69b853,K4C28H20O4S4,1.601720551,3.621441,0.755,0.7,,0.7,0.5,0.755,0.7,,1|1|1|1,0.755|0.5|0.7|0.7,,0.66925
wide band gap insulating MOFs with low density,50,SemanticOnly,4,qmof-f360972,Co2C18H28N4O12P4,1.787219535,3.915648,0.755,0.7,,0.7,0.5,0.755,0.7,,1|1|1|1,0.755|0.5|0.7|0.7,,0.66925
wide band gap insulating MOFs with low density,50,SemanticOnly,5,qmof-f24dae1,Cd2C24Cl4H16N8S4,1.901854198,4.484951,0.755,0.7,,0.7,0.5,0.755,0.7,,1|1|1|1,0.755|0.5|0.7|0.7,,0.66925
wide band gap insulating MOFs with low density,50,TOPSIS,1,qmof-e3dcc4d,Zn6C48H60N24,0.917677932,5.279321,0.755,1.0,,1.0,0.5,0.755,1.0,,1|1|1|1,0.755|0.5|1.0|1.0,,0.78925
wide band gap insulating MOFs with low density,50,TOPSIS,2,qmof-c82daac,Al2Li2C40H46N6O4,0.954866212,4.047188,0.755,1.0,,1.0,0.5,0.755,1.0,,1|1|1|1,0.755|0.5|1.0|1.0,,0.78925
wide band gap insulating MOFs with low density,50,TOPSIS,3,qmof-b1cbe7a,Fe2C24H16N8,0.685538233,3.528396,0.755,1.0,,1.0,0.5,0.755,1.0,,1|1|1|1,0.755|0.5|1.0|1.0,,0.78925
wide band gap insulating MOFs with low density,50,TOPSIS,4,qmof-a2d95c3,Zn8C48H24O26,0.57861881,4.650938,0.755,1.0,,1.0,0.5,0.755,1.0,,1|1|1|1,0.755|0.5|1.0|1.0,,0.78925
wide band gap insulating MOFs with low density,50,TOPSIS,5,qmof-8deddd1,Zn6C42H18O18,0.720023443,3.550246,0.755,1.0,,1.0,0.5,0.755,1.0,,1|1|1|1,0.755|0.5|1.0|1.0,,0.78925
wide band gap insulating MOFs with low density,50,WeightedSum,1,qmof-e3dcc4d,Zn6C48H60N24,0.917677932,5.279321,0.755,1.0,,1.0,0.5,0.755,1.0,,1|1|1|1,0.755|0.5|1.0|1.0,,0.78925
wide band gap insulating MOFs with low density,50,WeightedSum,2,qmof-c82daac,Al2Li2C40H46N6O4,0.954866212,4.047188,0.755,1.0,,1.0,0.5,0.755,1.0,,1|1|1|1,0.755|0.5|1.0|1.0,,0.78925
wide band gap insulating MOFs with low density,50,WeightedSum,3,qmof-b1cbe7a,Fe2C24H16N8,0.685538233,3.528396,0.755,1.0,,1.0,0.5,0.755,1.0,,1|1|1|1,0.755|0.5|1.0|1.0,,0.78925
wide band gap insulating MOFs with low density,50,WeightedSum,4,qmof-a2d95c3,Zn8C48H24O26,0.57861881,4.650938,0.755,1.0,,1.0,0.5,0.755,1.0,,1|1|1|1,0.755|0.5|1.0|1.0,,0.78925
wide band gap insulating MOFs with low density,50,WeightedSum,5,qmof-8deddd1,Zn6C42H18O18,0.720023443,3.550246,0.755,1.0,,1.0,0.5,0.755,1.0,,1|1|1|1,0.755|0.5|1.0|1.0,,0.78925
wide band gap insulating MOFs with low density,51,GAT only,1,qmof-a2d95c3,Zn8C48H24O26,0.57861881,4.650938,0.755,1.0,,1.0,0.5,0.755,1.0,,1|1|1|1,0.755|0.5|1.0|1.0,,0.78925
wide band gap insulating MOFs with low density,51,GAT only,2,qmof-175a5d9,Fe6C42Cl6H12N18O12,0.750832979,3.544636,0.755,1.0,,1.0,0.5,0.755,1.0,,1|1|1|1,0.755|0.5|1.0|1.0,,0.78925
wide band gap insulating MOFs with low density,51,GAT only,3,qmof-017128d,Zn6C48H60N24,0.913433658,5.310987,0.755,1.0,,1.0,0.5,0.755,1.0,,1|1|1|1,0.755|0.5|1.0|1.0,,0.78925
wide band gap insulating MOFs with low density,51,GAT only,4,qmof-e3dcc4d,Zn6C48H60N24,0.917677932,5.279321,0.755,1.0,,1.0,0.5,0.755,1.0,,1|1|1|1,0.755|0.5|1.0|1.0,,0.78925
wide band gap insulating MOFs with low density,51,GAT only,5,qmof-4050181,Li4C28H32N4O8,0.936198777,5.066465,0.755,1.0,,1.0,0.5,0.755,1.0,,1|1|1|1,0.755|0.5|1.0|1.0,,0.78925
wide band gap insulating MOFs with low density,51,GraphSAGE only,1,qmof-175a5d9,Fe6C42Cl6H12N18O12,0.750832979,3.544636,0.755,1.0,,1.0,0.5,0.755,1.0,,1|1|1|1,0.755|0.5|1.0|1.0,,0.78925
wide band gap insulating MOFs with low density,51,GraphSAGE only,2,qmof-a2d95c3,Zn8C48H24O26,0.57861881,4.650938,0.755,1.0,,1.0,0.5,0.755,1.0,,1|1|1|1,0.755|0.5|1.0|1.0,,0.78925
wide band gap insulating MOFs with low density,51,GraphSAGE only,3,qmof-8deddd1,Zn6C42H18O18,0.720023443,3.550246,0.755,1.0,,1.0,0.5,0.755,1.0,,1|1|1|1,0.755|0.5|1.0|1.0,,0.78925
wide band gap insulating MOFs with low density,51,GraphSAGE only,4,qmof-b1cbe7a,Fe2C24H16N8,0.685538233,3.528396,0.755,1.0,,1.0,0.5,0.755,1.0,,1|1|1|1,0.755|0.5|1.0|1.0,,0.78925
wide band gap insulating MOFs with low density,51,GraphSAGE only,5,qmof-4050181,Li4C28H32N4O8,0.936198777,5.066465,0.755,1.0,,1.0,0.5,0.755,1.0,,1|1|1|1,0.755|0.5|1.0|1.0,,0.78925
wide band gap insulating MOFs with low density,51,LEA,1,qmof-4f9c014,Cu2C40H40N4O8,0.784105616,3.939544,0.755,1.0,,1.0,0.5,0.755,1.0,,1|1|1|1,0.755|0.5|1.0|1.0,,0.879164244234562
wide band gap insulating MOFs with low density,51,LEA,2,qmof-4050181,Li4C28H32N4O8,0.936198777,5.066465,0.755,1.0,,1.0,0.5,0.755,1.0,,1|1|1|1,0.755|0.5|1.0|1.0,,0.879164244234562
wide band gap insulating MOFs with low density,51,LEA,3,qmof-8deddd1,Zn6C42H18O18,0.720023443,3.550246,0.755,1.0,,1.0,0.5,0.755,1.0,,1|1|1|1,0.755|0.5|1.0|1.0,,0.879164244234562
wide band gap insulating MOFs with low density,51,LEA,4,qmof-694fdb2,Na4C52H80N4O8,0.918885408,3.600195,0.755,1.0,,1.0,0.5,0.755,1.0,,1|1|1|1,0.755|0.5|1.0|1.0,,0.879164244234562
wide band gap insulating MOFs with low density,51,LEA,5,qmof-a2d95c3,Zn8C48H24O26,0.57861881,4.650938,0.755,1.0,,1.0,0.5,0.755,1.0,,1|1|1|1,0.755|0.5|1.0|1.0,,0.879164244234562
wide band gap insulating MOFs with low density,51,LEA no diversity,1,qmof-4f9c014,Cu2C40H40N4O8,0.784105616,3.939544,0.755,1.0,,1.0,0.5,0.755,1.0,,1|1|1|1,0.755|0.5|1.0|1.0,,0.8685576424002648
wide band gap insulating MOFs with low density,51,LEA no diversity,2,qmof-4050181,Li4C28H32N4O8,0.936198777,5.066465,0.755,1.0,,1.0,0.5,0.755,1.0,,1|1|1|1,0.755|0.5|1.0|1.0,,0.8685576424002648
wide band gap insulating MOFs with low density,51,LEA no diversity,3,qmof-8deddd1,Zn6C42H18O18,0.720023443,3.550246,0.755,1.0,,1.0,0.5,0.755,1.0,,1|1|1|1,0.755|0.5|1.0|1.0,,0.8685576424002648
wide band gap insulating MOFs with low density,51,LEA no diversity,4,qmof-694fdb2,Na4C52H80N4O8,0.918885408,3.600195,0.755,1.0,,1.0,0.5,0.755,1.0,,1|1|1|1,0.755|0.5|1.0|1.0,,0.8685576424002648
wide band gap insulating MOFs with low density,51,LEA no diversity,5,qmof-a2d95c3,Zn8C48H24O26,0.57861881,4.650938,0.755,1.0,,1.0,0.5,0.755,1.0,,1|1|1|1,0.755|0.5|1.0|1.0,,0.8685576424002648
wide band gap insulating MOFs with low density,51,LEA no self-cleaning,1,qmof-4f9c014,Cu2C40H40N4O8,0.784105616,3.939544,0.755,1.0,,1.0,0.5,0.755,1.0,,1|1|1|1,0.755|0.5|1.0|1.0,,0.879164244234562
wide band gap insulating MOFs with low density,51,LEA no self-cleaning,2,qmof-4050181,Li4C28H32N4O8,0.936198777,5.066465,0.755,1.0,,1.0,0.5,0.755,1.0,,1|1|1|1,0.755|0.5|1.0|1.0,,0.879164244234562
wide band gap insulating MOFs with low density,51,LEA no self-cleaning,3,qmof-8deddd1,Zn6C42H18O18,0.720023443,3.550246,0.755,1.0,,1.0,0.5,0.755,1.0,,1|1|1|1,0.755|0.5|1.0|1.0,,0.879164244234562
wide band gap insulating MOFs with low density,51,LEA no self-cleaning,4,qmof-694fdb2,Na4C52H80N4O8,0.918885408,3.600195,0.755,1.0,,1.0,0.5,0.755,1.0,,1|1|1|1,0.755|0.5|1.0|1.0,,0.879164244234562
wide band gap insulating MOFs with low density,51,LEA no self-cleaning,5,qmof-a2d95c3,Zn8C48H24O26,0.57861881,4.650938,0.755,1.0,,1.0,0.5,0.755,1.0,,1|1|1|1,0.755|0.5|1.0|1.0,,0.879164244234562
wide band gap insulating MOFs with low density,51,LEA + GAT,1,qmof-a2d95c3,Zn8C48H24O26,0.57861881,4.650938,0.755,1.0,,1.0,0.5,0.755,1.0,,1|1|1|1,0.755|0.5|1.0|1.0,,0.8466384366154671
wide band gap insulating MOFs with low density,51,LEA + GAT,2,qmof-175a5d9,Fe6C42Cl6H12N18O12,0.750832979,3.544636,0.755,1.0,,1.0,0.5,0.755,1.0,,1|1|1|1,0.755|0.5|1.0|1.0,,0.8425757512450218
wide band gap insulating MOFs with low density,51,LEA + GAT,3,qmof-017128d,Zn6C48H60N24,0.913433658,5.310987,0.755,1.0,,1.0,0.5,0.755,1.0,,1|1|1|1,0.755|0.5|1.0|1.0,,0.8389274954795838
wide band gap insulating MOFs with low density,51,LEA + GAT,4,qmof-e3dcc4d,Zn6C48H60N24,0.917677932,5.279321,0.755,1.0,,1.0,0.5,0.755,1.0,,1|1|1|1,0.755|0.5|1.0|1.0,,0.8388831362128257
wide band gap insulating MOFs with low density,51,LEA + GAT,5,qmof-4050181,Li4C28H32N4O8,0.936198777,5.066465,0.755,1.0,,1.0,0.5,0.755,1.0,,1|1|1|1,0.755|0.5|1.0|1.0,,0.8381716832518578
wide band gap insulating MOFs with low density,51,LEA + GraphSAGE,1,qmof-175a5d9,Fe6C42Cl6H12N18O12,0.750832979,3.544636,0.755,1.0,,1.0,0.5,0.755,1.0,,1|1|1|1,0.755|0.5|1.0|1.0,,0.8027046889066696
wide band gap insulating MOFs with low density,51,LEA + GraphSAGE,2,qmof-a2d95c3,Zn8C48H24O26,0.57861881,4.650938,0.755,1.0,,1.0,0.5,0.755,1.0,,1|1|1|1,0.755|0.5|1.0|1.0,,0.8008528977632523
wide band gap insulating MOFs with low density,51,LEA + GraphSAGE,3,qmof-8deddd1,Zn6C42H18O18,0.720023443,3.550246,0.755,1.0,,1.0,0.5,0.755,1.0,,1|1|1|1,0.755|0.5|1.0|1.0,,0.7970820188522338
wide band gap insulating MOFs with low density,51,LEA + GraphSAGE,4,qmof-b1cbe7a,Fe2C24H16N8,0.685538233,3.528396,0.755,1.0,,1.0,0.5,0.755,1.0,,1|1|1|1,0.755|0.5|1.0|1.0,,0.7911838114261627
wide band gap insulating MOFs with low density,51,LEA + GraphSAGE,5,qmof-4050181,Li4C28H32N4O8,0.936198777,5.066465,0.755,1.0,,1.0,0.5,0.755,1.0,,1|1|1|1,0.755|0.5|1.0|1.0,,0.7893027365207672
wide band gap insulating MOFs with low density,51,MMR,1,qmof-175a5d9,Fe6C42Cl6H12N18O12,0.750832979,3.544636,0.755,1.0,,1.0,0.5,0.755,1.0,,1|1|1|1,0.755|0.5|1.0|1.0,,0.78925
wide band gap insulating MOFs with low density,51,MMR,2,qmof-19d3c65,Zn3C64H52N4O18,0.972263976,4.20432,0.755,1.0,,1.0,0.5,0.755,1.0,,1|1|1|1,0.755|0.5|1.0|1.0,,0.78925
wide band gap insulating MOFs with low density,51,MMR,3,qmof-017128d,Zn6C48H60N24,0.913433658,5.310987,0.755,1.0,,1.0,0.5,0.755,1.0,,1|1|1|1,0.755|0.5|1.0|1.0,,0.78925
wide band gap insulating MOFs with low density,51,MMR,4,qmof-c82daac,Al2Li2C40H46N6O4,0.954866212,4.047188,0.755,1.0,,1.0,0.5,0.755,1.0,,1|1|1|1,0.755|0.5|1.0|1.0,,0.78925
wide band gap insulating MOFs with low density,51,MMR,5,qmof-b1cbe7a,Fe2C24H16N8,0.685538233,3.528396,0.755,1.0,,1.0,0.5,0.755,1.0,,1|1|1|1,0.755|0.5|1.0|1.0,,0.78925
wide band gap insulating MOFs with low density,51,ParetoCrowding,1,qmof-e3dcc4d,Zn6C48H60N24,0.917677932,5.279321,0.755,1.0,,1.0,0.5,0.755,1.0,,1|1|1|1,0.755|0.5|1.0|1.0,,0.78925
wide band gap insulating MOFs with low density,51,ParetoCrowding,2,qmof-c82daac,Al2Li2C40H46N6O4,0.954866212,4.047188,0.755,1.0,,1.0,0.5,0.755,1.0,,1|1|1|1,0.755|0.5|1.0|1.0,,0.78925
wide band gap insulating MOFs with low density,51,ParetoCrowding,3,qmof-b1cbe7a,Fe2C24H16N8,0.685538233,3.528396,0.755,1.0,,1.0,0.5,0.755,1.0,,1|1|1|1,0.755|0.5|1.0|1.0,,0.78925
wide band gap insulating MOFs with low density,51,ParetoCrowding,4,qmof-a2d95c3,Zn8C48H24O26,0.57861881,4.650938,0.755,1.0,,1.0,0.5,0.755,1.0,,1|1|1|1,0.755|0.5|1.0|1.0,,0.78925
wide band gap insulating MOFs with low density,51,ParetoCrowding,5,qmof-8deddd1,Zn6C42H18O18,0.720023443,3.550246,0.755,1.0,,1.0,0.5,0.755,1.0,,1|1|1|1,0.755|0.5|1.0|1.0,,0.78925
wide band gap insulating MOFs with low density,51,Random,1,qmof-1102a03,Zn4C56H48N20O12,1.783481404,3.890088,0.755,0.7,,0.7,0.5,0.755,0.7,,1|1|1|1,0.755|0.5|0.7|0.7,,0.66925
wide band gap insulating MOFs with low density,51,Random,2,qmof-017128d,Zn6C48H60N24,0.913433658,5.310987,0.755,1.0,,1.0,0.5,0.755,1.0,,1|1|1|1,0.755|0.5|1.0|1.0,,0.78925
wide band gap insulating MOFs with low density,51,Random,3,qmof-f689494,Cd4C56H40N16O12,1.993375953,3.955084,0.755,0.7,,0.7,0.5,0.755,0.7,,1|1|1|1,0.755|0.5|0.7|0.7,,0.66925
wide band gap insulating MOFs with low density,51,Random,4,qmof-ba852ff,Cd2C44H52I4N8,1.904434339,4.309753,0.755,0.7,,0.7,0.5,0.755,0.7,,1|1|1|1,0.755|0.5|0.7|0.7,,0.66925
wide band gap insulating MOFs with low density,51,Random,5,qmof-94dd3be,Zn2C28H24N4O8,1.798806564,4.255752,0.755,0.7,,0.7,0.5,0.755,0.7,,1|1|1|1,0.755|0.5|0.7|0.7,,0.66925
wide band gap insulating MOFs with low density,51,SemanticOnly,1,qmof-f96785a,Zn2C36H36N8O10,1.578911361,4.741722,0.755,0.7,,0.7,0.5,0.755,0.7,,1|1|1|1,0.755|0.5|0.7|0.7,,0.66925
wide band gap insulating MOFs with low density,51,SemanticOnly,2,qmof-f6f314a,Cd2C36H32N8O8S6,1.750076538,3.856054,0.755,0.7,,0.7,0.5,0.755,0.7,,1|1|1|1,0.755|0.5|0.7|0.7,,0.66925
wide band gap insulating MOFs with low density,51,SemanticOnly,3,qmof-f689494,Cd4C56H40N16O12,1.993375953,3.955084,0.755,0.7,,0.7,0.5,0.755,0.7,,1|1|1|1,0.755|0.5|0.7|0.7,,0.66925
wide band gap insulating MOFs with low density,51,SemanticOnly,4,qmof-f441841,Cu2C32H28N4O12,1.728310271,3.720497,0.755,0.7,,0.7,0.5,0.755,0.7,,1|1|1|1,0.755|0.5|0.7|0.7,,0.66925
wide band gap insulating MOFs with low density,51,SemanticOnly,5,qmof-f32cf71,CdC36F8H24N6O6,1.49416873,4.601082,0.755,0.7,,0.7,0.5,0.755,0.7,,1|1|1|1,0.755|0.5|0.7|0.7,,0.66925
wide band gap insulating MOFs with low density,51,TOPSIS,1,qmof-e3dcc4d,Zn6C48H60N24,0.917677932,5.279321,0.755,1.0,,1.0,0.5,0.755,1.0,,1|1|1|1,0.755|0.5|1.0|1.0,,0.78925
wide band gap insulating MOFs with low density,51,TOPSIS,2,qmof-c82daac,Al2Li2C40H46N6O4,0.954866212,4.047188,0.755,1.0,,1.0,0.5,0.755,1.0,,1|1|1|1,0.755|0.5|1.0|1.0,,0.78925
wide band gap insulating MOFs with low density,51,TOPSIS,3,qmof-b1cbe7a,Fe2C24H16N8,0.685538233,3.528396,0.755,1.0,,1.0,0.5,0.755,1.0,,1|1|1|1,0.755|0.5|1.0|1.0,,0.78925
wide band gap insulating MOFs with low density,51,TOPSIS,4,qmof-a2d95c3,Zn8C48H24O26,0.57861881,4.650938,0.755,1.0,,1.0,0.5,0.755,1.0,,1|1|1|1,0.755|0.5|1.0|1.0,,0.78925
wide band gap insulating MOFs with low density,51,TOPSIS,5,qmof-8deddd1,Zn6C42H18O18,0.720023443,3.550246,0.755,1.0,,1.0,0.5,0.755,1.0,,1|1|1|1,0.755|0.5|1.0|1.0,,0.78925
wide band gap insulating MOFs with low density,51,WeightedSum,1,qmof-e3dcc4d,Zn6C48H60N24,0.917677932,5.279321,0.755,1.0,,1.0,0.5,0.755,1.0,,1|1|1|1,0.755|0.5|1.0|1.0,,0.78925
wide band gap insulating MOFs with low density,51,WeightedSum,2,qmof-c82daac,Al2Li2C40H46N6O4,0.954866212,4.047188,0.755,1.0,,1.0,0.5,0.755,1.0,,1|1|1|1,0.755|0.5|1.0|1.0,,0.78925
wide band gap insulating MOFs with low density,51,WeightedSum,3,qmof-b1cbe7a,Fe2C24H16N8,0.685538233,3.528396,0.755,1.0,,1.0,0.5,0.755,1.0,,1|1|1|1,0.755|0.5|1.0|1.0,,0.78925
wide band gap insulating MOFs with low density,51,WeightedSum,4,qmof-a2d95c3,Zn8C48H24O26,0.57861881,4.650938,0.755,1.0,,1.0,0.5,0.755,1.0,,1|1|1|1,0.755|0.5|1.0|1.0,,0.78925
wide band gap insulating MOFs with low density,51,WeightedSum,5,qmof-8deddd1,Zn6C42H18O18,0.720023443,3.550246,0.755,1.0,,1.0,0.5,0.755,1.0,,1|1|1|1,0.755|0.5|1.0|1.0,,0.78925
