query,seed,method,rank_i,rank_j,qmof_id_i,qmof_id_j,objective_score_distance,raw_physical_distance,notes
stable porous MOFs for CO2 adsorption,42,GAT only,1,2,qmof-fd921b0,qmof-ec84fcf,0.0,,previous final-masked protocol distance
stable porous MOFs for CO2 adsorption,42,GAT only,1,3,qmof-fd921b0,qmof-0ea1d91,0.0,,previous final-masked protocol distance
stable porous MOFs for CO2 adsorption,42,GAT only,1,4,qmof-fd921b0,qmof-403e9cb,0.0,,previous final-masked protocol distance
stable porous MOFs for CO2 adsorption,42,GAT only,1,5,qmof-fd921b0,qmof-71748b1,0.0,,previous final-masked protocol distance
stable porous MOFs for CO2 adsorption,42,GAT only,2,3,qmof-ec84fcf,qmof-0ea1d91,0.0,,previous final-masked protocol distance
stable porous MOFs for CO2 adsorption,42,GAT only,2,4,qmof-ec84fcf,qmof-403e9cb,0.0,,previous final-masked protocol distance
stable porous MOFs for CO2 adsorption,42,GAT only,2,5,qmof-ec84fcf,qmof-71748b1,0.0,,previous final-masked protocol distance
stable porous MOFs for CO2 adsorption,42,GAT only,3,4,qmof-0ea1d91,qmof-403e9cb,0.0,,previous final-masked protocol distance
stable porous MOFs for CO2 adsorption,42,GAT only,3,5,qmof-0ea1d91,qmof-71748b1,0.0,,previous final-masked protocol distance
stable porous MOFs for CO2 adsorption,42,GAT only,4,5,qmof-403e9cb,qmof-71748b1,0.0,,previous final-masked protocol distance
stable porous MOFs for CO2 adsorption,42,GraphSAGE only,1,2,qmof-ec84fcf,qmof-fd921b0,0.0,,previous final-masked protocol distance
stable porous MOFs for CO2 adsorption,42,GraphSAGE only,1,3,qmof-ec84fcf,qmof-275dcce,0.0,,previous final-masked protocol distance
stable porous MOFs for CO2 adsorption,42,GraphSAGE only,1,4,qmof-ec84fcf,qmof-0ea1d91,0.0,,previous final-masked protocol distance
stable porous MOFs for CO2 adsorption,42,GraphSAGE only,1,5,qmof-ec84fcf,qmof-f69d443,0.0,,previous final-masked protocol distance
stable porous MOFs for CO2 adsorption,42,GraphSAGE only,2,3,qmof-fd921b0,qmof-275dcce,0.0,,previous final-masked protocol distance
stable porous MOFs for CO2 adsorption,42,GraphSAGE only,2,4,qmof-fd921b0,qmof-0ea1d91,0.0,,previous final-masked protocol distance
stable porous MOFs for CO2 adsorption,42,GraphSAGE only,2,5,qmof-fd921b0,qmof-f69d443,0.0,,previous final-masked protocol distance
stable porous MOFs for CO2 adsorption,42,GraphSAGE only,3,4,qmof-275dcce,qmof-0ea1d91,0.0,,previous final-masked protocol distance
stable porous MOFs for CO2 adsorption,42,GraphSAGE only,3,5,qmof-275dcce,qmof-f69d443,0.0,,previous final-masked protocol distance
stable porous MOFs for CO2 adsorption,42,GraphSAGE only,4,5,qmof-0ea1d91,qmof-f69d443,0.0,,previous final-masked protocol distance
stable porous MOFs for CO2 adsorption,42,LEA,1,2,qmof-c8f0292,qmof-b0a3596,0.0,,previous final-masked protocol distance
stable porous MOFs for CO2 adsorption,42,LEA,1,3,qmof-c8f0292,qmof-c631f72,0.0,,previous final-masked protocol distance
stable porous MOFs for CO2 adsorption,42,LEA,1,4,qmof-c8f0292,qmof-b2fddf8,0.0,,previous final-masked protocol distance
stable porous MOFs for CO2 adsorption,42,LEA,1,5,qmof-c8f0292,qmof-26c54ef,0.0,,previous final-masked protocol distance
stable porous MOFs for CO2 adsorption,42,LEA,2,3,qmof-b0a3596,qmof-c631f72,0.0,,previous final-masked protocol distance
stable porous MOFs for CO2 adsorption,42,LEA,2,4,qmof-b0a3596,qmof-b2fddf8,0.0,,previous final-masked protocol distance
stable porous MOFs for CO2 adsorption,42,LEA,2,5,qmof-b0a3596,qmof-26c54ef,0.0,,previous final-masked protocol distance
stable porous MOFs for CO2 adsorption,42,LEA,3,4,qmof-c631f72,qmof-b2fddf8,0.0,,previous final-masked protocol distance
stable porous MOFs for CO2 adsorption,42,LEA,3,5,qmof-c631f72,qmof-26c54ef,0.0,,previous final-masked protocol distance
stable porous MOFs for CO2 adsorption,42,LEA,4,5,qmof-b2fddf8,qmof-26c54ef,0.0,,previous final-masked protocol distance
stable porous MOFs for CO2 adsorption,42,LEA no diversity,1,2,qmof-c8f0292,qmof-b0a3596,0.0,,previous final-masked protocol distance
stable porous MOFs for CO2 adsorption,42,LEA no diversity,1,3,qmof-c8f0292,qmof-c631f72,0.0,,previous final-masked protocol distance
stable porous MOFs for CO2 adsorption,42,LEA no diversity,1,4,qmof-c8f0292,qmof-b2fddf8,0.0,,previous final-masked protocol distance
stable porous MOFs for CO2 adsorption,42,LEA no diversity,1,5,qmof-c8f0292,qmof-26c54ef,0.0,,previous final-masked protocol distance
stable porous MOFs for CO2 adsorption,42,LEA no diversity,2,3,qmof-b0a3596,qmof-c631f72,0.0,,previous final-masked protocol distance
stable porous MOFs for CO2 adsorption,42,LEA no diversity,2,4,qmof-b0a3596,qmof-b2fddf8,0.0,,previous final-masked protocol distance
stable porous MOFs for CO2 adsorption,42,LEA no diversity,2,5,qmof-b0a3596,qmof-26c54ef,0.0,,previous final-masked protocol distance
stable porous MOFs for CO2 adsorption,42,LEA no diversity,3,4,qmof-c631f72,qmof-b2fddf8,0.0,,previous final-masked protocol distance
stable porous MOFs for CO2 adsorption,42,LEA no diversity,3,5,qmof-c631f72,qmof-26c54ef,0.0,,previous final-masked protocol distance
stable porous MOFs for CO2 adsorption,42,LEA no diversity,4,5,qmof-b2fddf8,qmof-26c54ef,0.0,,previous final-masked protocol distance
stable porous MOFs for CO2 adsorption,42,LEA no self-cleaning,1,2,qmof-c8f0292,qmof-b0a3596,0.0,,previous final-masked protocol distance
stable porous MOFs for CO2 adsorption,42,LEA no self-cleaning,1,3,qmof-c8f0292,qmof-c631f72,0.0,,previous final-masked protocol distance
stable porous MOFs for CO2 adsorption,42,LEA no self-cleaning,1,4,qmof-c8f0292,qmof-b2fddf8,0.0,,previous final-masked protocol distance
stable porous MOFs for CO2 adsorption,42,LEA no self-cleaning,1,5,qmof-c8f0292,qmof-26c54ef,0.0,,previous final-masked protocol distance
stable porous MOFs for CO2 adsorption,42,LEA no self-cleaning,2,3,qmof-b0a3596,qmof-c631f72,0.0,,previous final-masked protocol distance
stable porous MOFs for CO2 adsorption,42,LEA no self-cleaning,2,4,qmof-b0a3596,qmof-b2fddf8,0.0,,previous final-masked protocol distance
stable porous MOFs for CO2 adsorption,42,LEA no self-cleaning,2,5,qmof-b0a3596,qmof-26c54ef,0.0,,previous final-masked protocol distance
stable porous MOFs for CO2 adsorption,42,LEA no self-cleaning,3,4,qmof-c631f72,qmof-b2fddf8,0.0,,previous final-masked protocol distance
stable porous MOFs for CO2 adsorption,42,LEA no self-cleaning,3,5,qmof-c631f72,qmof-26c54ef,0.0,,previous final-masked protocol distance
stable porous MOFs for CO2 adsorption,42,LEA no self-cleaning,4,5,qmof-b2fddf8,qmof-26c54ef,0.0,,previous final-masked protocol distance
stable porous MOFs for CO2 adsorption,42,LEA + GAT,1,2,qmof-403e9cb,qmof-334586a,0.0,,previous final-masked protocol distance
stable porous MOFs for CO2 adsorption,42,LEA + GAT,1,3,qmof-403e9cb,qmof-c0d0be0,0.0,,previous final-masked protocol distance
stable porous MOFs for CO2 adsorption,42,LEA + GAT,1,4,qmof-403e9cb,qmof-9a1ecbc,0.0,,previous final-masked protocol distance
stable porous MOFs for CO2 adsorption,42,LEA + GAT,1,5,qmof-403e9cb,qmof-d8703ab,0.0,,previous final-masked protocol distance
stable porous MOFs for CO2 adsorption,42,LEA + GAT,2,3,qmof-334586a,qmof-c0d0be0,0.0,,previous final-masked protocol distance
stable porous MOFs for CO2 adsorption,42,LEA + GAT,2,4,qmof-334586a,qmof-9a1ecbc,0.0,,previous final-masked protocol distance
stable porous MOFs for CO2 adsorption,42,LEA + GAT,2,5,qmof-334586a,qmof-d8703ab,0.0,,previous final-masked protocol distance
stable porous MOFs for CO2 adsorption,42,LEA + GAT,3,4,qmof-c0d0be0,qmof-9a1ecbc,0.0,,previous final-masked protocol distance
stable porous MOFs for CO2 adsorption,42,LEA + GAT,3,5,qmof-c0d0be0,qmof-d8703ab,0.0,,previous final-masked protocol distance
stable porous MOFs for CO2 adsorption,42,LEA + GAT,4,5,qmof-9a1ecbc,qmof-d8703ab,0.0,,previous final-masked protocol distance
stable porous MOFs for CO2 adsorption,42,LEA + GraphSAGE,1,2,qmof-275dcce,qmof-f69d443,0.0,,previous final-masked protocol distance
stable porous MOFs for CO2 adsorption,42,LEA + GraphSAGE,1,3,qmof-275dcce,qmof-68234b7,0.0,,previous final-masked protocol distance
stable porous MOFs for CO2 adsorption,42,LEA + GraphSAGE,1,4,qmof-275dcce,qmof-334586a,0.0,,previous final-masked protocol distance
stable porous MOFs for CO2 adsorption,42,LEA + GraphSAGE,1,5,qmof-275dcce,qmof-403e9cb,0.0,,previous final-masked protocol distance
stable porous MOFs for CO2 adsorption,42,LEA + GraphSAGE,2,3,qmof-f69d443,qmof-68234b7,0.0,,previous final-masked protocol distance
stable porous MOFs for CO2 adsorption,42,LEA + GraphSAGE,2,4,qmof-f69d443,qmof-334586a,0.0,,previous final-masked protocol distance
stable porous MOFs for CO2 adsorption,42,LEA + GraphSAGE,2,5,qmof-f69d443,qmof-403e9cb,0.0,,previous final-masked protocol distance
stable porous MOFs for CO2 adsorption,42,LEA + GraphSAGE,3,4,qmof-68234b7,qmof-334586a,0.0,,previous final-masked protocol distance
stable porous MOFs for CO2 adsorption,42,LEA + GraphSAGE,3,5,qmof-68234b7,qmof-403e9cb,0.0,,previous final-masked protocol distance
stable porous MOFs for CO2 adsorption,42,LEA + GraphSAGE,4,5,qmof-334586a,qmof-403e9cb,0.0,,previous final-masked protocol distance
stable porous MOFs for CO2 adsorption,42,MMR,1,2,qmof-82fb334,qmof-6ad2d37,0.25,,previous final-masked protocol distance
stable porous MOFs for CO2 adsorption,42,MMR,1,3,qmof-82fb334,qmof-51d789e,0.0,,previous final-masked protocol distance
stable porous MOFs for CO2 adsorption,42,MMR,1,4,qmof-82fb334,qmof-275dcce,0.0,,previous final-masked protocol distance
stable porous MOFs for CO2 adsorption,42,MMR,1,5,qmof-82fb334,qmof-99810c8,0.0,,previous final-masked protocol distance
stable porous MOFs for CO2 adsorption,42,MMR,2,3,qmof-6ad2d37,qmof-51d789e,0.25,,previous final-masked protocol distance
stable porous MOFs for CO2 adsorption,42,MMR,2,4,qmof-6ad2d37,qmof-275dcce,0.25,,previous final-masked protocol distance
stable porous MOFs for CO2 adsorption,42,MMR,2,5,qmof-6ad2d37,qmof-99810c8,0.25,,previous final-masked protocol distance
stable porous MOFs for CO2 adsorption,42,MMR,3,4,qmof-51d789e,qmof-275dcce,0.0,,previous final-masked protocol distance
stable porous MOFs for CO2 adsorption,42,MMR,3,5,qmof-51d789e,qmof-99810c8,0.0,,previous final-masked protocol distance
stable porous MOFs for CO2 adsorption,42,MMR,4,5,qmof-275dcce,qmof-99810c8,0.0,,previous final-masked protocol distance
stable porous MOFs for CO2 adsorption,42,ParetoCrowding,1,2,qmof-fd921b0,qmof-f69d443,0.0,,previous final-masked protocol distance
stable porous MOFs for CO2 adsorption,42,ParetoCrowding,1,3,qmof-fd921b0,qmof-f343390,0.0,,previous final-masked protocol distance
stable porous MOFs for CO2 adsorption,42,ParetoCrowding,1,4,qmof-fd921b0,qmof-f2d872e,0.0,,previous final-masked protocol distance
stable porous MOFs for CO2 adsorption,42,ParetoCrowding,1,5,qmof-fd921b0,qmof-f0c9af4,0.0,,previous final-masked protocol distance
stable porous MOFs for CO2 adsorption,42,ParetoCrowding,2,3,qmof-f69d443,qmof-f343390,0.0,,previous final-masked protocol distance
stable porous MOFs for CO2 adsorption,42,ParetoCrowding,2,4,qmof-f69d443,qmof-f2d872e,0.0,,previous final-masked protocol distance
stable porous MOFs for CO2 adsorption,42,ParetoCrowding,2,5,qmof-f69d443,qmof-f0c9af4,0.0,,previous final-masked protocol distance
stable porous MOFs for CO2 adsorption,42,ParetoCrowding,3,4,qmof-f343390,qmof-f2d872e,0.0,,previous final-masked protocol distance
stable porous MOFs for CO2 adsorption,42,ParetoCrowding,3,5,qmof-f343390,qmof-f0c9af4,0.0,,previous final-masked protocol distance
stable porous MOFs for CO2 adsorption,42,ParetoCrowding,4,5,qmof-f2d872e,qmof-f0c9af4,0.0,,previous final-masked protocol distance
stable porous MOFs for CO2 adsorption,42,Random,1,2,qmof-4324443,qmof-5533340,0.0,,previous final-masked protocol distance
stable porous MOFs for CO2 adsorption,42,Random,1,3,qmof-4324443,qmof-3c5b84b,0.25,,previous final-masked protocol distance
stable porous MOFs for CO2 adsorption,42,Random,1,4,qmof-4324443,qmof-79ff2bd,0.0,,previous final-masked protocol distance
stable porous MOFs for CO2 adsorption,42,Random,1,5,qmof-4324443,qmof-b0a3596,0.0,,previous final-masked protocol distance
stable porous MOFs for CO2 adsorption,42,Random,2,3,qmof-5533340,qmof-3c5b84b,0.25,,previous final-masked protocol distance
stable porous MOFs for CO2 adsorption,42,Random,2,4,qmof-5533340,qmof-79ff2bd,0.0,,previous final-masked protocol distance
stable porous MOFs for CO2 adsorption,42,Random,2,5,qmof-5533340,qmof-b0a3596,0.0,,previous final-masked protocol distance
stable porous MOFs for CO2 adsorption,42,Random,3,4,qmof-3c5b84b,qmof-79ff2bd,0.25,,previous final-masked protocol distance
stable porous MOFs for CO2 adsorption,42,Random,3,5,qmof-3c5b84b,qmof-b0a3596,0.25,,previous final-masked protocol distance
stable porous MOFs for CO2 adsorption,42,Random,4,5,qmof-79ff2bd,qmof-b0a3596,0.0,,previous final-masked protocol distance
stable porous MOFs for CO2 adsorption,42,SemanticOnly,1,2,qmof-fe6f735,qmof-fd921b0,0.25,,previous final-masked protocol distance
stable porous MOFs for CO2 adsorption,42,SemanticOnly,1,3,qmof-fe6f735,qmof-f69d443,0.25,,previous final-masked protocol distance
stable porous MOFs for CO2 adsorption,42,SemanticOnly,1,4,qmof-fe6f735,qmof-f47b0d0,0.0,,previous final-masked protocol distance
stable porous MOFs for CO2 adsorption,42,SemanticOnly,1,5,qmof-fe6f735,qmof-f343390,0.25,,previous final-masked protocol distance
stable porous MOFs for CO2 adsorption,42,SemanticOnly,2,3,qmof-fd921b0,qmof-f69d443,0.0,,previous final-masked protocol distance
stable porous MOFs for CO2 adsorption,42,SemanticOnly,2,4,qmof-fd921b0,qmof-f47b0d0,0.25,,previous final-masked protocol distance
stable porous MOFs for CO2 adsorption,42,SemanticOnly,2,5,qmof-fd921b0,qmof-f343390,0.0,,previous final-masked protocol distance
stable porous MOFs for CO2 adsorption,42,SemanticOnly,3,4,qmof-f69d443,qmof-f47b0d0,0.25,,previous final-masked protocol distance
stable porous MOFs for CO2 adsorption,42,SemanticOnly,3,5,qmof-f69d443,qmof-f343390,0.0,,previous final-masked protocol distance
stable porous MOFs for CO2 adsorption,42,SemanticOnly,4,5,qmof-f47b0d0,qmof-f343390,0.25,,previous final-masked protocol distance
stable porous MOFs for CO2 adsorption,42,TOPSIS,1,2,qmof-fd921b0,qmof-f69d443,0.0,,previous final-masked protocol distance
stable porous MOFs for CO2 adsorption,42,TOPSIS,1,3,qmof-fd921b0,qmof-f343390,0.0,,previous final-masked protocol distance
stable porous MOFs for CO2 adsorption,42,TOPSIS,1,4,qmof-fd921b0,qmof-f2d872e,0.0,,previous final-masked protocol distance
stable porous MOFs for CO2 adsorption,42,TOPSIS,1,5,qmof-fd921b0,qmof-f0c9af4,0.0,,previous final-masked protocol distance
stable porous MOFs for CO2 adsorption,42,TOPSIS,2,3,qmof-f69d443,qmof-f343390,0.0,,previous final-masked protocol distance
stable porous MOFs for CO2 adsorption,42,TOPSIS,2,4,qmof-f69d443,qmof-f2d872e,0.0,,previous final-masked protocol distance
stable porous MOFs for CO2 adsorption,42,TOPSIS,2,5,qmof-f69d443,qmof-f0c9af4,0.0,,previous final-masked protocol distance
stable porous MOFs for CO2 adsorption,42,TOPSIS,3,4,qmof-f343390,qmof-f2d872e,0.0,,previous final-masked protocol distance
stable porous MOFs for CO2 adsorption,42,TOPSIS,3,5,qmof-f343390,qmof-f0c9af4,0.0,,previous final-masked protocol distance
stable porous MOFs for CO2 adsorption,42,TOPSIS,4,5,qmof-f2d872e,qmof-f0c9af4,0.0,,previous final-masked protocol distance
stable porous MOFs for CO2 adsorption,42,WeightedSum,1,2,qmof-fd921b0,qmof-f69d443,0.0,,previous final-masked protocol distance
stable porous MOFs for CO2 adsorption,42,WeightedSum,1,3,qmof-fd921b0,qmof-f343390,0.0,,previous final-masked protocol distance
stable porous MOFs for CO2 adsorption,42,WeightedSum,1,4,qmof-fd921b0,qmof-f2d872e,0.0,,previous final-masked protocol distance
stable porous MOFs for CO2 adsorption,42,WeightedSum,1,5,qmof-fd921b0,qmof-f0c9af4,0.0,,previous final-masked protocol distance
stable porous MOFs for CO2 adsorption,42,WeightedSum,2,3,qmof-f69d443,qmof-f343390,0.0,,previous final-masked protocol distance
stable porous MOFs for CO2 adsorption,42,WeightedSum,2,4,qmof-f69d443,qmof-f2d872e,0.0,,previous final-masked protocol distance
stable porous MOFs for CO2 adsorption,42,WeightedSum,2,5,qmof-f69d443,qmof-f0c9af4,0.0,,previous final-masked protocol distance
stable porous MOFs for CO2 adsorption,42,WeightedSum,3,4,qmof-f343390,qmof-f2d872e,0.0,,previous final-masked protocol distance
stable porous MOFs for CO2 adsorption,42,WeightedSum,3,5,qmof-f343390,qmof-f0c9af4,0.0,,previous final-masked protocol distance
stable porous MOFs for CO2 adsorption,42,WeightedSum,4,5,qmof-f2d872e,qmof-f0c9af4,0.0,,previous final-masked protocol distance
stable porous MOFs for CO2 adsorption,43,GAT only,1,2,qmof-fd921b0,qmof-ec84fcf,0.0,,previous final-masked protocol distance
stable porous MOFs for CO2 adsorption,43,GAT only,1,3,qmof-fd921b0,qmof-0ea1d91,0.0,,previous final-masked protocol distance
stable porous MOFs for CO2 adsorption,43,GAT only,1,4,qmof-fd921b0,qmof-403e9cb,0.0,,previous final-masked protocol distance
stable porous MOFs for CO2 adsorption,43,GAT only,1,5,qmof-fd921b0,qmof-71748b1,0.0,,previous final-masked protocol distance
stable porous MOFs for CO2 adsorption,43,GAT only,2,3,qmof-ec84fcf,qmof-0ea1d91,0.0,,previous final-masked protocol distance
stable porous MOFs for CO2 adsorption,43,GAT only,2,4,qmof-ec84fcf,qmof-403e9cb,0.0,,previous final-masked protocol distance
stable porous MOFs for CO2 adsorption,43,GAT only,2,5,qmof-ec84fcf,qmof-71748b1,0.0,,previous final-masked protocol distance
stable porous MOFs for CO2 adsorption,43,GAT only,3,4,qmof-0ea1d91,qmof-403e9cb,0.0,,previous final-masked protocol distance
stable porous MOFs for CO2 adsorption,43,GAT only,3,5,qmof-0ea1d91,qmof-71748b1,0.0,,previous final-masked protocol distance
stable porous MOFs for CO2 adsorption,43,GAT only,4,5,qmof-403e9cb,qmof-71748b1,0.0,,previous final-masked protocol distance
stable porous MOFs for CO2 adsorption,43,GraphSAGE only,1,2,qmof-ec84fcf,qmof-fd921b0,0.0,,previous final-masked protocol distance
stable porous MOFs for CO2 adsorption,43,GraphSAGE only,1,3,qmof-ec84fcf,qmof-275dcce,0.0,,previous final-masked protocol distance
stable porous MOFs for CO2 adsorption,43,GraphSAGE only,1,4,qmof-ec84fcf,qmof-0ea1d91,0.0,,previous final-masked protocol distance
stable porous MOFs for CO2 adsorption,43,GraphSAGE only,1,5,qmof-ec84fcf,qmof-f69d443,0.0,,previous final-masked protocol distance
stable porous MOFs for CO2 adsorption,43,GraphSAGE only,2,3,qmof-fd921b0,qmof-275dcce,0.0,,previous final-masked protocol distance
stable porous MOFs for CO2 adsorption,43,GraphSAGE only,2,4,qmof-fd921b0,qmof-0ea1d91,0.0,,previous final-masked protocol distance
stable porous MOFs for CO2 adsorption,43,GraphSAGE only,2,5,qmof-fd921b0,qmof-f69d443,0.0,,previous final-masked protocol distance
stable porous MOFs for CO2 adsorption,43,GraphSAGE only,3,4,qmof-275dcce,qmof-0ea1d91,0.0,,previous final-masked protocol distance
stable porous MOFs for CO2 adsorption,43,GraphSAGE only,3,5,qmof-275dcce,qmof-f69d443,0.0,,previous final-masked protocol distance
stable porous MOFs for CO2 adsorption,43,GraphSAGE only,4,5,qmof-0ea1d91,qmof-f69d443,0.0,,previous final-masked protocol distance
stable porous MOFs for CO2 adsorption,43,LEA,1,2,qmof-d976696,qmof-71748b1,0.0,,previous final-masked protocol distance
stable porous MOFs for CO2 adsorption,43,LEA,1,3,qmof-d976696,qmof-b2bccba,0.0,,previous final-masked protocol distance
stable porous MOFs for CO2 adsorption,43,LEA,1,4,qmof-d976696,qmof-eb2e363,0.0,,previous final-masked protocol distance
stable porous MOFs for CO2 adsorption,43,LEA,1,5,qmof-d976696,qmof-1f0ad0a,0.0,,previous final-masked protocol distance
stable porous MOFs for CO2 adsorption,43,LEA,2,3,qmof-71748b1,qmof-b2bccba,0.0,,previous final-masked protocol distance
stable porous MOFs for CO2 adsorption,43,LEA,2,4,qmof-71748b1,qmof-eb2e363,0.0,,previous final-masked protocol distance
stable porous MOFs for CO2 adsorption,43,LEA,2,5,qmof-71748b1,qmof-1f0ad0a,0.0,,previous final-masked protocol distance
stable porous MOFs for CO2 adsorption,43,LEA,3,4,qmof-b2bccba,qmof-eb2e363,0.0,,previous final-masked protocol distance
stable porous MOFs for CO2 adsorption,43,LEA,3,5,qmof-b2bccba,qmof-1f0ad0a,0.0,,previous final-masked protocol distance
stable porous MOFs for CO2 adsorption,43,LEA,4,5,qmof-eb2e363,qmof-1f0ad0a,0.0,,previous final-masked protocol distance
stable porous MOFs for CO2 adsorption,43,LEA no diversity,1,2,qmof-d976696,qmof-71748b1,0.0,,previous final-masked protocol distance
stable porous MOFs for CO2 adsorption,43,LEA no diversity,1,3,qmof-d976696,qmof-b2bccba,0.0,,previous final-masked protocol distance
stable porous MOFs for CO2 adsorption,43,LEA no diversity,1,4,qmof-d976696,qmof-eb2e363,0.0,,previous final-masked protocol distance
stable porous MOFs for CO2 adsorption,43,LEA no diversity,1,5,qmof-d976696,qmof-1f0ad0a,0.0,,previous final-masked protocol distance
stable porous MOFs for CO2 adsorption,43,LEA no diversity,2,3,qmof-71748b1,qmof-b2bccba,0.0,,previous final-masked protocol distance
stable porous MOFs for CO2 adsorption,43,LEA no diversity,2,4,qmof-71748b1,qmof-eb2e363,0.0,,previous final-masked protocol distance
stable porous MOFs for CO2 adsorption,43,LEA no diversity,2,5,qmof-71748b1,qmof-1f0ad0a,0.0,,previous final-masked protocol distance
stable porous MOFs for CO2 adsorption,43,LEA no diversity,3,4,qmof-b2bccba,qmof-eb2e363,0.0,,previous final-masked protocol distance
stable porous MOFs for CO2 adsorption,43,LEA no diversity,3,5,qmof-b2bccba,qmof-1f0ad0a,0.0,,previous final-masked protocol distance
stable porous MOFs for CO2 adsorption,43,LEA no diversity,4,5,qmof-eb2e363,qmof-1f0ad0a,0.0,,previous final-masked protocol distance
stable porous MOFs for CO2 adsorption,43,LEA no self-cleaning,1,2,qmof-d976696,qmof-71748b1,0.0,,previous final-masked protocol distance
stable porous MOFs for CO2 adsorption,43,LEA no self-cleaning,1,3,qmof-d976696,qmof-b2bccba,0.0,,previous final-masked protocol distance
stable porous MOFs for CO2 adsorption,43,LEA no self-cleaning,1,4,qmof-d976696,qmof-eb2e363,0.0,,previous final-masked protocol distance
stable porous MOFs for CO2 adsorption,43,LEA no self-cleaning,1,5,qmof-d976696,qmof-1f0ad0a,0.0,,previous final-masked protocol distance
stable porous MOFs for CO2 adsorption,43,LEA no self-cleaning,2,3,qmof-71748b1,qmof-b2bccba,0.0,,previous final-masked protocol distance
stable porous MOFs for CO2 adsorption,43,LEA no self-cleaning,2,4,qmof-71748b1,qmof-eb2e363,0.0,,previous final-masked protocol distance
stable porous MOFs for CO2 adsorption,43,LEA no self-cleaning,2,5,qmof-71748b1,qmof-1f0ad0a,0.0,,previous final-masked protocol distance
stable porous MOFs for CO2 adsorption,43,LEA no self-cleaning,3,4,qmof-b2bccba,qmof-eb2e363,0.0,,previous final-masked protocol distance
stable porous MOFs for CO2 adsorption,43,LEA no self-cleaning,3,5,qmof-b2bccba,qmof-1f0ad0a,0.0,,previous final-masked protocol distance
stable porous MOFs for CO2 adsorption,43,LEA no self-cleaning,4,5,qmof-eb2e363,qmof-1f0ad0a,0.0,,previous final-masked protocol distance
stable porous MOFs for CO2 adsorption,43,LEA + GAT,1,2,qmof-fd921b0,qmof-ec84fcf,0.0,,previous final-masked protocol distance
stable porous MOFs for CO2 adsorption,43,LEA + GAT,1,3,qmof-fd921b0,qmof-403e9cb,0.0,,previous final-masked protocol distance
stable porous MOFs for CO2 adsorption,43,LEA + GAT,1,4,qmof-fd921b0,qmof-f2d872e,0.0,,previous final-masked protocol distance
stable porous MOFs for CO2 adsorption,43,LEA + GAT,1,5,qmof-fd921b0,qmof-c0d0be0,0.0,,previous final-masked protocol distance
stable porous MOFs for CO2 adsorption,43,LEA + GAT,2,3,qmof-ec84fcf,qmof-403e9cb,0.0,,previous final-masked protocol distance
stable porous MOFs for CO2 adsorption,43,LEA + GAT,2,4,qmof-ec84fcf,qmof-f2d872e,0.0,,previous final-masked protocol distance
stable porous MOFs for CO2 adsorption,43,LEA + GAT,2,5,qmof-ec84fcf,qmof-c0d0be0,0.0,,previous final-masked protocol distance
stable porous MOFs for CO2 adsorption,43,LEA + GAT,3,4,qmof-403e9cb,qmof-f2d872e,0.0,,previous final-masked protocol distance
stable porous MOFs for CO2 adsorption,43,LEA + GAT,3,5,qmof-403e9cb,qmof-c0d0be0,0.0,,previous final-masked protocol distance
stable porous MOFs for CO2 adsorption,43,LEA + GAT,4,5,qmof-f2d872e,qmof-c0d0be0,0.0,,previous final-masked protocol distance
stable porous MOFs for CO2 adsorption,43,LEA + GraphSAGE,1,2,qmof-ec84fcf,qmof-fd921b0,0.0,,previous final-masked protocol distance
stable porous MOFs for CO2 adsorption,43,LEA + GraphSAGE,1,3,qmof-ec84fcf,qmof-275dcce,0.0,,previous final-masked protocol distance
stable porous MOFs for CO2 adsorption,43,LEA + GraphSAGE,1,4,qmof-ec84fcf,qmof-f2d872e,0.0,,previous final-masked protocol distance
stable porous MOFs for CO2 adsorption,43,LEA + GraphSAGE,1,5,qmof-ec84fcf,qmof-f69d443,0.0,,previous final-masked protocol distance
stable porous MOFs for CO2 adsorption,43,LEA + GraphSAGE,2,3,qmof-fd921b0,qmof-275dcce,0.0,,previous final-masked protocol distance
stable porous MOFs for CO2 adsorption,43,LEA + GraphSAGE,2,4,qmof-fd921b0,qmof-f2d872e,0.0,,previous final-masked protocol distance
stable porous MOFs for CO2 adsorption,43,LEA + GraphSAGE,2,5,qmof-fd921b0,qmof-f69d443,0.0,,previous final-masked protocol distance
stable porous MOFs for CO2 adsorption,43,LEA + GraphSAGE,3,4,qmof-275dcce,qmof-f2d872e,0.0,,previous final-masked protocol distance
stable porous MOFs for CO2 adsorption,43,LEA + GraphSAGE,3,5,qmof-275dcce,qmof-f69d443,0.0,,previous final-masked protocol distance
stable porous MOFs for CO2 adsorption,43,LEA + GraphSAGE,4,5,qmof-f2d872e,qmof-f69d443,0.0,,previous final-masked protocol distance
stable porous MOFs for CO2 adsorption,43,MMR,1,2,qmof-54f7ee7,qmof-c49d30b,0.25,,previous final-masked protocol distance
stable porous MOFs for CO2 adsorption,43,MMR,1,3,qmof-54f7ee7,qmof-334586a,0.0,,previous final-masked protocol distance
stable porous MOFs for CO2 adsorption,43,MMR,1,4,qmof-54f7ee7,qmof-d8703ab,0.0,,previous final-masked protocol distance
stable porous MOFs for CO2 adsorption,43,MMR,1,5,qmof-54f7ee7,qmof-ec84fcf,0.0,,previous final-masked protocol distance
stable porous MOFs for CO2 adsorption,43,MMR,2,3,qmof-c49d30b,qmof-334586a,0.25,,previous final-masked protocol distance
stable porous MOFs for CO2 adsorption,43,MMR,2,4,qmof-c49d30b,qmof-d8703ab,0.25,,previous final-masked protocol distance
stable porous MOFs for CO2 adsorption,43,MMR,2,5,qmof-c49d30b,qmof-ec84fcf,0.25,,previous final-masked protocol distance
stable porous MOFs for CO2 adsorption,43,MMR,3,4,qmof-334586a,qmof-d8703ab,0.0,,previous final-masked protocol distance
stable porous MOFs for CO2 adsorption,43,MMR,3,5,qmof-334586a,qmof-ec84fcf,0.0,,previous final-masked protocol distance
stable porous MOFs for CO2 adsorption,43,MMR,4,5,qmof-d8703ab,qmof-ec84fcf,0.0,,previous final-masked protocol distance
stable porous MOFs for CO2 adsorption,43,ParetoCrowding,1,2,qmof-fd921b0,qmof-f69d443,0.0,,previous final-masked protocol distance
stable porous MOFs for CO2 adsorption,43,ParetoCrowding,1,3,qmof-fd921b0,qmof-f343390,0.0,,previous final-masked protocol distance
stable porous MOFs for CO2 adsorption,43,ParetoCrowding,1,4,qmof-fd921b0,qmof-f2d872e,0.0,,previous final-masked protocol distance
stable porous MOFs for CO2 adsorption,43,ParetoCrowding,1,5,qmof-fd921b0,qmof-f0c9af4,0.0,,previous final-masked protocol distance
stable porous MOFs for CO2 adsorption,43,ParetoCrowding,2,3,qmof-f69d443,qmof-f343390,0.0,,previous final-masked protocol distance
stable porous MOFs for CO2 adsorption,43,ParetoCrowding,2,4,qmof-f69d443,qmof-f2d872e,0.0,,previous final-masked protocol distance
stable porous MOFs for CO2 adsorption,43,ParetoCrowding,2,5,qmof-f69d443,qmof-f0c9af4,0.0,,previous final-masked protocol distance
stable porous MOFs for CO2 adsorption,43,ParetoCrowding,3,4,qmof-f343390,qmof-f2d872e,0.0,,previous final-masked protocol distance
stable porous MOFs for CO2 adsorption,43,ParetoCrowding,3,5,qmof-f343390,qmof-f0c9af4,0.0,,previous final-masked protocol distance
stable porous MOFs for CO2 adsorption,43,ParetoCrowding,4,5,qmof-f2d872e,qmof-f0c9af4,0.0,,previous final-masked protocol distance
stable porous MOFs for CO2 adsorption,43,Random,1,2,qmof-57e6787,qmof-c49d30b,0.25,,previous final-masked protocol distance
stable porous MOFs for CO2 adsorption,43,Random,1,3,qmof-57e6787,qmof-8fe6d7b,0.0,,previous final-masked protocol distance
stable porous MOFs for CO2 adsorption,43,Random,1,4,qmof-57e6787,qmof-0ea1d91,0.0,,previous final-masked protocol distance
stable porous MOFs for CO2 adsorption,43,Random,1,5,qmof-57e6787,qmof-54f7ee7,0.0,,previous final-masked protocol distance
stable porous MOFs for CO2 adsorption,43,Random,2,3,qmof-c49d30b,qmof-8fe6d7b,0.25,,previous final-masked protocol distance
stable porous MOFs for CO2 adsorption,43,Random,2,4,qmof-c49d30b,qmof-0ea1d91,0.25,,previous final-masked protocol distance
stable porous MOFs for CO2 adsorption,43,Random,2,5,qmof-c49d30b,qmof-54f7ee7,0.25,,previous final-masked protocol distance
stable porous MOFs for CO2 adsorption,43,Random,3,4,qmof-8fe6d7b,qmof-0ea1d91,0.0,,previous final-masked protocol distance
stable porous MOFs for CO2 adsorption,43,Random,3,5,qmof-8fe6d7b,qmof-54f7ee7,0.0,,previous final-masked protocol distance
stable porous MOFs for CO2 adsorption,43,Random,4,5,qmof-0ea1d91,qmof-54f7ee7,0.0,,previous final-masked protocol distance
stable porous MOFs for CO2 adsorption,43,SemanticOnly,1,2,qmof-fe6f735,qmof-fd921b0,0.25,,previous final-masked protocol distance
stable porous MOFs for CO2 adsorption,43,SemanticOnly,1,3,qmof-fe6f735,qmof-f771839,0.0,,previous final-masked protocol distance
stable porous MOFs for CO2 adsorption,43,SemanticOnly,1,4,qmof-fe6f735,qmof-f69d443,0.25,,previous final-masked protocol distance
stable porous MOFs for CO2 adsorption,43,SemanticOnly,1,5,qmof-fe6f735,qmof-f343390,0.25,,previous final-masked protocol distance
stable porous MOFs for CO2 adsorption,43,SemanticOnly,2,3,qmof-fd921b0,qmof-f771839,0.25,,previous final-masked protocol distance
stable porous MOFs for CO2 adsorption,43,SemanticOnly,2,4,qmof-fd921b0,qmof-f69d443,0.0,,previous final-masked protocol distance
stable porous MOFs for CO2 adsorption,43,SemanticOnly,2,5,qmof-fd921b0,qmof-f343390,0.0,,previous final-masked protocol distance
stable porous MOFs for CO2 adsorption,43,SemanticOnly,3,4,qmof-f771839,qmof-f69d443,0.25,,previous final-masked protocol distance
stable porous MOFs for CO2 adsorption,43,SemanticOnly,3,5,qmof-f771839,qmof-f343390,0.25,,previous final-masked protocol distance
stable porous MOFs for CO2 adsorption,43,SemanticOnly,4,5,qmof-f69d443,qmof-f343390,0.0,,previous final-masked protocol distance
stable porous MOFs for CO2 adsorption,43,TOPSIS,1,2,qmof-fd921b0,qmof-f69d443,0.0,,previous final-masked protocol distance
stable porous MOFs for CO2 adsorption,43,TOPSIS,1,3,qmof-fd921b0,qmof-f343390,0.0,,previous final-masked protocol distance
stable porous MOFs for CO2 adsorption,43,TOPSIS,1,4,qmof-fd921b0,qmof-f2d872e,0.0,,previous final-masked protocol distance
stable porous MOFs for CO2 adsorption,43,TOPSIS,1,5,qmof-fd921b0,qmof-f0c9af4,0.0,,previous final-masked protocol distance
stable porous MOFs for CO2 adsorption,43,TOPSIS,2,3,qmof-f69d443,qmof-f343390,0.0,,previous final-masked protocol distance
stable porous MOFs for CO2 adsorption,43,TOPSIS,2,4,qmof-f69d443,qmof-f2d872e,0.0,,previous final-masked protocol distance
stable porous MOFs for CO2 adsorption,43,TOPSIS,2,5,qmof-f69d443,qmof-f0c9af4,0.0,,previous final-masked protocol distance
stable porous MOFs for CO2 adsorption,43,TOPSIS,3,4,qmof-f343390,qmof-f2d872e,0.0,,previous final-masked protocol distance
stable porous MOFs for CO2 adsorption,43,TOPSIS,3,5,qmof-f343390,qmof-f0c9af4,0.0,,previous final-masked protocol distance
stable porous MOFs for CO2 adsorption,43,TOPSIS,4,5,qmof-f2d872e,qmof-f0c9af4,0.0,,previous final-masked protocol distance
stable porous MOFs for CO2 adsorption,43,WeightedSum,1,2,qmof-fd921b0,qmof-f69d443,0.0,,previous final-masked protocol distance
stable porous MOFs for CO2 adsorption,43,WeightedSum,1,3,qmof-fd921b0,qmof-f343390,0.0,,previous final-masked protocol distance
stable porous MOFs for CO2 adsorption,43,WeightedSum,1,4,qmof-fd921b0,qmof-f2d872e,0.0,,previous final-masked protocol distance
stable porous MOFs for CO2 adsorption,43,WeightedSum,1,5,qmof-fd921b0,qmof-f0c9af4,0.0,,previous final-masked protocol distance
stable porous MOFs for CO2 adsorption,43,WeightedSum,2,3,qmof-f69d443,qmof-f343390,0.0,,previous final-masked protocol distance
stable porous MOFs for CO2 adsorption,43,WeightedSum,2,4,qmof-f69d443,qmof-f2d872e,0.0,,previous final-masked protocol distance
stable porous MOFs for CO2 adsorption,43,WeightedSum,2,5,qmof-f69d443,qmof-f0c9af4,0.0,,previous final-masked protocol distance
stable porous MOFs for CO2 adsorption,43,WeightedSum,3,4,qmof-f343390,qmof-f2d872e,0.0,,previous final-masked protocol distance
stable porous MOFs for CO2 adsorption,43,WeightedSum,3,5,qmof-f343390,qmof-f0c9af4,0.0,,previous final-masked protocol distance
stable porous MOFs for CO2 adsorption,43,WeightedSum,4,5,qmof-f2d872e,qmof-f0c9af4,0.0,,previous final-masked protocol distance
stable porous MOFs for CO2 adsorption,44,GAT only,1,2,qmof-fd921b0,qmof-ec84fcf,0.0,,previous final-masked protocol distance
stable porous MOFs for CO2 adsorption,44,GAT only,1,3,qmof-fd921b0,qmof-0ea1d91,0.0,,previous final-masked protocol distance
stable porous MOFs for CO2 adsorption,44,GAT only,1,4,qmof-fd921b0,qmof-403e9cb,0.0,,previous final-masked protocol distance
stable porous MOFs for CO2 adsorption,44,GAT only,1,5,qmof-fd921b0,qmof-71748b1,0.0,,previous final-masked protocol distance
stable porous MOFs for CO2 adsorption,44,GAT only,2,3,qmof-ec84fcf,qmof-0ea1d91,0.0,,previous final-masked protocol distance
stable porous MOFs for CO2 adsorption,44,GAT only,2,4,qmof-ec84fcf,qmof-403e9cb,0.0,,previous final-masked protocol distance
stable porous MOFs for CO2 adsorption,44,GAT only,2,5,qmof-ec84fcf,qmof-71748b1,0.0,,previous final-masked protocol distance
stable porous MOFs for CO2 adsorption,44,GAT only,3,4,qmof-0ea1d91,qmof-403e9cb,0.0,,previous final-masked protocol distance
stable porous MOFs for CO2 adsorption,44,GAT only,3,5,qmof-0ea1d91,qmof-71748b1,0.0,,previous final-masked protocol distance
stable porous MOFs for CO2 adsorption,44,GAT only,4,5,qmof-403e9cb,qmof-71748b1,0.0,,previous final-masked protocol distance
stable porous MOFs for CO2 adsorption,44,GraphSAGE only,1,2,qmof-ec84fcf,qmof-fd921b0,0.0,,previous final-masked protocol distance
stable porous MOFs for CO2 adsorption,44,GraphSAGE only,1,3,qmof-ec84fcf,qmof-275dcce,0.0,,previous final-masked protocol distance
stable porous MOFs for CO2 adsorption,44,GraphSAGE only,1,4,qmof-ec84fcf,qmof-0ea1d91,0.0,,previous final-masked protocol distance
stable porous MOFs for CO2 adsorption,44,GraphSAGE only,1,5,qmof-ec84fcf,qmof-f69d443,0.0,,previous final-masked protocol distance
stable porous MOFs for CO2 adsorption,44,GraphSAGE only,2,3,qmof-fd921b0,qmof-275dcce,0.0,,previous final-masked protocol distance
stable porous MOFs for CO2 adsorption,44,GraphSAGE only,2,4,qmof-fd921b0,qmof-0ea1d91,0.0,,previous final-masked protocol distance
stable porous MOFs for CO2 adsorption,44,GraphSAGE only,2,5,qmof-fd921b0,qmof-f69d443,0.0,,previous final-masked protocol distance
stable porous MOFs for CO2 adsorption,44,GraphSAGE only,3,4,qmof-275dcce,qmof-0ea1d91,0.0,,previous final-masked protocol distance
stable porous MOFs for CO2 adsorption,44,GraphSAGE only,3,5,qmof-275dcce,qmof-f69d443,0.0,,previous final-masked protocol distance
stable porous MOFs for CO2 adsorption,44,GraphSAGE only,4,5,qmof-0ea1d91,qmof-f69d443,0.0,,previous final-masked protocol distance
stable porous MOFs for CO2 adsorption,44,LEA,1,2,qmof-466d3a2,qmof-01f1640,0.0,,previous final-masked protocol distance
stable porous MOFs for CO2 adsorption,44,LEA,1,3,qmof-466d3a2,qmof-e2b9aa4,0.0,,previous final-masked protocol distance
stable porous MOFs for CO2 adsorption,44,LEA,1,4,qmof-466d3a2,qmof-1f0ad0a,0.0,,previous final-masked protocol distance
stable porous MOFs for CO2 adsorption,44,LEA,1,5,qmof-466d3a2,qmof-0ea1d91,0.0,,previous final-masked protocol distance
stable porous MOFs for CO2 adsorption,44,LEA,2,3,qmof-01f1640,qmof-e2b9aa4,0.0,,previous final-masked protocol distance
stable porous MOFs for CO2 adsorption,44,LEA,2,4,qmof-01f1640,qmof-1f0ad0a,0.0,,previous final-masked protocol distance
stable porous MOFs for CO2 adsorption,44,LEA,2,5,qmof-01f1640,qmof-0ea1d91,0.0,,previous final-masked protocol distance
stable porous MOFs for CO2 adsorption,44,LEA,3,4,qmof-e2b9aa4,qmof-1f0ad0a,0.0,,previous final-masked protocol distance
stable porous MOFs for CO2 adsorption,44,LEA,3,5,qmof-e2b9aa4,qmof-0ea1d91,0.0,,previous final-masked protocol distance
stable porous MOFs for CO2 adsorption,44,LEA,4,5,qmof-1f0ad0a,qmof-0ea1d91,0.0,,previous final-masked protocol distance
stable porous MOFs for CO2 adsorption,44,LEA no diversity,1,2,qmof-466d3a2,qmof-01f1640,0.0,,previous final-masked protocol distance
stable porous MOFs for CO2 adsorption,44,LEA no diversity,1,3,qmof-466d3a2,qmof-e2b9aa4,0.0,,previous final-masked protocol distance
stable porous MOFs for CO2 adsorption,44,LEA no diversity,1,4,qmof-466d3a2,qmof-1f0ad0a,0.0,,previous final-masked protocol distance
stable porous MOFs for CO2 adsorption,44,LEA no diversity,1,5,qmof-466d3a2,qmof-0ea1d91,0.0,,previous final-masked protocol distance
stable porous MOFs for CO2 adsorption,44,LEA no diversity,2,3,qmof-01f1640,qmof-e2b9aa4,0.0,,previous final-masked protocol distance
stable porous MOFs for CO2 adsorption,44,LEA no diversity,2,4,qmof-01f1640,qmof-1f0ad0a,0.0,,previous final-masked protocol distance
stable porous MOFs for CO2 adsorption,44,LEA no diversity,2,5,qmof-01f1640,qmof-0ea1d91,0.0,,previous final-masked protocol distance
stable porous MOFs for CO2 adsorption,44,LEA no diversity,3,4,qmof-e2b9aa4,qmof-1f0ad0a,0.0,,previous final-masked protocol distance
stable porous MOFs for CO2 adsorption,44,LEA no diversity,3,5,qmof-e2b9aa4,qmof-0ea1d91,0.0,,previous final-masked protocol distance
stable porous MOFs for CO2 adsorption,44,LEA no diversity,4,5,qmof-1f0ad0a,qmof-0ea1d91,0.0,,previous final-masked protocol distance
stable porous MOFs for CO2 adsorption,44,LEA no self-cleaning,1,2,qmof-466d3a2,qmof-01f1640,0.0,,previous final-masked protocol distance
stable porous MOFs for CO2 adsorption,44,LEA no self-cleaning,1,3,qmof-466d3a2,qmof-e2b9aa4,0.0,,previous final-masked protocol distance
stable porous MOFs for CO2 adsorption,44,LEA no self-cleaning,1,4,qmof-466d3a2,qmof-1f0ad0a,0.0,,previous final-masked protocol distance
stable porous MOFs for CO2 adsorption,44,LEA no self-cleaning,1,5,qmof-466d3a2,qmof-0ea1d91,0.0,,previous final-masked protocol distance
stable porous MOFs for CO2 adsorption,44,LEA no self-cleaning,2,3,qmof-01f1640,qmof-e2b9aa4,0.0,,previous final-masked protocol distance
stable porous MOFs for CO2 adsorption,44,LEA no self-cleaning,2,4,qmof-01f1640,qmof-1f0ad0a,0.0,,previous final-masked protocol distance
stable porous MOFs for CO2 adsorption,44,LEA no self-cleaning,2,5,qmof-01f1640,qmof-0ea1d91,0.0,,previous final-masked protocol distance
stable porous MOFs for CO2 adsorption,44,LEA no self-cleaning,3,4,qmof-e2b9aa4,qmof-1f0ad0a,0.0,,previous final-masked protocol distance
stable porous MOFs for CO2 adsorption,44,LEA no self-cleaning,3,5,qmof-e2b9aa4,qmof-0ea1d91,0.0,,previous final-masked protocol distance
stable porous MOFs for CO2 adsorption,44,LEA no self-cleaning,4,5,qmof-1f0ad0a,qmof-0ea1d91,0.0,,previous final-masked protocol distance
stable porous MOFs for CO2 adsorption,44,LEA + GAT,1,2,qmof-ec84fcf,qmof-403e9cb,0.0,,previous final-masked protocol distance
stable porous MOFs for CO2 adsorption,44,LEA + GAT,1,3,qmof-ec84fcf,qmof-f2d872e,0.0,,previous final-masked protocol distance
stable porous MOFs for CO2 adsorption,44,LEA + GAT,1,4,qmof-ec84fcf,qmof-334586a,0.0,,previous final-masked protocol distance
stable porous MOFs for CO2 adsorption,44,LEA + GAT,1,5,qmof-ec84fcf,qmof-c0d0be0,0.0,,previous final-masked protocol distance
stable porous MOFs for CO2 adsorption,44,LEA + GAT,2,3,qmof-403e9cb,qmof-f2d872e,0.0,,previous final-masked protocol distance
stable porous MOFs for CO2 adsorption,44,LEA + GAT,2,4,qmof-403e9cb,qmof-334586a,0.0,,previous final-masked protocol distance
stable porous MOFs for CO2 adsorption,44,LEA + GAT,2,5,qmof-403e9cb,qmof-c0d0be0,0.0,,previous final-masked protocol distance
stable porous MOFs for CO2 adsorption,44,LEA + GAT,3,4,qmof-f2d872e,qmof-334586a,0.0,,previous final-masked protocol distance
stable porous MOFs for CO2 adsorption,44,LEA + GAT,3,5,qmof-f2d872e,qmof-c0d0be0,0.0,,previous final-masked protocol distance
stable porous MOFs for CO2 adsorption,44,LEA + GAT,4,5,qmof-334586a,qmof-c0d0be0,0.0,,previous final-masked protocol distance
stable porous MOFs for CO2 adsorption,44,LEA + GraphSAGE,1,2,qmof-ec84fcf,qmof-f69d443,0.0,,previous final-masked protocol distance
stable porous MOFs for CO2 adsorption,44,LEA + GraphSAGE,1,3,qmof-ec84fcf,qmof-68234b7,0.0,,previous final-masked protocol distance
stable porous MOFs for CO2 adsorption,44,LEA + GraphSAGE,1,4,qmof-ec84fcf,qmof-01f1640,0.0,,previous final-masked protocol distance
stable porous MOFs for CO2 adsorption,44,LEA + GraphSAGE,1,5,qmof-ec84fcf,qmof-334586a,0.0,,previous final-masked protocol distance
stable porous MOFs for CO2 adsorption,44,LEA + GraphSAGE,2,3,qmof-f69d443,qmof-68234b7,0.0,,previous final-masked protocol distance
stable porous MOFs for CO2 adsorption,44,LEA + GraphSAGE,2,4,qmof-f69d443,qmof-01f1640,0.0,,previous final-masked protocol distance
stable porous MOFs for CO2 adsorption,44,LEA + GraphSAGE,2,5,qmof-f69d443,qmof-334586a,0.0,,previous final-masked protocol distance
stable porous MOFs for CO2 adsorption,44,LEA + GraphSAGE,3,4,qmof-68234b7,qmof-01f1640,0.0,,previous final-masked protocol distance
stable porous MOFs for CO2 adsorption,44,LEA + GraphSAGE,3,5,qmof-68234b7,qmof-334586a,0.0,,previous final-masked protocol distance
stable porous MOFs for CO2 adsorption,44,LEA + GraphSAGE,4,5,qmof-01f1640,qmof-334586a,0.0,,previous final-masked protocol distance
stable porous MOFs for CO2 adsorption,44,MMR,1,2,qmof-a5ebf1c,qmof-7bea0fe,0.25,,previous final-masked protocol distance
stable porous MOFs for CO2 adsorption,44,MMR,1,3,qmof-a5ebf1c,qmof-f343390,0.0,,previous final-masked protocol distance
stable porous MOFs for CO2 adsorption,44,MMR,1,4,qmof-a5ebf1c,qmof-334586a,0.0,,previous final-masked protocol distance
stable porous MOFs for CO2 adsorption,44,MMR,1,5,qmof-a5ebf1c,qmof-92f3405,0.0,,previous final-masked protocol distance
stable porous MOFs for CO2 adsorption,44,MMR,2,3,qmof-7bea0fe,qmof-f343390,0.25,,previous final-masked protocol distance
stable porous MOFs for CO2 adsorption,44,MMR,2,4,qmof-7bea0fe,qmof-334586a,0.25,,previous final-masked protocol distance
stable porous MOFs for CO2 adsorption,44,MMR,2,5,qmof-7bea0fe,qmof-92f3405,0.25,,previous final-masked protocol distance
stable porous MOFs for CO2 adsorption,44,MMR,3,4,qmof-f343390,qmof-334586a,0.0,,previous final-masked protocol distance
stable porous MOFs for CO2 adsorption,44,MMR,3,5,qmof-f343390,qmof-92f3405,0.0,,previous final-masked protocol distance
stable porous MOFs for CO2 adsorption,44,MMR,4,5,qmof-334586a,qmof-92f3405,0.0,,previous final-masked protocol distance
stable porous MOFs for CO2 adsorption,44,ParetoCrowding,1,2,qmof-fd921b0,qmof-f69d443,0.0,,previous final-masked protocol distance
stable porous MOFs for CO2 adsorption,44,ParetoCrowding,1,3,qmof-fd921b0,qmof-f343390,0.0,,previous final-masked protocol distance
stable porous MOFs for CO2 adsorption,44,ParetoCrowding,1,4,qmof-fd921b0,qmof-f2d872e,0.0,,previous final-masked protocol distance
stable porous MOFs for CO2 adsorption,44,ParetoCrowding,1,5,qmof-fd921b0,qmof-f0c9af4,0.0,,previous final-masked protocol distance
stable porous MOFs for CO2 adsorption,44,ParetoCrowding,2,3,qmof-f69d443,qmof-f343390,0.0,,previous final-masked protocol distance
stable porous MOFs for CO2 adsorption,44,ParetoCrowding,2,4,qmof-f69d443,qmof-f2d872e,0.0,,previous final-masked protocol distance
stable porous MOFs for CO2 adsorption,44,ParetoCrowding,2,5,qmof-f69d443,qmof-f0c9af4,0.0,,previous final-masked protocol distance
stable porous MOFs for CO2 adsorption,44,ParetoCrowding,3,4,qmof-f343390,qmof-f2d872e,0.0,,previous final-masked protocol distance
stable porous MOFs for CO2 adsorption,44,ParetoCrowding,3,5,qmof-f343390,qmof-f0c9af4,0.0,,previous final-masked protocol distance
stable porous MOFs for CO2 adsorption,44,ParetoCrowding,4,5,qmof-f2d872e,qmof-f0c9af4,0.0,,previous final-masked protocol distance
stable porous MOFs for CO2 adsorption,44,Random,1,2,qmof-b92e7e5,qmof-3eba276,0.0,,previous final-masked protocol distance
stable porous MOFs for CO2 adsorption,44,Random,1,3,qmof-b92e7e5,qmof-3f10a21,0.25,,previous final-masked protocol distance
stable porous MOFs for CO2 adsorption,44,Random,1,4,qmof-b92e7e5,qmof-b78a98a,0.0,,previous final-masked protocol distance
stable porous MOFs for CO2 adsorption,44,Random,1,5,qmof-b92e7e5,qmof-2f1a847,0.0,,previous final-masked protocol distance
stable porous MOFs for CO2 adsorption,44,Random,2,3,qmof-3eba276,qmof-3f10a21,0.25,,previous final-masked protocol distance
stable porous MOFs for CO2 adsorption,44,Random,2,4,qmof-3eba276,qmof-b78a98a,0.0,,previous final-masked protocol distance
stable porous MOFs for CO2 adsorption,44,Random,2,5,qmof-3eba276,qmof-2f1a847,0.0,,previous final-masked protocol distance
stable porous MOFs for CO2 adsorption,44,Random,3,4,qmof-3f10a21,qmof-b78a98a,0.25,,previous final-masked protocol distance
stable porous MOFs for CO2 adsorption,44,Random,3,5,qmof-3f10a21,qmof-2f1a847,0.25,,previous final-masked protocol distance
stable porous MOFs for CO2 adsorption,44,Random,4,5,qmof-b78a98a,qmof-2f1a847,0.0,,previous final-masked protocol distance
stable porous MOFs for CO2 adsorption,44,SemanticOnly,1,2,qmof-fe6f735,qmof-fd921b0,0.25,,previous final-masked protocol distance
stable porous MOFs for CO2 adsorption,44,SemanticOnly,1,3,qmof-fe6f735,qmof-f771839,0.0,,previous final-masked protocol distance
stable porous MOFs for CO2 adsorption,44,SemanticOnly,1,4,qmof-fe6f735,qmof-f69d443,0.25,,previous final-masked protocol distance
stable porous MOFs for CO2 adsorption,44,SemanticOnly,1,5,qmof-fe6f735,qmof-f343390,0.25,,previous final-masked protocol distance
stable porous MOFs for CO2 adsorption,44,SemanticOnly,2,3,qmof-fd921b0,qmof-f771839,0.25,,previous final-masked protocol distance
stable porous MOFs for CO2 adsorption,44,SemanticOnly,2,4,qmof-fd921b0,qmof-f69d443,0.0,,previous final-masked protocol distance
stable porous MOFs for CO2 adsorption,44,SemanticOnly,2,5,qmof-fd921b0,qmof-f343390,0.0,,previous final-masked protocol distance
stable porous MOFs for CO2 adsorption,44,SemanticOnly,3,4,qmof-f771839,qmof-f69d443,0.25,,previous final-masked protocol distance
stable porous MOFs for CO2 adsorption,44,SemanticOnly,3,5,qmof-f771839,qmof-f343390,0.25,,previous final-masked protocol distance
stable porous MOFs for CO2 adsorption,44,SemanticOnly,4,5,qmof-f69d443,qmof-f343390,0.0,,previous final-masked protocol distance
stable porous MOFs for CO2 adsorption,44,TOPSIS,1,2,qmof-fd921b0,qmof-f69d443,0.0,,previous final-masked protocol distance
stable porous MOFs for CO2 adsorption,44,TOPSIS,1,3,qmof-fd921b0,qmof-f343390,0.0,,previous final-masked protocol distance
stable porous MOFs for CO2 adsorption,44,TOPSIS,1,4,qmof-fd921b0,qmof-f2d872e,0.0,,previous final-masked protocol distance
stable porous MOFs for CO2 adsorption,44,TOPSIS,1,5,qmof-fd921b0,qmof-f0c9af4,0.0,,previous final-masked protocol distance
stable porous MOFs for CO2 adsorption,44,TOPSIS,2,3,qmof-f69d443,qmof-f343390,0.0,,previous final-masked protocol distance
stable porous MOFs for CO2 adsorption,44,TOPSIS,2,4,qmof-f69d443,qmof-f2d872e,0.0,,previous final-masked protocol distance
stable porous MOFs for CO2 adsorption,44,TOPSIS,2,5,qmof-f69d443,qmof-f0c9af4,0.0,,previous final-masked protocol distance
stable porous MOFs for CO2 adsorption,44,TOPSIS,3,4,qmof-f343390,qmof-f2d872e,0.0,,previous final-masked protocol distance
stable porous MOFs for CO2 adsorption,44,TOPSIS,3,5,qmof-f343390,qmof-f0c9af4,0.0,,previous final-masked protocol distance
stable porous MOFs for CO2 adsorption,44,TOPSIS,4,5,qmof-f2d872e,qmof-f0c9af4,0.0,,previous final-masked protocol distance
stable porous MOFs for CO2 adsorption,44,WeightedSum,1,2,qmof-fd921b0,qmof-f69d443,0.0,,previous final-masked protocol distance
stable porous MOFs for CO2 adsorption,44,WeightedSum,1,3,qmof-fd921b0,qmof-f343390,0.0,,previous final-masked protocol distance
stable porous MOFs for CO2 adsorption,44,WeightedSum,1,4,qmof-fd921b0,qmof-f2d872e,0.0,,previous final-masked protocol distance
stable porous MOFs for CO2 adsorption,44,WeightedSum,1,5,qmof-fd921b0,qmof-f0c9af4,0.0,,previous final-masked protocol distance
stable porous MOFs for CO2 adsorption,44,WeightedSum,2,3,qmof-f69d443,qmof-f343390,0.0,,previous final-masked protocol distance
stable porous MOFs for CO2 adsorption,44,WeightedSum,2,4,qmof-f69d443,qmof-f2d872e,0.0,,previous final-masked protocol distance
stable porous MOFs for CO2 adsorption,44,WeightedSum,2,5,qmof-f69d443,qmof-f0c9af4,0.0,,previous final-masked protocol distance
stable porous MOFs for CO2 adsorption,44,WeightedSum,3,4,qmof-f343390,qmof-f2d872e,0.0,,previous final-masked protocol distance
stable porous MOFs for CO2 adsorption,44,WeightedSum,3,5,qmof-f343390,qmof-f0c9af4,0.0,,previous final-masked protocol distance
stable porous MOFs for CO2 adsorption,44,WeightedSum,4,5,qmof-f2d872e,qmof-f0c9af4,0.0,,previous final-masked protocol distance
stable porous MOFs for CO2 adsorption,45,GAT only,1,2,qmof-fd921b0,qmof-ec84fcf,0.0,,previous final-masked protocol distance
stable porous MOFs for CO2 adsorption,45,GAT only,1,3,qmof-fd921b0,qmof-0ea1d91,0.0,,previous final-masked protocol distance
stable porous MOFs for CO2 adsorption,45,GAT only,1,4,qmof-fd921b0,qmof-403e9cb,0.0,,previous final-masked protocol distance
stable porous MOFs for CO2 adsorption,45,GAT only,1,5,qmof-fd921b0,qmof-71748b1,0.0,,previous final-masked protocol distance
stable porous MOFs for CO2 adsorption,45,GAT only,2,3,qmof-ec84fcf,qmof-0ea1d91,0.0,,previous final-masked protocol distance
stable porous MOFs for CO2 adsorption,45,GAT only,2,4,qmof-ec84fcf,qmof-403e9cb,0.0,,previous final-masked protocol distance
stable porous MOFs for CO2 adsorption,45,GAT only,2,5,qmof-ec84fcf,qmof-71748b1,0.0,,previous final-masked protocol distance
stable porous MOFs for CO2 adsorption,45,GAT only,3,4,qmof-0ea1d91,qmof-403e9cb,0.0,,previous final-masked protocol distance
stable porous MOFs for CO2 adsorption,45,GAT only,3,5,qmof-0ea1d91,qmof-71748b1,0.0,,previous final-masked protocol distance
stable porous MOFs for CO2 adsorption,45,GAT only,4,5,qmof-403e9cb,qmof-71748b1,0.0,,previous final-masked protocol distance
stable porous MOFs for CO2 adsorption,45,GraphSAGE only,1,2,qmof-ec84fcf,qmof-fd921b0,0.0,,previous final-masked protocol distance
stable porous MOFs for CO2 adsorption,45,GraphSAGE only,1,3,qmof-ec84fcf,qmof-275dcce,0.0,,previous final-masked protocol distance
stable porous MOFs for CO2 adsorption,45,GraphSAGE only,1,4,qmof-ec84fcf,qmof-0ea1d91,0.0,,previous final-masked protocol distance
stable porous MOFs for CO2 adsorption,45,GraphSAGE only,1,5,qmof-ec84fcf,qmof-f69d443,0.0,,previous final-masked protocol distance
stable porous MOFs for CO2 adsorption,45,GraphSAGE only,2,3,qmof-fd921b0,qmof-275dcce,0.0,,previous final-masked protocol distance
stable porous MOFs for CO2 adsorption,45,GraphSAGE only,2,4,qmof-fd921b0,qmof-0ea1d91,0.0,,previous final-masked protocol distance
stable porous MOFs for CO2 adsorption,45,GraphSAGE only,2,5,qmof-fd921b0,qmof-f69d443,0.0,,previous final-masked protocol distance
stable porous MOFs for CO2 adsorption,45,GraphSAGE only,3,4,qmof-275dcce,qmof-0ea1d91,0.0,,previous final-masked protocol distance
stable porous MOFs for CO2 adsorption,45,GraphSAGE only,3,5,qmof-275dcce,qmof-f69d443,0.0,,previous final-masked protocol distance
stable porous MOFs for CO2 adsorption,45,GraphSAGE only,4,5,qmof-0ea1d91,qmof-f69d443,0.0,,previous final-masked protocol distance
stable porous MOFs for CO2 adsorption,45,LEA,1,2,qmof-f0c9af4,qmof-1f0ad0a,0.0,,previous final-masked protocol distance
stable porous MOFs for CO2 adsorption,45,LEA,1,3,qmof-f0c9af4,qmof-edd4ef0,0.0,,previous final-masked protocol distance
stable porous MOFs for CO2 adsorption,45,LEA,1,4,qmof-f0c9af4,qmof-466d3a2,0.0,,previous final-masked protocol distance
stable porous MOFs for CO2 adsorption,45,LEA,1,5,qmof-f0c9af4,qmof-fd921b0,0.0,,previous final-masked protocol distance
stable porous MOFs for CO2 adsorption,45,LEA,2,3,qmof-1f0ad0a,qmof-edd4ef0,0.0,,previous final-masked protocol distance
stable porous MOFs for CO2 adsorption,45,LEA,2,4,qmof-1f0ad0a,qmof-466d3a2,0.0,,previous final-masked protocol distance
stable porous MOFs for CO2 adsorption,45,LEA,2,5,qmof-1f0ad0a,qmof-fd921b0,0.0,,previous final-masked protocol distance
stable porous MOFs for CO2 adsorption,45,LEA,3,4,qmof-edd4ef0,qmof-466d3a2,0.0,,previous final-masked protocol distance
stable porous MOFs for CO2 adsorption,45,LEA,3,5,qmof-edd4ef0,qmof-fd921b0,0.0,,previous final-masked protocol distance
stable porous MOFs for CO2 adsorption,45,LEA,4,5,qmof-466d3a2,qmof-fd921b0,0.0,,previous final-masked protocol distance
stable porous MOFs for CO2 adsorption,45,LEA no diversity,1,2,qmof-f0c9af4,qmof-1f0ad0a,0.0,,previous final-masked protocol distance
stable porous MOFs for CO2 adsorption,45,LEA no diversity,1,3,qmof-f0c9af4,qmof-edd4ef0,0.0,,previous final-masked protocol distance
stable porous MOFs for CO2 adsorption,45,LEA no diversity,1,4,qmof-f0c9af4,qmof-466d3a2,0.0,,previous final-masked protocol distance
stable porous MOFs for CO2 adsorption,45,LEA no diversity,1,5,qmof-f0c9af4,qmof-fd921b0,0.0,,previous final-masked protocol distance
stable porous MOFs for CO2 adsorption,45,LEA no diversity,2,3,qmof-1f0ad0a,qmof-edd4ef0,0.0,,previous final-masked protocol distance
stable porous MOFs for CO2 adsorption,45,LEA no diversity,2,4,qmof-1f0ad0a,qmof-466d3a2,0.0,,previous final-masked protocol distance
stable porous MOFs for CO2 adsorption,45,LEA no diversity,2,5,qmof-1f0ad0a,qmof-fd921b0,0.0,,previous final-masked protocol distance
stable porous MOFs for CO2 adsorption,45,LEA no diversity,3,4,qmof-edd4ef0,qmof-466d3a2,0.0,,previous final-masked protocol distance
stable porous MOFs for CO2 adsorption,45,LEA no diversity,3,5,qmof-edd4ef0,qmof-fd921b0,0.0,,previous final-masked protocol distance
stable porous MOFs for CO2 adsorption,45,LEA no diversity,4,5,qmof-466d3a2,qmof-fd921b0,0.0,,previous final-masked protocol distance
stable porous MOFs for CO2 adsorption,45,LEA no self-cleaning,1,2,qmof-f0c9af4,qmof-1f0ad0a,0.0,,previous final-masked protocol distance
stable porous MOFs for CO2 adsorption,45,LEA no self-cleaning,1,3,qmof-f0c9af4,qmof-edd4ef0,0.0,,previous final-masked protocol distance
stable porous MOFs for CO2 adsorption,45,LEA no self-cleaning,1,4,qmof-f0c9af4,qmof-466d3a2,0.0,,previous final-masked protocol distance
stable porous MOFs for CO2 adsorption,45,LEA no self-cleaning,1,5,qmof-f0c9af4,qmof-fd921b0,0.0,,previous final-masked protocol distance
stable porous MOFs for CO2 adsorption,45,LEA no self-cleaning,2,3,qmof-1f0ad0a,qmof-edd4ef0,0.0,,previous final-masked protocol distance
stable porous MOFs for CO2 adsorption,45,LEA no self-cleaning,2,4,qmof-1f0ad0a,qmof-466d3a2,0.0,,previous final-masked protocol distance
stable porous MOFs for CO2 adsorption,45,LEA no self-cleaning,2,5,qmof-1f0ad0a,qmof-fd921b0,0.0,,previous final-masked protocol distance
stable porous MOFs for CO2 adsorption,45,LEA no self-cleaning,3,4,qmof-edd4ef0,qmof-466d3a2,0.0,,previous final-masked protocol distance
stable porous MOFs for CO2 adsorption,45,LEA no self-cleaning,3,5,qmof-edd4ef0,qmof-fd921b0,0.0,,previous final-masked protocol distance
stable porous MOFs for CO2 adsorption,45,LEA no self-cleaning,4,5,qmof-466d3a2,qmof-fd921b0,0.0,,previous final-masked protocol distance
stable porous MOFs for CO2 adsorption,45,LEA + GAT,1,2,qmof-ec84fcf,qmof-0ea1d91,0.0,,previous final-masked protocol distance
stable porous MOFs for CO2 adsorption,45,LEA + GAT,1,3,qmof-ec84fcf,qmof-334586a,0.0,,previous final-masked protocol distance
stable porous MOFs for CO2 adsorption,45,LEA + GAT,1,4,qmof-ec84fcf,qmof-9a1ecbc,0.0,,previous final-masked protocol distance
stable porous MOFs for CO2 adsorption,45,LEA + GAT,1,5,qmof-ec84fcf,qmof-f2d872e,0.0,,previous final-masked protocol distance
stable porous MOFs for CO2 adsorption,45,LEA + GAT,2,3,qmof-0ea1d91,qmof-334586a,0.0,,previous final-masked protocol distance
stable porous MOFs for CO2 adsorption,45,LEA + GAT,2,4,qmof-0ea1d91,qmof-9a1ecbc,0.0,,previous final-masked protocol distance
stable porous MOFs for CO2 adsorption,45,LEA + GAT,2,5,qmof-0ea1d91,qmof-f2d872e,0.0,,previous final-masked protocol distance
stable porous MOFs for CO2 adsorption,45,LEA + GAT,3,4,qmof-334586a,qmof-9a1ecbc,0.0,,previous final-masked protocol distance
stable porous MOFs for CO2 adsorption,45,LEA + GAT,3,5,qmof-334586a,qmof-f2d872e,0.0,,previous final-masked protocol distance
stable porous MOFs for CO2 adsorption,45,LEA + GAT,4,5,qmof-9a1ecbc,qmof-f2d872e,0.0,,previous final-masked protocol distance
stable porous MOFs for CO2 adsorption,45,LEA + GraphSAGE,1,2,qmof-ec84fcf,qmof-275dcce,0.0,,previous final-masked protocol distance
stable porous MOFs for CO2 adsorption,45,LEA + GraphSAGE,1,3,qmof-ec84fcf,qmof-0ea1d91,0.0,,previous final-masked protocol distance
stable porous MOFs for CO2 adsorption,45,LEA + GraphSAGE,1,4,qmof-ec84fcf,qmof-f2d872e,0.0,,previous final-masked protocol distance
stable porous MOFs for CO2 adsorption,45,LEA + GraphSAGE,1,5,qmof-ec84fcf,qmof-68234b7,0.0,,previous final-masked protocol distance
stable porous MOFs for CO2 adsorption,45,LEA + GraphSAGE,2,3,qmof-275dcce,qmof-0ea1d91,0.0,,previous final-masked protocol distance
stable porous MOFs for CO2 adsorption,45,LEA + GraphSAGE,2,4,qmof-275dcce,qmof-f2d872e,0.0,,previous final-masked protocol distance
stable porous MOFs for CO2 adsorption,45,LEA + GraphSAGE,2,5,qmof-275dcce,qmof-68234b7,0.0,,previous final-masked protocol distance
stable porous MOFs for CO2 adsorption,45,LEA + GraphSAGE,3,4,qmof-0ea1d91,qmof-f2d872e,0.0,,previous final-masked protocol distance
stable porous MOFs for CO2 adsorption,45,LEA + GraphSAGE,3,5,qmof-0ea1d91,qmof-68234b7,0.0,,previous final-masked protocol distance
stable porous MOFs for CO2 adsorption,45,LEA + GraphSAGE,4,5,qmof-f2d872e,qmof-68234b7,0.0,,previous final-masked protocol distance
stable porous MOFs for CO2 adsorption,45,MMR,1,2,qmof-12ba7bc,qmof-7f04d5c,0.25,,previous final-masked protocol distance
stable porous MOFs for CO2 adsorption,45,MMR,1,3,qmof-12ba7bc,qmof-0ea1d91,0.0,,previous final-masked protocol distance
stable porous MOFs for CO2 adsorption,45,MMR,1,4,qmof-12ba7bc,qmof-01f1640,0.0,,previous final-masked protocol distance
stable porous MOFs for CO2 adsorption,45,MMR,1,5,qmof-12ba7bc,qmof-32457b4,0.0,,previous final-masked protocol distance
stable porous MOFs for CO2 adsorption,45,MMR,2,3,qmof-7f04d5c,qmof-0ea1d91,0.25,,previous final-masked protocol distance
stable porous MOFs for CO2 adsorption,45,MMR,2,4,qmof-7f04d5c,qmof-01f1640,0.25,,previous final-masked protocol distance
stable porous MOFs for CO2 adsorption,45,MMR,2,5,qmof-7f04d5c,qmof-32457b4,0.25,,previous final-masked protocol distance
stable porous MOFs for CO2 adsorption,45,MMR,3,4,qmof-0ea1d91,qmof-01f1640,0.0,,previous final-masked protocol distance
stable porous MOFs for CO2 adsorption,45,MMR,3,5,qmof-0ea1d91,qmof-32457b4,0.0,,previous final-masked protocol distance
stable porous MOFs for CO2 adsorption,45,MMR,4,5,qmof-01f1640,qmof-32457b4,0.0,,previous final-masked protocol distance
stable porous MOFs for CO2 adsorption,45,ParetoCrowding,1,2,qmof-fd921b0,qmof-f69d443,0.0,,previous final-masked protocol distance
stable porous MOFs for CO2 adsorption,45,ParetoCrowding,1,3,qmof-fd921b0,qmof-f343390,0.0,,previous final-masked protocol distance
stable porous MOFs for CO2 adsorption,45,ParetoCrowding,1,4,qmof-fd921b0,qmof-f2d872e,0.0,,previous final-masked protocol distance
stable porous MOFs for CO2 adsorption,45,ParetoCrowding,1,5,qmof-fd921b0,qmof-f0c9af4,0.0,,previous final-masked protocol distance
stable porous MOFs for CO2 adsorption,45,ParetoCrowding,2,3,qmof-f69d443,qmof-f343390,0.0,,previous final-masked protocol distance
stable porous MOFs for CO2 adsorption,45,ParetoCrowding,2,4,qmof-f69d443,qmof-f2d872e,0.0,,previous final-masked protocol distance
stable porous MOFs for CO2 adsorption,45,ParetoCrowding,2,5,qmof-f69d443,qmof-f0c9af4,0.0,,previous final-masked protocol distance
stable porous MOFs for CO2 adsorption,45,ParetoCrowding,3,4,qmof-f343390,qmof-f2d872e,0.0,,previous final-masked protocol distance
stable porous MOFs for CO2 adsorption,45,ParetoCrowding,3,5,qmof-f343390,qmof-f0c9af4,0.0,,previous final-masked protocol distance
stable porous MOFs for CO2 adsorption,45,ParetoCrowding,4,5,qmof-f2d872e,qmof-f0c9af4,0.0,,previous final-masked protocol distance
stable porous MOFs for CO2 adsorption,45,Random,1,2,qmof-60450dd,qmof-bfae863,0.25,,previous final-masked protocol distance
stable porous MOFs for CO2 adsorption,45,Random,1,3,qmof-60450dd,qmof-e2b9aa4,0.25,,previous final-masked protocol distance
stable porous MOFs for CO2 adsorption,45,Random,1,4,qmof-60450dd,qmof-466d3a2,0.25,,previous final-masked protocol distance
stable porous MOFs for CO2 adsorption,45,Random,1,5,qmof-60450dd,qmof-f343390,0.25,,previous final-masked protocol distance
stable porous MOFs for CO2 adsorption,45,Random,2,3,qmof-bfae863,qmof-e2b9aa4,0.0,,previous final-masked protocol distance
stable porous MOFs for CO2 adsorption,45,Random,2,4,qmof-bfae863,qmof-466d3a2,0.0,,previous final-masked protocol distance
stable porous MOFs for CO2 adsorption,45,Random,2,5,qmof-bfae863,qmof-f343390,0.0,,previous final-masked protocol distance
stable porous MOFs for CO2 adsorption,45,Random,3,4,qmof-e2b9aa4,qmof-466d3a2,0.0,,previous final-masked protocol distance
stable porous MOFs for CO2 adsorption,45,Random,3,5,qmof-e2b9aa4,qmof-f343390,0.0,,previous final-masked protocol distance
stable porous MOFs for CO2 adsorption,45,Random,4,5,qmof-466d3a2,qmof-f343390,0.0,,previous final-masked protocol distance
stable porous MOFs for CO2 adsorption,45,SemanticOnly,1,2,qmof-fd921b0,qmof-f771839,0.25,,previous final-masked protocol distance
stable porous MOFs for CO2 adsorption,45,SemanticOnly,1,3,qmof-fd921b0,qmof-f69d443,0.0,,previous final-masked protocol distance
stable porous MOFs for CO2 adsorption,45,SemanticOnly,1,4,qmof-fd921b0,qmof-f360972,0.25,,previous final-masked protocol distance
stable porous MOFs for CO2 adsorption,45,SemanticOnly,1,5,qmof-fd921b0,qmof-f343390,0.0,,previous final-masked protocol distance
stable porous MOFs for CO2 adsorption,45,SemanticOnly,2,3,qmof-f771839,qmof-f69d443,0.25,,previous final-masked protocol distance
stable porous MOFs for CO2 adsorption,45,SemanticOnly,2,4,qmof-f771839,qmof-f360972,0.0,,previous final-masked protocol distance
stable porous MOFs for CO2 adsorption,45,SemanticOnly,2,5,qmof-f771839,qmof-f343390,0.25,,previous final-masked protocol distance
stable porous MOFs for CO2 adsorption,45,SemanticOnly,3,4,qmof-f69d443,qmof-f360972,0.25,,previous final-masked protocol distance
stable porous MOFs for CO2 adsorption,45,SemanticOnly,3,5,qmof-f69d443,qmof-f343390,0.0,,previous final-masked protocol distance
stable porous MOFs for CO2 adsorption,45,SemanticOnly,4,5,qmof-f360972,qmof-f343390,0.25,,previous final-masked protocol distance
stable porous MOFs for CO2 adsorption,45,TOPSIS,1,2,qmof-fd921b0,qmof-f69d443,0.0,,previous final-masked protocol distance
stable porous MOFs for CO2 adsorption,45,TOPSIS,1,3,qmof-fd921b0,qmof-f343390,0.0,,previous final-masked protocol distance
stable porous MOFs for CO2 adsorption,45,TOPSIS,1,4,qmof-fd921b0,qmof-f2d872e,0.0,,previous final-masked protocol distance
stable porous MOFs for CO2 adsorption,45,TOPSIS,1,5,qmof-fd921b0,qmof-f0c9af4,0.0,,previous final-masked protocol distance
stable porous MOFs for CO2 adsorption,45,TOPSIS,2,3,qmof-f69d443,qmof-f343390,0.0,,previous final-masked protocol distance
stable porous MOFs for CO2 adsorption,45,TOPSIS,2,4,qmof-f69d443,qmof-f2d872e,0.0,,previous final-masked protocol distance
stable porous MOFs for CO2 adsorption,45,TOPSIS,2,5,qmof-f69d443,qmof-f0c9af4,0.0,,previous final-masked protocol distance
stable porous MOFs for CO2 adsorption,45,TOPSIS,3,4,qmof-f343390,qmof-f2d872e,0.0,,previous final-masked protocol distance
stable porous MOFs for CO2 adsorption,45,TOPSIS,3,5,qmof-f343390,qmof-f0c9af4,0.0,,previous final-masked protocol distance
stable porous MOFs for CO2 adsorption,45,TOPSIS,4,5,qmof-f2d872e,qmof-f0c9af4,0.0,,previous final-masked protocol distance
stable porous MOFs for CO2 adsorption,45,WeightedSum,1,2,qmof-fd921b0,qmof-f69d443,0.0,,previous final-masked protocol distance
stable porous MOFs for CO2 adsorption,45,WeightedSum,1,3,qmof-fd921b0,qmof-f343390,0.0,,previous final-masked protocol distance
stable porous MOFs for CO2 adsorption,45,WeightedSum,1,4,qmof-fd921b0,qmof-f2d872e,0.0,,previous final-masked protocol distance
stable porous MOFs for CO2 adsorption,45,WeightedSum,1,5,qmof-fd921b0,qmof-f0c9af4,0.0,,previous final-masked protocol distance
stable porous MOFs for CO2 adsorption,45,WeightedSum,2,3,qmof-f69d443,qmof-f343390,0.0,,previous final-masked protocol distance
stable porous MOFs for CO2 adsorption,45,WeightedSum,2,4,qmof-f69d443,qmof-f2d872e,0.0,,previous final-masked protocol distance
stable porous MOFs for CO2 adsorption,45,WeightedSum,2,5,qmof-f69d443,qmof-f0c9af4,0.0,,previous final-masked protocol distance
stable porous MOFs for CO2 adsorption,45,WeightedSum,3,4,qmof-f343390,qmof-f2d872e,0.0,,previous final-masked protocol distance
stable porous MOFs for CO2 adsorption,45,WeightedSum,3,5,qmof-f343390,qmof-f0c9af4,0.0,,previous final-masked protocol distance
stable porous MOFs for CO2 adsorption,45,WeightedSum,4,5,qmof-f2d872e,qmof-f0c9af4,0.0,,previous final-masked protocol distance
stable porous MOFs for CO2 adsorption,46,GAT only,1,2,qmof-fd921b0,qmof-ec84fcf,0.0,,previous final-masked protocol distance
stable porous MOFs for CO2 adsorption,46,GAT only,1,3,qmof-fd921b0,qmof-0ea1d91,0.0,,previous final-masked protocol distance
stable porous MOFs for CO2 adsorption,46,GAT only,1,4,qmof-fd921b0,qmof-403e9cb,0.0,,previous final-masked protocol distance
stable porous MOFs for CO2 adsorption,46,GAT only,1,5,qmof-fd921b0,qmof-71748b1,0.0,,previous final-masked protocol distance
stable porous MOFs for CO2 adsorption,46,GAT only,2,3,qmof-ec84fcf,qmof-0ea1d91,0.0,,previous final-masked protocol distance
stable porous MOFs for CO2 adsorption,46,GAT only,2,4,qmof-ec84fcf,qmof-403e9cb,0.0,,previous final-masked protocol distance
stable porous MOFs for CO2 adsorption,46,GAT only,2,5,qmof-ec84fcf,qmof-71748b1,0.0,,previous final-masked protocol distance
stable porous MOFs for CO2 adsorption,46,GAT only,3,4,qmof-0ea1d91,qmof-403e9cb,0.0,,previous final-masked protocol distance
stable porous MOFs for CO2 adsorption,46,GAT only,3,5,qmof-0ea1d91,qmof-71748b1,0.0,,previous final-masked protocol distance
stable porous MOFs for CO2 adsorption,46,GAT only,4,5,qmof-403e9cb,qmof-71748b1,0.0,,previous final-masked protocol distance
stable porous MOFs for CO2 adsorption,46,GraphSAGE only,1,2,qmof-ec84fcf,qmof-fd921b0,0.0,,previous final-masked protocol distance
stable porous MOFs for CO2 adsorption,46,GraphSAGE only,1,3,qmof-ec84fcf,qmof-275dcce,0.0,,previous final-masked protocol distance
stable porous MOFs for CO2 adsorption,46,GraphSAGE only,1,4,qmof-ec84fcf,qmof-0ea1d91,0.0,,previous final-masked protocol distance
stable porous MOFs for CO2 adsorption,46,GraphSAGE only,1,5,qmof-ec84fcf,qmof-f69d443,0.0,,previous final-masked protocol distance
stable porous MOFs for CO2 adsorption,46,GraphSAGE only,2,3,qmof-fd921b0,qmof-275dcce,0.0,,previous final-masked protocol distance
stable porous MOFs for CO2 adsorption,46,GraphSAGE only,2,4,qmof-fd921b0,qmof-0ea1d91,0.0,,previous final-masked protocol distance
stable porous MOFs for CO2 adsorption,46,GraphSAGE only,2,5,qmof-fd921b0,qmof-f69d443,0.0,,previous final-masked protocol distance
stable porous MOFs for CO2 adsorption,46,GraphSAGE only,3,4,qmof-275dcce,qmof-0ea1d91,0.0,,previous final-masked protocol distance
stable porous MOFs for CO2 adsorption,46,GraphSAGE only,3,5,qmof-275dcce,qmof-f69d443,0.0,,previous final-masked protocol distance
stable porous MOFs for CO2 adsorption,46,GraphSAGE only,4,5,qmof-0ea1d91,qmof-f69d443,0.0,,previous final-masked protocol distance
stable porous MOFs for CO2 adsorption,46,LEA,1,2,qmof-1ca4ac2,qmof-c1d4910,0.0,,previous final-masked protocol distance
stable porous MOFs for CO2 adsorption,46,LEA,1,3,qmof-1ca4ac2,qmof-8bbce0c,0.0,,previous final-masked protocol distance
stable porous MOFs for CO2 adsorption,46,LEA,1,4,qmof-1ca4ac2,qmof-32457b4,0.0,,previous final-masked protocol distance
stable porous MOFs for CO2 adsorption,46,LEA,1,5,qmof-1ca4ac2,qmof-6a9204c,0.0,,previous final-masked protocol distance
stable porous MOFs for CO2 adsorption,46,LEA,2,3,qmof-c1d4910,qmof-8bbce0c,0.0,,previous final-masked protocol distance
stable porous MOFs for CO2 adsorption,46,LEA,2,4,qmof-c1d4910,qmof-32457b4,0.0,,previous final-masked protocol distance
stable porous MOFs for CO2 adsorption,46,LEA,2,5,qmof-c1d4910,qmof-6a9204c,0.0,,previous final-masked protocol distance
stable porous MOFs for CO2 adsorption,46,LEA,3,4,qmof-8bbce0c,qmof-32457b4,0.0,,previous final-masked protocol distance
stable porous MOFs for CO2 adsorption,46,LEA,3,5,qmof-8bbce0c,qmof-6a9204c,0.0,,previous final-masked protocol distance
stable porous MOFs for CO2 adsorption,46,LEA,4,5,qmof-32457b4,qmof-6a9204c,0.0,,previous final-masked protocol distance
stable porous MOFs for CO2 adsorption,46,LEA no diversity,1,2,qmof-1ca4ac2,qmof-c1d4910,0.0,,previous final-masked protocol distance
stable porous MOFs for CO2 adsorption,46,LEA no diversity,1,3,qmof-1ca4ac2,qmof-8bbce0c,0.0,,previous final-masked protocol distance
stable porous MOFs for CO2 adsorption,46,LEA no diversity,1,4,qmof-1ca4ac2,qmof-32457b4,0.0,,previous final-masked protocol distance
stable porous MOFs for CO2 adsorption,46,LEA no diversity,1,5,qmof-1ca4ac2,qmof-6a9204c,0.0,,previous final-masked protocol distance
stable porous MOFs for CO2 adsorption,46,LEA no diversity,2,3,qmof-c1d4910,qmof-8bbce0c,0.0,,previous final-masked protocol distance
stable porous MOFs for CO2 adsorption,46,LEA no diversity,2,4,qmof-c1d4910,qmof-32457b4,0.0,,previous final-masked protocol distance
stable porous MOFs for CO2 adsorption,46,LEA no diversity,2,5,qmof-c1d4910,qmof-6a9204c,0.0,,previous final-masked protocol distance
stable porous MOFs for CO2 adsorption,46,LEA no diversity,3,4,qmof-8bbce0c,qmof-32457b4,0.0,,previous final-masked protocol distance
stable porous MOFs for CO2 adsorption,46,LEA no diversity,3,5,qmof-8bbce0c,qmof-6a9204c,0.0,,previous final-masked protocol distance
stable porous MOFs for CO2 adsorption,46,LEA no diversity,4,5,qmof-32457b4,qmof-6a9204c,0.0,,previous final-masked protocol distance
stable porous MOFs for CO2 adsorption,46,LEA no self-cleaning,1,2,qmof-1ca4ac2,qmof-c1d4910,0.0,,previous final-masked protocol distance
stable porous MOFs for CO2 adsorption,46,LEA no self-cleaning,1,3,qmof-1ca4ac2,qmof-8bbce0c,0.0,,previous final-masked protocol distance
stable porous MOFs for CO2 adsorption,46,LEA no self-cleaning,1,4,qmof-1ca4ac2,qmof-32457b4,0.0,,previous final-masked protocol distance
stable porous MOFs for CO2 adsorption,46,LEA no self-cleaning,1,5,qmof-1ca4ac2,qmof-6a9204c,0.0,,previous final-masked protocol distance
stable porous MOFs for CO2 adsorption,46,LEA no self-cleaning,2,3,qmof-c1d4910,qmof-8bbce0c,0.0,,previous final-masked protocol distance
stable porous MOFs for CO2 adsorption,46,LEA no self-cleaning,2,4,qmof-c1d4910,qmof-32457b4,0.0,,previous final-masked protocol distance
stable porous MOFs for CO2 adsorption,46,LEA no self-cleaning,2,5,qmof-c1d4910,qmof-6a9204c,0.0,,previous final-masked protocol distance
stable porous MOFs for CO2 adsorption,46,LEA no self-cleaning,3,4,qmof-8bbce0c,qmof-32457b4,0.0,,previous final-masked protocol distance
stable porous MOFs for CO2 adsorption,46,LEA no self-cleaning,3,5,qmof-8bbce0c,qmof-6a9204c,0.0,,previous final-masked protocol distance
stable porous MOFs for CO2 adsorption,46,LEA no self-cleaning,4,5,qmof-32457b4,qmof-6a9204c,0.0,,previous final-masked protocol distance
stable porous MOFs for CO2 adsorption,46,LEA + GAT,1,2,qmof-fd921b0,qmof-ec84fcf,0.0,,previous final-masked protocol distance
stable porous MOFs for CO2 adsorption,46,LEA + GAT,1,3,qmof-fd921b0,qmof-9a1ecbc,0.0,,previous final-masked protocol distance
stable porous MOFs for CO2 adsorption,46,LEA + GAT,1,4,qmof-fd921b0,qmof-c0d0be0,0.0,,previous final-masked protocol distance
stable porous MOFs for CO2 adsorption,46,LEA + GAT,1,5,qmof-fd921b0,qmof-c631f72,0.0,,previous final-masked protocol distance
stable porous MOFs for CO2 adsorption,46,LEA + GAT,2,3,qmof-ec84fcf,qmof-9a1ecbc,0.0,,previous final-masked protocol distance
stable porous MOFs for CO2 adsorption,46,LEA + GAT,2,4,qmof-ec84fcf,qmof-c0d0be0,0.0,,previous final-masked protocol distance
stable porous MOFs for CO2 adsorption,46,LEA + GAT,2,5,qmof-ec84fcf,qmof-c631f72,0.0,,previous final-masked protocol distance
stable porous MOFs for CO2 adsorption,46,LEA + GAT,3,4,qmof-9a1ecbc,qmof-c0d0be0,0.0,,previous final-masked protocol distance
stable porous MOFs for CO2 adsorption,46,LEA + GAT,3,5,qmof-9a1ecbc,qmof-c631f72,0.0,,previous final-masked protocol distance
stable porous MOFs for CO2 adsorption,46,LEA + GAT,4,5,qmof-c0d0be0,qmof-c631f72,0.0,,previous final-masked protocol distance
stable porous MOFs for CO2 adsorption,46,LEA + GraphSAGE,1,2,qmof-ec84fcf,qmof-fd921b0,0.0,,previous final-masked protocol distance
stable porous MOFs for CO2 adsorption,46,LEA + GraphSAGE,1,3,qmof-ec84fcf,qmof-275dcce,0.0,,previous final-masked protocol distance
stable porous MOFs for CO2 adsorption,46,LEA + GraphSAGE,1,4,qmof-ec84fcf,qmof-0ea1d91,0.0,,previous final-masked protocol distance
stable porous MOFs for CO2 adsorption,46,LEA + GraphSAGE,1,5,qmof-ec84fcf,qmof-330a403,0.0,,previous final-masked protocol distance
stable porous MOFs for CO2 adsorption,46,LEA + GraphSAGE,2,3,qmof-fd921b0,qmof-275dcce,0.0,,previous final-masked protocol distance
stable porous MOFs for CO2 adsorption,46,LEA + GraphSAGE,2,4,qmof-fd921b0,qmof-0ea1d91,0.0,,previous final-masked protocol distance
stable porous MOFs for CO2 adsorption,46,LEA + GraphSAGE,2,5,qmof-fd921b0,qmof-330a403,0.0,,previous final-masked protocol distance
stable porous MOFs for CO2 adsorption,46,LEA + GraphSAGE,3,4,qmof-275dcce,qmof-0ea1d91,0.0,,previous final-masked protocol distance
stable porous MOFs for CO2 adsorption,46,LEA + GraphSAGE,3,5,qmof-275dcce,qmof-330a403,0.0,,previous final-masked protocol distance
stable porous MOFs for CO2 adsorption,46,LEA + GraphSAGE,4,5,qmof-0ea1d91,qmof-330a403,0.0,,previous final-masked protocol distance
stable porous MOFs for CO2 adsorption,46,MMR,1,2,qmof-68234b7,qmof-f260694,0.25,,previous final-masked protocol distance
stable porous MOFs for CO2 adsorption,46,MMR,1,3,qmof-68234b7,qmof-a5ebf1c,0.0,,previous final-masked protocol distance
stable porous MOFs for CO2 adsorption,46,MMR,1,4,qmof-68234b7,qmof-d8703ab,0.0,,previous final-masked protocol distance
stable porous MOFs for CO2 adsorption,46,MMR,1,5,qmof-68234b7,qmof-12ba7bc,0.0,,previous final-masked protocol distance
stable porous MOFs for CO2 adsorption,46,MMR,2,3,qmof-f260694,qmof-a5ebf1c,0.25,,previous final-masked protocol distance
stable porous MOFs for CO2 adsorption,46,MMR,2,4,qmof-f260694,qmof-d8703ab,0.25,,previous final-masked protocol distance
stable porous MOFs for CO2 adsorption,46,MMR,2,5,qmof-f260694,qmof-12ba7bc,0.25,,previous final-masked protocol distance
stable porous MOFs for CO2 adsorption,46,MMR,3,4,qmof-a5ebf1c,qmof-d8703ab,0.0,,previous final-masked protocol distance
stable porous MOFs for CO2 adsorption,46,MMR,3,5,qmof-a5ebf1c,qmof-12ba7bc,0.0,,previous final-masked protocol distance
stable porous MOFs for CO2 adsorption,46,MMR,4,5,qmof-d8703ab,qmof-12ba7bc,0.0,,previous final-masked protocol distance
stable porous MOFs for CO2 adsorption,46,ParetoCrowding,1,2,qmof-fd921b0,qmof-f69d443,0.0,,previous final-masked protocol distance
stable porous MOFs for CO2 adsorption,46,ParetoCrowding,1,3,qmof-fd921b0,qmof-f343390,0.0,,previous final-masked protocol distance
stable porous MOFs for CO2 adsorption,46,ParetoCrowding,1,4,qmof-fd921b0,qmof-f2d872e,0.0,,previous final-masked protocol distance
stable porous MOFs for CO2 adsorption,46,ParetoCrowding,1,5,qmof-fd921b0,qmof-f0c9af4,0.0,,previous final-masked protocol distance
stable porous MOFs for CO2 adsorption,46,ParetoCrowding,2,3,qmof-f69d443,qmof-f343390,0.0,,previous final-masked protocol distance
stable porous MOFs for CO2 adsorption,46,ParetoCrowding,2,4,qmof-f69d443,qmof-f2d872e,0.0,,previous final-masked protocol distance
stable porous MOFs for CO2 adsorption,46,ParetoCrowding,2,5,qmof-f69d443,qmof-f0c9af4,0.0,,previous final-masked protocol distance
stable porous MOFs for CO2 adsorption,46,ParetoCrowding,3,4,qmof-f343390,qmof-f2d872e,0.0,,previous final-masked protocol distance
stable porous MOFs for CO2 adsorption,46,ParetoCrowding,3,5,qmof-f343390,qmof-f0c9af4,0.0,,previous final-masked protocol distance
stable porous MOFs for CO2 adsorption,46,ParetoCrowding,4,5,qmof-f2d872e,qmof-f0c9af4,0.0,,previous final-masked protocol distance
stable porous MOFs for CO2 adsorption,46,Random,1,2,qmof-a2a9bf5,qmof-87a7761,0.0,,previous final-masked protocol distance
stable porous MOFs for CO2 adsorption,46,Random,1,3,qmof-a2a9bf5,qmof-d976696,0.25,,previous final-masked protocol distance
stable porous MOFs for CO2 adsorption,46,Random,1,4,qmof-a2a9bf5,qmof-987c95e,0.0,,previous final-masked protocol distance
stable porous MOFs for CO2 adsorption,46,Random,1,5,qmof-a2a9bf5,qmof-dbfc0f0,0.0,,previous final-masked protocol distance
stable porous MOFs for CO2 adsorption,46,Random,2,3,qmof-87a7761,qmof-d976696,0.25,,previous final-masked protocol distance
stable porous MOFs for CO2 adsorption,46,Random,2,4,qmof-87a7761,qmof-987c95e,0.0,,previous final-masked protocol distance
stable porous MOFs for CO2 adsorption,46,Random,2,5,qmof-87a7761,qmof-dbfc0f0,0.0,,previous final-masked protocol distance
stable porous MOFs for CO2 adsorption,46,Random,3,4,qmof-d976696,qmof-987c95e,0.25,,previous final-masked protocol distance
stable porous MOFs for CO2 adsorption,46,Random,3,5,qmof-d976696,qmof-dbfc0f0,0.25,,previous final-masked protocol distance
stable porous MOFs for CO2 adsorption,46,Random,4,5,qmof-987c95e,qmof-dbfc0f0,0.0,,previous final-masked protocol distance
stable porous MOFs for CO2 adsorption,46,SemanticOnly,1,2,qmof-fd921b0,qmof-f69d443,0.0,,previous final-masked protocol distance
stable porous MOFs for CO2 adsorption,46,SemanticOnly,1,3,qmof-fd921b0,qmof-f343390,0.0,,previous final-masked protocol distance
stable porous MOFs for CO2 adsorption,46,SemanticOnly,1,4,qmof-fd921b0,qmof-f2d872e,0.0,,previous final-masked protocol distance
stable porous MOFs for CO2 adsorption,46,SemanticOnly,1,5,qmof-fd921b0,qmof-f260694,0.25,,previous final-masked protocol distance
stable porous MOFs for CO2 adsorption,46,SemanticOnly,2,3,qmof-f69d443,qmof-f343390,0.0,,previous final-masked protocol distance
stable porous MOFs for CO2 adsorption,46,SemanticOnly,2,4,qmof-f69d443,qmof-f2d872e,0.0,,previous final-masked protocol distance
stable porous MOFs for CO2 adsorption,46,SemanticOnly,2,5,qmof-f69d443,qmof-f260694,0.25,,previous final-masked protocol distance
stable porous MOFs for CO2 adsorption,46,SemanticOnly,3,4,qmof-f343390,qmof-f2d872e,0.0,,previous final-masked protocol distance
stable porous MOFs for CO2 adsorption,46,SemanticOnly,3,5,qmof-f343390,qmof-f260694,0.25,,previous final-masked protocol distance
stable porous MOFs for CO2 adsorption,46,SemanticOnly,4,5,qmof-f2d872e,qmof-f260694,0.25,,previous final-masked protocol distance
stable porous MOFs for CO2 adsorption,46,TOPSIS,1,2,qmof-fd921b0,qmof-f69d443,0.0,,previous final-masked protocol distance
stable porous MOFs for CO2 adsorption,46,TOPSIS,1,3,qmof-fd921b0,qmof-f343390,0.0,,previous final-masked protocol distance
stable porous MOFs for CO2 adsorption,46,TOPSIS,1,4,qmof-fd921b0,qmof-f2d872e,0.0,,previous final-masked protocol distance
stable porous MOFs for CO2 adsorption,46,TOPSIS,1,5,qmof-fd921b0,qmof-f0c9af4,0.0,,previous final-masked protocol distance
stable porous MOFs for CO2 adsorption,46,TOPSIS,2,3,qmof-f69d443,qmof-f343390,0.0,,previous final-masked protocol distance
stable porous MOFs for CO2 adsorption,46,TOPSIS,2,4,qmof-f69d443,qmof-f2d872e,0.0,,previous final-masked protocol distance
stable porous MOFs for CO2 adsorption,46,TOPSIS,2,5,qmof-f69d443,qmof-f0c9af4,0.0,,previous final-masked protocol distance
stable porous MOFs for CO2 adsorption,46,TOPSIS,3,4,qmof-f343390,qmof-f2d872e,0.0,,previous final-masked protocol distance
stable porous MOFs for CO2 adsorption,46,TOPSIS,3,5,qmof-f343390,qmof-f0c9af4,0.0,,previous final-masked protocol distance
stable porous MOFs for CO2 adsorption,46,TOPSIS,4,5,qmof-f2d872e,qmof-f0c9af4,0.0,,previous final-masked protocol distance
stable porous MOFs for CO2 adsorption,46,WeightedSum,1,2,qmof-fd921b0,qmof-f69d443,0.0,,previous final-masked protocol distance
stable porous MOFs for CO2 adsorption,46,WeightedSum,1,3,qmof-fd921b0,qmof-f343390,0.0,,previous final-masked protocol distance
stable porous MOFs for CO2 adsorption,46,WeightedSum,1,4,qmof-fd921b0,qmof-f2d872e,0.0,,previous final-masked protocol distance
stable porous MOFs for CO2 adsorption,46,WeightedSum,1,5,qmof-fd921b0,qmof-f0c9af4,0.0,,previous final-masked protocol distance
stable porous MOFs for CO2 adsorption,46,WeightedSum,2,3,qmof-f69d443,qmof-f343390,0.0,,previous final-masked protocol distance
stable porous MOFs for CO2 adsorption,46,WeightedSum,2,4,qmof-f69d443,qmof-f2d872e,0.0,,previous final-masked protocol distance
stable porous MOFs for CO2 adsorption,46,WeightedSum,2,5,qmof-f69d443,qmof-f0c9af4,0.0,,previous final-masked protocol distance
stable porous MOFs for CO2 adsorption,46,WeightedSum,3,4,qmof-f343390,qmof-f2d872e,0.0,,previous final-masked protocol distance
stable porous MOFs for CO2 adsorption,46,WeightedSum,3,5,qmof-f343390,qmof-f0c9af4,0.0,,previous final-masked protocol distance
stable porous MOFs for CO2 adsorption,46,WeightedSum,4,5,qmof-f2d872e,qmof-f0c9af4,0.0,,previous final-masked protocol distance
stable porous MOFs for CO2 adsorption,47,GAT only,1,2,qmof-fd921b0,qmof-ec84fcf,0.0,,previous final-masked protocol distance
stable porous MOFs for CO2 adsorption,47,GAT only,1,3,qmof-fd921b0,qmof-0ea1d91,0.0,,previous final-masked protocol distance
stable porous MOFs for CO2 adsorption,47,GAT only,1,4,qmof-fd921b0,qmof-403e9cb,0.0,,previous final-masked protocol distance
stable porous MOFs for CO2 adsorption,47,GAT only,1,5,qmof-fd921b0,qmof-71748b1,0.0,,previous final-masked protocol distance
stable porous MOFs for CO2 adsorption,47,GAT only,2,3,qmof-ec84fcf,qmof-0ea1d91,0.0,,previous final-masked protocol distance
stable porous MOFs for CO2 adsorption,47,GAT only,2,4,qmof-ec84fcf,qmof-403e9cb,0.0,,previous final-masked protocol distance
stable porous MOFs for CO2 adsorption,47,GAT only,2,5,qmof-ec84fcf,qmof-71748b1,0.0,,previous final-masked protocol distance
stable porous MOFs for CO2 adsorption,47,GAT only,3,4,qmof-0ea1d91,qmof-403e9cb,0.0,,previous final-masked protocol distance
stable porous MOFs for CO2 adsorption,47,GAT only,3,5,qmof-0ea1d91,qmof-71748b1,0.0,,previous final-masked protocol distance
stable porous MOFs for CO2 adsorption,47,GAT only,4,5,qmof-403e9cb,qmof-71748b1,0.0,,previous final-masked protocol distance
stable porous MOFs for CO2 adsorption,47,GraphSAGE only,1,2,qmof-ec84fcf,qmof-fd921b0,0.0,,previous final-masked protocol distance
stable porous MOFs for CO2 adsorption,47,GraphSAGE only,1,3,qmof-ec84fcf,qmof-275dcce,0.0,,previous final-masked protocol distance
stable porous MOFs for CO2 adsorption,47,GraphSAGE only,1,4,qmof-ec84fcf,qmof-0ea1d91,0.0,,previous final-masked protocol distance
stable porous MOFs for CO2 adsorption,47,GraphSAGE only,1,5,qmof-ec84fcf,qmof-f69d443,0.0,,previous final-masked protocol distance
stable porous MOFs for CO2 adsorption,47,GraphSAGE only,2,3,qmof-fd921b0,qmof-275dcce,0.0,,previous final-masked protocol distance
stable porous MOFs for CO2 adsorption,47,GraphSAGE only,2,4,qmof-fd921b0,qmof-0ea1d91,0.0,,previous final-masked protocol distance
stable porous MOFs for CO2 adsorption,47,GraphSAGE only,2,5,qmof-fd921b0,qmof-f69d443,0.0,,previous final-masked protocol distance
stable porous MOFs for CO2 adsorption,47,GraphSAGE only,3,4,qmof-275dcce,qmof-0ea1d91,0.0,,previous final-masked protocol distance
stable porous MOFs for CO2 adsorption,47,GraphSAGE only,3,5,qmof-275dcce,qmof-f69d443,0.0,,previous final-masked protocol distance
stable porous MOFs for CO2 adsorption,47,GraphSAGE only,4,5,qmof-0ea1d91,qmof-f69d443,0.0,,previous final-masked protocol distance
stable porous MOFs for CO2 adsorption,47,LEA,1,2,qmof-ba8d316,qmof-a5ebf1c,0.0,,previous final-masked protocol distance
stable porous MOFs for CO2 adsorption,47,LEA,1,3,qmof-ba8d316,qmof-57e6787,0.0,,previous final-masked protocol distance
stable porous MOFs for CO2 adsorption,47,LEA,1,4,qmof-ba8d316,qmof-26c54ef,0.0,,previous final-masked protocol distance
stable porous MOFs for CO2 adsorption,47,LEA,1,5,qmof-ba8d316,qmof-f69d443,0.0,,previous final-masked protocol distance
stable porous MOFs for CO2 adsorption,47,LEA,2,3,qmof-a5ebf1c,qmof-57e6787,0.0,,previous final-masked protocol distance
stable porous MOFs for CO2 adsorption,47,LEA,2,4,qmof-a5ebf1c,qmof-26c54ef,0.0,,previous final-masked protocol distance
stable porous MOFs for CO2 adsorption,47,LEA,2,5,qmof-a5ebf1c,qmof-f69d443,0.0,,previous final-masked protocol distance
stable porous MOFs for CO2 adsorption,47,LEA,3,4,qmof-57e6787,qmof-26c54ef,0.0,,previous final-masked protocol distance
stable porous MOFs for CO2 adsorption,47,LEA,3,5,qmof-57e6787,qmof-f69d443,0.0,,previous final-masked protocol distance
stable porous MOFs for CO2 adsorption,47,LEA,4,5,qmof-26c54ef,qmof-f69d443,0.0,,previous final-masked protocol distance
stable porous MOFs for CO2 adsorption,47,LEA no diversity,1,2,qmof-ba8d316,qmof-a5ebf1c,0.0,,previous final-masked protocol distance
stable porous MOFs for CO2 adsorption,47,LEA no diversity,1,3,qmof-ba8d316,qmof-57e6787,0.0,,previous final-masked protocol distance
stable porous MOFs for CO2 adsorption,47,LEA no diversity,1,4,qmof-ba8d316,qmof-26c54ef,0.0,,previous final-masked protocol distance
stable porous MOFs for CO2 adsorption,47,LEA no diversity,1,5,qmof-ba8d316,qmof-f69d443,0.0,,previous final-masked protocol distance
stable porous MOFs for CO2 adsorption,47,LEA no diversity,2,3,qmof-a5ebf1c,qmof-57e6787,0.0,,previous final-masked protocol distance
stable porous MOFs for CO2 adsorption,47,LEA no diversity,2,4,qmof-a5ebf1c,qmof-26c54ef,0.0,,previous final-masked protocol distance
stable porous MOFs for CO2 adsorption,47,LEA no diversity,2,5,qmof-a5ebf1c,qmof-f69d443,0.0,,previous final-masked protocol distance
stable porous MOFs for CO2 adsorption,47,LEA no diversity,3,4,qmof-57e6787,qmof-26c54ef,0.0,,previous final-masked protocol distance
stable porous MOFs for CO2 adsorption,47,LEA no diversity,3,5,qmof-57e6787,qmof-f69d443,0.0,,previous final-masked protocol distance
stable porous MOFs for CO2 adsorption,47,LEA no diversity,4,5,qmof-26c54ef,qmof-f69d443,0.0,,previous final-masked protocol distance
stable porous MOFs for CO2 adsorption,47,LEA no self-cleaning,1,2,qmof-ba8d316,qmof-a5ebf1c,0.0,,previous final-masked protocol distance
stable porous MOFs for CO2 adsorption,47,LEA no self-cleaning,1,3,qmof-ba8d316,qmof-57e6787,0.0,,previous final-masked protocol distance
stable porous MOFs for CO2 adsorption,47,LEA no self-cleaning,1,4,qmof-ba8d316,qmof-26c54ef,0.0,,previous final-masked protocol distance
stable porous MOFs for CO2 adsorption,47,LEA no self-cleaning,1,5,qmof-ba8d316,qmof-f69d443,0.0,,previous final-masked protocol distance
stable porous MOFs for CO2 adsorption,47,LEA no self-cleaning,2,3,qmof-a5ebf1c,qmof-57e6787,0.0,,previous final-masked protocol distance
stable porous MOFs for CO2 adsorption,47,LEA no self-cleaning,2,4,qmof-a5ebf1c,qmof-26c54ef,0.0,,previous final-masked protocol distance
stable porous MOFs for CO2 adsorption,47,LEA no self-cleaning,2,5,qmof-a5ebf1c,qmof-f69d443,0.0,,previous final-masked protocol distance
stable porous MOFs for CO2 adsorption,47,LEA no self-cleaning,3,4,qmof-57e6787,qmof-26c54ef,0.0,,previous final-masked protocol distance
stable porous MOFs for CO2 adsorption,47,LEA no self-cleaning,3,5,qmof-57e6787,qmof-f69d443,0.0,,previous final-masked protocol distance
stable porous MOFs for CO2 adsorption,47,LEA no self-cleaning,4,5,qmof-26c54ef,qmof-f69d443,0.0,,previous final-masked protocol distance
stable porous MOFs for CO2 adsorption,47,LEA + GAT,1,2,qmof-fd921b0,qmof-403e9cb,0.0,,previous final-masked protocol distance
stable porous MOFs for CO2 adsorption,47,LEA + GAT,1,3,qmof-fd921b0,qmof-9a1ecbc,0.0,,previous final-masked protocol distance
stable porous MOFs for CO2 adsorption,47,LEA + GAT,1,4,qmof-fd921b0,qmof-f2d872e,0.0,,previous final-masked protocol distance
stable porous MOFs for CO2 adsorption,47,LEA + GAT,1,5,qmof-fd921b0,qmof-c0d0be0,0.0,,previous final-masked protocol distance
stable porous MOFs for CO2 adsorption,47,LEA + GAT,2,3,qmof-403e9cb,qmof-9a1ecbc,0.0,,previous final-masked protocol distance
stable porous MOFs for CO2 adsorption,47,LEA + GAT,2,4,qmof-403e9cb,qmof-f2d872e,0.0,,previous final-masked protocol distance
stable porous MOFs for CO2 adsorption,47,LEA + GAT,2,5,qmof-403e9cb,qmof-c0d0be0,0.0,,previous final-masked protocol distance
stable porous MOFs for CO2 adsorption,47,LEA + GAT,3,4,qmof-9a1ecbc,qmof-f2d872e,0.0,,previous final-masked protocol distance
stable porous MOFs for CO2 adsorption,47,LEA + GAT,3,5,qmof-9a1ecbc,qmof-c0d0be0,0.0,,previous final-masked protocol distance
stable porous MOFs for CO2 adsorption,47,LEA + GAT,4,5,qmof-f2d872e,qmof-c0d0be0,0.0,,previous final-masked protocol distance
stable porous MOFs for CO2 adsorption,47,LEA + GraphSAGE,1,2,qmof-fd921b0,qmof-f69d443,0.0,,previous final-masked protocol distance
stable porous MOFs for CO2 adsorption,47,LEA + GraphSAGE,1,3,qmof-fd921b0,qmof-330a403,0.0,,previous final-masked protocol distance
stable porous MOFs for CO2 adsorption,47,LEA + GraphSAGE,1,4,qmof-fd921b0,qmof-f2d872e,0.0,,previous final-masked protocol distance
stable porous MOFs for CO2 adsorption,47,LEA + GraphSAGE,1,5,qmof-fd921b0,qmof-68234b7,0.0,,previous final-masked protocol distance
stable porous MOFs for CO2 adsorption,47,LEA + GraphSAGE,2,3,qmof-f69d443,qmof-330a403,0.0,,previous final-masked protocol distance
stable porous MOFs for CO2 adsorption,47,LEA + GraphSAGE,2,4,qmof-f69d443,qmof-f2d872e,0.0,,previous final-masked protocol distance
stable porous MOFs for CO2 adsorption,47,LEA + GraphSAGE,2,5,qmof-f69d443,qmof-68234b7,0.0,,previous final-masked protocol distance
stable porous MOFs for CO2 adsorption,47,LEA + GraphSAGE,3,4,qmof-330a403,qmof-f2d872e,0.0,,previous final-masked protocol distance
stable porous MOFs for CO2 adsorption,47,LEA + GraphSAGE,3,5,qmof-330a403,qmof-68234b7,0.0,,previous final-masked protocol distance
stable porous MOFs for CO2 adsorption,47,LEA + GraphSAGE,4,5,qmof-f2d872e,qmof-68234b7,0.0,,previous final-masked protocol distance
stable porous MOFs for CO2 adsorption,47,MMR,1,2,qmof-32457b4,qmof-8fa9c85,0.25,,previous final-masked protocol distance
stable porous MOFs for CO2 adsorption,47,MMR,1,3,qmof-32457b4,qmof-b2bccba,0.0,,previous final-masked protocol distance
stable porous MOFs for CO2 adsorption,47,MMR,1,4,qmof-32457b4,qmof-b2fddf8,0.0,,previous final-masked protocol distance
stable porous MOFs for CO2 adsorption,47,MMR,1,5,qmof-32457b4,qmof-68234b7,0.0,,previous final-masked protocol distance
stable porous MOFs for CO2 adsorption,47,MMR,2,3,qmof-8fa9c85,qmof-b2bccba,0.25,,previous final-masked protocol distance
stable porous MOFs for CO2 adsorption,47,MMR,2,4,qmof-8fa9c85,qmof-b2fddf8,0.25,,previous final-masked protocol distance
stable porous MOFs for CO2 adsorption,47,MMR,2,5,qmof-8fa9c85,qmof-68234b7,0.25,,previous final-masked protocol distance
stable porous MOFs for CO2 adsorption,47,MMR,3,4,qmof-b2bccba,qmof-b2fddf8,0.0,,previous final-masked protocol distance
stable porous MOFs for CO2 adsorption,47,MMR,3,5,qmof-b2bccba,qmof-68234b7,0.0,,previous final-masked protocol distance
stable porous MOFs for CO2 adsorption,47,MMR,4,5,qmof-b2fddf8,qmof-68234b7,0.0,,previous final-masked protocol distance
stable porous MOFs for CO2 adsorption,47,ParetoCrowding,1,2,qmof-fd921b0,qmof-f69d443,0.0,,previous final-masked protocol distance
stable porous MOFs for CO2 adsorption,47,ParetoCrowding,1,3,qmof-fd921b0,qmof-f343390,0.0,,previous final-masked protocol distance
stable porous MOFs for CO2 adsorption,47,ParetoCrowding,1,4,qmof-fd921b0,qmof-f2d872e,0.0,,previous final-masked protocol distance
stable porous MOFs for CO2 adsorption,47,ParetoCrowding,1,5,qmof-fd921b0,qmof-f0c9af4,0.0,,previous final-masked protocol distance
stable porous MOFs for CO2 adsorption,47,ParetoCrowding,2,3,qmof-f69d443,qmof-f343390,0.0,,previous final-masked protocol distance
stable porous MOFs for CO2 adsorption,47,ParetoCrowding,2,4,qmof-f69d443,qmof-f2d872e,0.0,,previous final-masked protocol distance
stable porous MOFs for CO2 adsorption,47,ParetoCrowding,2,5,qmof-f69d443,qmof-f0c9af4,0.0,,previous final-masked protocol distance
stable porous MOFs for CO2 adsorption,47,ParetoCrowding,3,4,qmof-f343390,qmof-f2d872e,0.0,,previous final-masked protocol distance
stable porous MOFs for CO2 adsorption,47,ParetoCrowding,3,5,qmof-f343390,qmof-f0c9af4,0.0,,previous final-masked protocol distance
stable porous MOFs for CO2 adsorption,47,ParetoCrowding,4,5,qmof-f2d872e,qmof-f0c9af4,0.0,,previous final-masked protocol distance
stable porous MOFs for CO2 adsorption,47,Random,1,2,qmof-8bbce0c,qmof-3f10a21,0.25,,previous final-masked protocol distance
stable porous MOFs for CO2 adsorption,47,Random,1,3,qmof-8bbce0c,qmof-1f0ad0a,0.0,,previous final-masked protocol distance
stable porous MOFs for CO2 adsorption,47,Random,1,4,qmof-8bbce0c,qmof-57e6787,0.0,,previous final-masked protocol distance
stable porous MOFs for CO2 adsorption,47,Random,1,5,qmof-8bbce0c,qmof-e268c52,0.25,,previous final-masked protocol distance
stable porous MOFs for CO2 adsorption,47,Random,2,3,qmof-3f10a21,qmof-1f0ad0a,0.25,,previous final-masked protocol distance
stable porous MOFs for CO2 adsorption,47,Random,2,4,qmof-3f10a21,qmof-57e6787,0.25,,previous final-masked protocol distance
stable porous MOFs for CO2 adsorption,47,Random,2,5,qmof-3f10a21,qmof-e268c52,0.0,,previous final-masked protocol distance
stable porous MOFs for CO2 adsorption,47,Random,3,4,qmof-1f0ad0a,qmof-57e6787,0.0,,previous final-masked protocol distance
stable porous MOFs for CO2 adsorption,47,Random,3,5,qmof-1f0ad0a,qmof-e268c52,0.25,,previous final-masked protocol distance
stable porous MOFs for CO2 adsorption,47,Random,4,5,qmof-57e6787,qmof-e268c52,0.25,,previous final-masked protocol distance
stable porous MOFs for CO2 adsorption,47,SemanticOnly,1,2,qmof-fe6f735,qmof-fd921b0,0.25,,previous final-masked protocol distance
stable porous MOFs for CO2 adsorption,47,SemanticOnly,1,3,qmof-fe6f735,qmof-f771839,0.0,,previous final-masked protocol distance
stable porous MOFs for CO2 adsorption,47,SemanticOnly,1,4,qmof-fe6f735,qmof-f69d443,0.25,,previous final-masked protocol distance
stable porous MOFs for CO2 adsorption,47,SemanticOnly,1,5,qmof-fe6f735,qmof-f343390,0.25,,previous final-masked protocol distance
stable porous MOFs for CO2 adsorption,47,SemanticOnly,2,3,qmof-fd921b0,qmof-f771839,0.25,,previous final-masked protocol distance
stable porous MOFs for CO2 adsorption,47,SemanticOnly,2,4,qmof-fd921b0,qmof-f69d443,0.0,,previous final-masked protocol distance
stable porous MOFs for CO2 adsorption,47,SemanticOnly,2,5,qmof-fd921b0,qmof-f343390,0.0,,previous final-masked protocol distance
stable porous MOFs for CO2 adsorption,47,SemanticOnly,3,4,qmof-f771839,qmof-f69d443,0.25,,previous final-masked protocol distance
stable porous MOFs for CO2 adsorption,47,SemanticOnly,3,5,qmof-f771839,qmof-f343390,0.25,,previous final-masked protocol distance
stable porous MOFs for CO2 adsorption,47,SemanticOnly,4,5,qmof-f69d443,qmof-f343390,0.0,,previous final-masked protocol distance
stable porous MOFs for CO2 adsorption,47,TOPSIS,1,2,qmof-fd921b0,qmof-f69d443,0.0,,previous final-masked protocol distance
stable porous MOFs for CO2 adsorption,47,TOPSIS,1,3,qmof-fd921b0,qmof-f343390,0.0,,previous final-masked protocol distance
stable porous MOFs for CO2 adsorption,47,TOPSIS,1,4,qmof-fd921b0,qmof-f2d872e,0.0,,previous final-masked protocol distance
stable porous MOFs for CO2 adsorption,47,TOPSIS,1,5,qmof-fd921b0,qmof-f0c9af4,0.0,,previous final-masked protocol distance
stable porous MOFs for CO2 adsorption,47,TOPSIS,2,3,qmof-f69d443,qmof-f343390,0.0,,previous final-masked protocol distance
stable porous MOFs for CO2 adsorption,47,TOPSIS,2,4,qmof-f69d443,qmof-f2d872e,0.0,,previous final-masked protocol distance
stable porous MOFs for CO2 adsorption,47,TOPSIS,2,5,qmof-f69d443,qmof-f0c9af4,0.0,,previous final-masked protocol distance
stable porous MOFs for CO2 adsorption,47,TOPSIS,3,4,qmof-f343390,qmof-f2d872e,0.0,,previous final-masked protocol distance
stable porous MOFs for CO2 adsorption,47,TOPSIS,3,5,qmof-f343390,qmof-f0c9af4,0.0,,previous final-masked protocol distance
stable porous MOFs for CO2 adsorption,47,TOPSIS,4,5,qmof-f2d872e,qmof-f0c9af4,0.0,,previous final-masked protocol distance
stable porous MOFs for CO2 adsorption,47,WeightedSum,1,2,qmof-fd921b0,qmof-f69d443,0.0,,previous final-masked protocol distance
stable porous MOFs for CO2 adsorption,47,WeightedSum,1,3,qmof-fd921b0,qmof-f343390,0.0,,previous final-masked protocol distance
stable porous MOFs for CO2 adsorption,47,WeightedSum,1,4,qmof-fd921b0,qmof-f2d872e,0.0,,previous final-masked protocol distance
stable porous MOFs for CO2 adsorption,47,WeightedSum,1,5,qmof-fd921b0,qmof-f0c9af4,0.0,,previous final-masked protocol distance
stable porous MOFs for CO2 adsorption,47,WeightedSum,2,3,qmof-f69d443,qmof-f343390,0.0,,previous final-masked protocol distance
stable porous MOFs for CO2 adsorption,47,WeightedSum,2,4,qmof-f69d443,qmof-f2d872e,0.0,,previous final-masked protocol distance
stable porous MOFs for CO2 adsorption,47,WeightedSum,2,5,qmof-f69d443,qmof-f0c9af4,0.0,,previous final-masked protocol distance
stable porous MOFs for CO2 adsorption,47,WeightedSum,3,4,qmof-f343390,qmof-f2d872e,0.0,,previous final-masked protocol distance
stable porous MOFs for CO2 adsorption,47,WeightedSum,3,5,qmof-f343390,qmof-f0c9af4,0.0,,previous final-masked protocol distance
stable porous MOFs for CO2 adsorption,47,WeightedSum,4,5,qmof-f2d872e,qmof-f0c9af4,0.0,,previous final-masked protocol distance
stable porous MOFs for CO2 adsorption,48,GAT only,1,2,qmof-fd921b0,qmof-ec84fcf,0.0,,previous final-masked protocol distance
stable porous MOFs for CO2 adsorption,48,GAT only,1,3,qmof-fd921b0,qmof-0ea1d91,0.0,,previous final-masked protocol distance
stable porous MOFs for CO2 adsorption,48,GAT only,1,4,qmof-fd921b0,qmof-403e9cb,0.0,,previous final-masked protocol distance
stable porous MOFs for CO2 adsorption,48,GAT only,1,5,qmof-fd921b0,qmof-71748b1,0.0,,previous final-masked protocol distance
stable porous MOFs for CO2 adsorption,48,GAT only,2,3,qmof-ec84fcf,qmof-0ea1d91,0.0,,previous final-masked protocol distance
stable porous MOFs for CO2 adsorption,48,GAT only,2,4,qmof-ec84fcf,qmof-403e9cb,0.0,,previous final-masked protocol distance
stable porous MOFs for CO2 adsorption,48,GAT only,2,5,qmof-ec84fcf,qmof-71748b1,0.0,,previous final-masked protocol distance
stable porous MOFs for CO2 adsorption,48,GAT only,3,4,qmof-0ea1d91,qmof-403e9cb,0.0,,previous final-masked protocol distance
stable porous MOFs for CO2 adsorption,48,GAT only,3,5,qmof-0ea1d91,qmof-71748b1,0.0,,previous final-masked protocol distance
stable porous MOFs for CO2 adsorption,48,GAT only,4,5,qmof-403e9cb,qmof-71748b1,0.0,,previous final-masked protocol distance
stable porous MOFs for CO2 adsorption,48,GraphSAGE only,1,2,qmof-ec84fcf,qmof-fd921b0,0.0,,previous final-masked protocol distance
stable porous MOFs for CO2 adsorption,48,GraphSAGE only,1,3,qmof-ec84fcf,qmof-275dcce,0.0,,previous final-masked protocol distance
stable porous MOFs for CO2 adsorption,48,GraphSAGE only,1,4,qmof-ec84fcf,qmof-0ea1d91,0.0,,previous final-masked protocol distance
stable porous MOFs for CO2 adsorption,48,GraphSAGE only,1,5,qmof-ec84fcf,qmof-f69d443,0.0,,previous final-masked protocol distance
stable porous MOFs for CO2 adsorption,48,GraphSAGE only,2,3,qmof-fd921b0,qmof-275dcce,0.0,,previous final-masked protocol distance
stable porous MOFs for CO2 adsorption,48,GraphSAGE only,2,4,qmof-fd921b0,qmof-0ea1d91,0.0,,previous final-masked protocol distance
stable porous MOFs for CO2 adsorption,48,GraphSAGE only,2,5,qmof-fd921b0,qmof-f69d443,0.0,,previous final-masked protocol distance
stable porous MOFs for CO2 adsorption,48,GraphSAGE only,3,4,qmof-275dcce,qmof-0ea1d91,0.0,,previous final-masked protocol distance
stable porous MOFs for CO2 adsorption,48,GraphSAGE only,3,5,qmof-275dcce,qmof-f69d443,0.0,,previous final-masked protocol distance
stable porous MOFs for CO2 adsorption,48,GraphSAGE only,4,5,qmof-0ea1d91,qmof-f69d443,0.0,,previous final-masked protocol distance
stable porous MOFs for CO2 adsorption,48,LEA,1,2,qmof-4324443,qmof-3eba276,0.0,,previous final-masked protocol distance
stable porous MOFs for CO2 adsorption,48,LEA,1,3,qmof-4324443,qmof-c8f0292,0.0,,previous final-masked protocol distance
stable porous MOFs for CO2 adsorption,48,LEA,1,4,qmof-4324443,qmof-57e6787,0.0,,previous final-masked protocol distance
stable porous MOFs for CO2 adsorption,48,LEA,1,5,qmof-4324443,qmof-fd921b0,0.0,,previous final-masked protocol distance
stable porous MOFs for CO2 adsorption,48,LEA,2,3,qmof-3eba276,qmof-c8f0292,0.0,,previous final-masked protocol distance
stable porous MOFs for CO2 adsorption,48,LEA,2,4,qmof-3eba276,qmof-57e6787,0.0,,previous final-masked protocol distance
stable porous MOFs for CO2 adsorption,48,LEA,2,5,qmof-3eba276,qmof-fd921b0,0.0,,previous final-masked protocol distance
stable porous MOFs for CO2 adsorption,48,LEA,3,4,qmof-c8f0292,qmof-57e6787,0.0,,previous final-masked protocol distance
stable porous MOFs for CO2 adsorption,48,LEA,3,5,qmof-c8f0292,qmof-fd921b0,0.0,,previous final-masked protocol distance
stable porous MOFs for CO2 adsorption,48,LEA,4,5,qmof-57e6787,qmof-fd921b0,0.0,,previous final-masked protocol distance
stable porous MOFs for CO2 adsorption,48,LEA no diversity,1,2,qmof-4324443,qmof-3eba276,0.0,,previous final-masked protocol distance
stable porous MOFs for CO2 adsorption,48,LEA no diversity,1,3,qmof-4324443,qmof-c8f0292,0.0,,previous final-masked protocol distance
stable porous MOFs for CO2 adsorption,48,LEA no diversity,1,4,qmof-4324443,qmof-57e6787,0.0,,previous final-masked protocol distance
stable porous MOFs for CO2 adsorption,48,LEA no diversity,1,5,qmof-4324443,qmof-fd921b0,0.0,,previous final-masked protocol distance
stable porous MOFs for CO2 adsorption,48,LEA no diversity,2,3,qmof-3eba276,qmof-c8f0292,0.0,,previous final-masked protocol distance
stable porous MOFs for CO2 adsorption,48,LEA no diversity,2,4,qmof-3eba276,qmof-57e6787,0.0,,previous final-masked protocol distance
stable porous MOFs for CO2 adsorption,48,LEA no diversity,2,5,qmof-3eba276,qmof-fd921b0,0.0,,previous final-masked protocol distance
stable porous MOFs for CO2 adsorption,48,LEA no diversity,3,4,qmof-c8f0292,qmof-57e6787,0.0,,previous final-masked protocol distance
stable porous MOFs for CO2 adsorption,48,LEA no diversity,3,5,qmof-c8f0292,qmof-fd921b0,0.0,,previous final-masked protocol distance
stable porous MOFs for CO2 adsorption,48,LEA no diversity,4,5,qmof-57e6787,qmof-fd921b0,0.0,,previous final-masked protocol distance
stable porous MOFs for CO2 adsorption,48,LEA no self-cleaning,1,2,qmof-4324443,qmof-3eba276,0.0,,previous final-masked protocol distance
stable porous MOFs for CO2 adsorption,48,LEA no self-cleaning,1,3,qmof-4324443,qmof-c8f0292,0.0,,previous final-masked protocol distance
stable porous MOFs for CO2 adsorption,48,LEA no self-cleaning,1,4,qmof-4324443,qmof-57e6787,0.0,,previous final-masked protocol distance
stable porous MOFs for CO2 adsorption,48,LEA no self-cleaning,1,5,qmof-4324443,qmof-fd921b0,0.0,,previous final-masked protocol distance
stable porous MOFs for CO2 adsorption,48,LEA no self-cleaning,2,3,qmof-3eba276,qmof-c8f0292,0.0,,previous final-masked protocol distance
stable porous MOFs for CO2 adsorption,48,LEA no self-cleaning,2,4,qmof-3eba276,qmof-57e6787,0.0,,previous final-masked protocol distance
stable porous MOFs for CO2 adsorption,48,LEA no self-cleaning,2,5,qmof-3eba276,qmof-fd921b0,0.0,,previous final-masked protocol distance
stable porous MOFs for CO2 adsorption,48,LEA no self-cleaning,3,4,qmof-c8f0292,qmof-57e6787,0.0,,previous final-masked protocol distance
stable porous MOFs for CO2 adsorption,48,LEA no self-cleaning,3,5,qmof-c8f0292,qmof-fd921b0,0.0,,previous final-masked protocol distance
stable porous MOFs for CO2 adsorption,48,LEA no self-cleaning,4,5,qmof-57e6787,qmof-fd921b0,0.0,,previous final-masked protocol distance
stable porous MOFs for CO2 adsorption,48,LEA + GAT,1,2,qmof-0ea1d91,qmof-403e9cb,0.0,,previous final-masked protocol distance
stable porous MOFs for CO2 adsorption,48,LEA + GAT,1,3,qmof-0ea1d91,qmof-f2d872e,0.0,,previous final-masked protocol distance
stable porous MOFs for CO2 adsorption,48,LEA + GAT,1,4,qmof-0ea1d91,qmof-9a1ecbc,0.0,,previous final-masked protocol distance
stable porous MOFs for CO2 adsorption,48,LEA + GAT,1,5,qmof-0ea1d91,qmof-c631f72,0.0,,previous final-masked protocol distance
stable porous MOFs for CO2 adsorption,48,LEA + GAT,2,3,qmof-403e9cb,qmof-f2d872e,0.0,,previous final-masked protocol distance
stable porous MOFs for CO2 adsorption,48,LEA + GAT,2,4,qmof-403e9cb,qmof-9a1ecbc,0.0,,previous final-masked protocol distance
stable porous MOFs for CO2 adsorption,48,LEA + GAT,2,5,qmof-403e9cb,qmof-c631f72,0.0,,previous final-masked protocol distance
stable porous MOFs for CO2 adsorption,48,LEA + GAT,3,4,qmof-f2d872e,qmof-9a1ecbc,0.0,,previous final-masked protocol distance
stable porous MOFs for CO2 adsorption,48,LEA + GAT,3,5,qmof-f2d872e,qmof-c631f72,0.0,,previous final-masked protocol distance
stable porous MOFs for CO2 adsorption,48,LEA + GAT,4,5,qmof-9a1ecbc,qmof-c631f72,0.0,,previous final-masked protocol distance
stable porous MOFs for CO2 adsorption,48,LEA + GraphSAGE,1,2,qmof-275dcce,qmof-0ea1d91,0.0,,previous final-masked protocol distance
stable porous MOFs for CO2 adsorption,48,LEA + GraphSAGE,1,3,qmof-275dcce,qmof-330a403,0.0,,previous final-masked protocol distance
stable porous MOFs for CO2 adsorption,48,LEA + GraphSAGE,1,4,qmof-275dcce,qmof-f2d872e,0.0,,previous final-masked protocol distance
stable porous MOFs for CO2 adsorption,48,LEA + GraphSAGE,1,5,qmof-275dcce,qmof-68234b7,0.0,,previous final-masked protocol distance
stable porous MOFs for CO2 adsorption,48,LEA + GraphSAGE,2,3,qmof-0ea1d91,qmof-330a403,0.0,,previous final-masked protocol distance
stable porous MOFs for CO2 adsorption,48,LEA + GraphSAGE,2,4,qmof-0ea1d91,qmof-f2d872e,0.0,,previous final-masked protocol distance
stable porous MOFs for CO2 adsorption,48,LEA + GraphSAGE,2,5,qmof-0ea1d91,qmof-68234b7,0.0,,previous final-masked protocol distance
stable porous MOFs for CO2 adsorption,48,LEA + GraphSAGE,3,4,qmof-330a403,qmof-f2d872e,0.0,,previous final-masked protocol distance
stable porous MOFs for CO2 adsorption,48,LEA + GraphSAGE,3,5,qmof-330a403,qmof-68234b7,0.0,,previous final-masked protocol distance
stable porous MOFs for CO2 adsorption,48,LEA + GraphSAGE,4,5,qmof-f2d872e,qmof-68234b7,0.0,,previous final-masked protocol distance
stable porous MOFs for CO2 adsorption,48,MMR,1,2,qmof-c0d0be0,qmof-d06ef43,0.25,,previous final-masked protocol distance
stable porous MOFs for CO2 adsorption,48,MMR,1,3,qmof-c0d0be0,qmof-a5ebf1c,0.0,,previous final-masked protocol distance
stable porous MOFs for CO2 adsorption,48,MMR,1,4,qmof-c0d0be0,qmof-c11323c,0.0,,previous final-masked protocol distance
stable porous MOFs for CO2 adsorption,48,MMR,1,5,qmof-c0d0be0,qmof-0ea1d91,0.0,,previous final-masked protocol distance
stable porous MOFs for CO2 adsorption,48,MMR,2,3,qmof-d06ef43,qmof-a5ebf1c,0.25,,previous final-masked protocol distance
stable porous MOFs for CO2 adsorption,48,MMR,2,4,qmof-d06ef43,qmof-c11323c,0.25,,previous final-masked protocol distance
stable porous MOFs for CO2 adsorption,48,MMR,2,5,qmof-d06ef43,qmof-0ea1d91,0.25,,previous final-masked protocol distance
stable porous MOFs for CO2 adsorption,48,MMR,3,4,qmof-a5ebf1c,qmof-c11323c,0.0,,previous final-masked protocol distance
stable porous MOFs for CO2 adsorption,48,MMR,3,5,qmof-a5ebf1c,qmof-0ea1d91,0.0,,previous final-masked protocol distance
stable porous MOFs for CO2 adsorption,48,MMR,4,5,qmof-c11323c,qmof-0ea1d91,0.0,,previous final-masked protocol distance
stable porous MOFs for CO2 adsorption,48,ParetoCrowding,1,2,qmof-fd921b0,qmof-f69d443,0.0,,previous final-masked protocol distance
stable porous MOFs for CO2 adsorption,48,ParetoCrowding,1,3,qmof-fd921b0,qmof-f343390,0.0,,previous final-masked protocol distance
stable porous MOFs for CO2 adsorption,48,ParetoCrowding,1,4,qmof-fd921b0,qmof-f2d872e,0.0,,previous final-masked protocol distance
stable porous MOFs for CO2 adsorption,48,ParetoCrowding,1,5,qmof-fd921b0,qmof-f0c9af4,0.0,,previous final-masked protocol distance
stable porous MOFs for CO2 adsorption,48,ParetoCrowding,2,3,qmof-f69d443,qmof-f343390,0.0,,previous final-masked protocol distance
stable porous MOFs for CO2 adsorption,48,ParetoCrowding,2,4,qmof-f69d443,qmof-f2d872e,0.0,,previous final-masked protocol distance
stable porous MOFs for CO2 adsorption,48,ParetoCrowding,2,5,qmof-f69d443,qmof-f0c9af4,0.0,,previous final-masked protocol distance
stable porous MOFs for CO2 adsorption,48,ParetoCrowding,3,4,qmof-f343390,qmof-f2d872e,0.0,,previous final-masked protocol distance
stable porous MOFs for CO2 adsorption,48,ParetoCrowding,3,5,qmof-f343390,qmof-f0c9af4,0.0,,previous final-masked protocol distance
stable porous MOFs for CO2 adsorption,48,ParetoCrowding,4,5,qmof-f2d872e,qmof-f0c9af4,0.0,,previous final-masked protocol distance
stable porous MOFs for CO2 adsorption,48,Random,1,2,qmof-403e9cb,qmof-f69d443,0.0,,previous final-masked protocol distance
stable porous MOFs for CO2 adsorption,48,Random,1,3,qmof-403e9cb,qmof-334586a,0.0,,previous final-masked protocol distance
stable porous MOFs for CO2 adsorption,48,Random,1,4,qmof-403e9cb,qmof-a5a6fa2,0.0,,previous final-masked protocol distance
stable porous MOFs for CO2 adsorption,48,Random,1,5,qmof-403e9cb,qmof-68234b7,0.0,,previous final-masked protocol distance
stable porous MOFs for CO2 adsorption,48,Random,2,3,qmof-f69d443,qmof-334586a,0.0,,previous final-masked protocol distance
stable porous MOFs for CO2 adsorption,48,Random,2,4,qmof-f69d443,qmof-a5a6fa2,0.0,,previous final-masked protocol distance
stable porous MOFs for CO2 adsorption,48,Random,2,5,qmof-f69d443,qmof-68234b7,0.0,,previous final-masked protocol distance
stable porous MOFs for CO2 adsorption,48,Random,3,4,qmof-334586a,qmof-a5a6fa2,0.0,,previous final-masked protocol distance
stable porous MOFs for CO2 adsorption,48,Random,3,5,qmof-334586a,qmof-68234b7,0.0,,previous final-masked protocol distance
stable porous MOFs for CO2 adsorption,48,Random,4,5,qmof-a5a6fa2,qmof-68234b7,0.0,,previous final-masked protocol distance
stable porous MOFs for CO2 adsorption,48,SemanticOnly,1,2,qmof-ff169e1,qmof-fd921b0,0.25,,previous final-masked protocol distance
stable porous MOFs for CO2 adsorption,48,SemanticOnly,1,3,qmof-ff169e1,qmof-f69d443,0.25,,previous final-masked protocol distance
stable porous MOFs for CO2 adsorption,48,SemanticOnly,1,4,qmof-ff169e1,qmof-f343390,0.25,,previous final-masked protocol distance
stable porous MOFs for CO2 adsorption,48,SemanticOnly,1,5,qmof-ff169e1,qmof-f2d872e,0.25,,previous final-masked protocol distance
stable porous MOFs for CO2 adsorption,48,SemanticOnly,2,3,qmof-fd921b0,qmof-f69d443,0.0,,previous final-masked protocol distance
stable porous MOFs for CO2 adsorption,48,SemanticOnly,2,4,qmof-fd921b0,qmof-f343390,0.0,,previous final-masked protocol distance
stable porous MOFs for CO2 adsorption,48,SemanticOnly,2,5,qmof-fd921b0,qmof-f2d872e,0.0,,previous final-masked protocol distance
stable porous MOFs for CO2 adsorption,48,SemanticOnly,3,4,qmof-f69d443,qmof-f343390,0.0,,previous final-masked protocol distance
stable porous MOFs for CO2 adsorption,48,SemanticOnly,3,5,qmof-f69d443,qmof-f2d872e,0.0,,previous final-masked protocol distance
stable porous MOFs for CO2 adsorption,48,SemanticOnly,4,5,qmof-f343390,qmof-f2d872e,0.0,,previous final-masked protocol distance
stable porous MOFs for CO2 adsorption,48,TOPSIS,1,2,qmof-fd921b0,qmof-f69d443,0.0,,previous final-masked protocol distance
stable porous MOFs for CO2 adsorption,48,TOPSIS,1,3,qmof-fd921b0,qmof-f343390,0.0,,previous final-masked protocol distance
stable porous MOFs for CO2 adsorption,48,TOPSIS,1,4,qmof-fd921b0,qmof-f2d872e,0.0,,previous final-masked protocol distance
stable porous MOFs for CO2 adsorption,48,TOPSIS,1,5,qmof-fd921b0,qmof-f0c9af4,0.0,,previous final-masked protocol distance
stable porous MOFs for CO2 adsorption,48,TOPSIS,2,3,qmof-f69d443,qmof-f343390,0.0,,previous final-masked protocol distance
stable porous MOFs for CO2 adsorption,48,TOPSIS,2,4,qmof-f69d443,qmof-f2d872e,0.0,,previous final-masked protocol distance
stable porous MOFs for CO2 adsorption,48,TOPSIS,2,5,qmof-f69d443,qmof-f0c9af4,0.0,,previous final-masked protocol distance
stable porous MOFs for CO2 adsorption,48,TOPSIS,3,4,qmof-f343390,qmof-f2d872e,0.0,,previous final-masked protocol distance
stable porous MOFs for CO2 adsorption,48,TOPSIS,3,5,qmof-f343390,qmof-f0c9af4,0.0,,previous final-masked protocol distance
stable porous MOFs for CO2 adsorption,48,TOPSIS,4,5,qmof-f2d872e,qmof-f0c9af4,0.0,,previous final-masked protocol distance
stable porous MOFs for CO2 adsorption,48,WeightedSum,1,2,qmof-fd921b0,qmof-f69d443,0.0,,previous final-masked protocol distance
stable porous MOFs for CO2 adsorption,48,WeightedSum,1,3,qmof-fd921b0,qmof-f343390,0.0,,previous final-masked protocol distance
stable porous MOFs for CO2 adsorption,48,WeightedSum,1,4,qmof-fd921b0,qmof-f2d872e,0.0,,previous final-masked protocol distance
stable porous MOFs for CO2 adsorption,48,WeightedSum,1,5,qmof-fd921b0,qmof-f0c9af4,0.0,,previous final-masked protocol distance
stable porous MOFs for CO2 adsorption,48,WeightedSum,2,3,qmof-f69d443,qmof-f343390,0.0,,previous final-masked protocol distance
stable porous MOFs for CO2 adsorption,48,WeightedSum,2,4,qmof-f69d443,qmof-f2d872e,0.0,,previous final-masked protocol distance
stable porous MOFs for CO2 adsorption,48,WeightedSum,2,5,qmof-f69d443,qmof-f0c9af4,0.0,,previous final-masked protocol distance
stable porous MOFs for CO2 adsorption,48,WeightedSum,3,4,qmof-f343390,qmof-f2d872e,0.0,,previous final-masked protocol distance
stable porous MOFs for CO2 adsorption,48,WeightedSum,3,5,qmof-f343390,qmof-f0c9af4,0.0,,previous final-masked protocol distance
stable porous MOFs for CO2 adsorption,48,WeightedSum,4,5,qmof-f2d872e,qmof-f0c9af4,0.0,,previous final-masked protocol distance
stable porous MOFs for CO2 adsorption,49,GAT only,1,2,qmof-fd921b0,qmof-ec84fcf,0.0,,previous final-masked protocol distance
stable porous MOFs for CO2 adsorption,49,GAT only,1,3,qmof-fd921b0,qmof-0ea1d91,0.0,,previous final-masked protocol distance
stable porous MOFs for CO2 adsorption,49,GAT only,1,4,qmof-fd921b0,qmof-403e9cb,0.0,,previous final-masked protocol distance
stable porous MOFs for CO2 adsorption,49,GAT only,1,5,qmof-fd921b0,qmof-71748b1,0.0,,previous final-masked protocol distance
stable porous MOFs for CO2 adsorption,49,GAT only,2,3,qmof-ec84fcf,qmof-0ea1d91,0.0,,previous final-masked protocol distance
stable porous MOFs for CO2 adsorption,49,GAT only,2,4,qmof-ec84fcf,qmof-403e9cb,0.0,,previous final-masked protocol distance
stable porous MOFs for CO2 adsorption,49,GAT only,2,5,qmof-ec84fcf,qmof-71748b1,0.0,,previous final-masked protocol distance
stable porous MOFs for CO2 adsorption,49,GAT only,3,4,qmof-0ea1d91,qmof-403e9cb,0.0,,previous final-masked protocol distance
stable porous MOFs for CO2 adsorption,49,GAT only,3,5,qmof-0ea1d91,qmof-71748b1,0.0,,previous final-masked protocol distance
stable porous MOFs for CO2 adsorption,49,GAT only,4,5,qmof-403e9cb,qmof-71748b1,0.0,,previous final-masked protocol distance
stable porous MOFs for CO2 adsorption,49,GraphSAGE only,1,2,qmof-ec84fcf,qmof-fd921b0,0.0,,previous final-masked protocol distance
stable porous MOFs for CO2 adsorption,49,GraphSAGE only,1,3,qmof-ec84fcf,qmof-275dcce,0.0,,previous final-masked protocol distance
stable porous MOFs for CO2 adsorption,49,GraphSAGE only,1,4,qmof-ec84fcf,qmof-0ea1d91,0.0,,previous final-masked protocol distance
stable porous MOFs for CO2 adsorption,49,GraphSAGE only,1,5,qmof-ec84fcf,qmof-f69d443,0.0,,previous final-masked protocol distance
stable porous MOFs for CO2 adsorption,49,GraphSAGE only,2,3,qmof-fd921b0,qmof-275dcce,0.0,,previous final-masked protocol distance
stable porous MOFs for CO2 adsorption,49,GraphSAGE only,2,4,qmof-fd921b0,qmof-0ea1d91,0.0,,previous final-masked protocol distance
stable porous MOFs for CO2 adsorption,49,GraphSAGE only,2,5,qmof-fd921b0,qmof-f69d443,0.0,,previous final-masked protocol distance
stable porous MOFs for CO2 adsorption,49,GraphSAGE only,3,4,qmof-275dcce,qmof-0ea1d91,0.0,,previous final-masked protocol distance
stable porous MOFs for CO2 adsorption,49,GraphSAGE only,3,5,qmof-275dcce,qmof-f69d443,0.0,,previous final-masked protocol distance
stable porous MOFs for CO2 adsorption,49,GraphSAGE only,4,5,qmof-0ea1d91,qmof-f69d443,0.0,,previous final-masked protocol distance
stable porous MOFs for CO2 adsorption,49,LEA,1,2,qmof-b2bccba,qmof-51d789e,0.0,,previous final-masked protocol distance
stable porous MOFs for CO2 adsorption,49,LEA,1,3,qmof-b2bccba,qmof-57e6787,0.0,,previous final-masked protocol distance
stable porous MOFs for CO2 adsorption,49,LEA,1,4,qmof-b2bccba,qmof-cb134eb,0.0,,previous final-masked protocol distance
stable porous MOFs for CO2 adsorption,49,LEA,1,5,qmof-b2bccba,qmof-9a1ecbc,0.0,,previous final-masked protocol distance
stable porous MOFs for CO2 adsorption,49,LEA,2,3,qmof-51d789e,qmof-57e6787,0.0,,previous final-masked protocol distance
stable porous MOFs for CO2 adsorption,49,LEA,2,4,qmof-51d789e,qmof-cb134eb,0.0,,previous final-masked protocol distance
stable porous MOFs for CO2 adsorption,49,LEA,2,5,qmof-51d789e,qmof-9a1ecbc,0.0,,previous final-masked protocol distance
stable porous MOFs for CO2 adsorption,49,LEA,3,4,qmof-57e6787,qmof-cb134eb,0.0,,previous final-masked protocol distance
stable porous MOFs for CO2 adsorption,49,LEA,3,5,qmof-57e6787,qmof-9a1ecbc,0.0,,previous final-masked protocol distance
stable porous MOFs for CO2 adsorption,49,LEA,4,5,qmof-cb134eb,qmof-9a1ecbc,0.0,,previous final-masked protocol distance
stable porous MOFs for CO2 adsorption,49,LEA no diversity,1,2,qmof-b2bccba,qmof-51d789e,0.0,,previous final-masked protocol distance
stable porous MOFs for CO2 adsorption,49,LEA no diversity,1,3,qmof-b2bccba,qmof-57e6787,0.0,,previous final-masked protocol distance
stable porous MOFs for CO2 adsorption,49,LEA no diversity,1,4,qmof-b2bccba,qmof-cb134eb,0.0,,previous final-masked protocol distance
stable porous MOFs for CO2 adsorption,49,LEA no diversity,1,5,qmof-b2bccba,qmof-9a1ecbc,0.0,,previous final-masked protocol distance
stable porous MOFs for CO2 adsorption,49,LEA no diversity,2,3,qmof-51d789e,qmof-57e6787,0.0,,previous final-masked protocol distance
stable porous MOFs for CO2 adsorption,49,LEA no diversity,2,4,qmof-51d789e,qmof-cb134eb,0.0,,previous final-masked protocol distance
stable porous MOFs for CO2 adsorption,49,LEA no diversity,2,5,qmof-51d789e,qmof-9a1ecbc,0.0,,previous final-masked protocol distance
stable porous MOFs for CO2 adsorption,49,LEA no diversity,3,4,qmof-57e6787,qmof-cb134eb,0.0,,previous final-masked protocol distance
stable porous MOFs for CO2 adsorption,49,LEA no diversity,3,5,qmof-57e6787,qmof-9a1ecbc,0.0,,previous final-masked protocol distance
stable porous MOFs for CO2 adsorption,49,LEA no diversity,4,5,qmof-cb134eb,qmof-9a1ecbc,0.0,,previous final-masked protocol distance
stable porous MOFs for CO2 adsorption,49,LEA no self-cleaning,1,2,qmof-b2bccba,qmof-51d789e,0.0,,previous final-masked protocol distance
stable porous MOFs for CO2 adsorption,49,LEA no self-cleaning,1,3,qmof-b2bccba,qmof-57e6787,0.0,,previous final-masked protocol distance
stable porous MOFs for CO2 adsorption,49,LEA no self-cleaning,1,4,qmof-b2bccba,qmof-cb134eb,0.0,,previous final-masked protocol distance
stable porous MOFs for CO2 adsorption,49,LEA no self-cleaning,1,5,qmof-b2bccba,qmof-9a1ecbc,0.0,,previous final-masked protocol distance
stable porous MOFs for CO2 adsorption,49,LEA no self-cleaning,2,3,qmof-51d789e,qmof-57e6787,0.0,,previous final-masked protocol distance
stable porous MOFs for CO2 adsorption,49,LEA no self-cleaning,2,4,qmof-51d789e,qmof-cb134eb,0.0,,previous final-masked protocol distance
stable porous MOFs for CO2 adsorption,49,LEA no self-cleaning,2,5,qmof-51d789e,qmof-9a1ecbc,0.0,,previous final-masked protocol distance
stable porous MOFs for CO2 adsorption,49,LEA no self-cleaning,3,4,qmof-57e6787,qmof-cb134eb,0.0,,previous final-masked protocol distance
stable porous MOFs for CO2 adsorption,49,LEA no self-cleaning,3,5,qmof-57e6787,qmof-9a1ecbc,0.0,,previous final-masked protocol distance
stable porous MOFs for CO2 adsorption,49,LEA no self-cleaning,4,5,qmof-cb134eb,qmof-9a1ecbc,0.0,,previous final-masked protocol distance
stable porous MOFs for CO2 adsorption,49,LEA + GAT,1,2,qmof-fd921b0,qmof-403e9cb,0.0,,previous final-masked protocol distance
stable porous MOFs for CO2 adsorption,49,LEA + GAT,1,3,qmof-fd921b0,qmof-d8703ab,0.0,,previous final-masked protocol distance
stable porous MOFs for CO2 adsorption,49,LEA + GAT,1,4,qmof-fd921b0,qmof-cb134eb,0.0,,previous final-masked protocol distance
stable porous MOFs for CO2 adsorption,49,LEA + GAT,1,5,qmof-fd921b0,qmof-68234b7,0.0,,previous final-masked protocol distance
stable porous MOFs for CO2 adsorption,49,LEA + GAT,2,3,qmof-403e9cb,qmof-d8703ab,0.0,,previous final-masked protocol distance
stable porous MOFs for CO2 adsorption,49,LEA + GAT,2,4,qmof-403e9cb,qmof-cb134eb,0.0,,previous final-masked protocol distance
stable porous MOFs for CO2 adsorption,49,LEA + GAT,2,5,qmof-403e9cb,qmof-68234b7,0.0,,previous final-masked protocol distance
stable porous MOFs for CO2 adsorption,49,LEA + GAT,3,4,qmof-d8703ab,qmof-cb134eb,0.0,,previous final-masked protocol distance
stable porous MOFs for CO2 adsorption,49,LEA + GAT,3,5,qmof-d8703ab,qmof-68234b7,0.0,,previous final-masked protocol distance
stable porous MOFs for CO2 adsorption,49,LEA + GAT,4,5,qmof-cb134eb,qmof-68234b7,0.0,,previous final-masked protocol distance
stable porous MOFs for CO2 adsorption,49,LEA + GraphSAGE,1,2,qmof-fd921b0,qmof-f69d443,0.0,,previous final-masked protocol distance
stable porous MOFs for CO2 adsorption,49,LEA + GraphSAGE,1,3,qmof-fd921b0,qmof-68234b7,0.0,,previous final-masked protocol distance
stable porous MOFs for CO2 adsorption,49,LEA + GraphSAGE,1,4,qmof-fd921b0,qmof-334586a,0.0,,previous final-masked protocol distance
stable porous MOFs for CO2 adsorption,49,LEA + GraphSAGE,1,5,qmof-fd921b0,qmof-51d789e,0.0,,previous final-masked protocol distance
stable porous MOFs for CO2 adsorption,49,LEA + GraphSAGE,2,3,qmof-f69d443,qmof-68234b7,0.0,,previous final-masked protocol distance
stable porous MOFs for CO2 adsorption,49,LEA + GraphSAGE,2,4,qmof-f69d443,qmof-334586a,0.0,,previous final-masked protocol distance
stable porous MOFs for CO2 adsorption,49,LEA + GraphSAGE,2,5,qmof-f69d443,qmof-51d789e,0.0,,previous final-masked protocol distance
stable porous MOFs for CO2 adsorption,49,LEA + GraphSAGE,3,4,qmof-68234b7,qmof-334586a,0.0,,previous final-masked protocol distance
stable porous MOFs for CO2 adsorption,49,LEA + GraphSAGE,3,5,qmof-68234b7,qmof-51d789e,0.0,,previous final-masked protocol distance
stable porous MOFs for CO2 adsorption,49,LEA + GraphSAGE,4,5,qmof-334586a,qmof-51d789e,0.0,,previous final-masked protocol distance
stable porous MOFs for CO2 adsorption,49,MMR,1,2,qmof-a5ebf1c,qmof-4e8726d,0.25,,previous final-masked protocol distance
stable porous MOFs for CO2 adsorption,49,MMR,1,3,qmof-a5ebf1c,qmof-38716ea,0.0,,previous final-masked protocol distance
stable porous MOFs for CO2 adsorption,49,MMR,1,4,qmof-a5ebf1c,qmof-99810c8,0.0,,previous final-masked protocol distance
stable porous MOFs for CO2 adsorption,49,MMR,1,5,qmof-a5ebf1c,qmof-f0c9af4,0.0,,previous final-masked protocol distance
stable porous MOFs for CO2 adsorption,49,MMR,2,3,qmof-4e8726d,qmof-38716ea,0.25,,previous final-masked protocol distance
stable porous MOFs for CO2 adsorption,49,MMR,2,4,qmof-4e8726d,qmof-99810c8,0.25,,previous final-masked protocol distance
stable porous MOFs for CO2 adsorption,49,MMR,2,5,qmof-4e8726d,qmof-f0c9af4,0.25,,previous final-masked protocol distance
stable porous MOFs for CO2 adsorption,49,MMR,3,4,qmof-38716ea,qmof-99810c8,0.0,,previous final-masked protocol distance
stable porous MOFs for CO2 adsorption,49,MMR,3,5,qmof-38716ea,qmof-f0c9af4,0.0,,previous final-masked protocol distance
stable porous MOFs for CO2 adsorption,49,MMR,4,5,qmof-99810c8,qmof-f0c9af4,0.0,,previous final-masked protocol distance
stable porous MOFs for CO2 adsorption,49,ParetoCrowding,1,2,qmof-fd921b0,qmof-f69d443,0.0,,previous final-masked protocol distance
stable porous MOFs for CO2 adsorption,49,ParetoCrowding,1,3,qmof-fd921b0,qmof-f343390,0.0,,previous final-masked protocol distance
stable porous MOFs for CO2 adsorption,49,ParetoCrowding,1,4,qmof-fd921b0,qmof-f2d872e,0.0,,previous final-masked protocol distance
stable porous MOFs for CO2 adsorption,49,ParetoCrowding,1,5,qmof-fd921b0,qmof-f0c9af4,0.0,,previous final-masked protocol distance
stable porous MOFs for CO2 adsorption,49,ParetoCrowding,2,3,qmof-f69d443,qmof-f343390,0.0,,previous final-masked protocol distance
stable porous MOFs for CO2 adsorption,49,ParetoCrowding,2,4,qmof-f69d443,qmof-f2d872e,0.0,,previous final-masked protocol distance
stable porous MOFs for CO2 adsorption,49,ParetoCrowding,2,5,qmof-f69d443,qmof-f0c9af4,0.0,,previous final-masked protocol distance
stable porous MOFs for CO2 adsorption,49,ParetoCrowding,3,4,qmof-f343390,qmof-f2d872e,0.0,,previous final-masked protocol distance
stable porous MOFs for CO2 adsorption,49,ParetoCrowding,3,5,qmof-f343390,qmof-f0c9af4,0.0,,previous final-masked protocol distance
stable porous MOFs for CO2 adsorption,49,ParetoCrowding,4,5,qmof-f2d872e,qmof-f0c9af4,0.0,,previous final-masked protocol distance
stable porous MOFs for CO2 adsorption,49,Random,1,2,qmof-0ea1d91,qmof-14eb177,0.0,,previous final-masked protocol distance
stable porous MOFs for CO2 adsorption,49,Random,1,3,qmof-0ea1d91,qmof-54f7ee7,0.0,,previous final-masked protocol distance
stable porous MOFs for CO2 adsorption,49,Random,1,4,qmof-0ea1d91,qmof-2ba0cce,0.0,,previous final-masked protocol distance
stable porous MOFs for CO2 adsorption,49,Random,1,5,qmof-0ea1d91,qmof-d8703ab,0.0,,previous final-masked protocol distance
stable porous MOFs for CO2 adsorption,49,Random,2,3,qmof-14eb177,qmof-54f7ee7,0.0,,previous final-masked protocol distance
stable porous MOFs for CO2 adsorption,49,Random,2,4,qmof-14eb177,qmof-2ba0cce,0.0,,previous final-masked protocol distance
stable porous MOFs for CO2 adsorption,49,Random,2,5,qmof-14eb177,qmof-d8703ab,0.0,,previous final-masked protocol distance
stable porous MOFs for CO2 adsorption,49,Random,3,4,qmof-54f7ee7,qmof-2ba0cce,0.0,,previous final-masked protocol distance
stable porous MOFs for CO2 adsorption,49,Random,3,5,qmof-54f7ee7,qmof-d8703ab,0.0,,previous final-masked protocol distance
stable porous MOFs for CO2 adsorption,49,Random,4,5,qmof-2ba0cce,qmof-d8703ab,0.0,,previous final-masked protocol distance
stable porous MOFs for CO2 adsorption,49,SemanticOnly,1,2,qmof-fd921b0,qmof-f69d443,0.0,,previous final-masked protocol distance
stable porous MOFs for CO2 adsorption,49,SemanticOnly,1,3,qmof-fd921b0,qmof-f47b0d0,0.25,,previous final-masked protocol distance
stable porous MOFs for CO2 adsorption,49,SemanticOnly,1,4,qmof-fd921b0,qmof-f360972,0.25,,previous final-masked protocol distance
stable porous MOFs for CO2 adsorption,49,SemanticOnly,1,5,qmof-fd921b0,qmof-f343390,0.0,,previous final-masked protocol distance
stable porous MOFs for CO2 adsorption,49,SemanticOnly,2,3,qmof-f69d443,qmof-f47b0d0,0.25,,previous final-masked protocol distance
stable porous MOFs for CO2 adsorption,49,SemanticOnly,2,4,qmof-f69d443,qmof-f360972,0.25,,previous final-masked protocol distance
stable porous MOFs for CO2 adsorption,49,SemanticOnly,2,5,qmof-f69d443,qmof-f343390,0.0,,previous final-masked protocol distance
stable porous MOFs for CO2 adsorption,49,SemanticOnly,3,4,qmof-f47b0d0,qmof-f360972,0.0,,previous final-masked protocol distance
stable porous MOFs for CO2 adsorption,49,SemanticOnly,3,5,qmof-f47b0d0,qmof-f343390,0.25,,previous final-masked protocol distance
stable porous MOFs for CO2 adsorption,49,SemanticOnly,4,5,qmof-f360972,qmof-f343390,0.25,,previous final-masked protocol distance
stable porous MOFs for CO2 adsorption,49,TOPSIS,1,2,qmof-fd921b0,qmof-f69d443,0.0,,previous final-masked protocol distance
stable porous MOFs for CO2 adsorption,49,TOPSIS,1,3,qmof-fd921b0,qmof-f343390,0.0,,previous final-masked protocol distance
stable porous MOFs for CO2 adsorption,49,TOPSIS,1,4,qmof-fd921b0,qmof-f2d872e,0.0,,previous final-masked protocol distance
stable porous MOFs for CO2 adsorption,49,TOPSIS,1,5,qmof-fd921b0,qmof-f0c9af4,0.0,,previous final-masked protocol distance
stable porous MOFs for CO2 adsorption,49,TOPSIS,2,3,qmof-f69d443,qmof-f343390,0.0,,previous final-masked protocol distance
stable porous MOFs for CO2 adsorption,49,TOPSIS,2,4,qmof-f69d443,qmof-f2d872e,0.0,,previous final-masked protocol distance
stable porous MOFs for CO2 adsorption,49,TOPSIS,2,5,qmof-f69d443,qmof-f0c9af4,0.0,,previous final-masked protocol distance
stable porous MOFs for CO2 adsorption,49,TOPSIS,3,4,qmof-f343390,qmof-f2d872e,0.0,,previous final-masked protocol distance
stable porous MOFs for CO2 adsorption,49,TOPSIS,3,5,qmof-f343390,qmof-f0c9af4,0.0,,previous final-masked protocol distance
stable porous MOFs for CO2 adsorption,49,TOPSIS,4,5,qmof-f2d872e,qmof-f0c9af4,0.0,,previous final-masked protocol distance
stable porous MOFs for CO2 adsorption,49,WeightedSum,1,2,qmof-fd921b0,qmof-f69d443,0.0,,previous final-masked protocol distance
stable porous MOFs for CO2 adsorption,49,WeightedSum,1,3,qmof-fd921b0,qmof-f343390,0.0,,previous final-masked protocol distance
stable porous MOFs for CO2 adsorption,49,WeightedSum,1,4,qmof-fd921b0,qmof-f2d872e,0.0,,previous final-masked protocol distance
stable porous MOFs for CO2 adsorption,49,WeightedSum,1,5,qmof-fd921b0,qmof-f0c9af4,0.0,,previous final-masked protocol distance
stable porous MOFs for CO2 adsorption,49,WeightedSum,2,3,qmof-f69d443,qmof-f343390,0.0,,previous final-masked protocol distance
stable porous MOFs for CO2 adsorption,49,WeightedSum,2,4,qmof-f69d443,qmof-f2d872e,0.0,,previous final-masked protocol distance
stable porous MOFs for CO2 adsorption,49,WeightedSum,2,5,qmof-f69d443,qmof-f0c9af4,0.0,,previous final-masked protocol distance
stable porous MOFs for CO2 adsorption,49,WeightedSum,3,4,qmof-f343390,qmof-f2d872e,0.0,,previous final-masked protocol distance
stable porous MOFs for CO2 adsorption,49,WeightedSum,3,5,qmof-f343390,qmof-f0c9af4,0.0,,previous final-masked protocol distance
stable porous MOFs for CO2 adsorption,49,WeightedSum,4,5,qmof-f2d872e,qmof-f0c9af4,0.0,,previous final-masked protocol distance
stable porous MOFs for CO2 adsorption,50,GAT only,1,2,qmof-fd921b0,qmof-ec84fcf,0.0,,previous final-masked protocol distance
stable porous MOFs for CO2 adsorption,50,GAT only,1,3,qmof-fd921b0,qmof-0ea1d91,0.0,,previous final-masked protocol distance
stable porous MOFs for CO2 adsorption,50,GAT only,1,4,qmof-fd921b0,qmof-403e9cb,0.0,,previous final-masked protocol distance
stable porous MOFs for CO2 adsorption,50,GAT only,1,5,qmof-fd921b0,qmof-71748b1,0.0,,previous final-masked protocol distance
stable porous MOFs for CO2 adsorption,50,GAT only,2,3,qmof-ec84fcf,qmof-0ea1d91,0.0,,previous final-masked protocol distance
stable porous MOFs for CO2 adsorption,50,GAT only,2,4,qmof-ec84fcf,qmof-403e9cb,0.0,,previous final-masked protocol distance
stable porous MOFs for CO2 adsorption,50,GAT only,2,5,qmof-ec84fcf,qmof-71748b1,0.0,,previous final-masked protocol distance
stable porous MOFs for CO2 adsorption,50,GAT only,3,4,qmof-0ea1d91,qmof-403e9cb,0.0,,previous final-masked protocol distance
stable porous MOFs for CO2 adsorption,50,GAT only,3,5,qmof-0ea1d91,qmof-71748b1,0.0,,previous final-masked protocol distance
stable porous MOFs for CO2 adsorption,50,GAT only,4,5,qmof-403e9cb,qmof-71748b1,0.0,,previous final-masked protocol distance
stable porous MOFs for CO2 adsorption,50,GraphSAGE only,1,2,qmof-ec84fcf,qmof-fd921b0,0.0,,previous final-masked protocol distance
stable porous MOFs for CO2 adsorption,50,GraphSAGE only,1,3,qmof-ec84fcf,qmof-275dcce,0.0,,previous final-masked protocol distance
stable porous MOFs for CO2 adsorption,50,GraphSAGE only,1,4,qmof-ec84fcf,qmof-0ea1d91,0.0,,previous final-masked protocol distance
stable porous MOFs for CO2 adsorption,50,GraphSAGE only,1,5,qmof-ec84fcf,qmof-f69d443,0.0,,previous final-masked protocol distance
stable porous MOFs for CO2 adsorption,50,GraphSAGE only,2,3,qmof-fd921b0,qmof-275dcce,0.0,,previous final-masked protocol distance
stable porous MOFs for CO2 adsorption,50,GraphSAGE only,2,4,qmof-fd921b0,qmof-0ea1d91,0.0,,previous final-masked protocol distance
stable porous MOFs for CO2 adsorption,50,GraphSAGE only,2,5,qmof-fd921b0,qmof-f69d443,0.0,,previous final-masked protocol distance
stable porous MOFs for CO2 adsorption,50,GraphSAGE only,3,4,qmof-275dcce,qmof-0ea1d91,0.0,,previous final-masked protocol distance
stable porous MOFs for CO2 adsorption,50,GraphSAGE only,3,5,qmof-275dcce,qmof-f69d443,0.0,,previous final-masked protocol distance
stable porous MOFs for CO2 adsorption,50,GraphSAGE only,4,5,qmof-0ea1d91,qmof-f69d443,0.0,,previous final-masked protocol distance
stable porous MOFs for CO2 adsorption,50,LEA,1,2,qmof-f69d443,qmof-c1d4910,0.0,,previous final-masked protocol distance
stable porous MOFs for CO2 adsorption,50,LEA,1,3,qmof-f69d443,qmof-d976696,0.0,,previous final-masked protocol distance
stable porous MOFs for CO2 adsorption,50,LEA,1,4,qmof-f69d443,qmof-12ba7bc,0.0,,previous final-masked protocol distance
stable porous MOFs for CO2 adsorption,50,LEA,1,5,qmof-f69d443,qmof-71748b1,0.0,,previous final-masked protocol distance
stable porous MOFs for CO2 adsorption,50,LEA,2,3,qmof-c1d4910,qmof-d976696,0.0,,previous final-masked protocol distance
stable porous MOFs for CO2 adsorption,50,LEA,2,4,qmof-c1d4910,qmof-12ba7bc,0.0,,previous final-masked protocol distance
stable porous MOFs for CO2 adsorption,50,LEA,2,5,qmof-c1d4910,qmof-71748b1,0.0,,previous final-masked protocol distance
stable porous MOFs for CO2 adsorption,50,LEA,3,4,qmof-d976696,qmof-12ba7bc,0.0,,previous final-masked protocol distance
stable porous MOFs for CO2 adsorption,50,LEA,3,5,qmof-d976696,qmof-71748b1,0.0,,previous final-masked protocol distance
stable porous MOFs for CO2 adsorption,50,LEA,4,5,qmof-12ba7bc,qmof-71748b1,0.0,,previous final-masked protocol distance
stable porous MOFs for CO2 adsorption,50,LEA no diversity,1,2,qmof-f69d443,qmof-c1d4910,0.0,,previous final-masked protocol distance
stable porous MOFs for CO2 adsorption,50,LEA no diversity,1,3,qmof-f69d443,qmof-d976696,0.0,,previous final-masked protocol distance
stable porous MOFs for CO2 adsorption,50,LEA no diversity,1,4,qmof-f69d443,qmof-12ba7bc,0.0,,previous final-masked protocol distance
stable porous MOFs for CO2 adsorption,50,LEA no diversity,1,5,qmof-f69d443,qmof-71748b1,0.0,,previous final-masked protocol distance
stable porous MOFs for CO2 adsorption,50,LEA no diversity,2,3,qmof-c1d4910,qmof-d976696,0.0,,previous final-masked protocol distance
stable porous MOFs for CO2 adsorption,50,LEA no diversity,2,4,qmof-c1d4910,qmof-12ba7bc,0.0,,previous final-masked protocol distance
stable porous MOFs for CO2 adsorption,50,LEA no diversity,2,5,qmof-c1d4910,qmof-71748b1,0.0,,previous final-masked protocol distance
stable porous MOFs for CO2 adsorption,50,LEA no diversity,3,4,qmof-d976696,qmof-12ba7bc,0.0,,previous final-masked protocol distance
stable porous MOFs for CO2 adsorption,50,LEA no diversity,3,5,qmof-d976696,qmof-71748b1,0.0,,previous final-masked protocol distance
stable porous MOFs for CO2 adsorption,50,LEA no diversity,4,5,qmof-12ba7bc,qmof-71748b1,0.0,,previous final-masked protocol distance
stable porous MOFs for CO2 adsorption,50,LEA no self-cleaning,1,2,qmof-f69d443,qmof-c1d4910,0.0,,previous final-masked protocol distance
stable porous MOFs for CO2 adsorption,50,LEA no self-cleaning,1,3,qmof-f69d443,qmof-d976696,0.0,,previous final-masked protocol distance
stable porous MOFs for CO2 adsorption,50,LEA no self-cleaning,1,4,qmof-f69d443,qmof-12ba7bc,0.0,,previous final-masked protocol distance
stable porous MOFs for CO2 adsorption,50,LEA no self-cleaning,1,5,qmof-f69d443,qmof-71748b1,0.0,,previous final-masked protocol distance
stable porous MOFs for CO2 adsorption,50,LEA no self-cleaning,2,3,qmof-c1d4910,qmof-d976696,0.0,,previous final-masked protocol distance
stable porous MOFs for CO2 adsorption,50,LEA no self-cleaning,2,4,qmof-c1d4910,qmof-12ba7bc,0.0,,previous final-masked protocol distance
stable porous MOFs for CO2 adsorption,50,LEA no self-cleaning,2,5,qmof-c1d4910,qmof-71748b1,0.0,,previous final-masked protocol distance
stable porous MOFs for CO2 adsorption,50,LEA no self-cleaning,3,4,qmof-d976696,qmof-12ba7bc,0.0,,previous final-masked protocol distance
stable porous MOFs for CO2 adsorption,50,LEA no self-cleaning,3,5,qmof-d976696,qmof-71748b1,0.0,,previous final-masked protocol distance
stable porous MOFs for CO2 adsorption,50,LEA no self-cleaning,4,5,qmof-12ba7bc,qmof-71748b1,0.0,,previous final-masked protocol distance
stable porous MOFs for CO2 adsorption,50,LEA + GAT,1,2,qmof-ec84fcf,qmof-0ea1d91,0.0,,previous final-masked protocol distance
stable porous MOFs for CO2 adsorption,50,LEA + GAT,1,3,qmof-ec84fcf,qmof-334586a,0.0,,previous final-masked protocol distance
stable porous MOFs for CO2 adsorption,50,LEA + GAT,1,4,qmof-ec84fcf,qmof-c0d0be0,0.0,,previous final-masked protocol distance
stable porous MOFs for CO2 adsorption,50,LEA + GAT,1,5,qmof-ec84fcf,qmof-9a1ecbc,0.0,,previous final-masked protocol distance
stable porous MOFs for CO2 adsorption,50,LEA + GAT,2,3,qmof-0ea1d91,qmof-334586a,0.0,,previous final-masked protocol distance
stable porous MOFs for CO2 adsorption,50,LEA + GAT,2,4,qmof-0ea1d91,qmof-c0d0be0,0.0,,previous final-masked protocol distance
stable porous MOFs for CO2 adsorption,50,LEA + GAT,2,5,qmof-0ea1d91,qmof-9a1ecbc,0.0,,previous final-masked protocol distance
stable porous MOFs for CO2 adsorption,50,LEA + GAT,3,4,qmof-334586a,qmof-c0d0be0,0.0,,previous final-masked protocol distance
stable porous MOFs for CO2 adsorption,50,LEA + GAT,3,5,qmof-334586a,qmof-9a1ecbc,0.0,,previous final-masked protocol distance
stable porous MOFs for CO2 adsorption,50,LEA + GAT,4,5,qmof-c0d0be0,qmof-9a1ecbc,0.0,,previous final-masked protocol distance
stable porous MOFs for CO2 adsorption,50,LEA + GraphSAGE,1,2,qmof-ec84fcf,qmof-0ea1d91,0.0,,previous final-masked protocol distance
stable porous MOFs for CO2 adsorption,50,LEA + GraphSAGE,1,3,qmof-ec84fcf,qmof-330a403,0.0,,previous final-masked protocol distance
stable porous MOFs for CO2 adsorption,50,LEA + GraphSAGE,1,4,qmof-ec84fcf,qmof-403e9cb,0.0,,previous final-masked protocol distance
stable porous MOFs for CO2 adsorption,50,LEA + GraphSAGE,1,5,qmof-ec84fcf,qmof-334586a,0.0,,previous final-masked protocol distance
stable porous MOFs for CO2 adsorption,50,LEA + GraphSAGE,2,3,qmof-0ea1d91,qmof-330a403,0.0,,previous final-masked protocol distance
stable porous MOFs for CO2 adsorption,50,LEA + GraphSAGE,2,4,qmof-0ea1d91,qmof-403e9cb,0.0,,previous final-masked protocol distance
stable porous MOFs for CO2 adsorption,50,LEA + GraphSAGE,2,5,qmof-0ea1d91,qmof-334586a,0.0,,previous final-masked protocol distance
stable porous MOFs for CO2 adsorption,50,LEA + GraphSAGE,3,4,qmof-330a403,qmof-403e9cb,0.0,,previous final-masked protocol distance
stable porous MOFs for CO2 adsorption,50,LEA + GraphSAGE,3,5,qmof-330a403,qmof-334586a,0.0,,previous final-masked protocol distance
stable porous MOFs for CO2 adsorption,50,LEA + GraphSAGE,4,5,qmof-403e9cb,qmof-334586a,0.0,,previous final-masked protocol distance
stable porous MOFs for CO2 adsorption,50,MMR,1,2,qmof-50bd2e1,qmof-7a117a2,0.25,,previous final-masked protocol distance
stable porous MOFs for CO2 adsorption,50,MMR,1,3,qmof-50bd2e1,qmof-a5a6fa2,0.0,,previous final-masked protocol distance
stable porous MOFs for CO2 adsorption,50,MMR,1,4,qmof-50bd2e1,qmof-51d789e,0.0,,previous final-masked protocol distance
stable porous MOFs for CO2 adsorption,50,MMR,1,5,qmof-50bd2e1,qmof-334586a,0.0,,previous final-masked protocol distance
stable porous MOFs for CO2 adsorption,50,MMR,2,3,qmof-7a117a2,qmof-a5a6fa2,0.25,,previous final-masked protocol distance
stable porous MOFs for CO2 adsorption,50,MMR,2,4,qmof-7a117a2,qmof-51d789e,0.25,,previous final-masked protocol distance
stable porous MOFs for CO2 adsorption,50,MMR,2,5,qmof-7a117a2,qmof-334586a,0.25,,previous final-masked protocol distance
stable porous MOFs for CO2 adsorption,50,MMR,3,4,qmof-a5a6fa2,qmof-51d789e,0.0,,previous final-masked protocol distance
stable porous MOFs for CO2 adsorption,50,MMR,3,5,qmof-a5a6fa2,qmof-334586a,0.0,,previous final-masked protocol distance
stable porous MOFs for CO2 adsorption,50,MMR,4,5,qmof-51d789e,qmof-334586a,0.0,,previous final-masked protocol distance
stable porous MOFs for CO2 adsorption,50,ParetoCrowding,1,2,qmof-fd921b0,qmof-f69d443,0.0,,previous final-masked protocol distance
stable porous MOFs for CO2 adsorption,50,ParetoCrowding,1,3,qmof-fd921b0,qmof-f343390,0.0,,previous final-masked protocol distance
stable porous MOFs for CO2 adsorption,50,ParetoCrowding,1,4,qmof-fd921b0,qmof-f2d872e,0.0,,previous final-masked protocol distance
stable porous MOFs for CO2 adsorption,50,ParetoCrowding,1,5,qmof-fd921b0,qmof-f0c9af4,0.0,,previous final-masked protocol distance
stable porous MOFs for CO2 adsorption,50,ParetoCrowding,2,3,qmof-f69d443,qmof-f343390,0.0,,previous final-masked protocol distance
stable porous MOFs for CO2 adsorption,50,ParetoCrowding,2,4,qmof-f69d443,qmof-f2d872e,0.0,,previous final-masked protocol distance
stable porous MOFs for CO2 adsorption,50,ParetoCrowding,2,5,qmof-f69d443,qmof-f0c9af4,0.0,,previous final-masked protocol distance
stable porous MOFs for CO2 adsorption,50,ParetoCrowding,3,4,qmof-f343390,qmof-f2d872e,0.0,,previous final-masked protocol distance
stable porous MOFs for CO2 adsorption,50,ParetoCrowding,3,5,qmof-f343390,qmof-f0c9af4,0.0,,previous final-masked protocol distance
stable porous MOFs for CO2 adsorption,50,ParetoCrowding,4,5,qmof-f2d872e,qmof-f0c9af4,0.0,,previous final-masked protocol distance
stable porous MOFs for CO2 adsorption,50,Random,1,2,qmof-3104826,qmof-eb2e363,0.0,,previous final-masked protocol distance
stable porous MOFs for CO2 adsorption,50,Random,1,3,qmof-3104826,qmof-2bd31fe,0.0,,previous final-masked protocol distance
stable porous MOFs for CO2 adsorption,50,Random,1,4,qmof-3104826,qmof-d976696,0.0,,previous final-masked protocol distance
stable porous MOFs for CO2 adsorption,50,Random,1,5,qmof-3104826,qmof-51d789e,0.0,,previous final-masked protocol distance
stable porous MOFs for CO2 adsorption,50,Random,2,3,qmof-eb2e363,qmof-2bd31fe,0.0,,previous final-masked protocol distance
stable porous MOFs for CO2 adsorption,50,Random,2,4,qmof-eb2e363,qmof-d976696,0.0,,previous final-masked protocol distance
stable porous MOFs for CO2 adsorption,50,Random,2,5,qmof-eb2e363,qmof-51d789e,0.0,,previous final-masked protocol distance
stable porous MOFs for CO2 adsorption,50,Random,3,4,qmof-2bd31fe,qmof-d976696,0.0,,previous final-masked protocol distance
stable porous MOFs for CO2 adsorption,50,Random,3,5,qmof-2bd31fe,qmof-51d789e,0.0,,previous final-masked protocol distance
stable porous MOFs for CO2 adsorption,50,Random,4,5,qmof-d976696,qmof-51d789e,0.0,,previous final-masked protocol distance
stable porous MOFs for CO2 adsorption,50,SemanticOnly,1,2,qmof-fd921b0,qmof-f771839,0.25,,previous final-masked protocol distance
stable porous MOFs for CO2 adsorption,50,SemanticOnly,1,3,qmof-fd921b0,qmof-f69d443,0.0,,previous final-masked protocol distance
stable porous MOFs for CO2 adsorption,50,SemanticOnly,1,4,qmof-fd921b0,qmof-f47b0d0,0.25,,previous final-masked protocol distance
stable porous MOFs for CO2 adsorption,50,SemanticOnly,1,5,qmof-fd921b0,qmof-f360972,0.25,,previous final-masked protocol distance
stable porous MOFs for CO2 adsorption,50,SemanticOnly,2,3,qmof-f771839,qmof-f69d443,0.25,,previous final-masked protocol distance
stable porous MOFs for CO2 adsorption,50,SemanticOnly,2,4,qmof-f771839,qmof-f47b0d0,0.0,,previous final-masked protocol distance
stable porous MOFs for CO2 adsorption,50,SemanticOnly,2,5,qmof-f771839,qmof-f360972,0.0,,previous final-masked protocol distance
stable porous MOFs for CO2 adsorption,50,SemanticOnly,3,4,qmof-f69d443,qmof-f47b0d0,0.25,,previous final-masked protocol distance
stable porous MOFs for CO2 adsorption,50,SemanticOnly,3,5,qmof-f69d443,qmof-f360972,0.25,,previous final-masked protocol distance
stable porous MOFs for CO2 adsorption,50,SemanticOnly,4,5,qmof-f47b0d0,qmof-f360972,0.0,,previous final-masked protocol distance
stable porous MOFs for CO2 adsorption,50,TOPSIS,1,2,qmof-fd921b0,qmof-f69d443,0.0,,previous final-masked protocol distance
stable porous MOFs for CO2 adsorption,50,TOPSIS,1,3,qmof-fd921b0,qmof-f343390,0.0,,previous final-masked protocol distance
stable porous MOFs for CO2 adsorption,50,TOPSIS,1,4,qmof-fd921b0,qmof-f2d872e,0.0,,previous final-masked protocol distance
stable porous MOFs for CO2 adsorption,50,TOPSIS,1,5,qmof-fd921b0,qmof-f0c9af4,0.0,,previous final-masked protocol distance
stable porous MOFs for CO2 adsorption,50,TOPSIS,2,3,qmof-f69d443,qmof-f343390,0.0,,previous final-masked protocol distance
stable porous MOFs for CO2 adsorption,50,TOPSIS,2,4,qmof-f69d443,qmof-f2d872e,0.0,,previous final-masked protocol distance
stable porous MOFs for CO2 adsorption,50,TOPSIS,2,5,qmof-f69d443,qmof-f0c9af4,0.0,,previous final-masked protocol distance
stable porous MOFs for CO2 adsorption,50,TOPSIS,3,4,qmof-f343390,qmof-f2d872e,0.0,,previous final-masked protocol distance
stable porous MOFs for CO2 adsorption,50,TOPSIS,3,5,qmof-f343390,qmof-f0c9af4,0.0,,previous final-masked protocol distance
stable porous MOFs for CO2 adsorption,50,TOPSIS,4,5,qmof-f2d872e,qmof-f0c9af4,0.0,,previous final-masked protocol distance
stable porous MOFs for CO2 adsorption,50,WeightedSum,1,2,qmof-fd921b0,qmof-f69d443,0.0,,previous final-masked protocol distance
stable porous MOFs for CO2 adsorption,50,WeightedSum,1,3,qmof-fd921b0,qmof-f343390,0.0,,previous final-masked protocol distance
stable porous MOFs for CO2 adsorption,50,WeightedSum,1,4,qmof-fd921b0,qmof-f2d872e,0.0,,previous final-masked protocol distance
stable porous MOFs for CO2 adsorption,50,WeightedSum,1,5,qmof-fd921b0,qmof-f0c9af4,0.0,,previous final-masked protocol distance
stable porous MOFs for CO2 adsorption,50,WeightedSum,2,3,qmof-f69d443,qmof-f343390,0.0,,previous final-masked protocol distance
stable porous MOFs for CO2 adsorption,50,WeightedSum,2,4,qmof-f69d443,qmof-f2d872e,0.0,,previous final-masked protocol distance
stable porous MOFs for CO2 adsorption,50,WeightedSum,2,5,qmof-f69d443,qmof-f0c9af4,0.0,,previous final-masked protocol distance
stable porous MOFs for CO2 adsorption,50,WeightedSum,3,4,qmof-f343390,qmof-f2d872e,0.0,,previous final-masked protocol distance
stable porous MOFs for CO2 adsorption,50,WeightedSum,3,5,qmof-f343390,qmof-f0c9af4,0.0,,previous final-masked protocol distance
stable porous MOFs for CO2 adsorption,50,WeightedSum,4,5,qmof-f2d872e,qmof-f0c9af4,0.0,,previous final-masked protocol distance
stable porous MOFs for CO2 adsorption,51,GAT only,1,2,qmof-fd921b0,qmof-ec84fcf,0.0,,previous final-masked protocol distance
stable porous MOFs for CO2 adsorption,51,GAT only,1,3,qmof-fd921b0,qmof-0ea1d91,0.0,,previous final-masked protocol distance
stable porous MOFs for CO2 adsorption,51,GAT only,1,4,qmof-fd921b0,qmof-403e9cb,0.0,,previous final-masked protocol distance
stable porous MOFs for CO2 adsorption,51,GAT only,1,5,qmof-fd921b0,qmof-71748b1,0.0,,previous final-masked protocol distance
stable porous MOFs for CO2 adsorption,51,GAT only,2,3,qmof-ec84fcf,qmof-0ea1d91,0.0,,previous final-masked protocol distance
stable porous MOFs for CO2 adsorption,51,GAT only,2,4,qmof-ec84fcf,qmof-403e9cb,0.0,,previous final-masked protocol distance
stable porous MOFs for CO2 adsorption,51,GAT only,2,5,qmof-ec84fcf,qmof-71748b1,0.0,,previous final-masked protocol distance
stable porous MOFs for CO2 adsorption,51,GAT only,3,4,qmof-0ea1d91,qmof-403e9cb,0.0,,previous final-masked protocol distance
stable porous MOFs for CO2 adsorption,51,GAT only,3,5,qmof-0ea1d91,qmof-71748b1,0.0,,previous final-masked protocol distance
stable porous MOFs for CO2 adsorption,51,GAT only,4,5,qmof-403e9cb,qmof-71748b1,0.0,,previous final-masked protocol distance
stable porous MOFs for CO2 adsorption,51,GraphSAGE only,1,2,qmof-ec84fcf,qmof-fd921b0,0.0,,previous final-masked protocol distance
stable porous MOFs for CO2 adsorption,51,GraphSAGE only,1,3,qmof-ec84fcf,qmof-275dcce,0.0,,previous final-masked protocol distance
stable porous MOFs for CO2 adsorption,51,GraphSAGE only,1,4,qmof-ec84fcf,qmof-0ea1d91,0.0,,previous final-masked protocol distance
stable porous MOFs for CO2 adsorption,51,GraphSAGE only,1,5,qmof-ec84fcf,qmof-f69d443,0.0,,previous final-masked protocol distance
stable porous MOFs for CO2 adsorption,51,GraphSAGE only,2,3,qmof-fd921b0,qmof-275dcce,0.0,,previous final-masked protocol distance
stable porous MOFs for CO2 adsorption,51,GraphSAGE only,2,4,qmof-fd921b0,qmof-0ea1d91,0.0,,previous final-masked protocol distance
stable porous MOFs for CO2 adsorption,51,GraphSAGE only,2,5,qmof-fd921b0,qmof-f69d443,0.0,,previous final-masked protocol distance
stable porous MOFs for CO2 adsorption,51,GraphSAGE only,3,4,qmof-275dcce,qmof-0ea1d91,0.0,,previous final-masked protocol distance
stable porous MOFs for CO2 adsorption,51,GraphSAGE only,3,5,qmof-275dcce,qmof-f69d443,0.0,,previous final-masked protocol distance
stable porous MOFs for CO2 adsorption,51,GraphSAGE only,4,5,qmof-0ea1d91,qmof-f69d443,0.0,,previous final-masked protocol distance
stable porous MOFs for CO2 adsorption,51,LEA,1,2,qmof-f2d872e,qmof-14eb177,0.0,,previous final-masked protocol distance
stable porous MOFs for CO2 adsorption,51,LEA,1,3,qmof-f2d872e,qmof-38716ea,0.0,,previous final-masked protocol distance
stable porous MOFs for CO2 adsorption,51,LEA,1,4,qmof-f2d872e,qmof-b78a98a,0.0,,previous final-masked protocol distance
stable porous MOFs for CO2 adsorption,51,LEA,1,5,qmof-f2d872e,qmof-8bbce0c,0.0,,previous final-masked protocol distance
stable porous MOFs for CO2 adsorption,51,LEA,2,3,qmof-14eb177,qmof-38716ea,0.0,,previous final-masked protocol distance
stable porous MOFs for CO2 adsorption,51,LEA,2,4,qmof-14eb177,qmof-b78a98a,0.0,,previous final-masked protocol distance
stable porous MOFs for CO2 adsorption,51,LEA,2,5,qmof-14eb177,qmof-8bbce0c,0.0,,previous final-masked protocol distance
stable porous MOFs for CO2 adsorption,51,LEA,3,4,qmof-38716ea,qmof-b78a98a,0.0,,previous final-masked protocol distance
stable porous MOFs for CO2 adsorption,51,LEA,3,5,qmof-38716ea,qmof-8bbce0c,0.0,,previous final-masked protocol distance
stable porous MOFs for CO2 adsorption,51,LEA,4,5,qmof-b78a98a,qmof-8bbce0c,0.0,,previous final-masked protocol distance
stable porous MOFs for CO2 adsorption,51,LEA no diversity,1,2,qmof-f2d872e,qmof-14eb177,0.0,,previous final-masked protocol distance
stable porous MOFs for CO2 adsorption,51,LEA no diversity,1,3,qmof-f2d872e,qmof-38716ea,0.0,,previous final-masked protocol distance
stable porous MOFs for CO2 adsorption,51,LEA no diversity,1,4,qmof-f2d872e,qmof-b78a98a,0.0,,previous final-masked protocol distance
stable porous MOFs for CO2 adsorption,51,LEA no diversity,1,5,qmof-f2d872e,qmof-8bbce0c,0.0,,previous final-masked protocol distance
stable porous MOFs for CO2 adsorption,51,LEA no diversity,2,3,qmof-14eb177,qmof-38716ea,0.0,,previous final-masked protocol distance
stable porous MOFs for CO2 adsorption,51,LEA no diversity,2,4,qmof-14eb177,qmof-b78a98a,0.0,,previous final-masked protocol distance
stable porous MOFs for CO2 adsorption,51,LEA no diversity,2,5,qmof-14eb177,qmof-8bbce0c,0.0,,previous final-masked protocol distance
stable porous MOFs for CO2 adsorption,51,LEA no diversity,3,4,qmof-38716ea,qmof-b78a98a,0.0,,previous final-masked protocol distance
stable porous MOFs for CO2 adsorption,51,LEA no diversity,3,5,qmof-38716ea,qmof-8bbce0c,0.0,,previous final-masked protocol distance
stable porous MOFs for CO2 adsorption,51,LEA no diversity,4,5,qmof-b78a98a,qmof-8bbce0c,0.0,,previous final-masked protocol distance
stable porous MOFs for CO2 adsorption,51,LEA no self-cleaning,1,2,qmof-f2d872e,qmof-14eb177,0.0,,previous final-masked protocol distance
stable porous MOFs for CO2 adsorption,51,LEA no self-cleaning,1,3,qmof-f2d872e,qmof-38716ea,0.0,,previous final-masked protocol distance
stable porous MOFs for CO2 adsorption,51,LEA no self-cleaning,1,4,qmof-f2d872e,qmof-b78a98a,0.0,,previous final-masked protocol distance
stable porous MOFs for CO2 adsorption,51,LEA no self-cleaning,1,5,qmof-f2d872e,qmof-8bbce0c,0.0,,previous final-masked protocol distance
stable porous MOFs for CO2 adsorption,51,LEA no self-cleaning,2,3,qmof-14eb177,qmof-38716ea,0.0,,previous final-masked protocol distance
stable porous MOFs for CO2 adsorption,51,LEA no self-cleaning,2,4,qmof-14eb177,qmof-b78a98a,0.0,,previous final-masked protocol distance
stable porous MOFs for CO2 adsorption,51,LEA no self-cleaning,2,5,qmof-14eb177,qmof-8bbce0c,0.0,,previous final-masked protocol distance
stable porous MOFs for CO2 adsorption,51,LEA no self-cleaning,3,4,qmof-38716ea,qmof-b78a98a,0.0,,previous final-masked protocol distance
stable porous MOFs for CO2 adsorption,51,LEA no self-cleaning,3,5,qmof-38716ea,qmof-8bbce0c,0.0,,previous final-masked protocol distance
stable porous MOFs for CO2 adsorption,51,LEA no self-cleaning,4,5,qmof-b78a98a,qmof-8bbce0c,0.0,,previous final-masked protocol distance
stable porous MOFs for CO2 adsorption,51,LEA + GAT,1,2,qmof-fd921b0,qmof-ec84fcf,0.0,,previous final-masked protocol distance
stable porous MOFs for CO2 adsorption,51,LEA + GAT,1,3,qmof-fd921b0,qmof-0ea1d91,0.0,,previous final-masked protocol distance
stable porous MOFs for CO2 adsorption,51,LEA + GAT,1,4,qmof-fd921b0,qmof-e2b9aa4,0.0,,previous final-masked protocol distance
stable porous MOFs for CO2 adsorption,51,LEA + GAT,1,5,qmof-fd921b0,qmof-d8703ab,0.0,,previous final-masked protocol distance
stable porous MOFs for CO2 adsorption,51,LEA + GAT,2,3,qmof-ec84fcf,qmof-0ea1d91,0.0,,previous final-masked protocol distance
stable porous MOFs for CO2 adsorption,51,LEA + GAT,2,4,qmof-ec84fcf,qmof-e2b9aa4,0.0,,previous final-masked protocol distance
stable porous MOFs for CO2 adsorption,51,LEA + GAT,2,5,qmof-ec84fcf,qmof-d8703ab,0.0,,previous final-masked protocol distance
stable porous MOFs for CO2 adsorption,51,LEA + GAT,3,4,qmof-0ea1d91,qmof-e2b9aa4,0.0,,previous final-masked protocol distance
stable porous MOFs for CO2 adsorption,51,LEA + GAT,3,5,qmof-0ea1d91,qmof-d8703ab,0.0,,previous final-masked protocol distance
stable porous MOFs for CO2 adsorption,51,LEA + GAT,4,5,qmof-e2b9aa4,qmof-d8703ab,0.0,,previous final-masked protocol distance
stable porous MOFs for CO2 adsorption,51,LEA + GraphSAGE,1,2,qmof-ec84fcf,qmof-fd921b0,0.0,,previous final-masked protocol distance
stable porous MOFs for CO2 adsorption,51,LEA + GraphSAGE,1,3,qmof-ec84fcf,qmof-0ea1d91,0.0,,previous final-masked protocol distance
stable porous MOFs for CO2 adsorption,51,LEA + GraphSAGE,1,4,qmof-ec84fcf,qmof-f69d443,0.0,,previous final-masked protocol distance
stable porous MOFs for CO2 adsorption,51,LEA + GraphSAGE,1,5,qmof-ec84fcf,qmof-334586a,0.0,,previous final-masked protocol distance
stable porous MOFs for CO2 adsorption,51,LEA + GraphSAGE,2,3,qmof-fd921b0,qmof-0ea1d91,0.0,,previous final-masked protocol distance
stable porous MOFs for CO2 adsorption,51,LEA + GraphSAGE,2,4,qmof-fd921b0,qmof-f69d443,0.0,,previous final-masked protocol distance
stable porous MOFs for CO2 adsorption,51,LEA + GraphSAGE,2,5,qmof-fd921b0,qmof-334586a,0.0,,previous final-masked protocol distance
stable porous MOFs for CO2 adsorption,51,LEA + GraphSAGE,3,4,qmof-0ea1d91,qmof-f69d443,0.0,,previous final-masked protocol distance
stable porous MOFs for CO2 adsorption,51,LEA + GraphSAGE,3,5,qmof-0ea1d91,qmof-334586a,0.0,,previous final-masked protocol distance
stable porous MOFs for CO2 adsorption,51,LEA + GraphSAGE,4,5,qmof-f69d443,qmof-334586a,0.0,,previous final-masked protocol distance
stable porous MOFs for CO2 adsorption,51,MMR,1,2,qmof-92f3405,qmof-c49d30b,0.25,,previous final-masked protocol distance
stable porous MOFs for CO2 adsorption,51,MMR,1,3,qmof-92f3405,qmof-2f1a847,0.0,,previous final-masked protocol distance
stable porous MOFs for CO2 adsorption,51,MMR,1,4,qmof-92f3405,qmof-6a9204c,0.0,,previous final-masked protocol distance
stable porous MOFs for CO2 adsorption,51,MMR,1,5,qmof-92f3405,qmof-99810c8,0.0,,previous final-masked protocol distance
stable porous MOFs for CO2 adsorption,51,MMR,2,3,qmof-c49d30b,qmof-2f1a847,0.25,,previous final-masked protocol distance
stable porous MOFs for CO2 adsorption,51,MMR,2,4,qmof-c49d30b,qmof-6a9204c,0.25,,previous final-masked protocol distance
stable porous MOFs for CO2 adsorption,51,MMR,2,5,qmof-c49d30b,qmof-99810c8,0.25,,previous final-masked protocol distance
stable porous MOFs for CO2 adsorption,51,MMR,3,4,qmof-2f1a847,qmof-6a9204c,0.0,,previous final-masked protocol distance
stable porous MOFs for CO2 adsorption,51,MMR,3,5,qmof-2f1a847,qmof-99810c8,0.0,,previous final-masked protocol distance
stable porous MOFs for CO2 adsorption,51,MMR,4,5,qmof-6a9204c,qmof-99810c8,0.0,,previous final-masked protocol distance
stable porous MOFs for CO2 adsorption,51,ParetoCrowding,1,2,qmof-fd921b0,qmof-f69d443,0.0,,previous final-masked protocol distance
stable porous MOFs for CO2 adsorption,51,ParetoCrowding,1,3,qmof-fd921b0,qmof-f343390,0.0,,previous final-masked protocol distance
stable porous MOFs for CO2 adsorption,51,ParetoCrowding,1,4,qmof-fd921b0,qmof-f2d872e,0.0,,previous final-masked protocol distance
stable porous MOFs for CO2 adsorption,51,ParetoCrowding,1,5,qmof-fd921b0,qmof-f0c9af4,0.0,,previous final-masked protocol distance
stable porous MOFs for CO2 adsorption,51,ParetoCrowding,2,3,qmof-f69d443,qmof-f343390,0.0,,previous final-masked protocol distance
stable porous MOFs for CO2 adsorption,51,ParetoCrowding,2,4,qmof-f69d443,qmof-f2d872e,0.0,,previous final-masked protocol distance
stable porous MOFs for CO2 adsorption,51,ParetoCrowding,2,5,qmof-f69d443,qmof-f0c9af4,0.0,,previous final-masked protocol distance
stable porous MOFs for CO2 adsorption,51,ParetoCrowding,3,4,qmof-f343390,qmof-f2d872e,0.0,,previous final-masked protocol distance
stable porous MOFs for CO2 adsorption,51,ParetoCrowding,3,5,qmof-f343390,qmof-f0c9af4,0.0,,previous final-masked protocol distance
stable porous MOFs for CO2 adsorption,51,ParetoCrowding,4,5,qmof-f2d872e,qmof-f0c9af4,0.0,,previous final-masked protocol distance
stable porous MOFs for CO2 adsorption,51,Random,1,2,qmof-334586a,qmof-6a9204c,0.0,,previous final-masked protocol distance
stable porous MOFs for CO2 adsorption,51,Random,1,3,qmof-334586a,qmof-c0d0be0,0.0,,previous final-masked protocol distance
stable porous MOFs for CO2 adsorption,51,Random,1,4,qmof-334586a,qmof-cd0f2d8,0.25,,previous final-masked protocol distance
stable porous MOFs for CO2 adsorption,51,Random,1,5,qmof-334586a,qmof-72d8647,0.25,,previous final-masked protocol distance
stable porous MOFs for CO2 adsorption,51,Random,2,3,qmof-6a9204c,qmof-c0d0be0,0.0,,previous final-masked protocol distance
stable porous MOFs for CO2 adsorption,51,Random,2,4,qmof-6a9204c,qmof-cd0f2d8,0.25,,previous final-masked protocol distance
stable porous MOFs for CO2 adsorption,51,Random,2,5,qmof-6a9204c,qmof-72d8647,0.25,,previous final-masked protocol distance
stable porous MOFs for CO2 adsorption,51,Random,3,4,qmof-c0d0be0,qmof-cd0f2d8,0.25,,previous final-masked protocol distance
stable porous MOFs for CO2 adsorption,51,Random,3,5,qmof-c0d0be0,qmof-72d8647,0.25,,previous final-masked protocol distance
stable porous MOFs for CO2 adsorption,51,Random,4,5,qmof-cd0f2d8,qmof-72d8647,0.0,,previous final-masked protocol distance
stable porous MOFs for CO2 adsorption,51,SemanticOnly,1,2,qmof-fe6f735,qmof-fd921b0,0.25,,previous final-masked protocol distance
stable porous MOFs for CO2 adsorption,51,SemanticOnly,1,3,qmof-fe6f735,qmof-f69d443,0.25,,previous final-masked protocol distance
stable porous MOFs for CO2 adsorption,51,SemanticOnly,1,4,qmof-fe6f735,qmof-f343390,0.25,,previous final-masked protocol distance
stable porous MOFs for CO2 adsorption,51,SemanticOnly,1,5,qmof-fe6f735,qmof-f2d872e,0.25,,previous final-masked protocol distance
stable porous MOFs for CO2 adsorption,51,SemanticOnly,2,3,qmof-fd921b0,qmof-f69d443,0.0,,previous final-masked protocol distance
stable porous MOFs for CO2 adsorption,51,SemanticOnly,2,4,qmof-fd921b0,qmof-f343390,0.0,,previous final-masked protocol distance
stable porous MOFs for CO2 adsorption,51,SemanticOnly,2,5,qmof-fd921b0,qmof-f2d872e,0.0,,previous final-masked protocol distance
stable porous MOFs for CO2 adsorption,51,SemanticOnly,3,4,qmof-f69d443,qmof-f343390,0.0,,previous final-masked protocol distance
stable porous MOFs for CO2 adsorption,51,SemanticOnly,3,5,qmof-f69d443,qmof-f2d872e,0.0,,previous final-masked protocol distance
stable porous MOFs for CO2 adsorption,51,SemanticOnly,4,5,qmof-f343390,qmof-f2d872e,0.0,,previous final-masked protocol distance
stable porous MOFs for CO2 adsorption,51,TOPSIS,1,2,qmof-fd921b0,qmof-f69d443,0.0,,previous final-masked protocol distance
stable porous MOFs for CO2 adsorption,51,TOPSIS,1,3,qmof-fd921b0,qmof-f343390,0.0,,previous final-masked protocol distance
stable porous MOFs for CO2 adsorption,51,TOPSIS,1,4,qmof-fd921b0,qmof-f2d872e,0.0,,previous final-masked protocol distance
stable porous MOFs for CO2 adsorption,51,TOPSIS,1,5,qmof-fd921b0,qmof-f0c9af4,0.0,,previous final-masked protocol distance
stable porous MOFs for CO2 adsorption,51,TOPSIS,2,3,qmof-f69d443,qmof-f343390,0.0,,previous final-masked protocol distance
stable porous MOFs for CO2 adsorption,51,TOPSIS,2,4,qmof-f69d443,qmof-f2d872e,0.0,,previous final-masked protocol distance
stable porous MOFs for CO2 adsorption,51,TOPSIS,2,5,qmof-f69d443,qmof-f0c9af4,0.0,,previous final-masked protocol distance
stable porous MOFs for CO2 adsorption,51,TOPSIS,3,4,qmof-f343390,qmof-f2d872e,0.0,,previous final-masked protocol distance
stable porous MOFs for CO2 adsorption,51,TOPSIS,3,5,qmof-f343390,qmof-f0c9af4,0.0,,previous final-masked protocol distance
stable porous MOFs for CO2 adsorption,51,TOPSIS,4,5,qmof-f2d872e,qmof-f0c9af4,0.0,,previous final-masked protocol distance
stable porous MOFs for CO2 adsorption,51,WeightedSum,1,2,qmof-fd921b0,qmof-f69d443,0.0,,previous final-masked protocol distance
stable porous MOFs for CO2 adsorption,51,WeightedSum,1,3,qmof-fd921b0,qmof-f343390,0.0,,previous final-masked protocol distance
stable porous MOFs for CO2 adsorption,51,WeightedSum,1,4,qmof-fd921b0,qmof-f2d872e,0.0,,previous final-masked protocol distance
stable porous MOFs for CO2 adsorption,51,WeightedSum,1,5,qmof-fd921b0,qmof-f0c9af4,0.0,,previous final-masked protocol distance
stable porous MOFs for CO2 adsorption,51,WeightedSum,2,3,qmof-f69d443,qmof-f343390,0.0,,previous final-masked protocol distance
stable porous MOFs for CO2 adsorption,51,WeightedSum,2,4,qmof-f69d443,qmof-f2d872e,0.0,,previous final-masked protocol distance
stable porous MOFs for CO2 adsorption,51,WeightedSum,2,5,qmof-f69d443,qmof-f0c9af4,0.0,,previous final-masked protocol distance
stable porous MOFs for CO2 adsorption,51,WeightedSum,3,4,qmof-f343390,qmof-f2d872e,0.0,,previous final-masked protocol distance
stable porous MOFs for CO2 adsorption,51,WeightedSum,3,5,qmof-f343390,qmof-f0c9af4,0.0,,previous final-masked protocol distance
stable porous MOFs for CO2 adsorption,51,WeightedSum,4,5,qmof-f2d872e,qmof-f0c9af4,0.0,,previous final-masked protocol distance
photocatalytic MOFs with suitable band gaps,42,GAT only,1,2,qmof-13a76dd,qmof-e566fbb,0.0,,previous final-masked protocol distance
photocatalytic MOFs with suitable band gaps,42,GAT only,1,3,qmof-13a76dd,qmof-cef46c3,0.0,,previous final-masked protocol distance
photocatalytic MOFs with suitable band gaps,42,GAT only,1,4,qmof-13a76dd,qmof-c0f392b,0.0,,previous final-masked protocol distance
photocatalytic MOFs with suitable band gaps,42,GAT only,1,5,qmof-13a76dd,qmof-ac6a77a,0.0,,previous final-masked protocol distance
photocatalytic MOFs with suitable band gaps,42,GAT only,2,3,qmof-e566fbb,qmof-cef46c3,0.0,,previous final-masked protocol distance
photocatalytic MOFs with suitable band gaps,42,GAT only,2,4,qmof-e566fbb,qmof-c0f392b,0.0,,previous final-masked protocol distance
photocatalytic MOFs with suitable band gaps,42,GAT only,2,5,qmof-e566fbb,qmof-ac6a77a,0.0,,previous final-masked protocol distance
photocatalytic MOFs with suitable band gaps,42,GAT only,3,4,qmof-cef46c3,qmof-c0f392b,0.0,,previous final-masked protocol distance
photocatalytic MOFs with suitable band gaps,42,GAT only,3,5,qmof-cef46c3,qmof-ac6a77a,0.0,,previous final-masked protocol distance
photocatalytic MOFs with suitable band gaps,42,GAT only,4,5,qmof-c0f392b,qmof-ac6a77a,0.0,,previous final-masked protocol distance
photocatalytic MOFs with suitable band gaps,42,GraphSAGE only,1,2,qmof-13a76dd,qmof-e566fbb,0.0,,previous final-masked protocol distance
photocatalytic MOFs with suitable band gaps,42,GraphSAGE only,1,3,qmof-13a76dd,qmof-ac6a77a,0.0,,previous final-masked protocol distance
photocatalytic MOFs with suitable band gaps,42,GraphSAGE only,1,4,qmof-13a76dd,qmof-cef46c3,0.0,,previous final-masked protocol distance
photocatalytic MOFs with suitable band gaps,42,GraphSAGE only,1,5,qmof-13a76dd,qmof-c0f392b,0.0,,previous final-masked protocol distance
photocatalytic MOFs with suitable band gaps,42,GraphSAGE only,2,3,qmof-e566fbb,qmof-ac6a77a,0.0,,previous final-masked protocol distance
photocatalytic MOFs with suitable band gaps,42,GraphSAGE only,2,4,qmof-e566fbb,qmof-cef46c3,0.0,,previous final-masked protocol distance
photocatalytic MOFs with suitable band gaps,42,GraphSAGE only,2,5,qmof-e566fbb,qmof-c0f392b,0.0,,previous final-masked protocol distance
photocatalytic MOFs with suitable band gaps,42,GraphSAGE only,3,4,qmof-ac6a77a,qmof-cef46c3,0.0,,previous final-masked protocol distance
photocatalytic MOFs with suitable band gaps,42,GraphSAGE only,3,5,qmof-ac6a77a,qmof-c0f392b,0.0,,previous final-masked protocol distance
photocatalytic MOFs with suitable band gaps,42,GraphSAGE only,4,5,qmof-cef46c3,qmof-c0f392b,0.0,,previous final-masked protocol distance
photocatalytic MOFs with suitable band gaps,42,LEA,1,2,qmof-ac6a77a,qmof-c0f392b,0.0,,previous final-masked protocol distance
photocatalytic MOFs with suitable band gaps,42,LEA,1,3,qmof-ac6a77a,qmof-cef46c3,0.0,,previous final-masked protocol distance
photocatalytic MOFs with suitable band gaps,42,LEA,1,4,qmof-ac6a77a,qmof-e566fbb,0.0,,previous final-masked protocol distance
photocatalytic MOFs with suitable band gaps,42,LEA,1,5,qmof-ac6a77a,qmof-13a76dd,0.0,,previous final-masked protocol distance
photocatalytic MOFs with suitable band gaps,42,LEA,2,3,qmof-c0f392b,qmof-cef46c3,0.0,,previous final-masked protocol distance
photocatalytic MOFs with suitable band gaps,42,LEA,2,4,qmof-c0f392b,qmof-e566fbb,0.0,,previous final-masked protocol distance
photocatalytic MOFs with suitable band gaps,42,LEA,2,5,qmof-c0f392b,qmof-13a76dd,0.0,,previous final-masked protocol distance
photocatalytic MOFs with suitable band gaps,42,LEA,3,4,qmof-cef46c3,qmof-e566fbb,0.0,,previous final-masked protocol distance
photocatalytic MOFs with suitable band gaps,42,LEA,3,5,qmof-cef46c3,qmof-13a76dd,0.0,,previous final-masked protocol distance
photocatalytic MOFs with suitable band gaps,42,LEA,4,5,qmof-e566fbb,qmof-13a76dd,0.0,,previous final-masked protocol distance
photocatalytic MOFs with suitable band gaps,42,LEA no diversity,1,2,qmof-ac6a77a,qmof-c0f392b,0.0,,previous final-masked protocol distance
photocatalytic MOFs with suitable band gaps,42,LEA no diversity,1,3,qmof-ac6a77a,qmof-cef46c3,0.0,,previous final-masked protocol distance
photocatalytic MOFs with suitable band gaps,42,LEA no diversity,1,4,qmof-ac6a77a,qmof-e566fbb,0.0,,previous final-masked protocol distance
photocatalytic MOFs with suitable band gaps,42,LEA no diversity,1,5,qmof-ac6a77a,qmof-13a76dd,0.0,,previous final-masked protocol distance
photocatalytic MOFs with suitable band gaps,42,LEA no diversity,2,3,qmof-c0f392b,qmof-cef46c3,0.0,,previous final-masked protocol distance
photocatalytic MOFs with suitable band gaps,42,LEA no diversity,2,4,qmof-c0f392b,qmof-e566fbb,0.0,,previous final-masked protocol distance
photocatalytic MOFs with suitable band gaps,42,LEA no diversity,2,5,qmof-c0f392b,qmof-13a76dd,0.0,,previous final-masked protocol distance
photocatalytic MOFs with suitable band gaps,42,LEA no diversity,3,4,qmof-cef46c3,qmof-e566fbb,0.0,,previous final-masked protocol distance
photocatalytic MOFs with suitable band gaps,42,LEA no diversity,3,5,qmof-cef46c3,qmof-13a76dd,0.0,,previous final-masked protocol distance
photocatalytic MOFs with suitable band gaps,42,LEA no diversity,4,5,qmof-e566fbb,qmof-13a76dd,0.0,,previous final-masked protocol distance
photocatalytic MOFs with suitable band gaps,42,LEA no self-cleaning,1,2,qmof-ac6a77a,qmof-c0f392b,0.0,,previous final-masked protocol distance
photocatalytic MOFs with suitable band gaps,42,LEA no self-cleaning,1,3,qmof-ac6a77a,qmof-cef46c3,0.0,,previous final-masked protocol distance
photocatalytic MOFs with suitable band gaps,42,LEA no self-cleaning,1,4,qmof-ac6a77a,qmof-e566fbb,0.0,,previous final-masked protocol distance
photocatalytic MOFs with suitable band gaps,42,LEA no self-cleaning,1,5,qmof-ac6a77a,qmof-13a76dd,0.0,,previous final-masked protocol distance
photocatalytic MOFs with suitable band gaps,42,LEA no self-cleaning,2,3,qmof-c0f392b,qmof-cef46c3,0.0,,previous final-masked protocol distance
photocatalytic MOFs with suitable band gaps,42,LEA no self-cleaning,2,4,qmof-c0f392b,qmof-e566fbb,0.0,,previous final-masked protocol distance
photocatalytic MOFs with suitable band gaps,42,LEA no self-cleaning,2,5,qmof-c0f392b,qmof-13a76dd,0.0,,previous final-masked protocol distance
photocatalytic MOFs with suitable band gaps,42,LEA no self-cleaning,3,4,qmof-cef46c3,qmof-e566fbb,0.0,,previous final-masked protocol distance
photocatalytic MOFs with suitable band gaps,42,LEA no self-cleaning,3,5,qmof-cef46c3,qmof-13a76dd,0.0,,previous final-masked protocol distance
photocatalytic MOFs with suitable band gaps,42,LEA no self-cleaning,4,5,qmof-e566fbb,qmof-13a76dd,0.0,,previous final-masked protocol distance
photocatalytic MOFs with suitable band gaps,42,LEA + GAT,1,2,qmof-13a76dd,qmof-e566fbb,0.0,,previous final-masked protocol distance
photocatalytic MOFs with suitable band gaps,42,LEA + GAT,1,3,qmof-13a76dd,qmof-cef46c3,0.0,,previous final-masked protocol distance
photocatalytic MOFs with suitable band gaps,42,LEA + GAT,1,4,qmof-13a76dd,qmof-c0f392b,0.0,,previous final-masked protocol distance
photocatalytic MOFs with suitable band gaps,42,LEA + GAT,1,5,qmof-13a76dd,qmof-ac6a77a,0.0,,previous final-masked protocol distance
photocatalytic MOFs with suitable band gaps,42,LEA + GAT,2,3,qmof-e566fbb,qmof-cef46c3,0.0,,previous final-masked protocol distance
photocatalytic MOFs with suitable band gaps,42,LEA + GAT,2,4,qmof-e566fbb,qmof-c0f392b,0.0,,previous final-masked protocol distance
photocatalytic MOFs with suitable band gaps,42,LEA + GAT,2,5,qmof-e566fbb,qmof-ac6a77a,0.0,,previous final-masked protocol distance
photocatalytic MOFs with suitable band gaps,42,LEA + GAT,3,4,qmof-cef46c3,qmof-c0f392b,0.0,,previous final-masked protocol distance
photocatalytic MOFs with suitable band gaps,42,LEA + GAT,3,5,qmof-cef46c3,qmof-ac6a77a,0.0,,previous final-masked protocol distance
photocatalytic MOFs with suitable band gaps,42,LEA + GAT,4,5,qmof-c0f392b,qmof-ac6a77a,0.0,,previous final-masked protocol distance
photocatalytic MOFs with suitable band gaps,42,LEA + GraphSAGE,1,2,qmof-13a76dd,qmof-e566fbb,0.0,,previous final-masked protocol distance
photocatalytic MOFs with suitable band gaps,42,LEA + GraphSAGE,1,3,qmof-13a76dd,qmof-ac6a77a,0.0,,previous final-masked protocol distance
photocatalytic MOFs with suitable band gaps,42,LEA + GraphSAGE,1,4,qmof-13a76dd,qmof-cef46c3,0.0,,previous final-masked protocol distance
photocatalytic MOFs with suitable band gaps,42,LEA + GraphSAGE,1,5,qmof-13a76dd,qmof-c0f392b,0.0,,previous final-masked protocol distance
photocatalytic MOFs with suitable band gaps,42,LEA + GraphSAGE,2,3,qmof-e566fbb,qmof-ac6a77a,0.0,,previous final-masked protocol distance
photocatalytic MOFs with suitable band gaps,42,LEA + GraphSAGE,2,4,qmof-e566fbb,qmof-cef46c3,0.0,,previous final-masked protocol distance
photocatalytic MOFs with suitable band gaps,42,LEA + GraphSAGE,2,5,qmof-e566fbb,qmof-c0f392b,0.0,,previous final-masked protocol distance
photocatalytic MOFs with suitable band gaps,42,LEA + GraphSAGE,3,4,qmof-ac6a77a,qmof-cef46c3,0.0,,previous final-masked protocol distance
photocatalytic MOFs with suitable band gaps,42,LEA + GraphSAGE,3,5,qmof-ac6a77a,qmof-c0f392b,0.0,,previous final-masked protocol distance
photocatalytic MOFs with suitable band gaps,42,LEA + GraphSAGE,4,5,qmof-cef46c3,qmof-c0f392b,0.0,,previous final-masked protocol distance
photocatalytic MOFs with suitable band gaps,42,MMR,1,2,qmof-13a76dd,qmof-e566fbb,0.0,,previous final-masked protocol distance
photocatalytic MOFs with suitable band gaps,42,MMR,1,3,qmof-13a76dd,qmof-cef46c3,0.0,,previous final-masked protocol distance
photocatalytic MOFs with suitable band gaps,42,MMR,1,4,qmof-13a76dd,qmof-c0f392b,0.0,,previous final-masked protocol distance
photocatalytic MOFs with suitable band gaps,42,MMR,1,5,qmof-13a76dd,qmof-ac6a77a,0.0,,previous final-masked protocol distance
photocatalytic MOFs with suitable band gaps,42,MMR,2,3,qmof-e566fbb,qmof-cef46c3,0.0,,previous final-masked protocol distance
photocatalytic MOFs with suitable band gaps,42,MMR,2,4,qmof-e566fbb,qmof-c0f392b,0.0,,previous final-masked protocol distance
photocatalytic MOFs with suitable band gaps,42,MMR,2,5,qmof-e566fbb,qmof-ac6a77a,0.0,,previous final-masked protocol distance
photocatalytic MOFs with suitable band gaps,42,MMR,3,4,qmof-cef46c3,qmof-c0f392b,0.0,,previous final-masked protocol distance
photocatalytic MOFs with suitable band gaps,42,MMR,3,5,qmof-cef46c3,qmof-ac6a77a,0.0,,previous final-masked protocol distance
photocatalytic MOFs with suitable band gaps,42,MMR,4,5,qmof-c0f392b,qmof-ac6a77a,0.0,,previous final-masked protocol distance
photocatalytic MOFs with suitable band gaps,42,ParetoCrowding,1,2,qmof-e566fbb,qmof-cef46c3,0.0,,previous final-masked protocol distance
photocatalytic MOFs with suitable band gaps,42,ParetoCrowding,1,3,qmof-e566fbb,qmof-c0f392b,0.0,,previous final-masked protocol distance
photocatalytic MOFs with suitable band gaps,42,ParetoCrowding,1,4,qmof-e566fbb,qmof-ac6a77a,0.0,,previous final-masked protocol distance
photocatalytic MOFs with suitable band gaps,42,ParetoCrowding,1,5,qmof-e566fbb,qmof-13a76dd,0.0,,previous final-masked protocol distance
photocatalytic MOFs with suitable band gaps,42,ParetoCrowding,2,3,qmof-cef46c3,qmof-c0f392b,0.0,,previous final-masked protocol distance
photocatalytic MOFs with suitable band gaps,42,ParetoCrowding,2,4,qmof-cef46c3,qmof-ac6a77a,0.0,,previous final-masked protocol distance
photocatalytic MOFs with suitable band gaps,42,ParetoCrowding,2,5,qmof-cef46c3,qmof-13a76dd,0.0,,previous final-masked protocol distance
photocatalytic MOFs with suitable band gaps,42,ParetoCrowding,3,4,qmof-c0f392b,qmof-ac6a77a,0.0,,previous final-masked protocol distance
photocatalytic MOFs with suitable band gaps,42,ParetoCrowding,3,5,qmof-c0f392b,qmof-13a76dd,0.0,,previous final-masked protocol distance
photocatalytic MOFs with suitable band gaps,42,ParetoCrowding,4,5,qmof-ac6a77a,qmof-13a76dd,0.0,,previous final-masked protocol distance
photocatalytic MOFs with suitable band gaps,42,Random,1,2,qmof-b0aae08,qmof-1e80f26,0.0,,previous final-masked protocol distance
photocatalytic MOFs with suitable band gaps,42,Random,1,3,qmof-b0aae08,qmof-b792eba,0.0,,previous final-masked protocol distance
photocatalytic MOFs with suitable band gaps,42,Random,1,4,qmof-b0aae08,qmof-6417424,0.0,,previous final-masked protocol distance
photocatalytic MOFs with suitable band gaps,42,Random,1,5,qmof-b0aae08,qmof-c998a82,0.0,,previous final-masked protocol distance
photocatalytic MOFs with suitable band gaps,42,Random,2,3,qmof-1e80f26,qmof-b792eba,0.0,,previous final-masked protocol distance
photocatalytic MOFs with suitable band gaps,42,Random,2,4,qmof-1e80f26,qmof-6417424,0.0,,previous final-masked protocol distance
photocatalytic MOFs with suitable band gaps,42,Random,2,5,qmof-1e80f26,qmof-c998a82,0.0,,previous final-masked protocol distance
photocatalytic MOFs with suitable band gaps,42,Random,3,4,qmof-b792eba,qmof-6417424,0.0,,previous final-masked protocol distance
photocatalytic MOFs with suitable band gaps,42,Random,3,5,qmof-b792eba,qmof-c998a82,0.0,,previous final-masked protocol distance
photocatalytic MOFs with suitable band gaps,42,Random,4,5,qmof-6417424,qmof-c998a82,0.0,,previous final-masked protocol distance
photocatalytic MOFs with suitable band gaps,42,SemanticOnly,1,2,qmof-fe36449,qmof-fda4509,0.0,,previous final-masked protocol distance
photocatalytic MOFs with suitable band gaps,42,SemanticOnly,1,3,qmof-fe36449,qmof-fbc9303,0.0,,previous final-masked protocol distance
photocatalytic MOFs with suitable band gaps,42,SemanticOnly,1,4,qmof-fe36449,qmof-f6f5670,0.0,,previous final-masked protocol distance
photocatalytic MOFs with suitable band gaps,42,SemanticOnly,1,5,qmof-fe36449,qmof-f5690c7,0.0,,previous final-masked protocol distance
photocatalytic MOFs with suitable band gaps,42,SemanticOnly,2,3,qmof-fda4509,qmof-fbc9303,0.0,,previous final-masked protocol distance
photocatalytic MOFs with suitable band gaps,42,SemanticOnly,2,4,qmof-fda4509,qmof-f6f5670,0.0,,previous final-masked protocol distance
photocatalytic MOFs with suitable band gaps,42,SemanticOnly,2,5,qmof-fda4509,qmof-f5690c7,0.0,,previous final-masked protocol distance
photocatalytic MOFs with suitable band gaps,42,SemanticOnly,3,4,qmof-fbc9303,qmof-f6f5670,0.0,,previous final-masked protocol distance
photocatalytic MOFs with suitable band gaps,42,SemanticOnly,3,5,qmof-fbc9303,qmof-f5690c7,0.0,,previous final-masked protocol distance
photocatalytic MOFs with suitable band gaps,42,SemanticOnly,4,5,qmof-f6f5670,qmof-f5690c7,0.0,,previous final-masked protocol distance
photocatalytic MOFs with suitable band gaps,42,TOPSIS,1,2,qmof-e566fbb,qmof-cef46c3,0.0,,previous final-masked protocol distance
photocatalytic MOFs with suitable band gaps,42,TOPSIS,1,3,qmof-e566fbb,qmof-c0f392b,0.0,,previous final-masked protocol distance
photocatalytic MOFs with suitable band gaps,42,TOPSIS,1,4,qmof-e566fbb,qmof-ac6a77a,0.0,,previous final-masked protocol distance
photocatalytic MOFs with suitable band gaps,42,TOPSIS,1,5,qmof-e566fbb,qmof-13a76dd,0.0,,previous final-masked protocol distance
photocatalytic MOFs with suitable band gaps,42,TOPSIS,2,3,qmof-cef46c3,qmof-c0f392b,0.0,,previous final-masked protocol distance
photocatalytic MOFs with suitable band gaps,42,TOPSIS,2,4,qmof-cef46c3,qmof-ac6a77a,0.0,,previous final-masked protocol distance
photocatalytic MOFs with suitable band gaps,42,TOPSIS,2,5,qmof-cef46c3,qmof-13a76dd,0.0,,previous final-masked protocol distance
photocatalytic MOFs with suitable band gaps,42,TOPSIS,3,4,qmof-c0f392b,qmof-ac6a77a,0.0,,previous final-masked protocol distance
photocatalytic MOFs with suitable band gaps,42,TOPSIS,3,5,qmof-c0f392b,qmof-13a76dd,0.0,,previous final-masked protocol distance
photocatalytic MOFs with suitable band gaps,42,TOPSIS,4,5,qmof-ac6a77a,qmof-13a76dd,0.0,,previous final-masked protocol distance
photocatalytic MOFs with suitable band gaps,42,WeightedSum,1,2,qmof-e566fbb,qmof-cef46c3,0.0,,previous final-masked protocol distance
photocatalytic MOFs with suitable band gaps,42,WeightedSum,1,3,qmof-e566fbb,qmof-c0f392b,0.0,,previous final-masked protocol distance
photocatalytic MOFs with suitable band gaps,42,WeightedSum,1,4,qmof-e566fbb,qmof-ac6a77a,0.0,,previous final-masked protocol distance
photocatalytic MOFs with suitable band gaps,42,WeightedSum,1,5,qmof-e566fbb,qmof-13a76dd,0.0,,previous final-masked protocol distance
photocatalytic MOFs with suitable band gaps,42,WeightedSum,2,3,qmof-cef46c3,qmof-c0f392b,0.0,,previous final-masked protocol distance
photocatalytic MOFs with suitable band gaps,42,WeightedSum,2,4,qmof-cef46c3,qmof-ac6a77a,0.0,,previous final-masked protocol distance
photocatalytic MOFs with suitable band gaps,42,WeightedSum,2,5,qmof-cef46c3,qmof-13a76dd,0.0,,previous final-masked protocol distance
photocatalytic MOFs with suitable band gaps,42,WeightedSum,3,4,qmof-c0f392b,qmof-ac6a77a,0.0,,previous final-masked protocol distance
photocatalytic MOFs with suitable band gaps,42,WeightedSum,3,5,qmof-c0f392b,qmof-13a76dd,0.0,,previous final-masked protocol distance
photocatalytic MOFs with suitable band gaps,42,WeightedSum,4,5,qmof-ac6a77a,qmof-13a76dd,0.0,,previous final-masked protocol distance
photocatalytic MOFs with suitable band gaps,43,GAT only,1,2,qmof-13a76dd,qmof-e566fbb,0.0,,previous final-masked protocol distance
photocatalytic MOFs with suitable band gaps,43,GAT only,1,3,qmof-13a76dd,qmof-cef46c3,0.0,,previous final-masked protocol distance
photocatalytic MOFs with suitable band gaps,43,GAT only,1,4,qmof-13a76dd,qmof-c0f392b,0.0,,previous final-masked protocol distance
photocatalytic MOFs with suitable band gaps,43,GAT only,1,5,qmof-13a76dd,qmof-ac6a77a,0.0,,previous final-masked protocol distance
photocatalytic MOFs with suitable band gaps,43,GAT only,2,3,qmof-e566fbb,qmof-cef46c3,0.0,,previous final-masked protocol distance
photocatalytic MOFs with suitable band gaps,43,GAT only,2,4,qmof-e566fbb,qmof-c0f392b,0.0,,previous final-masked protocol distance
photocatalytic MOFs with suitable band gaps,43,GAT only,2,5,qmof-e566fbb,qmof-ac6a77a,0.0,,previous final-masked protocol distance
photocatalytic MOFs with suitable band gaps,43,GAT only,3,4,qmof-cef46c3,qmof-c0f392b,0.0,,previous final-masked protocol distance
photocatalytic MOFs with suitable band gaps,43,GAT only,3,5,qmof-cef46c3,qmof-ac6a77a,0.0,,previous final-masked protocol distance
photocatalytic MOFs with suitable band gaps,43,GAT only,4,5,qmof-c0f392b,qmof-ac6a77a,0.0,,previous final-masked protocol distance
photocatalytic MOFs with suitable band gaps,43,GraphSAGE only,1,2,qmof-13a76dd,qmof-e566fbb,0.0,,previous final-masked protocol distance
photocatalytic MOFs with suitable band gaps,43,GraphSAGE only,1,3,qmof-13a76dd,qmof-ac6a77a,0.0,,previous final-masked protocol distance
photocatalytic MOFs with suitable band gaps,43,GraphSAGE only,1,4,qmof-13a76dd,qmof-cef46c3,0.0,,previous final-masked protocol distance
photocatalytic MOFs with suitable band gaps,43,GraphSAGE only,1,5,qmof-13a76dd,qmof-c0f392b,0.0,,previous final-masked protocol distance
photocatalytic MOFs with suitable band gaps,43,GraphSAGE only,2,3,qmof-e566fbb,qmof-ac6a77a,0.0,,previous final-masked protocol distance
photocatalytic MOFs with suitable band gaps,43,GraphSAGE only,2,4,qmof-e566fbb,qmof-cef46c3,0.0,,previous final-masked protocol distance
photocatalytic MOFs with suitable band gaps,43,GraphSAGE only,2,5,qmof-e566fbb,qmof-c0f392b,0.0,,previous final-masked protocol distance
photocatalytic MOFs with suitable band gaps,43,GraphSAGE only,3,4,qmof-ac6a77a,qmof-cef46c3,0.0,,previous final-masked protocol distance
photocatalytic MOFs with suitable band gaps,43,GraphSAGE only,3,5,qmof-ac6a77a,qmof-c0f392b,0.0,,previous final-masked protocol distance
photocatalytic MOFs with suitable band gaps,43,GraphSAGE only,4,5,qmof-cef46c3,qmof-c0f392b,0.0,,previous final-masked protocol distance
photocatalytic MOFs with suitable band gaps,43,LEA,1,2,qmof-cef46c3,qmof-ac6a77a,0.0,,previous final-masked protocol distance
photocatalytic MOFs with suitable band gaps,43,LEA,1,3,qmof-cef46c3,qmof-13a76dd,0.0,,previous final-masked protocol distance
photocatalytic MOFs with suitable band gaps,43,LEA,1,4,qmof-cef46c3,qmof-e566fbb,0.0,,previous final-masked protocol distance
photocatalytic MOFs with suitable band gaps,43,LEA,1,5,qmof-cef46c3,qmof-c0f392b,0.0,,previous final-masked protocol distance
photocatalytic MOFs with suitable band gaps,43,LEA,2,3,qmof-ac6a77a,qmof-13a76dd,0.0,,previous final-masked protocol distance
photocatalytic MOFs with suitable band gaps,43,LEA,2,4,qmof-ac6a77a,qmof-e566fbb,0.0,,previous final-masked protocol distance
photocatalytic MOFs with suitable band gaps,43,LEA,2,5,qmof-ac6a77a,qmof-c0f392b,0.0,,previous final-masked protocol distance
photocatalytic MOFs with suitable band gaps,43,LEA,3,4,qmof-13a76dd,qmof-e566fbb,0.0,,previous final-masked protocol distance
photocatalytic MOFs with suitable band gaps,43,LEA,3,5,qmof-13a76dd,qmof-c0f392b,0.0,,previous final-masked protocol distance
photocatalytic MOFs with suitable band gaps,43,LEA,4,5,qmof-e566fbb,qmof-c0f392b,0.0,,previous final-masked protocol distance
photocatalytic MOFs with suitable band gaps,43,LEA no diversity,1,2,qmof-cef46c3,qmof-ac6a77a,0.0,,previous final-masked protocol distance
photocatalytic MOFs with suitable band gaps,43,LEA no diversity,1,3,qmof-cef46c3,qmof-13a76dd,0.0,,previous final-masked protocol distance
photocatalytic MOFs with suitable band gaps,43,LEA no diversity,1,4,qmof-cef46c3,qmof-e566fbb,0.0,,previous final-masked protocol distance
photocatalytic MOFs with suitable band gaps,43,LEA no diversity,1,5,qmof-cef46c3,qmof-c0f392b,0.0,,previous final-masked protocol distance
photocatalytic MOFs with suitable band gaps,43,LEA no diversity,2,3,qmof-ac6a77a,qmof-13a76dd,0.0,,previous final-masked protocol distance
photocatalytic MOFs with suitable band gaps,43,LEA no diversity,2,4,qmof-ac6a77a,qmof-e566fbb,0.0,,previous final-masked protocol distance
photocatalytic MOFs with suitable band gaps,43,LEA no diversity,2,5,qmof-ac6a77a,qmof-c0f392b,0.0,,previous final-masked protocol distance
photocatalytic MOFs with suitable band gaps,43,LEA no diversity,3,4,qmof-13a76dd,qmof-e566fbb,0.0,,previous final-masked protocol distance
photocatalytic MOFs with suitable band gaps,43,LEA no diversity,3,5,qmof-13a76dd,qmof-c0f392b,0.0,,previous final-masked protocol distance
photocatalytic MOFs with suitable band gaps,43,LEA no diversity,4,5,qmof-e566fbb,qmof-c0f392b,0.0,,previous final-masked protocol distance
photocatalytic MOFs with suitable band gaps,43,LEA no self-cleaning,1,2,qmof-cef46c3,qmof-ac6a77a,0.0,,previous final-masked protocol distance
photocatalytic MOFs with suitable band gaps,43,LEA no self-cleaning,1,3,qmof-cef46c3,qmof-13a76dd,0.0,,previous final-masked protocol distance
photocatalytic MOFs with suitable band gaps,43,LEA no self-cleaning,1,4,qmof-cef46c3,qmof-e566fbb,0.0,,previous final-masked protocol distance
photocatalytic MOFs with suitable band gaps,43,LEA no self-cleaning,1,5,qmof-cef46c3,qmof-c0f392b,0.0,,previous final-masked protocol distance
photocatalytic MOFs with suitable band gaps,43,LEA no self-cleaning,2,3,qmof-ac6a77a,qmof-13a76dd,0.0,,previous final-masked protocol distance
photocatalytic MOFs with suitable band gaps,43,LEA no self-cleaning,2,4,qmof-ac6a77a,qmof-e566fbb,0.0,,previous final-masked protocol distance
photocatalytic MOFs with suitable band gaps,43,LEA no self-cleaning,2,5,qmof-ac6a77a,qmof-c0f392b,0.0,,previous final-masked protocol distance
photocatalytic MOFs with suitable band gaps,43,LEA no self-cleaning,3,4,qmof-13a76dd,qmof-e566fbb,0.0,,previous final-masked protocol distance
photocatalytic MOFs with suitable band gaps,43,LEA no self-cleaning,3,5,qmof-13a76dd,qmof-c0f392b,0.0,,previous final-masked protocol distance
photocatalytic MOFs with suitable band gaps,43,LEA no self-cleaning,4,5,qmof-e566fbb,qmof-c0f392b,0.0,,previous final-masked protocol distance
photocatalytic MOFs with suitable band gaps,43,LEA + GAT,1,2,qmof-13a76dd,qmof-e566fbb,0.0,,previous final-masked protocol distance
photocatalytic MOFs with suitable band gaps,43,LEA + GAT,1,3,qmof-13a76dd,qmof-cef46c3,0.0,,previous final-masked protocol distance
photocatalytic MOFs with suitable band gaps,43,LEA + GAT,1,4,qmof-13a76dd,qmof-c0f392b,0.0,,previous final-masked protocol distance
photocatalytic MOFs with suitable band gaps,43,LEA + GAT,1,5,qmof-13a76dd,qmof-ac6a77a,0.0,,previous final-masked protocol distance
photocatalytic MOFs with suitable band gaps,43,LEA + GAT,2,3,qmof-e566fbb,qmof-cef46c3,0.0,,previous final-masked protocol distance
photocatalytic MOFs with suitable band gaps,43,LEA + GAT,2,4,qmof-e566fbb,qmof-c0f392b,0.0,,previous final-masked protocol distance
photocatalytic MOFs with suitable band gaps,43,LEA + GAT,2,5,qmof-e566fbb,qmof-ac6a77a,0.0,,previous final-masked protocol distance
photocatalytic MOFs with suitable band gaps,43,LEA + GAT,3,4,qmof-cef46c3,qmof-c0f392b,0.0,,previous final-masked protocol distance
photocatalytic MOFs with suitable band gaps,43,LEA + GAT,3,5,qmof-cef46c3,qmof-ac6a77a,0.0,,previous final-masked protocol distance
photocatalytic MOFs with suitable band gaps,43,LEA + GAT,4,5,qmof-c0f392b,qmof-ac6a77a,0.0,,previous final-masked protocol distance
photocatalytic MOFs with suitable band gaps,43,LEA + GraphSAGE,1,2,qmof-13a76dd,qmof-e566fbb,0.0,,previous final-masked protocol distance
photocatalytic MOFs with suitable band gaps,43,LEA + GraphSAGE,1,3,qmof-13a76dd,qmof-ac6a77a,0.0,,previous final-masked protocol distance
photocatalytic MOFs with suitable band gaps,43,LEA + GraphSAGE,1,4,qmof-13a76dd,qmof-cef46c3,0.0,,previous final-masked protocol distance
photocatalytic MOFs with suitable band gaps,43,LEA + GraphSAGE,1,5,qmof-13a76dd,qmof-c0f392b,0.0,,previous final-masked protocol distance
photocatalytic MOFs with suitable band gaps,43,LEA + GraphSAGE,2,3,qmof-e566fbb,qmof-ac6a77a,0.0,,previous final-masked protocol distance
photocatalytic MOFs with suitable band gaps,43,LEA + GraphSAGE,2,4,qmof-e566fbb,qmof-cef46c3,0.0,,previous final-masked protocol distance
photocatalytic MOFs with suitable band gaps,43,LEA + GraphSAGE,2,5,qmof-e566fbb,qmof-c0f392b,0.0,,previous final-masked protocol distance
photocatalytic MOFs with suitable band gaps,43,LEA + GraphSAGE,3,4,qmof-ac6a77a,qmof-cef46c3,0.0,,previous final-masked protocol distance
photocatalytic MOFs with suitable band gaps,43,LEA + GraphSAGE,3,5,qmof-ac6a77a,qmof-c0f392b,0.0,,previous final-masked protocol distance
photocatalytic MOFs with suitable band gaps,43,LEA + GraphSAGE,4,5,qmof-cef46c3,qmof-c0f392b,0.0,,previous final-masked protocol distance
photocatalytic MOFs with suitable band gaps,43,MMR,1,2,qmof-c0f392b,qmof-e566fbb,0.0,,previous final-masked protocol distance
photocatalytic MOFs with suitable band gaps,43,MMR,1,3,qmof-c0f392b,qmof-13a76dd,0.0,,previous final-masked protocol distance
photocatalytic MOFs with suitable band gaps,43,MMR,1,4,qmof-c0f392b,qmof-ac6a77a,0.0,,previous final-masked protocol distance
photocatalytic MOFs with suitable band gaps,43,MMR,1,5,qmof-c0f392b,qmof-cef46c3,0.0,,previous final-masked protocol distance
photocatalytic MOFs with suitable band gaps,43,MMR,2,3,qmof-e566fbb,qmof-13a76dd,0.0,,previous final-masked protocol distance
photocatalytic MOFs with suitable band gaps,43,MMR,2,4,qmof-e566fbb,qmof-ac6a77a,0.0,,previous final-masked protocol distance
photocatalytic MOFs with suitable band gaps,43,MMR,2,5,qmof-e566fbb,qmof-cef46c3,0.0,,previous final-masked protocol distance
photocatalytic MOFs with suitable band gaps,43,MMR,3,4,qmof-13a76dd,qmof-ac6a77a,0.0,,previous final-masked protocol distance
photocatalytic MOFs with suitable band gaps,43,MMR,3,5,qmof-13a76dd,qmof-cef46c3,0.0,,previous final-masked protocol distance
photocatalytic MOFs with suitable band gaps,43,MMR,4,5,qmof-ac6a77a,qmof-cef46c3,0.0,,previous final-masked protocol distance
photocatalytic MOFs with suitable band gaps,43,ParetoCrowding,1,2,qmof-e566fbb,qmof-cef46c3,0.0,,previous final-masked protocol distance
photocatalytic MOFs with suitable band gaps,43,ParetoCrowding,1,3,qmof-e566fbb,qmof-c0f392b,0.0,,previous final-masked protocol distance
photocatalytic MOFs with suitable band gaps,43,ParetoCrowding,1,4,qmof-e566fbb,qmof-ac6a77a,0.0,,previous final-masked protocol distance
photocatalytic MOFs with suitable band gaps,43,ParetoCrowding,1,5,qmof-e566fbb,qmof-13a76dd,0.0,,previous final-masked protocol distance
photocatalytic MOFs with suitable band gaps,43,ParetoCrowding,2,3,qmof-cef46c3,qmof-c0f392b,0.0,,previous final-masked protocol distance
photocatalytic MOFs with suitable band gaps,43,ParetoCrowding,2,4,qmof-cef46c3,qmof-ac6a77a,0.0,,previous final-masked protocol distance
photocatalytic MOFs with suitable band gaps,43,ParetoCrowding,2,5,qmof-cef46c3,qmof-13a76dd,0.0,,previous final-masked protocol distance
photocatalytic MOFs with suitable band gaps,43,ParetoCrowding,3,4,qmof-c0f392b,qmof-ac6a77a,0.0,,previous final-masked protocol distance
photocatalytic MOFs with suitable band gaps,43,ParetoCrowding,3,5,qmof-c0f392b,qmof-13a76dd,0.0,,previous final-masked protocol distance
photocatalytic MOFs with suitable band gaps,43,ParetoCrowding,4,5,qmof-ac6a77a,qmof-13a76dd,0.0,,previous final-masked protocol distance
photocatalytic MOFs with suitable band gaps,43,Random,1,2,qmof-46ebf41,qmof-90d1dd5,0.0,,previous final-masked protocol distance
photocatalytic MOFs with suitable band gaps,43,Random,1,3,qmof-46ebf41,qmof-29a7d04,0.0,,previous final-masked protocol distance
photocatalytic MOFs with suitable band gaps,43,Random,1,4,qmof-46ebf41,qmof-e789f6e,0.0,,previous final-masked protocol distance
photocatalytic MOFs with suitable band gaps,43,Random,1,5,qmof-46ebf41,qmof-c0f392b,0.21213203435596428,,previous final-masked protocol distance
photocatalytic MOFs with suitable band gaps,43,Random,2,3,qmof-90d1dd5,qmof-29a7d04,0.0,,previous final-masked protocol distance
photocatalytic MOFs with suitable band gaps,43,Random,2,4,qmof-90d1dd5,qmof-e789f6e,0.0,,previous final-masked protocol distance
photocatalytic MOFs with suitable band gaps,43,Random,2,5,qmof-90d1dd5,qmof-c0f392b,0.21213203435596428,,previous final-masked protocol distance
photocatalytic MOFs with suitable band gaps,43,Random,3,4,qmof-29a7d04,qmof-e789f6e,0.0,,previous final-masked protocol distance
photocatalytic MOFs with suitable band gaps,43,Random,3,5,qmof-29a7d04,qmof-c0f392b,0.21213203435596428,,previous final-masked protocol distance
photocatalytic MOFs with suitable band gaps,43,Random,4,5,qmof-e789f6e,qmof-c0f392b,0.21213203435596428,,previous final-masked protocol distance
photocatalytic MOFs with suitable band gaps,43,SemanticOnly,1,2,qmof-fcfab15,qmof-fc7ce55,0.0,,previous final-masked protocol distance
photocatalytic MOFs with suitable band gaps,43,SemanticOnly,1,3,qmof-fcfab15,qmof-f7be768,0.0,,previous final-masked protocol distance
photocatalytic MOFs with suitable band gaps,43,SemanticOnly,1,4,qmof-fcfab15,qmof-f4d0642,0.0,,previous final-masked protocol distance
photocatalytic MOFs with suitable band gaps,43,SemanticOnly,1,5,qmof-fcfab15,qmof-f46187c,0.0,,previous final-masked protocol distance
photocatalytic MOFs with suitable band gaps,43,SemanticOnly,2,3,qmof-fc7ce55,qmof-f7be768,0.0,,previous final-masked protocol distance
photocatalytic MOFs with suitable band gaps,43,SemanticOnly,2,4,qmof-fc7ce55,qmof-f4d0642,0.0,,previous final-masked protocol distance
photocatalytic MOFs with suitable band gaps,43,SemanticOnly,2,5,qmof-fc7ce55,qmof-f46187c,0.0,,previous final-masked protocol distance
photocatalytic MOFs with suitable band gaps,43,SemanticOnly,3,4,qmof-f7be768,qmof-f4d0642,0.0,,previous final-masked protocol distance
photocatalytic MOFs with suitable band gaps,43,SemanticOnly,3,5,qmof-f7be768,qmof-f46187c,0.0,,previous final-masked protocol distance
photocatalytic MOFs with suitable band gaps,43,SemanticOnly,4,5,qmof-f4d0642,qmof-f46187c,0.0,,previous final-masked protocol distance
photocatalytic MOFs with suitable band gaps,43,TOPSIS,1,2,qmof-e566fbb,qmof-cef46c3,0.0,,previous final-masked protocol distance
photocatalytic MOFs with suitable band gaps,43,TOPSIS,1,3,qmof-e566fbb,qmof-c0f392b,0.0,,previous final-masked protocol distance
photocatalytic MOFs with suitable band gaps,43,TOPSIS,1,4,qmof-e566fbb,qmof-ac6a77a,0.0,,previous final-masked protocol distance
photocatalytic MOFs with suitable band gaps,43,TOPSIS,1,5,qmof-e566fbb,qmof-13a76dd,0.0,,previous final-masked protocol distance
photocatalytic MOFs with suitable band gaps,43,TOPSIS,2,3,qmof-cef46c3,qmof-c0f392b,0.0,,previous final-masked protocol distance
photocatalytic MOFs with suitable band gaps,43,TOPSIS,2,4,qmof-cef46c3,qmof-ac6a77a,0.0,,previous final-masked protocol distance
photocatalytic MOFs with suitable band gaps,43,TOPSIS,2,5,qmof-cef46c3,qmof-13a76dd,0.0,,previous final-masked protocol distance
photocatalytic MOFs with suitable band gaps,43,TOPSIS,3,4,qmof-c0f392b,qmof-ac6a77a,0.0,,previous final-masked protocol distance
photocatalytic MOFs with suitable band gaps,43,TOPSIS,3,5,qmof-c0f392b,qmof-13a76dd,0.0,,previous final-masked protocol distance
photocatalytic MOFs with suitable band gaps,43,TOPSIS,4,5,qmof-ac6a77a,qmof-13a76dd,0.0,,previous final-masked protocol distance
photocatalytic MOFs with suitable band gaps,43,WeightedSum,1,2,qmof-e566fbb,qmof-cef46c3,0.0,,previous final-masked protocol distance
photocatalytic MOFs with suitable band gaps,43,WeightedSum,1,3,qmof-e566fbb,qmof-c0f392b,0.0,,previous final-masked protocol distance
photocatalytic MOFs with suitable band gaps,43,WeightedSum,1,4,qmof-e566fbb,qmof-ac6a77a,0.0,,previous final-masked protocol distance
photocatalytic MOFs with suitable band gaps,43,WeightedSum,1,5,qmof-e566fbb,qmof-13a76dd,0.0,,previous final-masked protocol distance
photocatalytic MOFs with suitable band gaps,43,WeightedSum,2,3,qmof-cef46c3,qmof-c0f392b,0.0,,previous final-masked protocol distance
photocatalytic MOFs with suitable band gaps,43,WeightedSum,2,4,qmof-cef46c3,qmof-ac6a77a,0.0,,previous final-masked protocol distance
photocatalytic MOFs with suitable band gaps,43,WeightedSum,2,5,qmof-cef46c3,qmof-13a76dd,0.0,,previous final-masked protocol distance
photocatalytic MOFs with suitable band gaps,43,WeightedSum,3,4,qmof-c0f392b,qmof-ac6a77a,0.0,,previous final-masked protocol distance
photocatalytic MOFs with suitable band gaps,43,WeightedSum,3,5,qmof-c0f392b,qmof-13a76dd,0.0,,previous final-masked protocol distance
photocatalytic MOFs with suitable band gaps,43,WeightedSum,4,5,qmof-ac6a77a,qmof-13a76dd,0.0,,previous final-masked protocol distance
photocatalytic MOFs with suitable band gaps,44,GAT only,1,2,qmof-13a76dd,qmof-e566fbb,0.0,,previous final-masked protocol distance
photocatalytic MOFs with suitable band gaps,44,GAT only,1,3,qmof-13a76dd,qmof-cef46c3,0.0,,previous final-masked protocol distance
photocatalytic MOFs with suitable band gaps,44,GAT only,1,4,qmof-13a76dd,qmof-c0f392b,0.0,,previous final-masked protocol distance
photocatalytic MOFs with suitable band gaps,44,GAT only,1,5,qmof-13a76dd,qmof-ac6a77a,0.0,,previous final-masked protocol distance
photocatalytic MOFs with suitable band gaps,44,GAT only,2,3,qmof-e566fbb,qmof-cef46c3,0.0,,previous final-masked protocol distance
photocatalytic MOFs with suitable band gaps,44,GAT only,2,4,qmof-e566fbb,qmof-c0f392b,0.0,,previous final-masked protocol distance
photocatalytic MOFs with suitable band gaps,44,GAT only,2,5,qmof-e566fbb,qmof-ac6a77a,0.0,,previous final-masked protocol distance
photocatalytic MOFs with suitable band gaps,44,GAT only,3,4,qmof-cef46c3,qmof-c0f392b,0.0,,previous final-masked protocol distance
photocatalytic MOFs with suitable band gaps,44,GAT only,3,5,qmof-cef46c3,qmof-ac6a77a,0.0,,previous final-masked protocol distance
photocatalytic MOFs with suitable band gaps,44,GAT only,4,5,qmof-c0f392b,qmof-ac6a77a,0.0,,previous final-masked protocol distance
photocatalytic MOFs with suitable band gaps,44,GraphSAGE only,1,2,qmof-13a76dd,qmof-e566fbb,0.0,,previous final-masked protocol distance
photocatalytic MOFs with suitable band gaps,44,GraphSAGE only,1,3,qmof-13a76dd,qmof-ac6a77a,0.0,,previous final-masked protocol distance
photocatalytic MOFs with suitable band gaps,44,GraphSAGE only,1,4,qmof-13a76dd,qmof-cef46c3,0.0,,previous final-masked protocol distance
photocatalytic MOFs with suitable band gaps,44,GraphSAGE only,1,5,qmof-13a76dd,qmof-c0f392b,0.0,,previous final-masked protocol distance
photocatalytic MOFs with suitable band gaps,44,GraphSAGE only,2,3,qmof-e566fbb,qmof-ac6a77a,0.0,,previous final-masked protocol distance
photocatalytic MOFs with suitable band gaps,44,GraphSAGE only,2,4,qmof-e566fbb,qmof-cef46c3,0.0,,previous final-masked protocol distance
photocatalytic MOFs with suitable band gaps,44,GraphSAGE only,2,5,qmof-e566fbb,qmof-c0f392b,0.0,,previous final-masked protocol distance
photocatalytic MOFs with suitable band gaps,44,GraphSAGE only,3,4,qmof-ac6a77a,qmof-cef46c3,0.0,,previous final-masked protocol distance
photocatalytic MOFs with suitable band gaps,44,GraphSAGE only,3,5,qmof-ac6a77a,qmof-c0f392b,0.0,,previous final-masked protocol distance
photocatalytic MOFs with suitable band gaps,44,GraphSAGE only,4,5,qmof-cef46c3,qmof-c0f392b,0.0,,previous final-masked protocol distance
photocatalytic MOFs with suitable band gaps,44,LEA,1,2,qmof-13a76dd,qmof-c0f392b,0.0,,previous final-masked protocol distance
photocatalytic MOFs with suitable band gaps,44,LEA,1,3,qmof-13a76dd,qmof-cef46c3,0.0,,previous final-masked protocol distance
photocatalytic MOFs with suitable band gaps,44,LEA,1,4,qmof-13a76dd,qmof-e566fbb,0.0,,previous final-masked protocol distance
photocatalytic MOFs with suitable band gaps,44,LEA,1,5,qmof-13a76dd,qmof-ac6a77a,0.0,,previous final-masked protocol distance
photocatalytic MOFs with suitable band gaps,44,LEA,2,3,qmof-c0f392b,qmof-cef46c3,0.0,,previous final-masked protocol distance
photocatalytic MOFs with suitable band gaps,44,LEA,2,4,qmof-c0f392b,qmof-e566fbb,0.0,,previous final-masked protocol distance
photocatalytic MOFs with suitable band gaps,44,LEA,2,5,qmof-c0f392b,qmof-ac6a77a,0.0,,previous final-masked protocol distance
photocatalytic MOFs with suitable band gaps,44,LEA,3,4,qmof-cef46c3,qmof-e566fbb,0.0,,previous final-masked protocol distance
photocatalytic MOFs with suitable band gaps,44,LEA,3,5,qmof-cef46c3,qmof-ac6a77a,0.0,,previous final-masked protocol distance
photocatalytic MOFs with suitable band gaps,44,LEA,4,5,qmof-e566fbb,qmof-ac6a77a,0.0,,previous final-masked protocol distance
photocatalytic MOFs with suitable band gaps,44,LEA no diversity,1,2,qmof-13a76dd,qmof-c0f392b,0.0,,previous final-masked protocol distance
photocatalytic MOFs with suitable band gaps,44,LEA no diversity,1,3,qmof-13a76dd,qmof-cef46c3,0.0,,previous final-masked protocol distance
photocatalytic MOFs with suitable band gaps,44,LEA no diversity,1,4,qmof-13a76dd,qmof-e566fbb,0.0,,previous final-masked protocol distance
photocatalytic MOFs with suitable band gaps,44,LEA no diversity,1,5,qmof-13a76dd,qmof-ac6a77a,0.0,,previous final-masked protocol distance
photocatalytic MOFs with suitable band gaps,44,LEA no diversity,2,3,qmof-c0f392b,qmof-cef46c3,0.0,,previous final-masked protocol distance
photocatalytic MOFs with suitable band gaps,44,LEA no diversity,2,4,qmof-c0f392b,qmof-e566fbb,0.0,,previous final-masked protocol distance
photocatalytic MOFs with suitable band gaps,44,LEA no diversity,2,5,qmof-c0f392b,qmof-ac6a77a,0.0,,previous final-masked protocol distance
photocatalytic MOFs with suitable band gaps,44,LEA no diversity,3,4,qmof-cef46c3,qmof-e566fbb,0.0,,previous final-masked protocol distance
photocatalytic MOFs with suitable band gaps,44,LEA no diversity,3,5,qmof-cef46c3,qmof-ac6a77a,0.0,,previous final-masked protocol distance
photocatalytic MOFs with suitable band gaps,44,LEA no diversity,4,5,qmof-e566fbb,qmof-ac6a77a,0.0,,previous final-masked protocol distance
photocatalytic MOFs with suitable band gaps,44,LEA no self-cleaning,1,2,qmof-13a76dd,qmof-c0f392b,0.0,,previous final-masked protocol distance
photocatalytic MOFs with suitable band gaps,44,LEA no self-cleaning,1,3,qmof-13a76dd,qmof-cef46c3,0.0,,previous final-masked protocol distance
photocatalytic MOFs with suitable band gaps,44,LEA no self-cleaning,1,4,qmof-13a76dd,qmof-e566fbb,0.0,,previous final-masked protocol distance
photocatalytic MOFs with suitable band gaps,44,LEA no self-cleaning,1,5,qmof-13a76dd,qmof-ac6a77a,0.0,,previous final-masked protocol distance
photocatalytic MOFs with suitable band gaps,44,LEA no self-cleaning,2,3,qmof-c0f392b,qmof-cef46c3,0.0,,previous final-masked protocol distance
photocatalytic MOFs with suitable band gaps,44,LEA no self-cleaning,2,4,qmof-c0f392b,qmof-e566fbb,0.0,,previous final-masked protocol distance
photocatalytic MOFs with suitable band gaps,44,LEA no self-cleaning,2,5,qmof-c0f392b,qmof-ac6a77a,0.0,,previous final-masked protocol distance
photocatalytic MOFs with suitable band gaps,44,LEA no self-cleaning,3,4,qmof-cef46c3,qmof-e566fbb,0.0,,previous final-masked protocol distance
photocatalytic MOFs with suitable band gaps,44,LEA no self-cleaning,3,5,qmof-cef46c3,qmof-ac6a77a,0.0,,previous final-masked protocol distance
photocatalytic MOFs with suitable band gaps,44,LEA no self-cleaning,4,5,qmof-e566fbb,qmof-ac6a77a,0.0,,previous final-masked protocol distance
photocatalytic MOFs with suitable band gaps,44,LEA + GAT,1,2,qmof-13a76dd,qmof-e566fbb,0.0,,previous final-masked protocol distance
photocatalytic MOFs with suitable band gaps,44,LEA + GAT,1,3,qmof-13a76dd,qmof-cef46c3,0.0,,previous final-masked protocol distance
photocatalytic MOFs with suitable band gaps,44,LEA + GAT,1,4,qmof-13a76dd,qmof-c0f392b,0.0,,previous final-masked protocol distance
photocatalytic MOFs with suitable band gaps,44,LEA + GAT,1,5,qmof-13a76dd,qmof-ac6a77a,0.0,,previous final-masked protocol distance
photocatalytic MOFs with suitable band gaps,44,LEA + GAT,2,3,qmof-e566fbb,qmof-cef46c3,0.0,,previous final-masked protocol distance
photocatalytic MOFs with suitable band gaps,44,LEA + GAT,2,4,qmof-e566fbb,qmof-c0f392b,0.0,,previous final-masked protocol distance
photocatalytic MOFs with suitable band gaps,44,LEA + GAT,2,5,qmof-e566fbb,qmof-ac6a77a,0.0,,previous final-masked protocol distance
photocatalytic MOFs with suitable band gaps,44,LEA + GAT,3,4,qmof-cef46c3,qmof-c0f392b,0.0,,previous final-masked protocol distance
photocatalytic MOFs with suitable band gaps,44,LEA + GAT,3,5,qmof-cef46c3,qmof-ac6a77a,0.0,,previous final-masked protocol distance
photocatalytic MOFs with suitable band gaps,44,LEA + GAT,4,5,qmof-c0f392b,qmof-ac6a77a,0.0,,previous final-masked protocol distance
photocatalytic MOFs with suitable band gaps,44,LEA + GraphSAGE,1,2,qmof-13a76dd,qmof-e566fbb,0.0,,previous final-masked protocol distance
photocatalytic MOFs with suitable band gaps,44,LEA + GraphSAGE,1,3,qmof-13a76dd,qmof-ac6a77a,0.0,,previous final-masked protocol distance
photocatalytic MOFs with suitable band gaps,44,LEA + GraphSAGE,1,4,qmof-13a76dd,qmof-cef46c3,0.0,,previous final-masked protocol distance
photocatalytic MOFs with suitable band gaps,44,LEA + GraphSAGE,1,5,qmof-13a76dd,qmof-c0f392b,0.0,,previous final-masked protocol distance
photocatalytic MOFs with suitable band gaps,44,LEA + GraphSAGE,2,3,qmof-e566fbb,qmof-ac6a77a,0.0,,previous final-masked protocol distance
photocatalytic MOFs with suitable band gaps,44,LEA + GraphSAGE,2,4,qmof-e566fbb,qmof-cef46c3,0.0,,previous final-masked protocol distance
photocatalytic MOFs with suitable band gaps,44,LEA + GraphSAGE,2,5,qmof-e566fbb,qmof-c0f392b,0.0,,previous final-masked protocol distance
photocatalytic MOFs with suitable band gaps,44,LEA + GraphSAGE,3,4,qmof-ac6a77a,qmof-cef46c3,0.0,,previous final-masked protocol distance
photocatalytic MOFs with suitable band gaps,44,LEA + GraphSAGE,3,5,qmof-ac6a77a,qmof-c0f392b,0.0,,previous final-masked protocol distance
photocatalytic MOFs with suitable band gaps,44,LEA + GraphSAGE,4,5,qmof-cef46c3,qmof-c0f392b,0.0,,previous final-masked protocol distance
photocatalytic MOFs with suitable band gaps,44,MMR,1,2,qmof-ac6a77a,qmof-e566fbb,0.0,,previous final-masked protocol distance
photocatalytic MOFs with suitable band gaps,44,MMR,1,3,qmof-ac6a77a,qmof-cef46c3,0.0,,previous final-masked protocol distance
photocatalytic MOFs with suitable band gaps,44,MMR,1,4,qmof-ac6a77a,qmof-c0f392b,0.0,,previous final-masked protocol distance
photocatalytic MOFs with suitable band gaps,44,MMR,1,5,qmof-ac6a77a,qmof-13a76dd,0.0,,previous final-masked protocol distance
photocatalytic MOFs with suitable band gaps,44,MMR,2,3,qmof-e566fbb,qmof-cef46c3,0.0,,previous final-masked protocol distance
photocatalytic MOFs with suitable band gaps,44,MMR,2,4,qmof-e566fbb,qmof-c0f392b,0.0,,previous final-masked protocol distance
photocatalytic MOFs with suitable band gaps,44,MMR,2,5,qmof-e566fbb,qmof-13a76dd,0.0,,previous final-masked protocol distance
photocatalytic MOFs with suitable band gaps,44,MMR,3,4,qmof-cef46c3,qmof-c0f392b,0.0,,previous final-masked protocol distance
photocatalytic MOFs with suitable band gaps,44,MMR,3,5,qmof-cef46c3,qmof-13a76dd,0.0,,previous final-masked protocol distance
photocatalytic MOFs with suitable band gaps,44,MMR,4,5,qmof-c0f392b,qmof-13a76dd,0.0,,previous final-masked protocol distance
photocatalytic MOFs with suitable band gaps,44,ParetoCrowding,1,2,qmof-e566fbb,qmof-cef46c3,0.0,,previous final-masked protocol distance
photocatalytic MOFs with suitable band gaps,44,ParetoCrowding,1,3,qmof-e566fbb,qmof-c0f392b,0.0,,previous final-masked protocol distance
photocatalytic MOFs with suitable band gaps,44,ParetoCrowding,1,4,qmof-e566fbb,qmof-ac6a77a,0.0,,previous final-masked protocol distance
photocatalytic MOFs with suitable band gaps,44,ParetoCrowding,1,5,qmof-e566fbb,qmof-13a76dd,0.0,,previous final-masked protocol distance
photocatalytic MOFs with suitable band gaps,44,ParetoCrowding,2,3,qmof-cef46c3,qmof-c0f392b,0.0,,previous final-masked protocol distance
photocatalytic MOFs with suitable band gaps,44,ParetoCrowding,2,4,qmof-cef46c3,qmof-ac6a77a,0.0,,previous final-masked protocol distance
photocatalytic MOFs with suitable band gaps,44,ParetoCrowding,2,5,qmof-cef46c3,qmof-13a76dd,0.0,,previous final-masked protocol distance
photocatalytic MOFs with suitable band gaps,44,ParetoCrowding,3,4,qmof-c0f392b,qmof-ac6a77a,0.0,,previous final-masked protocol distance
photocatalytic MOFs with suitable band gaps,44,ParetoCrowding,3,5,qmof-c0f392b,qmof-13a76dd,0.0,,previous final-masked protocol distance
photocatalytic MOFs with suitable band gaps,44,ParetoCrowding,4,5,qmof-ac6a77a,qmof-13a76dd,0.0,,previous final-masked protocol distance
photocatalytic MOFs with suitable band gaps,44,Random,1,2,qmof-14b1175,qmof-67719b6,0.0,,previous final-masked protocol distance
photocatalytic MOFs with suitable band gaps,44,Random,1,3,qmof-14b1175,qmof-042f5d3,0.0,,previous final-masked protocol distance
photocatalytic MOFs with suitable band gaps,44,Random,1,4,qmof-14b1175,qmof-99d6026,0.0,,previous final-masked protocol distance
photocatalytic MOFs with suitable band gaps,44,Random,1,5,qmof-14b1175,qmof-178416a,0.0,,previous final-masked protocol distance
photocatalytic MOFs with suitable band gaps,44,Random,2,3,qmof-67719b6,qmof-042f5d3,0.0,,previous final-masked protocol distance
photocatalytic MOFs with suitable band gaps,44,Random,2,4,qmof-67719b6,qmof-99d6026,0.0,,previous final-masked protocol distance
photocatalytic MOFs with suitable band gaps,44,Random,2,5,qmof-67719b6,qmof-178416a,0.0,,previous final-masked protocol distance
photocatalytic MOFs with suitable band gaps,44,Random,3,4,qmof-042f5d3,qmof-99d6026,0.0,,previous final-masked protocol distance
photocatalytic MOFs with suitable band gaps,44,Random,3,5,qmof-042f5d3,qmof-178416a,0.0,,previous final-masked protocol distance
photocatalytic MOFs with suitable band gaps,44,Random,4,5,qmof-99d6026,qmof-178416a,0.0,,previous final-masked protocol distance
photocatalytic MOFs with suitable band gaps,44,SemanticOnly,1,2,qmof-fed171f,qmof-fe0852c,0.0,,previous final-masked protocol distance
photocatalytic MOFs with suitable band gaps,44,SemanticOnly,1,3,qmof-fed171f,qmof-fb99880,0.0,,previous final-masked protocol distance
photocatalytic MOFs with suitable band gaps,44,SemanticOnly,1,4,qmof-fed171f,qmof-f6329bc,0.0,,previous final-masked protocol distance
photocatalytic MOFs with suitable band gaps,44,SemanticOnly,1,5,qmof-fed171f,qmof-f5690c7,0.0,,previous final-masked protocol distance
photocatalytic MOFs with suitable band gaps,44,SemanticOnly,2,3,qmof-fe0852c,qmof-fb99880,0.0,,previous final-masked protocol distance
photocatalytic MOFs with suitable band gaps,44,SemanticOnly,2,4,qmof-fe0852c,qmof-f6329bc,0.0,,previous final-masked protocol distance
photocatalytic MOFs with suitable band gaps,44,SemanticOnly,2,5,qmof-fe0852c,qmof-f5690c7,0.0,,previous final-masked protocol distance
photocatalytic MOFs with suitable band gaps,44,SemanticOnly,3,4,qmof-fb99880,qmof-f6329bc,0.0,,previous final-masked protocol distance
photocatalytic MOFs with suitable band gaps,44,SemanticOnly,3,5,qmof-fb99880,qmof-f5690c7,0.0,,previous final-masked protocol distance
photocatalytic MOFs with suitable band gaps,44,SemanticOnly,4,5,qmof-f6329bc,qmof-f5690c7,0.0,,previous final-masked protocol distance
photocatalytic MOFs with suitable band gaps,44,TOPSIS,1,2,qmof-e566fbb,qmof-cef46c3,0.0,,previous final-masked protocol distance
photocatalytic MOFs with suitable band gaps,44,TOPSIS,1,3,qmof-e566fbb,qmof-c0f392b,0.0,,previous final-masked protocol distance
photocatalytic MOFs with suitable band gaps,44,TOPSIS,1,4,qmof-e566fbb,qmof-ac6a77a,0.0,,previous final-masked protocol distance
photocatalytic MOFs with suitable band gaps,44,TOPSIS,1,5,qmof-e566fbb,qmof-13a76dd,0.0,,previous final-masked protocol distance
photocatalytic MOFs with suitable band gaps,44,TOPSIS,2,3,qmof-cef46c3,qmof-c0f392b,0.0,,previous final-masked protocol distance
photocatalytic MOFs with suitable band gaps,44,TOPSIS,2,4,qmof-cef46c3,qmof-ac6a77a,0.0,,previous final-masked protocol distance
photocatalytic MOFs with suitable band gaps,44,TOPSIS,2,5,qmof-cef46c3,qmof-13a76dd,0.0,,previous final-masked protocol distance
photocatalytic MOFs with suitable band gaps,44,TOPSIS,3,4,qmof-c0f392b,qmof-ac6a77a,0.0,,previous final-masked protocol distance
photocatalytic MOFs with suitable band gaps,44,TOPSIS,3,5,qmof-c0f392b,qmof-13a76dd,0.0,,previous final-masked protocol distance
photocatalytic MOFs with suitable band gaps,44,TOPSIS,4,5,qmof-ac6a77a,qmof-13a76dd,0.0,,previous final-masked protocol distance
photocatalytic MOFs with suitable band gaps,44,WeightedSum,1,2,qmof-e566fbb,qmof-cef46c3,0.0,,previous final-masked protocol distance
photocatalytic MOFs with suitable band gaps,44,WeightedSum,1,3,qmof-e566fbb,qmof-c0f392b,0.0,,previous final-masked protocol distance
photocatalytic MOFs with suitable band gaps,44,WeightedSum,1,4,qmof-e566fbb,qmof-ac6a77a,0.0,,previous final-masked protocol distance
photocatalytic MOFs with suitable band gaps,44,WeightedSum,1,5,qmof-e566fbb,qmof-13a76dd,0.0,,previous final-masked protocol distance
photocatalytic MOFs with suitable band gaps,44,WeightedSum,2,3,qmof-cef46c3,qmof-c0f392b,0.0,,previous final-masked protocol distance
photocatalytic MOFs with suitable band gaps,44,WeightedSum,2,4,qmof-cef46c3,qmof-ac6a77a,0.0,,previous final-masked protocol distance
photocatalytic MOFs with suitable band gaps,44,WeightedSum,2,5,qmof-cef46c3,qmof-13a76dd,0.0,,previous final-masked protocol distance
photocatalytic MOFs with suitable band gaps,44,WeightedSum,3,4,qmof-c0f392b,qmof-ac6a77a,0.0,,previous final-masked protocol distance
photocatalytic MOFs with suitable band gaps,44,WeightedSum,3,5,qmof-c0f392b,qmof-13a76dd,0.0,,previous final-masked protocol distance
photocatalytic MOFs with suitable band gaps,44,WeightedSum,4,5,qmof-ac6a77a,qmof-13a76dd,0.0,,previous final-masked protocol distance
photocatalytic MOFs with suitable band gaps,45,GAT only,1,2,qmof-13a76dd,qmof-e566fbb,0.0,,previous final-masked protocol distance
photocatalytic MOFs with suitable band gaps,45,GAT only,1,3,qmof-13a76dd,qmof-cef46c3,0.0,,previous final-masked protocol distance
photocatalytic MOFs with suitable band gaps,45,GAT only,1,4,qmof-13a76dd,qmof-c0f392b,0.0,,previous final-masked protocol distance
photocatalytic MOFs with suitable band gaps,45,GAT only,1,5,qmof-13a76dd,qmof-ac6a77a,0.0,,previous final-masked protocol distance
photocatalytic MOFs with suitable band gaps,45,GAT only,2,3,qmof-e566fbb,qmof-cef46c3,0.0,,previous final-masked protocol distance
photocatalytic MOFs with suitable band gaps,45,GAT only,2,4,qmof-e566fbb,qmof-c0f392b,0.0,,previous final-masked protocol distance
photocatalytic MOFs with suitable band gaps,45,GAT only,2,5,qmof-e566fbb,qmof-ac6a77a,0.0,,previous final-masked protocol distance
photocatalytic MOFs with suitable band gaps,45,GAT only,3,4,qmof-cef46c3,qmof-c0f392b,0.0,,previous final-masked protocol distance
photocatalytic MOFs with suitable band gaps,45,GAT only,3,5,qmof-cef46c3,qmof-ac6a77a,0.0,,previous final-masked protocol distance
photocatalytic MOFs with suitable band gaps,45,GAT only,4,5,qmof-c0f392b,qmof-ac6a77a,0.0,,previous final-masked protocol distance
photocatalytic MOFs with suitable band gaps,45,GraphSAGE only,1,2,qmof-13a76dd,qmof-e566fbb,0.0,,previous final-masked protocol distance
photocatalytic MOFs with suitable band gaps,45,GraphSAGE only,1,3,qmof-13a76dd,qmof-ac6a77a,0.0,,previous final-masked protocol distance
photocatalytic MOFs with suitable band gaps,45,GraphSAGE only,1,4,qmof-13a76dd,qmof-cef46c3,0.0,,previous final-masked protocol distance
photocatalytic MOFs with suitable band gaps,45,GraphSAGE only,1,5,qmof-13a76dd,qmof-c0f392b,0.0,,previous final-masked protocol distance
photocatalytic MOFs with suitable band gaps,45,GraphSAGE only,2,3,qmof-e566fbb,qmof-ac6a77a,0.0,,previous final-masked protocol distance
photocatalytic MOFs with suitable band gaps,45,GraphSAGE only,2,4,qmof-e566fbb,qmof-cef46c3,0.0,,previous final-masked protocol distance
photocatalytic MOFs with suitable band gaps,45,GraphSAGE only,2,5,qmof-e566fbb,qmof-c0f392b,0.0,,previous final-masked protocol distance
photocatalytic MOFs with suitable band gaps,45,GraphSAGE only,3,4,qmof-ac6a77a,qmof-cef46c3,0.0,,previous final-masked protocol distance
photocatalytic MOFs with suitable band gaps,45,GraphSAGE only,3,5,qmof-ac6a77a,qmof-c0f392b,0.0,,previous final-masked protocol distance
photocatalytic MOFs with suitable band gaps,45,GraphSAGE only,4,5,qmof-cef46c3,qmof-c0f392b,0.0,,previous final-masked protocol distance
photocatalytic MOFs with suitable band gaps,45,LEA,1,2,qmof-ac6a77a,qmof-c0f392b,0.0,,previous final-masked protocol distance
photocatalytic MOFs with suitable band gaps,45,LEA,1,3,qmof-ac6a77a,qmof-13a76dd,0.0,,previous final-masked protocol distance
photocatalytic MOFs with suitable band gaps,45,LEA,1,4,qmof-ac6a77a,qmof-e566fbb,0.0,,previous final-masked protocol distance
photocatalytic MOFs with suitable band gaps,45,LEA,1,5,qmof-ac6a77a,qmof-cef46c3,0.0,,previous final-masked protocol distance
photocatalytic MOFs with suitable band gaps,45,LEA,2,3,qmof-c0f392b,qmof-13a76dd,0.0,,previous final-masked protocol distance
photocatalytic MOFs with suitable band gaps,45,LEA,2,4,qmof-c0f392b,qmof-e566fbb,0.0,,previous final-masked protocol distance
photocatalytic MOFs with suitable band gaps,45,LEA,2,5,qmof-c0f392b,qmof-cef46c3,0.0,,previous final-masked protocol distance
photocatalytic MOFs with suitable band gaps,45,LEA,3,4,qmof-13a76dd,qmof-e566fbb,0.0,,previous final-masked protocol distance
photocatalytic MOFs with suitable band gaps,45,LEA,3,5,qmof-13a76dd,qmof-cef46c3,0.0,,previous final-masked protocol distance
photocatalytic MOFs with suitable band gaps,45,LEA,4,5,qmof-e566fbb,qmof-cef46c3,0.0,,previous final-masked protocol distance
photocatalytic MOFs with suitable band gaps,45,LEA no diversity,1,2,qmof-ac6a77a,qmof-c0f392b,0.0,,previous final-masked protocol distance
photocatalytic MOFs with suitable band gaps,45,LEA no diversity,1,3,qmof-ac6a77a,qmof-13a76dd,0.0,,previous final-masked protocol distance
photocatalytic MOFs with suitable band gaps,45,LEA no diversity,1,4,qmof-ac6a77a,qmof-e566fbb,0.0,,previous final-masked protocol distance
photocatalytic MOFs with suitable band gaps,45,LEA no diversity,1,5,qmof-ac6a77a,qmof-cef46c3,0.0,,previous final-masked protocol distance
photocatalytic MOFs with suitable band gaps,45,LEA no diversity,2,3,qmof-c0f392b,qmof-13a76dd,0.0,,previous final-masked protocol distance
photocatalytic MOFs with suitable band gaps,45,LEA no diversity,2,4,qmof-c0f392b,qmof-e566fbb,0.0,,previous final-masked protocol distance
photocatalytic MOFs with suitable band gaps,45,LEA no diversity,2,5,qmof-c0f392b,qmof-cef46c3,0.0,,previous final-masked protocol distance
photocatalytic MOFs with suitable band gaps,45,LEA no diversity,3,4,qmof-13a76dd,qmof-e566fbb,0.0,,previous final-masked protocol distance
photocatalytic MOFs with suitable band gaps,45,LEA no diversity,3,5,qmof-13a76dd,qmof-cef46c3,0.0,,previous final-masked protocol distance
photocatalytic MOFs with suitable band gaps,45,LEA no diversity,4,5,qmof-e566fbb,qmof-cef46c3,0.0,,previous final-masked protocol distance
photocatalytic MOFs with suitable band gaps,45,LEA no self-cleaning,1,2,qmof-ac6a77a,qmof-c0f392b,0.0,,previous final-masked protocol distance
photocatalytic MOFs with suitable band gaps,45,LEA no self-cleaning,1,3,qmof-ac6a77a,qmof-13a76dd,0.0,,previous final-masked protocol distance
photocatalytic MOFs with suitable band gaps,45,LEA no self-cleaning,1,4,qmof-ac6a77a,qmof-e566fbb,0.0,,previous final-masked protocol distance
photocatalytic MOFs with suitable band gaps,45,LEA no self-cleaning,1,5,qmof-ac6a77a,qmof-cef46c3,0.0,,previous final-masked protocol distance
photocatalytic MOFs with suitable band gaps,45,LEA no self-cleaning,2,3,qmof-c0f392b,qmof-13a76dd,0.0,,previous final-masked protocol distance
photocatalytic MOFs with suitable band gaps,45,LEA no self-cleaning,2,4,qmof-c0f392b,qmof-e566fbb,0.0,,previous final-masked protocol distance
photocatalytic MOFs with suitable band gaps,45,LEA no self-cleaning,2,5,qmof-c0f392b,qmof-cef46c3,0.0,,previous final-masked protocol distance
photocatalytic MOFs with suitable band gaps,45,LEA no self-cleaning,3,4,qmof-13a76dd,qmof-e566fbb,0.0,,previous final-masked protocol distance
photocatalytic MOFs with suitable band gaps,45,LEA no self-cleaning,3,5,qmof-13a76dd,qmof-cef46c3,0.0,,previous final-masked protocol distance
photocatalytic MOFs with suitable band gaps,45,LEA no self-cleaning,4,5,qmof-e566fbb,qmof-cef46c3,0.0,,previous final-masked protocol distance
photocatalytic MOFs with suitable band gaps,45,LEA + GAT,1,2,qmof-13a76dd,qmof-e566fbb,0.0,,previous final-masked protocol distance
photocatalytic MOFs with suitable band gaps,45,LEA + GAT,1,3,qmof-13a76dd,qmof-cef46c3,0.0,,previous final-masked protocol distance
photocatalytic MOFs with suitable band gaps,45,LEA + GAT,1,4,qmof-13a76dd,qmof-c0f392b,0.0,,previous final-masked protocol distance
photocatalytic MOFs with suitable band gaps,45,LEA + GAT,1,5,qmof-13a76dd,qmof-ac6a77a,0.0,,previous final-masked protocol distance
photocatalytic MOFs with suitable band gaps,45,LEA + GAT,2,3,qmof-e566fbb,qmof-cef46c3,0.0,,previous final-masked protocol distance
photocatalytic MOFs with suitable band gaps,45,LEA + GAT,2,4,qmof-e566fbb,qmof-c0f392b,0.0,,previous final-masked protocol distance
photocatalytic MOFs with suitable band gaps,45,LEA + GAT,2,5,qmof-e566fbb,qmof-ac6a77a,0.0,,previous final-masked protocol distance
photocatalytic MOFs with suitable band gaps,45,LEA + GAT,3,4,qmof-cef46c3,qmof-c0f392b,0.0,,previous final-masked protocol distance
photocatalytic MOFs with suitable band gaps,45,LEA + GAT,3,5,qmof-cef46c3,qmof-ac6a77a,0.0,,previous final-masked protocol distance
photocatalytic MOFs with suitable band gaps,45,LEA + GAT,4,5,qmof-c0f392b,qmof-ac6a77a,0.0,,previous final-masked protocol distance
photocatalytic MOFs with suitable band gaps,45,LEA + GraphSAGE,1,2,qmof-13a76dd,qmof-e566fbb,0.0,,previous final-masked protocol distance
photocatalytic MOFs with suitable band gaps,45,LEA + GraphSAGE,1,3,qmof-13a76dd,qmof-ac6a77a,0.0,,previous final-masked protocol distance
photocatalytic MOFs with suitable band gaps,45,LEA + GraphSAGE,1,4,qmof-13a76dd,qmof-cef46c3,0.0,,previous final-masked protocol distance
photocatalytic MOFs with suitable band gaps,45,LEA + GraphSAGE,1,5,qmof-13a76dd,qmof-c0f392b,0.0,,previous final-masked protocol distance
photocatalytic MOFs with suitable band gaps,45,LEA + GraphSAGE,2,3,qmof-e566fbb,qmof-ac6a77a,0.0,,previous final-masked protocol distance
photocatalytic MOFs with suitable band gaps,45,LEA + GraphSAGE,2,4,qmof-e566fbb,qmof-cef46c3,0.0,,previous final-masked protocol distance
photocatalytic MOFs with suitable band gaps,45,LEA + GraphSAGE,2,5,qmof-e566fbb,qmof-c0f392b,0.0,,previous final-masked protocol distance
photocatalytic MOFs with suitable band gaps,45,LEA + GraphSAGE,3,4,qmof-ac6a77a,qmof-cef46c3,0.0,,previous final-masked protocol distance
photocatalytic MOFs with suitable band gaps,45,LEA + GraphSAGE,3,5,qmof-ac6a77a,qmof-c0f392b,0.0,,previous final-masked protocol distance
photocatalytic MOFs with suitable band gaps,45,LEA + GraphSAGE,4,5,qmof-cef46c3,qmof-c0f392b,0.0,,previous final-masked protocol distance
photocatalytic MOFs with suitable band gaps,45,MMR,1,2,qmof-cef46c3,qmof-e566fbb,0.0,,previous final-masked protocol distance
photocatalytic MOFs with suitable band gaps,45,MMR,1,3,qmof-cef46c3,qmof-13a76dd,0.0,,previous final-masked protocol distance
photocatalytic MOFs with suitable band gaps,45,MMR,1,4,qmof-cef46c3,qmof-c0f392b,0.0,,previous final-masked protocol distance
photocatalytic MOFs with suitable band gaps,45,MMR,1,5,qmof-cef46c3,qmof-ac6a77a,0.0,,previous final-masked protocol distance
photocatalytic MOFs with suitable band gaps,45,MMR,2,3,qmof-e566fbb,qmof-13a76dd,0.0,,previous final-masked protocol distance
photocatalytic MOFs with suitable band gaps,45,MMR,2,4,qmof-e566fbb,qmof-c0f392b,0.0,,previous final-masked protocol distance
photocatalytic MOFs with suitable band gaps,45,MMR,2,5,qmof-e566fbb,qmof-ac6a77a,0.0,,previous final-masked protocol distance
photocatalytic MOFs with suitable band gaps,45,MMR,3,4,qmof-13a76dd,qmof-c0f392b,0.0,,previous final-masked protocol distance
photocatalytic MOFs with suitable band gaps,45,MMR,3,5,qmof-13a76dd,qmof-ac6a77a,0.0,,previous final-masked protocol distance
photocatalytic MOFs with suitable band gaps,45,MMR,4,5,qmof-c0f392b,qmof-ac6a77a,0.0,,previous final-masked protocol distance
photocatalytic MOFs with suitable band gaps,45,ParetoCrowding,1,2,qmof-e566fbb,qmof-cef46c3,0.0,,previous final-masked protocol distance
photocatalytic MOFs with suitable band gaps,45,ParetoCrowding,1,3,qmof-e566fbb,qmof-c0f392b,0.0,,previous final-masked protocol distance
photocatalytic MOFs with suitable band gaps,45,ParetoCrowding,1,4,qmof-e566fbb,qmof-ac6a77a,0.0,,previous final-masked protocol distance
photocatalytic MOFs with suitable band gaps,45,ParetoCrowding,1,5,qmof-e566fbb,qmof-13a76dd,0.0,,previous final-masked protocol distance
photocatalytic MOFs with suitable band gaps,45,ParetoCrowding,2,3,qmof-cef46c3,qmof-c0f392b,0.0,,previous final-masked protocol distance
photocatalytic MOFs with suitable band gaps,45,ParetoCrowding,2,4,qmof-cef46c3,qmof-ac6a77a,0.0,,previous final-masked protocol distance
photocatalytic MOFs with suitable band gaps,45,ParetoCrowding,2,5,qmof-cef46c3,qmof-13a76dd,0.0,,previous final-masked protocol distance
photocatalytic MOFs with suitable band gaps,45,ParetoCrowding,3,4,qmof-c0f392b,qmof-ac6a77a,0.0,,previous final-masked protocol distance
photocatalytic MOFs with suitable band gaps,45,ParetoCrowding,3,5,qmof-c0f392b,qmof-13a76dd,0.0,,previous final-masked protocol distance
photocatalytic MOFs with suitable band gaps,45,ParetoCrowding,4,5,qmof-ac6a77a,qmof-13a76dd,0.0,,previous final-masked protocol distance
photocatalytic MOFs with suitable band gaps,45,Random,1,2,qmof-e99706f,qmof-afcfed2,0.0,,previous final-masked protocol distance
photocatalytic MOFs with suitable band gaps,45,Random,1,3,qmof-e99706f,qmof-ba1edaa,0.0,,previous final-masked protocol distance
photocatalytic MOFs with suitable band gaps,45,Random,1,4,qmof-e99706f,qmof-63270e1,0.0,,previous final-masked protocol distance
photocatalytic MOFs with suitable band gaps,45,Random,1,5,qmof-e99706f,qmof-8efdd0d,0.0,,previous final-masked protocol distance
photocatalytic MOFs with suitable band gaps,45,Random,2,3,qmof-afcfed2,qmof-ba1edaa,0.0,,previous final-masked protocol distance
photocatalytic MOFs with suitable band gaps,45,Random,2,4,qmof-afcfed2,qmof-63270e1,0.0,,previous final-masked protocol distance
photocatalytic MOFs with suitable band gaps,45,Random,2,5,qmof-afcfed2,qmof-8efdd0d,0.0,,previous final-masked protocol distance
photocatalytic MOFs with suitable band gaps,45,Random,3,4,qmof-ba1edaa,qmof-63270e1,0.0,,previous final-masked protocol distance
photocatalytic MOFs with suitable band gaps,45,Random,3,5,qmof-ba1edaa,qmof-8efdd0d,0.0,,previous final-masked protocol distance
photocatalytic MOFs with suitable band gaps,45,Random,4,5,qmof-63270e1,qmof-8efdd0d,0.0,,previous final-masked protocol distance
photocatalytic MOFs with suitable band gaps,45,SemanticOnly,1,2,qmof-fcfab15,qmof-fcd2fa6,0.0,,previous final-masked protocol distance
photocatalytic MOFs with suitable band gaps,45,SemanticOnly,1,3,qmof-fcfab15,qmof-fc5343a,0.0,,previous final-masked protocol distance
photocatalytic MOFs with suitable band gaps,45,SemanticOnly,1,4,qmof-fcfab15,qmof-f9909c4,0.0,,previous final-masked protocol distance
photocatalytic MOFs with suitable band gaps,45,SemanticOnly,1,5,qmof-fcfab15,qmof-f6b0222,0.0,,previous final-masked protocol distance
photocatalytic MOFs with suitable band gaps,45,SemanticOnly,2,3,qmof-fcd2fa6,qmof-fc5343a,0.0,,previous final-masked protocol distance
photocatalytic MOFs with suitable band gaps,45,SemanticOnly,2,4,qmof-fcd2fa6,qmof-f9909c4,0.0,,previous final-masked protocol distance
photocatalytic MOFs with suitable band gaps,45,SemanticOnly,2,5,qmof-fcd2fa6,qmof-f6b0222,0.0,,previous final-masked protocol distance
photocatalytic MOFs with suitable band gaps,45,SemanticOnly,3,4,qmof-fc5343a,qmof-f9909c4,0.0,,previous final-masked protocol distance
photocatalytic MOFs with suitable band gaps,45,SemanticOnly,3,5,qmof-fc5343a,qmof-f6b0222,0.0,,previous final-masked protocol distance
photocatalytic MOFs with suitable band gaps,45,SemanticOnly,4,5,qmof-f9909c4,qmof-f6b0222,0.0,,previous final-masked protocol distance
photocatalytic MOFs with suitable band gaps,45,TOPSIS,1,2,qmof-e566fbb,qmof-cef46c3,0.0,,previous final-masked protocol distance
photocatalytic MOFs with suitable band gaps,45,TOPSIS,1,3,qmof-e566fbb,qmof-c0f392b,0.0,,previous final-masked protocol distance
photocatalytic MOFs with suitable band gaps,45,TOPSIS,1,4,qmof-e566fbb,qmof-ac6a77a,0.0,,previous final-masked protocol distance
photocatalytic MOFs with suitable band gaps,45,TOPSIS,1,5,qmof-e566fbb,qmof-13a76dd,0.0,,previous final-masked protocol distance
photocatalytic MOFs with suitable band gaps,45,TOPSIS,2,3,qmof-cef46c3,qmof-c0f392b,0.0,,previous final-masked protocol distance
photocatalytic MOFs with suitable band gaps,45,TOPSIS,2,4,qmof-cef46c3,qmof-ac6a77a,0.0,,previous final-masked protocol distance
photocatalytic MOFs with suitable band gaps,45,TOPSIS,2,5,qmof-cef46c3,qmof-13a76dd,0.0,,previous final-masked protocol distance
photocatalytic MOFs with suitable band gaps,45,TOPSIS,3,4,qmof-c0f392b,qmof-ac6a77a,0.0,,previous final-masked protocol distance
photocatalytic MOFs with suitable band gaps,45,TOPSIS,3,5,qmof-c0f392b,qmof-13a76dd,0.0,,previous final-masked protocol distance
photocatalytic MOFs with suitable band gaps,45,TOPSIS,4,5,qmof-ac6a77a,qmof-13a76dd,0.0,,previous final-masked protocol distance
photocatalytic MOFs with suitable band gaps,45,WeightedSum,1,2,qmof-e566fbb,qmof-cef46c3,0.0,,previous final-masked protocol distance
photocatalytic MOFs with suitable band gaps,45,WeightedSum,1,3,qmof-e566fbb,qmof-c0f392b,0.0,,previous final-masked protocol distance
photocatalytic MOFs with suitable band gaps,45,WeightedSum,1,4,qmof-e566fbb,qmof-ac6a77a,0.0,,previous final-masked protocol distance
photocatalytic MOFs with suitable band gaps,45,WeightedSum,1,5,qmof-e566fbb,qmof-13a76dd,0.0,,previous final-masked protocol distance
photocatalytic MOFs with suitable band gaps,45,WeightedSum,2,3,qmof-cef46c3,qmof-c0f392b,0.0,,previous final-masked protocol distance
photocatalytic MOFs with suitable band gaps,45,WeightedSum,2,4,qmof-cef46c3,qmof-ac6a77a,0.0,,previous final-masked protocol distance
photocatalytic MOFs with suitable band gaps,45,WeightedSum,2,5,qmof-cef46c3,qmof-13a76dd,0.0,,previous final-masked protocol distance
photocatalytic MOFs with suitable band gaps,45,WeightedSum,3,4,qmof-c0f392b,qmof-ac6a77a,0.0,,previous final-masked protocol distance
photocatalytic MOFs with suitable band gaps,45,WeightedSum,3,5,qmof-c0f392b,qmof-13a76dd,0.0,,previous final-masked protocol distance
photocatalytic MOFs with suitable band gaps,45,WeightedSum,4,5,qmof-ac6a77a,qmof-13a76dd,0.0,,previous final-masked protocol distance
photocatalytic MOFs with suitable band gaps,46,GAT only,1,2,qmof-13a76dd,qmof-e566fbb,0.0,,previous final-masked protocol distance
photocatalytic MOFs with suitable band gaps,46,GAT only,1,3,qmof-13a76dd,qmof-cef46c3,0.0,,previous final-masked protocol distance
photocatalytic MOFs with suitable band gaps,46,GAT only,1,4,qmof-13a76dd,qmof-c0f392b,0.0,,previous final-masked protocol distance
photocatalytic MOFs with suitable band gaps,46,GAT only,1,5,qmof-13a76dd,qmof-ac6a77a,0.0,,previous final-masked protocol distance
photocatalytic MOFs with suitable band gaps,46,GAT only,2,3,qmof-e566fbb,qmof-cef46c3,0.0,,previous final-masked protocol distance
photocatalytic MOFs with suitable band gaps,46,GAT only,2,4,qmof-e566fbb,qmof-c0f392b,0.0,,previous final-masked protocol distance
photocatalytic MOFs with suitable band gaps,46,GAT only,2,5,qmof-e566fbb,qmof-ac6a77a,0.0,,previous final-masked protocol distance
photocatalytic MOFs with suitable band gaps,46,GAT only,3,4,qmof-cef46c3,qmof-c0f392b,0.0,,previous final-masked protocol distance
photocatalytic MOFs with suitable band gaps,46,GAT only,3,5,qmof-cef46c3,qmof-ac6a77a,0.0,,previous final-masked protocol distance
photocatalytic MOFs with suitable band gaps,46,GAT only,4,5,qmof-c0f392b,qmof-ac6a77a,0.0,,previous final-masked protocol distance
photocatalytic MOFs with suitable band gaps,46,GraphSAGE only,1,2,qmof-13a76dd,qmof-e566fbb,0.0,,previous final-masked protocol distance
photocatalytic MOFs with suitable band gaps,46,GraphSAGE only,1,3,qmof-13a76dd,qmof-ac6a77a,0.0,,previous final-masked protocol distance
photocatalytic MOFs with suitable band gaps,46,GraphSAGE only,1,4,qmof-13a76dd,qmof-cef46c3,0.0,,previous final-masked protocol distance
photocatalytic MOFs with suitable band gaps,46,GraphSAGE only,1,5,qmof-13a76dd,qmof-c0f392b,0.0,,previous final-masked protocol distance
photocatalytic MOFs with suitable band gaps,46,GraphSAGE only,2,3,qmof-e566fbb,qmof-ac6a77a,0.0,,previous final-masked protocol distance
photocatalytic MOFs with suitable band gaps,46,GraphSAGE only,2,4,qmof-e566fbb,qmof-cef46c3,0.0,,previous final-masked protocol distance
photocatalytic MOFs with suitable band gaps,46,GraphSAGE only,2,5,qmof-e566fbb,qmof-c0f392b,0.0,,previous final-masked protocol distance
photocatalytic MOFs with suitable band gaps,46,GraphSAGE only,3,4,qmof-ac6a77a,qmof-cef46c3,0.0,,previous final-masked protocol distance
photocatalytic MOFs with suitable band gaps,46,GraphSAGE only,3,5,qmof-ac6a77a,qmof-c0f392b,0.0,,previous final-masked protocol distance
photocatalytic MOFs with suitable band gaps,46,GraphSAGE only,4,5,qmof-cef46c3,qmof-c0f392b,0.0,,previous final-masked protocol distance
photocatalytic MOFs with suitable band gaps,46,LEA,1,2,qmof-ac6a77a,qmof-cef46c3,0.0,,previous final-masked protocol distance
photocatalytic MOFs with suitable band gaps,46,LEA,1,3,qmof-ac6a77a,qmof-c0f392b,0.0,,previous final-masked protocol distance
photocatalytic MOFs with suitable band gaps,46,LEA,1,4,qmof-ac6a77a,qmof-13a76dd,0.0,,previous final-masked protocol distance
photocatalytic MOFs with suitable band gaps,46,LEA,1,5,qmof-ac6a77a,qmof-e566fbb,0.0,,previous final-masked protocol distance
photocatalytic MOFs with suitable band gaps,46,LEA,2,3,qmof-cef46c3,qmof-c0f392b,0.0,,previous final-masked protocol distance
photocatalytic MOFs with suitable band gaps,46,LEA,2,4,qmof-cef46c3,qmof-13a76dd,0.0,,previous final-masked protocol distance
photocatalytic MOFs with suitable band gaps,46,LEA,2,5,qmof-cef46c3,qmof-e566fbb,0.0,,previous final-masked protocol distance
photocatalytic MOFs with suitable band gaps,46,LEA,3,4,qmof-c0f392b,qmof-13a76dd,0.0,,previous final-masked protocol distance
photocatalytic MOFs with suitable band gaps,46,LEA,3,5,qmof-c0f392b,qmof-e566fbb,0.0,,previous final-masked protocol distance
photocatalytic MOFs with suitable band gaps,46,LEA,4,5,qmof-13a76dd,qmof-e566fbb,0.0,,previous final-masked protocol distance
photocatalytic MOFs with suitable band gaps,46,LEA no diversity,1,2,qmof-ac6a77a,qmof-cef46c3,0.0,,previous final-masked protocol distance
photocatalytic MOFs with suitable band gaps,46,LEA no diversity,1,3,qmof-ac6a77a,qmof-c0f392b,0.0,,previous final-masked protocol distance
photocatalytic MOFs with suitable band gaps,46,LEA no diversity,1,4,qmof-ac6a77a,qmof-13a76dd,0.0,,previous final-masked protocol distance
photocatalytic MOFs with suitable band gaps,46,LEA no diversity,1,5,qmof-ac6a77a,qmof-e566fbb,0.0,,previous final-masked protocol distance
photocatalytic MOFs with suitable band gaps,46,LEA no diversity,2,3,qmof-cef46c3,qmof-c0f392b,0.0,,previous final-masked protocol distance
photocatalytic MOFs with suitable band gaps,46,LEA no diversity,2,4,qmof-cef46c3,qmof-13a76dd,0.0,,previous final-masked protocol distance
photocatalytic MOFs with suitable band gaps,46,LEA no diversity,2,5,qmof-cef46c3,qmof-e566fbb,0.0,,previous final-masked protocol distance
photocatalytic MOFs with suitable band gaps,46,LEA no diversity,3,4,qmof-c0f392b,qmof-13a76dd,0.0,,previous final-masked protocol distance
photocatalytic MOFs with suitable band gaps,46,LEA no diversity,3,5,qmof-c0f392b,qmof-e566fbb,0.0,,previous final-masked protocol distance
photocatalytic MOFs with suitable band gaps,46,LEA no diversity,4,5,qmof-13a76dd,qmof-e566fbb,0.0,,previous final-masked protocol distance
photocatalytic MOFs with suitable band gaps,46,LEA no self-cleaning,1,2,qmof-ac6a77a,qmof-cef46c3,0.0,,previous final-masked protocol distance
photocatalytic MOFs with suitable band gaps,46,LEA no self-cleaning,1,3,qmof-ac6a77a,qmof-c0f392b,0.0,,previous final-masked protocol distance
photocatalytic MOFs with suitable band gaps,46,LEA no self-cleaning,1,4,qmof-ac6a77a,qmof-13a76dd,0.0,,previous final-masked protocol distance
photocatalytic MOFs with suitable band gaps,46,LEA no self-cleaning,1,5,qmof-ac6a77a,qmof-e566fbb,0.0,,previous final-masked protocol distance
photocatalytic MOFs with suitable band gaps,46,LEA no self-cleaning,2,3,qmof-cef46c3,qmof-c0f392b,0.0,,previous final-masked protocol distance
photocatalytic MOFs with suitable band gaps,46,LEA no self-cleaning,2,4,qmof-cef46c3,qmof-13a76dd,0.0,,previous final-masked protocol distance
photocatalytic MOFs with suitable band gaps,46,LEA no self-cleaning,2,5,qmof-cef46c3,qmof-e566fbb,0.0,,previous final-masked protocol distance
photocatalytic MOFs with suitable band gaps,46,LEA no self-cleaning,3,4,qmof-c0f392b,qmof-13a76dd,0.0,,previous final-masked protocol distance
photocatalytic MOFs with suitable band gaps,46,LEA no self-cleaning,3,5,qmof-c0f392b,qmof-e566fbb,0.0,,previous final-masked protocol distance
photocatalytic MOFs with suitable band gaps,46,LEA no self-cleaning,4,5,qmof-13a76dd,qmof-e566fbb,0.0,,previous final-masked protocol distance
photocatalytic MOFs with suitable band gaps,46,LEA + GAT,1,2,qmof-13a76dd,qmof-e566fbb,0.0,,previous final-masked protocol distance
photocatalytic MOFs with suitable band gaps,46,LEA + GAT,1,3,qmof-13a76dd,qmof-cef46c3,0.0,,previous final-masked protocol distance
photocatalytic MOFs with suitable band gaps,46,LEA + GAT,1,4,qmof-13a76dd,qmof-c0f392b,0.0,,previous final-masked protocol distance
photocatalytic MOFs with suitable band gaps,46,LEA + GAT,1,5,qmof-13a76dd,qmof-ac6a77a,0.0,,previous final-masked protocol distance
photocatalytic MOFs with suitable band gaps,46,LEA + GAT,2,3,qmof-e566fbb,qmof-cef46c3,0.0,,previous final-masked protocol distance
photocatalytic MOFs with suitable band gaps,46,LEA + GAT,2,4,qmof-e566fbb,qmof-c0f392b,0.0,,previous final-masked protocol distance
photocatalytic MOFs with suitable band gaps,46,LEA + GAT,2,5,qmof-e566fbb,qmof-ac6a77a,0.0,,previous final-masked protocol distance
photocatalytic MOFs with suitable band gaps,46,LEA + GAT,3,4,qmof-cef46c3,qmof-c0f392b,0.0,,previous final-masked protocol distance
photocatalytic MOFs with suitable band gaps,46,LEA + GAT,3,5,qmof-cef46c3,qmof-ac6a77a,0.0,,previous final-masked protocol distance
photocatalytic MOFs with suitable band gaps,46,LEA + GAT,4,5,qmof-c0f392b,qmof-ac6a77a,0.0,,previous final-masked protocol distance
photocatalytic MOFs with suitable band gaps,46,LEA + GraphSAGE,1,2,qmof-13a76dd,qmof-e566fbb,0.0,,previous final-masked protocol distance
photocatalytic MOFs with suitable band gaps,46,LEA + GraphSAGE,1,3,qmof-13a76dd,qmof-ac6a77a,0.0,,previous final-masked protocol distance
photocatalytic MOFs with suitable band gaps,46,LEA + GraphSAGE,1,4,qmof-13a76dd,qmof-cef46c3,0.0,,previous final-masked protocol distance
photocatalytic MOFs with suitable band gaps,46,LEA + GraphSAGE,1,5,qmof-13a76dd,qmof-c0f392b,0.0,,previous final-masked protocol distance
photocatalytic MOFs with suitable band gaps,46,LEA + GraphSAGE,2,3,qmof-e566fbb,qmof-ac6a77a,0.0,,previous final-masked protocol distance
photocatalytic MOFs with suitable band gaps,46,LEA + GraphSAGE,2,4,qmof-e566fbb,qmof-cef46c3,0.0,,previous final-masked protocol distance
photocatalytic MOFs with suitable band gaps,46,LEA + GraphSAGE,2,5,qmof-e566fbb,qmof-c0f392b,0.0,,previous final-masked protocol distance
photocatalytic MOFs with suitable band gaps,46,LEA + GraphSAGE,3,4,qmof-ac6a77a,qmof-cef46c3,0.0,,previous final-masked protocol distance
photocatalytic MOFs with suitable band gaps,46,LEA + GraphSAGE,3,5,qmof-ac6a77a,qmof-c0f392b,0.0,,previous final-masked protocol distance
photocatalytic MOFs with suitable band gaps,46,LEA + GraphSAGE,4,5,qmof-cef46c3,qmof-c0f392b,0.0,,previous final-masked protocol distance
photocatalytic MOFs with suitable band gaps,46,MMR,1,2,qmof-e566fbb,qmof-13a76dd,0.0,,previous final-masked protocol distance
photocatalytic MOFs with suitable band gaps,46,MMR,1,3,qmof-e566fbb,qmof-c0f392b,0.0,,previous final-masked protocol distance
photocatalytic MOFs with suitable band gaps,46,MMR,1,4,qmof-e566fbb,qmof-cef46c3,0.0,,previous final-masked protocol distance
photocatalytic MOFs with suitable band gaps,46,MMR,1,5,qmof-e566fbb,qmof-ac6a77a,0.0,,previous final-masked protocol distance
photocatalytic MOFs with suitable band gaps,46,MMR,2,3,qmof-13a76dd,qmof-c0f392b,0.0,,previous final-masked protocol distance
photocatalytic MOFs with suitable band gaps,46,MMR,2,4,qmof-13a76dd,qmof-cef46c3,0.0,,previous final-masked protocol distance
photocatalytic MOFs with suitable band gaps,46,MMR,2,5,qmof-13a76dd,qmof-ac6a77a,0.0,,previous final-masked protocol distance
photocatalytic MOFs with suitable band gaps,46,MMR,3,4,qmof-c0f392b,qmof-cef46c3,0.0,,previous final-masked protocol distance
photocatalytic MOFs with suitable band gaps,46,MMR,3,5,qmof-c0f392b,qmof-ac6a77a,0.0,,previous final-masked protocol distance
photocatalytic MOFs with suitable band gaps,46,MMR,4,5,qmof-cef46c3,qmof-ac6a77a,0.0,,previous final-masked protocol distance
photocatalytic MOFs with suitable band gaps,46,ParetoCrowding,1,2,qmof-e566fbb,qmof-cef46c3,0.0,,previous final-masked protocol distance
photocatalytic MOFs with suitable band gaps,46,ParetoCrowding,1,3,qmof-e566fbb,qmof-c0f392b,0.0,,previous final-masked protocol distance
photocatalytic MOFs with suitable band gaps,46,ParetoCrowding,1,4,qmof-e566fbb,qmof-ac6a77a,0.0,,previous final-masked protocol distance
photocatalytic MOFs with suitable band gaps,46,ParetoCrowding,1,5,qmof-e566fbb,qmof-13a76dd,0.0,,previous final-masked protocol distance
photocatalytic MOFs with suitable band gaps,46,ParetoCrowding,2,3,qmof-cef46c3,qmof-c0f392b,0.0,,previous final-masked protocol distance
photocatalytic MOFs with suitable band gaps,46,ParetoCrowding,2,4,qmof-cef46c3,qmof-ac6a77a,0.0,,previous final-masked protocol distance
photocatalytic MOFs with suitable band gaps,46,ParetoCrowding,2,5,qmof-cef46c3,qmof-13a76dd,0.0,,previous final-masked protocol distance
photocatalytic MOFs with suitable band gaps,46,ParetoCrowding,3,4,qmof-c0f392b,qmof-ac6a77a,0.0,,previous final-masked protocol distance
photocatalytic MOFs with suitable band gaps,46,ParetoCrowding,3,5,qmof-c0f392b,qmof-13a76dd,0.0,,previous final-masked protocol distance
photocatalytic MOFs with suitable band gaps,46,ParetoCrowding,4,5,qmof-ac6a77a,qmof-13a76dd,0.0,,previous final-masked protocol distance
photocatalytic MOFs with suitable band gaps,46,Random,1,2,qmof-1a901aa,qmof-1547f0e,0.0,,previous final-masked protocol distance
photocatalytic MOFs with suitable band gaps,46,Random,1,3,qmof-1a901aa,qmof-a457b47,0.0,,previous final-masked protocol distance
photocatalytic MOFs with suitable band gaps,46,Random,1,4,qmof-1a901aa,qmof-9fa0d98,0.0,,previous final-masked protocol distance
photocatalytic MOFs with suitable band gaps,46,Random,1,5,qmof-1a901aa,qmof-5e9a520,0.0,,previous final-masked protocol distance
photocatalytic MOFs with suitable band gaps,46,Random,2,3,qmof-1547f0e,qmof-a457b47,0.0,,previous final-masked protocol distance
photocatalytic MOFs with suitable band gaps,46,Random,2,4,qmof-1547f0e,qmof-9fa0d98,0.0,,previous final-masked protocol distance
photocatalytic MOFs with suitable band gaps,46,Random,2,5,qmof-1547f0e,qmof-5e9a520,0.0,,previous final-masked protocol distance
photocatalytic MOFs with suitable band gaps,46,Random,3,4,qmof-a457b47,qmof-9fa0d98,0.0,,previous final-masked protocol distance
photocatalytic MOFs with suitable band gaps,46,Random,3,5,qmof-a457b47,qmof-5e9a520,0.0,,previous final-masked protocol distance
photocatalytic MOFs with suitable band gaps,46,Random,4,5,qmof-9fa0d98,qmof-5e9a520,0.0,,previous final-masked protocol distance
photocatalytic MOFs with suitable band gaps,46,SemanticOnly,1,2,qmof-fed171f,qmof-fd1f953,0.0,,previous final-masked protocol distance
photocatalytic MOFs with suitable band gaps,46,SemanticOnly,1,3,qmof-fed171f,qmof-f839aa6,0.0,,previous final-masked protocol distance
photocatalytic MOFs with suitable band gaps,46,SemanticOnly,1,4,qmof-fed171f,qmof-f837f30,0.0,,previous final-masked protocol distance
photocatalytic MOFs with suitable band gaps,46,SemanticOnly,1,5,qmof-fed171f,qmof-f7ad9cd,0.0,,previous final-masked protocol distance
photocatalytic MOFs with suitable band gaps,46,SemanticOnly,2,3,qmof-fd1f953,qmof-f839aa6,0.0,,previous final-masked protocol distance
photocatalytic MOFs with suitable band gaps,46,SemanticOnly,2,4,qmof-fd1f953,qmof-f837f30,0.0,,previous final-masked protocol distance
photocatalytic MOFs with suitable band gaps,46,SemanticOnly,2,5,qmof-fd1f953,qmof-f7ad9cd,0.0,,previous final-masked protocol distance
photocatalytic MOFs with suitable band gaps,46,SemanticOnly,3,4,qmof-f839aa6,qmof-f837f30,0.0,,previous final-masked protocol distance
photocatalytic MOFs with suitable band gaps,46,SemanticOnly,3,5,qmof-f839aa6,qmof-f7ad9cd,0.0,,previous final-masked protocol distance
photocatalytic MOFs with suitable band gaps,46,SemanticOnly,4,5,qmof-f837f30,qmof-f7ad9cd,0.0,,previous final-masked protocol distance
photocatalytic MOFs with suitable band gaps,46,TOPSIS,1,2,qmof-e566fbb,qmof-cef46c3,0.0,,previous final-masked protocol distance
photocatalytic MOFs with suitable band gaps,46,TOPSIS,1,3,qmof-e566fbb,qmof-c0f392b,0.0,,previous final-masked protocol distance
photocatalytic MOFs with suitable band gaps,46,TOPSIS,1,4,qmof-e566fbb,qmof-ac6a77a,0.0,,previous final-masked protocol distance
photocatalytic MOFs with suitable band gaps,46,TOPSIS,1,5,qmof-e566fbb,qmof-13a76dd,0.0,,previous final-masked protocol distance
photocatalytic MOFs with suitable band gaps,46,TOPSIS,2,3,qmof-cef46c3,qmof-c0f392b,0.0,,previous final-masked protocol distance
photocatalytic MOFs with suitable band gaps,46,TOPSIS,2,4,qmof-cef46c3,qmof-ac6a77a,0.0,,previous final-masked protocol distance
photocatalytic MOFs with suitable band gaps,46,TOPSIS,2,5,qmof-cef46c3,qmof-13a76dd,0.0,,previous final-masked protocol distance
photocatalytic MOFs with suitable band gaps,46,TOPSIS,3,4,qmof-c0f392b,qmof-ac6a77a,0.0,,previous final-masked protocol distance
photocatalytic MOFs with suitable band gaps,46,TOPSIS,3,5,qmof-c0f392b,qmof-13a76dd,0.0,,previous final-masked protocol distance
photocatalytic MOFs with suitable band gaps,46,TOPSIS,4,5,qmof-ac6a77a,qmof-13a76dd,0.0,,previous final-masked protocol distance
photocatalytic MOFs with suitable band gaps,46,WeightedSum,1,2,qmof-e566fbb,qmof-cef46c3,0.0,,previous final-masked protocol distance
photocatalytic MOFs with suitable band gaps,46,WeightedSum,1,3,qmof-e566fbb,qmof-c0f392b,0.0,,previous final-masked protocol distance
photocatalytic MOFs with suitable band gaps,46,WeightedSum,1,4,qmof-e566fbb,qmof-ac6a77a,0.0,,previous final-masked protocol distance
photocatalytic MOFs with suitable band gaps,46,WeightedSum,1,5,qmof-e566fbb,qmof-13a76dd,0.0,,previous final-masked protocol distance
photocatalytic MOFs with suitable band gaps,46,WeightedSum,2,3,qmof-cef46c3,qmof-c0f392b,0.0,,previous final-masked protocol distance
photocatalytic MOFs with suitable band gaps,46,WeightedSum,2,4,qmof-cef46c3,qmof-ac6a77a,0.0,,previous final-masked protocol distance
photocatalytic MOFs with suitable band gaps,46,WeightedSum,2,5,qmof-cef46c3,qmof-13a76dd,0.0,,previous final-masked protocol distance
photocatalytic MOFs with suitable band gaps,46,WeightedSum,3,4,qmof-c0f392b,qmof-ac6a77a,0.0,,previous final-masked protocol distance
photocatalytic MOFs with suitable band gaps,46,WeightedSum,3,5,qmof-c0f392b,qmof-13a76dd,0.0,,previous final-masked protocol distance
photocatalytic MOFs with suitable band gaps,46,WeightedSum,4,5,qmof-ac6a77a,qmof-13a76dd,0.0,,previous final-masked protocol distance
photocatalytic MOFs with suitable band gaps,47,GAT only,1,2,qmof-13a76dd,qmof-e566fbb,0.0,,previous final-masked protocol distance
photocatalytic MOFs with suitable band gaps,47,GAT only,1,3,qmof-13a76dd,qmof-cef46c3,0.0,,previous final-masked protocol distance
photocatalytic MOFs with suitable band gaps,47,GAT only,1,4,qmof-13a76dd,qmof-c0f392b,0.0,,previous final-masked protocol distance
photocatalytic MOFs with suitable band gaps,47,GAT only,1,5,qmof-13a76dd,qmof-ac6a77a,0.0,,previous final-masked protocol distance
photocatalytic MOFs with suitable band gaps,47,GAT only,2,3,qmof-e566fbb,qmof-cef46c3,0.0,,previous final-masked protocol distance
photocatalytic MOFs with suitable band gaps,47,GAT only,2,4,qmof-e566fbb,qmof-c0f392b,0.0,,previous final-masked protocol distance
photocatalytic MOFs with suitable band gaps,47,GAT only,2,5,qmof-e566fbb,qmof-ac6a77a,0.0,,previous final-masked protocol distance
photocatalytic MOFs with suitable band gaps,47,GAT only,3,4,qmof-cef46c3,qmof-c0f392b,0.0,,previous final-masked protocol distance
photocatalytic MOFs with suitable band gaps,47,GAT only,3,5,qmof-cef46c3,qmof-ac6a77a,0.0,,previous final-masked protocol distance
photocatalytic MOFs with suitable band gaps,47,GAT only,4,5,qmof-c0f392b,qmof-ac6a77a,0.0,,previous final-masked protocol distance
photocatalytic MOFs with suitable band gaps,47,GraphSAGE only,1,2,qmof-13a76dd,qmof-e566fbb,0.0,,previous final-masked protocol distance
photocatalytic MOFs with suitable band gaps,47,GraphSAGE only,1,3,qmof-13a76dd,qmof-ac6a77a,0.0,,previous final-masked protocol distance
photocatalytic MOFs with suitable band gaps,47,GraphSAGE only,1,4,qmof-13a76dd,qmof-cef46c3,0.0,,previous final-masked protocol distance
photocatalytic MOFs with suitable band gaps,47,GraphSAGE only,1,5,qmof-13a76dd,qmof-c0f392b,0.0,,previous final-masked protocol distance
photocatalytic MOFs with suitable band gaps,47,GraphSAGE only,2,3,qmof-e566fbb,qmof-ac6a77a,0.0,,previous final-masked protocol distance
photocatalytic MOFs with suitable band gaps,47,GraphSAGE only,2,4,qmof-e566fbb,qmof-cef46c3,0.0,,previous final-masked protocol distance
photocatalytic MOFs with suitable band gaps,47,GraphSAGE only,2,5,qmof-e566fbb,qmof-c0f392b,0.0,,previous final-masked protocol distance
photocatalytic MOFs with suitable band gaps,47,GraphSAGE only,3,4,qmof-ac6a77a,qmof-cef46c3,0.0,,previous final-masked protocol distance
photocatalytic MOFs with suitable band gaps,47,GraphSAGE only,3,5,qmof-ac6a77a,qmof-c0f392b,0.0,,previous final-masked protocol distance
photocatalytic MOFs with suitable band gaps,47,GraphSAGE only,4,5,qmof-cef46c3,qmof-c0f392b,0.0,,previous final-masked protocol distance
photocatalytic MOFs with suitable band gaps,47,LEA,1,2,qmof-c0f392b,qmof-e566fbb,0.0,,previous final-masked protocol distance
photocatalytic MOFs with suitable band gaps,47,LEA,1,3,qmof-c0f392b,qmof-cef46c3,0.0,,previous final-masked protocol distance
photocatalytic MOFs with suitable band gaps,47,LEA,1,4,qmof-c0f392b,qmof-ac6a77a,0.0,,previous final-masked protocol distance
photocatalytic MOFs with suitable band gaps,47,LEA,1,5,qmof-c0f392b,qmof-13a76dd,0.0,,previous final-masked protocol distance
photocatalytic MOFs with suitable band gaps,47,LEA,2,3,qmof-e566fbb,qmof-cef46c3,0.0,,previous final-masked protocol distance
photocatalytic MOFs with suitable band gaps,47,LEA,2,4,qmof-e566fbb,qmof-ac6a77a,0.0,,previous final-masked protocol distance
photocatalytic MOFs with suitable band gaps,47,LEA,2,5,qmof-e566fbb,qmof-13a76dd,0.0,,previous final-masked protocol distance
photocatalytic MOFs with suitable band gaps,47,LEA,3,4,qmof-cef46c3,qmof-ac6a77a,0.0,,previous final-masked protocol distance
photocatalytic MOFs with suitable band gaps,47,LEA,3,5,qmof-cef46c3,qmof-13a76dd,0.0,,previous final-masked protocol distance
photocatalytic MOFs with suitable band gaps,47,LEA,4,5,qmof-ac6a77a,qmof-13a76dd,0.0,,previous final-masked protocol distance
photocatalytic MOFs with suitable band gaps,47,LEA no diversity,1,2,qmof-c0f392b,qmof-e566fbb,0.0,,previous final-masked protocol distance
photocatalytic MOFs with suitable band gaps,47,LEA no diversity,1,3,qmof-c0f392b,qmof-cef46c3,0.0,,previous final-masked protocol distance
photocatalytic MOFs with suitable band gaps,47,LEA no diversity,1,4,qmof-c0f392b,qmof-ac6a77a,0.0,,previous final-masked protocol distance
photocatalytic MOFs with suitable band gaps,47,LEA no diversity,1,5,qmof-c0f392b,qmof-13a76dd,0.0,,previous final-masked protocol distance
photocatalytic MOFs with suitable band gaps,47,LEA no diversity,2,3,qmof-e566fbb,qmof-cef46c3,0.0,,previous final-masked protocol distance
photocatalytic MOFs with suitable band gaps,47,LEA no diversity,2,4,qmof-e566fbb,qmof-ac6a77a,0.0,,previous final-masked protocol distance
photocatalytic MOFs with suitable band gaps,47,LEA no diversity,2,5,qmof-e566fbb,qmof-13a76dd,0.0,,previous final-masked protocol distance
photocatalytic MOFs with suitable band gaps,47,LEA no diversity,3,4,qmof-cef46c3,qmof-ac6a77a,0.0,,previous final-masked protocol distance
photocatalytic MOFs with suitable band gaps,47,LEA no diversity,3,5,qmof-cef46c3,qmof-13a76dd,0.0,,previous final-masked protocol distance
photocatalytic MOFs with suitable band gaps,47,LEA no diversity,4,5,qmof-ac6a77a,qmof-13a76dd,0.0,,previous final-masked protocol distance
photocatalytic MOFs with suitable band gaps,47,LEA no self-cleaning,1,2,qmof-c0f392b,qmof-e566fbb,0.0,,previous final-masked protocol distance
photocatalytic MOFs with suitable band gaps,47,LEA no self-cleaning,1,3,qmof-c0f392b,qmof-cef46c3,0.0,,previous final-masked protocol distance
photocatalytic MOFs with suitable band gaps,47,LEA no self-cleaning,1,4,qmof-c0f392b,qmof-ac6a77a,0.0,,previous final-masked protocol distance
photocatalytic MOFs with suitable band gaps,47,LEA no self-cleaning,1,5,qmof-c0f392b,qmof-13a76dd,0.0,,previous final-masked protocol distance
photocatalytic MOFs with suitable band gaps,47,LEA no self-cleaning,2,3,qmof-e566fbb,qmof-cef46c3,0.0,,previous final-masked protocol distance
photocatalytic MOFs with suitable band gaps,47,LEA no self-cleaning,2,4,qmof-e566fbb,qmof-ac6a77a,0.0,,previous final-masked protocol distance
photocatalytic MOFs with suitable band gaps,47,LEA no self-cleaning,2,5,qmof-e566fbb,qmof-13a76dd,0.0,,previous final-masked protocol distance
photocatalytic MOFs with suitable band gaps,47,LEA no self-cleaning,3,4,qmof-cef46c3,qmof-ac6a77a,0.0,,previous final-masked protocol distance
photocatalytic MOFs with suitable band gaps,47,LEA no self-cleaning,3,5,qmof-cef46c3,qmof-13a76dd,0.0,,previous final-masked protocol distance
photocatalytic MOFs with suitable band gaps,47,LEA no self-cleaning,4,5,qmof-ac6a77a,qmof-13a76dd,0.0,,previous final-masked protocol distance
photocatalytic MOFs with suitable band gaps,47,LEA + GAT,1,2,qmof-13a76dd,qmof-e566fbb,0.0,,previous final-masked protocol distance
photocatalytic MOFs with suitable band gaps,47,LEA + GAT,1,3,qmof-13a76dd,qmof-cef46c3,0.0,,previous final-masked protocol distance
photocatalytic MOFs with suitable band gaps,47,LEA + GAT,1,4,qmof-13a76dd,qmof-c0f392b,0.0,,previous final-masked protocol distance
photocatalytic MOFs with suitable band gaps,47,LEA + GAT,1,5,qmof-13a76dd,qmof-ac6a77a,0.0,,previous final-masked protocol distance
photocatalytic MOFs with suitable band gaps,47,LEA + GAT,2,3,qmof-e566fbb,qmof-cef46c3,0.0,,previous final-masked protocol distance
photocatalytic MOFs with suitable band gaps,47,LEA + GAT,2,4,qmof-e566fbb,qmof-c0f392b,0.0,,previous final-masked protocol distance
photocatalytic MOFs with suitable band gaps,47,LEA + GAT,2,5,qmof-e566fbb,qmof-ac6a77a,0.0,,previous final-masked protocol distance
photocatalytic MOFs with suitable band gaps,47,LEA + GAT,3,4,qmof-cef46c3,qmof-c0f392b,0.0,,previous final-masked protocol distance
photocatalytic MOFs with suitable band gaps,47,LEA + GAT,3,5,qmof-cef46c3,qmof-ac6a77a,0.0,,previous final-masked protocol distance
photocatalytic MOFs with suitable band gaps,47,LEA + GAT,4,5,qmof-c0f392b,qmof-ac6a77a,0.0,,previous final-masked protocol distance
photocatalytic MOFs with suitable band gaps,47,LEA + GraphSAGE,1,2,qmof-13a76dd,qmof-e566fbb,0.0,,previous final-masked protocol distance
photocatalytic MOFs with suitable band gaps,47,LEA + GraphSAGE,1,3,qmof-13a76dd,qmof-ac6a77a,0.0,,previous final-masked protocol distance
photocatalytic MOFs with suitable band gaps,47,LEA + GraphSAGE,1,4,qmof-13a76dd,qmof-cef46c3,0.0,,previous final-masked protocol distance
photocatalytic MOFs with suitable band gaps,47,LEA + GraphSAGE,1,5,qmof-13a76dd,qmof-c0f392b,0.0,,previous final-masked protocol distance
photocatalytic MOFs with suitable band gaps,47,LEA + GraphSAGE,2,3,qmof-e566fbb,qmof-ac6a77a,0.0,,previous final-masked protocol distance
photocatalytic MOFs with suitable band gaps,47,LEA + GraphSAGE,2,4,qmof-e566fbb,qmof-cef46c3,0.0,,previous final-masked protocol distance
photocatalytic MOFs with suitable band gaps,47,LEA + GraphSAGE,2,5,qmof-e566fbb,qmof-c0f392b,0.0,,previous final-masked protocol distance
photocatalytic MOFs with suitable band gaps,47,LEA + GraphSAGE,3,4,qmof-ac6a77a,qmof-cef46c3,0.0,,previous final-masked protocol distance
photocatalytic MOFs with suitable band gaps,47,LEA + GraphSAGE,3,5,qmof-ac6a77a,qmof-c0f392b,0.0,,previous final-masked protocol distance
photocatalytic MOFs with suitable band gaps,47,LEA + GraphSAGE,4,5,qmof-cef46c3,qmof-c0f392b,0.0,,previous final-masked protocol distance
photocatalytic MOFs with suitable band gaps,47,MMR,1,2,qmof-13a76dd,qmof-ac6a77a,0.0,,previous final-masked protocol distance
photocatalytic MOFs with suitable band gaps,47,MMR,1,3,qmof-13a76dd,qmof-cef46c3,0.0,,previous final-masked protocol distance
photocatalytic MOFs with suitable band gaps,47,MMR,1,4,qmof-13a76dd,qmof-e566fbb,0.0,,previous final-masked protocol distance
photocatalytic MOFs with suitable band gaps,47,MMR,1,5,qmof-13a76dd,qmof-c0f392b,0.0,,previous final-masked protocol distance
photocatalytic MOFs with suitable band gaps,47,MMR,2,3,qmof-ac6a77a,qmof-cef46c3,0.0,,previous final-masked protocol distance
photocatalytic MOFs with suitable band gaps,47,MMR,2,4,qmof-ac6a77a,qmof-e566fbb,0.0,,previous final-masked protocol distance
photocatalytic MOFs with suitable band gaps,47,MMR,2,5,qmof-ac6a77a,qmof-c0f392b,0.0,,previous final-masked protocol distance
photocatalytic MOFs with suitable band gaps,47,MMR,3,4,qmof-cef46c3,qmof-e566fbb,0.0,,previous final-masked protocol distance
photocatalytic MOFs with suitable band gaps,47,MMR,3,5,qmof-cef46c3,qmof-c0f392b,0.0,,previous final-masked protocol distance
photocatalytic MOFs with suitable band gaps,47,MMR,4,5,qmof-e566fbb,qmof-c0f392b,0.0,,previous final-masked protocol distance
photocatalytic MOFs with suitable band gaps,47,ParetoCrowding,1,2,qmof-e566fbb,qmof-cef46c3,0.0,,previous final-masked protocol distance
photocatalytic MOFs with suitable band gaps,47,ParetoCrowding,1,3,qmof-e566fbb,qmof-c0f392b,0.0,,previous final-masked protocol distance
photocatalytic MOFs with suitable band gaps,47,ParetoCrowding,1,4,qmof-e566fbb,qmof-ac6a77a,0.0,,previous final-masked protocol distance
photocatalytic MOFs with suitable band gaps,47,ParetoCrowding,1,5,qmof-e566fbb,qmof-13a76dd,0.0,,previous final-masked protocol distance
photocatalytic MOFs with suitable band gaps,47,ParetoCrowding,2,3,qmof-cef46c3,qmof-c0f392b,0.0,,previous final-masked protocol distance
photocatalytic MOFs with suitable band gaps,47,ParetoCrowding,2,4,qmof-cef46c3,qmof-ac6a77a,0.0,,previous final-masked protocol distance
photocatalytic MOFs with suitable band gaps,47,ParetoCrowding,2,5,qmof-cef46c3,qmof-13a76dd,0.0,,previous final-masked protocol distance
photocatalytic MOFs with suitable band gaps,47,ParetoCrowding,3,4,qmof-c0f392b,qmof-ac6a77a,0.0,,previous final-masked protocol distance
photocatalytic MOFs with suitable band gaps,47,ParetoCrowding,3,5,qmof-c0f392b,qmof-13a76dd,0.0,,previous final-masked protocol distance
photocatalytic MOFs with suitable band gaps,47,ParetoCrowding,4,5,qmof-ac6a77a,qmof-13a76dd,0.0,,previous final-masked protocol distance
photocatalytic MOFs with suitable band gaps,47,Random,1,2,qmof-8ccd876,qmof-ba1edaa,0.0,,previous final-masked protocol distance
photocatalytic MOFs with suitable band gaps,47,Random,1,3,qmof-8ccd876,qmof-fcfab15,0.0,,previous final-masked protocol distance
photocatalytic MOFs with suitable band gaps,47,Random,1,4,qmof-8ccd876,qmof-5bdb017,0.0,,previous final-masked protocol distance
photocatalytic MOFs with suitable band gaps,47,Random,1,5,qmof-8ccd876,qmof-4d2d076,0.0,,previous final-masked protocol distance
photocatalytic MOFs with suitable band gaps,47,Random,2,3,qmof-ba1edaa,qmof-fcfab15,0.0,,previous final-masked protocol distance
photocatalytic MOFs with suitable band gaps,47,Random,2,4,qmof-ba1edaa,qmof-5bdb017,0.0,,previous final-masked protocol distance
photocatalytic MOFs with suitable band gaps,47,Random,2,5,qmof-ba1edaa,qmof-4d2d076,0.0,,previous final-masked protocol distance
photocatalytic MOFs with suitable band gaps,47,Random,3,4,qmof-fcfab15,qmof-5bdb017,0.0,,previous final-masked protocol distance
photocatalytic MOFs with suitable band gaps,47,Random,3,5,qmof-fcfab15,qmof-4d2d076,0.0,,previous final-masked protocol distance
photocatalytic MOFs with suitable band gaps,47,Random,4,5,qmof-5bdb017,qmof-4d2d076,0.0,,previous final-masked protocol distance
photocatalytic MOFs with suitable band gaps,47,SemanticOnly,1,2,qmof-fd1f953,qmof-fcfab15,0.0,,previous final-masked protocol distance
photocatalytic MOFs with suitable band gaps,47,SemanticOnly,1,3,qmof-fd1f953,qmof-fbbaa9a,0.0,,previous final-masked protocol distance
photocatalytic MOFs with suitable band gaps,47,SemanticOnly,1,4,qmof-fd1f953,qmof-f837f30,0.0,,previous final-masked protocol distance
photocatalytic MOFs with suitable band gaps,47,SemanticOnly,1,5,qmof-fd1f953,qmof-f5dbc93,0.0,,previous final-masked protocol distance
photocatalytic MOFs with suitable band gaps,47,SemanticOnly,2,3,qmof-fcfab15,qmof-fbbaa9a,0.0,,previous final-masked protocol distance
photocatalytic MOFs with suitable band gaps,47,SemanticOnly,2,4,qmof-fcfab15,qmof-f837f30,0.0,,previous final-masked protocol distance
photocatalytic MOFs with suitable band gaps,47,SemanticOnly,2,5,qmof-fcfab15,qmof-f5dbc93,0.0,,previous final-masked protocol distance
photocatalytic MOFs with suitable band gaps,47,SemanticOnly,3,4,qmof-fbbaa9a,qmof-f837f30,0.0,,previous final-masked protocol distance
photocatalytic MOFs with suitable band gaps,47,SemanticOnly,3,5,qmof-fbbaa9a,qmof-f5dbc93,0.0,,previous final-masked protocol distance
photocatalytic MOFs with suitable band gaps,47,SemanticOnly,4,5,qmof-f837f30,qmof-f5dbc93,0.0,,previous final-masked protocol distance
photocatalytic MOFs with suitable band gaps,47,TOPSIS,1,2,qmof-e566fbb,qmof-cef46c3,0.0,,previous final-masked protocol distance
photocatalytic MOFs with suitable band gaps,47,TOPSIS,1,3,qmof-e566fbb,qmof-c0f392b,0.0,,previous final-masked protocol distance
photocatalytic MOFs with suitable band gaps,47,TOPSIS,1,4,qmof-e566fbb,qmof-ac6a77a,0.0,,previous final-masked protocol distance
photocatalytic MOFs with suitable band gaps,47,TOPSIS,1,5,qmof-e566fbb,qmof-13a76dd,0.0,,previous final-masked protocol distance
photocatalytic MOFs with suitable band gaps,47,TOPSIS,2,3,qmof-cef46c3,qmof-c0f392b,0.0,,previous final-masked protocol distance
photocatalytic MOFs with suitable band gaps,47,TOPSIS,2,4,qmof-cef46c3,qmof-ac6a77a,0.0,,previous final-masked protocol distance
photocatalytic MOFs with suitable band gaps,47,TOPSIS,2,5,qmof-cef46c3,qmof-13a76dd,0.0,,previous final-masked protocol distance
photocatalytic MOFs with suitable band gaps,47,TOPSIS,3,4,qmof-c0f392b,qmof-ac6a77a,0.0,,previous final-masked protocol distance
photocatalytic MOFs with suitable band gaps,47,TOPSIS,3,5,qmof-c0f392b,qmof-13a76dd,0.0,,previous final-masked protocol distance
photocatalytic MOFs with suitable band gaps,47,TOPSIS,4,5,qmof-ac6a77a,qmof-13a76dd,0.0,,previous final-masked protocol distance
photocatalytic MOFs with suitable band gaps,47,WeightedSum,1,2,qmof-e566fbb,qmof-cef46c3,0.0,,previous final-masked protocol distance
photocatalytic MOFs with suitable band gaps,47,WeightedSum,1,3,qmof-e566fbb,qmof-c0f392b,0.0,,previous final-masked protocol distance
photocatalytic MOFs with suitable band gaps,47,WeightedSum,1,4,qmof-e566fbb,qmof-ac6a77a,0.0,,previous final-masked protocol distance
photocatalytic MOFs with suitable band gaps,47,WeightedSum,1,5,qmof-e566fbb,qmof-13a76dd,0.0,,previous final-masked protocol distance
photocatalytic MOFs with suitable band gaps,47,WeightedSum,2,3,qmof-cef46c3,qmof-c0f392b,0.0,,previous final-masked protocol distance
photocatalytic MOFs with suitable band gaps,47,WeightedSum,2,4,qmof-cef46c3,qmof-ac6a77a,0.0,,previous final-masked protocol distance
photocatalytic MOFs with suitable band gaps,47,WeightedSum,2,5,qmof-cef46c3,qmof-13a76dd,0.0,,previous final-masked protocol distance
photocatalytic MOFs with suitable band gaps,47,WeightedSum,3,4,qmof-c0f392b,qmof-ac6a77a,0.0,,previous final-masked protocol distance
photocatalytic MOFs with suitable band gaps,47,WeightedSum,3,5,qmof-c0f392b,qmof-13a76dd,0.0,,previous final-masked protocol distance
photocatalytic MOFs with suitable band gaps,47,WeightedSum,4,5,qmof-ac6a77a,qmof-13a76dd,0.0,,previous final-masked protocol distance
photocatalytic MOFs with suitable band gaps,48,GAT only,1,2,qmof-13a76dd,qmof-e566fbb,0.0,,previous final-masked protocol distance
photocatalytic MOFs with suitable band gaps,48,GAT only,1,3,qmof-13a76dd,qmof-cef46c3,0.0,,previous final-masked protocol distance
photocatalytic MOFs with suitable band gaps,48,GAT only,1,4,qmof-13a76dd,qmof-c0f392b,0.0,,previous final-masked protocol distance
photocatalytic MOFs with suitable band gaps,48,GAT only,1,5,qmof-13a76dd,qmof-ac6a77a,0.0,,previous final-masked protocol distance
photocatalytic MOFs with suitable band gaps,48,GAT only,2,3,qmof-e566fbb,qmof-cef46c3,0.0,,previous final-masked protocol distance
photocatalytic MOFs with suitable band gaps,48,GAT only,2,4,qmof-e566fbb,qmof-c0f392b,0.0,,previous final-masked protocol distance
photocatalytic MOFs with suitable band gaps,48,GAT only,2,5,qmof-e566fbb,qmof-ac6a77a,0.0,,previous final-masked protocol distance
photocatalytic MOFs with suitable band gaps,48,GAT only,3,4,qmof-cef46c3,qmof-c0f392b,0.0,,previous final-masked protocol distance
photocatalytic MOFs with suitable band gaps,48,GAT only,3,5,qmof-cef46c3,qmof-ac6a77a,0.0,,previous final-masked protocol distance
photocatalytic MOFs with suitable band gaps,48,GAT only,4,5,qmof-c0f392b,qmof-ac6a77a,0.0,,previous final-masked protocol distance
photocatalytic MOFs with suitable band gaps,48,GraphSAGE only,1,2,qmof-13a76dd,qmof-e566fbb,0.0,,previous final-masked protocol distance
photocatalytic MOFs with suitable band gaps,48,GraphSAGE only,1,3,qmof-13a76dd,qmof-ac6a77a,0.0,,previous final-masked protocol distance
photocatalytic MOFs with suitable band gaps,48,GraphSAGE only,1,4,qmof-13a76dd,qmof-cef46c3,0.0,,previous final-masked protocol distance
photocatalytic MOFs with suitable band gaps,48,GraphSAGE only,1,5,qmof-13a76dd,qmof-c0f392b,0.0,,previous final-masked protocol distance
photocatalytic MOFs with suitable band gaps,48,GraphSAGE only,2,3,qmof-e566fbb,qmof-ac6a77a,0.0,,previous final-masked protocol distance
photocatalytic MOFs with suitable band gaps,48,GraphSAGE only,2,4,qmof-e566fbb,qmof-cef46c3,0.0,,previous final-masked protocol distance
photocatalytic MOFs with suitable band gaps,48,GraphSAGE only,2,5,qmof-e566fbb,qmof-c0f392b,0.0,,previous final-masked protocol distance
photocatalytic MOFs with suitable band gaps,48,GraphSAGE only,3,4,qmof-ac6a77a,qmof-cef46c3,0.0,,previous final-masked protocol distance
photocatalytic MOFs with suitable band gaps,48,GraphSAGE only,3,5,qmof-ac6a77a,qmof-c0f392b,0.0,,previous final-masked protocol distance
photocatalytic MOFs with suitable band gaps,48,GraphSAGE only,4,5,qmof-cef46c3,qmof-c0f392b,0.0,,previous final-masked protocol distance
photocatalytic MOFs with suitable band gaps,48,LEA,1,2,qmof-c0f392b,qmof-ac6a77a,0.0,,previous final-masked protocol distance
photocatalytic MOFs with suitable band gaps,48,LEA,1,3,qmof-c0f392b,qmof-13a76dd,0.0,,previous final-masked protocol distance
photocatalytic MOFs with suitable band gaps,48,LEA,1,4,qmof-c0f392b,qmof-cef46c3,0.0,,previous final-masked protocol distance
photocatalytic MOFs with suitable band gaps,48,LEA,1,5,qmof-c0f392b,qmof-e566fbb,0.0,,previous final-masked protocol distance
photocatalytic MOFs with suitable band gaps,48,LEA,2,3,qmof-ac6a77a,qmof-13a76dd,0.0,,previous final-masked protocol distance
photocatalytic MOFs with suitable band gaps,48,LEA,2,4,qmof-ac6a77a,qmof-cef46c3,0.0,,previous final-masked protocol distance
photocatalytic MOFs with suitable band gaps,48,LEA,2,5,qmof-ac6a77a,qmof-e566fbb,0.0,,previous final-masked protocol distance
photocatalytic MOFs with suitable band gaps,48,LEA,3,4,qmof-13a76dd,qmof-cef46c3,0.0,,previous final-masked protocol distance
photocatalytic MOFs with suitable band gaps,48,LEA,3,5,qmof-13a76dd,qmof-e566fbb,0.0,,previous final-masked protocol distance
photocatalytic MOFs with suitable band gaps,48,LEA,4,5,qmof-cef46c3,qmof-e566fbb,0.0,,previous final-masked protocol distance
photocatalytic MOFs with suitable band gaps,48,LEA no diversity,1,2,qmof-c0f392b,qmof-ac6a77a,0.0,,previous final-masked protocol distance
photocatalytic MOFs with suitable band gaps,48,LEA no diversity,1,3,qmof-c0f392b,qmof-13a76dd,0.0,,previous final-masked protocol distance
photocatalytic MOFs with suitable band gaps,48,LEA no diversity,1,4,qmof-c0f392b,qmof-cef46c3,0.0,,previous final-masked protocol distance
photocatalytic MOFs with suitable band gaps,48,LEA no diversity,1,5,qmof-c0f392b,qmof-e566fbb,0.0,,previous final-masked protocol distance
photocatalytic MOFs with suitable band gaps,48,LEA no diversity,2,3,qmof-ac6a77a,qmof-13a76dd,0.0,,previous final-masked protocol distance
photocatalytic MOFs with suitable band gaps,48,LEA no diversity,2,4,qmof-ac6a77a,qmof-cef46c3,0.0,,previous final-masked protocol distance
photocatalytic MOFs with suitable band gaps,48,LEA no diversity,2,5,qmof-ac6a77a,qmof-e566fbb,0.0,,previous final-masked protocol distance
photocatalytic MOFs with suitable band gaps,48,LEA no diversity,3,4,qmof-13a76dd,qmof-cef46c3,0.0,,previous final-masked protocol distance
photocatalytic MOFs with suitable band gaps,48,LEA no diversity,3,5,qmof-13a76dd,qmof-e566fbb,0.0,,previous final-masked protocol distance
photocatalytic MOFs with suitable band gaps,48,LEA no diversity,4,5,qmof-cef46c3,qmof-e566fbb,0.0,,previous final-masked protocol distance
photocatalytic MOFs with suitable band gaps,48,LEA no self-cleaning,1,2,qmof-c0f392b,qmof-ac6a77a,0.0,,previous final-masked protocol distance
photocatalytic MOFs with suitable band gaps,48,LEA no self-cleaning,1,3,qmof-c0f392b,qmof-13a76dd,0.0,,previous final-masked protocol distance
photocatalytic MOFs with suitable band gaps,48,LEA no self-cleaning,1,4,qmof-c0f392b,qmof-cef46c3,0.0,,previous final-masked protocol distance
photocatalytic MOFs with suitable band gaps,48,LEA no self-cleaning,1,5,qmof-c0f392b,qmof-e566fbb,0.0,,previous final-masked protocol distance
photocatalytic MOFs with suitable band gaps,48,LEA no self-cleaning,2,3,qmof-ac6a77a,qmof-13a76dd,0.0,,previous final-masked protocol distance
photocatalytic MOFs with suitable band gaps,48,LEA no self-cleaning,2,4,qmof-ac6a77a,qmof-cef46c3,0.0,,previous final-masked protocol distance
photocatalytic MOFs with suitable band gaps,48,LEA no self-cleaning,2,5,qmof-ac6a77a,qmof-e566fbb,0.0,,previous final-masked protocol distance
photocatalytic MOFs with suitable band gaps,48,LEA no self-cleaning,3,4,qmof-13a76dd,qmof-cef46c3,0.0,,previous final-masked protocol distance
photocatalytic MOFs with suitable band gaps,48,LEA no self-cleaning,3,5,qmof-13a76dd,qmof-e566fbb,0.0,,previous final-masked protocol distance
photocatalytic MOFs with suitable band gaps,48,LEA no self-cleaning,4,5,qmof-cef46c3,qmof-e566fbb,0.0,,previous final-masked protocol distance
photocatalytic MOFs with suitable band gaps,48,LEA + GAT,1,2,qmof-13a76dd,qmof-e566fbb,0.0,,previous final-masked protocol distance
photocatalytic MOFs with suitable band gaps,48,LEA + GAT,1,3,qmof-13a76dd,qmof-cef46c3,0.0,,previous final-masked protocol distance
photocatalytic MOFs with suitable band gaps,48,LEA + GAT,1,4,qmof-13a76dd,qmof-c0f392b,0.0,,previous final-masked protocol distance
photocatalytic MOFs with suitable band gaps,48,LEA + GAT,1,5,qmof-13a76dd,qmof-ac6a77a,0.0,,previous final-masked protocol distance
photocatalytic MOFs with suitable band gaps,48,LEA + GAT,2,3,qmof-e566fbb,qmof-cef46c3,0.0,,previous final-masked protocol distance
photocatalytic MOFs with suitable band gaps,48,LEA + GAT,2,4,qmof-e566fbb,qmof-c0f392b,0.0,,previous final-masked protocol distance
photocatalytic MOFs with suitable band gaps,48,LEA + GAT,2,5,qmof-e566fbb,qmof-ac6a77a,0.0,,previous final-masked protocol distance
photocatalytic MOFs with suitable band gaps,48,LEA + GAT,3,4,qmof-cef46c3,qmof-c0f392b,0.0,,previous final-masked protocol distance
photocatalytic MOFs with suitable band gaps,48,LEA + GAT,3,5,qmof-cef46c3,qmof-ac6a77a,0.0,,previous final-masked protocol distance
photocatalytic MOFs with suitable band gaps,48,LEA + GAT,4,5,qmof-c0f392b,qmof-ac6a77a,0.0,,previous final-masked protocol distance
photocatalytic MOFs with suitable band gaps,48,LEA + GraphSAGE,1,2,qmof-13a76dd,qmof-e566fbb,0.0,,previous final-masked protocol distance
photocatalytic MOFs with suitable band gaps,48,LEA + GraphSAGE,1,3,qmof-13a76dd,qmof-ac6a77a,0.0,,previous final-masked protocol distance
photocatalytic MOFs with suitable band gaps,48,LEA + GraphSAGE,1,4,qmof-13a76dd,qmof-cef46c3,0.0,,previous final-masked protocol distance
photocatalytic MOFs with suitable band gaps,48,LEA + GraphSAGE,1,5,qmof-13a76dd,qmof-c0f392b,0.0,,previous final-masked protocol distance
photocatalytic MOFs with suitable band gaps,48,LEA + GraphSAGE,2,3,qmof-e566fbb,qmof-ac6a77a,0.0,,previous final-masked protocol distance
photocatalytic MOFs with suitable band gaps,48,LEA + GraphSAGE,2,4,qmof-e566fbb,qmof-cef46c3,0.0,,previous final-masked protocol distance
photocatalytic MOFs with suitable band gaps,48,LEA + GraphSAGE,2,5,qmof-e566fbb,qmof-c0f392b,0.0,,previous final-masked protocol distance
photocatalytic MOFs with suitable band gaps,48,LEA + GraphSAGE,3,4,qmof-ac6a77a,qmof-cef46c3,0.0,,previous final-masked protocol distance
photocatalytic MOFs with suitable band gaps,48,LEA + GraphSAGE,3,5,qmof-ac6a77a,qmof-c0f392b,0.0,,previous final-masked protocol distance
photocatalytic MOFs with suitable band gaps,48,LEA + GraphSAGE,4,5,qmof-cef46c3,qmof-c0f392b,0.0,,previous final-masked protocol distance
photocatalytic MOFs with suitable band gaps,48,MMR,1,2,qmof-e566fbb,qmof-cef46c3,0.0,,previous final-masked protocol distance
photocatalytic MOFs with suitable band gaps,48,MMR,1,3,qmof-e566fbb,qmof-13a76dd,0.0,,previous final-masked protocol distance
photocatalytic MOFs with suitable band gaps,48,MMR,1,4,qmof-e566fbb,qmof-ac6a77a,0.0,,previous final-masked protocol distance
photocatalytic MOFs with suitable band gaps,48,MMR,1,5,qmof-e566fbb,qmof-c0f392b,0.0,,previous final-masked protocol distance
photocatalytic MOFs with suitable band gaps,48,MMR,2,3,qmof-cef46c3,qmof-13a76dd,0.0,,previous final-masked protocol distance
photocatalytic MOFs with suitable band gaps,48,MMR,2,4,qmof-cef46c3,qmof-ac6a77a,0.0,,previous final-masked protocol distance
photocatalytic MOFs with suitable band gaps,48,MMR,2,5,qmof-cef46c3,qmof-c0f392b,0.0,,previous final-masked protocol distance
photocatalytic MOFs with suitable band gaps,48,MMR,3,4,qmof-13a76dd,qmof-ac6a77a,0.0,,previous final-masked protocol distance
photocatalytic MOFs with suitable band gaps,48,MMR,3,5,qmof-13a76dd,qmof-c0f392b,0.0,,previous final-masked protocol distance
photocatalytic MOFs with suitable band gaps,48,MMR,4,5,qmof-ac6a77a,qmof-c0f392b,0.0,,previous final-masked protocol distance
photocatalytic MOFs with suitable band gaps,48,ParetoCrowding,1,2,qmof-e566fbb,qmof-cef46c3,0.0,,previous final-masked protocol distance
photocatalytic MOFs with suitable band gaps,48,ParetoCrowding,1,3,qmof-e566fbb,qmof-c0f392b,0.0,,previous final-masked protocol distance
photocatalytic MOFs with suitable band gaps,48,ParetoCrowding,1,4,qmof-e566fbb,qmof-ac6a77a,0.0,,previous final-masked protocol distance
photocatalytic MOFs with suitable band gaps,48,ParetoCrowding,1,5,qmof-e566fbb,qmof-13a76dd,0.0,,previous final-masked protocol distance
photocatalytic MOFs with suitable band gaps,48,ParetoCrowding,2,3,qmof-cef46c3,qmof-c0f392b,0.0,,previous final-masked protocol distance
photocatalytic MOFs with suitable band gaps,48,ParetoCrowding,2,4,qmof-cef46c3,qmof-ac6a77a,0.0,,previous final-masked protocol distance
photocatalytic MOFs with suitable band gaps,48,ParetoCrowding,2,5,qmof-cef46c3,qmof-13a76dd,0.0,,previous final-masked protocol distance
photocatalytic MOFs with suitable band gaps,48,ParetoCrowding,3,4,qmof-c0f392b,qmof-ac6a77a,0.0,,previous final-masked protocol distance
photocatalytic MOFs with suitable band gaps,48,ParetoCrowding,3,5,qmof-c0f392b,qmof-13a76dd,0.0,,previous final-masked protocol distance
photocatalytic MOFs with suitable band gaps,48,ParetoCrowding,4,5,qmof-ac6a77a,qmof-13a76dd,0.0,,previous final-masked protocol distance
photocatalytic MOFs with suitable band gaps,48,Random,1,2,qmof-95dc237,qmof-6f21ecc,0.0,,previous final-masked protocol distance
photocatalytic MOFs with suitable band gaps,48,Random,1,3,qmof-95dc237,qmof-a7de9ff,0.0,,previous final-masked protocol distance
photocatalytic MOFs with suitable band gaps,48,Random,1,4,qmof-95dc237,qmof-f522cce,0.0,,previous final-masked protocol distance
photocatalytic MOFs with suitable band gaps,48,Random,1,5,qmof-95dc237,qmof-d14d764,0.0,,previous final-masked protocol distance
photocatalytic MOFs with suitable band gaps,48,Random,2,3,qmof-6f21ecc,qmof-a7de9ff,0.0,,previous final-masked protocol distance
photocatalytic MOFs with suitable band gaps,48,Random,2,4,qmof-6f21ecc,qmof-f522cce,0.0,,previous final-masked protocol distance
photocatalytic MOFs with suitable band gaps,48,Random,2,5,qmof-6f21ecc,qmof-d14d764,0.0,,previous final-masked protocol distance
photocatalytic MOFs with suitable band gaps,48,Random,3,4,qmof-a7de9ff,qmof-f522cce,0.0,,previous final-masked protocol distance
photocatalytic MOFs with suitable band gaps,48,Random,3,5,qmof-a7de9ff,qmof-d14d764,0.0,,previous final-masked protocol distance
photocatalytic MOFs with suitable band gaps,48,Random,4,5,qmof-f522cce,qmof-d14d764,0.0,,previous final-masked protocol distance
photocatalytic MOFs with suitable band gaps,48,SemanticOnly,1,2,qmof-fe8ea01,qmof-fc77380,0.0,,previous final-masked protocol distance
photocatalytic MOFs with suitable band gaps,48,SemanticOnly,1,3,qmof-fe8ea01,qmof-f7fed86,0.0,,previous final-masked protocol distance
photocatalytic MOFs with suitable band gaps,48,SemanticOnly,1,4,qmof-fe8ea01,qmof-f5de41a,0.0,,previous final-masked protocol distance
photocatalytic MOFs with suitable band gaps,48,SemanticOnly,1,5,qmof-fe8ea01,qmof-f522cce,0.0,,previous final-masked protocol distance
photocatalytic MOFs with suitable band gaps,48,SemanticOnly,2,3,qmof-fc77380,qmof-f7fed86,0.0,,previous final-masked protocol distance
photocatalytic MOFs with suitable band gaps,48,SemanticOnly,2,4,qmof-fc77380,qmof-f5de41a,0.0,,previous final-masked protocol distance
photocatalytic MOFs with suitable band gaps,48,SemanticOnly,2,5,qmof-fc77380,qmof-f522cce,0.0,,previous final-masked protocol distance
photocatalytic MOFs with suitable band gaps,48,SemanticOnly,3,4,qmof-f7fed86,qmof-f5de41a,0.0,,previous final-masked protocol distance
photocatalytic MOFs with suitable band gaps,48,SemanticOnly,3,5,qmof-f7fed86,qmof-f522cce,0.0,,previous final-masked protocol distance
photocatalytic MOFs with suitable band gaps,48,SemanticOnly,4,5,qmof-f5de41a,qmof-f522cce,0.0,,previous final-masked protocol distance
photocatalytic MOFs with suitable band gaps,48,TOPSIS,1,2,qmof-e566fbb,qmof-cef46c3,0.0,,previous final-masked protocol distance
photocatalytic MOFs with suitable band gaps,48,TOPSIS,1,3,qmof-e566fbb,qmof-c0f392b,0.0,,previous final-masked protocol distance
photocatalytic MOFs with suitable band gaps,48,TOPSIS,1,4,qmof-e566fbb,qmof-ac6a77a,0.0,,previous final-masked protocol distance
photocatalytic MOFs with suitable band gaps,48,TOPSIS,1,5,qmof-e566fbb,qmof-13a76dd,0.0,,previous final-masked protocol distance
photocatalytic MOFs with suitable band gaps,48,TOPSIS,2,3,qmof-cef46c3,qmof-c0f392b,0.0,,previous final-masked protocol distance
photocatalytic MOFs with suitable band gaps,48,TOPSIS,2,4,qmof-cef46c3,qmof-ac6a77a,0.0,,previous final-masked protocol distance
photocatalytic MOFs with suitable band gaps,48,TOPSIS,2,5,qmof-cef46c3,qmof-13a76dd,0.0,,previous final-masked protocol distance
photocatalytic MOFs with suitable band gaps,48,TOPSIS,3,4,qmof-c0f392b,qmof-ac6a77a,0.0,,previous final-masked protocol distance
photocatalytic MOFs with suitable band gaps,48,TOPSIS,3,5,qmof-c0f392b,qmof-13a76dd,0.0,,previous final-masked protocol distance
photocatalytic MOFs with suitable band gaps,48,TOPSIS,4,5,qmof-ac6a77a,qmof-13a76dd,0.0,,previous final-masked protocol distance
photocatalytic MOFs with suitable band gaps,48,WeightedSum,1,2,qmof-e566fbb,qmof-cef46c3,0.0,,previous final-masked protocol distance
photocatalytic MOFs with suitable band gaps,48,WeightedSum,1,3,qmof-e566fbb,qmof-c0f392b,0.0,,previous final-masked protocol distance
photocatalytic MOFs with suitable band gaps,48,WeightedSum,1,4,qmof-e566fbb,qmof-ac6a77a,0.0,,previous final-masked protocol distance
photocatalytic MOFs with suitable band gaps,48,WeightedSum,1,5,qmof-e566fbb,qmof-13a76dd,0.0,,previous final-masked protocol distance
photocatalytic MOFs with suitable band gaps,48,WeightedSum,2,3,qmof-cef46c3,qmof-c0f392b,0.0,,previous final-masked protocol distance
photocatalytic MOFs with suitable band gaps,48,WeightedSum,2,4,qmof-cef46c3,qmof-ac6a77a,0.0,,previous final-masked protocol distance
photocatalytic MOFs with suitable band gaps,48,WeightedSum,2,5,qmof-cef46c3,qmof-13a76dd,0.0,,previous final-masked protocol distance
photocatalytic MOFs with suitable band gaps,48,WeightedSum,3,4,qmof-c0f392b,qmof-ac6a77a,0.0,,previous final-masked protocol distance
photocatalytic MOFs with suitable band gaps,48,WeightedSum,3,5,qmof-c0f392b,qmof-13a76dd,0.0,,previous final-masked protocol distance
photocatalytic MOFs with suitable band gaps,48,WeightedSum,4,5,qmof-ac6a77a,qmof-13a76dd,0.0,,previous final-masked protocol distance
photocatalytic MOFs with suitable band gaps,49,GAT only,1,2,qmof-13a76dd,qmof-e566fbb,0.0,,previous final-masked protocol distance
photocatalytic MOFs with suitable band gaps,49,GAT only,1,3,qmof-13a76dd,qmof-cef46c3,0.0,,previous final-masked protocol distance
photocatalytic MOFs with suitable band gaps,49,GAT only,1,4,qmof-13a76dd,qmof-c0f392b,0.0,,previous final-masked protocol distance
photocatalytic MOFs with suitable band gaps,49,GAT only,1,5,qmof-13a76dd,qmof-ac6a77a,0.0,,previous final-masked protocol distance
photocatalytic MOFs with suitable band gaps,49,GAT only,2,3,qmof-e566fbb,qmof-cef46c3,0.0,,previous final-masked protocol distance
photocatalytic MOFs with suitable band gaps,49,GAT only,2,4,qmof-e566fbb,qmof-c0f392b,0.0,,previous final-masked protocol distance
photocatalytic MOFs with suitable band gaps,49,GAT only,2,5,qmof-e566fbb,qmof-ac6a77a,0.0,,previous final-masked protocol distance
photocatalytic MOFs with suitable band gaps,49,GAT only,3,4,qmof-cef46c3,qmof-c0f392b,0.0,,previous final-masked protocol distance
photocatalytic MOFs with suitable band gaps,49,GAT only,3,5,qmof-cef46c3,qmof-ac6a77a,0.0,,previous final-masked protocol distance
photocatalytic MOFs with suitable band gaps,49,GAT only,4,5,qmof-c0f392b,qmof-ac6a77a,0.0,,previous final-masked protocol distance
photocatalytic MOFs with suitable band gaps,49,GraphSAGE only,1,2,qmof-13a76dd,qmof-e566fbb,0.0,,previous final-masked protocol distance
photocatalytic MOFs with suitable band gaps,49,GraphSAGE only,1,3,qmof-13a76dd,qmof-ac6a77a,0.0,,previous final-masked protocol distance
photocatalytic MOFs with suitable band gaps,49,GraphSAGE only,1,4,qmof-13a76dd,qmof-cef46c3,0.0,,previous final-masked protocol distance
photocatalytic MOFs with suitable band gaps,49,GraphSAGE only,1,5,qmof-13a76dd,qmof-c0f392b,0.0,,previous final-masked protocol distance
photocatalytic MOFs with suitable band gaps,49,GraphSAGE only,2,3,qmof-e566fbb,qmof-ac6a77a,0.0,,previous final-masked protocol distance
photocatalytic MOFs with suitable band gaps,49,GraphSAGE only,2,4,qmof-e566fbb,qmof-cef46c3,0.0,,previous final-masked protocol distance
photocatalytic MOFs with suitable band gaps,49,GraphSAGE only,2,5,qmof-e566fbb,qmof-c0f392b,0.0,,previous final-masked protocol distance
photocatalytic MOFs with suitable band gaps,49,GraphSAGE only,3,4,qmof-ac6a77a,qmof-cef46c3,0.0,,previous final-masked protocol distance
photocatalytic MOFs with suitable band gaps,49,GraphSAGE only,3,5,qmof-ac6a77a,qmof-c0f392b,0.0,,previous final-masked protocol distance
photocatalytic MOFs with suitable band gaps,49,GraphSAGE only,4,5,qmof-cef46c3,qmof-c0f392b,0.0,,previous final-masked protocol distance
photocatalytic MOFs with suitable band gaps,49,LEA,1,2,qmof-ac6a77a,qmof-c0f392b,0.0,,previous final-masked protocol distance
photocatalytic MOFs with suitable band gaps,49,LEA,1,3,qmof-ac6a77a,qmof-e566fbb,0.0,,previous final-masked protocol distance
photocatalytic MOFs with suitable band gaps,49,LEA,1,4,qmof-ac6a77a,qmof-13a76dd,0.0,,previous final-masked protocol distance
photocatalytic MOFs with suitable band gaps,49,LEA,1,5,qmof-ac6a77a,qmof-cef46c3,0.0,,previous final-masked protocol distance
photocatalytic MOFs with suitable band gaps,49,LEA,2,3,qmof-c0f392b,qmof-e566fbb,0.0,,previous final-masked protocol distance
photocatalytic MOFs with suitable band gaps,49,LEA,2,4,qmof-c0f392b,qmof-13a76dd,0.0,,previous final-masked protocol distance
photocatalytic MOFs with suitable band gaps,49,LEA,2,5,qmof-c0f392b,qmof-cef46c3,0.0,,previous final-masked protocol distance
photocatalytic MOFs with suitable band gaps,49,LEA,3,4,qmof-e566fbb,qmof-13a76dd,0.0,,previous final-masked protocol distance
photocatalytic MOFs with suitable band gaps,49,LEA,3,5,qmof-e566fbb,qmof-cef46c3,0.0,,previous final-masked protocol distance
photocatalytic MOFs with suitable band gaps,49,LEA,4,5,qmof-13a76dd,qmof-cef46c3,0.0,,previous final-masked protocol distance
photocatalytic MOFs with suitable band gaps,49,LEA no diversity,1,2,qmof-ac6a77a,qmof-c0f392b,0.0,,previous final-masked protocol distance
photocatalytic MOFs with suitable band gaps,49,LEA no diversity,1,3,qmof-ac6a77a,qmof-e566fbb,0.0,,previous final-masked protocol distance
photocatalytic MOFs with suitable band gaps,49,LEA no diversity,1,4,qmof-ac6a77a,qmof-13a76dd,0.0,,previous final-masked protocol distance
photocatalytic MOFs with suitable band gaps,49,LEA no diversity,1,5,qmof-ac6a77a,qmof-cef46c3,0.0,,previous final-masked protocol distance
photocatalytic MOFs with suitable band gaps,49,LEA no diversity,2,3,qmof-c0f392b,qmof-e566fbb,0.0,,previous final-masked protocol distance
photocatalytic MOFs with suitable band gaps,49,LEA no diversity,2,4,qmof-c0f392b,qmof-13a76dd,0.0,,previous final-masked protocol distance
photocatalytic MOFs with suitable band gaps,49,LEA no diversity,2,5,qmof-c0f392b,qmof-cef46c3,0.0,,previous final-masked protocol distance
photocatalytic MOFs with suitable band gaps,49,LEA no diversity,3,4,qmof-e566fbb,qmof-13a76dd,0.0,,previous final-masked protocol distance
photocatalytic MOFs with suitable band gaps,49,LEA no diversity,3,5,qmof-e566fbb,qmof-cef46c3,0.0,,previous final-masked protocol distance
photocatalytic MOFs with suitable band gaps,49,LEA no diversity,4,5,qmof-13a76dd,qmof-cef46c3,0.0,,previous final-masked protocol distance
photocatalytic MOFs with suitable band gaps,49,LEA no self-cleaning,1,2,qmof-ac6a77a,qmof-c0f392b,0.0,,previous final-masked protocol distance
photocatalytic MOFs with suitable band gaps,49,LEA no self-cleaning,1,3,qmof-ac6a77a,qmof-e566fbb,0.0,,previous final-masked protocol distance
photocatalytic MOFs with suitable band gaps,49,LEA no self-cleaning,1,4,qmof-ac6a77a,qmof-13a76dd,0.0,,previous final-masked protocol distance
photocatalytic MOFs with suitable band gaps,49,LEA no self-cleaning,1,5,qmof-ac6a77a,qmof-cef46c3,0.0,,previous final-masked protocol distance
photocatalytic MOFs with suitable band gaps,49,LEA no self-cleaning,2,3,qmof-c0f392b,qmof-e566fbb,0.0,,previous final-masked protocol distance
photocatalytic MOFs with suitable band gaps,49,LEA no self-cleaning,2,4,qmof-c0f392b,qmof-13a76dd,0.0,,previous final-masked protocol distance
photocatalytic MOFs with suitable band gaps,49,LEA no self-cleaning,2,5,qmof-c0f392b,qmof-cef46c3,0.0,,previous final-masked protocol distance
photocatalytic MOFs with suitable band gaps,49,LEA no self-cleaning,3,4,qmof-e566fbb,qmof-13a76dd,0.0,,previous final-masked protocol distance
photocatalytic MOFs with suitable band gaps,49,LEA no self-cleaning,3,5,qmof-e566fbb,qmof-cef46c3,0.0,,previous final-masked protocol distance
photocatalytic MOFs with suitable band gaps,49,LEA no self-cleaning,4,5,qmof-13a76dd,qmof-cef46c3,0.0,,previous final-masked protocol distance
photocatalytic MOFs with suitable band gaps,49,LEA + GAT,1,2,qmof-13a76dd,qmof-e566fbb,0.0,,previous final-masked protocol distance
photocatalytic MOFs with suitable band gaps,49,LEA + GAT,1,3,qmof-13a76dd,qmof-cef46c3,0.0,,previous final-masked protocol distance
photocatalytic MOFs with suitable band gaps,49,LEA + GAT,1,4,qmof-13a76dd,qmof-c0f392b,0.0,,previous final-masked protocol distance
photocatalytic MOFs with suitable band gaps,49,LEA + GAT,1,5,qmof-13a76dd,qmof-ac6a77a,0.0,,previous final-masked protocol distance
photocatalytic MOFs with suitable band gaps,49,LEA + GAT,2,3,qmof-e566fbb,qmof-cef46c3,0.0,,previous final-masked protocol distance
photocatalytic MOFs with suitable band gaps,49,LEA + GAT,2,4,qmof-e566fbb,qmof-c0f392b,0.0,,previous final-masked protocol distance
photocatalytic MOFs with suitable band gaps,49,LEA + GAT,2,5,qmof-e566fbb,qmof-ac6a77a,0.0,,previous final-masked protocol distance
photocatalytic MOFs with suitable band gaps,49,LEA + GAT,3,4,qmof-cef46c3,qmof-c0f392b,0.0,,previous final-masked protocol distance
photocatalytic MOFs with suitable band gaps,49,LEA + GAT,3,5,qmof-cef46c3,qmof-ac6a77a,0.0,,previous final-masked protocol distance
photocatalytic MOFs with suitable band gaps,49,LEA + GAT,4,5,qmof-c0f392b,qmof-ac6a77a,0.0,,previous final-masked protocol distance
photocatalytic MOFs with suitable band gaps,49,LEA + GraphSAGE,1,2,qmof-13a76dd,qmof-e566fbb,0.0,,previous final-masked protocol distance
photocatalytic MOFs with suitable band gaps,49,LEA + GraphSAGE,1,3,qmof-13a76dd,qmof-ac6a77a,0.0,,previous final-masked protocol distance
photocatalytic MOFs with suitable band gaps,49,LEA + GraphSAGE,1,4,qmof-13a76dd,qmof-cef46c3,0.0,,previous final-masked protocol distance
photocatalytic MOFs with suitable band gaps,49,LEA + GraphSAGE,1,5,qmof-13a76dd,qmof-c0f392b,0.0,,previous final-masked protocol distance
photocatalytic MOFs with suitable band gaps,49,LEA + GraphSAGE,2,3,qmof-e566fbb,qmof-ac6a77a,0.0,,previous final-masked protocol distance
photocatalytic MOFs with suitable band gaps,49,LEA + GraphSAGE,2,4,qmof-e566fbb,qmof-cef46c3,0.0,,previous final-masked protocol distance
photocatalytic MOFs with suitable band gaps,49,LEA + GraphSAGE,2,5,qmof-e566fbb,qmof-c0f392b,0.0,,previous final-masked protocol distance
photocatalytic MOFs with suitable band gaps,49,LEA + GraphSAGE,3,4,qmof-ac6a77a,qmof-cef46c3,0.0,,previous final-masked protocol distance
photocatalytic MOFs with suitable band gaps,49,LEA + GraphSAGE,3,5,qmof-ac6a77a,qmof-c0f392b,0.0,,previous final-masked protocol distance
photocatalytic MOFs with suitable band gaps,49,LEA + GraphSAGE,4,5,qmof-cef46c3,qmof-c0f392b,0.0,,previous final-masked protocol distance
photocatalytic MOFs with suitable band gaps,49,MMR,1,2,qmof-cef46c3,qmof-13a76dd,0.0,,previous final-masked protocol distance
photocatalytic MOFs with suitable band gaps,49,MMR,1,3,qmof-cef46c3,qmof-e566fbb,0.0,,previous final-masked protocol distance
photocatalytic MOFs with suitable band gaps,49,MMR,1,4,qmof-cef46c3,qmof-c0f392b,0.0,,previous final-masked protocol distance
photocatalytic MOFs with suitable band gaps,49,MMR,1,5,qmof-cef46c3,qmof-ac6a77a,0.0,,previous final-masked protocol distance
photocatalytic MOFs with suitable band gaps,49,MMR,2,3,qmof-13a76dd,qmof-e566fbb,0.0,,previous final-masked protocol distance
photocatalytic MOFs with suitable band gaps,49,MMR,2,4,qmof-13a76dd,qmof-c0f392b,0.0,,previous final-masked protocol distance
photocatalytic MOFs with suitable band gaps,49,MMR,2,5,qmof-13a76dd,qmof-ac6a77a,0.0,,previous final-masked protocol distance
photocatalytic MOFs with suitable band gaps,49,MMR,3,4,qmof-e566fbb,qmof-c0f392b,0.0,,previous final-masked protocol distance
photocatalytic MOFs with suitable band gaps,49,MMR,3,5,qmof-e566fbb,qmof-ac6a77a,0.0,,previous final-masked protocol distance
photocatalytic MOFs with suitable band gaps,49,MMR,4,5,qmof-c0f392b,qmof-ac6a77a,0.0,,previous final-masked protocol distance
photocatalytic MOFs with suitable band gaps,49,ParetoCrowding,1,2,qmof-e566fbb,qmof-cef46c3,0.0,,previous final-masked protocol distance
photocatalytic MOFs with suitable band gaps,49,ParetoCrowding,1,3,qmof-e566fbb,qmof-c0f392b,0.0,,previous final-masked protocol distance
photocatalytic MOFs with suitable band gaps,49,ParetoCrowding,1,4,qmof-e566fbb,qmof-ac6a77a,0.0,,previous final-masked protocol distance
photocatalytic MOFs with suitable band gaps,49,ParetoCrowding,1,5,qmof-e566fbb,qmof-13a76dd,0.0,,previous final-masked protocol distance
photocatalytic MOFs with suitable band gaps,49,ParetoCrowding,2,3,qmof-cef46c3,qmof-c0f392b,0.0,,previous final-masked protocol distance
photocatalytic MOFs with suitable band gaps,49,ParetoCrowding,2,4,qmof-cef46c3,qmof-ac6a77a,0.0,,previous final-masked protocol distance
photocatalytic MOFs with suitable band gaps,49,ParetoCrowding,2,5,qmof-cef46c3,qmof-13a76dd,0.0,,previous final-masked protocol distance
photocatalytic MOFs with suitable band gaps,49,ParetoCrowding,3,4,qmof-c0f392b,qmof-ac6a77a,0.0,,previous final-masked protocol distance
photocatalytic MOFs with suitable band gaps,49,ParetoCrowding,3,5,qmof-c0f392b,qmof-13a76dd,0.0,,previous final-masked protocol distance
photocatalytic MOFs with suitable band gaps,49,ParetoCrowding,4,5,qmof-ac6a77a,qmof-13a76dd,0.0,,previous final-masked protocol distance
photocatalytic MOFs with suitable band gaps,49,Random,1,2,qmof-10c7c3c,qmof-504b878,0.0,,previous final-masked protocol distance
photocatalytic MOFs with suitable band gaps,49,Random,1,3,qmof-10c7c3c,qmof-eef474b,0.0,,previous final-masked protocol distance
photocatalytic MOFs with suitable band gaps,49,Random,1,4,qmof-10c7c3c,qmof-342ad08,0.0,,previous final-masked protocol distance
photocatalytic MOFs with suitable band gaps,49,Random,1,5,qmof-10c7c3c,qmof-405a87b,0.0,,previous final-masked protocol distance
photocatalytic MOFs with suitable band gaps,49,Random,2,3,qmof-504b878,qmof-eef474b,0.0,,previous final-masked protocol distance
photocatalytic MOFs with suitable band gaps,49,Random,2,4,qmof-504b878,qmof-342ad08,0.0,,previous final-masked protocol distance
photocatalytic MOFs with suitable band gaps,49,Random,2,5,qmof-504b878,qmof-405a87b,0.0,,previous final-masked protocol distance
photocatalytic MOFs with suitable band gaps,49,Random,3,4,qmof-eef474b,qmof-342ad08,0.0,,previous final-masked protocol distance
photocatalytic MOFs with suitable band gaps,49,Random,3,5,qmof-eef474b,qmof-405a87b,0.0,,previous final-masked protocol distance
photocatalytic MOFs with suitable band gaps,49,Random,4,5,qmof-342ad08,qmof-405a87b,0.0,,previous final-masked protocol distance
photocatalytic MOFs with suitable band gaps,49,SemanticOnly,1,2,qmof-fc79d47,qmof-f87c9d1,0.0,,previous final-masked protocol distance
photocatalytic MOFs with suitable band gaps,49,SemanticOnly,1,3,qmof-fc79d47,qmof-f429f3b,0.0,,previous final-masked protocol distance
photocatalytic MOFs with suitable band gaps,49,SemanticOnly,1,4,qmof-fc79d47,qmof-f41b6c6,0.0,,previous final-masked protocol distance
photocatalytic MOFs with suitable band gaps,49,SemanticOnly,1,5,qmof-fc79d47,qmof-efc86e6,0.0,,previous final-masked protocol distance
photocatalytic MOFs with suitable band gaps,49,SemanticOnly,2,3,qmof-f87c9d1,qmof-f429f3b,0.0,,previous final-masked protocol distance
photocatalytic MOFs with suitable band gaps,49,SemanticOnly,2,4,qmof-f87c9d1,qmof-f41b6c6,0.0,,previous final-masked protocol distance
photocatalytic MOFs with suitable band gaps,49,SemanticOnly,2,5,qmof-f87c9d1,qmof-efc86e6,0.0,,previous final-masked protocol distance
photocatalytic MOFs with suitable band gaps,49,SemanticOnly,3,4,qmof-f429f3b,qmof-f41b6c6,0.0,,previous final-masked protocol distance
photocatalytic MOFs with suitable band gaps,49,SemanticOnly,3,5,qmof-f429f3b,qmof-efc86e6,0.0,,previous final-masked protocol distance
photocatalytic MOFs with suitable band gaps,49,SemanticOnly,4,5,qmof-f41b6c6,qmof-efc86e6,0.0,,previous final-masked protocol distance
photocatalytic MOFs with suitable band gaps,49,TOPSIS,1,2,qmof-e566fbb,qmof-cef46c3,0.0,,previous final-masked protocol distance
photocatalytic MOFs with suitable band gaps,49,TOPSIS,1,3,qmof-e566fbb,qmof-c0f392b,0.0,,previous final-masked protocol distance
photocatalytic MOFs with suitable band gaps,49,TOPSIS,1,4,qmof-e566fbb,qmof-ac6a77a,0.0,,previous final-masked protocol distance
photocatalytic MOFs with suitable band gaps,49,TOPSIS,1,5,qmof-e566fbb,qmof-13a76dd,0.0,,previous final-masked protocol distance
photocatalytic MOFs with suitable band gaps,49,TOPSIS,2,3,qmof-cef46c3,qmof-c0f392b,0.0,,previous final-masked protocol distance
photocatalytic MOFs with suitable band gaps,49,TOPSIS,2,4,qmof-cef46c3,qmof-ac6a77a,0.0,,previous final-masked protocol distance
photocatalytic MOFs with suitable band gaps,49,TOPSIS,2,5,qmof-cef46c3,qmof-13a76dd,0.0,,previous final-masked protocol distance
photocatalytic MOFs with suitable band gaps,49,TOPSIS,3,4,qmof-c0f392b,qmof-ac6a77a,0.0,,previous final-masked protocol distance
photocatalytic MOFs with suitable band gaps,49,TOPSIS,3,5,qmof-c0f392b,qmof-13a76dd,0.0,,previous final-masked protocol distance
photocatalytic MOFs with suitable band gaps,49,TOPSIS,4,5,qmof-ac6a77a,qmof-13a76dd,0.0,,previous final-masked protocol distance
photocatalytic MOFs with suitable band gaps,49,WeightedSum,1,2,qmof-e566fbb,qmof-cef46c3,0.0,,previous final-masked protocol distance
photocatalytic MOFs with suitable band gaps,49,WeightedSum,1,3,qmof-e566fbb,qmof-c0f392b,0.0,,previous final-masked protocol distance
photocatalytic MOFs with suitable band gaps,49,WeightedSum,1,4,qmof-e566fbb,qmof-ac6a77a,0.0,,previous final-masked protocol distance
photocatalytic MOFs with suitable band gaps,49,WeightedSum,1,5,qmof-e566fbb,qmof-13a76dd,0.0,,previous final-masked protocol distance
photocatalytic MOFs with suitable band gaps,49,WeightedSum,2,3,qmof-cef46c3,qmof-c0f392b,0.0,,previous final-masked protocol distance
photocatalytic MOFs with suitable band gaps,49,WeightedSum,2,4,qmof-cef46c3,qmof-ac6a77a,0.0,,previous final-masked protocol distance
photocatalytic MOFs with suitable band gaps,49,WeightedSum,2,5,qmof-cef46c3,qmof-13a76dd,0.0,,previous final-masked protocol distance
photocatalytic MOFs with suitable band gaps,49,WeightedSum,3,4,qmof-c0f392b,qmof-ac6a77a,0.0,,previous final-masked protocol distance
photocatalytic MOFs with suitable band gaps,49,WeightedSum,3,5,qmof-c0f392b,qmof-13a76dd,0.0,,previous final-masked protocol distance
photocatalytic MOFs with suitable band gaps,49,WeightedSum,4,5,qmof-ac6a77a,qmof-13a76dd,0.0,,previous final-masked protocol distance
photocatalytic MOFs with suitable band gaps,50,GAT only,1,2,qmof-13a76dd,qmof-e566fbb,0.0,,previous final-masked protocol distance
photocatalytic MOFs with suitable band gaps,50,GAT only,1,3,qmof-13a76dd,qmof-cef46c3,0.0,,previous final-masked protocol distance
photocatalytic MOFs with suitable band gaps,50,GAT only,1,4,qmof-13a76dd,qmof-c0f392b,0.0,,previous final-masked protocol distance
photocatalytic MOFs with suitable band gaps,50,GAT only,1,5,qmof-13a76dd,qmof-ac6a77a,0.0,,previous final-masked protocol distance
photocatalytic MOFs with suitable band gaps,50,GAT only,2,3,qmof-e566fbb,qmof-cef46c3,0.0,,previous final-masked protocol distance
photocatalytic MOFs with suitable band gaps,50,GAT only,2,4,qmof-e566fbb,qmof-c0f392b,0.0,,previous final-masked protocol distance
photocatalytic MOFs with suitable band gaps,50,GAT only,2,5,qmof-e566fbb,qmof-ac6a77a,0.0,,previous final-masked protocol distance
photocatalytic MOFs with suitable band gaps,50,GAT only,3,4,qmof-cef46c3,qmof-c0f392b,0.0,,previous final-masked protocol distance
photocatalytic MOFs with suitable band gaps,50,GAT only,3,5,qmof-cef46c3,qmof-ac6a77a,0.0,,previous final-masked protocol distance
photocatalytic MOFs with suitable band gaps,50,GAT only,4,5,qmof-c0f392b,qmof-ac6a77a,0.0,,previous final-masked protocol distance
photocatalytic MOFs with suitable band gaps,50,GraphSAGE only,1,2,qmof-13a76dd,qmof-e566fbb,0.0,,previous final-masked protocol distance
photocatalytic MOFs with suitable band gaps,50,GraphSAGE only,1,3,qmof-13a76dd,qmof-ac6a77a,0.0,,previous final-masked protocol distance
photocatalytic MOFs with suitable band gaps,50,GraphSAGE only,1,4,qmof-13a76dd,qmof-cef46c3,0.0,,previous final-masked protocol distance
photocatalytic MOFs with suitable band gaps,50,GraphSAGE only,1,5,qmof-13a76dd,qmof-c0f392b,0.0,,previous final-masked protocol distance
photocatalytic MOFs with suitable band gaps,50,GraphSAGE only,2,3,qmof-e566fbb,qmof-ac6a77a,0.0,,previous final-masked protocol distance
photocatalytic MOFs with suitable band gaps,50,GraphSAGE only,2,4,qmof-e566fbb,qmof-cef46c3,0.0,,previous final-masked protocol distance
photocatalytic MOFs with suitable band gaps,50,GraphSAGE only,2,5,qmof-e566fbb,qmof-c0f392b,0.0,,previous final-masked protocol distance
photocatalytic MOFs with suitable band gaps,50,GraphSAGE only,3,4,qmof-ac6a77a,qmof-cef46c3,0.0,,previous final-masked protocol distance
photocatalytic MOFs with suitable band gaps,50,GraphSAGE only,3,5,qmof-ac6a77a,qmof-c0f392b,0.0,,previous final-masked protocol distance
photocatalytic MOFs with suitable band gaps,50,GraphSAGE only,4,5,qmof-cef46c3,qmof-c0f392b,0.0,,previous final-masked protocol distance
photocatalytic MOFs with suitable band gaps,50,LEA,1,2,qmof-cef46c3,qmof-e566fbb,0.0,,previous final-masked protocol distance
photocatalytic MOFs with suitable band gaps,50,LEA,1,3,qmof-cef46c3,qmof-ac6a77a,0.0,,previous final-masked protocol distance
photocatalytic MOFs with suitable band gaps,50,LEA,1,4,qmof-cef46c3,qmof-c0f392b,0.0,,previous final-masked protocol distance
photocatalytic MOFs with suitable band gaps,50,LEA,1,5,qmof-cef46c3,qmof-13a76dd,0.0,,previous final-masked protocol distance
photocatalytic MOFs with suitable band gaps,50,LEA,2,3,qmof-e566fbb,qmof-ac6a77a,0.0,,previous final-masked protocol distance
photocatalytic MOFs with suitable band gaps,50,LEA,2,4,qmof-e566fbb,qmof-c0f392b,0.0,,previous final-masked protocol distance
photocatalytic MOFs with suitable band gaps,50,LEA,2,5,qmof-e566fbb,qmof-13a76dd,0.0,,previous final-masked protocol distance
photocatalytic MOFs with suitable band gaps,50,LEA,3,4,qmof-ac6a77a,qmof-c0f392b,0.0,,previous final-masked protocol distance
photocatalytic MOFs with suitable band gaps,50,LEA,3,5,qmof-ac6a77a,qmof-13a76dd,0.0,,previous final-masked protocol distance
photocatalytic MOFs with suitable band gaps,50,LEA,4,5,qmof-c0f392b,qmof-13a76dd,0.0,,previous final-masked protocol distance
photocatalytic MOFs with suitable band gaps,50,LEA no diversity,1,2,qmof-cef46c3,qmof-e566fbb,0.0,,previous final-masked protocol distance
photocatalytic MOFs with suitable band gaps,50,LEA no diversity,1,3,qmof-cef46c3,qmof-ac6a77a,0.0,,previous final-masked protocol distance
photocatalytic MOFs with suitable band gaps,50,LEA no diversity,1,4,qmof-cef46c3,qmof-c0f392b,0.0,,previous final-masked protocol distance
photocatalytic MOFs with suitable band gaps,50,LEA no diversity,1,5,qmof-cef46c3,qmof-13a76dd,0.0,,previous final-masked protocol distance
photocatalytic MOFs with suitable band gaps,50,LEA no diversity,2,3,qmof-e566fbb,qmof-ac6a77a,0.0,,previous final-masked protocol distance
photocatalytic MOFs with suitable band gaps,50,LEA no diversity,2,4,qmof-e566fbb,qmof-c0f392b,0.0,,previous final-masked protocol distance
photocatalytic MOFs with suitable band gaps,50,LEA no diversity,2,5,qmof-e566fbb,qmof-13a76dd,0.0,,previous final-masked protocol distance
photocatalytic MOFs with suitable band gaps,50,LEA no diversity,3,4,qmof-ac6a77a,qmof-c0f392b,0.0,,previous final-masked protocol distance
photocatalytic MOFs with suitable band gaps,50,LEA no diversity,3,5,qmof-ac6a77a,qmof-13a76dd,0.0,,previous final-masked protocol distance
photocatalytic MOFs with suitable band gaps,50,LEA no diversity,4,5,qmof-c0f392b,qmof-13a76dd,0.0,,previous final-masked protocol distance
photocatalytic MOFs with suitable band gaps,50,LEA no self-cleaning,1,2,qmof-cef46c3,qmof-e566fbb,0.0,,previous final-masked protocol distance
photocatalytic MOFs with suitable band gaps,50,LEA no self-cleaning,1,3,qmof-cef46c3,qmof-ac6a77a,0.0,,previous final-masked protocol distance
photocatalytic MOFs with suitable band gaps,50,LEA no self-cleaning,1,4,qmof-cef46c3,qmof-c0f392b,0.0,,previous final-masked protocol distance
photocatalytic MOFs with suitable band gaps,50,LEA no self-cleaning,1,5,qmof-cef46c3,qmof-13a76dd,0.0,,previous final-masked protocol distance
photocatalytic MOFs with suitable band gaps,50,LEA no self-cleaning,2,3,qmof-e566fbb,qmof-ac6a77a,0.0,,previous final-masked protocol distance
photocatalytic MOFs with suitable band gaps,50,LEA no self-cleaning,2,4,qmof-e566fbb,qmof-c0f392b,0.0,,previous final-masked protocol distance
photocatalytic MOFs with suitable band gaps,50,LEA no self-cleaning,2,5,qmof-e566fbb,qmof-13a76dd,0.0,,previous final-masked protocol distance
photocatalytic MOFs with suitable band gaps,50,LEA no self-cleaning,3,4,qmof-ac6a77a,qmof-c0f392b,0.0,,previous final-masked protocol distance
photocatalytic MOFs with suitable band gaps,50,LEA no self-cleaning,3,5,qmof-ac6a77a,qmof-13a76dd,0.0,,previous final-masked protocol distance
photocatalytic MOFs with suitable band gaps,50,LEA no self-cleaning,4,5,qmof-c0f392b,qmof-13a76dd,0.0,,previous final-masked protocol distance
photocatalytic MOFs with suitable band gaps,50,LEA + GAT,1,2,qmof-13a76dd,qmof-e566fbb,0.0,,previous final-masked protocol distance
photocatalytic MOFs with suitable band gaps,50,LEA + GAT,1,3,qmof-13a76dd,qmof-cef46c3,0.0,,previous final-masked protocol distance
photocatalytic MOFs with suitable band gaps,50,LEA + GAT,1,4,qmof-13a76dd,qmof-c0f392b,0.0,,previous final-masked protocol distance
photocatalytic MOFs with suitable band gaps,50,LEA + GAT,1,5,qmof-13a76dd,qmof-ac6a77a,0.0,,previous final-masked protocol distance
photocatalytic MOFs with suitable band gaps,50,LEA + GAT,2,3,qmof-e566fbb,qmof-cef46c3,0.0,,previous final-masked protocol distance
photocatalytic MOFs with suitable band gaps,50,LEA + GAT,2,4,qmof-e566fbb,qmof-c0f392b,0.0,,previous final-masked protocol distance
photocatalytic MOFs with suitable band gaps,50,LEA + GAT,2,5,qmof-e566fbb,qmof-ac6a77a,0.0,,previous final-masked protocol distance
photocatalytic MOFs with suitable band gaps,50,LEA + GAT,3,4,qmof-cef46c3,qmof-c0f392b,0.0,,previous final-masked protocol distance
photocatalytic MOFs with suitable band gaps,50,LEA + GAT,3,5,qmof-cef46c3,qmof-ac6a77a,0.0,,previous final-masked protocol distance
photocatalytic MOFs with suitable band gaps,50,LEA + GAT,4,5,qmof-c0f392b,qmof-ac6a77a,0.0,,previous final-masked protocol distance
photocatalytic MOFs with suitable band gaps,50,LEA + GraphSAGE,1,2,qmof-13a76dd,qmof-e566fbb,0.0,,previous final-masked protocol distance
photocatalytic MOFs with suitable band gaps,50,LEA + GraphSAGE,1,3,qmof-13a76dd,qmof-ac6a77a,0.0,,previous final-masked protocol distance
photocatalytic MOFs with suitable band gaps,50,LEA + GraphSAGE,1,4,qmof-13a76dd,qmof-cef46c3,0.0,,previous final-masked protocol distance
photocatalytic MOFs with suitable band gaps,50,LEA + GraphSAGE,1,5,qmof-13a76dd,qmof-c0f392b,0.0,,previous final-masked protocol distance
photocatalytic MOFs with suitable band gaps,50,LEA + GraphSAGE,2,3,qmof-e566fbb,qmof-ac6a77a,0.0,,previous final-masked protocol distance
photocatalytic MOFs with suitable band gaps,50,LEA + GraphSAGE,2,4,qmof-e566fbb,qmof-cef46c3,0.0,,previous final-masked protocol distance
photocatalytic MOFs with suitable band gaps,50,LEA + GraphSAGE,2,5,qmof-e566fbb,qmof-c0f392b,0.0,,previous final-masked protocol distance
photocatalytic MOFs with suitable band gaps,50,LEA + GraphSAGE,3,4,qmof-ac6a77a,qmof-cef46c3,0.0,,previous final-masked protocol distance
photocatalytic MOFs with suitable band gaps,50,LEA + GraphSAGE,3,5,qmof-ac6a77a,qmof-c0f392b,0.0,,previous final-masked protocol distance
photocatalytic MOFs with suitable band gaps,50,LEA + GraphSAGE,4,5,qmof-cef46c3,qmof-c0f392b,0.0,,previous final-masked protocol distance
photocatalytic MOFs with suitable band gaps,50,MMR,1,2,qmof-13a76dd,qmof-c0f392b,0.0,,previous final-masked protocol distance
photocatalytic MOFs with suitable band gaps,50,MMR,1,3,qmof-13a76dd,qmof-ac6a77a,0.0,,previous final-masked protocol distance
photocatalytic MOFs with suitable band gaps,50,MMR,1,4,qmof-13a76dd,qmof-e566fbb,0.0,,previous final-masked protocol distance
photocatalytic MOFs with suitable band gaps,50,MMR,1,5,qmof-13a76dd,qmof-cef46c3,0.0,,previous final-masked protocol distance
photocatalytic MOFs with suitable band gaps,50,MMR,2,3,qmof-c0f392b,qmof-ac6a77a,0.0,,previous final-masked protocol distance
photocatalytic MOFs with suitable band gaps,50,MMR,2,4,qmof-c0f392b,qmof-e566fbb,0.0,,previous final-masked protocol distance
photocatalytic MOFs with suitable band gaps,50,MMR,2,5,qmof-c0f392b,qmof-cef46c3,0.0,,previous final-masked protocol distance
photocatalytic MOFs with suitable band gaps,50,MMR,3,4,qmof-ac6a77a,qmof-e566fbb,0.0,,previous final-masked protocol distance
photocatalytic MOFs with suitable band gaps,50,MMR,3,5,qmof-ac6a77a,qmof-cef46c3,0.0,,previous final-masked protocol distance
photocatalytic MOFs with suitable band gaps,50,MMR,4,5,qmof-e566fbb,qmof-cef46c3,0.0,,previous final-masked protocol distance
photocatalytic MOFs with suitable band gaps,50,ParetoCrowding,1,2,qmof-e566fbb,qmof-cef46c3,0.0,,previous final-masked protocol distance
photocatalytic MOFs with suitable band gaps,50,ParetoCrowding,1,3,qmof-e566fbb,qmof-c0f392b,0.0,,previous final-masked protocol distance
photocatalytic MOFs with suitable band gaps,50,ParetoCrowding,1,4,qmof-e566fbb,qmof-ac6a77a,0.0,,previous final-masked protocol distance
photocatalytic MOFs with suitable band gaps,50,ParetoCrowding,1,5,qmof-e566fbb,qmof-13a76dd,0.0,,previous final-masked protocol distance
photocatalytic MOFs with suitable band gaps,50,ParetoCrowding,2,3,qmof-cef46c3,qmof-c0f392b,0.0,,previous final-masked protocol distance
photocatalytic MOFs with suitable band gaps,50,ParetoCrowding,2,4,qmof-cef46c3,qmof-ac6a77a,0.0,,previous final-masked protocol distance
photocatalytic MOFs with suitable band gaps,50,ParetoCrowding,2,5,qmof-cef46c3,qmof-13a76dd,0.0,,previous final-masked protocol distance
photocatalytic MOFs with suitable band gaps,50,ParetoCrowding,3,4,qmof-c0f392b,qmof-ac6a77a,0.0,,previous final-masked protocol distance
photocatalytic MOFs with suitable band gaps,50,ParetoCrowding,3,5,qmof-c0f392b,qmof-13a76dd,0.0,,previous final-masked protocol distance
photocatalytic MOFs with suitable band gaps,50,ParetoCrowding,4,5,qmof-ac6a77a,qmof-13a76dd,0.0,,previous final-masked protocol distance
photocatalytic MOFs with suitable band gaps,50,Random,1,2,qmof-bde105e,qmof-95de001,0.0,,previous final-masked protocol distance
photocatalytic MOFs with suitable band gaps,50,Random,1,3,qmof-bde105e,qmof-bc0218e,0.0,,previous final-masked protocol distance
photocatalytic MOFs with suitable band gaps,50,Random,1,4,qmof-bde105e,qmof-579321e,0.0,,previous final-masked protocol distance
photocatalytic MOFs with suitable band gaps,50,Random,1,5,qmof-bde105e,qmof-ac6a77a,0.21213203435596428,,previous final-masked protocol distance
photocatalytic MOFs with suitable band gaps,50,Random,2,3,qmof-95de001,qmof-bc0218e,0.0,,previous final-masked protocol distance
photocatalytic MOFs with suitable band gaps,50,Random,2,4,qmof-95de001,qmof-579321e,0.0,,previous final-masked protocol distance
photocatalytic MOFs with suitable band gaps,50,Random,2,5,qmof-95de001,qmof-ac6a77a,0.21213203435596428,,previous final-masked protocol distance
photocatalytic MOFs with suitable band gaps,50,Random,3,4,qmof-bc0218e,qmof-579321e,0.0,,previous final-masked protocol distance
photocatalytic MOFs with suitable band gaps,50,Random,3,5,qmof-bc0218e,qmof-ac6a77a,0.21213203435596428,,previous final-masked protocol distance
photocatalytic MOFs with suitable band gaps,50,Random,4,5,qmof-579321e,qmof-ac6a77a,0.21213203435596428,,previous final-masked protocol distance
photocatalytic MOFs with suitable band gaps,50,SemanticOnly,1,2,qmof-fc79d47,qmof-f9c2a3d,0.0,,previous final-masked protocol distance
photocatalytic MOFs with suitable band gaps,50,SemanticOnly,1,3,qmof-fc79d47,qmof-f77560d,0.0,,previous final-masked protocol distance
photocatalytic MOFs with suitable band gaps,50,SemanticOnly,1,4,qmof-fc79d47,qmof-f429f3b,0.0,,previous final-masked protocol distance
photocatalytic MOFs with suitable band gaps,50,SemanticOnly,1,5,qmof-fc79d47,qmof-ee8c30a,0.0,,previous final-masked protocol distance
photocatalytic MOFs with suitable band gaps,50,SemanticOnly,2,3,qmof-f9c2a3d,qmof-f77560d,0.0,,previous final-masked protocol distance
photocatalytic MOFs with suitable band gaps,50,SemanticOnly,2,4,qmof-f9c2a3d,qmof-f429f3b,0.0,,previous final-masked protocol distance
photocatalytic MOFs with suitable band gaps,50,SemanticOnly,2,5,qmof-f9c2a3d,qmof-ee8c30a,0.0,,previous final-masked protocol distance
photocatalytic MOFs with suitable band gaps,50,SemanticOnly,3,4,qmof-f77560d,qmof-f429f3b,0.0,,previous final-masked protocol distance
photocatalytic MOFs with suitable band gaps,50,SemanticOnly,3,5,qmof-f77560d,qmof-ee8c30a,0.0,,previous final-masked protocol distance
photocatalytic MOFs with suitable band gaps,50,SemanticOnly,4,5,qmof-f429f3b,qmof-ee8c30a,0.0,,previous final-masked protocol distance
photocatalytic MOFs with suitable band gaps,50,TOPSIS,1,2,qmof-e566fbb,qmof-cef46c3,0.0,,previous final-masked protocol distance
photocatalytic MOFs with suitable band gaps,50,TOPSIS,1,3,qmof-e566fbb,qmof-c0f392b,0.0,,previous final-masked protocol distance
photocatalytic MOFs with suitable band gaps,50,TOPSIS,1,4,qmof-e566fbb,qmof-ac6a77a,0.0,,previous final-masked protocol distance
photocatalytic MOFs with suitable band gaps,50,TOPSIS,1,5,qmof-e566fbb,qmof-13a76dd,0.0,,previous final-masked protocol distance
photocatalytic MOFs with suitable band gaps,50,TOPSIS,2,3,qmof-cef46c3,qmof-c0f392b,0.0,,previous final-masked protocol distance
photocatalytic MOFs with suitable band gaps,50,TOPSIS,2,4,qmof-cef46c3,qmof-ac6a77a,0.0,,previous final-masked protocol distance
photocatalytic MOFs with suitable band gaps,50,TOPSIS,2,5,qmof-cef46c3,qmof-13a76dd,0.0,,previous final-masked protocol distance
photocatalytic MOFs with suitable band gaps,50,TOPSIS,3,4,qmof-c0f392b,qmof-ac6a77a,0.0,,previous final-masked protocol distance
photocatalytic MOFs with suitable band gaps,50,TOPSIS,3,5,qmof-c0f392b,qmof-13a76dd,0.0,,previous final-masked protocol distance
photocatalytic MOFs with suitable band gaps,50,TOPSIS,4,5,qmof-ac6a77a,qmof-13a76dd,0.0,,previous final-masked protocol distance
photocatalytic MOFs with suitable band gaps,50,WeightedSum,1,2,qmof-e566fbb,qmof-cef46c3,0.0,,previous final-masked protocol distance
photocatalytic MOFs with suitable band gaps,50,WeightedSum,1,3,qmof-e566fbb,qmof-c0f392b,0.0,,previous final-masked protocol distance
photocatalytic MOFs with suitable band gaps,50,WeightedSum,1,4,qmof-e566fbb,qmof-ac6a77a,0.0,,previous final-masked protocol distance
photocatalytic MOFs with suitable band gaps,50,WeightedSum,1,5,qmof-e566fbb,qmof-13a76dd,0.0,,previous final-masked protocol distance
photocatalytic MOFs with suitable band gaps,50,WeightedSum,2,3,qmof-cef46c3,qmof-c0f392b,0.0,,previous final-masked protocol distance
photocatalytic MOFs with suitable band gaps,50,WeightedSum,2,4,qmof-cef46c3,qmof-ac6a77a,0.0,,previous final-masked protocol distance
photocatalytic MOFs with suitable band gaps,50,WeightedSum,2,5,qmof-cef46c3,qmof-13a76dd,0.0,,previous final-masked protocol distance
photocatalytic MOFs with suitable band gaps,50,WeightedSum,3,4,qmof-c0f392b,qmof-ac6a77a,0.0,,previous final-masked protocol distance
photocatalytic MOFs with suitable band gaps,50,WeightedSum,3,5,qmof-c0f392b,qmof-13a76dd,0.0,,previous final-masked protocol distance
photocatalytic MOFs with suitable band gaps,50,WeightedSum,4,5,qmof-ac6a77a,qmof-13a76dd,0.0,,previous final-masked protocol distance
photocatalytic MOFs with suitable band gaps,51,GAT only,1,2,qmof-13a76dd,qmof-e566fbb,0.0,,previous final-masked protocol distance
photocatalytic MOFs with suitable band gaps,51,GAT only,1,3,qmof-13a76dd,qmof-cef46c3,0.0,,previous final-masked protocol distance
photocatalytic MOFs with suitable band gaps,51,GAT only,1,4,qmof-13a76dd,qmof-c0f392b,0.0,,previous final-masked protocol distance
photocatalytic MOFs with suitable band gaps,51,GAT only,1,5,qmof-13a76dd,qmof-ac6a77a,0.0,,previous final-masked protocol distance
photocatalytic MOFs with suitable band gaps,51,GAT only,2,3,qmof-e566fbb,qmof-cef46c3,0.0,,previous final-masked protocol distance
photocatalytic MOFs with suitable band gaps,51,GAT only,2,4,qmof-e566fbb,qmof-c0f392b,0.0,,previous final-masked protocol distance
photocatalytic MOFs with suitable band gaps,51,GAT only,2,5,qmof-e566fbb,qmof-ac6a77a,0.0,,previous final-masked protocol distance
photocatalytic MOFs with suitable band gaps,51,GAT only,3,4,qmof-cef46c3,qmof-c0f392b,0.0,,previous final-masked protocol distance
photocatalytic MOFs with suitable band gaps,51,GAT only,3,5,qmof-cef46c3,qmof-ac6a77a,0.0,,previous final-masked protocol distance
photocatalytic MOFs with suitable band gaps,51,GAT only,4,5,qmof-c0f392b,qmof-ac6a77a,0.0,,previous final-masked protocol distance
photocatalytic MOFs with suitable band gaps,51,GraphSAGE only,1,2,qmof-13a76dd,qmof-e566fbb,0.0,,previous final-masked protocol distance
photocatalytic MOFs with suitable band gaps,51,GraphSAGE only,1,3,qmof-13a76dd,qmof-ac6a77a,0.0,,previous final-masked protocol distance
photocatalytic MOFs with suitable band gaps,51,GraphSAGE only,1,4,qmof-13a76dd,qmof-cef46c3,0.0,,previous final-masked protocol distance
photocatalytic MOFs with suitable band gaps,51,GraphSAGE only,1,5,qmof-13a76dd,qmof-c0f392b,0.0,,previous final-masked protocol distance
photocatalytic MOFs with suitable band gaps,51,GraphSAGE only,2,3,qmof-e566fbb,qmof-ac6a77a,0.0,,previous final-masked protocol distance
photocatalytic MOFs with suitable band gaps,51,GraphSAGE only,2,4,qmof-e566fbb,qmof-cef46c3,0.0,,previous final-masked protocol distance
photocatalytic MOFs with suitable band gaps,51,GraphSAGE only,2,5,qmof-e566fbb,qmof-c0f392b,0.0,,previous final-masked protocol distance
photocatalytic MOFs with suitable band gaps,51,GraphSAGE only,3,4,qmof-ac6a77a,qmof-cef46c3,0.0,,previous final-masked protocol distance
photocatalytic MOFs with suitable band gaps,51,GraphSAGE only,3,5,qmof-ac6a77a,qmof-c0f392b,0.0,,previous final-masked protocol distance
photocatalytic MOFs with suitable band gaps,51,GraphSAGE only,4,5,qmof-cef46c3,qmof-c0f392b,0.0,,previous final-masked protocol distance
photocatalytic MOFs with suitable band gaps,51,LEA,1,2,qmof-c0f392b,qmof-cef46c3,0.0,,previous final-masked protocol distance
photocatalytic MOFs with suitable band gaps,51,LEA,1,3,qmof-c0f392b,qmof-e566fbb,0.0,,previous final-masked protocol distance
photocatalytic MOFs with suitable band gaps,51,LEA,1,4,qmof-c0f392b,qmof-ac6a77a,0.0,,previous final-masked protocol distance
photocatalytic MOFs with suitable band gaps,51,LEA,1,5,qmof-c0f392b,qmof-13a76dd,0.0,,previous final-masked protocol distance
photocatalytic MOFs with suitable band gaps,51,LEA,2,3,qmof-cef46c3,qmof-e566fbb,0.0,,previous final-masked protocol distance
photocatalytic MOFs with suitable band gaps,51,LEA,2,4,qmof-cef46c3,qmof-ac6a77a,0.0,,previous final-masked protocol distance
photocatalytic MOFs with suitable band gaps,51,LEA,2,5,qmof-cef46c3,qmof-13a76dd,0.0,,previous final-masked protocol distance
photocatalytic MOFs with suitable band gaps,51,LEA,3,4,qmof-e566fbb,qmof-ac6a77a,0.0,,previous final-masked protocol distance
photocatalytic MOFs with suitable band gaps,51,LEA,3,5,qmof-e566fbb,qmof-13a76dd,0.0,,previous final-masked protocol distance
photocatalytic MOFs with suitable band gaps,51,LEA,4,5,qmof-ac6a77a,qmof-13a76dd,0.0,,previous final-masked protocol distance
photocatalytic MOFs with suitable band gaps,51,LEA no diversity,1,2,qmof-c0f392b,qmof-cef46c3,0.0,,previous final-masked protocol distance
photocatalytic MOFs with suitable band gaps,51,LEA no diversity,1,3,qmof-c0f392b,qmof-e566fbb,0.0,,previous final-masked protocol distance
photocatalytic MOFs with suitable band gaps,51,LEA no diversity,1,4,qmof-c0f392b,qmof-ac6a77a,0.0,,previous final-masked protocol distance
photocatalytic MOFs with suitable band gaps,51,LEA no diversity,1,5,qmof-c0f392b,qmof-13a76dd,0.0,,previous final-masked protocol distance
photocatalytic MOFs with suitable band gaps,51,LEA no diversity,2,3,qmof-cef46c3,qmof-e566fbb,0.0,,previous final-masked protocol distance
photocatalytic MOFs with suitable band gaps,51,LEA no diversity,2,4,qmof-cef46c3,qmof-ac6a77a,0.0,,previous final-masked protocol distance
photocatalytic MOFs with suitable band gaps,51,LEA no diversity,2,5,qmof-cef46c3,qmof-13a76dd,0.0,,previous final-masked protocol distance
photocatalytic MOFs with suitable band gaps,51,LEA no diversity,3,4,qmof-e566fbb,qmof-ac6a77a,0.0,,previous final-masked protocol distance
photocatalytic MOFs with suitable band gaps,51,LEA no diversity,3,5,qmof-e566fbb,qmof-13a76dd,0.0,,previous final-masked protocol distance
photocatalytic MOFs with suitable band gaps,51,LEA no diversity,4,5,qmof-ac6a77a,qmof-13a76dd,0.0,,previous final-masked protocol distance
photocatalytic MOFs with suitable band gaps,51,LEA no self-cleaning,1,2,qmof-c0f392b,qmof-cef46c3,0.0,,previous final-masked protocol distance
photocatalytic MOFs with suitable band gaps,51,LEA no self-cleaning,1,3,qmof-c0f392b,qmof-e566fbb,0.0,,previous final-masked protocol distance
photocatalytic MOFs with suitable band gaps,51,LEA no self-cleaning,1,4,qmof-c0f392b,qmof-ac6a77a,0.0,,previous final-masked protocol distance
photocatalytic MOFs with suitable band gaps,51,LEA no self-cleaning,1,5,qmof-c0f392b,qmof-13a76dd,0.0,,previous final-masked protocol distance
photocatalytic MOFs with suitable band gaps,51,LEA no self-cleaning,2,3,qmof-cef46c3,qmof-e566fbb,0.0,,previous final-masked protocol distance
photocatalytic MOFs with suitable band gaps,51,LEA no self-cleaning,2,4,qmof-cef46c3,qmof-ac6a77a,0.0,,previous final-masked protocol distance
photocatalytic MOFs with suitable band gaps,51,LEA no self-cleaning,2,5,qmof-cef46c3,qmof-13a76dd,0.0,,previous final-masked protocol distance
photocatalytic MOFs with suitable band gaps,51,LEA no self-cleaning,3,4,qmof-e566fbb,qmof-ac6a77a,0.0,,previous final-masked protocol distance
photocatalytic MOFs with suitable band gaps,51,LEA no self-cleaning,3,5,qmof-e566fbb,qmof-13a76dd,0.0,,previous final-masked protocol distance
photocatalytic MOFs with suitable band gaps,51,LEA no self-cleaning,4,5,qmof-ac6a77a,qmof-13a76dd,0.0,,previous final-masked protocol distance
photocatalytic MOFs with suitable band gaps,51,LEA + GAT,1,2,qmof-13a76dd,qmof-e566fbb,0.0,,previous final-masked protocol distance
photocatalytic MOFs with suitable band gaps,51,LEA + GAT,1,3,qmof-13a76dd,qmof-cef46c3,0.0,,previous final-masked protocol distance
photocatalytic MOFs with suitable band gaps,51,LEA + GAT,1,4,qmof-13a76dd,qmof-c0f392b,0.0,,previous final-masked protocol distance
photocatalytic MOFs with suitable band gaps,51,LEA + GAT,1,5,qmof-13a76dd,qmof-ac6a77a,0.0,,previous final-masked protocol distance
photocatalytic MOFs with suitable band gaps,51,LEA + GAT,2,3,qmof-e566fbb,qmof-cef46c3,0.0,,previous final-masked protocol distance
photocatalytic MOFs with suitable band gaps,51,LEA + GAT,2,4,qmof-e566fbb,qmof-c0f392b,0.0,,previous final-masked protocol distance
photocatalytic MOFs with suitable band gaps,51,LEA + GAT,2,5,qmof-e566fbb,qmof-ac6a77a,0.0,,previous final-masked protocol distance
photocatalytic MOFs with suitable band gaps,51,LEA + GAT,3,4,qmof-cef46c3,qmof-c0f392b,0.0,,previous final-masked protocol distance
photocatalytic MOFs with suitable band gaps,51,LEA + GAT,3,5,qmof-cef46c3,qmof-ac6a77a,0.0,,previous final-masked protocol distance
photocatalytic MOFs with suitable band gaps,51,LEA + GAT,4,5,qmof-c0f392b,qmof-ac6a77a,0.0,,previous final-masked protocol distance
photocatalytic MOFs with suitable band gaps,51,LEA + GraphSAGE,1,2,qmof-13a76dd,qmof-e566fbb,0.0,,previous final-masked protocol distance
photocatalytic MOFs with suitable band gaps,51,LEA + GraphSAGE,1,3,qmof-13a76dd,qmof-ac6a77a,0.0,,previous final-masked protocol distance
photocatalytic MOFs with suitable band gaps,51,LEA + GraphSAGE,1,4,qmof-13a76dd,qmof-cef46c3,0.0,,previous final-masked protocol distance
photocatalytic MOFs with suitable band gaps,51,LEA + GraphSAGE,1,5,qmof-13a76dd,qmof-c0f392b,0.0,,previous final-masked protocol distance
photocatalytic MOFs with suitable band gaps,51,LEA + GraphSAGE,2,3,qmof-e566fbb,qmof-ac6a77a,0.0,,previous final-masked protocol distance
photocatalytic MOFs with suitable band gaps,51,LEA + GraphSAGE,2,4,qmof-e566fbb,qmof-cef46c3,0.0,,previous final-masked protocol distance
photocatalytic MOFs with suitable band gaps,51,LEA + GraphSAGE,2,5,qmof-e566fbb,qmof-c0f392b,0.0,,previous final-masked protocol distance
photocatalytic MOFs with suitable band gaps,51,LEA + GraphSAGE,3,4,qmof-ac6a77a,qmof-cef46c3,0.0,,previous final-masked protocol distance
photocatalytic MOFs with suitable band gaps,51,LEA + GraphSAGE,3,5,qmof-ac6a77a,qmof-c0f392b,0.0,,previous final-masked protocol distance
photocatalytic MOFs with suitable band gaps,51,LEA + GraphSAGE,4,5,qmof-cef46c3,qmof-c0f392b,0.0,,previous final-masked protocol distance
photocatalytic MOFs with suitable band gaps,51,MMR,1,2,qmof-13a76dd,qmof-ac6a77a,0.0,,previous final-masked protocol distance
photocatalytic MOFs with suitable band gaps,51,MMR,1,3,qmof-13a76dd,qmof-e566fbb,0.0,,previous final-masked protocol distance
photocatalytic MOFs with suitable band gaps,51,MMR,1,4,qmof-13a76dd,qmof-cef46c3,0.0,,previous final-masked protocol distance
photocatalytic MOFs with suitable band gaps,51,MMR,1,5,qmof-13a76dd,qmof-c0f392b,0.0,,previous final-masked protocol distance
photocatalytic MOFs with suitable band gaps,51,MMR,2,3,qmof-ac6a77a,qmof-e566fbb,0.0,,previous final-masked protocol distance
photocatalytic MOFs with suitable band gaps,51,MMR,2,4,qmof-ac6a77a,qmof-cef46c3,0.0,,previous final-masked protocol distance
photocatalytic MOFs with suitable band gaps,51,MMR,2,5,qmof-ac6a77a,qmof-c0f392b,0.0,,previous final-masked protocol distance
photocatalytic MOFs with suitable band gaps,51,MMR,3,4,qmof-e566fbb,qmof-cef46c3,0.0,,previous final-masked protocol distance
photocatalytic MOFs with suitable band gaps,51,MMR,3,5,qmof-e566fbb,qmof-c0f392b,0.0,,previous final-masked protocol distance
photocatalytic MOFs with suitable band gaps,51,MMR,4,5,qmof-cef46c3,qmof-c0f392b,0.0,,previous final-masked protocol distance
photocatalytic MOFs with suitable band gaps,51,ParetoCrowding,1,2,qmof-e566fbb,qmof-cef46c3,0.0,,previous final-masked protocol distance
photocatalytic MOFs with suitable band gaps,51,ParetoCrowding,1,3,qmof-e566fbb,qmof-c0f392b,0.0,,previous final-masked protocol distance
photocatalytic MOFs with suitable band gaps,51,ParetoCrowding,1,4,qmof-e566fbb,qmof-ac6a77a,0.0,,previous final-masked protocol distance
photocatalytic MOFs with suitable band gaps,51,ParetoCrowding,1,5,qmof-e566fbb,qmof-13a76dd,0.0,,previous final-masked protocol distance
photocatalytic MOFs with suitable band gaps,51,ParetoCrowding,2,3,qmof-cef46c3,qmof-c0f392b,0.0,,previous final-masked protocol distance
photocatalytic MOFs with suitable band gaps,51,ParetoCrowding,2,4,qmof-cef46c3,qmof-ac6a77a,0.0,,previous final-masked protocol distance
photocatalytic MOFs with suitable band gaps,51,ParetoCrowding,2,5,qmof-cef46c3,qmof-13a76dd,0.0,,previous final-masked protocol distance
photocatalytic MOFs with suitable band gaps,51,ParetoCrowding,3,4,qmof-c0f392b,qmof-ac6a77a,0.0,,previous final-masked protocol distance
photocatalytic MOFs with suitable band gaps,51,ParetoCrowding,3,5,qmof-c0f392b,qmof-13a76dd,0.0,,previous final-masked protocol distance
photocatalytic MOFs with suitable band gaps,51,ParetoCrowding,4,5,qmof-ac6a77a,qmof-13a76dd,0.0,,previous final-masked protocol distance
photocatalytic MOFs with suitable band gaps,51,Random,1,2,qmof-add50d6,qmof-e566fbb,0.21213203435596428,,previous final-masked protocol distance
photocatalytic MOFs with suitable band gaps,51,Random,1,3,qmof-add50d6,qmof-67a153c,0.0,,previous final-masked protocol distance
photocatalytic MOFs with suitable band gaps,51,Random,1,4,qmof-add50d6,qmof-a6c2dc0,0.0,,previous final-masked protocol distance
photocatalytic MOFs with suitable band gaps,51,Random,1,5,qmof-add50d6,qmof-1275871,0.0,,previous final-masked protocol distance
photocatalytic MOFs with suitable band gaps,51,Random,2,3,qmof-e566fbb,qmof-67a153c,0.21213203435596428,,previous final-masked protocol distance
photocatalytic MOFs with suitable band gaps,51,Random,2,4,qmof-e566fbb,qmof-a6c2dc0,0.21213203435596428,,previous final-masked protocol distance
photocatalytic MOFs with suitable band gaps,51,Random,2,5,qmof-e566fbb,qmof-1275871,0.21213203435596428,,previous final-masked protocol distance
photocatalytic MOFs with suitable band gaps,51,Random,3,4,qmof-67a153c,qmof-a6c2dc0,0.0,,previous final-masked protocol distance
photocatalytic MOFs with suitable band gaps,51,Random,3,5,qmof-67a153c,qmof-1275871,0.0,,previous final-masked protocol distance
photocatalytic MOFs with suitable band gaps,51,Random,4,5,qmof-a6c2dc0,qmof-1275871,0.0,,previous final-masked protocol distance
photocatalytic MOFs with suitable band gaps,51,SemanticOnly,1,2,qmof-fcef258,qmof-f667b4f,0.0,,previous final-masked protocol distance
photocatalytic MOFs with suitable band gaps,51,SemanticOnly,1,3,qmof-fcef258,qmof-ee705c4,0.0,,previous final-masked protocol distance
photocatalytic MOFs with suitable band gaps,51,SemanticOnly,1,4,qmof-fcef258,qmof-ee02e1d,0.0,,previous final-masked protocol distance
photocatalytic MOFs with suitable band gaps,51,SemanticOnly,1,5,qmof-fcef258,qmof-e8cc479,0.0,,previous final-masked protocol distance
photocatalytic MOFs with suitable band gaps,51,SemanticOnly,2,3,qmof-f667b4f,qmof-ee705c4,0.0,,previous final-masked protocol distance
photocatalytic MOFs with suitable band gaps,51,SemanticOnly,2,4,qmof-f667b4f,qmof-ee02e1d,0.0,,previous final-masked protocol distance
photocatalytic MOFs with suitable band gaps,51,SemanticOnly,2,5,qmof-f667b4f,qmof-e8cc479,0.0,,previous final-masked protocol distance
photocatalytic MOFs with suitable band gaps,51,SemanticOnly,3,4,qmof-ee705c4,qmof-ee02e1d,0.0,,previous final-masked protocol distance
photocatalytic MOFs with suitable band gaps,51,SemanticOnly,3,5,qmof-ee705c4,qmof-e8cc479,0.0,,previous final-masked protocol distance
photocatalytic MOFs with suitable band gaps,51,SemanticOnly,4,5,qmof-ee02e1d,qmof-e8cc479,0.0,,previous final-masked protocol distance
photocatalytic MOFs with suitable band gaps,51,TOPSIS,1,2,qmof-e566fbb,qmof-cef46c3,0.0,,previous final-masked protocol distance
photocatalytic MOFs with suitable band gaps,51,TOPSIS,1,3,qmof-e566fbb,qmof-c0f392b,0.0,,previous final-masked protocol distance
photocatalytic MOFs with suitable band gaps,51,TOPSIS,1,4,qmof-e566fbb,qmof-ac6a77a,0.0,,previous final-masked protocol distance
photocatalytic MOFs with suitable band gaps,51,TOPSIS,1,5,qmof-e566fbb,qmof-13a76dd,0.0,,previous final-masked protocol distance
photocatalytic MOFs with suitable band gaps,51,TOPSIS,2,3,qmof-cef46c3,qmof-c0f392b,0.0,,previous final-masked protocol distance
photocatalytic MOFs with suitable band gaps,51,TOPSIS,2,4,qmof-cef46c3,qmof-ac6a77a,0.0,,previous final-masked protocol distance
photocatalytic MOFs with suitable band gaps,51,TOPSIS,2,5,qmof-cef46c3,qmof-13a76dd,0.0,,previous final-masked protocol distance
photocatalytic MOFs with suitable band gaps,51,TOPSIS,3,4,qmof-c0f392b,qmof-ac6a77a,0.0,,previous final-masked protocol distance
photocatalytic MOFs with suitable band gaps,51,TOPSIS,3,5,qmof-c0f392b,qmof-13a76dd,0.0,,previous final-masked protocol distance
photocatalytic MOFs with suitable band gaps,51,TOPSIS,4,5,qmof-ac6a77a,qmof-13a76dd,0.0,,previous final-masked protocol distance
photocatalytic MOFs with suitable band gaps,51,WeightedSum,1,2,qmof-e566fbb,qmof-cef46c3,0.0,,previous final-masked protocol distance
photocatalytic MOFs with suitable band gaps,51,WeightedSum,1,3,qmof-e566fbb,qmof-c0f392b,0.0,,previous final-masked protocol distance
photocatalytic MOFs with suitable band gaps,51,WeightedSum,1,4,qmof-e566fbb,qmof-ac6a77a,0.0,,previous final-masked protocol distance
photocatalytic MOFs with suitable band gaps,51,WeightedSum,1,5,qmof-e566fbb,qmof-13a76dd,0.0,,previous final-masked protocol distance
photocatalytic MOFs with suitable band gaps,51,WeightedSum,2,3,qmof-cef46c3,qmof-c0f392b,0.0,,previous final-masked protocol distance
photocatalytic MOFs with suitable band gaps,51,WeightedSum,2,4,qmof-cef46c3,qmof-ac6a77a,0.0,,previous final-masked protocol distance
photocatalytic MOFs with suitable band gaps,51,WeightedSum,2,5,qmof-cef46c3,qmof-13a76dd,0.0,,previous final-masked protocol distance
photocatalytic MOFs with suitable band gaps,51,WeightedSum,3,4,qmof-c0f392b,qmof-ac6a77a,0.0,,previous final-masked protocol distance
photocatalytic MOFs with suitable band gaps,51,WeightedSum,3,5,qmof-c0f392b,qmof-13a76dd,0.0,,previous final-masked protocol distance
photocatalytic MOFs with suitable band gaps,51,WeightedSum,4,5,qmof-ac6a77a,qmof-13a76dd,0.0,,previous final-masked protocol distance
lightweight gas storage MOFs with low density,42,GAT only,1,2,qmof-13a76dd,qmof-235f291,0.0,,previous final-masked protocol distance
lightweight gas storage MOFs with low density,42,GAT only,1,3,qmof-13a76dd,qmof-e566fbb,0.0,,previous final-masked protocol distance
lightweight gas storage MOFs with low density,42,GAT only,1,4,qmof-13a76dd,qmof-cef46c3,0.0,,previous final-masked protocol distance
lightweight gas storage MOFs with low density,42,GAT only,1,5,qmof-13a76dd,qmof-a1a5849,0.0,,previous final-masked protocol distance
lightweight gas storage MOFs with low density,42,GAT only,2,3,qmof-235f291,qmof-e566fbb,0.0,,previous final-masked protocol distance
lightweight gas storage MOFs with low density,42,GAT only,2,4,qmof-235f291,qmof-cef46c3,0.0,,previous final-masked protocol distance
lightweight gas storage MOFs with low density,42,GAT only,2,5,qmof-235f291,qmof-a1a5849,0.0,,previous final-masked protocol distance
lightweight gas storage MOFs with low density,42,GAT only,3,4,qmof-e566fbb,qmof-cef46c3,0.0,,previous final-masked protocol distance
lightweight gas storage MOFs with low density,42,GAT only,3,5,qmof-e566fbb,qmof-a1a5849,0.0,,previous final-masked protocol distance
lightweight gas storage MOFs with low density,42,GAT only,4,5,qmof-cef46c3,qmof-a1a5849,0.0,,previous final-masked protocol distance
lightweight gas storage MOFs with low density,42,GraphSAGE only,1,2,qmof-13a76dd,qmof-e566fbb,0.0,,previous final-masked protocol distance
lightweight gas storage MOFs with low density,42,GraphSAGE only,1,3,qmof-13a76dd,qmof-235f291,0.0,,previous final-masked protocol distance
lightweight gas storage MOFs with low density,42,GraphSAGE only,1,4,qmof-13a76dd,qmof-a1a5849,0.0,,previous final-masked protocol distance
lightweight gas storage MOFs with low density,42,GraphSAGE only,1,5,qmof-13a76dd,qmof-ac6a77a,0.0,,previous final-masked protocol distance
lightweight gas storage MOFs with low density,42,GraphSAGE only,2,3,qmof-e566fbb,qmof-235f291,0.0,,previous final-masked protocol distance
lightweight gas storage MOFs with low density,42,GraphSAGE only,2,4,qmof-e566fbb,qmof-a1a5849,0.0,,previous final-masked protocol distance
lightweight gas storage MOFs with low density,42,GraphSAGE only,2,5,qmof-e566fbb,qmof-ac6a77a,0.0,,previous final-masked protocol distance
lightweight gas storage MOFs with low density,42,GraphSAGE only,3,4,qmof-235f291,qmof-a1a5849,0.0,,previous final-masked protocol distance
lightweight gas storage MOFs with low density,42,GraphSAGE only,3,5,qmof-235f291,qmof-ac6a77a,0.0,,previous final-masked protocol distance
lightweight gas storage MOFs with low density,42,GraphSAGE only,4,5,qmof-a1a5849,qmof-ac6a77a,0.0,,previous final-masked protocol distance
lightweight gas storage MOFs with low density,42,LEA,1,2,qmof-ac6a77a,qmof-235f291,0.0,,previous final-masked protocol distance
lightweight gas storage MOFs with low density,42,LEA,1,3,qmof-ac6a77a,qmof-c0f392b,0.0,,previous final-masked protocol distance
lightweight gas storage MOFs with low density,42,LEA,1,4,qmof-ac6a77a,qmof-a1a5849,0.0,,previous final-masked protocol distance
lightweight gas storage MOFs with low density,42,LEA,1,5,qmof-ac6a77a,qmof-cef46c3,0.0,,previous final-masked protocol distance
lightweight gas storage MOFs with low density,42,LEA,2,3,qmof-235f291,qmof-c0f392b,0.0,,previous final-masked protocol distance
lightweight gas storage MOFs with low density,42,LEA,2,4,qmof-235f291,qmof-a1a5849,0.0,,previous final-masked protocol distance
lightweight gas storage MOFs with low density,42,LEA,2,5,qmof-235f291,qmof-cef46c3,0.0,,previous final-masked protocol distance
lightweight gas storage MOFs with low density,42,LEA,3,4,qmof-c0f392b,qmof-a1a5849,0.0,,previous final-masked protocol distance
lightweight gas storage MOFs with low density,42,LEA,3,5,qmof-c0f392b,qmof-cef46c3,0.0,,previous final-masked protocol distance
lightweight gas storage MOFs with low density,42,LEA,4,5,qmof-a1a5849,qmof-cef46c3,0.0,,previous final-masked protocol distance
lightweight gas storage MOFs with low density,42,LEA no diversity,1,2,qmof-ac6a77a,qmof-235f291,0.0,,previous final-masked protocol distance
lightweight gas storage MOFs with low density,42,LEA no diversity,1,3,qmof-ac6a77a,qmof-c0f392b,0.0,,previous final-masked protocol distance
lightweight gas storage MOFs with low density,42,LEA no diversity,1,4,qmof-ac6a77a,qmof-a1a5849,0.0,,previous final-masked protocol distance
lightweight gas storage MOFs with low density,42,LEA no diversity,1,5,qmof-ac6a77a,qmof-cef46c3,0.0,,previous final-masked protocol distance
lightweight gas storage MOFs with low density,42,LEA no diversity,2,3,qmof-235f291,qmof-c0f392b,0.0,,previous final-masked protocol distance
lightweight gas storage MOFs with low density,42,LEA no diversity,2,4,qmof-235f291,qmof-a1a5849,0.0,,previous final-masked protocol distance
lightweight gas storage MOFs with low density,42,LEA no diversity,2,5,qmof-235f291,qmof-cef46c3,0.0,,previous final-masked protocol distance
lightweight gas storage MOFs with low density,42,LEA no diversity,3,4,qmof-c0f392b,qmof-a1a5849,0.0,,previous final-masked protocol distance
lightweight gas storage MOFs with low density,42,LEA no diversity,3,5,qmof-c0f392b,qmof-cef46c3,0.0,,previous final-masked protocol distance
lightweight gas storage MOFs with low density,42,LEA no diversity,4,5,qmof-a1a5849,qmof-cef46c3,0.0,,previous final-masked protocol distance
lightweight gas storage MOFs with low density,42,LEA no self-cleaning,1,2,qmof-ac6a77a,qmof-235f291,0.0,,previous final-masked protocol distance
lightweight gas storage MOFs with low density,42,LEA no self-cleaning,1,3,qmof-ac6a77a,qmof-c0f392b,0.0,,previous final-masked protocol distance
lightweight gas storage MOFs with low density,42,LEA no self-cleaning,1,4,qmof-ac6a77a,qmof-a1a5849,0.0,,previous final-masked protocol distance
lightweight gas storage MOFs with low density,42,LEA no self-cleaning,1,5,qmof-ac6a77a,qmof-cef46c3,0.0,,previous final-masked protocol distance
lightweight gas storage MOFs with low density,42,LEA no self-cleaning,2,3,qmof-235f291,qmof-c0f392b,0.0,,previous final-masked protocol distance
lightweight gas storage MOFs with low density,42,LEA no self-cleaning,2,4,qmof-235f291,qmof-a1a5849,0.0,,previous final-masked protocol distance
lightweight gas storage MOFs with low density,42,LEA no self-cleaning,2,5,qmof-235f291,qmof-cef46c3,0.0,,previous final-masked protocol distance
lightweight gas storage MOFs with low density,42,LEA no self-cleaning,3,4,qmof-c0f392b,qmof-a1a5849,0.0,,previous final-masked protocol distance
lightweight gas storage MOFs with low density,42,LEA no self-cleaning,3,5,qmof-c0f392b,qmof-cef46c3,0.0,,previous final-masked protocol distance
lightweight gas storage MOFs with low density,42,LEA no self-cleaning,4,5,qmof-a1a5849,qmof-cef46c3,0.0,,previous final-masked protocol distance
lightweight gas storage MOFs with low density,42,LEA + GAT,1,2,qmof-13a76dd,qmof-235f291,0.0,,previous final-masked protocol distance
lightweight gas storage MOFs with low density,42,LEA + GAT,1,3,qmof-13a76dd,qmof-e566fbb,0.0,,previous final-masked protocol distance
lightweight gas storage MOFs with low density,42,LEA + GAT,1,4,qmof-13a76dd,qmof-cef46c3,0.0,,previous final-masked protocol distance
lightweight gas storage MOFs with low density,42,LEA + GAT,1,5,qmof-13a76dd,qmof-a1a5849,0.0,,previous final-masked protocol distance
lightweight gas storage MOFs with low density,42,LEA + GAT,2,3,qmof-235f291,qmof-e566fbb,0.0,,previous final-masked protocol distance
lightweight gas storage MOFs with low density,42,LEA + GAT,2,4,qmof-235f291,qmof-cef46c3,0.0,,previous final-masked protocol distance
lightweight gas storage MOFs with low density,42,LEA + GAT,2,5,qmof-235f291,qmof-a1a5849,0.0,,previous final-masked protocol distance
lightweight gas storage MOFs with low density,42,LEA + GAT,3,4,qmof-e566fbb,qmof-cef46c3,0.0,,previous final-masked protocol distance
lightweight gas storage MOFs with low density,42,LEA + GAT,3,5,qmof-e566fbb,qmof-a1a5849,0.0,,previous final-masked protocol distance
lightweight gas storage MOFs with low density,42,LEA + GAT,4,5,qmof-cef46c3,qmof-a1a5849,0.0,,previous final-masked protocol distance
lightweight gas storage MOFs with low density,42,LEA + GraphSAGE,1,2,qmof-13a76dd,qmof-e566fbb,0.0,,previous final-masked protocol distance
lightweight gas storage MOFs with low density,42,LEA + GraphSAGE,1,3,qmof-13a76dd,qmof-235f291,0.0,,previous final-masked protocol distance
lightweight gas storage MOFs with low density,42,LEA + GraphSAGE,1,4,qmof-13a76dd,qmof-a1a5849,0.0,,previous final-masked protocol distance
lightweight gas storage MOFs with low density,42,LEA + GraphSAGE,1,5,qmof-13a76dd,qmof-ac6a77a,0.0,,previous final-masked protocol distance
lightweight gas storage MOFs with low density,42,LEA + GraphSAGE,2,3,qmof-e566fbb,qmof-235f291,0.0,,previous final-masked protocol distance
lightweight gas storage MOFs with low density,42,LEA + GraphSAGE,2,4,qmof-e566fbb,qmof-a1a5849,0.0,,previous final-masked protocol distance
lightweight gas storage MOFs with low density,42,LEA + GraphSAGE,2,5,qmof-e566fbb,qmof-ac6a77a,0.0,,previous final-masked protocol distance
lightweight gas storage MOFs with low density,42,LEA + GraphSAGE,3,4,qmof-235f291,qmof-a1a5849,0.0,,previous final-masked protocol distance
lightweight gas storage MOFs with low density,42,LEA + GraphSAGE,3,5,qmof-235f291,qmof-ac6a77a,0.0,,previous final-masked protocol distance
lightweight gas storage MOFs with low density,42,LEA + GraphSAGE,4,5,qmof-a1a5849,qmof-ac6a77a,0.0,,previous final-masked protocol distance
lightweight gas storage MOFs with low density,42,MMR,1,2,qmof-13a76dd,qmof-e566fbb,0.0,,previous final-masked protocol distance
lightweight gas storage MOFs with low density,42,MMR,1,3,qmof-13a76dd,qmof-cef46c3,0.0,,previous final-masked protocol distance
lightweight gas storage MOFs with low density,42,MMR,1,4,qmof-13a76dd,qmof-a1a5849,0.0,,previous final-masked protocol distance
lightweight gas storage MOFs with low density,42,MMR,1,5,qmof-13a76dd,qmof-c0f392b,0.0,,previous final-masked protocol distance
lightweight gas storage MOFs with low density,42,MMR,2,3,qmof-e566fbb,qmof-cef46c3,0.0,,previous final-masked protocol distance
lightweight gas storage MOFs with low density,42,MMR,2,4,qmof-e566fbb,qmof-a1a5849,0.0,,previous final-masked protocol distance
lightweight gas storage MOFs with low density,42,MMR,2,5,qmof-e566fbb,qmof-c0f392b,0.0,,previous final-masked protocol distance
lightweight gas storage MOFs with low density,42,MMR,3,4,qmof-cef46c3,qmof-a1a5849,0.0,,previous final-masked protocol distance
lightweight gas storage MOFs with low density,42,MMR,3,5,qmof-cef46c3,qmof-c0f392b,0.0,,previous final-masked protocol distance
lightweight gas storage MOFs with low density,42,MMR,4,5,qmof-a1a5849,qmof-c0f392b,0.0,,previous final-masked protocol distance
lightweight gas storage MOFs with low density,42,ParetoCrowding,1,2,qmof-e566fbb,qmof-cef46c3,0.0,,previous final-masked protocol distance
lightweight gas storage MOFs with low density,42,ParetoCrowding,1,3,qmof-e566fbb,qmof-c0f392b,0.0,,previous final-masked protocol distance
lightweight gas storage MOFs with low density,42,ParetoCrowding,1,4,qmof-e566fbb,qmof-ac6a77a,0.0,,previous final-masked protocol distance
lightweight gas storage MOFs with low density,42,ParetoCrowding,1,5,qmof-e566fbb,qmof-a1a5849,0.0,,previous final-masked protocol distance
lightweight gas storage MOFs with low density,42,ParetoCrowding,2,3,qmof-cef46c3,qmof-c0f392b,0.0,,previous final-masked protocol distance
lightweight gas storage MOFs with low density,42,ParetoCrowding,2,4,qmof-cef46c3,qmof-ac6a77a,0.0,,previous final-masked protocol distance
lightweight gas storage MOFs with low density,42,ParetoCrowding,2,5,qmof-cef46c3,qmof-a1a5849,0.0,,previous final-masked protocol distance
lightweight gas storage MOFs with low density,42,ParetoCrowding,3,4,qmof-c0f392b,qmof-ac6a77a,0.0,,previous final-masked protocol distance
lightweight gas storage MOFs with low density,42,ParetoCrowding,3,5,qmof-c0f392b,qmof-a1a5849,0.0,,previous final-masked protocol distance
lightweight gas storage MOFs with low density,42,ParetoCrowding,4,5,qmof-ac6a77a,qmof-a1a5849,0.0,,previous final-masked protocol distance
lightweight gas storage MOFs with low density,42,Random,1,2,qmof-8c2e3e2,qmof-5ec1870,0.0,,previous final-masked protocol distance
lightweight gas storage MOFs with low density,42,Random,1,3,qmof-8c2e3e2,qmof-74d6dbe,0.0,,previous final-masked protocol distance
lightweight gas storage MOFs with low density,42,Random,1,4,qmof-8c2e3e2,qmof-14332ab,0.0,,previous final-masked protocol distance
lightweight gas storage MOFs with low density,42,Random,1,5,qmof-8c2e3e2,qmof-d038f1b,0.0,,previous final-masked protocol distance
lightweight gas storage MOFs with low density,42,Random,2,3,qmof-5ec1870,qmof-74d6dbe,0.0,,previous final-masked protocol distance
lightweight gas storage MOFs with low density,42,Random,2,4,qmof-5ec1870,qmof-14332ab,0.0,,previous final-masked protocol distance
lightweight gas storage MOFs with low density,42,Random,2,5,qmof-5ec1870,qmof-d038f1b,0.0,,previous final-masked protocol distance
lightweight gas storage MOFs with low density,42,Random,3,4,qmof-74d6dbe,qmof-14332ab,0.0,,previous final-masked protocol distance
lightweight gas storage MOFs with low density,42,Random,3,5,qmof-74d6dbe,qmof-d038f1b,0.0,,previous final-masked protocol distance
lightweight gas storage MOFs with low density,42,Random,4,5,qmof-14332ab,qmof-d038f1b,0.0,,previous final-masked protocol distance
lightweight gas storage MOFs with low density,42,SemanticOnly,1,2,qmof-ff091c1,qmof-fde6499,0.0,,previous final-masked protocol distance
lightweight gas storage MOFs with low density,42,SemanticOnly,1,3,qmof-ff091c1,qmof-fbe14b0,0.0,,previous final-masked protocol distance
lightweight gas storage MOFs with low density,42,SemanticOnly,1,4,qmof-ff091c1,qmof-fa666a1,0.0,,previous final-masked protocol distance
lightweight gas storage MOFs with low density,42,SemanticOnly,1,5,qmof-ff091c1,qmof-f82b5e3,0.0,,previous final-masked protocol distance
lightweight gas storage MOFs with low density,42,SemanticOnly,2,3,qmof-fde6499,qmof-fbe14b0,0.0,,previous final-masked protocol distance
lightweight gas storage MOFs with low density,42,SemanticOnly,2,4,qmof-fde6499,qmof-fa666a1,0.0,,previous final-masked protocol distance
lightweight gas storage MOFs with low density,42,SemanticOnly,2,5,qmof-fde6499,qmof-f82b5e3,0.0,,previous final-masked protocol distance
lightweight gas storage MOFs with low density,42,SemanticOnly,3,4,qmof-fbe14b0,qmof-fa666a1,0.0,,previous final-masked protocol distance
lightweight gas storage MOFs with low density,42,SemanticOnly,3,5,qmof-fbe14b0,qmof-f82b5e3,0.0,,previous final-masked protocol distance
lightweight gas storage MOFs with low density,42,SemanticOnly,4,5,qmof-fa666a1,qmof-f82b5e3,0.0,,previous final-masked protocol distance
lightweight gas storage MOFs with low density,42,TOPSIS,1,2,qmof-e566fbb,qmof-cef46c3,0.0,,previous final-masked protocol distance
lightweight gas storage MOFs with low density,42,TOPSIS,1,3,qmof-e566fbb,qmof-c0f392b,0.0,,previous final-masked protocol distance
lightweight gas storage MOFs with low density,42,TOPSIS,1,4,qmof-e566fbb,qmof-ac6a77a,0.0,,previous final-masked protocol distance
lightweight gas storage MOFs with low density,42,TOPSIS,1,5,qmof-e566fbb,qmof-a1a5849,0.0,,previous final-masked protocol distance
lightweight gas storage MOFs with low density,42,TOPSIS,2,3,qmof-cef46c3,qmof-c0f392b,0.0,,previous final-masked protocol distance
lightweight gas storage MOFs with low density,42,TOPSIS,2,4,qmof-cef46c3,qmof-ac6a77a,0.0,,previous final-masked protocol distance
lightweight gas storage MOFs with low density,42,TOPSIS,2,5,qmof-cef46c3,qmof-a1a5849,0.0,,previous final-masked protocol distance
lightweight gas storage MOFs with low density,42,TOPSIS,3,4,qmof-c0f392b,qmof-ac6a77a,0.0,,previous final-masked protocol distance
lightweight gas storage MOFs with low density,42,TOPSIS,3,5,qmof-c0f392b,qmof-a1a5849,0.0,,previous final-masked protocol distance
lightweight gas storage MOFs with low density,42,TOPSIS,4,5,qmof-ac6a77a,qmof-a1a5849,0.0,,previous final-masked protocol distance
lightweight gas storage MOFs with low density,42,WeightedSum,1,2,qmof-e566fbb,qmof-cef46c3,0.0,,previous final-masked protocol distance
lightweight gas storage MOFs with low density,42,WeightedSum,1,3,qmof-e566fbb,qmof-c0f392b,0.0,,previous final-masked protocol distance
lightweight gas storage MOFs with low density,42,WeightedSum,1,4,qmof-e566fbb,qmof-ac6a77a,0.0,,previous final-masked protocol distance
lightweight gas storage MOFs with low density,42,WeightedSum,1,5,qmof-e566fbb,qmof-a1a5849,0.0,,previous final-masked protocol distance
lightweight gas storage MOFs with low density,42,WeightedSum,2,3,qmof-cef46c3,qmof-c0f392b,0.0,,previous final-masked protocol distance
lightweight gas storage MOFs with low density,42,WeightedSum,2,4,qmof-cef46c3,qmof-ac6a77a,0.0,,previous final-masked protocol distance
lightweight gas storage MOFs with low density,42,WeightedSum,2,5,qmof-cef46c3,qmof-a1a5849,0.0,,previous final-masked protocol distance
lightweight gas storage MOFs with low density,42,WeightedSum,3,4,qmof-c0f392b,qmof-ac6a77a,0.0,,previous final-masked protocol distance
lightweight gas storage MOFs with low density,42,WeightedSum,3,5,qmof-c0f392b,qmof-a1a5849,0.0,,previous final-masked protocol distance
lightweight gas storage MOFs with low density,42,WeightedSum,4,5,qmof-ac6a77a,qmof-a1a5849,0.0,,previous final-masked protocol distance
lightweight gas storage MOFs with low density,43,GAT only,1,2,qmof-13a76dd,qmof-235f291,0.0,,previous final-masked protocol distance
lightweight gas storage MOFs with low density,43,GAT only,1,3,qmof-13a76dd,qmof-e566fbb,0.0,,previous final-masked protocol distance
lightweight gas storage MOFs with low density,43,GAT only,1,4,qmof-13a76dd,qmof-cef46c3,0.0,,previous final-masked protocol distance
lightweight gas storage MOFs with low density,43,GAT only,1,5,qmof-13a76dd,qmof-a1a5849,0.0,,previous final-masked protocol distance
lightweight gas storage MOFs with low density,43,GAT only,2,3,qmof-235f291,qmof-e566fbb,0.0,,previous final-masked protocol distance
lightweight gas storage MOFs with low density,43,GAT only,2,4,qmof-235f291,qmof-cef46c3,0.0,,previous final-masked protocol distance
lightweight gas storage MOFs with low density,43,GAT only,2,5,qmof-235f291,qmof-a1a5849,0.0,,previous final-masked protocol distance
lightweight gas storage MOFs with low density,43,GAT only,3,4,qmof-e566fbb,qmof-cef46c3,0.0,,previous final-masked protocol distance
lightweight gas storage MOFs with low density,43,GAT only,3,5,qmof-e566fbb,qmof-a1a5849,0.0,,previous final-masked protocol distance
lightweight gas storage MOFs with low density,43,GAT only,4,5,qmof-cef46c3,qmof-a1a5849,0.0,,previous final-masked protocol distance
lightweight gas storage MOFs with low density,43,GraphSAGE only,1,2,qmof-13a76dd,qmof-e566fbb,0.0,,previous final-masked protocol distance
lightweight gas storage MOFs with low density,43,GraphSAGE only,1,3,qmof-13a76dd,qmof-235f291,0.0,,previous final-masked protocol distance
lightweight gas storage MOFs with low density,43,GraphSAGE only,1,4,qmof-13a76dd,qmof-a1a5849,0.0,,previous final-masked protocol distance
lightweight gas storage MOFs with low density,43,GraphSAGE only,1,5,qmof-13a76dd,qmof-ac6a77a,0.0,,previous final-masked protocol distance
lightweight gas storage MOFs with low density,43,GraphSAGE only,2,3,qmof-e566fbb,qmof-235f291,0.0,,previous final-masked protocol distance
lightweight gas storage MOFs with low density,43,GraphSAGE only,2,4,qmof-e566fbb,qmof-a1a5849,0.0,,previous final-masked protocol distance
lightweight gas storage MOFs with low density,43,GraphSAGE only,2,5,qmof-e566fbb,qmof-ac6a77a,0.0,,previous final-masked protocol distance
lightweight gas storage MOFs with low density,43,GraphSAGE only,3,4,qmof-235f291,qmof-a1a5849,0.0,,previous final-masked protocol distance
lightweight gas storage MOFs with low density,43,GraphSAGE only,3,5,qmof-235f291,qmof-ac6a77a,0.0,,previous final-masked protocol distance
lightweight gas storage MOFs with low density,43,GraphSAGE only,4,5,qmof-a1a5849,qmof-ac6a77a,0.0,,previous final-masked protocol distance
lightweight gas storage MOFs with low density,43,LEA,1,2,qmof-cef46c3,qmof-ac6a77a,0.0,,previous final-masked protocol distance
lightweight gas storage MOFs with low density,43,LEA,1,3,qmof-cef46c3,qmof-13a76dd,0.0,,previous final-masked protocol distance
lightweight gas storage MOFs with low density,43,LEA,1,4,qmof-cef46c3,qmof-235f291,0.0,,previous final-masked protocol distance
lightweight gas storage MOFs with low density,43,LEA,1,5,qmof-cef46c3,qmof-e566fbb,0.0,,previous final-masked protocol distance
lightweight gas storage MOFs with low density,43,LEA,2,3,qmof-ac6a77a,qmof-13a76dd,0.0,,previous final-masked protocol distance
lightweight gas storage MOFs with low density,43,LEA,2,4,qmof-ac6a77a,qmof-235f291,0.0,,previous final-masked protocol distance
lightweight gas storage MOFs with low density,43,LEA,2,5,qmof-ac6a77a,qmof-e566fbb,0.0,,previous final-masked protocol distance
lightweight gas storage MOFs with low density,43,LEA,3,4,qmof-13a76dd,qmof-235f291,0.0,,previous final-masked protocol distance
lightweight gas storage MOFs with low density,43,LEA,3,5,qmof-13a76dd,qmof-e566fbb,0.0,,previous final-masked protocol distance
lightweight gas storage MOFs with low density,43,LEA,4,5,qmof-235f291,qmof-e566fbb,0.0,,previous final-masked protocol distance
lightweight gas storage MOFs with low density,43,LEA no diversity,1,2,qmof-cef46c3,qmof-ac6a77a,0.0,,previous final-masked protocol distance
lightweight gas storage MOFs with low density,43,LEA no diversity,1,3,qmof-cef46c3,qmof-13a76dd,0.0,,previous final-masked protocol distance
lightweight gas storage MOFs with low density,43,LEA no diversity,1,4,qmof-cef46c3,qmof-235f291,0.0,,previous final-masked protocol distance
lightweight gas storage MOFs with low density,43,LEA no diversity,1,5,qmof-cef46c3,qmof-e566fbb,0.0,,previous final-masked protocol distance
lightweight gas storage MOFs with low density,43,LEA no diversity,2,3,qmof-ac6a77a,qmof-13a76dd,0.0,,previous final-masked protocol distance
lightweight gas storage MOFs with low density,43,LEA no diversity,2,4,qmof-ac6a77a,qmof-235f291,0.0,,previous final-masked protocol distance
lightweight gas storage MOFs with low density,43,LEA no diversity,2,5,qmof-ac6a77a,qmof-e566fbb,0.0,,previous final-masked protocol distance
lightweight gas storage MOFs with low density,43,LEA no diversity,3,4,qmof-13a76dd,qmof-235f291,0.0,,previous final-masked protocol distance
lightweight gas storage MOFs with low density,43,LEA no diversity,3,5,qmof-13a76dd,qmof-e566fbb,0.0,,previous final-masked protocol distance
lightweight gas storage MOFs with low density,43,LEA no diversity,4,5,qmof-235f291,qmof-e566fbb,0.0,,previous final-masked protocol distance
lightweight gas storage MOFs with low density,43,LEA no self-cleaning,1,2,qmof-cef46c3,qmof-ac6a77a,0.0,,previous final-masked protocol distance
lightweight gas storage MOFs with low density,43,LEA no self-cleaning,1,3,qmof-cef46c3,qmof-13a76dd,0.0,,previous final-masked protocol distance
lightweight gas storage MOFs with low density,43,LEA no self-cleaning,1,4,qmof-cef46c3,qmof-235f291,0.0,,previous final-masked protocol distance
lightweight gas storage MOFs with low density,43,LEA no self-cleaning,1,5,qmof-cef46c3,qmof-e566fbb,0.0,,previous final-masked protocol distance
lightweight gas storage MOFs with low density,43,LEA no self-cleaning,2,3,qmof-ac6a77a,qmof-13a76dd,0.0,,previous final-masked protocol distance
lightweight gas storage MOFs with low density,43,LEA no self-cleaning,2,4,qmof-ac6a77a,qmof-235f291,0.0,,previous final-masked protocol distance
lightweight gas storage MOFs with low density,43,LEA no self-cleaning,2,5,qmof-ac6a77a,qmof-e566fbb,0.0,,previous final-masked protocol distance
lightweight gas storage MOFs with low density,43,LEA no self-cleaning,3,4,qmof-13a76dd,qmof-235f291,0.0,,previous final-masked protocol distance
lightweight gas storage MOFs with low density,43,LEA no self-cleaning,3,5,qmof-13a76dd,qmof-e566fbb,0.0,,previous final-masked protocol distance
lightweight gas storage MOFs with low density,43,LEA no self-cleaning,4,5,qmof-235f291,qmof-e566fbb,0.0,,previous final-masked protocol distance
lightweight gas storage MOFs with low density,43,LEA + GAT,1,2,qmof-13a76dd,qmof-235f291,0.0,,previous final-masked protocol distance
lightweight gas storage MOFs with low density,43,LEA + GAT,1,3,qmof-13a76dd,qmof-e566fbb,0.0,,previous final-masked protocol distance
lightweight gas storage MOFs with low density,43,LEA + GAT,1,4,qmof-13a76dd,qmof-cef46c3,0.0,,previous final-masked protocol distance
lightweight gas storage MOFs with low density,43,LEA + GAT,1,5,qmof-13a76dd,qmof-a1a5849,0.0,,previous final-masked protocol distance
lightweight gas storage MOFs with low density,43,LEA + GAT,2,3,qmof-235f291,qmof-e566fbb,0.0,,previous final-masked protocol distance
lightweight gas storage MOFs with low density,43,LEA + GAT,2,4,qmof-235f291,qmof-cef46c3,0.0,,previous final-masked protocol distance
lightweight gas storage MOFs with low density,43,LEA + GAT,2,5,qmof-235f291,qmof-a1a5849,0.0,,previous final-masked protocol distance
lightweight gas storage MOFs with low density,43,LEA + GAT,3,4,qmof-e566fbb,qmof-cef46c3,0.0,,previous final-masked protocol distance
lightweight gas storage MOFs with low density,43,LEA + GAT,3,5,qmof-e566fbb,qmof-a1a5849,0.0,,previous final-masked protocol distance
lightweight gas storage MOFs with low density,43,LEA + GAT,4,5,qmof-cef46c3,qmof-a1a5849,0.0,,previous final-masked protocol distance
lightweight gas storage MOFs with low density,43,LEA + GraphSAGE,1,2,qmof-13a76dd,qmof-e566fbb,0.0,,previous final-masked protocol distance
lightweight gas storage MOFs with low density,43,LEA + GraphSAGE,1,3,qmof-13a76dd,qmof-235f291,0.0,,previous final-masked protocol distance
lightweight gas storage MOFs with low density,43,LEA + GraphSAGE,1,4,qmof-13a76dd,qmof-a1a5849,0.0,,previous final-masked protocol distance
lightweight gas storage MOFs with low density,43,LEA + GraphSAGE,1,5,qmof-13a76dd,qmof-ac6a77a,0.0,,previous final-masked protocol distance
lightweight gas storage MOFs with low density,43,LEA + GraphSAGE,2,3,qmof-e566fbb,qmof-235f291,0.0,,previous final-masked protocol distance
lightweight gas storage MOFs with low density,43,LEA + GraphSAGE,2,4,qmof-e566fbb,qmof-a1a5849,0.0,,previous final-masked protocol distance
lightweight gas storage MOFs with low density,43,LEA + GraphSAGE,2,5,qmof-e566fbb,qmof-ac6a77a,0.0,,previous final-masked protocol distance
lightweight gas storage MOFs with low density,43,LEA + GraphSAGE,3,4,qmof-235f291,qmof-a1a5849,0.0,,previous final-masked protocol distance
lightweight gas storage MOFs with low density,43,LEA + GraphSAGE,3,5,qmof-235f291,qmof-ac6a77a,0.0,,previous final-masked protocol distance
lightweight gas storage MOFs with low density,43,LEA + GraphSAGE,4,5,qmof-a1a5849,qmof-ac6a77a,0.0,,previous final-masked protocol distance
lightweight gas storage MOFs with low density,43,MMR,1,2,qmof-a1a5849,qmof-c0f392b,0.0,,previous final-masked protocol distance
lightweight gas storage MOFs with low density,43,MMR,1,3,qmof-a1a5849,qmof-e566fbb,0.0,,previous final-masked protocol distance
lightweight gas storage MOFs with low density,43,MMR,1,4,qmof-a1a5849,qmof-235f291,0.0,,previous final-masked protocol distance
lightweight gas storage MOFs with low density,43,MMR,1,5,qmof-a1a5849,qmof-13a76dd,0.0,,previous final-masked protocol distance
lightweight gas storage MOFs with low density,43,MMR,2,3,qmof-c0f392b,qmof-e566fbb,0.0,,previous final-masked protocol distance
lightweight gas storage MOFs with low density,43,MMR,2,4,qmof-c0f392b,qmof-235f291,0.0,,previous final-masked protocol distance
lightweight gas storage MOFs with low density,43,MMR,2,5,qmof-c0f392b,qmof-13a76dd,0.0,,previous final-masked protocol distance
lightweight gas storage MOFs with low density,43,MMR,3,4,qmof-e566fbb,qmof-235f291,0.0,,previous final-masked protocol distance
lightweight gas storage MOFs with low density,43,MMR,3,5,qmof-e566fbb,qmof-13a76dd,0.0,,previous final-masked protocol distance
lightweight gas storage MOFs with low density,43,MMR,4,5,qmof-235f291,qmof-13a76dd,0.0,,previous final-masked protocol distance
lightweight gas storage MOFs with low density,43,ParetoCrowding,1,2,qmof-e566fbb,qmof-cef46c3,0.0,,previous final-masked protocol distance
lightweight gas storage MOFs with low density,43,ParetoCrowding,1,3,qmof-e566fbb,qmof-c0f392b,0.0,,previous final-masked protocol distance
lightweight gas storage MOFs with low density,43,ParetoCrowding,1,4,qmof-e566fbb,qmof-ac6a77a,0.0,,previous final-masked protocol distance
lightweight gas storage MOFs with low density,43,ParetoCrowding,1,5,qmof-e566fbb,qmof-a1a5849,0.0,,previous final-masked protocol distance
lightweight gas storage MOFs with low density,43,ParetoCrowding,2,3,qmof-cef46c3,qmof-c0f392b,0.0,,previous final-masked protocol distance
lightweight gas storage MOFs with low density,43,ParetoCrowding,2,4,qmof-cef46c3,qmof-ac6a77a,0.0,,previous final-masked protocol distance
lightweight gas storage MOFs with low density,43,ParetoCrowding,2,5,qmof-cef46c3,qmof-a1a5849,0.0,,previous final-masked protocol distance
lightweight gas storage MOFs with low density,43,ParetoCrowding,3,4,qmof-c0f392b,qmof-ac6a77a,0.0,,previous final-masked protocol distance
lightweight gas storage MOFs with low density,43,ParetoCrowding,3,5,qmof-c0f392b,qmof-a1a5849,0.0,,previous final-masked protocol distance
lightweight gas storage MOFs with low density,43,ParetoCrowding,4,5,qmof-ac6a77a,qmof-a1a5849,0.0,,previous final-masked protocol distance
lightweight gas storage MOFs with low density,43,Random,1,2,qmof-34626db,qmof-9642661,0.0,,previous final-masked protocol distance
lightweight gas storage MOFs with low density,43,Random,1,3,qmof-34626db,qmof-97d5d0e,0.0,,previous final-masked protocol distance
lightweight gas storage MOFs with low density,43,Random,1,4,qmof-34626db,qmof-7af11ed,0.0,,previous final-masked protocol distance
lightweight gas storage MOFs with low density,43,Random,1,5,qmof-34626db,qmof-a1a5849,0.0,,previous final-masked protocol distance
lightweight gas storage MOFs with low density,43,Random,2,3,qmof-9642661,qmof-97d5d0e,0.0,,previous final-masked protocol distance
lightweight gas storage MOFs with low density,43,Random,2,4,qmof-9642661,qmof-7af11ed,0.0,,previous final-masked protocol distance
lightweight gas storage MOFs with low density,43,Random,2,5,qmof-9642661,qmof-a1a5849,0.0,,previous final-masked protocol distance
lightweight gas storage MOFs with low density,43,Random,3,4,qmof-97d5d0e,qmof-7af11ed,0.0,,previous final-masked protocol distance
lightweight gas storage MOFs with low density,43,Random,3,5,qmof-97d5d0e,qmof-a1a5849,0.0,,previous final-masked protocol distance
lightweight gas storage MOFs with low density,43,Random,4,5,qmof-7af11ed,qmof-a1a5849,0.0,,previous final-masked protocol distance
lightweight gas storage MOFs with low density,43,SemanticOnly,1,2,qmof-f7fa6b1,qmof-f1c514f,0.0,,previous final-masked protocol distance
lightweight gas storage MOFs with low density,43,SemanticOnly,1,3,qmof-f7fa6b1,qmof-eeaea8a,0.0,,previous final-masked protocol distance
lightweight gas storage MOFs with low density,43,SemanticOnly,1,4,qmof-f7fa6b1,qmof-eeabd2e,0.0,,previous final-masked protocol distance
lightweight gas storage MOFs with low density,43,SemanticOnly,1,5,qmof-f7fa6b1,qmof-ed20cf9,0.0,,previous final-masked protocol distance
lightweight gas storage MOFs with low density,43,SemanticOnly,2,3,qmof-f1c514f,qmof-eeaea8a,0.0,,previous final-masked protocol distance
lightweight gas storage MOFs with low density,43,SemanticOnly,2,4,qmof-f1c514f,qmof-eeabd2e,0.0,,previous final-masked protocol distance
lightweight gas storage MOFs with low density,43,SemanticOnly,2,5,qmof-f1c514f,qmof-ed20cf9,0.0,,previous final-masked protocol distance
lightweight gas storage MOFs with low density,43,SemanticOnly,3,4,qmof-eeaea8a,qmof-eeabd2e,0.0,,previous final-masked protocol distance
lightweight gas storage MOFs with low density,43,SemanticOnly,3,5,qmof-eeaea8a,qmof-ed20cf9,0.0,,previous final-masked protocol distance
lightweight gas storage MOFs with low density,43,SemanticOnly,4,5,qmof-eeabd2e,qmof-ed20cf9,0.0,,previous final-masked protocol distance
lightweight gas storage MOFs with low density,43,TOPSIS,1,2,qmof-e566fbb,qmof-cef46c3,0.0,,previous final-masked protocol distance
lightweight gas storage MOFs with low density,43,TOPSIS,1,3,qmof-e566fbb,qmof-c0f392b,0.0,,previous final-masked protocol distance
lightweight gas storage MOFs with low density,43,TOPSIS,1,4,qmof-e566fbb,qmof-ac6a77a,0.0,,previous final-masked protocol distance
lightweight gas storage MOFs with low density,43,TOPSIS,1,5,qmof-e566fbb,qmof-a1a5849,0.0,,previous final-masked protocol distance
lightweight gas storage MOFs with low density,43,TOPSIS,2,3,qmof-cef46c3,qmof-c0f392b,0.0,,previous final-masked protocol distance
lightweight gas storage MOFs with low density,43,TOPSIS,2,4,qmof-cef46c3,qmof-ac6a77a,0.0,,previous final-masked protocol distance
lightweight gas storage MOFs with low density,43,TOPSIS,2,5,qmof-cef46c3,qmof-a1a5849,0.0,,previous final-masked protocol distance
lightweight gas storage MOFs with low density,43,TOPSIS,3,4,qmof-c0f392b,qmof-ac6a77a,0.0,,previous final-masked protocol distance
lightweight gas storage MOFs with low density,43,TOPSIS,3,5,qmof-c0f392b,qmof-a1a5849,0.0,,previous final-masked protocol distance
lightweight gas storage MOFs with low density,43,TOPSIS,4,5,qmof-ac6a77a,qmof-a1a5849,0.0,,previous final-masked protocol distance
lightweight gas storage MOFs with low density,43,WeightedSum,1,2,qmof-e566fbb,qmof-cef46c3,0.0,,previous final-masked protocol distance
lightweight gas storage MOFs with low density,43,WeightedSum,1,3,qmof-e566fbb,qmof-c0f392b,0.0,,previous final-masked protocol distance
lightweight gas storage MOFs with low density,43,WeightedSum,1,4,qmof-e566fbb,qmof-ac6a77a,0.0,,previous final-masked protocol distance
lightweight gas storage MOFs with low density,43,WeightedSum,1,5,qmof-e566fbb,qmof-a1a5849,0.0,,previous final-masked protocol distance
lightweight gas storage MOFs with low density,43,WeightedSum,2,3,qmof-cef46c3,qmof-c0f392b,0.0,,previous final-masked protocol distance
lightweight gas storage MOFs with low density,43,WeightedSum,2,4,qmof-cef46c3,qmof-ac6a77a,0.0,,previous final-masked protocol distance
lightweight gas storage MOFs with low density,43,WeightedSum,2,5,qmof-cef46c3,qmof-a1a5849,0.0,,previous final-masked protocol distance
lightweight gas storage MOFs with low density,43,WeightedSum,3,4,qmof-c0f392b,qmof-ac6a77a,0.0,,previous final-masked protocol distance
lightweight gas storage MOFs with low density,43,WeightedSum,3,5,qmof-c0f392b,qmof-a1a5849,0.0,,previous final-masked protocol distance
lightweight gas storage MOFs with low density,43,WeightedSum,4,5,qmof-ac6a77a,qmof-a1a5849,0.0,,previous final-masked protocol distance
lightweight gas storage MOFs with low density,44,GAT only,1,2,qmof-13a76dd,qmof-235f291,0.0,,previous final-masked protocol distance
lightweight gas storage MOFs with low density,44,GAT only,1,3,qmof-13a76dd,qmof-e566fbb,0.0,,previous final-masked protocol distance
lightweight gas storage MOFs with low density,44,GAT only,1,4,qmof-13a76dd,qmof-cef46c3,0.0,,previous final-masked protocol distance
lightweight gas storage MOFs with low density,44,GAT only,1,5,qmof-13a76dd,qmof-a1a5849,0.0,,previous final-masked protocol distance
lightweight gas storage MOFs with low density,44,GAT only,2,3,qmof-235f291,qmof-e566fbb,0.0,,previous final-masked protocol distance
lightweight gas storage MOFs with low density,44,GAT only,2,4,qmof-235f291,qmof-cef46c3,0.0,,previous final-masked protocol distance
lightweight gas storage MOFs with low density,44,GAT only,2,5,qmof-235f291,qmof-a1a5849,0.0,,previous final-masked protocol distance
lightweight gas storage MOFs with low density,44,GAT only,3,4,qmof-e566fbb,qmof-cef46c3,0.0,,previous final-masked protocol distance
lightweight gas storage MOFs with low density,44,GAT only,3,5,qmof-e566fbb,qmof-a1a5849,0.0,,previous final-masked protocol distance
lightweight gas storage MOFs with low density,44,GAT only,4,5,qmof-cef46c3,qmof-a1a5849,0.0,,previous final-masked protocol distance
lightweight gas storage MOFs with low density,44,GraphSAGE only,1,2,qmof-13a76dd,qmof-e566fbb,0.0,,previous final-masked protocol distance
lightweight gas storage MOFs with low density,44,GraphSAGE only,1,3,qmof-13a76dd,qmof-235f291,0.0,,previous final-masked protocol distance
lightweight gas storage MOFs with low density,44,GraphSAGE only,1,4,qmof-13a76dd,qmof-a1a5849,0.0,,previous final-masked protocol distance
lightweight gas storage MOFs with low density,44,GraphSAGE only,1,5,qmof-13a76dd,qmof-ac6a77a,0.0,,previous final-masked protocol distance
lightweight gas storage MOFs with low density,44,GraphSAGE only,2,3,qmof-e566fbb,qmof-235f291,0.0,,previous final-masked protocol distance
lightweight gas storage MOFs with low density,44,GraphSAGE only,2,4,qmof-e566fbb,qmof-a1a5849,0.0,,previous final-masked protocol distance
lightweight gas storage MOFs with low density,44,GraphSAGE only,2,5,qmof-e566fbb,qmof-ac6a77a,0.0,,previous final-masked protocol distance
lightweight gas storage MOFs with low density,44,GraphSAGE only,3,4,qmof-235f291,qmof-a1a5849,0.0,,previous final-masked protocol distance
lightweight gas storage MOFs with low density,44,GraphSAGE only,3,5,qmof-235f291,qmof-ac6a77a,0.0,,previous final-masked protocol distance
lightweight gas storage MOFs with low density,44,GraphSAGE only,4,5,qmof-a1a5849,qmof-ac6a77a,0.0,,previous final-masked protocol distance
lightweight gas storage MOFs with low density,44,LEA,1,2,qmof-13a76dd,qmof-a1a5849,0.0,,previous final-masked protocol distance
lightweight gas storage MOFs with low density,44,LEA,1,3,qmof-13a76dd,qmof-235f291,0.0,,previous final-masked protocol distance
lightweight gas storage MOFs with low density,44,LEA,1,4,qmof-13a76dd,qmof-c0f392b,0.0,,previous final-masked protocol distance
lightweight gas storage MOFs with low density,44,LEA,1,5,qmof-13a76dd,qmof-cef46c3,0.0,,previous final-masked protocol distance
lightweight gas storage MOFs with low density,44,LEA,2,3,qmof-a1a5849,qmof-235f291,0.0,,previous final-masked protocol distance
lightweight gas storage MOFs with low density,44,LEA,2,4,qmof-a1a5849,qmof-c0f392b,0.0,,previous final-masked protocol distance
lightweight gas storage MOFs with low density,44,LEA,2,5,qmof-a1a5849,qmof-cef46c3,0.0,,previous final-masked protocol distance
lightweight gas storage MOFs with low density,44,LEA,3,4,qmof-235f291,qmof-c0f392b,0.0,,previous final-masked protocol distance
lightweight gas storage MOFs with low density,44,LEA,3,5,qmof-235f291,qmof-cef46c3,0.0,,previous final-masked protocol distance
lightweight gas storage MOFs with low density,44,LEA,4,5,qmof-c0f392b,qmof-cef46c3,0.0,,previous final-masked protocol distance
lightweight gas storage MOFs with low density,44,LEA no diversity,1,2,qmof-13a76dd,qmof-a1a5849,0.0,,previous final-masked protocol distance
lightweight gas storage MOFs with low density,44,LEA no diversity,1,3,qmof-13a76dd,qmof-235f291,0.0,,previous final-masked protocol distance
lightweight gas storage MOFs with low density,44,LEA no diversity,1,4,qmof-13a76dd,qmof-c0f392b,0.0,,previous final-masked protocol distance
lightweight gas storage MOFs with low density,44,LEA no diversity,1,5,qmof-13a76dd,qmof-cef46c3,0.0,,previous final-masked protocol distance
lightweight gas storage MOFs with low density,44,LEA no diversity,2,3,qmof-a1a5849,qmof-235f291,0.0,,previous final-masked protocol distance
lightweight gas storage MOFs with low density,44,LEA no diversity,2,4,qmof-a1a5849,qmof-c0f392b,0.0,,previous final-masked protocol distance
lightweight gas storage MOFs with low density,44,LEA no diversity,2,5,qmof-a1a5849,qmof-cef46c3,0.0,,previous final-masked protocol distance
lightweight gas storage MOFs with low density,44,LEA no diversity,3,4,qmof-235f291,qmof-c0f392b,0.0,,previous final-masked protocol distance
lightweight gas storage MOFs with low density,44,LEA no diversity,3,5,qmof-235f291,qmof-cef46c3,0.0,,previous final-masked protocol distance
lightweight gas storage MOFs with low density,44,LEA no diversity,4,5,qmof-c0f392b,qmof-cef46c3,0.0,,previous final-masked protocol distance
lightweight gas storage MOFs with low density,44,LEA no self-cleaning,1,2,qmof-13a76dd,qmof-a1a5849,0.0,,previous final-masked protocol distance
lightweight gas storage MOFs with low density,44,LEA no self-cleaning,1,3,qmof-13a76dd,qmof-235f291,0.0,,previous final-masked protocol distance
lightweight gas storage MOFs with low density,44,LEA no self-cleaning,1,4,qmof-13a76dd,qmof-c0f392b,0.0,,previous final-masked protocol distance
lightweight gas storage MOFs with low density,44,LEA no self-cleaning,1,5,qmof-13a76dd,qmof-cef46c3,0.0,,previous final-masked protocol distance
lightweight gas storage MOFs with low density,44,LEA no self-cleaning,2,3,qmof-a1a5849,qmof-235f291,0.0,,previous final-masked protocol distance
lightweight gas storage MOFs with low density,44,LEA no self-cleaning,2,4,qmof-a1a5849,qmof-c0f392b,0.0,,previous final-masked protocol distance
lightweight gas storage MOFs with low density,44,LEA no self-cleaning,2,5,qmof-a1a5849,qmof-cef46c3,0.0,,previous final-masked protocol distance
lightweight gas storage MOFs with low density,44,LEA no self-cleaning,3,4,qmof-235f291,qmof-c0f392b,0.0,,previous final-masked protocol distance
lightweight gas storage MOFs with low density,44,LEA no self-cleaning,3,5,qmof-235f291,qmof-cef46c3,0.0,,previous final-masked protocol distance
lightweight gas storage MOFs with low density,44,LEA no self-cleaning,4,5,qmof-c0f392b,qmof-cef46c3,0.0,,previous final-masked protocol distance
lightweight gas storage MOFs with low density,44,LEA + GAT,1,2,qmof-13a76dd,qmof-235f291,0.0,,previous final-masked protocol distance
lightweight gas storage MOFs with low density,44,LEA + GAT,1,3,qmof-13a76dd,qmof-e566fbb,0.0,,previous final-masked protocol distance
lightweight gas storage MOFs with low density,44,LEA + GAT,1,4,qmof-13a76dd,qmof-cef46c3,0.0,,previous final-masked protocol distance
lightweight gas storage MOFs with low density,44,LEA + GAT,1,5,qmof-13a76dd,qmof-a1a5849,0.0,,previous final-masked protocol distance
lightweight gas storage MOFs with low density,44,LEA + GAT,2,3,qmof-235f291,qmof-e566fbb,0.0,,previous final-masked protocol distance
lightweight gas storage MOFs with low density,44,LEA + GAT,2,4,qmof-235f291,qmof-cef46c3,0.0,,previous final-masked protocol distance
lightweight gas storage MOFs with low density,44,LEA + GAT,2,5,qmof-235f291,qmof-a1a5849,0.0,,previous final-masked protocol distance
lightweight gas storage MOFs with low density,44,LEA + GAT,3,4,qmof-e566fbb,qmof-cef46c3,0.0,,previous final-masked protocol distance
lightweight gas storage MOFs with low density,44,LEA + GAT,3,5,qmof-e566fbb,qmof-a1a5849,0.0,,previous final-masked protocol distance
lightweight gas storage MOFs with low density,44,LEA + GAT,4,5,qmof-cef46c3,qmof-a1a5849,0.0,,previous final-masked protocol distance
lightweight gas storage MOFs with low density,44,LEA + GraphSAGE,1,2,qmof-13a76dd,qmof-e566fbb,0.0,,previous final-masked protocol distance
lightweight gas storage MOFs with low density,44,LEA + GraphSAGE,1,3,qmof-13a76dd,qmof-235f291,0.0,,previous final-masked protocol distance
lightweight gas storage MOFs with low density,44,LEA + GraphSAGE,1,4,qmof-13a76dd,qmof-a1a5849,0.0,,previous final-masked protocol distance
lightweight gas storage MOFs with low density,44,LEA + GraphSAGE,1,5,qmof-13a76dd,qmof-ac6a77a,0.0,,previous final-masked protocol distance
lightweight gas storage MOFs with low density,44,LEA + GraphSAGE,2,3,qmof-e566fbb,qmof-235f291,0.0,,previous final-masked protocol distance
lightweight gas storage MOFs with low density,44,LEA + GraphSAGE,2,4,qmof-e566fbb,qmof-a1a5849,0.0,,previous final-masked protocol distance
lightweight gas storage MOFs with low density,44,LEA + GraphSAGE,2,5,qmof-e566fbb,qmof-ac6a77a,0.0,,previous final-masked protocol distance
lightweight gas storage MOFs with low density,44,LEA + GraphSAGE,3,4,qmof-235f291,qmof-a1a5849,0.0,,previous final-masked protocol distance
lightweight gas storage MOFs with low density,44,LEA + GraphSAGE,3,5,qmof-235f291,qmof-ac6a77a,0.0,,previous final-masked protocol distance
lightweight gas storage MOFs with low density,44,LEA + GraphSAGE,4,5,qmof-a1a5849,qmof-ac6a77a,0.0,,previous final-masked protocol distance
lightweight gas storage MOFs with low density,44,MMR,1,2,qmof-ac6a77a,qmof-e566fbb,0.0,,previous final-masked protocol distance
lightweight gas storage MOFs with low density,44,MMR,1,3,qmof-ac6a77a,qmof-cef46c3,0.0,,previous final-masked protocol distance
lightweight gas storage MOFs with low density,44,MMR,1,4,qmof-ac6a77a,qmof-c0f392b,0.0,,previous final-masked protocol distance
lightweight gas storage MOFs with low density,44,MMR,1,5,qmof-ac6a77a,qmof-235f291,0.0,,previous final-masked protocol distance
lightweight gas storage MOFs with low density,44,MMR,2,3,qmof-e566fbb,qmof-cef46c3,0.0,,previous final-masked protocol distance
lightweight gas storage MOFs with low density,44,MMR,2,4,qmof-e566fbb,qmof-c0f392b,0.0,,previous final-masked protocol distance
lightweight gas storage MOFs with low density,44,MMR,2,5,qmof-e566fbb,qmof-235f291,0.0,,previous final-masked protocol distance
lightweight gas storage MOFs with low density,44,MMR,3,4,qmof-cef46c3,qmof-c0f392b,0.0,,previous final-masked protocol distance
lightweight gas storage MOFs with low density,44,MMR,3,5,qmof-cef46c3,qmof-235f291,0.0,,previous final-masked protocol distance
lightweight gas storage MOFs with low density,44,MMR,4,5,qmof-c0f392b,qmof-235f291,0.0,,previous final-masked protocol distance
lightweight gas storage MOFs with low density,44,ParetoCrowding,1,2,qmof-e566fbb,qmof-cef46c3,0.0,,previous final-masked protocol distance
lightweight gas storage MOFs with low density,44,ParetoCrowding,1,3,qmof-e566fbb,qmof-c0f392b,0.0,,previous final-masked protocol distance
lightweight gas storage MOFs with low density,44,ParetoCrowding,1,4,qmof-e566fbb,qmof-ac6a77a,0.0,,previous final-masked protocol distance
lightweight gas storage MOFs with low density,44,ParetoCrowding,1,5,qmof-e566fbb,qmof-a1a5849,0.0,,previous final-masked protocol distance
lightweight gas storage MOFs with low density,44,ParetoCrowding,2,3,qmof-cef46c3,qmof-c0f392b,0.0,,previous final-masked protocol distance
lightweight gas storage MOFs with low density,44,ParetoCrowding,2,4,qmof-cef46c3,qmof-ac6a77a,0.0,,previous final-masked protocol distance
lightweight gas storage MOFs with low density,44,ParetoCrowding,2,5,qmof-cef46c3,qmof-a1a5849,0.0,,previous final-masked protocol distance
lightweight gas storage MOFs with low density,44,ParetoCrowding,3,4,qmof-c0f392b,qmof-ac6a77a,0.0,,previous final-masked protocol distance
lightweight gas storage MOFs with low density,44,ParetoCrowding,3,5,qmof-c0f392b,qmof-a1a5849,0.0,,previous final-masked protocol distance
lightweight gas storage MOFs with low density,44,ParetoCrowding,4,5,qmof-ac6a77a,qmof-a1a5849,0.0,,previous final-masked protocol distance
lightweight gas storage MOFs with low density,44,Random,1,2,qmof-a758683,qmof-2846d73,0.0,,previous final-masked protocol distance
lightweight gas storage MOFs with low density,44,Random,1,3,qmof-a758683,qmof-e2065ab,0.0,,previous final-masked protocol distance
lightweight gas storage MOFs with low density,44,Random,1,4,qmof-a758683,qmof-735264a,0.0,,previous final-masked protocol distance
lightweight gas storage MOFs with low density,44,Random,1,5,qmof-a758683,qmof-847d3d6,0.0,,previous final-masked protocol distance
lightweight gas storage MOFs with low density,44,Random,2,3,qmof-2846d73,qmof-e2065ab,0.0,,previous final-masked protocol distance
lightweight gas storage MOFs with low density,44,Random,2,4,qmof-2846d73,qmof-735264a,0.0,,previous final-masked protocol distance
lightweight gas storage MOFs with low density,44,Random,2,5,qmof-2846d73,qmof-847d3d6,0.0,,previous final-masked protocol distance
lightweight gas storage MOFs with low density,44,Random,3,4,qmof-e2065ab,qmof-735264a,0.0,,previous final-masked protocol distance
lightweight gas storage MOFs with low density,44,Random,3,5,qmof-e2065ab,qmof-847d3d6,0.0,,previous final-masked protocol distance
lightweight gas storage MOFs with low density,44,Random,4,5,qmof-735264a,qmof-847d3d6,0.0,,previous final-masked protocol distance
lightweight gas storage MOFs with low density,44,SemanticOnly,1,2,qmof-fec62ce,qmof-fd22223,0.0,,previous final-masked protocol distance
lightweight gas storage MOFs with low density,44,SemanticOnly,1,3,qmof-fec62ce,qmof-fcdce3e,0.0,,previous final-masked protocol distance
lightweight gas storage MOFs with low density,44,SemanticOnly,1,4,qmof-fec62ce,qmof-faf6c2b,0.0,,previous final-masked protocol distance
lightweight gas storage MOFs with low density,44,SemanticOnly,1,5,qmof-fec62ce,qmof-fa0f884,0.0,,previous final-masked protocol distance
lightweight gas storage MOFs with low density,44,SemanticOnly,2,3,qmof-fd22223,qmof-fcdce3e,0.0,,previous final-masked protocol distance
lightweight gas storage MOFs with low density,44,SemanticOnly,2,4,qmof-fd22223,qmof-faf6c2b,0.0,,previous final-masked protocol distance
lightweight gas storage MOFs with low density,44,SemanticOnly,2,5,qmof-fd22223,qmof-fa0f884,0.0,,previous final-masked protocol distance
lightweight gas storage MOFs with low density,44,SemanticOnly,3,4,qmof-fcdce3e,qmof-faf6c2b,0.0,,previous final-masked protocol distance
lightweight gas storage MOFs with low density,44,SemanticOnly,3,5,qmof-fcdce3e,qmof-fa0f884,0.0,,previous final-masked protocol distance
lightweight gas storage MOFs with low density,44,SemanticOnly,4,5,qmof-faf6c2b,qmof-fa0f884,0.0,,previous final-masked protocol distance
lightweight gas storage MOFs with low density,44,TOPSIS,1,2,qmof-e566fbb,qmof-cef46c3,0.0,,previous final-masked protocol distance
lightweight gas storage MOFs with low density,44,TOPSIS,1,3,qmof-e566fbb,qmof-c0f392b,0.0,,previous final-masked protocol distance
lightweight gas storage MOFs with low density,44,TOPSIS,1,4,qmof-e566fbb,qmof-ac6a77a,0.0,,previous final-masked protocol distance
lightweight gas storage MOFs with low density,44,TOPSIS,1,5,qmof-e566fbb,qmof-a1a5849,0.0,,previous final-masked protocol distance
lightweight gas storage MOFs with low density,44,TOPSIS,2,3,qmof-cef46c3,qmof-c0f392b,0.0,,previous final-masked protocol distance
lightweight gas storage MOFs with low density,44,TOPSIS,2,4,qmof-cef46c3,qmof-ac6a77a,0.0,,previous final-masked protocol distance
lightweight gas storage MOFs with low density,44,TOPSIS,2,5,qmof-cef46c3,qmof-a1a5849,0.0,,previous final-masked protocol distance
lightweight gas storage MOFs with low density,44,TOPSIS,3,4,qmof-c0f392b,qmof-ac6a77a,0.0,,previous final-masked protocol distance
lightweight gas storage MOFs with low density,44,TOPSIS,3,5,qmof-c0f392b,qmof-a1a5849,0.0,,previous final-masked protocol distance
lightweight gas storage MOFs with low density,44,TOPSIS,4,5,qmof-ac6a77a,qmof-a1a5849,0.0,,previous final-masked protocol distance
lightweight gas storage MOFs with low density,44,WeightedSum,1,2,qmof-e566fbb,qmof-cef46c3,0.0,,previous final-masked protocol distance
lightweight gas storage MOFs with low density,44,WeightedSum,1,3,qmof-e566fbb,qmof-c0f392b,0.0,,previous final-masked protocol distance
lightweight gas storage MOFs with low density,44,WeightedSum,1,4,qmof-e566fbb,qmof-ac6a77a,0.0,,previous final-masked protocol distance
lightweight gas storage MOFs with low density,44,WeightedSum,1,5,qmof-e566fbb,qmof-a1a5849,0.0,,previous final-masked protocol distance
lightweight gas storage MOFs with low density,44,WeightedSum,2,3,qmof-cef46c3,qmof-c0f392b,0.0,,previous final-masked protocol distance
lightweight gas storage MOFs with low density,44,WeightedSum,2,4,qmof-cef46c3,qmof-ac6a77a,0.0,,previous final-masked protocol distance
lightweight gas storage MOFs with low density,44,WeightedSum,2,5,qmof-cef46c3,qmof-a1a5849,0.0,,previous final-masked protocol distance
lightweight gas storage MOFs with low density,44,WeightedSum,3,4,qmof-c0f392b,qmof-ac6a77a,0.0,,previous final-masked protocol distance
lightweight gas storage MOFs with low density,44,WeightedSum,3,5,qmof-c0f392b,qmof-a1a5849,0.0,,previous final-masked protocol distance
lightweight gas storage MOFs with low density,44,WeightedSum,4,5,qmof-ac6a77a,qmof-a1a5849,0.0,,previous final-masked protocol distance
lightweight gas storage MOFs with low density,45,GAT only,1,2,qmof-13a76dd,qmof-235f291,0.0,,previous final-masked protocol distance
lightweight gas storage MOFs with low density,45,GAT only,1,3,qmof-13a76dd,qmof-e566fbb,0.0,,previous final-masked protocol distance
lightweight gas storage MOFs with low density,45,GAT only,1,4,qmof-13a76dd,qmof-cef46c3,0.0,,previous final-masked protocol distance
lightweight gas storage MOFs with low density,45,GAT only,1,5,qmof-13a76dd,qmof-a1a5849,0.0,,previous final-masked protocol distance
lightweight gas storage MOFs with low density,45,GAT only,2,3,qmof-235f291,qmof-e566fbb,0.0,,previous final-masked protocol distance
lightweight gas storage MOFs with low density,45,GAT only,2,4,qmof-235f291,qmof-cef46c3,0.0,,previous final-masked protocol distance
lightweight gas storage MOFs with low density,45,GAT only,2,5,qmof-235f291,qmof-a1a5849,0.0,,previous final-masked protocol distance
lightweight gas storage MOFs with low density,45,GAT only,3,4,qmof-e566fbb,qmof-cef46c3,0.0,,previous final-masked protocol distance
lightweight gas storage MOFs with low density,45,GAT only,3,5,qmof-e566fbb,qmof-a1a5849,0.0,,previous final-masked protocol distance
lightweight gas storage MOFs with low density,45,GAT only,4,5,qmof-cef46c3,qmof-a1a5849,0.0,,previous final-masked protocol distance
lightweight gas storage MOFs with low density,45,GraphSAGE only,1,2,qmof-13a76dd,qmof-e566fbb,0.0,,previous final-masked protocol distance
lightweight gas storage MOFs with low density,45,GraphSAGE only,1,3,qmof-13a76dd,qmof-235f291,0.0,,previous final-masked protocol distance
lightweight gas storage MOFs with low density,45,GraphSAGE only,1,4,qmof-13a76dd,qmof-a1a5849,0.0,,previous final-masked protocol distance
lightweight gas storage MOFs with low density,45,GraphSAGE only,1,5,qmof-13a76dd,qmof-ac6a77a,0.0,,previous final-masked protocol distance
lightweight gas storage MOFs with low density,45,GraphSAGE only,2,3,qmof-e566fbb,qmof-235f291,0.0,,previous final-masked protocol distance
lightweight gas storage MOFs with low density,45,GraphSAGE only,2,4,qmof-e566fbb,qmof-a1a5849,0.0,,previous final-masked protocol distance
lightweight gas storage MOFs with low density,45,GraphSAGE only,2,5,qmof-e566fbb,qmof-ac6a77a,0.0,,previous final-masked protocol distance
lightweight gas storage MOFs with low density,45,GraphSAGE only,3,4,qmof-235f291,qmof-a1a5849,0.0,,previous final-masked protocol distance
lightweight gas storage MOFs with low density,45,GraphSAGE only,3,5,qmof-235f291,qmof-ac6a77a,0.0,,previous final-masked protocol distance
lightweight gas storage MOFs with low density,45,GraphSAGE only,4,5,qmof-a1a5849,qmof-ac6a77a,0.0,,previous final-masked protocol distance
lightweight gas storage MOFs with low density,45,LEA,1,2,qmof-a1a5849,qmof-ac6a77a,0.0,,previous final-masked protocol distance
lightweight gas storage MOFs with low density,45,LEA,1,3,qmof-a1a5849,qmof-c0f392b,0.0,,previous final-masked protocol distance
lightweight gas storage MOFs with low density,45,LEA,1,4,qmof-a1a5849,qmof-13a76dd,0.0,,previous final-masked protocol distance
lightweight gas storage MOFs with low density,45,LEA,1,5,qmof-a1a5849,qmof-235f291,0.0,,previous final-masked protocol distance
lightweight gas storage MOFs with low density,45,LEA,2,3,qmof-ac6a77a,qmof-c0f392b,0.0,,previous final-masked protocol distance
lightweight gas storage MOFs with low density,45,LEA,2,4,qmof-ac6a77a,qmof-13a76dd,0.0,,previous final-masked protocol distance
lightweight gas storage MOFs with low density,45,LEA,2,5,qmof-ac6a77a,qmof-235f291,0.0,,previous final-masked protocol distance
lightweight gas storage MOFs with low density,45,LEA,3,4,qmof-c0f392b,qmof-13a76dd,0.0,,previous final-masked protocol distance
lightweight gas storage MOFs with low density,45,LEA,3,5,qmof-c0f392b,qmof-235f291,0.0,,previous final-masked protocol distance
lightweight gas storage MOFs with low density,45,LEA,4,5,qmof-13a76dd,qmof-235f291,0.0,,previous final-masked protocol distance
lightweight gas storage MOFs with low density,45,LEA no diversity,1,2,qmof-a1a5849,qmof-ac6a77a,0.0,,previous final-masked protocol distance
lightweight gas storage MOFs with low density,45,LEA no diversity,1,3,qmof-a1a5849,qmof-c0f392b,0.0,,previous final-masked protocol distance
lightweight gas storage MOFs with low density,45,LEA no diversity,1,4,qmof-a1a5849,qmof-13a76dd,0.0,,previous final-masked protocol distance
lightweight gas storage MOFs with low density,45,LEA no diversity,1,5,qmof-a1a5849,qmof-235f291,0.0,,previous final-masked protocol distance
lightweight gas storage MOFs with low density,45,LEA no diversity,2,3,qmof-ac6a77a,qmof-c0f392b,0.0,,previous final-masked protocol distance
lightweight gas storage MOFs with low density,45,LEA no diversity,2,4,qmof-ac6a77a,qmof-13a76dd,0.0,,previous final-masked protocol distance
lightweight gas storage MOFs with low density,45,LEA no diversity,2,5,qmof-ac6a77a,qmof-235f291,0.0,,previous final-masked protocol distance
lightweight gas storage MOFs with low density,45,LEA no diversity,3,4,qmof-c0f392b,qmof-13a76dd,0.0,,previous final-masked protocol distance
lightweight gas storage MOFs with low density,45,LEA no diversity,3,5,qmof-c0f392b,qmof-235f291,0.0,,previous final-masked protocol distance
lightweight gas storage MOFs with low density,45,LEA no diversity,4,5,qmof-13a76dd,qmof-235f291,0.0,,previous final-masked protocol distance
lightweight gas storage MOFs with low density,45,LEA no self-cleaning,1,2,qmof-a1a5849,qmof-ac6a77a,0.0,,previous final-masked protocol distance
lightweight gas storage MOFs with low density,45,LEA no self-cleaning,1,3,qmof-a1a5849,qmof-c0f392b,0.0,,previous final-masked protocol distance
lightweight gas storage MOFs with low density,45,LEA no self-cleaning,1,4,qmof-a1a5849,qmof-13a76dd,0.0,,previous final-masked protocol distance
lightweight gas storage MOFs with low density,45,LEA no self-cleaning,1,5,qmof-a1a5849,qmof-235f291,0.0,,previous final-masked protocol distance
lightweight gas storage MOFs with low density,45,LEA no self-cleaning,2,3,qmof-ac6a77a,qmof-c0f392b,0.0,,previous final-masked protocol distance
lightweight gas storage MOFs with low density,45,LEA no self-cleaning,2,4,qmof-ac6a77a,qmof-13a76dd,0.0,,previous final-masked protocol distance
lightweight gas storage MOFs with low density,45,LEA no self-cleaning,2,5,qmof-ac6a77a,qmof-235f291,0.0,,previous final-masked protocol distance
lightweight gas storage MOFs with low density,45,LEA no self-cleaning,3,4,qmof-c0f392b,qmof-13a76dd,0.0,,previous final-masked protocol distance
lightweight gas storage MOFs with low density,45,LEA no self-cleaning,3,5,qmof-c0f392b,qmof-235f291,0.0,,previous final-masked protocol distance
lightweight gas storage MOFs with low density,45,LEA no self-cleaning,4,5,qmof-13a76dd,qmof-235f291,0.0,,previous final-masked protocol distance
lightweight gas storage MOFs with low density,45,LEA + GAT,1,2,qmof-13a76dd,qmof-235f291,0.0,,previous final-masked protocol distance
lightweight gas storage MOFs with low density,45,LEA + GAT,1,3,qmof-13a76dd,qmof-e566fbb,0.0,,previous final-masked protocol distance
lightweight gas storage MOFs with low density,45,LEA + GAT,1,4,qmof-13a76dd,qmof-cef46c3,0.0,,previous final-masked protocol distance
lightweight gas storage MOFs with low density,45,LEA + GAT,1,5,qmof-13a76dd,qmof-a1a5849,0.0,,previous final-masked protocol distance
lightweight gas storage MOFs with low density,45,LEA + GAT,2,3,qmof-235f291,qmof-e566fbb,0.0,,previous final-masked protocol distance
lightweight gas storage MOFs with low density,45,LEA + GAT,2,4,qmof-235f291,qmof-cef46c3,0.0,,previous final-masked protocol distance
lightweight gas storage MOFs with low density,45,LEA + GAT,2,5,qmof-235f291,qmof-a1a5849,0.0,,previous final-masked protocol distance
lightweight gas storage MOFs with low density,45,LEA + GAT,3,4,qmof-e566fbb,qmof-cef46c3,0.0,,previous final-masked protocol distance
lightweight gas storage MOFs with low density,45,LEA + GAT,3,5,qmof-e566fbb,qmof-a1a5849,0.0,,previous final-masked protocol distance
lightweight gas storage MOFs with low density,45,LEA + GAT,4,5,qmof-cef46c3,qmof-a1a5849,0.0,,previous final-masked protocol distance
lightweight gas storage MOFs with low density,45,LEA + GraphSAGE,1,2,qmof-13a76dd,qmof-e566fbb,0.0,,previous final-masked protocol distance
lightweight gas storage MOFs with low density,45,LEA + GraphSAGE,1,3,qmof-13a76dd,qmof-235f291,0.0,,previous final-masked protocol distance
lightweight gas storage MOFs with low density,45,LEA + GraphSAGE,1,4,qmof-13a76dd,qmof-a1a5849,0.0,,previous final-masked protocol distance
lightweight gas storage MOFs with low density,45,LEA + GraphSAGE,1,5,qmof-13a76dd,qmof-ac6a77a,0.0,,previous final-masked protocol distance
lightweight gas storage MOFs with low density,45,LEA + GraphSAGE,2,3,qmof-e566fbb,qmof-235f291,0.0,,previous final-masked protocol distance
lightweight gas storage MOFs with low density,45,LEA + GraphSAGE,2,4,qmof-e566fbb,qmof-a1a5849,0.0,,previous final-masked protocol distance
lightweight gas storage MOFs with low density,45,LEA + GraphSAGE,2,5,qmof-e566fbb,qmof-ac6a77a,0.0,,previous final-masked protocol distance
lightweight gas storage MOFs with low density,45,LEA + GraphSAGE,3,4,qmof-235f291,qmof-a1a5849,0.0,,previous final-masked protocol distance
lightweight gas storage MOFs with low density,45,LEA + GraphSAGE,3,5,qmof-235f291,qmof-ac6a77a,0.0,,previous final-masked protocol distance
lightweight gas storage MOFs with low density,45,LEA + GraphSAGE,4,5,qmof-a1a5849,qmof-ac6a77a,0.0,,previous final-masked protocol distance
lightweight gas storage MOFs with low density,45,MMR,1,2,qmof-cef46c3,qmof-e566fbb,0.0,,previous final-masked protocol distance
lightweight gas storage MOFs with low density,45,MMR,1,3,qmof-cef46c3,qmof-235f291,0.0,,previous final-masked protocol distance
lightweight gas storage MOFs with low density,45,MMR,1,4,qmof-cef46c3,qmof-13a76dd,0.0,,previous final-masked protocol distance
lightweight gas storage MOFs with low density,45,MMR,1,5,qmof-cef46c3,qmof-c0f392b,0.0,,previous final-masked protocol distance
lightweight gas storage MOFs with low density,45,MMR,2,3,qmof-e566fbb,qmof-235f291,0.0,,previous final-masked protocol distance
lightweight gas storage MOFs with low density,45,MMR,2,4,qmof-e566fbb,qmof-13a76dd,0.0,,previous final-masked protocol distance
lightweight gas storage MOFs with low density,45,MMR,2,5,qmof-e566fbb,qmof-c0f392b,0.0,,previous final-masked protocol distance
lightweight gas storage MOFs with low density,45,MMR,3,4,qmof-235f291,qmof-13a76dd,0.0,,previous final-masked protocol distance
lightweight gas storage MOFs with low density,45,MMR,3,5,qmof-235f291,qmof-c0f392b,0.0,,previous final-masked protocol distance
lightweight gas storage MOFs with low density,45,MMR,4,5,qmof-13a76dd,qmof-c0f392b,0.0,,previous final-masked protocol distance
lightweight gas storage MOFs with low density,45,ParetoCrowding,1,2,qmof-e566fbb,qmof-cef46c3,0.0,,previous final-masked protocol distance
lightweight gas storage MOFs with low density,45,ParetoCrowding,1,3,qmof-e566fbb,qmof-c0f392b,0.0,,previous final-masked protocol distance
lightweight gas storage MOFs with low density,45,ParetoCrowding,1,4,qmof-e566fbb,qmof-ac6a77a,0.0,,previous final-masked protocol distance
lightweight gas storage MOFs with low density,45,ParetoCrowding,1,5,qmof-e566fbb,qmof-a1a5849,0.0,,previous final-masked protocol distance
lightweight gas storage MOFs with low density,45,ParetoCrowding,2,3,qmof-cef46c3,qmof-c0f392b,0.0,,previous final-masked protocol distance
lightweight gas storage MOFs with low density,45,ParetoCrowding,2,4,qmof-cef46c3,qmof-ac6a77a,0.0,,previous final-masked protocol distance
lightweight gas storage MOFs with low density,45,ParetoCrowding,2,5,qmof-cef46c3,qmof-a1a5849,0.0,,previous final-masked protocol distance
lightweight gas storage MOFs with low density,45,ParetoCrowding,3,4,qmof-c0f392b,qmof-ac6a77a,0.0,,previous final-masked protocol distance
lightweight gas storage MOFs with low density,45,ParetoCrowding,3,5,qmof-c0f392b,qmof-a1a5849,0.0,,previous final-masked protocol distance
lightweight gas storage MOFs with low density,45,ParetoCrowding,4,5,qmof-ac6a77a,qmof-a1a5849,0.0,,previous final-masked protocol distance
lightweight gas storage MOFs with low density,45,Random,1,2,qmof-9797bb7,qmof-a4d3297,0.0,,previous final-masked protocol distance
lightweight gas storage MOFs with low density,45,Random,1,3,qmof-9797bb7,qmof-a1a5849,0.0,,previous final-masked protocol distance
lightweight gas storage MOFs with low density,45,Random,1,4,qmof-9797bb7,qmof-8516e22,0.0,,previous final-masked protocol distance
lightweight gas storage MOFs with low density,45,Random,1,5,qmof-9797bb7,qmof-7e0c32f,0.0,,previous final-masked protocol distance
lightweight gas storage MOFs with low density,45,Random,2,3,qmof-a4d3297,qmof-a1a5849,0.0,,previous final-masked protocol distance
lightweight gas storage MOFs with low density,45,Random,2,4,qmof-a4d3297,qmof-8516e22,0.0,,previous final-masked protocol distance
lightweight gas storage MOFs with low density,45,Random,2,5,qmof-a4d3297,qmof-7e0c32f,0.0,,previous final-masked protocol distance
lightweight gas storage MOFs with low density,45,Random,3,4,qmof-a1a5849,qmof-8516e22,0.0,,previous final-masked protocol distance
lightweight gas storage MOFs with low density,45,Random,3,5,qmof-a1a5849,qmof-7e0c32f,0.0,,previous final-masked protocol distance
lightweight gas storage MOFs with low density,45,Random,4,5,qmof-8516e22,qmof-7e0c32f,0.0,,previous final-masked protocol distance
lightweight gas storage MOFs with low density,45,SemanticOnly,1,2,qmof-ff970f0,qmof-fe6118d,0.0,,previous final-masked protocol distance
lightweight gas storage MOFs with low density,45,SemanticOnly,1,3,qmof-ff970f0,qmof-fa666a1,0.0,,previous final-masked protocol distance
lightweight gas storage MOFs with low density,45,SemanticOnly,1,4,qmof-ff970f0,qmof-f4d2cb4,0.0,,previous final-masked protocol distance
lightweight gas storage MOFs with low density,45,SemanticOnly,1,5,qmof-ff970f0,qmof-f36f74c,0.0,,previous final-masked protocol distance
lightweight gas storage MOFs with low density,45,SemanticOnly,2,3,qmof-fe6118d,qmof-fa666a1,0.0,,previous final-masked protocol distance
lightweight gas storage MOFs with low density,45,SemanticOnly,2,4,qmof-fe6118d,qmof-f4d2cb4,0.0,,previous final-masked protocol distance
lightweight gas storage MOFs with low density,45,SemanticOnly,2,5,qmof-fe6118d,qmof-f36f74c,0.0,,previous final-masked protocol distance
lightweight gas storage MOFs with low density,45,SemanticOnly,3,4,qmof-fa666a1,qmof-f4d2cb4,0.0,,previous final-masked protocol distance
lightweight gas storage MOFs with low density,45,SemanticOnly,3,5,qmof-fa666a1,qmof-f36f74c,0.0,,previous final-masked protocol distance
lightweight gas storage MOFs with low density,45,SemanticOnly,4,5,qmof-f4d2cb4,qmof-f36f74c,0.0,,previous final-masked protocol distance
lightweight gas storage MOFs with low density,45,TOPSIS,1,2,qmof-e566fbb,qmof-cef46c3,0.0,,previous final-masked protocol distance
lightweight gas storage MOFs with low density,45,TOPSIS,1,3,qmof-e566fbb,qmof-c0f392b,0.0,,previous final-masked protocol distance
lightweight gas storage MOFs with low density,45,TOPSIS,1,4,qmof-e566fbb,qmof-ac6a77a,0.0,,previous final-masked protocol distance
lightweight gas storage MOFs with low density,45,TOPSIS,1,5,qmof-e566fbb,qmof-a1a5849,0.0,,previous final-masked protocol distance
lightweight gas storage MOFs with low density,45,TOPSIS,2,3,qmof-cef46c3,qmof-c0f392b,0.0,,previous final-masked protocol distance
lightweight gas storage MOFs with low density,45,TOPSIS,2,4,qmof-cef46c3,qmof-ac6a77a,0.0,,previous final-masked protocol distance
lightweight gas storage MOFs with low density,45,TOPSIS,2,5,qmof-cef46c3,qmof-a1a5849,0.0,,previous final-masked protocol distance
lightweight gas storage MOFs with low density,45,TOPSIS,3,4,qmof-c0f392b,qmof-ac6a77a,0.0,,previous final-masked protocol distance
lightweight gas storage MOFs with low density,45,TOPSIS,3,5,qmof-c0f392b,qmof-a1a5849,0.0,,previous final-masked protocol distance
lightweight gas storage MOFs with low density,45,TOPSIS,4,5,qmof-ac6a77a,qmof-a1a5849,0.0,,previous final-masked protocol distance
lightweight gas storage MOFs with low density,45,WeightedSum,1,2,qmof-e566fbb,qmof-cef46c3,0.0,,previous final-masked protocol distance
lightweight gas storage MOFs with low density,45,WeightedSum,1,3,qmof-e566fbb,qmof-c0f392b,0.0,,previous final-masked protocol distance
lightweight gas storage MOFs with low density,45,WeightedSum,1,4,qmof-e566fbb,qmof-ac6a77a,0.0,,previous final-masked protocol distance
lightweight gas storage MOFs with low density,45,WeightedSum,1,5,qmof-e566fbb,qmof-a1a5849,0.0,,previous final-masked protocol distance
lightweight gas storage MOFs with low density,45,WeightedSum,2,3,qmof-cef46c3,qmof-c0f392b,0.0,,previous final-masked protocol distance
lightweight gas storage MOFs with low density,45,WeightedSum,2,4,qmof-cef46c3,qmof-ac6a77a,0.0,,previous final-masked protocol distance
lightweight gas storage MOFs with low density,45,WeightedSum,2,5,qmof-cef46c3,qmof-a1a5849,0.0,,previous final-masked protocol distance
lightweight gas storage MOFs with low density,45,WeightedSum,3,4,qmof-c0f392b,qmof-ac6a77a,0.0,,previous final-masked protocol distance
lightweight gas storage MOFs with low density,45,WeightedSum,3,5,qmof-c0f392b,qmof-a1a5849,0.0,,previous final-masked protocol distance
lightweight gas storage MOFs with low density,45,WeightedSum,4,5,qmof-ac6a77a,qmof-a1a5849,0.0,,previous final-masked protocol distance
lightweight gas storage MOFs with low density,46,GAT only,1,2,qmof-13a76dd,qmof-235f291,0.0,,previous final-masked protocol distance
lightweight gas storage MOFs with low density,46,GAT only,1,3,qmof-13a76dd,qmof-e566fbb,0.0,,previous final-masked protocol distance
lightweight gas storage MOFs with low density,46,GAT only,1,4,qmof-13a76dd,qmof-cef46c3,0.0,,previous final-masked protocol distance
lightweight gas storage MOFs with low density,46,GAT only,1,5,qmof-13a76dd,qmof-a1a5849,0.0,,previous final-masked protocol distance
lightweight gas storage MOFs with low density,46,GAT only,2,3,qmof-235f291,qmof-e566fbb,0.0,,previous final-masked protocol distance
lightweight gas storage MOFs with low density,46,GAT only,2,4,qmof-235f291,qmof-cef46c3,0.0,,previous final-masked protocol distance
lightweight gas storage MOFs with low density,46,GAT only,2,5,qmof-235f291,qmof-a1a5849,0.0,,previous final-masked protocol distance
lightweight gas storage MOFs with low density,46,GAT only,3,4,qmof-e566fbb,qmof-cef46c3,0.0,,previous final-masked protocol distance
lightweight gas storage MOFs with low density,46,GAT only,3,5,qmof-e566fbb,qmof-a1a5849,0.0,,previous final-masked protocol distance
lightweight gas storage MOFs with low density,46,GAT only,4,5,qmof-cef46c3,qmof-a1a5849,0.0,,previous final-masked protocol distance
lightweight gas storage MOFs with low density,46,GraphSAGE only,1,2,qmof-91a02c3,qmof-d856602,0.0,,previous final-masked protocol distance
lightweight gas storage MOFs with low density,46,GraphSAGE only,1,3,qmof-91a02c3,qmof-13a76dd,0.0,,previous final-masked protocol distance
lightweight gas storage MOFs with low density,46,GraphSAGE only,1,4,qmof-91a02c3,qmof-e566fbb,0.0,,previous final-masked protocol distance
lightweight gas storage MOFs with low density,46,GraphSAGE only,1,5,qmof-91a02c3,qmof-235f291,0.0,,previous final-masked protocol distance
lightweight gas storage MOFs with low density,46,GraphSAGE only,2,3,qmof-d856602,qmof-13a76dd,0.0,,previous final-masked protocol distance
lightweight gas storage MOFs with low density,46,GraphSAGE only,2,4,qmof-d856602,qmof-e566fbb,0.0,,previous final-masked protocol distance
lightweight gas storage MOFs with low density,46,GraphSAGE only,2,5,qmof-d856602,qmof-235f291,0.0,,previous final-masked protocol distance
lightweight gas storage MOFs with low density,46,GraphSAGE only,3,4,qmof-13a76dd,qmof-e566fbb,0.0,,previous final-masked protocol distance
lightweight gas storage MOFs with low density,46,GraphSAGE only,3,5,qmof-13a76dd,qmof-235f291,0.0,,previous final-masked protocol distance
lightweight gas storage MOFs with low density,46,GraphSAGE only,4,5,qmof-e566fbb,qmof-235f291,0.0,,previous final-masked protocol distance
lightweight gas storage MOFs with low density,46,LEA,1,2,qmof-ac6a77a,qmof-a1a5849,0.0,,previous final-masked protocol distance
lightweight gas storage MOFs with low density,46,LEA,1,3,qmof-ac6a77a,qmof-cef46c3,0.0,,previous final-masked protocol distance
lightweight gas storage MOFs with low density,46,LEA,1,4,qmof-ac6a77a,qmof-c0f392b,0.0,,previous final-masked protocol distance
lightweight gas storage MOFs with low density,46,LEA,1,5,qmof-ac6a77a,qmof-13a76dd,0.0,,previous final-masked protocol distance
lightweight gas storage MOFs with low density,46,LEA,2,3,qmof-a1a5849,qmof-cef46c3,0.0,,previous final-masked protocol distance
lightweight gas storage MOFs with low density,46,LEA,2,4,qmof-a1a5849,qmof-c0f392b,0.0,,previous final-masked protocol distance
lightweight gas storage MOFs with low density,46,LEA,2,5,qmof-a1a5849,qmof-13a76dd,0.0,,previous final-masked protocol distance
lightweight gas storage MOFs with low density,46,LEA,3,4,qmof-cef46c3,qmof-c0f392b,0.0,,previous final-masked protocol distance
lightweight gas storage MOFs with low density,46,LEA,3,5,qmof-cef46c3,qmof-13a76dd,0.0,,previous final-masked protocol distance
lightweight gas storage MOFs with low density,46,LEA,4,5,qmof-c0f392b,qmof-13a76dd,0.0,,previous final-masked protocol distance
lightweight gas storage MOFs with low density,46,LEA no diversity,1,2,qmof-ac6a77a,qmof-a1a5849,0.0,,previous final-masked protocol distance
lightweight gas storage MOFs with low density,46,LEA no diversity,1,3,qmof-ac6a77a,qmof-cef46c3,0.0,,previous final-masked protocol distance
lightweight gas storage MOFs with low density,46,LEA no diversity,1,4,qmof-ac6a77a,qmof-c0f392b,0.0,,previous final-masked protocol distance
lightweight gas storage MOFs with low density,46,LEA no diversity,1,5,qmof-ac6a77a,qmof-13a76dd,0.0,,previous final-masked protocol distance
lightweight gas storage MOFs with low density,46,LEA no diversity,2,3,qmof-a1a5849,qmof-cef46c3,0.0,,previous final-masked protocol distance
lightweight gas storage MOFs with low density,46,LEA no diversity,2,4,qmof-a1a5849,qmof-c0f392b,0.0,,previous final-masked protocol distance
lightweight gas storage MOFs with low density,46,LEA no diversity,2,5,qmof-a1a5849,qmof-13a76dd,0.0,,previous final-masked protocol distance
lightweight gas storage MOFs with low density,46,LEA no diversity,3,4,qmof-cef46c3,qmof-c0f392b,0.0,,previous final-masked protocol distance
lightweight gas storage MOFs with low density,46,LEA no diversity,3,5,qmof-cef46c3,qmof-13a76dd,0.0,,previous final-masked protocol distance
lightweight gas storage MOFs with low density,46,LEA no diversity,4,5,qmof-c0f392b,qmof-13a76dd,0.0,,previous final-masked protocol distance
lightweight gas storage MOFs with low density,46,LEA no self-cleaning,1,2,qmof-ac6a77a,qmof-a1a5849,0.0,,previous final-masked protocol distance
lightweight gas storage MOFs with low density,46,LEA no self-cleaning,1,3,qmof-ac6a77a,qmof-cef46c3,0.0,,previous final-masked protocol distance
lightweight gas storage MOFs with low density,46,LEA no self-cleaning,1,4,qmof-ac6a77a,qmof-c0f392b,0.0,,previous final-masked protocol distance
lightweight gas storage MOFs with low density,46,LEA no self-cleaning,1,5,qmof-ac6a77a,qmof-13a76dd,0.0,,previous final-masked protocol distance
lightweight gas storage MOFs with low density,46,LEA no self-cleaning,2,3,qmof-a1a5849,qmof-cef46c3,0.0,,previous final-masked protocol distance
lightweight gas storage MOFs with low density,46,LEA no self-cleaning,2,4,qmof-a1a5849,qmof-c0f392b,0.0,,previous final-masked protocol distance
lightweight gas storage MOFs with low density,46,LEA no self-cleaning,2,5,qmof-a1a5849,qmof-13a76dd,0.0,,previous final-masked protocol distance
lightweight gas storage MOFs with low density,46,LEA no self-cleaning,3,4,qmof-cef46c3,qmof-c0f392b,0.0,,previous final-masked protocol distance
lightweight gas storage MOFs with low density,46,LEA no self-cleaning,3,5,qmof-cef46c3,qmof-13a76dd,0.0,,previous final-masked protocol distance
lightweight gas storage MOFs with low density,46,LEA no self-cleaning,4,5,qmof-c0f392b,qmof-13a76dd,0.0,,previous final-masked protocol distance
lightweight gas storage MOFs with low density,46,LEA + GAT,1,2,qmof-13a76dd,qmof-235f291,0.0,,previous final-masked protocol distance
lightweight gas storage MOFs with low density,46,LEA + GAT,1,3,qmof-13a76dd,qmof-e566fbb,0.0,,previous final-masked protocol distance
lightweight gas storage MOFs with low density,46,LEA + GAT,1,4,qmof-13a76dd,qmof-cef46c3,0.0,,previous final-masked protocol distance
lightweight gas storage MOFs with low density,46,LEA + GAT,1,5,qmof-13a76dd,qmof-a1a5849,0.0,,previous final-masked protocol distance
lightweight gas storage MOFs with low density,46,LEA + GAT,2,3,qmof-235f291,qmof-e566fbb,0.0,,previous final-masked protocol distance
lightweight gas storage MOFs with low density,46,LEA + GAT,2,4,qmof-235f291,qmof-cef46c3,0.0,,previous final-masked protocol distance
lightweight gas storage MOFs with low density,46,LEA + GAT,2,5,qmof-235f291,qmof-a1a5849,0.0,,previous final-masked protocol distance
lightweight gas storage MOFs with low density,46,LEA + GAT,3,4,qmof-e566fbb,qmof-cef46c3,0.0,,previous final-masked protocol distance
lightweight gas storage MOFs with low density,46,LEA + GAT,3,5,qmof-e566fbb,qmof-a1a5849,0.0,,previous final-masked protocol distance
lightweight gas storage MOFs with low density,46,LEA + GAT,4,5,qmof-cef46c3,qmof-a1a5849,0.0,,previous final-masked protocol distance
lightweight gas storage MOFs with low density,46,LEA + GraphSAGE,1,2,qmof-13a76dd,qmof-e566fbb,0.0,,previous final-masked protocol distance
lightweight gas storage MOFs with low density,46,LEA + GraphSAGE,1,3,qmof-13a76dd,qmof-235f291,0.0,,previous final-masked protocol distance
lightweight gas storage MOFs with low density,46,LEA + GraphSAGE,1,4,qmof-13a76dd,qmof-a1a5849,0.0,,previous final-masked protocol distance
lightweight gas storage MOFs with low density,46,LEA + GraphSAGE,1,5,qmof-13a76dd,qmof-ac6a77a,0.0,,previous final-masked protocol distance
lightweight gas storage MOFs with low density,46,LEA + GraphSAGE,2,3,qmof-e566fbb,qmof-235f291,0.0,,previous final-masked protocol distance
lightweight gas storage MOFs with low density,46,LEA + GraphSAGE,2,4,qmof-e566fbb,qmof-a1a5849,0.0,,previous final-masked protocol distance
lightweight gas storage MOFs with low density,46,LEA + GraphSAGE,2,5,qmof-e566fbb,qmof-ac6a77a,0.0,,previous final-masked protocol distance
lightweight gas storage MOFs with low density,46,LEA + GraphSAGE,3,4,qmof-235f291,qmof-a1a5849,0.0,,previous final-masked protocol distance
lightweight gas storage MOFs with low density,46,LEA + GraphSAGE,3,5,qmof-235f291,qmof-ac6a77a,0.0,,previous final-masked protocol distance
lightweight gas storage MOFs with low density,46,LEA + GraphSAGE,4,5,qmof-a1a5849,qmof-ac6a77a,0.0,,previous final-masked protocol distance
lightweight gas storage MOFs with low density,46,MMR,1,2,qmof-e566fbb,qmof-235f291,0.0,,previous final-masked protocol distance
lightweight gas storage MOFs with low density,46,MMR,1,3,qmof-e566fbb,qmof-13a76dd,0.0,,previous final-masked protocol distance
lightweight gas storage MOFs with low density,46,MMR,1,4,qmof-e566fbb,qmof-c0f392b,0.0,,previous final-masked protocol distance
lightweight gas storage MOFs with low density,46,MMR,1,5,qmof-e566fbb,qmof-cef46c3,0.0,,previous final-masked protocol distance
lightweight gas storage MOFs with low density,46,MMR,2,3,qmof-235f291,qmof-13a76dd,0.0,,previous final-masked protocol distance
lightweight gas storage MOFs with low density,46,MMR,2,4,qmof-235f291,qmof-c0f392b,0.0,,previous final-masked protocol distance
lightweight gas storage MOFs with low density,46,MMR,2,5,qmof-235f291,qmof-cef46c3,0.0,,previous final-masked protocol distance
lightweight gas storage MOFs with low density,46,MMR,3,4,qmof-13a76dd,qmof-c0f392b,0.0,,previous final-masked protocol distance
lightweight gas storage MOFs with low density,46,MMR,3,5,qmof-13a76dd,qmof-cef46c3,0.0,,previous final-masked protocol distance
lightweight gas storage MOFs with low density,46,MMR,4,5,qmof-c0f392b,qmof-cef46c3,0.0,,previous final-masked protocol distance
lightweight gas storage MOFs with low density,46,ParetoCrowding,1,2,qmof-e566fbb,qmof-cef46c3,0.0,,previous final-masked protocol distance
lightweight gas storage MOFs with low density,46,ParetoCrowding,1,3,qmof-e566fbb,qmof-c0f392b,0.0,,previous final-masked protocol distance
lightweight gas storage MOFs with low density,46,ParetoCrowding,1,4,qmof-e566fbb,qmof-ac6a77a,0.0,,previous final-masked protocol distance
lightweight gas storage MOFs with low density,46,ParetoCrowding,1,5,qmof-e566fbb,qmof-a1a5849,0.0,,previous final-masked protocol distance
lightweight gas storage MOFs with low density,46,ParetoCrowding,2,3,qmof-cef46c3,qmof-c0f392b,0.0,,previous final-masked protocol distance
lightweight gas storage MOFs with low density,46,ParetoCrowding,2,4,qmof-cef46c3,qmof-ac6a77a,0.0,,previous final-masked protocol distance
lightweight gas storage MOFs with low density,46,ParetoCrowding,2,5,qmof-cef46c3,qmof-a1a5849,0.0,,previous final-masked protocol distance
lightweight gas storage MOFs with low density,46,ParetoCrowding,3,4,qmof-c0f392b,qmof-ac6a77a,0.0,,previous final-masked protocol distance
lightweight gas storage MOFs with low density,46,ParetoCrowding,3,5,qmof-c0f392b,qmof-a1a5849,0.0,,previous final-masked protocol distance
lightweight gas storage MOFs with low density,46,ParetoCrowding,4,5,qmof-ac6a77a,qmof-a1a5849,0.0,,previous final-masked protocol distance
lightweight gas storage MOFs with low density,46,Random,1,2,qmof-fc98c57,qmof-a4d3459,0.0,,previous final-masked protocol distance
lightweight gas storage MOFs with low density,46,Random,1,3,qmof-fc98c57,qmof-7ccc745,0.0,,previous final-masked protocol distance
lightweight gas storage MOFs with low density,46,Random,1,4,qmof-fc98c57,qmof-677bee0,0.0,,previous final-masked protocol distance
lightweight gas storage MOFs with low density,46,Random,1,5,qmof-fc98c57,qmof-624efee,0.0,,previous final-masked protocol distance
lightweight gas storage MOFs with low density,46,Random,2,3,qmof-a4d3459,qmof-7ccc745,0.0,,previous final-masked protocol distance
lightweight gas storage MOFs with low density,46,Random,2,4,qmof-a4d3459,qmof-677bee0,0.0,,previous final-masked protocol distance
lightweight gas storage MOFs with low density,46,Random,2,5,qmof-a4d3459,qmof-624efee,0.0,,previous final-masked protocol distance
lightweight gas storage MOFs with low density,46,Random,3,4,qmof-7ccc745,qmof-677bee0,0.0,,previous final-masked protocol distance
lightweight gas storage MOFs with low density,46,Random,3,5,qmof-7ccc745,qmof-624efee,0.0,,previous final-masked protocol distance
lightweight gas storage MOFs with low density,46,Random,4,5,qmof-677bee0,qmof-624efee,0.0,,previous final-masked protocol distance
lightweight gas storage MOFs with low density,46,SemanticOnly,1,2,qmof-fc98c57,qmof-fbe14b0,0.0,,previous final-masked protocol distance
lightweight gas storage MOFs with low density,46,SemanticOnly,1,3,qmof-fc98c57,qmof-fb15c25,0.0,,previous final-masked protocol distance
lightweight gas storage MOFs with low density,46,SemanticOnly,1,4,qmof-fc98c57,qmof-f85760f,0.0,,previous final-masked protocol distance
lightweight gas storage MOFs with low density,46,SemanticOnly,1,5,qmof-fc98c57,qmof-f2e78b9,0.0,,previous final-masked protocol distance
lightweight gas storage MOFs with low density,46,SemanticOnly,2,3,qmof-fbe14b0,qmof-fb15c25,0.0,,previous final-masked protocol distance
lightweight gas storage MOFs with low density,46,SemanticOnly,2,4,qmof-fbe14b0,qmof-f85760f,0.0,,previous final-masked protocol distance
lightweight gas storage MOFs with low density,46,SemanticOnly,2,5,qmof-fbe14b0,qmof-f2e78b9,0.0,,previous final-masked protocol distance
lightweight gas storage MOFs with low density,46,SemanticOnly,3,4,qmof-fb15c25,qmof-f85760f,0.0,,previous final-masked protocol distance
lightweight gas storage MOFs with low density,46,SemanticOnly,3,5,qmof-fb15c25,qmof-f2e78b9,0.0,,previous final-masked protocol distance
lightweight gas storage MOFs with low density,46,SemanticOnly,4,5,qmof-f85760f,qmof-f2e78b9,0.0,,previous final-masked protocol distance
lightweight gas storage MOFs with low density,46,TOPSIS,1,2,qmof-e566fbb,qmof-cef46c3,0.0,,previous final-masked protocol distance
lightweight gas storage MOFs with low density,46,TOPSIS,1,3,qmof-e566fbb,qmof-c0f392b,0.0,,previous final-masked protocol distance
lightweight gas storage MOFs with low density,46,TOPSIS,1,4,qmof-e566fbb,qmof-ac6a77a,0.0,,previous final-masked protocol distance
lightweight gas storage MOFs with low density,46,TOPSIS,1,5,qmof-e566fbb,qmof-a1a5849,0.0,,previous final-masked protocol distance
lightweight gas storage MOFs with low density,46,TOPSIS,2,3,qmof-cef46c3,qmof-c0f392b,0.0,,previous final-masked protocol distance
lightweight gas storage MOFs with low density,46,TOPSIS,2,4,qmof-cef46c3,qmof-ac6a77a,0.0,,previous final-masked protocol distance
lightweight gas storage MOFs with low density,46,TOPSIS,2,5,qmof-cef46c3,qmof-a1a5849,0.0,,previous final-masked protocol distance
lightweight gas storage MOFs with low density,46,TOPSIS,3,4,qmof-c0f392b,qmof-ac6a77a,0.0,,previous final-masked protocol distance
lightweight gas storage MOFs with low density,46,TOPSIS,3,5,qmof-c0f392b,qmof-a1a5849,0.0,,previous final-masked protocol distance
lightweight gas storage MOFs with low density,46,TOPSIS,4,5,qmof-ac6a77a,qmof-a1a5849,0.0,,previous final-masked protocol distance
lightweight gas storage MOFs with low density,46,WeightedSum,1,2,qmof-e566fbb,qmof-cef46c3,0.0,,previous final-masked protocol distance
lightweight gas storage MOFs with low density,46,WeightedSum,1,3,qmof-e566fbb,qmof-c0f392b,0.0,,previous final-masked protocol distance
lightweight gas storage MOFs with low density,46,WeightedSum,1,4,qmof-e566fbb,qmof-ac6a77a,0.0,,previous final-masked protocol distance
lightweight gas storage MOFs with low density,46,WeightedSum,1,5,qmof-e566fbb,qmof-a1a5849,0.0,,previous final-masked protocol distance
lightweight gas storage MOFs with low density,46,WeightedSum,2,3,qmof-cef46c3,qmof-c0f392b,0.0,,previous final-masked protocol distance
lightweight gas storage MOFs with low density,46,WeightedSum,2,4,qmof-cef46c3,qmof-ac6a77a,0.0,,previous final-masked protocol distance
lightweight gas storage MOFs with low density,46,WeightedSum,2,5,qmof-cef46c3,qmof-a1a5849,0.0,,previous final-masked protocol distance
lightweight gas storage MOFs with low density,46,WeightedSum,3,4,qmof-c0f392b,qmof-ac6a77a,0.0,,previous final-masked protocol distance
lightweight gas storage MOFs with low density,46,WeightedSum,3,5,qmof-c0f392b,qmof-a1a5849,0.0,,previous final-masked protocol distance
lightweight gas storage MOFs with low density,46,WeightedSum,4,5,qmof-ac6a77a,qmof-a1a5849,0.0,,previous final-masked protocol distance
lightweight gas storage MOFs with low density,47,GAT only,1,2,qmof-13a76dd,qmof-235f291,0.0,,previous final-masked protocol distance
lightweight gas storage MOFs with low density,47,GAT only,1,3,qmof-13a76dd,qmof-e566fbb,0.0,,previous final-masked protocol distance
lightweight gas storage MOFs with low density,47,GAT only,1,4,qmof-13a76dd,qmof-cef46c3,0.0,,previous final-masked protocol distance
lightweight gas storage MOFs with low density,47,GAT only,1,5,qmof-13a76dd,qmof-a1a5849,0.0,,previous final-masked protocol distance
lightweight gas storage MOFs with low density,47,GAT only,2,3,qmof-235f291,qmof-e566fbb,0.0,,previous final-masked protocol distance
lightweight gas storage MOFs with low density,47,GAT only,2,4,qmof-235f291,qmof-cef46c3,0.0,,previous final-masked protocol distance
lightweight gas storage MOFs with low density,47,GAT only,2,5,qmof-235f291,qmof-a1a5849,0.0,,previous final-masked protocol distance
lightweight gas storage MOFs with low density,47,GAT only,3,4,qmof-e566fbb,qmof-cef46c3,0.0,,previous final-masked protocol distance
lightweight gas storage MOFs with low density,47,GAT only,3,5,qmof-e566fbb,qmof-a1a5849,0.0,,previous final-masked protocol distance
lightweight gas storage MOFs with low density,47,GAT only,4,5,qmof-cef46c3,qmof-a1a5849,0.0,,previous final-masked protocol distance
lightweight gas storage MOFs with low density,47,GraphSAGE only,1,2,qmof-13a76dd,qmof-e566fbb,0.0,,previous final-masked protocol distance
lightweight gas storage MOFs with low density,47,GraphSAGE only,1,3,qmof-13a76dd,qmof-235f291,0.0,,previous final-masked protocol distance
lightweight gas storage MOFs with low density,47,GraphSAGE only,1,4,qmof-13a76dd,qmof-eadd46d,0.0,,previous final-masked protocol distance
lightweight gas storage MOFs with low density,47,GraphSAGE only,1,5,qmof-13a76dd,qmof-a1a5849,0.0,,previous final-masked protocol distance
lightweight gas storage MOFs with low density,47,GraphSAGE only,2,3,qmof-e566fbb,qmof-235f291,0.0,,previous final-masked protocol distance
lightweight gas storage MOFs with low density,47,GraphSAGE only,2,4,qmof-e566fbb,qmof-eadd46d,0.0,,previous final-masked protocol distance
lightweight gas storage MOFs with low density,47,GraphSAGE only,2,5,qmof-e566fbb,qmof-a1a5849,0.0,,previous final-masked protocol distance
lightweight gas storage MOFs with low density,47,GraphSAGE only,3,4,qmof-235f291,qmof-eadd46d,0.0,,previous final-masked protocol distance
lightweight gas storage MOFs with low density,47,GraphSAGE only,3,5,qmof-235f291,qmof-a1a5849,0.0,,previous final-masked protocol distance
lightweight gas storage MOFs with low density,47,GraphSAGE only,4,5,qmof-eadd46d,qmof-a1a5849,0.0,,previous final-masked protocol distance
lightweight gas storage MOFs with low density,47,LEA,1,2,qmof-c0f392b,qmof-235f291,0.0,,previous final-masked protocol distance
lightweight gas storage MOFs with low density,47,LEA,1,3,qmof-c0f392b,qmof-e566fbb,0.0,,previous final-masked protocol distance
lightweight gas storage MOFs with low density,47,LEA,1,4,qmof-c0f392b,qmof-cef46c3,0.0,,previous final-masked protocol distance
lightweight gas storage MOFs with low density,47,LEA,1,5,qmof-c0f392b,qmof-ac6a77a,0.0,,previous final-masked protocol distance
lightweight gas storage MOFs with low density,47,LEA,2,3,qmof-235f291,qmof-e566fbb,0.0,,previous final-masked protocol distance
lightweight gas storage MOFs with low density,47,LEA,2,4,qmof-235f291,qmof-cef46c3,0.0,,previous final-masked protocol distance
lightweight gas storage MOFs with low density,47,LEA,2,5,qmof-235f291,qmof-ac6a77a,0.0,,previous final-masked protocol distance
lightweight gas storage MOFs with low density,47,LEA,3,4,qmof-e566fbb,qmof-cef46c3,0.0,,previous final-masked protocol distance
lightweight gas storage MOFs with low density,47,LEA,3,5,qmof-e566fbb,qmof-ac6a77a,0.0,,previous final-masked protocol distance
lightweight gas storage MOFs with low density,47,LEA,4,5,qmof-cef46c3,qmof-ac6a77a,0.0,,previous final-masked protocol distance
lightweight gas storage MOFs with low density,47,LEA no diversity,1,2,qmof-c0f392b,qmof-235f291,0.0,,previous final-masked protocol distance
lightweight gas storage MOFs with low density,47,LEA no diversity,1,3,qmof-c0f392b,qmof-e566fbb,0.0,,previous final-masked protocol distance
lightweight gas storage MOFs with low density,47,LEA no diversity,1,4,qmof-c0f392b,qmof-cef46c3,0.0,,previous final-masked protocol distance
lightweight gas storage MOFs with low density,47,LEA no diversity,1,5,qmof-c0f392b,qmof-ac6a77a,0.0,,previous final-masked protocol distance
lightweight gas storage MOFs with low density,47,LEA no diversity,2,3,qmof-235f291,qmof-e566fbb,0.0,,previous final-masked protocol distance
lightweight gas storage MOFs with low density,47,LEA no diversity,2,4,qmof-235f291,qmof-cef46c3,0.0,,previous final-masked protocol distance
lightweight gas storage MOFs with low density,47,LEA no diversity,2,5,qmof-235f291,qmof-ac6a77a,0.0,,previous final-masked protocol distance
lightweight gas storage MOFs with low density,47,LEA no diversity,3,4,qmof-e566fbb,qmof-cef46c3,0.0,,previous final-masked protocol distance
lightweight gas storage MOFs with low density,47,LEA no diversity,3,5,qmof-e566fbb,qmof-ac6a77a,0.0,,previous final-masked protocol distance
lightweight gas storage MOFs with low density,47,LEA no diversity,4,5,qmof-cef46c3,qmof-ac6a77a,0.0,,previous final-masked protocol distance
lightweight gas storage MOFs with low density,47,LEA no self-cleaning,1,2,qmof-c0f392b,qmof-235f291,0.0,,previous final-masked protocol distance
lightweight gas storage MOFs with low density,47,LEA no self-cleaning,1,3,qmof-c0f392b,qmof-e566fbb,0.0,,previous final-masked protocol distance
lightweight gas storage MOFs with low density,47,LEA no self-cleaning,1,4,qmof-c0f392b,qmof-cef46c3,0.0,,previous final-masked protocol distance
lightweight gas storage MOFs with low density,47,LEA no self-cleaning,1,5,qmof-c0f392b,qmof-ac6a77a,0.0,,previous final-masked protocol distance
lightweight gas storage MOFs with low density,47,LEA no self-cleaning,2,3,qmof-235f291,qmof-e566fbb,0.0,,previous final-masked protocol distance
lightweight gas storage MOFs with low density,47,LEA no self-cleaning,2,4,qmof-235f291,qmof-cef46c3,0.0,,previous final-masked protocol distance
lightweight gas storage MOFs with low density,47,LEA no self-cleaning,2,5,qmof-235f291,qmof-ac6a77a,0.0,,previous final-masked protocol distance
lightweight gas storage MOFs with low density,47,LEA no self-cleaning,3,4,qmof-e566fbb,qmof-cef46c3,0.0,,previous final-masked protocol distance
lightweight gas storage MOFs with low density,47,LEA no self-cleaning,3,5,qmof-e566fbb,qmof-ac6a77a,0.0,,previous final-masked protocol distance
lightweight gas storage MOFs with low density,47,LEA no self-cleaning,4,5,qmof-cef46c3,qmof-ac6a77a,0.0,,previous final-masked protocol distance
lightweight gas storage MOFs with low density,47,LEA + GAT,1,2,qmof-13a76dd,qmof-235f291,0.0,,previous final-masked protocol distance
lightweight gas storage MOFs with low density,47,LEA + GAT,1,3,qmof-13a76dd,qmof-e566fbb,0.0,,previous final-masked protocol distance
lightweight gas storage MOFs with low density,47,LEA + GAT,1,4,qmof-13a76dd,qmof-cef46c3,0.0,,previous final-masked protocol distance
lightweight gas storage MOFs with low density,47,LEA + GAT,1,5,qmof-13a76dd,qmof-a1a5849,0.0,,previous final-masked protocol distance
lightweight gas storage MOFs with low density,47,LEA + GAT,2,3,qmof-235f291,qmof-e566fbb,0.0,,previous final-masked protocol distance
lightweight gas storage MOFs with low density,47,LEA + GAT,2,4,qmof-235f291,qmof-cef46c3,0.0,,previous final-masked protocol distance
lightweight gas storage MOFs with low density,47,LEA + GAT,2,5,qmof-235f291,qmof-a1a5849,0.0,,previous final-masked protocol distance
lightweight gas storage MOFs with low density,47,LEA + GAT,3,4,qmof-e566fbb,qmof-cef46c3,0.0,,previous final-masked protocol distance
lightweight gas storage MOFs with low density,47,LEA + GAT,3,5,qmof-e566fbb,qmof-a1a5849,0.0,,previous final-masked protocol distance
lightweight gas storage MOFs with low density,47,LEA + GAT,4,5,qmof-cef46c3,qmof-a1a5849,0.0,,previous final-masked protocol distance
lightweight gas storage MOFs with low density,47,LEA + GraphSAGE,1,2,qmof-13a76dd,qmof-e566fbb,0.0,,previous final-masked protocol distance
lightweight gas storage MOFs with low density,47,LEA + GraphSAGE,1,3,qmof-13a76dd,qmof-235f291,0.0,,previous final-masked protocol distance
lightweight gas storage MOFs with low density,47,LEA + GraphSAGE,1,4,qmof-13a76dd,qmof-a1a5849,0.0,,previous final-masked protocol distance
lightweight gas storage MOFs with low density,47,LEA + GraphSAGE,1,5,qmof-13a76dd,qmof-ac6a77a,0.0,,previous final-masked protocol distance
lightweight gas storage MOFs with low density,47,LEA + GraphSAGE,2,3,qmof-e566fbb,qmof-235f291,0.0,,previous final-masked protocol distance
lightweight gas storage MOFs with low density,47,LEA + GraphSAGE,2,4,qmof-e566fbb,qmof-a1a5849,0.0,,previous final-masked protocol distance
lightweight gas storage MOFs with low density,47,LEA + GraphSAGE,2,5,qmof-e566fbb,qmof-ac6a77a,0.0,,previous final-masked protocol distance
lightweight gas storage MOFs with low density,47,LEA + GraphSAGE,3,4,qmof-235f291,qmof-a1a5849,0.0,,previous final-masked protocol distance
lightweight gas storage MOFs with low density,47,LEA + GraphSAGE,3,5,qmof-235f291,qmof-ac6a77a,0.0,,previous final-masked protocol distance
lightweight gas storage MOFs with low density,47,LEA + GraphSAGE,4,5,qmof-a1a5849,qmof-ac6a77a,0.0,,previous final-masked protocol distance
lightweight gas storage MOFs with low density,47,MMR,1,2,qmof-a1a5849,qmof-13a76dd,0.0,,previous final-masked protocol distance
lightweight gas storage MOFs with low density,47,MMR,1,3,qmof-a1a5849,qmof-ac6a77a,0.0,,previous final-masked protocol distance
lightweight gas storage MOFs with low density,47,MMR,1,4,qmof-a1a5849,qmof-cef46c3,0.0,,previous final-masked protocol distance
lightweight gas storage MOFs with low density,47,MMR,1,5,qmof-a1a5849,qmof-e566fbb,0.0,,previous final-masked protocol distance
lightweight gas storage MOFs with low density,47,MMR,2,3,qmof-13a76dd,qmof-ac6a77a,0.0,,previous final-masked protocol distance
lightweight gas storage MOFs with low density,47,MMR,2,4,qmof-13a76dd,qmof-cef46c3,0.0,,previous final-masked protocol distance
lightweight gas storage MOFs with low density,47,MMR,2,5,qmof-13a76dd,qmof-e566fbb,0.0,,previous final-masked protocol distance
lightweight gas storage MOFs with low density,47,MMR,3,4,qmof-ac6a77a,qmof-cef46c3,0.0,,previous final-masked protocol distance
lightweight gas storage MOFs with low density,47,MMR,3,5,qmof-ac6a77a,qmof-e566fbb,0.0,,previous final-masked protocol distance
lightweight gas storage MOFs with low density,47,MMR,4,5,qmof-cef46c3,qmof-e566fbb,0.0,,previous final-masked protocol distance
lightweight gas storage MOFs with low density,47,ParetoCrowding,1,2,qmof-e566fbb,qmof-cef46c3,0.0,,previous final-masked protocol distance
lightweight gas storage MOFs with low density,47,ParetoCrowding,1,3,qmof-e566fbb,qmof-c0f392b,0.0,,previous final-masked protocol distance
lightweight gas storage MOFs with low density,47,ParetoCrowding,1,4,qmof-e566fbb,qmof-ac6a77a,0.0,,previous final-masked protocol distance
lightweight gas storage MOFs with low density,47,ParetoCrowding,1,5,qmof-e566fbb,qmof-a1a5849,0.0,,previous final-masked protocol distance
lightweight gas storage MOFs with low density,47,ParetoCrowding,2,3,qmof-cef46c3,qmof-c0f392b,0.0,,previous final-masked protocol distance
lightweight gas storage MOFs with low density,47,ParetoCrowding,2,4,qmof-cef46c3,qmof-ac6a77a,0.0,,previous final-masked protocol distance
lightweight gas storage MOFs with low density,47,ParetoCrowding,2,5,qmof-cef46c3,qmof-a1a5849,0.0,,previous final-masked protocol distance
lightweight gas storage MOFs with low density,47,ParetoCrowding,3,4,qmof-c0f392b,qmof-ac6a77a,0.0,,previous final-masked protocol distance
lightweight gas storage MOFs with low density,47,ParetoCrowding,3,5,qmof-c0f392b,qmof-a1a5849,0.0,,previous final-masked protocol distance
lightweight gas storage MOFs with low density,47,ParetoCrowding,4,5,qmof-ac6a77a,qmof-a1a5849,0.0,,previous final-masked protocol distance
lightweight gas storage MOFs with low density,47,Random,1,2,qmof-7fe12e1,qmof-452ad60,0.0,,previous final-masked protocol distance
lightweight gas storage MOFs with low density,47,Random,1,3,qmof-7fe12e1,qmof-fa61018,0.0,,previous final-masked protocol distance
lightweight gas storage MOFs with low density,47,Random,1,4,qmof-7fe12e1,qmof-8f0fcd4,0.0,,previous final-masked protocol distance
lightweight gas storage MOFs with low density,47,Random,1,5,qmof-7fe12e1,qmof-16137ec,0.0,,previous final-masked protocol distance
lightweight gas storage MOFs with low density,47,Random,2,3,qmof-452ad60,qmof-fa61018,0.0,,previous final-masked protocol distance
lightweight gas storage MOFs with low density,47,Random,2,4,qmof-452ad60,qmof-8f0fcd4,0.0,,previous final-masked protocol distance
lightweight gas storage MOFs with low density,47,Random,2,5,qmof-452ad60,qmof-16137ec,0.0,,previous final-masked protocol distance
lightweight gas storage MOFs with low density,47,Random,3,4,qmof-fa61018,qmof-8f0fcd4,0.0,,previous final-masked protocol distance
lightweight gas storage MOFs with low density,47,Random,3,5,qmof-fa61018,qmof-16137ec,0.0,,previous final-masked protocol distance
lightweight gas storage MOFs with low density,47,Random,4,5,qmof-8f0fcd4,qmof-16137ec,0.0,,previous final-masked protocol distance
lightweight gas storage MOFs with low density,47,SemanticOnly,1,2,qmof-fd3b276,qmof-fcd9e5c,0.0,,previous final-masked protocol distance
lightweight gas storage MOFs with low density,47,SemanticOnly,1,3,qmof-fd3b276,qmof-fa61018,0.0,,previous final-masked protocol distance
lightweight gas storage MOFs with low density,47,SemanticOnly,1,4,qmof-fd3b276,qmof-fa46fe8,0.0,,previous final-masked protocol distance
lightweight gas storage MOFs with low density,47,SemanticOnly,1,5,qmof-fd3b276,qmof-f81a30b,0.0,,previous final-masked protocol distance
lightweight gas storage MOFs with low density,47,SemanticOnly,2,3,qmof-fcd9e5c,qmof-fa61018,0.0,,previous final-masked protocol distance
lightweight gas storage MOFs with low density,47,SemanticOnly,2,4,qmof-fcd9e5c,qmof-fa46fe8,0.0,,previous final-masked protocol distance
lightweight gas storage MOFs with low density,47,SemanticOnly,2,5,qmof-fcd9e5c,qmof-f81a30b,0.0,,previous final-masked protocol distance
lightweight gas storage MOFs with low density,47,SemanticOnly,3,4,qmof-fa61018,qmof-fa46fe8,0.0,,previous final-masked protocol distance
lightweight gas storage MOFs with low density,47,SemanticOnly,3,5,qmof-fa61018,qmof-f81a30b,0.0,,previous final-masked protocol distance
lightweight gas storage MOFs with low density,47,SemanticOnly,4,5,qmof-fa46fe8,qmof-f81a30b,0.0,,previous final-masked protocol distance
lightweight gas storage MOFs with low density,47,TOPSIS,1,2,qmof-e566fbb,qmof-cef46c3,0.0,,previous final-masked protocol distance
lightweight gas storage MOFs with low density,47,TOPSIS,1,3,qmof-e566fbb,qmof-c0f392b,0.0,,previous final-masked protocol distance
lightweight gas storage MOFs with low density,47,TOPSIS,1,4,qmof-e566fbb,qmof-ac6a77a,0.0,,previous final-masked protocol distance
lightweight gas storage MOFs with low density,47,TOPSIS,1,5,qmof-e566fbb,qmof-a1a5849,0.0,,previous final-masked protocol distance
lightweight gas storage MOFs with low density,47,TOPSIS,2,3,qmof-cef46c3,qmof-c0f392b,0.0,,previous final-masked protocol distance
lightweight gas storage MOFs with low density,47,TOPSIS,2,4,qmof-cef46c3,qmof-ac6a77a,0.0,,previous final-masked protocol distance
lightweight gas storage MOFs with low density,47,TOPSIS,2,5,qmof-cef46c3,qmof-a1a5849,0.0,,previous final-masked protocol distance
lightweight gas storage MOFs with low density,47,TOPSIS,3,4,qmof-c0f392b,qmof-ac6a77a,0.0,,previous final-masked protocol distance
lightweight gas storage MOFs with low density,47,TOPSIS,3,5,qmof-c0f392b,qmof-a1a5849,0.0,,previous final-masked protocol distance
lightweight gas storage MOFs with low density,47,TOPSIS,4,5,qmof-ac6a77a,qmof-a1a5849,0.0,,previous final-masked protocol distance
lightweight gas storage MOFs with low density,47,WeightedSum,1,2,qmof-e566fbb,qmof-cef46c3,0.0,,previous final-masked protocol distance
lightweight gas storage MOFs with low density,47,WeightedSum,1,3,qmof-e566fbb,qmof-c0f392b,0.0,,previous final-masked protocol distance
lightweight gas storage MOFs with low density,47,WeightedSum,1,4,qmof-e566fbb,qmof-ac6a77a,0.0,,previous final-masked protocol distance
lightweight gas storage MOFs with low density,47,WeightedSum,1,5,qmof-e566fbb,qmof-a1a5849,0.0,,previous final-masked protocol distance
lightweight gas storage MOFs with low density,47,WeightedSum,2,3,qmof-cef46c3,qmof-c0f392b,0.0,,previous final-masked protocol distance
lightweight gas storage MOFs with low density,47,WeightedSum,2,4,qmof-cef46c3,qmof-ac6a77a,0.0,,previous final-masked protocol distance
lightweight gas storage MOFs with low density,47,WeightedSum,2,5,qmof-cef46c3,qmof-a1a5849,0.0,,previous final-masked protocol distance
lightweight gas storage MOFs with low density,47,WeightedSum,3,4,qmof-c0f392b,qmof-ac6a77a,0.0,,previous final-masked protocol distance
lightweight gas storage MOFs with low density,47,WeightedSum,3,5,qmof-c0f392b,qmof-a1a5849,0.0,,previous final-masked protocol distance
lightweight gas storage MOFs with low density,47,WeightedSum,4,5,qmof-ac6a77a,qmof-a1a5849,0.0,,previous final-masked protocol distance
lightweight gas storage MOFs with low density,48,GAT only,1,2,qmof-13a76dd,qmof-235f291,0.0,,previous final-masked protocol distance
lightweight gas storage MOFs with low density,48,GAT only,1,3,qmof-13a76dd,qmof-e566fbb,0.0,,previous final-masked protocol distance
lightweight gas storage MOFs with low density,48,GAT only,1,4,qmof-13a76dd,qmof-cef46c3,0.0,,previous final-masked protocol distance
lightweight gas storage MOFs with low density,48,GAT only,1,5,qmof-13a76dd,qmof-a1a5849,0.0,,previous final-masked protocol distance
lightweight gas storage MOFs with low density,48,GAT only,2,3,qmof-235f291,qmof-e566fbb,0.0,,previous final-masked protocol distance
lightweight gas storage MOFs with low density,48,GAT only,2,4,qmof-235f291,qmof-cef46c3,0.0,,previous final-masked protocol distance
lightweight gas storage MOFs with low density,48,GAT only,2,5,qmof-235f291,qmof-a1a5849,0.0,,previous final-masked protocol distance
lightweight gas storage MOFs with low density,48,GAT only,3,4,qmof-e566fbb,qmof-cef46c3,0.0,,previous final-masked protocol distance
lightweight gas storage MOFs with low density,48,GAT only,3,5,qmof-e566fbb,qmof-a1a5849,0.0,,previous final-masked protocol distance
lightweight gas storage MOFs with low density,48,GAT only,4,5,qmof-cef46c3,qmof-a1a5849,0.0,,previous final-masked protocol distance
lightweight gas storage MOFs with low density,48,GraphSAGE only,1,2,qmof-13a76dd,qmof-e566fbb,0.0,,previous final-masked protocol distance
lightweight gas storage MOFs with low density,48,GraphSAGE only,1,3,qmof-13a76dd,qmof-235f291,0.0,,previous final-masked protocol distance
lightweight gas storage MOFs with low density,48,GraphSAGE only,1,4,qmof-13a76dd,qmof-a1a5849,0.0,,previous final-masked protocol distance
lightweight gas storage MOFs with low density,48,GraphSAGE only,1,5,qmof-13a76dd,qmof-ac6a77a,0.0,,previous final-masked protocol distance
lightweight gas storage MOFs with low density,48,GraphSAGE only,2,3,qmof-e566fbb,qmof-235f291,0.0,,previous final-masked protocol distance
lightweight gas storage MOFs with low density,48,GraphSAGE only,2,4,qmof-e566fbb,qmof-a1a5849,0.0,,previous final-masked protocol distance
lightweight gas storage MOFs with low density,48,GraphSAGE only,2,5,qmof-e566fbb,qmof-ac6a77a,0.0,,previous final-masked protocol distance
lightweight gas storage MOFs with low density,48,GraphSAGE only,3,4,qmof-235f291,qmof-a1a5849,0.0,,previous final-masked protocol distance
lightweight gas storage MOFs with low density,48,GraphSAGE only,3,5,qmof-235f291,qmof-ac6a77a,0.0,,previous final-masked protocol distance
lightweight gas storage MOFs with low density,48,GraphSAGE only,4,5,qmof-a1a5849,qmof-ac6a77a,0.0,,previous final-masked protocol distance
lightweight gas storage MOFs with low density,48,LEA,1,2,qmof-c0f392b,qmof-ac6a77a,0.0,,previous final-masked protocol distance
lightweight gas storage MOFs with low density,48,LEA,1,3,qmof-c0f392b,qmof-13a76dd,0.0,,previous final-masked protocol distance
lightweight gas storage MOFs with low density,48,LEA,1,4,qmof-c0f392b,qmof-235f291,0.0,,previous final-masked protocol distance
lightweight gas storage MOFs with low density,48,LEA,1,5,qmof-c0f392b,qmof-cef46c3,0.0,,previous final-masked protocol distance
lightweight gas storage MOFs with low density,48,LEA,2,3,qmof-ac6a77a,qmof-13a76dd,0.0,,previous final-masked protocol distance
lightweight gas storage MOFs with low density,48,LEA,2,4,qmof-ac6a77a,qmof-235f291,0.0,,previous final-masked protocol distance
lightweight gas storage MOFs with low density,48,LEA,2,5,qmof-ac6a77a,qmof-cef46c3,0.0,,previous final-masked protocol distance
lightweight gas storage MOFs with low density,48,LEA,3,4,qmof-13a76dd,qmof-235f291,0.0,,previous final-masked protocol distance
lightweight gas storage MOFs with low density,48,LEA,3,5,qmof-13a76dd,qmof-cef46c3,0.0,,previous final-masked protocol distance
lightweight gas storage MOFs with low density,48,LEA,4,5,qmof-235f291,qmof-cef46c3,0.0,,previous final-masked protocol distance
lightweight gas storage MOFs with low density,48,LEA no diversity,1,2,qmof-c0f392b,qmof-ac6a77a,0.0,,previous final-masked protocol distance
lightweight gas storage MOFs with low density,48,LEA no diversity,1,3,qmof-c0f392b,qmof-13a76dd,0.0,,previous final-masked protocol distance
lightweight gas storage MOFs with low density,48,LEA no diversity,1,4,qmof-c0f392b,qmof-235f291,0.0,,previous final-masked protocol distance
lightweight gas storage MOFs with low density,48,LEA no diversity,1,5,qmof-c0f392b,qmof-cef46c3,0.0,,previous final-masked protocol distance
lightweight gas storage MOFs with low density,48,LEA no diversity,2,3,qmof-ac6a77a,qmof-13a76dd,0.0,,previous final-masked protocol distance
lightweight gas storage MOFs with low density,48,LEA no diversity,2,4,qmof-ac6a77a,qmof-235f291,0.0,,previous final-masked protocol distance
lightweight gas storage MOFs with low density,48,LEA no diversity,2,5,qmof-ac6a77a,qmof-cef46c3,0.0,,previous final-masked protocol distance
lightweight gas storage MOFs with low density,48,LEA no diversity,3,4,qmof-13a76dd,qmof-235f291,0.0,,previous final-masked protocol distance
lightweight gas storage MOFs with low density,48,LEA no diversity,3,5,qmof-13a76dd,qmof-cef46c3,0.0,,previous final-masked protocol distance
lightweight gas storage MOFs with low density,48,LEA no diversity,4,5,qmof-235f291,qmof-cef46c3,0.0,,previous final-masked protocol distance
lightweight gas storage MOFs with low density,48,LEA no self-cleaning,1,2,qmof-c0f392b,qmof-ac6a77a,0.0,,previous final-masked protocol distance
lightweight gas storage MOFs with low density,48,LEA no self-cleaning,1,3,qmof-c0f392b,qmof-13a76dd,0.0,,previous final-masked protocol distance
lightweight gas storage MOFs with low density,48,LEA no self-cleaning,1,4,qmof-c0f392b,qmof-235f291,0.0,,previous final-masked protocol distance
lightweight gas storage MOFs with low density,48,LEA no self-cleaning,1,5,qmof-c0f392b,qmof-cef46c3,0.0,,previous final-masked protocol distance
lightweight gas storage MOFs with low density,48,LEA no self-cleaning,2,3,qmof-ac6a77a,qmof-13a76dd,0.0,,previous final-masked protocol distance
lightweight gas storage MOFs with low density,48,LEA no self-cleaning,2,4,qmof-ac6a77a,qmof-235f291,0.0,,previous final-masked protocol distance
lightweight gas storage MOFs with low density,48,LEA no self-cleaning,2,5,qmof-ac6a77a,qmof-cef46c3,0.0,,previous final-masked protocol distance
lightweight gas storage MOFs with low density,48,LEA no self-cleaning,3,4,qmof-13a76dd,qmof-235f291,0.0,,previous final-masked protocol distance
lightweight gas storage MOFs with low density,48,LEA no self-cleaning,3,5,qmof-13a76dd,qmof-cef46c3,0.0,,previous final-masked protocol distance
lightweight gas storage MOFs with low density,48,LEA no self-cleaning,4,5,qmof-235f291,qmof-cef46c3,0.0,,previous final-masked protocol distance
lightweight gas storage MOFs with low density,48,LEA + GAT,1,2,qmof-13a76dd,qmof-235f291,0.0,,previous final-masked protocol distance
lightweight gas storage MOFs with low density,48,LEA + GAT,1,3,qmof-13a76dd,qmof-e566fbb,0.0,,previous final-masked protocol distance
lightweight gas storage MOFs with low density,48,LEA + GAT,1,4,qmof-13a76dd,qmof-cef46c3,0.0,,previous final-masked protocol distance
lightweight gas storage MOFs with low density,48,LEA + GAT,1,5,qmof-13a76dd,qmof-a1a5849,0.0,,previous final-masked protocol distance
lightweight gas storage MOFs with low density,48,LEA + GAT,2,3,qmof-235f291,qmof-e566fbb,0.0,,previous final-masked protocol distance
lightweight gas storage MOFs with low density,48,LEA + GAT,2,4,qmof-235f291,qmof-cef46c3,0.0,,previous final-masked protocol distance
lightweight gas storage MOFs with low density,48,LEA + GAT,2,5,qmof-235f291,qmof-a1a5849,0.0,,previous final-masked protocol distance
lightweight gas storage MOFs with low density,48,LEA + GAT,3,4,qmof-e566fbb,qmof-cef46c3,0.0,,previous final-masked protocol distance
lightweight gas storage MOFs with low density,48,LEA + GAT,3,5,qmof-e566fbb,qmof-a1a5849,0.0,,previous final-masked protocol distance
lightweight gas storage MOFs with low density,48,LEA + GAT,4,5,qmof-cef46c3,qmof-a1a5849,0.0,,previous final-masked protocol distance
lightweight gas storage MOFs with low density,48,LEA + GraphSAGE,1,2,qmof-13a76dd,qmof-e566fbb,0.0,,previous final-masked protocol distance
lightweight gas storage MOFs with low density,48,LEA + GraphSAGE,1,3,qmof-13a76dd,qmof-235f291,0.0,,previous final-masked protocol distance
lightweight gas storage MOFs with low density,48,LEA + GraphSAGE,1,4,qmof-13a76dd,qmof-a1a5849,0.0,,previous final-masked protocol distance
lightweight gas storage MOFs with low density,48,LEA + GraphSAGE,1,5,qmof-13a76dd,qmof-ac6a77a,0.0,,previous final-masked protocol distance
lightweight gas storage MOFs with low density,48,LEA + GraphSAGE,2,3,qmof-e566fbb,qmof-235f291,0.0,,previous final-masked protocol distance
lightweight gas storage MOFs with low density,48,LEA + GraphSAGE,2,4,qmof-e566fbb,qmof-a1a5849,0.0,,previous final-masked protocol distance
lightweight gas storage MOFs with low density,48,LEA + GraphSAGE,2,5,qmof-e566fbb,qmof-ac6a77a,0.0,,previous final-masked protocol distance
lightweight gas storage MOFs with low density,48,LEA + GraphSAGE,3,4,qmof-235f291,qmof-a1a5849,0.0,,previous final-masked protocol distance
lightweight gas storage MOFs with low density,48,LEA + GraphSAGE,3,5,qmof-235f291,qmof-ac6a77a,0.0,,previous final-masked protocol distance
lightweight gas storage MOFs with low density,48,LEA + GraphSAGE,4,5,qmof-a1a5849,qmof-ac6a77a,0.0,,previous final-masked protocol distance
lightweight gas storage MOFs with low density,48,MMR,1,2,qmof-e566fbb,qmof-a1a5849,0.0,,previous final-masked protocol distance
lightweight gas storage MOFs with low density,48,MMR,1,3,qmof-e566fbb,qmof-cef46c3,0.0,,previous final-masked protocol distance
lightweight gas storage MOFs with low density,48,MMR,1,4,qmof-e566fbb,qmof-235f291,0.0,,previous final-masked protocol distance
lightweight gas storage MOFs with low density,48,MMR,1,5,qmof-e566fbb,qmof-13a76dd,0.0,,previous final-masked protocol distance
lightweight gas storage MOFs with low density,48,MMR,2,3,qmof-a1a5849,qmof-cef46c3,0.0,,previous final-masked protocol distance
lightweight gas storage MOFs with low density,48,MMR,2,4,qmof-a1a5849,qmof-235f291,0.0,,previous final-masked protocol distance
lightweight gas storage MOFs with low density,48,MMR,2,5,qmof-a1a5849,qmof-13a76dd,0.0,,previous final-masked protocol distance
lightweight gas storage MOFs with low density,48,MMR,3,4,qmof-cef46c3,qmof-235f291,0.0,,previous final-masked protocol distance
lightweight gas storage MOFs with low density,48,MMR,3,5,qmof-cef46c3,qmof-13a76dd,0.0,,previous final-masked protocol distance
lightweight gas storage MOFs with low density,48,MMR,4,5,qmof-235f291,qmof-13a76dd,0.0,,previous final-masked protocol distance
lightweight gas storage MOFs with low density,48,ParetoCrowding,1,2,qmof-e566fbb,qmof-cef46c3,0.0,,previous final-masked protocol distance
lightweight gas storage MOFs with low density,48,ParetoCrowding,1,3,qmof-e566fbb,qmof-c0f392b,0.0,,previous final-masked protocol distance
lightweight gas storage MOFs with low density,48,ParetoCrowding,1,4,qmof-e566fbb,qmof-ac6a77a,0.0,,previous final-masked protocol distance
lightweight gas storage MOFs with low density,48,ParetoCrowding,1,5,qmof-e566fbb,qmof-a1a5849,0.0,,previous final-masked protocol distance
lightweight gas storage MOFs with low density,48,ParetoCrowding,2,3,qmof-cef46c3,qmof-c0f392b,0.0,,previous final-masked protocol distance
lightweight gas storage MOFs with low density,48,ParetoCrowding,2,4,qmof-cef46c3,qmof-ac6a77a,0.0,,previous final-masked protocol distance
lightweight gas storage MOFs with low density,48,ParetoCrowding,2,5,qmof-cef46c3,qmof-a1a5849,0.0,,previous final-masked protocol distance
lightweight gas storage MOFs with low density,48,ParetoCrowding,3,4,qmof-c0f392b,qmof-ac6a77a,0.0,,previous final-masked protocol distance
lightweight gas storage MOFs with low density,48,ParetoCrowding,3,5,qmof-c0f392b,qmof-a1a5849,0.0,,previous final-masked protocol distance
lightweight gas storage MOFs with low density,48,ParetoCrowding,4,5,qmof-ac6a77a,qmof-a1a5849,0.0,,previous final-masked protocol distance
lightweight gas storage MOFs with low density,48,Random,1,2,qmof-271c0b2,qmof-277f9e3,0.0,,previous final-masked protocol distance
lightweight gas storage MOFs with low density,48,Random,1,3,qmof-271c0b2,qmof-0bbddb3,0.0,,previous final-masked protocol distance
lightweight gas storage MOFs with low density,48,Random,1,4,qmof-271c0b2,qmof-08a8daa,0.0,,previous final-masked protocol distance
lightweight gas storage MOFs with low density,48,Random,1,5,qmof-271c0b2,qmof-9f8ac71,0.0,,previous final-masked protocol distance
lightweight gas storage MOFs with low density,48,Random,2,3,qmof-277f9e3,qmof-0bbddb3,0.0,,previous final-masked protocol distance
lightweight gas storage MOFs with low density,48,Random,2,4,qmof-277f9e3,qmof-08a8daa,0.0,,previous final-masked protocol distance
lightweight gas storage MOFs with low density,48,Random,2,5,qmof-277f9e3,qmof-9f8ac71,0.0,,previous final-masked protocol distance
lightweight gas storage MOFs with low density,48,Random,3,4,qmof-0bbddb3,qmof-08a8daa,0.0,,previous final-masked protocol distance
lightweight gas storage MOFs with low density,48,Random,3,5,qmof-0bbddb3,qmof-9f8ac71,0.0,,previous final-masked protocol distance
lightweight gas storage MOFs with low density,48,Random,4,5,qmof-08a8daa,qmof-9f8ac71,0.0,,previous final-masked protocol distance
lightweight gas storage MOFs with low density,48,SemanticOnly,1,2,qmof-f7ee91d,qmof-f5b881e,0.0,,previous final-masked protocol distance
lightweight gas storage MOFs with low density,48,SemanticOnly,1,3,qmof-f7ee91d,qmof-f1d3585,0.0,,previous final-masked protocol distance
lightweight gas storage MOFs with low density,48,SemanticOnly,1,4,qmof-f7ee91d,qmof-ead1cf2,0.0,,previous final-masked protocol distance
lightweight gas storage MOFs with low density,48,SemanticOnly,1,5,qmof-f7ee91d,qmof-e651703,0.0,,previous final-masked protocol distance
lightweight gas storage MOFs with low density,48,SemanticOnly,2,3,qmof-f5b881e,qmof-f1d3585,0.0,,previous final-masked protocol distance
lightweight gas storage MOFs with low density,48,SemanticOnly,2,4,qmof-f5b881e,qmof-ead1cf2,0.0,,previous final-masked protocol distance
lightweight gas storage MOFs with low density,48,SemanticOnly,2,5,qmof-f5b881e,qmof-e651703,0.0,,previous final-masked protocol distance
lightweight gas storage MOFs with low density,48,SemanticOnly,3,4,qmof-f1d3585,qmof-ead1cf2,0.0,,previous final-masked protocol distance
lightweight gas storage MOFs with low density,48,SemanticOnly,3,5,qmof-f1d3585,qmof-e651703,0.0,,previous final-masked protocol distance
lightweight gas storage MOFs with low density,48,SemanticOnly,4,5,qmof-ead1cf2,qmof-e651703,0.0,,previous final-masked protocol distance
lightweight gas storage MOFs with low density,48,TOPSIS,1,2,qmof-e566fbb,qmof-cef46c3,0.0,,previous final-masked protocol distance
lightweight gas storage MOFs with low density,48,TOPSIS,1,3,qmof-e566fbb,qmof-c0f392b,0.0,,previous final-masked protocol distance
lightweight gas storage MOFs with low density,48,TOPSIS,1,4,qmof-e566fbb,qmof-ac6a77a,0.0,,previous final-masked protocol distance
lightweight gas storage MOFs with low density,48,TOPSIS,1,5,qmof-e566fbb,qmof-a1a5849,0.0,,previous final-masked protocol distance
lightweight gas storage MOFs with low density,48,TOPSIS,2,3,qmof-cef46c3,qmof-c0f392b,0.0,,previous final-masked protocol distance
lightweight gas storage MOFs with low density,48,TOPSIS,2,4,qmof-cef46c3,qmof-ac6a77a,0.0,,previous final-masked protocol distance
lightweight gas storage MOFs with low density,48,TOPSIS,2,5,qmof-cef46c3,qmof-a1a5849,0.0,,previous final-masked protocol distance
lightweight gas storage MOFs with low density,48,TOPSIS,3,4,qmof-c0f392b,qmof-ac6a77a,0.0,,previous final-masked protocol distance
lightweight gas storage MOFs with low density,48,TOPSIS,3,5,qmof-c0f392b,qmof-a1a5849,0.0,,previous final-masked protocol distance
lightweight gas storage MOFs with low density,48,TOPSIS,4,5,qmof-ac6a77a,qmof-a1a5849,0.0,,previous final-masked protocol distance
lightweight gas storage MOFs with low density,48,WeightedSum,1,2,qmof-e566fbb,qmof-cef46c3,0.0,,previous final-masked protocol distance
lightweight gas storage MOFs with low density,48,WeightedSum,1,3,qmof-e566fbb,qmof-c0f392b,0.0,,previous final-masked protocol distance
lightweight gas storage MOFs with low density,48,WeightedSum,1,4,qmof-e566fbb,qmof-ac6a77a,0.0,,previous final-masked protocol distance
lightweight gas storage MOFs with low density,48,WeightedSum,1,5,qmof-e566fbb,qmof-a1a5849,0.0,,previous final-masked protocol distance
lightweight gas storage MOFs with low density,48,WeightedSum,2,3,qmof-cef46c3,qmof-c0f392b,0.0,,previous final-masked protocol distance
lightweight gas storage MOFs with low density,48,WeightedSum,2,4,qmof-cef46c3,qmof-ac6a77a,0.0,,previous final-masked protocol distance
lightweight gas storage MOFs with low density,48,WeightedSum,2,5,qmof-cef46c3,qmof-a1a5849,0.0,,previous final-masked protocol distance
lightweight gas storage MOFs with low density,48,WeightedSum,3,4,qmof-c0f392b,qmof-ac6a77a,0.0,,previous final-masked protocol distance
lightweight gas storage MOFs with low density,48,WeightedSum,3,5,qmof-c0f392b,qmof-a1a5849,0.0,,previous final-masked protocol distance
lightweight gas storage MOFs with low density,48,WeightedSum,4,5,qmof-ac6a77a,qmof-a1a5849,0.0,,previous final-masked protocol distance
lightweight gas storage MOFs with low density,49,GAT only,1,2,qmof-13a76dd,qmof-235f291,0.0,,previous final-masked protocol distance
lightweight gas storage MOFs with low density,49,GAT only,1,3,qmof-13a76dd,qmof-e566fbb,0.0,,previous final-masked protocol distance
lightweight gas storage MOFs with low density,49,GAT only,1,4,qmof-13a76dd,qmof-cef46c3,0.0,,previous final-masked protocol distance
lightweight gas storage MOFs with low density,49,GAT only,1,5,qmof-13a76dd,qmof-a1a5849,0.0,,previous final-masked protocol distance
lightweight gas storage MOFs with low density,49,GAT only,2,3,qmof-235f291,qmof-e566fbb,0.0,,previous final-masked protocol distance
lightweight gas storage MOFs with low density,49,GAT only,2,4,qmof-235f291,qmof-cef46c3,0.0,,previous final-masked protocol distance
lightweight gas storage MOFs with low density,49,GAT only,2,5,qmof-235f291,qmof-a1a5849,0.0,,previous final-masked protocol distance
lightweight gas storage MOFs with low density,49,GAT only,3,4,qmof-e566fbb,qmof-cef46c3,0.0,,previous final-masked protocol distance
lightweight gas storage MOFs with low density,49,GAT only,3,5,qmof-e566fbb,qmof-a1a5849,0.0,,previous final-masked protocol distance
lightweight gas storage MOFs with low density,49,GAT only,4,5,qmof-cef46c3,qmof-a1a5849,0.0,,previous final-masked protocol distance
lightweight gas storage MOFs with low density,49,GraphSAGE only,1,2,qmof-91a02c3,qmof-13a76dd,0.0,,previous final-masked protocol distance
lightweight gas storage MOFs with low density,49,GraphSAGE only,1,3,qmof-91a02c3,qmof-e566fbb,0.0,,previous final-masked protocol distance
lightweight gas storage MOFs with low density,49,GraphSAGE only,1,4,qmof-91a02c3,qmof-235f291,0.0,,previous final-masked protocol distance
lightweight gas storage MOFs with low density,49,GraphSAGE only,1,5,qmof-91a02c3,qmof-a1a5849,0.0,,previous final-masked protocol distance
lightweight gas storage MOFs with low density,49,GraphSAGE only,2,3,qmof-13a76dd,qmof-e566fbb,0.0,,previous final-masked protocol distance
lightweight gas storage MOFs with low density,49,GraphSAGE only,2,4,qmof-13a76dd,qmof-235f291,0.0,,previous final-masked protocol distance
lightweight gas storage MOFs with low density,49,GraphSAGE only,2,5,qmof-13a76dd,qmof-a1a5849,0.0,,previous final-masked protocol distance
lightweight gas storage MOFs with low density,49,GraphSAGE only,3,4,qmof-e566fbb,qmof-235f291,0.0,,previous final-masked protocol distance
lightweight gas storage MOFs with low density,49,GraphSAGE only,3,5,qmof-e566fbb,qmof-a1a5849,0.0,,previous final-masked protocol distance
lightweight gas storage MOFs with low density,49,GraphSAGE only,4,5,qmof-235f291,qmof-a1a5849,0.0,,previous final-masked protocol distance
lightweight gas storage MOFs with low density,49,LEA,1,2,qmof-ac6a77a,qmof-c0f392b,0.0,,previous final-masked protocol distance
lightweight gas storage MOFs with low density,49,LEA,1,3,qmof-ac6a77a,qmof-e566fbb,0.0,,previous final-masked protocol distance
lightweight gas storage MOFs with low density,49,LEA,1,4,qmof-ac6a77a,qmof-235f291,0.0,,previous final-masked protocol distance
lightweight gas storage MOFs with low density,49,LEA,1,5,qmof-ac6a77a,qmof-a1a5849,0.0,,previous final-masked protocol distance
lightweight gas storage MOFs with low density,49,LEA,2,3,qmof-c0f392b,qmof-e566fbb,0.0,,previous final-masked protocol distance
lightweight gas storage MOFs with low density,49,LEA,2,4,qmof-c0f392b,qmof-235f291,0.0,,previous final-masked protocol distance
lightweight gas storage MOFs with low density,49,LEA,2,5,qmof-c0f392b,qmof-a1a5849,0.0,,previous final-masked protocol distance
lightweight gas storage MOFs with low density,49,LEA,3,4,qmof-e566fbb,qmof-235f291,0.0,,previous final-masked protocol distance
lightweight gas storage MOFs with low density,49,LEA,3,5,qmof-e566fbb,qmof-a1a5849,0.0,,previous final-masked protocol distance
lightweight gas storage MOFs with low density,49,LEA,4,5,qmof-235f291,qmof-a1a5849,0.0,,previous final-masked protocol distance
lightweight gas storage MOFs with low density,49,LEA no diversity,1,2,qmof-ac6a77a,qmof-c0f392b,0.0,,previous final-masked protocol distance
lightweight gas storage MOFs with low density,49,LEA no diversity,1,3,qmof-ac6a77a,qmof-e566fbb,0.0,,previous final-masked protocol distance
lightweight gas storage MOFs with low density,49,LEA no diversity,1,4,qmof-ac6a77a,qmof-235f291,0.0,,previous final-masked protocol distance
lightweight gas storage MOFs with low density,49,LEA no diversity,1,5,qmof-ac6a77a,qmof-a1a5849,0.0,,previous final-masked protocol distance
lightweight gas storage MOFs with low density,49,LEA no diversity,2,3,qmof-c0f392b,qmof-e566fbb,0.0,,previous final-masked protocol distance
lightweight gas storage MOFs with low density,49,LEA no diversity,2,4,qmof-c0f392b,qmof-235f291,0.0,,previous final-masked protocol distance
lightweight gas storage MOFs with low density,49,LEA no diversity,2,5,qmof-c0f392b,qmof-a1a5849,0.0,,previous final-masked protocol distance
lightweight gas storage MOFs with low density,49,LEA no diversity,3,4,qmof-e566fbb,qmof-235f291,0.0,,previous final-masked protocol distance
lightweight gas storage MOFs with low density,49,LEA no diversity,3,5,qmof-e566fbb,qmof-a1a5849,0.0,,previous final-masked protocol distance
lightweight gas storage MOFs with low density,49,LEA no diversity,4,5,qmof-235f291,qmof-a1a5849,0.0,,previous final-masked protocol distance
lightweight gas storage MOFs with low density,49,LEA no self-cleaning,1,2,qmof-ac6a77a,qmof-c0f392b,0.0,,previous final-masked protocol distance
lightweight gas storage MOFs with low density,49,LEA no self-cleaning,1,3,qmof-ac6a77a,qmof-e566fbb,0.0,,previous final-masked protocol distance
lightweight gas storage MOFs with low density,49,LEA no self-cleaning,1,4,qmof-ac6a77a,qmof-235f291,0.0,,previous final-masked protocol distance
lightweight gas storage MOFs with low density,49,LEA no self-cleaning,1,5,qmof-ac6a77a,qmof-a1a5849,0.0,,previous final-masked protocol distance
lightweight gas storage MOFs with low density,49,LEA no self-cleaning,2,3,qmof-c0f392b,qmof-e566fbb,0.0,,previous final-masked protocol distance
lightweight gas storage MOFs with low density,49,LEA no self-cleaning,2,4,qmof-c0f392b,qmof-235f291,0.0,,previous final-masked protocol distance
lightweight gas storage MOFs with low density,49,LEA no self-cleaning,2,5,qmof-c0f392b,qmof-a1a5849,0.0,,previous final-masked protocol distance
lightweight gas storage MOFs with low density,49,LEA no self-cleaning,3,4,qmof-e566fbb,qmof-235f291,0.0,,previous final-masked protocol distance
lightweight gas storage MOFs with low density,49,LEA no self-cleaning,3,5,qmof-e566fbb,qmof-a1a5849,0.0,,previous final-masked protocol distance
lightweight gas storage MOFs with low density,49,LEA no self-cleaning,4,5,qmof-235f291,qmof-a1a5849,0.0,,previous final-masked protocol distance
lightweight gas storage MOFs with low density,49,LEA + GAT,1,2,qmof-13a76dd,qmof-235f291,0.0,,previous final-masked protocol distance
lightweight gas storage MOFs with low density,49,LEA + GAT,1,3,qmof-13a76dd,qmof-e566fbb,0.0,,previous final-masked protocol distance
lightweight gas storage MOFs with low density,49,LEA + GAT,1,4,qmof-13a76dd,qmof-cef46c3,0.0,,previous final-masked protocol distance
lightweight gas storage MOFs with low density,49,LEA + GAT,1,5,qmof-13a76dd,qmof-a1a5849,0.0,,previous final-masked protocol distance
lightweight gas storage MOFs with low density,49,LEA + GAT,2,3,qmof-235f291,qmof-e566fbb,0.0,,previous final-masked protocol distance
lightweight gas storage MOFs with low density,49,LEA + GAT,2,4,qmof-235f291,qmof-cef46c3,0.0,,previous final-masked protocol distance
lightweight gas storage MOFs with low density,49,LEA + GAT,2,5,qmof-235f291,qmof-a1a5849,0.0,,previous final-masked protocol distance
lightweight gas storage MOFs with low density,49,LEA + GAT,3,4,qmof-e566fbb,qmof-cef46c3,0.0,,previous final-masked protocol distance
lightweight gas storage MOFs with low density,49,LEA + GAT,3,5,qmof-e566fbb,qmof-a1a5849,0.0,,previous final-masked protocol distance
lightweight gas storage MOFs with low density,49,LEA + GAT,4,5,qmof-cef46c3,qmof-a1a5849,0.0,,previous final-masked protocol distance
lightweight gas storage MOFs with low density,49,LEA + GraphSAGE,1,2,qmof-13a76dd,qmof-e566fbb,0.0,,previous final-masked protocol distance
lightweight gas storage MOFs with low density,49,LEA + GraphSAGE,1,3,qmof-13a76dd,qmof-235f291,0.0,,previous final-masked protocol distance
lightweight gas storage MOFs with low density,49,LEA + GraphSAGE,1,4,qmof-13a76dd,qmof-a1a5849,0.0,,previous final-masked protocol distance
lightweight gas storage MOFs with low density,49,LEA + GraphSAGE,1,5,qmof-13a76dd,qmof-ac6a77a,0.0,,previous final-masked protocol distance
lightweight gas storage MOFs with low density,49,LEA + GraphSAGE,2,3,qmof-e566fbb,qmof-235f291,0.0,,previous final-masked protocol distance
lightweight gas storage MOFs with low density,49,LEA + GraphSAGE,2,4,qmof-e566fbb,qmof-a1a5849,0.0,,previous final-masked protocol distance
lightweight gas storage MOFs with low density,49,LEA + GraphSAGE,2,5,qmof-e566fbb,qmof-ac6a77a,0.0,,previous final-masked protocol distance
lightweight gas storage MOFs with low density,49,LEA + GraphSAGE,3,4,qmof-235f291,qmof-a1a5849,0.0,,previous final-masked protocol distance
lightweight gas storage MOFs with low density,49,LEA + GraphSAGE,3,5,qmof-235f291,qmof-ac6a77a,0.0,,previous final-masked protocol distance
lightweight gas storage MOFs with low density,49,LEA + GraphSAGE,4,5,qmof-a1a5849,qmof-ac6a77a,0.0,,previous final-masked protocol distance
lightweight gas storage MOFs with low density,49,MMR,1,2,qmof-cef46c3,qmof-13a76dd,0.0,,previous final-masked protocol distance
lightweight gas storage MOFs with low density,49,MMR,1,3,qmof-cef46c3,qmof-a1a5849,0.0,,previous final-masked protocol distance
lightweight gas storage MOFs with low density,49,MMR,1,4,qmof-cef46c3,qmof-235f291,0.0,,previous final-masked protocol distance
lightweight gas storage MOFs with low density,49,MMR,1,5,qmof-cef46c3,qmof-e566fbb,0.0,,previous final-masked protocol distance
lightweight gas storage MOFs with low density,49,MMR,2,3,qmof-13a76dd,qmof-a1a5849,0.0,,previous final-masked protocol distance
lightweight gas storage MOFs with low density,49,MMR,2,4,qmof-13a76dd,qmof-235f291,0.0,,previous final-masked protocol distance
lightweight gas storage MOFs with low density,49,MMR,2,5,qmof-13a76dd,qmof-e566fbb,0.0,,previous final-masked protocol distance
lightweight gas storage MOFs with low density,49,MMR,3,4,qmof-a1a5849,qmof-235f291,0.0,,previous final-masked protocol distance
lightweight gas storage MOFs with low density,49,MMR,3,5,qmof-a1a5849,qmof-e566fbb,0.0,,previous final-masked protocol distance
lightweight gas storage MOFs with low density,49,MMR,4,5,qmof-235f291,qmof-e566fbb,0.0,,previous final-masked protocol distance
lightweight gas storage MOFs with low density,49,ParetoCrowding,1,2,qmof-e566fbb,qmof-cef46c3,0.0,,previous final-masked protocol distance
lightweight gas storage MOFs with low density,49,ParetoCrowding,1,3,qmof-e566fbb,qmof-c0f392b,0.0,,previous final-masked protocol distance
lightweight gas storage MOFs with low density,49,ParetoCrowding,1,4,qmof-e566fbb,qmof-ac6a77a,0.0,,previous final-masked protocol distance
lightweight gas storage MOFs with low density,49,ParetoCrowding,1,5,qmof-e566fbb,qmof-a1a5849,0.0,,previous final-masked protocol distance
lightweight gas storage MOFs with low density,49,ParetoCrowding,2,3,qmof-cef46c3,qmof-c0f392b,0.0,,previous final-masked protocol distance
lightweight gas storage MOFs with low density,49,ParetoCrowding,2,4,qmof-cef46c3,qmof-ac6a77a,0.0,,previous final-masked protocol distance
lightweight gas storage MOFs with low density,49,ParetoCrowding,2,5,qmof-cef46c3,qmof-a1a5849,0.0,,previous final-masked protocol distance
lightweight gas storage MOFs with low density,49,ParetoCrowding,3,4,qmof-c0f392b,qmof-ac6a77a,0.0,,previous final-masked protocol distance
lightweight gas storage MOFs with low density,49,ParetoCrowding,3,5,qmof-c0f392b,qmof-a1a5849,0.0,,previous final-masked protocol distance
lightweight gas storage MOFs with low density,49,ParetoCrowding,4,5,qmof-ac6a77a,qmof-a1a5849,0.0,,previous final-masked protocol distance
lightweight gas storage MOFs with low density,49,Random,1,2,qmof-faede09,qmof-a372b4b,0.0,,previous final-masked protocol distance
lightweight gas storage MOFs with low density,49,Random,1,3,qmof-faede09,qmof-bda2f7d,0.0,,previous final-masked protocol distance
lightweight gas storage MOFs with low density,49,Random,1,4,qmof-faede09,qmof-ef32174,0.0,,previous final-masked protocol distance
lightweight gas storage MOFs with low density,49,Random,1,5,qmof-faede09,qmof-7fccc1f,0.0,,previous final-masked protocol distance
lightweight gas storage MOFs with low density,49,Random,2,3,qmof-a372b4b,qmof-bda2f7d,0.0,,previous final-masked protocol distance
lightweight gas storage MOFs with low density,49,Random,2,4,qmof-a372b4b,qmof-ef32174,0.0,,previous final-masked protocol distance
lightweight gas storage MOFs with low density,49,Random,2,5,qmof-a372b4b,qmof-7fccc1f,0.0,,previous final-masked protocol distance
lightweight gas storage MOFs with low density,49,Random,3,4,qmof-bda2f7d,qmof-ef32174,0.0,,previous final-masked protocol distance
lightweight gas storage MOFs with low density,49,Random,3,5,qmof-bda2f7d,qmof-7fccc1f,0.0,,previous final-masked protocol distance
lightweight gas storage MOFs with low density,49,Random,4,5,qmof-ef32174,qmof-7fccc1f,0.0,,previous final-masked protocol distance
lightweight gas storage MOFs with low density,49,SemanticOnly,1,2,qmof-fea8031,qmof-fc7aafb,0.0,,previous final-masked protocol distance
lightweight gas storage MOFs with low density,49,SemanticOnly,1,3,qmof-fea8031,qmof-faede09,0.0,,previous final-masked protocol distance
lightweight gas storage MOFs with low density,49,SemanticOnly,1,4,qmof-fea8031,qmof-f6132be,0.0,,previous final-masked protocol distance
lightweight gas storage MOFs with low density,49,SemanticOnly,1,5,qmof-fea8031,qmof-f5af2da,0.0,,previous final-masked protocol distance
lightweight gas storage MOFs with low density,49,SemanticOnly,2,3,qmof-fc7aafb,qmof-faede09,0.0,,previous final-masked protocol distance
lightweight gas storage MOFs with low density,49,SemanticOnly,2,4,qmof-fc7aafb,qmof-f6132be,0.0,,previous final-masked protocol distance
lightweight gas storage MOFs with low density,49,SemanticOnly,2,5,qmof-fc7aafb,qmof-f5af2da,0.0,,previous final-masked protocol distance
lightweight gas storage MOFs with low density,49,SemanticOnly,3,4,qmof-faede09,qmof-f6132be,0.0,,previous final-masked protocol distance
lightweight gas storage MOFs with low density,49,SemanticOnly,3,5,qmof-faede09,qmof-f5af2da,0.0,,previous final-masked protocol distance
lightweight gas storage MOFs with low density,49,SemanticOnly,4,5,qmof-f6132be,qmof-f5af2da,0.0,,previous final-masked protocol distance
lightweight gas storage MOFs with low density,49,TOPSIS,1,2,qmof-e566fbb,qmof-cef46c3,0.0,,previous final-masked protocol distance
lightweight gas storage MOFs with low density,49,TOPSIS,1,3,qmof-e566fbb,qmof-c0f392b,0.0,,previous final-masked protocol distance
lightweight gas storage MOFs with low density,49,TOPSIS,1,4,qmof-e566fbb,qmof-ac6a77a,0.0,,previous final-masked protocol distance
lightweight gas storage MOFs with low density,49,TOPSIS,1,5,qmof-e566fbb,qmof-a1a5849,0.0,,previous final-masked protocol distance
lightweight gas storage MOFs with low density,49,TOPSIS,2,3,qmof-cef46c3,qmof-c0f392b,0.0,,previous final-masked protocol distance
lightweight gas storage MOFs with low density,49,TOPSIS,2,4,qmof-cef46c3,qmof-ac6a77a,0.0,,previous final-masked protocol distance
lightweight gas storage MOFs with low density,49,TOPSIS,2,5,qmof-cef46c3,qmof-a1a5849,0.0,,previous final-masked protocol distance
lightweight gas storage MOFs with low density,49,TOPSIS,3,4,qmof-c0f392b,qmof-ac6a77a,0.0,,previous final-masked protocol distance
lightweight gas storage MOFs with low density,49,TOPSIS,3,5,qmof-c0f392b,qmof-a1a5849,0.0,,previous final-masked protocol distance
lightweight gas storage MOFs with low density,49,TOPSIS,4,5,qmof-ac6a77a,qmof-a1a5849,0.0,,previous final-masked protocol distance
lightweight gas storage MOFs with low density,49,WeightedSum,1,2,qmof-e566fbb,qmof-cef46c3,0.0,,previous final-masked protocol distance
lightweight gas storage MOFs with low density,49,WeightedSum,1,3,qmof-e566fbb,qmof-c0f392b,0.0,,previous final-masked protocol distance
lightweight gas storage MOFs with low density,49,WeightedSum,1,4,qmof-e566fbb,qmof-ac6a77a,0.0,,previous final-masked protocol distance
lightweight gas storage MOFs with low density,49,WeightedSum,1,5,qmof-e566fbb,qmof-a1a5849,0.0,,previous final-masked protocol distance
lightweight gas storage MOFs with low density,49,WeightedSum,2,3,qmof-cef46c3,qmof-c0f392b,0.0,,previous final-masked protocol distance
lightweight gas storage MOFs with low density,49,WeightedSum,2,4,qmof-cef46c3,qmof-ac6a77a,0.0,,previous final-masked protocol distance
lightweight gas storage MOFs with low density,49,WeightedSum,2,5,qmof-cef46c3,qmof-a1a5849,0.0,,previous final-masked protocol distance
lightweight gas storage MOFs with low density,49,WeightedSum,3,4,qmof-c0f392b,qmof-ac6a77a,0.0,,previous final-masked protocol distance
lightweight gas storage MOFs with low density,49,WeightedSum,3,5,qmof-c0f392b,qmof-a1a5849,0.0,,previous final-masked protocol distance
lightweight gas storage MOFs with low density,49,WeightedSum,4,5,qmof-ac6a77a,qmof-a1a5849,0.0,,previous final-masked protocol distance
lightweight gas storage MOFs with low density,50,GAT only,1,2,qmof-13a76dd,qmof-235f291,0.0,,previous final-masked protocol distance
lightweight gas storage MOFs with low density,50,GAT only,1,3,qmof-13a76dd,qmof-e566fbb,0.0,,previous final-masked protocol distance
lightweight gas storage MOFs with low density,50,GAT only,1,4,qmof-13a76dd,qmof-cef46c3,0.0,,previous final-masked protocol distance
lightweight gas storage MOFs with low density,50,GAT only,1,5,qmof-13a76dd,qmof-a1a5849,0.0,,previous final-masked protocol distance
lightweight gas storage MOFs with low density,50,GAT only,2,3,qmof-235f291,qmof-e566fbb,0.0,,previous final-masked protocol distance
lightweight gas storage MOFs with low density,50,GAT only,2,4,qmof-235f291,qmof-cef46c3,0.0,,previous final-masked protocol distance
lightweight gas storage MOFs with low density,50,GAT only,2,5,qmof-235f291,qmof-a1a5849,0.0,,previous final-masked protocol distance
lightweight gas storage MOFs with low density,50,GAT only,3,4,qmof-e566fbb,qmof-cef46c3,0.0,,previous final-masked protocol distance
lightweight gas storage MOFs with low density,50,GAT only,3,5,qmof-e566fbb,qmof-a1a5849,0.0,,previous final-masked protocol distance
lightweight gas storage MOFs with low density,50,GAT only,4,5,qmof-cef46c3,qmof-a1a5849,0.0,,previous final-masked protocol distance
lightweight gas storage MOFs with low density,50,GraphSAGE only,1,2,qmof-13a76dd,qmof-e566fbb,0.0,,previous final-masked protocol distance
lightweight gas storage MOFs with low density,50,GraphSAGE only,1,3,qmof-13a76dd,qmof-235f291,0.0,,previous final-masked protocol distance
lightweight gas storage MOFs with low density,50,GraphSAGE only,1,4,qmof-13a76dd,qmof-a1a5849,0.0,,previous final-masked protocol distance
lightweight gas storage MOFs with low density,50,GraphSAGE only,1,5,qmof-13a76dd,qmof-ac6a77a,0.0,,previous final-masked protocol distance
lightweight gas storage MOFs with low density,50,GraphSAGE only,2,3,qmof-e566fbb,qmof-235f291,0.0,,previous final-masked protocol distance
lightweight gas storage MOFs with low density,50,GraphSAGE only,2,4,qmof-e566fbb,qmof-a1a5849,0.0,,previous final-masked protocol distance
lightweight gas storage MOFs with low density,50,GraphSAGE only,2,5,qmof-e566fbb,qmof-ac6a77a,0.0,,previous final-masked protocol distance
lightweight gas storage MOFs with low density,50,GraphSAGE only,3,4,qmof-235f291,qmof-a1a5849,0.0,,previous final-masked protocol distance
lightweight gas storage MOFs with low density,50,GraphSAGE only,3,5,qmof-235f291,qmof-ac6a77a,0.0,,previous final-masked protocol distance
lightweight gas storage MOFs with low density,50,GraphSAGE only,4,5,qmof-a1a5849,qmof-ac6a77a,0.0,,previous final-masked protocol distance
lightweight gas storage MOFs with low density,50,LEA,1,2,qmof-cef46c3,qmof-e566fbb,0.0,,previous final-masked protocol distance
lightweight gas storage MOFs with low density,50,LEA,1,3,qmof-cef46c3,qmof-ac6a77a,0.0,,previous final-masked protocol distance
lightweight gas storage MOFs with low density,50,LEA,1,4,qmof-cef46c3,qmof-c0f392b,0.0,,previous final-masked protocol distance
lightweight gas storage MOFs with low density,50,LEA,1,5,qmof-cef46c3,qmof-235f291,0.0,,previous final-masked protocol distance
lightweight gas storage MOFs with low density,50,LEA,2,3,qmof-e566fbb,qmof-ac6a77a,0.0,,previous final-masked protocol distance
lightweight gas storage MOFs with low density,50,LEA,2,4,qmof-e566fbb,qmof-c0f392b,0.0,,previous final-masked protocol distance
lightweight gas storage MOFs with low density,50,LEA,2,5,qmof-e566fbb,qmof-235f291,0.0,,previous final-masked protocol distance
lightweight gas storage MOFs with low density,50,LEA,3,4,qmof-ac6a77a,qmof-c0f392b,0.0,,previous final-masked protocol distance
lightweight gas storage MOFs with low density,50,LEA,3,5,qmof-ac6a77a,qmof-235f291,0.0,,previous final-masked protocol distance
lightweight gas storage MOFs with low density,50,LEA,4,5,qmof-c0f392b,qmof-235f291,0.0,,previous final-masked protocol distance
lightweight gas storage MOFs with low density,50,LEA no diversity,1,2,qmof-cef46c3,qmof-e566fbb,0.0,,previous final-masked protocol distance
lightweight gas storage MOFs with low density,50,LEA no diversity,1,3,qmof-cef46c3,qmof-ac6a77a,0.0,,previous final-masked protocol distance
lightweight gas storage MOFs with low density,50,LEA no diversity,1,4,qmof-cef46c3,qmof-c0f392b,0.0,,previous final-masked protocol distance
lightweight gas storage MOFs with low density,50,LEA no diversity,1,5,qmof-cef46c3,qmof-235f291,0.0,,previous final-masked protocol distance
lightweight gas storage MOFs with low density,50,LEA no diversity,2,3,qmof-e566fbb,qmof-ac6a77a,0.0,,previous final-masked protocol distance
lightweight gas storage MOFs with low density,50,LEA no diversity,2,4,qmof-e566fbb,qmof-c0f392b,0.0,,previous final-masked protocol distance
lightweight gas storage MOFs with low density,50,LEA no diversity,2,5,qmof-e566fbb,qmof-235f291,0.0,,previous final-masked protocol distance
lightweight gas storage MOFs with low density,50,LEA no diversity,3,4,qmof-ac6a77a,qmof-c0f392b,0.0,,previous final-masked protocol distance
lightweight gas storage MOFs with low density,50,LEA no diversity,3,5,qmof-ac6a77a,qmof-235f291,0.0,,previous final-masked protocol distance
lightweight gas storage MOFs with low density,50,LEA no diversity,4,5,qmof-c0f392b,qmof-235f291,0.0,,previous final-masked protocol distance
lightweight gas storage MOFs with low density,50,LEA no self-cleaning,1,2,qmof-cef46c3,qmof-e566fbb,0.0,,previous final-masked protocol distance
lightweight gas storage MOFs with low density,50,LEA no self-cleaning,1,3,qmof-cef46c3,qmof-ac6a77a,0.0,,previous final-masked protocol distance
lightweight gas storage MOFs with low density,50,LEA no self-cleaning,1,4,qmof-cef46c3,qmof-c0f392b,0.0,,previous final-masked protocol distance
lightweight gas storage MOFs with low density,50,LEA no self-cleaning,1,5,qmof-cef46c3,qmof-235f291,0.0,,previous final-masked protocol distance
lightweight gas storage MOFs with low density,50,LEA no self-cleaning,2,3,qmof-e566fbb,qmof-ac6a77a,0.0,,previous final-masked protocol distance
lightweight gas storage MOFs with low density,50,LEA no self-cleaning,2,4,qmof-e566fbb,qmof-c0f392b,0.0,,previous final-masked protocol distance
lightweight gas storage MOFs with low density,50,LEA no self-cleaning,2,5,qmof-e566fbb,qmof-235f291,0.0,,previous final-masked protocol distance
lightweight gas storage MOFs with low density,50,LEA no self-cleaning,3,4,qmof-ac6a77a,qmof-c0f392b,0.0,,previous final-masked protocol distance
lightweight gas storage MOFs with low density,50,LEA no self-cleaning,3,5,qmof-ac6a77a,qmof-235f291,0.0,,previous final-masked protocol distance
lightweight gas storage MOFs with low density,50,LEA no self-cleaning,4,5,qmof-c0f392b,qmof-235f291,0.0,,previous final-masked protocol distance
lightweight gas storage MOFs with low density,50,LEA + GAT,1,2,qmof-13a76dd,qmof-235f291,0.0,,previous final-masked protocol distance
lightweight gas storage MOFs with low density,50,LEA + GAT,1,3,qmof-13a76dd,qmof-e566fbb,0.0,,previous final-masked protocol distance
lightweight gas storage MOFs with low density,50,LEA + GAT,1,4,qmof-13a76dd,qmof-cef46c3,0.0,,previous final-masked protocol distance
lightweight gas storage MOFs with low density,50,LEA + GAT,1,5,qmof-13a76dd,qmof-a1a5849,0.0,,previous final-masked protocol distance
lightweight gas storage MOFs with low density,50,LEA + GAT,2,3,qmof-235f291,qmof-e566fbb,0.0,,previous final-masked protocol distance
lightweight gas storage MOFs with low density,50,LEA + GAT,2,4,qmof-235f291,qmof-cef46c3,0.0,,previous final-masked protocol distance
lightweight gas storage MOFs with low density,50,LEA + GAT,2,5,qmof-235f291,qmof-a1a5849,0.0,,previous final-masked protocol distance
lightweight gas storage MOFs with low density,50,LEA + GAT,3,4,qmof-e566fbb,qmof-cef46c3,0.0,,previous final-masked protocol distance
lightweight gas storage MOFs with low density,50,LEA + GAT,3,5,qmof-e566fbb,qmof-a1a5849,0.0,,previous final-masked protocol distance
lightweight gas storage MOFs with low density,50,LEA + GAT,4,5,qmof-cef46c3,qmof-a1a5849,0.0,,previous final-masked protocol distance
lightweight gas storage MOFs with low density,50,LEA + GraphSAGE,1,2,qmof-13a76dd,qmof-e566fbb,0.0,,previous final-masked protocol distance
lightweight gas storage MOFs with low density,50,LEA + GraphSAGE,1,3,qmof-13a76dd,qmof-235f291,0.0,,previous final-masked protocol distance
lightweight gas storage MOFs with low density,50,LEA + GraphSAGE,1,4,qmof-13a76dd,qmof-a1a5849,0.0,,previous final-masked protocol distance
lightweight gas storage MOFs with low density,50,LEA + GraphSAGE,1,5,qmof-13a76dd,qmof-ac6a77a,0.0,,previous final-masked protocol distance
lightweight gas storage MOFs with low density,50,LEA + GraphSAGE,2,3,qmof-e566fbb,qmof-235f291,0.0,,previous final-masked protocol distance
lightweight gas storage MOFs with low density,50,LEA + GraphSAGE,2,4,qmof-e566fbb,qmof-a1a5849,0.0,,previous final-masked protocol distance
lightweight gas storage MOFs with low density,50,LEA + GraphSAGE,2,5,qmof-e566fbb,qmof-ac6a77a,0.0,,previous final-masked protocol distance
lightweight gas storage MOFs with low density,50,LEA + GraphSAGE,3,4,qmof-235f291,qmof-a1a5849,0.0,,previous final-masked protocol distance
lightweight gas storage MOFs with low density,50,LEA + GraphSAGE,3,5,qmof-235f291,qmof-ac6a77a,0.0,,previous final-masked protocol distance
lightweight gas storage MOFs with low density,50,LEA + GraphSAGE,4,5,qmof-a1a5849,qmof-ac6a77a,0.0,,previous final-masked protocol distance
lightweight gas storage MOFs with low density,50,MMR,1,2,qmof-a1a5849,qmof-13a76dd,0.0,,previous final-masked protocol distance
lightweight gas storage MOFs with low density,50,MMR,1,3,qmof-a1a5849,qmof-235f291,0.0,,previous final-masked protocol distance
lightweight gas storage MOFs with low density,50,MMR,1,4,qmof-a1a5849,qmof-c0f392b,0.0,,previous final-masked protocol distance
lightweight gas storage MOFs with low density,50,MMR,1,5,qmof-a1a5849,qmof-ac6a77a,0.0,,previous final-masked protocol distance
lightweight gas storage MOFs with low density,50,MMR,2,3,qmof-13a76dd,qmof-235f291,0.0,,previous final-masked protocol distance
lightweight gas storage MOFs with low density,50,MMR,2,4,qmof-13a76dd,qmof-c0f392b,0.0,,previous final-masked protocol distance
lightweight gas storage MOFs with low density,50,MMR,2,5,qmof-13a76dd,qmof-ac6a77a,0.0,,previous final-masked protocol distance
lightweight gas storage MOFs with low density,50,MMR,3,4,qmof-235f291,qmof-c0f392b,0.0,,previous final-masked protocol distance
lightweight gas storage MOFs with low density,50,MMR,3,5,qmof-235f291,qmof-ac6a77a,0.0,,previous final-masked protocol distance
lightweight gas storage MOFs with low density,50,MMR,4,5,qmof-c0f392b,qmof-ac6a77a,0.0,,previous final-masked protocol distance
lightweight gas storage MOFs with low density,50,ParetoCrowding,1,2,qmof-e566fbb,qmof-cef46c3,0.0,,previous final-masked protocol distance
lightweight gas storage MOFs with low density,50,ParetoCrowding,1,3,qmof-e566fbb,qmof-c0f392b,0.0,,previous final-masked protocol distance
lightweight gas storage MOFs with low density,50,ParetoCrowding,1,4,qmof-e566fbb,qmof-ac6a77a,0.0,,previous final-masked protocol distance
lightweight gas storage MOFs with low density,50,ParetoCrowding,1,5,qmof-e566fbb,qmof-a1a5849,0.0,,previous final-masked protocol distance
lightweight gas storage MOFs with low density,50,ParetoCrowding,2,3,qmof-cef46c3,qmof-c0f392b,0.0,,previous final-masked protocol distance
lightweight gas storage MOFs with low density,50,ParetoCrowding,2,4,qmof-cef46c3,qmof-ac6a77a,0.0,,previous final-masked protocol distance
lightweight gas storage MOFs with low density,50,ParetoCrowding,2,5,qmof-cef46c3,qmof-a1a5849,0.0,,previous final-masked protocol distance
lightweight gas storage MOFs with low density,50,ParetoCrowding,3,4,qmof-c0f392b,qmof-ac6a77a,0.0,,previous final-masked protocol distance
lightweight gas storage MOFs with low density,50,ParetoCrowding,3,5,qmof-c0f392b,qmof-a1a5849,0.0,,previous final-masked protocol distance
lightweight gas storage MOFs with low density,50,ParetoCrowding,4,5,qmof-ac6a77a,qmof-a1a5849,0.0,,previous final-masked protocol distance
lightweight gas storage MOFs with low density,50,Random,1,2,qmof-3e52596,qmof-2e2ea03,0.0,,previous final-masked protocol distance
lightweight gas storage MOFs with low density,50,Random,1,3,qmof-3e52596,qmof-cef46c3,0.0,,previous final-masked protocol distance
lightweight gas storage MOFs with low density,50,Random,1,4,qmof-3e52596,qmof-89ecd19,0.0,,previous final-masked protocol distance
lightweight gas storage MOFs with low density,50,Random,1,5,qmof-3e52596,qmof-235f291,0.0,,previous final-masked protocol distance
lightweight gas storage MOFs with low density,50,Random,2,3,qmof-2e2ea03,qmof-cef46c3,0.0,,previous final-masked protocol distance
lightweight gas storage MOFs with low density,50,Random,2,4,qmof-2e2ea03,qmof-89ecd19,0.0,,previous final-masked protocol distance
lightweight gas storage MOFs with low density,50,Random,2,5,qmof-2e2ea03,qmof-235f291,0.0,,previous final-masked protocol distance
lightweight gas storage MOFs with low density,50,Random,3,4,qmof-cef46c3,qmof-89ecd19,0.0,,previous final-masked protocol distance
lightweight gas storage MOFs with low density,50,Random,3,5,qmof-cef46c3,qmof-235f291,0.0,,previous final-masked protocol distance
lightweight gas storage MOFs with low density,50,Random,4,5,qmof-89ecd19,qmof-235f291,0.0,,previous final-masked protocol distance
lightweight gas storage MOFs with low density,50,SemanticOnly,1,2,qmof-fb3f045,qmof-faede09,0.0,,previous final-masked protocol distance
lightweight gas storage MOFs with low density,50,SemanticOnly,1,3,qmof-fb3f045,qmof-f7fa6b1,0.0,,previous final-masked protocol distance
lightweight gas storage MOFs with low density,50,SemanticOnly,1,4,qmof-fb3f045,qmof-f55a288,0.0,,previous final-masked protocol distance
lightweight gas storage MOFs with low density,50,SemanticOnly,1,5,qmof-fb3f045,qmof-f5008e0,0.0,,previous final-masked protocol distance
lightweight gas storage MOFs with low density,50,SemanticOnly,2,3,qmof-faede09,qmof-f7fa6b1,0.0,,previous final-masked protocol distance
lightweight gas storage MOFs with low density,50,SemanticOnly,2,4,qmof-faede09,qmof-f55a288,0.0,,previous final-masked protocol distance
lightweight gas storage MOFs with low density,50,SemanticOnly,2,5,qmof-faede09,qmof-f5008e0,0.0,,previous final-masked protocol distance
lightweight gas storage MOFs with low density,50,SemanticOnly,3,4,qmof-f7fa6b1,qmof-f55a288,0.0,,previous final-masked protocol distance
lightweight gas storage MOFs with low density,50,SemanticOnly,3,5,qmof-f7fa6b1,qmof-f5008e0,0.0,,previous final-masked protocol distance
lightweight gas storage MOFs with low density,50,SemanticOnly,4,5,qmof-f55a288,qmof-f5008e0,0.0,,previous final-masked protocol distance
lightweight gas storage MOFs with low density,50,TOPSIS,1,2,qmof-e566fbb,qmof-cef46c3,0.0,,previous final-masked protocol distance
lightweight gas storage MOFs with low density,50,TOPSIS,1,3,qmof-e566fbb,qmof-c0f392b,0.0,,previous final-masked protocol distance
lightweight gas storage MOFs with low density,50,TOPSIS,1,4,qmof-e566fbb,qmof-ac6a77a,0.0,,previous final-masked protocol distance
lightweight gas storage MOFs with low density,50,TOPSIS,1,5,qmof-e566fbb,qmof-a1a5849,0.0,,previous final-masked protocol distance
lightweight gas storage MOFs with low density,50,TOPSIS,2,3,qmof-cef46c3,qmof-c0f392b,0.0,,previous final-masked protocol distance
lightweight gas storage MOFs with low density,50,TOPSIS,2,4,qmof-cef46c3,qmof-ac6a77a,0.0,,previous final-masked protocol distance
lightweight gas storage MOFs with low density,50,TOPSIS,2,5,qmof-cef46c3,qmof-a1a5849,0.0,,previous final-masked protocol distance
lightweight gas storage MOFs with low density,50,TOPSIS,3,4,qmof-c0f392b,qmof-ac6a77a,0.0,,previous final-masked protocol distance
lightweight gas storage MOFs with low density,50,TOPSIS,3,5,qmof-c0f392b,qmof-a1a5849,0.0,,previous final-masked protocol distance
lightweight gas storage MOFs with low density,50,TOPSIS,4,5,qmof-ac6a77a,qmof-a1a5849,0.0,,previous final-masked protocol distance
lightweight gas storage MOFs with low density,50,WeightedSum,1,2,qmof-e566fbb,qmof-cef46c3,0.0,,previous final-masked protocol distance
lightweight gas storage MOFs with low density,50,WeightedSum,1,3,qmof-e566fbb,qmof-c0f392b,0.0,,previous final-masked protocol distance
lightweight gas storage MOFs with low density,50,WeightedSum,1,4,qmof-e566fbb,qmof-ac6a77a,0.0,,previous final-masked protocol distance
lightweight gas storage MOFs with low density,50,WeightedSum,1,5,qmof-e566fbb,qmof-a1a5849,0.0,,previous final-masked protocol distance
lightweight gas storage MOFs with low density,50,WeightedSum,2,3,qmof-cef46c3,qmof-c0f392b,0.0,,previous final-masked protocol distance
lightweight gas storage MOFs with low density,50,WeightedSum,2,4,qmof-cef46c3,qmof-ac6a77a,0.0,,previous final-masked protocol distance
lightweight gas storage MOFs with low density,50,WeightedSum,2,5,qmof-cef46c3,qmof-a1a5849,0.0,,previous final-masked protocol distance
lightweight gas storage MOFs with low density,50,WeightedSum,3,4,qmof-c0f392b,qmof-ac6a77a,0.0,,previous final-masked protocol distance
lightweight gas storage MOFs with low density,50,WeightedSum,3,5,qmof-c0f392b,qmof-a1a5849,0.0,,previous final-masked protocol distance
lightweight gas storage MOFs with low density,50,WeightedSum,4,5,qmof-ac6a77a,qmof-a1a5849,0.0,,previous final-masked protocol distance
lightweight gas storage MOFs with low density,51,GAT only,1,2,qmof-13a76dd,qmof-235f291,0.0,,previous final-masked protocol distance
lightweight gas storage MOFs with low density,51,GAT only,1,3,qmof-13a76dd,qmof-e566fbb,0.0,,previous final-masked protocol distance
lightweight gas storage MOFs with low density,51,GAT only,1,4,qmof-13a76dd,qmof-cef46c3,0.0,,previous final-masked protocol distance
lightweight gas storage MOFs with low density,51,GAT only,1,5,qmof-13a76dd,qmof-a1a5849,0.0,,previous final-masked protocol distance
lightweight gas storage MOFs with low density,51,GAT only,2,3,qmof-235f291,qmof-e566fbb,0.0,,previous final-masked protocol distance
lightweight gas storage MOFs with low density,51,GAT only,2,4,qmof-235f291,qmof-cef46c3,0.0,,previous final-masked protocol distance
lightweight gas storage MOFs with low density,51,GAT only,2,5,qmof-235f291,qmof-a1a5849,0.0,,previous final-masked protocol distance
lightweight gas storage MOFs with low density,51,GAT only,3,4,qmof-e566fbb,qmof-cef46c3,0.0,,previous final-masked protocol distance
lightweight gas storage MOFs with low density,51,GAT only,3,5,qmof-e566fbb,qmof-a1a5849,0.0,,previous final-masked protocol distance
lightweight gas storage MOFs with low density,51,GAT only,4,5,qmof-cef46c3,qmof-a1a5849,0.0,,previous final-masked protocol distance
lightweight gas storage MOFs with low density,51,GraphSAGE only,1,2,qmof-13a76dd,qmof-e566fbb,0.0,,previous final-masked protocol distance
lightweight gas storage MOFs with low density,51,GraphSAGE only,1,3,qmof-13a76dd,qmof-235f291,0.0,,previous final-masked protocol distance
lightweight gas storage MOFs with low density,51,GraphSAGE only,1,4,qmof-13a76dd,qmof-a1a5849,0.0,,previous final-masked protocol distance
lightweight gas storage MOFs with low density,51,GraphSAGE only,1,5,qmof-13a76dd,qmof-ac6a77a,0.0,,previous final-masked protocol distance
lightweight gas storage MOFs with low density,51,GraphSAGE only,2,3,qmof-e566fbb,qmof-235f291,0.0,,previous final-masked protocol distance
lightweight gas storage MOFs with low density,51,GraphSAGE only,2,4,qmof-e566fbb,qmof-a1a5849,0.0,,previous final-masked protocol distance
lightweight gas storage MOFs with low density,51,GraphSAGE only,2,5,qmof-e566fbb,qmof-ac6a77a,0.0,,previous final-masked protocol distance
lightweight gas storage MOFs with low density,51,GraphSAGE only,3,4,qmof-235f291,qmof-a1a5849,0.0,,previous final-masked protocol distance
lightweight gas storage MOFs with low density,51,GraphSAGE only,3,5,qmof-235f291,qmof-ac6a77a,0.0,,previous final-masked protocol distance
lightweight gas storage MOFs with low density,51,GraphSAGE only,4,5,qmof-a1a5849,qmof-ac6a77a,0.0,,previous final-masked protocol distance
lightweight gas storage MOFs with low density,51,LEA,1,2,qmof-c0f392b,qmof-235f291,0.0,,previous final-masked protocol distance
lightweight gas storage MOFs with low density,51,LEA,1,3,qmof-c0f392b,qmof-cef46c3,0.0,,previous final-masked protocol distance
lightweight gas storage MOFs with low density,51,LEA,1,4,qmof-c0f392b,qmof-e566fbb,0.0,,previous final-masked protocol distance
lightweight gas storage MOFs with low density,51,LEA,1,5,qmof-c0f392b,qmof-ac6a77a,0.0,,previous final-masked protocol distance
lightweight gas storage MOFs with low density,51,LEA,2,3,qmof-235f291,qmof-cef46c3,0.0,,previous final-masked protocol distance
lightweight gas storage MOFs with low density,51,LEA,2,4,qmof-235f291,qmof-e566fbb,0.0,,previous final-masked protocol distance
lightweight gas storage MOFs with low density,51,LEA,2,5,qmof-235f291,qmof-ac6a77a,0.0,,previous final-masked protocol distance
lightweight gas storage MOFs with low density,51,LEA,3,4,qmof-cef46c3,qmof-e566fbb,0.0,,previous final-masked protocol distance
lightweight gas storage MOFs with low density,51,LEA,3,5,qmof-cef46c3,qmof-ac6a77a,0.0,,previous final-masked protocol distance
lightweight gas storage MOFs with low density,51,LEA,4,5,qmof-e566fbb,qmof-ac6a77a,0.0,,previous final-masked protocol distance
lightweight gas storage MOFs with low density,51,LEA no diversity,1,2,qmof-c0f392b,qmof-235f291,0.0,,previous final-masked protocol distance
lightweight gas storage MOFs with low density,51,LEA no diversity,1,3,qmof-c0f392b,qmof-cef46c3,0.0,,previous final-masked protocol distance
lightweight gas storage MOFs with low density,51,LEA no diversity,1,4,qmof-c0f392b,qmof-e566fbb,0.0,,previous final-masked protocol distance
lightweight gas storage MOFs with low density,51,LEA no diversity,1,5,qmof-c0f392b,qmof-ac6a77a,0.0,,previous final-masked protocol distance
lightweight gas storage MOFs with low density,51,LEA no diversity,2,3,qmof-235f291,qmof-cef46c3,0.0,,previous final-masked protocol distance
lightweight gas storage MOFs with low density,51,LEA no diversity,2,4,qmof-235f291,qmof-e566fbb,0.0,,previous final-masked protocol distance
lightweight gas storage MOFs with low density,51,LEA no diversity,2,5,qmof-235f291,qmof-ac6a77a,0.0,,previous final-masked protocol distance
lightweight gas storage MOFs with low density,51,LEA no diversity,3,4,qmof-cef46c3,qmof-e566fbb,0.0,,previous final-masked protocol distance
lightweight gas storage MOFs with low density,51,LEA no diversity,3,5,qmof-cef46c3,qmof-ac6a77a,0.0,,previous final-masked protocol distance
lightweight gas storage MOFs with low density,51,LEA no diversity,4,5,qmof-e566fbb,qmof-ac6a77a,0.0,,previous final-masked protocol distance
lightweight gas storage MOFs with low density,51,LEA no self-cleaning,1,2,qmof-c0f392b,qmof-235f291,0.0,,previous final-masked protocol distance
lightweight gas storage MOFs with low density,51,LEA no self-cleaning,1,3,qmof-c0f392b,qmof-cef46c3,0.0,,previous final-masked protocol distance
lightweight gas storage MOFs with low density,51,LEA no self-cleaning,1,4,qmof-c0f392b,qmof-e566fbb,0.0,,previous final-masked protocol distance
lightweight gas storage MOFs with low density,51,LEA no self-cleaning,1,5,qmof-c0f392b,qmof-ac6a77a,0.0,,previous final-masked protocol distance
lightweight gas storage MOFs with low density,51,LEA no self-cleaning,2,3,qmof-235f291,qmof-cef46c3,0.0,,previous final-masked protocol distance
lightweight gas storage MOFs with low density,51,LEA no self-cleaning,2,4,qmof-235f291,qmof-e566fbb,0.0,,previous final-masked protocol distance
lightweight gas storage MOFs with low density,51,LEA no self-cleaning,2,5,qmof-235f291,qmof-ac6a77a,0.0,,previous final-masked protocol distance
lightweight gas storage MOFs with low density,51,LEA no self-cleaning,3,4,qmof-cef46c3,qmof-e566fbb,0.0,,previous final-masked protocol distance
lightweight gas storage MOFs with low density,51,LEA no self-cleaning,3,5,qmof-cef46c3,qmof-ac6a77a,0.0,,previous final-masked protocol distance
lightweight gas storage MOFs with low density,51,LEA no self-cleaning,4,5,qmof-e566fbb,qmof-ac6a77a,0.0,,previous final-masked protocol distance
lightweight gas storage MOFs with low density,51,LEA + GAT,1,2,qmof-13a76dd,qmof-235f291,0.0,,previous final-masked protocol distance
lightweight gas storage MOFs with low density,51,LEA + GAT,1,3,qmof-13a76dd,qmof-e566fbb,0.0,,previous final-masked protocol distance
lightweight gas storage MOFs with low density,51,LEA + GAT,1,4,qmof-13a76dd,qmof-cef46c3,0.0,,previous final-masked protocol distance
lightweight gas storage MOFs with low density,51,LEA + GAT,1,5,qmof-13a76dd,qmof-a1a5849,0.0,,previous final-masked protocol distance
lightweight gas storage MOFs with low density,51,LEA + GAT,2,3,qmof-235f291,qmof-e566fbb,0.0,,previous final-masked protocol distance
lightweight gas storage MOFs with low density,51,LEA + GAT,2,4,qmof-235f291,qmof-cef46c3,0.0,,previous final-masked protocol distance
lightweight gas storage MOFs with low density,51,LEA + GAT,2,5,qmof-235f291,qmof-a1a5849,0.0,,previous final-masked protocol distance
lightweight gas storage MOFs with low density,51,LEA + GAT,3,4,qmof-e566fbb,qmof-cef46c3,0.0,,previous final-masked protocol distance
lightweight gas storage MOFs with low density,51,LEA + GAT,3,5,qmof-e566fbb,qmof-a1a5849,0.0,,previous final-masked protocol distance
lightweight gas storage MOFs with low density,51,LEA + GAT,4,5,qmof-cef46c3,qmof-a1a5849,0.0,,previous final-masked protocol distance
lightweight gas storage MOFs with low density,51,LEA + GraphSAGE,1,2,qmof-13a76dd,qmof-e566fbb,0.0,,previous final-masked protocol distance
lightweight gas storage MOFs with low density,51,LEA + GraphSAGE,1,3,qmof-13a76dd,qmof-235f291,0.0,,previous final-masked protocol distance
lightweight gas storage MOFs with low density,51,LEA + GraphSAGE,1,4,qmof-13a76dd,qmof-a1a5849,0.0,,previous final-masked protocol distance
lightweight gas storage MOFs with low density,51,LEA + GraphSAGE,1,5,qmof-13a76dd,qmof-ac6a77a,0.0,,previous final-masked protocol distance
lightweight gas storage MOFs with low density,51,LEA + GraphSAGE,2,3,qmof-e566fbb,qmof-235f291,0.0,,previous final-masked protocol distance
lightweight gas storage MOFs with low density,51,LEA + GraphSAGE,2,4,qmof-e566fbb,qmof-a1a5849,0.0,,previous final-masked protocol distance
lightweight gas storage MOFs with low density,51,LEA + GraphSAGE,2,5,qmof-e566fbb,qmof-ac6a77a,0.0,,previous final-masked protocol distance
lightweight gas storage MOFs with low density,51,LEA + GraphSAGE,3,4,qmof-235f291,qmof-a1a5849,0.0,,previous final-masked protocol distance
lightweight gas storage MOFs with low density,51,LEA + GraphSAGE,3,5,qmof-235f291,qmof-ac6a77a,0.0,,previous final-masked protocol distance
lightweight gas storage MOFs with low density,51,LEA + GraphSAGE,4,5,qmof-a1a5849,qmof-ac6a77a,0.0,,previous final-masked protocol distance
lightweight gas storage MOFs with low density,51,MMR,1,2,qmof-a1a5849,qmof-13a76dd,0.0,,previous final-masked protocol distance
lightweight gas storage MOFs with low density,51,MMR,1,3,qmof-a1a5849,qmof-ac6a77a,0.0,,previous final-masked protocol distance
lightweight gas storage MOFs with low density,51,MMR,1,4,qmof-a1a5849,qmof-e566fbb,0.0,,previous final-masked protocol distance
lightweight gas storage MOFs with low density,51,MMR,1,5,qmof-a1a5849,qmof-cef46c3,0.0,,previous final-masked protocol distance
lightweight gas storage MOFs with low density,51,MMR,2,3,qmof-13a76dd,qmof-ac6a77a,0.0,,previous final-masked protocol distance
lightweight gas storage MOFs with low density,51,MMR,2,4,qmof-13a76dd,qmof-e566fbb,0.0,,previous final-masked protocol distance
lightweight gas storage MOFs with low density,51,MMR,2,5,qmof-13a76dd,qmof-cef46c3,0.0,,previous final-masked protocol distance
lightweight gas storage MOFs with low density,51,MMR,3,4,qmof-ac6a77a,qmof-e566fbb,0.0,,previous final-masked protocol distance
lightweight gas storage MOFs with low density,51,MMR,3,5,qmof-ac6a77a,qmof-cef46c3,0.0,,previous final-masked protocol distance
lightweight gas storage MOFs with low density,51,MMR,4,5,qmof-e566fbb,qmof-cef46c3,0.0,,previous final-masked protocol distance
lightweight gas storage MOFs with low density,51,ParetoCrowding,1,2,qmof-e566fbb,qmof-cef46c3,0.0,,previous final-masked protocol distance
lightweight gas storage MOFs with low density,51,ParetoCrowding,1,3,qmof-e566fbb,qmof-c0f392b,0.0,,previous final-masked protocol distance
lightweight gas storage MOFs with low density,51,ParetoCrowding,1,4,qmof-e566fbb,qmof-ac6a77a,0.0,,previous final-masked protocol distance
lightweight gas storage MOFs with low density,51,ParetoCrowding,1,5,qmof-e566fbb,qmof-a1a5849,0.0,,previous final-masked protocol distance
lightweight gas storage MOFs with low density,51,ParetoCrowding,2,3,qmof-cef46c3,qmof-c0f392b,0.0,,previous final-masked protocol distance
lightweight gas storage MOFs with low density,51,ParetoCrowding,2,4,qmof-cef46c3,qmof-ac6a77a,0.0,,previous final-masked protocol distance
lightweight gas storage MOFs with low density,51,ParetoCrowding,2,5,qmof-cef46c3,qmof-a1a5849,0.0,,previous final-masked protocol distance
lightweight gas storage MOFs with low density,51,ParetoCrowding,3,4,qmof-c0f392b,qmof-ac6a77a,0.0,,previous final-masked protocol distance
lightweight gas storage MOFs with low density,51,ParetoCrowding,3,5,qmof-c0f392b,qmof-a1a5849,0.0,,previous final-masked protocol distance
lightweight gas storage MOFs with low density,51,ParetoCrowding,4,5,qmof-ac6a77a,qmof-a1a5849,0.0,,previous final-masked protocol distance
lightweight gas storage MOFs with low density,51,Random,1,2,qmof-b2fa897,qmof-ac6a77a,0.0,,previous final-masked protocol distance
lightweight gas storage MOFs with low density,51,Random,1,3,qmof-b2fa897,qmof-890bde1,0.0,,previous final-masked protocol distance
lightweight gas storage MOFs with low density,51,Random,1,4,qmof-b2fa897,qmof-fffeb7b,0.0,,previous final-masked protocol distance
lightweight gas storage MOFs with low density,51,Random,1,5,qmof-b2fa897,qmof-2d0fa88,0.0,,previous final-masked protocol distance
lightweight gas storage MOFs with low density,51,Random,2,3,qmof-ac6a77a,qmof-890bde1,0.0,,previous final-masked protocol distance
lightweight gas storage MOFs with low density,51,Random,2,4,qmof-ac6a77a,qmof-fffeb7b,0.0,,previous final-masked protocol distance
lightweight gas storage MOFs with low density,51,Random,2,5,qmof-ac6a77a,qmof-2d0fa88,0.0,,previous final-masked protocol distance
lightweight gas storage MOFs with low density,51,Random,3,4,qmof-890bde1,qmof-fffeb7b,0.0,,previous final-masked protocol distance
lightweight gas storage MOFs with low density,51,Random,3,5,qmof-890bde1,qmof-2d0fa88,0.0,,previous final-masked protocol distance
lightweight gas storage MOFs with low density,51,Random,4,5,qmof-fffeb7b,qmof-2d0fa88,0.0,,previous final-masked protocol distance
lightweight gas storage MOFs with low density,51,SemanticOnly,1,2,qmof-fffeb7b,qmof-fb3f045,0.0,,previous final-masked protocol distance
lightweight gas storage MOFs with low density,51,SemanticOnly,1,3,qmof-fffeb7b,qmof-fa61018,0.0,,previous final-masked protocol distance
lightweight gas storage MOFs with low density,51,SemanticOnly,1,4,qmof-fffeb7b,qmof-f7ee91d,0.0,,previous final-masked protocol distance
lightweight gas storage MOFs with low density,51,SemanticOnly,1,5,qmof-fffeb7b,qmof-f633d9e,0.0,,previous final-masked protocol distance
lightweight gas storage MOFs with low density,51,SemanticOnly,2,3,qmof-fb3f045,qmof-fa61018,0.0,,previous final-masked protocol distance
lightweight gas storage MOFs with low density,51,SemanticOnly,2,4,qmof-fb3f045,qmof-f7ee91d,0.0,,previous final-masked protocol distance
lightweight gas storage MOFs with low density,51,SemanticOnly,2,5,qmof-fb3f045,qmof-f633d9e,0.0,,previous final-masked protocol distance
lightweight gas storage MOFs with low density,51,SemanticOnly,3,4,qmof-fa61018,qmof-f7ee91d,0.0,,previous final-masked protocol distance
lightweight gas storage MOFs with low density,51,SemanticOnly,3,5,qmof-fa61018,qmof-f633d9e,0.0,,previous final-masked protocol distance
lightweight gas storage MOFs with low density,51,SemanticOnly,4,5,qmof-f7ee91d,qmof-f633d9e,0.0,,previous final-masked protocol distance
lightweight gas storage MOFs with low density,51,TOPSIS,1,2,qmof-e566fbb,qmof-cef46c3,0.0,,previous final-masked protocol distance
lightweight gas storage MOFs with low density,51,TOPSIS,1,3,qmof-e566fbb,qmof-c0f392b,0.0,,previous final-masked protocol distance
lightweight gas storage MOFs with low density,51,TOPSIS,1,4,qmof-e566fbb,qmof-ac6a77a,0.0,,previous final-masked protocol distance
lightweight gas storage MOFs with low density,51,TOPSIS,1,5,qmof-e566fbb,qmof-a1a5849,0.0,,previous final-masked protocol distance
lightweight gas storage MOFs with low density,51,TOPSIS,2,3,qmof-cef46c3,qmof-c0f392b,0.0,,previous final-masked protocol distance
lightweight gas storage MOFs with low density,51,TOPSIS,2,4,qmof-cef46c3,qmof-ac6a77a,0.0,,previous final-masked protocol distance
lightweight gas storage MOFs with low density,51,TOPSIS,2,5,qmof-cef46c3,qmof-a1a5849,0.0,,previous final-masked protocol distance
lightweight gas storage MOFs with low density,51,TOPSIS,3,4,qmof-c0f392b,qmof-ac6a77a,0.0,,previous final-masked protocol distance
lightweight gas storage MOFs with low density,51,TOPSIS,3,5,qmof-c0f392b,qmof-a1a5849,0.0,,previous final-masked protocol distance
lightweight gas storage MOFs with low density,51,TOPSIS,4,5,qmof-ac6a77a,qmof-a1a5849,0.0,,previous final-masked protocol distance
lightweight gas storage MOFs with low density,51,WeightedSum,1,2,qmof-e566fbb,qmof-cef46c3,0.0,,previous final-masked protocol distance
lightweight gas storage MOFs with low density,51,WeightedSum,1,3,qmof-e566fbb,qmof-c0f392b,0.0,,previous final-masked protocol distance
lightweight gas storage MOFs with low density,51,WeightedSum,1,4,qmof-e566fbb,qmof-ac6a77a,0.0,,previous final-masked protocol distance
lightweight gas storage MOFs with low density,51,WeightedSum,1,5,qmof-e566fbb,qmof-a1a5849,0.0,,previous final-masked protocol distance
lightweight gas storage MOFs with low density,51,WeightedSum,2,3,qmof-cef46c3,qmof-c0f392b,0.0,,previous final-masked protocol distance
lightweight gas storage MOFs with low density,51,WeightedSum,2,4,qmof-cef46c3,qmof-ac6a77a,0.0,,previous final-masked protocol distance
lightweight gas storage MOFs with low density,51,WeightedSum,2,5,qmof-cef46c3,qmof-a1a5849,0.0,,previous final-masked protocol distance
lightweight gas storage MOFs with low density,51,WeightedSum,3,4,qmof-c0f392b,qmof-ac6a77a,0.0,,previous final-masked protocol distance
lightweight gas storage MOFs with low density,51,WeightedSum,3,5,qmof-c0f392b,qmof-a1a5849,0.0,,previous final-masked protocol distance
lightweight gas storage MOFs with low density,51,WeightedSum,4,5,qmof-ac6a77a,qmof-a1a5849,0.0,,previous final-masked protocol distance
balanced stable MOF candidates for general materials discovery,42,GAT only,1,2,qmof-13a76dd,qmof-235f291,0.0,,previous final-masked protocol distance
balanced stable MOF candidates for general materials discovery,42,GAT only,1,3,qmof-13a76dd,qmof-e566fbb,0.0,,previous final-masked protocol distance
balanced stable MOF candidates for general materials discovery,42,GAT only,1,4,qmof-13a76dd,qmof-cef46c3,0.0,,previous final-masked protocol distance
balanced stable MOF candidates for general materials discovery,42,GAT only,1,5,qmof-13a76dd,qmof-a1a5849,0.0,,previous final-masked protocol distance
balanced stable MOF candidates for general materials discovery,42,GAT only,2,3,qmof-235f291,qmof-e566fbb,0.0,,previous final-masked protocol distance
balanced stable MOF candidates for general materials discovery,42,GAT only,2,4,qmof-235f291,qmof-cef46c3,0.0,,previous final-masked protocol distance
balanced stable MOF candidates for general materials discovery,42,GAT only,2,5,qmof-235f291,qmof-a1a5849,0.0,,previous final-masked protocol distance
balanced stable MOF candidates for general materials discovery,42,GAT only,3,4,qmof-e566fbb,qmof-cef46c3,0.0,,previous final-masked protocol distance
balanced stable MOF candidates for general materials discovery,42,GAT only,3,5,qmof-e566fbb,qmof-a1a5849,0.0,,previous final-masked protocol distance
balanced stable MOF candidates for general materials discovery,42,GAT only,4,5,qmof-cef46c3,qmof-a1a5849,0.0,,previous final-masked protocol distance
balanced stable MOF candidates for general materials discovery,42,GraphSAGE only,1,2,qmof-13a76dd,qmof-e566fbb,0.0,,previous final-masked protocol distance
balanced stable MOF candidates for general materials discovery,42,GraphSAGE only,1,3,qmof-13a76dd,qmof-235f291,0.0,,previous final-masked protocol distance
balanced stable MOF candidates for general materials discovery,42,GraphSAGE only,1,4,qmof-13a76dd,qmof-a1a5849,0.0,,previous final-masked protocol distance
balanced stable MOF candidates for general materials discovery,42,GraphSAGE only,1,5,qmof-13a76dd,qmof-ac6a77a,0.0,,previous final-masked protocol distance
balanced stable MOF candidates for general materials discovery,42,GraphSAGE only,2,3,qmof-e566fbb,qmof-235f291,0.0,,previous final-masked protocol distance
balanced stable MOF candidates for general materials discovery,42,GraphSAGE only,2,4,qmof-e566fbb,qmof-a1a5849,0.0,,previous final-masked protocol distance
balanced stable MOF candidates for general materials discovery,42,GraphSAGE only,2,5,qmof-e566fbb,qmof-ac6a77a,0.0,,previous final-masked protocol distance
balanced stable MOF candidates for general materials discovery,42,GraphSAGE only,3,4,qmof-235f291,qmof-a1a5849,0.0,,previous final-masked protocol distance
balanced stable MOF candidates for general materials discovery,42,GraphSAGE only,3,5,qmof-235f291,qmof-ac6a77a,0.0,,previous final-masked protocol distance
balanced stable MOF candidates for general materials discovery,42,GraphSAGE only,4,5,qmof-a1a5849,qmof-ac6a77a,0.0,,previous final-masked protocol distance
balanced stable MOF candidates for general materials discovery,42,LEA,1,2,qmof-ac6a77a,qmof-235f291,0.0,,previous final-masked protocol distance
balanced stable MOF candidates for general materials discovery,42,LEA,1,3,qmof-ac6a77a,qmof-c0f392b,0.0,,previous final-masked protocol distance
balanced stable MOF candidates for general materials discovery,42,LEA,1,4,qmof-ac6a77a,qmof-a1a5849,0.0,,previous final-masked protocol distance
balanced stable MOF candidates for general materials discovery,42,LEA,1,5,qmof-ac6a77a,qmof-cef46c3,0.0,,previous final-masked protocol distance
balanced stable MOF candidates for general materials discovery,42,LEA,2,3,qmof-235f291,qmof-c0f392b,0.0,,previous final-masked protocol distance
balanced stable MOF candidates for general materials discovery,42,LEA,2,4,qmof-235f291,qmof-a1a5849,0.0,,previous final-masked protocol distance
balanced stable MOF candidates for general materials discovery,42,LEA,2,5,qmof-235f291,qmof-cef46c3,0.0,,previous final-masked protocol distance
balanced stable MOF candidates for general materials discovery,42,LEA,3,4,qmof-c0f392b,qmof-a1a5849,0.0,,previous final-masked protocol distance
balanced stable MOF candidates for general materials discovery,42,LEA,3,5,qmof-c0f392b,qmof-cef46c3,0.0,,previous final-masked protocol distance
balanced stable MOF candidates for general materials discovery,42,LEA,4,5,qmof-a1a5849,qmof-cef46c3,0.0,,previous final-masked protocol distance
balanced stable MOF candidates for general materials discovery,42,LEA no diversity,1,2,qmof-ac6a77a,qmof-235f291,0.0,,previous final-masked protocol distance
balanced stable MOF candidates for general materials discovery,42,LEA no diversity,1,3,qmof-ac6a77a,qmof-c0f392b,0.0,,previous final-masked protocol distance
balanced stable MOF candidates for general materials discovery,42,LEA no diversity,1,4,qmof-ac6a77a,qmof-a1a5849,0.0,,previous final-masked protocol distance
balanced stable MOF candidates for general materials discovery,42,LEA no diversity,1,5,qmof-ac6a77a,qmof-cef46c3,0.0,,previous final-masked protocol distance
balanced stable MOF candidates for general materials discovery,42,LEA no diversity,2,3,qmof-235f291,qmof-c0f392b,0.0,,previous final-masked protocol distance
balanced stable MOF candidates for general materials discovery,42,LEA no diversity,2,4,qmof-235f291,qmof-a1a5849,0.0,,previous final-masked protocol distance
balanced stable MOF candidates for general materials discovery,42,LEA no diversity,2,5,qmof-235f291,qmof-cef46c3,0.0,,previous final-masked protocol distance
balanced stable MOF candidates for general materials discovery,42,LEA no diversity,3,4,qmof-c0f392b,qmof-a1a5849,0.0,,previous final-masked protocol distance
balanced stable MOF candidates for general materials discovery,42,LEA no diversity,3,5,qmof-c0f392b,qmof-cef46c3,0.0,,previous final-masked protocol distance
balanced stable MOF candidates for general materials discovery,42,LEA no diversity,4,5,qmof-a1a5849,qmof-cef46c3,0.0,,previous final-masked protocol distance
balanced stable MOF candidates for general materials discovery,42,LEA no self-cleaning,1,2,qmof-ac6a77a,qmof-235f291,0.0,,previous final-masked protocol distance
balanced stable MOF candidates for general materials discovery,42,LEA no self-cleaning,1,3,qmof-ac6a77a,qmof-c0f392b,0.0,,previous final-masked protocol distance
balanced stable MOF candidates for general materials discovery,42,LEA no self-cleaning,1,4,qmof-ac6a77a,qmof-a1a5849,0.0,,previous final-masked protocol distance
balanced stable MOF candidates for general materials discovery,42,LEA no self-cleaning,1,5,qmof-ac6a77a,qmof-cef46c3,0.0,,previous final-masked protocol distance
balanced stable MOF candidates for general materials discovery,42,LEA no self-cleaning,2,3,qmof-235f291,qmof-c0f392b,0.0,,previous final-masked protocol distance
balanced stable MOF candidates for general materials discovery,42,LEA no self-cleaning,2,4,qmof-235f291,qmof-a1a5849,0.0,,previous final-masked protocol distance
balanced stable MOF candidates for general materials discovery,42,LEA no self-cleaning,2,5,qmof-235f291,qmof-cef46c3,0.0,,previous final-masked protocol distance
balanced stable MOF candidates for general materials discovery,42,LEA no self-cleaning,3,4,qmof-c0f392b,qmof-a1a5849,0.0,,previous final-masked protocol distance
balanced stable MOF candidates for general materials discovery,42,LEA no self-cleaning,3,5,qmof-c0f392b,qmof-cef46c3,0.0,,previous final-masked protocol distance
balanced stable MOF candidates for general materials discovery,42,LEA no self-cleaning,4,5,qmof-a1a5849,qmof-cef46c3,0.0,,previous final-masked protocol distance
balanced stable MOF candidates for general materials discovery,42,LEA + GAT,1,2,qmof-13a76dd,qmof-235f291,0.0,,previous final-masked protocol distance
balanced stable MOF candidates for general materials discovery,42,LEA + GAT,1,3,qmof-13a76dd,qmof-e566fbb,0.0,,previous final-masked protocol distance
balanced stable MOF candidates for general materials discovery,42,LEA + GAT,1,4,qmof-13a76dd,qmof-cef46c3,0.0,,previous final-masked protocol distance
balanced stable MOF candidates for general materials discovery,42,LEA + GAT,1,5,qmof-13a76dd,qmof-a1a5849,0.0,,previous final-masked protocol distance
balanced stable MOF candidates for general materials discovery,42,LEA + GAT,2,3,qmof-235f291,qmof-e566fbb,0.0,,previous final-masked protocol distance
balanced stable MOF candidates for general materials discovery,42,LEA + GAT,2,4,qmof-235f291,qmof-cef46c3,0.0,,previous final-masked protocol distance
balanced stable MOF candidates for general materials discovery,42,LEA + GAT,2,5,qmof-235f291,qmof-a1a5849,0.0,,previous final-masked protocol distance
balanced stable MOF candidates for general materials discovery,42,LEA + GAT,3,4,qmof-e566fbb,qmof-cef46c3,0.0,,previous final-masked protocol distance
balanced stable MOF candidates for general materials discovery,42,LEA + GAT,3,5,qmof-e566fbb,qmof-a1a5849,0.0,,previous final-masked protocol distance
balanced stable MOF candidates for general materials discovery,42,LEA + GAT,4,5,qmof-cef46c3,qmof-a1a5849,0.0,,previous final-masked protocol distance
balanced stable MOF candidates for general materials discovery,42,LEA + GraphSAGE,1,2,qmof-13a76dd,qmof-e566fbb,0.0,,previous final-masked protocol distance
balanced stable MOF candidates for general materials discovery,42,LEA + GraphSAGE,1,3,qmof-13a76dd,qmof-235f291,0.0,,previous final-masked protocol distance
balanced stable MOF candidates for general materials discovery,42,LEA + GraphSAGE,1,4,qmof-13a76dd,qmof-a1a5849,0.0,,previous final-masked protocol distance
balanced stable MOF candidates for general materials discovery,42,LEA + GraphSAGE,1,5,qmof-13a76dd,qmof-ac6a77a,0.0,,previous final-masked protocol distance
balanced stable MOF candidates for general materials discovery,42,LEA + GraphSAGE,2,3,qmof-e566fbb,qmof-235f291,0.0,,previous final-masked protocol distance
balanced stable MOF candidates for general materials discovery,42,LEA + GraphSAGE,2,4,qmof-e566fbb,qmof-a1a5849,0.0,,previous final-masked protocol distance
balanced stable MOF candidates for general materials discovery,42,LEA + GraphSAGE,2,5,qmof-e566fbb,qmof-ac6a77a,0.0,,previous final-masked protocol distance
balanced stable MOF candidates for general materials discovery,42,LEA + GraphSAGE,3,4,qmof-235f291,qmof-a1a5849,0.0,,previous final-masked protocol distance
balanced stable MOF candidates for general materials discovery,42,LEA + GraphSAGE,3,5,qmof-235f291,qmof-ac6a77a,0.0,,previous final-masked protocol distance
balanced stable MOF candidates for general materials discovery,42,LEA + GraphSAGE,4,5,qmof-a1a5849,qmof-ac6a77a,0.0,,previous final-masked protocol distance
balanced stable MOF candidates for general materials discovery,42,MMR,1,2,qmof-13a76dd,qmof-12544e7,0.25,,previous final-masked protocol distance
balanced stable MOF candidates for general materials discovery,42,MMR,1,3,qmof-13a76dd,qmof-e566fbb,0.0,,previous final-masked protocol distance
balanced stable MOF candidates for general materials discovery,42,MMR,1,4,qmof-13a76dd,qmof-cef46c3,0.0,,previous final-masked protocol distance
balanced stable MOF candidates for general materials discovery,42,MMR,1,5,qmof-13a76dd,qmof-a1a5849,0.0,,previous final-masked protocol distance
balanced stable MOF candidates for general materials discovery,42,MMR,2,3,qmof-12544e7,qmof-e566fbb,0.25,,previous final-masked protocol distance
balanced stable MOF candidates for general materials discovery,42,MMR,2,4,qmof-12544e7,qmof-cef46c3,0.25,,previous final-masked protocol distance
balanced stable MOF candidates for general materials discovery,42,MMR,2,5,qmof-12544e7,qmof-a1a5849,0.25,,previous final-masked protocol distance
balanced stable MOF candidates for general materials discovery,42,MMR,3,4,qmof-e566fbb,qmof-cef46c3,0.0,,previous final-masked protocol distance
balanced stable MOF candidates for general materials discovery,42,MMR,3,5,qmof-e566fbb,qmof-a1a5849,0.0,,previous final-masked protocol distance
balanced stable MOF candidates for general materials discovery,42,MMR,4,5,qmof-cef46c3,qmof-a1a5849,0.0,,previous final-masked protocol distance
balanced stable MOF candidates for general materials discovery,42,ParetoCrowding,1,2,qmof-e566fbb,qmof-cef46c3,0.0,,previous final-masked protocol distance
balanced stable MOF candidates for general materials discovery,42,ParetoCrowding,1,3,qmof-e566fbb,qmof-c0f392b,0.0,,previous final-masked protocol distance
balanced stable MOF candidates for general materials discovery,42,ParetoCrowding,1,4,qmof-e566fbb,qmof-ac6a77a,0.0,,previous final-masked protocol distance
balanced stable MOF candidates for general materials discovery,42,ParetoCrowding,1,5,qmof-e566fbb,qmof-a1a5849,0.0,,previous final-masked protocol distance
balanced stable MOF candidates for general materials discovery,42,ParetoCrowding,2,3,qmof-cef46c3,qmof-c0f392b,0.0,,previous final-masked protocol distance
balanced stable MOF candidates for general materials discovery,42,ParetoCrowding,2,4,qmof-cef46c3,qmof-ac6a77a,0.0,,previous final-masked protocol distance
balanced stable MOF candidates for general materials discovery,42,ParetoCrowding,2,5,qmof-cef46c3,qmof-a1a5849,0.0,,previous final-masked protocol distance
balanced stable MOF candidates for general materials discovery,42,ParetoCrowding,3,4,qmof-c0f392b,qmof-ac6a77a,0.0,,previous final-masked protocol distance
balanced stable MOF candidates for general materials discovery,42,ParetoCrowding,3,5,qmof-c0f392b,qmof-a1a5849,0.0,,previous final-masked protocol distance
balanced stable MOF candidates for general materials discovery,42,ParetoCrowding,4,5,qmof-ac6a77a,qmof-a1a5849,0.0,,previous final-masked protocol distance
balanced stable MOF candidates for general materials discovery,42,Random,1,2,qmof-41cbe0b,qmof-dc7e5a3,0.0,,previous final-masked protocol distance
balanced stable MOF candidates for general materials discovery,42,Random,1,3,qmof-41cbe0b,qmof-507bad6,0.0,,previous final-masked protocol distance
balanced stable MOF candidates for general materials discovery,42,Random,1,4,qmof-41cbe0b,qmof-c82daac,0.32787192621510003,,previous final-masked protocol distance
balanced stable MOF candidates for general materials discovery,42,Random,1,5,qmof-41cbe0b,qmof-e7477a4,0.0,,previous final-masked protocol distance
balanced stable MOF candidates for general materials discovery,42,Random,2,3,qmof-dc7e5a3,qmof-507bad6,0.0,,previous final-masked protocol distance
balanced stable MOF candidates for general materials discovery,42,Random,2,4,qmof-dc7e5a3,qmof-c82daac,0.32787192621510003,,previous final-masked protocol distance
balanced stable MOF candidates for general materials discovery,42,Random,2,5,qmof-dc7e5a3,qmof-e7477a4,0.0,,previous final-masked protocol distance
balanced stable MOF candidates for general materials discovery,42,Random,3,4,qmof-507bad6,qmof-c82daac,0.32787192621510003,,previous final-masked protocol distance
balanced stable MOF candidates for general materials discovery,42,Random,3,5,qmof-507bad6,qmof-e7477a4,0.0,,previous final-masked protocol distance
balanced stable MOF candidates for general materials discovery,42,Random,4,5,qmof-c82daac,qmof-e7477a4,0.32787192621510003,,previous final-masked protocol distance
balanced stable MOF candidates for general materials discovery,42,SemanticOnly,1,2,qmof-fe36449,qmof-fbd4fed,0.0,,previous final-masked protocol distance
balanced stable MOF candidates for general materials discovery,42,SemanticOnly,1,3,qmof-fe36449,qmof-fbc9303,0.0,,previous final-masked protocol distance
balanced stable MOF candidates for general materials discovery,42,SemanticOnly,1,4,qmof-fe36449,qmof-fb69b28,0.0,,previous final-masked protocol distance
balanced stable MOF candidates for general materials discovery,42,SemanticOnly,1,5,qmof-fe36449,qmof-f914f9b,0.0,,previous final-masked protocol distance
balanced stable MOF candidates for general materials discovery,42,SemanticOnly,2,3,qmof-fbd4fed,qmof-fbc9303,0.0,,previous final-masked protocol distance
balanced stable MOF candidates for general materials discovery,42,SemanticOnly,2,4,qmof-fbd4fed,qmof-fb69b28,0.0,,previous final-masked protocol distance
balanced stable MOF candidates for general materials discovery,42,SemanticOnly,2,5,qmof-fbd4fed,qmof-f914f9b,0.0,,previous final-masked protocol distance
balanced stable MOF candidates for general materials discovery,42,SemanticOnly,3,4,qmof-fbc9303,qmof-fb69b28,0.0,,previous final-masked protocol distance
balanced stable MOF candidates for general materials discovery,42,SemanticOnly,3,5,qmof-fbc9303,qmof-f914f9b,0.0,,previous final-masked protocol distance
balanced stable MOF candidates for general materials discovery,42,SemanticOnly,4,5,qmof-fb69b28,qmof-f914f9b,0.0,,previous final-masked protocol distance
balanced stable MOF candidates for general materials discovery,42,TOPSIS,1,2,qmof-e566fbb,qmof-cef46c3,0.0,,previous final-masked protocol distance
balanced stable MOF candidates for general materials discovery,42,TOPSIS,1,3,qmof-e566fbb,qmof-c0f392b,0.0,,previous final-masked protocol distance
balanced stable MOF candidates for general materials discovery,42,TOPSIS,1,4,qmof-e566fbb,qmof-ac6a77a,0.0,,previous final-masked protocol distance
balanced stable MOF candidates for general materials discovery,42,TOPSIS,1,5,qmof-e566fbb,qmof-a1a5849,0.0,,previous final-masked protocol distance
balanced stable MOF candidates for general materials discovery,42,TOPSIS,2,3,qmof-cef46c3,qmof-c0f392b,0.0,,previous final-masked protocol distance
balanced stable MOF candidates for general materials discovery,42,TOPSIS,2,4,qmof-cef46c3,qmof-ac6a77a,0.0,,previous final-masked protocol distance
balanced stable MOF candidates for general materials discovery,42,TOPSIS,2,5,qmof-cef46c3,qmof-a1a5849,0.0,,previous final-masked protocol distance
balanced stable MOF candidates for general materials discovery,42,TOPSIS,3,4,qmof-c0f392b,qmof-ac6a77a,0.0,,previous final-masked protocol distance
balanced stable MOF candidates for general materials discovery,42,TOPSIS,3,5,qmof-c0f392b,qmof-a1a5849,0.0,,previous final-masked protocol distance
balanced stable MOF candidates for general materials discovery,42,TOPSIS,4,5,qmof-ac6a77a,qmof-a1a5849,0.0,,previous final-masked protocol distance
balanced stable MOF candidates for general materials discovery,42,WeightedSum,1,2,qmof-e566fbb,qmof-cef46c3,0.0,,previous final-masked protocol distance
balanced stable MOF candidates for general materials discovery,42,WeightedSum,1,3,qmof-e566fbb,qmof-c0f392b,0.0,,previous final-masked protocol distance
balanced stable MOF candidates for general materials discovery,42,WeightedSum,1,4,qmof-e566fbb,qmof-ac6a77a,0.0,,previous final-masked protocol distance
balanced stable MOF candidates for general materials discovery,42,WeightedSum,1,5,qmof-e566fbb,qmof-a1a5849,0.0,,previous final-masked protocol distance
balanced stable MOF candidates for general materials discovery,42,WeightedSum,2,3,qmof-cef46c3,qmof-c0f392b,0.0,,previous final-masked protocol distance
balanced stable MOF candidates for general materials discovery,42,WeightedSum,2,4,qmof-cef46c3,qmof-ac6a77a,0.0,,previous final-masked protocol distance
balanced stable MOF candidates for general materials discovery,42,WeightedSum,2,5,qmof-cef46c3,qmof-a1a5849,0.0,,previous final-masked protocol distance
balanced stable MOF candidates for general materials discovery,42,WeightedSum,3,4,qmof-c0f392b,qmof-ac6a77a,0.0,,previous final-masked protocol distance
balanced stable MOF candidates for general materials discovery,42,WeightedSum,3,5,qmof-c0f392b,qmof-a1a5849,0.0,,previous final-masked protocol distance
balanced stable MOF candidates for general materials discovery,42,WeightedSum,4,5,qmof-ac6a77a,qmof-a1a5849,0.0,,previous final-masked protocol distance
balanced stable MOF candidates for general materials discovery,43,GAT only,1,2,qmof-13a76dd,qmof-235f291,0.0,,previous final-masked protocol distance
balanced stable MOF candidates for general materials discovery,43,GAT only,1,3,qmof-13a76dd,qmof-e566fbb,0.0,,previous final-masked protocol distance
balanced stable MOF candidates for general materials discovery,43,GAT only,1,4,qmof-13a76dd,qmof-cef46c3,0.0,,previous final-masked protocol distance
balanced stable MOF candidates for general materials discovery,43,GAT only,1,5,qmof-13a76dd,qmof-a1a5849,0.0,,previous final-masked protocol distance
balanced stable MOF candidates for general materials discovery,43,GAT only,2,3,qmof-235f291,qmof-e566fbb,0.0,,previous final-masked protocol distance
balanced stable MOF candidates for general materials discovery,43,GAT only,2,4,qmof-235f291,qmof-cef46c3,0.0,,previous final-masked protocol distance
balanced stable MOF candidates for general materials discovery,43,GAT only,2,5,qmof-235f291,qmof-a1a5849,0.0,,previous final-masked protocol distance
balanced stable MOF candidates for general materials discovery,43,GAT only,3,4,qmof-e566fbb,qmof-cef46c3,0.0,,previous final-masked protocol distance
balanced stable MOF candidates for general materials discovery,43,GAT only,3,5,qmof-e566fbb,qmof-a1a5849,0.0,,previous final-masked protocol distance
balanced stable MOF candidates for general materials discovery,43,GAT only,4,5,qmof-cef46c3,qmof-a1a5849,0.0,,previous final-masked protocol distance
balanced stable MOF candidates for general materials discovery,43,GraphSAGE only,1,2,qmof-13a76dd,qmof-e566fbb,0.0,,previous final-masked protocol distance
balanced stable MOF candidates for general materials discovery,43,GraphSAGE only,1,3,qmof-13a76dd,qmof-235f291,0.0,,previous final-masked protocol distance
balanced stable MOF candidates for general materials discovery,43,GraphSAGE only,1,4,qmof-13a76dd,qmof-a1a5849,0.0,,previous final-masked protocol distance
balanced stable MOF candidates for general materials discovery,43,GraphSAGE only,1,5,qmof-13a76dd,qmof-ac6a77a,0.0,,previous final-masked protocol distance
balanced stable MOF candidates for general materials discovery,43,GraphSAGE only,2,3,qmof-e566fbb,qmof-235f291,0.0,,previous final-masked protocol distance
balanced stable MOF candidates for general materials discovery,43,GraphSAGE only,2,4,qmof-e566fbb,qmof-a1a5849,0.0,,previous final-masked protocol distance
balanced stable MOF candidates for general materials discovery,43,GraphSAGE only,2,5,qmof-e566fbb,qmof-ac6a77a,0.0,,previous final-masked protocol distance
balanced stable MOF candidates for general materials discovery,43,GraphSAGE only,3,4,qmof-235f291,qmof-a1a5849,0.0,,previous final-masked protocol distance
balanced stable MOF candidates for general materials discovery,43,GraphSAGE only,3,5,qmof-235f291,qmof-ac6a77a,0.0,,previous final-masked protocol distance
balanced stable MOF candidates for general materials discovery,43,GraphSAGE only,4,5,qmof-a1a5849,qmof-ac6a77a,0.0,,previous final-masked protocol distance
balanced stable MOF candidates for general materials discovery,43,LEA,1,2,qmof-cef46c3,qmof-ac6a77a,0.0,,previous final-masked protocol distance
balanced stable MOF candidates for general materials discovery,43,LEA,1,3,qmof-cef46c3,qmof-13a76dd,0.0,,previous final-masked protocol distance
balanced stable MOF candidates for general materials discovery,43,LEA,1,4,qmof-cef46c3,qmof-235f291,0.0,,previous final-masked protocol distance
balanced stable MOF candidates for general materials discovery,43,LEA,1,5,qmof-cef46c3,qmof-e566fbb,0.0,,previous final-masked protocol distance
balanced stable MOF candidates for general materials discovery,43,LEA,2,3,qmof-ac6a77a,qmof-13a76dd,0.0,,previous final-masked protocol distance
balanced stable MOF candidates for general materials discovery,43,LEA,2,4,qmof-ac6a77a,qmof-235f291,0.0,,previous final-masked protocol distance
balanced stable MOF candidates for general materials discovery,43,LEA,2,5,qmof-ac6a77a,qmof-e566fbb,0.0,,previous final-masked protocol distance
balanced stable MOF candidates for general materials discovery,43,LEA,3,4,qmof-13a76dd,qmof-235f291,0.0,,previous final-masked protocol distance
balanced stable MOF candidates for general materials discovery,43,LEA,3,5,qmof-13a76dd,qmof-e566fbb,0.0,,previous final-masked protocol distance
balanced stable MOF candidates for general materials discovery,43,LEA,4,5,qmof-235f291,qmof-e566fbb,0.0,,previous final-masked protocol distance
balanced stable MOF candidates for general materials discovery,43,LEA no diversity,1,2,qmof-cef46c3,qmof-ac6a77a,0.0,,previous final-masked protocol distance
balanced stable MOF candidates for general materials discovery,43,LEA no diversity,1,3,qmof-cef46c3,qmof-13a76dd,0.0,,previous final-masked protocol distance
balanced stable MOF candidates for general materials discovery,43,LEA no diversity,1,4,qmof-cef46c3,qmof-235f291,0.0,,previous final-masked protocol distance
balanced stable MOF candidates for general materials discovery,43,LEA no diversity,1,5,qmof-cef46c3,qmof-e566fbb,0.0,,previous final-masked protocol distance
balanced stable MOF candidates for general materials discovery,43,LEA no diversity,2,3,qmof-ac6a77a,qmof-13a76dd,0.0,,previous final-masked protocol distance
balanced stable MOF candidates for general materials discovery,43,LEA no diversity,2,4,qmof-ac6a77a,qmof-235f291,0.0,,previous final-masked protocol distance
balanced stable MOF candidates for general materials discovery,43,LEA no diversity,2,5,qmof-ac6a77a,qmof-e566fbb,0.0,,previous final-masked protocol distance
balanced stable MOF candidates for general materials discovery,43,LEA no diversity,3,4,qmof-13a76dd,qmof-235f291,0.0,,previous final-masked protocol distance
balanced stable MOF candidates for general materials discovery,43,LEA no diversity,3,5,qmof-13a76dd,qmof-e566fbb,0.0,,previous final-masked protocol distance
balanced stable MOF candidates for general materials discovery,43,LEA no diversity,4,5,qmof-235f291,qmof-e566fbb,0.0,,previous final-masked protocol distance
balanced stable MOF candidates for general materials discovery,43,LEA no self-cleaning,1,2,qmof-cef46c3,qmof-ac6a77a,0.0,,previous final-masked protocol distance
balanced stable MOF candidates for general materials discovery,43,LEA no self-cleaning,1,3,qmof-cef46c3,qmof-13a76dd,0.0,,previous final-masked protocol distance
balanced stable MOF candidates for general materials discovery,43,LEA no self-cleaning,1,4,qmof-cef46c3,qmof-235f291,0.0,,previous final-masked protocol distance
balanced stable MOF candidates for general materials discovery,43,LEA no self-cleaning,1,5,qmof-cef46c3,qmof-e566fbb,0.0,,previous final-masked protocol distance
balanced stable MOF candidates for general materials discovery,43,LEA no self-cleaning,2,3,qmof-ac6a77a,qmof-13a76dd,0.0,,previous final-masked protocol distance
balanced stable MOF candidates for general materials discovery,43,LEA no self-cleaning,2,4,qmof-ac6a77a,qmof-235f291,0.0,,previous final-masked protocol distance
balanced stable MOF candidates for general materials discovery,43,LEA no self-cleaning,2,5,qmof-ac6a77a,qmof-e566fbb,0.0,,previous final-masked protocol distance
balanced stable MOF candidates for general materials discovery,43,LEA no self-cleaning,3,4,qmof-13a76dd,qmof-235f291,0.0,,previous final-masked protocol distance
balanced stable MOF candidates for general materials discovery,43,LEA no self-cleaning,3,5,qmof-13a76dd,qmof-e566fbb,0.0,,previous final-masked protocol distance
balanced stable MOF candidates for general materials discovery,43,LEA no self-cleaning,4,5,qmof-235f291,qmof-e566fbb,0.0,,previous final-masked protocol distance
balanced stable MOF candidates for general materials discovery,43,LEA + GAT,1,2,qmof-13a76dd,qmof-235f291,0.0,,previous final-masked protocol distance
balanced stable MOF candidates for general materials discovery,43,LEA + GAT,1,3,qmof-13a76dd,qmof-e566fbb,0.0,,previous final-masked protocol distance
balanced stable MOF candidates for general materials discovery,43,LEA + GAT,1,4,qmof-13a76dd,qmof-cef46c3,0.0,,previous final-masked protocol distance
balanced stable MOF candidates for general materials discovery,43,LEA + GAT,1,5,qmof-13a76dd,qmof-a1a5849,0.0,,previous final-masked protocol distance
balanced stable MOF candidates for general materials discovery,43,LEA + GAT,2,3,qmof-235f291,qmof-e566fbb,0.0,,previous final-masked protocol distance
balanced stable MOF candidates for general materials discovery,43,LEA + GAT,2,4,qmof-235f291,qmof-cef46c3,0.0,,previous final-masked protocol distance
balanced stable MOF candidates for general materials discovery,43,LEA + GAT,2,5,qmof-235f291,qmof-a1a5849,0.0,,previous final-masked protocol distance
balanced stable MOF candidates for general materials discovery,43,LEA + GAT,3,4,qmof-e566fbb,qmof-cef46c3,0.0,,previous final-masked protocol distance
balanced stable MOF candidates for general materials discovery,43,LEA + GAT,3,5,qmof-e566fbb,qmof-a1a5849,0.0,,previous final-masked protocol distance
balanced stable MOF candidates for general materials discovery,43,LEA + GAT,4,5,qmof-cef46c3,qmof-a1a5849,0.0,,previous final-masked protocol distance
balanced stable MOF candidates for general materials discovery,43,LEA + GraphSAGE,1,2,qmof-13a76dd,qmof-e566fbb,0.0,,previous final-masked protocol distance
balanced stable MOF candidates for general materials discovery,43,LEA + GraphSAGE,1,3,qmof-13a76dd,qmof-235f291,0.0,,previous final-masked protocol distance
balanced stable MOF candidates for general materials discovery,43,LEA + GraphSAGE,1,4,qmof-13a76dd,qmof-a1a5849,0.0,,previous final-masked protocol distance
balanced stable MOF candidates for general materials discovery,43,LEA + GraphSAGE,1,5,qmof-13a76dd,qmof-ac6a77a,0.0,,previous final-masked protocol distance
balanced stable MOF candidates for general materials discovery,43,LEA + GraphSAGE,2,3,qmof-e566fbb,qmof-235f291,0.0,,previous final-masked protocol distance
balanced stable MOF candidates for general materials discovery,43,LEA + GraphSAGE,2,4,qmof-e566fbb,qmof-a1a5849,0.0,,previous final-masked protocol distance
balanced stable MOF candidates for general materials discovery,43,LEA + GraphSAGE,2,5,qmof-e566fbb,qmof-ac6a77a,0.0,,previous final-masked protocol distance
balanced stable MOF candidates for general materials discovery,43,LEA + GraphSAGE,3,4,qmof-235f291,qmof-a1a5849,0.0,,previous final-masked protocol distance
balanced stable MOF candidates for general materials discovery,43,LEA + GraphSAGE,3,5,qmof-235f291,qmof-ac6a77a,0.0,,previous final-masked protocol distance
balanced stable MOF candidates for general materials discovery,43,LEA + GraphSAGE,4,5,qmof-a1a5849,qmof-ac6a77a,0.0,,previous final-masked protocol distance
balanced stable MOF candidates for general materials discovery,43,MMR,1,2,qmof-a1a5849,qmof-19d3c65,0.25,,previous final-masked protocol distance
balanced stable MOF candidates for general materials discovery,43,MMR,1,3,qmof-a1a5849,qmof-c0f392b,0.0,,previous final-masked protocol distance
balanced stable MOF candidates for general materials discovery,43,MMR,1,4,qmof-a1a5849,qmof-e566fbb,0.0,,previous final-masked protocol distance
balanced stable MOF candidates for general materials discovery,43,MMR,1,5,qmof-a1a5849,qmof-235f291,0.0,,previous final-masked protocol distance
balanced stable MOF candidates for general materials discovery,43,MMR,2,3,qmof-19d3c65,qmof-c0f392b,0.25,,previous final-masked protocol distance
balanced stable MOF candidates for general materials discovery,43,MMR,2,4,qmof-19d3c65,qmof-e566fbb,0.25,,previous final-masked protocol distance
balanced stable MOF candidates for general materials discovery,43,MMR,2,5,qmof-19d3c65,qmof-235f291,0.25,,previous final-masked protocol distance
balanced stable MOF candidates for general materials discovery,43,MMR,3,4,qmof-c0f392b,qmof-e566fbb,0.0,,previous final-masked protocol distance
balanced stable MOF candidates for general materials discovery,43,MMR,3,5,qmof-c0f392b,qmof-235f291,0.0,,previous final-masked protocol distance
balanced stable MOF candidates for general materials discovery,43,MMR,4,5,qmof-e566fbb,qmof-235f291,0.0,,previous final-masked protocol distance
balanced stable MOF candidates for general materials discovery,43,ParetoCrowding,1,2,qmof-e566fbb,qmof-cef46c3,0.0,,previous final-masked protocol distance
balanced stable MOF candidates for general materials discovery,43,ParetoCrowding,1,3,qmof-e566fbb,qmof-c0f392b,0.0,,previous final-masked protocol distance
balanced stable MOF candidates for general materials discovery,43,ParetoCrowding,1,4,qmof-e566fbb,qmof-ac6a77a,0.0,,previous final-masked protocol distance
balanced stable MOF candidates for general materials discovery,43,ParetoCrowding,1,5,qmof-e566fbb,qmof-a1a5849,0.0,,previous final-masked protocol distance
balanced stable MOF candidates for general materials discovery,43,ParetoCrowding,2,3,qmof-cef46c3,qmof-c0f392b,0.0,,previous final-masked protocol distance
balanced stable MOF candidates for general materials discovery,43,ParetoCrowding,2,4,qmof-cef46c3,qmof-ac6a77a,0.0,,previous final-masked protocol distance
balanced stable MOF candidates for general materials discovery,43,ParetoCrowding,2,5,qmof-cef46c3,qmof-a1a5849,0.0,,previous final-masked protocol distance
balanced stable MOF candidates for general materials discovery,43,ParetoCrowding,3,4,qmof-c0f392b,qmof-ac6a77a,0.0,,previous final-masked protocol distance
balanced stable MOF candidates for general materials discovery,43,ParetoCrowding,3,5,qmof-c0f392b,qmof-a1a5849,0.0,,previous final-masked protocol distance
balanced stable MOF candidates for general materials discovery,43,ParetoCrowding,4,5,qmof-ac6a77a,qmof-a1a5849,0.0,,previous final-masked protocol distance
balanced stable MOF candidates for general materials discovery,43,Random,1,2,qmof-817fdc2,qmof-206e25b,0.0,,previous final-masked protocol distance
balanced stable MOF candidates for general materials discovery,43,Random,1,3,qmof-817fdc2,qmof-cf35b6c,0.0,,previous final-masked protocol distance
balanced stable MOF candidates for general materials discovery,43,Random,1,4,qmof-817fdc2,qmof-f46187c,0.0,,previous final-masked protocol distance
balanced stable MOF candidates for general materials discovery,43,Random,1,5,qmof-817fdc2,qmof-a1a5849,0.21213203435596428,,previous final-masked protocol distance
balanced stable MOF candidates for general materials discovery,43,Random,2,3,qmof-206e25b,qmof-cf35b6c,0.0,,previous final-masked protocol distance
balanced stable MOF candidates for general materials discovery,43,Random,2,4,qmof-206e25b,qmof-f46187c,0.0,,previous final-masked protocol distance
balanced stable MOF candidates for general materials discovery,43,Random,2,5,qmof-206e25b,qmof-a1a5849,0.21213203435596428,,previous final-masked protocol distance
balanced stable MOF candidates for general materials discovery,43,Random,3,4,qmof-cf35b6c,qmof-f46187c,0.0,,previous final-masked protocol distance
balanced stable MOF candidates for general materials discovery,43,Random,3,5,qmof-cf35b6c,qmof-a1a5849,0.21213203435596428,,previous final-masked protocol distance
balanced stable MOF candidates for general materials discovery,43,Random,4,5,qmof-f46187c,qmof-a1a5849,0.21213203435596428,,previous final-masked protocol distance
balanced stable MOF candidates for general materials discovery,43,SemanticOnly,1,2,qmof-fcfab15,qmof-fc7ce55,0.0,,previous final-masked protocol distance
balanced stable MOF candidates for general materials discovery,43,SemanticOnly,1,3,qmof-fcfab15,qmof-f7be768,0.0,,previous final-masked protocol distance
balanced stable MOF candidates for general materials discovery,43,SemanticOnly,1,4,qmof-fcfab15,qmof-f46187c,0.0,,previous final-masked protocol distance
balanced stable MOF candidates for general materials discovery,43,SemanticOnly,1,5,qmof-fcfab15,qmof-e789f6e,0.0,,previous final-masked protocol distance
balanced stable MOF candidates for general materials discovery,43,SemanticOnly,2,3,qmof-fc7ce55,qmof-f7be768,0.0,,previous final-masked protocol distance
balanced stable MOF candidates for general materials discovery,43,SemanticOnly,2,4,qmof-fc7ce55,qmof-f46187c,0.0,,previous final-masked protocol distance
balanced stable MOF candidates for general materials discovery,43,SemanticOnly,2,5,qmof-fc7ce55,qmof-e789f6e,0.0,,previous final-masked protocol distance
balanced stable MOF candidates for general materials discovery,43,SemanticOnly,3,4,qmof-f7be768,qmof-f46187c,0.0,,previous final-masked protocol distance
balanced stable MOF candidates for general materials discovery,43,SemanticOnly,3,5,qmof-f7be768,qmof-e789f6e,0.0,,previous final-masked protocol distance
balanced stable MOF candidates for general materials discovery,43,SemanticOnly,4,5,qmof-f46187c,qmof-e789f6e,0.0,,previous final-masked protocol distance
balanced stable MOF candidates for general materials discovery,43,TOPSIS,1,2,qmof-e566fbb,qmof-cef46c3,0.0,,previous final-masked protocol distance
balanced stable MOF candidates for general materials discovery,43,TOPSIS,1,3,qmof-e566fbb,qmof-c0f392b,0.0,,previous final-masked protocol distance
balanced stable MOF candidates for general materials discovery,43,TOPSIS,1,4,qmof-e566fbb,qmof-ac6a77a,0.0,,previous final-masked protocol distance
balanced stable MOF candidates for general materials discovery,43,TOPSIS,1,5,qmof-e566fbb,qmof-a1a5849,0.0,,previous final-masked protocol distance
balanced stable MOF candidates for general materials discovery,43,TOPSIS,2,3,qmof-cef46c3,qmof-c0f392b,0.0,,previous final-masked protocol distance
balanced stable MOF candidates for general materials discovery,43,TOPSIS,2,4,qmof-cef46c3,qmof-ac6a77a,0.0,,previous final-masked protocol distance
balanced stable MOF candidates for general materials discovery,43,TOPSIS,2,5,qmof-cef46c3,qmof-a1a5849,0.0,,previous final-masked protocol distance
balanced stable MOF candidates for general materials discovery,43,TOPSIS,3,4,qmof-c0f392b,qmof-ac6a77a,0.0,,previous final-masked protocol distance
balanced stable MOF candidates for general materials discovery,43,TOPSIS,3,5,qmof-c0f392b,qmof-a1a5849,0.0,,previous final-masked protocol distance
balanced stable MOF candidates for general materials discovery,43,TOPSIS,4,5,qmof-ac6a77a,qmof-a1a5849,0.0,,previous final-masked protocol distance
balanced stable MOF candidates for general materials discovery,43,WeightedSum,1,2,qmof-e566fbb,qmof-cef46c3,0.0,,previous final-masked protocol distance
balanced stable MOF candidates for general materials discovery,43,WeightedSum,1,3,qmof-e566fbb,qmof-c0f392b,0.0,,previous final-masked protocol distance
balanced stable MOF candidates for general materials discovery,43,WeightedSum,1,4,qmof-e566fbb,qmof-ac6a77a,0.0,,previous final-masked protocol distance
balanced stable MOF candidates for general materials discovery,43,WeightedSum,1,5,qmof-e566fbb,qmof-a1a5849,0.0,,previous final-masked protocol distance
balanced stable MOF candidates for general materials discovery,43,WeightedSum,2,3,qmof-cef46c3,qmof-c0f392b,0.0,,previous final-masked protocol distance
balanced stable MOF candidates for general materials discovery,43,WeightedSum,2,4,qmof-cef46c3,qmof-ac6a77a,0.0,,previous final-masked protocol distance
balanced stable MOF candidates for general materials discovery,43,WeightedSum,2,5,qmof-cef46c3,qmof-a1a5849,0.0,,previous final-masked protocol distance
balanced stable MOF candidates for general materials discovery,43,WeightedSum,3,4,qmof-c0f392b,qmof-ac6a77a,0.0,,previous final-masked protocol distance
balanced stable MOF candidates for general materials discovery,43,WeightedSum,3,5,qmof-c0f392b,qmof-a1a5849,0.0,,previous final-masked protocol distance
balanced stable MOF candidates for general materials discovery,43,WeightedSum,4,5,qmof-ac6a77a,qmof-a1a5849,0.0,,previous final-masked protocol distance
balanced stable MOF candidates for general materials discovery,44,GAT only,1,2,qmof-13a76dd,qmof-235f291,0.0,,previous final-masked protocol distance
balanced stable MOF candidates for general materials discovery,44,GAT only,1,3,qmof-13a76dd,qmof-e566fbb,0.0,,previous final-masked protocol distance
balanced stable MOF candidates for general materials discovery,44,GAT only,1,4,qmof-13a76dd,qmof-cef46c3,0.0,,previous final-masked protocol distance
balanced stable MOF candidates for general materials discovery,44,GAT only,1,5,qmof-13a76dd,qmof-a1a5849,0.0,,previous final-masked protocol distance
balanced stable MOF candidates for general materials discovery,44,GAT only,2,3,qmof-235f291,qmof-e566fbb,0.0,,previous final-masked protocol distance
balanced stable MOF candidates for general materials discovery,44,GAT only,2,4,qmof-235f291,qmof-cef46c3,0.0,,previous final-masked protocol distance
balanced stable MOF candidates for general materials discovery,44,GAT only,2,5,qmof-235f291,qmof-a1a5849,0.0,,previous final-masked protocol distance
balanced stable MOF candidates for general materials discovery,44,GAT only,3,4,qmof-e566fbb,qmof-cef46c3,0.0,,previous final-masked protocol distance
balanced stable MOF candidates for general materials discovery,44,GAT only,3,5,qmof-e566fbb,qmof-a1a5849,0.0,,previous final-masked protocol distance
balanced stable MOF candidates for general materials discovery,44,GAT only,4,5,qmof-cef46c3,qmof-a1a5849,0.0,,previous final-masked protocol distance
balanced stable MOF candidates for general materials discovery,44,GraphSAGE only,1,2,qmof-13a76dd,qmof-e566fbb,0.0,,previous final-masked protocol distance
balanced stable MOF candidates for general materials discovery,44,GraphSAGE only,1,3,qmof-13a76dd,qmof-235f291,0.0,,previous final-masked protocol distance
balanced stable MOF candidates for general materials discovery,44,GraphSAGE only,1,4,qmof-13a76dd,qmof-a1a5849,0.0,,previous final-masked protocol distance
balanced stable MOF candidates for general materials discovery,44,GraphSAGE only,1,5,qmof-13a76dd,qmof-ac6a77a,0.0,,previous final-masked protocol distance
balanced stable MOF candidates for general materials discovery,44,GraphSAGE only,2,3,qmof-e566fbb,qmof-235f291,0.0,,previous final-masked protocol distance
balanced stable MOF candidates for general materials discovery,44,GraphSAGE only,2,4,qmof-e566fbb,qmof-a1a5849,0.0,,previous final-masked protocol distance
balanced stable MOF candidates for general materials discovery,44,GraphSAGE only,2,5,qmof-e566fbb,qmof-ac6a77a,0.0,,previous final-masked protocol distance
balanced stable MOF candidates for general materials discovery,44,GraphSAGE only,3,4,qmof-235f291,qmof-a1a5849,0.0,,previous final-masked protocol distance
balanced stable MOF candidates for general materials discovery,44,GraphSAGE only,3,5,qmof-235f291,qmof-ac6a77a,0.0,,previous final-masked protocol distance
balanced stable MOF candidates for general materials discovery,44,GraphSAGE only,4,5,qmof-a1a5849,qmof-ac6a77a,0.0,,previous final-masked protocol distance
balanced stable MOF candidates for general materials discovery,44,LEA,1,2,qmof-13a76dd,qmof-a1a5849,0.0,,previous final-masked protocol distance
balanced stable MOF candidates for general materials discovery,44,LEA,1,3,qmof-13a76dd,qmof-235f291,0.0,,previous final-masked protocol distance
balanced stable MOF candidates for general materials discovery,44,LEA,1,4,qmof-13a76dd,qmof-c0f392b,0.0,,previous final-masked protocol distance
balanced stable MOF candidates for general materials discovery,44,LEA,1,5,qmof-13a76dd,qmof-cef46c3,0.0,,previous final-masked protocol distance
balanced stable MOF candidates for general materials discovery,44,LEA,2,3,qmof-a1a5849,qmof-235f291,0.0,,previous final-masked protocol distance
balanced stable MOF candidates for general materials discovery,44,LEA,2,4,qmof-a1a5849,qmof-c0f392b,0.0,,previous final-masked protocol distance
balanced stable MOF candidates for general materials discovery,44,LEA,2,5,qmof-a1a5849,qmof-cef46c3,0.0,,previous final-masked protocol distance
balanced stable MOF candidates for general materials discovery,44,LEA,3,4,qmof-235f291,qmof-c0f392b,0.0,,previous final-masked protocol distance
balanced stable MOF candidates for general materials discovery,44,LEA,3,5,qmof-235f291,qmof-cef46c3,0.0,,previous final-masked protocol distance
balanced stable MOF candidates for general materials discovery,44,LEA,4,5,qmof-c0f392b,qmof-cef46c3,0.0,,previous final-masked protocol distance
balanced stable MOF candidates for general materials discovery,44,LEA no diversity,1,2,qmof-13a76dd,qmof-a1a5849,0.0,,previous final-masked protocol distance
balanced stable MOF candidates for general materials discovery,44,LEA no diversity,1,3,qmof-13a76dd,qmof-235f291,0.0,,previous final-masked protocol distance
balanced stable MOF candidates for general materials discovery,44,LEA no diversity,1,4,qmof-13a76dd,qmof-c0f392b,0.0,,previous final-masked protocol distance
balanced stable MOF candidates for general materials discovery,44,LEA no diversity,1,5,qmof-13a76dd,qmof-cef46c3,0.0,,previous final-masked protocol distance
balanced stable MOF candidates for general materials discovery,44,LEA no diversity,2,3,qmof-a1a5849,qmof-235f291,0.0,,previous final-masked protocol distance
balanced stable MOF candidates for general materials discovery,44,LEA no diversity,2,4,qmof-a1a5849,qmof-c0f392b,0.0,,previous final-masked protocol distance
balanced stable MOF candidates for general materials discovery,44,LEA no diversity,2,5,qmof-a1a5849,qmof-cef46c3,0.0,,previous final-masked protocol distance
balanced stable MOF candidates for general materials discovery,44,LEA no diversity,3,4,qmof-235f291,qmof-c0f392b,0.0,,previous final-masked protocol distance
balanced stable MOF candidates for general materials discovery,44,LEA no diversity,3,5,qmof-235f291,qmof-cef46c3,0.0,,previous final-masked protocol distance
balanced stable MOF candidates for general materials discovery,44,LEA no diversity,4,5,qmof-c0f392b,qmof-cef46c3,0.0,,previous final-masked protocol distance
balanced stable MOF candidates for general materials discovery,44,LEA no self-cleaning,1,2,qmof-13a76dd,qmof-a1a5849,0.0,,previous final-masked protocol distance
balanced stable MOF candidates for general materials discovery,44,LEA no self-cleaning,1,3,qmof-13a76dd,qmof-235f291,0.0,,previous final-masked protocol distance
balanced stable MOF candidates for general materials discovery,44,LEA no self-cleaning,1,4,qmof-13a76dd,qmof-c0f392b,0.0,,previous final-masked protocol distance
balanced stable MOF candidates for general materials discovery,44,LEA no self-cleaning,1,5,qmof-13a76dd,qmof-cef46c3,0.0,,previous final-masked protocol distance
balanced stable MOF candidates for general materials discovery,44,LEA no self-cleaning,2,3,qmof-a1a5849,qmof-235f291,0.0,,previous final-masked protocol distance
balanced stable MOF candidates for general materials discovery,44,LEA no self-cleaning,2,4,qmof-a1a5849,qmof-c0f392b,0.0,,previous final-masked protocol distance
balanced stable MOF candidates for general materials discovery,44,LEA no self-cleaning,2,5,qmof-a1a5849,qmof-cef46c3,0.0,,previous final-masked protocol distance
balanced stable MOF candidates for general materials discovery,44,LEA no self-cleaning,3,4,qmof-235f291,qmof-c0f392b,0.0,,previous final-masked protocol distance
balanced stable MOF candidates for general materials discovery,44,LEA no self-cleaning,3,5,qmof-235f291,qmof-cef46c3,0.0,,previous final-masked protocol distance
balanced stable MOF candidates for general materials discovery,44,LEA no self-cleaning,4,5,qmof-c0f392b,qmof-cef46c3,0.0,,previous final-masked protocol distance
balanced stable MOF candidates for general materials discovery,44,LEA + GAT,1,2,qmof-13a76dd,qmof-235f291,0.0,,previous final-masked protocol distance
balanced stable MOF candidates for general materials discovery,44,LEA + GAT,1,3,qmof-13a76dd,qmof-e566fbb,0.0,,previous final-masked protocol distance
balanced stable MOF candidates for general materials discovery,44,LEA + GAT,1,4,qmof-13a76dd,qmof-cef46c3,0.0,,previous final-masked protocol distance
balanced stable MOF candidates for general materials discovery,44,LEA + GAT,1,5,qmof-13a76dd,qmof-a1a5849,0.0,,previous final-masked protocol distance
balanced stable MOF candidates for general materials discovery,44,LEA + GAT,2,3,qmof-235f291,qmof-e566fbb,0.0,,previous final-masked protocol distance
balanced stable MOF candidates for general materials discovery,44,LEA + GAT,2,4,qmof-235f291,qmof-cef46c3,0.0,,previous final-masked protocol distance
balanced stable MOF candidates for general materials discovery,44,LEA + GAT,2,5,qmof-235f291,qmof-a1a5849,0.0,,previous final-masked protocol distance
balanced stable MOF candidates for general materials discovery,44,LEA + GAT,3,4,qmof-e566fbb,qmof-cef46c3,0.0,,previous final-masked protocol distance
balanced stable MOF candidates for general materials discovery,44,LEA + GAT,3,5,qmof-e566fbb,qmof-a1a5849,0.0,,previous final-masked protocol distance
balanced stable MOF candidates for general materials discovery,44,LEA + GAT,4,5,qmof-cef46c3,qmof-a1a5849,0.0,,previous final-masked protocol distance
balanced stable MOF candidates for general materials discovery,44,LEA + GraphSAGE,1,2,qmof-13a76dd,qmof-e566fbb,0.0,,previous final-masked protocol distance
balanced stable MOF candidates for general materials discovery,44,LEA + GraphSAGE,1,3,qmof-13a76dd,qmof-235f291,0.0,,previous final-masked protocol distance
balanced stable MOF candidates for general materials discovery,44,LEA + GraphSAGE,1,4,qmof-13a76dd,qmof-a1a5849,0.0,,previous final-masked protocol distance
balanced stable MOF candidates for general materials discovery,44,LEA + GraphSAGE,1,5,qmof-13a76dd,qmof-ac6a77a,0.0,,previous final-masked protocol distance
balanced stable MOF candidates for general materials discovery,44,LEA + GraphSAGE,2,3,qmof-e566fbb,qmof-235f291,0.0,,previous final-masked protocol distance
balanced stable MOF candidates for general materials discovery,44,LEA + GraphSAGE,2,4,qmof-e566fbb,qmof-a1a5849,0.0,,previous final-masked protocol distance
balanced stable MOF candidates for general materials discovery,44,LEA + GraphSAGE,2,5,qmof-e566fbb,qmof-ac6a77a,0.0,,previous final-masked protocol distance
balanced stable MOF candidates for general materials discovery,44,LEA + GraphSAGE,3,4,qmof-235f291,qmof-a1a5849,0.0,,previous final-masked protocol distance
balanced stable MOF candidates for general materials discovery,44,LEA + GraphSAGE,3,5,qmof-235f291,qmof-ac6a77a,0.0,,previous final-masked protocol distance
balanced stable MOF candidates for general materials discovery,44,LEA + GraphSAGE,4,5,qmof-a1a5849,qmof-ac6a77a,0.0,,previous final-masked protocol distance
balanced stable MOF candidates for general materials discovery,44,MMR,1,2,qmof-ac6a77a,qmof-e3dcc4d,0.25,,previous final-masked protocol distance
balanced stable MOF candidates for general materials discovery,44,MMR,1,3,qmof-ac6a77a,qmof-e566fbb,0.0,,previous final-masked protocol distance
balanced stable MOF candidates for general materials discovery,44,MMR,1,4,qmof-ac6a77a,qmof-cef46c3,0.0,,previous final-masked protocol distance
balanced stable MOF candidates for general materials discovery,44,MMR,1,5,qmof-ac6a77a,qmof-c0f392b,0.0,,previous final-masked protocol distance
balanced stable MOF candidates for general materials discovery,44,MMR,2,3,qmof-e3dcc4d,qmof-e566fbb,0.25,,previous final-masked protocol distance
balanced stable MOF candidates for general materials discovery,44,MMR,2,4,qmof-e3dcc4d,qmof-cef46c3,0.25,,previous final-masked protocol distance
balanced stable MOF candidates for general materials discovery,44,MMR,2,5,qmof-e3dcc4d,qmof-c0f392b,0.25,,previous final-masked protocol distance
balanced stable MOF candidates for general materials discovery,44,MMR,3,4,qmof-e566fbb,qmof-cef46c3,0.0,,previous final-masked protocol distance
balanced stable MOF candidates for general materials discovery,44,MMR,3,5,qmof-e566fbb,qmof-c0f392b,0.0,,previous final-masked protocol distance
balanced stable MOF candidates for general materials discovery,44,MMR,4,5,qmof-cef46c3,qmof-c0f392b,0.0,,previous final-masked protocol distance
balanced stable MOF candidates for general materials discovery,44,ParetoCrowding,1,2,qmof-e566fbb,qmof-cef46c3,0.0,,previous final-masked protocol distance
balanced stable MOF candidates for general materials discovery,44,ParetoCrowding,1,3,qmof-e566fbb,qmof-c0f392b,0.0,,previous final-masked protocol distance
balanced stable MOF candidates for general materials discovery,44,ParetoCrowding,1,4,qmof-e566fbb,qmof-ac6a77a,0.0,,previous final-masked protocol distance
balanced stable MOF candidates for general materials discovery,44,ParetoCrowding,1,5,qmof-e566fbb,qmof-a1a5849,0.0,,previous final-masked protocol distance
balanced stable MOF candidates for general materials discovery,44,ParetoCrowding,2,3,qmof-cef46c3,qmof-c0f392b,0.0,,previous final-masked protocol distance
balanced stable MOF candidates for general materials discovery,44,ParetoCrowding,2,4,qmof-cef46c3,qmof-ac6a77a,0.0,,previous final-masked protocol distance
balanced stable MOF candidates for general materials discovery,44,ParetoCrowding,2,5,qmof-cef46c3,qmof-a1a5849,0.0,,previous final-masked protocol distance
balanced stable MOF candidates for general materials discovery,44,ParetoCrowding,3,4,qmof-c0f392b,qmof-ac6a77a,0.0,,previous final-masked protocol distance
balanced stable MOF candidates for general materials discovery,44,ParetoCrowding,3,5,qmof-c0f392b,qmof-a1a5849,0.0,,previous final-masked protocol distance
balanced stable MOF candidates for general materials discovery,44,ParetoCrowding,4,5,qmof-ac6a77a,qmof-a1a5849,0.0,,previous final-masked protocol distance
balanced stable MOF candidates for general materials discovery,44,Random,1,2,qmof-c7cd5a3,qmof-f4d0642,0.0,,previous final-masked protocol distance
balanced stable MOF candidates for general materials discovery,44,Random,1,3,qmof-c7cd5a3,qmof-547262c,0.0,,previous final-masked protocol distance
balanced stable MOF candidates for general materials discovery,44,Random,1,4,qmof-c7cd5a3,qmof-cc4894a,0.0,,previous final-masked protocol distance
balanced stable MOF candidates for general materials discovery,44,Random,1,5,qmof-c7cd5a3,qmof-dc694ac,0.0,,previous final-masked protocol distance
balanced stable MOF candidates for general materials discovery,44,Random,2,3,qmof-f4d0642,qmof-547262c,0.0,,previous final-masked protocol distance
balanced stable MOF candidates for general materials discovery,44,Random,2,4,qmof-f4d0642,qmof-cc4894a,0.0,,previous final-masked protocol distance
balanced stable MOF candidates for general materials discovery,44,Random,2,5,qmof-f4d0642,qmof-dc694ac,0.0,,previous final-masked protocol distance
balanced stable MOF candidates for general materials discovery,44,Random,3,4,qmof-547262c,qmof-cc4894a,0.0,,previous final-masked protocol distance
balanced stable MOF candidates for general materials discovery,44,Random,3,5,qmof-547262c,qmof-dc694ac,0.0,,previous final-masked protocol distance
balanced stable MOF candidates for general materials discovery,44,Random,4,5,qmof-cc4894a,qmof-dc694ac,0.0,,previous final-masked protocol distance
balanced stable MOF candidates for general materials discovery,44,SemanticOnly,1,2,qmof-fe0852c,qmof-fb99880,0.0,,previous final-masked protocol distance
balanced stable MOF candidates for general materials discovery,44,SemanticOnly,1,3,qmof-fe0852c,qmof-fa0c5a7,0.0,,previous final-masked protocol distance
balanced stable MOF candidates for general materials discovery,44,SemanticOnly,1,4,qmof-fe0852c,qmof-f817326,0.0,,previous final-masked protocol distance
balanced stable MOF candidates for general materials discovery,44,SemanticOnly,1,5,qmof-fe0852c,qmof-f6a044d,0.0,,previous final-masked protocol distance
balanced stable MOF candidates for general materials discovery,44,SemanticOnly,2,3,qmof-fb99880,qmof-fa0c5a7,0.0,,previous final-masked protocol distance
balanced stable MOF candidates for general materials discovery,44,SemanticOnly,2,4,qmof-fb99880,qmof-f817326,0.0,,previous final-masked protocol distance
balanced stable MOF candidates for general materials discovery,44,SemanticOnly,2,5,qmof-fb99880,qmof-f6a044d,0.0,,previous final-masked protocol distance
balanced stable MOF candidates for general materials discovery,44,SemanticOnly,3,4,qmof-fa0c5a7,qmof-f817326,0.0,,previous final-masked protocol distance
balanced stable MOF candidates for general materials discovery,44,SemanticOnly,3,5,qmof-fa0c5a7,qmof-f6a044d,0.0,,previous final-masked protocol distance
balanced stable MOF candidates for general materials discovery,44,SemanticOnly,4,5,qmof-f817326,qmof-f6a044d,0.0,,previous final-masked protocol distance
balanced stable MOF candidates for general materials discovery,44,TOPSIS,1,2,qmof-e566fbb,qmof-cef46c3,0.0,,previous final-masked protocol distance
balanced stable MOF candidates for general materials discovery,44,TOPSIS,1,3,qmof-e566fbb,qmof-c0f392b,0.0,,previous final-masked protocol distance
balanced stable MOF candidates for general materials discovery,44,TOPSIS,1,4,qmof-e566fbb,qmof-ac6a77a,0.0,,previous final-masked protocol distance
balanced stable MOF candidates for general materials discovery,44,TOPSIS,1,5,qmof-e566fbb,qmof-a1a5849,0.0,,previous final-masked protocol distance
balanced stable MOF candidates for general materials discovery,44,TOPSIS,2,3,qmof-cef46c3,qmof-c0f392b,0.0,,previous final-masked protocol distance
balanced stable MOF candidates for general materials discovery,44,TOPSIS,2,4,qmof-cef46c3,qmof-ac6a77a,0.0,,previous final-masked protocol distance
balanced stable MOF candidates for general materials discovery,44,TOPSIS,2,5,qmof-cef46c3,qmof-a1a5849,0.0,,previous final-masked protocol distance
balanced stable MOF candidates for general materials discovery,44,TOPSIS,3,4,qmof-c0f392b,qmof-ac6a77a,0.0,,previous final-masked protocol distance
balanced stable MOF candidates for general materials discovery,44,TOPSIS,3,5,qmof-c0f392b,qmof-a1a5849,0.0,,previous final-masked protocol distance
balanced stable MOF candidates for general materials discovery,44,TOPSIS,4,5,qmof-ac6a77a,qmof-a1a5849,0.0,,previous final-masked protocol distance
balanced stable MOF candidates for general materials discovery,44,WeightedSum,1,2,qmof-e566fbb,qmof-cef46c3,0.0,,previous final-masked protocol distance
balanced stable MOF candidates for general materials discovery,44,WeightedSum,1,3,qmof-e566fbb,qmof-c0f392b,0.0,,previous final-masked protocol distance
balanced stable MOF candidates for general materials discovery,44,WeightedSum,1,4,qmof-e566fbb,qmof-ac6a77a,0.0,,previous final-masked protocol distance
balanced stable MOF candidates for general materials discovery,44,WeightedSum,1,5,qmof-e566fbb,qmof-a1a5849,0.0,,previous final-masked protocol distance
balanced stable MOF candidates for general materials discovery,44,WeightedSum,2,3,qmof-cef46c3,qmof-c0f392b,0.0,,previous final-masked protocol distance
balanced stable MOF candidates for general materials discovery,44,WeightedSum,2,4,qmof-cef46c3,qmof-ac6a77a,0.0,,previous final-masked protocol distance
balanced stable MOF candidates for general materials discovery,44,WeightedSum,2,5,qmof-cef46c3,qmof-a1a5849,0.0,,previous final-masked protocol distance
balanced stable MOF candidates for general materials discovery,44,WeightedSum,3,4,qmof-c0f392b,qmof-ac6a77a,0.0,,previous final-masked protocol distance
balanced stable MOF candidates for general materials discovery,44,WeightedSum,3,5,qmof-c0f392b,qmof-a1a5849,0.0,,previous final-masked protocol distance
balanced stable MOF candidates for general materials discovery,44,WeightedSum,4,5,qmof-ac6a77a,qmof-a1a5849,0.0,,previous final-masked protocol distance
balanced stable MOF candidates for general materials discovery,45,GAT only,1,2,qmof-13a76dd,qmof-235f291,0.0,,previous final-masked protocol distance
balanced stable MOF candidates for general materials discovery,45,GAT only,1,3,qmof-13a76dd,qmof-e566fbb,0.0,,previous final-masked protocol distance
balanced stable MOF candidates for general materials discovery,45,GAT only,1,4,qmof-13a76dd,qmof-cef46c3,0.0,,previous final-masked protocol distance
balanced stable MOF candidates for general materials discovery,45,GAT only,1,5,qmof-13a76dd,qmof-a1a5849,0.0,,previous final-masked protocol distance
balanced stable MOF candidates for general materials discovery,45,GAT only,2,3,qmof-235f291,qmof-e566fbb,0.0,,previous final-masked protocol distance
balanced stable MOF candidates for general materials discovery,45,GAT only,2,4,qmof-235f291,qmof-cef46c3,0.0,,previous final-masked protocol distance
balanced stable MOF candidates for general materials discovery,45,GAT only,2,5,qmof-235f291,qmof-a1a5849,0.0,,previous final-masked protocol distance
balanced stable MOF candidates for general materials discovery,45,GAT only,3,4,qmof-e566fbb,qmof-cef46c3,0.0,,previous final-masked protocol distance
balanced stable MOF candidates for general materials discovery,45,GAT only,3,5,qmof-e566fbb,qmof-a1a5849,0.0,,previous final-masked protocol distance
balanced stable MOF candidates for general materials discovery,45,GAT only,4,5,qmof-cef46c3,qmof-a1a5849,0.0,,previous final-masked protocol distance
balanced stable MOF candidates for general materials discovery,45,GraphSAGE only,1,2,qmof-13a76dd,qmof-e566fbb,0.0,,previous final-masked protocol distance
balanced stable MOF candidates for general materials discovery,45,GraphSAGE only,1,3,qmof-13a76dd,qmof-235f291,0.0,,previous final-masked protocol distance
balanced stable MOF candidates for general materials discovery,45,GraphSAGE only,1,4,qmof-13a76dd,qmof-a1a5849,0.0,,previous final-masked protocol distance
balanced stable MOF candidates for general materials discovery,45,GraphSAGE only,1,5,qmof-13a76dd,qmof-ac6a77a,0.0,,previous final-masked protocol distance
balanced stable MOF candidates for general materials discovery,45,GraphSAGE only,2,3,qmof-e566fbb,qmof-235f291,0.0,,previous final-masked protocol distance
balanced stable MOF candidates for general materials discovery,45,GraphSAGE only,2,4,qmof-e566fbb,qmof-a1a5849,0.0,,previous final-masked protocol distance
balanced stable MOF candidates for general materials discovery,45,GraphSAGE only,2,5,qmof-e566fbb,qmof-ac6a77a,0.0,,previous final-masked protocol distance
balanced stable MOF candidates for general materials discovery,45,GraphSAGE only,3,4,qmof-235f291,qmof-a1a5849,0.0,,previous final-masked protocol distance
balanced stable MOF candidates for general materials discovery,45,GraphSAGE only,3,5,qmof-235f291,qmof-ac6a77a,0.0,,previous final-masked protocol distance
balanced stable MOF candidates for general materials discovery,45,GraphSAGE only,4,5,qmof-a1a5849,qmof-ac6a77a,0.0,,previous final-masked protocol distance
balanced stable MOF candidates for general materials discovery,45,LEA,1,2,qmof-a1a5849,qmof-ac6a77a,0.0,,previous final-masked protocol distance
balanced stable MOF candidates for general materials discovery,45,LEA,1,3,qmof-a1a5849,qmof-c0f392b,0.0,,previous final-masked protocol distance
balanced stable MOF candidates for general materials discovery,45,LEA,1,4,qmof-a1a5849,qmof-13a76dd,0.0,,previous final-masked protocol distance
balanced stable MOF candidates for general materials discovery,45,LEA,1,5,qmof-a1a5849,qmof-235f291,0.0,,previous final-masked protocol distance
balanced stable MOF candidates for general materials discovery,45,LEA,2,3,qmof-ac6a77a,qmof-c0f392b,0.0,,previous final-masked protocol distance
balanced stable MOF candidates for general materials discovery,45,LEA,2,4,qmof-ac6a77a,qmof-13a76dd,0.0,,previous final-masked protocol distance
balanced stable MOF candidates for general materials discovery,45,LEA,2,5,qmof-ac6a77a,qmof-235f291,0.0,,previous final-masked protocol distance
balanced stable MOF candidates for general materials discovery,45,LEA,3,4,qmof-c0f392b,qmof-13a76dd,0.0,,previous final-masked protocol distance
balanced stable MOF candidates for general materials discovery,45,LEA,3,5,qmof-c0f392b,qmof-235f291,0.0,,previous final-masked protocol distance
balanced stable MOF candidates for general materials discovery,45,LEA,4,5,qmof-13a76dd,qmof-235f291,0.0,,previous final-masked protocol distance
balanced stable MOF candidates for general materials discovery,45,LEA no diversity,1,2,qmof-a1a5849,qmof-ac6a77a,0.0,,previous final-masked protocol distance
balanced stable MOF candidates for general materials discovery,45,LEA no diversity,1,3,qmof-a1a5849,qmof-c0f392b,0.0,,previous final-masked protocol distance
balanced stable MOF candidates for general materials discovery,45,LEA no diversity,1,4,qmof-a1a5849,qmof-13a76dd,0.0,,previous final-masked protocol distance
balanced stable MOF candidates for general materials discovery,45,LEA no diversity,1,5,qmof-a1a5849,qmof-235f291,0.0,,previous final-masked protocol distance
balanced stable MOF candidates for general materials discovery,45,LEA no diversity,2,3,qmof-ac6a77a,qmof-c0f392b,0.0,,previous final-masked protocol distance
balanced stable MOF candidates for general materials discovery,45,LEA no diversity,2,4,qmof-ac6a77a,qmof-13a76dd,0.0,,previous final-masked protocol distance
balanced stable MOF candidates for general materials discovery,45,LEA no diversity,2,5,qmof-ac6a77a,qmof-235f291,0.0,,previous final-masked protocol distance
balanced stable MOF candidates for general materials discovery,45,LEA no diversity,3,4,qmof-c0f392b,qmof-13a76dd,0.0,,previous final-masked protocol distance
balanced stable MOF candidates for general materials discovery,45,LEA no diversity,3,5,qmof-c0f392b,qmof-235f291,0.0,,previous final-masked protocol distance
balanced stable MOF candidates for general materials discovery,45,LEA no diversity,4,5,qmof-13a76dd,qmof-235f291,0.0,,previous final-masked protocol distance
balanced stable MOF candidates for general materials discovery,45,LEA no self-cleaning,1,2,qmof-a1a5849,qmof-ac6a77a,0.0,,previous final-masked protocol distance
balanced stable MOF candidates for general materials discovery,45,LEA no self-cleaning,1,3,qmof-a1a5849,qmof-c0f392b,0.0,,previous final-masked protocol distance
balanced stable MOF candidates for general materials discovery,45,LEA no self-cleaning,1,4,qmof-a1a5849,qmof-13a76dd,0.0,,previous final-masked protocol distance
balanced stable MOF candidates for general materials discovery,45,LEA no self-cleaning,1,5,qmof-a1a5849,qmof-235f291,0.0,,previous final-masked protocol distance
balanced stable MOF candidates for general materials discovery,45,LEA no self-cleaning,2,3,qmof-ac6a77a,qmof-c0f392b,0.0,,previous final-masked protocol distance
balanced stable MOF candidates for general materials discovery,45,LEA no self-cleaning,2,4,qmof-ac6a77a,qmof-13a76dd,0.0,,previous final-masked protocol distance
balanced stable MOF candidates for general materials discovery,45,LEA no self-cleaning,2,5,qmof-ac6a77a,qmof-235f291,0.0,,previous final-masked protocol distance
balanced stable MOF candidates for general materials discovery,45,LEA no self-cleaning,3,4,qmof-c0f392b,qmof-13a76dd,0.0,,previous final-masked protocol distance
balanced stable MOF candidates for general materials discovery,45,LEA no self-cleaning,3,5,qmof-c0f392b,qmof-235f291,0.0,,previous final-masked protocol distance
balanced stable MOF candidates for general materials discovery,45,LEA no self-cleaning,4,5,qmof-13a76dd,qmof-235f291,0.0,,previous final-masked protocol distance
balanced stable MOF candidates for general materials discovery,45,LEA + GAT,1,2,qmof-13a76dd,qmof-235f291,0.0,,previous final-masked protocol distance
balanced stable MOF candidates for general materials discovery,45,LEA + GAT,1,3,qmof-13a76dd,qmof-e566fbb,0.0,,previous final-masked protocol distance
balanced stable MOF candidates for general materials discovery,45,LEA + GAT,1,4,qmof-13a76dd,qmof-cef46c3,0.0,,previous final-masked protocol distance
balanced stable MOF candidates for general materials discovery,45,LEA + GAT,1,5,qmof-13a76dd,qmof-a1a5849,0.0,,previous final-masked protocol distance
balanced stable MOF candidates for general materials discovery,45,LEA + GAT,2,3,qmof-235f291,qmof-e566fbb,0.0,,previous final-masked protocol distance
balanced stable MOF candidates for general materials discovery,45,LEA + GAT,2,4,qmof-235f291,qmof-cef46c3,0.0,,previous final-masked protocol distance
balanced stable MOF candidates for general materials discovery,45,LEA + GAT,2,5,qmof-235f291,qmof-a1a5849,0.0,,previous final-masked protocol distance
balanced stable MOF candidates for general materials discovery,45,LEA + GAT,3,4,qmof-e566fbb,qmof-cef46c3,0.0,,previous final-masked protocol distance
balanced stable MOF candidates for general materials discovery,45,LEA + GAT,3,5,qmof-e566fbb,qmof-a1a5849,0.0,,previous final-masked protocol distance
balanced stable MOF candidates for general materials discovery,45,LEA + GAT,4,5,qmof-cef46c3,qmof-a1a5849,0.0,,previous final-masked protocol distance
balanced stable MOF candidates for general materials discovery,45,LEA + GraphSAGE,1,2,qmof-13a76dd,qmof-e566fbb,0.0,,previous final-masked protocol distance
balanced stable MOF candidates for general materials discovery,45,LEA + GraphSAGE,1,3,qmof-13a76dd,qmof-235f291,0.0,,previous final-masked protocol distance
balanced stable MOF candidates for general materials discovery,45,LEA + GraphSAGE,1,4,qmof-13a76dd,qmof-a1a5849,0.0,,previous final-masked protocol distance
balanced stable MOF candidates for general materials discovery,45,LEA + GraphSAGE,1,5,qmof-13a76dd,qmof-ac6a77a,0.0,,previous final-masked protocol distance
balanced stable MOF candidates for general materials discovery,45,LEA + GraphSAGE,2,3,qmof-e566fbb,qmof-235f291,0.0,,previous final-masked protocol distance
balanced stable MOF candidates for general materials discovery,45,LEA + GraphSAGE,2,4,qmof-e566fbb,qmof-a1a5849,0.0,,previous final-masked protocol distance
balanced stable MOF candidates for general materials discovery,45,LEA + GraphSAGE,2,5,qmof-e566fbb,qmof-ac6a77a,0.0,,previous final-masked protocol distance
balanced stable MOF candidates for general materials discovery,45,LEA + GraphSAGE,3,4,qmof-235f291,qmof-a1a5849,0.0,,previous final-masked protocol distance
balanced stable MOF candidates for general materials discovery,45,LEA + GraphSAGE,3,5,qmof-235f291,qmof-ac6a77a,0.0,,previous final-masked protocol distance
balanced stable MOF candidates for general materials discovery,45,LEA + GraphSAGE,4,5,qmof-a1a5849,qmof-ac6a77a,0.0,,previous final-masked protocol distance
balanced stable MOF candidates for general materials discovery,45,MMR,1,2,qmof-cef46c3,qmof-b1cbe7a,0.25,,previous final-masked protocol distance
balanced stable MOF candidates for general materials discovery,45,MMR,1,3,qmof-cef46c3,qmof-e566fbb,0.0,,previous final-masked protocol distance
balanced stable MOF candidates for general materials discovery,45,MMR,1,4,qmof-cef46c3,qmof-235f291,0.0,,previous final-masked protocol distance
balanced stable MOF candidates for general materials discovery,45,MMR,1,5,qmof-cef46c3,qmof-13a76dd,0.0,,previous final-masked protocol distance
balanced stable MOF candidates for general materials discovery,45,MMR,2,3,qmof-b1cbe7a,qmof-e566fbb,0.25,,previous final-masked protocol distance
balanced stable MOF candidates for general materials discovery,45,MMR,2,4,qmof-b1cbe7a,qmof-235f291,0.25,,previous final-masked protocol distance
balanced stable MOF candidates for general materials discovery,45,MMR,2,5,qmof-b1cbe7a,qmof-13a76dd,0.25,,previous final-masked protocol distance
balanced stable MOF candidates for general materials discovery,45,MMR,3,4,qmof-e566fbb,qmof-235f291,0.0,,previous final-masked protocol distance
balanced stable MOF candidates for general materials discovery,45,MMR,3,5,qmof-e566fbb,qmof-13a76dd,0.0,,previous final-masked protocol distance
balanced stable MOF candidates for general materials discovery,45,MMR,4,5,qmof-235f291,qmof-13a76dd,0.0,,previous final-masked protocol distance
balanced stable MOF candidates for general materials discovery,45,ParetoCrowding,1,2,qmof-e566fbb,qmof-cef46c3,0.0,,previous final-masked protocol distance
balanced stable MOF candidates for general materials discovery,45,ParetoCrowding,1,3,qmof-e566fbb,qmof-c0f392b,0.0,,previous final-masked protocol distance
balanced stable MOF candidates for general materials discovery,45,ParetoCrowding,1,4,qmof-e566fbb,qmof-ac6a77a,0.0,,previous final-masked protocol distance
balanced stable MOF candidates for general materials discovery,45,ParetoCrowding,1,5,qmof-e566fbb,qmof-a1a5849,0.0,,previous final-masked protocol distance
balanced stable MOF candidates for general materials discovery,45,ParetoCrowding,2,3,qmof-cef46c3,qmof-c0f392b,0.0,,previous final-masked protocol distance
balanced stable MOF candidates for general materials discovery,45,ParetoCrowding,2,4,qmof-cef46c3,qmof-ac6a77a,0.0,,previous final-masked protocol distance
balanced stable MOF candidates for general materials discovery,45,ParetoCrowding,2,5,qmof-cef46c3,qmof-a1a5849,0.0,,previous final-masked protocol distance
balanced stable MOF candidates for general materials discovery,45,ParetoCrowding,3,4,qmof-c0f392b,qmof-ac6a77a,0.0,,previous final-masked protocol distance
balanced stable MOF candidates for general materials discovery,45,ParetoCrowding,3,5,qmof-c0f392b,qmof-a1a5849,0.0,,previous final-masked protocol distance
balanced stable MOF candidates for general materials discovery,45,ParetoCrowding,4,5,qmof-ac6a77a,qmof-a1a5849,0.0,,previous final-masked protocol distance
balanced stable MOF candidates for general materials discovery,45,Random,1,2,qmof-317089d,qmof-e05c142,0.0,,previous final-masked protocol distance
balanced stable MOF candidates for general materials discovery,45,Random,1,3,qmof-317089d,qmof-a1a5849,0.21213203435596428,,previous final-masked protocol distance
balanced stable MOF candidates for general materials discovery,45,Random,1,4,qmof-317089d,qmof-edbe499,0.0,,previous final-masked protocol distance
balanced stable MOF candidates for general materials discovery,45,Random,1,5,qmof-317089d,qmof-66698de,0.0,,previous final-masked protocol distance
balanced stable MOF candidates for general materials discovery,45,Random,2,3,qmof-e05c142,qmof-a1a5849,0.21213203435596428,,previous final-masked protocol distance
balanced stable MOF candidates for general materials discovery,45,Random,2,4,qmof-e05c142,qmof-edbe499,0.0,,previous final-masked protocol distance
balanced stable MOF candidates for general materials discovery,45,Random,2,5,qmof-e05c142,qmof-66698de,0.0,,previous final-masked protocol distance
balanced stable MOF candidates for general materials discovery,45,Random,3,4,qmof-a1a5849,qmof-edbe499,0.21213203435596428,,previous final-masked protocol distance
balanced stable MOF candidates for general materials discovery,45,Random,3,5,qmof-a1a5849,qmof-66698de,0.21213203435596428,,previous final-masked protocol distance
balanced stable MOF candidates for general materials discovery,45,Random,4,5,qmof-edbe499,qmof-66698de,0.0,,previous final-masked protocol distance
balanced stable MOF candidates for general materials discovery,45,SemanticOnly,1,2,qmof-fcd2fa6,qmof-fc5343a,0.0,,previous final-masked protocol distance
balanced stable MOF candidates for general materials discovery,45,SemanticOnly,1,3,qmof-fcd2fa6,qmof-f9909c4,0.0,,previous final-masked protocol distance
balanced stable MOF candidates for general materials discovery,45,SemanticOnly,1,4,qmof-fcd2fa6,qmof-f5a8443,0.0,,previous final-masked protocol distance
balanced stable MOF candidates for general materials discovery,45,SemanticOnly,1,5,qmof-fcd2fa6,qmof-f4cb7a6,0.0,,previous final-masked protocol distance
balanced stable MOF candidates for general materials discovery,45,SemanticOnly,2,3,qmof-fc5343a,qmof-f9909c4,0.0,,previous final-masked protocol distance
balanced stable MOF candidates for general materials discovery,45,SemanticOnly,2,4,qmof-fc5343a,qmof-f5a8443,0.0,,previous final-masked protocol distance
balanced stable MOF candidates for general materials discovery,45,SemanticOnly,2,5,qmof-fc5343a,qmof-f4cb7a6,0.0,,previous final-masked protocol distance
balanced stable MOF candidates for general materials discovery,45,SemanticOnly,3,4,qmof-f9909c4,qmof-f5a8443,0.0,,previous final-masked protocol distance
balanced stable MOF candidates for general materials discovery,45,SemanticOnly,3,5,qmof-f9909c4,qmof-f4cb7a6,0.0,,previous final-masked protocol distance
balanced stable MOF candidates for general materials discovery,45,SemanticOnly,4,5,qmof-f5a8443,qmof-f4cb7a6,0.0,,previous final-masked protocol distance
balanced stable MOF candidates for general materials discovery,45,TOPSIS,1,2,qmof-e566fbb,qmof-cef46c3,0.0,,previous final-masked protocol distance
balanced stable MOF candidates for general materials discovery,45,TOPSIS,1,3,qmof-e566fbb,qmof-c0f392b,0.0,,previous final-masked protocol distance
balanced stable MOF candidates for general materials discovery,45,TOPSIS,1,4,qmof-e566fbb,qmof-ac6a77a,0.0,,previous final-masked protocol distance
balanced stable MOF candidates for general materials discovery,45,TOPSIS,1,5,qmof-e566fbb,qmof-a1a5849,0.0,,previous final-masked protocol distance
balanced stable MOF candidates for general materials discovery,45,TOPSIS,2,3,qmof-cef46c3,qmof-c0f392b,0.0,,previous final-masked protocol distance
balanced stable MOF candidates for general materials discovery,45,TOPSIS,2,4,qmof-cef46c3,qmof-ac6a77a,0.0,,previous final-masked protocol distance
balanced stable MOF candidates for general materials discovery,45,TOPSIS,2,5,qmof-cef46c3,qmof-a1a5849,0.0,,previous final-masked protocol distance
balanced stable MOF candidates for general materials discovery,45,TOPSIS,3,4,qmof-c0f392b,qmof-ac6a77a,0.0,,previous final-masked protocol distance
balanced stable MOF candidates for general materials discovery,45,TOPSIS,3,5,qmof-c0f392b,qmof-a1a5849,0.0,,previous final-masked protocol distance
balanced stable MOF candidates for general materials discovery,45,TOPSIS,4,5,qmof-ac6a77a,qmof-a1a5849,0.0,,previous final-masked protocol distance
balanced stable MOF candidates for general materials discovery,45,WeightedSum,1,2,qmof-e566fbb,qmof-cef46c3,0.0,,previous final-masked protocol distance
balanced stable MOF candidates for general materials discovery,45,WeightedSum,1,3,qmof-e566fbb,qmof-c0f392b,0.0,,previous final-masked protocol distance
balanced stable MOF candidates for general materials discovery,45,WeightedSum,1,4,qmof-e566fbb,qmof-ac6a77a,0.0,,previous final-masked protocol distance
balanced stable MOF candidates for general materials discovery,45,WeightedSum,1,5,qmof-e566fbb,qmof-a1a5849,0.0,,previous final-masked protocol distance
balanced stable MOF candidates for general materials discovery,45,WeightedSum,2,3,qmof-cef46c3,qmof-c0f392b,0.0,,previous final-masked protocol distance
balanced stable MOF candidates for general materials discovery,45,WeightedSum,2,4,qmof-cef46c3,qmof-ac6a77a,0.0,,previous final-masked protocol distance
balanced stable MOF candidates for general materials discovery,45,WeightedSum,2,5,qmof-cef46c3,qmof-a1a5849,0.0,,previous final-masked protocol distance
balanced stable MOF candidates for general materials discovery,45,WeightedSum,3,4,qmof-c0f392b,qmof-ac6a77a,0.0,,previous final-masked protocol distance
balanced stable MOF candidates for general materials discovery,45,WeightedSum,3,5,qmof-c0f392b,qmof-a1a5849,0.0,,previous final-masked protocol distance
balanced stable MOF candidates for general materials discovery,45,WeightedSum,4,5,qmof-ac6a77a,qmof-a1a5849,0.0,,previous final-masked protocol distance
balanced stable MOF candidates for general materials discovery,46,GAT only,1,2,qmof-13a76dd,qmof-235f291,0.0,,previous final-masked protocol distance
balanced stable MOF candidates for general materials discovery,46,GAT only,1,3,qmof-13a76dd,qmof-e566fbb,0.0,,previous final-masked protocol distance
balanced stable MOF candidates for general materials discovery,46,GAT only,1,4,qmof-13a76dd,qmof-cef46c3,0.0,,previous final-masked protocol distance
balanced stable MOF candidates for general materials discovery,46,GAT only,1,5,qmof-13a76dd,qmof-a1a5849,0.0,,previous final-masked protocol distance
balanced stable MOF candidates for general materials discovery,46,GAT only,2,3,qmof-235f291,qmof-e566fbb,0.0,,previous final-masked protocol distance
balanced stable MOF candidates for general materials discovery,46,GAT only,2,4,qmof-235f291,qmof-cef46c3,0.0,,previous final-masked protocol distance
balanced stable MOF candidates for general materials discovery,46,GAT only,2,5,qmof-235f291,qmof-a1a5849,0.0,,previous final-masked protocol distance
balanced stable MOF candidates for general materials discovery,46,GAT only,3,4,qmof-e566fbb,qmof-cef46c3,0.0,,previous final-masked protocol distance
balanced stable MOF candidates for general materials discovery,46,GAT only,3,5,qmof-e566fbb,qmof-a1a5849,0.0,,previous final-masked protocol distance
balanced stable MOF candidates for general materials discovery,46,GAT only,4,5,qmof-cef46c3,qmof-a1a5849,0.0,,previous final-masked protocol distance
balanced stable MOF candidates for general materials discovery,46,GraphSAGE only,1,2,qmof-13a76dd,qmof-e566fbb,0.0,,previous final-masked protocol distance
balanced stable MOF candidates for general materials discovery,46,GraphSAGE only,1,3,qmof-13a76dd,qmof-235f291,0.0,,previous final-masked protocol distance
balanced stable MOF candidates for general materials discovery,46,GraphSAGE only,1,4,qmof-13a76dd,qmof-a1a5849,0.0,,previous final-masked protocol distance
balanced stable MOF candidates for general materials discovery,46,GraphSAGE only,1,5,qmof-13a76dd,qmof-ac6a77a,0.0,,previous final-masked protocol distance
balanced stable MOF candidates for general materials discovery,46,GraphSAGE only,2,3,qmof-e566fbb,qmof-235f291,0.0,,previous final-masked protocol distance
balanced stable MOF candidates for general materials discovery,46,GraphSAGE only,2,4,qmof-e566fbb,qmof-a1a5849,0.0,,previous final-masked protocol distance
balanced stable MOF candidates for general materials discovery,46,GraphSAGE only,2,5,qmof-e566fbb,qmof-ac6a77a,0.0,,previous final-masked protocol distance
balanced stable MOF candidates for general materials discovery,46,GraphSAGE only,3,4,qmof-235f291,qmof-a1a5849,0.0,,previous final-masked protocol distance
balanced stable MOF candidates for general materials discovery,46,GraphSAGE only,3,5,qmof-235f291,qmof-ac6a77a,0.0,,previous final-masked protocol distance
balanced stable MOF candidates for general materials discovery,46,GraphSAGE only,4,5,qmof-a1a5849,qmof-ac6a77a,0.0,,previous final-masked protocol distance
balanced stable MOF candidates for general materials discovery,46,LEA,1,2,qmof-ac6a77a,qmof-a1a5849,0.0,,previous final-masked protocol distance
balanced stable MOF candidates for general materials discovery,46,LEA,1,3,qmof-ac6a77a,qmof-cef46c3,0.0,,previous final-masked protocol distance
balanced stable MOF candidates for general materials discovery,46,LEA,1,4,qmof-ac6a77a,qmof-c0f392b,0.0,,previous final-masked protocol distance
balanced stable MOF candidates for general materials discovery,46,LEA,1,5,qmof-ac6a77a,qmof-13a76dd,0.0,,previous final-masked protocol distance
balanced stable MOF candidates for general materials discovery,46,LEA,2,3,qmof-a1a5849,qmof-cef46c3,0.0,,previous final-masked protocol distance
balanced stable MOF candidates for general materials discovery,46,LEA,2,4,qmof-a1a5849,qmof-c0f392b,0.0,,previous final-masked protocol distance
balanced stable MOF candidates for general materials discovery,46,LEA,2,5,qmof-a1a5849,qmof-13a76dd,0.0,,previous final-masked protocol distance
balanced stable MOF candidates for general materials discovery,46,LEA,3,4,qmof-cef46c3,qmof-c0f392b,0.0,,previous final-masked protocol distance
balanced stable MOF candidates for general materials discovery,46,LEA,3,5,qmof-cef46c3,qmof-13a76dd,0.0,,previous final-masked protocol distance
balanced stable MOF candidates for general materials discovery,46,LEA,4,5,qmof-c0f392b,qmof-13a76dd,0.0,,previous final-masked protocol distance
balanced stable MOF candidates for general materials discovery,46,LEA no diversity,1,2,qmof-ac6a77a,qmof-a1a5849,0.0,,previous final-masked protocol distance
balanced stable MOF candidates for general materials discovery,46,LEA no diversity,1,3,qmof-ac6a77a,qmof-cef46c3,0.0,,previous final-masked protocol distance
balanced stable MOF candidates for general materials discovery,46,LEA no diversity,1,4,qmof-ac6a77a,qmof-c0f392b,0.0,,previous final-masked protocol distance
balanced stable MOF candidates for general materials discovery,46,LEA no diversity,1,5,qmof-ac6a77a,qmof-13a76dd,0.0,,previous final-masked protocol distance
balanced stable MOF candidates for general materials discovery,46,LEA no diversity,2,3,qmof-a1a5849,qmof-cef46c3,0.0,,previous final-masked protocol distance
balanced stable MOF candidates for general materials discovery,46,LEA no diversity,2,4,qmof-a1a5849,qmof-c0f392b,0.0,,previous final-masked protocol distance
balanced stable MOF candidates for general materials discovery,46,LEA no diversity,2,5,qmof-a1a5849,qmof-13a76dd,0.0,,previous final-masked protocol distance
balanced stable MOF candidates for general materials discovery,46,LEA no diversity,3,4,qmof-cef46c3,qmof-c0f392b,0.0,,previous final-masked protocol distance
balanced stable MOF candidates for general materials discovery,46,LEA no diversity,3,5,qmof-cef46c3,qmof-13a76dd,0.0,,previous final-masked protocol distance
balanced stable MOF candidates for general materials discovery,46,LEA no diversity,4,5,qmof-c0f392b,qmof-13a76dd,0.0,,previous final-masked protocol distance
balanced stable MOF candidates for general materials discovery,46,LEA no self-cleaning,1,2,qmof-ac6a77a,qmof-a1a5849,0.0,,previous final-masked protocol distance
balanced stable MOF candidates for general materials discovery,46,LEA no self-cleaning,1,3,qmof-ac6a77a,qmof-cef46c3,0.0,,previous final-masked protocol distance
balanced stable MOF candidates for general materials discovery,46,LEA no self-cleaning,1,4,qmof-ac6a77a,qmof-c0f392b,0.0,,previous final-masked protocol distance
balanced stable MOF candidates for general materials discovery,46,LEA no self-cleaning,1,5,qmof-ac6a77a,qmof-13a76dd,0.0,,previous final-masked protocol distance
balanced stable MOF candidates for general materials discovery,46,LEA no self-cleaning,2,3,qmof-a1a5849,qmof-cef46c3,0.0,,previous final-masked protocol distance
balanced stable MOF candidates for general materials discovery,46,LEA no self-cleaning,2,4,qmof-a1a5849,qmof-c0f392b,0.0,,previous final-masked protocol distance
balanced stable MOF candidates for general materials discovery,46,LEA no self-cleaning,2,5,qmof-a1a5849,qmof-13a76dd,0.0,,previous final-masked protocol distance
balanced stable MOF candidates for general materials discovery,46,LEA no self-cleaning,3,4,qmof-cef46c3,qmof-c0f392b,0.0,,previous final-masked protocol distance
balanced stable MOF candidates for general materials discovery,46,LEA no self-cleaning,3,5,qmof-cef46c3,qmof-13a76dd,0.0,,previous final-masked protocol distance
balanced stable MOF candidates for general materials discovery,46,LEA no self-cleaning,4,5,qmof-c0f392b,qmof-13a76dd,0.0,,previous final-masked protocol distance
balanced stable MOF candidates for general materials discovery,46,LEA + GAT,1,2,qmof-13a76dd,qmof-235f291,0.0,,previous final-masked protocol distance
balanced stable MOF candidates for general materials discovery,46,LEA + GAT,1,3,qmof-13a76dd,qmof-e566fbb,0.0,,previous final-masked protocol distance
balanced stable MOF candidates for general materials discovery,46,LEA + GAT,1,4,qmof-13a76dd,qmof-cef46c3,0.0,,previous final-masked protocol distance
balanced stable MOF candidates for general materials discovery,46,LEA + GAT,1,5,qmof-13a76dd,qmof-a1a5849,0.0,,previous final-masked protocol distance
balanced stable MOF candidates for general materials discovery,46,LEA + GAT,2,3,qmof-235f291,qmof-e566fbb,0.0,,previous final-masked protocol distance
balanced stable MOF candidates for general materials discovery,46,LEA + GAT,2,4,qmof-235f291,qmof-cef46c3,0.0,,previous final-masked protocol distance
balanced stable MOF candidates for general materials discovery,46,LEA + GAT,2,5,qmof-235f291,qmof-a1a5849,0.0,,previous final-masked protocol distance
balanced stable MOF candidates for general materials discovery,46,LEA + GAT,3,4,qmof-e566fbb,qmof-cef46c3,0.0,,previous final-masked protocol distance
balanced stable MOF candidates for general materials discovery,46,LEA + GAT,3,5,qmof-e566fbb,qmof-a1a5849,0.0,,previous final-masked protocol distance
balanced stable MOF candidates for general materials discovery,46,LEA + GAT,4,5,qmof-cef46c3,qmof-a1a5849,0.0,,previous final-masked protocol distance
balanced stable MOF candidates for general materials discovery,46,LEA + GraphSAGE,1,2,qmof-13a76dd,qmof-e566fbb,0.0,,previous final-masked protocol distance
balanced stable MOF candidates for general materials discovery,46,LEA + GraphSAGE,1,3,qmof-13a76dd,qmof-235f291,0.0,,previous final-masked protocol distance
balanced stable MOF candidates for general materials discovery,46,LEA + GraphSAGE,1,4,qmof-13a76dd,qmof-a1a5849,0.0,,previous final-masked protocol distance
balanced stable MOF candidates for general materials discovery,46,LEA + GraphSAGE,1,5,qmof-13a76dd,qmof-ac6a77a,0.0,,previous final-masked protocol distance
balanced stable MOF candidates for general materials discovery,46,LEA + GraphSAGE,2,3,qmof-e566fbb,qmof-235f291,0.0,,previous final-masked protocol distance
balanced stable MOF candidates for general materials discovery,46,LEA + GraphSAGE,2,4,qmof-e566fbb,qmof-a1a5849,0.0,,previous final-masked protocol distance
balanced stable MOF candidates for general materials discovery,46,LEA + GraphSAGE,2,5,qmof-e566fbb,qmof-ac6a77a,0.0,,previous final-masked protocol distance
balanced stable MOF candidates for general materials discovery,46,LEA + GraphSAGE,3,4,qmof-235f291,qmof-a1a5849,0.0,,previous final-masked protocol distance
balanced stable MOF candidates for general materials discovery,46,LEA + GraphSAGE,3,5,qmof-235f291,qmof-ac6a77a,0.0,,previous final-masked protocol distance
balanced stable MOF candidates for general materials discovery,46,LEA + GraphSAGE,4,5,qmof-a1a5849,qmof-ac6a77a,0.0,,previous final-masked protocol distance
balanced stable MOF candidates for general materials discovery,46,MMR,1,2,qmof-e566fbb,qmof-4050181,0.25,,previous final-masked protocol distance
balanced stable MOF candidates for general materials discovery,46,MMR,1,3,qmof-e566fbb,qmof-235f291,0.0,,previous final-masked protocol distance
balanced stable MOF candidates for general materials discovery,46,MMR,1,4,qmof-e566fbb,qmof-13a76dd,0.0,,previous final-masked protocol distance
balanced stable MOF candidates for general materials discovery,46,MMR,1,5,qmof-e566fbb,qmof-c0f392b,0.0,,previous final-masked protocol distance
balanced stable MOF candidates for general materials discovery,46,MMR,2,3,qmof-4050181,qmof-235f291,0.25,,previous final-masked protocol distance
balanced stable MOF candidates for general materials discovery,46,MMR,2,4,qmof-4050181,qmof-13a76dd,0.25,,previous final-masked protocol distance
balanced stable MOF candidates for general materials discovery,46,MMR,2,5,qmof-4050181,qmof-c0f392b,0.25,,previous final-masked protocol distance
balanced stable MOF candidates for general materials discovery,46,MMR,3,4,qmof-235f291,qmof-13a76dd,0.0,,previous final-masked protocol distance
balanced stable MOF candidates for general materials discovery,46,MMR,3,5,qmof-235f291,qmof-c0f392b,0.0,,previous final-masked protocol distance
balanced stable MOF candidates for general materials discovery,46,MMR,4,5,qmof-13a76dd,qmof-c0f392b,0.0,,previous final-masked protocol distance
balanced stable MOF candidates for general materials discovery,46,ParetoCrowding,1,2,qmof-e566fbb,qmof-cef46c3,0.0,,previous final-masked protocol distance
balanced stable MOF candidates for general materials discovery,46,ParetoCrowding,1,3,qmof-e566fbb,qmof-c0f392b,0.0,,previous final-masked protocol distance
balanced stable MOF candidates for general materials discovery,46,ParetoCrowding,1,4,qmof-e566fbb,qmof-ac6a77a,0.0,,previous final-masked protocol distance
balanced stable MOF candidates for general materials discovery,46,ParetoCrowding,1,5,qmof-e566fbb,qmof-a1a5849,0.0,,previous final-masked protocol distance
balanced stable MOF candidates for general materials discovery,46,ParetoCrowding,2,3,qmof-cef46c3,qmof-c0f392b,0.0,,previous final-masked protocol distance
balanced stable MOF candidates for general materials discovery,46,ParetoCrowding,2,4,qmof-cef46c3,qmof-ac6a77a,0.0,,previous final-masked protocol distance
balanced stable MOF candidates for general materials discovery,46,ParetoCrowding,2,5,qmof-cef46c3,qmof-a1a5849,0.0,,previous final-masked protocol distance
balanced stable MOF candidates for general materials discovery,46,ParetoCrowding,3,4,qmof-c0f392b,qmof-ac6a77a,0.0,,previous final-masked protocol distance
balanced stable MOF candidates for general materials discovery,46,ParetoCrowding,3,5,qmof-c0f392b,qmof-a1a5849,0.0,,previous final-masked protocol distance
balanced stable MOF candidates for general materials discovery,46,ParetoCrowding,4,5,qmof-ac6a77a,qmof-a1a5849,0.0,,previous final-masked protocol distance
balanced stable MOF candidates for general materials discovery,46,Random,1,2,qmof-d203083,qmof-2290d6d,0.0,,previous final-masked protocol distance
balanced stable MOF candidates for general materials discovery,46,Random,1,3,qmof-d203083,qmof-6aa9860,0.0,,previous final-masked protocol distance
balanced stable MOF candidates for general materials discovery,46,Random,1,4,qmof-d203083,qmof-e951f69,0.0,,previous final-masked protocol distance
balanced stable MOF candidates for general materials discovery,46,Random,1,5,qmof-d203083,qmof-f05d7d8,0.0,,previous final-masked protocol distance
balanced stable MOF candidates for general materials discovery,46,Random,2,3,qmof-2290d6d,qmof-6aa9860,0.0,,previous final-masked protocol distance
balanced stable MOF candidates for general materials discovery,46,Random,2,4,qmof-2290d6d,qmof-e951f69,0.0,,previous final-masked protocol distance
balanced stable MOF candidates for general materials discovery,46,Random,2,5,qmof-2290d6d,qmof-f05d7d8,0.0,,previous final-masked protocol distance
balanced stable MOF candidates for general materials discovery,46,Random,3,4,qmof-6aa9860,qmof-e951f69,0.0,,previous final-masked protocol distance
balanced stable MOF candidates for general materials discovery,46,Random,3,5,qmof-6aa9860,qmof-f05d7d8,0.0,,previous final-masked protocol distance
balanced stable MOF candidates for general materials discovery,46,Random,4,5,qmof-e951f69,qmof-f05d7d8,0.0,,previous final-masked protocol distance
balanced stable MOF candidates for general materials discovery,46,SemanticOnly,1,2,qmof-fd1f953,qmof-f837f30,0.0,,previous final-masked protocol distance
balanced stable MOF candidates for general materials discovery,46,SemanticOnly,1,3,qmof-fd1f953,qmof-f5c5269,0.0,,previous final-masked protocol distance
balanced stable MOF candidates for general materials discovery,46,SemanticOnly,1,4,qmof-fd1f953,qmof-f05d7d8,0.0,,previous final-masked protocol distance
balanced stable MOF candidates for general materials discovery,46,SemanticOnly,1,5,qmof-fd1f953,qmof-edd85aa,0.0,,previous final-masked protocol distance
balanced stable MOF candidates for general materials discovery,46,SemanticOnly,2,3,qmof-f837f30,qmof-f5c5269,0.0,,previous final-masked protocol distance
balanced stable MOF candidates for general materials discovery,46,SemanticOnly,2,4,qmof-f837f30,qmof-f05d7d8,0.0,,previous final-masked protocol distance
balanced stable MOF candidates for general materials discovery,46,SemanticOnly,2,5,qmof-f837f30,qmof-edd85aa,0.0,,previous final-masked protocol distance
balanced stable MOF candidates for general materials discovery,46,SemanticOnly,3,4,qmof-f5c5269,qmof-f05d7d8,0.0,,previous final-masked protocol distance
balanced stable MOF candidates for general materials discovery,46,SemanticOnly,3,5,qmof-f5c5269,qmof-edd85aa,0.0,,previous final-masked protocol distance
balanced stable MOF candidates for general materials discovery,46,SemanticOnly,4,5,qmof-f05d7d8,qmof-edd85aa,0.0,,previous final-masked protocol distance
balanced stable MOF candidates for general materials discovery,46,TOPSIS,1,2,qmof-e566fbb,qmof-cef46c3,0.0,,previous final-masked protocol distance
balanced stable MOF candidates for general materials discovery,46,TOPSIS,1,3,qmof-e566fbb,qmof-c0f392b,0.0,,previous final-masked protocol distance
balanced stable MOF candidates for general materials discovery,46,TOPSIS,1,4,qmof-e566fbb,qmof-ac6a77a,0.0,,previous final-masked protocol distance
balanced stable MOF candidates for general materials discovery,46,TOPSIS,1,5,qmof-e566fbb,qmof-a1a5849,0.0,,previous final-masked protocol distance
balanced stable MOF candidates for general materials discovery,46,TOPSIS,2,3,qmof-cef46c3,qmof-c0f392b,0.0,,previous final-masked protocol distance
balanced stable MOF candidates for general materials discovery,46,TOPSIS,2,4,qmof-cef46c3,qmof-ac6a77a,0.0,,previous final-masked protocol distance
balanced stable MOF candidates for general materials discovery,46,TOPSIS,2,5,qmof-cef46c3,qmof-a1a5849,0.0,,previous final-masked protocol distance
balanced stable MOF candidates for general materials discovery,46,TOPSIS,3,4,qmof-c0f392b,qmof-ac6a77a,0.0,,previous final-masked protocol distance
balanced stable MOF candidates for general materials discovery,46,TOPSIS,3,5,qmof-c0f392b,qmof-a1a5849,0.0,,previous final-masked protocol distance
balanced stable MOF candidates for general materials discovery,46,TOPSIS,4,5,qmof-ac6a77a,qmof-a1a5849,0.0,,previous final-masked protocol distance
balanced stable MOF candidates for general materials discovery,46,WeightedSum,1,2,qmof-e566fbb,qmof-cef46c3,0.0,,previous final-masked protocol distance
balanced stable MOF candidates for general materials discovery,46,WeightedSum,1,3,qmof-e566fbb,qmof-c0f392b,0.0,,previous final-masked protocol distance
balanced stable MOF candidates for general materials discovery,46,WeightedSum,1,4,qmof-e566fbb,qmof-ac6a77a,0.0,,previous final-masked protocol distance
balanced stable MOF candidates for general materials discovery,46,WeightedSum,1,5,qmof-e566fbb,qmof-a1a5849,0.0,,previous final-masked protocol distance
balanced stable MOF candidates for general materials discovery,46,WeightedSum,2,3,qmof-cef46c3,qmof-c0f392b,0.0,,previous final-masked protocol distance
balanced stable MOF candidates for general materials discovery,46,WeightedSum,2,4,qmof-cef46c3,qmof-ac6a77a,0.0,,previous final-masked protocol distance
balanced stable MOF candidates for general materials discovery,46,WeightedSum,2,5,qmof-cef46c3,qmof-a1a5849,0.0,,previous final-masked protocol distance
balanced stable MOF candidates for general materials discovery,46,WeightedSum,3,4,qmof-c0f392b,qmof-ac6a77a,0.0,,previous final-masked protocol distance
balanced stable MOF candidates for general materials discovery,46,WeightedSum,3,5,qmof-c0f392b,qmof-a1a5849,0.0,,previous final-masked protocol distance
balanced stable MOF candidates for general materials discovery,46,WeightedSum,4,5,qmof-ac6a77a,qmof-a1a5849,0.0,,previous final-masked protocol distance
balanced stable MOF candidates for general materials discovery,47,GAT only,1,2,qmof-13a76dd,qmof-235f291,0.0,,previous final-masked protocol distance
balanced stable MOF candidates for general materials discovery,47,GAT only,1,3,qmof-13a76dd,qmof-e566fbb,0.0,,previous final-masked protocol distance
balanced stable MOF candidates for general materials discovery,47,GAT only,1,4,qmof-13a76dd,qmof-cef46c3,0.0,,previous final-masked protocol distance
balanced stable MOF candidates for general materials discovery,47,GAT only,1,5,qmof-13a76dd,qmof-a1a5849,0.0,,previous final-masked protocol distance
balanced stable MOF candidates for general materials discovery,47,GAT only,2,3,qmof-235f291,qmof-e566fbb,0.0,,previous final-masked protocol distance
balanced stable MOF candidates for general materials discovery,47,GAT only,2,4,qmof-235f291,qmof-cef46c3,0.0,,previous final-masked protocol distance
balanced stable MOF candidates for general materials discovery,47,GAT only,2,5,qmof-235f291,qmof-a1a5849,0.0,,previous final-masked protocol distance
balanced stable MOF candidates for general materials discovery,47,GAT only,3,4,qmof-e566fbb,qmof-cef46c3,0.0,,previous final-masked protocol distance
balanced stable MOF candidates for general materials discovery,47,GAT only,3,5,qmof-e566fbb,qmof-a1a5849,0.0,,previous final-masked protocol distance
balanced stable MOF candidates for general materials discovery,47,GAT only,4,5,qmof-cef46c3,qmof-a1a5849,0.0,,previous final-masked protocol distance
balanced stable MOF candidates for general materials discovery,47,GraphSAGE only,1,2,qmof-13a76dd,qmof-e566fbb,0.0,,previous final-masked protocol distance
balanced stable MOF candidates for general materials discovery,47,GraphSAGE only,1,3,qmof-13a76dd,qmof-235f291,0.0,,previous final-masked protocol distance
balanced stable MOF candidates for general materials discovery,47,GraphSAGE only,1,4,qmof-13a76dd,qmof-a1a5849,0.0,,previous final-masked protocol distance
balanced stable MOF candidates for general materials discovery,47,GraphSAGE only,1,5,qmof-13a76dd,qmof-ac6a77a,0.0,,previous final-masked protocol distance
balanced stable MOF candidates for general materials discovery,47,GraphSAGE only,2,3,qmof-e566fbb,qmof-235f291,0.0,,previous final-masked protocol distance
balanced stable MOF candidates for general materials discovery,47,GraphSAGE only,2,4,qmof-e566fbb,qmof-a1a5849,0.0,,previous final-masked protocol distance
balanced stable MOF candidates for general materials discovery,47,GraphSAGE only,2,5,qmof-e566fbb,qmof-ac6a77a,0.0,,previous final-masked protocol distance
balanced stable MOF candidates for general materials discovery,47,GraphSAGE only,3,4,qmof-235f291,qmof-a1a5849,0.0,,previous final-masked protocol distance
balanced stable MOF candidates for general materials discovery,47,GraphSAGE only,3,5,qmof-235f291,qmof-ac6a77a,0.0,,previous final-masked protocol distance
balanced stable MOF candidates for general materials discovery,47,GraphSAGE only,4,5,qmof-a1a5849,qmof-ac6a77a,0.0,,previous final-masked protocol distance
balanced stable MOF candidates for general materials discovery,47,LEA,1,2,qmof-c0f392b,qmof-235f291,0.0,,previous final-masked protocol distance
balanced stable MOF candidates for general materials discovery,47,LEA,1,3,qmof-c0f392b,qmof-e566fbb,0.0,,previous final-masked protocol distance
balanced stable MOF candidates for general materials discovery,47,LEA,1,4,qmof-c0f392b,qmof-cef46c3,0.0,,previous final-masked protocol distance
balanced stable MOF candidates for general materials discovery,47,LEA,1,5,qmof-c0f392b,qmof-ac6a77a,0.0,,previous final-masked protocol distance
balanced stable MOF candidates for general materials discovery,47,LEA,2,3,qmof-235f291,qmof-e566fbb,0.0,,previous final-masked protocol distance
balanced stable MOF candidates for general materials discovery,47,LEA,2,4,qmof-235f291,qmof-cef46c3,0.0,,previous final-masked protocol distance
balanced stable MOF candidates for general materials discovery,47,LEA,2,5,qmof-235f291,qmof-ac6a77a,0.0,,previous final-masked protocol distance
balanced stable MOF candidates for general materials discovery,47,LEA,3,4,qmof-e566fbb,qmof-cef46c3,0.0,,previous final-masked protocol distance
balanced stable MOF candidates for general materials discovery,47,LEA,3,5,qmof-e566fbb,qmof-ac6a77a,0.0,,previous final-masked protocol distance
balanced stable MOF candidates for general materials discovery,47,LEA,4,5,qmof-cef46c3,qmof-ac6a77a,0.0,,previous final-masked protocol distance
balanced stable MOF candidates for general materials discovery,47,LEA no diversity,1,2,qmof-c0f392b,qmof-235f291,0.0,,previous final-masked protocol distance
balanced stable MOF candidates for general materials discovery,47,LEA no diversity,1,3,qmof-c0f392b,qmof-e566fbb,0.0,,previous final-masked protocol distance
balanced stable MOF candidates for general materials discovery,47,LEA no diversity,1,4,qmof-c0f392b,qmof-cef46c3,0.0,,previous final-masked protocol distance
balanced stable MOF candidates for general materials discovery,47,LEA no diversity,1,5,qmof-c0f392b,qmof-ac6a77a,0.0,,previous final-masked protocol distance
balanced stable MOF candidates for general materials discovery,47,LEA no diversity,2,3,qmof-235f291,qmof-e566fbb,0.0,,previous final-masked protocol distance
balanced stable MOF candidates for general materials discovery,47,LEA no diversity,2,4,qmof-235f291,qmof-cef46c3,0.0,,previous final-masked protocol distance
balanced stable MOF candidates for general materials discovery,47,LEA no diversity,2,5,qmof-235f291,qmof-ac6a77a,0.0,,previous final-masked protocol distance
balanced stable MOF candidates for general materials discovery,47,LEA no diversity,3,4,qmof-e566fbb,qmof-cef46c3,0.0,,previous final-masked protocol distance
balanced stable MOF candidates for general materials discovery,47,LEA no diversity,3,5,qmof-e566fbb,qmof-ac6a77a,0.0,,previous final-masked protocol distance
balanced stable MOF candidates for general materials discovery,47,LEA no diversity,4,5,qmof-cef46c3,qmof-ac6a77a,0.0,,previous final-masked protocol distance
balanced stable MOF candidates for general materials discovery,47,LEA no self-cleaning,1,2,qmof-c0f392b,qmof-235f291,0.0,,previous final-masked protocol distance
balanced stable MOF candidates for general materials discovery,47,LEA no self-cleaning,1,3,qmof-c0f392b,qmof-e566fbb,0.0,,previous final-masked protocol distance
balanced stable MOF candidates for general materials discovery,47,LEA no self-cleaning,1,4,qmof-c0f392b,qmof-cef46c3,0.0,,previous final-masked protocol distance
balanced stable MOF candidates for general materials discovery,47,LEA no self-cleaning,1,5,qmof-c0f392b,qmof-ac6a77a,0.0,,previous final-masked protocol distance
balanced stable MOF candidates for general materials discovery,47,LEA no self-cleaning,2,3,qmof-235f291,qmof-e566fbb,0.0,,previous final-masked protocol distance
balanced stable MOF candidates for general materials discovery,47,LEA no self-cleaning,2,4,qmof-235f291,qmof-cef46c3,0.0,,previous final-masked protocol distance
balanced stable MOF candidates for general materials discovery,47,LEA no self-cleaning,2,5,qmof-235f291,qmof-ac6a77a,0.0,,previous final-masked protocol distance
balanced stable MOF candidates for general materials discovery,47,LEA no self-cleaning,3,4,qmof-e566fbb,qmof-cef46c3,0.0,,previous final-masked protocol distance
balanced stable MOF candidates for general materials discovery,47,LEA no self-cleaning,3,5,qmof-e566fbb,qmof-ac6a77a,0.0,,previous final-masked protocol distance
balanced stable MOF candidates for general materials discovery,47,LEA no self-cleaning,4,5,qmof-cef46c3,qmof-ac6a77a,0.0,,previous final-masked protocol distance
balanced stable MOF candidates for general materials discovery,47,LEA + GAT,1,2,qmof-13a76dd,qmof-235f291,0.0,,previous final-masked protocol distance
balanced stable MOF candidates for general materials discovery,47,LEA + GAT,1,3,qmof-13a76dd,qmof-e566fbb,0.0,,previous final-masked protocol distance
balanced stable MOF candidates for general materials discovery,47,LEA + GAT,1,4,qmof-13a76dd,qmof-cef46c3,0.0,,previous final-masked protocol distance
balanced stable MOF candidates for general materials discovery,47,LEA + GAT,1,5,qmof-13a76dd,qmof-a1a5849,0.0,,previous final-masked protocol distance
balanced stable MOF candidates for general materials discovery,47,LEA + GAT,2,3,qmof-235f291,qmof-e566fbb,0.0,,previous final-masked protocol distance
balanced stable MOF candidates for general materials discovery,47,LEA + GAT,2,4,qmof-235f291,qmof-cef46c3,0.0,,previous final-masked protocol distance
balanced stable MOF candidates for general materials discovery,47,LEA + GAT,2,5,qmof-235f291,qmof-a1a5849,0.0,,previous final-masked protocol distance
balanced stable MOF candidates for general materials discovery,47,LEA + GAT,3,4,qmof-e566fbb,qmof-cef46c3,0.0,,previous final-masked protocol distance
balanced stable MOF candidates for general materials discovery,47,LEA + GAT,3,5,qmof-e566fbb,qmof-a1a5849,0.0,,previous final-masked protocol distance
balanced stable MOF candidates for general materials discovery,47,LEA + GAT,4,5,qmof-cef46c3,qmof-a1a5849,0.0,,previous final-masked protocol distance
balanced stable MOF candidates for general materials discovery,47,LEA + GraphSAGE,1,2,qmof-13a76dd,qmof-e566fbb,0.0,,previous final-masked protocol distance
balanced stable MOF candidates for general materials discovery,47,LEA + GraphSAGE,1,3,qmof-13a76dd,qmof-235f291,0.0,,previous final-masked protocol distance
balanced stable MOF candidates for general materials discovery,47,LEA + GraphSAGE,1,4,qmof-13a76dd,qmof-a1a5849,0.0,,previous final-masked protocol distance
balanced stable MOF candidates for general materials discovery,47,LEA + GraphSAGE,1,5,qmof-13a76dd,qmof-ac6a77a,0.0,,previous final-masked protocol distance
balanced stable MOF candidates for general materials discovery,47,LEA + GraphSAGE,2,3,qmof-e566fbb,qmof-235f291,0.0,,previous final-masked protocol distance
balanced stable MOF candidates for general materials discovery,47,LEA + GraphSAGE,2,4,qmof-e566fbb,qmof-a1a5849,0.0,,previous final-masked protocol distance
balanced stable MOF candidates for general materials discovery,47,LEA + GraphSAGE,2,5,qmof-e566fbb,qmof-ac6a77a,0.0,,previous final-masked protocol distance
balanced stable MOF candidates for general materials discovery,47,LEA + GraphSAGE,3,4,qmof-235f291,qmof-a1a5849,0.0,,previous final-masked protocol distance
balanced stable MOF candidates for general materials discovery,47,LEA + GraphSAGE,3,5,qmof-235f291,qmof-ac6a77a,0.0,,previous final-masked protocol distance
balanced stable MOF candidates for general materials discovery,47,LEA + GraphSAGE,4,5,qmof-a1a5849,qmof-ac6a77a,0.0,,previous final-masked protocol distance
balanced stable MOF candidates for general materials discovery,47,MMR,1,2,qmof-a1a5849,qmof-8deddd1,0.25,,previous final-masked protocol distance
balanced stable MOF candidates for general materials discovery,47,MMR,1,3,qmof-a1a5849,qmof-13a76dd,0.0,,previous final-masked protocol distance
balanced stable MOF candidates for general materials discovery,47,MMR,1,4,qmof-a1a5849,qmof-ac6a77a,0.0,,previous final-masked protocol distance
balanced stable MOF candidates for general materials discovery,47,MMR,1,5,qmof-a1a5849,qmof-cef46c3,0.0,,previous final-masked protocol distance
balanced stable MOF candidates for general materials discovery,47,MMR,2,3,qmof-8deddd1,qmof-13a76dd,0.25,,previous final-masked protocol distance
balanced stable MOF candidates for general materials discovery,47,MMR,2,4,qmof-8deddd1,qmof-ac6a77a,0.25,,previous final-masked protocol distance
balanced stable MOF candidates for general materials discovery,47,MMR,2,5,qmof-8deddd1,qmof-cef46c3,0.25,,previous final-masked protocol distance
balanced stable MOF candidates for general materials discovery,47,MMR,3,4,qmof-13a76dd,qmof-ac6a77a,0.0,,previous final-masked protocol distance
balanced stable MOF candidates for general materials discovery,47,MMR,3,5,qmof-13a76dd,qmof-cef46c3,0.0,,previous final-masked protocol distance
balanced stable MOF candidates for general materials discovery,47,MMR,4,5,qmof-ac6a77a,qmof-cef46c3,0.0,,previous final-masked protocol distance
balanced stable MOF candidates for general materials discovery,47,ParetoCrowding,1,2,qmof-e566fbb,qmof-cef46c3,0.0,,previous final-masked protocol distance
balanced stable MOF candidates for general materials discovery,47,ParetoCrowding,1,3,qmof-e566fbb,qmof-c0f392b,0.0,,previous final-masked protocol distance
balanced stable MOF candidates for general materials discovery,47,ParetoCrowding,1,4,qmof-e566fbb,qmof-ac6a77a,0.0,,previous final-masked protocol distance
balanced stable MOF candidates for general materials discovery,47,ParetoCrowding,1,5,qmof-e566fbb,qmof-a1a5849,0.0,,previous final-masked protocol distance
balanced stable MOF candidates for general materials discovery,47,ParetoCrowding,2,3,qmof-cef46c3,qmof-c0f392b,0.0,,previous final-masked protocol distance
balanced stable MOF candidates for general materials discovery,47,ParetoCrowding,2,4,qmof-cef46c3,qmof-ac6a77a,0.0,,previous final-masked protocol distance
balanced stable MOF candidates for general materials discovery,47,ParetoCrowding,2,5,qmof-cef46c3,qmof-a1a5849,0.0,,previous final-masked protocol distance
balanced stable MOF candidates for general materials discovery,47,ParetoCrowding,3,4,qmof-c0f392b,qmof-ac6a77a,0.0,,previous final-masked protocol distance
balanced stable MOF candidates for general materials discovery,47,ParetoCrowding,3,5,qmof-c0f392b,qmof-a1a5849,0.0,,previous final-masked protocol distance
balanced stable MOF candidates for general materials discovery,47,ParetoCrowding,4,5,qmof-ac6a77a,qmof-a1a5849,0.0,,previous final-masked protocol distance
balanced stable MOF candidates for general materials discovery,47,Random,1,2,qmof-be8828b,qmof-30918ed,0.0,,previous final-masked protocol distance
balanced stable MOF candidates for general materials discovery,47,Random,1,3,qmof-be8828b,qmof-175a5d9,0.32787192621510003,,previous final-masked protocol distance
balanced stable MOF candidates for general materials discovery,47,Random,1,4,qmof-be8828b,qmof-df02179,0.0,,previous final-masked protocol distance
balanced stable MOF candidates for general materials discovery,47,Random,1,5,qmof-be8828b,qmof-611dbd4,0.0,,previous final-masked protocol distance
balanced stable MOF candidates for general materials discovery,47,Random,2,3,qmof-30918ed,qmof-175a5d9,0.32787192621510003,,previous final-masked protocol distance
balanced stable MOF candidates for general materials discovery,47,Random,2,4,qmof-30918ed,qmof-df02179,0.0,,previous final-masked protocol distance
balanced stable MOF candidates for general materials discovery,47,Random,2,5,qmof-30918ed,qmof-611dbd4,0.0,,previous final-masked protocol distance
balanced stable MOF candidates for general materials discovery,47,Random,3,4,qmof-175a5d9,qmof-df02179,0.32787192621510003,,previous final-masked protocol distance
balanced stable MOF candidates for general materials discovery,47,Random,3,5,qmof-175a5d9,qmof-611dbd4,0.32787192621510003,,previous final-masked protocol distance
balanced stable MOF candidates for general materials discovery,47,Random,4,5,qmof-df02179,qmof-611dbd4,0.0,,previous final-masked protocol distance
balanced stable MOF candidates for general materials discovery,47,SemanticOnly,1,2,qmof-fd1f953,qmof-fcfab15,0.0,,previous final-masked protocol distance
balanced stable MOF candidates for general materials discovery,47,SemanticOnly,1,3,qmof-fd1f953,qmof-f837f30,0.0,,previous final-masked protocol distance
balanced stable MOF candidates for general materials discovery,47,SemanticOnly,1,4,qmof-fd1f953,qmof-f5b47bc,0.0,,previous final-masked protocol distance
balanced stable MOF candidates for general materials discovery,47,SemanticOnly,1,5,qmof-fd1f953,qmof-edd39e3,0.0,,previous final-masked protocol distance
balanced stable MOF candidates for general materials discovery,47,SemanticOnly,2,3,qmof-fcfab15,qmof-f837f30,0.0,,previous final-masked protocol distance
balanced stable MOF candidates for general materials discovery,47,SemanticOnly,2,4,qmof-fcfab15,qmof-f5b47bc,0.0,,previous final-masked protocol distance
balanced stable MOF candidates for general materials discovery,47,SemanticOnly,2,5,qmof-fcfab15,qmof-edd39e3,0.0,,previous final-masked protocol distance
balanced stable MOF candidates for general materials discovery,47,SemanticOnly,3,4,qmof-f837f30,qmof-f5b47bc,0.0,,previous final-masked protocol distance
balanced stable MOF candidates for general materials discovery,47,SemanticOnly,3,5,qmof-f837f30,qmof-edd39e3,0.0,,previous final-masked protocol distance
balanced stable MOF candidates for general materials discovery,47,SemanticOnly,4,5,qmof-f5b47bc,qmof-edd39e3,0.0,,previous final-masked protocol distance
balanced stable MOF candidates for general materials discovery,47,TOPSIS,1,2,qmof-e566fbb,qmof-cef46c3,0.0,,previous final-masked protocol distance
balanced stable MOF candidates for general materials discovery,47,TOPSIS,1,3,qmof-e566fbb,qmof-c0f392b,0.0,,previous final-masked protocol distance
balanced stable MOF candidates for general materials discovery,47,TOPSIS,1,4,qmof-e566fbb,qmof-ac6a77a,0.0,,previous final-masked protocol distance
balanced stable MOF candidates for general materials discovery,47,TOPSIS,1,5,qmof-e566fbb,qmof-a1a5849,0.0,,previous final-masked protocol distance
balanced stable MOF candidates for general materials discovery,47,TOPSIS,2,3,qmof-cef46c3,qmof-c0f392b,0.0,,previous final-masked protocol distance
balanced stable MOF candidates for general materials discovery,47,TOPSIS,2,4,qmof-cef46c3,qmof-ac6a77a,0.0,,previous final-masked protocol distance
balanced stable MOF candidates for general materials discovery,47,TOPSIS,2,5,qmof-cef46c3,qmof-a1a5849,0.0,,previous final-masked protocol distance
balanced stable MOF candidates for general materials discovery,47,TOPSIS,3,4,qmof-c0f392b,qmof-ac6a77a,0.0,,previous final-masked protocol distance
balanced stable MOF candidates for general materials discovery,47,TOPSIS,3,5,qmof-c0f392b,qmof-a1a5849,0.0,,previous final-masked protocol distance
balanced stable MOF candidates for general materials discovery,47,TOPSIS,4,5,qmof-ac6a77a,qmof-a1a5849,0.0,,previous final-masked protocol distance
balanced stable MOF candidates for general materials discovery,47,WeightedSum,1,2,qmof-e566fbb,qmof-cef46c3,0.0,,previous final-masked protocol distance
balanced stable MOF candidates for general materials discovery,47,WeightedSum,1,3,qmof-e566fbb,qmof-c0f392b,0.0,,previous final-masked protocol distance
balanced stable MOF candidates for general materials discovery,47,WeightedSum,1,4,qmof-e566fbb,qmof-ac6a77a,0.0,,previous final-masked protocol distance
balanced stable MOF candidates for general materials discovery,47,WeightedSum,1,5,qmof-e566fbb,qmof-a1a5849,0.0,,previous final-masked protocol distance
balanced stable MOF candidates for general materials discovery,47,WeightedSum,2,3,qmof-cef46c3,qmof-c0f392b,0.0,,previous final-masked protocol distance
balanced stable MOF candidates for general materials discovery,47,WeightedSum,2,4,qmof-cef46c3,qmof-ac6a77a,0.0,,previous final-masked protocol distance
balanced stable MOF candidates for general materials discovery,47,WeightedSum,2,5,qmof-cef46c3,qmof-a1a5849,0.0,,previous final-masked protocol distance
balanced stable MOF candidates for general materials discovery,47,WeightedSum,3,4,qmof-c0f392b,qmof-ac6a77a,0.0,,previous final-masked protocol distance
balanced stable MOF candidates for general materials discovery,47,WeightedSum,3,5,qmof-c0f392b,qmof-a1a5849,0.0,,previous final-masked protocol distance
balanced stable MOF candidates for general materials discovery,47,WeightedSum,4,5,qmof-ac6a77a,qmof-a1a5849,0.0,,previous final-masked protocol distance
balanced stable MOF candidates for general materials discovery,48,GAT only,1,2,qmof-13a76dd,qmof-235f291,0.0,,previous final-masked protocol distance
balanced stable MOF candidates for general materials discovery,48,GAT only,1,3,qmof-13a76dd,qmof-e566fbb,0.0,,previous final-masked protocol distance
balanced stable MOF candidates for general materials discovery,48,GAT only,1,4,qmof-13a76dd,qmof-cef46c3,0.0,,previous final-masked protocol distance
balanced stable MOF candidates for general materials discovery,48,GAT only,1,5,qmof-13a76dd,qmof-a1a5849,0.0,,previous final-masked protocol distance
balanced stable MOF candidates for general materials discovery,48,GAT only,2,3,qmof-235f291,qmof-e566fbb,0.0,,previous final-masked protocol distance
balanced stable MOF candidates for general materials discovery,48,GAT only,2,4,qmof-235f291,qmof-cef46c3,0.0,,previous final-masked protocol distance
balanced stable MOF candidates for general materials discovery,48,GAT only,2,5,qmof-235f291,qmof-a1a5849,0.0,,previous final-masked protocol distance
balanced stable MOF candidates for general materials discovery,48,GAT only,3,4,qmof-e566fbb,qmof-cef46c3,0.0,,previous final-masked protocol distance
balanced stable MOF candidates for general materials discovery,48,GAT only,3,5,qmof-e566fbb,qmof-a1a5849,0.0,,previous final-masked protocol distance
balanced stable MOF candidates for general materials discovery,48,GAT only,4,5,qmof-cef46c3,qmof-a1a5849,0.0,,previous final-masked protocol distance
balanced stable MOF candidates for general materials discovery,48,GraphSAGE only,1,2,qmof-13a76dd,qmof-e566fbb,0.0,,previous final-masked protocol distance
balanced stable MOF candidates for general materials discovery,48,GraphSAGE only,1,3,qmof-13a76dd,qmof-235f291,0.0,,previous final-masked protocol distance
balanced stable MOF candidates for general materials discovery,48,GraphSAGE only,1,4,qmof-13a76dd,qmof-a1a5849,0.0,,previous final-masked protocol distance
balanced stable MOF candidates for general materials discovery,48,GraphSAGE only,1,5,qmof-13a76dd,qmof-ac6a77a,0.0,,previous final-masked protocol distance
balanced stable MOF candidates for general materials discovery,48,GraphSAGE only,2,3,qmof-e566fbb,qmof-235f291,0.0,,previous final-masked protocol distance
balanced stable MOF candidates for general materials discovery,48,GraphSAGE only,2,4,qmof-e566fbb,qmof-a1a5849,0.0,,previous final-masked protocol distance
balanced stable MOF candidates for general materials discovery,48,GraphSAGE only,2,5,qmof-e566fbb,qmof-ac6a77a,0.0,,previous final-masked protocol distance
balanced stable MOF candidates for general materials discovery,48,GraphSAGE only,3,4,qmof-235f291,qmof-a1a5849,0.0,,previous final-masked protocol distance
balanced stable MOF candidates for general materials discovery,48,GraphSAGE only,3,5,qmof-235f291,qmof-ac6a77a,0.0,,previous final-masked protocol distance
balanced stable MOF candidates for general materials discovery,48,GraphSAGE only,4,5,qmof-a1a5849,qmof-ac6a77a,0.0,,previous final-masked protocol distance
balanced stable MOF candidates for general materials discovery,48,LEA,1,2,qmof-c0f392b,qmof-ac6a77a,0.0,,previous final-masked protocol distance
balanced stable MOF candidates for general materials discovery,48,LEA,1,3,qmof-c0f392b,qmof-13a76dd,0.0,,previous final-masked protocol distance
balanced stable MOF candidates for general materials discovery,48,LEA,1,4,qmof-c0f392b,qmof-235f291,0.0,,previous final-masked protocol distance
balanced stable MOF candidates for general materials discovery,48,LEA,1,5,qmof-c0f392b,qmof-cef46c3,0.0,,previous final-masked protocol distance
balanced stable MOF candidates for general materials discovery,48,LEA,2,3,qmof-ac6a77a,qmof-13a76dd,0.0,,previous final-masked protocol distance
balanced stable MOF candidates for general materials discovery,48,LEA,2,4,qmof-ac6a77a,qmof-235f291,0.0,,previous final-masked protocol distance
balanced stable MOF candidates for general materials discovery,48,LEA,2,5,qmof-ac6a77a,qmof-cef46c3,0.0,,previous final-masked protocol distance
balanced stable MOF candidates for general materials discovery,48,LEA,3,4,qmof-13a76dd,qmof-235f291,0.0,,previous final-masked protocol distance
balanced stable MOF candidates for general materials discovery,48,LEA,3,5,qmof-13a76dd,qmof-cef46c3,0.0,,previous final-masked protocol distance
balanced stable MOF candidates for general materials discovery,48,LEA,4,5,qmof-235f291,qmof-cef46c3,0.0,,previous final-masked protocol distance
balanced stable MOF candidates for general materials discovery,48,LEA no diversity,1,2,qmof-c0f392b,qmof-ac6a77a,0.0,,previous final-masked protocol distance
balanced stable MOF candidates for general materials discovery,48,LEA no diversity,1,3,qmof-c0f392b,qmof-13a76dd,0.0,,previous final-masked protocol distance
balanced stable MOF candidates for general materials discovery,48,LEA no diversity,1,4,qmof-c0f392b,qmof-235f291,0.0,,previous final-masked protocol distance
balanced stable MOF candidates for general materials discovery,48,LEA no diversity,1,5,qmof-c0f392b,qmof-cef46c3,0.0,,previous final-masked protocol distance
balanced stable MOF candidates for general materials discovery,48,LEA no diversity,2,3,qmof-ac6a77a,qmof-13a76dd,0.0,,previous final-masked protocol distance
balanced stable MOF candidates for general materials discovery,48,LEA no diversity,2,4,qmof-ac6a77a,qmof-235f291,0.0,,previous final-masked protocol distance
balanced stable MOF candidates for general materials discovery,48,LEA no diversity,2,5,qmof-ac6a77a,qmof-cef46c3,0.0,,previous final-masked protocol distance
balanced stable MOF candidates for general materials discovery,48,LEA no diversity,3,4,qmof-13a76dd,qmof-235f291,0.0,,previous final-masked protocol distance
balanced stable MOF candidates for general materials discovery,48,LEA no diversity,3,5,qmof-13a76dd,qmof-cef46c3,0.0,,previous final-masked protocol distance
balanced stable MOF candidates for general materials discovery,48,LEA no diversity,4,5,qmof-235f291,qmof-cef46c3,0.0,,previous final-masked protocol distance
balanced stable MOF candidates for general materials discovery,48,LEA no self-cleaning,1,2,qmof-c0f392b,qmof-ac6a77a,0.0,,previous final-masked protocol distance
balanced stable MOF candidates for general materials discovery,48,LEA no self-cleaning,1,3,qmof-c0f392b,qmof-13a76dd,0.0,,previous final-masked protocol distance
balanced stable MOF candidates for general materials discovery,48,LEA no self-cleaning,1,4,qmof-c0f392b,qmof-235f291,0.0,,previous final-masked protocol distance
balanced stable MOF candidates for general materials discovery,48,LEA no self-cleaning,1,5,qmof-c0f392b,qmof-cef46c3,0.0,,previous final-masked protocol distance
balanced stable MOF candidates for general materials discovery,48,LEA no self-cleaning,2,3,qmof-ac6a77a,qmof-13a76dd,0.0,,previous final-masked protocol distance
balanced stable MOF candidates for general materials discovery,48,LEA no self-cleaning,2,4,qmof-ac6a77a,qmof-235f291,0.0,,previous final-masked protocol distance
balanced stable MOF candidates for general materials discovery,48,LEA no self-cleaning,2,5,qmof-ac6a77a,qmof-cef46c3,0.0,,previous final-masked protocol distance
balanced stable MOF candidates for general materials discovery,48,LEA no self-cleaning,3,4,qmof-13a76dd,qmof-235f291,0.0,,previous final-masked protocol distance
balanced stable MOF candidates for general materials discovery,48,LEA no self-cleaning,3,5,qmof-13a76dd,qmof-cef46c3,0.0,,previous final-masked protocol distance
balanced stable MOF candidates for general materials discovery,48,LEA no self-cleaning,4,5,qmof-235f291,qmof-cef46c3,0.0,,previous final-masked protocol distance
balanced stable MOF candidates for general materials discovery,48,LEA + GAT,1,2,qmof-13a76dd,qmof-235f291,0.0,,previous final-masked protocol distance
balanced stable MOF candidates for general materials discovery,48,LEA + GAT,1,3,qmof-13a76dd,qmof-e566fbb,0.0,,previous final-masked protocol distance
balanced stable MOF candidates for general materials discovery,48,LEA + GAT,1,4,qmof-13a76dd,qmof-cef46c3,0.0,,previous final-masked protocol distance
balanced stable MOF candidates for general materials discovery,48,LEA + GAT,1,5,qmof-13a76dd,qmof-a1a5849,0.0,,previous final-masked protocol distance
balanced stable MOF candidates for general materials discovery,48,LEA + GAT,2,3,qmof-235f291,qmof-e566fbb,0.0,,previous final-masked protocol distance
balanced stable MOF candidates for general materials discovery,48,LEA + GAT,2,4,qmof-235f291,qmof-cef46c3,0.0,,previous final-masked protocol distance
balanced stable MOF candidates for general materials discovery,48,LEA + GAT,2,5,qmof-235f291,qmof-a1a5849,0.0,,previous final-masked protocol distance
balanced stable MOF candidates for general materials discovery,48,LEA + GAT,3,4,qmof-e566fbb,qmof-cef46c3,0.0,,previous final-masked protocol distance
balanced stable MOF candidates for general materials discovery,48,LEA + GAT,3,5,qmof-e566fbb,qmof-a1a5849,0.0,,previous final-masked protocol distance
balanced stable MOF candidates for general materials discovery,48,LEA + GAT,4,5,qmof-cef46c3,qmof-a1a5849,0.0,,previous final-masked protocol distance
balanced stable MOF candidates for general materials discovery,48,LEA + GraphSAGE,1,2,qmof-13a76dd,qmof-e566fbb,0.0,,previous final-masked protocol distance
balanced stable MOF candidates for general materials discovery,48,LEA + GraphSAGE,1,3,qmof-13a76dd,qmof-235f291,0.0,,previous final-masked protocol distance
balanced stable MOF candidates for general materials discovery,48,LEA + GraphSAGE,1,4,qmof-13a76dd,qmof-a1a5849,0.0,,previous final-masked protocol distance
balanced stable MOF candidates for general materials discovery,48,LEA + GraphSAGE,1,5,qmof-13a76dd,qmof-ac6a77a,0.0,,previous final-masked protocol distance
balanced stable MOF candidates for general materials discovery,48,LEA + GraphSAGE,2,3,qmof-e566fbb,qmof-235f291,0.0,,previous final-masked protocol distance
balanced stable MOF candidates for general materials discovery,48,LEA + GraphSAGE,2,4,qmof-e566fbb,qmof-a1a5849,0.0,,previous final-masked protocol distance
balanced stable MOF candidates for general materials discovery,48,LEA + GraphSAGE,2,5,qmof-e566fbb,qmof-ac6a77a,0.0,,previous final-masked protocol distance
balanced stable MOF candidates for general materials discovery,48,LEA + GraphSAGE,3,4,qmof-235f291,qmof-a1a5849,0.0,,previous final-masked protocol distance
balanced stable MOF candidates for general materials discovery,48,LEA + GraphSAGE,3,5,qmof-235f291,qmof-ac6a77a,0.0,,previous final-masked protocol distance
balanced stable MOF candidates for general materials discovery,48,LEA + GraphSAGE,4,5,qmof-a1a5849,qmof-ac6a77a,0.0,,previous final-masked protocol distance
balanced stable MOF candidates for general materials discovery,48,MMR,1,2,qmof-e566fbb,qmof-175a5d9,0.25,,previous final-masked protocol distance
balanced stable MOF candidates for general materials discovery,48,MMR,1,3,qmof-e566fbb,qmof-a1a5849,0.0,,previous final-masked protocol distance
balanced stable MOF candidates for general materials discovery,48,MMR,1,4,qmof-e566fbb,qmof-cef46c3,0.0,,previous final-masked protocol distance
balanced stable MOF candidates for general materials discovery,48,MMR,1,5,qmof-e566fbb,qmof-235f291,0.0,,previous final-masked protocol distance
balanced stable MOF candidates for general materials discovery,48,MMR,2,3,qmof-175a5d9,qmof-a1a5849,0.25,,previous final-masked protocol distance
balanced stable MOF candidates for general materials discovery,48,MMR,2,4,qmof-175a5d9,qmof-cef46c3,0.25,,previous final-masked protocol distance
balanced stable MOF candidates for general materials discovery,48,MMR,2,5,qmof-175a5d9,qmof-235f291,0.25,,previous final-masked protocol distance
balanced stable MOF candidates for general materials discovery,48,MMR,3,4,qmof-a1a5849,qmof-cef46c3,0.0,,previous final-masked protocol distance
balanced stable MOF candidates for general materials discovery,48,MMR,3,5,qmof-a1a5849,qmof-235f291,0.0,,previous final-masked protocol distance
balanced stable MOF candidates for general materials discovery,48,MMR,4,5,qmof-cef46c3,qmof-235f291,0.0,,previous final-masked protocol distance
balanced stable MOF candidates for general materials discovery,48,ParetoCrowding,1,2,qmof-e566fbb,qmof-cef46c3,0.0,,previous final-masked protocol distance
balanced stable MOF candidates for general materials discovery,48,ParetoCrowding,1,3,qmof-e566fbb,qmof-c0f392b,0.0,,previous final-masked protocol distance
balanced stable MOF candidates for general materials discovery,48,ParetoCrowding,1,4,qmof-e566fbb,qmof-ac6a77a,0.0,,previous final-masked protocol distance
balanced stable MOF candidates for general materials discovery,48,ParetoCrowding,1,5,qmof-e566fbb,qmof-a1a5849,0.0,,previous final-masked protocol distance
balanced stable MOF candidates for general materials discovery,48,ParetoCrowding,2,3,qmof-cef46c3,qmof-c0f392b,0.0,,previous final-masked protocol distance
balanced stable MOF candidates for general materials discovery,48,ParetoCrowding,2,4,qmof-cef46c3,qmof-ac6a77a,0.0,,previous final-masked protocol distance
balanced stable MOF candidates for general materials discovery,48,ParetoCrowding,2,5,qmof-cef46c3,qmof-a1a5849,0.0,,previous final-masked protocol distance
balanced stable MOF candidates for general materials discovery,48,ParetoCrowding,3,4,qmof-c0f392b,qmof-ac6a77a,0.0,,previous final-masked protocol distance
balanced stable MOF candidates for general materials discovery,48,ParetoCrowding,3,5,qmof-c0f392b,qmof-a1a5849,0.0,,previous final-masked protocol distance
balanced stable MOF candidates for general materials discovery,48,ParetoCrowding,4,5,qmof-ac6a77a,qmof-a1a5849,0.0,,previous final-masked protocol distance
balanced stable MOF candidates for general materials discovery,48,Random,1,2,qmof-9324158,qmof-406ecbb,0.0,,previous final-masked protocol distance
balanced stable MOF candidates for general materials discovery,48,Random,1,3,qmof-9324158,qmof-c8783dd,0.0,,previous final-masked protocol distance
balanced stable MOF candidates for general materials discovery,48,Random,1,4,qmof-9324158,qmof-96efc84,0.0,,previous final-masked protocol distance
balanced stable MOF candidates for general materials discovery,48,Random,1,5,qmof-9324158,qmof-e7ba782,0.0,,previous final-masked protocol distance
balanced stable MOF candidates for general materials discovery,48,Random,2,3,qmof-406ecbb,qmof-c8783dd,0.0,,previous final-masked protocol distance
balanced stable MOF candidates for general materials discovery,48,Random,2,4,qmof-406ecbb,qmof-96efc84,0.0,,previous final-masked protocol distance
balanced stable MOF candidates for general materials discovery,48,Random,2,5,qmof-406ecbb,qmof-e7ba782,0.0,,previous final-masked protocol distance
balanced stable MOF candidates for general materials discovery,48,Random,3,4,qmof-c8783dd,qmof-96efc84,0.0,,previous final-masked protocol distance
balanced stable MOF candidates for general materials discovery,48,Random,3,5,qmof-c8783dd,qmof-e7ba782,0.0,,previous final-masked protocol distance
balanced stable MOF candidates for general materials discovery,48,Random,4,5,qmof-96efc84,qmof-e7ba782,0.0,,previous final-masked protocol distance
balanced stable MOF candidates for general materials discovery,48,SemanticOnly,1,2,qmof-f5c5269,qmof-f522cce,0.0,,previous final-masked protocol distance
balanced stable MOF candidates for general materials discovery,48,SemanticOnly,1,3,qmof-f5c5269,qmof-f21d339,0.0,,previous final-masked protocol distance
balanced stable MOF candidates for general materials discovery,48,SemanticOnly,1,4,qmof-f5c5269,qmof-ece521b,0.0,,previous final-masked protocol distance
balanced stable MOF candidates for general materials discovery,48,SemanticOnly,1,5,qmof-f5c5269,qmof-eb7c07e,0.0,,previous final-masked protocol distance
balanced stable MOF candidates for general materials discovery,48,SemanticOnly,2,3,qmof-f522cce,qmof-f21d339,0.0,,previous final-masked protocol distance
balanced stable MOF candidates for general materials discovery,48,SemanticOnly,2,4,qmof-f522cce,qmof-ece521b,0.0,,previous final-masked protocol distance
balanced stable MOF candidates for general materials discovery,48,SemanticOnly,2,5,qmof-f522cce,qmof-eb7c07e,0.0,,previous final-masked protocol distance
balanced stable MOF candidates for general materials discovery,48,SemanticOnly,3,4,qmof-f21d339,qmof-ece521b,0.0,,previous final-masked protocol distance
balanced stable MOF candidates for general materials discovery,48,SemanticOnly,3,5,qmof-f21d339,qmof-eb7c07e,0.0,,previous final-masked protocol distance
balanced stable MOF candidates for general materials discovery,48,SemanticOnly,4,5,qmof-ece521b,qmof-eb7c07e,0.0,,previous final-masked protocol distance
balanced stable MOF candidates for general materials discovery,48,TOPSIS,1,2,qmof-e566fbb,qmof-cef46c3,0.0,,previous final-masked protocol distance
balanced stable MOF candidates for general materials discovery,48,TOPSIS,1,3,qmof-e566fbb,qmof-c0f392b,0.0,,previous final-masked protocol distance
balanced stable MOF candidates for general materials discovery,48,TOPSIS,1,4,qmof-e566fbb,qmof-ac6a77a,0.0,,previous final-masked protocol distance
balanced stable MOF candidates for general materials discovery,48,TOPSIS,1,5,qmof-e566fbb,qmof-a1a5849,0.0,,previous final-masked protocol distance
balanced stable MOF candidates for general materials discovery,48,TOPSIS,2,3,qmof-cef46c3,qmof-c0f392b,0.0,,previous final-masked protocol distance
balanced stable MOF candidates for general materials discovery,48,TOPSIS,2,4,qmof-cef46c3,qmof-ac6a77a,0.0,,previous final-masked protocol distance
balanced stable MOF candidates for general materials discovery,48,TOPSIS,2,5,qmof-cef46c3,qmof-a1a5849,0.0,,previous final-masked protocol distance
balanced stable MOF candidates for general materials discovery,48,TOPSIS,3,4,qmof-c0f392b,qmof-ac6a77a,0.0,,previous final-masked protocol distance
balanced stable MOF candidates for general materials discovery,48,TOPSIS,3,5,qmof-c0f392b,qmof-a1a5849,0.0,,previous final-masked protocol distance
balanced stable MOF candidates for general materials discovery,48,TOPSIS,4,5,qmof-ac6a77a,qmof-a1a5849,0.0,,previous final-masked protocol distance
balanced stable MOF candidates for general materials discovery,48,WeightedSum,1,2,qmof-e566fbb,qmof-cef46c3,0.0,,previous final-masked protocol distance
balanced stable MOF candidates for general materials discovery,48,WeightedSum,1,3,qmof-e566fbb,qmof-c0f392b,0.0,,previous final-masked protocol distance
balanced stable MOF candidates for general materials discovery,48,WeightedSum,1,4,qmof-e566fbb,qmof-ac6a77a,0.0,,previous final-masked protocol distance
balanced stable MOF candidates for general materials discovery,48,WeightedSum,1,5,qmof-e566fbb,qmof-a1a5849,0.0,,previous final-masked protocol distance
balanced stable MOF candidates for general materials discovery,48,WeightedSum,2,3,qmof-cef46c3,qmof-c0f392b,0.0,,previous final-masked protocol distance
balanced stable MOF candidates for general materials discovery,48,WeightedSum,2,4,qmof-cef46c3,qmof-ac6a77a,0.0,,previous final-masked protocol distance
balanced stable MOF candidates for general materials discovery,48,WeightedSum,2,5,qmof-cef46c3,qmof-a1a5849,0.0,,previous final-masked protocol distance
balanced stable MOF candidates for general materials discovery,48,WeightedSum,3,4,qmof-c0f392b,qmof-ac6a77a,0.0,,previous final-masked protocol distance
balanced stable MOF candidates for general materials discovery,48,WeightedSum,3,5,qmof-c0f392b,qmof-a1a5849,0.0,,previous final-masked protocol distance
balanced stable MOF candidates for general materials discovery,48,WeightedSum,4,5,qmof-ac6a77a,qmof-a1a5849,0.0,,previous final-masked protocol distance
balanced stable MOF candidates for general materials discovery,49,GAT only,1,2,qmof-13a76dd,qmof-235f291,0.0,,previous final-masked protocol distance
balanced stable MOF candidates for general materials discovery,49,GAT only,1,3,qmof-13a76dd,qmof-e566fbb,0.0,,previous final-masked protocol distance
balanced stable MOF candidates for general materials discovery,49,GAT only,1,4,qmof-13a76dd,qmof-cef46c3,0.0,,previous final-masked protocol distance
balanced stable MOF candidates for general materials discovery,49,GAT only,1,5,qmof-13a76dd,qmof-a1a5849,0.0,,previous final-masked protocol distance
balanced stable MOF candidates for general materials discovery,49,GAT only,2,3,qmof-235f291,qmof-e566fbb,0.0,,previous final-masked protocol distance
balanced stable MOF candidates for general materials discovery,49,GAT only,2,4,qmof-235f291,qmof-cef46c3,0.0,,previous final-masked protocol distance
balanced stable MOF candidates for general materials discovery,49,GAT only,2,5,qmof-235f291,qmof-a1a5849,0.0,,previous final-masked protocol distance
balanced stable MOF candidates for general materials discovery,49,GAT only,3,4,qmof-e566fbb,qmof-cef46c3,0.0,,previous final-masked protocol distance
balanced stable MOF candidates for general materials discovery,49,GAT only,3,5,qmof-e566fbb,qmof-a1a5849,0.0,,previous final-masked protocol distance
balanced stable MOF candidates for general materials discovery,49,GAT only,4,5,qmof-cef46c3,qmof-a1a5849,0.0,,previous final-masked protocol distance
balanced stable MOF candidates for general materials discovery,49,GraphSAGE only,1,2,qmof-13a76dd,qmof-e566fbb,0.0,,previous final-masked protocol distance
balanced stable MOF candidates for general materials discovery,49,GraphSAGE only,1,3,qmof-13a76dd,qmof-235f291,0.0,,previous final-masked protocol distance
balanced stable MOF candidates for general materials discovery,49,GraphSAGE only,1,4,qmof-13a76dd,qmof-a1a5849,0.0,,previous final-masked protocol distance
balanced stable MOF candidates for general materials discovery,49,GraphSAGE only,1,5,qmof-13a76dd,qmof-ac6a77a,0.0,,previous final-masked protocol distance
balanced stable MOF candidates for general materials discovery,49,GraphSAGE only,2,3,qmof-e566fbb,qmof-235f291,0.0,,previous final-masked protocol distance
balanced stable MOF candidates for general materials discovery,49,GraphSAGE only,2,4,qmof-e566fbb,qmof-a1a5849,0.0,,previous final-masked protocol distance
balanced stable MOF candidates for general materials discovery,49,GraphSAGE only,2,5,qmof-e566fbb,qmof-ac6a77a,0.0,,previous final-masked protocol distance
balanced stable MOF candidates for general materials discovery,49,GraphSAGE only,3,4,qmof-235f291,qmof-a1a5849,0.0,,previous final-masked protocol distance
balanced stable MOF candidates for general materials discovery,49,GraphSAGE only,3,5,qmof-235f291,qmof-ac6a77a,0.0,,previous final-masked protocol distance
balanced stable MOF candidates for general materials discovery,49,GraphSAGE only,4,5,qmof-a1a5849,qmof-ac6a77a,0.0,,previous final-masked protocol distance
balanced stable MOF candidates for general materials discovery,49,LEA,1,2,qmof-ac6a77a,qmof-c0f392b,0.0,,previous final-masked protocol distance
balanced stable MOF candidates for general materials discovery,49,LEA,1,3,qmof-ac6a77a,qmof-e566fbb,0.0,,previous final-masked protocol distance
balanced stable MOF candidates for general materials discovery,49,LEA,1,4,qmof-ac6a77a,qmof-235f291,0.0,,previous final-masked protocol distance
balanced stable MOF candidates for general materials discovery,49,LEA,1,5,qmof-ac6a77a,qmof-a1a5849,0.0,,previous final-masked protocol distance
balanced stable MOF candidates for general materials discovery,49,LEA,2,3,qmof-c0f392b,qmof-e566fbb,0.0,,previous final-masked protocol distance
balanced stable MOF candidates for general materials discovery,49,LEA,2,4,qmof-c0f392b,qmof-235f291,0.0,,previous final-masked protocol distance
balanced stable MOF candidates for general materials discovery,49,LEA,2,5,qmof-c0f392b,qmof-a1a5849,0.0,,previous final-masked protocol distance
balanced stable MOF candidates for general materials discovery,49,LEA,3,4,qmof-e566fbb,qmof-235f291,0.0,,previous final-masked protocol distance
balanced stable MOF candidates for general materials discovery,49,LEA,3,5,qmof-e566fbb,qmof-a1a5849,0.0,,previous final-masked protocol distance
balanced stable MOF candidates for general materials discovery,49,LEA,4,5,qmof-235f291,qmof-a1a5849,0.0,,previous final-masked protocol distance
balanced stable MOF candidates for general materials discovery,49,LEA no diversity,1,2,qmof-ac6a77a,qmof-c0f392b,0.0,,previous final-masked protocol distance
balanced stable MOF candidates for general materials discovery,49,LEA no diversity,1,3,qmof-ac6a77a,qmof-e566fbb,0.0,,previous final-masked protocol distance
balanced stable MOF candidates for general materials discovery,49,LEA no diversity,1,4,qmof-ac6a77a,qmof-235f291,0.0,,previous final-masked protocol distance
balanced stable MOF candidates for general materials discovery,49,LEA no diversity,1,5,qmof-ac6a77a,qmof-a1a5849,0.0,,previous final-masked protocol distance
balanced stable MOF candidates for general materials discovery,49,LEA no diversity,2,3,qmof-c0f392b,qmof-e566fbb,0.0,,previous final-masked protocol distance
balanced stable MOF candidates for general materials discovery,49,LEA no diversity,2,4,qmof-c0f392b,qmof-235f291,0.0,,previous final-masked protocol distance
balanced stable MOF candidates for general materials discovery,49,LEA no diversity,2,5,qmof-c0f392b,qmof-a1a5849,0.0,,previous final-masked protocol distance
balanced stable MOF candidates for general materials discovery,49,LEA no diversity,3,4,qmof-e566fbb,qmof-235f291,0.0,,previous final-masked protocol distance
balanced stable MOF candidates for general materials discovery,49,LEA no diversity,3,5,qmof-e566fbb,qmof-a1a5849,0.0,,previous final-masked protocol distance
balanced stable MOF candidates for general materials discovery,49,LEA no diversity,4,5,qmof-235f291,qmof-a1a5849,0.0,,previous final-masked protocol distance
balanced stable MOF candidates for general materials discovery,49,LEA no self-cleaning,1,2,qmof-ac6a77a,qmof-c0f392b,0.0,,previous final-masked protocol distance
balanced stable MOF candidates for general materials discovery,49,LEA no self-cleaning,1,3,qmof-ac6a77a,qmof-e566fbb,0.0,,previous final-masked protocol distance
balanced stable MOF candidates for general materials discovery,49,LEA no self-cleaning,1,4,qmof-ac6a77a,qmof-235f291,0.0,,previous final-masked protocol distance
balanced stable MOF candidates for general materials discovery,49,LEA no self-cleaning,1,5,qmof-ac6a77a,qmof-a1a5849,0.0,,previous final-masked protocol distance
balanced stable MOF candidates for general materials discovery,49,LEA no self-cleaning,2,3,qmof-c0f392b,qmof-e566fbb,0.0,,previous final-masked protocol distance
balanced stable MOF candidates for general materials discovery,49,LEA no self-cleaning,2,4,qmof-c0f392b,qmof-235f291,0.0,,previous final-masked protocol distance
balanced stable MOF candidates for general materials discovery,49,LEA no self-cleaning,2,5,qmof-c0f392b,qmof-a1a5849,0.0,,previous final-masked protocol distance
balanced stable MOF candidates for general materials discovery,49,LEA no self-cleaning,3,4,qmof-e566fbb,qmof-235f291,0.0,,previous final-masked protocol distance
balanced stable MOF candidates for general materials discovery,49,LEA no self-cleaning,3,5,qmof-e566fbb,qmof-a1a5849,0.0,,previous final-masked protocol distance
balanced stable MOF candidates for general materials discovery,49,LEA no self-cleaning,4,5,qmof-235f291,qmof-a1a5849,0.0,,previous final-masked protocol distance
balanced stable MOF candidates for general materials discovery,49,LEA + GAT,1,2,qmof-13a76dd,qmof-235f291,0.0,,previous final-masked protocol distance
balanced stable MOF candidates for general materials discovery,49,LEA + GAT,1,3,qmof-13a76dd,qmof-e566fbb,0.0,,previous final-masked protocol distance
balanced stable MOF candidates for general materials discovery,49,LEA + GAT,1,4,qmof-13a76dd,qmof-cef46c3,0.0,,previous final-masked protocol distance
balanced stable MOF candidates for general materials discovery,49,LEA + GAT,1,5,qmof-13a76dd,qmof-a1a5849,0.0,,previous final-masked protocol distance
balanced stable MOF candidates for general materials discovery,49,LEA + GAT,2,3,qmof-235f291,qmof-e566fbb,0.0,,previous final-masked protocol distance
balanced stable MOF candidates for general materials discovery,49,LEA + GAT,2,4,qmof-235f291,qmof-cef46c3,0.0,,previous final-masked protocol distance
balanced stable MOF candidates for general materials discovery,49,LEA + GAT,2,5,qmof-235f291,qmof-a1a5849,0.0,,previous final-masked protocol distance
balanced stable MOF candidates for general materials discovery,49,LEA + GAT,3,4,qmof-e566fbb,qmof-cef46c3,0.0,,previous final-masked protocol distance
balanced stable MOF candidates for general materials discovery,49,LEA + GAT,3,5,qmof-e566fbb,qmof-a1a5849,0.0,,previous final-masked protocol distance
balanced stable MOF candidates for general materials discovery,49,LEA + GAT,4,5,qmof-cef46c3,qmof-a1a5849,0.0,,previous final-masked protocol distance
balanced stable MOF candidates for general materials discovery,49,LEA + GraphSAGE,1,2,qmof-13a76dd,qmof-e566fbb,0.0,,previous final-masked protocol distance
balanced stable MOF candidates for general materials discovery,49,LEA + GraphSAGE,1,3,qmof-13a76dd,qmof-235f291,0.0,,previous final-masked protocol distance
balanced stable MOF candidates for general materials discovery,49,LEA + GraphSAGE,1,4,qmof-13a76dd,qmof-a1a5849,0.0,,previous final-masked protocol distance
balanced stable MOF candidates for general materials discovery,49,LEA + GraphSAGE,1,5,qmof-13a76dd,qmof-ac6a77a,0.0,,previous final-masked protocol distance
balanced stable MOF candidates for general materials discovery,49,LEA + GraphSAGE,2,3,qmof-e566fbb,qmof-235f291,0.0,,previous final-masked protocol distance
balanced stable MOF candidates for general materials discovery,49,LEA + GraphSAGE,2,4,qmof-e566fbb,qmof-a1a5849,0.0,,previous final-masked protocol distance
balanced stable MOF candidates for general materials discovery,49,LEA + GraphSAGE,2,5,qmof-e566fbb,qmof-ac6a77a,0.0,,previous final-masked protocol distance
balanced stable MOF candidates for general materials discovery,49,LEA + GraphSAGE,3,4,qmof-235f291,qmof-a1a5849,0.0,,previous final-masked protocol distance
balanced stable MOF candidates for general materials discovery,49,LEA + GraphSAGE,3,5,qmof-235f291,qmof-ac6a77a,0.0,,previous final-masked protocol distance
balanced stable MOF candidates for general materials discovery,49,LEA + GraphSAGE,4,5,qmof-a1a5849,qmof-ac6a77a,0.0,,previous final-masked protocol distance
balanced stable MOF candidates for general materials discovery,49,MMR,1,2,qmof-cef46c3,qmof-3133aaf,0.25,,previous final-masked protocol distance
balanced stable MOF candidates for general materials discovery,49,MMR,1,3,qmof-cef46c3,qmof-13a76dd,0.0,,previous final-masked protocol distance
balanced stable MOF candidates for general materials discovery,49,MMR,1,4,qmof-cef46c3,qmof-a1a5849,0.0,,previous final-masked protocol distance
balanced stable MOF candidates for general materials discovery,49,MMR,1,5,qmof-cef46c3,qmof-235f291,0.0,,previous final-masked protocol distance
balanced stable MOF candidates for general materials discovery,49,MMR,2,3,qmof-3133aaf,qmof-13a76dd,0.25,,previous final-masked protocol distance
balanced stable MOF candidates for general materials discovery,49,MMR,2,4,qmof-3133aaf,qmof-a1a5849,0.25,,previous final-masked protocol distance
balanced stable MOF candidates for general materials discovery,49,MMR,2,5,qmof-3133aaf,qmof-235f291,0.25,,previous final-masked protocol distance
balanced stable MOF candidates for general materials discovery,49,MMR,3,4,qmof-13a76dd,qmof-a1a5849,0.0,,previous final-masked protocol distance
balanced stable MOF candidates for general materials discovery,49,MMR,3,5,qmof-13a76dd,qmof-235f291,0.0,,previous final-masked protocol distance
balanced stable MOF candidates for general materials discovery,49,MMR,4,5,qmof-a1a5849,qmof-235f291,0.0,,previous final-masked protocol distance
balanced stable MOF candidates for general materials discovery,49,ParetoCrowding,1,2,qmof-e566fbb,qmof-cef46c3,0.0,,previous final-masked protocol distance
balanced stable MOF candidates for general materials discovery,49,ParetoCrowding,1,3,qmof-e566fbb,qmof-c0f392b,0.0,,previous final-masked protocol distance
balanced stable MOF candidates for general materials discovery,49,ParetoCrowding,1,4,qmof-e566fbb,qmof-ac6a77a,0.0,,previous final-masked protocol distance
balanced stable MOF candidates for general materials discovery,49,ParetoCrowding,1,5,qmof-e566fbb,qmof-a1a5849,0.0,,previous final-masked protocol distance
balanced stable MOF candidates for general materials discovery,49,ParetoCrowding,2,3,qmof-cef46c3,qmof-c0f392b,0.0,,previous final-masked protocol distance
balanced stable MOF candidates for general materials discovery,49,ParetoCrowding,2,4,qmof-cef46c3,qmof-ac6a77a,0.0,,previous final-masked protocol distance
balanced stable MOF candidates for general materials discovery,49,ParetoCrowding,2,5,qmof-cef46c3,qmof-a1a5849,0.0,,previous final-masked protocol distance
balanced stable MOF candidates for general materials discovery,49,ParetoCrowding,3,4,qmof-c0f392b,qmof-ac6a77a,0.0,,previous final-masked protocol distance
balanced stable MOF candidates for general materials discovery,49,ParetoCrowding,3,5,qmof-c0f392b,qmof-a1a5849,0.0,,previous final-masked protocol distance
balanced stable MOF candidates for general materials discovery,49,ParetoCrowding,4,5,qmof-ac6a77a,qmof-a1a5849,0.0,,previous final-masked protocol distance
balanced stable MOF candidates for general materials discovery,49,Random,1,2,qmof-b7dbb38,qmof-a87a11c,0.0,,previous final-masked protocol distance
balanced stable MOF candidates for general materials discovery,49,Random,1,3,qmof-b7dbb38,qmof-aabf74a,0.0,,previous final-masked protocol distance
balanced stable MOF candidates for general materials discovery,49,Random,1,4,qmof-b7dbb38,qmof-2bc26d1,0.0,,previous final-masked protocol distance
balanced stable MOF candidates for general materials discovery,49,Random,1,5,qmof-b7dbb38,qmof-78dd0b4,0.0,,previous final-masked protocol distance
balanced stable MOF candidates for general materials discovery,49,Random,2,3,qmof-a87a11c,qmof-aabf74a,0.0,,previous final-masked protocol distance
balanced stable MOF candidates for general materials discovery,49,Random,2,4,qmof-a87a11c,qmof-2bc26d1,0.0,,previous final-masked protocol distance
balanced stable MOF candidates for general materials discovery,49,Random,2,5,qmof-a87a11c,qmof-78dd0b4,0.0,,previous final-masked protocol distance
balanced stable MOF candidates for general materials discovery,49,Random,3,4,qmof-aabf74a,qmof-2bc26d1,0.0,,previous final-masked protocol distance
balanced stable MOF candidates for general materials discovery,49,Random,3,5,qmof-aabf74a,qmof-78dd0b4,0.0,,previous final-masked protocol distance
balanced stable MOF candidates for general materials discovery,49,Random,4,5,qmof-2bc26d1,qmof-78dd0b4,0.0,,previous final-masked protocol distance
balanced stable MOF candidates for general materials discovery,49,SemanticOnly,1,2,qmof-fc79d47,qmof-f87c9d1,0.0,,previous final-masked protocol distance
balanced stable MOF candidates for general materials discovery,49,SemanticOnly,1,3,qmof-fc79d47,qmof-efc86e6,0.0,,previous final-masked protocol distance
balanced stable MOF candidates for general materials discovery,49,SemanticOnly,1,4,qmof-fc79d47,qmof-eef474b,0.0,,previous final-masked protocol distance
balanced stable MOF candidates for general materials discovery,49,SemanticOnly,1,5,qmof-fc79d47,qmof-ece521b,0.0,,previous final-masked protocol distance
balanced stable MOF candidates for general materials discovery,49,SemanticOnly,2,3,qmof-f87c9d1,qmof-efc86e6,0.0,,previous final-masked protocol distance
balanced stable MOF candidates for general materials discovery,49,SemanticOnly,2,4,qmof-f87c9d1,qmof-eef474b,0.0,,previous final-masked protocol distance
balanced stable MOF candidates for general materials discovery,49,SemanticOnly,2,5,qmof-f87c9d1,qmof-ece521b,0.0,,previous final-masked protocol distance
balanced stable MOF candidates for general materials discovery,49,SemanticOnly,3,4,qmof-efc86e6,qmof-eef474b,0.0,,previous final-masked protocol distance
balanced stable MOF candidates for general materials discovery,49,SemanticOnly,3,5,qmof-efc86e6,qmof-ece521b,0.0,,previous final-masked protocol distance
balanced stable MOF candidates for general materials discovery,49,SemanticOnly,4,5,qmof-eef474b,qmof-ece521b,0.0,,previous final-masked protocol distance
balanced stable MOF candidates for general materials discovery,49,TOPSIS,1,2,qmof-e566fbb,qmof-cef46c3,0.0,,previous final-masked protocol distance
balanced stable MOF candidates for general materials discovery,49,TOPSIS,1,3,qmof-e566fbb,qmof-c0f392b,0.0,,previous final-masked protocol distance
balanced stable MOF candidates for general materials discovery,49,TOPSIS,1,4,qmof-e566fbb,qmof-ac6a77a,0.0,,previous final-masked protocol distance
balanced stable MOF candidates for general materials discovery,49,TOPSIS,1,5,qmof-e566fbb,qmof-a1a5849,0.0,,previous final-masked protocol distance
balanced stable MOF candidates for general materials discovery,49,TOPSIS,2,3,qmof-cef46c3,qmof-c0f392b,0.0,,previous final-masked protocol distance
balanced stable MOF candidates for general materials discovery,49,TOPSIS,2,4,qmof-cef46c3,qmof-ac6a77a,0.0,,previous final-masked protocol distance
balanced stable MOF candidates for general materials discovery,49,TOPSIS,2,5,qmof-cef46c3,qmof-a1a5849,0.0,,previous final-masked protocol distance
balanced stable MOF candidates for general materials discovery,49,TOPSIS,3,4,qmof-c0f392b,qmof-ac6a77a,0.0,,previous final-masked protocol distance
balanced stable MOF candidates for general materials discovery,49,TOPSIS,3,5,qmof-c0f392b,qmof-a1a5849,0.0,,previous final-masked protocol distance
balanced stable MOF candidates for general materials discovery,49,TOPSIS,4,5,qmof-ac6a77a,qmof-a1a5849,0.0,,previous final-masked protocol distance
balanced stable MOF candidates for general materials discovery,49,WeightedSum,1,2,qmof-e566fbb,qmof-cef46c3,0.0,,previous final-masked protocol distance
balanced stable MOF candidates for general materials discovery,49,WeightedSum,1,3,qmof-e566fbb,qmof-c0f392b,0.0,,previous final-masked protocol distance
balanced stable MOF candidates for general materials discovery,49,WeightedSum,1,4,qmof-e566fbb,qmof-ac6a77a,0.0,,previous final-masked protocol distance
balanced stable MOF candidates for general materials discovery,49,WeightedSum,1,5,qmof-e566fbb,qmof-a1a5849,0.0,,previous final-masked protocol distance
balanced stable MOF candidates for general materials discovery,49,WeightedSum,2,3,qmof-cef46c3,qmof-c0f392b,0.0,,previous final-masked protocol distance
balanced stable MOF candidates for general materials discovery,49,WeightedSum,2,4,qmof-cef46c3,qmof-ac6a77a,0.0,,previous final-masked protocol distance
balanced stable MOF candidates for general materials discovery,49,WeightedSum,2,5,qmof-cef46c3,qmof-a1a5849,0.0,,previous final-masked protocol distance
balanced stable MOF candidates for general materials discovery,49,WeightedSum,3,4,qmof-c0f392b,qmof-ac6a77a,0.0,,previous final-masked protocol distance
balanced stable MOF candidates for general materials discovery,49,WeightedSum,3,5,qmof-c0f392b,qmof-a1a5849,0.0,,previous final-masked protocol distance
balanced stable MOF candidates for general materials discovery,49,WeightedSum,4,5,qmof-ac6a77a,qmof-a1a5849,0.0,,previous final-masked protocol distance
balanced stable MOF candidates for general materials discovery,50,GAT only,1,2,qmof-13a76dd,qmof-235f291,0.0,,previous final-masked protocol distance
balanced stable MOF candidates for general materials discovery,50,GAT only,1,3,qmof-13a76dd,qmof-e566fbb,0.0,,previous final-masked protocol distance
balanced stable MOF candidates for general materials discovery,50,GAT only,1,4,qmof-13a76dd,qmof-cef46c3,0.0,,previous final-masked protocol distance
balanced stable MOF candidates for general materials discovery,50,GAT only,1,5,qmof-13a76dd,qmof-a1a5849,0.0,,previous final-masked protocol distance
balanced stable MOF candidates for general materials discovery,50,GAT only,2,3,qmof-235f291,qmof-e566fbb,0.0,,previous final-masked protocol distance
balanced stable MOF candidates for general materials discovery,50,GAT only,2,4,qmof-235f291,qmof-cef46c3,0.0,,previous final-masked protocol distance
balanced stable MOF candidates for general materials discovery,50,GAT only,2,5,qmof-235f291,qmof-a1a5849,0.0,,previous final-masked protocol distance
balanced stable MOF candidates for general materials discovery,50,GAT only,3,4,qmof-e566fbb,qmof-cef46c3,0.0,,previous final-masked protocol distance
balanced stable MOF candidates for general materials discovery,50,GAT only,3,5,qmof-e566fbb,qmof-a1a5849,0.0,,previous final-masked protocol distance
balanced stable MOF candidates for general materials discovery,50,GAT only,4,5,qmof-cef46c3,qmof-a1a5849,0.0,,previous final-masked protocol distance
balanced stable MOF candidates for general materials discovery,50,GraphSAGE only,1,2,qmof-13a76dd,qmof-e566fbb,0.0,,previous final-masked protocol distance
balanced stable MOF candidates for general materials discovery,50,GraphSAGE only,1,3,qmof-13a76dd,qmof-235f291,0.0,,previous final-masked protocol distance
balanced stable MOF candidates for general materials discovery,50,GraphSAGE only,1,4,qmof-13a76dd,qmof-a1a5849,0.0,,previous final-masked protocol distance
balanced stable MOF candidates for general materials discovery,50,GraphSAGE only,1,5,qmof-13a76dd,qmof-ac6a77a,0.0,,previous final-masked protocol distance
balanced stable MOF candidates for general materials discovery,50,GraphSAGE only,2,3,qmof-e566fbb,qmof-235f291,0.0,,previous final-masked protocol distance
balanced stable MOF candidates for general materials discovery,50,GraphSAGE only,2,4,qmof-e566fbb,qmof-a1a5849,0.0,,previous final-masked protocol distance
balanced stable MOF candidates for general materials discovery,50,GraphSAGE only,2,5,qmof-e566fbb,qmof-ac6a77a,0.0,,previous final-masked protocol distance
balanced stable MOF candidates for general materials discovery,50,GraphSAGE only,3,4,qmof-235f291,qmof-a1a5849,0.0,,previous final-masked protocol distance
balanced stable MOF candidates for general materials discovery,50,GraphSAGE only,3,5,qmof-235f291,qmof-ac6a77a,0.0,,previous final-masked protocol distance
balanced stable MOF candidates for general materials discovery,50,GraphSAGE only,4,5,qmof-a1a5849,qmof-ac6a77a,0.0,,previous final-masked protocol distance
balanced stable MOF candidates for general materials discovery,50,LEA,1,2,qmof-cef46c3,qmof-e566fbb,0.0,,previous final-masked protocol distance
balanced stable MOF candidates for general materials discovery,50,LEA,1,3,qmof-cef46c3,qmof-ac6a77a,0.0,,previous final-masked protocol distance
balanced stable MOF candidates for general materials discovery,50,LEA,1,4,qmof-cef46c3,qmof-c0f392b,0.0,,previous final-masked protocol distance
balanced stable MOF candidates for general materials discovery,50,LEA,1,5,qmof-cef46c3,qmof-235f291,0.0,,previous final-masked protocol distance
balanced stable MOF candidates for general materials discovery,50,LEA,2,3,qmof-e566fbb,qmof-ac6a77a,0.0,,previous final-masked protocol distance
balanced stable MOF candidates for general materials discovery,50,LEA,2,4,qmof-e566fbb,qmof-c0f392b,0.0,,previous final-masked protocol distance
balanced stable MOF candidates for general materials discovery,50,LEA,2,5,qmof-e566fbb,qmof-235f291,0.0,,previous final-masked protocol distance
balanced stable MOF candidates for general materials discovery,50,LEA,3,4,qmof-ac6a77a,qmof-c0f392b,0.0,,previous final-masked protocol distance
balanced stable MOF candidates for general materials discovery,50,LEA,3,5,qmof-ac6a77a,qmof-235f291,0.0,,previous final-masked protocol distance
balanced stable MOF candidates for general materials discovery,50,LEA,4,5,qmof-c0f392b,qmof-235f291,0.0,,previous final-masked protocol distance
balanced stable MOF candidates for general materials discovery,50,LEA no diversity,1,2,qmof-cef46c3,qmof-e566fbb,0.0,,previous final-masked protocol distance
balanced stable MOF candidates for general materials discovery,50,LEA no diversity,1,3,qmof-cef46c3,qmof-ac6a77a,0.0,,previous final-masked protocol distance
balanced stable MOF candidates for general materials discovery,50,LEA no diversity,1,4,qmof-cef46c3,qmof-c0f392b,0.0,,previous final-masked protocol distance
balanced stable MOF candidates for general materials discovery,50,LEA no diversity,1,5,qmof-cef46c3,qmof-235f291,0.0,,previous final-masked protocol distance
balanced stable MOF candidates for general materials discovery,50,LEA no diversity,2,3,qmof-e566fbb,qmof-ac6a77a,0.0,,previous final-masked protocol distance
balanced stable MOF candidates for general materials discovery,50,LEA no diversity,2,4,qmof-e566fbb,qmof-c0f392b,0.0,,previous final-masked protocol distance
balanced stable MOF candidates for general materials discovery,50,LEA no diversity,2,5,qmof-e566fbb,qmof-235f291,0.0,,previous final-masked protocol distance
balanced stable MOF candidates for general materials discovery,50,LEA no diversity,3,4,qmof-ac6a77a,qmof-c0f392b,0.0,,previous final-masked protocol distance
balanced stable MOF candidates for general materials discovery,50,LEA no diversity,3,5,qmof-ac6a77a,qmof-235f291,0.0,,previous final-masked protocol distance
balanced stable MOF candidates for general materials discovery,50,LEA no diversity,4,5,qmof-c0f392b,qmof-235f291,0.0,,previous final-masked protocol distance
balanced stable MOF candidates for general materials discovery,50,LEA no self-cleaning,1,2,qmof-cef46c3,qmof-e566fbb,0.0,,previous final-masked protocol distance
balanced stable MOF candidates for general materials discovery,50,LEA no self-cleaning,1,3,qmof-cef46c3,qmof-ac6a77a,0.0,,previous final-masked protocol distance
balanced stable MOF candidates for general materials discovery,50,LEA no self-cleaning,1,4,qmof-cef46c3,qmof-c0f392b,0.0,,previous final-masked protocol distance
balanced stable MOF candidates for general materials discovery,50,LEA no self-cleaning,1,5,qmof-cef46c3,qmof-235f291,0.0,,previous final-masked protocol distance
balanced stable MOF candidates for general materials discovery,50,LEA no self-cleaning,2,3,qmof-e566fbb,qmof-ac6a77a,0.0,,previous final-masked protocol distance
balanced stable MOF candidates for general materials discovery,50,LEA no self-cleaning,2,4,qmof-e566fbb,qmof-c0f392b,0.0,,previous final-masked protocol distance
balanced stable MOF candidates for general materials discovery,50,LEA no self-cleaning,2,5,qmof-e566fbb,qmof-235f291,0.0,,previous final-masked protocol distance
balanced stable MOF candidates for general materials discovery,50,LEA no self-cleaning,3,4,qmof-ac6a77a,qmof-c0f392b,0.0,,previous final-masked protocol distance
balanced stable MOF candidates for general materials discovery,50,LEA no self-cleaning,3,5,qmof-ac6a77a,qmof-235f291,0.0,,previous final-masked protocol distance
balanced stable MOF candidates for general materials discovery,50,LEA no self-cleaning,4,5,qmof-c0f392b,qmof-235f291,0.0,,previous final-masked protocol distance
balanced stable MOF candidates for general materials discovery,50,LEA + GAT,1,2,qmof-13a76dd,qmof-235f291,0.0,,previous final-masked protocol distance
balanced stable MOF candidates for general materials discovery,50,LEA + GAT,1,3,qmof-13a76dd,qmof-e566fbb,0.0,,previous final-masked protocol distance
balanced stable MOF candidates for general materials discovery,50,LEA + GAT,1,4,qmof-13a76dd,qmof-cef46c3,0.0,,previous final-masked protocol distance
balanced stable MOF candidates for general materials discovery,50,LEA + GAT,1,5,qmof-13a76dd,qmof-a1a5849,0.0,,previous final-masked protocol distance
balanced stable MOF candidates for general materials discovery,50,LEA + GAT,2,3,qmof-235f291,qmof-e566fbb,0.0,,previous final-masked protocol distance
balanced stable MOF candidates for general materials discovery,50,LEA + GAT,2,4,qmof-235f291,qmof-cef46c3,0.0,,previous final-masked protocol distance
balanced stable MOF candidates for general materials discovery,50,LEA + GAT,2,5,qmof-235f291,qmof-a1a5849,0.0,,previous final-masked protocol distance
balanced stable MOF candidates for general materials discovery,50,LEA + GAT,3,4,qmof-e566fbb,qmof-cef46c3,0.0,,previous final-masked protocol distance
balanced stable MOF candidates for general materials discovery,50,LEA + GAT,3,5,qmof-e566fbb,qmof-a1a5849,0.0,,previous final-masked protocol distance
balanced stable MOF candidates for general materials discovery,50,LEA + GAT,4,5,qmof-cef46c3,qmof-a1a5849,0.0,,previous final-masked protocol distance
balanced stable MOF candidates for general materials discovery,50,LEA + GraphSAGE,1,2,qmof-13a76dd,qmof-e566fbb,0.0,,previous final-masked protocol distance
balanced stable MOF candidates for general materials discovery,50,LEA + GraphSAGE,1,3,qmof-13a76dd,qmof-235f291,0.0,,previous final-masked protocol distance
balanced stable MOF candidates for general materials discovery,50,LEA + GraphSAGE,1,4,qmof-13a76dd,qmof-a1a5849,0.0,,previous final-masked protocol distance
balanced stable MOF candidates for general materials discovery,50,LEA + GraphSAGE,1,5,qmof-13a76dd,qmof-ac6a77a,0.0,,previous final-masked protocol distance
balanced stable MOF candidates for general materials discovery,50,LEA + GraphSAGE,2,3,qmof-e566fbb,qmof-235f291,0.0,,previous final-masked protocol distance
balanced stable MOF candidates for general materials discovery,50,LEA + GraphSAGE,2,4,qmof-e566fbb,qmof-a1a5849,0.0,,previous final-masked protocol distance
balanced stable MOF candidates for general materials discovery,50,LEA + GraphSAGE,2,5,qmof-e566fbb,qmof-ac6a77a,0.0,,previous final-masked protocol distance
balanced stable MOF candidates for general materials discovery,50,LEA + GraphSAGE,3,4,qmof-235f291,qmof-a1a5849,0.0,,previous final-masked protocol distance
balanced stable MOF candidates for general materials discovery,50,LEA + GraphSAGE,3,5,qmof-235f291,qmof-ac6a77a,0.0,,previous final-masked protocol distance
balanced stable MOF candidates for general materials discovery,50,LEA + GraphSAGE,4,5,qmof-a1a5849,qmof-ac6a77a,0.0,,previous final-masked protocol distance
balanced stable MOF candidates for general materials discovery,50,MMR,1,2,qmof-a1a5849,qmof-017128d,0.25,,previous final-masked protocol distance
balanced stable MOF candidates for general materials discovery,50,MMR,1,3,qmof-a1a5849,qmof-13a76dd,0.0,,previous final-masked protocol distance
balanced stable MOF candidates for general materials discovery,50,MMR,1,4,qmof-a1a5849,qmof-235f291,0.0,,previous final-masked protocol distance
balanced stable MOF candidates for general materials discovery,50,MMR,1,5,qmof-a1a5849,qmof-c0f392b,0.0,,previous final-masked protocol distance
balanced stable MOF candidates for general materials discovery,50,MMR,2,3,qmof-017128d,qmof-13a76dd,0.25,,previous final-masked protocol distance
balanced stable MOF candidates for general materials discovery,50,MMR,2,4,qmof-017128d,qmof-235f291,0.25,,previous final-masked protocol distance
balanced stable MOF candidates for general materials discovery,50,MMR,2,5,qmof-017128d,qmof-c0f392b,0.25,,previous final-masked protocol distance
balanced stable MOF candidates for general materials discovery,50,MMR,3,4,qmof-13a76dd,qmof-235f291,0.0,,previous final-masked protocol distance
balanced stable MOF candidates for general materials discovery,50,MMR,3,5,qmof-13a76dd,qmof-c0f392b,0.0,,previous final-masked protocol distance
balanced stable MOF candidates for general materials discovery,50,MMR,4,5,qmof-235f291,qmof-c0f392b,0.0,,previous final-masked protocol distance
balanced stable MOF candidates for general materials discovery,50,ParetoCrowding,1,2,qmof-e566fbb,qmof-cef46c3,0.0,,previous final-masked protocol distance
balanced stable MOF candidates for general materials discovery,50,ParetoCrowding,1,3,qmof-e566fbb,qmof-c0f392b,0.0,,previous final-masked protocol distance
balanced stable MOF candidates for general materials discovery,50,ParetoCrowding,1,4,qmof-e566fbb,qmof-ac6a77a,0.0,,previous final-masked protocol distance
balanced stable MOF candidates for general materials discovery,50,ParetoCrowding,1,5,qmof-e566fbb,qmof-a1a5849,0.0,,previous final-masked protocol distance
balanced stable MOF candidates for general materials discovery,50,ParetoCrowding,2,3,qmof-cef46c3,qmof-c0f392b,0.0,,previous final-masked protocol distance
balanced stable MOF candidates for general materials discovery,50,ParetoCrowding,2,4,qmof-cef46c3,qmof-ac6a77a,0.0,,previous final-masked protocol distance
balanced stable MOF candidates for general materials discovery,50,ParetoCrowding,2,5,qmof-cef46c3,qmof-a1a5849,0.0,,previous final-masked protocol distance
balanced stable MOF candidates for general materials discovery,50,ParetoCrowding,3,4,qmof-c0f392b,qmof-ac6a77a,0.0,,previous final-masked protocol distance
balanced stable MOF candidates for general materials discovery,50,ParetoCrowding,3,5,qmof-c0f392b,qmof-a1a5849,0.0,,previous final-masked protocol distance
balanced stable MOF candidates for general materials discovery,50,ParetoCrowding,4,5,qmof-ac6a77a,qmof-a1a5849,0.0,,previous final-masked protocol distance
balanced stable MOF candidates for general materials discovery,50,Random,1,2,qmof-915b8e1,qmof-7da8960,0.0,,previous final-masked protocol distance
balanced stable MOF candidates for general materials discovery,50,Random,1,3,qmof-915b8e1,qmof-cef46c3,0.21213203435596428,,previous final-masked protocol distance
balanced stable MOF candidates for general materials discovery,50,Random,1,4,qmof-915b8e1,qmof-fe66204,0.0,,previous final-masked protocol distance
balanced stable MOF candidates for general materials discovery,50,Random,1,5,qmof-915b8e1,qmof-235f291,0.21213203435596428,,previous final-masked protocol distance
balanced stable MOF candidates for general materials discovery,50,Random,2,3,qmof-7da8960,qmof-cef46c3,0.21213203435596428,,previous final-masked protocol distance
balanced stable MOF candidates for general materials discovery,50,Random,2,4,qmof-7da8960,qmof-fe66204,0.0,,previous final-masked protocol distance
balanced stable MOF candidates for general materials discovery,50,Random,2,5,qmof-7da8960,qmof-235f291,0.21213203435596428,,previous final-masked protocol distance
balanced stable MOF candidates for general materials discovery,50,Random,3,4,qmof-cef46c3,qmof-fe66204,0.21213203435596428,,previous final-masked protocol distance
balanced stable MOF candidates for general materials discovery,50,Random,3,5,qmof-cef46c3,qmof-235f291,0.0,,previous final-masked protocol distance
balanced stable MOF candidates for general materials discovery,50,Random,4,5,qmof-fe66204,qmof-235f291,0.21213203435596428,,previous final-masked protocol distance
balanced stable MOF candidates for general materials discovery,50,SemanticOnly,1,2,qmof-fe66204,qmof-fc79d47,0.0,,previous final-masked protocol distance
balanced stable MOF candidates for general materials discovery,50,SemanticOnly,1,3,qmof-fe66204,qmof-f6f9b84,0.0,,previous final-masked protocol distance
balanced stable MOF candidates for general materials discovery,50,SemanticOnly,1,4,qmof-fe66204,qmof-f429f3b,0.0,,previous final-masked protocol distance
balanced stable MOF candidates for general materials discovery,50,SemanticOnly,1,5,qmof-fe66204,qmof-e566fbb,0.21213203435596428,,previous final-masked protocol distance
balanced stable MOF candidates for general materials discovery,50,SemanticOnly,2,3,qmof-fc79d47,qmof-f6f9b84,0.0,,previous final-masked protocol distance
balanced stable MOF candidates for general materials discovery,50,SemanticOnly,2,4,qmof-fc79d47,qmof-f429f3b,0.0,,previous final-masked protocol distance
balanced stable MOF candidates for general materials discovery,50,SemanticOnly,2,5,qmof-fc79d47,qmof-e566fbb,0.21213203435596428,,previous final-masked protocol distance
balanced stable MOF candidates for general materials discovery,50,SemanticOnly,3,4,qmof-f6f9b84,qmof-f429f3b,0.0,,previous final-masked protocol distance
balanced stable MOF candidates for general materials discovery,50,SemanticOnly,3,5,qmof-f6f9b84,qmof-e566fbb,0.21213203435596428,,previous final-masked protocol distance
balanced stable MOF candidates for general materials discovery,50,SemanticOnly,4,5,qmof-f429f3b,qmof-e566fbb,0.21213203435596428,,previous final-masked protocol distance
balanced stable MOF candidates for general materials discovery,50,TOPSIS,1,2,qmof-e566fbb,qmof-cef46c3,0.0,,previous final-masked protocol distance
balanced stable MOF candidates for general materials discovery,50,TOPSIS,1,3,qmof-e566fbb,qmof-c0f392b,0.0,,previous final-masked protocol distance
balanced stable MOF candidates for general materials discovery,50,TOPSIS,1,4,qmof-e566fbb,qmof-ac6a77a,0.0,,previous final-masked protocol distance
balanced stable MOF candidates for general materials discovery,50,TOPSIS,1,5,qmof-e566fbb,qmof-a1a5849,0.0,,previous final-masked protocol distance
balanced stable MOF candidates for general materials discovery,50,TOPSIS,2,3,qmof-cef46c3,qmof-c0f392b,0.0,,previous final-masked protocol distance
balanced stable MOF candidates for general materials discovery,50,TOPSIS,2,4,qmof-cef46c3,qmof-ac6a77a,0.0,,previous final-masked protocol distance
balanced stable MOF candidates for general materials discovery,50,TOPSIS,2,5,qmof-cef46c3,qmof-a1a5849,0.0,,previous final-masked protocol distance
balanced stable MOF candidates for general materials discovery,50,TOPSIS,3,4,qmof-c0f392b,qmof-ac6a77a,0.0,,previous final-masked protocol distance
balanced stable MOF candidates for general materials discovery,50,TOPSIS,3,5,qmof-c0f392b,qmof-a1a5849,0.0,,previous final-masked protocol distance
balanced stable MOF candidates for general materials discovery,50,TOPSIS,4,5,qmof-ac6a77a,qmof-a1a5849,0.0,,previous final-masked protocol distance
balanced stable MOF candidates for general materials discovery,50,WeightedSum,1,2,qmof-e566fbb,qmof-cef46c3,0.0,,previous final-masked protocol distance
balanced stable MOF candidates for general materials discovery,50,WeightedSum,1,3,qmof-e566fbb,qmof-c0f392b,0.0,,previous final-masked protocol distance
balanced stable MOF candidates for general materials discovery,50,WeightedSum,1,4,qmof-e566fbb,qmof-ac6a77a,0.0,,previous final-masked protocol distance
balanced stable MOF candidates for general materials discovery,50,WeightedSum,1,5,qmof-e566fbb,qmof-a1a5849,0.0,,previous final-masked protocol distance
balanced stable MOF candidates for general materials discovery,50,WeightedSum,2,3,qmof-cef46c3,qmof-c0f392b,0.0,,previous final-masked protocol distance
balanced stable MOF candidates for general materials discovery,50,WeightedSum,2,4,qmof-cef46c3,qmof-ac6a77a,0.0,,previous final-masked protocol distance
balanced stable MOF candidates for general materials discovery,50,WeightedSum,2,5,qmof-cef46c3,qmof-a1a5849,0.0,,previous final-masked protocol distance
balanced stable MOF candidates for general materials discovery,50,WeightedSum,3,4,qmof-c0f392b,qmof-ac6a77a,0.0,,previous final-masked protocol distance
balanced stable MOF candidates for general materials discovery,50,WeightedSum,3,5,qmof-c0f392b,qmof-a1a5849,0.0,,previous final-masked protocol distance
balanced stable MOF candidates for general materials discovery,50,WeightedSum,4,5,qmof-ac6a77a,qmof-a1a5849,0.0,,previous final-masked protocol distance
balanced stable MOF candidates for general materials discovery,51,GAT only,1,2,qmof-13a76dd,qmof-235f291,0.0,,previous final-masked protocol distance
balanced stable MOF candidates for general materials discovery,51,GAT only,1,3,qmof-13a76dd,qmof-e566fbb,0.0,,previous final-masked protocol distance
balanced stable MOF candidates for general materials discovery,51,GAT only,1,4,qmof-13a76dd,qmof-cef46c3,0.0,,previous final-masked protocol distance
balanced stable MOF candidates for general materials discovery,51,GAT only,1,5,qmof-13a76dd,qmof-a1a5849,0.0,,previous final-masked protocol distance
balanced stable MOF candidates for general materials discovery,51,GAT only,2,3,qmof-235f291,qmof-e566fbb,0.0,,previous final-masked protocol distance
balanced stable MOF candidates for general materials discovery,51,GAT only,2,4,qmof-235f291,qmof-cef46c3,0.0,,previous final-masked protocol distance
balanced stable MOF candidates for general materials discovery,51,GAT only,2,5,qmof-235f291,qmof-a1a5849,0.0,,previous final-masked protocol distance
balanced stable MOF candidates for general materials discovery,51,GAT only,3,4,qmof-e566fbb,qmof-cef46c3,0.0,,previous final-masked protocol distance
balanced stable MOF candidates for general materials discovery,51,GAT only,3,5,qmof-e566fbb,qmof-a1a5849,0.0,,previous final-masked protocol distance
balanced stable MOF candidates for general materials discovery,51,GAT only,4,5,qmof-cef46c3,qmof-a1a5849,0.0,,previous final-masked protocol distance
balanced stable MOF candidates for general materials discovery,51,GraphSAGE only,1,2,qmof-13a76dd,qmof-e566fbb,0.0,,previous final-masked protocol distance
balanced stable MOF candidates for general materials discovery,51,GraphSAGE only,1,3,qmof-13a76dd,qmof-235f291,0.0,,previous final-masked protocol distance
balanced stable MOF candidates for general materials discovery,51,GraphSAGE only,1,4,qmof-13a76dd,qmof-a1a5849,0.0,,previous final-masked protocol distance
balanced stable MOF candidates for general materials discovery,51,GraphSAGE only,1,5,qmof-13a76dd,qmof-ac6a77a,0.0,,previous final-masked protocol distance
balanced stable MOF candidates for general materials discovery,51,GraphSAGE only,2,3,qmof-e566fbb,qmof-235f291,0.0,,previous final-masked protocol distance
balanced stable MOF candidates for general materials discovery,51,GraphSAGE only,2,4,qmof-e566fbb,qmof-a1a5849,0.0,,previous final-masked protocol distance
balanced stable MOF candidates for general materials discovery,51,GraphSAGE only,2,5,qmof-e566fbb,qmof-ac6a77a,0.0,,previous final-masked protocol distance
balanced stable MOF candidates for general materials discovery,51,GraphSAGE only,3,4,qmof-235f291,qmof-a1a5849,0.0,,previous final-masked protocol distance
balanced stable MOF candidates for general materials discovery,51,GraphSAGE only,3,5,qmof-235f291,qmof-ac6a77a,0.0,,previous final-masked protocol distance
balanced stable MOF candidates for general materials discovery,51,GraphSAGE only,4,5,qmof-a1a5849,qmof-ac6a77a,0.0,,previous final-masked protocol distance
balanced stable MOF candidates for general materials discovery,51,LEA,1,2,qmof-c0f392b,qmof-235f291,0.0,,previous final-masked protocol distance
balanced stable MOF candidates for general materials discovery,51,LEA,1,3,qmof-c0f392b,qmof-cef46c3,0.0,,previous final-masked protocol distance
balanced stable MOF candidates for general materials discovery,51,LEA,1,4,qmof-c0f392b,qmof-e566fbb,0.0,,previous final-masked protocol distance
balanced stable MOF candidates for general materials discovery,51,LEA,1,5,qmof-c0f392b,qmof-ac6a77a,0.0,,previous final-masked protocol distance
balanced stable MOF candidates for general materials discovery,51,LEA,2,3,qmof-235f291,qmof-cef46c3,0.0,,previous final-masked protocol distance
balanced stable MOF candidates for general materials discovery,51,LEA,2,4,qmof-235f291,qmof-e566fbb,0.0,,previous final-masked protocol distance
balanced stable MOF candidates for general materials discovery,51,LEA,2,5,qmof-235f291,qmof-ac6a77a,0.0,,previous final-masked protocol distance
balanced stable MOF candidates for general materials discovery,51,LEA,3,4,qmof-cef46c3,qmof-e566fbb,0.0,,previous final-masked protocol distance
balanced stable MOF candidates for general materials discovery,51,LEA,3,5,qmof-cef46c3,qmof-ac6a77a,0.0,,previous final-masked protocol distance
balanced stable MOF candidates for general materials discovery,51,LEA,4,5,qmof-e566fbb,qmof-ac6a77a,0.0,,previous final-masked protocol distance
balanced stable MOF candidates for general materials discovery,51,LEA no diversity,1,2,qmof-c0f392b,qmof-235f291,0.0,,previous final-masked protocol distance
balanced stable MOF candidates for general materials discovery,51,LEA no diversity,1,3,qmof-c0f392b,qmof-cef46c3,0.0,,previous final-masked protocol distance
balanced stable MOF candidates for general materials discovery,51,LEA no diversity,1,4,qmof-c0f392b,qmof-e566fbb,0.0,,previous final-masked protocol distance
balanced stable MOF candidates for general materials discovery,51,LEA no diversity,1,5,qmof-c0f392b,qmof-ac6a77a,0.0,,previous final-masked protocol distance
balanced stable MOF candidates for general materials discovery,51,LEA no diversity,2,3,qmof-235f291,qmof-cef46c3,0.0,,previous final-masked protocol distance
balanced stable MOF candidates for general materials discovery,51,LEA no diversity,2,4,qmof-235f291,qmof-e566fbb,0.0,,previous final-masked protocol distance
balanced stable MOF candidates for general materials discovery,51,LEA no diversity,2,5,qmof-235f291,qmof-ac6a77a,0.0,,previous final-masked protocol distance
balanced stable MOF candidates for general materials discovery,51,LEA no diversity,3,4,qmof-cef46c3,qmof-e566fbb,0.0,,previous final-masked protocol distance
balanced stable MOF candidates for general materials discovery,51,LEA no diversity,3,5,qmof-cef46c3,qmof-ac6a77a,0.0,,previous final-masked protocol distance
balanced stable MOF candidates for general materials discovery,51,LEA no diversity,4,5,qmof-e566fbb,qmof-ac6a77a,0.0,,previous final-masked protocol distance
balanced stable MOF candidates for general materials discovery,51,LEA no self-cleaning,1,2,qmof-c0f392b,qmof-235f291,0.0,,previous final-masked protocol distance
balanced stable MOF candidates for general materials discovery,51,LEA no self-cleaning,1,3,qmof-c0f392b,qmof-cef46c3,0.0,,previous final-masked protocol distance
balanced stable MOF candidates for general materials discovery,51,LEA no self-cleaning,1,4,qmof-c0f392b,qmof-e566fbb,0.0,,previous final-masked protocol distance
balanced stable MOF candidates for general materials discovery,51,LEA no self-cleaning,1,5,qmof-c0f392b,qmof-ac6a77a,0.0,,previous final-masked protocol distance
balanced stable MOF candidates for general materials discovery,51,LEA no self-cleaning,2,3,qmof-235f291,qmof-cef46c3,0.0,,previous final-masked protocol distance
balanced stable MOF candidates for general materials discovery,51,LEA no self-cleaning,2,4,qmof-235f291,qmof-e566fbb,0.0,,previous final-masked protocol distance
balanced stable MOF candidates for general materials discovery,51,LEA no self-cleaning,2,5,qmof-235f291,qmof-ac6a77a,0.0,,previous final-masked protocol distance
balanced stable MOF candidates for general materials discovery,51,LEA no self-cleaning,3,4,qmof-cef46c3,qmof-e566fbb,0.0,,previous final-masked protocol distance
balanced stable MOF candidates for general materials discovery,51,LEA no self-cleaning,3,5,qmof-cef46c3,qmof-ac6a77a,0.0,,previous final-masked protocol distance
balanced stable MOF candidates for general materials discovery,51,LEA no self-cleaning,4,5,qmof-e566fbb,qmof-ac6a77a,0.0,,previous final-masked protocol distance
balanced stable MOF candidates for general materials discovery,51,LEA + GAT,1,2,qmof-13a76dd,qmof-235f291,0.0,,previous final-masked protocol distance
balanced stable MOF candidates for general materials discovery,51,LEA + GAT,1,3,qmof-13a76dd,qmof-e566fbb,0.0,,previous final-masked protocol distance
balanced stable MOF candidates for general materials discovery,51,LEA + GAT,1,4,qmof-13a76dd,qmof-cef46c3,0.0,,previous final-masked protocol distance
balanced stable MOF candidates for general materials discovery,51,LEA + GAT,1,5,qmof-13a76dd,qmof-a1a5849,0.0,,previous final-masked protocol distance
balanced stable MOF candidates for general materials discovery,51,LEA + GAT,2,3,qmof-235f291,qmof-e566fbb,0.0,,previous final-masked protocol distance
balanced stable MOF candidates for general materials discovery,51,LEA + GAT,2,4,qmof-235f291,qmof-cef46c3,0.0,,previous final-masked protocol distance
balanced stable MOF candidates for general materials discovery,51,LEA + GAT,2,5,qmof-235f291,qmof-a1a5849,0.0,,previous final-masked protocol distance
balanced stable MOF candidates for general materials discovery,51,LEA + GAT,3,4,qmof-e566fbb,qmof-cef46c3,0.0,,previous final-masked protocol distance
balanced stable MOF candidates for general materials discovery,51,LEA + GAT,3,5,qmof-e566fbb,qmof-a1a5849,0.0,,previous final-masked protocol distance
balanced stable MOF candidates for general materials discovery,51,LEA + GAT,4,5,qmof-cef46c3,qmof-a1a5849,0.0,,previous final-masked protocol distance
balanced stable MOF candidates for general materials discovery,51,LEA + GraphSAGE,1,2,qmof-13a76dd,qmof-e566fbb,0.0,,previous final-masked protocol distance
balanced stable MOF candidates for general materials discovery,51,LEA + GraphSAGE,1,3,qmof-13a76dd,qmof-235f291,0.0,,previous final-masked protocol distance
balanced stable MOF candidates for general materials discovery,51,LEA + GraphSAGE,1,4,qmof-13a76dd,qmof-a1a5849,0.0,,previous final-masked protocol distance
balanced stable MOF candidates for general materials discovery,51,LEA + GraphSAGE,1,5,qmof-13a76dd,qmof-ac6a77a,0.0,,previous final-masked protocol distance
balanced stable MOF candidates for general materials discovery,51,LEA + GraphSAGE,2,3,qmof-e566fbb,qmof-235f291,0.0,,previous final-masked protocol distance
balanced stable MOF candidates for general materials discovery,51,LEA + GraphSAGE,2,4,qmof-e566fbb,qmof-a1a5849,0.0,,previous final-masked protocol distance
balanced stable MOF candidates for general materials discovery,51,LEA + GraphSAGE,2,5,qmof-e566fbb,qmof-ac6a77a,0.0,,previous final-masked protocol distance
balanced stable MOF candidates for general materials discovery,51,LEA + GraphSAGE,3,4,qmof-235f291,qmof-a1a5849,0.0,,previous final-masked protocol distance
balanced stable MOF candidates for general materials discovery,51,LEA + GraphSAGE,3,5,qmof-235f291,qmof-ac6a77a,0.0,,previous final-masked protocol distance
balanced stable MOF candidates for general materials discovery,51,LEA + GraphSAGE,4,5,qmof-a1a5849,qmof-ac6a77a,0.0,,previous final-masked protocol distance
balanced stable MOF candidates for general materials discovery,51,MMR,1,2,qmof-a1a5849,qmof-175a5d9,0.25,,previous final-masked protocol distance
balanced stable MOF candidates for general materials discovery,51,MMR,1,3,qmof-a1a5849,qmof-13a76dd,0.0,,previous final-masked protocol distance
balanced stable MOF candidates for general materials discovery,51,MMR,1,4,qmof-a1a5849,qmof-ac6a77a,0.0,,previous final-masked protocol distance
balanced stable MOF candidates for general materials discovery,51,MMR,1,5,qmof-a1a5849,qmof-e566fbb,0.0,,previous final-masked protocol distance
balanced stable MOF candidates for general materials discovery,51,MMR,2,3,qmof-175a5d9,qmof-13a76dd,0.25,,previous final-masked protocol distance
balanced stable MOF candidates for general materials discovery,51,MMR,2,4,qmof-175a5d9,qmof-ac6a77a,0.25,,previous final-masked protocol distance
balanced stable MOF candidates for general materials discovery,51,MMR,2,5,qmof-175a5d9,qmof-e566fbb,0.25,,previous final-masked protocol distance
balanced stable MOF candidates for general materials discovery,51,MMR,3,4,qmof-13a76dd,qmof-ac6a77a,0.0,,previous final-masked protocol distance
balanced stable MOF candidates for general materials discovery,51,MMR,3,5,qmof-13a76dd,qmof-e566fbb,0.0,,previous final-masked protocol distance
balanced stable MOF candidates for general materials discovery,51,MMR,4,5,qmof-ac6a77a,qmof-e566fbb,0.0,,previous final-masked protocol distance
balanced stable MOF candidates for general materials discovery,51,ParetoCrowding,1,2,qmof-e566fbb,qmof-cef46c3,0.0,,previous final-masked protocol distance
balanced stable MOF candidates for general materials discovery,51,ParetoCrowding,1,3,qmof-e566fbb,qmof-c0f392b,0.0,,previous final-masked protocol distance
balanced stable MOF candidates for general materials discovery,51,ParetoCrowding,1,4,qmof-e566fbb,qmof-ac6a77a,0.0,,previous final-masked protocol distance
balanced stable MOF candidates for general materials discovery,51,ParetoCrowding,1,5,qmof-e566fbb,qmof-a1a5849,0.0,,previous final-masked protocol distance
balanced stable MOF candidates for general materials discovery,51,ParetoCrowding,2,3,qmof-cef46c3,qmof-c0f392b,0.0,,previous final-masked protocol distance
balanced stable MOF candidates for general materials discovery,51,ParetoCrowding,2,4,qmof-cef46c3,qmof-ac6a77a,0.0,,previous final-masked protocol distance
balanced stable MOF candidates for general materials discovery,51,ParetoCrowding,2,5,qmof-cef46c3,qmof-a1a5849,0.0,,previous final-masked protocol distance
balanced stable MOF candidates for general materials discovery,51,ParetoCrowding,3,4,qmof-c0f392b,qmof-ac6a77a,0.0,,previous final-masked protocol distance
balanced stable MOF candidates for general materials discovery,51,ParetoCrowding,3,5,qmof-c0f392b,qmof-a1a5849,0.0,,previous final-masked protocol distance
balanced stable MOF candidates for general materials discovery,51,ParetoCrowding,4,5,qmof-ac6a77a,qmof-a1a5849,0.0,,previous final-masked protocol distance
balanced stable MOF candidates for general materials discovery,51,Random,1,2,qmof-bdc19f7,qmof-ac6a77a,0.21213203435596428,,previous final-masked protocol distance
balanced stable MOF candidates for general materials discovery,51,Random,1,3,qmof-bdc19f7,qmof-8707b97,0.0,,previous final-masked protocol distance
balanced stable MOF candidates for general materials discovery,51,Random,1,4,qmof-bdc19f7,qmof-3d5b416,0.0,,previous final-masked protocol distance
balanced stable MOF candidates for general materials discovery,51,Random,1,5,qmof-bdc19f7,qmof-8f318ef,0.0,,previous final-masked protocol distance
balanced stable MOF candidates for general materials discovery,51,Random,2,3,qmof-ac6a77a,qmof-8707b97,0.21213203435596428,,previous final-masked protocol distance
balanced stable MOF candidates for general materials discovery,51,Random,2,4,qmof-ac6a77a,qmof-3d5b416,0.21213203435596428,,previous final-masked protocol distance
balanced stable MOF candidates for general materials discovery,51,Random,2,5,qmof-ac6a77a,qmof-8f318ef,0.21213203435596428,,previous final-masked protocol distance
balanced stable MOF candidates for general materials discovery,51,Random,3,4,qmof-8707b97,qmof-3d5b416,0.0,,previous final-masked protocol distance
balanced stable MOF candidates for general materials discovery,51,Random,3,5,qmof-8707b97,qmof-8f318ef,0.0,,previous final-masked protocol distance
balanced stable MOF candidates for general materials discovery,51,Random,4,5,qmof-3d5b416,qmof-8f318ef,0.0,,previous final-masked protocol distance
balanced stable MOF candidates for general materials discovery,51,SemanticOnly,1,2,qmof-e566fbb,qmof-e411eea,0.21213203435596428,,previous final-masked protocol distance
balanced stable MOF candidates for general materials discovery,51,SemanticOnly,1,3,qmof-e566fbb,qmof-e3dcc4d,0.25,,previous final-masked protocol distance
balanced stable MOF candidates for general materials discovery,51,SemanticOnly,1,4,qmof-e566fbb,qmof-e2ab328,0.21213203435596428,,previous final-masked protocol distance
balanced stable MOF candidates for general materials discovery,51,SemanticOnly,1,5,qmof-e566fbb,qmof-e203bf0,0.21213203435596428,,previous final-masked protocol distance
balanced stable MOF candidates for general materials discovery,51,SemanticOnly,2,3,qmof-e411eea,qmof-e3dcc4d,0.32787192621510003,,previous final-masked protocol distance
balanced stable MOF candidates for general materials discovery,51,SemanticOnly,2,4,qmof-e411eea,qmof-e2ab328,0.0,,previous final-masked protocol distance
balanced stable MOF candidates for general materials discovery,51,SemanticOnly,2,5,qmof-e411eea,qmof-e203bf0,0.0,,previous final-masked protocol distance
balanced stable MOF candidates for general materials discovery,51,SemanticOnly,3,4,qmof-e3dcc4d,qmof-e2ab328,0.32787192621510003,,previous final-masked protocol distance
balanced stable MOF candidates for general materials discovery,51,SemanticOnly,3,5,qmof-e3dcc4d,qmof-e203bf0,0.32787192621510003,,previous final-masked protocol distance
balanced stable MOF candidates for general materials discovery,51,SemanticOnly,4,5,qmof-e2ab328,qmof-e203bf0,0.0,,previous final-masked protocol distance
balanced stable MOF candidates for general materials discovery,51,TOPSIS,1,2,qmof-e566fbb,qmof-cef46c3,0.0,,previous final-masked protocol distance
balanced stable MOF candidates for general materials discovery,51,TOPSIS,1,3,qmof-e566fbb,qmof-c0f392b,0.0,,previous final-masked protocol distance
balanced stable MOF candidates for general materials discovery,51,TOPSIS,1,4,qmof-e566fbb,qmof-ac6a77a,0.0,,previous final-masked protocol distance
balanced stable MOF candidates for general materials discovery,51,TOPSIS,1,5,qmof-e566fbb,qmof-a1a5849,0.0,,previous final-masked protocol distance
balanced stable MOF candidates for general materials discovery,51,TOPSIS,2,3,qmof-cef46c3,qmof-c0f392b,0.0,,previous final-masked protocol distance
balanced stable MOF candidates for general materials discovery,51,TOPSIS,2,4,qmof-cef46c3,qmof-ac6a77a,0.0,,previous final-masked protocol distance
balanced stable MOF candidates for general materials discovery,51,TOPSIS,2,5,qmof-cef46c3,qmof-a1a5849,0.0,,previous final-masked protocol distance
balanced stable MOF candidates for general materials discovery,51,TOPSIS,3,4,qmof-c0f392b,qmof-ac6a77a,0.0,,previous final-masked protocol distance
balanced stable MOF candidates for general materials discovery,51,TOPSIS,3,5,qmof-c0f392b,qmof-a1a5849,0.0,,previous final-masked protocol distance
balanced stable MOF candidates for general materials discovery,51,TOPSIS,4,5,qmof-ac6a77a,qmof-a1a5849,0.0,,previous final-masked protocol distance
balanced stable MOF candidates for general materials discovery,51,WeightedSum,1,2,qmof-e566fbb,qmof-cef46c3,0.0,,previous final-masked protocol distance
balanced stable MOF candidates for general materials discovery,51,WeightedSum,1,3,qmof-e566fbb,qmof-c0f392b,0.0,,previous final-masked protocol distance
balanced stable MOF candidates for general materials discovery,51,WeightedSum,1,4,qmof-e566fbb,qmof-ac6a77a,0.0,,previous final-masked protocol distance
balanced stable MOF candidates for general materials discovery,51,WeightedSum,1,5,qmof-e566fbb,qmof-a1a5849,0.0,,previous final-masked protocol distance
balanced stable MOF candidates for general materials discovery,51,WeightedSum,2,3,qmof-cef46c3,qmof-c0f392b,0.0,,previous final-masked protocol distance
balanced stable MOF candidates for general materials discovery,51,WeightedSum,2,4,qmof-cef46c3,qmof-ac6a77a,0.0,,previous final-masked protocol distance
balanced stable MOF candidates for general materials discovery,51,WeightedSum,2,5,qmof-cef46c3,qmof-a1a5849,0.0,,previous final-masked protocol distance
balanced stable MOF candidates for general materials discovery,51,WeightedSum,3,4,qmof-c0f392b,qmof-ac6a77a,0.0,,previous final-masked protocol distance
balanced stable MOF candidates for general materials discovery,51,WeightedSum,3,5,qmof-c0f392b,qmof-a1a5849,0.0,,previous final-masked protocol distance
balanced stable MOF candidates for general materials discovery,51,WeightedSum,4,5,qmof-ac6a77a,qmof-a1a5849,0.0,,previous final-masked protocol distance
wide band gap insulating MOFs with low density,42,GAT only,1,2,qmof-a2d95c3,qmof-175a5d9,0.0,,previous final-masked protocol distance
wide band gap insulating MOFs with low density,42,GAT only,1,3,qmof-a2d95c3,qmof-017128d,0.0,,previous final-masked protocol distance
wide band gap insulating MOFs with low density,42,GAT only,1,4,qmof-a2d95c3,qmof-e3dcc4d,0.0,,previous final-masked protocol distance
wide band gap insulating MOFs with low density,42,GAT only,1,5,qmof-a2d95c3,qmof-4050181,0.0,,previous final-masked protocol distance
wide band gap insulating MOFs with low density,42,GAT only,2,3,qmof-175a5d9,qmof-017128d,0.0,,previous final-masked protocol distance
wide band gap insulating MOFs with low density,42,GAT only,2,4,qmof-175a5d9,qmof-e3dcc4d,0.0,,previous final-masked protocol distance
wide band gap insulating MOFs with low density,42,GAT only,2,5,qmof-175a5d9,qmof-4050181,0.0,,previous final-masked protocol distance
wide band gap insulating MOFs with low density,42,GAT only,3,4,qmof-017128d,qmof-e3dcc4d,0.0,,previous final-masked protocol distance
wide band gap insulating MOFs with low density,42,GAT only,3,5,qmof-017128d,qmof-4050181,0.0,,previous final-masked protocol distance
wide band gap insulating MOFs with low density,42,GAT only,4,5,qmof-e3dcc4d,qmof-4050181,0.0,,previous final-masked protocol distance
wide band gap insulating MOFs with low density,42,GraphSAGE only,1,2,qmof-175a5d9,qmof-a2d95c3,0.0,,previous final-masked protocol distance
wide band gap insulating MOFs with low density,42,GraphSAGE only,1,3,qmof-175a5d9,qmof-8deddd1,0.0,,previous final-masked protocol distance
wide band gap insulating MOFs with low density,42,GraphSAGE only,1,4,qmof-175a5d9,qmof-b1cbe7a,0.0,,previous final-masked protocol distance
wide band gap insulating MOFs with low density,42,GraphSAGE only,1,5,qmof-175a5d9,qmof-4050181,0.0,,previous final-masked protocol distance
wide band gap insulating MOFs with low density,42,GraphSAGE only,2,3,qmof-a2d95c3,qmof-8deddd1,0.0,,previous final-masked protocol distance
wide band gap insulating MOFs with low density,42,GraphSAGE only,2,4,qmof-a2d95c3,qmof-b1cbe7a,0.0,,previous final-masked protocol distance
wide band gap insulating MOFs with low density,42,GraphSAGE only,2,5,qmof-a2d95c3,qmof-4050181,0.0,,previous final-masked protocol distance
wide band gap insulating MOFs with low density,42,GraphSAGE only,3,4,qmof-8deddd1,qmof-b1cbe7a,0.0,,previous final-masked protocol distance
wide band gap insulating MOFs with low density,42,GraphSAGE only,3,5,qmof-8deddd1,qmof-4050181,0.0,,previous final-masked protocol distance
wide band gap insulating MOFs with low density,42,GraphSAGE only,4,5,qmof-b1cbe7a,qmof-4050181,0.0,,previous final-masked protocol distance
wide band gap insulating MOFs with low density,42,LEA,1,2,qmof-e3dcc4d,qmof-b1cbe7a,0.0,,previous final-masked protocol distance
wide band gap insulating MOFs with low density,42,LEA,1,3,qmof-e3dcc4d,qmof-4f9c014,0.0,,previous final-masked protocol distance
wide band gap insulating MOFs with low density,42,LEA,1,4,qmof-e3dcc4d,qmof-017128d,0.0,,previous final-masked protocol distance
wide band gap insulating MOFs with low density,42,LEA,1,5,qmof-e3dcc4d,qmof-8deddd1,0.0,,previous final-masked protocol distance
wide band gap insulating MOFs with low density,42,LEA,2,3,qmof-b1cbe7a,qmof-4f9c014,0.0,,previous final-masked protocol distance
wide band gap insulating MOFs with low density,42,LEA,2,4,qmof-b1cbe7a,qmof-017128d,0.0,,previous final-masked protocol distance
wide band gap insulating MOFs with low density,42,LEA,2,5,qmof-b1cbe7a,qmof-8deddd1,0.0,,previous final-masked protocol distance
wide band gap insulating MOFs with low density,42,LEA,3,4,qmof-4f9c014,qmof-017128d,0.0,,previous final-masked protocol distance
wide band gap insulating MOFs with low density,42,LEA,3,5,qmof-4f9c014,qmof-8deddd1,0.0,,previous final-masked protocol distance
wide band gap insulating MOFs with low density,42,LEA,4,5,qmof-017128d,qmof-8deddd1,0.0,,previous final-masked protocol distance
wide band gap insulating MOFs with low density,42,LEA no diversity,1,2,qmof-e3dcc4d,qmof-b1cbe7a,0.0,,previous final-masked protocol distance
wide band gap insulating MOFs with low density,42,LEA no diversity,1,3,qmof-e3dcc4d,qmof-4f9c014,0.0,,previous final-masked protocol distance
wide band gap insulating MOFs with low density,42,LEA no diversity,1,4,qmof-e3dcc4d,qmof-017128d,0.0,,previous final-masked protocol distance
wide band gap insulating MOFs with low density,42,LEA no diversity,1,5,qmof-e3dcc4d,qmof-8deddd1,0.0,,previous final-masked protocol distance
wide band gap insulating MOFs with low density,42,LEA no diversity,2,3,qmof-b1cbe7a,qmof-4f9c014,0.0,,previous final-masked protocol distance
wide band gap insulating MOFs with low density,42,LEA no diversity,2,4,qmof-b1cbe7a,qmof-017128d,0.0,,previous final-masked protocol distance
wide band gap insulating MOFs with low density,42,LEA no diversity,2,5,qmof-b1cbe7a,qmof-8deddd1,0.0,,previous final-masked protocol distance
wide band gap insulating MOFs with low density,42,LEA no diversity,3,4,qmof-4f9c014,qmof-017128d,0.0,,previous final-masked protocol distance
wide band gap insulating MOFs with low density,42,LEA no diversity,3,5,qmof-4f9c014,qmof-8deddd1,0.0,,previous final-masked protocol distance
wide band gap insulating MOFs with low density,42,LEA no diversity,4,5,qmof-017128d,qmof-8deddd1,0.0,,previous final-masked protocol distance
wide band gap insulating MOFs with low density,42,LEA no self-cleaning,1,2,qmof-e3dcc4d,qmof-b1cbe7a,0.0,,previous final-masked protocol distance
wide band gap insulating MOFs with low density,42,LEA no self-cleaning,1,3,qmof-e3dcc4d,qmof-4f9c014,0.0,,previous final-masked protocol distance
wide band gap insulating MOFs with low density,42,LEA no self-cleaning,1,4,qmof-e3dcc4d,qmof-017128d,0.0,,previous final-masked protocol distance
wide band gap insulating MOFs with low density,42,LEA no self-cleaning,1,5,qmof-e3dcc4d,qmof-8deddd1,0.0,,previous final-masked protocol distance
wide band gap insulating MOFs with low density,42,LEA no self-cleaning,2,3,qmof-b1cbe7a,qmof-4f9c014,0.0,,previous final-masked protocol distance
wide band gap insulating MOFs with low density,42,LEA no self-cleaning,2,4,qmof-b1cbe7a,qmof-017128d,0.0,,previous final-masked protocol distance
wide band gap insulating MOFs with low density,42,LEA no self-cleaning,2,5,qmof-b1cbe7a,qmof-8deddd1,0.0,,previous final-masked protocol distance
wide band gap insulating MOFs with low density,42,LEA no self-cleaning,3,4,qmof-4f9c014,qmof-017128d,0.0,,previous final-masked protocol distance
wide band gap insulating MOFs with low density,42,LEA no self-cleaning,3,5,qmof-4f9c014,qmof-8deddd1,0.0,,previous final-masked protocol distance
wide band gap insulating MOFs with low density,42,LEA no self-cleaning,4,5,qmof-017128d,qmof-8deddd1,0.0,,previous final-masked protocol distance
wide band gap insulating MOFs with low density,42,LEA + GAT,1,2,qmof-a2d95c3,qmof-175a5d9,0.0,,previous final-masked protocol distance
wide band gap insulating MOFs with low density,42,LEA + GAT,1,3,qmof-a2d95c3,qmof-017128d,0.0,,previous final-masked protocol distance
wide band gap insulating MOFs with low density,42,LEA + GAT,1,4,qmof-a2d95c3,qmof-e3dcc4d,0.0,,previous final-masked protocol distance
wide band gap insulating MOFs with low density,42,LEA + GAT,1,5,qmof-a2d95c3,qmof-4050181,0.0,,previous final-masked protocol distance
wide band gap insulating MOFs with low density,42,LEA + GAT,2,3,qmof-175a5d9,qmof-017128d,0.0,,previous final-masked protocol distance
wide band gap insulating MOFs with low density,42,LEA + GAT,2,4,qmof-175a5d9,qmof-e3dcc4d,0.0,,previous final-masked protocol distance
wide band gap insulating MOFs with low density,42,LEA + GAT,2,5,qmof-175a5d9,qmof-4050181,0.0,,previous final-masked protocol distance
wide band gap insulating MOFs with low density,42,LEA + GAT,3,4,qmof-017128d,qmof-e3dcc4d,0.0,,previous final-masked protocol distance
wide band gap insulating MOFs with low density,42,LEA + GAT,3,5,qmof-017128d,qmof-4050181,0.0,,previous final-masked protocol distance
wide band gap insulating MOFs with low density,42,LEA + GAT,4,5,qmof-e3dcc4d,qmof-4050181,0.0,,previous final-masked protocol distance
wide band gap insulating MOFs with low density,42,LEA + GraphSAGE,1,2,qmof-175a5d9,qmof-a2d95c3,0.0,,previous final-masked protocol distance
wide band gap insulating MOFs with low density,42,LEA + GraphSAGE,1,3,qmof-175a5d9,qmof-8deddd1,0.0,,previous final-masked protocol distance
wide band gap insulating MOFs with low density,42,LEA + GraphSAGE,1,4,qmof-175a5d9,qmof-b1cbe7a,0.0,,previous final-masked protocol distance
wide band gap insulating MOFs with low density,42,LEA + GraphSAGE,1,5,qmof-175a5d9,qmof-4050181,0.0,,previous final-masked protocol distance
wide band gap insulating MOFs with low density,42,LEA + GraphSAGE,2,3,qmof-a2d95c3,qmof-8deddd1,0.0,,previous final-masked protocol distance
wide band gap insulating MOFs with low density,42,LEA + GraphSAGE,2,4,qmof-a2d95c3,qmof-b1cbe7a,0.0,,previous final-masked protocol distance
wide band gap insulating MOFs with low density,42,LEA + GraphSAGE,2,5,qmof-a2d95c3,qmof-4050181,0.0,,previous final-masked protocol distance
wide band gap insulating MOFs with low density,42,LEA + GraphSAGE,3,4,qmof-8deddd1,qmof-b1cbe7a,0.0,,previous final-masked protocol distance
wide band gap insulating MOFs with low density,42,LEA + GraphSAGE,3,5,qmof-8deddd1,qmof-4050181,0.0,,previous final-masked protocol distance
wide band gap insulating MOFs with low density,42,LEA + GraphSAGE,4,5,qmof-b1cbe7a,qmof-4050181,0.0,,previous final-masked protocol distance
wide band gap insulating MOFs with low density,42,MMR,1,2,qmof-4050181,qmof-c82daac,0.0,,previous final-masked protocol distance
wide band gap insulating MOFs with low density,42,MMR,1,3,qmof-4050181,qmof-3133aaf,0.0,,previous final-masked protocol distance
wide band gap insulating MOFs with low density,42,MMR,1,4,qmof-4050181,qmof-175a5d9,0.0,,previous final-masked protocol distance
wide band gap insulating MOFs with low density,42,MMR,1,5,qmof-4050181,qmof-19d3c65,0.0,,previous final-masked protocol distance
wide band gap insulating MOFs with low density,42,MMR,2,3,qmof-c82daac,qmof-3133aaf,0.0,,previous final-masked protocol distance
wide band gap insulating MOFs with low density,42,MMR,2,4,qmof-c82daac,qmof-175a5d9,0.0,,previous final-masked protocol distance
wide band gap insulating MOFs with low density,42,MMR,2,5,qmof-c82daac,qmof-19d3c65,0.0,,previous final-masked protocol distance
wide band gap insulating MOFs with low density,42,MMR,3,4,qmof-3133aaf,qmof-175a5d9,0.0,,previous final-masked protocol distance
wide band gap insulating MOFs with low density,42,MMR,3,5,qmof-3133aaf,qmof-19d3c65,0.0,,previous final-masked protocol distance
wide band gap insulating MOFs with low density,42,MMR,4,5,qmof-175a5d9,qmof-19d3c65,0.0,,previous final-masked protocol distance
wide band gap insulating MOFs with low density,42,ParetoCrowding,1,2,qmof-e3dcc4d,qmof-c82daac,0.0,,previous final-masked protocol distance
wide band gap insulating MOFs with low density,42,ParetoCrowding,1,3,qmof-e3dcc4d,qmof-b1cbe7a,0.0,,previous final-masked protocol distance
wide band gap insulating MOFs with low density,42,ParetoCrowding,1,4,qmof-e3dcc4d,qmof-a2d95c3,0.0,,previous final-masked protocol distance
wide band gap insulating MOFs with low density,42,ParetoCrowding,1,5,qmof-e3dcc4d,qmof-8deddd1,0.0,,previous final-masked protocol distance
wide band gap insulating MOFs with low density,42,ParetoCrowding,2,3,qmof-c82daac,qmof-b1cbe7a,0.0,,previous final-masked protocol distance
wide band gap insulating MOFs with low density,42,ParetoCrowding,2,4,qmof-c82daac,qmof-a2d95c3,0.0,,previous final-masked protocol distance
wide band gap insulating MOFs with low density,42,ParetoCrowding,2,5,qmof-c82daac,qmof-8deddd1,0.0,,previous final-masked protocol distance
wide band gap insulating MOFs with low density,42,ParetoCrowding,3,4,qmof-b1cbe7a,qmof-a2d95c3,0.0,,previous final-masked protocol distance
wide band gap insulating MOFs with low density,42,ParetoCrowding,3,5,qmof-b1cbe7a,qmof-8deddd1,0.0,,previous final-masked protocol distance
wide band gap insulating MOFs with low density,42,ParetoCrowding,4,5,qmof-a2d95c3,qmof-8deddd1,0.0,,previous final-masked protocol distance
wide band gap insulating MOFs with low density,42,Random,1,2,qmof-730d513,qmof-f5f710d,0.0,,previous final-masked protocol distance
wide band gap insulating MOFs with low density,42,Random,1,3,qmof-730d513,qmof-0338cb2,0.0,,previous final-masked protocol distance
wide band gap insulating MOFs with low density,42,Random,1,4,qmof-730d513,qmof-4f9c014,0.21213203435596428,,previous final-masked protocol distance
wide band gap insulating MOFs with low density,42,Random,1,5,qmof-730d513,qmof-f50d129,0.0,,previous final-masked protocol distance
wide band gap insulating MOFs with low density,42,Random,2,3,qmof-f5f710d,qmof-0338cb2,0.0,,previous final-masked protocol distance
wide band gap insulating MOFs with low density,42,Random,2,4,qmof-f5f710d,qmof-4f9c014,0.21213203435596428,,previous final-masked protocol distance
wide band gap insulating MOFs with low density,42,Random,2,5,qmof-f5f710d,qmof-f50d129,0.0,,previous final-masked protocol distance
wide band gap insulating MOFs with low density,42,Random,3,4,qmof-0338cb2,qmof-4f9c014,0.21213203435596428,,previous final-masked protocol distance
wide band gap insulating MOFs with low density,42,Random,3,5,qmof-0338cb2,qmof-f50d129,0.0,,previous final-masked protocol distance
wide band gap insulating MOFs with low density,42,Random,4,5,qmof-4f9c014,qmof-f50d129,0.21213203435596428,,previous final-masked protocol distance
wide band gap insulating MOFs with low density,42,SemanticOnly,1,2,qmof-fd27ae2,qmof-fccf4ef,0.0,,previous final-masked protocol distance
wide band gap insulating MOFs with low density,42,SemanticOnly,1,3,qmof-fd27ae2,qmof-f5f710d,0.0,,previous final-masked protocol distance
wide band gap insulating MOFs with low density,42,SemanticOnly,1,4,qmof-fd27ae2,qmof-f50d129,0.0,,previous final-masked protocol distance
wide band gap insulating MOFs with low density,42,SemanticOnly,1,5,qmof-fd27ae2,qmof-f4f5664,0.0,,previous final-masked protocol distance
wide band gap insulating MOFs with low density,42,SemanticOnly,2,3,qmof-fccf4ef,qmof-f5f710d,0.0,,previous final-masked protocol distance
wide band gap insulating MOFs with low density,42,SemanticOnly,2,4,qmof-fccf4ef,qmof-f50d129,0.0,,previous final-masked protocol distance
wide band gap insulating MOFs with low density,42,SemanticOnly,2,5,qmof-fccf4ef,qmof-f4f5664,0.0,,previous final-masked protocol distance
wide band gap insulating MOFs with low density,42,SemanticOnly,3,4,qmof-f5f710d,qmof-f50d129,0.0,,previous final-masked protocol distance
wide band gap insulating MOFs with low density,42,SemanticOnly,3,5,qmof-f5f710d,qmof-f4f5664,0.0,,previous final-masked protocol distance
wide band gap insulating MOFs with low density,42,SemanticOnly,4,5,qmof-f50d129,qmof-f4f5664,0.0,,previous final-masked protocol distance
wide band gap insulating MOFs with low density,42,TOPSIS,1,2,qmof-e3dcc4d,qmof-c82daac,0.0,,previous final-masked protocol distance
wide band gap insulating MOFs with low density,42,TOPSIS,1,3,qmof-e3dcc4d,qmof-b1cbe7a,0.0,,previous final-masked protocol distance
wide band gap insulating MOFs with low density,42,TOPSIS,1,4,qmof-e3dcc4d,qmof-a2d95c3,0.0,,previous final-masked protocol distance
wide band gap insulating MOFs with low density,42,TOPSIS,1,5,qmof-e3dcc4d,qmof-8deddd1,0.0,,previous final-masked protocol distance
wide band gap insulating MOFs with low density,42,TOPSIS,2,3,qmof-c82daac,qmof-b1cbe7a,0.0,,previous final-masked protocol distance
wide band gap insulating MOFs with low density,42,TOPSIS,2,4,qmof-c82daac,qmof-a2d95c3,0.0,,previous final-masked protocol distance
wide band gap insulating MOFs with low density,42,TOPSIS,2,5,qmof-c82daac,qmof-8deddd1,0.0,,previous final-masked protocol distance
wide band gap insulating MOFs with low density,42,TOPSIS,3,4,qmof-b1cbe7a,qmof-a2d95c3,0.0,,previous final-masked protocol distance
wide band gap insulating MOFs with low density,42,TOPSIS,3,5,qmof-b1cbe7a,qmof-8deddd1,0.0,,previous final-masked protocol distance
wide band gap insulating MOFs with low density,42,TOPSIS,4,5,qmof-a2d95c3,qmof-8deddd1,0.0,,previous final-masked protocol distance
wide band gap insulating MOFs with low density,42,WeightedSum,1,2,qmof-e3dcc4d,qmof-c82daac,0.0,,previous final-masked protocol distance
wide band gap insulating MOFs with low density,42,WeightedSum,1,3,qmof-e3dcc4d,qmof-b1cbe7a,0.0,,previous final-masked protocol distance
wide band gap insulating MOFs with low density,42,WeightedSum,1,4,qmof-e3dcc4d,qmof-a2d95c3,0.0,,previous final-masked protocol distance
wide band gap insulating MOFs with low density,42,WeightedSum,1,5,qmof-e3dcc4d,qmof-8deddd1,0.0,,previous final-masked protocol distance
wide band gap insulating MOFs with low density,42,WeightedSum,2,3,qmof-c82daac,qmof-b1cbe7a,0.0,,previous final-masked protocol distance
wide band gap insulating MOFs with low density,42,WeightedSum,2,4,qmof-c82daac,qmof-a2d95c3,0.0,,previous final-masked protocol distance
wide band gap insulating MOFs with low density,42,WeightedSum,2,5,qmof-c82daac,qmof-8deddd1,0.0,,previous final-masked protocol distance
wide band gap insulating MOFs with low density,42,WeightedSum,3,4,qmof-b1cbe7a,qmof-a2d95c3,0.0,,previous final-masked protocol distance
wide band gap insulating MOFs with low density,42,WeightedSum,3,5,qmof-b1cbe7a,qmof-8deddd1,0.0,,previous final-masked protocol distance
wide band gap insulating MOFs with low density,42,WeightedSum,4,5,qmof-a2d95c3,qmof-8deddd1,0.0,,previous final-masked protocol distance
wide band gap insulating MOFs with low density,43,GAT only,1,2,qmof-a2d95c3,qmof-175a5d9,0.0,,previous final-masked protocol distance
wide band gap insulating MOFs with low density,43,GAT only,1,3,qmof-a2d95c3,qmof-017128d,0.0,,previous final-masked protocol distance
wide band gap insulating MOFs with low density,43,GAT only,1,4,qmof-a2d95c3,qmof-e3dcc4d,0.0,,previous final-masked protocol distance
wide band gap insulating MOFs with low density,43,GAT only,1,5,qmof-a2d95c3,qmof-4050181,0.0,,previous final-masked protocol distance
wide band gap insulating MOFs with low density,43,GAT only,2,3,qmof-175a5d9,qmof-017128d,0.0,,previous final-masked protocol distance
wide band gap insulating MOFs with low density,43,GAT only,2,4,qmof-175a5d9,qmof-e3dcc4d,0.0,,previous final-masked protocol distance
wide band gap insulating MOFs with low density,43,GAT only,2,5,qmof-175a5d9,qmof-4050181,0.0,,previous final-masked protocol distance
wide band gap insulating MOFs with low density,43,GAT only,3,4,qmof-017128d,qmof-e3dcc4d,0.0,,previous final-masked protocol distance
wide band gap insulating MOFs with low density,43,GAT only,3,5,qmof-017128d,qmof-4050181,0.0,,previous final-masked protocol distance
wide band gap insulating MOFs with low density,43,GAT only,4,5,qmof-e3dcc4d,qmof-4050181,0.0,,previous final-masked protocol distance
wide band gap insulating MOFs with low density,43,GraphSAGE only,1,2,qmof-175a5d9,qmof-a2d95c3,0.0,,previous final-masked protocol distance
wide band gap insulating MOFs with low density,43,GraphSAGE only,1,3,qmof-175a5d9,qmof-8deddd1,0.0,,previous final-masked protocol distance
wide band gap insulating MOFs with low density,43,GraphSAGE only,1,4,qmof-175a5d9,qmof-b1cbe7a,0.0,,previous final-masked protocol distance
wide band gap insulating MOFs with low density,43,GraphSAGE only,1,5,qmof-175a5d9,qmof-4050181,0.0,,previous final-masked protocol distance
wide band gap insulating MOFs with low density,43,GraphSAGE only,2,3,qmof-a2d95c3,qmof-8deddd1,0.0,,previous final-masked protocol distance
wide band gap insulating MOFs with low density,43,GraphSAGE only,2,4,qmof-a2d95c3,qmof-b1cbe7a,0.0,,previous final-masked protocol distance
wide band gap insulating MOFs with low density,43,GraphSAGE only,2,5,qmof-a2d95c3,qmof-4050181,0.0,,previous final-masked protocol distance
wide band gap insulating MOFs with low density,43,GraphSAGE only,3,4,qmof-8deddd1,qmof-b1cbe7a,0.0,,previous final-masked protocol distance
wide band gap insulating MOFs with low density,43,GraphSAGE only,3,5,qmof-8deddd1,qmof-4050181,0.0,,previous final-masked protocol distance
wide band gap insulating MOFs with low density,43,GraphSAGE only,4,5,qmof-b1cbe7a,qmof-4050181,0.0,,previous final-masked protocol distance
wide band gap insulating MOFs with low density,43,LEA,1,2,qmof-b1cbe7a,qmof-3133aaf,0.0,,previous final-masked protocol distance
wide band gap insulating MOFs with low density,43,LEA,1,3,qmof-b1cbe7a,qmof-694fdb2,0.0,,previous final-masked protocol distance
wide band gap insulating MOFs with low density,43,LEA,1,4,qmof-b1cbe7a,qmof-8deddd1,0.0,,previous final-masked protocol distance
wide band gap insulating MOFs with low density,43,LEA,1,5,qmof-b1cbe7a,qmof-175a5d9,0.0,,previous final-masked protocol distance
wide band gap insulating MOFs with low density,43,LEA,2,3,qmof-3133aaf,qmof-694fdb2,0.0,,previous final-masked protocol distance
wide band gap insulating MOFs with low density,43,LEA,2,4,qmof-3133aaf,qmof-8deddd1,0.0,,previous final-masked protocol distance
wide band gap insulating MOFs with low density,43,LEA,2,5,qmof-3133aaf,qmof-175a5d9,0.0,,previous final-masked protocol distance
wide band gap insulating MOFs with low density,43,LEA,3,4,qmof-694fdb2,qmof-8deddd1,0.0,,previous final-masked protocol distance
wide band gap insulating MOFs with low density,43,LEA,3,5,qmof-694fdb2,qmof-175a5d9,0.0,,previous final-masked protocol distance
wide band gap insulating MOFs with low density,43,LEA,4,5,qmof-8deddd1,qmof-175a5d9,0.0,,previous final-masked protocol distance
wide band gap insulating MOFs with low density,43,LEA no diversity,1,2,qmof-b1cbe7a,qmof-3133aaf,0.0,,previous final-masked protocol distance
wide band gap insulating MOFs with low density,43,LEA no diversity,1,3,qmof-b1cbe7a,qmof-694fdb2,0.0,,previous final-masked protocol distance
wide band gap insulating MOFs with low density,43,LEA no diversity,1,4,qmof-b1cbe7a,qmof-8deddd1,0.0,,previous final-masked protocol distance
wide band gap insulating MOFs with low density,43,LEA no diversity,1,5,qmof-b1cbe7a,qmof-175a5d9,0.0,,previous final-masked protocol distance
wide band gap insulating MOFs with low density,43,LEA no diversity,2,3,qmof-3133aaf,qmof-694fdb2,0.0,,previous final-masked protocol distance
wide band gap insulating MOFs with low density,43,LEA no diversity,2,4,qmof-3133aaf,qmof-8deddd1,0.0,,previous final-masked protocol distance
wide band gap insulating MOFs with low density,43,LEA no diversity,2,5,qmof-3133aaf,qmof-175a5d9,0.0,,previous final-masked protocol distance
wide band gap insulating MOFs with low density,43,LEA no diversity,3,4,qmof-694fdb2,qmof-8deddd1,0.0,,previous final-masked protocol distance
wide band gap insulating MOFs with low density,43,LEA no diversity,3,5,qmof-694fdb2,qmof-175a5d9,0.0,,previous final-masked protocol distance
wide band gap insulating MOFs with low density,43,LEA no diversity,4,5,qmof-8deddd1,qmof-175a5d9,0.0,,previous final-masked protocol distance
wide band gap insulating MOFs with low density,43,LEA no self-cleaning,1,2,qmof-b1cbe7a,qmof-3133aaf,0.0,,previous final-masked protocol distance
wide band gap insulating MOFs with low density,43,LEA no self-cleaning,1,3,qmof-b1cbe7a,qmof-694fdb2,0.0,,previous final-masked protocol distance
wide band gap insulating MOFs with low density,43,LEA no self-cleaning,1,4,qmof-b1cbe7a,qmof-8deddd1,0.0,,previous final-masked protocol distance
wide band gap insulating MOFs with low density,43,LEA no self-cleaning,1,5,qmof-b1cbe7a,qmof-175a5d9,0.0,,previous final-masked protocol distance
wide band gap insulating MOFs with low density,43,LEA no self-cleaning,2,3,qmof-3133aaf,qmof-694fdb2,0.0,,previous final-masked protocol distance
wide band gap insulating MOFs with low density,43,LEA no self-cleaning,2,4,qmof-3133aaf,qmof-8deddd1,0.0,,previous final-masked protocol distance
wide band gap insulating MOFs with low density,43,LEA no self-cleaning,2,5,qmof-3133aaf,qmof-175a5d9,0.0,,previous final-masked protocol distance
wide band gap insulating MOFs with low density,43,LEA no self-cleaning,3,4,qmof-694fdb2,qmof-8deddd1,0.0,,previous final-masked protocol distance
wide band gap insulating MOFs with low density,43,LEA no self-cleaning,3,5,qmof-694fdb2,qmof-175a5d9,0.0,,previous final-masked protocol distance
wide band gap insulating MOFs with low density,43,LEA no self-cleaning,4,5,qmof-8deddd1,qmof-175a5d9,0.0,,previous final-masked protocol distance
wide band gap insulating MOFs with low density,43,LEA + GAT,1,2,qmof-a2d95c3,qmof-175a5d9,0.0,,previous final-masked protocol distance
wide band gap insulating MOFs with low density,43,LEA + GAT,1,3,qmof-a2d95c3,qmof-017128d,0.0,,previous final-masked protocol distance
wide band gap insulating MOFs with low density,43,LEA + GAT,1,4,qmof-a2d95c3,qmof-e3dcc4d,0.0,,previous final-masked protocol distance
wide band gap insulating MOFs with low density,43,LEA + GAT,1,5,qmof-a2d95c3,qmof-4050181,0.0,,previous final-masked protocol distance
wide band gap insulating MOFs with low density,43,LEA + GAT,2,3,qmof-175a5d9,qmof-017128d,0.0,,previous final-masked protocol distance
wide band gap insulating MOFs with low density,43,LEA + GAT,2,4,qmof-175a5d9,qmof-e3dcc4d,0.0,,previous final-masked protocol distance
wide band gap insulating MOFs with low density,43,LEA + GAT,2,5,qmof-175a5d9,qmof-4050181,0.0,,previous final-masked protocol distance
wide band gap insulating MOFs with low density,43,LEA + GAT,3,4,qmof-017128d,qmof-e3dcc4d,0.0,,previous final-masked protocol distance
wide band gap insulating MOFs with low density,43,LEA + GAT,3,5,qmof-017128d,qmof-4050181,0.0,,previous final-masked protocol distance
wide band gap insulating MOFs with low density,43,LEA + GAT,4,5,qmof-e3dcc4d,qmof-4050181,0.0,,previous final-masked protocol distance
wide band gap insulating MOFs with low density,43,LEA + GraphSAGE,1,2,qmof-175a5d9,qmof-a2d95c3,0.0,,previous final-masked protocol distance
wide band gap insulating MOFs with low density,43,LEA + GraphSAGE,1,3,qmof-175a5d9,qmof-8deddd1,0.0,,previous final-masked protocol distance
wide band gap insulating MOFs with low density,43,LEA + GraphSAGE,1,4,qmof-175a5d9,qmof-b1cbe7a,0.0,,previous final-masked protocol distance
wide band gap insulating MOFs with low density,43,LEA + GraphSAGE,1,5,qmof-175a5d9,qmof-4050181,0.0,,previous final-masked protocol distance
wide band gap insulating MOFs with low density,43,LEA + GraphSAGE,2,3,qmof-a2d95c3,qmof-8deddd1,0.0,,previous final-masked protocol distance
wide band gap insulating MOFs with low density,43,LEA + GraphSAGE,2,4,qmof-a2d95c3,qmof-b1cbe7a,0.0,,previous final-masked protocol distance
wide band gap insulating MOFs with low density,43,LEA + GraphSAGE,2,5,qmof-a2d95c3,qmof-4050181,0.0,,previous final-masked protocol distance
wide band gap insulating MOFs with low density,43,LEA + GraphSAGE,3,4,qmof-8deddd1,qmof-b1cbe7a,0.0,,previous final-masked protocol distance
wide band gap insulating MOFs with low density,43,LEA + GraphSAGE,3,5,qmof-8deddd1,qmof-4050181,0.0,,previous final-masked protocol distance
wide band gap insulating MOFs with low density,43,LEA + GraphSAGE,4,5,qmof-b1cbe7a,qmof-4050181,0.0,,previous final-masked protocol distance
wide band gap insulating MOFs with low density,43,MMR,1,2,qmof-19d3c65,qmof-e3dcc4d,0.0,,previous final-masked protocol distance
wide band gap insulating MOFs with low density,43,MMR,1,3,qmof-19d3c65,qmof-4050181,0.0,,previous final-masked protocol distance
wide band gap insulating MOFs with low density,43,MMR,1,4,qmof-19d3c65,qmof-017128d,0.0,,previous final-masked protocol distance
wide band gap insulating MOFs with low density,43,MMR,1,5,qmof-19d3c65,qmof-a2d95c3,0.0,,previous final-masked protocol distance
wide band gap insulating MOFs with low density,43,MMR,2,3,qmof-e3dcc4d,qmof-4050181,0.0,,previous final-masked protocol distance
wide band gap insulating MOFs with low density,43,MMR,2,4,qmof-e3dcc4d,qmof-017128d,0.0,,previous final-masked protocol distance
wide band gap insulating MOFs with low density,43,MMR,2,5,qmof-e3dcc4d,qmof-a2d95c3,0.0,,previous final-masked protocol distance
wide band gap insulating MOFs with low density,43,MMR,3,4,qmof-4050181,qmof-017128d,0.0,,previous final-masked protocol distance
wide band gap insulating MOFs with low density,43,MMR,3,5,qmof-4050181,qmof-a2d95c3,0.0,,previous final-masked protocol distance
wide band gap insulating MOFs with low density,43,MMR,4,5,qmof-017128d,qmof-a2d95c3,0.0,,previous final-masked protocol distance
wide band gap insulating MOFs with low density,43,ParetoCrowding,1,2,qmof-e3dcc4d,qmof-c82daac,0.0,,previous final-masked protocol distance
wide band gap insulating MOFs with low density,43,ParetoCrowding,1,3,qmof-e3dcc4d,qmof-b1cbe7a,0.0,,previous final-masked protocol distance
wide band gap insulating MOFs with low density,43,ParetoCrowding,1,4,qmof-e3dcc4d,qmof-a2d95c3,0.0,,previous final-masked protocol distance
wide band gap insulating MOFs with low density,43,ParetoCrowding,1,5,qmof-e3dcc4d,qmof-8deddd1,0.0,,previous final-masked protocol distance
wide band gap insulating MOFs with low density,43,ParetoCrowding,2,3,qmof-c82daac,qmof-b1cbe7a,0.0,,previous final-masked protocol distance
wide band gap insulating MOFs with low density,43,ParetoCrowding,2,4,qmof-c82daac,qmof-a2d95c3,0.0,,previous final-masked protocol distance
wide band gap insulating MOFs with low density,43,ParetoCrowding,2,5,qmof-c82daac,qmof-8deddd1,0.0,,previous final-masked protocol distance
wide band gap insulating MOFs with low density,43,ParetoCrowding,3,4,qmof-b1cbe7a,qmof-a2d95c3,0.0,,previous final-masked protocol distance
wide band gap insulating MOFs with low density,43,ParetoCrowding,3,5,qmof-b1cbe7a,qmof-8deddd1,0.0,,previous final-masked protocol distance
wide band gap insulating MOFs with low density,43,ParetoCrowding,4,5,qmof-a2d95c3,qmof-8deddd1,0.0,,previous final-masked protocol distance
wide band gap insulating MOFs with low density,43,Random,1,2,qmof-96226c0,qmof-c5e9015,0.0,,previous final-masked protocol distance
wide band gap insulating MOFs with low density,43,Random,1,3,qmof-96226c0,qmof-f771839,0.0,,previous final-masked protocol distance
wide band gap insulating MOFs with low density,43,Random,1,4,qmof-96226c0,qmof-f934fdc,0.0,,previous final-masked protocol distance
wide band gap insulating MOFs with low density,43,Random,1,5,qmof-96226c0,qmof-19d3c65,0.21213203435596428,,previous final-masked protocol distance
wide band gap insulating MOFs with low density,43,Random,2,3,qmof-c5e9015,qmof-f771839,0.0,,previous final-masked protocol distance
wide band gap insulating MOFs with low density,43,Random,2,4,qmof-c5e9015,qmof-f934fdc,0.0,,previous final-masked protocol distance
wide band gap insulating MOFs with low density,43,Random,2,5,qmof-c5e9015,qmof-19d3c65,0.21213203435596428,,previous final-masked protocol distance
wide band gap insulating MOFs with low density,43,Random,3,4,qmof-f771839,qmof-f934fdc,0.0,,previous final-masked protocol distance
wide band gap insulating MOFs with low density,43,Random,3,5,qmof-f771839,qmof-19d3c65,0.21213203435596428,,previous final-masked protocol distance
wide band gap insulating MOFs with low density,43,Random,4,5,qmof-f934fdc,qmof-19d3c65,0.21213203435596428,,previous final-masked protocol distance
wide band gap insulating MOFs with low density,43,SemanticOnly,1,2,qmof-f934fdc,qmof-f771839,0.0,,previous final-masked protocol distance
wide band gap insulating MOFs with low density,43,SemanticOnly,1,3,qmof-f934fdc,qmof-f61d5ce,0.0,,previous final-masked protocol distance
wide band gap insulating MOFs with low density,43,SemanticOnly,1,4,qmof-f934fdc,qmof-f4581c4,0.0,,previous final-masked protocol distance
wide band gap insulating MOFs with low density,43,SemanticOnly,1,5,qmof-f934fdc,qmof-f0ae035,0.0,,previous final-masked protocol distance
wide band gap insulating MOFs with low density,43,SemanticOnly,2,3,qmof-f771839,qmof-f61d5ce,0.0,,previous final-masked protocol distance
wide band gap insulating MOFs with low density,43,SemanticOnly,2,4,qmof-f771839,qmof-f4581c4,0.0,,previous final-masked protocol distance
wide band gap insulating MOFs with low density,43,SemanticOnly,2,5,qmof-f771839,qmof-f0ae035,0.0,,previous final-masked protocol distance
wide band gap insulating MOFs with low density,43,SemanticOnly,3,4,qmof-f61d5ce,qmof-f4581c4,0.0,,previous final-masked protocol distance
wide band gap insulating MOFs with low density,43,SemanticOnly,3,5,qmof-f61d5ce,qmof-f0ae035,0.0,,previous final-masked protocol distance
wide band gap insulating MOFs with low density,43,SemanticOnly,4,5,qmof-f4581c4,qmof-f0ae035,0.0,,previous final-masked protocol distance
wide band gap insulating MOFs with low density,43,TOPSIS,1,2,qmof-e3dcc4d,qmof-c82daac,0.0,,previous final-masked protocol distance
wide band gap insulating MOFs with low density,43,TOPSIS,1,3,qmof-e3dcc4d,qmof-b1cbe7a,0.0,,previous final-masked protocol distance
wide band gap insulating MOFs with low density,43,TOPSIS,1,4,qmof-e3dcc4d,qmof-a2d95c3,0.0,,previous final-masked protocol distance
wide band gap insulating MOFs with low density,43,TOPSIS,1,5,qmof-e3dcc4d,qmof-8deddd1,0.0,,previous final-masked protocol distance
wide band gap insulating MOFs with low density,43,TOPSIS,2,3,qmof-c82daac,qmof-b1cbe7a,0.0,,previous final-masked protocol distance
wide band gap insulating MOFs with low density,43,TOPSIS,2,4,qmof-c82daac,qmof-a2d95c3,0.0,,previous final-masked protocol distance
wide band gap insulating MOFs with low density,43,TOPSIS,2,5,qmof-c82daac,qmof-8deddd1,0.0,,previous final-masked protocol distance
wide band gap insulating MOFs with low density,43,TOPSIS,3,4,qmof-b1cbe7a,qmof-a2d95c3,0.0,,previous final-masked protocol distance
wide band gap insulating MOFs with low density,43,TOPSIS,3,5,qmof-b1cbe7a,qmof-8deddd1,0.0,,previous final-masked protocol distance
wide band gap insulating MOFs with low density,43,TOPSIS,4,5,qmof-a2d95c3,qmof-8deddd1,0.0,,previous final-masked protocol distance
wide band gap insulating MOFs with low density,43,WeightedSum,1,2,qmof-e3dcc4d,qmof-c82daac,0.0,,previous final-masked protocol distance
wide band gap insulating MOFs with low density,43,WeightedSum,1,3,qmof-e3dcc4d,qmof-b1cbe7a,0.0,,previous final-masked protocol distance
wide band gap insulating MOFs with low density,43,WeightedSum,1,4,qmof-e3dcc4d,qmof-a2d95c3,0.0,,previous final-masked protocol distance
wide band gap insulating MOFs with low density,43,WeightedSum,1,5,qmof-e3dcc4d,qmof-8deddd1,0.0,,previous final-masked protocol distance
wide band gap insulating MOFs with low density,43,WeightedSum,2,3,qmof-c82daac,qmof-b1cbe7a,0.0,,previous final-masked protocol distance
wide band gap insulating MOFs with low density,43,WeightedSum,2,4,qmof-c82daac,qmof-a2d95c3,0.0,,previous final-masked protocol distance
wide band gap insulating MOFs with low density,43,WeightedSum,2,5,qmof-c82daac,qmof-8deddd1,0.0,,previous final-masked protocol distance
wide band gap insulating MOFs with low density,43,WeightedSum,3,4,qmof-b1cbe7a,qmof-a2d95c3,0.0,,previous final-masked protocol distance
wide band gap insulating MOFs with low density,43,WeightedSum,3,5,qmof-b1cbe7a,qmof-8deddd1,0.0,,previous final-masked protocol distance
wide band gap insulating MOFs with low density,43,WeightedSum,4,5,qmof-a2d95c3,qmof-8deddd1,0.0,,previous final-masked protocol distance
wide band gap insulating MOFs with low density,44,GAT only,1,2,qmof-a2d95c3,qmof-175a5d9,0.0,,previous final-masked protocol distance
wide band gap insulating MOFs with low density,44,GAT only,1,3,qmof-a2d95c3,qmof-017128d,0.0,,previous final-masked protocol distance
wide band gap insulating MOFs with low density,44,GAT only,1,4,qmof-a2d95c3,qmof-e3dcc4d,0.0,,previous final-masked protocol distance
wide band gap insulating MOFs with low density,44,GAT only,1,5,qmof-a2d95c3,qmof-4050181,0.0,,previous final-masked protocol distance
wide band gap insulating MOFs with low density,44,GAT only,2,3,qmof-175a5d9,qmof-017128d,0.0,,previous final-masked protocol distance
wide band gap insulating MOFs with low density,44,GAT only,2,4,qmof-175a5d9,qmof-e3dcc4d,0.0,,previous final-masked protocol distance
wide band gap insulating MOFs with low density,44,GAT only,2,5,qmof-175a5d9,qmof-4050181,0.0,,previous final-masked protocol distance
wide band gap insulating MOFs with low density,44,GAT only,3,4,qmof-017128d,qmof-e3dcc4d,0.0,,previous final-masked protocol distance
wide band gap insulating MOFs with low density,44,GAT only,3,5,qmof-017128d,qmof-4050181,0.0,,previous final-masked protocol distance
wide band gap insulating MOFs with low density,44,GAT only,4,5,qmof-e3dcc4d,qmof-4050181,0.0,,previous final-masked protocol distance
wide band gap insulating MOFs with low density,44,GraphSAGE only,1,2,qmof-175a5d9,qmof-a2d95c3,0.0,,previous final-masked protocol distance
wide band gap insulating MOFs with low density,44,GraphSAGE only,1,3,qmof-175a5d9,qmof-8deddd1,0.0,,previous final-masked protocol distance
wide band gap insulating MOFs with low density,44,GraphSAGE only,1,4,qmof-175a5d9,qmof-b1cbe7a,0.0,,previous final-masked protocol distance
wide band gap insulating MOFs with low density,44,GraphSAGE only,1,5,qmof-175a5d9,qmof-4050181,0.0,,previous final-masked protocol distance
wide band gap insulating MOFs with low density,44,GraphSAGE only,2,3,qmof-a2d95c3,qmof-8deddd1,0.0,,previous final-masked protocol distance
wide band gap insulating MOFs with low density,44,GraphSAGE only,2,4,qmof-a2d95c3,qmof-b1cbe7a,0.0,,previous final-masked protocol distance
wide band gap insulating MOFs with low density,44,GraphSAGE only,2,5,qmof-a2d95c3,qmof-4050181,0.0,,previous final-masked protocol distance
wide band gap insulating MOFs with low density,44,GraphSAGE only,3,4,qmof-8deddd1,qmof-b1cbe7a,0.0,,previous final-masked protocol distance
wide band gap insulating MOFs with low density,44,GraphSAGE only,3,5,qmof-8deddd1,qmof-4050181,0.0,,previous final-masked protocol distance
wide band gap insulating MOFs with low density,44,GraphSAGE only,4,5,qmof-b1cbe7a,qmof-4050181,0.0,,previous final-masked protocol distance
wide band gap insulating MOFs with low density,44,LEA,1,2,qmof-8deddd1,qmof-694fdb2,0.0,,previous final-masked protocol distance
wide band gap insulating MOFs with low density,44,LEA,1,3,qmof-8deddd1,qmof-b1cbe7a,0.0,,previous final-masked protocol distance
wide band gap insulating MOFs with low density,44,LEA,1,4,qmof-8deddd1,qmof-4f9c014,0.0,,previous final-masked protocol distance
wide band gap insulating MOFs with low density,44,LEA,1,5,qmof-8deddd1,qmof-3133aaf,0.0,,previous final-masked protocol distance
wide band gap insulating MOFs with low density,44,LEA,2,3,qmof-694fdb2,qmof-b1cbe7a,0.0,,previous final-masked protocol distance
wide band gap insulating MOFs with low density,44,LEA,2,4,qmof-694fdb2,qmof-4f9c014,0.0,,previous final-masked protocol distance
wide band gap insulating MOFs with low density,44,LEA,2,5,qmof-694fdb2,qmof-3133aaf,0.0,,previous final-masked protocol distance
wide band gap insulating MOFs with low density,44,LEA,3,4,qmof-b1cbe7a,qmof-4f9c014,0.0,,previous final-masked protocol distance
wide band gap insulating MOFs with low density,44,LEA,3,5,qmof-b1cbe7a,qmof-3133aaf,0.0,,previous final-masked protocol distance
wide band gap insulating MOFs with low density,44,LEA,4,5,qmof-4f9c014,qmof-3133aaf,0.0,,previous final-masked protocol distance
wide band gap insulating MOFs with low density,44,LEA no diversity,1,2,qmof-8deddd1,qmof-694fdb2,0.0,,previous final-masked protocol distance
wide band gap insulating MOFs with low density,44,LEA no diversity,1,3,qmof-8deddd1,qmof-b1cbe7a,0.0,,previous final-masked protocol distance
wide band gap insulating MOFs with low density,44,LEA no diversity,1,4,qmof-8deddd1,qmof-4f9c014,0.0,,previous final-masked protocol distance
wide band gap insulating MOFs with low density,44,LEA no diversity,1,5,qmof-8deddd1,qmof-3133aaf,0.0,,previous final-masked protocol distance
wide band gap insulating MOFs with low density,44,LEA no diversity,2,3,qmof-694fdb2,qmof-b1cbe7a,0.0,,previous final-masked protocol distance
wide band gap insulating MOFs with low density,44,LEA no diversity,2,4,qmof-694fdb2,qmof-4f9c014,0.0,,previous final-masked protocol distance
wide band gap insulating MOFs with low density,44,LEA no diversity,2,5,qmof-694fdb2,qmof-3133aaf,0.0,,previous final-masked protocol distance
wide band gap insulating MOFs with low density,44,LEA no diversity,3,4,qmof-b1cbe7a,qmof-4f9c014,0.0,,previous final-masked protocol distance
wide band gap insulating MOFs with low density,44,LEA no diversity,3,5,qmof-b1cbe7a,qmof-3133aaf,0.0,,previous final-masked protocol distance
wide band gap insulating MOFs with low density,44,LEA no diversity,4,5,qmof-4f9c014,qmof-3133aaf,0.0,,previous final-masked protocol distance
wide band gap insulating MOFs with low density,44,LEA no self-cleaning,1,2,qmof-8deddd1,qmof-694fdb2,0.0,,previous final-masked protocol distance
wide band gap insulating MOFs with low density,44,LEA no self-cleaning,1,3,qmof-8deddd1,qmof-b1cbe7a,0.0,,previous final-masked protocol distance
wide band gap insulating MOFs with low density,44,LEA no self-cleaning,1,4,qmof-8deddd1,qmof-4f9c014,0.0,,previous final-masked protocol distance
wide band gap insulating MOFs with low density,44,LEA no self-cleaning,1,5,qmof-8deddd1,qmof-3133aaf,0.0,,previous final-masked protocol distance
wide band gap insulating MOFs with low density,44,LEA no self-cleaning,2,3,qmof-694fdb2,qmof-b1cbe7a,0.0,,previous final-masked protocol distance
wide band gap insulating MOFs with low density,44,LEA no self-cleaning,2,4,qmof-694fdb2,qmof-4f9c014,0.0,,previous final-masked protocol distance
wide band gap insulating MOFs with low density,44,LEA no self-cleaning,2,5,qmof-694fdb2,qmof-3133aaf,0.0,,previous final-masked protocol distance
wide band gap insulating MOFs with low density,44,LEA no self-cleaning,3,4,qmof-b1cbe7a,qmof-4f9c014,0.0,,previous final-masked protocol distance
wide band gap insulating MOFs with low density,44,LEA no self-cleaning,3,5,qmof-b1cbe7a,qmof-3133aaf,0.0,,previous final-masked protocol distance
wide band gap insulating MOFs with low density,44,LEA no self-cleaning,4,5,qmof-4f9c014,qmof-3133aaf,0.0,,previous final-masked protocol distance
wide band gap insulating MOFs with low density,44,LEA + GAT,1,2,qmof-a2d95c3,qmof-175a5d9,0.0,,previous final-masked protocol distance
wide band gap insulating MOFs with low density,44,LEA + GAT,1,3,qmof-a2d95c3,qmof-017128d,0.0,,previous final-masked protocol distance
wide band gap insulating MOFs with low density,44,LEA + GAT,1,4,qmof-a2d95c3,qmof-e3dcc4d,0.0,,previous final-masked protocol distance
wide band gap insulating MOFs with low density,44,LEA + GAT,1,5,qmof-a2d95c3,qmof-4050181,0.0,,previous final-masked protocol distance
wide band gap insulating MOFs with low density,44,LEA + GAT,2,3,qmof-175a5d9,qmof-017128d,0.0,,previous final-masked protocol distance
wide band gap insulating MOFs with low density,44,LEA + GAT,2,4,qmof-175a5d9,qmof-e3dcc4d,0.0,,previous final-masked protocol distance
wide band gap insulating MOFs with low density,44,LEA + GAT,2,5,qmof-175a5d9,qmof-4050181,0.0,,previous final-masked protocol distance
wide band gap insulating MOFs with low density,44,LEA + GAT,3,4,qmof-017128d,qmof-e3dcc4d,0.0,,previous final-masked protocol distance
wide band gap insulating MOFs with low density,44,LEA + GAT,3,5,qmof-017128d,qmof-4050181,0.0,,previous final-masked protocol distance
wide band gap insulating MOFs with low density,44,LEA + GAT,4,5,qmof-e3dcc4d,qmof-4050181,0.0,,previous final-masked protocol distance
wide band gap insulating MOFs with low density,44,LEA + GraphSAGE,1,2,qmof-175a5d9,qmof-a2d95c3,0.0,,previous final-masked protocol distance
wide band gap insulating MOFs with low density,44,LEA + GraphSAGE,1,3,qmof-175a5d9,qmof-8deddd1,0.0,,previous final-masked protocol distance
wide band gap insulating MOFs with low density,44,LEA + GraphSAGE,1,4,qmof-175a5d9,qmof-b1cbe7a,0.0,,previous final-masked protocol distance
wide band gap insulating MOFs with low density,44,LEA + GraphSAGE,1,5,qmof-175a5d9,qmof-4050181,0.0,,previous final-masked protocol distance
wide band gap insulating MOFs with low density,44,LEA + GraphSAGE,2,3,qmof-a2d95c3,qmof-8deddd1,0.0,,previous final-masked protocol distance
wide band gap insulating MOFs with low density,44,LEA + GraphSAGE,2,4,qmof-a2d95c3,qmof-b1cbe7a,0.0,,previous final-masked protocol distance
wide band gap insulating MOFs with low density,44,LEA + GraphSAGE,2,5,qmof-a2d95c3,qmof-4050181,0.0,,previous final-masked protocol distance
wide band gap insulating MOFs with low density,44,LEA + GraphSAGE,3,4,qmof-8deddd1,qmof-b1cbe7a,0.0,,previous final-masked protocol distance
wide band gap insulating MOFs with low density,44,LEA + GraphSAGE,3,5,qmof-8deddd1,qmof-4050181,0.0,,previous final-masked protocol distance
wide band gap insulating MOFs with low density,44,LEA + GraphSAGE,4,5,qmof-b1cbe7a,qmof-4050181,0.0,,previous final-masked protocol distance
wide band gap insulating MOFs with low density,44,MMR,1,2,qmof-e3dcc4d,qmof-19d3c65,0.0,,previous final-masked protocol distance
wide band gap insulating MOFs with low density,44,MMR,1,3,qmof-e3dcc4d,qmof-017128d,0.0,,previous final-masked protocol distance
wide band gap insulating MOFs with low density,44,MMR,1,4,qmof-e3dcc4d,qmof-a2d95c3,0.0,,previous final-masked protocol distance
wide band gap insulating MOFs with low density,44,MMR,1,5,qmof-e3dcc4d,qmof-4050181,0.0,,previous final-masked protocol distance
wide band gap insulating MOFs with low density,44,MMR,2,3,qmof-19d3c65,qmof-017128d,0.0,,previous final-masked protocol distance
wide band gap insulating MOFs with low density,44,MMR,2,4,qmof-19d3c65,qmof-a2d95c3,0.0,,previous final-masked protocol distance
wide band gap insulating MOFs with low density,44,MMR,2,5,qmof-19d3c65,qmof-4050181,0.0,,previous final-masked protocol distance
wide band gap insulating MOFs with low density,44,MMR,3,4,qmof-017128d,qmof-a2d95c3,0.0,,previous final-masked protocol distance
wide band gap insulating MOFs with low density,44,MMR,3,5,qmof-017128d,qmof-4050181,0.0,,previous final-masked protocol distance
wide band gap insulating MOFs with low density,44,MMR,4,5,qmof-a2d95c3,qmof-4050181,0.0,,previous final-masked protocol distance
wide band gap insulating MOFs with low density,44,ParetoCrowding,1,2,qmof-e3dcc4d,qmof-c82daac,0.0,,previous final-masked protocol distance
wide band gap insulating MOFs with low density,44,ParetoCrowding,1,3,qmof-e3dcc4d,qmof-b1cbe7a,0.0,,previous final-masked protocol distance
wide band gap insulating MOFs with low density,44,ParetoCrowding,1,4,qmof-e3dcc4d,qmof-a2d95c3,0.0,,previous final-masked protocol distance
wide band gap insulating MOFs with low density,44,ParetoCrowding,1,5,qmof-e3dcc4d,qmof-8deddd1,0.0,,previous final-masked protocol distance
wide band gap insulating MOFs with low density,44,ParetoCrowding,2,3,qmof-c82daac,qmof-b1cbe7a,0.0,,previous final-masked protocol distance
wide band gap insulating MOFs with low density,44,ParetoCrowding,2,4,qmof-c82daac,qmof-a2d95c3,0.0,,previous final-masked protocol distance
wide band gap insulating MOFs with low density,44,ParetoCrowding,2,5,qmof-c82daac,qmof-8deddd1,0.0,,previous final-masked protocol distance
wide band gap insulating MOFs with low density,44,ParetoCrowding,3,4,qmof-b1cbe7a,qmof-a2d95c3,0.0,,previous final-masked protocol distance
wide band gap insulating MOFs with low density,44,ParetoCrowding,3,5,qmof-b1cbe7a,qmof-8deddd1,0.0,,previous final-masked protocol distance
wide band gap insulating MOFs with low density,44,ParetoCrowding,4,5,qmof-a2d95c3,qmof-8deddd1,0.0,,previous final-masked protocol distance
wide band gap insulating MOFs with low density,44,Random,1,2,qmof-6d11fd4,qmof-e45b793,0.0,,previous final-masked protocol distance
wide band gap insulating MOFs with low density,44,Random,1,3,qmof-6d11fd4,qmof-6b45ff6,0.0,,previous final-masked protocol distance
wide band gap insulating MOFs with low density,44,Random,1,4,qmof-6d11fd4,qmof-1976a36,0.0,,previous final-masked protocol distance
wide band gap insulating MOFs with low density,44,Random,1,5,qmof-6d11fd4,qmof-ff6a634,0.0,,previous final-masked protocol distance
wide band gap insulating MOFs with low density,44,Random,2,3,qmof-e45b793,qmof-6b45ff6,0.0,,previous final-masked protocol distance
wide band gap insulating MOFs with low density,44,Random,2,4,qmof-e45b793,qmof-1976a36,0.0,,previous final-masked protocol distance
wide band gap insulating MOFs with low density,44,Random,2,5,qmof-e45b793,qmof-ff6a634,0.0,,previous final-masked protocol distance
wide band gap insulating MOFs with low density,44,Random,3,4,qmof-6b45ff6,qmof-1976a36,0.0,,previous final-masked protocol distance
wide band gap insulating MOFs with low density,44,Random,3,5,qmof-6b45ff6,qmof-ff6a634,0.0,,previous final-masked protocol distance
wide band gap insulating MOFs with low density,44,Random,4,5,qmof-1976a36,qmof-ff6a634,0.0,,previous final-masked protocol distance
wide band gap insulating MOFs with low density,44,SemanticOnly,1,2,qmof-ff6a634,qmof-feb06f2,0.0,,previous final-masked protocol distance
wide band gap insulating MOFs with low density,44,SemanticOnly,1,3,qmof-ff6a634,qmof-fd5d0f6,0.0,,previous final-masked protocol distance
wide band gap insulating MOFs with low density,44,SemanticOnly,1,4,qmof-ff6a634,qmof-f58baa7,0.0,,previous final-masked protocol distance
wide band gap insulating MOFs with low density,44,SemanticOnly,1,5,qmof-ff6a634,qmof-f55c6c1,0.0,,previous final-masked protocol distance
wide band gap insulating MOFs with low density,44,SemanticOnly,2,3,qmof-feb06f2,qmof-fd5d0f6,0.0,,previous final-masked protocol distance
wide band gap insulating MOFs with low density,44,SemanticOnly,2,4,qmof-feb06f2,qmof-f58baa7,0.0,,previous final-masked protocol distance
wide band gap insulating MOFs with low density,44,SemanticOnly,2,5,qmof-feb06f2,qmof-f55c6c1,0.0,,previous final-masked protocol distance
wide band gap insulating MOFs with low density,44,SemanticOnly,3,4,qmof-fd5d0f6,qmof-f58baa7,0.0,,previous final-masked protocol distance
wide band gap insulating MOFs with low density,44,SemanticOnly,3,5,qmof-fd5d0f6,qmof-f55c6c1,0.0,,previous final-masked protocol distance
wide band gap insulating MOFs with low density,44,SemanticOnly,4,5,qmof-f58baa7,qmof-f55c6c1,0.0,,previous final-masked protocol distance
wide band gap insulating MOFs with low density,44,TOPSIS,1,2,qmof-e3dcc4d,qmof-c82daac,0.0,,previous final-masked protocol distance
wide band gap insulating MOFs with low density,44,TOPSIS,1,3,qmof-e3dcc4d,qmof-b1cbe7a,0.0,,previous final-masked protocol distance
wide band gap insulating MOFs with low density,44,TOPSIS,1,4,qmof-e3dcc4d,qmof-a2d95c3,0.0,,previous final-masked protocol distance
wide band gap insulating MOFs with low density,44,TOPSIS,1,5,qmof-e3dcc4d,qmof-8deddd1,0.0,,previous final-masked protocol distance
wide band gap insulating MOFs with low density,44,TOPSIS,2,3,qmof-c82daac,qmof-b1cbe7a,0.0,,previous final-masked protocol distance
wide band gap insulating MOFs with low density,44,TOPSIS,2,4,qmof-c82daac,qmof-a2d95c3,0.0,,previous final-masked protocol distance
wide band gap insulating MOFs with low density,44,TOPSIS,2,5,qmof-c82daac,qmof-8deddd1,0.0,,previous final-masked protocol distance
wide band gap insulating MOFs with low density,44,TOPSIS,3,4,qmof-b1cbe7a,qmof-a2d95c3,0.0,,previous final-masked protocol distance
wide band gap insulating MOFs with low density,44,TOPSIS,3,5,qmof-b1cbe7a,qmof-8deddd1,0.0,,previous final-masked protocol distance
wide band gap insulating MOFs with low density,44,TOPSIS,4,5,qmof-a2d95c3,qmof-8deddd1,0.0,,previous final-masked protocol distance
wide band gap insulating MOFs with low density,44,WeightedSum,1,2,qmof-e3dcc4d,qmof-c82daac,0.0,,previous final-masked protocol distance
wide band gap insulating MOFs with low density,44,WeightedSum,1,3,qmof-e3dcc4d,qmof-b1cbe7a,0.0,,previous final-masked protocol distance
wide band gap insulating MOFs with low density,44,WeightedSum,1,4,qmof-e3dcc4d,qmof-a2d95c3,0.0,,previous final-masked protocol distance
wide band gap insulating MOFs with low density,44,WeightedSum,1,5,qmof-e3dcc4d,qmof-8deddd1,0.0,,previous final-masked protocol distance
wide band gap insulating MOFs with low density,44,WeightedSum,2,3,qmof-c82daac,qmof-b1cbe7a,0.0,,previous final-masked protocol distance
wide band gap insulating MOFs with low density,44,WeightedSum,2,4,qmof-c82daac,qmof-a2d95c3,0.0,,previous final-masked protocol distance
wide band gap insulating MOFs with low density,44,WeightedSum,2,5,qmof-c82daac,qmof-8deddd1,0.0,,previous final-masked protocol distance
wide band gap insulating MOFs with low density,44,WeightedSum,3,4,qmof-b1cbe7a,qmof-a2d95c3,0.0,,previous final-masked protocol distance
wide band gap insulating MOFs with low density,44,WeightedSum,3,5,qmof-b1cbe7a,qmof-8deddd1,0.0,,previous final-masked protocol distance
wide band gap insulating MOFs with low density,44,WeightedSum,4,5,qmof-a2d95c3,qmof-8deddd1,0.0,,previous final-masked protocol distance
wide band gap insulating MOFs with low density,45,GAT only,1,2,qmof-a2d95c3,qmof-175a5d9,0.0,,previous final-masked protocol distance
wide band gap insulating MOFs with low density,45,GAT only,1,3,qmof-a2d95c3,qmof-017128d,0.0,,previous final-masked protocol distance
wide band gap insulating MOFs with low density,45,GAT only,1,4,qmof-a2d95c3,qmof-e3dcc4d,0.0,,previous final-masked protocol distance
wide band gap insulating MOFs with low density,45,GAT only,1,5,qmof-a2d95c3,qmof-4050181,0.0,,previous final-masked protocol distance
wide band gap insulating MOFs with low density,45,GAT only,2,3,qmof-175a5d9,qmof-017128d,0.0,,previous final-masked protocol distance
wide band gap insulating MOFs with low density,45,GAT only,2,4,qmof-175a5d9,qmof-e3dcc4d,0.0,,previous final-masked protocol distance
wide band gap insulating MOFs with low density,45,GAT only,2,5,qmof-175a5d9,qmof-4050181,0.0,,previous final-masked protocol distance
wide band gap insulating MOFs with low density,45,GAT only,3,4,qmof-017128d,qmof-e3dcc4d,0.0,,previous final-masked protocol distance
wide band gap insulating MOFs with low density,45,GAT only,3,5,qmof-017128d,qmof-4050181,0.0,,previous final-masked protocol distance
wide band gap insulating MOFs with low density,45,GAT only,4,5,qmof-e3dcc4d,qmof-4050181,0.0,,previous final-masked protocol distance
wide band gap insulating MOFs with low density,45,GraphSAGE only,1,2,qmof-175a5d9,qmof-a2d95c3,0.0,,previous final-masked protocol distance
wide band gap insulating MOFs with low density,45,GraphSAGE only,1,3,qmof-175a5d9,qmof-8deddd1,0.0,,previous final-masked protocol distance
wide band gap insulating MOFs with low density,45,GraphSAGE only,1,4,qmof-175a5d9,qmof-b1cbe7a,0.0,,previous final-masked protocol distance
wide band gap insulating MOFs with low density,45,GraphSAGE only,1,5,qmof-175a5d9,qmof-4050181,0.0,,previous final-masked protocol distance
wide band gap insulating MOFs with low density,45,GraphSAGE only,2,3,qmof-a2d95c3,qmof-8deddd1,0.0,,previous final-masked protocol distance
wide band gap insulating MOFs with low density,45,GraphSAGE only,2,4,qmof-a2d95c3,qmof-b1cbe7a,0.0,,previous final-masked protocol distance
wide band gap insulating MOFs with low density,45,GraphSAGE only,2,5,qmof-a2d95c3,qmof-4050181,0.0,,previous final-masked protocol distance
wide band gap insulating MOFs with low density,45,GraphSAGE only,3,4,qmof-8deddd1,qmof-b1cbe7a,0.0,,previous final-masked protocol distance
wide band gap insulating MOFs with low density,45,GraphSAGE only,3,5,qmof-8deddd1,qmof-4050181,0.0,,previous final-masked protocol distance
wide band gap insulating MOFs with low density,45,GraphSAGE only,4,5,qmof-b1cbe7a,qmof-4050181,0.0,,previous final-masked protocol distance
wide band gap insulating MOFs with low density,45,LEA,1,2,qmof-19d3c65,qmof-175a5d9,0.0,,previous final-masked protocol distance
wide band gap insulating MOFs with low density,45,LEA,1,3,qmof-19d3c65,qmof-e3dcc4d,0.0,,previous final-masked protocol distance
wide band gap insulating MOFs with low density,45,LEA,1,4,qmof-19d3c65,qmof-017128d,0.0,,previous final-masked protocol distance
wide band gap insulating MOFs with low density,45,LEA,1,5,qmof-19d3c65,qmof-c82daac,0.0,,previous final-masked protocol distance
wide band gap insulating MOFs with low density,45,LEA,2,3,qmof-175a5d9,qmof-e3dcc4d,0.0,,previous final-masked protocol distance
wide band gap insulating MOFs with low density,45,LEA,2,4,qmof-175a5d9,qmof-017128d,0.0,,previous final-masked protocol distance
wide band gap insulating MOFs with low density,45,LEA,2,5,qmof-175a5d9,qmof-c82daac,0.0,,previous final-masked protocol distance
wide band gap insulating MOFs with low density,45,LEA,3,4,qmof-e3dcc4d,qmof-017128d,0.0,,previous final-masked protocol distance
wide band gap insulating MOFs with low density,45,LEA,3,5,qmof-e3dcc4d,qmof-c82daac,0.0,,previous final-masked protocol distance
wide band gap insulating MOFs with low density,45,LEA,4,5,qmof-017128d,qmof-c82daac,0.0,,previous final-masked protocol distance
wide band gap insulating MOFs with low density,45,LEA no diversity,1,2,qmof-19d3c65,qmof-175a5d9,0.0,,previous final-masked protocol distance
wide band gap insulating MOFs with low density,45,LEA no diversity,1,3,qmof-19d3c65,qmof-e3dcc4d,0.0,,previous final-masked protocol distance
wide band gap insulating MOFs with low density,45,LEA no diversity,1,4,qmof-19d3c65,qmof-017128d,0.0,,previous final-masked protocol distance
wide band gap insulating MOFs with low density,45,LEA no diversity,1,5,qmof-19d3c65,qmof-c82daac,0.0,,previous final-masked protocol distance
wide band gap insulating MOFs with low density,45,LEA no diversity,2,3,qmof-175a5d9,qmof-e3dcc4d,0.0,,previous final-masked protocol distance
wide band gap insulating MOFs with low density,45,LEA no diversity,2,4,qmof-175a5d9,qmof-017128d,0.0,,previous final-masked protocol distance
wide band gap insulating MOFs with low density,45,LEA no diversity,2,5,qmof-175a5d9,qmof-c82daac,0.0,,previous final-masked protocol distance
wide band gap insulating MOFs with low density,45,LEA no diversity,3,4,qmof-e3dcc4d,qmof-017128d,0.0,,previous final-masked protocol distance
wide band gap insulating MOFs with low density,45,LEA no diversity,3,5,qmof-e3dcc4d,qmof-c82daac,0.0,,previous final-masked protocol distance
wide band gap insulating MOFs with low density,45,LEA no diversity,4,5,qmof-017128d,qmof-c82daac,0.0,,previous final-masked protocol distance
wide band gap insulating MOFs with low density,45,LEA no self-cleaning,1,2,qmof-19d3c65,qmof-175a5d9,0.0,,previous final-masked protocol distance
wide band gap insulating MOFs with low density,45,LEA no self-cleaning,1,3,qmof-19d3c65,qmof-e3dcc4d,0.0,,previous final-masked protocol distance
wide band gap insulating MOFs with low density,45,LEA no self-cleaning,1,4,qmof-19d3c65,qmof-017128d,0.0,,previous final-masked protocol distance
wide band gap insulating MOFs with low density,45,LEA no self-cleaning,1,5,qmof-19d3c65,qmof-c82daac,0.0,,previous final-masked protocol distance
wide band gap insulating MOFs with low density,45,LEA no self-cleaning,2,3,qmof-175a5d9,qmof-e3dcc4d,0.0,,previous final-masked protocol distance
wide band gap insulating MOFs with low density,45,LEA no self-cleaning,2,4,qmof-175a5d9,qmof-017128d,0.0,,previous final-masked protocol distance
wide band gap insulating MOFs with low density,45,LEA no self-cleaning,2,5,qmof-175a5d9,qmof-c82daac,0.0,,previous final-masked protocol distance
wide band gap insulating MOFs with low density,45,LEA no self-cleaning,3,4,qmof-e3dcc4d,qmof-017128d,0.0,,previous final-masked protocol distance
wide band gap insulating MOFs with low density,45,LEA no self-cleaning,3,5,qmof-e3dcc4d,qmof-c82daac,0.0,,previous final-masked protocol distance
wide band gap insulating MOFs with low density,45,LEA no self-cleaning,4,5,qmof-017128d,qmof-c82daac,0.0,,previous final-masked protocol distance
wide band gap insulating MOFs with low density,45,LEA + GAT,1,2,qmof-a2d95c3,qmof-175a5d9,0.0,,previous final-masked protocol distance
wide band gap insulating MOFs with low density,45,LEA + GAT,1,3,qmof-a2d95c3,qmof-017128d,0.0,,previous final-masked protocol distance
wide band gap insulating MOFs with low density,45,LEA + GAT,1,4,qmof-a2d95c3,qmof-e3dcc4d,0.0,,previous final-masked protocol distance
wide band gap insulating MOFs with low density,45,LEA + GAT,1,5,qmof-a2d95c3,qmof-4050181,0.0,,previous final-masked protocol distance
wide band gap insulating MOFs with low density,45,LEA + GAT,2,3,qmof-175a5d9,qmof-017128d,0.0,,previous final-masked protocol distance
wide band gap insulating MOFs with low density,45,LEA + GAT,2,4,qmof-175a5d9,qmof-e3dcc4d,0.0,,previous final-masked protocol distance
wide band gap insulating MOFs with low density,45,LEA + GAT,2,5,qmof-175a5d9,qmof-4050181,0.0,,previous final-masked protocol distance
wide band gap insulating MOFs with low density,45,LEA + GAT,3,4,qmof-017128d,qmof-e3dcc4d,0.0,,previous final-masked protocol distance
wide band gap insulating MOFs with low density,45,LEA + GAT,3,5,qmof-017128d,qmof-4050181,0.0,,previous final-masked protocol distance
wide band gap insulating MOFs with low density,45,LEA + GAT,4,5,qmof-e3dcc4d,qmof-4050181,0.0,,previous final-masked protocol distance
wide band gap insulating MOFs with low density,45,LEA + GraphSAGE,1,2,qmof-175a5d9,qmof-a2d95c3,0.0,,previous final-masked protocol distance
wide band gap insulating MOFs with low density,45,LEA + GraphSAGE,1,3,qmof-175a5d9,qmof-8deddd1,0.0,,previous final-masked protocol distance
wide band gap insulating MOFs with low density,45,LEA + GraphSAGE,1,4,qmof-175a5d9,qmof-b1cbe7a,0.0,,previous final-masked protocol distance
wide band gap insulating MOFs with low density,45,LEA + GraphSAGE,1,5,qmof-175a5d9,qmof-4050181,0.0,,previous final-masked protocol distance
wide band gap insulating MOFs with low density,45,LEA + GraphSAGE,2,3,qmof-a2d95c3,qmof-8deddd1,0.0,,previous final-masked protocol distance
wide band gap insulating MOFs with low density,45,LEA + GraphSAGE,2,4,qmof-a2d95c3,qmof-b1cbe7a,0.0,,previous final-masked protocol distance
wide band gap insulating MOFs with low density,45,LEA + GraphSAGE,2,5,qmof-a2d95c3,qmof-4050181,0.0,,previous final-masked protocol distance
wide band gap insulating MOFs with low density,45,LEA + GraphSAGE,3,4,qmof-8deddd1,qmof-b1cbe7a,0.0,,previous final-masked protocol distance
wide band gap insulating MOFs with low density,45,LEA + GraphSAGE,3,5,qmof-8deddd1,qmof-4050181,0.0,,previous final-masked protocol distance
wide band gap insulating MOFs with low density,45,LEA + GraphSAGE,4,5,qmof-b1cbe7a,qmof-4050181,0.0,,previous final-masked protocol distance
wide band gap insulating MOFs with low density,45,MMR,1,2,qmof-b1cbe7a,qmof-3133aaf,0.0,,previous final-masked protocol distance
wide band gap insulating MOFs with low density,45,MMR,1,3,qmof-b1cbe7a,qmof-4f9c014,0.0,,previous final-masked protocol distance
wide band gap insulating MOFs with low density,45,MMR,1,4,qmof-b1cbe7a,qmof-a2d95c3,0.0,,previous final-masked protocol distance
wide band gap insulating MOFs with low density,45,MMR,1,5,qmof-b1cbe7a,qmof-694fdb2,0.0,,previous final-masked protocol distance
wide band gap insulating MOFs with low density,45,MMR,2,3,qmof-3133aaf,qmof-4f9c014,0.0,,previous final-masked protocol distance
wide band gap insulating MOFs with low density,45,MMR,2,4,qmof-3133aaf,qmof-a2d95c3,0.0,,previous final-masked protocol distance
wide band gap insulating MOFs with low density,45,MMR,2,5,qmof-3133aaf,qmof-694fdb2,0.0,,previous final-masked protocol distance
wide band gap insulating MOFs with low density,45,MMR,3,4,qmof-4f9c014,qmof-a2d95c3,0.0,,previous final-masked protocol distance
wide band gap insulating MOFs with low density,45,MMR,3,5,qmof-4f9c014,qmof-694fdb2,0.0,,previous final-masked protocol distance
wide band gap insulating MOFs with low density,45,MMR,4,5,qmof-a2d95c3,qmof-694fdb2,0.0,,previous final-masked protocol distance
wide band gap insulating MOFs with low density,45,ParetoCrowding,1,2,qmof-e3dcc4d,qmof-c82daac,0.0,,previous final-masked protocol distance
wide band gap insulating MOFs with low density,45,ParetoCrowding,1,3,qmof-e3dcc4d,qmof-b1cbe7a,0.0,,previous final-masked protocol distance
wide band gap insulating MOFs with low density,45,ParetoCrowding,1,4,qmof-e3dcc4d,qmof-a2d95c3,0.0,,previous final-masked protocol distance
wide band gap insulating MOFs with low density,45,ParetoCrowding,1,5,qmof-e3dcc4d,qmof-8deddd1,0.0,,previous final-masked protocol distance
wide band gap insulating MOFs with low density,45,ParetoCrowding,2,3,qmof-c82daac,qmof-b1cbe7a,0.0,,previous final-masked protocol distance
wide band gap insulating MOFs with low density,45,ParetoCrowding,2,4,qmof-c82daac,qmof-a2d95c3,0.0,,previous final-masked protocol distance
wide band gap insulating MOFs with low density,45,ParetoCrowding,2,5,qmof-c82daac,qmof-8deddd1,0.0,,previous final-masked protocol distance
wide band gap insulating MOFs with low density,45,ParetoCrowding,3,4,qmof-b1cbe7a,qmof-a2d95c3,0.0,,previous final-masked protocol distance
wide band gap insulating MOFs with low density,45,ParetoCrowding,3,5,qmof-b1cbe7a,qmof-8deddd1,0.0,,previous final-masked protocol distance
wide band gap insulating MOFs with low density,45,ParetoCrowding,4,5,qmof-a2d95c3,qmof-8deddd1,0.0,,previous final-masked protocol distance
wide band gap insulating MOFs with low density,45,Random,1,2,qmof-e7f8efa,qmof-78fa3cf,0.0,,previous final-masked protocol distance
wide band gap insulating MOFs with low density,45,Random,1,3,qmof-e7f8efa,qmof-4050181,0.21213203435596428,,previous final-masked protocol distance
wide band gap insulating MOFs with low density,45,Random,1,4,qmof-e7f8efa,qmof-cbb7574,0.0,,previous final-masked protocol distance
wide band gap insulating MOFs with low density,45,Random,1,5,qmof-e7f8efa,qmof-e6ca203,0.0,,previous final-masked protocol distance
wide band gap insulating MOFs with low density,45,Random,2,3,qmof-78fa3cf,qmof-4050181,0.21213203435596428,,previous final-masked protocol distance
wide band gap insulating MOFs with low density,45,Random,2,4,qmof-78fa3cf,qmof-cbb7574,0.0,,previous final-masked protocol distance
wide band gap insulating MOFs with low density,45,Random,2,5,qmof-78fa3cf,qmof-e6ca203,0.0,,previous final-masked protocol distance
wide band gap insulating MOFs with low density,45,Random,3,4,qmof-4050181,qmof-cbb7574,0.21213203435596428,,previous final-masked protocol distance
wide band gap insulating MOFs with low density,45,Random,3,5,qmof-4050181,qmof-e6ca203,0.21213203435596428,,previous final-masked protocol distance
wide band gap insulating MOFs with low density,45,Random,4,5,qmof-cbb7574,qmof-e6ca203,0.0,,previous final-masked protocol distance
wide band gap insulating MOFs with low density,45,SemanticOnly,1,2,qmof-ff08ff7,qmof-fdb520d,0.0,,previous final-masked protocol distance
wide band gap insulating MOFs with low density,45,SemanticOnly,1,3,qmof-ff08ff7,qmof-faec724,0.0,,previous final-masked protocol distance
wide band gap insulating MOFs with low density,45,SemanticOnly,1,4,qmof-ff08ff7,qmof-f96785a,0.0,,previous final-masked protocol distance
wide band gap insulating MOFs with low density,45,SemanticOnly,1,5,qmof-ff08ff7,qmof-f771839,0.0,,previous final-masked protocol distance
wide band gap insulating MOFs with low density,45,SemanticOnly,2,3,qmof-fdb520d,qmof-faec724,0.0,,previous final-masked protocol distance
wide band gap insulating MOFs with low density,45,SemanticOnly,2,4,qmof-fdb520d,qmof-f96785a,0.0,,previous final-masked protocol distance
wide band gap insulating MOFs with low density,45,SemanticOnly,2,5,qmof-fdb520d,qmof-f771839,0.0,,previous final-masked protocol distance
wide band gap insulating MOFs with low density,45,SemanticOnly,3,4,qmof-faec724,qmof-f96785a,0.0,,previous final-masked protocol distance
wide band gap insulating MOFs with low density,45,SemanticOnly,3,5,qmof-faec724,qmof-f771839,0.0,,previous final-masked protocol distance
wide band gap insulating MOFs with low density,45,SemanticOnly,4,5,qmof-f96785a,qmof-f771839,0.0,,previous final-masked protocol distance
wide band gap insulating MOFs with low density,45,TOPSIS,1,2,qmof-e3dcc4d,qmof-c82daac,0.0,,previous final-masked protocol distance
wide band gap insulating MOFs with low density,45,TOPSIS,1,3,qmof-e3dcc4d,qmof-b1cbe7a,0.0,,previous final-masked protocol distance
wide band gap insulating MOFs with low density,45,TOPSIS,1,4,qmof-e3dcc4d,qmof-a2d95c3,0.0,,previous final-masked protocol distance
wide band gap insulating MOFs with low density,45,TOPSIS,1,5,qmof-e3dcc4d,qmof-8deddd1,0.0,,previous final-masked protocol distance
wide band gap insulating MOFs with low density,45,TOPSIS,2,3,qmof-c82daac,qmof-b1cbe7a,0.0,,previous final-masked protocol distance
wide band gap insulating MOFs with low density,45,TOPSIS,2,4,qmof-c82daac,qmof-a2d95c3,0.0,,previous final-masked protocol distance
wide band gap insulating MOFs with low density,45,TOPSIS,2,5,qmof-c82daac,qmof-8deddd1,0.0,,previous final-masked protocol distance
wide band gap insulating MOFs with low density,45,TOPSIS,3,4,qmof-b1cbe7a,qmof-a2d95c3,0.0,,previous final-masked protocol distance
wide band gap insulating MOFs with low density,45,TOPSIS,3,5,qmof-b1cbe7a,qmof-8deddd1,0.0,,previous final-masked protocol distance
wide band gap insulating MOFs with low density,45,TOPSIS,4,5,qmof-a2d95c3,qmof-8deddd1,0.0,,previous final-masked protocol distance
wide band gap insulating MOFs with low density,45,WeightedSum,1,2,qmof-e3dcc4d,qmof-c82daac,0.0,,previous final-masked protocol distance
wide band gap insulating MOFs with low density,45,WeightedSum,1,3,qmof-e3dcc4d,qmof-b1cbe7a,0.0,,previous final-masked protocol distance
wide band gap insulating MOFs with low density,45,WeightedSum,1,4,qmof-e3dcc4d,qmof-a2d95c3,0.0,,previous final-masked protocol distance
wide band gap insulating MOFs with low density,45,WeightedSum,1,5,qmof-e3dcc4d,qmof-8deddd1,0.0,,previous final-masked protocol distance
wide band gap insulating MOFs with low density,45,WeightedSum,2,3,qmof-c82daac,qmof-b1cbe7a,0.0,,previous final-masked protocol distance
wide band gap insulating MOFs with low density,45,WeightedSum,2,4,qmof-c82daac,qmof-a2d95c3,0.0,,previous final-masked protocol distance
wide band gap insulating MOFs with low density,45,WeightedSum,2,5,qmof-c82daac,qmof-8deddd1,0.0,,previous final-masked protocol distance
wide band gap insulating MOFs with low density,45,WeightedSum,3,4,qmof-b1cbe7a,qmof-a2d95c3,0.0,,previous final-masked protocol distance
wide band gap insulating MOFs with low density,45,WeightedSum,3,5,qmof-b1cbe7a,qmof-8deddd1,0.0,,previous final-masked protocol distance
wide band gap insulating MOFs with low density,45,WeightedSum,4,5,qmof-a2d95c3,qmof-8deddd1,0.0,,previous final-masked protocol distance
wide band gap insulating MOFs with low density,46,GAT only,1,2,qmof-a2d95c3,qmof-175a5d9,0.0,,previous final-masked protocol distance
wide band gap insulating MOFs with low density,46,GAT only,1,3,qmof-a2d95c3,qmof-017128d,0.0,,previous final-masked protocol distance
wide band gap insulating MOFs with low density,46,GAT only,1,4,qmof-a2d95c3,qmof-e3dcc4d,0.0,,previous final-masked protocol distance
wide band gap insulating MOFs with low density,46,GAT only,1,5,qmof-a2d95c3,qmof-4050181,0.0,,previous final-masked protocol distance
wide band gap insulating MOFs with low density,46,GAT only,2,3,qmof-175a5d9,qmof-017128d,0.0,,previous final-masked protocol distance
wide band gap insulating MOFs with low density,46,GAT only,2,4,qmof-175a5d9,qmof-e3dcc4d,0.0,,previous final-masked protocol distance
wide band gap insulating MOFs with low density,46,GAT only,2,5,qmof-175a5d9,qmof-4050181,0.0,,previous final-masked protocol distance
wide band gap insulating MOFs with low density,46,GAT only,3,4,qmof-017128d,qmof-e3dcc4d,0.0,,previous final-masked protocol distance
wide band gap insulating MOFs with low density,46,GAT only,3,5,qmof-017128d,qmof-4050181,0.0,,previous final-masked protocol distance
wide band gap insulating MOFs with low density,46,GAT only,4,5,qmof-e3dcc4d,qmof-4050181,0.0,,previous final-masked protocol distance
wide band gap insulating MOFs with low density,46,GraphSAGE only,1,2,qmof-175a5d9,qmof-a2d95c3,0.0,,previous final-masked protocol distance
wide band gap insulating MOFs with low density,46,GraphSAGE only,1,3,qmof-175a5d9,qmof-8deddd1,0.0,,previous final-masked protocol distance
wide band gap insulating MOFs with low density,46,GraphSAGE only,1,4,qmof-175a5d9,qmof-b1cbe7a,0.0,,previous final-masked protocol distance
wide band gap insulating MOFs with low density,46,GraphSAGE only,1,5,qmof-175a5d9,qmof-4050181,0.0,,previous final-masked protocol distance
wide band gap insulating MOFs with low density,46,GraphSAGE only,2,3,qmof-a2d95c3,qmof-8deddd1,0.0,,previous final-masked protocol distance
wide band gap insulating MOFs with low density,46,GraphSAGE only,2,4,qmof-a2d95c3,qmof-b1cbe7a,0.0,,previous final-masked protocol distance
wide band gap insulating MOFs with low density,46,GraphSAGE only,2,5,qmof-a2d95c3,qmof-4050181,0.0,,previous final-masked protocol distance
wide band gap insulating MOFs with low density,46,GraphSAGE only,3,4,qmof-8deddd1,qmof-b1cbe7a,0.0,,previous final-masked protocol distance
wide band gap insulating MOFs with low density,46,GraphSAGE only,3,5,qmof-8deddd1,qmof-4050181,0.0,,previous final-masked protocol distance
wide band gap insulating MOFs with low density,46,GraphSAGE only,4,5,qmof-b1cbe7a,qmof-4050181,0.0,,previous final-masked protocol distance
wide band gap insulating MOFs with low density,46,LEA,1,2,qmof-694fdb2,qmof-8deddd1,0.0,,previous final-masked protocol distance
wide band gap insulating MOFs with low density,46,LEA,1,3,qmof-694fdb2,qmof-a2d95c3,0.0,,previous final-masked protocol distance
wide band gap insulating MOFs with low density,46,LEA,1,4,qmof-694fdb2,qmof-c82daac,0.0,,previous final-masked protocol distance
wide band gap insulating MOFs with low density,46,LEA,1,5,qmof-694fdb2,qmof-175a5d9,0.0,,previous final-masked protocol distance
wide band gap insulating MOFs with low density,46,LEA,2,3,qmof-8deddd1,qmof-a2d95c3,0.0,,previous final-masked protocol distance
wide band gap insulating MOFs with low density,46,LEA,2,4,qmof-8deddd1,qmof-c82daac,0.0,,previous final-masked protocol distance
wide band gap insulating MOFs with low density,46,LEA,2,5,qmof-8deddd1,qmof-175a5d9,0.0,,previous final-masked protocol distance
wide band gap insulating MOFs with low density,46,LEA,3,4,qmof-a2d95c3,qmof-c82daac,0.0,,previous final-masked protocol distance
wide band gap insulating MOFs with low density,46,LEA,3,5,qmof-a2d95c3,qmof-175a5d9,0.0,,previous final-masked protocol distance
wide band gap insulating MOFs with low density,46,LEA,4,5,qmof-c82daac,qmof-175a5d9,0.0,,previous final-masked protocol distance
wide band gap insulating MOFs with low density,46,LEA no diversity,1,2,qmof-694fdb2,qmof-8deddd1,0.0,,previous final-masked protocol distance
wide band gap insulating MOFs with low density,46,LEA no diversity,1,3,qmof-694fdb2,qmof-a2d95c3,0.0,,previous final-masked protocol distance
wide band gap insulating MOFs with low density,46,LEA no diversity,1,4,qmof-694fdb2,qmof-c82daac,0.0,,previous final-masked protocol distance
wide band gap insulating MOFs with low density,46,LEA no diversity,1,5,qmof-694fdb2,qmof-175a5d9,0.0,,previous final-masked protocol distance
wide band gap insulating MOFs with low density,46,LEA no diversity,2,3,qmof-8deddd1,qmof-a2d95c3,0.0,,previous final-masked protocol distance
wide band gap insulating MOFs with low density,46,LEA no diversity,2,4,qmof-8deddd1,qmof-c82daac,0.0,,previous final-masked protocol distance
wide band gap insulating MOFs with low density,46,LEA no diversity,2,5,qmof-8deddd1,qmof-175a5d9,0.0,,previous final-masked protocol distance
wide band gap insulating MOFs with low density,46,LEA no diversity,3,4,qmof-a2d95c3,qmof-c82daac,0.0,,previous final-masked protocol distance
wide band gap insulating MOFs with low density,46,LEA no diversity,3,5,qmof-a2d95c3,qmof-175a5d9,0.0,,previous final-masked protocol distance
wide band gap insulating MOFs with low density,46,LEA no diversity,4,5,qmof-c82daac,qmof-175a5d9,0.0,,previous final-masked protocol distance
wide band gap insulating MOFs with low density,46,LEA no self-cleaning,1,2,qmof-694fdb2,qmof-8deddd1,0.0,,previous final-masked protocol distance
wide band gap insulating MOFs with low density,46,LEA no self-cleaning,1,3,qmof-694fdb2,qmof-a2d95c3,0.0,,previous final-masked protocol distance
wide band gap insulating MOFs with low density,46,LEA no self-cleaning,1,4,qmof-694fdb2,qmof-c82daac,0.0,,previous final-masked protocol distance
wide band gap insulating MOFs with low density,46,LEA no self-cleaning,1,5,qmof-694fdb2,qmof-175a5d9,0.0,,previous final-masked protocol distance
wide band gap insulating MOFs with low density,46,LEA no self-cleaning,2,3,qmof-8deddd1,qmof-a2d95c3,0.0,,previous final-masked protocol distance
wide band gap insulating MOFs with low density,46,LEA no self-cleaning,2,4,qmof-8deddd1,qmof-c82daac,0.0,,previous final-masked protocol distance
wide band gap insulating MOFs with low density,46,LEA no self-cleaning,2,5,qmof-8deddd1,qmof-175a5d9,0.0,,previous final-masked protocol distance
wide band gap insulating MOFs with low density,46,LEA no self-cleaning,3,4,qmof-a2d95c3,qmof-c82daac,0.0,,previous final-masked protocol distance
wide band gap insulating MOFs with low density,46,LEA no self-cleaning,3,5,qmof-a2d95c3,qmof-175a5d9,0.0,,previous final-masked protocol distance
wide band gap insulating MOFs with low density,46,LEA no self-cleaning,4,5,qmof-c82daac,qmof-175a5d9,0.0,,previous final-masked protocol distance
wide band gap insulating MOFs with low density,46,LEA + GAT,1,2,qmof-a2d95c3,qmof-175a5d9,0.0,,previous final-masked protocol distance
wide band gap insulating MOFs with low density,46,LEA + GAT,1,3,qmof-a2d95c3,qmof-017128d,0.0,,previous final-masked protocol distance
wide band gap insulating MOFs with low density,46,LEA + GAT,1,4,qmof-a2d95c3,qmof-e3dcc4d,0.0,,previous final-masked protocol distance
wide band gap insulating MOFs with low density,46,LEA + GAT,1,5,qmof-a2d95c3,qmof-4050181,0.0,,previous final-masked protocol distance
wide band gap insulating MOFs with low density,46,LEA + GAT,2,3,qmof-175a5d9,qmof-017128d,0.0,,previous final-masked protocol distance
wide band gap insulating MOFs with low density,46,LEA + GAT,2,4,qmof-175a5d9,qmof-e3dcc4d,0.0,,previous final-masked protocol distance
wide band gap insulating MOFs with low density,46,LEA + GAT,2,5,qmof-175a5d9,qmof-4050181,0.0,,previous final-masked protocol distance
wide band gap insulating MOFs with low density,46,LEA + GAT,3,4,qmof-017128d,qmof-e3dcc4d,0.0,,previous final-masked protocol distance
wide band gap insulating MOFs with low density,46,LEA + GAT,3,5,qmof-017128d,qmof-4050181,0.0,,previous final-masked protocol distance
wide band gap insulating MOFs with low density,46,LEA + GAT,4,5,qmof-e3dcc4d,qmof-4050181,0.0,,previous final-masked protocol distance
wide band gap insulating MOFs with low density,46,LEA + GraphSAGE,1,2,qmof-175a5d9,qmof-a2d95c3,0.0,,previous final-masked protocol distance
wide band gap insulating MOFs with low density,46,LEA + GraphSAGE,1,3,qmof-175a5d9,qmof-8deddd1,0.0,,previous final-masked protocol distance
wide band gap insulating MOFs with low density,46,LEA + GraphSAGE,1,4,qmof-175a5d9,qmof-b1cbe7a,0.0,,previous final-masked protocol distance
wide band gap insulating MOFs with low density,46,LEA + GraphSAGE,1,5,qmof-175a5d9,qmof-4050181,0.0,,previous final-masked protocol distance
wide band gap insulating MOFs with low density,46,LEA + GraphSAGE,2,3,qmof-a2d95c3,qmof-8deddd1,0.0,,previous final-masked protocol distance
wide band gap insulating MOFs with low density,46,LEA + GraphSAGE,2,4,qmof-a2d95c3,qmof-b1cbe7a,0.0,,previous final-masked protocol distance
wide band gap insulating MOFs with low density,46,LEA + GraphSAGE,2,5,qmof-a2d95c3,qmof-4050181,0.0,,previous final-masked protocol distance
wide band gap insulating MOFs with low density,46,LEA + GraphSAGE,3,4,qmof-8deddd1,qmof-b1cbe7a,0.0,,previous final-masked protocol distance
wide band gap insulating MOFs with low density,46,LEA + GraphSAGE,3,5,qmof-8deddd1,qmof-4050181,0.0,,previous final-masked protocol distance
wide band gap insulating MOFs with low density,46,LEA + GraphSAGE,4,5,qmof-b1cbe7a,qmof-4050181,0.0,,previous final-masked protocol distance
wide band gap insulating MOFs with low density,46,MMR,1,2,qmof-4050181,qmof-3133aaf,0.0,,previous final-masked protocol distance
wide band gap insulating MOFs with low density,46,MMR,1,3,qmof-4050181,qmof-017128d,0.0,,previous final-masked protocol distance
wide band gap insulating MOFs with low density,46,MMR,1,4,qmof-4050181,qmof-4f9c014,0.0,,previous final-masked protocol distance
wide band gap insulating MOFs with low density,46,MMR,1,5,qmof-4050181,qmof-b1cbe7a,0.0,,previous final-masked protocol distance
wide band gap insulating MOFs with low density,46,MMR,2,3,qmof-3133aaf,qmof-017128d,0.0,,previous final-masked protocol distance
wide band gap insulating MOFs with low density,46,MMR,2,4,qmof-3133aaf,qmof-4f9c014,0.0,,previous final-masked protocol distance
wide band gap insulating MOFs with low density,46,MMR,2,5,qmof-3133aaf,qmof-b1cbe7a,0.0,,previous final-masked protocol distance
wide band gap insulating MOFs with low density,46,MMR,3,4,qmof-017128d,qmof-4f9c014,0.0,,previous final-masked protocol distance
wide band gap insulating MOFs with low density,46,MMR,3,5,qmof-017128d,qmof-b1cbe7a,0.0,,previous final-masked protocol distance
wide band gap insulating MOFs with low density,46,MMR,4,5,qmof-4f9c014,qmof-b1cbe7a,0.0,,previous final-masked protocol distance
wide band gap insulating MOFs with low density,46,ParetoCrowding,1,2,qmof-e3dcc4d,qmof-c82daac,0.0,,previous final-masked protocol distance
wide band gap insulating MOFs with low density,46,ParetoCrowding,1,3,qmof-e3dcc4d,qmof-b1cbe7a,0.0,,previous final-masked protocol distance
wide band gap insulating MOFs with low density,46,ParetoCrowding,1,4,qmof-e3dcc4d,qmof-a2d95c3,0.0,,previous final-masked protocol distance
wide band gap insulating MOFs with low density,46,ParetoCrowding,1,5,qmof-e3dcc4d,qmof-8deddd1,0.0,,previous final-masked protocol distance
wide band gap insulating MOFs with low density,46,ParetoCrowding,2,3,qmof-c82daac,qmof-b1cbe7a,0.0,,previous final-masked protocol distance
wide band gap insulating MOFs with low density,46,ParetoCrowding,2,4,qmof-c82daac,qmof-a2d95c3,0.0,,previous final-masked protocol distance
wide band gap insulating MOFs with low density,46,ParetoCrowding,2,5,qmof-c82daac,qmof-8deddd1,0.0,,previous final-masked protocol distance
wide band gap insulating MOFs with low density,46,ParetoCrowding,3,4,qmof-b1cbe7a,qmof-a2d95c3,0.0,,previous final-masked protocol distance
wide band gap insulating MOFs with low density,46,ParetoCrowding,3,5,qmof-b1cbe7a,qmof-8deddd1,0.0,,previous final-masked protocol distance
wide band gap insulating MOFs with low density,46,ParetoCrowding,4,5,qmof-a2d95c3,qmof-8deddd1,0.0,,previous final-masked protocol distance
wide band gap insulating MOFs with low density,46,Random,1,2,qmof-d385e80,qmof-6bc1eda,0.0,,previous final-masked protocol distance
wide band gap insulating MOFs with low density,46,Random,1,3,qmof-d385e80,qmof-d1115ca,0.0,,previous final-masked protocol distance
wide band gap insulating MOFs with low density,46,Random,1,4,qmof-d385e80,qmof-9d5b9ef,0.0,,previous final-masked protocol distance
wide band gap insulating MOFs with low density,46,Random,1,5,qmof-d385e80,qmof-0b3d138,0.0,,previous final-masked protocol distance
wide band gap insulating MOFs with low density,46,Random,2,3,qmof-6bc1eda,qmof-d1115ca,0.0,,previous final-masked protocol distance
wide band gap insulating MOFs with low density,46,Random,2,4,qmof-6bc1eda,qmof-9d5b9ef,0.0,,previous final-masked protocol distance
wide band gap insulating MOFs with low density,46,Random,2,5,qmof-6bc1eda,qmof-0b3d138,0.0,,previous final-masked protocol distance
wide band gap insulating MOFs with low density,46,Random,3,4,qmof-d1115ca,qmof-9d5b9ef,0.0,,previous final-masked protocol distance
wide band gap insulating MOFs with low density,46,Random,3,5,qmof-d1115ca,qmof-0b3d138,0.0,,previous final-masked protocol distance
wide band gap insulating MOFs with low density,46,Random,4,5,qmof-9d5b9ef,qmof-0b3d138,0.0,,previous final-masked protocol distance
wide band gap insulating MOFs with low density,46,SemanticOnly,1,2,qmof-fdc53a4,qmof-fbdd307,0.0,,previous final-masked protocol distance
wide band gap insulating MOFs with low density,46,SemanticOnly,1,3,qmof-fdc53a4,qmof-f6f5702,0.0,,previous final-masked protocol distance
wide band gap insulating MOFs with low density,46,SemanticOnly,1,4,qmof-fdc53a4,qmof-f61d5ce,0.0,,previous final-masked protocol distance
wide band gap insulating MOFs with low density,46,SemanticOnly,1,5,qmof-fdc53a4,qmof-f5464fc,0.0,,previous final-masked protocol distance
wide band gap insulating MOFs with low density,46,SemanticOnly,2,3,qmof-fbdd307,qmof-f6f5702,0.0,,previous final-masked protocol distance
wide band gap insulating MOFs with low density,46,SemanticOnly,2,4,qmof-fbdd307,qmof-f61d5ce,0.0,,previous final-masked protocol distance
wide band gap insulating MOFs with low density,46,SemanticOnly,2,5,qmof-fbdd307,qmof-f5464fc,0.0,,previous final-masked protocol distance
wide band gap insulating MOFs with low density,46,SemanticOnly,3,4,qmof-f6f5702,qmof-f61d5ce,0.0,,previous final-masked protocol distance
wide band gap insulating MOFs with low density,46,SemanticOnly,3,5,qmof-f6f5702,qmof-f5464fc,0.0,,previous final-masked protocol distance
wide band gap insulating MOFs with low density,46,SemanticOnly,4,5,qmof-f61d5ce,qmof-f5464fc,0.0,,previous final-masked protocol distance
wide band gap insulating MOFs with low density,46,TOPSIS,1,2,qmof-e3dcc4d,qmof-c82daac,0.0,,previous final-masked protocol distance
wide band gap insulating MOFs with low density,46,TOPSIS,1,3,qmof-e3dcc4d,qmof-b1cbe7a,0.0,,previous final-masked protocol distance
wide band gap insulating MOFs with low density,46,TOPSIS,1,4,qmof-e3dcc4d,qmof-a2d95c3,0.0,,previous final-masked protocol distance
wide band gap insulating MOFs with low density,46,TOPSIS,1,5,qmof-e3dcc4d,qmof-8deddd1,0.0,,previous final-masked protocol distance
wide band gap insulating MOFs with low density,46,TOPSIS,2,3,qmof-c82daac,qmof-b1cbe7a,0.0,,previous final-masked protocol distance
wide band gap insulating MOFs with low density,46,TOPSIS,2,4,qmof-c82daac,qmof-a2d95c3,0.0,,previous final-masked protocol distance
wide band gap insulating MOFs with low density,46,TOPSIS,2,5,qmof-c82daac,qmof-8deddd1,0.0,,previous final-masked protocol distance
wide band gap insulating MOFs with low density,46,TOPSIS,3,4,qmof-b1cbe7a,qmof-a2d95c3,0.0,,previous final-masked protocol distance
wide band gap insulating MOFs with low density,46,TOPSIS,3,5,qmof-b1cbe7a,qmof-8deddd1,0.0,,previous final-masked protocol distance
wide band gap insulating MOFs with low density,46,TOPSIS,4,5,qmof-a2d95c3,qmof-8deddd1,0.0,,previous final-masked protocol distance
wide band gap insulating MOFs with low density,46,WeightedSum,1,2,qmof-e3dcc4d,qmof-c82daac,0.0,,previous final-masked protocol distance
wide band gap insulating MOFs with low density,46,WeightedSum,1,3,qmof-e3dcc4d,qmof-b1cbe7a,0.0,,previous final-masked protocol distance
wide band gap insulating MOFs with low density,46,WeightedSum,1,4,qmof-e3dcc4d,qmof-a2d95c3,0.0,,previous final-masked protocol distance
wide band gap insulating MOFs with low density,46,WeightedSum,1,5,qmof-e3dcc4d,qmof-8deddd1,0.0,,previous final-masked protocol distance
wide band gap insulating MOFs with low density,46,WeightedSum,2,3,qmof-c82daac,qmof-b1cbe7a,0.0,,previous final-masked protocol distance
wide band gap insulating MOFs with low density,46,WeightedSum,2,4,qmof-c82daac,qmof-a2d95c3,0.0,,previous final-masked protocol distance
wide band gap insulating MOFs with low density,46,WeightedSum,2,5,qmof-c82daac,qmof-8deddd1,0.0,,previous final-masked protocol distance
wide band gap insulating MOFs with low density,46,WeightedSum,3,4,qmof-b1cbe7a,qmof-a2d95c3,0.0,,previous final-masked protocol distance
wide band gap insulating MOFs with low density,46,WeightedSum,3,5,qmof-b1cbe7a,qmof-8deddd1,0.0,,previous final-masked protocol distance
wide band gap insulating MOFs with low density,46,WeightedSum,4,5,qmof-a2d95c3,qmof-8deddd1,0.0,,previous final-masked protocol distance
wide band gap insulating MOFs with low density,47,GAT only,1,2,qmof-a2d95c3,qmof-175a5d9,0.0,,previous final-masked protocol distance
wide band gap insulating MOFs with low density,47,GAT only,1,3,qmof-a2d95c3,qmof-017128d,0.0,,previous final-masked protocol distance
wide band gap insulating MOFs with low density,47,GAT only,1,4,qmof-a2d95c3,qmof-e3dcc4d,0.0,,previous final-masked protocol distance
wide band gap insulating MOFs with low density,47,GAT only,1,5,qmof-a2d95c3,qmof-4050181,0.0,,previous final-masked protocol distance
wide band gap insulating MOFs with low density,47,GAT only,2,3,qmof-175a5d9,qmof-017128d,0.0,,previous final-masked protocol distance
wide band gap insulating MOFs with low density,47,GAT only,2,4,qmof-175a5d9,qmof-e3dcc4d,0.0,,previous final-masked protocol distance
wide band gap insulating MOFs with low density,47,GAT only,2,5,qmof-175a5d9,qmof-4050181,0.0,,previous final-masked protocol distance
wide band gap insulating MOFs with low density,47,GAT only,3,4,qmof-017128d,qmof-e3dcc4d,0.0,,previous final-masked protocol distance
wide band gap insulating MOFs with low density,47,GAT only,3,5,qmof-017128d,qmof-4050181,0.0,,previous final-masked protocol distance
wide band gap insulating MOFs with low density,47,GAT only,4,5,qmof-e3dcc4d,qmof-4050181,0.0,,previous final-masked protocol distance
wide band gap insulating MOFs with low density,47,GraphSAGE only,1,2,qmof-175a5d9,qmof-a2d95c3,0.0,,previous final-masked protocol distance
wide band gap insulating MOFs with low density,47,GraphSAGE only,1,3,qmof-175a5d9,qmof-8deddd1,0.0,,previous final-masked protocol distance
wide band gap insulating MOFs with low density,47,GraphSAGE only,1,4,qmof-175a5d9,qmof-b1cbe7a,0.0,,previous final-masked protocol distance
wide band gap insulating MOFs with low density,47,GraphSAGE only,1,5,qmof-175a5d9,qmof-4050181,0.0,,previous final-masked protocol distance
wide band gap insulating MOFs with low density,47,GraphSAGE only,2,3,qmof-a2d95c3,qmof-8deddd1,0.0,,previous final-masked protocol distance
wide band gap insulating MOFs with low density,47,GraphSAGE only,2,4,qmof-a2d95c3,qmof-b1cbe7a,0.0,,previous final-masked protocol distance
wide band gap insulating MOFs with low density,47,GraphSAGE only,2,5,qmof-a2d95c3,qmof-4050181,0.0,,previous final-masked protocol distance
wide band gap insulating MOFs with low density,47,GraphSAGE only,3,4,qmof-8deddd1,qmof-b1cbe7a,0.0,,previous final-masked protocol distance
wide band gap insulating MOFs with low density,47,GraphSAGE only,3,5,qmof-8deddd1,qmof-4050181,0.0,,previous final-masked protocol distance
wide band gap insulating MOFs with low density,47,GraphSAGE only,4,5,qmof-b1cbe7a,qmof-4050181,0.0,,previous final-masked protocol distance
wide band gap insulating MOFs with low density,47,LEA,1,2,qmof-3133aaf,qmof-694fdb2,0.0,,previous final-masked protocol distance
wide band gap insulating MOFs with low density,47,LEA,1,3,qmof-3133aaf,qmof-19d3c65,0.0,,previous final-masked protocol distance
wide band gap insulating MOFs with low density,47,LEA,1,4,qmof-3133aaf,qmof-e3dcc4d,0.0,,previous final-masked protocol distance
wide band gap insulating MOFs with low density,47,LEA,1,5,qmof-3133aaf,qmof-a2d95c3,0.0,,previous final-masked protocol distance
wide band gap insulating MOFs with low density,47,LEA,2,3,qmof-694fdb2,qmof-19d3c65,0.0,,previous final-masked protocol distance
wide band gap insulating MOFs with low density,47,LEA,2,4,qmof-694fdb2,qmof-e3dcc4d,0.0,,previous final-masked protocol distance
wide band gap insulating MOFs with low density,47,LEA,2,5,qmof-694fdb2,qmof-a2d95c3,0.0,,previous final-masked protocol distance
wide band gap insulating MOFs with low density,47,LEA,3,4,qmof-19d3c65,qmof-e3dcc4d,0.0,,previous final-masked protocol distance
wide band gap insulating MOFs with low density,47,LEA,3,5,qmof-19d3c65,qmof-a2d95c3,0.0,,previous final-masked protocol distance
wide band gap insulating MOFs with low density,47,LEA,4,5,qmof-e3dcc4d,qmof-a2d95c3,0.0,,previous final-masked protocol distance
wide band gap insulating MOFs with low density,47,LEA no diversity,1,2,qmof-3133aaf,qmof-694fdb2,0.0,,previous final-masked protocol distance
wide band gap insulating MOFs with low density,47,LEA no diversity,1,3,qmof-3133aaf,qmof-19d3c65,0.0,,previous final-masked protocol distance
wide band gap insulating MOFs with low density,47,LEA no diversity,1,4,qmof-3133aaf,qmof-e3dcc4d,0.0,,previous final-masked protocol distance
wide band gap insulating MOFs with low density,47,LEA no diversity,1,5,qmof-3133aaf,qmof-a2d95c3,0.0,,previous final-masked protocol distance
wide band gap insulating MOFs with low density,47,LEA no diversity,2,3,qmof-694fdb2,qmof-19d3c65,0.0,,previous final-masked protocol distance
wide band gap insulating MOFs with low density,47,LEA no diversity,2,4,qmof-694fdb2,qmof-e3dcc4d,0.0,,previous final-masked protocol distance
wide band gap insulating MOFs with low density,47,LEA no diversity,2,5,qmof-694fdb2,qmof-a2d95c3,0.0,,previous final-masked protocol distance
wide band gap insulating MOFs with low density,47,LEA no diversity,3,4,qmof-19d3c65,qmof-e3dcc4d,0.0,,previous final-masked protocol distance
wide band gap insulating MOFs with low density,47,LEA no diversity,3,5,qmof-19d3c65,qmof-a2d95c3,0.0,,previous final-masked protocol distance
wide band gap insulating MOFs with low density,47,LEA no diversity,4,5,qmof-e3dcc4d,qmof-a2d95c3,0.0,,previous final-masked protocol distance
wide band gap insulating MOFs with low density,47,LEA no self-cleaning,1,2,qmof-3133aaf,qmof-694fdb2,0.0,,previous final-masked protocol distance
wide band gap insulating MOFs with low density,47,LEA no self-cleaning,1,3,qmof-3133aaf,qmof-19d3c65,0.0,,previous final-masked protocol distance
wide band gap insulating MOFs with low density,47,LEA no self-cleaning,1,4,qmof-3133aaf,qmof-e3dcc4d,0.0,,previous final-masked protocol distance
wide band gap insulating MOFs with low density,47,LEA no self-cleaning,1,5,qmof-3133aaf,qmof-a2d95c3,0.0,,previous final-masked protocol distance
wide band gap insulating MOFs with low density,47,LEA no self-cleaning,2,3,qmof-694fdb2,qmof-19d3c65,0.0,,previous final-masked protocol distance
wide band gap insulating MOFs with low density,47,LEA no self-cleaning,2,4,qmof-694fdb2,qmof-e3dcc4d,0.0,,previous final-masked protocol distance
wide band gap insulating MOFs with low density,47,LEA no self-cleaning,2,5,qmof-694fdb2,qmof-a2d95c3,0.0,,previous final-masked protocol distance
wide band gap insulating MOFs with low density,47,LEA no self-cleaning,3,4,qmof-19d3c65,qmof-e3dcc4d,0.0,,previous final-masked protocol distance
wide band gap insulating MOFs with low density,47,LEA no self-cleaning,3,5,qmof-19d3c65,qmof-a2d95c3,0.0,,previous final-masked protocol distance
wide band gap insulating MOFs with low density,47,LEA no self-cleaning,4,5,qmof-e3dcc4d,qmof-a2d95c3,0.0,,previous final-masked protocol distance
wide band gap insulating MOFs with low density,47,LEA + GAT,1,2,qmof-a2d95c3,qmof-175a5d9,0.0,,previous final-masked protocol distance
wide band gap insulating MOFs with low density,47,LEA + GAT,1,3,qmof-a2d95c3,qmof-017128d,0.0,,previous final-masked protocol distance
wide band gap insulating MOFs with low density,47,LEA + GAT,1,4,qmof-a2d95c3,qmof-e3dcc4d,0.0,,previous final-masked protocol distance
wide band gap insulating MOFs with low density,47,LEA + GAT,1,5,qmof-a2d95c3,qmof-4050181,0.0,,previous final-masked protocol distance
wide band gap insulating MOFs with low density,47,LEA + GAT,2,3,qmof-175a5d9,qmof-017128d,0.0,,previous final-masked protocol distance
wide band gap insulating MOFs with low density,47,LEA + GAT,2,4,qmof-175a5d9,qmof-e3dcc4d,0.0,,previous final-masked protocol distance
wide band gap insulating MOFs with low density,47,LEA + GAT,2,5,qmof-175a5d9,qmof-4050181,0.0,,previous final-masked protocol distance
wide band gap insulating MOFs with low density,47,LEA + GAT,3,4,qmof-017128d,qmof-e3dcc4d,0.0,,previous final-masked protocol distance
wide band gap insulating MOFs with low density,47,LEA + GAT,3,5,qmof-017128d,qmof-4050181,0.0,,previous final-masked protocol distance
wide band gap insulating MOFs with low density,47,LEA + GAT,4,5,qmof-e3dcc4d,qmof-4050181,0.0,,previous final-masked protocol distance
wide band gap insulating MOFs with low density,47,LEA + GraphSAGE,1,2,qmof-175a5d9,qmof-a2d95c3,0.0,,previous final-masked protocol distance
wide band gap insulating MOFs with low density,47,LEA + GraphSAGE,1,3,qmof-175a5d9,qmof-8deddd1,0.0,,previous final-masked protocol distance
wide band gap insulating MOFs with low density,47,LEA + GraphSAGE,1,4,qmof-175a5d9,qmof-b1cbe7a,0.0,,previous final-masked protocol distance
wide band gap insulating MOFs with low density,47,LEA + GraphSAGE,1,5,qmof-175a5d9,qmof-4050181,0.0,,previous final-masked protocol distance
wide band gap insulating MOFs with low density,47,LEA + GraphSAGE,2,3,qmof-a2d95c3,qmof-8deddd1,0.0,,previous final-masked protocol distance
wide band gap insulating MOFs with low density,47,LEA + GraphSAGE,2,4,qmof-a2d95c3,qmof-b1cbe7a,0.0,,previous final-masked protocol distance
wide band gap insulating MOFs with low density,47,LEA + GraphSAGE,2,5,qmof-a2d95c3,qmof-4050181,0.0,,previous final-masked protocol distance
wide band gap insulating MOFs with low density,47,LEA + GraphSAGE,3,4,qmof-8deddd1,qmof-b1cbe7a,0.0,,previous final-masked protocol distance
wide band gap insulating MOFs with low density,47,LEA + GraphSAGE,3,5,qmof-8deddd1,qmof-4050181,0.0,,previous final-masked protocol distance
wide band gap insulating MOFs with low density,47,LEA + GraphSAGE,4,5,qmof-b1cbe7a,qmof-4050181,0.0,,previous final-masked protocol distance
wide band gap insulating MOFs with low density,47,MMR,1,2,qmof-8deddd1,qmof-b1cbe7a,0.0,,previous final-masked protocol distance
wide band gap insulating MOFs with low density,47,MMR,1,3,qmof-8deddd1,qmof-017128d,0.0,,previous final-masked protocol distance
wide band gap insulating MOFs with low density,47,MMR,1,4,qmof-8deddd1,qmof-c82daac,0.0,,previous final-masked protocol distance
wide band gap insulating MOFs with low density,47,MMR,1,5,qmof-8deddd1,qmof-175a5d9,0.0,,previous final-masked protocol distance
wide band gap insulating MOFs with low density,47,MMR,2,3,qmof-b1cbe7a,qmof-017128d,0.0,,previous final-masked protocol distance
wide band gap insulating MOFs with low density,47,MMR,2,4,qmof-b1cbe7a,qmof-c82daac,0.0,,previous final-masked protocol distance
wide band gap insulating MOFs with low density,47,MMR,2,5,qmof-b1cbe7a,qmof-175a5d9,0.0,,previous final-masked protocol distance
wide band gap insulating MOFs with low density,47,MMR,3,4,qmof-017128d,qmof-c82daac,0.0,,previous final-masked protocol distance
wide band gap insulating MOFs with low density,47,MMR,3,5,qmof-017128d,qmof-175a5d9,0.0,,previous final-masked protocol distance
wide band gap insulating MOFs with low density,47,MMR,4,5,qmof-c82daac,qmof-175a5d9,0.0,,previous final-masked protocol distance
wide band gap insulating MOFs with low density,47,ParetoCrowding,1,2,qmof-e3dcc4d,qmof-c82daac,0.0,,previous final-masked protocol distance
wide band gap insulating MOFs with low density,47,ParetoCrowding,1,3,qmof-e3dcc4d,qmof-b1cbe7a,0.0,,previous final-masked protocol distance
wide band gap insulating MOFs with low density,47,ParetoCrowding,1,4,qmof-e3dcc4d,qmof-a2d95c3,0.0,,previous final-masked protocol distance
wide band gap insulating MOFs with low density,47,ParetoCrowding,1,5,qmof-e3dcc4d,qmof-8deddd1,0.0,,previous final-masked protocol distance
wide band gap insulating MOFs with low density,47,ParetoCrowding,2,3,qmof-c82daac,qmof-b1cbe7a,0.0,,previous final-masked protocol distance
wide band gap insulating MOFs with low density,47,ParetoCrowding,2,4,qmof-c82daac,qmof-a2d95c3,0.0,,previous final-masked protocol distance
wide band gap insulating MOFs with low density,47,ParetoCrowding,2,5,qmof-c82daac,qmof-8deddd1,0.0,,previous final-masked protocol distance
wide band gap insulating MOFs with low density,47,ParetoCrowding,3,4,qmof-b1cbe7a,qmof-a2d95c3,0.0,,previous final-masked protocol distance
wide band gap insulating MOFs with low density,47,ParetoCrowding,3,5,qmof-b1cbe7a,qmof-8deddd1,0.0,,previous final-masked protocol distance
wide band gap insulating MOFs with low density,47,ParetoCrowding,4,5,qmof-a2d95c3,qmof-8deddd1,0.0,,previous final-masked protocol distance
wide band gap insulating MOFs with low density,47,Random,1,2,qmof-35d63dc,qmof-a4bad47,0.0,,previous final-masked protocol distance
wide band gap insulating MOFs with low density,47,Random,1,3,qmof-35d63dc,qmof-3133aaf,0.21213203435596428,,previous final-masked protocol distance
wide band gap insulating MOFs with low density,47,Random,1,4,qmof-35d63dc,qmof-07585fa,0.0,,previous final-masked protocol distance
wide band gap insulating MOFs with low density,47,Random,1,5,qmof-35d63dc,qmof-9c0d1a4,0.0,,previous final-masked protocol distance
wide band gap insulating MOFs with low density,47,Random,2,3,qmof-a4bad47,qmof-3133aaf,0.21213203435596428,,previous final-masked protocol distance
wide band gap insulating MOFs with low density,47,Random,2,4,qmof-a4bad47,qmof-07585fa,0.0,,previous final-masked protocol distance
wide band gap insulating MOFs with low density,47,Random,2,5,qmof-a4bad47,qmof-9c0d1a4,0.0,,previous final-masked protocol distance
wide band gap insulating MOFs with low density,47,Random,3,4,qmof-3133aaf,qmof-07585fa,0.21213203435596428,,previous final-masked protocol distance
wide band gap insulating MOFs with low density,47,Random,3,5,qmof-3133aaf,qmof-9c0d1a4,0.21213203435596428,,previous final-masked protocol distance
wide band gap insulating MOFs with low density,47,Random,4,5,qmof-07585fa,qmof-9c0d1a4,0.0,,previous final-masked protocol distance
wide band gap insulating MOFs with low density,47,SemanticOnly,1,2,qmof-ff1d9b8,qmof-f909d4e,0.0,,previous final-masked protocol distance
wide band gap insulating MOFs with low density,47,SemanticOnly,1,3,qmof-ff1d9b8,qmof-f6ebd2b,0.0,,previous final-masked protocol distance
wide band gap insulating MOFs with low density,47,SemanticOnly,1,4,qmof-ff1d9b8,qmof-ef21412,0.0,,previous final-masked protocol distance
wide band gap insulating MOFs with low density,47,SemanticOnly,1,5,qmof-ff1d9b8,qmof-ee73557,0.0,,previous final-masked protocol distance
wide band gap insulating MOFs with low density,47,SemanticOnly,2,3,qmof-f909d4e,qmof-f6ebd2b,0.0,,previous final-masked protocol distance
wide band gap insulating MOFs with low density,47,SemanticOnly,2,4,qmof-f909d4e,qmof-ef21412,0.0,,previous final-masked protocol distance
wide band gap insulating MOFs with low density,47,SemanticOnly,2,5,qmof-f909d4e,qmof-ee73557,0.0,,previous final-masked protocol distance
wide band gap insulating MOFs with low density,47,SemanticOnly,3,4,qmof-f6ebd2b,qmof-ef21412,0.0,,previous final-masked protocol distance
wide band gap insulating MOFs with low density,47,SemanticOnly,3,5,qmof-f6ebd2b,qmof-ee73557,0.0,,previous final-masked protocol distance
wide band gap insulating MOFs with low density,47,SemanticOnly,4,5,qmof-ef21412,qmof-ee73557,0.0,,previous final-masked protocol distance
wide band gap insulating MOFs with low density,47,TOPSIS,1,2,qmof-e3dcc4d,qmof-c82daac,0.0,,previous final-masked protocol distance
wide band gap insulating MOFs with low density,47,TOPSIS,1,3,qmof-e3dcc4d,qmof-b1cbe7a,0.0,,previous final-masked protocol distance
wide band gap insulating MOFs with low density,47,TOPSIS,1,4,qmof-e3dcc4d,qmof-a2d95c3,0.0,,previous final-masked protocol distance
wide band gap insulating MOFs with low density,47,TOPSIS,1,5,qmof-e3dcc4d,qmof-8deddd1,0.0,,previous final-masked protocol distance
wide band gap insulating MOFs with low density,47,TOPSIS,2,3,qmof-c82daac,qmof-b1cbe7a,0.0,,previous final-masked protocol distance
wide band gap insulating MOFs with low density,47,TOPSIS,2,4,qmof-c82daac,qmof-a2d95c3,0.0,,previous final-masked protocol distance
wide band gap insulating MOFs with low density,47,TOPSIS,2,5,qmof-c82daac,qmof-8deddd1,0.0,,previous final-masked protocol distance
wide band gap insulating MOFs with low density,47,TOPSIS,3,4,qmof-b1cbe7a,qmof-a2d95c3,0.0,,previous final-masked protocol distance
wide band gap insulating MOFs with low density,47,TOPSIS,3,5,qmof-b1cbe7a,qmof-8deddd1,0.0,,previous final-masked protocol distance
wide band gap insulating MOFs with low density,47,TOPSIS,4,5,qmof-a2d95c3,qmof-8deddd1,0.0,,previous final-masked protocol distance
wide band gap insulating MOFs with low density,47,WeightedSum,1,2,qmof-e3dcc4d,qmof-c82daac,0.0,,previous final-masked protocol distance
wide band gap insulating MOFs with low density,47,WeightedSum,1,3,qmof-e3dcc4d,qmof-b1cbe7a,0.0,,previous final-masked protocol distance
wide band gap insulating MOFs with low density,47,WeightedSum,1,4,qmof-e3dcc4d,qmof-a2d95c3,0.0,,previous final-masked protocol distance
wide band gap insulating MOFs with low density,47,WeightedSum,1,5,qmof-e3dcc4d,qmof-8deddd1,0.0,,previous final-masked protocol distance
wide band gap insulating MOFs with low density,47,WeightedSum,2,3,qmof-c82daac,qmof-b1cbe7a,0.0,,previous final-masked protocol distance
wide band gap insulating MOFs with low density,47,WeightedSum,2,4,qmof-c82daac,qmof-a2d95c3,0.0,,previous final-masked protocol distance
wide band gap insulating MOFs with low density,47,WeightedSum,2,5,qmof-c82daac,qmof-8deddd1,0.0,,previous final-masked protocol distance
wide band gap insulating MOFs with low density,47,WeightedSum,3,4,qmof-b1cbe7a,qmof-a2d95c3,0.0,,previous final-masked protocol distance
wide band gap insulating MOFs with low density,47,WeightedSum,3,5,qmof-b1cbe7a,qmof-8deddd1,0.0,,previous final-masked protocol distance
wide band gap insulating MOFs with low density,47,WeightedSum,4,5,qmof-a2d95c3,qmof-8deddd1,0.0,,previous final-masked protocol distance
wide band gap insulating MOFs with low density,48,GAT only,1,2,qmof-a2d95c3,qmof-175a5d9,0.0,,previous final-masked protocol distance
wide band gap insulating MOFs with low density,48,GAT only,1,3,qmof-a2d95c3,qmof-017128d,0.0,,previous final-masked protocol distance
wide band gap insulating MOFs with low density,48,GAT only,1,4,qmof-a2d95c3,qmof-e3dcc4d,0.0,,previous final-masked protocol distance
wide band gap insulating MOFs with low density,48,GAT only,1,5,qmof-a2d95c3,qmof-4050181,0.0,,previous final-masked protocol distance
wide band gap insulating MOFs with low density,48,GAT only,2,3,qmof-175a5d9,qmof-017128d,0.0,,previous final-masked protocol distance
wide band gap insulating MOFs with low density,48,GAT only,2,4,qmof-175a5d9,qmof-e3dcc4d,0.0,,previous final-masked protocol distance
wide band gap insulating MOFs with low density,48,GAT only,2,5,qmof-175a5d9,qmof-4050181,0.0,,previous final-masked protocol distance
wide band gap insulating MOFs with low density,48,GAT only,3,4,qmof-017128d,qmof-e3dcc4d,0.0,,previous final-masked protocol distance
wide band gap insulating MOFs with low density,48,GAT only,3,5,qmof-017128d,qmof-4050181,0.0,,previous final-masked protocol distance
wide band gap insulating MOFs with low density,48,GAT only,4,5,qmof-e3dcc4d,qmof-4050181,0.0,,previous final-masked protocol distance
wide band gap insulating MOFs with low density,48,GraphSAGE only,1,2,qmof-175a5d9,qmof-a2d95c3,0.0,,previous final-masked protocol distance
wide band gap insulating MOFs with low density,48,GraphSAGE only,1,3,qmof-175a5d9,qmof-8deddd1,0.0,,previous final-masked protocol distance
wide band gap insulating MOFs with low density,48,GraphSAGE only,1,4,qmof-175a5d9,qmof-b1cbe7a,0.0,,previous final-masked protocol distance
wide band gap insulating MOFs with low density,48,GraphSAGE only,1,5,qmof-175a5d9,qmof-4050181,0.0,,previous final-masked protocol distance
wide band gap insulating MOFs with low density,48,GraphSAGE only,2,3,qmof-a2d95c3,qmof-8deddd1,0.0,,previous final-masked protocol distance
wide band gap insulating MOFs with low density,48,GraphSAGE only,2,4,qmof-a2d95c3,qmof-b1cbe7a,0.0,,previous final-masked protocol distance
wide band gap insulating MOFs with low density,48,GraphSAGE only,2,5,qmof-a2d95c3,qmof-4050181,0.0,,previous final-masked protocol distance
wide band gap insulating MOFs with low density,48,GraphSAGE only,3,4,qmof-8deddd1,qmof-b1cbe7a,0.0,,previous final-masked protocol distance
wide band gap insulating MOFs with low density,48,GraphSAGE only,3,5,qmof-8deddd1,qmof-4050181,0.0,,previous final-masked protocol distance
wide band gap insulating MOFs with low density,48,GraphSAGE only,4,5,qmof-b1cbe7a,qmof-4050181,0.0,,previous final-masked protocol distance
wide band gap insulating MOFs with low density,48,LEA,1,2,qmof-c82daac,qmof-3133aaf,0.0,,previous final-masked protocol distance
wide band gap insulating MOFs with low density,48,LEA,1,3,qmof-c82daac,qmof-19d3c65,0.0,,previous final-masked protocol distance
wide band gap insulating MOFs with low density,48,LEA,1,4,qmof-c82daac,qmof-4050181,0.0,,previous final-masked protocol distance
wide band gap insulating MOFs with low density,48,LEA,1,5,qmof-c82daac,qmof-b1cbe7a,0.0,,previous final-masked protocol distance
wide band gap insulating MOFs with low density,48,LEA,2,3,qmof-3133aaf,qmof-19d3c65,0.0,,previous final-masked protocol distance
wide band gap insulating MOFs with low density,48,LEA,2,4,qmof-3133aaf,qmof-4050181,0.0,,previous final-masked protocol distance
wide band gap insulating MOFs with low density,48,LEA,2,5,qmof-3133aaf,qmof-b1cbe7a,0.0,,previous final-masked protocol distance
wide band gap insulating MOFs with low density,48,LEA,3,4,qmof-19d3c65,qmof-4050181,0.0,,previous final-masked protocol distance
wide band gap insulating MOFs with low density,48,LEA,3,5,qmof-19d3c65,qmof-b1cbe7a,0.0,,previous final-masked protocol distance
wide band gap insulating MOFs with low density,48,LEA,4,5,qmof-4050181,qmof-b1cbe7a,0.0,,previous final-masked protocol distance
wide band gap insulating MOFs with low density,48,LEA no diversity,1,2,qmof-c82daac,qmof-3133aaf,0.0,,previous final-masked protocol distance
wide band gap insulating MOFs with low density,48,LEA no diversity,1,3,qmof-c82daac,qmof-19d3c65,0.0,,previous final-masked protocol distance
wide band gap insulating MOFs with low density,48,LEA no diversity,1,4,qmof-c82daac,qmof-4050181,0.0,,previous final-masked protocol distance
wide band gap insulating MOFs with low density,48,LEA no diversity,1,5,qmof-c82daac,qmof-b1cbe7a,0.0,,previous final-masked protocol distance
wide band gap insulating MOFs with low density,48,LEA no diversity,2,3,qmof-3133aaf,qmof-19d3c65,0.0,,previous final-masked protocol distance
wide band gap insulating MOFs with low density,48,LEA no diversity,2,4,qmof-3133aaf,qmof-4050181,0.0,,previous final-masked protocol distance
wide band gap insulating MOFs with low density,48,LEA no diversity,2,5,qmof-3133aaf,qmof-b1cbe7a,0.0,,previous final-masked protocol distance
wide band gap insulating MOFs with low density,48,LEA no diversity,3,4,qmof-19d3c65,qmof-4050181,0.0,,previous final-masked protocol distance
wide band gap insulating MOFs with low density,48,LEA no diversity,3,5,qmof-19d3c65,qmof-b1cbe7a,0.0,,previous final-masked protocol distance
wide band gap insulating MOFs with low density,48,LEA no diversity,4,5,qmof-4050181,qmof-b1cbe7a,0.0,,previous final-masked protocol distance
wide band gap insulating MOFs with low density,48,LEA no self-cleaning,1,2,qmof-c82daac,qmof-3133aaf,0.0,,previous final-masked protocol distance
wide band gap insulating MOFs with low density,48,LEA no self-cleaning,1,3,qmof-c82daac,qmof-19d3c65,0.0,,previous final-masked protocol distance
wide band gap insulating MOFs with low density,48,LEA no self-cleaning,1,4,qmof-c82daac,qmof-4050181,0.0,,previous final-masked protocol distance
wide band gap insulating MOFs with low density,48,LEA no self-cleaning,1,5,qmof-c82daac,qmof-b1cbe7a,0.0,,previous final-masked protocol distance
wide band gap insulating MOFs with low density,48,LEA no self-cleaning,2,3,qmof-3133aaf,qmof-19d3c65,0.0,,previous final-masked protocol distance
wide band gap insulating MOFs with low density,48,LEA no self-cleaning,2,4,qmof-3133aaf,qmof-4050181,0.0,,previous final-masked protocol distance
wide band gap insulating MOFs with low density,48,LEA no self-cleaning,2,5,qmof-3133aaf,qmof-b1cbe7a,0.0,,previous final-masked protocol distance
wide band gap insulating MOFs with low density,48,LEA no self-cleaning,3,4,qmof-19d3c65,qmof-4050181,0.0,,previous final-masked protocol distance
wide band gap insulating MOFs with low density,48,LEA no self-cleaning,3,5,qmof-19d3c65,qmof-b1cbe7a,0.0,,previous final-masked protocol distance
wide band gap insulating MOFs with low density,48,LEA no self-cleaning,4,5,qmof-4050181,qmof-b1cbe7a,0.0,,previous final-masked protocol distance
wide band gap insulating MOFs with low density,48,LEA + GAT,1,2,qmof-a2d95c3,qmof-175a5d9,0.0,,previous final-masked protocol distance
wide band gap insulating MOFs with low density,48,LEA + GAT,1,3,qmof-a2d95c3,qmof-017128d,0.0,,previous final-masked protocol distance
wide band gap insulating MOFs with low density,48,LEA + GAT,1,4,qmof-a2d95c3,qmof-e3dcc4d,0.0,,previous final-masked protocol distance
wide band gap insulating MOFs with low density,48,LEA + GAT,1,5,qmof-a2d95c3,qmof-4050181,0.0,,previous final-masked protocol distance
wide band gap insulating MOFs with low density,48,LEA + GAT,2,3,qmof-175a5d9,qmof-017128d,0.0,,previous final-masked protocol distance
wide band gap insulating MOFs with low density,48,LEA + GAT,2,4,qmof-175a5d9,qmof-e3dcc4d,0.0,,previous final-masked protocol distance
wide band gap insulating MOFs with low density,48,LEA + GAT,2,5,qmof-175a5d9,qmof-4050181,0.0,,previous final-masked protocol distance
wide band gap insulating MOFs with low density,48,LEA + GAT,3,4,qmof-017128d,qmof-e3dcc4d,0.0,,previous final-masked protocol distance
wide band gap insulating MOFs with low density,48,LEA + GAT,3,5,qmof-017128d,qmof-4050181,0.0,,previous final-masked protocol distance
wide band gap insulating MOFs with low density,48,LEA + GAT,4,5,qmof-e3dcc4d,qmof-4050181,0.0,,previous final-masked protocol distance
wide band gap insulating MOFs with low density,48,LEA + GraphSAGE,1,2,qmof-175a5d9,qmof-a2d95c3,0.0,,previous final-masked protocol distance
wide band gap insulating MOFs with low density,48,LEA + GraphSAGE,1,3,qmof-175a5d9,qmof-8deddd1,0.0,,previous final-masked protocol distance
wide band gap insulating MOFs with low density,48,LEA + GraphSAGE,1,4,qmof-175a5d9,qmof-b1cbe7a,0.0,,previous final-masked protocol distance
wide band gap insulating MOFs with low density,48,LEA + GraphSAGE,1,5,qmof-175a5d9,qmof-4050181,0.0,,previous final-masked protocol distance
wide band gap insulating MOFs with low density,48,LEA + GraphSAGE,2,3,qmof-a2d95c3,qmof-8deddd1,0.0,,previous final-masked protocol distance
wide band gap insulating MOFs with low density,48,LEA + GraphSAGE,2,4,qmof-a2d95c3,qmof-b1cbe7a,0.0,,previous final-masked protocol distance
wide band gap insulating MOFs with low density,48,LEA + GraphSAGE,2,5,qmof-a2d95c3,qmof-4050181,0.0,,previous final-masked protocol distance
wide band gap insulating MOFs with low density,48,LEA + GraphSAGE,3,4,qmof-8deddd1,qmof-b1cbe7a,0.0,,previous final-masked protocol distance
wide band gap insulating MOFs with low density,48,LEA + GraphSAGE,3,5,qmof-8deddd1,qmof-4050181,0.0,,previous final-masked protocol distance
wide band gap insulating MOFs with low density,48,LEA + GraphSAGE,4,5,qmof-b1cbe7a,qmof-4050181,0.0,,previous final-masked protocol distance
wide band gap insulating MOFs with low density,48,MMR,1,2,qmof-175a5d9,qmof-017128d,0.0,,previous final-masked protocol distance
wide band gap insulating MOFs with low density,48,MMR,1,3,qmof-175a5d9,qmof-694fdb2,0.0,,previous final-masked protocol distance
wide band gap insulating MOFs with low density,48,MMR,1,4,qmof-175a5d9,qmof-8deddd1,0.0,,previous final-masked protocol distance
wide band gap insulating MOFs with low density,48,MMR,1,5,qmof-175a5d9,qmof-e3dcc4d,0.0,,previous final-masked protocol distance
wide band gap insulating MOFs with low density,48,MMR,2,3,qmof-017128d,qmof-694fdb2,0.0,,previous final-masked protocol distance
wide band gap insulating MOFs with low density,48,MMR,2,4,qmof-017128d,qmof-8deddd1,0.0,,previous final-masked protocol distance
wide band gap insulating MOFs with low density,48,MMR,2,5,qmof-017128d,qmof-e3dcc4d,0.0,,previous final-masked protocol distance
wide band gap insulating MOFs with low density,48,MMR,3,4,qmof-694fdb2,qmof-8deddd1,0.0,,previous final-masked protocol distance
wide band gap insulating MOFs with low density,48,MMR,3,5,qmof-694fdb2,qmof-e3dcc4d,0.0,,previous final-masked protocol distance
wide band gap insulating MOFs with low density,48,MMR,4,5,qmof-8deddd1,qmof-e3dcc4d,0.0,,previous final-masked protocol distance
wide band gap insulating MOFs with low density,48,ParetoCrowding,1,2,qmof-e3dcc4d,qmof-c82daac,0.0,,previous final-masked protocol distance
wide band gap insulating MOFs with low density,48,ParetoCrowding,1,3,qmof-e3dcc4d,qmof-b1cbe7a,0.0,,previous final-masked protocol distance
wide band gap insulating MOFs with low density,48,ParetoCrowding,1,4,qmof-e3dcc4d,qmof-a2d95c3,0.0,,previous final-masked protocol distance
wide band gap insulating MOFs with low density,48,ParetoCrowding,1,5,qmof-e3dcc4d,qmof-8deddd1,0.0,,previous final-masked protocol distance
wide band gap insulating MOFs with low density,48,ParetoCrowding,2,3,qmof-c82daac,qmof-b1cbe7a,0.0,,previous final-masked protocol distance
wide band gap insulating MOFs with low density,48,ParetoCrowding,2,4,qmof-c82daac,qmof-a2d95c3,0.0,,previous final-masked protocol distance
wide band gap insulating MOFs with low density,48,ParetoCrowding,2,5,qmof-c82daac,qmof-8deddd1,0.0,,previous final-masked protocol distance
wide band gap insulating MOFs with low density,48,ParetoCrowding,3,4,qmof-b1cbe7a,qmof-a2d95c3,0.0,,previous final-masked protocol distance
wide band gap insulating MOFs with low density,48,ParetoCrowding,3,5,qmof-b1cbe7a,qmof-8deddd1,0.0,,previous final-masked protocol distance
wide band gap insulating MOFs with low density,48,ParetoCrowding,4,5,qmof-a2d95c3,qmof-8deddd1,0.0,,previous final-masked protocol distance
wide band gap insulating MOFs with low density,48,Random,1,2,qmof-f91eaa7,qmof-f815bf7,0.0,,previous final-masked protocol distance
wide band gap insulating MOFs with low density,48,Random,1,3,qmof-f91eaa7,qmof-2915b01,0.0,,previous final-masked protocol distance
wide band gap insulating MOFs with low density,48,Random,1,4,qmof-f91eaa7,qmof-e98c409,0.0,,previous final-masked protocol distance
wide band gap insulating MOFs with low density,48,Random,1,5,qmof-f91eaa7,qmof-1f7045e,0.0,,previous final-masked protocol distance
wide band gap insulating MOFs with low density,48,Random,2,3,qmof-f815bf7,qmof-2915b01,0.0,,previous final-masked protocol distance
wide band gap insulating MOFs with low density,48,Random,2,4,qmof-f815bf7,qmof-e98c409,0.0,,previous final-masked protocol distance
wide band gap insulating MOFs with low density,48,Random,2,5,qmof-f815bf7,qmof-1f7045e,0.0,,previous final-masked protocol distance
wide band gap insulating MOFs with low density,48,Random,3,4,qmof-2915b01,qmof-e98c409,0.0,,previous final-masked protocol distance
wide band gap insulating MOFs with low density,48,Random,3,5,qmof-2915b01,qmof-1f7045e,0.0,,previous final-masked protocol distance
wide band gap insulating MOFs with low density,48,Random,4,5,qmof-e98c409,qmof-1f7045e,0.0,,previous final-masked protocol distance
wide band gap insulating MOFs with low density,48,SemanticOnly,1,2,qmof-f9e6ec3,qmof-f91eaa7,0.0,,previous final-masked protocol distance
wide band gap insulating MOFs with low density,48,SemanticOnly,1,3,qmof-f9e6ec3,qmof-f815bf7,0.0,,previous final-masked protocol distance
wide band gap insulating MOFs with low density,48,SemanticOnly,1,4,qmof-f9e6ec3,qmof-f7e01af,0.0,,previous final-masked protocol distance
wide band gap insulating MOFs with low density,48,SemanticOnly,1,5,qmof-f9e6ec3,qmof-f790024,0.0,,previous final-masked protocol distance
wide band gap insulating MOFs with low density,48,SemanticOnly,2,3,qmof-f91eaa7,qmof-f815bf7,0.0,,previous final-masked protocol distance
wide band gap insulating MOFs with low density,48,SemanticOnly,2,4,qmof-f91eaa7,qmof-f7e01af,0.0,,previous final-masked protocol distance
wide band gap insulating MOFs with low density,48,SemanticOnly,2,5,qmof-f91eaa7,qmof-f790024,0.0,,previous final-masked protocol distance
wide band gap insulating MOFs with low density,48,SemanticOnly,3,4,qmof-f815bf7,qmof-f7e01af,0.0,,previous final-masked protocol distance
wide band gap insulating MOFs with low density,48,SemanticOnly,3,5,qmof-f815bf7,qmof-f790024,0.0,,previous final-masked protocol distance
wide band gap insulating MOFs with low density,48,SemanticOnly,4,5,qmof-f7e01af,qmof-f790024,0.0,,previous final-masked protocol distance
wide band gap insulating MOFs with low density,48,TOPSIS,1,2,qmof-e3dcc4d,qmof-c82daac,0.0,,previous final-masked protocol distance
wide band gap insulating MOFs with low density,48,TOPSIS,1,3,qmof-e3dcc4d,qmof-b1cbe7a,0.0,,previous final-masked protocol distance
wide band gap insulating MOFs with low density,48,TOPSIS,1,4,qmof-e3dcc4d,qmof-a2d95c3,0.0,,previous final-masked protocol distance
wide band gap insulating MOFs with low density,48,TOPSIS,1,5,qmof-e3dcc4d,qmof-8deddd1,0.0,,previous final-masked protocol distance
wide band gap insulating MOFs with low density,48,TOPSIS,2,3,qmof-c82daac,qmof-b1cbe7a,0.0,,previous final-masked protocol distance
wide band gap insulating MOFs with low density,48,TOPSIS,2,4,qmof-c82daac,qmof-a2d95c3,0.0,,previous final-masked protocol distance
wide band gap insulating MOFs with low density,48,TOPSIS,2,5,qmof-c82daac,qmof-8deddd1,0.0,,previous final-masked protocol distance
wide band gap insulating MOFs with low density,48,TOPSIS,3,4,qmof-b1cbe7a,qmof-a2d95c3,0.0,,previous final-masked protocol distance
wide band gap insulating MOFs with low density,48,TOPSIS,3,5,qmof-b1cbe7a,qmof-8deddd1,0.0,,previous final-masked protocol distance
wide band gap insulating MOFs with low density,48,TOPSIS,4,5,qmof-a2d95c3,qmof-8deddd1,0.0,,previous final-masked protocol distance
wide band gap insulating MOFs with low density,48,WeightedSum,1,2,qmof-e3dcc4d,qmof-c82daac,0.0,,previous final-masked protocol distance
wide band gap insulating MOFs with low density,48,WeightedSum,1,3,qmof-e3dcc4d,qmof-b1cbe7a,0.0,,previous final-masked protocol distance
wide band gap insulating MOFs with low density,48,WeightedSum,1,4,qmof-e3dcc4d,qmof-a2d95c3,0.0,,previous final-masked protocol distance
wide band gap insulating MOFs with low density,48,WeightedSum,1,5,qmof-e3dcc4d,qmof-8deddd1,0.0,,previous final-masked protocol distance
wide band gap insulating MOFs with low density,48,WeightedSum,2,3,qmof-c82daac,qmof-b1cbe7a,0.0,,previous final-masked protocol distance
wide band gap insulating MOFs with low density,48,WeightedSum,2,4,qmof-c82daac,qmof-a2d95c3,0.0,,previous final-masked protocol distance
wide band gap insulating MOFs with low density,48,WeightedSum,2,5,qmof-c82daac,qmof-8deddd1,0.0,,previous final-masked protocol distance
wide band gap insulating MOFs with low density,48,WeightedSum,3,4,qmof-b1cbe7a,qmof-a2d95c3,0.0,,previous final-masked protocol distance
wide band gap insulating MOFs with low density,48,WeightedSum,3,5,qmof-b1cbe7a,qmof-8deddd1,0.0,,previous final-masked protocol distance
wide band gap insulating MOFs with low density,48,WeightedSum,4,5,qmof-a2d95c3,qmof-8deddd1,0.0,,previous final-masked protocol distance
wide band gap insulating MOFs with low density,49,GAT only,1,2,qmof-a2d95c3,qmof-175a5d9,0.0,,previous final-masked protocol distance
wide band gap insulating MOFs with low density,49,GAT only,1,3,qmof-a2d95c3,qmof-017128d,0.0,,previous final-masked protocol distance
wide band gap insulating MOFs with low density,49,GAT only,1,4,qmof-a2d95c3,qmof-e3dcc4d,0.0,,previous final-masked protocol distance
wide band gap insulating MOFs with low density,49,GAT only,1,5,qmof-a2d95c3,qmof-4050181,0.0,,previous final-masked protocol distance
wide band gap insulating MOFs with low density,49,GAT only,2,3,qmof-175a5d9,qmof-017128d,0.0,,previous final-masked protocol distance
wide band gap insulating MOFs with low density,49,GAT only,2,4,qmof-175a5d9,qmof-e3dcc4d,0.0,,previous final-masked protocol distance
wide band gap insulating MOFs with low density,49,GAT only,2,5,qmof-175a5d9,qmof-4050181,0.0,,previous final-masked protocol distance
wide band gap insulating MOFs with low density,49,GAT only,3,4,qmof-017128d,qmof-e3dcc4d,0.0,,previous final-masked protocol distance
wide band gap insulating MOFs with low density,49,GAT only,3,5,qmof-017128d,qmof-4050181,0.0,,previous final-masked protocol distance
wide band gap insulating MOFs with low density,49,GAT only,4,5,qmof-e3dcc4d,qmof-4050181,0.0,,previous final-masked protocol distance
wide band gap insulating MOFs with low density,49,GraphSAGE only,1,2,qmof-175a5d9,qmof-a2d95c3,0.0,,previous final-masked protocol distance
wide band gap insulating MOFs with low density,49,GraphSAGE only,1,3,qmof-175a5d9,qmof-8deddd1,0.0,,previous final-masked protocol distance
wide band gap insulating MOFs with low density,49,GraphSAGE only,1,4,qmof-175a5d9,qmof-b1cbe7a,0.0,,previous final-masked protocol distance
wide band gap insulating MOFs with low density,49,GraphSAGE only,1,5,qmof-175a5d9,qmof-4050181,0.0,,previous final-masked protocol distance
wide band gap insulating MOFs with low density,49,GraphSAGE only,2,3,qmof-a2d95c3,qmof-8deddd1,0.0,,previous final-masked protocol distance
wide band gap insulating MOFs with low density,49,GraphSAGE only,2,4,qmof-a2d95c3,qmof-b1cbe7a,0.0,,previous final-masked protocol distance
wide band gap insulating MOFs with low density,49,GraphSAGE only,2,5,qmof-a2d95c3,qmof-4050181,0.0,,previous final-masked protocol distance
wide band gap insulating MOFs with low density,49,GraphSAGE only,3,4,qmof-8deddd1,qmof-b1cbe7a,0.0,,previous final-masked protocol distance
wide band gap insulating MOFs with low density,49,GraphSAGE only,3,5,qmof-8deddd1,qmof-4050181,0.0,,previous final-masked protocol distance
wide band gap insulating MOFs with low density,49,GraphSAGE only,4,5,qmof-b1cbe7a,qmof-4050181,0.0,,previous final-masked protocol distance
wide band gap insulating MOFs with low density,49,LEA,1,2,qmof-4f9c014,qmof-694fdb2,0.0,,previous final-masked protocol distance
wide band gap insulating MOFs with low density,49,LEA,1,3,qmof-4f9c014,qmof-b1cbe7a,0.0,,previous final-masked protocol distance
wide band gap insulating MOFs with low density,49,LEA,1,4,qmof-4f9c014,qmof-175a5d9,0.0,,previous final-masked protocol distance
wide band gap insulating MOFs with low density,49,LEA,1,5,qmof-4f9c014,qmof-c82daac,0.0,,previous final-masked protocol distance
wide band gap insulating MOFs with low density,49,LEA,2,3,qmof-694fdb2,qmof-b1cbe7a,0.0,,previous final-masked protocol distance
wide band gap insulating MOFs with low density,49,LEA,2,4,qmof-694fdb2,qmof-175a5d9,0.0,,previous final-masked protocol distance
wide band gap insulating MOFs with low density,49,LEA,2,5,qmof-694fdb2,qmof-c82daac,0.0,,previous final-masked protocol distance
wide band gap insulating MOFs with low density,49,LEA,3,4,qmof-b1cbe7a,qmof-175a5d9,0.0,,previous final-masked protocol distance
wide band gap insulating MOFs with low density,49,LEA,3,5,qmof-b1cbe7a,qmof-c82daac,0.0,,previous final-masked protocol distance
wide band gap insulating MOFs with low density,49,LEA,4,5,qmof-175a5d9,qmof-c82daac,0.0,,previous final-masked protocol distance
wide band gap insulating MOFs with low density,49,LEA no diversity,1,2,qmof-4f9c014,qmof-694fdb2,0.0,,previous final-masked protocol distance
wide band gap insulating MOFs with low density,49,LEA no diversity,1,3,qmof-4f9c014,qmof-b1cbe7a,0.0,,previous final-masked protocol distance
wide band gap insulating MOFs with low density,49,LEA no diversity,1,4,qmof-4f9c014,qmof-175a5d9,0.0,,previous final-masked protocol distance
wide band gap insulating MOFs with low density,49,LEA no diversity,1,5,qmof-4f9c014,qmof-c82daac,0.0,,previous final-masked protocol distance
wide band gap insulating MOFs with low density,49,LEA no diversity,2,3,qmof-694fdb2,qmof-b1cbe7a,0.0,,previous final-masked protocol distance
wide band gap insulating MOFs with low density,49,LEA no diversity,2,4,qmof-694fdb2,qmof-175a5d9,0.0,,previous final-masked protocol distance
wide band gap insulating MOFs with low density,49,LEA no diversity,2,5,qmof-694fdb2,qmof-c82daac,0.0,,previous final-masked protocol distance
wide band gap insulating MOFs with low density,49,LEA no diversity,3,4,qmof-b1cbe7a,qmof-175a5d9,0.0,,previous final-masked protocol distance
wide band gap insulating MOFs with low density,49,LEA no diversity,3,5,qmof-b1cbe7a,qmof-c82daac,0.0,,previous final-masked protocol distance
wide band gap insulating MOFs with low density,49,LEA no diversity,4,5,qmof-175a5d9,qmof-c82daac,0.0,,previous final-masked protocol distance
wide band gap insulating MOFs with low density,49,LEA no self-cleaning,1,2,qmof-4f9c014,qmof-694fdb2,0.0,,previous final-masked protocol distance
wide band gap insulating MOFs with low density,49,LEA no self-cleaning,1,3,qmof-4f9c014,qmof-b1cbe7a,0.0,,previous final-masked protocol distance
wide band gap insulating MOFs with low density,49,LEA no self-cleaning,1,4,qmof-4f9c014,qmof-175a5d9,0.0,,previous final-masked protocol distance
wide band gap insulating MOFs with low density,49,LEA no self-cleaning,1,5,qmof-4f9c014,qmof-c82daac,0.0,,previous final-masked protocol distance
wide band gap insulating MOFs with low density,49,LEA no self-cleaning,2,3,qmof-694fdb2,qmof-b1cbe7a,0.0,,previous final-masked protocol distance
wide band gap insulating MOFs with low density,49,LEA no self-cleaning,2,4,qmof-694fdb2,qmof-175a5d9,0.0,,previous final-masked protocol distance
wide band gap insulating MOFs with low density,49,LEA no self-cleaning,2,5,qmof-694fdb2,qmof-c82daac,0.0,,previous final-masked protocol distance
wide band gap insulating MOFs with low density,49,LEA no self-cleaning,3,4,qmof-b1cbe7a,qmof-175a5d9,0.0,,previous final-masked protocol distance
wide band gap insulating MOFs with low density,49,LEA no self-cleaning,3,5,qmof-b1cbe7a,qmof-c82daac,0.0,,previous final-masked protocol distance
wide band gap insulating MOFs with low density,49,LEA no self-cleaning,4,5,qmof-175a5d9,qmof-c82daac,0.0,,previous final-masked protocol distance
wide band gap insulating MOFs with low density,49,LEA + GAT,1,2,qmof-a2d95c3,qmof-175a5d9,0.0,,previous final-masked protocol distance
wide band gap insulating MOFs with low density,49,LEA + GAT,1,3,qmof-a2d95c3,qmof-017128d,0.0,,previous final-masked protocol distance
wide band gap insulating MOFs with low density,49,LEA + GAT,1,4,qmof-a2d95c3,qmof-e3dcc4d,0.0,,previous final-masked protocol distance
wide band gap insulating MOFs with low density,49,LEA + GAT,1,5,qmof-a2d95c3,qmof-4050181,0.0,,previous final-masked protocol distance
wide band gap insulating MOFs with low density,49,LEA + GAT,2,3,qmof-175a5d9,qmof-017128d,0.0,,previous final-masked protocol distance
wide band gap insulating MOFs with low density,49,LEA + GAT,2,4,qmof-175a5d9,qmof-e3dcc4d,0.0,,previous final-masked protocol distance
wide band gap insulating MOFs with low density,49,LEA + GAT,2,5,qmof-175a5d9,qmof-4050181,0.0,,previous final-masked protocol distance
wide band gap insulating MOFs with low density,49,LEA + GAT,3,4,qmof-017128d,qmof-e3dcc4d,0.0,,previous final-masked protocol distance
wide band gap insulating MOFs with low density,49,LEA + GAT,3,5,qmof-017128d,qmof-4050181,0.0,,previous final-masked protocol distance
wide band gap insulating MOFs with low density,49,LEA + GAT,4,5,qmof-e3dcc4d,qmof-4050181,0.0,,previous final-masked protocol distance
wide band gap insulating MOFs with low density,49,LEA + GraphSAGE,1,2,qmof-175a5d9,qmof-a2d95c3,0.0,,previous final-masked protocol distance
wide band gap insulating MOFs with low density,49,LEA + GraphSAGE,1,3,qmof-175a5d9,qmof-8deddd1,0.0,,previous final-masked protocol distance
wide band gap insulating MOFs with low density,49,LEA + GraphSAGE,1,4,qmof-175a5d9,qmof-b1cbe7a,0.0,,previous final-masked protocol distance
wide band gap insulating MOFs with low density,49,LEA + GraphSAGE,1,5,qmof-175a5d9,qmof-4050181,0.0,,previous final-masked protocol distance
wide band gap insulating MOFs with low density,49,LEA + GraphSAGE,2,3,qmof-a2d95c3,qmof-8deddd1,0.0,,previous final-masked protocol distance
wide band gap insulating MOFs with low density,49,LEA + GraphSAGE,2,4,qmof-a2d95c3,qmof-b1cbe7a,0.0,,previous final-masked protocol distance
wide band gap insulating MOFs with low density,49,LEA + GraphSAGE,2,5,qmof-a2d95c3,qmof-4050181,0.0,,previous final-masked protocol distance
wide band gap insulating MOFs with low density,49,LEA + GraphSAGE,3,4,qmof-8deddd1,qmof-b1cbe7a,0.0,,previous final-masked protocol distance
wide band gap insulating MOFs with low density,49,LEA + GraphSAGE,3,5,qmof-8deddd1,qmof-4050181,0.0,,previous final-masked protocol distance
wide band gap insulating MOFs with low density,49,LEA + GraphSAGE,4,5,qmof-b1cbe7a,qmof-4050181,0.0,,previous final-masked protocol distance
wide band gap insulating MOFs with low density,49,MMR,1,2,qmof-3133aaf,qmof-e3dcc4d,0.0,,previous final-masked protocol distance
wide band gap insulating MOFs with low density,49,MMR,1,3,qmof-3133aaf,qmof-017128d,0.0,,previous final-masked protocol distance
wide band gap insulating MOFs with low density,49,MMR,1,4,qmof-3133aaf,qmof-4050181,0.0,,previous final-masked protocol distance
wide band gap insulating MOFs with low density,49,MMR,1,5,qmof-3133aaf,qmof-19d3c65,0.0,,previous final-masked protocol distance
wide band gap insulating MOFs with low density,49,MMR,2,3,qmof-e3dcc4d,qmof-017128d,0.0,,previous final-masked protocol distance
wide band gap insulating MOFs with low density,49,MMR,2,4,qmof-e3dcc4d,qmof-4050181,0.0,,previous final-masked protocol distance
wide band gap insulating MOFs with low density,49,MMR,2,5,qmof-e3dcc4d,qmof-19d3c65,0.0,,previous final-masked protocol distance
wide band gap insulating MOFs with low density,49,MMR,3,4,qmof-017128d,qmof-4050181,0.0,,previous final-masked protocol distance
wide band gap insulating MOFs with low density,49,MMR,3,5,qmof-017128d,qmof-19d3c65,0.0,,previous final-masked protocol distance
wide band gap insulating MOFs with low density,49,MMR,4,5,qmof-4050181,qmof-19d3c65,0.0,,previous final-masked protocol distance
wide band gap insulating MOFs with low density,49,ParetoCrowding,1,2,qmof-e3dcc4d,qmof-c82daac,0.0,,previous final-masked protocol distance
wide band gap insulating MOFs with low density,49,ParetoCrowding,1,3,qmof-e3dcc4d,qmof-b1cbe7a,0.0,,previous final-masked protocol distance
wide band gap insulating MOFs with low density,49,ParetoCrowding,1,4,qmof-e3dcc4d,qmof-a2d95c3,0.0,,previous final-masked protocol distance
wide band gap insulating MOFs with low density,49,ParetoCrowding,1,5,qmof-e3dcc4d,qmof-8deddd1,0.0,,previous final-masked protocol distance
wide band gap insulating MOFs with low density,49,ParetoCrowding,2,3,qmof-c82daac,qmof-b1cbe7a,0.0,,previous final-masked protocol distance
wide band gap insulating MOFs with low density,49,ParetoCrowding,2,4,qmof-c82daac,qmof-a2d95c3,0.0,,previous final-masked protocol distance
wide band gap insulating MOFs with low density,49,ParetoCrowding,2,5,qmof-c82daac,qmof-8deddd1,0.0,,previous final-masked protocol distance
wide band gap insulating MOFs with low density,49,ParetoCrowding,3,4,qmof-b1cbe7a,qmof-a2d95c3,0.0,,previous final-masked protocol distance
wide band gap insulating MOFs with low density,49,ParetoCrowding,3,5,qmof-b1cbe7a,qmof-8deddd1,0.0,,previous final-masked protocol distance
wide band gap insulating MOFs with low density,49,ParetoCrowding,4,5,qmof-a2d95c3,qmof-8deddd1,0.0,,previous final-masked protocol distance
wide band gap insulating MOFs with low density,49,Random,1,2,qmof-2fd988a,qmof-781d4d1,0.0,,previous final-masked protocol distance
wide band gap insulating MOFs with low density,49,Random,1,3,qmof-2fd988a,qmof-57605e0,0.0,,previous final-masked protocol distance
wide band gap insulating MOFs with low density,49,Random,1,4,qmof-2fd988a,qmof-4f2905b,0.0,,previous final-masked protocol distance
wide band gap insulating MOFs with low density,49,Random,1,5,qmof-2fd988a,qmof-3288dd3,0.0,,previous final-masked protocol distance
wide band gap insulating MOFs with low density,49,Random,2,3,qmof-781d4d1,qmof-57605e0,0.0,,previous final-masked protocol distance
wide band gap insulating MOFs with low density,49,Random,2,4,qmof-781d4d1,qmof-4f2905b,0.0,,previous final-masked protocol distance
wide band gap insulating MOFs with low density,49,Random,2,5,qmof-781d4d1,qmof-3288dd3,0.0,,previous final-masked protocol distance
wide band gap insulating MOFs with low density,49,Random,3,4,qmof-57605e0,qmof-4f2905b,0.0,,previous final-masked protocol distance
wide band gap insulating MOFs with low density,49,Random,3,5,qmof-57605e0,qmof-3288dd3,0.0,,previous final-masked protocol distance
wide band gap insulating MOFs with low density,49,Random,4,5,qmof-4f2905b,qmof-3288dd3,0.0,,previous final-masked protocol distance
wide band gap insulating MOFs with low density,49,SemanticOnly,1,2,qmof-fb12235,qmof-faedf85,0.0,,previous final-masked protocol distance
wide band gap insulating MOFs with low density,49,SemanticOnly,1,3,qmof-fb12235,qmof-fa69f14,0.0,,previous final-masked protocol distance
wide band gap insulating MOFs with low density,49,SemanticOnly,1,4,qmof-fb12235,qmof-f6ebd2b,0.0,,previous final-masked protocol distance
wide band gap insulating MOFs with low density,49,SemanticOnly,1,5,qmof-fb12235,qmof-f69b853,0.0,,previous final-masked protocol distance
wide band gap insulating MOFs with low density,49,SemanticOnly,2,3,qmof-faedf85,qmof-fa69f14,0.0,,previous final-masked protocol distance
wide band gap insulating MOFs with low density,49,SemanticOnly,2,4,qmof-faedf85,qmof-f6ebd2b,0.0,,previous final-masked protocol distance
wide band gap insulating MOFs with low density,49,SemanticOnly,2,5,qmof-faedf85,qmof-f69b853,0.0,,previous final-masked protocol distance
wide band gap insulating MOFs with low density,49,SemanticOnly,3,4,qmof-fa69f14,qmof-f6ebd2b,0.0,,previous final-masked protocol distance
wide band gap insulating MOFs with low density,49,SemanticOnly,3,5,qmof-fa69f14,qmof-f69b853,0.0,,previous final-masked protocol distance
wide band gap insulating MOFs with low density,49,SemanticOnly,4,5,qmof-f6ebd2b,qmof-f69b853,0.0,,previous final-masked protocol distance
wide band gap insulating MOFs with low density,49,TOPSIS,1,2,qmof-e3dcc4d,qmof-c82daac,0.0,,previous final-masked protocol distance
wide band gap insulating MOFs with low density,49,TOPSIS,1,3,qmof-e3dcc4d,qmof-b1cbe7a,0.0,,previous final-masked protocol distance
wide band gap insulating MOFs with low density,49,TOPSIS,1,4,qmof-e3dcc4d,qmof-a2d95c3,0.0,,previous final-masked protocol distance
wide band gap insulating MOFs with low density,49,TOPSIS,1,5,qmof-e3dcc4d,qmof-8deddd1,0.0,,previous final-masked protocol distance
wide band gap insulating MOFs with low density,49,TOPSIS,2,3,qmof-c82daac,qmof-b1cbe7a,0.0,,previous final-masked protocol distance
wide band gap insulating MOFs with low density,49,TOPSIS,2,4,qmof-c82daac,qmof-a2d95c3,0.0,,previous final-masked protocol distance
wide band gap insulating MOFs with low density,49,TOPSIS,2,5,qmof-c82daac,qmof-8deddd1,0.0,,previous final-masked protocol distance
wide band gap insulating MOFs with low density,49,TOPSIS,3,4,qmof-b1cbe7a,qmof-a2d95c3,0.0,,previous final-masked protocol distance
wide band gap insulating MOFs with low density,49,TOPSIS,3,5,qmof-b1cbe7a,qmof-8deddd1,0.0,,previous final-masked protocol distance
wide band gap insulating MOFs with low density,49,TOPSIS,4,5,qmof-a2d95c3,qmof-8deddd1,0.0,,previous final-masked protocol distance
wide band gap insulating MOFs with low density,49,WeightedSum,1,2,qmof-e3dcc4d,qmof-c82daac,0.0,,previous final-masked protocol distance
wide band gap insulating MOFs with low density,49,WeightedSum,1,3,qmof-e3dcc4d,qmof-b1cbe7a,0.0,,previous final-masked protocol distance
wide band gap insulating MOFs with low density,49,WeightedSum,1,4,qmof-e3dcc4d,qmof-a2d95c3,0.0,,previous final-masked protocol distance
wide band gap insulating MOFs with low density,49,WeightedSum,1,5,qmof-e3dcc4d,qmof-8deddd1,0.0,,previous final-masked protocol distance
wide band gap insulating MOFs with low density,49,WeightedSum,2,3,qmof-c82daac,qmof-b1cbe7a,0.0,,previous final-masked protocol distance
wide band gap insulating MOFs with low density,49,WeightedSum,2,4,qmof-c82daac,qmof-a2d95c3,0.0,,previous final-masked protocol distance
wide band gap insulating MOFs with low density,49,WeightedSum,2,5,qmof-c82daac,qmof-8deddd1,0.0,,previous final-masked protocol distance
wide band gap insulating MOFs with low density,49,WeightedSum,3,4,qmof-b1cbe7a,qmof-a2d95c3,0.0,,previous final-masked protocol distance
wide band gap insulating MOFs with low density,49,WeightedSum,3,5,qmof-b1cbe7a,qmof-8deddd1,0.0,,previous final-masked protocol distance
wide band gap insulating MOFs with low density,49,WeightedSum,4,5,qmof-a2d95c3,qmof-8deddd1,0.0,,previous final-masked protocol distance
wide band gap insulating MOFs with low density,50,GAT only,1,2,qmof-a2d95c3,qmof-175a5d9,0.0,,previous final-masked protocol distance
wide band gap insulating MOFs with low density,50,GAT only,1,3,qmof-a2d95c3,qmof-017128d,0.0,,previous final-masked protocol distance
wide band gap insulating MOFs with low density,50,GAT only,1,4,qmof-a2d95c3,qmof-e3dcc4d,0.0,,previous final-masked protocol distance
wide band gap insulating MOFs with low density,50,GAT only,1,5,qmof-a2d95c3,qmof-4050181,0.0,,previous final-masked protocol distance
wide band gap insulating MOFs with low density,50,GAT only,2,3,qmof-175a5d9,qmof-017128d,0.0,,previous final-masked protocol distance
wide band gap insulating MOFs with low density,50,GAT only,2,4,qmof-175a5d9,qmof-e3dcc4d,0.0,,previous final-masked protocol distance
wide band gap insulating MOFs with low density,50,GAT only,2,5,qmof-175a5d9,qmof-4050181,0.0,,previous final-masked protocol distance
wide band gap insulating MOFs with low density,50,GAT only,3,4,qmof-017128d,qmof-e3dcc4d,0.0,,previous final-masked protocol distance
wide band gap insulating MOFs with low density,50,GAT only,3,5,qmof-017128d,qmof-4050181,0.0,,previous final-masked protocol distance
wide band gap insulating MOFs with low density,50,GAT only,4,5,qmof-e3dcc4d,qmof-4050181,0.0,,previous final-masked protocol distance
wide band gap insulating MOFs with low density,50,GraphSAGE only,1,2,qmof-175a5d9,qmof-a2d95c3,0.0,,previous final-masked protocol distance
wide band gap insulating MOFs with low density,50,GraphSAGE only,1,3,qmof-175a5d9,qmof-8deddd1,0.0,,previous final-masked protocol distance
wide band gap insulating MOFs with low density,50,GraphSAGE only,1,4,qmof-175a5d9,qmof-b1cbe7a,0.0,,previous final-masked protocol distance
wide band gap insulating MOFs with low density,50,GraphSAGE only,1,5,qmof-175a5d9,qmof-4050181,0.0,,previous final-masked protocol distance
wide band gap insulating MOFs with low density,50,GraphSAGE only,2,3,qmof-a2d95c3,qmof-8deddd1,0.0,,previous final-masked protocol distance
wide band gap insulating MOFs with low density,50,GraphSAGE only,2,4,qmof-a2d95c3,qmof-b1cbe7a,0.0,,previous final-masked protocol distance
wide band gap insulating MOFs with low density,50,GraphSAGE only,2,5,qmof-a2d95c3,qmof-4050181,0.0,,previous final-masked protocol distance
wide band gap insulating MOFs with low density,50,GraphSAGE only,3,4,qmof-8deddd1,qmof-b1cbe7a,0.0,,previous final-masked protocol distance
wide band gap insulating MOFs with low density,50,GraphSAGE only,3,5,qmof-8deddd1,qmof-4050181,0.0,,previous final-masked protocol distance
wide band gap insulating MOFs with low density,50,GraphSAGE only,4,5,qmof-b1cbe7a,qmof-4050181,0.0,,previous final-masked protocol distance
wide band gap insulating MOFs with low density,50,LEA,1,2,qmof-e3dcc4d,qmof-3133aaf,0.0,,previous final-masked protocol distance
wide band gap insulating MOFs with low density,50,LEA,1,3,qmof-e3dcc4d,qmof-694fdb2,0.0,,previous final-masked protocol distance
wide band gap insulating MOFs with low density,50,LEA,1,4,qmof-e3dcc4d,qmof-4050181,0.0,,previous final-masked protocol distance
wide band gap insulating MOFs with low density,50,LEA,1,5,qmof-e3dcc4d,qmof-4f9c014,0.0,,previous final-masked protocol distance
wide band gap insulating MOFs with low density,50,LEA,2,3,qmof-3133aaf,qmof-694fdb2,0.0,,previous final-masked protocol distance
wide band gap insulating MOFs with low density,50,LEA,2,4,qmof-3133aaf,qmof-4050181,0.0,,previous final-masked protocol distance
wide band gap insulating MOFs with low density,50,LEA,2,5,qmof-3133aaf,qmof-4f9c014,0.0,,previous final-masked protocol distance
wide band gap insulating MOFs with low density,50,LEA,3,4,qmof-694fdb2,qmof-4050181,0.0,,previous final-masked protocol distance
wide band gap insulating MOFs with low density,50,LEA,3,5,qmof-694fdb2,qmof-4f9c014,0.0,,previous final-masked protocol distance
wide band gap insulating MOFs with low density,50,LEA,4,5,qmof-4050181,qmof-4f9c014,0.0,,previous final-masked protocol distance
wide band gap insulating MOFs with low density,50,LEA no diversity,1,2,qmof-e3dcc4d,qmof-3133aaf,0.0,,previous final-masked protocol distance
wide band gap insulating MOFs with low density,50,LEA no diversity,1,3,qmof-e3dcc4d,qmof-694fdb2,0.0,,previous final-masked protocol distance
wide band gap insulating MOFs with low density,50,LEA no diversity,1,4,qmof-e3dcc4d,qmof-4050181,0.0,,previous final-masked protocol distance
wide band gap insulating MOFs with low density,50,LEA no diversity,1,5,qmof-e3dcc4d,qmof-4f9c014,0.0,,previous final-masked protocol distance
wide band gap insulating MOFs with low density,50,LEA no diversity,2,3,qmof-3133aaf,qmof-694fdb2,0.0,,previous final-masked protocol distance
wide band gap insulating MOFs with low density,50,LEA no diversity,2,4,qmof-3133aaf,qmof-4050181,0.0,,previous final-masked protocol distance
wide band gap insulating MOFs with low density,50,LEA no diversity,2,5,qmof-3133aaf,qmof-4f9c014,0.0,,previous final-masked protocol distance
wide band gap insulating MOFs with low density,50,LEA no diversity,3,4,qmof-694fdb2,qmof-4050181,0.0,,previous final-masked protocol distance
wide band gap insulating MOFs with low density,50,LEA no diversity,3,5,qmof-694fdb2,qmof-4f9c014,0.0,,previous final-masked protocol distance
wide band gap insulating MOFs with low density,50,LEA no diversity,4,5,qmof-4050181,qmof-4f9c014,0.0,,previous final-masked protocol distance
wide band gap insulating MOFs with low density,50,LEA no self-cleaning,1,2,qmof-e3dcc4d,qmof-3133aaf,0.0,,previous final-masked protocol distance
wide band gap insulating MOFs with low density,50,LEA no self-cleaning,1,3,qmof-e3dcc4d,qmof-694fdb2,0.0,,previous final-masked protocol distance
wide band gap insulating MOFs with low density,50,LEA no self-cleaning,1,4,qmof-e3dcc4d,qmof-4050181,0.0,,previous final-masked protocol distance
wide band gap insulating MOFs with low density,50,LEA no self-cleaning,1,5,qmof-e3dcc4d,qmof-4f9c014,0.0,,previous final-masked protocol distance
wide band gap insulating MOFs with low density,50,LEA no self-cleaning,2,3,qmof-3133aaf,qmof-694fdb2,0.0,,previous final-masked protocol distance
wide band gap insulating MOFs with low density,50,LEA no self-cleaning,2,4,qmof-3133aaf,qmof-4050181,0.0,,previous final-masked protocol distance
wide band gap insulating MOFs with low density,50,LEA no self-cleaning,2,5,qmof-3133aaf,qmof-4f9c014,0.0,,previous final-masked protocol distance
wide band gap insulating MOFs with low density,50,LEA no self-cleaning,3,4,qmof-694fdb2,qmof-4050181,0.0,,previous final-masked protocol distance
wide band gap insulating MOFs with low density,50,LEA no self-cleaning,3,5,qmof-694fdb2,qmof-4f9c014,0.0,,previous final-masked protocol distance
wide band gap insulating MOFs with low density,50,LEA no self-cleaning,4,5,qmof-4050181,qmof-4f9c014,0.0,,previous final-masked protocol distance
wide band gap insulating MOFs with low density,50,LEA + GAT,1,2,qmof-a2d95c3,qmof-175a5d9,0.0,,previous final-masked protocol distance
wide band gap insulating MOFs with low density,50,LEA + GAT,1,3,qmof-a2d95c3,qmof-017128d,0.0,,previous final-masked protocol distance
wide band gap insulating MOFs with low density,50,LEA + GAT,1,4,qmof-a2d95c3,qmof-e3dcc4d,0.0,,previous final-masked protocol distance
wide band gap insulating MOFs with low density,50,LEA + GAT,1,5,qmof-a2d95c3,qmof-4050181,0.0,,previous final-masked protocol distance
wide band gap insulating MOFs with low density,50,LEA + GAT,2,3,qmof-175a5d9,qmof-017128d,0.0,,previous final-masked protocol distance
wide band gap insulating MOFs with low density,50,LEA + GAT,2,4,qmof-175a5d9,qmof-e3dcc4d,0.0,,previous final-masked protocol distance
wide band gap insulating MOFs with low density,50,LEA + GAT,2,5,qmof-175a5d9,qmof-4050181,0.0,,previous final-masked protocol distance
wide band gap insulating MOFs with low density,50,LEA + GAT,3,4,qmof-017128d,qmof-e3dcc4d,0.0,,previous final-masked protocol distance
wide band gap insulating MOFs with low density,50,LEA + GAT,3,5,qmof-017128d,qmof-4050181,0.0,,previous final-masked protocol distance
wide band gap insulating MOFs with low density,50,LEA + GAT,4,5,qmof-e3dcc4d,qmof-4050181,0.0,,previous final-masked protocol distance
wide band gap insulating MOFs with low density,50,LEA + GraphSAGE,1,2,qmof-175a5d9,qmof-a2d95c3,0.0,,previous final-masked protocol distance
wide band gap insulating MOFs with low density,50,LEA + GraphSAGE,1,3,qmof-175a5d9,qmof-8deddd1,0.0,,previous final-masked protocol distance
wide band gap insulating MOFs with low density,50,LEA + GraphSAGE,1,4,qmof-175a5d9,qmof-b1cbe7a,0.0,,previous final-masked protocol distance
wide band gap insulating MOFs with low density,50,LEA + GraphSAGE,1,5,qmof-175a5d9,qmof-4050181,0.0,,previous final-masked protocol distance
wide band gap insulating MOFs with low density,50,LEA + GraphSAGE,2,3,qmof-a2d95c3,qmof-8deddd1,0.0,,previous final-masked protocol distance
wide band gap insulating MOFs with low density,50,LEA + GraphSAGE,2,4,qmof-a2d95c3,qmof-b1cbe7a,0.0,,previous final-masked protocol distance
wide band gap insulating MOFs with low density,50,LEA + GraphSAGE,2,5,qmof-a2d95c3,qmof-4050181,0.0,,previous final-masked protocol distance
wide band gap insulating MOFs with low density,50,LEA + GraphSAGE,3,4,qmof-8deddd1,qmof-b1cbe7a,0.0,,previous final-masked protocol distance
wide band gap insulating MOFs with low density,50,LEA + GraphSAGE,3,5,qmof-8deddd1,qmof-4050181,0.0,,previous final-masked protocol distance
wide band gap insulating MOFs with low density,50,LEA + GraphSAGE,4,5,qmof-b1cbe7a,qmof-4050181,0.0,,previous final-masked protocol distance
wide band gap insulating MOFs with low density,50,MMR,1,2,qmof-017128d,qmof-b1cbe7a,0.0,,previous final-masked protocol distance
wide band gap insulating MOFs with low density,50,MMR,1,3,qmof-017128d,qmof-8deddd1,0.0,,previous final-masked protocol distance
wide band gap insulating MOFs with low density,50,MMR,1,4,qmof-017128d,qmof-19d3c65,0.0,,previous final-masked protocol distance
wide band gap insulating MOFs with low density,50,MMR,1,5,qmof-017128d,qmof-c82daac,0.0,,previous final-masked protocol distance
wide band gap insulating MOFs with low density,50,MMR,2,3,qmof-b1cbe7a,qmof-8deddd1,0.0,,previous final-masked protocol distance
wide band gap insulating MOFs with low density,50,MMR,2,4,qmof-b1cbe7a,qmof-19d3c65,0.0,,previous final-masked protocol distance
wide band gap insulating MOFs with low density,50,MMR,2,5,qmof-b1cbe7a,qmof-c82daac,0.0,,previous final-masked protocol distance
wide band gap insulating MOFs with low density,50,MMR,3,4,qmof-8deddd1,qmof-19d3c65,0.0,,previous final-masked protocol distance
wide band gap insulating MOFs with low density,50,MMR,3,5,qmof-8deddd1,qmof-c82daac,0.0,,previous final-masked protocol distance
wide band gap insulating MOFs with low density,50,MMR,4,5,qmof-19d3c65,qmof-c82daac,0.0,,previous final-masked protocol distance
wide band gap insulating MOFs with low density,50,ParetoCrowding,1,2,qmof-e3dcc4d,qmof-c82daac,0.0,,previous final-masked protocol distance
wide band gap insulating MOFs with low density,50,ParetoCrowding,1,3,qmof-e3dcc4d,qmof-b1cbe7a,0.0,,previous final-masked protocol distance
wide band gap insulating MOFs with low density,50,ParetoCrowding,1,4,qmof-e3dcc4d,qmof-a2d95c3,0.0,,previous final-masked protocol distance
wide band gap insulating MOFs with low density,50,ParetoCrowding,1,5,qmof-e3dcc4d,qmof-8deddd1,0.0,,previous final-masked protocol distance
wide band gap insulating MOFs with low density,50,ParetoCrowding,2,3,qmof-c82daac,qmof-b1cbe7a,0.0,,previous final-masked protocol distance
wide band gap insulating MOFs with low density,50,ParetoCrowding,2,4,qmof-c82daac,qmof-a2d95c3,0.0,,previous final-masked protocol distance
wide band gap insulating MOFs with low density,50,ParetoCrowding,2,5,qmof-c82daac,qmof-8deddd1,0.0,,previous final-masked protocol distance
wide band gap insulating MOFs with low density,50,ParetoCrowding,3,4,qmof-b1cbe7a,qmof-a2d95c3,0.0,,previous final-masked protocol distance
wide band gap insulating MOFs with low density,50,ParetoCrowding,3,5,qmof-b1cbe7a,qmof-8deddd1,0.0,,previous final-masked protocol distance
wide band gap insulating MOFs with low density,50,ParetoCrowding,4,5,qmof-a2d95c3,qmof-8deddd1,0.0,,previous final-masked protocol distance
wide band gap insulating MOFs with low density,50,Random,1,2,qmof-8df56c1,qmof-1e98fe6,0.0,,previous final-masked protocol distance
wide band gap insulating MOFs with low density,50,Random,1,3,qmof-8df56c1,qmof-a2d95c3,0.21213203435596428,,previous final-masked protocol distance
wide band gap insulating MOFs with low density,50,Random,1,4,qmof-8df56c1,qmof-310fe8a,0.0,,previous final-masked protocol distance
wide band gap insulating MOFs with low density,50,Random,1,5,qmof-8df56c1,qmof-8deddd1,0.21213203435596428,,previous final-masked protocol distance
wide band gap insulating MOFs with low density,50,Random,2,3,qmof-1e98fe6,qmof-a2d95c3,0.21213203435596428,,previous final-masked protocol distance
wide band gap insulating MOFs with low density,50,Random,2,4,qmof-1e98fe6,qmof-310fe8a,0.0,,previous final-masked protocol distance
wide band gap insulating MOFs with low density,50,Random,2,5,qmof-1e98fe6,qmof-8deddd1,0.21213203435596428,,previous final-masked protocol distance
wide band gap insulating MOFs with low density,50,Random,3,4,qmof-a2d95c3,qmof-310fe8a,0.21213203435596428,,previous final-masked protocol distance
wide band gap insulating MOFs with low density,50,Random,3,5,qmof-a2d95c3,qmof-8deddd1,0.0,,previous final-masked protocol distance
wide band gap insulating MOFs with low density,50,Random,4,5,qmof-310fe8a,qmof-8deddd1,0.21213203435596428,,previous final-masked protocol distance
wide band gap insulating MOFs with low density,50,SemanticOnly,1,2,qmof-fe49acf,qmof-f730251,0.0,,previous final-masked protocol distance
wide band gap insulating MOFs with low density,50,SemanticOnly,1,3,qmof-fe49acf,qmof-f69b853,0.0,,previous final-masked protocol distance
wide band gap insulating MOFs with low density,50,SemanticOnly,1,4,qmof-fe49acf,qmof-f360972,0.0,,previous final-masked protocol distance
wide band gap insulating MOFs with low density,50,SemanticOnly,1,5,qmof-fe49acf,qmof-f24dae1,0.0,,previous final-masked protocol distance
wide band gap insulating MOFs with low density,50,SemanticOnly,2,3,qmof-f730251,qmof-f69b853,0.0,,previous final-masked protocol distance
wide band gap insulating MOFs with low density,50,SemanticOnly,2,4,qmof-f730251,qmof-f360972,0.0,,previous final-masked protocol distance
wide band gap insulating MOFs with low density,50,SemanticOnly,2,5,qmof-f730251,qmof-f24dae1,0.0,,previous final-masked protocol distance
wide band gap insulating MOFs with low density,50,SemanticOnly,3,4,qmof-f69b853,qmof-f360972,0.0,,previous final-masked protocol distance
wide band gap insulating MOFs with low density,50,SemanticOnly,3,5,qmof-f69b853,qmof-f24dae1,0.0,,previous final-masked protocol distance
wide band gap insulating MOFs with low density,50,SemanticOnly,4,5,qmof-f360972,qmof-f24dae1,0.0,,previous final-masked protocol distance
wide band gap insulating MOFs with low density,50,TOPSIS,1,2,qmof-e3dcc4d,qmof-c82daac,0.0,,previous final-masked protocol distance
wide band gap insulating MOFs with low density,50,TOPSIS,1,3,qmof-e3dcc4d,qmof-b1cbe7a,0.0,,previous final-masked protocol distance
wide band gap insulating MOFs with low density,50,TOPSIS,1,4,qmof-e3dcc4d,qmof-a2d95c3,0.0,,previous final-masked protocol distance
wide band gap insulating MOFs with low density,50,TOPSIS,1,5,qmof-e3dcc4d,qmof-8deddd1,0.0,,previous final-masked protocol distance
wide band gap insulating MOFs with low density,50,TOPSIS,2,3,qmof-c82daac,qmof-b1cbe7a,0.0,,previous final-masked protocol distance
wide band gap insulating MOFs with low density,50,TOPSIS,2,4,qmof-c82daac,qmof-a2d95c3,0.0,,previous final-masked protocol distance
wide band gap insulating MOFs with low density,50,TOPSIS,2,5,qmof-c82daac,qmof-8deddd1,0.0,,previous final-masked protocol distance
wide band gap insulating MOFs with low density,50,TOPSIS,3,4,qmof-b1cbe7a,qmof-a2d95c3,0.0,,previous final-masked protocol distance
wide band gap insulating MOFs with low density,50,TOPSIS,3,5,qmof-b1cbe7a,qmof-8deddd1,0.0,,previous final-masked protocol distance
wide band gap insulating MOFs with low density,50,TOPSIS,4,5,qmof-a2d95c3,qmof-8deddd1,0.0,,previous final-masked protocol distance
wide band gap insulating MOFs with low density,50,WeightedSum,1,2,qmof-e3dcc4d,qmof-c82daac,0.0,,previous final-masked protocol distance
wide band gap insulating MOFs with low density,50,WeightedSum,1,3,qmof-e3dcc4d,qmof-b1cbe7a,0.0,,previous final-masked protocol distance
wide band gap insulating MOFs with low density,50,WeightedSum,1,4,qmof-e3dcc4d,qmof-a2d95c3,0.0,,previous final-masked protocol distance
wide band gap insulating MOFs with low density,50,WeightedSum,1,5,qmof-e3dcc4d,qmof-8deddd1,0.0,,previous final-masked protocol distance
wide band gap insulating MOFs with low density,50,WeightedSum,2,3,qmof-c82daac,qmof-b1cbe7a,0.0,,previous final-masked protocol distance
wide band gap insulating MOFs with low density,50,WeightedSum,2,4,qmof-c82daac,qmof-a2d95c3,0.0,,previous final-masked protocol distance
wide band gap insulating MOFs with low density,50,WeightedSum,2,5,qmof-c82daac,qmof-8deddd1,0.0,,previous final-masked protocol distance
wide band gap insulating MOFs with low density,50,WeightedSum,3,4,qmof-b1cbe7a,qmof-a2d95c3,0.0,,previous final-masked protocol distance
wide band gap insulating MOFs with low density,50,WeightedSum,3,5,qmof-b1cbe7a,qmof-8deddd1,0.0,,previous final-masked protocol distance
wide band gap insulating MOFs with low density,50,WeightedSum,4,5,qmof-a2d95c3,qmof-8deddd1,0.0,,previous final-masked protocol distance
wide band gap insulating MOFs with low density,51,GAT only,1,2,qmof-a2d95c3,qmof-175a5d9,0.0,,previous final-masked protocol distance
wide band gap insulating MOFs with low density,51,GAT only,1,3,qmof-a2d95c3,qmof-017128d,0.0,,previous final-masked protocol distance
wide band gap insulating MOFs with low density,51,GAT only,1,4,qmof-a2d95c3,qmof-e3dcc4d,0.0,,previous final-masked protocol distance
wide band gap insulating MOFs with low density,51,GAT only,1,5,qmof-a2d95c3,qmof-4050181,0.0,,previous final-masked protocol distance
wide band gap insulating MOFs with low density,51,GAT only,2,3,qmof-175a5d9,qmof-017128d,0.0,,previous final-masked protocol distance
wide band gap insulating MOFs with low density,51,GAT only,2,4,qmof-175a5d9,qmof-e3dcc4d,0.0,,previous final-masked protocol distance
wide band gap insulating MOFs with low density,51,GAT only,2,5,qmof-175a5d9,qmof-4050181,0.0,,previous final-masked protocol distance
wide band gap insulating MOFs with low density,51,GAT only,3,4,qmof-017128d,qmof-e3dcc4d,0.0,,previous final-masked protocol distance
wide band gap insulating MOFs with low density,51,GAT only,3,5,qmof-017128d,qmof-4050181,0.0,,previous final-masked protocol distance
wide band gap insulating MOFs with low density,51,GAT only,4,5,qmof-e3dcc4d,qmof-4050181,0.0,,previous final-masked protocol distance
wide band gap insulating MOFs with low density,51,GraphSAGE only,1,2,qmof-175a5d9,qmof-a2d95c3,0.0,,previous final-masked protocol distance
wide band gap insulating MOFs with low density,51,GraphSAGE only,1,3,qmof-175a5d9,qmof-8deddd1,0.0,,previous final-masked protocol distance
wide band gap insulating MOFs with low density,51,GraphSAGE only,1,4,qmof-175a5d9,qmof-b1cbe7a,0.0,,previous final-masked protocol distance
wide band gap insulating MOFs with low density,51,GraphSAGE only,1,5,qmof-175a5d9,qmof-4050181,0.0,,previous final-masked protocol distance
wide band gap insulating MOFs with low density,51,GraphSAGE only,2,3,qmof-a2d95c3,qmof-8deddd1,0.0,,previous final-masked protocol distance
wide band gap insulating MOFs with low density,51,GraphSAGE only,2,4,qmof-a2d95c3,qmof-b1cbe7a,0.0,,previous final-masked protocol distance
wide band gap insulating MOFs with low density,51,GraphSAGE only,2,5,qmof-a2d95c3,qmof-4050181,0.0,,previous final-masked protocol distance
wide band gap insulating MOFs with low density,51,GraphSAGE only,3,4,qmof-8deddd1,qmof-b1cbe7a,0.0,,previous final-masked protocol distance
wide band gap insulating MOFs with low density,51,GraphSAGE only,3,5,qmof-8deddd1,qmof-4050181,0.0,,previous final-masked protocol distance
wide band gap insulating MOFs with low density,51,GraphSAGE only,4,5,qmof-b1cbe7a,qmof-4050181,0.0,,previous final-masked protocol distance
wide band gap insulating MOFs with low density,51,LEA,1,2,qmof-4f9c014,qmof-4050181,0.0,,previous final-masked protocol distance
wide band gap insulating MOFs with low density,51,LEA,1,3,qmof-4f9c014,qmof-8deddd1,0.0,,previous final-masked protocol distance
wide band gap insulating MOFs with low density,51,LEA,1,4,qmof-4f9c014,qmof-694fdb2,0.0,,previous final-masked protocol distance
wide band gap insulating MOFs with low density,51,LEA,1,5,qmof-4f9c014,qmof-a2d95c3,0.0,,previous final-masked protocol distance
wide band gap insulating MOFs with low density,51,LEA,2,3,qmof-4050181,qmof-8deddd1,0.0,,previous final-masked protocol distance
wide band gap insulating MOFs with low density,51,LEA,2,4,qmof-4050181,qmof-694fdb2,0.0,,previous final-masked protocol distance
wide band gap insulating MOFs with low density,51,LEA,2,5,qmof-4050181,qmof-a2d95c3,0.0,,previous final-masked protocol distance
wide band gap insulating MOFs with low density,51,LEA,3,4,qmof-8deddd1,qmof-694fdb2,0.0,,previous final-masked protocol distance
wide band gap insulating MOFs with low density,51,LEA,3,5,qmof-8deddd1,qmof-a2d95c3,0.0,,previous final-masked protocol distance
wide band gap insulating MOFs with low density,51,LEA,4,5,qmof-694fdb2,qmof-a2d95c3,0.0,,previous final-masked protocol distance
wide band gap insulating MOFs with low density,51,LEA no diversity,1,2,qmof-4f9c014,qmof-4050181,0.0,,previous final-masked protocol distance
wide band gap insulating MOFs with low density,51,LEA no diversity,1,3,qmof-4f9c014,qmof-8deddd1,0.0,,previous final-masked protocol distance
wide band gap insulating MOFs with low density,51,LEA no diversity,1,4,qmof-4f9c014,qmof-694fdb2,0.0,,previous final-masked protocol distance
wide band gap insulating MOFs with low density,51,LEA no diversity,1,5,qmof-4f9c014,qmof-a2d95c3,0.0,,previous final-masked protocol distance
wide band gap insulating MOFs with low density,51,LEA no diversity,2,3,qmof-4050181,qmof-8deddd1,0.0,,previous final-masked protocol distance
wide band gap insulating MOFs with low density,51,LEA no diversity,2,4,qmof-4050181,qmof-694fdb2,0.0,,previous final-masked protocol distance
wide band gap insulating MOFs with low density,51,LEA no diversity,2,5,qmof-4050181,qmof-a2d95c3,0.0,,previous final-masked protocol distance
wide band gap insulating MOFs with low density,51,LEA no diversity,3,4,qmof-8deddd1,qmof-694fdb2,0.0,,previous final-masked protocol distance
wide band gap insulating MOFs with low density,51,LEA no diversity,3,5,qmof-8deddd1,qmof-a2d95c3,0.0,,previous final-masked protocol distance
wide band gap insulating MOFs with low density,51,LEA no diversity,4,5,qmof-694fdb2,qmof-a2d95c3,0.0,,previous final-masked protocol distance
wide band gap insulating MOFs with low density,51,LEA no self-cleaning,1,2,qmof-4f9c014,qmof-4050181,0.0,,previous final-masked protocol distance
wide band gap insulating MOFs with low density,51,LEA no self-cleaning,1,3,qmof-4f9c014,qmof-8deddd1,0.0,,previous final-masked protocol distance
wide band gap insulating MOFs with low density,51,LEA no self-cleaning,1,4,qmof-4f9c014,qmof-694fdb2,0.0,,previous final-masked protocol distance
wide band gap insulating MOFs with low density,51,LEA no self-cleaning,1,5,qmof-4f9c014,qmof-a2d95c3,0.0,,previous final-masked protocol distance
wide band gap insulating MOFs with low density,51,LEA no self-cleaning,2,3,qmof-4050181,qmof-8deddd1,0.0,,previous final-masked protocol distance
wide band gap insulating MOFs with low density,51,LEA no self-cleaning,2,4,qmof-4050181,qmof-694fdb2,0.0,,previous final-masked protocol distance
wide band gap insulating MOFs with low density,51,LEA no self-cleaning,2,5,qmof-4050181,qmof-a2d95c3,0.0,,previous final-masked protocol distance
wide band gap insulating MOFs with low density,51,LEA no self-cleaning,3,4,qmof-8deddd1,qmof-694fdb2,0.0,,previous final-masked protocol distance
wide band gap insulating MOFs with low density,51,LEA no self-cleaning,3,5,qmof-8deddd1,qmof-a2d95c3,0.0,,previous final-masked protocol distance
wide band gap insulating MOFs with low density,51,LEA no self-cleaning,4,5,qmof-694fdb2,qmof-a2d95c3,0.0,,previous final-masked protocol distance
wide band gap insulating MOFs with low density,51,LEA + GAT,1,2,qmof-a2d95c3,qmof-175a5d9,0.0,,previous final-masked protocol distance
wide band gap insulating MOFs with low density,51,LEA + GAT,1,3,qmof-a2d95c3,qmof-017128d,0.0,,previous final-masked protocol distance
wide band gap insulating MOFs with low density,51,LEA + GAT,1,4,qmof-a2d95c3,qmof-e3dcc4d,0.0,,previous final-masked protocol distance
wide band gap insulating MOFs with low density,51,LEA + GAT,1,5,qmof-a2d95c3,qmof-4050181,0.0,,previous final-masked protocol distance
wide band gap insulating MOFs with low density,51,LEA + GAT,2,3,qmof-175a5d9,qmof-017128d,0.0,,previous final-masked protocol distance
wide band gap insulating MOFs with low density,51,LEA + GAT,2,4,qmof-175a5d9,qmof-e3dcc4d,0.0,,previous final-masked protocol distance
wide band gap insulating MOFs with low density,51,LEA + GAT,2,5,qmof-175a5d9,qmof-4050181,0.0,,previous final-masked protocol distance
wide band gap insulating MOFs with low density,51,LEA + GAT,3,4,qmof-017128d,qmof-e3dcc4d,0.0,,previous final-masked protocol distance
wide band gap insulating MOFs with low density,51,LEA + GAT,3,5,qmof-017128d,qmof-4050181,0.0,,previous final-masked protocol distance
wide band gap insulating MOFs with low density,51,LEA + GAT,4,5,qmof-e3dcc4d,qmof-4050181,0.0,,previous final-masked protocol distance
wide band gap insulating MOFs with low density,51,LEA + GraphSAGE,1,2,qmof-175a5d9,qmof-a2d95c3,0.0,,previous final-masked protocol distance
wide band gap insulating MOFs with low density,51,LEA + GraphSAGE,1,3,qmof-175a5d9,qmof-8deddd1,0.0,,previous final-masked protocol distance
wide band gap insulating MOFs with low density,51,LEA + GraphSAGE,1,4,qmof-175a5d9,qmof-b1cbe7a,0.0,,previous final-masked protocol distance
wide band gap insulating MOFs with low density,51,LEA + GraphSAGE,1,5,qmof-175a5d9,qmof-4050181,0.0,,previous final-masked protocol distance
wide band gap insulating MOFs with low density,51,LEA + GraphSAGE,2,3,qmof-a2d95c3,qmof-8deddd1,0.0,,previous final-masked protocol distance
wide band gap insulating MOFs with low density,51,LEA + GraphSAGE,2,4,qmof-a2d95c3,qmof-b1cbe7a,0.0,,previous final-masked protocol distance
wide band gap insulating MOFs with low density,51,LEA + GraphSAGE,2,5,qmof-a2d95c3,qmof-4050181,0.0,,previous final-masked protocol distance
wide band gap insulating MOFs with low density,51,LEA + GraphSAGE,3,4,qmof-8deddd1,qmof-b1cbe7a,0.0,,previous final-masked protocol distance
wide band gap insulating MOFs with low density,51,LEA + GraphSAGE,3,5,qmof-8deddd1,qmof-4050181,0.0,,previous final-masked protocol distance
wide band gap insulating MOFs with low density,51,LEA + GraphSAGE,4,5,qmof-b1cbe7a,qmof-4050181,0.0,,previous final-masked protocol distance
wide band gap insulating MOFs with low density,51,MMR,1,2,qmof-175a5d9,qmof-19d3c65,0.0,,previous final-masked protocol distance
wide band gap insulating MOFs with low density,51,MMR,1,3,qmof-175a5d9,qmof-017128d,0.0,,previous final-masked protocol distance
wide band gap insulating MOFs with low density,51,MMR,1,4,qmof-175a5d9,qmof-c82daac,0.0,,previous final-masked protocol distance
wide band gap insulating MOFs with low density,51,MMR,1,5,qmof-175a5d9,qmof-b1cbe7a,0.0,,previous final-masked protocol distance
wide band gap insulating MOFs with low density,51,MMR,2,3,qmof-19d3c65,qmof-017128d,0.0,,previous final-masked protocol distance
wide band gap insulating MOFs with low density,51,MMR,2,4,qmof-19d3c65,qmof-c82daac,0.0,,previous final-masked protocol distance
wide band gap insulating MOFs with low density,51,MMR,2,5,qmof-19d3c65,qmof-b1cbe7a,0.0,,previous final-masked protocol distance
wide band gap insulating MOFs with low density,51,MMR,3,4,qmof-017128d,qmof-c82daac,0.0,,previous final-masked protocol distance
wide band gap insulating MOFs with low density,51,MMR,3,5,qmof-017128d,qmof-b1cbe7a,0.0,,previous final-masked protocol distance
wide band gap insulating MOFs with low density,51,MMR,4,5,qmof-c82daac,qmof-b1cbe7a,0.0,,previous final-masked protocol distance
wide band gap insulating MOFs with low density,51,ParetoCrowding,1,2,qmof-e3dcc4d,qmof-c82daac,0.0,,previous final-masked protocol distance
wide band gap insulating MOFs with low density,51,ParetoCrowding,1,3,qmof-e3dcc4d,qmof-b1cbe7a,0.0,,previous final-masked protocol distance
wide band gap insulating MOFs with low density,51,ParetoCrowding,1,4,qmof-e3dcc4d,qmof-a2d95c3,0.0,,previous final-masked protocol distance
wide band gap insulating MOFs with low density,51,ParetoCrowding,1,5,qmof-e3dcc4d,qmof-8deddd1,0.0,,previous final-masked protocol distance
wide band gap insulating MOFs with low density,51,ParetoCrowding,2,3,qmof-c82daac,qmof-b1cbe7a,0.0,,previous final-masked protocol distance
wide band gap insulating MOFs with low density,51,ParetoCrowding,2,4,qmof-c82daac,qmof-a2d95c3,0.0,,previous final-masked protocol distance
wide band gap insulating MOFs with low density,51,ParetoCrowding,2,5,qmof-c82daac,qmof-8deddd1,0.0,,previous final-masked protocol distance
wide band gap insulating MOFs with low density,51,ParetoCrowding,3,4,qmof-b1cbe7a,qmof-a2d95c3,0.0,,previous final-masked protocol distance
wide band gap insulating MOFs with low density,51,ParetoCrowding,3,5,qmof-b1cbe7a,qmof-8deddd1,0.0,,previous final-masked protocol distance
wide band gap insulating MOFs with low density,51,ParetoCrowding,4,5,qmof-a2d95c3,qmof-8deddd1,0.0,,previous final-masked protocol distance
wide band gap insulating MOFs with low density,51,Random,1,2,qmof-1102a03,qmof-017128d,0.21213203435596428,,previous final-masked protocol distance
wide band gap insulating MOFs with low density,51,Random,1,3,qmof-1102a03,qmof-f689494,0.0,,previous final-masked protocol distance
wide band gap insulating MOFs with low density,51,Random,1,4,qmof-1102a03,qmof-ba852ff,0.0,,previous final-masked protocol distance
wide band gap insulating MOFs with low density,51,Random,1,5,qmof-1102a03,qmof-94dd3be,0.0,,previous final-masked protocol distance
wide band gap insulating MOFs with low density,51,Random,2,3,qmof-017128d,qmof-f689494,0.21213203435596428,,previous final-masked protocol distance
wide band gap insulating MOFs with low density,51,Random,2,4,qmof-017128d,qmof-ba852ff,0.21213203435596428,,previous final-masked protocol distance
wide band gap insulating MOFs with low density,51,Random,2,5,qmof-017128d,qmof-94dd3be,0.21213203435596428,,previous final-masked protocol distance
wide band gap insulating MOFs with low density,51,Random,3,4,qmof-f689494,qmof-ba852ff,0.0,,previous final-masked protocol distance
wide band gap insulating MOFs with low density,51,Random,3,5,qmof-f689494,qmof-94dd3be,0.0,,previous final-masked protocol distance
wide band gap insulating MOFs with low density,51,Random,4,5,qmof-ba852ff,qmof-94dd3be,0.0,,previous final-masked protocol distance
wide band gap insulating MOFs with low density,51,SemanticOnly,1,2,qmof-f96785a,qmof-f6f314a,0.0,,previous final-masked protocol distance
wide band gap insulating MOFs with low density,51,SemanticOnly,1,3,qmof-f96785a,qmof-f689494,0.0,,previous final-masked protocol distance
wide band gap insulating MOFs with low density,51,SemanticOnly,1,4,qmof-f96785a,qmof-f441841,0.0,,previous final-masked protocol distance
wide band gap insulating MOFs with low density,51,SemanticOnly,1,5,qmof-f96785a,qmof-f32cf71,0.0,,previous final-masked protocol distance
wide band gap insulating MOFs with low density,51,SemanticOnly,2,3,qmof-f6f314a,qmof-f689494,0.0,,previous final-masked protocol distance
wide band gap insulating MOFs with low density,51,SemanticOnly,2,4,qmof-f6f314a,qmof-f441841,0.0,,previous final-masked protocol distance
wide band gap insulating MOFs with low density,51,SemanticOnly,2,5,qmof-f6f314a,qmof-f32cf71,0.0,,previous final-masked protocol distance
wide band gap insulating MOFs with low density,51,SemanticOnly,3,4,qmof-f689494,qmof-f441841,0.0,,previous final-masked protocol distance
wide band gap insulating MOFs with low density,51,SemanticOnly,3,5,qmof-f689494,qmof-f32cf71,0.0,,previous final-masked protocol distance
wide band gap insulating MOFs with low density,51,SemanticOnly,4,5,qmof-f441841,qmof-f32cf71,0.0,,previous final-masked protocol distance
wide band gap insulating MOFs with low density,51,TOPSIS,1,2,qmof-e3dcc4d,qmof-c82daac,0.0,,previous final-masked protocol distance
wide band gap insulating MOFs with low density,51,TOPSIS,1,3,qmof-e3dcc4d,qmof-b1cbe7a,0.0,,previous final-masked protocol distance
wide band gap insulating MOFs with low density,51,TOPSIS,1,4,qmof-e3dcc4d,qmof-a2d95c3,0.0,,previous final-masked protocol distance
wide band gap insulating MOFs with low density,51,TOPSIS,1,5,qmof-e3dcc4d,qmof-8deddd1,0.0,,previous final-masked protocol distance
wide band gap insulating MOFs with low density,51,TOPSIS,2,3,qmof-c82daac,qmof-b1cbe7a,0.0,,previous final-masked protocol distance
wide band gap insulating MOFs with low density,51,TOPSIS,2,4,qmof-c82daac,qmof-a2d95c3,0.0,,previous final-masked protocol distance
wide band gap insulating MOFs with low density,51,TOPSIS,2,5,qmof-c82daac,qmof-8deddd1,0.0,,previous final-masked protocol distance
wide band gap insulating MOFs with low density,51,TOPSIS,3,4,qmof-b1cbe7a,qmof-a2d95c3,0.0,,previous final-masked protocol distance
wide band gap insulating MOFs with low density,51,TOPSIS,3,5,qmof-b1cbe7a,qmof-8deddd1,0.0,,previous final-masked protocol distance
wide band gap insulating MOFs with low density,51,TOPSIS,4,5,qmof-a2d95c3,qmof-8deddd1,0.0,,previous final-masked protocol distance
wide band gap insulating MOFs with low density,51,WeightedSum,1,2,qmof-e3dcc4d,qmof-c82daac,0.0,,previous final-masked protocol distance
wide band gap insulating MOFs with low density,51,WeightedSum,1,3,qmof-e3dcc4d,qmof-b1cbe7a,0.0,,previous final-masked protocol distance
wide band gap insulating MOFs with low density,51,WeightedSum,1,4,qmof-e3dcc4d,qmof-a2d95c3,0.0,,previous final-masked protocol distance
wide band gap insulating MOFs with low density,51,WeightedSum,1,5,qmof-e3dcc4d,qmof-8deddd1,0.0,,previous final-masked protocol distance
wide band gap insulating MOFs with low density,51,WeightedSum,2,3,qmof-c82daac,qmof-b1cbe7a,0.0,,previous final-masked protocol distance
wide band gap insulating MOFs with low density,51,WeightedSum,2,4,qmof-c82daac,qmof-a2d95c3,0.0,,previous final-masked protocol distance
wide band gap insulating MOFs with low density,51,WeightedSum,2,5,qmof-c82daac,qmof-8deddd1,0.0,,previous final-masked protocol distance
wide band gap insulating MOFs with low density,51,WeightedSum,3,4,qmof-b1cbe7a,qmof-a2d95c3,0.0,,previous final-masked protocol distance
wide band gap insulating MOFs with low density,51,WeightedSum,3,5,qmof-b1cbe7a,qmof-8deddd1,0.0,,previous final-masked protocol distance
wide band gap insulating MOFs with low density,51,WeightedSum,4,5,qmof-a2d95c3,qmof-8deddd1,0.0,,previous final-masked protocol distance
